Administrative,Administrative_Duration,Informational,Informational_Duration,ProductRelated,ProductRelated_Duration,BounceRates,ExitRates,PageValues,SpecialDay,Month,OperatingSystems,Browser,Region,TrafficType,VisitorType,Weekend,Revenue
0.30100644,14.193587,-0.009320758,0.35500902,12.1037655,285.1665,0.03353482,0.06570513,0.029614173,0.001915543,May,3,2,1,3,Returning_Visitor,False,False
0.5614729,27.387901,0.07976527,4.497053,14.399792,571.237,0.022916969,0.05453703,0.058614455,0.00019989783,Dec,2,2,6,2,Returning_Visitor,False,False
11.1380625,170.80437,0.6312739,21.03979,33.8306,1234.4146,0.003442887,0.017269697,3.7065086,-0.0006476504,Oct,2,2,1,2,Returning_Visitor,False,False
1.5234956,28.69809,0.010327823,4.7318707,21.639357,718.5789,0.0069019827,0.025057025,0.033411227,1.6088285e-05,Nov,1,1,1,2,Returning_Visitor,False,False
1.4236351,23.151604,-0.001403175,8.188726,23.735615,1051.8501,0.010288907,0.03745676,0.021864139,0.0013736548,Mar,2,2,8,1,Returning_Visitor,False,False
0.11176694,-0.77504784,0.00093493646,0.8275127,2.0606675,9.358105,0.19165052,0.19670783,-0.020619668,0.0019458147,Dec,1,1,1,3,Returning_Visitor,False,False
3.503701,75.78984,0.0012164194,3.1456451,22.712452,902.3231,0.00014731254,0.01198021,0.91460055,0.0010806384,Mar,2,2,3,2,New_Visitor,False,False
4.835214,303.46225,2.7369833,106.60602,39.698124,1170.0864,0.013973378,0.03085396,0.07690545,0.00039384761,Dec,3,2,1,1,Returning_Visitor,False,False
1.316161,32.433002,0.06451965,7.7417603,22.847263,836.7859,0.0056012548,0.03218249,0.5502545,0.00043370077,Nov,2,2,2,2,Returning_Visitor,False,False
0.74808836,15.885009,-0.0045423727,1.6201838,17.361265,504.60913,0.0051199957,0.031854454,0.025139533,0.004219389,May,2,4,3,3,Returning_Visitor,False,False
0.029433377,1.0388942,-0.014406048,-0.16329391,16.637072,347.466,0.022998327,0.05743522,0.010354243,0.6196562,May,2,2,1,3,Returning_Visitor,False,False
0.25173748,1.2603526,-0.0072416286,-0.63109404,27.886114,789.68634,0.024517262,0.050658315,0.8526079,0.0007503356,Jul,3,2,7,1,Returning_Visitor,True,False
1.445753,24.132824,-0.0074528675,-0.026506498,17.418913,486.10095,0.011556438,0.035905305,0.09647914,0.0007985967,May,3,2,3,4,Returning_Visitor,True,False
1.103766,40.454704,-0.008722447,0.19313233,9.362827,406.36694,0.0019120608,0.040201366,0.50306195,0.0016123863,May,1,1,4,2,Returning_Visitor,True,False
1.5907925,17.31665,-0.008301221,-0.42096525,33.381153,1287.5791,0.0035142542,0.024222828,0.08838578,0.0009824546,Sep,2,2,7,1,Returning_Visitor,False,False
2.2100954,62.548256,0.56496555,23.74856,33.30684,1216.5642,0.0055650636,0.018186333,0.20152684,0.000444899,Nov,3,2,4,2,Returning_Visitor,True,False
0.0045853923,-0.7057958,-0.0013364773,0.44007677,1.4953332,9.309399,0.19221169,0.19703002,-0.005949773,0.0019231538,Dec,2,2,1,1,Returning_Visitor,False,False
0.87252414,11.187285,0.027640887,2.8414078,21.951727,979.5258,0.012988052,0.042796806,0.69188756,-0.00039628646,Nov,2,2,3,1,Returning_Visitor,False,False
0.015658028,-0.59115654,-0.00097592885,0.21705048,2.1563401,17.92036,0.17250553,0.18666467,-0.008357324,0.0018841798,Mar,3,2,1,1,Returning_Visitor,False,False
2.738759,92.631294,0.03688962,19.53271,9.120098,305.7417,0.0017860193,0.036811586,0.1853096,-0.0006085572,Oct,3,2,1,5,Returning_Visitor,False,False
0.95009327,8.852332,-0.0070352773,-0.3084584,99.678444,3624.871,0.007707386,0.02167468,2.3057745,0.00042471164,Nov,2,2,1,1,Returning_Visitor,False,False
2.1488583,58.667953,2.699065,100.68044,89.14739,3233.904,0.005677461,0.02445543,0.61347264,-0.00014952695,Nov,2,2,1,2,Returning_Visitor,True,False
0.7309861,12.168281,-0.011102639,6.2598343,14.811121,546.8463,0.0034508107,0.031979036,-0.012166299,0.0007191996,Mar,2,2,1,2,Returning_Visitor,False,False
1.4788612,18.620163,1.889262,1700.6805,88.555466,4508.4653,0.0027026737,0.015735615,0.0668604,0.002884722,Nov,2,2,3,2,Returning_Visitor,True,False
1.6564887,55.158768,-0.007867001,-0.23860367,20.67722,617.4654,0.003609169,0.02273496,0.53536004,0.0032310325,May,1,1,1,4,Returning_Visitor,False,False
0.6607584,3.0164485,-0.014478885,1.1564883,21.608856,612.5094,0.019546622,0.05240199,0.036939822,0.66780955,May,2,2,6,13,Returning_Visitor,False,False
1.262824,21.867535,-0.010083996,-0.686472,15.847306,338.2527,0.0104439845,0.0208767,0.10920402,-0.00055093813,Aug,1,1,3,2,Returning_Visitor,False,False
10.386138,560.48645,-0.013095997,26.485695,32.610832,1006.20325,0.0026281343,0.014293524,1.977596,0.0006752486,Sep,2,2,1,2,Returning_Visitor,False,False
2.3268273,61.997726,0.34983653,6.5048084,14.89308,309.7979,0.0036955697,0.015169184,-0.024909295,0.0011407422,Dec,1,1,1,2,New_Visitor,False,False
0.6223912,19.060387,-0.007589958,0.69876283,30.223831,1127.3778,0.021010404,0.036551844,0.062351905,0.00042997175,Nov,3,2,1,13,Returning_Visitor,False,False
13.180511,237.55978,7.3284383,374.2022,77.924675,4329.391,0.0019216515,0.012710023,12.182433,-4.8549227e-05,May,2,2,4,2,Returning_Visitor,False,False
3.9276617,103.02949,2.0363853,53.06645,38.699635,1145.6505,0.0020341722,0.0151616605,2.8296041,0.0027039896,May,2,2,6,4,Returning_Visitor,False,False
0.19716537,3.5340495,-0.0039141397,0.19436829,8.728367,316.1548,0.007877543,0.051913593,0.030732833,0.0017353917,May,2,2,1,1,Returning_Visitor,True,False
1.3670739,41.751812,-0.0022295932,3.7970886,9.94743,382.6305,0.02759404,0.07552944,0.014599048,0.0015287722,Mar,3,2,4,1,Returning_Visitor,False,False
7.9552655,219.07793,-0.007044397,-0.10271652,82.306854,2359.0867,0.004977034,0.022759203,4.0155377,0.00023343289,Dec,2,2,3,2,Returning_Visitor,False,False
0.018274195,0.13658854,0.026045598,7.2930927,7.3547006,367.39185,0.009266385,0.044875562,0.014057837,0.0012912253,Mar,1,1,1,1,Returning_Visitor,True,False
1.0009673,13.617492,0.018405505,9.82756,26.999239,1001.7383,0.003791157,0.033871748,0.2617738,0.0015932085,Mar,2,5,6,1,Returning_Visitor,False,False
-0.007584684,0.88971657,-0.0048540453,-0.22806366,2.914349,41.72212,0.17577535,0.19025396,-0.008908071,0.6782702,May,2,2,1,1,Returning_Visitor,False,False
0.91064477,17.116219,-0.0027558426,8.901218,19.048151,702.00726,0.0057836077,0.03441363,0.31876203,0.004150773,May,2,2,7,4,Returning_Visitor,False,False
0.2975806,14.203498,-0.0067555527,10.528994,7.6467175,284.45135,0.0050163153,0.05672108,0.023042403,0.022154162,May,1,1,8,1,Returning_Visitor,False,False
-0.019503944,-1.5431676,-0.0015403848,0.9558124,2.77673,110.63179,0.18039893,0.1888345,0.013533317,0.0015754165,Nov,3,2,6,13,Returning_Visitor,False,False
1.7872822,41.713642,0.009013273,0.6596164,14.123102,689.36456,-0.0006626587,0.017275501,-0.050000943,0.0017761501,Dec,2,4,1,2,New_Visitor,False,False
1.0413362,31.340302,0.0018415529,0.6079578,12.062735,489.84137,0.0105014825,0.030062726,1.3590763,0.00032049292,Mar,3,2,3,1,Returning_Visitor,False,False
1.0782601,15.487899,-0.0061012725,0.04338257,19.316599,508.95135,0.0118404385,0.040462967,0.15868826,0.018772298,May,2,2,3,3,Returning_Visitor,False,False
2.1619635,54.945175,-0.012054108,1.1571559,25.851395,749.75055,0.002429256,0.027639143,1.9157226,0.00079325464,Dec,1,1,4,2,Returning_Visitor,False,False
-0.010645978,1.0402141,-0.0012842041,-0.27926832,2.9988446,51.169262,0.15886052,0.18124364,-0.019746102,0.63397753,May,1,1,1,3,Returning_Visitor,False,False
3.8505979,103.69057,3.196775,153.89131,185.34244,7965.9546,0.0038522573,0.018434172,0.19576378,-0.0004014646,Nov,2,2,1,2,Returning_Visitor,False,False
3.0145152,92.90379,0.020058729,2.2877064,32.393032,915.3523,0.0067407354,0.02520221,0.008688174,0.024435269,May,1,1,2,2,Returning_Visitor,False,False
0.18738377,2.805534,-0.011304043,-0.00015075498,12.505011,172.78755,0.116903864,0.14102754,-0.030547895,0.6957103,May,3,2,1,13,Returning_Visitor,False,False
0.36400676,3.752853,-0.011113547,-1.0515729,29.95689,876.40656,0.01754006,0.042931523,0.075590335,0.6610323,May,2,2,3,6,Returning_Visitor,False,False
-0.011820905,1.4157939,-0.001014344,2.0245495,12.698387,392.3725,0.044022296,0.08101241,0.05416652,0.4521597,May,2,2,1,4,Returning_Visitor,False,False
0.457986,11.864219,-0.008977734,-0.33142668,20.503565,417.64136,0.017619435,0.047804024,1.0795796,0.0013912903,Jul,2,2,1,3,Returning_Visitor,False,False
0.52689874,6.401405,-0.006950281,-0.7705365,19.279589,340.20984,0.0069132815,0.024132356,0.055651866,0.00053104263,Nov,3,2,1,11,Returning_Visitor,True,False
3.4265535,74.558304,-0.006046794,-0.21982391,20.47665,515.0108,0.0054652686,0.024119023,0.028011523,0.00064526004,Mar,1,1,3,2,Returning_Visitor,True,False
1.0432826,18.2776,-0.004078887,11.646435,14.754116,665.64545,0.018019276,0.05590506,0.084669314,0.0008867259,Aug,2,2,3,13,Returning_Visitor,False,False
3.8924735,72.08822,-0.00758817,0.25531572,18.306358,371.99768,-0.00021470744,0.017050618,0.088586055,0.00026032949,Sep,2,2,1,5,New_Visitor,False,False
5.4755397,146.49147,0.92742175,39.68809,111.51376,4115.8545,0.011623603,0.029040795,1.5186155,0.0019687328,Aug,2,2,2,1,Returning_Visitor,False,False
1.8392587,53.646584,-0.010666154,1.3341426,14.253792,539.1708,0.023867607,0.060822144,0.05348607,0.0012420403,Mar,1,1,3,3,Returning_Visitor,False,False
-0.12707436,0.4212031,-0.003926478,-0.78664976,1.0663533,-21.796436,0.20185368,0.20141508,0.10630103,0.0013303334,Dec,8,13,9,20,Other,False,False
1.8216861,38.04106,0.019615479,5.5963974,19.718302,760.8896,0.0139037,0.032024447,0.03639766,0.0012839722,Dec,1,1,2,1,Returning_Visitor,False,False
0.98638666,15.027282,-0.0066313366,-0.212267,16.545908,611.8576,0.003311265,0.03437233,0.19440337,0.0012014123,Mar,2,2,1,1,Returning_Visitor,False,False
2.6727583,100.378716,-0.0020491104,-0.71342665,9.053196,252.91853,-0.00034498083,0.009169473,-0.02393321,0.0016522283,Mar,3,2,1,2,New_Visitor,True,False
1.2330812,34.510468,-0.005839489,-0.52177626,14.370409,304.29694,0.0050763427,0.020669242,-0.027359284,0.0014014418,Dec,3,2,1,2,New_Visitor,False,False
1.1870183,26.507946,0.014756478,9.031286,11.615679,421.83838,0.0055547147,0.040408622,0.11611148,0.00046546632,Dec,2,2,1,2,Returning_Visitor,False,False
-0.012341134,-0.032219447,0.0021674712,0.5124988,1.6351037,11.4827385,0.19234273,0.19819884,0.012052737,0.0058321008,May,2,2,1,3,Returning_Visitor,False,False
0.78595555,13.073203,2.0876489,63.34266,65.23183,2380.6438,0.007734627,0.022191511,0.0046054944,-0.00013547888,Dec,1,1,1,2,Returning_Visitor,False,False
0.5913545,11.331275,-0.007006667,-0.07283981,27.710142,1030.6461,0.0073054484,0.026580453,0.47828504,0.00064969313,Nov,3,2,1,2,Returning_Visitor,True,False
1.6037548,42.032043,-0.009805284,1.0795459,19.49098,582.15247,0.0006466374,0.021971889,0.016908847,0.0013502227,Dec,2,2,1,2,New_Visitor,False,False
1.395147,26.427818,-0.0054184417,-0.4676152,13.54446,390.48718,0.001287568,0.024616195,0.004784785,0.001019268,Mar,2,2,1,2,Returning_Visitor,True,False
3.9157424,115.03358,-0.0111051425,14.921982,20.696218,605.24805,-0.00027248295,0.011290225,-0.036753453,0.004779319,May,2,2,1,2,New_Visitor,False,False
2.4815137,40.392864,3.9708688,625.13684,113.011635,4264.84,0.00708672,0.022875039,2.099716,-0.00031176707,Nov,2,2,1,3,Returning_Visitor,False,False
1.0762621,33.826267,-0.0100294575,-0.29433256,17.755629,489.37073,0.001102693,0.014854207,0.056419574,0.0014591912,Nov,3,2,3,6,Returning_Visitor,False,False
3.6687267,76.43394,0.00015748329,8.464476,57.138107,1319.2191,0.006374461,0.021393282,1.2880127,0.0002840931,Nov,1,1,1,10,Returning_Visitor,True,False
0.512344,3.021789,-0.004147015,0.35654634,19.563627,462.23596,0.0048683765,0.03543446,0.083431445,0.015724821,Nov,2,5,2,3,Returning_Visitor,False,False
1.0482161,27.683376,0.01851923,13.706747,16.384212,650.1917,0.0021493768,0.026783556,-0.004092969,0.0007679115,Mar,1,1,1,2,Returning_Visitor,False,False
2.0816994,39.86495,-0.004709981,0.80105776,12.621935,298.88788,0.011675956,0.046508897,0.00037356463,0.0016301522,May,2,2,4,3,Returning_Visitor,False,False
1.1607269,29.7877,-0.011540733,-0.4084378,8.952415,222.93745,0.011179154,0.042853728,0.028691493,0.71783656,May,3,2,3,2,Returning_Visitor,False,False
1.7731183,44.868587,0.056140013,11.587471,23.721506,848.9757,0.0068499665,0.025172582,1.5930955,0.0014100882,Dec,2,2,2,1,Returning_Visitor,False,False
3.9937942,100.91395,0.35316104,13.707565,13.887884,527.87256,-0.0004224147,0.013696265,0.7849795,-0.00040124854,Oct,1,1,1,5,New_Visitor,False,False
0.7597971,12.208594,-0.008817039,-0.32937437,15.996907,663.6958,0.008520124,0.033685274,0.020258628,0.001846938,Mar,2,2,2,1,Returning_Visitor,False,False
-0.017955177,-0.037292995,-0.0014603358,0.14346115,9.431849,348.71442,0.0076398966,0.054417983,-0.012390889,0.0020435478,Mar,2,4,1,3,Returning_Visitor,False,False
1.7030414,22.755627,0.110277034,9.8582,20.016323,562.8005,0.0024641657,0.02219199,0.011548243,0.00076633197,Nov,2,2,7,2,New_Visitor,False,False
4.175562,149.54431,2.7049391,83.20914,103.4788,3550.5872,0.011552618,0.022599608,1.0953267,0.00027069697,Nov,3,2,1,13,Returning_Visitor,True,False
0.013469346,-0.29624227,0.20148765,1.3969744,8.220531,501.98157,0.04082282,0.08345367,0.13183756,-0.00095712516,Nov,2,2,3,2,Returning_Visitor,False,False
4.243769,173.49127,0.6767957,49.493977,23.94553,640.1107,0.00025055712,0.016922886,-0.041484155,0.00047027567,Dec,2,2,4,2,Returning_Visitor,False,False
0.71197903,17.407532,-0.004623912,0.47727388,20.831758,747.64435,0.012312169,0.04240884,0.010155402,0.0032996486,May,2,2,1,13,Returning_Visitor,False,False
1.6109142,26.81292,0.0045981486,0.44035906,17.575222,571.1667,0.0035697778,0.022633499,0.38812086,0.0010176996,Nov,2,4,4,2,Returning_Visitor,False,False
1.2772806,37.32345,-0.0069609503,-0.16137893,9.149029,471.08545,0.009389278,0.04318356,0.38474295,0.0006781916,Dec,1,1,3,2,Returning_Visitor,True,False
3.5314884,74.49214,0.002078243,18.159033,23.983301,777.0785,-0.0002653751,0.011069267,-0.041034497,0.0013905304,Mar,2,2,1,2,New_Visitor,False,False
0.4807614,11.39511,0.013369389,0.8322353,7.928242,391.68042,-5.929578e-05,0.03225892,0.6666538,0.00030189627,Dec,8,13,9,20,Other,False,False
1.2816639,23.549149,-0.006190024,0.3573627,14.148394,586.372,0.01222233,0.04602384,0.056360446,0.001260149,Nov,2,2,9,3,Returning_Visitor,False,False
0.56403613,11.131057,0.020184882,3.7957382,23.232412,952.15497,0.019772453,0.054754224,0.042870246,0.00088686746,Nov,2,5,3,1,Returning_Visitor,False,False
1.7822896,43.997364,0.0013706166,8.35746,30.185547,1783.804,0.023326969,0.04506198,0.2737796,0.00093559426,Nov,1,1,8,1,Returning_Visitor,False,False
2.6356921,54.530308,3.223357,85.950645,25.70174,1021.2467,0.0056312396,0.022097802,0.81784075,0.00023047501,May,3,2,1,4,Returning_Visitor,False,False
1.0722591,26.095428,0.004475691,2.9573822,12.574991,297.89587,0.008868656,0.03545997,0.014805041,-8.269151e-05,Dec,3,2,1,10,Returning_Visitor,False,False
-0.0018771815,-1.389153,0.00019241161,1.234949,3.777842,77.16231,0.19199471,0.1949478,-0.011297978,0.004049039,May,3,2,1,13,Returning_Visitor,False,False
1.3938723,15.941321,0.0197675,31.217041,25.208448,735.64215,0.026334004,0.062979445,0.41608116,1.0024434,May,2,2,7,1,Returning_Visitor,True,False
-0.00047265762,-0.5403448,0.0039170166,0.4360904,1.4940476,50.79353,0.18522635,0.19387649,-0.041008748,0.005168772,May,1,1,4,3,Returning_Visitor,False,False
3.1714187,53.416656,0.050983407,10.076038,12.088749,348.62683,-0.00025373357,0.020428509,0.022669517,0.00082149234,May,2,2,1,5,New_Visitor,False,False
0.74028385,7.3371654,-0.01459261,0.16221039,22.443382,830.5654,0.013164234,0.03988797,0.034263812,0.6669149,May,2,2,6,3,Returning_Visitor,False,False
0.8564017,30.417377,-0.010740064,0.23826782,32.49943,1047.0011,0.005948327,0.024019714,0.34355995,0.0006471264,Nov,1,1,1,2,Returning_Visitor,True,False
16.629103,2610.2595,23.933725,2051.9758,704.60046,43265.19,0.011917333,0.011748145,3.166625,0.019670734,May,2,2,1,14,Returning_Visitor,True,False
6.079118,121.59111,0.15143298,18.028065,134.91937,5083.028,0.0021572316,0.016124465,1.4318259,-0.00045436746,Nov,2,2,3,2,Returning_Visitor,False,False
3.049766,73.81667,3.2019947,560.9107,22.303137,1104.3656,0.011542378,0.03093285,0.33665487,-0.0013447566,Nov,1,1,1,2,Returning_Visitor,False,False
2.7580693,50.690563,0.8583637,18.617626,26.848131,832.8063,0.00071051496,0.013754382,0.062950335,0.000101639576,Nov,2,2,3,2,New_Visitor,True,False
0.22760212,1.5974193,-0.010886215,5.587658,15.495344,494.3297,0.01083695,0.048900068,0.08521529,0.0004343676,Mar,2,2,3,1,Returning_Visitor,False,False
7.4296064,335.36536,0.13428359,8.801441,31.787836,948.2975,0.0011625007,0.011943673,2.881857,0.0016694131,May,2,2,2,2,Returning_Visitor,True,False
2.6520634,56.328655,1.875919,47.93588,38.053547,1121.3136,0.003911722,0.024696663,0.70575064,0.003080665,May,2,2,1,4,Returning_Visitor,False,False
0.6552962,19.473175,-0.010729633,0.09747498,16.784536,675.4416,0.0053734384,0.034871645,0.024877273,0.0014046977,May,2,2,1,2,Returning_Visitor,True,False
1.4783283,64.48221,0.030396767,6.206558,33.769127,927.73566,0.01767221,0.0342612,0.0155012235,0.0008199128,May,2,2,1,6,Returning_Visitor,True,False
0.41901124,16.484154,0.16343008,29.009003,22.093796,782.533,0.0036253945,0.030707784,1.2529218,0.007551486,May,2,4,1,4,Returning_Visitor,False,False
5.384508,76.868744,0.39743298,20.059387,39.526497,1016.0711,0.0044262144,0.027346857,0.054832183,0.0018139022,June,2,2,2,3,Returning_Visitor,False,False
13.355348,302.0039,1.8846744,72.80829,87.00125,2824.226,0.0049126125,0.019828072,5.252257,-0.00049344945,Oct,2,2,3,1,Returning_Visitor,False,False
2.7255168,37.059242,-0.0020960192,-0.04368408,33.464966,1028.8441,0.011042659,0.035521254,0.027016364,0.002882811,May,2,2,5,6,Returning_Visitor,False,False
1.9645861,14.942267,0.00027803367,-0.16841705,18.608458,698.1549,0.0015917249,0.01750855,-0.021639623,0.0016903492,Mar,4,1,1,2,Returning_Visitor,True,False
0.48283672,21.181091,0.0014304299,5.981949,25.868444,818.2022,0.013945112,0.036673296,0.10350009,9.5131494e-05,Nov,1,8,1,11,Returning_Visitor,True,False
3.2418761,65.973114,4.276761,453.81552,64.38672,2196.334,0.005153551,0.018580122,3.816496,-0.0016079856,Dec,2,2,3,2,Returning_Visitor,False,False
0.13624322,0.15677592,0.019237615,2.0475368,8.134445,273.91113,0.028605992,0.051130705,0.021059237,0.0017870391,Mar,3,2,1,3,Returning_Visitor,True,False
0.00064719445,-0.7290502,-0.00043331797,0.73277086,2.0389485,27.081005,0.181182,0.19053838,0.014319144,0.0020170535,Mar,3,2,3,3,Returning_Visitor,False,False
0.0058153938,0.09921976,-0.0020278315,0.6234531,1.7967725,29.620434,0.17497511,0.18901126,0.018567763,0.0017226251,Nov,1,1,6,1,Returning_Visitor,False,False
8.93836,232.75699,0.29766324,33.588806,31.424164,895.571,0.0089704655,0.020944074,5.404525,0.00010756651,Sep,3,2,3,4,Returning_Visitor,False,False
2.350702,63.545834,-0.004940353,-0.81857497,23.392353,965.4984,0.0043808254,0.024951134,0.021265231,0.001044287,May,3,2,7,6,Returning_Visitor,False,False
1.3503629,24.337334,-0.016558848,0.081628725,15.014189,454.05487,0.0049575376,0.026847659,0.5177843,-0.0011803521,Nov,2,2,1,20,Returning_Visitor,False,False
2.215894,60.423702,-0.010181628,-0.23743637,11.654896,416.16425,0.0011450067,0.022189356,0.16349049,0.0012353758,Nov,1,1,1,2,New_Visitor,False,False
0.14790857,1.0417323,0.019647665,5.927641,18.247198,619.966,0.024431996,0.04579588,0.03721305,0.0011852743,Dec,1,1,8,1,Returning_Visitor,True,False
4.070595,66.94399,0.58459103,36.559216,47.833866,2045.0741,0.0022398063,0.017143134,1.2308753,0.00010980914,May,2,2,3,2,Returning_Visitor,False,False
1.9162648,42.45068,-0.0050490717,0.36545366,13.357302,412.91913,0.00951027,0.035744693,0.029714309,0.0016602563,Nov,1,1,6,3,Returning_Visitor,False,False
0.21568525,-0.5526586,0.0019931574,-0.45911223,0.8362164,1.6247065,0.19345134,0.19382589,-0.0011213198,0.0017969558,May,2,2,1,6,Returning_Visitor,False,False
2.7139602,47.34452,0.0009062368,-0.617117,32.144928,929.86707,0.014330864,0.03548383,0.094341,-9.451931e-05,Jul,3,2,8,4,Returning_Visitor,False,False
0.9210479,27.97469,-0.012838028,0.79547304,23.457575,517.69165,0.015122716,0.04422179,0.022650443,0.062281955,May,1,1,1,15,Returning_Visitor,False,False
2.457436,59.250088,3.7266603,200.67346,14.120846,282.17828,0.018863967,0.03371383,2.5723372,0.65369296,May,1,1,1,2,Returning_Visitor,False,False
0.7028291,24.005356,0.070967294,36.261024,29.655472,1138.7463,0.012433001,0.02741086,0.6506855,-0.00029795742,Nov,3,2,4,2,Returning_Visitor,False,False
10.069827,189.52425,1.109524,30.86368,161.97054,5889.5034,0.0038533972,0.015966902,5.290897,0.0009286354,June,2,2,1,2,Returning_Visitor,False,False
0.9238961,23.824764,-0.0036203484,0.36456865,12.262646,551.9415,0.0140225515,0.04840109,0.00774356,0.0049057067,May,1,1,1,3,Returning_Visitor,False,False
0.039503224,0.058104955,-0.0088131055,0.23629944,5.68224,229.52174,0.006156584,0.06820845,0.051430427,-0.00050455454,Nov,3,2,1,10,Returning_Visitor,False,False
0.123360045,10.435317,-0.003697894,-0.43625838,6.059712,397.98578,0.027903222,0.060619228,0.014242373,0.0066693895,May,3,3,1,3,Returning_Visitor,False,False
14.065395,1229.9976,3.9310892,1015.14886,277.7193,18319.314,0.020027013,0.037416458,7.1448245,-8.554512e-06,Jul,2,2,1,3,Returning_Visitor,False,False
0.01067365,0.91377205,-0.0040211896,-0.31501585,25.573523,795.3593,0.007860385,0.046824712,-0.0007298366,0.0021787498,Mar,2,4,2,1,Returning_Visitor,False,False
1.0740651,22.003902,0.004710533,4.0786266,26.753828,969.33276,0.00060175697,0.024865571,0.71151704,0.0017996008,Mar,4,1,1,1,Returning_Visitor,False,False
0.6550386,21.026062,-0.013197444,3.891964,28.414335,955.0469,0.014649411,0.04084289,0.44367096,0.00092622143,Dec,2,2,1,1,Returning_Visitor,False,False
7.6265416,287.4387,-0.006913386,11.427963,62.522633,2661.0505,0.002026744,0.012198021,1.6002324,0.0015202077,Nov,1,1,1,3,Returning_Visitor,False,False
1.1258074,27.66492,-0.005856536,-0.24207504,27.1153,887.786,0.017470725,0.036694404,0.93164414,0.0021686207,Dec,3,2,2,1,Returning_Visitor,True,False
1.0682069,19.159035,-0.008571945,-0.34900862,14.636053,460.3203,0.01069668,0.042452943,0.05505296,0.053274337,May,2,2,6,4,Returning_Visitor,False,False
1.8627996,40.21324,-0.012025319,0.5554332,90.29375,3455.6743,0.0052570286,0.023125663,0.46585962,0.0002970981,Nov,2,2,1,2,Returning_Visitor,False,False
0.8460828,16.30801,-0.008693539,-0.029306486,16.67738,711.019,0.00473305,0.03286558,0.13570471,0.00012803698,Nov,2,2,1,2,Returning_Visitor,False,False
6.5657215,194.97484,3.3699663,98.68532,38.741596,1419.8655,0.0069688815,0.017848855,5.1711197,0.0030792158,May,1,1,1,3,Returning_Visitor,False,False
5.5361633,120.3423,4.4403267,1027.2002,66.49659,2311.1816,0.0035988016,0.018685326,1.8872948,0.0002328741,Dec,2,2,1,2,Returning_Visitor,False,False
0.74478745,23.585835,-0.0032578926,21.981377,14.012159,581.6536,0.01580274,0.059931204,0.079795085,7.168824e-05,May,2,2,3,6,Returning_Visitor,False,False
1.1534886,14.76007,-0.0035127024,0.07554047,22.717031,413.8822,0.008607283,0.03550777,0.10599872,0.006318959,May,2,2,2,3,Returning_Visitor,False,False
1.0089477,15.759391,0.016803958,9.56859,48.153008,1323.1881,0.0049658674,0.030930363,0.21903916,0.661611,May,2,5,1,4,Returning_Visitor,False,False
0.9462489,30.660961,-0.0049037556,0.10556595,16.360111,1089.9108,0.054795485,0.09248698,0.025860988,0.0018887619,Mar,2,4,3,1,Returning_Visitor,False,False
0.0002821756,0.5301127,0.0068813046,0.47004884,0.9653515,7.058422,0.19853723,0.19960119,-0.077511586,0.00218363,Mar,1,1,1,9,Returning_Visitor,True,False
1.7447941,49.526794,-0.010504268,1.413824,16.040699,741.20624,0.026223518,0.05494407,0.049891673,0.017977307,May,3,2,1,13,Returning_Visitor,False,False
0.19085348,0.41101024,-0.004305146,0.6838512,8.02948,135.20296,0.024837403,0.0545934,0.023956023,0.0010504524,Nov,2,2,4,13,Returning_Visitor,True,False
2.4384224,34.7928,-0.0042451243,-0.20756347,75.07093,2229.8022,0.0040018796,0.021650182,1.6891983,0.0016003685,Dec,2,2,7,3,Returning_Visitor,False,False
0.8615626,16.759483,-0.007996343,4.4437943,15.20026,404.34137,0.0037776695,0.03707916,-0.03446082,0.0014286475,Mar,2,5,1,3,Returning_Visitor,False,False
9.442612,356.1031,2.9388745,178.05545,117.204124,5034.692,0.0072041885,0.018962637,1.9399111,-6.54844e-05,Nov,3,2,1,1,Returning_Visitor,True,False
3.6567068,134.22397,-0.011503123,0.8731174,12.497511,322.1068,-0.00043468023,0.014139689,-0.009795465,0.0016614894,Sep,2,2,4,2,New_Visitor,False,False
0.34393167,-0.04616598,-0.006664596,-0.34045225,2.5681157,88.10176,0.10692499,0.1453892,0.07046672,0.0011242466,June,3,2,1,4,Returning_Visitor,False,False
1.5494078,50.849342,-0.00396987,3.341648,16.445229,642.3645,0.0022880414,0.020736672,0.8746936,-0.00010348608,Oct,2,2,1,2,Returning_Visitor,False,False
0.3556602,10.347709,-0.012460373,0.5748157,39.393467,1080.5791,0.018109607,0.03422736,0.716098,0.7667759,May,3,2,1,13,Returning_Visitor,False,False
5.949102,155.89395,-0.0033878307,-0.14723404,96.87443,4536.336,0.004242889,0.019756988,7.2881384,0.014096412,May,2,2,1,1,Returning_Visitor,False,False
1.9435337,47.384567,0.850886,32.421032,45.47072,964.4079,0.027344817,0.047864996,2.0216167,-0.00010619437,Oct,3,2,1,1,Returning_Visitor,False,False
0.685758,10.011634,-0.0108812675,-0.10628326,14.56534,488.8199,0.002071617,0.029451301,0.0017830953,0.0029304537,May,2,2,1,2,Returning_Visitor,False,False
0.38275373,1.8964992,-0.0096165165,-0.15955932,24.336699,943.31244,0.025349062,0.07177672,-0.022941388,0.6421658,May,2,2,4,2,Returning_Visitor,False,False
0.013484128,-0.63408715,-0.00033964927,0.20160858,1.3117642,60.312206,0.1978759,0.19893034,-0.010885514,0.0017938191,Mar,2,2,1,1,Returning_Visitor,False,False
-0.0044311215,1.3103251,0.35305464,9.616829,49.03765,973.50037,-0.00036905552,0.016866611,1.8632591,0.0015967475,Oct,4,1,1,2,Returning_Visitor,False,False
0.28643477,15.789718,-0.0019104701,3.4755707,12.408253,312.529,0.017745573,0.06560543,0.08719798,-0.000309856,Nov,2,5,3,2,Returning_Visitor,False,False
4.7833776,86.851585,4.3293734,96.800476,49.83144,1368.3634,0.0013867092,0.01618858,0.124179564,-0.00025500482,Sep,2,2,3,4,Returning_Visitor,False,False
2.5373487,35.89469,-0.012169443,1.4401263,28.873497,779.12,0.0035625657,0.029534373,0.31547472,0.003773256,May,2,2,5,4,Returning_Visitor,False,False
8.556744,150.25513,4.5491157,335.47058,46.121956,1543.5807,0.003154272,0.01688182,8.8890705,-7.288282e-05,Mar,2,2,6,2,Returning_Visitor,False,False
0.933774,27.850166,-0.00884857,-0.124914244,30.698835,823.5212,0.006735034,0.03632461,0.2429101,0.004968243,May,2,2,3,1,Returning_Visitor,False,False
0.2945248,7.4670024,-0.0127321705,-0.41427428,13.011902,389.84894,0.0033161563,0.043942284,-0.023515023,0.0015363941,Dec,2,4,1,2,Returning_Visitor,False,False
7.7421117,620.7284,0.012996085,4.8505135,50.43572,2915.7488,0.0056353374,0.02022196,0.45253155,0.0008780199,Mar,2,2,3,2,Returning_Visitor,False,False
3.0491617,79.60077,2.5033612,97.50187,99.13803,3474.9312,0.004156945,0.02077064,0.40051958,-5.9117876e-05,Dec,2,2,1,2,Returning_Visitor,False,False
0.9229542,16.442791,-0.007192574,2.7915516,25.79343,684.6243,0.009652849,0.039573956,-0.0012596026,0.0018236513,Mar,2,6,1,1,Returning_Visitor,False,False
2.1074967,62.41113,0.0033291955,2.9916744,20.622011,739.6365,0.005464192,0.024618672,0.05188056,0.0015743474,Mar,1,1,1,3,Returning_Visitor,False,False
5.8115673,236.19919,-0.0051381807,0.23493378,97.49133,4657.187,0.0029335634,0.014552084,4.8178983,0.0008206728,Dec,2,2,3,1,Returning_Visitor,False,False
0.11818994,-1.0657201,-0.0055416445,0.012025759,10.383734,197.19185,0.08462832,0.11841983,0.04199668,0.0013189787,June,3,2,1,13,Returning_Visitor,False,False
1.0298418,21.545612,0.008805878,7.962984,12.810431,520.222,0.008657823,0.034423623,0.17515822,0.0010551648,Mar,3,2,1,1,Returning_Visitor,False,False
0.7993976,11.801185,-0.0060557346,4.136488,22.25107,665.53064,0.009299548,0.036156755,0.5471174,0.0012347127,Nov,1,1,1,3,Returning_Visitor,False,False
4.0274954,96.66306,0.006982126,1.8377703,12.117083,290.41315,0.006987237,0.03614668,0.15466757,-0.0010178623,Oct,2,2,6,20,Returning_Visitor,False,False
2.9160802,71.84344,0.0067962785,24.46995,22.269985,1001.424,0.010281949,0.037865475,0.13419266,0.0019819986,May,2,2,2,3,Returning_Visitor,True,False
0.08279694,0.4401774,-0.01006832,1.1551188,4.100737,198.8279,0.107166275,0.14305626,0.013591014,0.0009074236,Nov,1,1,1,1,Returning_Visitor,False,False
0.9389626,23.287518,-0.010063671,0.30922502,21.866005,1020.11523,0.0057982407,0.028675592,0.059731685,-0.0010406239,Oct,2,2,1,5,Returning_Visitor,False,False
0.11319388,1.9760509,-0.005810223,-0.44551665,16.26223,632.3724,0.009828621,0.041073795,-0.025969304,0.70321316,May,2,4,1,3,Returning_Visitor,False,False
0.006786234,-0.087822475,-0.0019781808,0.6271228,1.6186433,6.0362053,0.20037872,0.20048217,0.012613021,0.001863862,Nov,3,2,1,1,Returning_Visitor,False,False
1.3650118,24.81754,-0.005212746,-0.45502287,11.281832,569.86993,0.004571931,0.024460597,0.43966028,0.001819885,May,3,2,2,2,Returning_Visitor,False,False
7.402236,214.98775,-0.0050578336,63.064766,90.93228,2748.1023,0.011412203,0.025691511,2.4946682,0.08880947,May,2,2,3,13,Returning_Visitor,False,False
2.7456794,70.27986,0.6575786,22.62076,18.835785,744.6311,0.021469984,0.04322136,1.086829,-5.517652e-05,Nov,3,2,6,3,Returning_Visitor,False,False
0.940781,21.69514,0.14346094,8.205357,14.100155,446.64758,0.011160301,0.02831973,0.14428778,-0.000104458384,Nov,3,2,1,2,Returning_Visitor,False,False
1.2363244,33.099365,-0.008879624,-0.5866261,16.78326,583.5436,0.002961952,0.024086026,0.08715173,0.0018753322,May,2,4,1,2,New_Visitor,True,False
0.6177435,4.875381,0.028957851,0.2827205,28.24903,588.5131,0.03929519,0.08418984,0.072371684,1.0020641,May,3,2,1,4,Returning_Visitor,True,False
-0.0008627104,-1.1550603,0.0021703322,0.50114244,1.081759,0.4478266,0.1990109,0.19943924,-0.039540567,0.0018492999,Mar,1,1,1,1,Returning_Visitor,True,False
4.9674506,206.12723,0.0035371264,4.798523,46.803814,1615.1744,0.0104141785,0.021762826,0.092095576,0.00020323569,Nov,3,2,3,2,Returning_Visitor,True,False
0.6635461,12.2375555,-0.0055161933,-0.9787846,8.636951,244.25575,0.00019830432,0.03500108,0.0066668615,0.0012322651,Dec,2,2,1,11,New_Visitor,False,False
0.0111214,-0.32909444,-0.0019175034,0.19363587,2.0873246,265.45837,0.1938314,0.1952157,0.010033809,0.0019901905,Dec,3,2,6,1,Returning_Visitor,False,False
4.698294,125.17127,2.3940017,202.94319,35.845337,1087.2217,7.51574e-05,0.006561487,-0.009014405,0.000524393,Oct,2,2,1,2,New_Visitor,True,False
3.616774,71.8688,0.027528651,-0.07496078,12.02792,296.04816,0.00041639028,0.013284077,-0.034788407,0.0012683297,Mar,1,1,8,2,New_Visitor,False,False
1.5490925,20.362953,-0.0025382857,-0.041235045,17.039303,611.34406,0.01110444,0.03523642,0.3428962,0.0015918898,Mar,3,2,4,3,Returning_Visitor,True,False
4.07049,105.89503,-0.0032828073,4.0955563,23.855747,661.5544,-0.00012507696,0.014181959,1.1200812,0.001068099,Nov,2,2,4,2,New_Visitor,False,False
2.8039882,73.165695,2.519655,116.43442,45.34522,1573.8319,0.012424572,0.029358426,5.234502,-0.0017787082,Nov,1,1,3,2,Returning_Visitor,False,False
8.21563,367.21658,1.4742202,54.604057,219.1004,5177.8022,0.011855454,0.019636454,0.3109934,0.00072112185,Aug,3,2,8,13,Returning_Visitor,False,False
1.0096176,34.46956,0.07041148,24.288958,14.828159,639.2745,0.0062825563,0.03825152,0.059499465,-3.0213349e-05,Mar,2,2,3,2,Returning_Visitor,False,False
13.764893,692.64343,1.2991805,6.4144382,65.38228,2804.8074,0.00030074982,0.015638981,4.415352,0.0010038154,Nov,2,2,2,1,Returning_Visitor,False,False
2.8332303,142.01698,-0.006305478,-0.7556744,22.55318,601.75696,0.0058601084,0.017966155,0.0033208951,0.0034197445,May,3,2,1,11,New_Visitor,False,False
0.5680406,8.509711,-0.015924,25.45653,15.757694,352.35046,0.015211646,0.048442073,0.05911275,0.6536341,May,1,1,3,3,Returning_Visitor,False,False
0.62504613,2.6243434,-0.007567547,-0.28994566,12.714035,482.0846,0.012706477,0.04587038,0.03456851,0.0009227569,Mar,2,2,7,1,Returning_Visitor,False,False
2.0854008,44.582874,-0.013762496,4.84264,39.257977,1354.1592,0.0039244047,0.01713933,0.9315149,0.00012153263,Nov,2,2,4,2,Returning_Visitor,False,False
-0.008556955,-1.6217732,-0.0023353319,1.1648616,2.7815576,37.554394,0.16675563,0.18327455,0.0107047185,0.0011147918,Nov,2,2,1,13,Returning_Visitor,False,False
2.073113,52.169746,-7.7746445e-05,-0.2291127,12.615768,386.0653,0.0023050082,0.019187924,0.009653769,0.0017556275,Mar,1,1,1,9,Returning_Visitor,True,False
3.384402,61.460377,0.08032084,9.985151,22.636173,756.2395,0.01499385,0.033415157,1.1548278,8.581824e-06,Dec,3,2,3,2,Returning_Visitor,False,False
0.03582848,0.20038554,-0.0038960795,0.5634746,3.096705,53.8542,0.15402265,0.18047243,0.009582721,0.00043110052,Nov,2,2,1,10,Returning_Visitor,False,False
3.1032455,63.567524,0.3952103,31.766111,45.775375,1935.8604,0.009101335,0.02409567,0.28152296,0.0009530249,May,3,2,3,13,Returning_Visitor,True,False
0.87309086,25.297955,-0.0018217188,4.4922657,11.247911,524.40466,0.010278812,0.041193753,0.03079959,0.0011025617,Mar,1,1,1,1,Returning_Visitor,False,False
3.2084734,64.03667,-0.008968137,5.6938744,11.975252,459.84125,0.003597101,0.027423186,0.055803977,0.0002934287,Nov,2,2,3,2,New_Visitor,False,False
0.734921,6.3024287,-0.0072021107,-1.4772092,21.879591,529.03766,0.018921286,0.044243492,0.10280486,0.9995669,May,1,1,3,4,Returning_Visitor,True,False
2.6138325,65.120415,0.010521479,4.341114,16.301558,525.7287,0.014566414,0.030473521,1.1973431,0.039548412,May,3,2,1,2,Returning_Visitor,False,False
3.3799374,64.97183,-0.009084307,-0.7475682,15.858016,477.64044,0.005891576,0.017522993,0.06500169,0.00026677796,Sep,3,2,1,6,Returning_Visitor,False,False
1.1148155,52.86917,-0.007052205,-1.0159475,15.16909,405.38104,0.00095704535,0.024047242,1.3486621,0.00066354004,Jul,1,1,4,4,Returning_Visitor,False,False
1.0281743,-0.67594963,-0.007777832,0.15612213,20.266108,808.5873,0.00927145,0.028663388,25.805094,0.0014470207,Dec,2,5,1,1,Returning_Visitor,False,False
1.9618236,76.47378,0.024417348,4.424246,28.834164,1073.5411,0.015064066,0.03109077,2.0751402,-0.00032802424,Nov,3,2,3,1,Returning_Visitor,False,False
6.327656,88.55771,3.0731814,215.90953,52.470505,1833.443,0.015036414,0.026693137,2.9403565,0.00040453547,May,3,2,1,2,Returning_Visitor,True,False
1.2738312,24.121227,-0.014768384,1.1811084,22.399195,754.21466,0.016425049,0.048691496,0.062576495,0.00035938495,Nov,2,2,7,1,Returning_Visitor,False,False
0.6144737,17.17709,-0.0123599395,-0.45981032,25.965578,779.3184,0.0063678394,0.032350775,0.35535786,-0.00029630712,Nov,2,2,1,11,Returning_Visitor,False,False
1.7269605,52.509655,-0.010496043,2.7922516,22.675142,797.431,0.012607313,0.025894614,-0.00082043564,0.007766834,May,3,2,4,13,Returning_Visitor,False,False
2.4055715,83.194084,-0.008583091,-0.47936064,20.706121,900.46075,0.0027765778,0.01897275,1.0571878,0.0010285774,Sep,2,2,1,4,Returning_Visitor,False,False
-0.013129823,0.41451213,-0.0058128457,-0.82970244,8.868206,375.03577,0.0027715357,0.032007594,0.023260318,0.0010525646,Nov,2,4,9,6,Returning_Visitor,False,False
2.1168065,64.53797,-0.00022252613,2.8214073,18.866674,579.448,0.003607746,0.018105369,3.9418192,0.00027434403,Oct,1,1,3,4,Returning_Visitor,True,False
-0.015957706,-0.59476525,-0.0030731182,0.27533144,3.4340959,76.54561,0.1243905,0.15955128,-0.0040915385,0.0018185923,Mar,2,5,5,1,Returning_Visitor,False,False
4.744289,196.74513,0.35282993,33.97193,62.18314,3290.4958,0.010287368,0.02374295,0.621937,0.00101124,Mar,2,2,6,1,Returning_Visitor,False,False
1.6494645,28.500359,0.013012983,-0.17975815,27.163992,1045.2434,0.009755765,0.031816706,0.1029708,0.0016452583,Sep,2,5,2,1,Returning_Visitor,False,False
0.9449129,16.670372,-0.0020640711,6.226557,28.746143,1055.0193,0.004838848,0.034573995,0.02150365,0.0016158173,Nov,4,1,7,2,Returning_Visitor,False,False
3.1412468,59.447758,-0.009858094,4.192131,39.679676,1491.6256,0.014373416,0.031435482,0.061557017,0.0019219915,Aug,2,2,1,3,Returning_Visitor,False,False
1.1898489,26.44986,-0.0110068545,0.4789409,18.752497,762.9053,0.007632285,0.027866941,0.02958747,0.0013919311,Nov,3,2,1,3,Returning_Visitor,False,False
2.2622333,45.943058,0.0014244992,-0.77462584,27.839172,930.629,0.01768821,0.043835457,0.1519124,0.000544368,Jul,2,2,9,1,Returning_Visitor,False,False
1.3731959,21.700127,-0.005123339,-0.15439041,57.36735,1987.1759,0.008206752,0.025240399,1.3865292,0.0015822934,Nov,2,2,2,1,Returning_Visitor,True,False
0.32328975,10.902297,2.1710484,174.3105,24.33683,799.0989,0.013560725,0.03864142,6.491427,-0.00049020845,May,2,2,1,6,Returning_Visitor,False,False
2.438096,73.265785,-0.008862399,2.2961464,17.13465,556.7292,-0.00037107462,0.0099050095,-0.03921727,0.0014215248,Mar,2,2,1,2,New_Visitor,True,False
0.8610407,40.604523,-0.013892613,-0.024503782,18.716612,579.1349,0.0028959268,0.028247455,-0.007146634,0.0008078727,Nov,2,4,1,2,Returning_Visitor,False,False
0.6914607,25.452366,-0.003935359,-0.5496655,8.038561,189.67964,0.0018122137,0.040023744,0.018209182,0.04851309,May,2,6,6,3,Returning_Visitor,False,False
2.146533,65.13131,0.11415244,45.99392,28.306118,874.7123,0.002531111,0.017106667,1.1064479,0.0004777486,Sep,1,1,2,2,Returning_Visitor,False,False
4.0298615,58.677696,-0.011315785,5.2283936,14.707636,432.8405,-0.0003903679,0.014686952,-0.028895177,0.0011481742,Dec,2,2,7,2,New_Visitor,False,False
0.07272757,0.1824641,-0.0056750993,0.017164156,8.942734,174.83125,0.107818455,0.13486391,-0.04560355,0.64653796,May,2,5,1,3,Returning_Visitor,False,False
1.3239464,15.457206,-0.0050635557,-0.22212417,29.050592,821.7395,0.009532915,0.031813648,0.5832626,0.0016075285,Jul,2,5,3,3,Returning_Visitor,False,False
5.484455,742.432,-0.0007227581,-0.7991429,27.009832,564.83575,0.01382699,0.020668073,1.6649144,0.0022792656,May,3,2,5,3,Returning_Visitor,True,False
5.19288,174.46149,3.395744,363.86127,44.442966,1409.0013,0.0069997343,0.020883301,23.682442,-0.0008435634,Dec,3,2,1,2,Returning_Visitor,False,False
0.46953428,6.527183,-0.0033524851,8.71619,28.986622,918.5836,0.029678505,0.046905056,0.07697984,0.0005735594,Nov,3,2,2,13,Returning_Visitor,False,False
5.2229853,296.97678,-0.0037944536,-0.3392163,25.791428,1010.86896,0.012116618,0.019079687,-0.008930482,0.001219167,Mar,3,2,4,2,Returning_Visitor,False,False
4.11431,104.02847,0.018146254,4.2158337,14.972141,365.95416,0.0031343305,0.02110338,0.79070204,0.00029652813,Nov,1,1,3,2,New_Visitor,False,False
12.699705,304.37595,4.8463306,175.63228,181.13492,6940.0527,0.0058707665,0.020712132,7.590782,-0.00047394013,Nov,2,2,3,2,Returning_Visitor,True,False
-0.020082824,-0.4634252,0.0039795716,0.38336748,1.1389432,-1.4147222,0.19989915,0.20110884,-0.018455304,0.0022694531,Mar,2,4,1,3,Returning_Visitor,False,False
9.997582,188.41074,0.78741765,28.209036,79.6584,1871.6472,0.0007350814,0.008447344,36.51191,0.0008260186,May,2,2,3,4,Returning_Visitor,False,False
2.0313323,36.776745,-0.010495029,8.424879,18.979319,427.85944,0.006130691,0.022161977,0.121664725,-0.00029638907,Jul,1,1,3,4,Returning_Visitor,False,False
0.6518098,24.271519,-0.012753449,0.010457918,13.259525,417.62793,0.0050846147,0.03000875,-0.008752622,0.0030382934,May,3,2,4,2,Returning_Visitor,False,False
0.8059788,23.174633,-0.0063112,-0.56574446,17.097872,534.4286,0.007076561,0.0320005,0.089359485,0.0015424626,Mar,3,2,6,1,Returning_Visitor,False,False
0.8883281,42.98945,-0.006893001,-0.73294264,17.128178,522.59326,0.0065410803,0.020136764,0.044181548,0.0009558524,Dec,3,2,6,2,Returning_Visitor,True,False
1.8044612,55.133778,0.04117123,58.820587,26.507395,1130.3123,0.028469253,0.04966419,0.02792617,0.001397832,Aug,3,2,4,1,Returning_Visitor,False,False
1.3856324,67.64275,0.028637357,20.025345,13.249218,542.9776,0.019265505,0.03999669,0.5393941,0.00037186468,Sep,3,2,3,1,Returning_Visitor,False,False
0.17460406,8.657653,-0.0073219757,0.49418443,14.067003,358.74542,0.010599882,0.04000321,0.5287954,0.0004635329,Nov,2,2,1,13,Returning_Visitor,False,False
0.24838412,3.987701,-0.0118623,-0.34278685,17.9811,385.7846,0.0063573266,0.049482953,0.08248826,0.66327757,May,2,2,3,1,Returning_Visitor,False,False
8.248231,242.89322,2.3526456,30.085838,88.63639,2972.1128,0.004389619,0.025292087,0.53174514,0.0016719537,May,2,5,1,1,Returning_Visitor,False,False
5.5720344,160.52077,-0.009729944,1.3741931,11.496426,346.88727,0.0030553562,0.018905586,0.04613944,8.9632966e-05,Nov,2,2,7,2,Returning_Visitor,False,False
1.128585,31.873962,0.01434312,14.5023365,17.866264,596.9307,0.011458628,0.04602377,0.0050947294,0.001044395,Mar,2,2,4,1,Returning_Visitor,False,False
1.0427728,15.904799,-0.0007955354,13.698542,26.748062,741.54364,0.0036385113,0.024800321,2.7456398,1.621867e-05,Dec,2,2,1,6,Returning_Visitor,False,False
3.7768266,120.52262,1.0203928,70.236244,36.16157,1500.4497,0.0014312934,0.01646164,5.2110424,0.0020540233,May,2,4,2,2,Returning_Visitor,False,False
-0.004623287,0.48911998,0.00020540542,0.861391,0.9128384,4.3869133,0.20050983,0.2002585,0.07145091,0.0021066654,May,3,2,3,4,Returning_Visitor,True,False
1.4552716,13.711944,-0.0055366973,-0.16884811,46.140354,1066.4521,0.009532615,0.036757365,0.049534522,0.0015022891,June,2,2,2,13,Returning_Visitor,False,False
2.5797832,44.54751,-0.01018884,-0.30138594,10.190048,233.65889,0.0040800436,0.022104785,0.07092544,0.00017934167,Nov,1,1,1,8,New_Visitor,False,False
0.10486735,0.151916,-0.011287533,-0.04546936,1.0830293,10.794628,0.20051832,0.20000862,0.009190761,0.001355792,Nov,1,1,2,2,Returning_Visitor,False,False
1.6249601,32.217247,0.50468075,-0.7711392,56.392704,1887.7094,0.011804937,0.035537872,0.07212993,0.99975485,May,2,2,1,5,Returning_Visitor,True,False
-0.054792993,0.5223078,0.00348533,-0.28389174,0.87257236,-14.515797,0.20082512,0.20139737,0.034301005,0.0029439915,May,6,7,3,15,Returning_Visitor,False,False
2.4280014,42.78593,-0.009632371,-0.44234663,29.363302,679.4576,0.0033516472,0.033638574,0.5194151,-0.00012998036,Sep,2,2,3,2,Returning_Visitor,False,False
1.0504817,12.977233,-0.0073188166,0.8672275,15.172623,432.86768,0.0044854204,0.031233398,-0.0014875308,0.0016356023,Mar,2,2,1,3,Returning_Visitor,False,False
1.8705282,40.608437,-0.006341539,8.699127,28.906696,938.5358,0.0054677925,0.040163264,0.9311616,0.0012152368,Dec,2,2,4,1,Returning_Visitor,False,False
0.25287378,3.529182,-0.007664166,-0.42371565,10.624081,397.33447,0.0014600452,0.025734149,0.039804183,0.0009034115,Dec,1,1,3,2,New_Visitor,False,False
0.008164056,-0.20095113,-0.0026276927,0.57176393,2.0132756,11.317089,0.19151144,0.19626561,0.017929278,0.0016598763,Nov,2,2,1,1,Returning_Visitor,False,False
1.9180144,34.768,-0.0114050135,13.026598,34.855213,1089.4186,0.004296237,0.022613203,0.11392518,0.0006578962,Nov,2,2,5,2,Returning_Visitor,True,False
3.4234145,85.13366,-0.009836577,3.1060638,29.70123,930.38824,0.0031949372,0.023224475,0.900233,0.0026221077,May,2,2,4,2,Returning_Visitor,False,False
0.90488803,23.999237,0.09343056,27.38067,17.303091,680.44006,0.002736272,0.03777293,0.26214144,0.000107637294,Nov,2,2,3,11,Returning_Visitor,True,False
-0.0362178,1.1880107,0.0009802062,-0.8208752,5.182423,131.16621,0.027938867,0.058701817,0.03346511,0.72835284,Feb,1,1,1,3,Returning_Visitor,False,False
2.3053923,25.353737,-0.0055377106,1.1035136,31.259226,1148.3558,0.008082818,0.023791764,0.8344123,0.0013752679,Nov,2,5,3,3,Returning_Visitor,True,False
3.2843404,1468.3774,0.8439663,76.57393,34.165424,2696.6619,0.0068244324,0.02007515,1.1055138,0.0025382664,Mar,2,6,1,1,Returning_Visitor,False,False
13.442755,225.87634,1.2719266,53.73187,76.73234,2615.9443,0.0028175095,0.016351001,3.3430843,-0.0007042152,Nov,2,2,1,2,Returning_Visitor,False,False
3.9599335,61.526703,-0.0042653303,-1.2711622,18.27723,656.533,0.0029304156,0.013899188,6.167998,0.0016860241,Jul,2,2,2,2,New_Visitor,True,False
0.97991,28.684723,-0.0030100564,-0.22269256,21.254543,708.46783,0.0141961,0.051406246,1.0993526,0.0059015364,May,2,6,1,3,Returning_Visitor,False,False
0.092978366,1.4505076,-0.007844292,-0.9429379,10.742027,199.25581,0.016093187,0.057195198,0.08094474,0.0005119729,Jul,2,2,1,1,Returning_Visitor,False,False
1.9409685,50.230583,-0.008544885,4.638815,20.060383,714.1721,0.0042017787,0.016379148,0.20306368,0.0013900051,Sep,3,2,1,2,Returning_Visitor,True,False
0.7790468,9.26551,0.0069841226,1.0990428,16.09636,438.1358,0.07890994,0.10594775,0.09897586,-9.2917435e-05,Jul,3,2,3,13,Returning_Visitor,False,False
-0.01333534,-1.0960011,-0.0050560455,0.7284526,5.998591,164.48909,0.0081077665,0.08352491,0.02182027,0.0012645671,May,2,5,3,2,Returning_Visitor,True,False
0.7972244,11.186919,-0.008118592,0.522108,13.476082,372.3985,-0.0006992839,0.043166656,1.6538961,0.043382708,Nov,2,4,1,5,New_Visitor,False,False
6.1158624,101.11925,1.1504153,44.54209,22.11572,563.32227,0.01536586,0.024834586,2.9359784,-0.0013989521,Oct,3,2,1,5,Returning_Visitor,True,False
0.14584363,4.8821177,0.0084419325,14.177916,7.2380414,241.45949,0.014854918,0.07574883,0.85673255,0.00018013516,Dec,2,2,3,1,Returning_Visitor,False,False
-0.034349315,-1.226006,-0.004076741,-0.2426091,7.0384355,707.2821,0.029843004,0.08604253,0.023412906,0.0019437248,Dec,5,11,4,1,Returning_Visitor,True,False
-0.0029698538,0.20738932,-0.0093282685,-0.54666334,14.027269,356.1053,0.070493944,0.101341374,0.010124408,0.70566887,May,2,2,1,2,Returning_Visitor,False,False
1.4038154,25.608341,-0.005801521,0.18831436,20.639837,782.3952,0.007773764,0.033340752,0.28544208,0.0013130779,Nov,2,2,1,3,Returning_Visitor,False,False
1.6732446,45.014614,0.07381786,30.834291,34.620964,1218.2256,0.015141732,0.029263046,0.025042735,0.0013367558,May,3,2,6,13,Returning_Visitor,False,False
3.5469844,119.89257,0.33076173,16.963915,8.996519,287.94354,0.00788226,0.02414962,-0.018067636,0.011923133,May,1,1,6,2,New_Visitor,False,False
1.6444832,101.23253,-0.0066078524,-0.85648924,18.907003,628.8809,0.0030126197,0.034577597,0.08605071,0.0025196213,May,1,8,3,11,Returning_Visitor,False,False
4.2355886,129.06609,0.017091312,12.896563,28.527138,583.37036,0.0019428969,0.01237934,2.099576,0.0016149866,May,1,1,1,4,Returning_Visitor,True,False
2.0559156,46.80402,0.057451285,7.135235,21.501057,610.99084,0.0021873263,0.01994666,0.06574174,0.00010587896,Nov,2,2,1,8,New_Visitor,False,False
8.201899,116.69909,8.978994,2223.4998,22.298883,1179.6676,0.009259277,0.010853629,0.1302826,0.0050813803,Jul,3,2,4,2,Returning_Visitor,True,False
4.7055397,194.62285,2.8288069,936.7811,38.602703,1429.4502,0.005927553,0.020890094,3.641676,0.0010275791,May,2,2,4,4,Returning_Visitor,True,False
4.954095,58.802383,2.5394948,97.774376,32.6886,1063.7295,0.009148894,0.029241713,0.040829383,0.00094778714,Aug,2,2,1,3,Returning_Visitor,True,False
0.56171334,29.466232,0.044018634,10.460573,17.911047,660.39014,0.0037198474,0.029924538,-0.013936318,0.00041366616,Mar,2,2,1,10,Returning_Visitor,False,False
3.3696697,110.8225,2.940123,486.3207,59.154408,2084.4846,0.0045146006,0.018755114,12.135738,0.00060818595,May,2,4,1,1,Returning_Visitor,False,False
2.723657,70.03181,0.033864953,25.084505,32.10933,920.74506,0.0012552455,0.018844362,0.77549046,0.0032534662,May,2,2,4,4,Returning_Visitor,False,False
2.0431378,43.523834,-0.0067739706,-0.34325224,17.68451,459.82684,0.025628675,0.0501825,0.048041545,0.00096794096,Oct,1,1,1,3,Returning_Visitor,False,False
0.9210397,19.070911,0.013408639,1.5957812,16.231852,515.76294,0.0029123554,0.036975384,0.08366796,0.00025679046,Dec,1,1,3,1,Returning_Visitor,False,False
1.452655,53.529766,0.033498056,9.395372,36.127617,848.13727,0.00843671,0.02701935,1.9620748,0.0012111614,Sep,2,2,2,1,Returning_Visitor,False,False
-0.008367173,-1.5093083,-0.0064505558,-0.09158905,10.990458,456.66144,0.09075149,0.12890367,0.0082480535,0.7526071,May,2,2,1,13,Returning_Visitor,False,False
0.28260434,3.2830653,-0.0026955227,-0.00088317686,5.223786,85.403275,0.026249746,0.08257679,0.0060546026,0.0020956087,Mar,2,4,1,1,Returning_Visitor,True,False
0.95548177,46.435356,-0.012269221,5.425947,28.05871,1154.7327,0.008163082,0.028750913,0.02998706,0.0046548382,May,2,2,2,1,Returning_Visitor,False,False
1.9005003,24.441792,-0.007197223,2.9177666,25.745796,569.873,0.011775878,0.03841554,0.12471982,-0.00017463168,Jul,2,2,1,4,Returning_Visitor,False,False
3.15783,114.335464,0.25515276,7.300915,32.75804,1200.0239,0.006845567,0.0239874,1.8179743,0.001417535,Dec,2,2,1,1,Returning_Visitor,True,False
0.28683507,8.327094,0.031876214,14.272373,15.258936,521.0479,0.0049240286,0.044821415,0.355993,0.0006184007,Dec,2,2,8,2,Returning_Visitor,False,False
0.1622113,3.8802943,-0.007122777,-0.21907242,17.651543,471.19928,0.005958406,0.043878324,0.37517473,0.0016568588,May,2,4,3,1,Returning_Visitor,False,False
7.1219454,151.8362,-0.0055815796,-0.030443266,53.92055,1304.9075,0.014285887,0.03058651,0.28811762,0.0011731373,Oct,3,2,1,4,Returning_Visitor,True,False
-0.008582465,1.8585734,-0.009714149,-0.3506413,18.07788,632.04315,0.016654884,0.045692243,0.06119462,0.71556324,May,2,2,2,4,Returning_Visitor,False,False
0.010322459,1.7504268,-0.006812773,0.25651735,3.3057828,72.50911,0.16400465,0.17440552,-0.00017861281,0.25140044,May,3,2,3,4,Returning_Visitor,False,False
0.73013425,11.316405,-0.0053414325,2.6386814,9.93738,295.23462,0.002732664,0.041168783,-0.0035341159,0.0046617636,May,4,1,1,3,Returning_Visitor,False,False
4.2597346,98.1035,2.4067228,102.33366,94.067345,3793.9011,0.006000524,0.021666145,1.0606501,0.0008047956,May,2,2,6,13,Returning_Visitor,False,False
2.0957673,37.068184,-0.011923157,10.851145,23.93777,728.2312,0.0007043608,0.015277051,2.1173074,0.0013989235,Nov,2,2,9,2,New_Visitor,True,False
1.020261,19.763004,-0.017436884,1.0801944,56.724964,1177.6958,0.0048402897,0.025945183,0.3951933,0.68844014,May,2,2,2,2,Returning_Visitor,False,False
2.6719575,55.805416,0.068168916,45.374084,14.81988,465.807,-0.0006598908,0.010201952,-0.0031874552,0.0011692295,May,2,2,7,2,New_Visitor,False,False
2.3354955,65.29385,-0.0053333263,-0.48479658,14.231209,372.25848,0.0013030596,0.024364615,0.7643582,0.0008456471,Mar,1,1,6,10,Returning_Visitor,False,False
1.1678468,27.918247,-0.006468437,-0.8843785,10.271822,261.54034,0.02441312,0.049886886,0.059595786,0.00061064464,Mar,3,2,8,11,Returning_Visitor,False,False
1.1716073,18.035973,-0.013469301,2.723032,16.543606,526.51874,0.012878423,0.03383679,1.3846939,0.20910114,May,1,1,4,3,Returning_Visitor,False,False
7.376921,167.33469,0.2565099,20.766708,16.889639,401.12762,0.0010826454,0.009787227,0.02787181,-0.00023487335,Aug,2,2,3,5,New_Visitor,True,False
0.6398361,18.131447,-0.010469578,1.3396319,14.351532,637.48883,0.008177103,0.033358604,0.65284175,0.0013780469,May,2,2,1,1,Returning_Visitor,False,False
-0.019254558,0.6637415,-0.00025712664,-0.18059357,1.6672635,12.002636,0.18878604,0.19514577,0.016409121,0.0074423277,May,2,2,6,3,Returning_Visitor,False,False
2.246911,60.140896,0.86435217,33.8673,44.752052,1493.1388,0.020452214,0.03668309,0.7160279,0.14425357,May,3,3,3,4,Returning_Visitor,False,False
4.02508,157.76434,-0.00014870577,0.89374727,63.880238,4537.124,-0.00042410972,0.0013435732,251.24455,0.0028068896,Oct,4,1,8,2,New_Visitor,False,False
0.49712265,3.3845134,-0.010884307,-0.030225828,5.2191205,142.67207,0.023647213,0.057211258,0.12744637,-0.00057821843,Dec,3,2,1,20,Returning_Visitor,False,False
1.6186802,19.935131,-0.0073921303,0.09647553,13.708975,250.88081,0.007991734,0.039970346,0.0064594373,0.0010184819,Mar,2,5,7,2,Returning_Visitor,False,False
11.421184,205.4618,0.61177117,39.41268,115.62392,3267.2805,0.009094857,0.022553718,4.748323,0.78426373,May,3,2,2,3,Returning_Visitor,False,False
0.17495358,2.2829127,-0.0016747337,-0.002153471,3.331612,13.1997795,0.15939638,0.17407972,0.00638362,0.0018600026,June,1,1,1,6,Returning_Visitor,False,False
3.0477617,100.91807,-0.0044777016,-0.22409256,19.570236,509.03613,0.0042800563,0.018153118,0.019458972,0.0018476384,Aug,3,2,1,1,Returning_Visitor,True,False
1.6291512,36.451817,-0.012455188,2.514452,22.315796,674.8326,0.00047499282,0.020628404,-0.0037410632,0.0009427282,Nov,2,2,1,2,New_Visitor,False,False
-0.0024868178,-0.42884114,-0.0042075138,0.5022754,9.784132,339.31628,0.108263485,0.14418137,0.035895072,0.0015467616,Dec,2,2,3,1,Returning_Visitor,True,False
-0.0057555367,0.09631296,-0.00252255,0.82085985,2.1737218,12.628246,0.20094822,0.20087007,0.074115954,0.0013927022,Nov,1,8,3,1,Returning_Visitor,True,False
2.4433281,80.395584,1.0440959,73.00291,61.08097,4265.959,0.0011290774,0.009817149,-0.010345735,0.0015285449,Mar,2,2,1,3,Returning_Visitor,True,False
7.8810053,389.2014,3.007136,31.748598,329.6483,9643.506,0.00247642,0.011111065,6.9242096,0.0005424569,Mar,2,2,3,1,Returning_Visitor,False,False
0.2942053,1.8488917,0.0041686078,0.4360065,13.45294,298.99866,0.014127968,0.052777864,-0.0436242,0.0016583452,Nov,2,10,4,3,Returning_Visitor,False,False
3.073459,57.394268,-0.010564886,-0.21208389,19.40757,482.56586,0.009694146,0.033883356,0.09207555,-0.0004949582,Nov,1,1,1,8,Returning_Visitor,False,False
1.4120438,52.29147,0.2808643,19.291452,20.082224,677.6962,0.012975457,0.03781187,0.14909287,-8.678933e-05,Aug,2,2,3,4,Returning_Visitor,False,False
2.542996,168.97913,-0.010901295,10.549608,14.92231,578.7935,0.0042282897,0.01941469,0.88363236,0.00039677942,Nov,1,1,6,2,Returning_Visitor,False,False
-0.007507675,1.2598186,-0.0076080183,0.49315065,15.727416,571.1185,0.0054383627,0.03463851,0.04088994,0.0017162623,May,1,1,6,4,Returning_Visitor,False,False
-0.014847152,0.11872812,-0.0004891377,0.49328417,1.2754045,-7.1053963,0.2000968,0.19984269,0.028458796,0.0019631262,May,1,1,6,4,Returning_Visitor,True,False
3.755689,68.30127,-0.005104385,-0.017179564,29.55496,1287.2852,0.0050960197,0.022605777,2.1647427,0.0017047176,Dec,2,4,7,1,Returning_Visitor,False,False
2.1598787,39.990997,0.44584516,7.430134,19.525785,664.2467,0.023935502,0.04782038,0.28771946,0.0005456756,Sep,1,1,1,4,Returning_Visitor,False,False
0.2494632,7.4030604,0.07021714,0.45091814,14.850021,407.01715,0.01791624,0.055479392,0.26725695,0.00096648064,Jul,2,2,4,1,Returning_Visitor,True,False
0.024864085,-0.5791479,-0.0037424783,0.3211345,1.6279893,14.441357,0.1867656,0.19276842,0.018693648,0.0014120812,Mar,3,2,3,1,Returning_Visitor,False,False
-0.010886304,-0.74076897,-0.006642006,0.042314455,4.73173,286.35492,0.18551162,0.18857537,0.07013341,-0.0005360705,Oct,3,2,8,20,Returning_Visitor,False,False
-0.024222486,1.671104,-0.0013162714,0.12021057,1.6449857,20.842602,0.20132223,0.20123795,0.045392714,0.25278234,Feb,3,2,3,3,Returning_Visitor,False,False
-0.002756946,0.015876258,0.007575222,1.11804,0.82312053,3.1521723,0.20008594,0.20119749,-0.07876519,0.002283598,Nov,4,1,1,3,Returning_Visitor,False,False
-0.00848829,-1.9539189,-0.00063326175,0.94398683,2.4472356,118.30025,0.17890744,0.19034797,-0.023350038,0.0014349209,Dec,2,2,1,13,Returning_Visitor,False,False
0.12717712,1.4691234,0.022756524,5.2043076,21.756771,704.2138,0.010602204,0.028230168,0.013898097,0.0011767583,Nov,1,1,4,3,Returning_Visitor,False,False
2.3624854,73.763626,-0.0058096866,-0.56983,36.389347,1332.5244,0.011849672,0.043708865,0.05084344,0.0017497266,Aug,2,2,5,1,Returning_Visitor,False,False
0.00218261,-0.8780828,-0.0020414214,-0.45914274,3.7318883,60.258617,0.14824647,0.16853432,-0.0012405291,0.001528083,Jul,3,2,4,1,Returning_Visitor,False,False
0.91623974,16.730026,-0.012069784,12.664148,17.043144,401.5332,0.0040471754,0.022042176,0.021469317,0.0005660529,Mar,2,2,6,2,Returning_Visitor,False,False
0.80618584,13.394202,-0.007792137,-0.33771712,15.002251,475.49786,0.005880728,0.029502533,0.040050708,0.00072951865,Dec,2,2,3,2,New_Visitor,False,False
0.7285186,11.334472,0.018905468,2.7746716,31.490597,780.54663,0.0025300698,0.017942471,2.092808,-0.0002599073,Dec,2,2,7,10,Returning_Visitor,False,False
0.481184,7.6586986,-0.010431252,0.3840999,13.495356,325.91254,0.014570107,0.04784818,0.06329223,0.00093915564,Mar,2,2,6,1,Returning_Visitor,False,False
2.5071766,53.478554,-0.0059577445,0.5925464,16.86413,659.99677,0.008152258,0.030515961,0.4307334,0.0018723035,May,1,1,1,3,Returning_Visitor,True,False
4.149907,115.88093,2.440593,104.570854,27.279034,931.6269,0.0066773207,0.018560074,0.0033394918,-5.168592e-05,Mar,3,2,4,2,Returning_Visitor,False,False
0.16486609,0.5090632,-0.0008007508,0.587408,16.166372,610.9517,0.006122339,0.053944025,0.03074237,0.0022120501,May,4,1,3,3,Returning_Visitor,False,False
4.74706,153.74286,0.0018572587,4.000347,15.856477,456.41638,0.003768565,0.01726975,-0.011173524,0.001074108,Dec,3,2,2,2,Returning_Visitor,False,False
2.6372228,48.330765,0.25925866,4.012108,63.826305,2041.9921,0.012069123,0.029188626,0.29715464,0.7483985,May,3,2,3,4,Returning_Visitor,False,False
0.0063244174,-0.44171193,0.0004529137,0.23716919,1.1494946,7.5503654,0.2005826,0.2007032,-0.011097707,0.0018370809,Dec,2,2,4,1,Returning_Visitor,False,False
9.158678,255.38213,0.03393481,5.987938,54.401333,1343.8206,0.009343165,0.022667617,7.861158,0.00036870563,Oct,2,2,1,1,Returning_Visitor,False,False
1.622371,32.34179,3.949142,586.6463,34.574196,1258.4757,0.0041284706,0.02164255,0.11005517,-0.0011591626,Nov,2,2,1,2,Returning_Visitor,True,False
0.6710291,23.370327,0.121366985,3.7882652,11.199055,273.50934,0.018141815,0.06279557,0.03052827,0.0016308526,Mar,1,1,6,1,Returning_Visitor,True,False
7.6525154,278.93466,4.784841,706.2397,42.13004,1745.4906,0.009023518,0.018642994,4.110711,-0.00012784204,Sep,3,2,6,2,Returning_Visitor,True,False
1.0905604,11.153342,-0.009232007,-1.203394,13.245348,318.96045,0.023609424,0.05446458,0.08596679,0.99960697,May,3,2,3,1,Returning_Visitor,True,False
0.21582377,3.9409022,-0.006381593,0.3131618,10.391645,705.5566,0.0353139,0.06859192,-0.01858262,0.0987143,May,2,5,1,1,Returning_Visitor,False,False
0.5534613,0.9224009,-0.007690213,-0.14242752,4.924132,69.29695,0.09507822,0.120419696,-0.032825746,0.3682369,May,1,1,1,2,Returning_Visitor,False,False
0.14285243,1.4595027,-0.008642696,0.92605776,7.048369,431.69843,0.05693518,0.08769092,0.12331363,-0.00018696985,Nov,3,2,3,13,Returning_Visitor,False,False
0.43769455,16.08931,-0.013677679,7.856785,15.76199,507.55884,0.016332055,0.058215894,0.48697063,0.05774656,May,3,2,3,3,Returning_Visitor,False,False
0.14698517,0.64132637,-0.004870198,0.06786911,1.0486245,10.069408,0.20010366,0.19973417,0.032962047,0.0008918333,Nov,1,2,1,8,New_Visitor,False,False
1.5651352,25.956219,-0.006619356,5.277748,18.591059,523.5854,0.009028276,0.026769629,0.19123717,0.00089134526,Dec,1,1,4,2,Returning_Visitor,True,False
13.207612,711.5902,3.233749,714.48254,148.98198,8647.342,0.0039615273,0.0163744,0.94797724,0.07994991,May,2,2,2,2,Returning_Visitor,False,False
2.526304,64.377464,0.0026646038,2.4772396,27.500881,1159.9396,0.0052551306,0.021174088,2.4719646,0.00031973296,Dec,2,2,7,2,Returning_Visitor,False,False
3.3616457,69.93676,-0.0108584985,0.16027634,35.837173,1044.096,0.008699211,0.021281432,11.087864,0.000390737,Nov,3,2,1,1,Returning_Visitor,False,False
0.51215005,14.2138815,0.011325426,3.1790047,13.919216,330.02155,0.011305803,0.04640446,-0.018677987,0.60836667,May,2,2,4,3,Returning_Visitor,False,False
0.8849913,28.946785,0.007867582,31.826952,35.91096,1279.6807,0.004896087,0.02479734,0.38147232,-0.0013870982,Nov,2,2,3,10,Returning_Visitor,False,False
1.4052294,30.264038,0.16475378,9.196632,13.384245,290.55286,0.0071590836,0.036618005,0.05600997,0.0003999161,Sep,2,2,1,2,Returning_Visitor,False,False
0.2348553,-0.09103445,-0.0051359157,0.263956,5.1738954,197.96846,0.04955844,0.07803875,0.042453013,0.0008828181,May,1,1,3,2,Returning_Visitor,True,False
3.5805871,67.694855,-0.01196792,2.5065117,5.6351285,81.26387,0.0072769686,0.04042514,0.023412429,0.00036020452,Aug,2,2,6,5,New_Visitor,False,False
2.2556124,166.77333,0.31042784,54.979195,18.410574,512.6299,3.773313e-05,0.023786249,-0.012597837,0.0020784389,Aug,2,2,8,6,New_Visitor,True,False
0.436422,15.026191,-0.013915978,10.310389,16.314749,715.9874,0.007696116,0.06333561,0.060044013,0.00052465376,Nov,1,1,1,1,Returning_Visitor,False,False
0.1681925,2.1113048,-0.009442829,-0.7866002,29.703163,1231.0308,0.021640755,0.050945614,0.025054656,0.44920713,May,2,2,7,11,Returning_Visitor,False,False
4.8445272,154.71722,1.438969,43.51095,55.03066,2633.0938,0.0063291485,0.025805501,9.755047,0.00028625378,May,2,2,7,6,Returning_Visitor,False,False
8.962698,169.79861,2.6511986,52.644566,129.86697,4566.588,0.012426807,0.020118974,2.0924666,0.0004264439,Jul,1,1,3,3,Returning_Visitor,False,False
0.081455834,-0.1617513,0.0030469974,0.7000293,1.0341668,3.911938,0.20000264,0.20052838,-0.015951432,0.007183502,May,1,1,1,3,Returning_Visitor,False,False
2.8041723,91.45661,-0.0078146085,-0.1261502,18.153585,810.30554,0.005248375,0.022789864,0.18994017,0.0006217348,May,3,2,3,2,Returning_Visitor,False,False
0.76646924,29.544964,0.49993008,19.701992,49.979053,1220.5897,0.00394918,0.025765235,1.6958854,-0.0006437463,Nov,3,2,1,6,Returning_Visitor,False,False
1.3502674,38.334373,0.078748025,7.9238873,24.506779,1215.0074,0.010054862,0.025261259,0.056585036,-0.0006920931,Mar,3,2,3,10,Returning_Visitor,False,False
0.68165076,11.474341,-0.0036342363,24.121851,11.740677,592.38477,0.0059949136,0.054957263,0.017868243,0.0015417287,Mar,2,2,1,1,Returning_Visitor,True,False
0.6436782,13.874595,-0.010459267,5.0834293,17.693306,583.6823,0.012667092,0.04768083,0.015325747,0.0046209604,May,2,2,1,3,Returning_Visitor,False,False
2.9494524,49.159058,0.026824273,12.853546,16.495165,505.24982,0.002018809,0.0145187555,0.0023705587,0.0012678193,Mar,2,2,3,2,New_Visitor,True,False
3.539768,52.352234,-0.004076145,-0.10578354,18.9817,720.32245,0.0027403457,0.015451082,-0.017219342,0.001520435,Dec,4,1,1,8,New_Visitor,False,False
0.7954141,23.815536,-0.006082795,0.21079819,19.385824,797.5018,0.009294917,0.02374105,0.1050541,-0.00028995177,Nov,3,2,1,8,Returning_Visitor,True,False
2.5885165,41.67473,-0.008438908,3.2543297,109.89457,4465.696,0.0027768721,0.017571822,0.58451575,0.0008642214,Nov,2,2,1,2,Returning_Visitor,True,False
2.4458828,66.84537,-0.010000609,0.0018672199,10.154562,338.26062,0.0012459956,0.027007151,2.0700755,-0.00085958216,Sep,1,1,3,5,Returning_Visitor,False,False
-0.015376918,0.67667335,-0.00062306935,0.21410172,1.9265294,17.526318,0.18432797,0.19432949,0.0066587552,0.0062207715,Nov,2,4,3,3,Returning_Visitor,False,False
1.0823432,23.707989,-0.008835636,-0.21438415,21.597452,562.78876,0.0045898403,0.027216986,0.34132168,0.108423285,May,2,2,7,2,Returning_Visitor,False,False
2.8867555,62.204334,3.625886,632.5668,41.938168,1818.5266,0.0059652063,0.02304617,0.6024477,0.34821835,May,2,2,6,4,Returning_Visitor,False,False
6.417744,136.15273,2.563002,80.51741,63.71236,2279.3127,0.006290631,0.025117766,2.842641,-6.0604267e-05,Nov,2,2,1,1,Returning_Visitor,False,False
0.85961545,15.441916,-0.013761722,2.0444164,18.695503,657.2611,0.0074173943,0.0337259,0.015155993,0.00058810663,Dec,3,2,1,2,Returning_Visitor,False,False
3.6286113,128.3403,3.188621,158.01346,30.436592,1128.9576,0.007847546,0.01815902,8.5711155,-2.8395407e-05,Dec,3,2,1,2,Returning_Visitor,True,False
1.0256765,30.290096,-0.010278903,4.1235447,19.446993,716.5793,0.01416938,0.04039779,0.58847827,0.0020800296,May,2,2,2,4,Returning_Visitor,True,False
2.0934143,48.65294,0.09361986,0.4209804,9.674904,350.73035,-0.00022826377,0.014953184,-0.020406999,0.0013376834,May,3,2,1,6,New_Visitor,False,False
8.981671,251.18452,2.724663,45.476562,189.29918,6203.9844,0.0017057896,0.016082685,1.6896532,-3.8133316e-05,Oct,2,2,4,1,Returning_Visitor,False,False
2.6215124,120.154724,1.9124597,145.57648,32.844704,1145.5193,0.0043662316,0.017321106,0.19443388,0.0009957651,May,1,1,1,2,Returning_Visitor,True,False
0.44857812,18.729958,-0.0037692408,-0.107885435,20.292934,746.5381,0.016669825,0.046699934,0.84696454,0.0019055182,Mar,1,1,2,3,Returning_Visitor,False,False
26.790035,833.14886,2.0609279,124.60628,600.6269,24948.574,0.004743667,0.008312694,6.7015204,-1.0700279e-05,Nov,2,4,3,8,Returning_Visitor,False,False
0.9144473,54.14024,-0.0038021426,-1.2947332,14.321606,439.09113,0.0049798596,0.017531348,-0.0084751025,0.0021179717,Nov,3,3,1,11,New_Visitor,False,False
8.619661,149.16588,0.23148884,6.437189,169.50531,6714.488,0.0031231807,0.012369745,2.4840267,0.001477162,Nov,4,1,1,8,Returning_Visitor,True,False
7.664115,124.34177,0.23371856,35.317936,43.060482,1004.2174,0.0054858415,0.021806011,0.27531025,0.00046211728,Oct,2,2,1,3,Returning_Visitor,False,False
2.0518768,58.514328,-0.010353349,0.29419512,33.549076,664.7584,0.024575647,0.046349674,0.07602473,0.35874957,May,3,2,3,13,Returning_Visitor,False,False
0.54185,11.347304,-0.0061686854,-0.5646916,10.897514,484.6151,0.008096589,0.039222993,0.07058068,0.00032618144,Nov,1,8,4,11,Returning_Visitor,False,False
7.9733953,170.97563,0.4939966,38.33146,25.507807,454.80408,0.0012423877,0.014444514,1.0228674,0.0011466915,Oct,2,2,4,5,New_Visitor,False,False
0.8998109,14.833938,0.0329336,4.4862785,8.744862,353.8402,0.002366686,0.034902338,2.392093,0.00088743743,Nov,2,4,9,2,Returning_Visitor,False,False
0.20503318,2.0170817,-0.008236848,14.275993,27.426811,876.8489,0.008040682,0.032229405,-0.013719834,0.6955577,May,2,10,1,3,Returning_Visitor,False,False
1.2449485,17.381351,0.0044959565,2.5161686,39.928406,1254.7825,0.016090682,0.03583297,0.07443734,0.00038162866,Jul,2,2,7,1,Returning_Visitor,False,False
0.16422951,0.30877635,-0.0060115675,-0.82082564,6.4778123,54.366405,0.11383522,0.15742071,-0.011963166,0.77968025,May,3,2,1,6,Returning_Visitor,False,False
1.4241678,29.285229,-0.0075866203,-0.5870114,8.481501,308.95618,0.00018581156,0.02287695,0.031581126,0.0005691896,Mar,2,2,5,2,Returning_Visitor,False,False
0.01781214,-0.6993261,3.6128225e-05,0.33641237,1.9132009,33.12617,0.18495409,0.19067885,-0.021961488,0.0017412478,Mar,1,1,1,1,Returning_Visitor,False,False
6.4087844,182.85703,0.40724483,15.016607,37.4383,1394.8411,0.008998738,0.022741733,1.2967489,-0.00057122234,Nov,3,2,3,2,Returning_Visitor,False,False
-0.032467477,1.3449779,0.0011297244,-0.42117888,3.3092446,256.1073,7.4740165e-05,0.045057435,0.012045108,0.0024308066,Mar,3,3,3,9,Returning_Visitor,True,False
7.450959,209.62817,3.7011464,304.11145,56.867035,2362.28,0.0036798192,0.016625546,5.942018,-0.00046945116,Mar,2,2,3,2,Returning_Visitor,False,False
6.2009416,265.5554,3.0831268,138.06645,115.51708,5230.0127,0.004639327,0.016524704,0.5337464,-0.00021490207,Nov,1,1,1,2,Returning_Visitor,False,False
5.9598403,136.86674,-0.00461515,-0.3904248,33.473724,747.4868,0.01172227,0.031486705,1.7781594,0.0018745238,Sep,2,2,1,3,Returning_Visitor,False,False
-0.0012799429,0.27991435,-0.006188057,-0.23211487,14.93256,205.2491,0.08146941,0.10253367,0.012714587,0.55974084,May,3,2,1,3,Returning_Visitor,False,False
1.410476,23.684586,-0.006270371,-0.42571837,13.494919,409.0749,0.008196576,0.017220305,-0.0005553142,0.0009051102,Dec,1,1,1,2,Returning_Visitor,True,False
0.9229473,35.890366,-0.0056411247,-0.4296208,21.381697,1224.4357,0.0022139137,0.021770084,-0.0059092417,0.0017400818,Dec,3,3,3,2,Returning_Visitor,False,False
1.5505421,10.362189,0.02587507,4.403713,38.52003,1079.3301,0.018389544,0.0479444,0.27933905,1.0003722,May,2,2,1,6,Returning_Visitor,True,False
5.592659,132.3962,1.9093347,44.58327,298.47067,11204.058,0.005529556,0.019320844,0.18805857,0.00035742545,Nov,2,2,1,1,Returning_Visitor,False,False
1.9360313,12.258941,-0.007564686,0.3843822,9.730747,558.0314,0.010679314,0.045880448,0.037463866,-0.00017087659,Nov,3,2,1,10,Returning_Visitor,True,False
2.889479,32.87156,2.852351,79.76607,43.303093,1110.624,0.0030609535,0.020876959,0.66070575,-0.0013673989,Nov,2,2,3,2,Returning_Visitor,True,False
-0.015241019,-1.4762654,0.00059116667,0.75116915,2.7024388,6.6532707,0.19111556,0.19436054,-0.022073545,0.0074060694,May,2,2,1,13,Returning_Visitor,False,False
0.5149596,8.9364,-0.012301706,0.09035294,15.0593605,676.25555,0.02649905,0.06199973,-0.0057142153,0.6433101,May,1,1,1,3,Returning_Visitor,False,False
1.0137595,25.58599,-0.007838212,0.19690506,12.569731,360.9682,0.0084582325,0.046186987,0.10345813,0.0005214016,Nov,1,1,3,3,Returning_Visitor,False,False
3.0366218,37.003914,2.5803242,202.98373,21.401018,881.2966,0.0031061692,0.028134922,0.42937633,-0.00035346425,Aug,2,2,1,2,Returning_Visitor,False,False
0.6895977,11.931533,-0.014519416,21.45031,37.050606,1139.3165,0.0052866894,0.021301707,0.6764204,-0.0008879316,Dec,2,2,3,10,Returning_Visitor,False,False
1.3121452,44.280933,1.0927769,7.039728,32.663746,1079.3472,0.007236784,0.02992665,0.7791688,-0.00011955326,Sep,1,1,3,2,Returning_Visitor,True,False
1.9311002,42.189133,0.02424986,-0.12735184,21.492344,666.6398,0.013053806,0.04516574,0.08531877,0.00091630843,Dec,1,8,3,1,Returning_Visitor,False,False
10.585746,251.51804,0.33021653,2.7033482,33.661053,1378.5768,0.010293631,0.026598996,1.2367456,0.00059052807,Dec,1,1,3,1,Returning_Visitor,False,False
3.1777887,55.88536,-0.008342825,-0.6699925,22.654945,702.82074,0.003269471,0.02178831,1.892345,0.0001928086,Oct,1,1,1,2,Returning_Visitor,False,False
1.1187792,32.156853,-0.008152746,-0.69442946,19.717823,388.32355,0.013364393,0.02801377,1.9395635,0.0005694951,Aug,1,8,7,1,Returning_Visitor,False,False
1.3028448,19.430347,0.08836991,15.526789,26.70296,842.7384,0.005055401,0.025853785,0.7973382,0.00079310936,Mar,2,2,3,3,Returning_Visitor,True,False
0.080361255,2.406837,-0.010186993,-0.62969404,11.102417,518.6196,0.004625752,0.04186022,0.05674001,0.6777714,May,2,2,5,1,Returning_Visitor,False,False
0.013347991,-0.99414116,0.0003414828,0.7105388,1.884974,12.48225,0.1887211,0.19365034,-0.022822656,0.0017214032,Dec,1,1,4,1,Returning_Visitor,True,False
1.8717533,58.62346,0.0035250862,3.0153599,16.750437,633.02747,0.026441332,0.042319894,0.030364238,0.004470675,May,3,2,6,3,Returning_Visitor,False,False
2.0299318,40.19509,0.26760277,20.298975,17.76913,533.29407,0.020450525,0.051719762,0.714976,0.5943631,May,2,2,4,6,Returning_Visitor,False,False
0.47906542,5.1601405,-0.01243379,5.437439,24.331913,666.1413,0.010443376,0.045256916,0.29379627,0.06021195,May,2,2,3,13,Returning_Visitor,False,False
0.55527234,5.5115657,-0.018327855,-0.23061569,12.69533,593.8514,0.010174988,0.03976779,-0.02219943,0.3432186,Feb,2,4,1,10,Returning_Visitor,False,False
1.2660261,35.555878,-0.011121474,4.9887886,17.031002,454.23785,0.003942206,0.01754783,-0.0049317256,0.0011278341,Mar,1,1,1,2,Returning_Visitor,True,False
1.2104617,41.12737,0.010873891,5.86681,10.178738,352.37012,0.011547958,0.04575371,0.07328864,0.003867152,May,1,1,3,3,Returning_Visitor,False,False
0.79532754,20.326576,-0.005492709,0.090570375,17.295364,455.46442,0.007283851,0.042924643,2.1866703,0.06266209,May,2,2,4,13,Returning_Visitor,False,False
0.8487531,9.607688,0.03248272,10.88834,39.473186,1560.4414,0.012890162,0.036206447,0.6296188,0.0003251458,Nov,2,2,3,1,Returning_Visitor,True,False
0.75141096,25.168777,0.00049854105,4.8959827,13.27989,508.3612,0.04711788,0.07571587,0.004008971,0.022366637,May,3,2,4,3,Returning_Visitor,False,False
1.3748425,45.03713,0.015233226,5.500389,31.196367,892.1565,0.023307664,0.04782932,0.10854455,0.034446128,May,3,2,1,6,Returning_Visitor,False,False
3.063715,61.235558,0.35175252,21.275589,36.062206,1156.0284,0.014845251,0.033289645,0.06038972,0.0010132479,June,1,1,3,3,Returning_Visitor,False,False
0.4547869,9.541228,-0.010569714,0.023382112,18.873558,685.9807,0.012349819,0.04603508,0.7004706,0.0860504,May,2,2,3,4,Returning_Visitor,False,False
6.2908745,65.03878,0.05710972,5.976162,50.33729,1067.1499,0.005141025,0.02505305,0.9720523,0.7092979,May,2,2,1,3,Returning_Visitor,False,False
4.992843,1716.4633,0.012180425,-2.9117298,21.402225,788.92487,-0.00026465798,0.005530632,0.108041964,0.0022111933,Dec,2,2,4,2,New_Visitor,True,False
6.6750464,258.25717,-0.008705698,-0.3562947,46.995747,1498.8053,0.00263188,0.0136819435,25.938372,0.0011253046,Dec,1,1,1,2,Returning_Visitor,False,False
1.7825409,31.561764,0.22155832,6.9503574,18.199917,491.3302,0.0030854454,0.022533562,0.09560891,0.0017791303,May,2,2,4,4,Returning_Visitor,True,False
3.992081,106.745316,6.269261,1204.6664,100.893974,4222.5317,0.0069734086,0.022926303,2.743754,0.004785041,Nov,2,2,3,2,Returning_Visitor,False,False
0.8709706,13.195952,-0.0059747915,0.08321564,16.174393,357.67786,0.007925264,0.047704015,0.070131026,0.0013736772,June,2,2,3,3,Returning_Visitor,False,False
0.8512162,25.47733,0.010874279,3.2694416,18.571623,453.70325,0.020307535,0.04466239,1.5115583,-0.0004201097,Jul,3,2,3,1,Returning_Visitor,False,False
0.0035275293,-0.5680242,0.3934523,-0.24509247,1.2939134,16.244335,0.20082201,0.19975081,0.0011922941,0.00073026743,Nov,1,1,3,15,Returning_Visitor,False,False
-0.0010241198,-0.41855672,-0.00066911394,0.9686412,1.6669888,13.914745,0.20039028,0.19956234,0.010841094,0.0016534278,Nov,1,1,3,3,Returning_Visitor,False,False
2.5224855,36.167423,0.00487683,44.221447,10.980907,407.09503,1.2246558e-05,0.029714758,0.035182677,0.0006681594,Dec,2,2,7,8,New_Visitor,True,False
-0.010518424,1.1504588,-0.0029623727,-0.46866804,1.3596883,36.753735,0.18234743,0.19403528,-0.047906674,0.53509593,May,2,4,7,6,Returning_Visitor,False,False
-0.025678031,-0.06849722,-0.0027812342,0.21990387,1.0591435,-2.846607,0.20035326,0.19966675,0.050602637,0.0009971062,Feb,1,1,3,4,Returning_Visitor,True,False
3.1775627,127.14489,0.05271826,14.839233,17.611647,793.7931,0.0020292623,0.015109387,0.1830513,0.0020131457,May,3,3,4,2,Returning_Visitor,False,False
2.4438956,80.296814,-0.00693389,-0.29825026,12.285889,355.5943,-0.0004781581,0.0037515785,0.0036012754,0.00093442824,Oct,2,5,3,2,New_Visitor,True,False
2.254698,33.04838,-0.0047106366,-0.7258702,32.95945,955.1228,0.0046304422,0.015916765,3.7253404,0.0017402979,Mar,2,4,1,2,Returning_Visitor,False,False
0.8647661,12.740401,-0.00955268,-0.56631285,40.324978,1124.1676,0.010418625,0.033286717,0.08423444,0.00015208745,Oct,2,2,1,1,Returning_Visitor,False,False
4.277163,182.10265,-0.0018519979,0.729803,17.902645,411.14056,0.010062,0.022779597,0.86069363,-0.000100219004,Oct,3,2,1,2,Returning_Visitor,False,False
1.1042751,14.909308,0.074775554,9.505125,34.570465,1228.003,0.0061250194,0.023385372,1.5258062,0.0006775993,Dec,2,2,1,2,Returning_Visitor,True,False
2.0017493,27.221912,0.16636671,45.202133,39.740665,912.70856,0.009849998,0.03168708,-0.039192,0.66420716,May,2,5,1,2,Returning_Visitor,False,False
1.3872098,21.095707,-0.0026194672,-0.3129292,21.215096,935.34375,0.0024153215,0.02453101,0.9483225,0.001803639,May,2,4,4,2,Returning_Visitor,False,False
0.15092528,-0.5776678,0.000469752,0.8008937,1.153647,1.3731196,0.20002414,0.2008945,0.008203708,0.002126592,Dec,3,2,1,1,Returning_Visitor,True,False
3.5162234,66.59512,2.81957,86.999245,70.80411,4500.6562,0.0071421233,0.024456989,0.9575564,4.963825e-05,Sep,2,2,5,1,Returning_Visitor,False,False
2.8062537,45.017723,-0.0021914463,0.6732082,33.635143,1198.422,0.0012488771,0.015684491,0.5136835,0.0012375141,May,2,5,7,3,Returning_Visitor,False,False
13.272982,279.8349,4.997489,107.581825,213.14075,6478.148,0.009979241,0.02646828,2.6401966,0.0006261195,June,2,2,6,1,Returning_Visitor,False,False
6.4470706,2677.7056,3.0370243,347.01288,63.74516,5583.9297,0.033237055,0.03898608,-1.6520078,0.0021138925,Jul,3,2,1,13,Returning_Visitor,False,False
2.6096241,59.438114,-0.0065047364,-0.021116331,15.248632,647.7252,0.012679729,0.034138754,0.04789134,0.0012343774,Mar,3,2,3,1,Returning_Visitor,True,False
1.6640619,55.066193,-0.0057616453,2.1200924,12.353008,268.8017,0.004145998,0.027542165,0.03430959,0.0009589891,Dec,3,2,3,2,New_Visitor,False,False
3.008653,31.645622,4.964907,2190.9292,23.90324,427.28186,0.027437191,0.0295016,0.32192728,0.0044749514,Jul,1,1,3,1,Returning_Visitor,False,False
6.368016,1038.5627,4.3999233,251.18428,30.462622,1784.6661,0.0073098303,0.022156218,2.1902246,0.00080306333,Mar,2,2,1,2,Returning_Visitor,False,False
-0.032388322,0.753982,0.012693681,-0.89625365,1.3219781,28.027782,0.200593,0.19933419,0.025145732,0.95700324,May,1,1,1,2,Returning_Visitor,True,False
4.087438,109.59484,0.07758997,2.0853329,29.882572,745.5357,0.013713677,0.04366741,0.12498065,0.0011686968,Sep,1,8,1,1,Returning_Visitor,False,False
-0.055561177,0.31015727,-0.0061543207,-0.37663084,1.2682786,-1.5251958,0.20097016,0.20009361,0.10669061,0.0005273397,Dec,1,13,9,20,Returning_Visitor,False,False
1.5480379,33.762,0.033193715,4.018362,17.93588,571.66,0.008538295,0.029404758,0.012417041,0.0014090562,Mar,3,2,1,1,Returning_Visitor,True,False
0.30172837,1.2582088,0.059036203,8.014725,18.097609,621.9906,0.051812753,0.09342243,0.025341235,0.00081856054,Dec,3,2,1,13,Returning_Visitor,False,False
1.2555901,78.85443,0.042373724,-0.0042057782,37.77165,1026.1105,0.0060155685,0.018219473,0.02287551,3.8991084e-07,Nov,1,1,4,2,Returning_Visitor,False,False
4.3370705,237.83646,-0.0038227658,-0.5163403,12.808601,416.86536,0.006579962,0.024927434,-0.011251725,0.0011815341,Nov,1,1,4,2,New_Visitor,False,False
0.007863648,-0.77034813,-0.0031656842,0.45665544,4.5630097,17.29414,0.17763188,0.19162297,-0.07372502,0.41212815,May,3,2,4,13,Returning_Visitor,False,False
-0.054733627,0.5822672,0.021010675,-0.5275288,21.008564,248.22035,0.016024407,0.0800872,0.049790107,0.0025605585,June,2,4,2,3,Returning_Visitor,False,False
1.3646425,13.266875,0.07259894,1.9587153,18.869041,655.0437,0.014571143,0.041208915,0.071449004,0.98070157,May,1,1,1,2,Returning_Visitor,True,False
0.7168199,25.310993,-0.005843423,-0.7378636,15.619419,702.8262,0.0055446248,0.032899942,-0.0036294833,0.009882695,Nov,2,4,7,6,Returning_Visitor,False,False
1.57319,40.051434,0.05014605,16.697773,12.232147,354.8332,0.0033968722,0.025907332,-0.0086448565,5.887697e-05,Mar,3,2,1,10,Returning_Visitor,False,False
0.5411576,28.888775,-0.0062880735,-0.082117155,10.49691,450.07452,0.030812526,0.06711605,0.111427985,0.0009391668,Sep,2,2,1,13,Returning_Visitor,False,False
15.254207,2674.9048,13.037318,1966.7003,343.50787,30001.51,0.0064539476,0.02686558,0.8514678,-0.0025814336,Dec,2,2,1,2,Returning_Visitor,False,False
8.01134,296.6981,8.053033,180.95642,162.72131,16329.947,0.009801918,0.026505498,2.302846,-0.00040811425,June,2,2,1,5,Returning_Visitor,True,False
1.2782781,19.330173,1.1396086,1261.4226,25.998543,1626.8071,0.0148060685,0.04668217,0.102086745,0.0014032224,Mar,2,2,1,3,Returning_Visitor,False,False
7.417967,391.45447,1.4727925,41.865726,24.750914,890.1877,0.0044420804,0.012391406,0.8879191,0.000214609,Dec,1,1,3,2,Returning_Visitor,True,False
3.0077145,35.434753,-0.005877338,-0.115575865,17.676424,555.9527,0.00844735,0.03983373,1.1610191,0.001102774,May,2,5,3,6,Returning_Visitor,False,False
0.9519236,15.980254,-0.0023802142,5.164709,15.372728,586.5248,0.00923042,0.032301854,0.0009781942,0.0017470891,Mar,3,2,1,3,Returning_Visitor,False,False
10.138386,356.10416,3.3052187,143.81793,27.37021,645.5463,0.01528805,0.023825815,0.048278056,0.003958358,May,3,2,1,3,Returning_Visitor,False,False
2.3454146,100.3115,-0.008238696,-1.2935964,25.83298,985.96686,0.016247436,0.033240996,1.486233,0.9521219,May,3,3,3,2,Returning_Visitor,True,False
9.828678,463.87106,2.0990345,94.44971,51.09605,1889.8154,0.0065736244,0.023329182,11.782252,-0.00016093752,Nov,1,1,1,2,Returning_Visitor,False,False
2.0973907,94.43565,0.121759005,9.140856,14.515667,411.67627,-0.00032810713,0.009899708,0.02750703,0.00095421326,Oct,3,2,3,2,New_Visitor,True,False
6.5373564,149.4227,-0.0031330208,0.6389484,112.682014,3681.3481,0.0067466856,0.025844503,2.8343573,0.0011752645,Nov,2,5,1,1,Returning_Visitor,False,False
1.6648167,49.3572,0.04221929,3.3147945,26.155539,812.9227,0.007480947,0.033046488,2.6293209,0.00091414404,Dec,1,1,1,1,Returning_Visitor,False,False
4.6988173,129.11562,0.0640722,5.2305107,18.696873,649.55554,-0.00038446332,0.01339521,0.022859298,0.002145036,Aug,4,1,3,1,Returning_Visitor,True,False
2.1024086,78.9386,0.32235125,61.5851,11.792089,457.5641,-0.00025067138,0.01983817,-0.0067532435,0.0017372431,Dec,3,3,4,8,New_Visitor,False,False
1.208255,40.62691,2.0227523,101.81688,30.347143,1539.8586,0.0050104926,0.026003784,1.5278323,0.0001986275,Mar,2,2,1,1,Returning_Visitor,False,False
1.2641749e-07,0.14406535,-0.0002106052,0.5901622,2.3687005,40.263866,0.18731026,0.18944757,0.0072466955,0.010570402,May,1,1,3,3,Returning_Visitor,False,False
1.3818178,47.82104,-0.007301412,-0.46012694,12.178535,333.92554,0.0015946716,0.015539839,0.017294131,0.0010089005,Nov,3,2,6,2,New_Visitor,False,False
7.864775,255.93367,-0.0050765495,3.187027,49.166946,1481.5879,0.0045139226,0.017249351,0.18844242,0.001396204,Oct,2,4,4,2,Returning_Visitor,False,False
1.6353586,24.920578,0.12156931,0.12234299,8.891706,285.84033,-0.0001977462,0.024428653,0.02201005,0.0017610068,Sep,2,2,8,2,New_Visitor,True,False
2.8877897,268.7271,1.0575001,1777.7831,359.7365,13289.365,0.0041044257,0.00921015,-0.20929937,0.0048108124,May,2,2,1,19,Returning_Visitor,True,False
0.2653736,26.738327,0.07473383,2.1836262,11.6950245,574.01697,0.015139289,0.040224366,0.14813395,0.0006813395,Sep,5,11,8,1,Returning_Visitor,False,False
0.02782739,-0.13252309,-0.002269111,0.66510195,3.6219525,32.810253,0.18025008,0.18642327,0.008721553,0.0013090508,Nov,1,1,4,1,Returning_Visitor,False,False
5.464393,302.95007,0.26284128,20.320826,36.524506,1769.3701,0.011361402,0.025466822,9.668962,0.0021468538,Oct,3,3,6,1,Returning_Visitor,True,False
-0.030065887,-1.5733876,-0.0035704593,0.5194568,2.1709027,-8.821217,0.20059957,0.20042136,0.019597732,0.0014158959,June,3,2,3,13,Returning_Visitor,False,False
2.911123,75.50799,0.2998537,11.059559,10.444092,267.24677,-0.00073643436,0.019459978,0.029574119,0.00097308186,Mar,1,1,9,8,New_Visitor,False,False
3.3315113,132.4108,-0.009301506,11.081009,8.017891,252.2613,-0.00036637517,0.021879056,0.0068313703,0.001369095,Mar,3,2,8,8,New_Visitor,False,False
0.5701513,20.515923,0.41183415,34.631424,8.846081,189.68971,0.01527913,0.0468711,0.1009204,0.0002742509,Jul,3,2,1,4,Returning_Visitor,True,False
3.3899596,86.38353,1.8893007,96.11401,83.07463,5087.1196,0.004341196,0.018632967,-0.031214513,0.0012826162,Mar,2,5,2,1,Returning_Visitor,True,False
1.0148418,20.880074,-0.0049162726,-0.08485229,12.355469,372.12683,0.0011059862,0.025601307,0.0068366155,0.0014714958,Nov,1,1,1,2,New_Visitor,True,False
5.2492213,183.24913,0.1797267,9.767229,39.959686,1849.7026,0.02753547,0.045692593,0.4992368,0.0011538888,Oct,1,1,4,1,Returning_Visitor,True,False
0.76965463,11.139625,-0.010629676,-0.43111998,11.518345,316.8072,0.005586007,0.04104708,0.092527114,-0.000104909144,Dec,2,2,3,8,New_Visitor,False,False
-0.031225316,-0.6670461,-0.0016064864,-0.2692433,0.9521279,-0.3638189,0.20080805,0.20048942,0.02612897,0.0021278027,Sep,2,2,1,1,Returning_Visitor,True,False
5.218704,75.669235,0.14604397,-1.4586583,135.70203,6577.5015,0.008012932,0.017842172,0.08915683,0.7603555,May,2,2,5,6,Returning_Visitor,False,False
0.75579476,38.391945,-0.0046249847,-0.7618466,9.632814,350.63776,5.0624498e-05,0.017873416,0.015001498,0.0012960831,Nov,3,2,1,6,New_Visitor,True,False
0.3050164,3.7715755,-0.007005356,-0.67674834,8.666962,259.28833,0.025239155,0.058853902,0.0775406,0.00031419718,Jul,2,2,6,13,Returning_Visitor,False,False
8.313572,305.4185,5.5228133,562.91644,49.865013,2243.3347,0.009550756,0.019791262,12.400839,3.4841396e-05,Dec,1,1,1,2,Returning_Visitor,False,False
0.8048873,5.459533,-0.011688255,0.07192032,17.994473,493.01086,0.022706812,0.051241796,0.41624996,0.64414483,May,2,2,1,1,Returning_Visitor,False,False
5.2087007,212.13083,1.449662,279.46005,23.445658,836.5317,0.005288161,0.024889905,2.8336165,0.00091396895,Mar,2,5,1,2,Returning_Visitor,False,False
5.661867,82.9264,0.018109836,27.710903,102.69212,3350.6458,0.000874465,0.009026497,0.58470505,0.0011626991,Jul,2,2,1,2,Returning_Visitor,True,False
3.9815009,93.1892,-0.007420085,-0.5207425,15.112181,749.0419,0.0026267038,0.009524523,0.020092212,0.00093687576,Mar,3,2,1,8,New_Visitor,True,False
1.290527,31.9007,0.06519578,8.773918,18.122164,572.3868,-0.00019926425,0.014992635,2.386917,0.0015017564,Dec,8,2,1,2,New_Visitor,True,False
1.2511077,21.700005,-0.007896148,-0.18396194,20.52424,682.0587,0.0053360327,0.028348258,0.65679806,0.003235771,May,2,2,1,4,Returning_Visitor,False,False
1.9810036,21.596886,0.14184417,11.464008,21.74903,599.1543,0.0016335413,0.025867844,3.0523598,0.0008400182,Mar,2,4,3,2,Returning_Visitor,False,False
2.8374643,56.420403,-0.008665524,4.37344,33.178535,980.3869,0.0013246626,0.018936329,0.2218258,0.0014544675,Mar,2,2,4,3,Returning_Visitor,True,False
0.40951097,5.3311763,-0.00637301,0.1822261,39.4064,1016.5602,0.009450318,0.02995413,0.028650485,0.0010118919,Nov,3,2,4,3,Returning_Visitor,False,False
2.4445057,69.09075,-0.0073764543,33.806034,39.90846,2058.5286,0.000227356,0.01744323,3.4458213,0.00051509467,Nov,2,2,9,2,Returning_Visitor,False,False
1.6470028,29.790031,-0.0035645585,0.28115267,12.483313,484.96765,0.022888476,0.045824904,0.050773345,2.1955617e-05,Dec,1,1,1,8,Returning_Visitor,False,False
4.9115834,173.10466,3.8542693,108.999794,167.33974,5802.085,0.016163247,0.032187138,0.58633584,0.0005101177,Nov,3,2,1,3,Returning_Visitor,False,False
0.9046731,24.037018,-0.002120934,0.38857073,16.446535,571.96844,0.0059922743,0.03641609,0.10788318,-0.00031575686,Dec,2,2,7,20,Returning_Visitor,False,False
0.3292215,-0.368279,0.0033759256,0.6468372,2.0524354,9.367016,0.19074461,0.19332927,-0.045278348,0.0018591942,May,1,1,1,2,Returning_Visitor,True,False
2.2782776,56.297527,0.17935435,24.106007,29.843304,824.7715,0.011810801,0.03213105,0.0040924177,0.0027397338,May,1,1,1,6,Returning_Visitor,False,False
2.677699,52.846493,4.201243,115.90692,23.08166,1006.7649,0.0012304574,0.017041896,-0.03765086,0.00039417917,Mar,2,4,1,10,Returning_Visitor,False,False
7.921874,1516.5026,1.1194681,32.194588,46.044785,1300.9095,0.006963249,0.031688284,1.1522682,0.003307725,May,2,4,1,3,Returning_Visitor,False,False
-0.009711139,-1.1869664,0.0014283139,1.1628093,1.3653703,-2.388233,0.19968049,0.20107542,-0.036955632,0.0018977063,Dec,2,5,2,1,Returning_Visitor,False,False
6.9768815,218.2412,-0.0063379626,1.8086299,67.63726,3920.4932,0.00604172,0.020777734,5.468778,0.0009238596,Oct,2,2,8,2,Returning_Visitor,False,False
1.0051833,23.98346,-0.0055161933,2.3255367,16.022062,509.2879,0.027354954,0.051334318,0.058115207,0.0007415476,Nov,3,2,1,13,Returning_Visitor,True,False
-0.010482185,-0.43223622,0.0038467725,0.68495363,1.2391229,-1.6021001,0.20049869,0.20112085,-0.011453904,0.0024702314,May,2,2,2,3,Returning_Visitor,False,False
6.978447,197.44783,1.2406154,52.45738,73.204666,2880.994,0.022186812,0.036258407,3.9664083,0.00011557961,Sep,3,2,6,13,Returning_Visitor,False,False
1.8245912,44.976566,-0.009425901,0.09789078,16.893085,586.24713,0.0076324292,0.02883097,0.03915807,-0.00030177957,Dec,3,2,3,10,Returning_Visitor,False,False
-0.0067528416,-1.1510243,0.0017193634,0.8785381,1.6825433,13.128002,0.17814507,0.18826774,-0.043676175,0.0015797155,Mar,2,5,1,1,Returning_Visitor,False,False
2.7545874,58.950535,-0.004636369,0.057428285,12.410803,418.0484,0.01052099,0.028805446,0.4582741,0.0016715514,May,3,2,4,4,Returning_Visitor,True,False
0.1310898,9.511016,-0.009709857,-1.0337774,20.944475,1030.9353,0.022755865,0.044581782,0.058614932,0.67683136,May,3,2,6,1,Returning_Visitor,False,False
0.21267092,1.3868556,-0.0078501925,-0.78343016,11.616058,413.92578,0.006244415,0.03437223,0.04127904,0.0001415635,Dec,3,2,3,6,Returning_Visitor,False,False
3.5463316,71.55657,-0.013770007,0.69624513,13.648228,275.22015,-0.00039460542,0.010724395,0.52772444,0.00037065396,Oct,2,2,1,2,New_Visitor,False,False
6.341215,353.26328,1.6375003,95.8923,55.067066,1975.595,0.021146413,0.03664687,3.4638197,0.0034431394,Nov,3,2,1,13,Returning_Visitor,False,False
0.3165139,16.022385,-0.0073703746,-0.6869717,13.201199,559.03094,0.004235798,0.033708375,0.035888396,0.6593073,Feb,2,2,1,3,Returning_Visitor,False,False
0.84897625,24.704102,-0.008207105,0.2109317,24.509588,639.9281,0.019312687,0.040452767,0.07259055,-0.0006682438,Nov,1,1,3,10,Returning_Visitor,True,False
1.2833937,27.750858,-0.0014997345,7.289789,19.60716,735.3106,0.00463058,0.020266911,-0.010887422,0.0016560281,Mar,1,1,1,3,Returning_Visitor,True,False
2.1033301,77.68235,0.001203217,-0.44162947,8.577421,265.8833,0.0043024193,0.013612841,-0.026104249,0.0021102156,Mar,3,2,1,9,New_Visitor,True,False
1.4931672,28.47636,0.04675544,12.161705,21.86348,652.6556,0.005250569,0.037472695,1.914355,0.0070696534,May,2,4,3,4,Returning_Visitor,False,False
1.4635574,37.953865,-0.009210549,10.331905,29.39972,778.33417,0.0045483424,0.023212848,0.24565764,0.6925043,May,2,2,3,2,Returning_Visitor,False,False
5.4436893,100.54775,1.4734817,103.958694,186.5116,7146.2812,0.013311677,0.027795501,0.5765416,0.00016293922,Aug,2,2,3,13,Returning_Visitor,False,False
0.88363254,10.321715,0.06410835,7.7480164,28.09955,1227.0944,0.0030376033,0.020017397,0.42681906,0.0018805811,May,2,4,7,4,Returning_Visitor,True,False
-0.059774272,2.3504634,3.0035088,42.501633,180.35036,1715.5002,0.0002393328,0.026139189,0.05801841,0.0011774959,Aug,2,4,9,11,Returning_Visitor,False,False
1.8281511,36.225246,0.6171868,40.982887,33.35325,1479.0192,0.004846496,0.026508747,0.9336812,-0.00049424666,Nov,2,2,7,2,Returning_Visitor,False,False
0.70016515,18.724682,-0.0081048235,2.2802181,11.609993,403.3388,0.007941738,0.04290466,0.009335719,0.0017922173,Mar,2,2,1,3,Returning_Visitor,True,False
1.1422596,41.419754,0.010023661,1.0132273,34.915104,1278.2334,0.012084232,0.038072105,0.12598915,0.0014579693,Nov,2,4,1,1,Returning_Visitor,False,False
5.588166,90.34691,-0.010226093,-0.42339903,10.563417,689.7089,0.011193759,0.019054292,6.3591433,0.0003197814,Sep,1,1,7,4,Returning_Visitor,False,False
2.214333,65.2782,-0.009756587,1.8936824,22.266598,712.49316,0.00543889,0.02413109,0.22787209,0.0009942563,Mar,3,2,1,2,Returning_Visitor,False,False
-0.0013531374,-0.5192495,0.0025135954,0.9527454,2.165215,32.226513,0.19513935,0.19683722,-0.004341878,0.0018785732,Nov,3,2,4,3,Returning_Visitor,True,False
-0.011460654,-0.31834462,-0.007228575,0.2509784,6.3961377,804.65936,0.019558135,0.035760023,0.006905757,0.001030835,Dec,2,5,1,8,New_Visitor,True,False
1.9261868,33.288776,-0.0055398564,-0.9102307,20.477114,1048.153,0.0060473117,0.028720763,0.07118436,0.012211139,May,2,2,2,11,Returning_Visitor,False,False
4.1108446,120.64114,0.00018537826,-0.6719952,16.36613,456.0423,0.0022723617,0.008506062,0.017939769,0.0013792018,May,3,2,3,11,New_Visitor,True,False
1.8279262,28.83862,0.014418371,6.359995,28.447027,1338.749,0.0033976303,0.024597345,0.45886967,-8.934491e-06,Nov,2,2,1,6,Returning_Visitor,False,False
1.6709191,28.27074,-0.008673869,2.060728,43.356743,1203.3103,0.0078036566,0.026551785,0.018030368,0.0009490612,Nov,1,1,4,1,Returning_Visitor,True,False
6.6956806,118.21159,5.038797,368.59073,121.86517,2767.5266,0.0016568411,0.016390938,0.25169918,0.02438482,May,2,2,4,3,Returning_Visitor,False,False
4.405562,151.99492,0.013922431,5.7347717,23.4228,683.83496,0.0016054154,0.013952124,0.46893474,0.00033087158,Mar,1,1,3,2,Returning_Visitor,False,False
2.2907655,30.480473,-0.0046756486,-0.42226607,29.654554,690.7806,0.0017070506,0.017477779,0.3731644,0.001674852,Dec,4,2,1,2,Returning_Visitor,False,False
2.7020714,60.970753,0.008197106,3.5188885,11.114212,342.72797,-0.0007868133,0.023437813,-0.04369477,0.17586394,May,1,1,4,5,New_Visitor,True,False
7.4644327,269.8742,2.919938,134.22505,29.599848,635.5083,-0.00013058107,0.00848738,12.678579,-0.0004860287,Sep,2,4,4,5,New_Visitor,False,False
4.189986,99.5223,0.017817564,24.619825,74.09182,2283.1826,0.0013884172,0.016563058,1.2720015,0.0020012583,Aug,2,4,1,1,Returning_Visitor,True,False
4.108115,88.78465,0.12258989,35.450455,48.6059,1265.064,0.0064891516,0.026524577,0.062270366,0.00075893354,Dec,2,5,3,2,Returning_Visitor,False,False
0.9287858,14.53865,-0.012096606,4.1731834,7.479546,257.2472,0.0033758373,0.04477822,0.014144622,0.0011939207,Mar,2,2,6,6,Returning_Visitor,False,False
4.9816093,153.6548,-0.0136739835,0.84380907,26.375683,833.5764,0.0057381424,0.019441936,36.6345,0.0005054648,Nov,2,2,1,2,Returning_Visitor,False,False
2.5169234,110.057945,1.4407041,24.195509,33.883324,1065.04,0.02592442,0.04281178,2.498474,0.00057032955,Sep,3,2,1,13,Returning_Visitor,True,False
13.553038,259.3946,4.6955757,102.68616,70.91418,2102.371,0.0071029863,0.020683827,69.20845,0.0003914597,Nov,3,2,1,3,Returning_Visitor,True,False
-0.011244409,-0.44752553,-0.0020433287,-0.52107435,8.594351,103.88277,0.1549318,0.16915739,0.012867175,0.0016780706,Jul,3,2,1,4,Returning_Visitor,True,False
7.8084016,166.75833,0.0015275854,2.6632175,89.83235,3102.2834,0.0046533584,0.0173868,5.3497515,0.0012498411,May,4,2,3,6,Returning_Visitor,False,False
0.5415704,21.988514,0.0042512794,1.9406031,13.260033,527.04205,0.0031056532,0.017231794,-0.012756623,0.001211519,Dec,2,2,5,2,New_Visitor,False,False
3.880663,112.18974,-0.007938765,0.02290146,34.97569,1025.5776,0.010494143,0.03042207,0.03901454,0.022366947,May,3,2,1,1,Returning_Visitor,False,False
1.4841441,8.336387,-0.005503855,-0.5603238,7.9875855,65.58589,0.10166991,0.12277655,-0.05427531,0.3151045,May,1,1,4,15,Returning_Visitor,False,False
0.9487983,35.23589,-0.005452774,-0.5637608,16.70624,602.473,0.023056133,0.037890818,0.15212889,-0.00063354644,Nov,3,2,3,11,Returning_Visitor,True,False
9.018225,356.4257,3.986268,1110.9667,80.50766,6820.521,0.015239258,0.022466118,5.0354004,0.00032158443,Oct,1,1,3,1,Returning_Visitor,False,False
2.8443124,44.133774,-0.006139062,0.089067385,9.154905,354.83423,0.0095036775,0.036822286,0.0100957975,0.0007702733,Nov,2,5,4,11,Returning_Visitor,False,False
-0.0052035977,-0.14254811,-0.00058826024,0.457056,1.1860814,4.383007,0.20122865,0.20057657,0.049131118,0.0011878746,Nov,2,2,7,11,Returning_Visitor,True,False
2.7004504,76.67929,0.01051975,0.8411731,34.865105,1370.1117,0.015831571,0.026989631,8.256966,0.0036348465,Dec,3,2,1,1,Returning_Visitor,False,False
2.938333,600.71924,6.091502,75.480934,49.80394,2377.8416,0.020130947,0.036769252,0.2081563,0.9840897,May,1,1,3,15,Returning_Visitor,True,False
1.5164249,31.960667,0.35058224,7.492481,37.408188,1243.9541,0.020037752,0.04684563,3.4069018,0.0037470337,May,2,4,3,6,Returning_Visitor,False,False
0.4000293,11.268798,-0.00734999,7.67696,13.569046,581.8214,0.021117002,0.051703323,0.62197274,0.0019283692,Mar,3,3,1,1,Returning_Visitor,False,False
0.33189166,2.2464366,0.7280168,96.30057,18.143518,1195.0011,0.0026326494,0.02134003,1.4030235,0.00071688247,Mar,2,4,7,2,Returning_Visitor,False,False
3.3292801,54.053867,0.013274975,23.623245,21.83085,670.45715,0.0063835843,0.020974258,0.7732045,0.0014318811,May,3,2,6,5,Returning_Visitor,False,False
2.171724,53.535263,-0.007886015,0.30263704,17.752956,562.1007,0.018106725,0.040431973,0.12631817,0.0006785716,Nov,3,2,3,3,Returning_Visitor,False,False
0.90447176,49.177208,0.00047943776,-0.7386456,19.09951,292.5639,0.0033830383,0.029040415,0.115536414,-0.00063867244,Oct,1,1,3,2,Returning_Visitor,True,False
1.4247179,33.816483,0.00295613,4.5589848,81.75597,4300.825,0.015608618,0.036995176,0.3721659,0.0018135222,Sep,2,4,3,1,Returning_Visitor,False,False
0.463032,40.270897,-0.0047425847,-1.5118848,5.3297143,134.44441,0.00029422124,0.025836665,0.012355052,0.001336685,May,2,2,6,6,New_Visitor,False,False
3.4647152,65.61185,0.022421815,27.72584,24.999561,542.3971,0.007559979,0.021251006,0.023649894,0.0036488126,Aug,1,1,4,2,Returning_Visitor,False,False
4.230066,104.23627,0.00019399113,0.13146774,27.675947,866.48395,0.0013550628,0.017670974,-0.00522355,0.0020554725,Mar,2,4,1,3,Returning_Visitor,True,False
6.13183,227.06166,0.00879962,5.8409214,266.01483,8647.396,0.0032974014,0.015667545,0.338536,0.0009015563,Nov,2,2,1,2,Returning_Visitor,False,False
9.856007,1256.3394,7.1103625,240.98486,402.68005,23862.072,0.012041159,0.025860006,1.6010401,-0.0023010385,Sep,2,2,4,13,Returning_Visitor,False,False
3.25217,60.639786,2.5454829,53.71527,67.91326,2266.498,0.009321521,0.024911912,0.046161376,-0.0001911608,Dec,3,2,1,2,Returning_Visitor,False,False
3.3922205,96.33117,-0.002262197,-0.76281554,20.03216,668.6206,5.644899e-05,0.010728835,0.4267151,0.0012755865,Mar,2,2,4,2,New_Visitor,False,False
0.6944492,17.28674,0.012060173,16.246536,58.63509,1833.7015,0.010095128,0.03830779,0.7924835,0.5661135,May,2,4,7,2,Returning_Visitor,False,False
2.9248667,36.903637,0.0063293655,3.3104572,45.35274,1326.4026,0.0023671088,0.01648385,5.4687314,0.0021522443,Mar,4,1,4,3,Returning_Visitor,True,False
0.38613534,3.882339,-0.009379588,-0.90684325,15.932197,467.27704,0.018024156,0.045084696,0.06239005,0.14084136,May,2,2,1,19,Returning_Visitor,False,False
3.323845,75.21725,0.027950175,0.5162372,24.137772,744.2794,0.011106623,0.036814287,0.25565407,-0.000115112714,Dec,1,1,3,2,Returning_Visitor,False,False
-0.013510339,-0.31121877,-4.851037e-05,0.0061053485,1.3402085,11.834423,0.20109566,0.2009222,-0.00400237,0.002349696,Nov,2,6,1,6,Returning_Visitor,False,False
0.5372939,7.590492,-0.009439908,7.384098,12.430841,399.17615,0.006116904,0.0372261,0.33009502,0.00357307,Feb,2,2,1,1,Returning_Visitor,False,False
1.2002159,34.067627,-0.0015329343,0.4982738,17.705269,807.77716,0.0033672114,0.026854677,0.0442011,0.0005115668,Nov,3,2,2,2,Returning_Visitor,False,False
1.0761516,20.754337,0.042596497,20.49226,27.69325,936.61707,0.015076402,0.032803774,0.04481622,0.65953445,May,3,2,1,3,Returning_Visitor,False,False
0.10650314,-0.006599939,-0.007302485,-0.11787613,14.495113,385.32593,0.019187521,0.05862248,0.02631446,0.0016603159,Dec,2,4,3,1,Returning_Visitor,False,False
0.90646994,14.169616,-0.010976754,6.3906536,17.950853,592.3356,0.00363351,0.030327838,0.514466,0.0017101081,Dec,4,1,1,2,Returning_Visitor,False,False
0.098666795,1.5701213,-0.0086722,0.9325809,18.331856,661.9724,0.01841744,0.047561202,0.023314677,0.0020239044,Dec,2,2,6,3,Returning_Visitor,False,False
0.21222699,4.115478,0.007487871,3.6714077,16.268776,692.29974,0.008300643,0.037419435,-0.02086524,0.0014707955,Dec,2,5,1,1,Returning_Visitor,False,False
0.4695208,0.845817,-0.003136478,0.13822357,13.4892845,604.297,0.054920774,0.0935427,0.025006019,0.0020577635,Aug,1,1,1,3,Returning_Visitor,False,False
1.2175869,21.146587,-0.005132876,-0.3404675,12.079948,289.13123,0.008859805,0.056907035,0.03768512,0.0020203541,Aug,3,2,1,4,Returning_Visitor,False,False
-0.055184953,0.67620033,0.0013390261,0.43275636,1.2062669,-2.9948003,0.20074484,0.20093143,0.040985785,0.0025426734,Nov,8,2,9,6,Other,False,False
0.031609185,0.45333812,-0.003017507,0.59424776,9.928013,639.82196,0.023055965,0.07254093,0.02112075,0.00178521,Nov,4,1,4,1,Returning_Visitor,False,False
0.1219231,-0.18638662,-0.006497703,-0.19277008,5.42454,265.34595,0.06010168,0.098527074,0.0556738,0.0017041849,Mar,3,2,2,1,Returning_Visitor,False,False
0.944551,73.49094,-0.007851683,-0.33713347,27.938766,865.46796,0.007231129,0.026112562,0.06696483,0.00042802343,Dec,2,2,3,2,Returning_Visitor,True,False
4.4812813,370.31546,-0.0032608132,-0.87323576,7.733063,292.46362,-8.275021e-05,0.008207015,-0.0031526461,0.0016001413,Mar,1,8,1,11,New_Visitor,False,False
1.6411128,29.629707,0.05617491,16.521969,24.093048,986.6473,0.010708141,0.039323922,0.81024903,0.0007376398,Dec,2,2,7,1,Returning_Visitor,False,False
0.7372056,7.018928,-0.002366505,8.38735,33.889454,1136.2415,0.0072768987,0.02787371,0.037504397,0.00035166615,Nov,2,2,1,2,Returning_Visitor,True,False
11.03035,269.24484,2.2906494,173.49954,100.28344,5464.923,0.004431534,0.02273996,3.3193257,-0.00015695891,Dec,1,1,1,10,Returning_Visitor,False,False
0.39698005,4.647514,0.0014471788,1.1780375,12.934153,286.89862,0.012584749,0.057482053,-0.0109494105,0.0017434309,Nov,2,10,1,3,Returning_Visitor,False,False
0.34395957,4.2000804,0.0032509645,0.28680605,23.469433,1096.3154,0.0031782014,0.036290318,-0.02864436,0.001288152,Mar,2,5,1,1,Returning_Visitor,False,False
0.00028241402,-0.24360707,-0.0003349703,0.20802872,0.97299427,4.268139,0.19951923,0.1994608,0.015916549,0.001599277,Mar,2,2,7,1,Returning_Visitor,True,False
1.3366209,29.80373,-0.0049457173,-0.14259537,15.776683,475.97418,0.0016611364,0.03241549,0.05506917,0.0015194142,May,2,2,7,4,Returning_Visitor,True,False
0.26344144,2.2838054,-0.011790477,-0.628542,14.416937,467.1886,0.022600645,0.06735003,0.051397525,0.0009176011,June,2,2,1,2,Returning_Visitor,False,False
0.21547139,-0.06295828,-0.006206117,0.030988619,6.0314794,242.21571,0.05508145,0.13235533,0.024917327,0.0011948334,Mar,2,2,1,1,Returning_Visitor,False,False
3.9610782,104.18132,0.027218916,1.5293292,36.22772,1343.2838,0.0014772672,0.01558683,4.403216,-0.00025266534,Oct,2,2,3,2,Returning_Visitor,False,False
-0.008382194,0.74965614,-0.0026534419,-0.08970459,4.3565145,41.58186,0.18509607,0.1911861,-0.011554517,0.69347465,May,3,2,1,3,Returning_Visitor,False,False
5.516347,208.22697,0.36875424,24.394348,70.918015,2248.2795,0.007324754,0.017818842,14.311722,0.10548991,May,1,1,3,4,Returning_Visitor,False,False
3.359091,96.80594,0.87968653,33.516857,31.468725,1188.6388,0.0040535773,0.022223555,0.27856895,0.66414124,May,1,1,1,2,Returning_Visitor,False,False
4.2234955,77.24878,2.2418597,67.72487,5.7322736,496.33752,0.0023200528,0.019905373,0.06921836,-0.0012471391,Sep,1,1,1,5,New_Visitor,False,False
0.9696852,12.005897,0.040280648,17.926235,9.211531,531.3452,0.0007842254,0.041346125,0.32704803,0.00018748888,Mar,1,1,1,10,Returning_Visitor,False,False
1.655673,27.655651,0.5158747,11.2625675,16.34626,622.04724,0.01725745,0.04275896,0.39891645,-0.000413732,Nov,3,2,3,6,Returning_Visitor,True,False
1.3350734,20.57465,-0.011237584,1.5252932,27.933144,1187.0752,0.010429542,0.04298966,0.2591388,0.00073520717,Nov,2,2,4,1,Returning_Visitor,False,False
0.10542572,3.628265,-0.0025678496,-0.38615233,7.6493535,130.03865,0.13149425,0.16204426,-0.002134122,0.0013197275,Jul,1,1,1,3,Returning_Visitor,False,False
11.886499,278.15826,10.372928,387.91626,69.1071,2270.2156,0.0038795208,0.015227306,8.864347,0.00038965294,Dec,3,2,1,2,Returning_Visitor,True,False
4.718943,85.580864,0.0057127555,1.6101931,35.065094,742.1936,0.0056180055,0.019252125,1.5345275,0.00016055504,Oct,2,2,7,3,Returning_Visitor,False,False
1.1048237,15.453025,0.75813276,46.70605,16.86608,476.95807,0.015324571,0.03179966,0.07250091,-4.4790436e-06,Nov,3,2,4,1,Returning_Visitor,True,False
7.950767,192.78767,2.581941,144.69435,25.01552,619.3803,0.0023934764,0.014303678,49.494534,-0.00043023875,Sep,2,2,4,2,Returning_Visitor,False,False
7.162686,212.96104,2.9511755,108.55037,47.870045,1685.7303,0.007743918,0.023742687,2.2881105,0.00070658576,Mar,2,2,1,1,Returning_Visitor,False,False
1.1909945,15.958915,-0.0062984447,0.29828447,20.768904,442.3778,-0.000450848,0.014642605,-0.00034073743,0.0007098864,May,2,4,3,5,Returning_Visitor,False,False
5.5376153,242.26357,4.435765,349.31708,36.48154,1007.4665,0.008555116,0.021667793,1.6801298,0.1782623,May,3,2,1,4,Returning_Visitor,False,False
1.4306029,45.597034,-0.007776938,-0.8608418,10.577305,380.48657,0.00042312188,0.017379679,0.08686467,0.0003273698,Dec,1,8,3,11,New_Visitor,False,False
7.9791355,270.42322,3.4678612,285.35724,43.578125,1479.8613,0.0086090425,0.027105294,6.543044,-0.0012517808,Oct,1,1,3,1,Returning_Visitor,False,False
1.1316087,31.170544,-0.006003938,-0.2428418,14.119829,407.852,0.012630219,0.038141266,0.0063922033,0.0046776296,May,2,2,4,1,Returning_Visitor,False,False
2.046127,117.57046,0.012199171,8.508945,7.238404,360.10144,0.0012907401,0.031040475,-0.014535226,0.0016916903,Dec,1,1,2,2,New_Visitor,False,False
8.426641,459.05518,2.2451017,140.6956,44.14588,2464.3213,0.00515853,0.019687591,3.7686644,0.0055704364,May,2,2,1,2,Returning_Visitor,False,False
2.2282681,61.326687,0.025953092,3.607708,49.10208,2405.4102,0.008594409,0.028611187,0.7159602,0.00066302594,Nov,2,2,1,13,Returning_Visitor,False,False
0.004818089,-0.42422536,0.001870938,0.31566423,1.0574212,1.4500239,0.19976485,0.20018189,-0.010541238,0.0018621633,May,2,2,4,1,Returning_Visitor,False,False
0.681818,7.508674,-0.012162946,1.915533,21.618628,614.52106,0.012489093,0.048585266,0.6789114,0.6980547,May,2,2,1,13,Returning_Visitor,False,False
14.066633,199.56691,3.7537024,222.175,96.31678,3745.1807,0.0041443775,0.019773737,0.8041722,0.03676951,May,2,2,2,4,Returning_Visitor,False,False
4.9408274,105.97885,2.4914541,112.647736,112.571266,3698.7876,0.004778532,0.019008804,1.9730897,-3.3230834e-05,Dec,2,2,6,2,Returning_Visitor,False,False
1.5450591,38.771114,-0.0035082917,-0.5876294,16.525229,540.53094,0.009829408,0.044627577,0.07895156,1.0002922,May,3,2,3,2,Returning_Visitor,True,False
1.6419727,45.0988,-0.0008187812,0.13780777,8.949871,141.23042,0.0010335423,0.032222066,-0.0026891604,0.0020028155,May,3,2,1,3,New_Visitor,False,False
1.1217697,29.666065,-0.0052185874,0.025033876,16.459206,476.41132,0.0022759323,0.018724808,0.065502845,0.0017855527,May,3,2,1,4,Returning_Visitor,True,False
12.76754,500.90067,0.34743822,13.460287,14.065054,450.57562,-0.0007344376,0.014479498,3.1823936,0.12431869,May,2,5,1,5,New_Visitor,False,False
1.1462433,42.733936,-0.0034383158,-0.4183789,14.82844,687.16364,0.0039445437,0.028688809,-0.020752706,0.0017545099,Mar,2,4,4,1,Returning_Visitor,False,False
3.8907151,61.435017,0.021483816,31.16581,117.97271,3535.3606,0.0013039332,0.013855792,0.75458163,0.00034534806,Sep,2,2,3,2,Returning_Visitor,True,False
0.9850837,17.061653,-0.0105045065,10.227806,16.179785,639.1093,0.0028033087,0.02267745,0.43568155,0.0004123474,Sep,2,2,5,2,Returning_Visitor,False,False
3.5458324,59.35411,-0.010258578,-0.6687756,22.00915,755.15106,0.00704899,0.026734317,2.5431488,-0.0002960091,Jul,3,2,3,4,Returning_Visitor,False,False
2.5652978,62.30012,-0.0076368074,-0.6907597,12.526846,415.92188,-0.00016468238,0.026626185,0.045180045,0.00079163787,Nov,2,2,6,2,New_Visitor,False,False
2.658566,87.93965,-0.002623878,-0.49629027,28.775272,655.4036,0.015015517,0.028860865,0.024554454,0.0021746631,Jul,1,1,2,3,Returning_Visitor,True,False
2.936765,74.46495,-0.0051638703,-1.1476003,6.528809,119.4471,0.00072419236,0.023612134,0.02940055,0.0006889875,Sep,2,2,4,6,Returning_Visitor,True,False
0.0011147333,-0.4386678,-0.0025161724,0.27174562,3.8661675,30.24458,0.1693836,0.18198377,0.026171409,0.0020101655,Mar,1,8,1,1,Returning_Visitor,False,False
0.90147483,3.13475,-0.0043294053,-0.4876004,19.14521,568.73376,0.0046614683,0.026450718,0.47953865,0.0013767282,May,2,5,6,6,Returning_Visitor,True,False
1.4076822,75.92252,-0.004855774,-0.6272755,19.695261,1021.4689,0.005247235,0.025607852,0.022438727,0.0019641134,Nov,3,3,1,8,Returning_Visitor,True,False
2.4380085,27.106766,0.0006004054,4.494568,83.0484,3448.5815,0.015807167,0.0351957,0.13723917,0.0005870002,Jul,2,2,1,13,Returning_Visitor,False,False
9.566502,163.92188,1.7977943,210.75749,154.3682,5275.5347,0.0038298664,0.017531242,2.2357721,0.00015836829,Dec,2,2,1,1,Returning_Visitor,False,False
2.267522,37.823246,-0.004151247,-0.16664703,22.94113,541.23456,0.049351227,0.0706816,0.014246665,0.001855644,Sep,3,2,4,3,Returning_Visitor,False,False
0.37042284,2.4782786,0.69961077,8.451733,18.603666,938.95526,0.027570486,0.04454858,0.07993146,0.0015154096,June,3,2,2,3,Returning_Visitor,False,False
7.5863338,209.75467,-0.005667589,0.13980667,45.552006,1473.2623,0.0063499412,0.022735158,0.6748416,0.0010665307,Mar,2,2,3,1,Returning_Visitor,False,False
1.0236709,22.794765,-0.003473125,0.3716907,30.495504,908.7706,0.030123092,0.06564611,0.17793818,0.7003574,May,2,2,1,6,Returning_Visitor,False,False
1.1120349,20.838238,-0.010468744,12.140238,12.812075,422.84583,0.00478241,0.02944668,0.6477329,0.0017722311,May,2,2,8,1,Returning_Visitor,True,False
0.98733306,15.470344,0.0036919792,3.7605267,10.239695,399.17883,0.004920376,0.05403887,0.024676047,0.0020434882,Mar,2,2,2,3,Returning_Visitor,True,False
1.2459425,40.83548,-0.0029943208,0.10044281,29.468393,1100.3386,3.7241392e-05,0.021324875,0.5678598,0.0096358275,May,2,6,2,13,Returning_Visitor,False,False
1.1166401,33.527603,-0.0063608508,0.19259827,16.524384,803.23975,0.010988634,0.029517645,2.17703,0.0014964814,May,2,5,9,4,Returning_Visitor,False,False
2.9044232,101.83998,0.777173,41.43951,12.9596615,446.0561,0.0025221275,0.019804338,-0.012185372,0.0012842553,Jul,2,2,2,2,New_Visitor,False,False
0.12976086,-0.23230031,-0.008350216,-0.061197355,12.723642,421.55194,0.02221036,0.06367242,0.31526253,0.00034267703,Mar,1,1,3,1,Returning_Visitor,False,False
2.1906588,35.950474,-0.011874877,-0.41555983,23.941635,814.0942,-0.00011757981,0.020580484,-0.02558402,0.0016851599,Nov,2,4,3,2,New_Visitor,False,False
2.1491776,58.623997,-0.0075253467,-0.12980087,12.052515,412.62982,0.004498403,0.022720382,0.31087038,0.0012479151,May,3,2,1,4,Returning_Visitor,False,False
1.9771321,64.93764,-0.008830808,0.57361406,15.474674,431.64984,-9.062361e-05,0.0057822308,165.91032,0.00044524545,June,1,1,1,5,New_Visitor,True,False
-0.015541427,-0.78452355,-0.004606686,-0.23692138,9.006168,90.60054,0.15483113,0.16681659,-0.006227292,0.7191546,May,3,2,6,13,Returning_Visitor,False,False
0.0037061048,-0.2904363,-0.0027877311,0.8695316,1.946137,16.354809,0.19605544,0.19442198,0.030440532,0.0014394919,Nov,3,2,7,3,Returning_Visitor,False,False
0.24924314,25.208511,0.007107564,0.6975612,9.859667,288.9073,0.015886715,0.074545,0.03939601,0.00061032426,Dec,1,1,7,2,Returning_Visitor,False,False
0.39441812,11.941138,-0.0040884237,0.37133974,19.569134,475.5443,0.06564305,0.091013715,0.028127871,0.0015801216,June,3,2,1,13,Returning_Visitor,True,False
0.48526955,5.2635493,-0.006059311,-0.8702145,8.289885,210.7696,0.0050825714,0.045076724,0.023152553,0.0006472456,Dec,1,8,4,6,Returning_Visitor,False,False
1.2922174,26.1618,-0.01454898,44.795513,31.662048,1068.5743,0.0084382035,0.022580387,0.8039915,-0.0006564644,Nov,3,2,1,10,Returning_Visitor,False,False
1.2344981,9.806937,-0.004682205,-0.92200667,27.12392,1102.1826,0.01201199,0.030040434,0.011242591,0.0018105643,Jul,2,4,1,4,Returning_Visitor,False,False
1.3513339,52.820248,-0.007387839,-0.3333302,16.82573,418.42267,0.0009405293,0.019061744,-0.02461461,0.011686872,May,1,1,1,2,Returning_Visitor,False,False
-0.0060099293,-0.6955343,-0.0015815716,-0.08608444,1.8617253,-0.45280817,0.17859356,0.19072753,-0.0023725405,0.0017476963,Oct,1,1,1,1,Returning_Visitor,True,False
0.80951977,16.335098,-0.013789736,-0.7226506,23.485956,650.4488,0.008053655,0.032029252,0.12147828,0.00064922747,June,1,1,1,2,Returning_Visitor,False,False
4.537858,216.90173,1.0123627,36.732944,57.602135,1875.726,0.004406856,0.016377015,3.4069798,0.0005513492,May,3,2,5,2,Returning_Visitor,False,False
1.3184749,33.09057,-0.0018978935,-0.055959776,19.083551,563.148,0.0039292625,0.026010735,-0.011073388,0.0021589908,May,2,4,1,3,Returning_Visitor,False,False
5.454744,353.4338,4.9611506,505.20877,55.35264,1804.654,0.015504192,0.032430794,5.1218753,0.9927357,May,2,1,1,1,Returning_Visitor,True,False
7.515022,288.23505,5.7020254,344.10742,62.071808,2312.4177,0.003492031,0.021326892,9.552303,0.0009345363,May,2,1,1,4,Returning_Visitor,True,False
4.459129,81.63617,4.189946,139.21623,19.912449,720.28125,0.004555225,0.029859832,2.4740932,-0.0008040679,Nov,2,2,4,2,Returning_Visitor,False,False
5.747049,218.31989,0.44621304,21.581396,28.493818,1001.3588,0.010257539,0.020926408,0.019152842,0.0014676141,May,1,1,1,15,Returning_Visitor,True,False
4.282451,210.54427,0.059550412,7.117239,21.883919,1281.9797,-0.0003067519,0.009814228,0.10739728,-0.0002445889,Sep,3,2,1,5,Returning_Visitor,True,False
0.37017238,5.7742457,12.985966,1200.161,31.543459,996.9972,0.014590303,0.026286382,0.28138468,0.0007512855,Mar,2,2,3,2,Returning_Visitor,False,False
1.0552282,34.982727,0.014562346,11.170996,22.179615,879.5705,0.008274774,0.020699149,1.4185383,-0.00059941533,Nov,2,2,9,20,Returning_Visitor,True,False
3.96453,61.450527,-0.010428153,2.1629581,9.993441,256.2094,0.00045034444,0.021819476,0.33202097,2.2488333e-05,Jul,2,2,1,5,New_Visitor,False,False
0.26647747,6.138252,-0.0032296996,-0.08723648,11.450521,401.68463,0.02739934,0.064532,0.01996585,0.0016792106,June,1,1,4,3,Returning_Visitor,True,False
1.6299034,14.936912,-0.00616499,-0.4926358,8.5985775,141.32674,0.00070171023,0.029849486,0.008566581,0.0007223214,Mar,2,2,8,2,Returning_Visitor,False,False
0.9404105,25.001286,-0.004004083,-0.21807297,21.81922,703.0604,0.0051104384,0.027221091,0.15529747,0.001558757,Mar,3,2,7,3,Returning_Visitor,True,False
-0.023014657,1.342422,-0.0010895353,-0.029924467,5.2055173,152.73409,0.10812005,0.15317217,0.0011050329,0.28514946,May,2,4,6,3,Returning_Visitor,False,False
0.688439,15.872687,0.08789823,13.085011,18.634045,395.6709,0.0028916316,0.0104870675,0.062010966,6.756432e-06,Jul,1,1,1,4,Returning_Visitor,False,False
2.4938693,55.52776,0.027543016,15.811695,29.378592,1009.8672,0.0067795706,0.025416112,1.102505,0.0007435779,Nov,2,6,1,2,Returning_Visitor,False,False
23.204401,238.75066,2.9454424,637.13196,404.81586,8982.67,0.0052713263,0.016625166,6.417264,0.00027414286,Jul,2,2,1,13,Returning_Visitor,True,False
2.0069866,35.794064,0.039614357,3.5067616,118.8315,4067.326,0.015575026,0.03660427,3.0467446,0.0012264947,Sep,2,2,4,1,Returning_Visitor,False,False
0.018684752,1.3966823,-0.009780131,-0.18894775,30.13038,988.5069,0.012444301,0.035866477,-0.009472169,0.5657519,May,2,2,7,1,Returning_Visitor,False,False
4.660952,84.69735,-0.0075938324,0.12412827,29.639624,940.1785,0.02128821,0.040854834,0.10357686,0.02018671,May,3,2,2,4,Returning_Visitor,False,False
-0.0088075325,0.18293712,-0.0073949317,3.6846676,14.743206,292.54266,0.0006137226,0.031761285,-0.03663472,0.004960323,May,2,5,1,2,Returning_Visitor,False,False
-0.197492,0.92083687,4.0218844,222.90607,229.05133,9926.736,0.05206485,0.065052904,0.2001502,-0.00014192736,June,8,13,9,5,Other,False,False
3.6893072,54.975044,-0.006745241,0.14201157,100.87334,2594.0642,0.0031025966,0.016305512,0.13056727,0.00095520046,Nov,2,2,3,3,Returning_Visitor,False,False
14.834412,491.96426,6.9227433,711.4085,92.36376,3227.1917,0.0026577075,0.0136285415,4.3216257,0.1551873,May,2,2,3,2,Returning_Visitor,False,False
-0.009850614,0.33022258,-0.0058544497,0.06551544,10.126865,249.55367,0.020947946,0.06896945,0.050302707,0.001452888,May,1,1,1,4,Returning_Visitor,True,False
0.9644606,23.536068,-0.0056284885,0.26215547,7.275059,90.05086,0.0474909,0.08021152,0.041452132,-0.00016634291,Oct,1,1,1,5,Returning_Visitor,False,False
0.7783406,27.948303,-0.007905506,-0.024622038,14.209084,660.46423,0.0076754154,0.0379366,0.04558965,0.0026191983,Nov,3,2,8,1,Returning_Visitor,False,False
2.3921046,57.647762,-0.011803351,0.6261386,23.101439,743.4712,0.004631107,0.022829976,0.3233573,0.0009087908,Dec,1,1,2,2,Returning_Visitor,False,False
0.5362768,13.546897,-0.0046615223,-0.3528424,22.574257,1055.798,0.006421476,0.028370354,-0.019631185,0.0017770255,Mar,2,4,1,1,Returning_Visitor,False,False
2.32598,62.897205,2.002281,91.33302,24.987808,666.24036,0.0066651474,0.0200645,0.04395839,0.0012875559,May,3,2,8,4,Returning_Visitor,True,False
2.5469096,43.831047,-0.0076330523,3.5586681,42.743546,1583.1913,0.0025540402,0.017548747,2.4132853,0.0035824876,May,2,2,2,4,Returning_Visitor,False,False
0.3658613,3.0717387,-0.0055033783,-1.2533666,18.844925,405.70514,0.008675438,0.033595152,0.06634589,1.0030237,May,2,2,4,4,Returning_Visitor,True,False
1.3354919,25.74479,-0.0071761827,0.24164002,25.085283,682.39667,0.01103694,0.048525114,1.1001108,0.0010085093,Nov,2,2,1,1,Returning_Visitor,True,False
-0.025284879,1.840446,-0.008637808,5.5466747,9.631849,338.5393,0.0058185584,0.038048282,0.039178096,0.37952244,Feb,1,1,3,3,Returning_Visitor,False,False
1.4785256,35.414093,0.0025512655,8.112701,18.763006,506.23737,0.011475757,0.038304336,0.45434782,-0.00063004467,Nov,1,1,3,2,Returning_Visitor,False,False
0.8021178,19.62711,-0.006178103,-0.2947827,19.182846,665.96454,0.007618218,0.034609955,0.44087812,0.00544761,May,2,2,7,3,Returning_Visitor,False,False
0.95365775,16.385319,-0.0025921087,0.52182573,14.774338,458.29138,0.007497422,0.032209974,0.023604117,0.0019998949,Dec,4,1,7,1,Returning_Visitor,True,False
1.0670995,30.446709,-0.0070014815,0.0235347,16.083569,414.51166,0.02917856,0.07338669,0.03776952,0.0012592921,Dec,3,2,4,1,Returning_Visitor,False,False
2.292663,54.86496,-0.0062934975,-0.43923002,33.409897,1436.0127,0.010539363,0.03554943,0.03369113,0.0017074855,June,2,2,2,1,Returning_Visitor,False,False
5.6406283,78.25954,0.3518533,6.8195877,100.02136,1698.0958,-0.0003177266,0.013713547,0.19519158,0.0014873842,June,2,4,1,2,Returning_Visitor,True,False
2.9809504,51.53929,0.06494967,4.0574093,43.18176,1244.3531,0.007945165,0.031672776,1.3010185,1.0026332,May,2,2,1,4,Returning_Visitor,True,False
10.327993,1528.7677,0.26165876,47.583206,20.952461,1680.795,0.010141958,0.018975304,11.548275,0.0026064839,Mar,1,1,1,3,Returning_Visitor,False,False
-0.006446712,-1.0140843,-0.002930663,-0.120245054,0.81692165,-11.543751,0.09981321,0.19977246,0.03158685,0.0010883125,Jul,2,2,2,5,New_Visitor,True,False
17.196997,577.38715,3.985702,1360.206,157.18642,5664.073,0.0034982131,0.014011296,2.6947253,0.8060034,May,2,2,1,13,Returning_Visitor,False,False
4.927815,92.37998,2.0296826,228.20349,249.95271,9313.455,0.0068477667,0.025524555,-0.049700536,0.0014813157,Oct,4,1,4,3,Returning_Visitor,True,False
2.4272394,87.70851,-0.00293716,-0.3453198,8.254362,290.1386,-0.00025719064,0.020142626,-0.0077307597,0.0018561172,Dec,3,2,2,2,New_Visitor,True,False
1.6837878,62.172817,0.7583976,21.447342,26.990463,1345.6466,0.0053044907,0.018477121,-0.019919671,0.0013243692,May,1,1,4,6,Returning_Visitor,True,False
0.4041716,15.201568,-0.0071348767,-0.17293747,17.641096,672.0015,0.008375143,0.044200994,0.018365107,0.0007345068,Dec,1,1,1,2,Returning_Visitor,False,False
9.859911,1316.7671,0.0044730087,-1.0195829,29.866018,1202.2638,0.008017146,0.02590933,0.9238431,0.0058329427,Nov,3,2,1,2,Returning_Visitor,False,False
3.541785,82.309906,-0.0087282285,9.29401,22.629047,553.4518,0.00025716206,0.012341243,0.25784323,0.0015641475,May,2,2,1,2,New_Visitor,True,False
2.5163803,59.923515,4.5976186,270.51627,28.113026,962.00256,0.0073240823,0.020869076,0.060597144,-0.00082025054,Dec,1,1,3,2,Returning_Visitor,False,False
4.1037855,152.17519,0.028226085,32.49343,63.835403,1496.8165,0.0004569736,0.007149591,0.0053641424,0.0008019234,Dec,2,2,3,2,New_Visitor,False,False
1.3776911,45.31221,-0.007141433,-2.3970127,15.188976,374.4383,0.0011906322,0.00713016,0.058232985,0.99292254,May,1,8,1,11,Returning_Visitor,True,False
3.282807,164.69824,-0.008751057,0.07385819,25.506721,1230.6605,0.013135373,0.018111443,143.40517,0.00080091384,Dec,1,1,3,2,Returning_Visitor,True,False
1.0943872,10.273055,-0.014299057,1.4574069,24.62336,1145.6489,0.0019513943,0.026918752,0.053023063,0.0009439538,Nov,2,2,2,1,Returning_Visitor,False,False
0.60363173,12.468207,0.0030203839,4.026701,12.926363,403.00134,0.015220329,0.04243462,0.015748225,0.026338143,May,1,1,1,1,Returning_Visitor,False,False
0.49444342,20.623882,-0.0025757174,-0.36079985,5.3193326,540.6811,0.011147161,0.052279238,0.0037042722,0.00188621,May,3,2,4,15,Returning_Visitor,True,False
9.056063,228.11612,0.36527792,13.849827,77.16376,1833.3701,0.005496781,0.021832032,2.5804791,0.0009745459,Aug,2,2,7,1,Returning_Visitor,False,False
0.001033671,-0.56878716,-0.004601083,0.3572635,1.5664468,18.234447,0.20062406,0.19913816,0.023151599,0.00017223755,Nov,1,2,1,20,Returning_Visitor,False,False
4.495251,98.43177,1.9902852,1136.4532,52.833973,5179.3647,0.013033805,0.040470123,4.8285184,0.064452,May,2,2,3,6,Returning_Visitor,False,False
8.592105,249.23706,0.28377977,39.693153,27.70806,1241.3312,0.001943411,0.022944335,2.0490563,0.000663622,Dec,2,2,1,2,Returning_Visitor,False,False
11.145777,535.346,2.826053,53.943485,91.20773,4405.9185,0.0049335915,0.022248557,1.6809566,0.0010594899,Nov,2,2,3,1,Returning_Visitor,False,False
0.5129039,22.24582,0.09858338,13.94907,15.718308,507.18866,0.0021804904,0.0350227,0.03459283,0.011457096,May,2,2,6,1,Returning_Visitor,False,False
6.142949,250.76558,5.3379602,2211.4807,43.625874,5096.438,0.0017831546,0.03464525,4.5228415,0.0042233937,Dec,2,6,1,8,Returning_Visitor,False,False
-0.015159719,-1.4475865,-0.005940161,-0.50488096,66.34198,1893.6693,0.036553502,0.057236254,0.09141084,0.99841946,May,3,2,3,13,Returning_Visitor,True,False
1.7313383,18.967342,0.15359737,13.072634,37.32813,1287.1027,0.0030705293,0.02106976,2.6196747,0.0013169969,Mar,2,2,2,2,Returning_Visitor,True,False
14.031254,458.15512,3.8693693,37.459312,34.34101,1003.1337,0.016830292,0.033162583,0.61516684,0.0005319926,Sep,1,1,2,4,Returning_Visitor,True,False
0.3122331,10.607856,-0.009467028,-0.40720183,25.30234,667.31256,0.021412829,0.064440146,0.028594695,0.7057931,May,2,4,3,3,Returning_Visitor,False,False
0.012750037,-0.34897664,-0.009473942,-0.3763638,12.945948,303.28406,0.034772802,0.037579317,0.12782975,-3.1863678e-06,Dec,1,2,1,1,Returning_Visitor,True,False
4.5122457,75.08243,-0.0032897214,-0.25498396,17.172384,480.57574,0.01207057,0.037094083,0.029195987,0.0012483919,May,3,2,1,11,Returning_Visitor,True,False
0.9368063,29.700817,0.3123879,145.04628,8.056776,257.40063,0.019437687,0.026257519,3.940004,-0.0020509895,Oct,4,2,3,7,Returning_Visitor,False,False
2.2672555,58.411247,-0.0031193118,1.5267276,25.804419,547.6283,-0.00037718224,0.008155647,0.024258815,0.00070978206,Oct,2,2,6,2,New_Visitor,False,False
1.2721831,26.669239,-0.008593045,-1.0803815,9.685291,330.47998,0.021951158,0.06796287,4.6946816,0.6156746,May,3,2,2,11,New_Visitor,False,False
6.967644,402.14435,2.9028978,176.38808,131.89563,6051.9824,0.0051141544,0.020050846,0.10250255,-0.0005143148,May,3,2,1,5,Returning_Visitor,False,False
0.404907,28.215164,0.06425849,6.1580544,7.118277,571.32074,0.060239684,0.09873872,0.018749915,0.00045109788,Mar,2,2,7,10,Returning_Visitor,False,False
1.4278104,16.88219,0.11186085,15.6851635,21.580154,839.8035,0.0015397664,0.022452738,0.03076049,-0.00013474128,Mar,2,2,3,6,Returning_Visitor,False,False
3.4618034,41.230736,3.2246246,171.45164,8.739382,197.0848,-0.0002605881,0.022835806,0.08582469,-0.0014952658,Sep,2,2,1,5,New_Visitor,False,False
0.8438246,14.432296,-0.0058169584,0.49216646,14.440432,443.86017,0.004604086,0.04656814,0.024211608,0.0009789007,Dec,2,2,1,13,Returning_Visitor,False,False
1.8008227,41.187477,-0.009033881,17.038515,24.905907,972.5805,0.026955858,0.049995467,1.549144,0.0009662534,Sep,3,2,3,1,Returning_Visitor,True,False
-0.021921031,-2.0223699,-0.000882588,0.52442735,3.2786984,-3.4528081,0.1919889,0.1919162,-0.012633599,0.0017452711,Jul,3,2,1,13,Returning_Visitor,False,False
1.2664955,63.15894,-0.008078419,-1.1533376,26.405981,923.4109,0.030470941,0.049106095,0.1000435,0.0005083854,Jul,3,2,6,1,Returning_Visitor,False,False
11.430639,328.60916,3.4305851,324.66293,65.03176,2310.7627,0.009055141,0.020687344,2.6778834,-0.0012166215,Nov,3,2,1,2,Returning_Visitor,False,False
3.2244024,60.96797,0.5226501,8.60372,99.86304,3342.8208,0.0042017265,0.010811458,3.6802661,0.0012146184,Jul,2,4,4,1,Returning_Visitor,False,False
3.8480198,1566.126,0.0074674566,-2.3019543,32.176956,1157.4999,0.0024372952,0.005017518,0.25914833,0.0016851822,Oct,2,2,3,2,Returning_Visitor,True,False
0.5340116,4.7929835,-0.0057779173,0.010858461,13.590649,298.21332,0.0068498855,0.034661952,0.039883815,0.0013891408,Mar,3,2,3,3,Returning_Visitor,False,False
0.7808566,8.751952,-0.006975613,-0.7883511,27.196583,694.61566,0.014567022,0.036772456,0.95442265,0.0015552292,May,2,6,6,1,Returning_Visitor,False,False
0.7524916,19.363255,0.000908323,0.41020387,12.73568,310.63495,0.011690039,0.039702013,0.0050150976,0.0021431844,Mar,4,1,1,3,Returning_Visitor,True,False
2.7692168,72.28646,-0.008160077,0.28293794,14.492283,366.40607,0.025343644,0.04429167,0.11273643,0.00069273886,Nov,3,2,3,1,Returning_Visitor,True,False
-0.022034757,0.6324076,0.058140494,4.580185,7.7167993,90.675,0.12515098,0.15704705,0.03000804,0.7308165,May,2,2,7,3,Returning_Visitor,False,False
1.409806,47.404877,-0.0023699622,0.62812227,33.427303,1022.3166,0.004047477,0.017840935,0.813162,0.00054617476,Dec,2,2,2,10,Returning_Visitor,False,False
4.8977847,2158.7458,2.0040998,89.48978,14.000032,195.69423,0.037218887,0.04255409,0.5603668,0.0020312693,May,1,2,4,4,Returning_Visitor,True,False
7.466636,354.1452,0.0014439303,-0.44406706,108.553635,2961.3386,0.0056004557,0.017612126,2.1478074,0.0014387431,May,2,2,2,6,Returning_Visitor,True,False
1.6597489,37.511765,-0.0005645376,-0.1759053,42.283737,1109.8494,0.003988027,0.024474796,1.2493207,0.00017930442,Nov,2,2,1,10,Returning_Visitor,True,False
0.45686924,23.33234,0.1514137,93.146454,7.449326,292.2257,0.006457412,0.053441536,-0.00077704346,0.0018010387,Dec,2,10,2,2,Returning_Visitor,False,False
0.5103853,20.477425,1.971977,1442.2872,81.46097,2294.1284,0.0072143762,0.017697528,9.86492,0.00031558672,Nov,2,2,4,8,Returning_Visitor,True,False
1.0636309,21.176105,-0.008436941,-0.16417892,20.957594,711.78656,0.0028614902,0.016491031,0.034046374,-0.0005086747,Mar,2,2,3,10,Returning_Visitor,False,False
7.275083,159.51309,2.1755495,243.49399,71.13436,2439.4106,0.007585825,0.022427559,8.803816,0.024541339,May,2,2,3,1,Returning_Visitor,False,False
0.007720358,-1.4011159,-0.00056155736,35.671753,3.9393468,223.75636,0.14886998,0.16717765,-8.61064e-05,0.0009007516,Nov,3,2,1,13,Returning_Visitor,False,False
6.589735,107.30933,-0.005337141,0.6766605,25.894886,842.0676,0.011162141,0.024824308,0.011062823,0.0010986315,Nov,2,2,4,1,Returning_Visitor,True,False
1.4088187,34.207207,0.26402682,37.994507,53.35462,1411.6212,0.010032739,0.041621815,0.2570698,0.0016121591,May,2,5,6,3,Returning_Visitor,True,False
1.0331551,24.875713,-0.004737995,0.20914643,17.61718,609.4414,0.012747901,0.03891573,0.0137121305,0.00206413,Dec,3,2,2,3,Returning_Visitor,False,False
1.7930099,26.567642,0.021265455,7.1383057,22.946304,510.48334,0.02427905,0.06674269,0.040333472,0.0006574939,Jul,2,2,7,13,Returning_Visitor,True,False
0.92193115,7.3726573,-0.012821756,7.116188,8.915085,231.61873,0.0010897942,0.0393556,0.022547446,0.0016572053,Mar,2,4,3,1,Returning_Visitor,False,False
0.43137145,15.405936,0.01717759,3.668272,20.000711,1064.6841,0.011024101,0.04245018,0.035016738,0.00062858936,May,2,2,7,6,Returning_Visitor,False,False
2.629551,57.12304,-0.00804963,0.7841129,28.073936,593.303,0.006999145,0.029101329,5.2370586,0.00054132816,June,2,2,3,1,Returning_Visitor,False,False
4.972994,144.28168,1.0307432,17.614807,184.5271,3551.2798,0.00101448,0.0039099855,139.10075,-0.0026201766,Oct,2,2,3,20,Returning_Visitor,False,False
1.2387738,54.73113,-0.0036402564,0.6686229,7.614142,440.5921,0.084867544,0.09909049,0.00926467,0.025929367,May,3,2,2,13,Returning_Visitor,False,False
1.5974468,44.21891,-0.002692781,-0.0050221235,10.818615,425.03882,0.0052108183,0.020620923,-0.0012457743,0.0021006565,Mar,3,2,2,3,Returning_Visitor,False,False
1.0653553,21.009583,-0.007973395,-0.5414601,31.008835,766.7987,0.003503041,0.016517844,1.8607724,0.00066332397,May,2,2,5,2,Returning_Visitor,False,False
7.2405214,205.2615,3.657134,438.71274,52.271732,1692.7219,0.0058227326,0.012484598,1.9954896,-0.0009432298,Nov,3,2,4,6,Returning_Visitor,True,False
0.9237534,21.221691,0.019509323,22.731163,26.738102,759.6868,0.006314132,0.028263643,0.19804497,0.61814326,May,2,2,1,2,Returning_Visitor,False,False
-0.039093845,-1.003861,-0.008562706,-0.1345578,15.044441,340.28625,0.04493891,0.06705137,0.25090906,0.0006844985,June,3,2,5,13,Returning_Visitor,False,False
0.813419,14.486609,-0.0070221047,0.18636124,51.89548,1709.463,0.002902977,0.021724816,2.4613125,0.0005321602,Dec,2,2,1,2,Returning_Visitor,False,False
-0.027740352,0.028686011,0.00083104556,0.06413071,0.9893593,-6.716114,0.20115389,0.2016562,0.008197032,0.00208808,Dec,3,2,1,10,Other,False,False
0.6386795,15.003898,-0.00253161,-0.06628616,12.432812,388.08508,0.0004620847,0.03239188,-0.0069702044,0.0015467132,Mar,2,2,4,3,Returning_Visitor,False,False
5.732722,195.11455,3.6275585,104.8143,71.99389,3021.5452,0.0044152956,0.014515539,0.08791896,-0.00020545846,Oct,2,2,5,2,Returning_Visitor,False,False
4.559183,110.63352,0.0029818197,11.647219,24.085405,1009.5691,0.010724865,0.020562403,6.6566854,9.0702124e-05,May,1,1,1,7,Returning_Visitor,False,False
0.7147275,13.780471,-0.007814966,8.745964,22.205982,748.7078,-6.8001784e-05,0.025842281,0.99922246,0.0005043137,Mar,2,2,7,2,Returning_Visitor,False,False
0.9213549,18.694916,0.073628016,-0.10455139,25.680912,858.2585,0.03197798,0.049919967,0.032081805,0.0018294702,Aug,3,2,2,13,Returning_Visitor,True,False
0.14557374,-0.5274053,-0.007231913,0.24807541,5.4012494,271.26416,0.09560111,0.120973,0.010843478,0.0014463203,Dec,3,2,1,1,Returning_Visitor,False,False
7.979922,679.21,0.8379714,39.32418,86.25279,3059.0117,0.008023762,0.023916464,15.921198,0.0017146828,May,2,4,4,2,Returning_Visitor,True,False
0.0034097505,-0.46863607,-0.0029251794,-0.4313069,1.9704804,5.252514,0.20234282,0.20115617,-0.00025919828,0.0034072872,May,3,2,3,6,Returning_Visitor,False,False
0.4809488,9.5296545,-0.012183987,7.041046,26.423512,819.08264,0.023876702,0.05193899,0.084129535,0.64992994,May,3,2,8,13,Returning_Visitor,False,False
4.485035,77.423744,0.028356232,26.198061,96.223114,3522.2964,0.0013761293,0.013595701,3.281979,0.00089319673,Dec,2,2,4,2,Returning_Visitor,False,False
4.9828706,1389.7694,-0.000895403,-1.9988004,4.3951364,1387.7148,-2.2810287e-05,0.019845156,0.28019306,0.0011620695,Mar,1,1,7,8,Returning_Visitor,False,False
2.9817822,75.23814,-0.0066473107,0.59476656,8.590904,222.84163,-0.00046607698,0.027579468,4.886727,0.00030131513,Nov,2,2,9,5,New_Visitor,False,False
0.5456811,4.846107,0.011554755,22.677538,34.8586,750.4566,0.0029790977,0.026591394,2.2238615,0.001570216,Nov,4,1,3,1,Returning_Visitor,False,False
-0.043185823,0.107375585,0.0045137485,-0.34260374,0.90890163,-8.042896,0.20091239,0.20210184,0.014882289,0.0029168937,Aug,3,3,1,2,Returning_Visitor,True,False
0.017738707,0.6771082,-0.008344255,-0.4016667,9.378996,379.62408,0.018035779,0.06863652,-0.0082905665,0.7206006,May,1,1,4,1,Returning_Visitor,False,False
1.5359416,37.815395,-0.0046673636,-0.5258122,14.016102,466.4737,0.0028739178,0.024892416,0.4607546,0.032479078,Feb,2,4,2,3,Returning_Visitor,False,False
3.8907292,38.547634,-0.005812071,-0.39887816,62.273434,1370.6492,0.014349,0.030161854,0.036375247,0.0015108982,June,1,1,7,3,Returning_Visitor,False,False
1.366822,28.77406,-0.005764566,-0.33704954,24.880892,769.91254,0.0058445144,0.024098467,0.5091297,0.004660728,May,2,2,2,2,Returning_Visitor,False,False
2.1998255,32.40468,1.1878053,38.073025,126.85755,4510.094,0.001977125,0.014327,0.066027366,0.01191613,May,2,2,7,2,Returning_Visitor,False,False
10.2788515,218.7472,0.15981252,26.03133,99.37066,2815.3567,0.0025690494,0.013126249,2.440502,0.0015971387,May,2,4,1,4,Returning_Visitor,False,False
1.3328332,35.968353,-0.014386915,2.9300098,24.618158,1025.4962,0.013119327,0.026198339,0.13759919,0.00023404011,Oct,2,2,1,20,Returning_Visitor,False,False
0.33404326,4.520065,-0.008012019,-0.6094952,26.533504,1063.5288,0.008762875,0.035533067,0.61199254,0.0007280695,Dec,2,2,6,1,Returning_Visitor,False,False
4.994831,1656.0916,0.0031406959,-1.6511785,14.613808,358.41425,0.00016630966,0.004686053,0.5162241,0.0022852856,Dec,8,13,9,20,Other,False,False
0.62130046,4.6603694,-0.008445166,0.71145433,20.632317,700.7371,0.017827813,0.05319694,-0.015270509,0.006744063,May,2,5,1,3,Returning_Visitor,False,False
0.8245264,14.696021,0.013094194,1.9454058,29.946508,894.14996,0.009138943,0.029456697,0.8133804,-0.00047385818,Nov,1,2,6,2,Returning_Visitor,False,False
0.6277989,15.9030905,-0.0035367827,6.758791,24.20264,767.0283,0.00861512,0.03409654,0.6518561,-0.00029818466,Dec,2,2,3,2,Returning_Visitor,False,False
0.4975679,-0.06977133,-0.0021088342,0.5657405,1.1449723,117.25227,0.16200478,0.18598816,0.047721587,0.0005630131,May,1,2,1,5,Returning_Visitor,False,False
10.177527,505.20645,8.894726,188.52449,106.0767,8599.058,0.027524559,0.047955267,2.26834,0.001964933,May,3,2,2,11,Returning_Visitor,True,False
5.623302,142.85428,1.9331344,32.43471,47.52472,1125.9781,0.005196109,0.014648591,4.717843,0.0671259,May,3,2,4,11,Returning_Visitor,False,False
1.6468573,66.31073,0.0026111384,4.587307,12.305347,348.24298,-0.00021008808,0.028067654,-0.028584756,0.0015238436,Dec,1,1,1,2,New_Visitor,True,False
0.9496012,19.333286,-0.0041944603,2.7420464,13.886656,403.8275,0.00211112,0.020779053,0.0055777654,0.0011840524,Dec,2,2,3,2,New_Visitor,True,False
1.5438409,44.277927,0.002335288,2.3336258,47.28597,1356.7644,0.007122488,0.022344641,63.13097,0.0022499773,May,2,2,1,3,Returning_Visitor,False,False
1.9526256,35.025467,-0.0058529,-0.7163449,15.784199,386.41956,-0.00032781655,0.009155183,0.0076796636,0.0016779999,Sep,2,2,6,2,New_Visitor,False,False
3.4682782,265.0295,2.001089,801.64557,16.76723,1802.0939,-0.0006783571,0.0025085423,-0.012215413,0.001400123,Nov,2,4,4,2,New_Visitor,True,False
3.2887723,74.65116,0.029761828,23.048754,26.15255,845.9055,0.009856603,0.030548941,0.021742545,0.0019623216,Mar,3,2,2,1,Returning_Visitor,True,False
-0.01640188,0.0058436035,-0.003999553,-0.6775647,31.424511,781.25476,0.00079126435,0.056117337,0.023366176,0.0017687852,Dec,2,6,1,11,Returning_Visitor,True,False
0.6353152,6.9101405,-0.009592794,0.105447695,16.370346,304.70715,0.06242593,0.10989477,0.093220435,0.7656028,May,3,2,3,13,Returning_Visitor,False,False
0.5439602,8.824134,-0.007985555,-0.10848434,12.888563,400.66876,0.0044995374,0.044931702,1.6126502,3.6525227e-05,Dec,2,2,1,10,Returning_Visitor,False,False
1.945436,30.306698,0.013341524,7.490097,94.313,2911.032,0.0008315478,0.010747398,2.3886652,0.0018759506,Oct,2,4,9,4,Returning_Visitor,False,False
-0.00010930771,-0.32800344,0.0032474776,0.19259827,1.2151952,2.0622065,0.19934298,0.20050853,-0.03523425,0.002042028,Dec,1,1,1,2,New_Visitor,False,False
1.5784222,32.40641,-0.007946096,0.21733658,39.187042,1043.3665,0.026558151,0.04965798,0.08709308,0.00054493797,Nov,1,8,7,1,Returning_Visitor,False,False
0.9461956,17.687824,0.34976196,10.396189,28.418287,1166.9618,0.0026454942,0.027961457,0.42355177,-0.00049932796,Nov,2,2,1,10,Returning_Visitor,False,False
1.7093219,57.736813,-0.007502518,-0.99439436,18.933355,488.70874,0.00797434,0.027374728,0.08178779,0.0005299884,Oct,1,1,6,3,Returning_Visitor,False,False
1.7356946,29.340824,-0.012360238,0.15155213,43.135853,1457.6405,0.007497219,0.023969907,0.16835327,0.00036380315,Dec,2,2,3,1,Returning_Visitor,False,False
6.726295,186.36354,1.6647167,49.345985,41.682735,1147.6393,-0.000570197,0.008963893,14.889582,0.00048899156,Mar,2,2,1,8,New_Visitor,False,False
14.717921,1420.9447,0.042272188,22.881447,47.932606,3164.9731,0.012722171,0.036388632,1.2823327,0.0017543795,Dec,2,2,3,1,Returning_Visitor,False,False
2.1586928,52.21241,0.8780004,21.39138,23.858446,778.79645,0.0007582527,0.013608283,0.015834533,0.0011677208,Jul,2,2,7,2,New_Visitor,True,False
5.042143,292.50833,2.9818385,1562.5149,23.971443,1653.7616,0.020132551,0.04292358,1.9497466,0.002783886,Oct,1,1,2,2,Returning_Visitor,False,False
1.499387,33.32437,-0.002325497,6.395941,33.26727,1185.9131,0.0011995711,0.0199048,0.13820572,0.008709236,May,4,1,1,4,Returning_Visitor,False,False
1.5019976,36.79191,-0.01233723,2.6310596,21.962948,616.2288,0.011615812,0.026533984,0.56574744,0.0012241291,Dec,1,1,1,1,Returning_Visitor,True,False
2.334131,66.3544,-0.004338942,-0.05756195,13.361925,417.3935,0.0012926921,0.023240494,-0.036279,0.0014078567,Nov,2,5,6,2,New_Visitor,False,False
1.7340785,67.35058,0.023634024,21.467264,20.20571,788.11255,0.005702173,0.021801982,0.04037448,0.0018706532,May,1,1,6,4,Returning_Visitor,True,False
6.456914,247.94499,5.4691586,313.62598,111.19262,4071.263,0.007454134,0.019205311,0.9360501,-0.00010570636,Nov,3,2,6,2,Returning_Visitor,True,False
1.0798666,17.411427,-0.0044676284,0.32955736,12.162821,686.8636,0.0052863765,0.04381498,0.017509662,0.0033055868,May,2,2,6,13,Returning_Visitor,False,False
1.2848421,21.183254,-0.011139654,11.899582,16.138454,416.1292,0.0120908655,0.04673831,0.011188231,0.0013197052,Dec,2,2,2,2,Returning_Visitor,True,False
3.1751165,99.00364,-0.0019086819,-0.265894,38.01515,1121.6005,0.0032007785,0.01520905,1.4468677,0.0020627517,Dec,2,6,1,2,Returning_Visitor,True,False
0.7721455,11.519164,0.0018153567,7.494917,10.658312,472.393,0.017444357,0.046215802,0.03007432,0.0013148362,Mar,1,1,6,1,Returning_Visitor,False,False
1.2682905,38.79705,0.06629137,4.890562,20.281576,542.24536,0.016701194,0.04057835,0.019814692,0.0020710889,Jul,4,1,1,4,Returning_Visitor,True,False
2.5664032,64.64842,0.7087682,31.375515,66.17771,2908.283,0.0073473756,0.020657552,0.021826945,0.0008688408,Nov,3,2,4,3,Returning_Visitor,True,False
19.987299,212.77711,6.8934994,288.88364,670.7377,22975.924,0.014552174,0.021972787,1.0471156,0.0058278725,Aug,2,2,1,1,Returning_Visitor,False,False
0.7132238,17.55737,-0.005436979,-0.1095372,10.581543,599.28674,0.0033336428,0.042637575,0.042097293,0.0014550822,Mar,1,1,3,1,Returning_Visitor,True,False
1.7321057,69.14781,0.1794558,10.97641,32.169514,963.5619,0.007701569,0.021626025,-0.029897965,0.0013521934,Mar,2,5,2,2,Returning_Visitor,False,False
3.988652,233.2631,2.991315,88.937126,16.089071,368.09137,0.021512764,0.057345737,0.043928824,0.0011180477,Oct,7,1,1,3,Returning_Visitor,False,False
2.4088492,50.925003,-0.007968448,-0.13962753,14.144089,740.39496,-0.00026333178,0.012911717,1.851157,0.00065648434,Nov,3,2,3,2,New_Visitor,True,False
11.980036,253.4701,3.9544585,1511.2958,439.75632,21909.223,0.0066427686,0.012345272,14.118014,0.008849557,Sep,2,2,1,13,Returning_Visitor,False,False
2.9847178,45.943943,-0.004083417,0.29132646,19.22884,485.63287,0.0037960557,0.029229963,0.41238758,0.0021041844,Nov,2,4,1,3,Returning_Visitor,False,False
2.1189327,30.540394,-0.004899762,5.488514,28.092505,1166.2914,0.0047122403,0.02361257,0.5190012,-0.0012961117,Nov,2,2,3,8,Returning_Visitor,False,False
0.24408805,1.0251079,-0.006636701,-0.6418362,51.946686,1887.6632,0.0025535652,0.03379311,-0.055160798,0.66678035,May,2,5,1,6,Returning_Visitor,False,False
2.5603526,40.048058,2.2899039,18.568453,57.97338,1477.9921,0.017810892,0.036965974,0.071016036,0.00036207834,Dec,2,2,7,1,Returning_Visitor,True,False
2.4631085,94.20702,0.0039692004,7.878784,29.909779,797.3392,0.009675935,0.03365304,1.1756237,0.0007727581,Jul,1,1,1,1,Returning_Visitor,False,False
0.26792705,1.1611857,-0.009676717,5.2689915,17.305283,513.36584,0.014430012,0.02381407,0.063338004,8.53712e-06,Nov,3,2,7,3,Returning_Visitor,False,False
11.633888,181.98558,2.9343848,321.12262,150.93765,4993.5283,0.0017305535,0.008089359,52.69813,-0.0012750936,Sep,2,2,1,6,Returning_Visitor,False,False
0.7882173,26.266361,-0.005693517,-0.76117903,9.431616,376.93652,0.0044189426,0.011195387,0.016288482,0.00081856054,Mar,1,2,8,2,Returning_Visitor,True,False
0.94131446,20.174389,1.0702276,49.886467,70.953384,2280.6965,0.010777321,0.021799786,3.0031092,0.00027862066,Dec,3,2,3,1,Returning_Visitor,True,False
2.9408474,40.871567,-0.0070449333,-0.32971007,12.362741,136.342,0.0047774888,0.023378152,0.07369443,0.0014664965,Sep,2,5,3,2,New_Visitor,True,False
5.1726108,251.45988,0.3007057,3.2491436,41.548958,1509.5444,0.0028133055,0.014206934,64.15606,0.00063403946,Nov,2,2,5,2,Returning_Visitor,False,False
0.43031383,7.28865,-0.0024135332,0.5241603,24.052128,707.1339,0.0023300794,0.02203636,0.044611655,0.0022874575,Nov,4,2,1,3,Returning_Visitor,False,False
0.48432708,11.859771,-0.0107963905,6.367468,10.32869,433.65387,0.015817221,0.057656884,0.016343318,0.007016199,Feb,1,1,1,3,Returning_Visitor,False,False
5.995456,67.66185,-0.00862249,-1.0038701,13.171131,212.61555,0.0124643985,0.024833037,0.118874274,-0.00093386444,Oct,2,2,5,7,Returning_Visitor,True,False
0.017203458,-0.10781912,-0.0061805467,0.61464876,1.6998773,31.23225,0.1636762,0.17845482,0.0347602,0.00053721917,Nov,2,2,3,1,Returning_Visitor,False,False
3.238321,43.458656,0.51435554,29.735998,47.031223,2097.6216,0.0069694663,0.028915763,1.1861756,0.00092744705,Dec,2,2,4,1,Returning_Visitor,True,False
0.59707713,29.92065,-0.0048560123,0.041082308,2.5281148,102.358475,0.00387511,0.061989143,0.024509154,0.0008747081,Mar,3,2,1,10,Returning_Visitor,True,False
0.7623712,16.644005,-0.0050946097,5.062563,29.399067,1038.9126,0.0042535975,0.023050677,0.7792565,0.0017735014,Dec,2,4,9,2,Returning_Visitor,True,False
0.43065763,20.378834,0.01198227,13.191677,16.340042,547.68964,0.016419886,0.0461008,0.15751381,0.98229504,May,3,2,3,4,Returning_Visitor,True,False
5.977016,469.85083,-0.007742248,-0.23953827,38.717854,699.93854,0.007897293,0.013575713,0.09589263,0.00077897933,Oct,3,2,7,4,Returning_Visitor,False,False
8.043405,1008.876,3.909313,354.69745,89.42487,5003.637,0.042597383,0.0643244,1.1366885,0.0005435,Aug,2,2,3,13,Returning_Visitor,True,False
6.591513,462.01514,1.9486547,114.23635,18.962507,456.36072,-0.00030373628,0.006958115,3.0136921,0.00044098,Mar,3,2,3,8,New_Visitor,True,False
0.023225434,-0.4564214,-0.004193745,0.4410457,2.7325063,55.899364,0.13050082,0.15504363,0.039445125,0.0013685959,Dec,3,2,3,1,Returning_Visitor,True,False
3.0534658,57.236107,0.31895918,6.285286,32.20284,935.8266,0.010743892,0.03704981,0.30561468,0.00074657303,June,2,2,4,13,Returning_Visitor,False,False
2.604192,42.084633,-0.0047834734,0.27186006,36.163857,998.82104,-0.00049742346,0.0062091043,0.011261664,0.0018927405,Nov,2,2,2,3,New_Visitor,False,False
2.436669,164.30618,0.7836145,12.656376,25.129435,1541.0199,1.448732e-05,0.020110881,0.019377433,0.8041208,May,3,3,1,4,Returning_Visitor,False,False
1.1612433,28.682186,-0.011807106,6.7292843,26.549738,779.1446,0.0053249705,0.035576537,0.38926527,0.0018962199,Aug,2,2,1,1,Returning_Visitor,False,False
1.8147628,36.205635,-0.00889685,0.35055727,14.220203,576.60223,0.0019725633,0.03874978,5.4541907,0.021703916,May,2,2,1,5,Returning_Visitor,False,False
1.2440307,15.223075,-0.0057561616,1.1344355,17.940113,492.14423,0.025034886,0.048391238,0.0029680356,0.0016796949,Dec,1,1,1,3,Returning_Visitor,False,False
5.4276915,64.17015,-0.007954858,-0.3210011,31.35332,831.0768,0.00036039544,0.012494535,1.6590321,0.00067400065,Sep,2,2,4,4,Returning_Visitor,False,False
2.460702,86.58763,0.0047329147,5.976612,41.005566,1419.6317,0.04368339,0.07389405,0.069400035,0.00065433484,Oct,3,2,1,13,Returning_Visitor,False,False
1.0206476,30.188377,-0.012880288,1.0310572,21.495512,660.64404,0.009702609,0.04002062,0.047440253,0.0010331149,Dec,3,2,1,2,Returning_Visitor,True,False
2.8037848,64.37034,0.0041302224,15.248705,14.979593,691.25684,0.005118027,0.026408946,-0.0046413317,0.0014835956,Dec,2,2,9,2,New_Visitor,False,False
1.9027746,37.703873,-0.012995027,1.5145663,20.718666,730.52356,0.0025132427,0.02160862,0.29127857,0.001450772,Mar,2,2,2,2,Returning_Visitor,False,False
3.9742699,138.00021,-0.0021680216,-0.30372053,19.675886,1728.4213,0.012889462,0.0577949,0.031311713,0.0022212628,Sep,3,3,4,4,Returning_Visitor,True,False
4.866303,115.40787,1.9899424,803.6156,157.10587,7274.678,0.0068036285,0.021760337,4.2665753,-0.0001172026,Nov,2,2,1,2,Returning_Visitor,False,False
2.9559286,63.491264,7.023327,381.23608,101.11358,3001.0125,0.0142695345,0.01978502,11.197085,-0.0006605846,Sep,3,2,1,2,Returning_Visitor,False,False
0.9580089,25.863811,-0.004350565,-0.3434201,7.584395,337.8706,0.004521297,0.02932977,0.015643798,0.0017938191,May,1,1,1,4,New_Visitor,False,False
10.7067795,82.96022,0.0064050336,-3.5740833,438.0077,9955.447,0.0034800784,0.010517943,1.0104935,0.9810468,May,2,2,1,20,Returning_Visitor,True,False
0.5963471,2.9439235,-0.006888054,0.07840912,20.616589,777.2339,0.012406049,0.03667215,0.31398222,0.0010640981,Dec,2,2,3,3,Returning_Visitor,False,False
0.94335437,87.92734,-0.009786688,-0.6359158,21.471067,677.80426,0.00063360075,0.023706151,0.2377102,-0.00085035834,Dec,1,8,3,20,Returning_Visitor,True,False
5.603015,179.18912,-0.005462847,-0.52948195,16.165592,381.89185,0.0009268798,0.016307695,3.9972124,0.0018888215,Sep,2,4,1,2,Returning_Visitor,False,False
11.213855,251.26686,1.9753135,1639.5264,79.71341,1261.8767,0.003606431,0.013313512,8.085582,0.0020297233,Sep,3,2,4,2,Returning_Visitor,True,False
4.595456,120.70384,0.09555126,0.7137241,53.690254,1123.4954,0.0131564895,0.025129577,0.1790225,-0.0002815438,Sep,3,2,3,13,Returning_Visitor,False,False
15.24048,148.67358,2.0201032,1517.43,25.302193,2118.078,0.005470907,0.019628545,16.268658,0.0005318622,Oct,2,2,2,20,Returning_Visitor,False,False
3.6239603,73.40356,-0.0063864808,0.3383655,6.6040063,328.23578,-0.00044172475,0.021814732,0.020264827,0.00056847435,Oct,2,5,3,5,New_Visitor,True,False
3.3253093,54.07554,2.4860396,92.998474,20.730978,764.06104,0.016048053,0.02209252,54.14858,-0.00082215044,Sep,3,2,4,4,Returning_Visitor,True,False
17.915773,259.5794,1.015776,66.49558,312.74414,8130.348,0.0030663142,0.012333571,1.3063953,0.00076854107,Sep,2,2,1,1,Returning_Visitor,False,False
2.9058297,56.23054,0.13514598,0.21988861,128.92854,4886.567,0.005392402,0.022063605,0.022811614,0.0015497195,May,2,2,4,4,Returning_Visitor,True,False
2.5921664,63.446484,0.02041749,11.613842,20.263868,555.21204,0.0049541923,0.02445921,0.37015793,0.007372035,May,1,1,7,4,Returning_Visitor,False,False
1.9945893,385.92667,0.9638489,26.835127,31.244696,2718.1118,0.011021177,0.017448485,0.043440543,0.0020409848,May,2,6,2,5,Returning_Visitor,True,False
3.7574472,128.07837,1.6657772,108.124054,47.361034,1706.1606,0.0035476608,0.01574996,9.486096,-0.0012767775,Oct,1,1,3,2,Returning_Visitor,False,False
-0.012730472,0.28411815,-0.0031898837,1.1182917,2.0868669,55.307934,-0.00024334934,0.09974367,0.023590766,0.0020234312,Nov,4,5,9,11,New_Visitor,False,False
7.230062,80.993515,0.018262692,0.18714707,41.995304,2203.996,0.013354674,0.017577318,0.30402014,8.484597e-05,Dec,3,2,6,10,Returning_Visitor,False,False
0.8239988,6.0219874,-0.00406184,-0.13408859,23.583559,1177.137,0.0030866785,0.029598223,0.81778497,0.6790981,May,4,1,1,6,Returning_Visitor,False,False
-0.00962054,0.023887122,-0.007584415,10.255962,18.004286,700.1943,0.025268005,0.06991124,0.047219478,0.001804615,Nov,2,2,2,3,Returning_Visitor,False,False
0.93321896,6.421531,2.483818,162.3223,99.72756,4355.959,0.0050108577,0.020323988,0.1779315,-0.0021299135,Nov,1,2,3,11,Returning_Visitor,False,False
2.429447,48.95863,0.25704536,15.540916,11.525339,421.76465,0.0008488499,0.013719858,0.346925,-0.00012992075,Mar,2,2,3,8,New_Visitor,False,False
4.589066,227.68956,0.37660566,3.5767002,15.418238,585.03125,0.013882774,0.026999556,0.19848986,-0.0018673477,Sep,3,2,3,5,Returning_Visitor,False,False
1.8871539,1667.1981,0.010360219,-2.277586,28.431505,3222.2334,-0.00036455723,0.02509088,0.17782708,0.0033146727,May,2,4,5,3,Returning_Visitor,False,False
0.75615525,13.011344,-0.002666376,0.28273576,10.397638,589.55566,0.0056490167,0.041648105,0.07264348,0.0017725738,Mar,4,1,3,2,Returning_Visitor,False,False
0.62888145,2.2072978,-0.0032873373,-0.1552716,9.797787,160.98213,0.07303029,0.11035813,0.029325686,0.0014664481,May,3,2,3,15,Returning_Visitor,True,False
1.0720419,57.384174,0.35339788,26.341806,24.324238,734.72,0.08093128,0.10072793,0.2452981,0.00044240677,June,3,2,6,13,Returning_Visitor,False,False
0.27301013,7.8655086,-0.0037623863,-0.5382214,9.82074,312.56146,0.007821798,0.06064114,0.042219363,0.0015965091,May,2,2,2,6,Returning_Visitor,True,False
3.6352684,139.80998,-0.008531652,0.9309444,31.426266,1206.7999,0.020473117,0.04123289,109.869484,0.0009260575,Nov,3,2,1,13,Returning_Visitor,False,False
4.9365807,137.13257,0.021092393,5.827429,36.571396,1503.6776,0.004058765,0.022100393,32.476326,0.0036389667,May,2,2,1,2,Returning_Visitor,False,False
0.9398942,51.255165,-0.0068439464,-0.36233336,4.098355,94.75984,0.038895763,0.03973796,0.073244296,0.0013457822,Jul,1,8,9,4,New_Visitor,False,False
2.839975,18.405727,-0.0027126889,-0.88887984,201.67235,4999.803,0.00181766,0.018108424,0.03354188,0.0014801534,June,2,2,3,3,Returning_Visitor,False,False
13.503298,509.3533,1.4765412,37.976566,66.506836,1966.4934,0.0070947777,0.016080126,0.42453453,0.00031195456,Dec,3,2,4,13,Returning_Visitor,False,False
0.53292906,4.149078,-0.009943746,-0.58217436,15.923053,573.78986,0.0062457,0.034165632,0.27469656,0.74847716,May,2,2,4,4,Returning_Visitor,False,False
9.765975,696.6894,2.5807319,162.19916,53.20215,1932.5455,0.017481856,0.034874845,3.8769462,-8.839121e-05,Dec,1,1,3,1,Returning_Visitor,False,False
6.9325304,109.24607,5.969564,857.94214,193.83258,6847.53,0.00080524536,0.0064724935,0.03241893,0.0018324504,Mar,2,5,1,3,Returning_Visitor,True,False
1.1933504,63.170845,-0.0019943337,-0.6461392,9.140221,395.67157,-0.00019295361,0.02347823,-0.021615304,0.0014742041,Mar,1,1,1,2,New_Visitor,True,False
1.3531585,26.10925,-0.007588766,-0.97014433,17.771755,647.0423,0.0036637557,0.030795205,1.0245192,0.0002679924,Jul,2,2,1,2,Returning_Visitor,False,False
5.6982546,130.05998,2.934619,231.81247,26.063585,906.17084,0.0036016905,0.020549895,5.705483,0.02129825,May,1,1,3,6,Returning_Visitor,False,False
1.576249,47.29496,0.066082336,22.919277,14.069075,773.17377,0.017356915,0.036477264,0.02337619,0.0015179651,May,1,1,6,2,Returning_Visitor,True,False
-0.016142718,-1.8111272,-0.00018321686,0.64978975,2.4158711,199.23152,0.14593257,0.17402217,-0.014343537,0.0013936522,May,2,2,4,13,Returning_Visitor,False,False
1.4676882,34.159542,0.13079931,3.9487076,26.528767,740.949,0.008634258,0.024826847,0.13862391,1.0000201,May,1,1,9,3,Returning_Visitor,True,False
-0.0003081488,0.66662544,-0.0016895157,0.38331407,1.8684354,49.12251,0.1861903,0.1938156,0.030769072,0.007902502,May,2,2,3,3,Returning_Visitor,False,False
2.7854514,150.9392,-0.004483662,-0.0027027875,23.407759,783.1351,0.006652731,0.04147333,0.95463437,0.0013942817,Mar,1,1,4,1,Returning_Visitor,False,False
15.004718,833.4269,-0.007357202,-0.13734253,23.66961,875.44196,5.304966e-05,0.0115423715,1.2176306,-0.00081064674,Nov,2,2,7,20,Returning_Visitor,True,False
8.225914,232.91568,1.754514,9.487093,49.022545,1247.6909,0.018429786,0.034798216,0.39791653,0.0007981348,Oct,1,1,4,3,Returning_Visitor,False,False
-0.017032735,0.55798286,0.002282985,-0.2933789,1.4390664,32.328564,0.19083406,0.19141875,0.0026228055,0.007727931,May,3,3,1,3,Returning_Visitor,False,False
3.0782177,54.7027,2.3710532,333.34268,33.4281,972.1325,0.0023459697,0.023704382,3.1461923,-0.00013468167,Dec,2,2,5,2,Returning_Visitor,True,False
0.010922797,-0.31811574,-0.0062630395,-0.34293562,8.104925,277.46814,0.019178543,0.058099326,0.055973254,0.00023886064,Nov,3,2,4,11,Returning_Visitor,True,False
5.953457,163.07837,9.848397,404.13174,15.364622,678.46954,0.006743085,0.004951588,0.102872096,0.0005755785,Mar,3,2,8,8,New_Visitor,False,False
0.43973482,4.7327952,0.023296334,13.277346,19.930647,598.017,0.012970757,0.046556816,0.016607963,0.0016187044,Dec,2,2,1,3,Returning_Visitor,False,False
1.30177,15.525054,-0.00521519,2.3424664,29.34535,800.1264,0.011793279,0.035282858,0.022609435,0.0013291227,Dec,3,2,2,13,Returning_Visitor,False,False
0.47834682,30.825405,-0.008919023,-1.2042447,20.913475,663.27527,0.010248613,0.026358368,0.048360072,0.008540723,Jul,1,1,6,2,Returning_Visitor,False,False
0.25916493,4.1965327,-0.008577548,-0.0077420026,20.434992,702.6064,0.0067883176,0.029248914,0.15914364,-0.00045414394,Nov,1,1,1,10,Returning_Visitor,False,False
4.5927606,124.224464,0.6650467,29.063438,46.741116,1431.6722,0.0058875936,0.021666182,5.3060727,0.0011986109,May,2,2,1,2,Returning_Visitor,True,False
1.2036917,21.780483,0.020929135,13.289955,17.605042,672.5851,0.02404626,0.043187965,0.10240098,0.0009339663,Jul,3,2,4,3,Returning_Visitor,False,False
3.9705107,62.96294,-0.0054356675,-1.209448,28.823719,877.009,0.0050112396,0.015126332,0.014801703,0.000932018,Sep,2,6,2,7,Returning_Visitor,False,False
1.7555023,24.468098,-0.001636706,-0.010274962,18.163494,757.53735,0.0036195943,0.031077893,-0.004643239,0.0017750213,May,2,2,8,3,Returning_Visitor,False,False
4.573508,101.41782,0.0010587055,-0.8100682,14.915438,324.62433,-0.0006131887,0.015390298,-0.015808381,0.0017570393,Mar,2,4,7,2,New_Visitor,True,False
0.909459,13.406577,0.0016972799,-0.5817242,14.825825,524.5429,0.033270445,0.06854148,0.006120406,0.001397154,May,2,2,4,6,Returning_Visitor,True,False
0.27490056,1.2219157,-0.005647085,0.1484317,17.705696,425.93555,0.018821646,0.024866385,0.043366633,0.0014902937,Nov,3,2,1,3,Returning_Visitor,True,False
9.886144,2432.5361,3.0696683,420.5673,495.8511,23814.012,0.0001265068,0.010241634,0.6898753,-0.0017346976,Jul,2,2,1,3,Returning_Visitor,False,False
-0.010024421,-0.34427693,-0.0063715796,0.35624498,5.3934083,119.62312,0.009365862,0.06762462,0.10064765,0.0008023257,Nov,2,2,3,3,Returning_Visitor,False,False
11.44781,592.8676,-0.0056355814,-0.15605743,54.148895,2803.2644,0.008165224,0.020388912,9.215997,0.093684815,May,2,2,1,4,Returning_Visitor,False,False
2.4884343,31.051666,-0.010296844,-0.40023237,24.050331,841.7658,0.009633088,0.026636824,0.34702274,-0.0002711912,Oct,2,2,3,1,Returning_Visitor,False,False
5.9816318,114.072914,-0.0071063857,0.19064896,68.92999,1950.0358,0.008010113,0.028051568,2.0554016,0.00069245574,Nov,2,2,1,1,Returning_Visitor,False,False
5.9996133,134.51085,0.0012360889,0.06459992,20.238333,619.35736,0.0032006556,0.0179065,5.4133964,0.001563816,Aug,2,5,1,2,New_Visitor,True,False
2.1539965,84.34,-0.004475854,0.2922954,22.13118,964.367,0.017864356,0.039858926,0.05916425,0.0017241562,Oct,1,8,3,1,Returning_Visitor,True,False
0.1823262,13.684279,-0.003767691,-0.01634796,5.264315,97.69026,0.08558364,0.11723664,0.019286834,0.0020513374,Nov,3,3,1,1,Returning_Visitor,False,False
-0.0071419408,-0.110992946,-0.0055659036,-0.498457,12.496784,498.24146,0.0009736285,0.044353347,0.06988021,0.0008294868,Mar,1,1,3,15,Returning_Visitor,True,False
0.61519086,2.2174296,-0.010518871,-0.81527144,31.669596,748.2351,0.041673496,0.0820032,0.06337949,0.5839094,May,2,2,3,11,Returning_Visitor,False,False
1.9697113,74.06143,-0.004746876,-0.6054936,6.5089707,213.54262,-0.00025221737,0.018344471,0.008631907,0.001616648,Oct,1,1,7,3,New_Visitor,False,False
1.1116511,21.393757,-0.0070159654,-0.27374846,18.75899,624.6793,0.0024781579,0.02944203,1.0668004,0.0012439253,Dec,2,2,2,2,Returning_Visitor,False,False
1.0269727,14.505317,-0.0111045465,0.88559145,19.353392,475.3125,0.0041624377,0.028551852,0.06474038,0.0012817035,May,2,2,1,4,Returning_Visitor,True,False
1.7062814,67.18204,-0.007675133,0.053407595,20.589193,548.255,0.005823392,0.029202929,0.044696532,0.0004276211,Nov,1,1,9,2,Returning_Visitor,False,False
0.0207218,-0.2518697,0.00043920462,0.26772493,1.4397721,10.33955,0.18907651,0.19845165,0.00481721,0.0022329863,Mar,3,2,2,1,Returning_Visitor,False,False
2.7807138,100.13143,3.371743,102.43481,64.86808,2329.4702,0.010117327,0.022593988,3.1360238,-0.00043458244,Nov,1,1,6,2,Returning_Visitor,True,False
0.5800941,48.033604,-0.008377336,-0.79954344,36.89678,823.7044,0.0009089537,0.023073722,3.1988118,0.84574455,May,2,4,4,2,Returning_Visitor,False,False
1.3225185,17.557472,-0.013932548,-0.059629515,16.718866,397.73834,0.0023265646,0.026111005,0.1398675,0.6715014,May,2,2,1,4,Returning_Visitor,False,False
2.4837782,53.00562,-0.006035767,0.39617723,39.46298,1304.5334,0.0008495968,0.022738736,-0.015029229,0.0010987247,Nov,2,5,1,2,Returning_Visitor,False,False
-0.008756034,-0.58147484,0.002156057,0.36957353,1.5692544,36.040966,0.18759482,0.19472975,0.0016214475,0.0019550982,Mar,2,2,1,3,Returning_Visitor,False,False
3.9044988,85.841446,1.473234,59.954098,9.449541,386.8069,0.013656712,0.032692105,0.06854554,-0.00026779374,Mar,3,2,3,2,Returning_Visitor,False,False
-0.015504949,-0.3306661,-0.005500875,-1.9153157,54.236046,2188.473,0.02746034,0.051016986,0.020467483,0.85909504,May,2,6,1,6,Returning_Visitor,True,False
0.4821558,2.6469264,3.8594484,318.04065,8.670418,118.05879,-0.0005519859,0.008858806,0.050408565,-0.0002917697,Mar,2,4,1,8,New_Visitor,False,False
7.4787183,108.61131,0.9733208,22.052164,78.65131,1811.2971,0.0017875932,0.008481759,16.411713,0.002130239,May,4,2,6,13,Returning_Visitor,True,False
1.3815674,24.216602,-0.010233067,-0.5496159,21.956312,692.39197,0.012594798,0.045177136,0.033419333,0.0035684619,May,2,2,6,3,Returning_Visitor,False,False
1.1254665,19.115429,1.4153414,42.821827,40.408306,1314.7302,0.0020932143,0.022066828,0.14240666,-0.0004750689,Nov,2,2,1,2,Returning_Visitor,False,False
4.7456737,84.892815,0.77736205,39.280178,27.908846,621.9205,0.001126153,0.010931953,0.07259961,0.0017129729,May,2,2,1,4,New_Visitor,False,False
0.3272667,4.215652,-0.0063470225,-0.8834744,4.810559,182.87715,0.00043631313,0.029020222,0.038965903,0.00047544265,Nov,1,8,4,6,New_Visitor,False,False
6.701215,162.68997,-0.009591602,-0.96532255,15.845794,581.6012,-0.00020318326,0.008835434,0.18855734,0.0006755094,Dec,8,13,9,20,Other,False,False
2.9524183,22.45179,-0.0036058049,-0.41125685,50.006897,1321.7185,0.0060262303,0.021240707,5.0780687,0.0022236991,June,4,1,2,1,Returning_Visitor,False,False
2.3416102,72.25808,0.49600017,9.702795,30.992134,1158.4021,0.0044749132,0.023841731,2.350885,0.001104592,Dec,2,5,1,2,Returning_Visitor,False,False
0.27776468,4.079429,-0.0018956881,0.3748607,5.877236,570.08716,0.019793015,0.06029519,-0.022429265,0.0012346642,Mar,2,5,8,2,Returning_Visitor,True,False
2.9364028,149.94077,0.2710808,24.021414,13.340248,337.14984,0.00044084122,0.013733576,-0.022623338,0.0010831679,Mar,1,1,3,2,New_Visitor,False,False
2.0108237,189.77553,-0.006129823,0.42851824,7.4449506,808.08514,0.025163688,0.036909148,0.11919852,0.00032140562,Nov,3,3,3,5,Returning_Visitor,True,False
0.41067517,3.9529948,-0.008267008,-0.79635817,12.607958,362.12872,0.0035569218,0.028291574,0.022425853,0.00080256414,Mar,3,2,6,2,Returning_Visitor,False,False
0.5623779,10.575683,-0.008287571,-0.11545761,17.522598,562.03906,2.2891574e-05,0.024346076,0.062303267,0.0005494493,Nov,8,2,1,6,Returning_Visitor,False,False
1.1207964,17.393566,-0.013418995,17.054636,26.442469,824.58026,0.001313293,0.024261778,0.14567728,0.00883229,May,2,4,1,2,Returning_Visitor,False,False
6.9426355,711.4937,8.930511,153.39746,239.89732,10274.004,0.0030404793,0.016439782,4.0776877,0.000661696,Dec,2,2,4,1,Returning_Visitor,False,False
1.9932383,61.50792,0.25242808,75.591125,34.439953,2153.657,0.0037690455,0.011899685,3.4715803,0.0016195128,May,2,1,2,5,Returning_Visitor,True,False
2.9427931,1184.125,3.9091425,123.76039,18.041088,1728.91,0.009057735,0.016377049,0.27447864,0.0013560193,Jul,2,5,6,1,Returning_Visitor,False,False
0.024959214,-0.03823904,-0.005040906,0.36223406,1.4332051,11.8264885,0.20058146,0.20058523,0.008002959,0.0011846932,Dec,3,2,3,1,Returning_Visitor,False,False
3.8651183,168.80202,0.032171495,17.384043,25.366701,754.89435,0.007460062,0.024074497,1.1392725,8.164222e-05,Nov,1,1,1,8,Returning_Visitor,True,False
2.6300092,45.703182,0.029524602,5.4269314,23.67479,512.4303,0.03006156,0.04758236,0.096163474,9.6118696e-05,Jul,3,2,9,13,Returning_Visitor,False,False
3.3757396,78.63671,-0.0019887309,1.7281016,34.17005,1075.839,0.017147733,0.035769332,0.13438196,0.0007467481,Sep,2,2,1,1,Returning_Visitor,False,False
-0.055042617,-1.3241811,-0.004613302,1.5535487,2.5516305,228.54994,-4.6385787e-05,0.09964093,0.02877637,0.0012222665,Oct,2,5,9,13,Returning_Visitor,True,False
4.3569183,96.39315,-0.0013423782,0.3116588,35.34144,2274.9546,0.0045712884,0.025039252,0.45523426,0.0022149112,Aug,2,2,2,1,Returning_Visitor,True,False
-0.020758502,0.31436107,0.00083226745,39.588028,28.419664,888.4829,0.019475197,0.041199353,0.07163783,0.00070751336,Jul,2,4,6,1,Returning_Visitor,False,False
1.398682,28.276363,-0.0057934145,-0.6045895,9.817694,616.5517,0.015267814,0.048372377,0.021218501,0.0011348972,Dec,2,2,2,6,Returning_Visitor,False,False
0.9345846,14.063834,-0.007911347,0.040780947,11.497648,404.85168,0.01800921,0.058838446,-0.032678403,0.41045752,May,7,1,6,1,Returning_Visitor,False,False
2.033701,30.008053,-0.005446158,-1.28364,105.47686,2891.9438,0.011501093,0.029140832,1.1000779,0.00072768953,Jul,2,2,1,1,Returning_Visitor,False,False
-0.051141612,0.5103144,0.0010198731,-0.0021343976,1.7659516,-9.1266365,0.20086902,0.20160735,0.02860614,0.0025023322,June,2,4,3,3,Returning_Visitor,False,False
1.7050041,52.962936,0.014247395,7.1742,21.823483,768.44727,0.02411543,0.04383734,0.022419654,0.0059719556,May,1,1,2,3,Returning_Visitor,False,False
7.960039,136.74062,1.4735967,32.714413,36.115364,1418.2917,-0.0005314074,0.006756264,-0.038215913,0.0013044687,Dec,2,2,8,2,New_Visitor,True,False
6.8701234,155.69473,1.4826261,29.6867,251.43134,9461.27,0.011813244,0.028193234,-0.008209027,0.0016484993,Jul,2,2,2,1,Returning_Visitor,True,False
0.50323546,3.68753,0.3141467,0.7545566,14.946354,491.6756,0.0028480717,0.014940186,0.112667285,0.80028516,May,2,2,5,5,Returning_Visitor,False,False
0.53569055,25.70417,0.05557675,1.4588565,32.173977,766.5814,0.0021280737,0.024384378,-0.0064542666,0.0022488039,Nov,3,3,1,3,Returning_Visitor,True,False
0.03338421,4.676513,8.974537,1809.1309,14.0105,1922.166,0.0062847375,0.018252319,0.16253586,0.61264527,May,2,2,6,3,New_Visitor,False,False
-0.038600318,1.5347133,0.26847982,96.43284,17.062876,679.7442,0.019485611,0.044190202,0.053139888,0.0019227738,May,3,3,6,4,Returning_Visitor,True,False
4.290731,108.86835,0.00467483,4.9644184,22.558935,831.13947,0.001453824,0.018189792,0.6704232,0.0015872816,Dec,2,4,1,2,Returning_Visitor,False,False
-0.004046791,-0.30540517,-0.00064860994,0.18626206,1.4817147,5.0960197,0.17045596,0.18960436,-0.006312646,0.0021878693,Dec,2,4,7,1,Returning_Visitor,False,False
2.69371,59.383015,-0.010389648,-0.58782774,22.519745,1003.8748,0.007342096,0.02352404,5.4687266,-0.0001554986,Dec,2,2,1,8,Returning_Visitor,False,False
0.5965307,26.48708,-0.005583785,6.875799,27.693308,938.8852,0.0144903,0.03288508,0.024534427,0.0019898254,Mar,4,2,1,3,Returning_Visitor,False,False
4.20924,519.6761,0.5287448,16.068413,65.048805,2305.2664,0.0046225986,0.01917226,1.2020748,0.0014929535,Nov,2,5,6,1,Returning_Visitor,True,False
11.092527,315.63745,7.3570805,461.91446,131.163,2951.7139,0.010991626,0.023549508,2.2170436,0.0008335474,Aug,2,2,6,1,Returning_Visitor,True,False
0.19637954,4.1066203,-0.0006761473,0.059293672,4.2876725,154.41975,0.0050069145,0.067105666,0.041147433,0.0021048363,Mar,3,2,3,9,Returning_Visitor,True,False
0.9258976,17.247334,1.119011,48.995876,87.037674,2795.7026,0.0045456323,0.020172717,0.009170257,0.9980237,May,2,2,4,2,Returning_Visitor,True,False
2.687529,46.40456,1.7292997,35.585712,84.53041,2604.0405,0.00473779,0.018575815,2.8191729,0.7415975,May,2,2,4,3,Returning_Visitor,False,False
-0.015897863,-0.15357259,-0.00447192,-0.53199965,1.8540883,181.26546,0.11043769,0.1690884,0.020019256,0.0014795015,Mar,3,3,5,2,Returning_Visitor,False,False
22.394459,1148.7657,3.0513215,110.924095,205.23747,4448.8623,0.0020867602,0.0073656878,178.58852,0.0014130572,Nov,2,5,3,3,Returning_Visitor,True,False
3.3943262,33.98962,-0.01201918,3.9790154,21.6169,697.5913,0.007446893,0.017539838,0.72802037,0.0029574584,May,1,1,3,2,Returning_Visitor,False,False
0.041990407,1.1808009,-0.0106423125,0.7875156,35.802784,1104.4664,0.013947659,0.035880696,0.049282752,6.9803245e-05,Nov,3,2,8,10,Returning_Visitor,True,False
5.9637423,117.96587,5.000608,214.12813,10.195845,314.52423,-0.00026928293,0.014562073,0.01105281,0.001321117,June,2,5,1,2,Returning_Visitor,True,False
3.4856524,104.0768,0.008638568,2.9482403,19.143555,512.60364,0.0021020377,0.0092784865,0.011936866,0.0016428704,Sep,1,1,1,3,New_Visitor,False,False
5.6786256,97.187164,-0.004055343,-0.10486801,105.12361,3779.219,0.0020870508,0.013827906,0.3109891,9.937829e-06,Nov,2,2,4,10,Returning_Visitor,False,False
2.5935042,79.12068,2.5965421,65.95031,48.90668,1422.2473,0.005552526,0.018062111,5.0630174,0.0011802638,May,2,2,1,1,Returning_Visitor,True,False
3.6084964,96.614426,-0.0065674405,-0.0071736127,25.155497,794.77234,0.0055737696,0.033657007,0.024631701,0.00083894905,Dec,1,8,1,2,Returning_Visitor,False,False
4.6854086,102.27989,-0.0022363882,2.1242962,33.50544,841.0775,0.022538688,0.04364388,1.9420972,0.0007198292,Oct,2,2,1,13,Returning_Visitor,False,False
6.9468784,106.89222,0.9901244,1010.2147,33.796543,1435.6992,0.004286598,0.009268544,39.520855,-0.00040048859,Oct,3,2,1,4,Returning_Visitor,True,False
1.893665,33.923702,0.0128870085,14.432333,30.257303,878.5293,0.0033119132,0.02315999,0.43352434,-0.0008270678,Nov,2,2,3,2,Returning_Visitor,False,False
-0.01532089,1.0761943,-0.008018158,-1.0028707,31.861221,858.42883,0.0050939876,0.0244556,-0.042007722,0.6724675,May,2,4,2,6,Returning_Visitor,False,False
2.7966557,57.325836,-0.007534526,-0.5627919,16.73345,392.7364,0.00045755287,0.010630283,1.6952946,0.0011098521,Sep,2,2,3,2,New_Visitor,False,False
0.44964457,15.733848,-0.008431457,-0.20836456,21.418137,746.2,0.004916809,0.03126419,1.0474751,0.002626336,May,2,2,3,2,Returning_Visitor,False,False
1.3563856,31.17936,-0.0043137292,0.37464327,15.272274,654.4478,0.017507304,0.054633923,0.022445403,0.0011756184,Mar,2,2,1,13,Returning_Visitor,False,False
11.344216,193.2399,1.9163263,64.83798,54.271755,1202.618,0.00085511955,0.020921456,4.634035,4.7332294e-05,Nov,2,5,3,4,Returning_Visitor,True,False
0.6710236,10.556319,0.007957973,2.007822,19.342112,519.9665,0.015648413,0.04564172,0.5810992,0.00034034872,Nov,2,2,1,1,Returning_Visitor,False,False
4.638507,113.48008,4.658187,152.02205,41.16365,1080.0991,0.019761693,0.02810061,0.06266376,-0.00038176155,May,3,2,6,6,Returning_Visitor,False,False
-0.024906985,1.4374614,-0.008221887,-0.33122832,6.7133145,316.0047,0.002036087,0.0508091,0.075273715,0.27802557,Feb,2,2,3,3,Returning_Visitor,False,False
1.9717171,157.85782,3.2824883,74.0573,16.343504,760.61255,0.0037512386,0.021056902,10.037171,-0.0014351992,June,2,5,3,20,Returning_Visitor,False,False
3.2961924,602.1312,-0.0034150104,-0.4213658,35.713745,2353.853,0.006863708,0.033326115,0.0450451,0.24137779,May,2,2,7,13,Returning_Visitor,False,False
2.0160885,14.945312,1.9849603,1231.1407,9.757095,69.98653,0.036768753,0.08694136,0.2769172,-0.00077999505,Nov,2,2,1,11,Returning_Visitor,False,False
0.9816719,24.08662,0.0067285676,2.5947132,23.32963,821.38336,0.0040339488,0.028754817,0.215625,0.0017730953,May,1,1,1,1,Returning_Visitor,True,False
4.4796867,233.7751,0.77063674,20.094698,56.488,1691.4426,0.012344395,0.021889662,1.333195,0.0004701341,Nov,3,2,1,2,Returning_Visitor,True,False
2.4761703,50.012974,-0.0058939676,0.22931091,27.46498,819.46063,0.0022028626,0.022370722,0.48189327,0.0039895647,May,2,5,1,4,Returning_Visitor,False,False
4.1124067,80.35754,0.26527756,32.34389,23.401144,719.34,0.0024073103,0.014301042,0.09841224,0.00047873208,Mar,3,2,7,1,Returning_Visitor,False,False
7.169609,371.66312,2.7405858,138.99965,70.317245,1428.4961,0.00037287144,0.014762594,10.485604,7.6926e-05,Mar,2,2,7,2,Returning_Visitor,False,False
4.0006504,67.28087,0.7767591,6.0205956,81.88731,4504.5005,0.018051809,0.043820348,0.028289996,0.0022388871,Sep,4,1,9,1,Returning_Visitor,True,False
0.040211327,0.38155314,-0.0025362591,0.8585872,3.0860276,280.3949,0.0045595146,0.09285898,0.025964938,0.0012298772,Nov,4,1,4,10,Returning_Visitor,True,False
12.471585,397.53284,3.9008355,129.8489,35.83239,1134.3676,0.012419148,0.025269425,0.52276534,0.00024977574,Aug,3,2,3,2,Returning_Visitor,True,False
23.821594,197.90654,1.0078248,29.10166,113.07856,8561.957,0.019825257,0.045680307,2.0574608,0.0005335982,May,2,2,6,11,Returning_Visitor,True,False
0.6528269,9.441634,-0.00570365,3.7453651,29.938234,975.01447,0.00846336,0.036708858,0.23843165,0.68798137,May,2,6,1,2,Returning_Visitor,False,False
1.8291895,106.24361,0.22317095,9.800255,22.183731,664.27783,0.0050236504,0.02790209,0.021378241,0.001106883,May,3,2,8,2,Returning_Visitor,False,False
2.1523747,57.316013,-0.012278698,7.7041817,24.09174,840.2888,0.006102895,0.027340487,0.9182045,0.001955765,May,2,2,1,6,Returning_Visitor,False,False
0.46176183,5.1435847,-0.008533739,-0.77919585,13.782118,422.57556,0.024417069,0.04012092,0.02796527,0.5016775,May,3,3,5,1,Returning_Visitor,False,False
0.0017968488,0.2857432,0.0027582427,0.774538,1.5215898,10.240673,0.19378957,0.197663,0.017653666,0.00527121,May,3,2,9,3,Returning_Visitor,False,False
4.4652925,66.67934,1.8666168,48.290066,9.050188,178.44069,0.007248564,0.02940109,-0.021282472,0.0023539949,Aug,2,6,4,3,Returning_Visitor,True,False
2.5074043,55.57841,-0.0145719275,1.9080943,16.080412,632.31854,0.010702868,0.03767631,0.6949832,3.0125152e-06,Mar,2,2,1,8,Returning_Visitor,False,False
8.984973,281.54968,-0.0011186522,-0.026403502,110.46236,1824.2095,-0.0002216309,0.006753034,-0.009143151,0.0014001491,Oct,4,1,1,2,Returning_Visitor,True,False
-0.019287698,0.0144571895,0.0015148896,-0.21645553,3.7695298,259.4577,0.13407905,0.16088176,-0.020369329,1.0044621,May,1,1,4,3,Returning_Visitor,True,False
1.1335971,25.225899,-0.004587672,-0.37140852,11.378981,382.8576,-1.9938088e-05,0.024106957,-0.014341153,0.001393153,Mar,2,4,1,10,Returning_Visitor,False,False
-0.006663673,-0.5349203,0.0011946935,0.09605591,1.2079797,2.8434565,0.2013821,0.2008086,0.00839635,0.0020187635,Nov,3,2,2,11,Returning_Visitor,True,False
1.2677003,45.88635,-0.0065300087,0.020933077,15.449476,368.2865,0.009826826,0.034570843,0.021745883,0.0014265353,Dec,3,2,1,1,Returning_Visitor,True,False
12.022013,590.5924,2.4352658,72.72179,45.645664,1190.7585,0.010595796,0.016321627,11.326716,0.00105702,May,3,2,4,4,Returning_Visitor,True,True
0.4617504,22.505905,0.3002174,0.31191057,38.239834,1113.7584,0.002008736,0.013088617,24.294235,0.00052307424,May,2,2,6,4,Returning_Visitor,False,True
4.9922256,178.88907,0.26729447,26.941692,18.91051,1055.9509,-9.749491e-05,0.017013075,32.320396,0.000993284,Mar,3,2,1,2,Returning_Visitor,False,True
0.9908916,0.37475535,-0.0047950963,-0.49680525,24.217587,989.5267,-0.00032267565,0.00817323,17.661043,0.0012626672,Nov,2,2,4,2,New_Visitor,True,True
6.1449995,172.54605,-0.009811245,-0.07552536,30.318424,918.8587,0.0048973127,0.0116569055,18.096884,0.0002619947,Nov,2,2,3,3,Returning_Visitor,False,True
0.6259413,10.628867,-0.01265832,0.8030452,70.31097,3262.6143,0.0024238785,0.01936469,0.16579075,0.0003688025,Nov,2,2,1,2,Returning_Visitor,False,True
0.3546431,2.1458735,-0.006991468,-0.744917,23.250074,906.29645,0.0039324923,0.018062418,60.515568,0.0014828021,Dec,1,1,4,2,New_Visitor,False,True
9.540308,276.4666,1.9485229,94.153404,138.68362,5280.304,0.0041202563,0.01700141,6.5409083,9.920696e-05,Nov,2,2,1,1,Returning_Visitor,False,True
1.4157295,25.056183,0.34272543,84.12269,16.55996,581.4569,0.0042923237,0.018219065,23.680473,-0.002245256,Oct,2,2,1,20,Returning_Visitor,False,True
-0.032690637,1.3855968,-0.0056508402,-1.1791745,11.396336,510.52527,-0.0005309157,0.018291654,50.22801,0.002148873,May,2,4,5,2,New_Visitor,False,True
0.49391937,27.79663,-0.007736228,-0.54484373,22.511011,1361.8177,0.013781433,0.028417148,0.09929725,-4.3348722e-05,Nov,2,2,1,11,Returning_Visitor,True,True
1.4931278,40.49543,-0.010412715,-0.2970181,14.111738,633.8937,0.00010124002,0.017640484,48.33089,0.00043813014,Dec,2,2,7,2,Returning_Visitor,False,True
2.2403898,47.02913,0.074632,12.465759,25.507801,702.9373,0.0037394592,0.016377762,12.314785,0.0009843545,May,2,2,1,4,Returning_Visitor,False,True
4.0062957,46.533985,-0.006286047,0.36064714,18.332827,1264.2643,7.394109e-05,0.031751085,6.5709095,0.0014266433,Dec,1,1,1,1,Returning_Visitor,False,True
3.7662838,134.08965,-0.009125434,-0.0384465,46.65914,1681.4594,0.0074937693,0.017132016,0.53944224,-0.00016767284,Nov,1,1,3,2,Returning_Visitor,False,True
2.9738011,32.255234,-0.00564029,-0.51502043,17.135708,366.59454,-0.00039023565,0.009920306,-0.04239253,0.0012848253,Dec,2,2,1,2,New_Visitor,False,True
0.9592166,31.40799,-0.0074664573,-0.6026898,17.483839,286.84473,0.01586191,0.022930289,19.554377,0.0016978072,May,2,2,5,1,Returning_Visitor,True,True
0.015494235,0.5304865,0.27489656,27.211788,44.098976,1922.1733,-0.00038369963,0.0048515974,26.293295,0.00015839064,May,2,2,3,5,New_Visitor,False,True
2.8400912,65.22415,-0.011947773,-0.912798,16.73284,632.86084,-1.1998774e-06,0.013503891,102.27938,0.00012454638,Dec,8,13,9,20,Other,False,True
12.187174,1104.4995,9.037733,619.891,123.02742,7411.7026,0.008114933,0.021771064,7.779969,-0.00060999516,Nov,3,2,4,2,Returning_Visitor,False,True
2.9542286,145.42499,-0.006975136,0.392538,36.087326,1402.6815,0.021193938,0.039945725,7.035031,0.0017283732,Nov,3,2,2,1,Returning_Visitor,False,True
5.001966,87.57591,-0.009751104,-0.69642836,37.693443,850.14056,8.016419e-05,0.011415268,52.0927,0.00026534373,Oct,1,1,1,2,Returning_Visitor,True,True
2.0026507,117.950775,-0.009017371,-0.120496824,5.49383,182.90858,-0.00020404566,0.028170714,87.97172,0.0011514524,Nov,2,2,7,2,New_Visitor,False,True
0.7935959,23.36633,-0.009214304,-0.104433134,16.573784,871.0138,-0.00020176951,0.014657247,82.55919,0.00095588964,May,2,2,1,2,Returning_Visitor,False,True
3.878304,79.169876,1.8923346,199.76695,9.642347,151.54451,0.006830447,0.029329978,19.088484,-0.001071894,Sep,2,2,1,2,Returning_Visitor,False,True
7.92826,168.1729,4.7366695,158.08167,80.44948,2241.37,0.0031020937,0.011798815,59.28605,-0.00077539805,Nov,2,2,1,2,Returning_Visitor,False,True
5.967954,49.87702,0.99475855,619.5483,58.18372,2539.2346,0.0059330794,0.020705724,0.17570944,-0.0017164064,Nov,1,2,1,2,Returning_Visitor,False,True
2.2309551,46.552773,0.07282997,-0.2980519,24.734903,555.12805,0.011135994,0.029178966,36.922012,0.0016742932,Nov,2,4,1,3,Returning_Visitor,False,True
0.021988042,0.015998328,-0.007249675,-0.4669171,20.626787,1280.1134,0.0030554028,0.018017834,19.521324,0.0012605774,Mar,2,2,1,1,Returning_Visitor,False,True
4.37154,72.06632,0.42062688,3.4977207,139.65106,5455.4707,0.0024493297,0.012009717,42.346558,-5.6364886e-05,Nov,2,2,1,2,Returning_Visitor,False,True
1.9054259,30.794258,1.4598007,18.811327,16.912386,394.78198,0.0047077606,0.03031119,16.431463,0.0018657359,May,2,2,1,3,Returning_Visitor,True,True
6.0025845,112.54721,0.25536087,24.177912,49.31334,1582.585,0.005279032,0.018755754,43.54567,0.0023731615,May,4,2,3,3,Returning_Visitor,False,True
2.434873,19.615143,0.28269088,13.953524,28.09574,741.74896,-0.00024345923,0.017089097,1.2468812,0.0004153649,Aug,2,4,3,2,Returning_Visitor,False,True
1.123929,19.929031,-0.01391723,1.1740016,34.001816,1016.88385,-0.0004859272,0.0078068255,47.083515,0.00096312043,Nov,2,2,1,2,New_Visitor,False,True
1.2632896,18.100716,-0.010539375,-0.6896573,55.927277,1383.0869,0.0032274572,0.020699723,6.194731,0.6748772,May,2,2,1,4,Returning_Visitor,False,True
1.9722902,38.161793,-0.0074255685,-0.015295103,2.3393388,21.37666,0.0001837049,0.04790377,0.08017846,0.00025917837,Sep,1,1,1,5,New_Visitor,False,True
0.48668993,10.931159,-0.0041653733,0.6360988,10.973259,331.7887,0.0045949235,0.044979125,5.3028817,0.0018305505,Nov,1,1,1,3,Returning_Visitor,True,True
0.49064457,1.5853877,0.28559765,15.272757,111.38705,2368.0815,0.0008523237,0.013963521,0.036474906,-0.00026963404,Nov,1,1,1,2,Returning_Visitor,False,True
5.962686,71.53437,1.9844501,205.05104,24.326052,692.02094,0.0065449937,0.016853675,15.35151,0.0006185199,Aug,2,2,2,2,Returning_Visitor,False,True
2.9559052,63.43771,0.98402494,-1.4987394,30.010796,629.70123,0.0005164851,0.010395232,13.407949,-0.00035518533,Jul,2,2,3,1,Returning_Visitor,True,True
1.9824768,338.50665,1.9740918,28.167686,17.154419,946.3649,0.00057254324,0.022996891,18.158688,0.00041706362,Dec,2,2,1,6,Returning_Visitor,False,True
2.9682188,92.11426,-0.0058329324,-0.6328297,10.727516,507.5595,0.014823868,0.01565059,44.129425,0.001589513,May,1,1,1,2,New_Visitor,False,True
1.0324976,28.448677,-0.0071807723,0.48159212,26.378586,1663.1088,0.007524067,0.016169861,21.945278,0.0016825931,Nov,2,5,2,1,Returning_Visitor,False,True
4.6552057,107.99188,2.1744127,73.36581,55.93359,2604.8096,0.008284805,0.02023779,14.825793,-0.0005162855,Nov,3,2,1,2,Returning_Visitor,False,True
0.21510994,0.4065623,0.0055765887,4.0819283,46.54925,2008.0635,0.0088862125,0.021202708,1.4067256,0.00042199218,Nov,3,2,1,2,Returning_Visitor,True,True
0.98126733,4.682304,-0.007888995,-0.23528488,81.171074,1869.8112,0.0054807994,0.018643156,5.569416,0.00026606643,Nov,2,2,4,1,Returning_Visitor,False,True
-0.004807823,0.2314677,-0.0062852125,0.0780925,6.9513936,583.4176,-0.00042933816,0.033251822,54.247463,0.001611306,May,2,5,3,2,New_Visitor,False,True
1.1398786,18.61425,-0.007137678,-0.67908293,11.790087,451.17706,-0.0006260391,0.012389111,43.80313,0.0059964084,May,2,2,1,2,New_Visitor,False,True
-0.010320775,1.0373454,1.0108986,18.529406,26.914127,1495.6692,-0.00034141386,0.0019966464,22.007599,0.000670104,May,1,1,1,4,Returning_Visitor,False,True
0.9589063,28.261986,-0.01072856,0.6126613,115.245476,1398.9883,5.5845492e-05,0.0006741796,255.66795,0.00051596266,Nov,4,5,2,8,Returning_Visitor,False,True
0.97531295,9.135695,-0.011329256,-0.5034962,11.996044,219.72548,-0.00014257651,0.020324541,60.72823,0.00022697324,Nov,1,1,1,8,New_Visitor,True,True
2.2972019,64.342834,-0.009447359,-0.2244931,26.954334,1210.2736,0.0007556133,0.016783888,10.089624,0.00016055504,Dec,2,2,3,2,Returning_Visitor,False,True
0.4894662,1.5723262,-0.006393216,-0.13147171,33.632107,1467.5161,0.015476701,0.032207336,19.096365,0.001332576,Nov,2,2,1,1,Returning_Visitor,True,True
4.004616,40.01493,-0.005602918,-0.029207304,9.036209,130.45393,-0.00042797657,0.0063628247,0.0016996488,0.00077591714,Aug,2,2,1,5,New_Visitor,False,True
2.4919147,82.361916,0.0083533,6.4781876,25.234442,1025.3672,0.0013380103,0.020003676,19.67065,0.0042039626,May,2,2,1,2,Returning_Visitor,False,True
2.5755615,33.859165,0.5336285,0.47051805,30.003777,889.0379,0.004161108,0.016494345,0.5843093,-0.00049903366,Jul,2,2,1,4,Returning_Visitor,False,True
2.0132189,272.88528,2.9881773,228.02936,13.641735,2436.8457,9.234961e-05,0.021746084,42.158623,-0.00024501732,Nov,2,2,4,2,Returning_Visitor,False,True
2.9452307,50.81428,-0.0067825536,-0.12283142,51.20374,1822.2809,0.0052564046,0.016607614,40.06825,0.0013833443,Nov,2,2,1,3,Returning_Visitor,False,True
1.5709743,63.64957,1.0256495,11.982973,304.2684,9129.894,0.0045214775,0.01589817,2.386253,0.00038579354,Nov,2,2,1,2,Returning_Visitor,False,True
6.909629,98.74039,5.1062255,473.97864,28.358696,874.3169,0.0016032212,0.009241532,0.20275183,-0.002027617,Nov,2,2,3,1,Returning_Visitor,False,True
5.9763403,130.12129,-0.007805131,-0.6061421,41.683144,1168.4448,-9.6585936e-05,0.005315858,19.119362,0.0007566425,Mar,2,2,3,8,New_Visitor,True,True
6.936759,68.18179,1.9748143,722.4633,102.31742,4723.2197,0.009356137,0.010759725,20.353842,0.0014519008,May,1,1,6,3,Returning_Visitor,True,True
4.9796042,227.50386,2.987419,153.04114,39.458122,1459.9009,0.0063065733,0.020552443,7.280982,0.0001000377,Mar,1,1,4,2,Returning_Visitor,False,True
2.9698746,138.29924,3.9985492,215.55399,22.290356,922.27155,0.0054590623,0.028819205,29.972992,0.18489115,May,2,2,9,2,New_Visitor,False,True
0.49873924,12.613265,-0.0064665894,-0.47870833,1.9825063,43.077343,-5.012598e-05,0.040059257,0.022425853,0.0010816479,Nov,1,1,8,8,New_Visitor,False,True
7.9938216,490.99344,3.9551258,381.03174,52.13262,4721.688,0.0071076,0.018587537,11.350629,0.00015739599,Mar,2,2,1,2,Returning_Visitor,False,True
-0.04446637,0.8917536,-0.009117626,-0.91842085,13.342993,180.99678,-2.6306472e-05,-1.2361629e-05,17.628145,0.0016504364,Sep,2,2,2,4,New_Visitor,False,True
0.010888465,1.11058,-0.0100323185,-0.3967114,28.962366,1098.7974,4.8026108e-05,0.0045460416,73.7842,0.00046980256,Mar,2,2,7,2,Returning_Visitor,False,True
6.9510937,298.50482,5.919203,334.6304,41.62557,1999.472,0.0057725455,0.021914212,12.80469,0.0013987335,Mar,1,1,2,2,Returning_Visitor,True,True
0.9596857,15.757438,-0.010767959,-0.32228667,23.833553,1034.7323,0.00016470034,0.008580583,59.25761,8.376563e-05,Mar,2,2,3,2,Returning_Visitor,False,True
7.9674315,127.81577,2.462475,109.03805,29.82297,1180.0756,0.007505613,0.032200027,4.6803217,-6.817778e-05,Nov,1,1,8,2,Returning_Visitor,True,True
3.4610913,97.215164,-0.006689749,0.2614879,37.927937,1994.2863,0.0007910688,0.010496273,105.12814,0.0013914654,Nov,2,2,1,2,Returning_Visitor,True,True
2.9589336,54.101288,-0.007495127,-0.50277907,29.256317,1062.6569,0.0055278256,0.02484072,3.7857227,0.00093106803,June,2,2,4,1,Returning_Visitor,False,True
0.962168,34.979225,-0.0043109874,-0.85186964,11.657763,529.70154,-0.00016049702,0.018705864,41.38464,0.0016140739,Mar,1,1,1,2,New_Visitor,True,True
5.482544,112.84697,1.463878,59.521484,74.863014,2409.118,0.0025402976,0.019800166,16.792727,-0.0005107758,Nov,3,2,1,10,Returning_Visitor,True,True
2.440313,79.41867,-0.0061645727,0.028703615,30.860859,828.55853,-0.0007017836,0.008613172,0.00969287,0.001171785,Nov,2,2,9,2,New_Visitor,False,True
5.587669,109.446236,0.81568956,35.455658,34.524754,1201.8142,0.0007539928,0.018737763,5.687896,0.0004082384,Mar,2,2,7,2,Returning_Visitor,False,True
8.446656,288.22455,1.46403,127.22034,54.033558,1524.2797,0.011287882,0.02314288,5.2095256,-0.0005812359,Nov,3,2,3,2,Returning_Visitor,True,True
1.2277757,5.0192637,0.066861756,-0.6607838,20.620268,774.8402,0.00077571685,0.018688006,19.621954,0.05716528,May,2,2,5,2,New_Visitor,False,True
3.9994006,357.78986,-0.0015530806,0.20897858,15.4232025,1997.258,-0.00018532421,0.014061923,18.123428,0.0019454347,Dec,2,4,1,1,Returning_Visitor,False,True
0.9719367,31.841396,-0.0036173682,-0.61399657,8.667883,437.26196,3.2622032e-05,0.022789638,18.633434,0.0016619066,May,2,2,8,2,Returning_Visitor,True,True
2.9471295,89.49518,-0.0062719206,0.5510463,27.275429,1391.44,0.0053477655,0.023637732,15.653995,0.00096413,Nov,2,2,1,13,Returning_Visitor,False,True
-0.023651235,0.60962623,0.9996376,17.759403,11.430014,377.11676,-0.00050256995,0.026082778,33.97444,0.0015487807,May,2,4,1,2,Returning_Visitor,False,True
1.286442,17.900429,0.63598305,29.065039,9.017099,306.45038,-0.00056023,0.020734053,42.81314,0.00026557842,May,1,1,1,5,New_Visitor,False,True
-0.018651359,0.11075541,-0.01127138,-0.59515196,2.3318715,60.80537,0.0002407987,0.00040118658,34.11627,0.00016641864,Sep,2,2,4,1,Returning_Visitor,False,True
0.62850046,46.802868,-0.0060773115,0.019864962,14.636122,410.0208,-0.00013088841,0.0047524637,10.37875,0.001245434,Nov,1,1,4,3,Returning_Visitor,False,True
3.4970202,146.59204,-0.0043184976,-0.23761947,25.428745,1348.0037,4.2062385e-07,0.018220896,3.949765,0.0013679067,Dec,2,2,1,2,Returning_Visitor,False,True
1.4523804,24.222923,0.028456278,5.0245495,28.907866,634.8425,0.008628764,0.020339461,8.990254,-0.00017956024,Oct,3,2,1,1,Returning_Visitor,False,True
2.9621131,36.847153,-0.0030535678,0.90020555,20.384148,607.15955,-0.000113794915,0.009994707,358.7015,0.0017595576,Nov,2,2,3,2,New_Visitor,False,True
5.9816318,123.48727,-0.004829965,-0.14179428,34.422276,1572.073,0.0011915468,0.010163366,19.429749,0.0011805954,Dec,2,2,2,7,Returning_Visitor,True,True
2.9195108,34.03331,-0.006151102,-0.41359144,22.882553,791.178,-0.00019521672,0.012039238,48.896706,0.0009703773,May,2,2,4,2,Returning_Visitor,True,True
-0.03214466,0.39788768,-0.008172117,-0.29154402,16.991331,488.09955,0.023299254,0.035194855,35.98719,0.0011032732,Oct,1,1,9,3,Returning_Visitor,False,True
5.0016117,140.8765,-0.0117285475,-0.026105955,21.50202,854.6641,0.011466061,0.008607215,30.574228,0.0003576378,Dec,3,2,3,1,Returning_Visitor,False,True
0.95289457,18.94357,-0.011261784,-0.6518956,24.153894,1119.7762,0.0005188469,0.017452793,29.69927,-0.00030725574,Sep,2,2,3,2,Returning_Visitor,False,True
4.442548,119.58468,4.4830675,205.90175,45.481213,1314.1632,0.0003034488,0.007682099,13.101177,0.0013357612,Mar,3,2,1,9,Returning_Visitor,True,True
13.066191,443.37878,2.0003064,503.3235,169.31192,5305.7754,0.009221298,0.01687698,12.5867405,-0.0010512186,Nov,3,2,1,13,Returning_Visitor,False,True
5.0091705,170.78822,-0.008359157,0.6432857,24.722834,814.5302,-0.00019914132,0.01027397,264.60754,0.0014521877,Mar,2,2,1,8,New_Visitor,False,True
12.032746,225.08786,1.0003731,0.090902254,128.37192,3368.469,0.00090780633,0.018608531,0.4011695,0.00017657378,Nov,2,4,1,10,Returning_Visitor,False,True
12.203565,152.99396,5.9703636,1027.7441,125.28589,3245.742,0.008669528,0.01699277,33.808136,0.00062318397,Nov,3,1,1,2,Returning_Visitor,True,True
-0.004344337,0.3043284,-0.0059562544,-0.8215428,44.981388,1593.5212,0.0001756471,0.01553842,45.448914,0.0011922555,Mar,2,2,1,2,Returning_Visitor,True,True
0.5100291,10.87297,-0.009668015,-0.2808705,8.2380295,434.66296,0.00019138645,0.029838545,52.024853,0.0013173657,Dec,2,2,1,1,Returning_Visitor,False,True
0.49790132,10.324927,-0.009724759,-0.5551701,5.9791493,100.35811,2.0164662e-05,0.04370439,7.175899,0.0006302285,Dec,1,1,1,8,New_Visitor,False,True
2.9048357,116.756134,-0.009875558,-1.0479718,15.384672,699.31696,0.0056047677,0.014021867,29.305332,0.59979653,May,2,2,2,6,Returning_Visitor,False,True
2.967343,29.150013,-0.0069169025,-0.044485167,19.18826,718.72266,-0.000698496,0.017957468,0.03431674,0.0014882634,Nov,2,4,1,8,New_Visitor,True,True
3.1097605,77.757904,-0.0046786885,-0.08728607,53.84078,2004.7322,0.00097424316,0.019938448,8.466861,0.0014641458,Nov,2,2,2,2,Returning_Visitor,True,True
2.5666668,84.66083,-0.008333527,0.07378952,65.36283,2624.0542,0.005873637,0.025171915,3.9019585,0.000299676,Nov,2,2,3,1,Returning_Visitor,False,True
1.015044,20.569645,-0.009816848,-0.31474882,16.644545,1515.0404,-4.2501705e-07,0.00873611,40.90648,0.0003945368,Dec,1,1,3,2,Returning_Visitor,False,True
12.278895,489.02713,2.0316696,1664.1244,240.62216,8648.87,0.014637423,0.027439183,1.4652259,0.0024156782,Jul,2,2,1,1,Returning_Visitor,False,True
0.5092933,2.1733317,-0.0068209986,0.49054903,11.890625,429.78033,0.047118932,0.06723799,2.4364066,0.0011849279,Nov,3,2,3,3,Returning_Visitor,False,True
3.9757993,1655.777,0.009552099,-0.6548634,3.6612287,8.897778,0.00045601247,0.014881321,115.6375,0.0031035866,Sep,2,10,1,2,Returning_Visitor,False,True
6.9943357,144.17378,-0.0070778946,0.8203754,73.25202,3563.663,-0.00018375028,0.0038691524,23.438265,-0.00035829595,Oct,2,5,3,5,New_Visitor,False,True
0.99286354,703.68665,-0.0015998703,-0.84346205,37.60119,2212.4758,0.012589687,0.015668187,9.507178,0.001700061,Mar,1,1,2,2,Returning_Visitor,False,True
20.566652,1309.7349,3.0139968,126.79679,512.34863,26909.45,0.0064959354,0.013578697,10.862305,-0.0023258787,Nov,1,1,1,2,Returning_Visitor,False,True
11.057492,423.70728,5.0083175,189.10872,75.187256,2656.8347,0.011405935,0.025592355,0.08578511,-0.00025141737,Nov,2,2,1,2,Returning_Visitor,True,True
0.64912057,37.840775,-0.007241688,-0.7223683,26.676954,1010.35724,-0.00021124665,0.009653392,21.10315,0.0012324551,Dec,2,2,7,2,New_Visitor,False,True
-0.010309331,0.8991465,-0.0050292234,-0.93549925,20.378067,778.7786,-0.00032803635,0.010606649,58.293358,0.0017434197,May,2,2,1,2,New_Visitor,True,True
0.003589995,0.54772896,-0.008200191,-0.6860867,34.289894,1138.8755,0.009301076,0.027737519,0.083927356,1.0418366e-06,Nov,1,8,1,11,Returning_Visitor,False,True
3.2563486,50.41264,-0.009195171,-1.0335943,2.6220117,54.78474,0.00032186662,0.030526405,12.681075,-6.507834e-05,Oct,2,2,6,2,Returning_Visitor,False,True
1.2137406,31.668446,-0.004781447,-0.691042,22.247534,1292.5885,-0.00043844277,0.0069350554,33.733585,0.0018362874,Dec,2,4,1,2,New_Visitor,False,True
1.9427933,58.79402,-0.0066389064,-0.3562451,31.55399,1069.4648,2.6538633e-05,0.009910683,9.931713,0.001329905,Mar,1,1,1,1,Returning_Visitor,False,True
0.5020431,39.411564,-0.011186145,-0.45097166,36.20212,1461.4069,0.0004517172,0.005777425,63.48425,-0.0004059983,Nov,2,2,3,6,Returning_Visitor,False,True
3.9499624,73.191505,0.87237597,43.375526,105.577736,3998.1628,0.005130339,0.017852865,31.558895,3.661091e-05,Nov,2,2,1,1,Returning_Visitor,False,True
11.326193,153.11125,3.3487127,27.599442,76.11509,2740.7183,0.0053002476,0.020150574,5.9551983,-0.0010595781,Nov,2,2,3,2,Returning_Visitor,False,True
9.012888,397.60693,4.986894,921.27655,115.506226,7246.521,0.0035514922,0.019243835,3.1582162,0.0016492816,Aug,2,2,8,4,Returning_Visitor,False,True
4.9978876,93.09745,1.9373504,116.25981,124.05536,5588.396,0.0051110755,0.0159569,10.475408,-1.5606485e-05,Nov,2,1,1,2,Returning_Visitor,False,True
0.9529301,141.18666,3.0173445,873.1713,138.24347,7735.883,0.0023892762,0.012259944,37.59662,-0.00058409694,Oct,2,2,4,2,Returning_Visitor,False,True
0.9233669,57.12133,-0.0077275853,-0.9110127,27.75925,605.3868,0.00015591424,0.016476335,12.613058,0.0017482179,Sep,2,4,7,4,Returning_Visitor,True,True
8.395748,274.89215,5.0415525,695.7375,284.49545,12804.267,0.0073100966,0.022492284,1.1243718,-2.6555113e-05,Nov,2,2,1,2,Returning_Visitor,False,True
0.4849391,7.818382,2.3345022,12.080708,32.02148,1055.8999,0.009077671,0.022859173,20.324986,0.59832555,May,2,2,1,6,Returning_Visitor,False,True
2.0104246,76.676186,1.0051569,16.096218,46.060013,1064.0345,0.003743559,0.019626739,50.879654,-0.00020000836,Dec,3,2,4,10,Returning_Visitor,False,True
0.6505923,9.987014,-0.009832881,-0.28519255,12.585531,610.9416,1.8035658e-05,0.016910652,48.848164,-5.5355333e-05,Dec,2,2,6,10,Returning_Visitor,False,True
6.9911094,90.442696,-0.008360468,0.12424652,26.206799,1157.5656,-0.0005509857,0.008866354,27.184206,0.0013836758,May,3,2,3,4,New_Visitor,False,True
4.003832,51.915142,-0.0042243223,-0.020399168,35.175224,1047.0574,0.005909625,0.020383386,3.3057165,0.0014066423,Mar,3,2,7,2,Returning_Visitor,True,True
8.805499,478.4732,0.0007214624,0.29022783,91.37399,3726.917,0.00228307,0.013990262,8.450043,0.0005409482,Nov,2,2,1,2,Returning_Visitor,False,True
3.9682608,73.30462,0.08160273,-1.0929395,14.7176285,336.1997,0.021622857,0.04233636,3.6594434,0.00048486018,Jul,3,2,2,4,Returning_Visitor,False,True
5.9819026,233.42702,-0.005464218,-0.5089169,36.71148,929.00934,-3.743764e-05,0.014827696,25.375143,0.0011611903,Mar,2,2,1,2,Returning_Visitor,False,True
1.3715128,28.11493,-0.0089512095,-1.2416745,27.556189,511.64734,-0.000109400935,0.00493019,43.686996,0.0008226323,Oct,2,2,6,2,New_Visitor,True,True
1.2853384,51.055294,0.99049795,77.36682,32.297653,1296.458,0.0023347565,0.016208766,24.287367,0.3469391,May,2,2,4,4,Returning_Visitor,False,True
15.957197,485.25543,1.9927074,18.4131,41.66955,779.6976,7.701704e-06,0.011411007,31.454039,-0.0013524977,Nov,2,2,1,8,Returning_Visitor,False,True
5.9433374,144.87177,2.0294251,1068.3993,136.9514,8765.967,0.0073639364,0.016491117,21.758099,0.0005043733,Dec,3,2,1,2,Returning_Visitor,False,True
3.9771929,60.101883,1.9958583,7.4309006,28.302977,924.968,0.008646929,0.025414491,25.336319,-4.4928245e-05,Nov,2,5,3,2,Returning_Visitor,False,True
5.96038,58.578144,-0.005922995,-0.8792897,66.04759,1273.8374,0.00405202,0.019121291,20.923779,0.00075544295,May,2,2,1,6,Returning_Visitor,False,True
11.033427,415.52713,-0.0057174186,0.5733966,37.52459,1323.9921,0.003107663,0.017656807,9.438513,0.0008265513,Nov,1,1,3,8,New_Visitor,True,True
4.599934,124.74347,1.2697786,44.626022,51.378563,2127.1992,0.0072224573,0.025949977,3.6135924,0.00031502792,Nov,1,1,1,2,Returning_Visitor,True,True
0.97201014,74.68143,3.9794726,247.3056,43.604477,1659.3622,-0.0001458976,0.0017227929,46.371937,0.0008285816,Mar,2,2,1,2,New_Visitor,True,True
4.0053735,182.78697,0.984248,36.331997,15.237379,542.7698,-0.00017361935,0.012447835,16.00178,0.00048622736,May,2,2,2,5,Returning_Visitor,False,True
0.9582046,5.0179896,0.06625847,9.699978,24.600418,1697.4991,0.0074208206,0.034285095,14.381079,0.002329341,May,4,1,2,4,Returning_Visitor,True,True
1.9663385,47.938354,4.550137,382.049,121.956276,2818.5793,0.008032538,0.020588065,0.11878034,-0.0013689337,Nov,2,2,1,2,Returning_Visitor,False,True
0.47087872,0.53214973,-0.010919891,-0.725153,16.490902,422.4995,0.00023822267,0.027391955,46.41184,0.00012644628,Oct,2,2,1,4,Returning_Visitor,False,True
6.494979,153.90857,1.0135055,10.962933,114.96169,5505.7544,0.0044022663,0.022658974,8.932371,-0.00012569255,Nov,2,4,3,10,Returning_Visitor,False,True
6.972633,120.51696,-0.005812786,-0.15400513,96.64032,2926.5325,0.004775997,0.017395314,4.9288893,0.00019853064,Nov,2,2,3,2,Returning_Visitor,True,True
2.9728165,58.5044,0.2759234,-0.27943617,11.099192,380.11462,0.026265427,0.059934698,2.9430623,0.0018098528,Aug,1,1,4,1,Returning_Visitor,False,True
1.1845804,17.530632,-0.010287665,0.021150514,30.344671,1237.8035,-5.1666386e-05,0.010835062,67.01712,0.00075775635,Nov,2,2,2,2,Returning_Visitor,False,True
6.49854,138.79913,-0.0046192626,0.10776703,32.027573,1161.7621,-9.109113e-05,0.015273617,11.030222,0.0010261895,Mar,1,1,1,10,Returning_Visitor,False,True
2.4142861,35.60247,-0.0123135075,-0.32949263,36.06976,1368.5696,0.006258938,0.022052748,6.6072307,-0.0007021961,Nov,3,2,1,8,Returning_Visitor,False,True
2.3949642,32.156483,-0.009824358,-0.064867094,16.330555,935.4088,-0.00012090836,0.016141327,80.38301,0.00084379566,Dec,2,2,3,2,New_Visitor,False,True
1.9943043,10.276351,-0.0035218815,0.56180376,11.874672,338.4923,0.0001381949,0.02345144,9.921958,0.0020061422,May,1,1,3,3,Returning_Visitor,True,True
0.015911944,-0.02233175,-0.0055681686,-0.12399872,101.68201,5069.0586,0.0071214116,0.021876333,6.204784,0.0006621505,Nov,2,2,1,1,Returning_Visitor,False,True
6.3079934,110.889824,0.8473341,31.29752,42.09553,946.3852,0.0068136775,0.017212192,4.092619,-0.000114028655,Nov,3,2,4,2,Returning_Visitor,True,True
0.9238117,9.279723,-0.005718253,-0.789671,11.437677,913.4514,-0.00066602265,0.01648422,76.95082,0.0026369418,May,2,4,6,4,New_Visitor,False,True
0.9137986,36.89927,-0.0070976834,-1.0823156,13.276897,427.48016,-1.361627e-05,0.009269784,53.97331,0.0018068241,Sep,2,2,1,2,New_Visitor,True,True
0.4877019,3.8165812,-0.012751482,-0.4854794,14.502413,346.49164,0.000113702976,0.008196923,69.69578,-0.00056126836,Oct,1,1,1,2,Returning_Visitor,False,True
1.2117904,28.945652,-0.010178827,-0.909998,24.334553,913.603,0.0013025083,0.019739674,23.514315,-0.0005698589,Nov,2,2,3,11,Returning_Visitor,False,True
0.50824046,0.6370463,-0.009054981,-0.22245987,21.528046,677.015,0.04455488,0.05464009,13.270461,0.50078464,May,3,2,2,13,Returning_Visitor,False,True
6.005456,725.8268,1.9794186,409.63638,6.2068143,101.02986,-0.00037464718,0.015315815,0.122925006,0.0010941761,Nov,2,5,2,2,Other,False,True
4.9917707,420.8334,0.0036510606,-0.83100325,116.08147,4458.621,0.0038969328,0.023337662,13.933285,0.0021257128,Aug,2,4,4,1,Returning_Visitor,True,True
1.4357255,35.93113,2.9225068,124.41801,81.02609,2522.914,0.0072333054,0.02553889,6.7454767,-0.0010275928,Nov,2,2,7,2,Returning_Visitor,False,True
0.00802625,-0.26528218,-0.011276029,0.37887758,12.343136,900.2259,0.007632354,0.02527929,14.495353,0.59740937,May,2,5,1,5,Returning_Visitor,False,True
0.98574615,1.2952495,-0.008309387,-0.8200436,60.57455,1986.9238,-0.0003922026,0.003444622,61.990116,0.00070917484,Nov,2,4,1,7,New_Visitor,False,True
2.9258616,55.694633,5.0035477,8.519245,218.74014,8281.638,0.024668084,0.038831536,0.8361365,0.0006865176,Nov,1,1,3,3,Returning_Visitor,False,True
7.9559765,119.145615,-0.0074735503,-0.40865523,69.94912,969.718,0.0043147723,0.013131685,25.838793,0.39775768,May,2,2,2,3,Returning_Visitor,False,True
3.9562426,107.37827,0.2892452,0.18972962,34.74833,958.49036,0.015973404,0.025953235,15.786692,0.0015779125,May,3,2,6,1,Returning_Visitor,False,True
2.9642274,213.41995,-0.007072232,-0.9953976,53.593227,1471.9917,0.0023521276,0.012239368,55.651917,0.0006719443,Nov,1,8,1,11,Returning_Visitor,True,True
-0.022000901,1.3857188,-0.0020030956,-1.2258092,42.287777,1597.546,-0.00043227742,0.004852283,18.773172,0.0018848578,June,4,1,1,2,New_Visitor,False,True
5.0079446,1403.5709,0.009277977,-1.540392,34.068584,582.69946,-0.0003383107,0.029589009,8.488598,0.0027735482,Aug,2,5,1,1,Returning_Visitor,False,True
4.019055,181.73828,-0.002632163,0.978548,34.154045,2290.7947,-0.00011846084,0.01796473,28.085325,0.0020206522,Nov,4,1,3,1,Returning_Visitor,True,True
3.9467986,60.97576,-0.007724188,-2.0460186,19.264153,593.842,0.00053088705,0.026784802,16.81677,1.0009372,Feb,1,1,7,4,Returning_Visitor,True,True
0.97224665,81.88661,-0.008831821,0.006853029,28.133444,1366.0881,0.00021652099,0.020711323,4.4552717,-2.2587706e-06,Oct,4,1,3,20,Returning_Visitor,False,True
-0.12630951,2.9868693,-0.0028039436,-0.5479985,46.166332,777.03033,0.00020529669,0.0038892801,363.81305,0.00086341304,Dec,8,13,9,20,Other,False,True
-0.01580631,2.6243434,-0.008562349,0.50221056,13.908581,316.4483,8.986484e-05,0.01614269,237.17155,0.0010451811,May,2,2,5,2,Returning_Visitor,False,True
3.9691803,226.8599,-0.006645165,-0.9610539,8.189405,189.83229,0.010974342,0.021394232,0.83628005,0.0005677628,Jul,3,2,3,2,Returning_Visitor,True,True
8.035039,925.96,1.0505986,21.181183,173.26323,10462.653,0.0045440695,0.015311702,2.7937667,0.00038695955,Nov,3,2,1,3,Returning_Visitor,False,True
-0.03403174,0.22013804,-0.008893393,-1.4659673,79.73204,1550.2959,0.00543089,0.027946925,0.3313758,0.0002573865,Sep,2,2,6,1,Returning_Visitor,False,True
1.9421297,84.20702,0.067193635,9.26045,21.856491,809.5792,-0.00039064544,0.01665046,65.51788,0.0017613644,May,2,2,1,4,Returning_Visitor,True,True
8.922142,209.20367,3.0109584,62.93854,10.466818,143.39973,0.02063249,0.030572196,0.1101081,-0.00015876567,Aug,1,1,3,2,Returning_Visitor,False,True
4.6797056,153.50307,0.52515095,9.110649,61.586258,1666.7308,0.0067139105,0.016975755,5.9890304,-0.0005290297,Nov,3,2,1,10,Returning_Visitor,False,True
10.979792,1337.2214,4.010815,634.91815,27.266743,1151.4017,0.010962145,0.02207161,13.197914,-0.0022316214,Oct,1,2,3,20,Returning_Visitor,False,True
-0.03330242,1.141891,-0.0073591094,-1.6245557,9.092798,175.18471,0.00042228182,0.024787797,17.107925,1.0010439,May,2,2,2,4,Returning_Visitor,True,True
3.650406,85.62295,-0.0045947055,-0.25106245,32.732628,586.1206,0.0048158797,0.014119961,45.83213,0.002045757,May,2,2,1,3,Returning_Visitor,False,True
0.9614841,50.64982,1.1775817,12.137878,84.28088,4721.27,0.010619894,0.03417927,3.3314,0.0004727232,Jul,2,2,1,1,Returning_Visitor,False,True
0.9177996,15.43669,-0.00904157,-1.4758054,6.738507,153.84492,0.007026617,0.009881633,25.201712,0.00064330426,Sep,3,2,1,6,New_Visitor,False,True
-0.010675065,0.8030543,-0.0059218626,-0.49133497,54.562523,935.03723,-0.00025542485,0.0038526158,26.885107,0.002144667,Aug,4,5,1,1,Returning_Visitor,False,True
9.960159,343.83487,3.0023923,269.13715,99.0206,3600.9487,0.0008886639,0.0026430439,0.517564,-0.0013331411,June,2,2,1,7,Returning_Visitor,False,True
-0.02868735,0.22425792,-0.008375429,-1.5825216,11.587109,734.3801,0.00010112453,0.015614401,23.036352,0.0010959344,Jul,2,2,1,4,New_Visitor,False,True
2.9987051,73.28865,-0.0012786608,0.76965135,9.100519,2139.1663,-0.00027401777,0.018629894,11.240366,0.0012651855,Mar,2,5,1,1,Returning_Visitor,False,True
-0.0043572118,1.109405,-0.0018473488,-1.1985227,30.03794,1203.7434,-0.0004084635,0.007122754,21.253433,0.0021846506,Mar,2,4,2,2,New_Visitor,False,True
2.4229834,40.71971,-0.0014389973,0.012060091,13.34215,206.72676,0.008500252,0.032033235,5.9238024,0.0017960878,Jul,2,10,3,2,Returning_Visitor,True,True
0.98085344,57.92785,-0.006817303,0.0151271075,22.933334,907.32074,-0.00046161408,0.008234157,23.55658,0.0016508276,Dec,4,5,1,8,New_Visitor,True,True
3.9772062,43.68154,-0.008106314,-0.5330525,8.052881,298.2008,0.0059460863,0.018816467,3.3149364,-0.00017249337,Sep,1,1,6,5,New_Visitor,True,True
0.9271358,1.5638423,3.0148973,80.30755,118.03041,2844.837,0.0024142747,0.0063799946,16.600271,-0.0024456915,Nov,1,2,1,11,Returning_Visitor,False,True
2.4280708,61.506187,1.9936883,166.15375,60.83543,3281.4424,0.015976999,0.044813886,6.0771856,-0.000370161,Nov,2,2,7,1,Returning_Visitor,False,True
5.0114713,179.44377,-0.008149408,-0.3290425,18.07172,408.3385,-0.0003312196,0.00801124,8.314059,0.00074619305,Nov,2,2,1,8,New_Visitor,True,True
2.9948273,45.399757,4.0308642,1647.5967,50.052944,4979.913,0.008933106,0.028319951,5.4148893,0.807081,May,2,2,2,4,Returning_Visitor,False,True
8.961078,236.2474,-0.0040176134,-0.56345946,239.29892,5517.352,0.0005046312,0.0018427286,21.461306,-0.0005155851,Oct,2,5,4,20,Returning_Visitor,False,True
-0.043177716,-2.0566258,-0.006950281,0.3976764,1.2388864,-0.17375544,0.20032413,0.19805527,0.048446856,-0.00024192905,Oct,2,5,1,20,Returning_Visitor,False,True
0.9425998,27.880325,0.27135226,14.0931835,31.754612,1066.1256,-0.0006750695,0.007829159,22.216156,0.0011856543,Nov,4,1,9,8,Returning_Visitor,True,True
7.656858,454.51938,-0.0004682463,0.06751816,123.34156,4019.4905,0.004033921,0.02362266,2.23808,0.0014850224,Nov,2,2,1,3,Returning_Visitor,False,True
0.99987066,-0.6358419,-0.0058850865,-0.75929457,19.967018,2249.5474,0.00067857804,0.024246665,10.256253,0.00040608892,Mar,2,2,3,6,Returning_Visitor,False,True
2.9404292,121.74141,-0.0070020775,-0.4186955,17.848087,730.2998,-0.00046360525,0.010470289,46.4407,0.0011347445,Nov,1,1,4,2,New_Visitor,False,True
0.4842757,3.6104274,1.469223,55.84926,29.225122,514.9628,0.018660903,0.02585719,0.26906273,-0.00056184205,Nov,2,2,2,11,Returning_Visitor,True,True
2.9533784,137.82982,1.9782627,22.247885,21.97693,729.363,0.0002770458,0.025059301,13.515768,0.0013212363,May,3,6,4,6,Returning_Visitor,False,True
0.9989779,21.096634,-0.0072993855,0.09589188,19.841324,761.2189,0.03152717,0.047898605,15.808537,0.0012574183,May,1,1,3,1,Returning_Visitor,False,True
-0.005015247,0.10204264,-0.0041983346,-0.40386778,36.701027,1651.5719,0.0054054144,0.032185074,1.3263505,0.0015977087,Mar,2,4,3,2,Returning_Visitor,True,True
0.002450831,3.6862102,2.012219,598.155,39.085617,938.07086,7.540513e-05,0.0015281949,152.42464,-0.0016008107,Sep,3,2,1,2,New_Visitor,False,True
3.965974,135.65547,-0.007466934,-0.8255139,2.362597,55.362133,0.0005497184,0.037499383,0.10805722,0.0008320498,Sep,1,1,5,2,Returning_Visitor,False,True
2.0078642,9.214423,1.0181817,-0.027040556,106.78209,6609.704,0.009225616,0.02621622,1.1035545,0.00061939534,Nov,3,2,1,1,Returning_Visitor,True,True
2.9591112,496.17188,0.99332863,155.7502,25.43684,1559.145,0.036320493,0.06690315,5.597922,0.0013209494,Jul,2,5,4,1,Returning_Visitor,True,True
1.9760127,59.6947,0.98379785,94.18078,21.134438,1438.4103,-0.00013045441,0.023181593,53.46403,0.0017747941,May,1,1,6,3,Returning_Visitor,False,True
3.9378047,33.523933,3.0484416,913.8653,23.782948,541.8685,-0.00014925037,0.015223383,23.993246,0.6006555,May,2,6,1,2,Returning_Visitor,False,True
2.2672782,24.007397,-0.0044578533,-0.42625242,8.892834,225.0945,-0.000108724795,0.031516228,0.016966544,0.001572034,Nov,2,2,6,2,New_Visitor,True,True
2.9251082,54.032528,-0.005573354,-1.9075261,16.023586,2032.9263,0.001151716,0.027967878,25.92209,0.0014544191,Jul,5,11,1,1,Returning_Visitor,False,True
0.6207179,32.351162,-0.0078994855,-1.1362058,8.066446,284.61676,-0.00036625224,0.026202325,31.521025,0.0018783385,Mar,2,4,1,8,New_Visitor,False,True
2.7174706,81.70936,-0.006557427,-0.34363753,24.46043,630.6629,0.0021217128,0.018955093,27.78525,0.0018186258,May,1,1,1,4,Returning_Visitor,False,True
0.30985224,6.632217,-0.009178482,-0.89863783,28.791859,955.42706,1.4798382e-05,0.0043940386,65.771454,0.0010581935,Sep,2,2,5,2,New_Visitor,False,True
0.9685838,1.5834117,2.0021503,8.3961735,43.679123,817.20593,-0.00036667506,0.023329139,0.041023456,-0.00063876185,Nov,4,2,1,10,Returning_Visitor,False,True
6.2775483,145.20236,-0.013191484,-0.46858412,47.116714,1803.2365,0.0008175109,0.014334495,44.593193,-0.0005222385,Nov,2,2,1,8,Returning_Visitor,False,True
1.9916437,293.7793,-0.005463622,-0.78343016,19.079247,1382.7157,-0.00021151859,0.020347552,19.420145,0.0014108854,Oct,3,2,1,2,New_Visitor,False,True
8.928928,88.88122,0.99093455,10.721811,118.21321,2006.9181,0.0066597178,0.013189373,33.008156,-0.00047299018,Jul,2,2,7,13,Returning_Visitor,False,True
0.48380244,5.7599483,-0.009778164,0.09615891,18.235308,368.33368,0.0075849514,0.015164786,41.812336,0.0012940305,May,2,5,3,4,Returning_Visitor,False,True
0.0008362604,-0.4302602,-0.006320737,-0.0018368511,11.134777,647.05615,-0.00023893859,0.0090874275,-0.05084733,0.0010543341,Dec,2,5,1,2,Returning_Visitor,False,True
2.9700232,92.803116,4.019477,87.17399,31.530695,819.5281,0.0048392764,0.015378916,16.87211,-0.0008020786,Nov,1,1,5,2,Returning_Visitor,False,True
1.2557784,11.467498,2.613758,86.70339,157.06172,5303.389,0.010952287,0.022624321,0.42142174,-0.001756118,Nov,1,2,3,2,Returning_Visitor,False,True
0.0034376455,0.06284281,-0.009189032,-0.15045364,10.846165,193.72462,0.01544799,0.033003017,0.08204814,0.0003383408,Nov,2,2,7,1,Returning_Visitor,False,True
5.95407,161.343,5.0102496,864.2347,83.02249,2665.0662,0.010734838,0.016131556,7.152771,-0.00069143745,Nov,1,2,1,1,Returning_Visitor,False,True
11.037766,2085.472,9.1587305,1150.5967,44.04263,3748.8083,0.0030199063,0.014613164,8.784932,0.0017120937,Mar,2,2,1,2,Returning_Visitor,False,True
0.97078407,28.267487,-0.012841605,-0.35664564,13.3834915,380.4262,0.00012143668,0.004972252,59.393265,-0.0004708407,Dec,1,8,1,20,New_Visitor,False,True
3.9747498,55.9699,-0.008817039,-0.76585203,74.11995,1581.0077,-3.5051124e-07,0.002826291,68.02734,0.0011334146,Dec,2,4,6,2,Returning_Visitor,False,True
6.939213,121.85406,2.99248,41.13272,110.98539,3148.716,0.0033178644,0.014752098,1.9832411,0.000701836,Dec,2,2,1,1,Returning_Visitor,True,True
7.833031,2074.0432,1.0140575,42.43147,78.565,5625.1353,0.002301866,0.013864364,17.260675,0.0017200919,Nov,2,2,1,2,Returning_Visitor,False,True
0.94976234,19.381363,-0.009463154,-0.6440373,14.689575,591.0144,0.003990309,0.02676881,40.14952,0.0010721969,Dec,1,1,2,8,Returning_Visitor,True,True
0.95601773,20.68288,-0.009210847,-0.37624556,26.468079,667.6032,8.0944636e-05,0.017181339,17.525555,0.00024663904,May,2,2,3,2,Returning_Visitor,False,True
2.507441,69.49897,-0.0075102667,-0.15992554,43.043533,1366.6183,0.007268743,0.025325144,9.02552,0.0010196591,Nov,2,4,1,2,Returning_Visitor,False,True
1.9667977,13.465842,-0.0065750103,-1.2089635,10.721598,210.964,0.00061196985,0.028584525,0.09306928,0.0006205837,Sep,2,2,3,6,New_Visitor,True,True
1.9782796,59.710106,-0.008311652,-0.49480635,26.261003,1082.8538,0.0016603541,0.009817506,52.399124,0.00039535636,Aug,2,2,6,5,Returning_Visitor,False,True
2.9816194,32.548275,2.000149,768.83453,9.885693,174.02217,-3.5822726e-05,0.014307373,0.14264603,-0.0008925361,Dec,8,2,1,2,New_Visitor,False,True
7.944723,1586.1184,2.0018733,151.51202,13.794882,1757.5275,-0.00031213494,0.03080543,0.34904405,0.0013689982,Nov,4,1,3,8,New_Visitor,False,True
8.026153,251.56093,0.9873545,38.487316,31.245703,1116.0516,-0.0005991742,0.014456012,18.24045,0.0015298041,May,2,4,5,5,New_Visitor,False,True
0.015836842,0.58198494,-0.006585024,-0.05189331,68.34951,2402.3757,0.004958644,0.019773996,0.04555293,0.00083498535,Nov,2,2,1,1,Returning_Visitor,True,True
3.1908708,35.966995,-0.009976052,-0.28924376,30.868296,1229.6262,0.0062957196,0.02579018,1.6979058,4.732112e-05,Nov,1,1,2,8,Returning_Visitor,False,True
0.96419954,22.56424,-0.0046976428,-1.0245878,17.29382,651.01355,-0.0002541452,0.012517671,19.466358,0.001566867,Mar,2,2,1,2,New_Visitor,False,True
1.4489524,10.067969,-0.008914076,-0.98860747,16.450914,816.55334,0.0109919915,0.03885571,23.764654,0.00076604885,June,2,2,5,2,Returning_Visitor,False,True
1.9451188,30.267353,0.02709023,19.026445,57.713593,1957.3453,0.011031435,0.03540938,0.045649253,0.00075846043,Nov,2,5,3,1,Returning_Visitor,False,True
2.0088174,80.58166,-0.010256492,0.2544803,1.5932622,38.6833,0.00011330996,0.039386574,0.13687773,-0.0009879334,Oct,3,2,3,5,New_Visitor,False,True
1.9983013,146.7545,-0.0037906389,-0.65946776,18.839506,706.9279,-0.0005604032,0.010742187,33.55365,0.0016017692,May,3,2,7,2,New_Visitor,False,True
16.117395,298.25958,3.971719,895.78143,77.33941,5051.142,0.013775309,0.02913215,7.152284,0.0004864397,Nov,3,2,2,2,Returning_Visitor,True,True
-0.02462589,0.45624492,-0.011843167,-0.98198515,12.216293,657.3075,0.00048675542,0.010117694,28.436012,-0.0011126263,Oct,2,2,3,2,Returning_Visitor,True,True
0.9992713,15.220313,-0.006024144,0.078859255,75.83456,2584.3105,0.007279498,0.015850523,0.69939536,-0.00018888092,Nov,1,1,1,10,Returning_Visitor,True,True
4.982248,94.65574,-0.0028290967,-1.0583631,45.230385,2118.6646,-0.0002973623,0.0041654473,20.557062,0.0023196999,Sep,2,4,2,2,New_Visitor,False,True
13.129053,321.7899,7.5142245,299.39777,127.50947,5736.9585,0.012794609,0.022521518,2.0071158,-0.0005812359,Nov,3,2,1,2,Returning_Visitor,False,True
3.9944103,167.36607,-0.0031700353,-0.5304509,22.2309,877.6634,0.00017943945,0.026732592,33.594677,0.0015232625,Mar,2,6,4,10,Returning_Visitor,False,True
2.9594626,72.580414,-0.0035888175,-0.055795744,2.9199586,77.8105,0.00021350537,0.03344833,0.03333255,0.0017422201,June,1,1,7,3,Returning_Visitor,True,True
5.952007,129.60265,0.9853645,4.0317554,30.033342,1035.7426,0.004338782,0.018080156,3.2071664,0.6010863,May,3,2,4,3,Returning_Visitor,False,True
4.973744,172.46458,3.0076988,104.46643,89.3907,4808.6484,0.0041790805,0.0075827045,41.54841,-0.00047593316,Nov,3,2,6,1,Returning_Visitor,False,True
1.4121348,20.012726,-0.008143805,-0.3051892,13.449129,502.94336,0.0065274662,0.02752154,36.795544,0.0015437814,May,2,2,1,1,Returning_Visitor,False,True
5.970263,478.82117,1.9840298,249.47192,64.97297,2401.8135,0.0029385479,0.010194543,5.5425677,-0.0003237029,Mar,2,2,3,2,Returning_Visitor,False,True
6.947948,154.29056,1.0478578,8.36961,220.2752,11457.295,0.01183256,0.022490127,1.220031,0.00045351931,Nov,2,5,1,2,Returning_Visitor,True,True
2.4673016,46.96082,-0.008762918,-0.22731216,24.467356,530.67285,3.0589887e-05,0.01131489,83.63782,0.0008902165,Dec,2,2,4,2,Returning_Visitor,True,True
9.031764,987.86414,-0.003534339,-0.64313704,29.225386,1166.4125,0.0038710048,0.015780749,70.245316,0.0021945077,May,2,2,1,4,Returning_Visitor,False,True
5.024567,825.2399,0.0020507951,-0.8301526,33.26595,791.3713,-0.0010436479,0.005266643,21.358091,0.002013101,Mar,2,4,9,10,New_Visitor,False,True
5.9121246,243.97191,2.027881,197.97018,240.08582,9499.515,0.0110698305,0.030128667,1.1086571,0.00059182075,June,2,4,3,1,Returning_Visitor,False,True
2.4069583,163.36836,0.8205157,3.1983032,37.134933,2641.9595,-0.00022820044,0.0032833728,21.650238,0.00042942414,Dec,8,13,9,20,Other,False,True
3.9792001,600.40814,-0.0061882953,-0.68630415,40.447666,2515.621,0.0077332784,0.013612117,20.904484,0.0013194183,Sep,3,2,1,1,Returning_Visitor,False,True
5.0168214,209.53133,2.977359,215.96263,33.3132,1905.9866,0.008387843,0.032343134,11.770461,0.00021509701,May,3,2,3,13,Returning_Visitor,False,True
6.994153,187.29973,-0.0046239714,0.8163547,53.0636,1087.7495,0.0030741633,0.009877841,20.046354,0.0008179533,May,2,5,6,5,Returning_Visitor,True,True
3.967358,103.49856,0.0036650975,0.4939174,28.23939,755.11926,-0.00014285963,0.011952228,17.129684,-5.8749072e-05,Oct,2,2,1,2,Returning_Visitor,False,True
0.4600562,12.394935,-0.006330035,-0.6894055,28.998531,1085.27,6.56933e-05,0.0052076383,6.8578935,0.001218299,May,2,2,6,4,Returning_Visitor,True,True
0.010540135,0.82443184,-0.0059803347,-0.81592375,35.513355,1140.2777,0.011515796,0.023867168,9.989649,0.0022352177,Aug,2,2,2,1,Returning_Visitor,False,True
-0.0050002267,-0.41371968,-0.0106659755,-0.210867,17.16936,888.71387,0.00030880203,0.02625816,5.6953816,-0.0008823139,Nov,2,2,1,20,Returning_Visitor,True,True
2.986608,255.48122,1.9755118,271.40695,20.448153,1398.228,-3.938783e-05,0.00041191542,31.540897,-0.0013340575,Nov,2,2,5,5,New_Visitor,False,True
1.4532353,24.130993,1.4756541,68.10776,28.816082,1285.7968,0.010535282,0.023824012,48.76055,0.002043857,May,2,4,1,4,Returning_Visitor,True,True
1.9718506,87.290886,0.27273014,16.973755,15.2260475,1508.3746,0.0033662168,0.027425006,14.710981,0.0013768139,Sep,2,2,1,1,Returning_Visitor,True,True
8.031396,119.44735,0.002702244,0.23531525,31.575218,1277.2933,-0.000996875,0.0039419895,13.027208,0.0020285014,May,2,4,1,3,New_Visitor,False,True
2.0075977,79.701584,-0.005654178,0.20180695,18.508556,460.9073,-7.8663565e-05,0.0051223626,29.27065,0.0021715786,Dec,4,1,3,1,Returning_Visitor,True,True
0.010843165,1.2642894,-0.003912411,-0.39052397,23.871006,583.92865,-0.0006267525,0.004297062,19.619392,0.0017179238,Nov,4,1,1,2,New_Visitor,False,True
6.9514575,204.43181,-0.0068164687,-0.821745,41.659515,1356.5322,5.01905e-05,0.006192635,25.31473,0.0009007367,May,1,2,6,2,Returning_Visitor,False,True
9.967261,254.96448,1.996269,506.1729,14.877623,297.62885,-0.0005082063,0.021400468,29.573711,0.00025912994,May,2,4,4,2,Returning_Visitor,False,True
0.9455141,0.14400432,2.990729,79.91923,124.48384,3860.9578,0.022756202,0.03986414,0.46934196,0.00045999387,Jul,1,1,1,3,Returning_Visitor,False,True
1.9668982,22.252903,-0.005816839,-0.8643094,81.039215,1333.2175,0.00028996696,0.008882786,0.050601207,0.0013672399,Sep,1,1,1,3,Returning_Visitor,False,True
2.925874,35.662125,-0.005409501,-0.47168547,114.97941,3011.1895,0.0040235645,0.014389533,5.157869,1.0295457e-05,Nov,2,2,4,2,Returning_Visitor,False,True
1.4944742,93.94284,-0.004825137,-0.20607956,11.656683,544.4225,0.0023883188,0.02772543,19.30992,0.0015432487,Mar,1,1,7,1,Returning_Visitor,True,True
2.9854934,211.15814,-0.01281222,0.30390352,3.4266229,343.0296,0.00029162844,0.00034801924,112.67315,-0.0016078887,Oct,1,1,1,5,Returning_Visitor,False,True
-0.00069915527,0.5098261,-0.0091594085,-0.69969755,21.879581,791.28485,0.0014639251,0.019002935,41.21921,-0.00020846477,Nov,2,2,2,7,Returning_Visitor,True,True
5.0002775,127.023346,-0.0072950344,-0.29546553,15.342508,773.47107,-8.4556974e-05,0.00062599295,65.48353,0.0017658646,Aug,1,8,4,1,Returning_Visitor,False,True
3.0038786,46.801178,-0.008784555,0.7465152,26.774899,535.5052,-0.00051289645,0.0069155497,54.107235,0.00015839064,Nov,2,5,1,5,New_Visitor,False,True
0.9613819,55.249012,-0.009917222,-0.9598866,33.412113,405.7057,0.00036718106,0.0061894273,36.329132,0.00078693655,Sep,1,1,2,2,Returning_Visitor,False,True
9.997521,1008.2784,0.0028337021,-1.3735601,36.11582,2159.6226,0.004111459,0.013714726,11.751073,0.002564932,Feb,2,6,1,2,Returning_Visitor,False,True
5.9254913,72.56583,4.036412,340.82993,157.57758,4520.183,0.0005787533,0.0073640076,31.920752,-0.00078819814,Dec,2,4,3,2,Returning_Visitor,False,True
8.088917,104.02387,-0.002451561,0.393156,83.97802,1505.2035,-0.00075410155,0.002149808,82.647865,0.0022208232,May,4,1,7,4,New_Visitor,True,True
7.4416623,209.10294,2.9006238,204.07678,70.15048,3179.306,0.0057467627,0.02004582,10.738473,-0.00026234364,Nov,3,2,1,2,Returning_Visitor,True,True
5.0229354,45.312973,-0.0059770565,0.22599213,59.582233,1096.4065,-0.000318874,0.008348352,24.512335,0.0009631428,Nov,2,5,4,2,Returning_Visitor,True,True
1.9895138,24.893139,6.957122,274.92734,75.92198,2724.084,0.0029215363,0.024834512,8.563954,0.00037434572,Mar,2,5,2,7,Returning_Visitor,False,True
8.970966,142.61803,1.4921784,60.86869,137.68489,4381.699,0.0021282022,0.016013568,9.353281,-0.0008187679,Nov,2,2,4,10,Returning_Visitor,False,True
2.237791,86.724396,-0.0116362795,-0.5399075,26.552963,848.12006,0.0031873358,0.014189511,11.336025,-0.0008326632,Oct,1,1,3,2,Returning_Visitor,False,True
1.9655932,70.52209,-0.005203865,-0.17190368,17.359964,402.13654,-0.00042222845,0.02062775,24.657385,0.0017374704,May,2,5,5,4,New_Visitor,True,True
-0.0029076266,0.72178596,2.0024672,18.602497,27.93746,1066.8958,-0.00016416084,0.010194923,0.022162162,0.00028555343,Dec,3,2,1,11,New_Visitor,False,True
0.011038907,3.025291,1.0151625,2.3389797,33.10098,2577.4832,0.005662018,0.011318981,175.87946,-0.0021950465,Nov,2,2,7,20,Returning_Visitor,False,True
2.9470408,76.45602,0.004721113,-1.0456868,122.98947,1695.3517,-9.6556134e-05,0.006264168,17.360603,0.0020689506,Aug,2,10,4,3,Returning_Visitor,False,True
1.2905405,21.744724,-0.009205304,-0.037580565,18.645187,474.97906,-0.00011095252,0.010608136,6.733547,0.0003846089,Nov,3,2,5,2,Returning_Visitor,False,True
26.045502,1570.7874,9.071619,521.2729,182.94073,9608.232,0.012127067,0.012705992,20.861507,0.00036063293,Nov,3,2,2,13,Returning_Visitor,False,True
8.468466,239.9762,3.0086899,102.48545,169.1525,7379.636,0.006940141,0.01999372,3.2909758,-0.0005361562,Nov,1,1,1,1,Returning_Visitor,False,True
2.9579241,25.698647,0.97541374,-1.1378576,45.226425,3131.3237,0.021328628,0.03952036,6.055783,0.9983606,May,3,2,1,3,Returning_Visitor,True,True
4.9721994,48.61866,-0.007185362,-1.2938977,132.57477,2229.7954,0.012354519,0.029448925,6.227511,0.00021949285,Jul,1,1,1,4,Returning_Visitor,False,True
13.074669,663.8773,0.0004197735,0.43038744,81.13138,4314.5605,0.0021381227,0.023070596,2.0840225,0.0012191074,Dec,1,1,6,2,Returning_Visitor,True,True
0.9278126,15.2664175,-0.006112955,-0.64672285,13.001709,204.62007,0.0030141992,0.040208522,0.052484713,0.0015990498,Aug,2,2,1,4,Returning_Visitor,True,True
1.4697844,7.819061,-0.0072152833,-0.61746794,5.965773,141.24434,0.022940887,0.05689056,5.7056637,0.0019000458,Sep,2,4,1,1,Returning_Visitor,False,True
1.976523,15.114722,0.99936175,18.07043,31.902237,757.60126,-0.0003461543,0.005571532,-0.003571786,0.0007256332,Jul,2,4,2,5,New_Visitor,False,True
0.95871985,78.83607,-0.009366713,-0.3640843,16.428568,800.47833,0.00013377298,0.01616122,17.609339,0.00019809106,Nov,3,2,3,2,Returning_Visitor,True,True
2.0113242,97.01924,-0.010194145,0.14906494,61.21914,1264.6628,2.2323467e-05,0.0032073173,133.23282,-2.366804e-06,Nov,2,2,7,10,Returning_Visitor,True,True
0.97340894,43.453857,-0.0064653377,-0.2831059,18.039814,1046.9296,7.637184e-05,0.0173191,36.316883,0.0014846759,Dec,2,2,4,1,Returning_Visitor,True,True
0.010897048,0.26327464,-0.0075657587,-0.5273457,33.327026,941.5118,0.010262505,0.019090096,3.212429,-7.471194e-05,Nov,3,2,4,11,Returning_Visitor,True,True
13.068755,202.238,-0.008645438,0.0008181781,10.673676,174.8343,0.012010143,0.032462116,0.1776721,0.0002050052,Oct,2,6,2,20,Returning_Visitor,True,True
4.0111294,897.8738,-0.006324909,-0.39114195,14.400661,1977.3309,0.0001721919,0.013517178,104.88777,0.00022149706,Dec,1,1,3,10,Returning_Visitor,False,True
0.0030428243,0.9970774,-0.007989369,-0.65046126,21.171072,614.59607,-0.0002404492,0.0068913503,67.34837,0.0014589081,Dec,3,2,4,2,New_Visitor,True,True
0.9988394,55.8841,1.0105256,18.246685,18.99424,414.26123,-0.00071327423,0.010830621,21.42414,0.00093787414,Nov,2,5,1,10,New_Visitor,False,True
5.9861417,290.18967,1.8810935,115.33238,26.490725,1755.5016,0.00943881,0.028642047,19.958282,0.00087659684,May,2,2,5,4,Returning_Visitor,False,True
0.0029844118,-0.14242604,-0.007574282,-0.46496397,18.65588,483.4864,0.017739212,0.037294675,13.480487,0.0008847776,May,2,2,7,2,Returning_Visitor,False,True
4.830008,607.8316,0.0056829234,-3.9814434,471.20026,13814.848,0.000118877404,0.0035075645,14.902286,0.0016892316,Nov,4,2,9,2,Returning_Visitor,True,True
2.3901594,21.549854,-0.007305048,-0.8536702,34.07752,662.70355,0.0028364544,0.008415709,50.336544,0.0006735387,May,2,2,3,6,Returning_Visitor,True,True
8.077369,963.2819,0.0075785597,-0.21880539,32.223373,1015.0504,0.0042932904,0.009420521,17.455442,0.0016026596,Dec,2,10,7,2,New_Visitor,True,True
0.96688247,8.312392,4.0412173,283.19556,39.767555,771.69336,0.010793494,0.024968864,5.0169654,-0.0023267728,Nov,1,1,1,10,Returning_Visitor,False,True
-0.0022479224,-0.24647573,-0.007797263,-0.94785887,5.724816,158.72676,0.033382505,0.044710446,0.060839377,0.0010410721,Dec,3,2,6,2,New_Visitor,False,True
0.009479411,1.4281306,0.98948115,81.76282,81.821815,3196.1157,0.00025870246,0.007866527,3.8469126,0.0016005213,Mar,3,3,2,10,Returning_Visitor,False,True
5.7301307,126.36795,-0.0063097696,-0.08808716,82.23013,2494.7234,0.010270818,0.022676688,4.4387903,0.00039597103,Nov,1,1,1,2,Returning_Visitor,False,True
13.07405,1233.6085,6.9561434,290.51428,66.391846,3179.274,0.014624648,0.02604792,1.3414633,0.00034628683,Dec,1,1,1,2,Returning_Visitor,False,True
5.0134797,33.178364,-0.001979969,-0.08635147,70.714745,924.77496,-0.0005039632,0.0026030901,-0.011490621,0.0018798808,Aug,2,4,1,5,New_Visitor,True,True
-0.025587909,0.33213755,-0.013576113,-0.039114073,26.789978,500.10455,0.00022125583,0.0033809158,0.2427475,-0.0018861083,Nov,8,2,3,20,New_Visitor,False,True
0.9734409,0.031264745,-0.008308791,0.08746903,1.4833322,18.084667,0.20095414,0.19930698,0.09755298,-0.0007855979,Nov,3,2,3,8,Returning_Visitor,False,True
7.0016036,189.77007,-0.0024142484,0.52190584,60.55315,1995.0695,0.0035973543,0.015654992,1.6060579,0.0011371548,Dec,3,2,8,10,Returning_Visitor,True,True
2.8788753,53.589893,-0.008766614,-0.3797322,23.593693,947.6549,-0.00012950446,0.011475909,98.328186,0.0014454412,Dec,2,2,5,2,New_Visitor,False,True
1.985689,5.4449916,0.99972945,12.642464,14.332737,574.82745,5.7750978e-05,0.012752057,44.36933,-0.0010168714,Mar,2,2,1,7,Returning_Visitor,False,True
-0.029449336,1.8804927,-0.013176225,0.5456447,17.274609,348.96075,-0.00019665282,0.0128684575,150.77335,0.00045717755,Nov,2,5,5,8,New_Visitor,False,True
2.9828632,174.93677,-0.00560864,0.32757372,13.588879,897.0586,-4.403699e-05,0.028595904,52.945995,0.001729204,Dec,4,5,5,10,Returning_Visitor,False,True
1.3088986,21.359108,-0.007826887,0.0074557513,42.37309,1644.1621,5.7501384e-05,0.02418323,8.399508,0.0003101478,Nov,4,2,3,2,Returning_Visitor,False,True
2.4787982,59.24951,-0.007254265,0.43812364,25.192732,2840.6772,-0.00043888795,0.018937847,3.2157583,0.0007290567,Nov,1,1,7,8,New_Visitor,False,True
3.3290632,41.028656,-0.008648716,0.020582125,28.550707,806.5526,-0.00034538502,0.016950803,0.044942103,0.00020367527,Nov,2,2,3,2,New_Visitor,False,True
-0.017706744,-0.07656912,-0.0077343206,-1.1728688,11.021446,293.43182,0.0005641036,0.020654283,53.748367,0.0006502743,Mar,2,2,1,11,Returning_Visitor,True,True
0.022740252,1.1261287,-0.00967171,0.6001529,9.355089,970.0008,-0.00012474168,0.0109439,92.71754,0.00018168116,May,3,2,1,5,Returning_Visitor,True,True
0.0043422054,-0.9294973,-0.00828179,-0.25433165,23.90108,1152.7839,0.06058952,0.08310107,27.386223,0.00052073476,Oct,1,1,4,1,Returning_Visitor,True,True
1.9991865,169.17789,1.9851905,826.0424,115.6583,5149.4326,0.004258837,0.014398131,2.9583845,-0.00085872534,Nov,3,2,5,8,Returning_Visitor,False,True
4.9663086,74.440025,0.29920197,20.135897,30.890816,1074.468,0.016898157,0.034693003,26.367752,-9.232139e-05,Jul,2,2,6,1,Returning_Visitor,False,True
2.9569287,74.021324,1.9792991,25.689796,53.152073,896.07825,0.0026831606,0.0057479357,44.746872,0.0016655276,Mar,1,1,4,9,Returning_Visitor,True,True
-0.014250152,1.8948283,0.006096073,8.603386,18.229658,790.84576,-0.0008230846,0.012408999,36.957592,0.041329324,May,2,2,1,4,New_Visitor,False,True
2.5669246,67.00099,-0.0073071937,-0.50601393,24.545475,665.48456,-0.00029028425,0.015085085,68.883514,0.0016099164,Dec,2,2,1,2,New_Visitor,False,True
6.9535265,395.6445,-0.0053423266,-0.022733763,27.81236,790.51447,0.005977988,0.029813565,10.139596,0.0012224192,Oct,1,8,3,3,Returning_Visitor,False,True
-0.01902663,0.545402,-0.005938075,-0.7439175,29.203382,1126.9943,0.00046738205,0.006885796,21.793615,0.0011238555,May,1,8,1,11,Returning_Visitor,True,True
3.968406,31.61596,1.9960797,33.517223,31.86215,923.7761,0.004806479,0.016421674,34.534836,0.00060985115,Dec,2,2,1,2,New_Visitor,False,True
2.9589825,344.67963,0.0032455106,-0.05787857,63.562355,1110.3824,-0.00031770984,0.002943563,7.811354,0.0018459061,Aug,2,10,1,2,Returning_Visitor,False,True
7.939826,317.80304,4.0077863,383.38873,30.994648,1300.0087,0.0138210505,0.01360101,37.461475,-0.0014478801,Oct,1,1,1,4,Returning_Visitor,False,True
1.5811077,25.701801,0.066298045,5.5921936,34.070415,1184.6271,0.0036177596,0.017036237,13.556428,0.010694324,May,2,2,6,3,Returning_Visitor,False,True
5.994373,177.31497,-0.0063202004,-0.25359923,17.044003,277.73566,0.008663589,0.023009261,32.164795,0.0014821464,Oct,4,1,1,2,Returning_Visitor,False,True
9.984535,276.2211,0.9716234,5.413187,19.356653,727.4717,0.0003594995,0.01863288,0.15060635,-0.00072515133,Sep,2,2,5,5,Returning_Visitor,True,True
0.9564948,-0.4187627,2.012344,30.516375,32.714706,829.5792,0.0052170767,0.028822882,1.4913108,0.00023215139,Oct,2,5,1,1,Returning_Visitor,True,True
5.014275,130.61871,3.0037544,26.607132,20.88833,907.3937,0.016704747,0.020445403,6.7506123,0.0003670218,May,3,2,3,4,Returning_Visitor,True,True
0.7092953,50.340874,-0.006390236,-1.1683828,16.250904,514.5763,0.002323631,0.0137875145,43.019947,0.0016057367,Mar,1,1,1,2,New_Visitor,False,True
2.933158,42.836273,-0.0058259587,0.07589142,26.15781,1095.5581,-0.00011274066,0.015989255,70.26087,0.0018948565,Dec,2,2,4,3,Returning_Visitor,False,True
16.085245,254.3385,3.0006382,222.62961,219.52673,6669.655,0.005411116,0.016868608,3.8526227,0.00041869158,Oct,4,1,4,1,Returning_Visitor,False,True
1.9539648,203.67903,0.0728784,-0.41560942,7.829537,289.41028,0.002765238,0.034823276,0.001491271,0.0012427034,Nov,2,2,1,2,New_Visitor,False,True
3.2341638,63.080765,-0.008716069,7.1052456,27.599237,690.87616,0.0066877813,0.023697244,22.989454,3.858156e-06,Nov,2,2,1,2,Returning_Visitor,False,True
6.9572043,113.729744,1.0131862,29.892036,15.335588,1041.2031,0.0097616,0.019546965,0.02546569,0.00045694286,Dec,1,1,3,2,New_Visitor,False,True
3.9780033,90.59725,1.9994322,40.064735,15.808132,1253.7764,-0.0010922257,0.004732172,40.427708,0.0020697925,May,2,4,4,4,New_Visitor,False,True
-0.041095607,0.5432734,-0.0066057066,-2.3552456,13.236,469.85297,0.0004760117,0.0038406502,11.518329,0.99418294,May,1,8,1,11,New_Visitor,True,True
0.9635836,10.206626,-0.0041896324,-1.2626554,9.472605,238.72853,-0.000187958,0.0072742878,47.08467,0.002421188,Aug,1,1,2,2,New_Visitor,True,True
9.043373,266.94724,3.9742785,1302.6781,27.818922,788.65094,-1.78482e-05,0.02130963,9.1045685,0.0020397368,Nov,2,7,1,2,Returning_Visitor,True,True
-0.018077485,0.46242473,-0.008858524,-1.5524846,8.822865,247.37617,0.00038679285,0.0054497113,16.365215,0.0001334908,May,3,2,6,11,Returning_Visitor,False,True
8.975078,160.67813,-0.0039273123,0.07112305,48.684223,3948.4385,0.007151361,0.011353764,20.44509,0.0014098162,Mar,2,6,1,8,Returning_Visitor,True,True
0.5687282,5.0583797,0.07892618,1.4884127,50.106075,1940.2584,0.0032912993,0.028377017,0.098592006,-0.0007363272,Nov,2,2,3,2,Returning_Visitor,False,True
4.001312,47.167618,0.98479116,50.522682,28.811234,682.6588,0.013342582,0.027092136,108.78353,-0.00023495904,Nov,1,1,1,2,Returning_Visitor,True,True
4.992624,166.80617,0.9840973,-0.943121,37.739494,1872.0953,0.0035335121,0.00978222,-0.044199742,0.0017321246,Dec,2,4,8,2,New_Visitor,False,True
2.9456122,85.89999,-0.005573712,-0.7934552,26.233952,1677.2307,0.00023227152,0.010380483,13.057639,0.0014579805,Sep,2,2,1,2,Returning_Visitor,True,True
0.03190101,-0.82704216,-0.009692691,-0.0031185895,8.875204,323.52045,0.049925216,0.075504385,38.672134,0.0008739705,Dec,3,2,4,1,Returning_Visitor,False,True
-0.016933315,2.340446,-0.012861989,0.6945743,6.9992394,341.10718,-5.9040598e-05,0.016007308,123.815674,-0.00012996545,Nov,2,6,9,20,New_Visitor,False,True
2.0049977,60.762745,-0.0066684703,0.1993045,20.549032,705.22925,-0.000527494,0.005001261,60.67666,0.0016555997,Mar,2,5,9,2,Returning_Visitor,False,True
14.154203,414.62766,5.9781833,447.41992,259.89374,11298.362,0.00021354448,0.0073376326,34.2662,0.00050706667,Mar,2,4,9,2,Returning_Visitor,False,True
3.4388282,69.94158,-0.007837139,0.33080858,91.04959,3792.206,0.0018414162,0.010889414,27.892803,-0.00012422106,Nov,2,2,3,13,Returning_Visitor,False,True
4.4012976,57.159973,1.9583493,88.2581,121.50061,4418.4224,0.007445046,0.01891881,9.062856,-0.0012313438,Nov,1,2,1,2,Returning_Visitor,False,True
10.0876665,311.29535,9.122124,997.06146,215.43112,7750.939,0.008456443,0.021784415,1.1417596,0.0025846164,Nov,2,6,2,2,Returning_Visitor,True,True
2.5995445,35.12795,0.06901226,-0.5892125,23.091852,409.02966,9.646978e-05,0.026309067,0.06495973,0.00041298816,Sep,2,2,9,2,Returning_Visitor,False,True
2.9534788,47.735638,-0.007933281,-0.4666844,8.064835,159.32552,-9.715891e-06,0.032912165,4.3641963,0.00049181905,Oct,2,7,7,20,Returning_Visitor,True,True
0.93725204,60.64679,-0.009203158,0.08057968,73.83108,911.17584,0.00030596522,0.000288165,255.02397,0.00029474744,Sep,2,2,3,2,New_Visitor,False,True
3.995005,90.887375,1.9892256,29.145935,29.124516,851.2728,0.0055058165,0.02289255,-0.007720746,0.00039964044,Aug,2,5,8,5,Returning_Visitor,False,True
4.9917145,140.28026,4.012692,279.76282,4.9801354,225.17976,-0.0004805367,0.009286056,0.043797217,-0.00034152842,Nov,3,2,1,2,New_Visitor,False,True
0.9648732,37.811855,-0.009582125,-1.2944967,11.615759,645.78564,-4.4243745e-05,0.016980274,11.099185,0.00066156563,Mar,3,2,6,8,New_Visitor,False,True
2.976454,118.54158,1.960839,694.2417,37.02661,1294.3824,0.014974215,0.022160886,5.6533422,0.0001574556,Aug,1,2,8,2,Returning_Visitor,True,True
11.968191,256.98373,-0.009077035,0.574583,4.054089,122.11507,-2.2426582e-05,0.037820287,0.06793662,-4.188841e-05,Dec,3,2,4,8,Returning_Visitor,False,True
-0.06352507,1.6803889,2.0313365,105.817604,22.296427,1219.1279,5.5672266e-05,0.01264903,55.10054,0.00070709613,May,4,2,1,19,Returning_Visitor,True,True
-0.030319564,1.3716731,-0.0053253393,-1.0447675,14.316673,799.75665,-0.0002267718,0.012391836,75.23506,0.002091727,May,2,2,6,2,New_Visitor,True,True
5.9759755,200.00497,1.4730772,122.74792,42.355724,1820.7765,0.0007310171,0.016499592,14.664528,-0.00015140077,May,2,2,3,2,Returning_Visitor,False,True
5.9608774,112.57502,8.024149,225.9229,112.94436,3456.3528,0.0021454913,0.009693115,5.1579905,-0.0010549364,Nov,2,2,3,8,Returning_Visitor,True,True
9.999274,175.52223,0.9897059,7.6040363,81.90029,2381.2375,0.0039711366,0.017347632,14.06204,0.00013206401,Nov,3,2,1,13,Returning_Visitor,False,True
5.006289,219.29767,-0.005783401,-0.70184904,5.1308465,66.80379,-0.00041307727,0.020173049,11.741623,0.001388854,Oct,2,4,7,2,New_Visitor,False,True
2.9294057,55.5726,0.98320985,77.782646,198.87785,3056.349,0.00014159795,0.0031010087,12.158854,0.0020585458,May,4,1,5,1,Returning_Visitor,True,True
1.9891844,24.364338,0.0055295606,-0.49547392,147.04832,5897.7754,0.0027479173,0.012668724,0.053424083,0.001492812,Nov,2,10,7,3,Returning_Visitor,True,True
10.131796,475.73648,0.0064768274,-0.36258513,171.05385,5787.452,0.00069208967,0.0053458875,0.037147723,0.0007198031,Oct,2,10,4,2,Returning_Visitor,False,True
0.95237863,52.26088,-0.008072458,-1.1276685,40.602337,895.58374,0.01815811,0.03310925,48.29864,0.0006589654,Jul,2,2,3,3,Returning_Visitor,False,True
3.9450889,828.0587,-0.0025614123,-2.0377789,16.81715,1224.5962,-5.8705322e-05,0.040742606,0.14983864,0.0020115662,June,2,2,1,16,Returning_Visitor,False,True
0.33062065,13.648971,0.07128311,3.3639488,15.545301,749.0079,-0.00026436182,0.013818231,11.851727,0.0014703783,Dec,2,2,1,2,New_Visitor,True,True
0.013523944,1.9832225,-0.011121057,0.24130432,18.852386,848.80176,-0.00019059736,0.003946292,89.37216,0.00049880025,Nov,1,1,2,2,Returning_Visitor,False,True
11.962149,395.76227,3.013768,428.00183,337.88416,12645.631,0.0033206304,0.013883325,1.2292516,-0.0007283253,Nov,2,2,1,11,Returning_Visitor,False,True
5.9663563,182.85951,1.9740759,80.7401,60.437603,1902.3285,7.737953e-05,0.021602513,-0.009814061,0.00085599226,Nov,3,12,1,6,Returning_Visitor,True,True
0.9720459,2.9194484,-0.0047332267,0.56662554,2.920422,10.800121,0.0068815197,0.074866325,0.0804927,0.0008112925,June,4,2,1,5,Returning_Visitor,True,True
-0.0040849377,0.21733806,-0.0069561223,-0.28238875,20.255371,920.894,0.009772327,0.035957336,17.228067,0.0015570695,May,2,4,3,2,Returning_Visitor,False,True
0.8622234,32.729156,0.0008394498,-2.68231,323.11053,14098.027,0.0027359535,0.009615443,4.421722,0.0013426939,Nov,2,2,9,1,Returning_Visitor,True,True
-0.021441571,2.0297313,-0.008787416,-0.21103103,28.848478,1979.6776,-8.5754655e-05,0.00020962842,101.324036,0.001453268,Oct,4,1,5,2,Returning_Visitor,False,True
1.16711,20.081364,2.625581,96.53235,116.72898,5064.325,0.0028521193,0.017471371,4.2567515,-0.0006694359,Nov,2,2,1,2,Returning_Visitor,False,True
2.9855723,16.48671,6.0018754,138.9287,15.244774,1630.7816,0.011671794,0.036178667,-0.0063221827,0.0014437909,Nov,2,10,1,2,Returning_Visitor,False,True
0.009498961,1.1398311,-0.012454055,-0.48880202,63.0097,1383.4607,0.00028614668,0.0035112042,88.84271,-0.0014218477,Nov,1,1,1,7,Returning_Visitor,False,True
-0.0033816027,0.6244196,-0.0047784667,-0.5951176,20.916697,1048.0074,0.0003596839,0.009262799,14.020596,0.0019362668,Nov,1,8,2,6,New_Visitor,True,True
12.119502,568.50336,-0.0008197945,0.23366348,126.647484,6062.779,0.006338324,0.008486121,0.0689561,0.0016616347,Aug,1,1,2,4,Returning_Visitor,False,True
6.4798203,277.5139,0.9929482,41.867695,23.506584,826.26154,0.009477484,0.018721303,-0.014385976,0.0015452901,Dec,3,2,2,2,Returning_Visitor,False,True
0.33570397,14.725646,-0.0071341614,-0.46818358,4.6746106,325.69604,-0.00021720897,0.010006982,16.75078,0.0006714488,Aug,1,1,1,5,New_Visitor,False,True
8.974735,253.77368,-0.009145401,0.25679964,32.011406,682.65344,-0.00018202547,0.008506714,43.779533,0.00046950454,Nov,2,2,4,1,Returning_Visitor,False,True
3.0264282,237.43272,5.011617,1485.4897,103.754654,3242.458,0.003514746,0.010794065,1.0846183,0.0011665473,Nov,1,1,3,10,Returning_Visitor,False,True
8.991887,577.04376,-0.005854688,-0.045652464,57.239677,1918.5422,0.0025939418,0.0100254,4.8616533,0.000480252,Nov,2,2,4,8,New_Visitor,False,True
1.6316608,44.414085,-0.0070598344,-0.22987945,22.16792,994.144,0.0019251775,0.010870512,18.864824,0.001423257,May,2,2,7,1,Returning_Visitor,True,True
2.9735534,138.63338,4.017464,330.33453,119.708595,5275.152,0.005930915,0.02929629,3.402791,-2.2375338e-05,Nov,2,2,4,2,Returning_Visitor,True,True
8.034237,459.1835,-0.0043353657,0.15753739,35.230026,1113.3135,-0.00016316619,0.0118176555,12.638211,0.0014016317,Oct,2,5,2,2,Returning_Visitor,False,True
5.0160203,66.818665,-0.0063936333,-0.26749235,12.0886345,87.77852,4.117716e-05,0.024920482,42.748005,0.00075569254,Oct,4,1,1,7,Returning_Visitor,True,True
0.92248464,58.28716,-0.0115232095,-0.7708531,4.148787,116.98775,0.0003200729,0.046863955,35.46421,-8.811926e-05,Oct,2,2,7,4,Returning_Visitor,False,True
3.9707115,199.47362,0.8390274,52.07395,22.54139,578.16626,-0.00066336466,0.0074638007,27.268284,0.0015521186,May,2,2,4,2,New_Visitor,True,True
-0.015495412,2.536224,-0.010456465,0.6999797,8.476084,424.16095,-0.00043931635,0.013431766,271.71768,0.00090513256,Nov,2,4,1,8,New_Visitor,False,True
8.001438,402.35168,-0.0012201291,-0.50669676,27.515633,955.0857,-4.817579e-05,0.0018740471,-0.009073056,0.0020730335,Aug,1,8,1,6,New_Visitor,False,True
3.976873,205.61938,-0.0073232274,-0.5502148,15.857821,555.1509,0.00025709314,0.010806567,10.228023,0.0013876433,Sep,3,2,1,4,Returning_Visitor,True,True
13.132951,189.3104,2.967928,24.534508,109.08605,4087.4343,0.0067040757,0.0137482295,23.94873,0.0011556806,May,3,2,9,13,Returning_Visitor,True,True
-0.004044645,0.57807106,1.022788,5.8573513,50.338303,1287.9501,0.0033264828,0.012262077,4.577339,0.00089576346,May,4,1,4,20,Returning_Visitor,False,True
15.043546,316.77237,3.0085254,127.34097,238.61627,9989.655,0.0053889337,0.01710798,6.9566703,2.6727714e-05,Nov,2,4,3,1,Returning_Visitor,True,True
6.491698,208.94148,-0.0098036155,0.08663361,21.365438,474.37427,-0.00019643862,0.013001843,61.125355,0.0004331308,Nov,2,2,3,2,New_Visitor,False,True
3.9841495,121.63334,-0.00086044485,0.13733856,71.414856,2522.9739,0.005400916,0.021955369,0.011992179,0.0011845367,Dec,2,1,1,2,Returning_Visitor,False,True
3.9930017,209.29066,4.5173006,325.47134,85.29433,3268.3137,0.002333136,0.015228963,45.370823,-0.000769974,Nov,2,2,1,10,Returning_Visitor,True,True
8.044733,211.66501,3.122929,124.98402,52.253212,995.3259,-1.1042094e-05,0.0049531413,211.35796,0.00024461994,Nov,2,2,1,2,Returning_Visitor,False,True
8.962959,472.20718,0.9715686,87.899,114.30816,3785.2842,3.224019e-05,0.0022211026,42.195873,0.0015493768,May,2,2,2,14,Returning_Visitor,True,True
0.008840926,0.67140144,-0.009791277,0.09871094,5.1517816,157.51204,-0.00024958918,0.013143952,0.034496985,0.0008145223,Nov,2,4,7,1,Returning_Visitor,False,True
5.957194,120.77962,-0.0010090094,0.19350998,171.2857,9344.358,0.008667826,0.027888324,0.10358926,0.00028641024,Dec,3,2,3,2,Returning_Visitor,False,True
14.03836,575.8418,-0.010104381,0.06603424,40.48541,2697.114,0.0003640425,0.0112916,36.962387,8.254374e-05,Sep,3,2,3,4,Returning_Visitor,False,True
0.70409393,8.502151,-0.0050120573,-0.38026625,33.104992,875.3719,-4.5470506e-06,0.007750648,59.87572,0.0023594934,Nov,2,4,1,3,New_Visitor,False,True
1.5633442,63.272896,0.19893076,6.1971684,12.170557,557.5221,-0.00029610688,0.017561106,30.008326,0.0013200144,Dec,1,1,1,2,New_Visitor,False,True
3.9908292,22.185379,-0.0014994364,-0.111871794,14.764429,277.10852,-0.00025510634,0.02278105,58.02868,0.002502973,Mar,2,2,2,3,New_Visitor,True,True
0.9233079,14.144973,-0.011518203,-0.6351147,17.952103,323.2862,-0.00040582972,0.012054681,38.584,0.00072412816,Dec,2,13,9,20,New_Visitor,False,True
1.9644212,47.525238,-0.006430588,-1.5528165,41.629364,1502.6572,-3.0253417e-05,0.004817988,17.685926,0.9979149,May,1,1,1,4,New_Visitor,True,True
1.1271508,29.96434,-0.0085254535,-0.08460052,22.857872,923.8873,0.008819424,0.036553316,4.163645,0.00025459626,Nov,1,1,1,2,Returning_Visitor,False,True
3.9887135,176.85443,0.9853579,41.857304,72.07668,1530.3829,-0.00011082027,0.007525782,1.087496,0.00015207627,Aug,2,4,3,5,Returning_Visitor,False,True
8.000167,282.08026,1.9806162,1657.7921,43.893986,1724.969,0.00073192606,0.018052036,18.094305,0.0021221738,Dec,3,2,5,2,Returning_Visitor,False,True
0.021741278,0.87852424,-0.011332355,-0.26178938,18.00683,774.4223,-0.00013119016,0.012437464,46.348076,0.00040589893,Nov,1,1,3,1,New_Visitor,False,True
1.9786973,254.05095,0.9989764,37.66911,67.40629,2554.034,0.03971325,0.07141653,3.2689686,0.0026275578,Aug,2,4,2,1,Returning_Visitor,False,True
1.4283558,64.79748,-0.007846378,-0.4751225,18.318375,359.4887,0.014854901,0.045616057,23.614992,0.00079225627,Aug,2,2,7,13,Returning_Visitor,False,True
4.005284,70.83257,6.0195713,1034.4774,104.82069,8188.5024,0.0042426917,0.018145785,5.8781834,0.00084312883,Nov,1,1,4,2,Returning_Visitor,False,True
1.9689734,149.02466,7.033308,208.25632,47.577545,700.6702,0.0050557773,0.019566778,70.99673,-0.0013726366,Nov,3,2,7,11,Returning_Visitor,False,True
1.99482,252.88982,-0.0024991254,0.22739212,9.904676,118.213455,0.10955126,0.13016042,0.055317126,0.0013194071,Nov,2,2,7,11,Returning_Visitor,True,True
1.3475611,11.641913,-0.009045027,0.01144211,18.856298,830.7215,0.01256916,0.046652976,25.557228,0.0008013646,Mar,2,2,3,1,Returning_Visitor,False,True
14.123666,516.06525,0.00042671745,1.0563945,168.28629,7063.9585,0.0030424946,0.015849477,4.2934318,0.0006343971,Nov,2,2,7,1,Returning_Visitor,True,True
-0.010859363,0.32035014,-0.011798941,-0.34143645,47.013084,1545.5133,-2.2665e-05,0.004483822,3.1301408,0.7991978,May,2,5,3,2,Returning_Visitor,False,True
2.9691374,10.785171,-0.0013942342,-0.6405354,26.583405,2061.7913,0.00036409465,0.038817864,8.350132,1.0022,May,2,2,1,3,Returning_Visitor,True,True
5.0281577,153.8206,-0.009732448,0.5578174,16.567017,753.1759,-8.5141844e-05,0.015785072,22.66035,-0.00052379194,Nov,1,1,3,5,New_Visitor,False,True
1.9905583,59.080658,-0.010299586,-0.843443,5.2817006,298.47766,0.00070671143,0.03326122,0.13873787,-0.0010254023,Oct,3,2,3,6,Returning_Visitor,False,True
9.006995,102.41847,3.0143604,338.46133,29.740725,705.0994,-0.00023644451,0.0144527955,78.480415,0.0007464389,Dec,2,10,1,2,Returning_Visitor,False,True
1.9911592,48.58665,-0.0052005867,-0.6739293,38.448547,1750.7053,0.0001887117,0.01637967,78.92341,0.0029096853,Mar,3,3,2,1,Returning_Visitor,False,True
10.996217,223.52457,1.9888421,107.444145,67.71066,1610.4397,0.01126049,0.03301272,0.072638236,0.00067634013,Sep,2,2,1,3,Returning_Visitor,False,True
-0.0058067967,2.5963511,-0.008325122,-0.24295624,13.472572,1317.6096,-0.0007318206,0.015181142,58.223553,0.59867895,May,4,1,3,4,New_Visitor,False,True
3.4790635,87.353935,-0.0042425613,0.7631282,6.69315,156.65474,0.030159265,0.056230616,0.024157725,0.0020154032,Dec,3,2,1,3,Returning_Visitor,False,True
1.5091727,40.94871,-0.009165131,0.45493883,20.99146,804.82184,-0.00039938683,0.007385581,100.468155,0.0011215272,Nov,2,5,3,2,New_Visitor,True,True
11.038685,270.64786,1.9975522,73.01463,49.537113,1768.1747,-4.3375752e-05,0.020829657,0.04994794,0.00071615976,Sep,2,5,4,1,Returning_Visitor,False,True
1.9486363,32.272373,4.0616045,30.363773,109.53091,1749.8684,0.0005290132,0.009703456,49.355648,-0.00090339157,Oct,4,1,3,6,Returning_Visitor,False,True
-0.00044070953,2.9687877,-0.0068074684,0.25272936,33.22827,1035.0305,-0.0006991498,0.001827846,142.99898,0.002010594,May,2,2,9,2,New_Visitor,False,True
1.0052905,41.34236,-0.006126068,-0.38068205,43.984863,3230.9568,0.0001789533,0.0054103537,28.196007,0.59697366,May,2,2,4,13,Returning_Visitor,False,True
2.9884825,67.15217,-0.002679787,-0.30889326,37.07094,1023.57294,0.0034021863,0.016576089,30.01183,0.0017791042,Mar,4,1,1,2,Returning_Visitor,False,True
-0.037219636,0.9751963,1.9729924,75.345856,33.99423,2030.5681,0.0005772017,0.014595673,39.218254,0.00030405694,May,2,6,6,6,Returning_Visitor,False,True
11.9879055,238.51335,0.010363258,-3.2126179,433.84637,17100.002,0.006406415,0.018282164,2.7587314,5.0122537e-05,Nov,2,5,1,10,Returning_Visitor,False,True
0.99147236,71.6153,3.9771106,341.87714,24.485355,887.3601,-1.1625102e-05,0.03582745,6.1669693,0.0010385985,Mar,2,4,4,1,Returning_Visitor,False,True
6.9663944,95.99295,-0.008956872,-0.06126602,40.650726,1160.4796,0.0043964717,0.010415188,26.893288,0.0012285846,Dec,3,2,5,1,Returning_Visitor,True,True
4.9943357,276.26535,0.0055606146,-0.808302,25.169657,874.0395,-0.0002351183,0.0036194164,7.347155,0.0020762894,Jul,2,10,2,2,New_Visitor,True,True
0.008002169,0.35689494,-0.012332462,-0.5234929,12.187965,471.24554,0.00039329348,0.036680654,5.960865,-0.0013041658,Nov,1,1,3,8,Returning_Visitor,False,True
-0.009141795,1.4786601,-0.009983443,-0.46423155,23.86151,736.1487,0.0045256275,0.013193124,140.23004,0.0004071469,Dec,1,8,1,11,New_Visitor,False,True
11.065527,188.72792,2.989102,28.939974,63.802494,4945.561,0.0035875195,0.017210249,48.46777,0.0007322977,Nov,1,1,1,3,Returning_Visitor,False,True
5.008775,196.8271,-0.004833303,0.16917984,27.693604,881.69055,0.0017506868,0.010305039,2.6252582,0.0014666492,Nov,1,1,2,2,Returning_Visitor,True,True
1.9992057,50.312798,3.0134404,288.5485,30.63263,760.62695,0.019255485,0.049207836,11.447329,-0.0015760375,Oct,2,2,7,1,Returning_Visitor,False,True
6.47932,241.78464,-0.0028677802,1.1808413,31.19059,1448.9028,0.005812788,0.022901958,11.977506,0.0015398996,Nov,2,5,1,3,Returning_Visitor,False,True
-0.01675903,0.33270976,-0.00888481,-0.98745924,22.158096,339.02332,0.028562874,0.041242663,0.18308611,-0.0007128951,Nov,1,8,6,11,Returning_Visitor,False,True
1.0047942,3.9736552,0.00012985653,0.87877077,36.66559,1873.156,-0.00031601297,0.013611685,7.942871,0.0023771885,Nov,4,1,2,3,Returning_Visitor,False,True
4.607798,151.47083,-0.009157322,-0.06106384,13.996191,374.33313,0.0035100689,0.022874722,8.434322,0.00067618367,Dec,2,2,3,1,Returning_Visitor,False,True
2.6666775,38.87716,0.3522341,1.1894816,144.88855,4771.5483,0.003975704,0.015785767,4.510415,-0.0003934366,Nov,2,2,1,10,Returning_Visitor,False,True
4.0020747,53.34225,-0.0059014778,-0.10274704,32.91584,1365.1794,0.007940864,0.018936813,32.76506,0.001701607,May,3,2,1,4,Returning_Visitor,True,True
5.981576,185.26088,1.9981387,100.97557,11.478079,344.84503,-0.00029780375,0.015058785,0.021766387,-0.00060819957,Aug,3,2,4,5,Returning_Visitor,False,True
0.26202738,6.228233,-0.00670167,-0.13839157,17.545788,411.76117,0.008061099,0.033496752,0.02441331,0.00048053885,Nov,1,1,1,2,Returning_Visitor,True,True
2.3932476,79.62522,0.0014225024,0.072305605,41.898838,1392.6744,-0.00040690074,0.02766463,22.798954,0.002444605,Aug,4,1,1,3,Returning_Visitor,False,True
7.9609323,437.59848,10.086402,960.4594,131.25212,2494.217,0.0036665646,0.020412391,1.9510267,0.0017997461,Nov,2,2,3,3,Returning_Visitor,False,True
4.004646,88.96216,0.9908957,1174.7444,171.79263,5890.861,0.009656242,0.024770908,0.80242556,0.0014563302,Nov,3,2,1,2,Returning_Visitor,True,True
16.904276,322.932,-0.009444617,1.175352,45.49348,1556.7124,0.0023377312,0.020822857,7.0972443,-0.00092931214,Nov,1,1,3,10,Returning_Visitor,False,True
9.079839,772.3389,3.9155784,166.51167,74.728714,13419.703,0.0022406054,0.031330474,17.486296,0.0007350507,May,2,2,2,13,Returning_Visitor,False,True
12.993849,447.28107,1.9815584,101.24229,38.114014,1178.7244,-0.00017639842,0.005974843,25.682098,-0.0009585855,Nov,2,2,7,2,Returning_Visitor,False,True
4.823757,44.915245,1.0653622,110.52827,400.78052,14442.858,0.0081978785,0.020744184,3.5680902,0.0008589725,Nov,2,2,4,1,Returning_Visitor,False,True
-0.023665778,0.6715693,-0.014660202,-0.2882939,10.337055,349.32367,0.01988778,0.019427266,86.78103,-0.0019249854,Oct,3,2,1,20,Returning_Visitor,True,True
0.004345305,1.7636333,-0.00085031206,-0.2695294,50.546432,2654.0095,-0.00045265476,0.0016164656,53.88244,0.0021813873,May,4,1,3,2,New_Visitor,True,True
6.9422765,162.00081,0.9924757,-0.30922514,32.006233,1029.5828,-0.0005872793,0.016210333,59.959877,0.18861906,May,1,1,4,2,Returning_Visitor,False,True
13.959988,230.82733,6.031632,120.883,335.5368,12292.445,0.00078748504,0.012322101,0.26548693,-9.989863e-05,Nov,2,2,7,2,Returning_Visitor,False,True
3.9700763,251.19183,2.9920633,382.65527,29.95173,1046.3849,0.0041752825,0.007611274,9.278063,0.00034693876,May,3,2,2,11,Returning_Visitor,False,True
1.6560053,24.677856,-0.0073856334,-0.5795384,18.164516,634.9813,-0.00076382083,0.012179182,24.605936,0.16481203,May,2,2,2,2,New_Visitor,False,True
0.009359486,1.0165019,1.9942465,498.75064,12.2182865,745.2876,-0.0006361477,0.015557031,71.73993,0.0014694991,May,2,5,2,2,New_Visitor,False,True
0.96490073,39.802227,-0.0049462537,-0.8753033,36.530552,1487.7046,-0.000115096904,0.01976514,14.84442,0.39393383,May,2,6,1,3,Returning_Visitor,False,True
1.9593148,67.15431,-0.009271584,-1.3183843,13.855555,424.2915,0.0003875733,0.019523282,30.03622,0.00023464361,Jul,1,1,4,4,Returning_Visitor,False,True
-0.017626397,0.9398722,-0.00754895,-1.1072522,53.455143,1108.5139,0.007565675,0.019998701,24.417313,0.001499592,Jul,2,4,9,1,Returning_Visitor,False,True
0.00058687455,2.4237971,-0.012014173,0.42188066,8.715723,861.80804,-0.00065447984,0.028464667,44.739525,0.5990141,May,2,4,9,5,Returning_Visitor,False,True
13.061938,457.5238,2.9636433,74.542305,38.594307,996.3338,0.003825437,0.009890086,39.598896,0.00040858486,Mar,1,1,1,1,Returning_Visitor,True,True
0.005874283,1.7727962,0.9859894,256.74222,30.630869,1871.0562,0.018500136,0.049092215,21.829552,0.40395927,May,2,2,2,11,Returning_Visitor,False,True
8.959438,204.31728,-0.0059946994,-0.34839064,63.167923,3539.6514,2.1317639e-05,0.0068298867,20.413548,0.0008333909,Mar,1,2,8,8,New_Visitor,False,True
5.0072126,244.51729,0.99061084,415.67377,21.088215,1262.924,0.00040525166,0.010232828,91.11149,-0.0005048265,Mar,1,1,3,1,Returning_Visitor,False,True
3.967477,323.32587,0.9704897,19.877846,32.8218,1813.9863,-0.00021611374,0.01784205,15.811796,0.59894246,May,2,4,7,2,Returning_Visitor,False,True
2.9659107,86.31469,-0.013053738,-1.1628782,27.23869,802.94464,0.00045108018,0.012482022,21.934467,0.7998436,Feb,2,2,3,1,Returning_Visitor,False,True
-0.021006458,1.082603,1.0010107,14.70783,24.916525,892.7135,-0.00019261833,0.007714915,0.015076838,0.0012341539,Dec,3,3,3,2,New_Visitor,False,True
1.9809768,42.180748,0.0005162436,0.6615352,4.961573,152.4565,2.9848554e-05,0.02828623,20.93894,0.0023372981,Aug,2,10,3,3,Returning_Visitor,False,True
6.0215535,47.91689,-0.006958268,0.813219,13.990545,857.05725,-0.0005181398,0.009918022,0.023104392,0.00017265478,Oct,4,1,3,5,New_Visitor,False,True
1.2495352,50.013306,-0.008765124,-0.19743927,52.52297,1345.1691,0.004006944,0.01612568,5.3045025,0.0006426486,Nov,2,2,1,1,Returning_Visitor,False,True
0.45653296,27.448238,-0.009173356,-0.30422407,14.563644,503.08472,-0.0007970765,0.014179139,27.862257,0.0014522584,Nov,2,4,9,8,New_Visitor,True,True
7.9294987,227.4913,2.9965544,291.90228,65.33724,2986.6296,0.016118275,0.025607036,7.219852,-0.00093868497,Mar,3,2,3,6,Returning_Visitor,False,True
-0.00824248,1.905479,-0.010686837,-0.82959944,15.691504,596.4691,0.0008370072,0.0134281,92.72718,-0.00090465817,Nov,1,8,3,11,Returning_Visitor,True,True
2.9747393,86.79066,6.003622,173.1392,17.423187,474.20813,-0.0002822134,-4.7471362e-06,27.44678,-0.0014893276,Nov,2,2,9,20,New_Visitor,False,True
5.002188,61.20684,-0.0073054056,-1.2052938,5.453284,32.033886,1.9730665e-05,0.02457389,0.15217371,0.00093173486,Dec,8,13,9,20,Other,True,True
11.071593,354.51923,5.9874506,230.98807,84.200356,3737.0146,0.0076504205,0.014909881,2.1814077,-4.8288457e-05,Dec,3,2,6,1,Returning_Visitor,False,True
11.100358,336.7519,-0.00012143665,1.3004512,20.515667,591.63336,-0.0009227175,0.0072669974,26.880503,0.17719847,May,2,10,1,5,New_Visitor,False,True
0.9755037,44.18941,-0.009597443,-0.20612915,35.40857,1918.2638,-9.630095e-05,0.0038345705,42.222603,0.00019648919,Nov,2,2,7,2,Returning_Visitor,False,True
-0.00504195,1.3553157,0.99248326,430.42892,10.884775,176.70967,0.0008012556,0.016803104,32.19453,-0.0025744226,Jul,2,2,3,2,Returning_Visitor,False,True
15.89621,385.3561,2.9861248,201.69023,85.045006,1616.223,0.014939374,0.021940283,3.5291765,-0.0009775398,Jul,3,2,8,4,Returning_Visitor,False,True
4.994369,245.88007,-0.0057041864,-0.50207716,20.853935,1001.2134,0.0034888068,0.008275664,41.940865,0.0023010548,May,3,3,1,4,Returning_Visitor,False,True
1.9760963,39.071842,-0.003757141,-0.29074675,39.62209,681.88184,0.00015348908,0.014523785,23.314676,0.0022639323,Nov,4,2,6,3,Returning_Visitor,True,True
6.8745728,76.05292,1.0196049,-2.537428,310.4908,7745.634,0.00071823003,0.007323171,-0.027659215,0.0015910702,Jul,4,1,1,4,Returning_Visitor,False,True
13.008509,493.49673,-0.004983447,1.0156955,22.792309,1539.9622,0.007620053,0.018570622,25.08676,0.0014386835,Dec,3,2,1,1,Returning_Visitor,True,True
3.4685154,61.13147,-0.005206547,-0.6516629,16.348549,462.55853,0.010728882,0.02502496,17.663988,0.001904166,Mar,1,1,6,3,Returning_Visitor,False,True
5.969666,75.872795,-0.006911836,-1.0605642,3.1621633,71.13338,0.00041111527,0.022722365,21.36445,0.00088123855,Aug,2,2,7,6,Returning_Visitor,False,True
-0.011532657,-0.2228246,-0.005590878,-1.5219098,11.784494,843.2903,0.00042066132,0.018651875,40.347473,0.001950706,Dec,2,6,1,6,New_Visitor,False,True
-0.00015293832,1.8814158,-0.005073033,0.9102611,13.434151,366.4881,-0.0001478776,0.016152622,291.28323,0.0022946324,Dec,2,2,1,2,New_Visitor,False,True
2.9822252,80.355934,0.0047984202,0.38758653,35.876225,2540.4414,-0.00023997422,0.0053268177,27.485548,0.0018896895,Mar,2,10,2,2,Returning_Visitor,True,True
3.4902835,183.41339,-0.00587096,-0.29064375,38.977615,1647.063,2.1680855e-05,0.009207952,33.062824,0.001504949,May,2,2,3,4,Returning_Visitor,True,True
-0.031281583,1.8416438,-0.006239317,-0.86025816,15.073385,1052.9067,-0.0004005454,0.012159624,55.04856,0.0023950737,Sep,4,1,1,4,New_Visitor,False,True
1.9912708,166.886,-0.0021049003,-0.240038,87.60098,3214.1907,0.0043972707,0.020090451,0.004943095,0.0014228659,June,2,5,8,1,Returning_Visitor,False,True
-0.012653463,-0.6947103,-0.0044135074,0.63681597,11.686502,108.36702,0.058339555,0.092245266,0.026225291,0.001851997,Nov,2,4,4,3,Returning_Visitor,False,True
2.1217425,29.579567,-0.009052061,-0.4694844,21.517757,874.1417,0.0014522016,0.014851411,33.245457,0.0007096517,Dec,2,2,1,2,Returning_Visitor,False,True
0.9230324,25.762177,0.9907421,4.0703526,27.98502,655.41766,0.00053711573,0.020102113,0.09073564,-0.0001059783,Jul,1,1,6,1,Returning_Visitor,True,True
1.4740915,30.358898,1.4746298,36.65755,36.54409,1918.1903,-0.0004544373,0.016476493,31.14201,0.0008796814,May,2,2,9,2,Returning_Visitor,False,True
0.006741173,-0.5303274,-0.010272048,0.071622774,40.764214,902.86414,0.00014128503,0.011344946,19.574572,0.0007589559,Dec,2,5,3,1,Returning_Visitor,False,True
-0.013279311,0.72578377,0.2729513,19.364677,14.316235,361.49658,-0.00034176777,0.003962121,24.891085,0.0011364768,Mar,2,4,1,2,Returning_Visitor,False,True
1.7134297,123.09941,-0.0058903913,-0.099260405,56.474438,2322.0483,0.00795401,0.026797684,3.9142783,0.0015176187,Nov,2,2,2,1,Returning_Visitor,False,True
3.95132,100.13705,-0.008168481,-1.5720807,29.85541,299.57318,0.00057973864,0.0010399434,28.084013,0.00039675707,Jul,2,2,5,2,Returning_Visitor,True,True
4.0086174,97.30779,0.0009021837,0.29511446,68.178116,3853.1887,-0.0007338993,0.0028388526,15.851234,0.002416997,Nov,2,4,9,3,Other,False,True
0.97349536,103.445,-0.005869351,-0.17603882,19.200886,1200.6566,0.0039656903,0.021269426,17.515491,0.0018063734,May,1,1,3,4,Returning_Visitor,True,True
1.003771,18.286476,3.9309862,119.8847,24.067734,4180.4336,-0.00016839277,0.0043004444,21.057858,0.0012279773,Mar,1,1,1,2,New_Visitor,False,True
0.9391409,1.3947597,-0.008957826,-0.16179474,4.0293183,80.22505,0.00013431687,0.049026284,114.16825,0.0006506058,Oct,2,2,9,2,Returning_Visitor,True,True
0.95541453,25.036858,1.9927533,144.91325,11.154673,539.4216,0.0128405765,0.039250568,9.387461,0.6021622,May,3,2,1,4,Returning_Visitor,False,True
0.9492233,148.84073,-0.014184974,-0.4742871,13.396019,276.11548,0.00053343514,0.01410159,80.54931,-0.0016299052,Oct,1,1,1,20,Returning_Visitor,False,True
1.5975571,37.48369,-0.009113394,-0.2235585,24.904388,1237.7667,0.0030046252,0.022476815,26.264704,0.0006563651,May,1,1,3,4,Returning_Visitor,False,True
2.9890757,129.90039,-0.004224978,0.2305278,74.09891,2384.2292,0.0049861684,0.02489725,3.4660454,0.0019920084,Nov,2,6,9,1,Returning_Visitor,False,True
7.98514,294.22833,2.9907691,231.60233,24.692719,1042.073,-0.0004123136,0.014996025,9.723462,0.0015535416,May,2,4,3,3,Returning_Visitor,False,True
-0.004787319,1.3531108,-0.009222947,0.31824678,53.51526,3590.2922,6.740507e-05,0.0039378395,121.6984,0.00074171525,Nov,2,5,6,2,Returning_Visitor,False,True
0.0035373045,-0.32613423,-0.0088333115,0.7997913,20.374304,581.09094,-6.0221515e-05,0.005191601,20.64861,0.00035190457,Nov,2,5,2,5,Returning_Visitor,True,True
7.291459,170.06023,-0.008307777,0.16044037,54.4277,1521.3783,0.006084209,0.0176339,9.427851,0.0007471989,Mar,3,2,3,1,Returning_Visitor,False,True
2.9872346,28.09682,-0.0008855384,0.8083324,20.156551,636.4189,-9.843182e-05,0.019172639,32.69658,0.0019272739,Dec,2,10,1,1,Returning_Visitor,True,True
1.9860258,19.273693,-0.0041519026,-0.2143193,27.276968,2130.2263,0.0134445885,0.051115073,6.1191673,0.0021306898,Sep,2,6,3,3,Returning_Visitor,False,True
-0.009769075,1.7231746,-0.0037088017,-0.7181149,53.55043,2042.8578,-0.00046350094,0.0038672227,53.18752,0.002417958,Nov,2,4,2,2,New_Visitor,True,True
1.8908771,1684.2662,3.8787344,30.65545,17.739069,1357.5477,0.0011277512,0.016765999,41.411877,0.002342845,Dec,2,2,1,6,Returning_Visitor,False,True
9.91444,147.72688,1.0430149,91.924515,245.112,7880.585,0.0018936187,0.004835359,59.34081,-0.0012449411,Nov,3,2,1,8,Returning_Visitor,False,True
7.002384,221.00885,-0.0063883285,-0.44835097,23.773514,576.733,-0.00031004506,0.0023348245,46.067932,0.0019144142,May,2,2,5,4,Returning_Visitor,True,True
0.03150142,1.1258388,1.0072721,48.35213,31.248817,1791.0708,0.051239736,0.077004485,12.422917,0.4029964,May,3,2,8,1,Returning_Visitor,False,True
0.9940344,17.59245,0.00066644733,0.1033458,15.704189,1329.8357,-0.00054338423,0.01247527,34.32615,0.0020769301,Mar,2,5,2,3,New_Visitor,False,True
0.6396047,14.378676,0.6725409,4.502157,9.98914,268.14954,-0.00031931917,0.029555846,17.599497,-0.00065598014,Nov,1,1,1,8,New_Visitor,False,True
9.003013,358.63028,2.9854147,375.82938,64.17142,5777.995,0.00037176503,0.020742105,12.563161,-0.00052563223,Oct,2,2,1,13,Returning_Visitor,False,True
0.0021008325,1.7632213,-0.009820066,0.10402863,14.065786,346.96332,-0.00012857314,0.015080222,125.0618,6.6986926e-05,May,1,1,6,5,New_Visitor,False,True
7.0270658,158.89615,-0.0011808496,0.7334575,32.186443,1120.7592,0.0015412025,0.010990511,6.5337524,0.0010689074,May,3,5,7,2,New_Visitor,False,True
0.9457567,11.540252,-0.0052876095,-1.1259977,0.32546276,-1.7634771,0.0002372839,0.022591447,0.037700377,0.0013871217,Aug,3,2,6,2,Returning_Visitor,True,True
0.640906,24.750015,0.8715582,27.398434,23.868992,1159.6974,0.021559095,0.030103602,10.004644,-0.00036128736,Nov,1,1,4,2,Returning_Visitor,False,True
1.9804064,4.7260814,-0.005949817,-0.35339552,8.808107,85.11421,0.00051062147,0.058337297,0.06674882,0.00094970193,Sep,1,1,4,4,Returning_Visitor,True,True
0.013282903,0.09421488,-0.0076345424,-0.5346852,30.2054,1684.2189,6.554801e-05,0.014523101,41.19247,0.0006814214,Dec,2,2,4,2,Returning_Visitor,False,True
2.9609816,287.07443,0.98843086,24.784588,56.554817,2950.8408,-0.00060706993,0.0034392986,79.40453,0.0027078714,May,2,4,3,3,New_Visitor,False,True
1.9976964,65.61106,0.98913896,-1.0207502,10.229507,300.99738,0.043034945,0.059444018,19.341667,0.0004615734,Mar,2,6,3,2,Returning_Visitor,False,True
16.151966,314.3595,-0.010403834,0.847578,37.048447,1072.6006,-0.00020251643,0.0084003685,87.07144,-1.2849771e-05,Nov,1,1,3,2,New_Visitor,False,True
0.0012265516,0.423614,0.2687538,26.471542,17.919405,810.774,6.978553e-05,0.015196784,28.18287,0.00078024965,Mar,1,1,1,2,Returning_Visitor,True,True
2.9662569,77.28499,-0.007201634,0.10621445,17.606724,681.4447,-0.0001431949,0.029556854,4.6173778,0.0015328216,Nov,1,1,2,8,New_Visitor,True,True
-0.034191005,2.0003963,-0.011987053,-1.3842527,8.18696,687.1692,0.00024343807,0.025262425,45.39302,0.7983283,May,1,1,6,4,Returning_Visitor,False,True
2.9706495,53.803715,4.9463296,81.80127,22.651588,522.9156,0.00074232894,0.046744786,10.542057,0.0024381566,May,4,1,1,4,Returning_Visitor,False,True
0.026723035,0.77503914,1.0057951,139.71591,42.783276,3030.5344,-0.00030843014,0.004639975,3.2049973,0.00031919652,Dec,2,4,1,10,Returning_Visitor,False,True
2.9399421,69.821465,-0.0077457647,-0.050989226,16.733467,2030.9493,0.00806635,0.017940724,64.46134,0.0014204072,Nov,3,2,1,2,New_Visitor,False,True
8.026551,581.444,1.0049542,149.06827,48.605984,2737.4915,-0.00024813073,0.0075476533,27.649605,-0.0008960155,Oct,2,2,4,5,New_Visitor,False,True
10.059828,290.94696,-0.0068375687,-0.06501968,36.04001,959.3409,-0.00014830042,0.0031762,87.55322,0.0019472489,Aug,2,2,2,2,Returning_Visitor,False,True
-0.009448163,1.113441,0.33480603,25.733765,8.066473,92.29634,0.00012463298,0.0127942255,51.653595,-0.0019705754,Nov,2,2,4,20,Returning_Visitor,False,True
0.0016173196,3.420692,1.9919562,99.42812,42.16586,1878.0453,-0.0001347031,0.004331398,153.67174,0.00058048096,Aug,2,2,1,1,Returning_Visitor,False,True
2.9507275,321.06888,0.97585523,251.42618,53.16288,2501.2952,0.00023726154,0.010466932,52.678116,0.00030074516,Jul,2,2,9,4,Returning_Visitor,False,True
6.976478,162.34573,2.9768844,767.05676,19.748781,5000.551,0.0075900448,0.025740491,14.329656,0.0012652302,Mar,2,4,8,2,Returning_Visitor,False,True
3.9734693,144.63206,1.0050348,19.292355,10.302649,385.17053,5.2708798e-05,0.015649801,64.43166,-0.00039438656,Mar,1,1,7,8,Returning_Visitor,False,True
11.065087,288.30487,-0.0066418867,0.82197756,40.609222,690.812,-2.0876862e-05,0.031602748,13.871176,0.001278578,Oct,4,1,3,1,Returning_Visitor,False,True
0.97259843,67.366936,0.98181486,0.50319475,82.55241,5367.784,0.004434058,0.010895877,76.91824,0.0019492792,Nov,1,1,9,3,Returning_Visitor,True,True
2.0129905,10.408721,3.011391,94.74473,28.824657,1256.1249,0.007933206,0.038441524,24.547146,-0.0015000639,Nov,2,2,1,10,Returning_Visitor,False,True
0.95169616,8.334304,-0.003702424,-1.0791456,112.23829,2471.893,-0.00013360415,0.016275883,1.7774837,0.3998138,May,2,2,8,3,Returning_Visitor,False,True
1.9969822,60.431137,-0.0025654058,0.66173357,54.76661,3732.388,0.0024490168,0.021158775,12.003059,0.0019116128,Sep,4,2,9,13,Returning_Visitor,False,True
-0.042843215,3.6380305,-0.00874462,-0.88192564,18.795692,648.6033,-0.0010528158,0.001401535,54.53447,0.5991545,May,6,2,9,2,New_Visitor,False,True
0.00062549836,0.5235819,-0.008033477,-0.6859036,4.950705,54.153027,0.0004340556,0.033263084,50.382885,0.0012366349,Jul,4,1,3,1,Returning_Visitor,False,True
5.987042,161.20422,0.9959346,429.9197,146.3836,5477.4434,0.002383068,0.009057212,6.7109413,0.0007614034,Nov,2,10,7,2,Returning_Visitor,False,True
0.9651909,20.161514,0.9696429,62.550182,49.596832,1632.7661,1.6797e-05,0.0012256752,145.66006,0.0004988971,Mar,2,2,7,2,Returning_Visitor,True,True
7.972722,373.37222,4.986526,185.51447,34.36975,1211.4084,0.0046646125,0.015549517,8.388035,0.000772922,Nov,1,1,3,3,Returning_Visitor,True,True
-0.035091035,-0.3233495,-0.0015148144,0.39711183,10.660883,232.78871,7.056039e-05,0.020494955,16.396751,0.0014378043,Dec,2,10,7,2,Returning_Visitor,True,True
13.063125,243.4262,-0.002570651,0.93067735,61.655552,3806.5125,0.004966806,0.024813404,22.593105,0.0014000895,Oct,2,2,9,3,Returning_Visitor,False,True
2.9104667,83.27493,-0.0063858847,-0.26515776,39.771877,1839.2283,0.0044451538,0.017533226,8.284967,0.00010628129,Nov,1,1,6,10,Returning_Visitor,True,True
1.9798431,59.02737,-0.002218626,-0.766718,50.575245,951.6818,0.00043504653,0.011330216,1.1145642,0.0025000859,Mar,4,2,2,11,Returning_Visitor,True,True
-0.0037258791,2.1525035,-0.008129142,0.53193086,7.8881593,157.63057,-0.00031461226,0.00041669124,177.4173,0.0011261689,Nov,2,2,4,2,New_Visitor,True,True
-0.003426187,-0.29317525,1.998084,-0.3164311,98.80304,2608.292,0.022258544,0.028843122,0.11122056,0.00014257306,Nov,3,2,2,13,Returning_Visitor,False,True
0.9678565,34.66976,-0.009765588,-0.8307362,1.1330571,6.2921867,0.05253089,0.09364413,0.19160576,-0.0006996182,Sep,3,2,3,6,Returning_Visitor,False,True
8.041215,458.9112,-0.010086022,-0.06683548,25.70749,2427.296,-3.0335374e-05,0.007937516,80.71168,0.00023070225,Nov,3,2,7,8,Returning_Visitor,True,True
1.0329304,4.03038,-0.009201072,0.43779176,36.455288,2204.1143,-0.00025024297,0.010906021,50.397053,0.00015224019,Nov,2,5,7,10,Returning_Visitor,False,True
2.5806704,28.417198,-0.0047397832,0.5149173,14.692493,548.7772,-0.000105141065,0.03757473,2.180793,0.0017077947,Nov,2,2,1,3,Returning_Visitor,False,True
2.0017962,997.9413,4.969225,800.218,28.767282,1815.251,0.005989184,0.016146969,9.935603,-0.00048620751,Nov,2,2,1,10,Returning_Visitor,False,True
8.027657,81.12836,2.0000966,46.448357,62.437668,3701.773,-5.9606842e-05,0.02113482,9.168852,0.0014988208,May,2,7,4,4,Returning_Visitor,False,True
14.646185,394.05505,3.984565,211.05092,67.253334,3659.9858,0.001462882,0.013700674,8.005913,0.00022291267,Mar,2,2,2,2,Returning_Visitor,False,True
-0.021923654,0.5764231,-0.009887539,-0.85278517,16.477194,688.114,0.00024018403,0.011106647,61.551056,0.00054917735,Nov,2,2,5,6,New_Visitor,False,True
2.9626672,191.62689,0.9964955,33.529533,26.078854,1501.4043,-0.0005582556,0.006981275,34.735397,0.0015330116,May,2,2,7,1,New_Visitor,False,True
9.005789,353.50552,-0.0007843893,1.2869052,79.21538,4460.039,0.006706605,0.010885174,12.568013,0.0017900305,Nov,3,2,2,3,Returning_Visitor,False,True
16.06441,282.5054,0.0030218442,-0.344019,274.5887,4776.5513,0.0010603663,0.006873875,27.75809,0.0016494716,May,4,1,3,1,Returning_Visitor,True,True
-0.008030288,1.8973994,1.0031569,-0.6046925,46.145275,2156.0493,-0.0003397822,0.010382007,0.12000295,-0.0008379606,Nov,2,2,9,8,Returning_Visitor,False,True
0.4900695,8.7056265,-0.0040871124,-0.7988263,19.348406,1430.7151,-0.0006245993,0.005872502,53.661663,0.0015322143,May,2,2,4,2,New_Visitor,False,True
-0.0006214308,0.75178474,-0.0071428637,-0.21403702,68.14604,813.8608,0.0026598496,0.0063078767,110.84684,0.001104212,Mar,2,5,4,2,Returning_Visitor,False,True
2.4332283,77.51982,-0.009413205,-0.7550412,15.572319,314.77637,0.013587104,0.023740133,15.2751045,-0.0003387121,Oct,1,1,3,2,Returning_Visitor,True,True
1.3028011,22.410942,3.3013773,91.59952,27.292284,1035.3505,0.009334245,0.022972332,28.935732,-0.0018020881,Nov,2,2,3,1,Returning_Visitor,False,True
13.070073,300.49686,3.0132666,356.07138,40.853573,2415.8948,0.00029731696,0.015969945,72.47108,-0.001246245,Dec,2,2,1,8,Returning_Visitor,False,True
2.9045951,99.54643,-0.006286047,-0.8546048,79.960075,2878.6902,0.0033564211,0.014861879,11.911492,0.0010762351,Oct,2,4,1,2,Returning_Visitor,False,True
5.9761868,197.57771,-0.0011141818,-0.35441023,41.293728,2802.25,0.0016593762,0.011419701,24.19176,0.0012044894,May,2,2,4,6,Returning_Visitor,False,True
0.9683198,27.892868,-0.013256751,-0.47203642,50.29885,1831.8944,9.982813e-05,0.009971718,52.03531,-0.00013321018,Dec,2,4,3,8,Returning_Visitor,False,True
8.024299,192.30017,0.97786385,92.9911,111.13263,2983.5771,-0.0008104186,0.0023526761,13.334068,0.0019174764,May,4,1,1,3,New_Visitor,False,True
-0.018124215,0.4747233,-0.006576679,-0.75404173,33.77916,1479.704,0.0025212818,0.024748692,0.07907411,-9.94032e-06,Nov,2,2,6,11,Returning_Visitor,True,True
15.039719,568.3789,2.0496833,37.73104,318.85556,13731.884,0.0042743734,0.015842473,45.23986,-0.0009292451,Nov,2,2,1,2,Returning_Visitor,False,True
5.9920845,100.59845,-0.0055744867,-0.6532307,4.1406713,60.024487,-0.00039492393,0.022446632,-0.018745698,0.0016250821,Sep,2,4,7,2,New_Visitor,False,True
7.9641094,409.75653,4.9760194,409.55307,24.766445,1222.7203,0.01176,0.023771485,8.792857,-0.00035008913,Oct,3,2,2,2,Returning_Visitor,False,True
9.04398,182.14478,-0.000679962,-0.012476042,116.8115,4453.45,0.00035115113,0.0076834178,83.960625,0.002054474,May,2,2,2,6,Returning_Visitor,True,True
0.9964223,10.630126,-0.003425024,-0.30821043,29.310587,912.1595,-0.00024281103,0.017731776,7.248265,0.0013322333,Aug,2,5,4,2,Returning_Visitor,False,True
6.9631658,138.88582,1.0107812,44.228912,119.66507,7532.054,0.016516699,0.03051008,3.4684298,0.0016227538,Jul,2,2,2,1,Returning_Visitor,True,True
1.9925663,27.349815,-0.009410821,-0.854971,12.053307,224.01747,0.00023782779,0.023534454,44.69618,0.0005490246,Mar,3,2,6,2,Returning_Visitor,False,True
0.95170224,341.0343,0.98676616,39.407402,15.942675,610.72125,0.0001614016,0.006239108,28.48745,0.0012109602,May,3,2,1,11,Returning_Visitor,True,True
2.9729197,41.985943,1.9741696,43.109283,17.858574,1052.3623,0.023982929,0.03956548,14.170569,0.0023040127,Mar,3,2,2,3,Returning_Visitor,True,True
0.9640931,22.745697,-0.0066904644,-0.785883,3.7866216,42.023632,-0.00035505774,0.020136103,0.013953887,0.0021306078,Oct,2,4,2,1,New_Visitor,False,True
3.94116,96.2495,1.9899672,13.53418,26.11015,651.49445,-0.0001728091,0.003874215,60.06385,0.00050302845,Jul,2,4,8,2,Returning_Visitor,False,True
0.00036085374,1.1738353,-0.0054320316,-0.35342604,33.8235,1387.3912,-0.00016541813,0.023756906,0.025714599,0.0011398966,Nov,2,2,9,11,New_Visitor,False,True
11.043886,156.42723,4.9982896,516.57855,78.51134,2615.745,0.0001256444,0.006467144,14.629452,0.0008918072,May,2,2,7,3,Returning_Visitor,False,True
9.009287,283.53647,-0.00892856,0.43480486,38.028187,1166.2635,-0.00046672518,0.00470231,19.1287,0.00016124421,Nov,1,1,9,20,New_Visitor,False,True
-0.014219396,0.98086494,-0.008266769,-0.40580183,19.663855,748.25214,8.575026e-05,0.015576444,19.384075,0.0007943238,Nov,2,2,7,4,Returning_Visitor,True,True
2.986273,57.597046,-0.0053278427,0.096441194,17.859976,4901.0923,0.013838092,0.018936316,20.263483,0.0017126488,Nov,2,6,5,1,Returning_Visitor,False,True
10.86077,294.7916,3.963497,139.50638,397.1758,11952.478,0.008201699,0.009878448,9.994705,0.0013374338,Nov,1,1,3,3,Returning_Visitor,True,True
7.0166626,140.80081,0.002631106,0.6575298,30.696001,992.20844,-0.0005902018,0.01087341,37.062553,0.0016196059,Dec,2,10,1,2,New_Visitor,False,True
16.971447,760.11847,1.980987,79.134315,31.361383,1046.2339,0.0042550913,0.026099395,1.7613275,-0.00064318004,Mar,1,1,3,2,Returning_Visitor,False,True
4.9795337,73.210976,9.929485,207.73495,27.408892,1104.1683,0.0051753162,0.028285487,0.14765091,-0.00013843304,Sep,2,2,1,2,Returning_Visitor,False,True
-0.012818687,0.63444465,-0.0013333183,-0.85117537,154.04817,4585.2134,0.0015890278,0.0062894365,5.7668605,0.0017061891,Aug,2,2,4,1,Returning_Visitor,True,True
8.985354,250.16293,4.93723,343.10245,81.45394,5139.4365,0.0007005293,0.011361654,28.187675,-0.00012578568,Dec,3,2,1,13,Returning_Visitor,False,True
0.015229829,0.33161876,-0.0060536484,-0.21785553,18.930273,687.0075,0.0042212806,0.039711535,-0.011105813,0.0006174023,Nov,2,2,4,2,New_Visitor,False,True
-0.02992355,2.2229533,1.0014163,34.60431,20.417036,527.05493,-0.0011435061,0.0085890135,31.959898,0.00846916,May,2,4,1,2,New_Visitor,False,True
10.983034,1457.7839,4.995086,206.302,227.43044,9573.8125,0.0051027625,0.011502161,10.1818075,-0.00076240423,Nov,2,2,4,2,Returning_Visitor,False,True
3.9735086,91.42802,0.28385317,13.166458,38.39903,1435.8824,-0.00028970497,0.004781767,31.63634,0.0007757495,Mar,2,4,3,8,Returning_Visitor,True,True
0.012616523,-0.65981346,-0.0041718106,-0.33588225,6.728911,637.0606,0.029460408,0.05741201,-0.0130665675,0.001139565,Dec,2,2,4,2,New_Visitor,False,True
-0.061067455,0.9062342,-0.0083223805,-1.488249,1.2237763,12.359936,8.643385e-05,0.0005402405,47.984337,0.0015675785,Sep,1,1,6,3,New_Visitor,False,True
2.98239,90.27207,2.0019608,334.63293,11.155405,434.78925,-0.0005106259,0.007188729,45.815113,-0.00026646382,Mar,2,2,1,10,New_Visitor,False,True
-0.03376805,2.169189,4.0071335,109.41412,92.142685,2265.2195,0.0027751306,0.010813071,16.765638,0.00019186983,Aug,2,2,1,4,Returning_Visitor,False,True
1.9931201,37.177586,-0.009102128,0.20529358,10.495888,510.53558,0.040660176,0.06945053,0.06484576,0.00011787439,Nov,3,2,1,2,Returning_Visitor,False,True
8.946158,97.7335,2.9963102,146.60915,36.602497,1637.1678,0.01877139,0.037482243,0.080168925,0.0001552465,Nov,3,2,7,3,Returning_Visitor,False,True
10.768845,600.6299,4.980307,1046.4391,511.0295,21433.365,0.006420174,0.013844383,11.617605,0.004807262,Nov,2,2,1,2,Returning_Visitor,False,True
0.97319233,41.541473,-0.0018990856,0.42785066,29.786978,555.975,0.009496383,0.045931928,0.045077525,0.0023502323,Sep,2,10,2,1,Returning_Visitor,False,True
-0.012444608,1.675674,-0.008199178,-0.989008,18.483343,705.2567,-0.0003258142,0.0031724412,68.68815,0.0017251062,May,1,1,5,2,New_Visitor,False,True
0.021997817,-0.0932546,-0.0037240605,0.4558391,7.562556,324.90515,0.09993491,0.10895957,0.023057185,0.0017544503,Nov,3,12,1,1,Returning_Visitor,False,True
2.3866446,21.323265,-0.0068437676,-0.65251356,5.528435,425.60315,-0.00030547226,0.00037146622,49.236565,0.0018820787,Aug,4,2,1,2,Returning_Visitor,False,True
0.018069156,1.9490886,5.0424166,928.4198,45.136158,3163.8396,0.0044575366,0.01621749,32.182053,-0.00058741245,Oct,2,6,4,2,Returning_Visitor,False,True
6.899529,54.889206,7.045096,481.44574,20.614206,407.14746,0.026712714,0.03330256,0.21334668,-0.0014931051,Jul,2,2,1,4,Returning_Visitor,False,True
-0.013440482,0.7416224,-0.011583768,-0.6374684,24.207384,1149.8927,-4.0266998e-05,0.012204432,44.030167,-0.00028202063,Nov,2,2,3,8,New_Visitor,True,True
0.7027575,5.2212367,0.5349539,52.92044,18.812853,882.4265,0.0027470028,0.018719902,39.17034,0.00018492216,Mar,2,2,1,2,Returning_Visitor,False,True
1.9913613,27.090263,-0.009769343,-0.35659605,26.800898,413.85266,-0.0001910146,0.00665415,0.06128951,0.00037757927,Nov,8,2,7,2,New_Visitor,False,True
3.996668,78.95089,5.010288,503.11362,38.735985,1088.5845,0.010191768,0.024879789,19.704388,-0.0007359845,Nov,2,5,1,2,Returning_Visitor,False,True
1.2372817,18.754883,-0.0069939117,-1.0814992,7.7989736,249.81752,0.008297888,0.022437101,38.25904,0.0011373932,Oct,1,1,4,2,New_Visitor,False,True
7.979379,127.93657,-0.0066631655,0.03344147,21.707376,372.91772,0.0070465184,0.029339192,8.014765,0.00077780214,May,1,1,1,2,Returning_Visitor,False,True
1.9708323,29.297401,-0.007865809,-1.9862043,174.9631,4113.613,0.0016349606,0.011878326,21.701206,0.59739536,May,2,2,7,2,Returning_Visitor,False,True
0.9751437,14.381042,1.0420942,-0.54490095,199.68665,8430.013,0.0041586063,0.018137181,3.436607,0.00069052976,Nov,2,5,4,1,Returning_Visitor,False,True
6.0210814,415.9388,0.0007162768,0.83368486,83.7323,5997.6226,0.0068197898,0.024275273,0.523956,0.0013676683,Nov,3,2,8,1,Returning_Visitor,True,True
1.2795769,14.982451,0.0026376029,-0.30142027,41.96338,1461.2513,0.0016604305,0.023430457,0.314584,0.0003252762,Nov,2,2,1,2,Returning_Visitor,True,True
5.9941745,336.60846,-0.0054311375,-0.6795483,20.804394,928.37286,-0.00031393053,0.011254127,48.397804,0.0019335212,Aug,2,2,3,2,New_Visitor,False,True
-0.005053871,1.7366481,1.9883144,127.939255,35.065586,867.8178,-0.00060176884,0.0011404033,34.205933,0.0007404449,May,3,2,7,2,New_Visitor,True,True
13.05126,331.75763,5.0482907,129.36702,202.86514,8277.206,0.0024361329,0.013798299,3.4104729,-0.00095506135,Nov,2,2,3,10,Returning_Visitor,True,True
0.019519217,0.40598246,-0.0052939276,-0.6876393,6.7324357,427.28717,-0.0001420829,0.033436745,49.95209,0.0016718121,Mar,2,2,4,1,New_Visitor,False,True
10.032923,305.27258,0.9886079,91.352425,101.76659,6086.7773,0.0016175188,0.018996198,51.387882,0.00037703165,Nov,2,4,3,2,Returning_Visitor,True,True
2.9703226,152.08952,4.968326,242.51195,42.72777,3048.834,0.0006107815,0.011863046,2.8200707,0.0004154841,Mar,1,2,1,1,Returning_Visitor,True,True
1.9867285,59.386784,-0.004729293,0.71587557,16.877264,1223.804,-0.0005310256,0.011961552,143.96794,0.0025613185,Dec,2,2,9,2,New_Visitor,True,True
3.4889152,77.04522,-0.0071643214,-0.66740614,18.687012,490.38086,0.0011656076,0.00882805,22.281147,0.00087651116,Mar,1,1,1,2,Returning_Visitor,False,True
0.006631262,-0.59115654,-0.0038463692,-0.007474974,3.1029878,8.013256,0.20147245,0.20040227,-0.007086076,0.0005450348,Nov,3,2,1,11,Returning_Visitor,False,True
6.01591,355.06906,-0.0035790424,-0.6458569,21.105925,694.64844,-0.00022720579,0.012478591,75.03691,0.0018025847,Mar,2,2,6,10,New_Visitor,True,True
-0.013614289,0.9609217,-0.0029925923,1.3630847,3.9034352,156.11055,0.0002161317,0.06395888,127.96351,0.0024445343,Dec,2,10,1,2,Returning_Visitor,False,True
2.9773543,67.1788,-0.01001849,0.122144625,2.3782983,31.701244,0.038743928,0.053227663,0.19359465,-0.00053971756,Dec,1,1,3,20,New_Visitor,False,True
4.97154,174.25133,-0.0044068913,-0.45824248,26.34335,604.0252,-9.605322e-05,0.0025931213,62.748295,0.0023325856,Sep,1,1,1,3,New_Visitor,True,True
2.9569693,36.75804,-0.007577739,-0.10555084,23.16462,972.8024,-9.1184265e-05,0.018799838,57.53651,0.0015108386,Nov,2,2,2,3,Returning_Visitor,False,True
-0.022015922,1.712585,0.9976429,5.414505,10.074415,645.5035,0.00033304995,0.018585926,61.015232,-0.0005529945,Sep,1,1,7,2,Returning_Visitor,False,True
5.9219375,59.908478,1.9885303,242.89752,19.559216,664.3798,-0.00035003977,0.01217755,27.329126,0.99394745,May,2,2,1,2,Returning_Visitor,True,True
0.9607103,28.317974,-0.0068356018,-0.9431401,17.636627,500.7885,-0.00043693776,0.010877135,75.86115,0.0022523429,Aug,2,2,4,4,New_Visitor,False,True
2.022948,38.27323,-0.0070823054,0.0897197,3.0529504,46.654125,8.185361e-05,0.030642206,0.021552764,-0.00013697273,Nov,2,2,8,10,Returning_Visitor,False,True
13.239004,214.57553,0.9799836,9.652056,59.6743,1013.2313,-0.0002892654,0.0046501635,167.9384,-0.00054199743,Nov,2,2,4,10,Returning_Visitor,True,True
-0.02094137,0.49830577,-0.0012797933,-0.15285309,50.693245,1831.537,0.0011301186,0.017805273,2.5667286,0.001876189,Mar,2,4,7,3,Returning_Visitor,True,True
-0.010919444,0.2839732,-0.009762548,-0.5286465,8.059362,321.5957,0.00018410351,0.0285426,14.2793,-0.00019271797,Nov,1,2,4,8,New_Visitor,True,True
14.04179,261.65665,2.9678452,191.07318,51.317986,2925.666,0.013228639,0.029146047,8.176933,0.00053550926,Nov,4,2,7,1,Returning_Visitor,True,True
0.0092963055,1.0977015,1.0011061,24.32566,50.899754,3534.311,0.0019664743,0.023365011,1.5028117,0.7958348,May,1,1,3,1,Returning_Visitor,False,True
3.9926834,68.89278,1.9820312,843.51294,81.556755,2427.8977,0.00067116844,0.009470011,6.117774,0.00033780807,Mar,1,1,2,2,Returning_Visitor,False,True
-0.003799312,0.586883,-0.0032046656,-0.10891922,15.540512,332.21112,-0.00048554534,0.014338926,11.514863,0.0019350523,May,3,2,1,3,New_Visitor,False,True
6.0122275,108.42526,-0.0053512673,0.67771333,24.545975,513.3471,-0.00013767775,0.013111451,7.919347,0.0004164713,May,2,2,1,5,Returning_Visitor,True,True
2.9668074,619.4631,0.0003915805,-0.28732497,9.09614,316.2934,-0.0007429294,0.0072377203,34.718895,0.0021595124,Mar,2,2,9,3,New_Visitor,False,True
-0.03134691,0.47125956,1.0062895,-1.0663358,44.578835,1155.9703,0.00042338265,0.034319904,6.976901,-0.0003634145,Oct,2,2,5,1,Returning_Visitor,False,True
0.021377452,0.45070598,-0.008640133,0.19828598,31.548555,697.22546,0.008028885,0.03253661,3.069475,0.00013398999,Nov,2,4,3,10,Returning_Visitor,False,True
9.013249,330.7139,0.98060167,76.45219,32.379944,1917.9047,0.009946952,0.02575294,24.569614,0.0016886728,May,1,1,9,4,Returning_Visitor,True,True
2.0194643,87.53004,-0.0065428833,-0.4174443,48.434875,2236.379,0.0039988807,0.010196558,12.429631,0.0008670601,Dec,1,1,7,2,Returning_Visitor,False,True
0.015433915,2.1557384,3.0016847,483.95605,43.81528,2441.6758,2.9724476e-06,0.0016596939,49.07144,-2.3779799e-06,May,1,1,8,2,Returning_Visitor,True,True
13.168212,648.634,7.9871097,597.8501,159.16586,5344.2744,0.0019185782,0.0028782177,17.627754,0.00020098934,Mar,2,2,1,2,Returning_Visitor,True,True
0.00420583,0.47489116,0.99757403,270.07584,22.215965,2350.2224,-5.6082717e-05,0.020865958,0.018440448,0.00040934482,Dec,2,2,6,2,New_Visitor,False,True
5.506482,171.07294,0.7847703,4.044132,51.554455,1836.6445,0.0035444812,0.026030581,10.047261,0.0010782281,May,2,2,7,4,Returning_Visitor,False,True
0.94010603,24.973145,-0.009884559,-0.5653439,31.667482,1402.4005,0.00026016092,0.021694396,19.78969,0.0008749093,Sep,2,4,3,4,Returning_Visitor,False,True
3.9909973,191.15169,2.9915183,572.87225,30.557594,2338.4258,0.0002013721,0.011299434,34.650986,-0.00031009442,Dec,2,2,3,2,New_Visitor,False,True
2.0109851,25.60764,-0.004701994,0.016763613,12.748499,909.8995,-0.00019397806,0.013368581,19.874979,0.0016706946,May,3,2,4,1,Returning_Visitor,True,True
2.9333773,90.98396,-0.0034364085,-1.9214231,5.566872,151.83382,0.00057544897,0.02555558,-0.011606015,0.0013427424,Jul,2,2,8,6,New_Visitor,False,True
0.0059384177,2.1923213,-0.0042741518,0.8179912,30.358706,1453.6691,-0.00040907072,0.013345455,100.76759,0.0026841338,Nov,4,1,1,3,Returning_Visitor,False,True
-0.03996288,1.0868449,-0.00930538,-1.4583608,10.428976,625.52057,-0.000110287554,0.00011677929,34.205036,0.0013779426,June,2,2,6,1,New_Visitor,False,True
6.722319,235.63466,-0.009719156,-0.24931152,66.98247,2052.8838,0.0028129236,0.01606089,11.691186,-0.00029651946,Nov,2,2,3,2,Returning_Visitor,False,True
6.9636445,75.01678,-0.007042728,-0.602789,30.935408,474.28308,0.011187449,0.022655146,27.103453,0.00091058266,Mar,2,2,5,2,Returning_Visitor,True,True
8.451815,93.77869,1.4867656,142.50462,147.71037,6929.2314,0.0008022223,0.018846601,4.265893,-0.00019202879,Nov,2,2,2,2,Returning_Visitor,False,True
3.9717205,108.38371,-0.010124646,-0.648676,23.256504,404.05597,0.05105444,0.07265548,31.526342,-0.00017369291,Sep,1,1,3,2,Returning_Visitor,False,True
5.960114,161.60324,3.0029202,93.91018,47.045776,1673.7928,0.0011841428,0.008169222,5.274124,-0.0005036977,Mar,3,2,6,10,Returning_Visitor,False,True
5.026027,266.5314,-0.002989016,0.45837587,29.26072,739.777,0.005491908,0.026394373,33.23428,0.0020334672,Nov,4,1,8,1,Returning_Visitor,False,True
11.9664755,1285.86,0.0026967009,-1.390505,117.764885,3268.7263,-9.928305e-05,0.0050723804,22.975218,0.0018267991,Nov,3,2,8,3,Returning_Visitor,False,True
2.9639325,51.891125,-0.0026678066,-0.78273207,21.153147,1616.4023,-0.00089390797,0.005111172,49.75265,0.5961378,May,2,4,2,3,New_Visitor,False,True
-0.0013467001,-0.9232412,-0.0050005536,0.9291248,41.983814,1921.6991,0.022287903,0.04067454,0.038989745,0.0009513038,Nov,1,1,1,13,Returning_Visitor,True,True
5.962785,145.57137,6.0234776,198.1624,39.561275,1837.0903,0.0003680714,0.007260601,50.357613,-4.9499176e-05,Mar,2,5,3,2,Returning_Visitor,False,True
2.9786232,24.095848,-0.009665571,-0.50549513,10.4351635,324.8833,0.00049011933,0.013385466,11.679868,-0.0012276036,Jul,1,1,1,5,Returning_Visitor,False,True
1.0066463,113.13002,-0.0047170143,-0.3510266,36.72361,2034.3014,0.005666306,0.017398119,12.707148,0.0010883572,Mar,2,5,3,6,Returning_Visitor,False,True
1.9334073,44.07418,-0.009219848,-1.1099187,27.304564,586.6839,-4.165653e-05,0.005914855,66.8064,0.0011037128,Jul,2,2,5,2,New_Visitor,False,True
5.002584,188.31972,-0.004062317,-0.34932524,25.308865,1184.8369,-0.0004239663,0.0059411554,37.139053,0.60287493,May,2,10,1,4,Returning_Visitor,False,True
14.058621,367.4719,2.990897,401.61447,194.83008,8023.979,0.00042238613,0.0057974113,3.627876,0.00015601763,Nov,2,2,2,1,Returning_Visitor,True,True
-0.008767955,1.9863124,5.0213633,193.3201,8.056023,203.89723,0.034834564,0.054558095,0.21051426,-0.00082367036,Aug,1,1,3,4,Returning_Visitor,False,True
3.9964664,12.812682,0.99801016,16.69984,16.949574,470.21625,-0.00016678903,0.02777643,15.627851,-0.00021406761,Mar,2,2,4,10,Returning_Visitor,False,True
3.9758584,97.53314,3.9539573,211.673,16.996243,1228.6577,-0.0004928097,0.008957314,33.143402,0.0016768562,May,1,1,2,2,New_Visitor,False,True
1.9939964,55.893642,-0.0025422196,0.8564357,2.7867322,28.980175,0.00030128812,0.05955083,0.058543406,0.0022576961,Dec,1,2,9,3,Returning_Visitor,True,True
2.9700427,157.29727,0.9979636,13.772766,108.21711,2925.51,0.00046170843,0.013361505,7.8226204,0.0009717296,Dec,1,1,2,10,Returning_Visitor,False,True
2.9582489,93.453476,1.9726418,121.409874,55.335247,1958.0697,-0.0004568215,0.002254429,96.80573,0.0022934664,Mar,2,4,1,2,New_Visitor,True,True
10.002413,539.734,5.0231366,601.7032,214.46194,9208.288,0.0036823151,0.013830095,2.678145,-0.00091841194,Oct,2,2,1,2,Returning_Visitor,False,True
-0.010564201,-0.11216787,-0.007798515,-0.6290265,3.2463593,130.68782,0.00051252136,0.06586766,65.88078,0.0009873236,May,2,2,1,11,Returning_Visitor,False,True
8.100398,636.9556,-0.007103167,0.5292644,52.43079,3395.4612,0.00016136061,0.004013489,108.76407,-1.8195562e-05,Nov,2,2,3,13,Returning_Visitor,False,True
7.979159,203.89581,-0.004579566,-0.72952086,134.78099,3967.4116,0.00061222876,0.010138626,24.337051,0.00012533242,Nov,2,2,1,6,Returning_Visitor,False,True
1.9840066,13.251655,-0.0052820663,-0.35883147,53.320045,2026.7206,0.0037197208,0.036163192,7.9731727,0.0016158881,June,2,2,3,3,Returning_Visitor,False,True
4.476534,227.48819,1.0016667,164.07738,55.034313,2157.3523,0.01280673,0.020861786,12.8248625,0.4140699,May,3,2,4,4,Returning_Visitor,False,True
2.9765334,87.10452,0.0010176081,0.29721636,30.598476,2633.7,0.005818987,0.007380112,23.377329,0.0013420047,Dec,2,5,1,2,New_Visitor,True,True
13.014774,317.236,0.995643,0.56611055,60.467968,1208.8158,0.008256581,0.017371748,5.5305696,0.00015764558,May,2,2,3,13,Returning_Visitor,False,True
6.937589,190.80232,4.0048103,651.0389,31.384352,1211.7242,0.001057455,0.013725636,11.625373,-0.0003974264,Mar,2,2,7,2,Returning_Visitor,False,True
0.9855889,23.861656,0.984254,7.655527,98.17975,3561.6875,0.008172125,0.018811839,77.832115,0.00031735623,Nov,2,2,1,13,Returning_Visitor,True,True
-0.021163337,0.28871104,-0.0020025591,-0.57643706,2.4956326,45.5937,8.965064e-05,0.05054874,24.059294,0.0023022543,Aug,1,1,8,3,New_Visitor,False,True
1.9567447,29.31009,2.0213897,31.522379,162.15446,3775.6697,-1.1487266e-05,0.00363488,76.84495,-0.0009695602,Nov,2,2,1,8,New_Visitor,False,True
1.4819843,36.128822,-0.011398338,0.167612,14.8231945,586.5986,-7.107515e-05,0.009475454,108.94232,0.00041421378,May,2,2,3,2,Returning_Visitor,False,True
-0.022407167,1.341064,-0.013080262,-0.37906462,5.992167,143.97444,0.00048056772,0.007126174,56.48033,-0.0008565572,Sep,3,2,3,2,Returning_Visitor,True,True
9.833476,1551.5287,0.9797775,4.1331844,40.128307,1704.3931,0.004689596,0.015266457,14.550095,0.0019267636,Mar,1,1,1,2,Returning_Visitor,False,True
5.982823,175.08171,11.895642,404.60483,41.115078,2729.3708,0.013154967,0.03174666,8.633181,0.0023140002,Mar,2,2,2,2,Returning_Visitor,True,True
0.9188639,422.1172,2.9712157,76.6383,70.06829,3339.9575,0.0022388154,0.00685371,7.3221416,0.002161565,May,2,10,6,4,Returning_Visitor,False,True
1.9790246,42.567745,-0.008913241,-0.636015,9.671925,248.1119,0.016299285,0.024816003,0.10669681,0.0006139564,Nov,1,4,8,8,New_Visitor,True,True
1.9540777,70.043915,-0.006944142,-0.65889937,27.327475,205.01167,-0.00023268197,0.0069457395,79.09156,0.0020658735,Oct,2,2,1,3,New_Visitor,True,True
0.35155702,6.6062007,-0.0069626193,0.18779556,74.22968,3161.2034,0.0048397235,0.021475937,2.5943062,0.00034835064,Nov,2,2,3,1,Returning_Visitor,True,True
0.023260243,0.48158213,-0.0064721326,0.16019242,20.689077,698.367,0.029045746,0.043123387,0.053731166,0.0009869287,Nov,1,1,8,1,Returning_Visitor,True,True
6.974691,134.25554,3.9737074,47.649216,26.737642,1346.3368,-0.0006765578,0.01833928,17.98787,0.0012910018,Nov,3,2,9,2,New_Visitor,True,True
8.933775,193.16351,0.98770565,145.27031,104.9156,3035.6133,0.0012656763,0.012358445,19.276379,0.0001573103,Nov,3,2,2,2,Returning_Visitor,False,True
0.9614377,53.24218,-0.009366654,-0.745184,12.979652,431.35492,0.00025174362,0.0076247407,41.99873,0.0002885113,Aug,1,1,1,20,Returning_Visitor,True,True
7.468882,133.9356,1.4913207,161.7487,67.20099,5010.066,0.002255961,0.012845433,15.222994,-0.0010609416,Mar,2,2,3,8,Returning_Visitor,False,True
2.9911067,43.641144,-0.0024635415,0.50991625,54.35587,6072.628,0.003335403,0.010044205,70.514725,0.0020829018,Nov,2,6,1,3,Returning_Visitor,False,True
0.98403704,55.704807,-0.0068493704,-1.3855535,161.2246,3582.0928,0.0011291817,0.004463299,54.270237,0.0007968868,Nov,2,2,7,2,New_Visitor,False,True
3.9297447,51.300217,-0.008469246,-0.51730543,27.892376,1005.82025,0.0097214095,0.025848748,25.505585,0.60075355,May,2,2,1,3,Returning_Visitor,False,True
6.969962,70.56559,-0.001354776,-0.23133285,145.92429,5187.0156,0.0025438645,0.0085850945,1.2329853,0.0014570566,Aug,2,2,1,1,Returning_Visitor,False,True
-0.001543157,1.1066661,-0.008059405,-0.5885449,14.256981,727.7538,-7.5282864e-05,0.02312175,31.306026,0.0014031628,May,3,2,8,4,Returning_Visitor,False,True
5.9840217,546.0907,2.9655833,206.36713,68.67374,1182.6885,0.0009969283,0.003922249,19.418945,-0.00024199983,Nov,2,2,1,13,Returning_Visitor,True,True
5.973607,60.170723,3.011003,188.7999,12.108883,302.1692,-7.5502656e-05,0.038627777,2.247654,-0.0006516588,June,2,2,1,4,Returning_Visitor,False,True
2.0189312,89.99915,-0.014569543,-0.5162373,19.279179,947.1539,0.019466711,0.02966632,55.03357,-0.0012494562,Nov,3,2,3,8,Returning_Visitor,False,True
1.9609689,192.75763,0.075030036,11.685047,19.07248,1115.6501,0.0019195393,0.02342286,19.517357,0.0015422018,May,2,2,3,3,Returning_Visitor,False,True
4.0155816,89.103096,1.9872044,544.3824,37.010643,2272.233,-0.00063612347,0.0050718663,14.311391,-3.6173813e-05,Nov,2,2,9,2,New_Visitor,False,True
4.9906497,174.29169,3.0031185,248.68214,23.512302,703.44464,0.013843267,0.019631762,9.192038,3.3306576e-05,Oct,1,1,4,3,Returning_Visitor,False,True
0.016243346,0.32525584,-0.009081207,-0.5645085,24.027468,1016.34845,0.0082087545,0.016881578,31.813873,0.0006767313,Dec,3,2,8,2,Returning_Visitor,False,True
6.003351,85.75787,-0.004005037,1.0528392,12.105373,910.11676,-0.00030454653,0.02671178,23.788227,0.0018272015,Dec,4,5,1,1,Returning_Visitor,False,True
0.94234014,4.744247,0.9798028,288.806,34.82665,1937.8329,-0.00049992313,0.01593465,11.102847,0.19497903,May,2,10,6,3,Returning_Visitor,False,True
2.3392723,86.60497,0.0050437828,10.187742,17.661762,924.18494,-4.107166e-05,0.013785209,16.235344,0.0014889302,Mar,2,2,1,2,Returning_Visitor,True,True
1.9969938,39.299522,0.263656,66.50922,66.02016,2717.9014,-0.00036246175,0.004970244,47.194366,0.0013216498,Mar,2,2,4,2,New_Visitor,False,True
8.0538645,661.2556,0.9934915,8.986151,38.84091,1397.6836,-0.00049657223,0.008968565,63.22423,0.0017445596,May,2,5,3,2,New_Visitor,False,True
2.95968,31.864632,-0.0066142897,-0.88070875,80.9341,1188.2053,0.00036478383,0.0059071174,0.063199244,0.0014981689,Sep,2,2,2,1,Returning_Visitor,True,True
6.01429,123.46608,-0.006218217,1.0359095,5.525147,109.57686,-0.00029215994,0.02250357,0.02005168,0.0005846123,Nov,1,1,2,5,New_Visitor,False,True
2.984994,89.783485,-0.008972786,0.47998995,57.912792,1741.3951,4.027564e-05,0.0053382767,201.74689,0.00074692693,Nov,2,2,1,4,Returning_Visitor,True,True
-0.039019935,-0.11107687,-0.006907604,-0.6938458,10.684505,248.75117,-0.00025365906,0.008829779,7.7613287,0.0015609773,Oct,2,2,1,3,New_Visitor,False,True
-0.005710714,0.9550318,-0.00804802,-1.2347509,57.916264,1579.3236,0.010720147,0.021855794,0.42546484,0.00020449111,Jul,3,2,8,4,Returning_Visitor,False,True
2.9469836,68.228165,-0.008951865,-0.93124586,45.87739,992.6934,0.0040963325,0.012019617,21.913803,0.00075812516,Sep,2,2,8,4,Returning_Visitor,False,True
7.0031986,114.101875,0.986335,18.159683,25.29368,878.5124,-0.0006278403,0.0120344935,54.455257,0.0021158818,May,2,5,2,4,Returning_Visitor,True,True
3.9959018,84.71554,-0.005905233,-0.038496092,1.7236257,16.50227,-0.00022500042,0.03300155,0.014946662,0.0011374751,Sep,2,4,1,5,New_Visitor,False,True
9.97701,163.68283,0.9592416,293.58197,79.812805,1994.7893,0.0018930618,0.02441579,19.32192,0.0008160087,Nov,2,1,2,2,Returning_Visitor,True,True
-0.02334439,1.7981334,-0.0072440724,-1.3343297,25.28578,417.8136,-4.3625347e-05,0.01914251,3.7805607,1.0038878,May,2,2,9,2,Returning_Visitor,True,True
3.9591396,61.87662,3.023606,164.824,159.62646,5621.462,0.002902161,0.01836057,2.3112288,-0.00063728663,Dec,2,2,3,1,Returning_Visitor,False,True
5.9793773,72.75357,-0.007817529,-0.5327664,72.95548,2317.5542,0.0003551223,0.012570505,1.8796682,-0.00015124804,Nov,2,2,7,11,Returning_Visitor,False,True
-0.016894214,2.0761867,3.0277438,111.73774,21.608984,560.48175,0.00037003463,0.016050257,2.161089,-0.0017727477,Sep,1,1,3,1,Returning_Visitor,False,True
5.0214844,86.412,-0.0077787857,-0.19660385,30.204689,2189.6824,-0.0003542121,0.0073173856,45.379147,0.0014521728,Nov,2,2,2,8,New_Visitor,True,True
0.0037001444,0.40862224,-0.0064278464,0.1250972,21.01394,950.9529,0.009671883,0.020258518,55.84327,0.00096734863,May,2,2,1,5,New_Visitor,True,True
-0.0076862504,1.4621425,-0.008258186,-0.49740797,6.621083,487.12823,0.00012000058,0.02026155,77.822556,0.0007793705,Mar,1,2,9,2,Returning_Visitor,True,True
3.9927006,143.53798,-0.006942294,0.26598924,56.387943,1896.9592,0.010841465,0.03769629,4.7675986,0.00045873472,Nov,2,5,3,11,Returning_Visitor,False,True
3.987599,103.464226,0.95822227,27.073679,26.713873,2598.3687,6.0535633e-05,0.002800415,47.019543,0.0009879532,Nov,2,6,1,2,Returning_Visitor,True,True
1.0194498,-0.29257253,-0.005706213,-0.37774855,15.863044,1283.5421,0.022465533,0.033523276,13.560866,0.00095514086,Mar,3,2,4,2,Returning_Visitor,False,True
5.983091,72.79907,-0.006887875,0.45208544,101.51077,3798.4956,0.003831446,0.02412257,2.6905816,0.00020645061,Nov,1,1,3,1,Returning_Visitor,False,True
5.006619,161.29836,4.9345846,108.22038,43.94845,2987.0508,0.016055185,0.036828265,5.4832478,0.00048569092,Nov,1,1,4,1,Returning_Visitor,False,True
0.028385766,0.9409632,-0.010102235,0.50791353,7.4861493,294.65558,8.9345165e-05,0.028285734,129.2155,0.0001832346,Dec,2,2,4,10,Returning_Visitor,False,True
8.964535,156.98207,5.045318,157.19208,82.483795,2714.0708,-0.0001942109,0.009090758,0.020269595,2.410511e-05,Nov,2,4,1,2,Returning_Visitor,False,True
0.9632262,14.622443,-0.005025826,-0.5723668,18.654415,334.0531,-7.699091e-05,0.005382872,0.03373786,0.0018319624,Aug,2,2,7,3,Returning_Visitor,False,True
4.997824,730.2957,-0.0042997818,-0.9503766,23.37143,882.3672,-0.00025456803,0.0015948478,59.721222,0.0014689552,May,1,1,1,2,Returning_Visitor,False,True
6.003931,337.49557,-0.0044300775,-0.44616514,12.03672,536.55475,-0.00039447876,0.0122950645,19.87015,0.0017596284,Nov,2,4,5,2,New_Visitor,False,True
5.497639,109.18152,-0.0041947584,-0.344122,58.525497,1302.4684,0.0047995034,0.021856807,4.2829866,0.0015727343,Mar,2,2,2,2,Returning_Visitor,False,True
0.39648294,4.0768733,-0.0074770073,-0.47530562,35.189724,1752.8271,0.0034313665,0.022718284,5.0271525,0.0004779386,Nov,2,2,6,2,Returning_Visitor,False,True
14.985341,177.56824,0.99652475,34.837826,94.97169,3869.6785,0.0017052736,0.01777569,0.055436336,-0.0011175139,Nov,3,2,3,10,Returning_Visitor,True,True
3.0046847,103.270546,-0.007207952,0.7959232,1.7583566,29.842113,-0.00023897398,0.039358247,0.032162867,0.00011825437,Nov,3,2,1,5,New_Visitor,False,True
2.9613626,196.43542,1.997224,291.805,93.045265,6406.6465,0.00017593022,0.026471151,0.09010097,0.00033157194,Sep,2,2,9,2,Returning_Visitor,False,True
11.020157,193.84816,-0.0031455974,0.29431337,183.8174,6930.402,0.0032316202,0.009086161,14.973632,-0.00018168366,Nov,1,1,3,2,Returning_Visitor,False,True
3.962204,74.391014,-0.008189522,-0.8073483,7.264441,97.77498,3.907051e-05,0.0109165,0.054790698,0.0009523953,Sep,2,4,6,2,Returning_Visitor,False,True
2.975418,277.14435,0.97829735,30.062319,30.272745,1106.2518,0.00025502002,0.018012833,35.80625,0.000981527,Mar,3,2,3,1,Returning_Visitor,True,True
0.98670304,4.583366,-0.009781919,-0.0054226667,10.037727,482.66412,-0.00023279745,0.007078572,8.029443,0.00076738995,Dec,2,5,3,8,New_Visitor,True,True
-0.0015212225,0.82902473,-0.009103559,-0.044134215,12.376198,661.44446,-0.0001743197,0.020222032,41.42836,0.0008165042,Dec,2,2,9,2,Returning_Visitor,False,True
3.985024,94.140144,3.0047827,79.57622,76.31594,3753.9248,0.0023143978,0.010558429,14.728222,0.0003016951,Nov,3,2,3,3,Returning_Visitor,False,True
1.9820192,50.973824,-0.010889314,-0.32588774,45.097885,1510.3217,0.00052947516,0.00445773,117.708145,-0.000119873635,Sep,2,2,3,2,Returning_Visitor,True,True
1.0036213,6.7324367,-0.005946539,-0.04923828,15.881211,2216.3174,-2.159398e-05,0.021844193,0.040806495,0.0004000465,Sep,2,2,1,5,New_Visitor,False,True
1.2226973,49.236015,4.986436,85.2277,325.10587,10601.916,0.006656002,0.02210844,2.30694,0.00021766374,Nov,2,2,1,2,Returning_Visitor,False,True
0.011548169,1.744369,4.031292,12.73522,8.168724,293.60095,0.016389593,0.047567528,0.12124368,-0.001077996,Nov,3,2,7,2,Returning_Visitor,False,True
-0.0075393845,-0.044212855,-0.004112683,-0.007841185,54.353905,4723.998,0.0051730066,0.029790986,8.414689,0.0013666475,Oct,2,2,8,1,Returning_Visitor,True,True
4.975737,133.36871,0.9901559,8.158737,168.06241,5118.792,0.0003684253,0.0046947775,65.065704,0.0014165143,Nov,4,2,1,1,Returning_Visitor,True,True
5.974455,151.53506,-0.008574627,-0.38315016,17.72118,452.6485,0.028165687,0.051970165,13.873563,-0.00018863133,Nov,1,8,3,11,Returning_Visitor,False,True
5.000841,155.886,-0.008871101,-0.1594754,22.417473,747.2124,0.00024880996,0.0072832173,32.024036,-0.00021000704,Sep,1,1,3,5,New_Visitor,True,True
-0.0069612195,0.27579448,-0.0068659405,-0.041399077,7.9509625,159.25777,-0.00051286106,0.00044071564,38.4115,0.0013832363,Aug,2,5,1,5,New_Visitor,False,True
-0.023480527,0.84097236,-0.009162329,-1.038397,26.781878,435.4546,0.0073943962,0.02254614,38.260933,0.001061021,June,1,1,2,2,Returning_Visitor,False,True
0.9578216,-0.063385524,0.99792683,62.018223,45.936325,1040.6466,0.02150639,0.039297163,13.046827,7.20943e-05,Mar,2,2,6,1,Returning_Visitor,False,True
2.9601429,112.908295,-0.01077833,-0.30270582,17.020782,240.91402,0.00028487263,0.032845743,94.17674,0.00079122436,Oct,1,1,2,4,Returning_Visitor,False,True
-0.0061255624,0.66592354,-0.0039782147,0.03510849,109.277405,4129.069,0.008027479,0.021417467,5.104209,0.00077694905,Nov,2,2,7,2,Returning_Visitor,True,True
9.009011,188.7765,0.0009872097,0.6922397,197.01752,7738.571,0.007760543,0.022355733,2.6224627,0.000439922,Nov,3,2,4,13,Returning_Visitor,False,True
0.9782609,12.89022,-0.008371972,-1.0770932,15.736665,551.094,0.025887646,0.0273925,4.056098,0.0004985283,Jul,3,2,1,1,Returning_Visitor,False,True
0.01302994,2.2660441,-0.0011493188,-0.9596005,6.4695954,892.72375,-0.00079721434,0.01703052,14.984745,0.38881502,May,4,1,2,2,New_Visitor,False,True
8.974135,248.95929,-0.0025016288,-0.2690106,66.36742,2499.644,0.015500909,0.04094889,14.302661,0.0013123663,May,2,2,6,6,Returning_Visitor,False,True
1.9728985,62.14577,1.0087821,19.780619,97.07174,5562.7603,0.0044070645,0.017025182,4.854027,0.00143865,May,2,7,1,6,Returning_Visitor,False,True
9.01261,548.2994,-0.0024821977,0.30431932,28.375319,1591.8843,0.009703783,0.029973429,3.268946,0.000602747,Mar,2,2,7,10,Returning_Visitor,False,True
0.969116,25.404636,-0.009489976,-0.32400328,12.65237,226.36574,-0.00048025357,7.1978946e-05,59.588566,0.0019694928,Aug,2,5,3,4,New_Visitor,False,True
1.994825,77.28485,-0.007227979,0.98230165,33.03653,1229.2966,-0.00029516252,0.010404251,213.317,0.0014275933,May,3,2,4,2,Returning_Visitor,False,True
-0.00015389199,0.27804515,-0.0054793577,-0.01696594,8.490614,1065.6603,0.00064306485,0.028490437,8.736403,0.0005748185,Nov,1,8,4,11,Returning_Visitor,True,True
5.956666,189.9736,5.918686,605.99,47.5265,2985.5388,0.00029236233,0.0051821796,30.859896,0.0004461954,Mar,2,2,1,8,New_Visitor,True,True
0.96269107,169.0318,-0.005895994,-0.2844754,23.861687,1423.6875,0.0082257325,0.006281453,0.07862588,0.0016970808,Aug,3,2,3,4,Returning_Visitor,True,True
2.9325957,71.82125,0.8575147,7.75387,82.905205,2130.5325,0.0024514196,0.0172157,0.020420752,0.00022339696,Dec,2,2,1,2,Returning_Visitor,False,True
0.9598664,9.569022,2.9971201,64.18775,27.942287,2207.442,0.00263321,0.028623119,36.143097,-0.00013722232,Nov,4,2,1,11,Returning_Visitor,False,True
3.9958413,71.17094,0.9964662,138.31079,58.20969,3026.6426,-0.00042797098,0.009612328,-0.013243474,0.0012005331,Nov,1,1,2,2,New_Visitor,False,True
0.9837574,183.21783,-0.00791838,-0.71077543,27.996788,569.92944,0.0001792122,0.004031441,0.0511901,0.0001633341,Dec,3,2,6,10,Returning_Visitor,False,True
-0.030018441,1.9325023,-0.008918308,-0.65913206,15.779983,952.43866,-0.0006148092,0.014104041,21.289196,0.8068727,May,2,2,9,4,New_Visitor,False,True
4.0174723,61.48423,0.0016470033,0.90630907,15.64027,496.03784,-0.00060889905,0.008855364,72.27229,0.0030454907,May,4,1,2,3,Returning_Visitor,True,True
0.00648535,1.4971995,-0.0038310508,-0.15944107,9.733025,716.663,-0.00034056263,0.022576135,97.43818,0.0020227905,May,1,1,4,2,New_Visitor,True,True
0.97502816,25.038094,-0.008552216,0.0021495074,46.24246,1522.063,-0.00019326653,0.0057763783,108.282715,0.0018462153,May,2,2,2,4,Returning_Visitor,False,True
2.9488428,25.085575,-0.0075751166,-0.8848286,19.976288,358.75616,7.316064e-05,0.027145863,0.03994342,0.001048694,Jul,2,4,1,4,Returning_Visitor,False,True
-0.008446567,0.38600108,-0.0027631144,0.4011783,7.79234,461.9986,-8.354928e-05,0.02863037,14.317098,0.002224623,Nov,1,1,2,3,New_Visitor,True,True
-0.0070699384,2.3537974,-0.0023640613,-0.22082336,8.8283615,644.6878,-0.00014733929,0.02512536,81.23481,0.0027028497,Mar,1,1,2,9,Returning_Visitor,True,True
5.2171984,82.89803,2.2001926e-05,0.11647217,185.16626,6216.15,0.0016528476,0.01086242,9.065109,0.0014074283,Nov,2,2,1,3,Returning_Visitor,False,True
2.9583964,63.922283,-0.007745407,-0.7100888,5.4617333,60.50825,0.00026754072,0.022277387,45.649918,0.0015120493,Sep,2,2,1,3,Returning_Visitor,False,True
0.98007894,6.655723,2.002101,134.86052,21.096943,492.2199,0.007895163,0.031649113,0.024458133,0.0010977151,Nov,2,10,1,1,Returning_Visitor,False,True
10.038564,794.6866,-0.002042673,0.14886658,54.27601,2742.561,0.0024543775,0.018454622,0.06560489,0.00023907298,Nov,2,2,1,10,Returning_Visitor,False,True
0.033474095,1.1183238,-0.010376178,0.2841701,48.305058,2792.7568,-7.233616e-05,0.0037968222,80.44445,-0.0003119347,Nov,2,2,1,10,Returning_Visitor,False,True
4.0032244,37.069378,-0.0038099508,0.11333649,23.170944,2376.946,-0.00046350094,0.010230153,58.1434,0.0021997343,Dec,4,2,1,1,New_Visitor,False,True
0.98328507,75.68384,-0.008746348,-0.9309979,19.96747,1167.2468,0.000312518,0.002321339,21.138681,0.00030464926,Nov,3,2,8,11,Returning_Visitor,False,True
2.9544003,54.227974,-0.0053709964,-1.0552274,56.158287,2135.541,0.011297305,0.025345415,13.2139015,0.0013620058,May,2,2,1,14,Returning_Visitor,False,True
4.0051003,130.99799,-0.007782958,-0.024301603,29.968523,538.3912,0.0055300887,0.026139067,6.652158,0.0012332039,Nov,2,2,2,4,Returning_Visitor,False,True
7.9769573,176.1743,1.9813755,154.32307,27.48672,891.156,0.006649194,0.020720204,8.292227,0.0012932556,May,1,1,2,2,Returning_Visitor,True,True
3.9928005,63.44842,-0.0072077136,-0.3989964,53.45726,1852.505,0.0072377915,0.02357669,46.464066,0.0014490398,Dec,1,1,2,2,Returning_Visitor,False,True
-0.0034912752,0.83528847,-0.011256479,-0.24487503,3.793305,300.9402,0.00036707675,0.00019205622,29.840742,-2.8645001e-05,Nov,3,6,3,2,Returning_Visitor,True,True
2.9855235,66.21867,2.0225747,14.85508,8.711981,287.34802,0.00020372089,0.041751403,15.783041,-0.0018321438,Nov,3,2,1,20,Returning_Visitor,False,True
0.9654089,24.354305,-0.007638059,-0.9438229,5.850039,123.58589,-3.3222474e-05,0.028715298,38.51912,0.0016877936,Jul,2,5,1,4,New_Visitor,False,True
1.9845499,91.57654,1.9942222,679.0531,65.2463,2065.302,0.0005585231,0.0102574965,47.653442,-0.0024092358,Oct,2,2,3,2,Returning_Visitor,False,True
0.9634484,63.335167,-0.009515308,-0.7422314,3.279694,117.4482,-0.00014762428,0.00046550372,42.175316,0.00096728903,Oct,1,1,3,3,New_Visitor,False,True
0.9685198,21.592869,1.9908599,271.05695,29.870176,977.9187,0.0057152375,0.007965258,11.263646,0.00022253269,May,2,2,4,1,Returning_Visitor,True,True
4.9821515,104.179756,2.0047696,15.517565,143.41159,6222.6562,0.00019545075,0.006503514,15.67752,0.00062919286,May,2,2,3,2,Returning_Visitor,True,True
11.10662,524.76465,2.998284,258.16818,195.99663,6279.412,0.0057620904,0.011556747,3.114001,0.0006133306,Nov,2,10,1,2,Returning_Visitor,False,True
0.94029367,55.79598,1.9899918,17.064978,8.997826,518.356,-0.00031696292,0.039904106,17.297821,0.0011120612,May,2,4,3,4,Returning_Visitor,False,True
5.004804,100.216934,-0.0051798443,-0.12259872,56.247147,1437.2678,0.00012621809,0.0026628699,69.53254,0.0017134944,Mar,2,2,3,3,Returning_Visitor,True,True
-0.0026594328,1.1350245,-0.0041397433,-0.01451309,50.377247,1140.8252,0.011834407,0.026348293,3.7861996,0.0019073362,May,4,1,1,4,Returning_Visitor,False,True
2.8627546,121.66595,-0.010424219,-0.9678593,21.483326,901.18445,0.00021877293,0.005049738,46.890434,0.0004429991,Jul,2,2,1,1,Returning_Visitor,False,True
2.9685724,67.92631,0.9749983,102.3021,10.741959,818.09595,0.00031145444,0.015595184,35.598747,-0.0010614557,Mar,2,2,3,7,Returning_Visitor,True,True
2.931736,131.51817,1.0004495,20.251488,7.6826787,289.32178,-0.00024743038,0.018572845,0.028819762,0.0013796041,June,2,2,5,2,New_Visitor,False,True
1.9813358,96.713715,-0.0019723992,-0.5902806,83.34766,4100.5215,0.00057491625,0.008014335,19.807413,0.0017602245,Sep,2,2,4,3,Returning_Visitor,False,True
4.0067534,132.70601,-0.0037057619,0.12452881,25.191692,778.6302,-0.0001818392,0.027415061,4.522275,0.0019413853,May,3,2,2,2,Returning_Visitor,False,True
8.977008,908.5986,3.9762414,84.419716,131.03088,4118.929,0.013228766,0.022791188,9.183155,-0.00041455156,Nov,3,2,3,2,Returning_Visitor,True,True
6.9496193,153.5421,-0.009837888,-0.11675842,19.498444,494.0528,2.1449887e-05,0.018829927,0.079532824,5.034978e-05,Dec,1,1,1,8,Returning_Visitor,False,True
-0.021316163,1.7328563,-0.008167826,-0.7887364,13.357349,828.4703,-9.3894414e-05,6.124266e-05,50.862747,0.0013774546,Aug,2,2,8,4,Returning_Visitor,False,True
12.04708,200.70209,0.0009557683,0.5175037,173.81836,4894.3003,0.0066145607,0.014766772,0.015509807,0.0006158712,Nov,2,2,4,2,Returning_Visitor,True,True
0.9416014,58.60589,-0.0132578835,-1.0815297,31.994574,525.0035,0.00048321267,0.010740566,87.52495,-0.00085374835,Dec,1,2,1,8,Returning_Visitor,True,True
3.9902444,28.061802,-0.005388282,-0.35948378,11.825546,235.51338,0.00011584502,0.038479894,7.948232,0.0012112322,June,3,2,4,2,Returning_Visitor,True,True
5.997226,61.508186,-0.0044843177,0.08489792,21.307438,567.0369,-0.00049267,0.007540318,-0.045982637,0.0012969846,Dec,2,2,4,1,New_Visitor,False,True
12.070313,1095.3774,1.0254289,-0.708273,115.133675,6396.1113,0.016466385,0.030230558,0.24277182,0.0008654433,Nov,1,1,1,3,Returning_Visitor,False,True
-0.016895883,1.6212916,-0.012608729,-0.35366255,35.60505,877.5384,-0.0005380366,0.0066970726,81.008644,0.00074262795,Nov,2,4,1,8,New_Visitor,False,True
-0.017876737,0.96498054,-0.008962832,-1.1242315,30.688332,611.9246,-3.196705e-05,0.0057464195,60.544037,0.0008722271,Sep,1,1,4,2,New_Visitor,False,True
21.905233,471.96445,2.9631543,176.14815,90.37271,2348.591,0.014250744,0.019848313,8.021334,-0.00065443787,Nov,3,2,2,13,Returning_Visitor,False,True
4.9615006,184.13174,1.9236826,127.14154,35.923996,1096.7134,0.0014927048,0.016091745,10.33127,-0.0005074528,Nov,2,2,4,2,Returning_Visitor,False,True
5.9445095,115.91181,8.929716,348.9512,117.933426,6314.816,0.00374086,0.012326359,32.975323,0.000575124,Dec,3,2,1,2,Returning_Visitor,True,True
9.972108,245.97708,-0.0035686712,0.21778671,27.763557,1181.9568,0.017862886,0.038193587,7.972688,0.00073509914,Dec,2,2,4,6,Returning_Visitor,False,True
2.0120702,47.343987,0.995231,67.17548,90.96159,3297.0864,0.013157468,0.02132841,0.06643077,0.00037465492,Nov,3,2,1,13,Returning_Visitor,True,True
5.9650755,280.3909,1.9861252,70.55612,40.91769,1409.26,0.00014144149,0.009964659,3.276293,3.0385922e-06,Dec,2,2,2,7,Returning_Visitor,False,True
5.958583,133.58994,0.99967873,398.11215,128.71448,4654.0586,0.0153409,0.02508756,5.801558,0.00065657747,Nov,3,2,1,3,Returning_Visitor,False,True
2.856162,132.7648,-0.008241497,-0.58414274,8.081888,345.34088,-0.00015158798,0.009136214,4.8292327,0.00072075304,June,2,2,1,2,Returning_Visitor,False,True
8.953043,183.26195,1.9965001,30.88303,52.264248,2207.9883,0.00825915,0.010265729,1.0629084,0.0010776954,Mar,4,2,1,2,Returning_Visitor,False,True
0.9887384,24.661953,-0.009658657,-0.14411362,4.242232,107.6313,8.715097e-05,0.039529655,36.791195,0.00016225004,Oct,2,2,2,5,New_Visitor,False,True
1.01585,0.9546198,-0.0044244747,0.0078562945,106.97179,4590.861,0.0035881044,0.013605547,0.05172702,0.00043482953,Nov,1,1,2,10,Returning_Visitor,False,True
2.9847944,516.93353,-0.00062694366,0.43155473,29.379961,3217.765,0.0027414632,0.03272518,16.355122,0.0016026484,May,1,1,1,1,Returning_Visitor,False,True
0.014508851,1.0292506,-0.0041995267,0.3609485,47.83536,2494.0564,0.01671883,0.03174247,0.012144767,0.0019213954,Dec,2,4,9,1,Returning_Visitor,False,True
6.007078,109.94609,-0.005121432,0.7614803,7.3880944,95.560745,0.0062169074,0.051279526,-0.01455716,0.0009094651,Dec,2,5,7,2,Returning_Visitor,False,True
2.9694905,56.477234,-0.0060815434,-0.56295973,50.498726,1930.1373,0.0040685884,0.012906988,109.49299,0.0012323583,May,2,2,7,6,Returning_Visitor,True,True
2.0023954,2.6236873,-0.009121083,-0.55019957,9.854502,269.69208,-0.0004511311,0.016991224,33.649887,0.0011279756,Mar,2,5,1,8,New_Visitor,False,True
1.0235461,12.853141,-0.008588694,0.75454134,14.391823,992.44324,0.013767378,0.028373858,68.383286,0.0019364307,Dec,2,5,9,1,Returning_Visitor,False,True
7.998352,246.68626,-0.0035891156,-0.009740904,162.87488,4610.262,0.008210115,0.021262713,5.0681863,0.000742654,Nov,2,4,3,2,Returning_Visitor,False,True
-0.013749711,1.0558009,-0.0005837601,0.20062439,17.699003,1110.9427,-0.0002501573,0.014732632,57.50321,0.0021704126,Aug,2,10,4,1,Returning_Visitor,False,True
1.9858902,573.22424,-0.0058971266,-1.1689664,11.033421,552.7416,-1.5782527e-05,0.015607866,34.22421,0.39470512,May,1,1,8,2,Returning_Visitor,False,True
1.9867389,45.766296,0.99098235,41.376762,57.16151,850.44226,-0.0001584183,0.0077246083,2.336439,0.0010022955,Mar,2,4,3,1,Returning_Visitor,True,True
2.959469,376.39783,4.9966216,105.22826,83.87735,2112.7065,0.004024699,0.007655955,43.967762,-0.00041676065,Nov,1,1,1,2,Returning_Visitor,False,True
1.4391663,32.356003,-0.005050204,-0.62390715,27.877455,871.49207,-0.00042743827,0.007386255,36.087776,0.0018682542,May,3,2,3,2,New_Visitor,True,True
0.0038682295,0.60794014,-0.007619999,-0.58390623,12.508579,532.25446,0.036017746,0.02048655,47.867123,0.001382264,Nov,4,2,4,2,New_Visitor,False,True
-0.0033956694,0.77610725,-0.0061649303,0.009004518,69.31132,2747.0017,-0.00021141428,0.0043011485,49.78744,0.0017865399,May,4,5,3,2,Returning_Visitor,False,True
9.913551,204.17422,0.99397475,172.09912,137.38007,3994.8647,0.0044109947,0.015084493,18.363064,-0.00035138553,Dec,2,2,1,6,Returning_Visitor,False,True
6.8395014,75.18402,5.147555,117.142265,85.50246,1332.0059,0.0033673213,0.008143484,30.719656,0.597429,May,2,2,3,2,Returning_Visitor,False,True
8.009151,104.12041,-0.00580164,0.29884905,19.579975,2084.2856,-0.00035584005,0.009660355,24.439884,0.000997393,Nov,2,2,3,2,New_Visitor,True,True
5.0511756,168.3179,-0.0043684463,1.3075732,15.384403,2045.9819,0.007948615,0.038585797,0.04045459,0.0009000736,Nov,3,2,7,13,Returning_Visitor,False,True
0.486184,2.99192,-0.013306819,-1.167616,26.66,506.27704,0.024610026,0.029940324,20.151283,0.80077326,May,2,2,3,4,Returning_Visitor,False,True
-0.0022717642,0.95808357,-0.0047400217,-1.0715734,22.59198,484.65735,-0.00017904896,0.009318392,23.47181,0.001918024,Dec,4,2,8,2,New_Visitor,False,True
0.9673772,80.73397,-0.0075072865,-0.74128157,15.104782,928.35675,0.00041915072,0.014124294,56.24747,0.0011401946,Nov,2,2,2,11,Returning_Visitor,True,True
8.011458,233.7013,-0.0034594755,0.8611583,20.39092,406.98303,0.009212221,0.01688119,17.633667,0.0019920084,May,3,2,3,3,Returning_Visitor,True,True
1.9794809,564.0827,1.9830396,31.08859,93.94079,4823.7563,0.00765104,0.025706904,50.030056,0.00011198471,Nov,1,1,5,2,Returning_Visitor,False,True
-0.10261666,4.1282268,-0.010081969,-0.46209532,29.044004,1107.5535,0.014216435,0.008550233,228.0429,-0.00042559332,Dec,8,13,9,20,Other,False,True
5.974669,188.45216,-0.004699252,-0.4645825,21.18987,702.53314,-3.629025e-05,0.01888776,-0.0053747073,0.001383322,Dec,1,2,8,2,New_Visitor,False,True
8.976344,345.87302,-0.0051334123,0.53493303,22.585562,1887.8529,-4.0609724e-05,0.012949648,13.299673,0.0011198508,Dec,2,2,7,1,Returning_Visitor,False,True
0.34619665,25.411125,-0.007999264,-0.5005589,12.233786,415.3468,-0.0003505725,0.013478047,45.752052,0.0014504628,Nov,1,1,1,2,New_Visitor,False,True
5.02374,150.92769,-0.009939276,-0.54977995,11.529171,285.78497,0.032168474,0.05791797,14.035005,-0.00085218373,Nov,2,2,6,20,Returning_Visitor,False,True
0.98164403,43.831276,0.9952401,12.037323,104.27659,4085.4414,0.0036617646,0.009879957,142.69928,-0.00018871328,Nov,2,2,1,2,Returning_Visitor,False,True
2.9830942,25.134808,-0.0062095146,-0.40258223,18.947464,565.43286,0.0091020875,0.018584764,30.479425,0.0019950483,Mar,2,2,2,1,Returning_Visitor,True,True
12.063754,742.3074,1.0016041,15.375387,21.609884,1328.1265,0.008745283,0.024537474,77.366806,-6.367763e-05,Mar,2,2,1,8,Returning_Visitor,False,True
1.9698237,49.818005,-0.006396971,-0.97279555,40.97127,875.2048,0.0050570494,0.018696316,19.920256,0.0018904271,May,2,4,6,4,Returning_Visitor,False,True
7.9615216,204.37186,0.9782948,-0.36583906,41.724148,1062.8783,3.868308e-05,0.0047544604,37.336567,-0.00025328,Nov,2,2,5,2,Returning_Visitor,False,True
3.9843655,95.925285,-0.0108101,-0.59678465,15.049147,274.11804,0.010505685,0.020793658,69.6681,0.00027818108,Oct,2,2,1,4,Returning_Visitor,True,True
4.0001507,48.085144,-0.009468399,-0.116575316,82.01699,2868.7124,-4.745122e-05,0.0068604117,27.678246,0.0007182608,Nov,2,4,3,1,Returning_Visitor,False,True
2.0151315,24.3348,-0.006989799,-0.0963269,26.308874,792.7912,0.011366508,0.034334097,12.645905,0.0009865375,Mar,1,1,3,1,Returning_Visitor,True,True
5.0177736,39.442772,-0.008283101,0.12338059,13.179142,138.95174,-0.0006197005,0.011538464,-0.006157674,0.0008944335,Nov,2,4,3,2,New_Visitor,False,True
4.013749,55.828197,0.004838713,0.47970766,2.217297,20.39497,-0.00050865894,0.028341945,-0.11209611,0.0013431596,Dec,2,10,4,2,New_Visitor,False,True
0.99617326,8.4035635,-0.008026741,-0.21193512,11.022961,446.03357,-0.00044230404,0.01992076,79.260056,0.0024039324,May,2,4,1,1,Returning_Visitor,False,True
2.9652781,185.7393,0.0002770204,-0.23306854,107.3305,4607.944,0.0014241744,0.002919587,3.1626136,0.0016772511,Aug,2,2,9,2,Returning_Visitor,False,True
2.9587858,8.168197,-0.0065868716,-0.76601607,2.2115102,16.33308,-2.9413364e-05,0.03340472,0.025349341,0.0011877815,Sep,2,2,1,2,New_Visitor,False,True
0.0025304628,3.7721095,0.9978084,161.88324,11.905329,821.14484,0.015455063,0.020353906,34.264313,0.8002098,May,3,2,8,4,Returning_Visitor,False,True
6.9575615,70.90846,-0.0074106078,-0.48509794,33.37027,1058.2233,-1.5516169e-05,0.010326183,24.52696,0.0005084823,Nov,2,2,9,11,Returning_Visitor,True,True
7.963705,214.49669,1.9869897,46.868412,30.380087,2039.7255,-0.0001702163,0.0017227519,21.853188,0.0009067605,Dec,1,1,6,2,New_Visitor,False,True
0.9721303,3.419845,-0.005394421,-1.3925229,13.24165,311.02472,-3.6232508e-05,0.007004372,24.685186,0.002015962,May,3,2,2,6,New_Visitor,False,True
-0.005604856,1.3814998,-0.010410212,-0.7815648,15.471159,434.9062,0.0008787137,0.013618291,89.1399,-0.00086423877,Nov,1,8,3,6,Returning_Visitor,True,True
0.012036927,0.7542719,1.0141912,1.8905619,23.976229,765.10504,0.017944383,0.017666083,46.775417,-0.0011337263,Nov,1,1,1,10,Returning_Visitor,True,True
1.96351,157.05438,-0.0026629786,-0.92841154,5.11035,73.67793,-0.00025389562,0.025213936,-0.03619603,0.0020012583,Dec,2,4,6,2,New_Visitor,False,True
3.4594893,108.94346,-0.008247577,-0.314848,14.309553,1046.1787,0.023864731,0.037157595,14.393986,0.001420668,Sep,3,2,4,1,Returning_Visitor,False,True
7.9802427,139.1728,7.9455285,350.77597,45.249023,2026.9375,0.006829631,0.007919597,5.1879463,0.00019072989,Mar,2,2,4,2,Returning_Visitor,False,True
-0.012504928,0.78028816,-0.0061350088,-1.3658696,10.469141,447.8866,-0.000113308764,0.020681188,22.832506,0.0017066995,May,1,1,6,2,New_Visitor,False,True
-0.00059901946,0.17778727,-0.0041121463,-0.21386917,24.594727,1156.5638,0.0032880304,0.0363188,0.0076968297,0.0013688194,Nov,2,2,1,2,New_Visitor,True,True
0.026638396,0.26413676,-0.008710705,-0.0045529157,7.785361,329.9734,0.025443707,0.050063036,63.625412,0.0013692254,May,3,2,4,1,Returning_Visitor,False,True
5.972804,89.48799,2.9993181,11.91703,74.92077,5482.61,0.02000471,0.046444673,3.6604917,0.19913957,May,2,2,8,3,Returning_Visitor,False,True
-0.009135358,-0.33031514,-0.012227677,-0.5525685,4.46333,241.39131,0.0005871352,0.050013877,36.18076,-0.0006102187,Oct,2,2,3,1,Returning_Visitor,False,True
0.03487528,0.3682017,-0.0078789815,-0.7097073,12.594818,317.22046,2.1103435e-05,0.008739478,35.98911,3.917391e-05,Mar,1,1,4,10,Returning_Visitor,False,True
-0.034712665,0.97425026,-0.0128875,-0.39609343,16.668045,613.66376,-5.8131627e-05,0.0112744225,64.14407,-0.00027234232,Oct,2,2,3,4,New_Visitor,False,True
3.985824,599.2633,-0.0048823575,-0.61134535,17.199791,1918.0515,0.00054674374,0.012970622,0.11399814,0.00088198733,Mar,2,2,1,8,Returning_Visitor,False,True
4.0650287,64.903854,-0.00016646796,-0.70452696,226.56868,9003.461,0.004028931,0.017555082,1.4810259,0.00042753914,Nov,2,2,1,2,Returning_Visitor,False,True
18.002218,510.1704,4.0039163,69.0832,175.95274,6686.63,0.0036710908,0.01070781,0.2820122,-0.0016808746,Nov,3,2,1,8,Returning_Visitor,False,True
1.9885331,573.6785,0.9829289,60.577385,23.40974,941.38947,-0.00028436104,0.00794788,9.536783,0.0013191687,Dec,2,2,4,2,New_Visitor,False,True
0.9710597,15.817672,-0.0072155218,-0.55128294,43.92085,718.2288,0.009032948,0.031549215,24.664751,0.00082019967,June,2,2,4,13,Returning_Visitor,False,True
1.9954078,10.929488,1.9894791,137.30978,79.49682,4107.8022,0.0038923302,0.005585703,16.848005,0.00021229559,Mar,3,2,1,2,Returning_Visitor,True,True
8.988348,362.5374,2.9891105,114.43662,44.870342,2906.9587,-0.00025046276,0.0068580313,55.2417,0.00058307004,May,2,2,1,4,Returning_Visitor,False,True
6.9602404,283.41064,-0.004997931,0.17912094,28.747087,591.2632,5.3988435e-05,0.009431138,10.571545,0.0014790731,Nov,1,1,6,3,Returning_Visitor,False,True
-0.10864412,2.5048518,-0.010676883,-0.9927464,30.78915,2772.9543,-2.2074542e-05,0.0062135523,52.796032,0.00012914339,Nov,8,13,9,20,Other,False,True
0.9373609,53.268177,-0.006694279,-2.2253933,6.8691716,528.5235,0.00027267044,0.00076532253,36.68018,0.0011149595,Jul,1,1,6,2,New_Visitor,True,True
1.9174006,6.3378596,-0.0031975727,0.019296572,22.819962,673.1365,9.868819e-05,0.021520173,16.920424,0.0018191958,Mar,1,1,1,3,Returning_Visitor,True,True
5.02306,500.3756,0.98885703,10.694622,51.666924,4966.8955,-0.00020237114,0.015412052,15.777597,0.00024958575,May,2,2,1,5,Returning_Visitor,False,True
10.003737,118.98539,-0.0036689262,0.31384462,28.686487,621.8257,0.016866215,0.023023302,10.438444,0.0013311753,Mar,3,7,1,2,Returning_Visitor,False,True
8.995902,150.605,-0.0019620876,1.273897,54.82637,2484.0493,0.0040462664,0.008758041,0.986355,0.0015924597,Nov,3,2,1,3,Returning_Visitor,True,True
0.99438345,43.865902,-9.568744e-05,0.7200298,56.73782,2087.1328,-0.00034819762,0.014546393,14.141117,0.0019994776,May,2,5,2,3,Returning_Visitor,False,True
12.952009,412.94598,-0.0037611942,-0.09432419,21.33973,590.5795,0.00395813,0.014852892,18.209627,0.001384365,Aug,2,2,8,2,Returning_Visitor,False,True
-0.00013171906,0.10153147,0.30872405,2.1089993,43.805725,878.81165,0.007466505,0.022985525,0.07872697,-4.7267727e-05,Dec,2,2,3,2,New_Visitor,False,True
0.0013002229,0.7610926,-0.006073795,-0.59091383,12.361988,628.73,-0.00013466213,0.013489551,48.261986,0.0017059991,Dec,1,1,1,2,New_Visitor,True,True
0.9886271,31.408607,-0.011552893,-0.31926924,30.721794,1457.7358,-0.00020564754,0.012005796,0.13395949,-0.00050131354,Nov,3,2,3,8,New_Visitor,False,True
4.5818043,166.79504,2.2949412,87.53158,75.43184,2441.9932,0.0072446163,0.022006517,3.3464637,-0.00082589063,Nov,2,2,3,2,Returning_Visitor,True,True
7.909434,115.87527,4.0393877,223.35233,41.731743,522.17596,0.014959136,0.01150947,0.13669749,-0.0017473785,Jul,1,1,1,4,Returning_Visitor,False,True
0.99026155,586.5345,-0.0044437866,-0.5701466,79.28931,3608.8525,0.0040525827,0.0074060587,26.580399,0.0014974797,Nov,3,2,2,2,Returning_Visitor,False,True
-0.001519792,-0.48445943,-0.009211205,-0.5628758,4.209845,226.65822,0.039294697,0.060206506,12.945052,-0.0001588737,Nov,1,1,6,2,Returning_Visitor,False,True
6.949297,188.44693,2.0048614,72.95555,22.334648,656.5392,-0.0006020054,0.006180181,22.349783,0.00058857974,May,3,2,3,2,New_Visitor,False,True
7.9874024,462.29028,4.0030627,336.36935,156.91588,6098.355,0.007228703,0.02025964,0.1150138,-0.00027480102,Nov,2,2,7,2,Returning_Visitor,True,True
-0.027299754,0.7621226,-0.008494757,-0.5326176,22.039427,442.2603,-0.00042710858,0.008407815,14.250078,0.00079128396,Oct,2,2,9,2,New_Visitor,False,True
1.9722917,102.24248,-0.006907485,-0.1884137,16.139719,686.0772,-0.0003280885,0.012090902,146.37053,0.002232785,May,2,2,5,2,New_Visitor,False,True
0.0011450124,-0.02711538,-0.0045863013,-0.6321965,159.16884,5839.393,0.009196071,0.01904702,0.07775422,0.00015358129,Nov,3,2,1,2,Returning_Visitor,False,True
0.032091744,-0.022850549,-0.010477029,0.24003784,7.9871125,856.78723,0.022012932,0.022433545,24.561052,-0.00063466403,Nov,1,1,7,5,New_Visitor,False,True
8.95592,209.22264,0.98355854,53.646584,22.246258,483.3222,0.00013915602,0.034552515,0.074060164,0.0009047861,Aug,1,2,1,4,Returning_Visitor,True,True
13.995545,352.18613,1.9734087,758.361,64.02895,3607.6575,0.013485942,0.023117961,9.571627,-0.0007651833,Nov,3,2,3,2,Returning_Visitor,True,True
2.9514575,65.16216,1.9722588,14.844671,23.052313,582.66724,0.008272985,0.016482024,4.765125,0.0011092225,May,1,8,2,11,Returning_Visitor,True,True
1.9902546,89.05108,0.99194187,111.4158,66.35867,4889.9814,0.00025810642,0.0035306464,48.46029,0.00033583367,Dec,2,2,5,2,Returning_Visitor,False,True
-0.0008598494,0.70203346,-0.0074845175,-0.43969542,12.90867,323.94934,-5.3674317e-05,0.014310167,59.895187,0.0017919416,Mar,3,2,1,3,Returning_Visitor,False,True
5.9545636,134.49245,-0.008428894,-1.5830747,22.26918,556.6355,0.01747558,0.021733552,12.230862,2.3978423e-06,Sep,1,2,6,2,Returning_Visitor,True,True
2.989849,14.110496,3.0122318,86.129265,15.47714,2771.8416,9.089675e-05,0.029878505,79.08604,6.6986926e-05,Dec,2,2,1,2,Returning_Visitor,False,True
0.048492797,1.2327495,-0.008716963,0.05477707,38.15206,1250.5713,0.004692049,0.006889968,0.0431306,-4.3132655e-05,Nov,3,2,2,10,Returning_Visitor,False,True
3.0044866,68.94588,-0.007821582,0.29009432,26.310577,753.5813,0.01394928,0.039577182,13.410872,-3.2634787e-05,Nov,3,2,4,10,Returning_Visitor,False,True
0.95153964,13.989081,3.0232725,96.68725,31.399387,1204.0833,0.005058532,0.024448847,0.6217825,-0.0005325203,Aug,2,2,3,2,Returning_Visitor,False,True
-0.020757787,0.81553596,-0.01055678,-1.4602262,22.169416,422.9588,0.004350146,0.012909559,20.290588,0.9965515,May,3,2,1,2,Returning_Visitor,True,True
1.9626793,56.860195,-0.0067249755,-1.2748662,6.877177,263.2486,0.00035953862,0.028030653,54.18091,0.99355215,May,2,2,3,3,Returning_Visitor,True,True
12.461031,187.10573,0.7853288,22.762337,26.727428,1094.5876,0.0027340015,0.018069336,9.382308,-0.0003021372,Mar,2,2,3,2,Returning_Visitor,False,True
2.9745202,17.907616,-0.0056885104,-0.1359082,119.11528,3005.9436,0.0014301311,0.0073617427,14.3820095,0.00076328096,Nov,2,5,1,2,Returning_Visitor,False,True
0.023338683,0.3099055,1.0001779,-0.9009915,51.100163,2096.0874,-3.688816e-05,0.0072447574,9.207826,-2.5485955e-05,Mar,2,2,1,10,Returning_Visitor,False,True
0.021230586,0.57955116,1.9845432,487.6309,88.32695,3716.835,0.013331543,0.030155905,0.11201783,-0.0009836716,Nov,1,1,1,2,Returning_Visitor,True,True
0.9724877,33.202732,-0.009421907,-0.21456726,50.710384,2863.1326,0.00017657284,0.0039704842,154.41121,0.0005668129,Mar,2,2,7,8,Returning_Visitor,True,True
3.9618895,169.18031,-0.006420336,-1.302519,14.254982,306.19537,0.0004277934,0.011282719,34.594334,0.00081408274,Jul,2,2,1,2,Returning_Visitor,True,True
8.927594,194.47711,1.9876182,114.168396,59.37732,1374.5276,2.7582435e-06,0.0033467512,64.07599,-0.000763045,Dec,2,2,7,2,Returning_Visitor,False,True
2.2990599,119.87256,-0.009079479,-0.06445129,12.790592,494.6377,-0.00016871687,0.007698859,78.72278,0.0008296768,Nov,2,2,3,2,New_Visitor,True,True
0.92236364,0.5197901,1.0187594,67.42077,14.00466,656.0315,0.013942055,0.028458111,44.404976,-0.0014236806,Oct,4,2,1,20,Returning_Visitor,True,True
2.4700572,60.030506,-0.009028576,-0.1726361,36.379894,812.1174,0.009642662,0.03260446,6.429237,0.28266177,May,2,2,4,4,Returning_Visitor,False,True
3.9775615,133.99107,1.9968437,65.14164,66.498764,1209.885,0.013872881,0.025755666,5.785649,0.0012410755,May,3,2,2,4,Returning_Visitor,False,True
-0.005140655,0.29297587,-0.008504175,-0.99584776,27.827904,493.2531,0.0074340426,0.013784402,0.69178885,0.00020649904,Jul,2,2,7,1,Returning_Visitor,True,True
-0.002860658,1.04602,-0.006071649,-0.7741223,21.902887,393.85443,-0.00020535883,0.015423878,46.793816,0.0016562181,May,1,1,1,2,Returning_Visitor,True,True
0.98284566,21.8134,2.9894588,188.5401,22.34913,2245.2378,0.01394003,0.018230595,18.729746,0.3955845,May,3,2,1,13,Returning_Visitor,False,True
0.97884035,7.4311595,2.9940917,180.8953,123.275085,4781.751,0.015962869,0.022796223,23.919758,8.576239e-05,Nov,1,1,1,3,Returning_Visitor,False,True
-0.013733976,1.2200618,-0.0038313488,-0.5678807,22.630434,1903.3733,-0.00039600613,0.0082390485,46.28947,0.0017769436,May,2,2,4,4,New_Visitor,True,True
0.975845,53.613007,-0.007129393,-0.75929457,12.907654,397.26825,-0.0007334597,0.018486205,72.21545,0.39532351,May,1,1,1,3,New_Visitor,False,True
8.987106,252.28734,1.0253167,-0.09203918,67.114235,1058.4253,0.022499165,0.030025916,0.15824242,-0.00022922209,Oct,3,2,1,13,Returning_Visitor,False,True
8.976669,269.23242,-0.0043534855,-0.40878874,113.21315,2520.0547,-0.00040697525,0.0045558205,60.490074,0.19049768,May,2,2,4,3,Returning_Visitor,False,True
2.931169,49.108345,0.2926877,0.015596315,23.145384,942.3338,0.0022537278,0.026377367,63.929844,0.0003799411,Nov,2,2,1,1,Returning_Visitor,False,True
1.974058,120.21627,-0.0036839466,-0.89378554,30.05522,1206.4165,-0.0001922309,0.008112374,26.118473,0.002157091,Nov,4,2,6,2,New_Visitor,True,True
8.022796,290.4175,-0.0042761187,1.00712,12.290554,395.46722,0.002342114,0.010130717,37.96084,0.0021202627,Nov,4,1,3,3,Returning_Visitor,False,True
0.3635236,14.521712,-0.008315824,0.07497589,21.180336,1207.5459,0.014675078,0.027821444,3.8157568,0.0006786312,Nov,1,1,1,1,Returning_Visitor,False,True
-0.016247861,-0.41305593,-0.008255027,-1.6561795,6.6850133,159.55879,0.012626768,0.03359607,21.339968,0.0007475081,Jul,2,2,7,2,New_Visitor,False,True
6.958048,252.45403,-0.0071534137,-0.17589004,39.818317,1595.9904,0.0002555937,0.012055798,48.328823,0.0007236625,Dec,2,2,3,2,Returning_Visitor,True,True
9.455898,192.11421,6.0350747,564.36426,115.95332,3019.5913,0.0023488624,0.010959915,0.50798434,-0.0005479728,Nov,2,2,1,2,Returning_Visitor,False,True
7.9629784,111.06893,2.9939582,224.6963,67.6348,1656.0664,0.002141168,0.022032294,6.362257,3.760556e-05,Dec,2,1,1,2,Returning_Visitor,False,True
10.99119,90.48843,0.98940265,-0.020334318,80.529755,3207.4058,-9.080242e-05,0.018088168,15.33504,-0.0003432495,Nov,1,1,7,2,Returning_Visitor,False,True
11.9652605,276.6444,1.9785664,288.0873,60.062237,1277.9263,-0.0004910085,0.009560137,5.0390005,0.00019273782,Nov,4,1,1,2,Returning_Visitor,False,True
5.992451,188.3597,-0.010893784,-0.43646055,25.650286,645.4821,0.006312152,0.010017424,10.491053,-0.00056871894,Nov,3,2,3,8,Returning_Visitor,True,True
0.96751785,37.273186,0.986152,8.481007,21.543373,1275.2579,-0.0008538276,0.0001779411,86.13208,0.0009581919,Nov,2,2,9,2,New_Visitor,False,True
2.962716,45.139774,-0.011053525,-0.86287504,17.034058,454.84656,0.009912967,0.006717588,64.56906,0.0002478274,Aug,1,2,1,2,Returning_Visitor,False,True
-0.04409229,0.63008064,-0.005519114,0.19196503,36.401928,991.5799,0.0052207815,0.010575875,41.152973,0.0019896093,May,2,10,3,4,Returning_Visitor,False,True
11.05711,335.9312,-0.0008430403,0.8484134,39.607773,1251.4402,0.025173187,0.026088446,5.7465124,0.001646957,May,2,2,5,3,Returning_Visitor,True,True
0.0036095453,0.8156809,-0.009466432,-0.83845717,9.073999,418.2071,0.00012524579,0.024982842,68.13111,0.0013864065,Dec,1,2,2,2,New_Visitor,False,True
15.948927,303.35883,-0.0076871137,0.06976883,146.04868,4142.8706,0.0034558938,0.010237197,0.12986965,-0.0007734758,Nov,2,2,1,8,Returning_Visitor,False,True
0.9565886,5.272079,-0.013852261,-0.47233778,13.564587,708.59454,0.039371245,0.042049788,38.109024,-0.0009954883,Nov,3,2,1,8,Returning_Visitor,False,True
-0.02062761,2.3319392,5.048938,159.59227,59.300056,2777.5208,0.00025190008,0.0052114753,31.526106,-0.0002794539,May,2,2,6,2,Returning_Visitor,False,True
0.9979068,38.619095,-0.007216058,-0.57418257,22.898281,1472.722,0.023373382,0.03825886,7.012303,0.0013188968,Mar,3,2,6,1,Returning_Visitor,False,True
0.0047239135,0.8634257,-0.0058747153,-0.84216124,40.198578,3989.52,0.009775487,0.014776672,49.181805,0.0013927618,Aug,2,2,7,2,Returning_Visitor,False,True
0.9796554,11.211432,-0.00828477,-0.95213133,14.623741,502.22583,0.00017178584,0.013565551,33.984367,0.0006782512,May,3,2,1,6,Returning_Visitor,False,True
0.9655218,8.056098,0.98477596,49.819405,25.19336,2431.4458,-0.00013487633,0.01567975,31.616438,0.00085826096,May,2,2,9,6,Returning_Visitor,False,True
-0.0071679284,0.09172007,-0.008559845,-0.78334624,2.9067597,261.65198,3.4533106e-05,0.050286166,33.1066,0.001561145,Oct,3,2,2,2,New_Visitor,False,True
1.5296073,14.894103,-0.00856515,0.26612276,18.07034,1325.7268,0.0103683155,0.025058573,42.16205,0.001241895,May,2,5,3,1,Returning_Visitor,False,True
9.021926,368.0056,-0.003156207,0.35335726,85.38743,2409.6594,1.7173254e-05,0.016057776,3.2414017,0.0018199334,May,3,2,6,4,Returning_Visitor,True,True
8.934358,226.88208,-0.009231828,-0.29806715,54.334805,1947.1825,0.0064935046,0.022461535,41.7985,0.00020761663,Dec,1,2,1,2,Returning_Visitor,False,True
-0.009449117,-0.8030248,0.9948478,38.590954,17.119549,307.08002,0.010999511,0.050581228,18.053501,0.0010321984,Nov,2,5,1,1,Returning_Visitor,True,True
1.9731827,686.16785,-0.0026738266,-0.8479634,15.626835,1211.7065,-0.00063462404,0.0054064943,30.897518,0.0019037487,May,2,2,1,4,New_Visitor,False,True
4.992489,543.6765,5.9602084,319.51663,20.676308,2047.5778,0.00028203582,0.016346553,25.19791,0.0007882404,May,2,2,1,2,Returning_Visitor,False,True
9.04152,67.89912,0.0024978002,0.5406398,122.35812,6019.663,0.0007786002,0.013737326,11.159699,0.0008328694,Nov,2,1,1,2,New_Visitor,False,True
3.9958713,127.49236,2.0103984,43.505802,33.499496,1374.0696,0.037868444,0.042600397,48.054703,-0.00088123354,Nov,3,2,1,10,Returning_Visitor,False,True
8.011547,339.84924,1.9823579,76.69769,18.666754,1487.4824,-0.00048566642,0.022259245,12.472583,-0.00021625435,Nov,2,2,9,10,Returning_Visitor,False,True
-0.01445853,-0.19831136,-0.011220597,-0.63720137,22.926582,295.32483,0.013927468,0.037011296,10.9229355,-0.0002931816,Sep,2,2,3,1,Returning_Visitor,False,True
4.930186,110.47729,2.03742,14.189058,250.96518,8653.876,0.0060068327,0.023028761,0.09741183,0.00014480823,Nov,3,2,1,1,Returning_Visitor,False,True
3.8985608,83.81148,0.5213343,18.387611,96.50749,3130.8342,0.010093669,0.030578183,1.0773427,0.00030249977,Nov,2,2,1,13,Returning_Visitor,False,True
-0.0069459607,1.4206996,-0.004235826,-0.8343373,27.957813,848.5457,-0.00038586403,0.007175672,17.53356,0.0019291291,Nov,4,1,6,2,New_Visitor,False,True
7.934429,181.06247,3.9883993,570.00574,14.951761,351.25055,0.00030027484,0.010558899,15.008604,-0.00019680089,Mar,1,1,1,2,Returning_Visitor,True,True
1.9813554,99.88261,-0.007753871,-0.043134764,22.161152,634.248,-0.00016909312,0.008240326,101.77724,0.0017349409,May,1,1,1,4,Returning_Visitor,True,True
3.9622228,64.8189,1.027576,12.1831875,27.331427,1405.2473,-0.0004442207,0.01851642,3.1596646,0.00083398697,Mar,1,4,1,8,New_Visitor,False,True
12.008102,396.366,-0.0024682502,0.62642473,30.774666,929.3386,-0.0006104972,0.0053246645,0.013791285,0.0010311889,Nov,2,2,1,2,New_Visitor,True,True
2.9791296,67.22816,-0.0052966694,-0.1897145,30.501644,754.06805,-0.00015839595,0.01495346,19.264048,0.002089138,Dec,2,4,1,1,Returning_Visitor,True,True
-0.020919912,4.008796,3.0215049,32.42747,22.307896,627.359,0.014324451,0.025908876,30.013815,0.59887725,May,1,1,1,4,Returning_Visitor,False,True
5.994085,29.212204,3.031915,45.70243,37.396034,1466.3157,0.0115221,0.029598426,-0.006880559,-0.0014185024,Nov,2,2,4,10,Returning_Visitor,False,True
3.9903967,359.26984,3.9277523,404.97794,69.04365,5437.056,0.010953231,0.018074527,4.1242285,0.0016591648,Mar,1,1,2,1,Returning_Visitor,True,True
0.024348862,2.238792,2.0032933,198.19086,29.609049,648.91473,0.005786223,0.02740883,0.13233109,-0.0030562442,Nov,2,2,3,10,Returning_Visitor,False,True
11.954859,252.39088,0.99007916,45.747234,68.77552,2254.8145,3.4069308e-05,0.006982534,0.10147878,-0.00055251765,Dec,2,2,3,2,Returning_Visitor,False,True
1.982477,55.795856,-0.007852338,-0.41971403,13.416416,427.56897,-0.00032472084,0.004875998,36.33016,0.00062351924,June,2,2,1,5,New_Visitor,False,True
-0.03375613,2.9711528,3.0370796,199.69788,26.417503,383.8775,7.82885e-05,0.0064809388,3.3204784,-0.001827204,Sep,2,2,1,4,Returning_Visitor,False,True
1.9860226,19.16499,-0.004621468,-1.0019857,7.7082505,127.634476,-0.0004103038,0.009878895,-0.01889304,0.0017087074,Aug,3,2,1,2,New_Visitor,False,True
11.995467,317.77682,1.986517,258.27835,80.709366,3647.3909,0.006406981,0.017772714,11.738278,-0.0004969661,Dec,2,2,1,10,Returning_Visitor,True,True
2.9924855,49.602497,0.9669428,60.58243,35.01143,1709.8286,0.004723267,0.0057344204,93.77239,0.001563924,Nov,4,1,1,2,Returning_Visitor,True,True
6.3137054,93.26682,0.072376885,7.6973763,42.86099,2004.4331,0.0050244774,0.019569797,21.228962,0.0013999703,Mar,2,2,1,1,Returning_Visitor,False,True
0.025739796,-0.24223378,-0.0075012664,-0.4124089,48.51806,757.21295,0.0005987823,0.026537392,13.273627,3.5742916e-05,Dec,2,2,4,10,Returning_Visitor,False,True
1.9628278,16.01027,-0.0035290937,-1.2829381,0.08537526,-8.916187,0.00060740823,0.05030824,0.021846496,0.002136531,Sep,2,2,2,6,New_Visitor,True,True
5.0035114,71.99293,0.99724835,3.0583096,59.20829,1699.4104,0.00051080773,0.009814962,6.248921,0.0009054902,May,2,2,6,1,Returning_Visitor,False,True
3.979802,81.42682,-0.0051255445,-0.40942198,12.80954,238.14027,9.450283e-05,0.018656015,31.810293,0.0019394594,May,1,2,8,3,Returning_Visitor,False,True
0.03484834,-0.20124105,-0.0067506055,0.094655916,8.182716,1007.26733,0.00029262868,0.05028946,27.674026,0.001377477,Dec,1,1,4,1,Returning_Visitor,False,True
0.9781079,18.212051,1.2375776e-05,0.8905124,62.624516,1300.2201,0.0029004419,0.008407502,13.876125,0.0018447513,Nov,2,10,1,3,Returning_Visitor,False,True
12.08443,252.52518,3.979097,80.14954,100.434654,4637.833,0.009118805,0.028205857,2.077583,-0.0003931982,Nov,1,1,1,10,Returning_Visitor,True,True
0.9740454,158.43288,0.9708479,65.98462,29.303356,1923.7275,0.006324598,0.019285737,8.581995,0.00076696154,Mar,2,2,3,2,Returning_Visitor,True,True
7.994801,222.54344,-0.006093941,0.47775453,37.086502,3130.4558,0.000121906065,0.011776381,13.452476,0.0006752933,Dec,3,2,3,2,Returning_Visitor,False,True
11.016567,218.9389,1.3472093,30.441067,209.66881,10244.292,0.0035608762,0.018392634,18.29109,-0.00031619644,Nov,2,2,1,2,Returning_Visitor,False,True
0.96624184,3.6338496,-0.006292842,-1.4707204,5.97255,110.98958,4.9525537e-05,0.014673234,0.00034924594,0.0007995951,Jul,2,2,1,2,New_Visitor,False,True
-0.023844592,0.5028834,-0.0107303485,-0.72672087,33.175022,519.8157,0.0003492233,0.0059594465,5.537248,-0.00013388446,Sep,2,2,7,2,Returning_Visitor,False,True
3.6255598,80.13301,-0.0018811446,-0.0653363,62.256245,2449.203,0.0101649035,0.022374658,6.6824737,0.00026942664,Nov,3,2,1,2,Returning_Visitor,False,True
6.989047,280.9101,-0.005847893,0.068902895,21.280716,611.5234,-0.00026419418,0.008295975,43.65374,0.0021137658,May,2,2,2,1,Returning_Visitor,False,True
3.9640465,74.64056,1.9985204,623.83264,148.87271,5012.851,0.0039871647,0.007879647,18.487932,-0.0004685012,Mar,2,2,1,2,Returning_Visitor,False,True
-0.054539077,-0.029747522,-0.008154713,-1.2993528,9.587799,416.7226,0.0001329441,0.018597446,17.543146,0.0009920137,Oct,2,2,5,2,New_Visitor,True,True
0.008047231,-0.81147057,-0.009007476,-0.7820149,13.981291,1007.1126,0.0007412523,0.023205997,8.329049,-0.00025472915,Dec,2,2,3,6,Returning_Visitor,False,True
1.9206675,114.83494,-0.00725498,-0.57223326,17.525923,700.298,-0.0006055202,0.015881239,49.311813,0.0018771837,May,1,1,1,4,New_Visitor,False,True
6.8360186,81.157196,3.0193698,206.2691,311.43674,12273.058,0.008905089,0.025663681,0.085209094,0.00013547266,Nov,2,2,1,2,Returning_Visitor,True,True
2.0240393,39.64425,-0.0077723484,0.5247783,70.16265,6338.3164,0.016741576,0.02750907,0.19842072,-0.0009208632,Nov,1,1,3,8,Returning_Visitor,False,True
5.0080233,27.626194,-0.0032532434,-0.8296681,4.91865,50.124218,-0.00043614986,0.0049718386,-0.0116112605,0.0019562382,Aug,2,2,2,2,New_Visitor,False,True
0.009080298,0.90347236,-0.0018897277,-0.460043,20.71456,421.67834,-0.0004385061,0.010357457,14.348075,0.0018044846,Dec,4,1,1,2,New_Visitor,False,True
8.973463,89.80227,-0.0064029912,-0.1759053,114.28683,3008.0854,-0.00022531148,0.0058813905,32.79826,0.0015163036,Nov,2,4,2,2,Returning_Visitor,False,True
-0.013350837,-0.12934926,0.9961132,26.502632,12.853954,453.1245,0.00039640223,0.014860068,33.259468,-0.00026785335,Mar,2,2,1,6,Returning_Visitor,False,True
-0.016571634,0.73540443,0.9820655,8.669104,30.189346,1993.1578,-0.00043868678,0.0036678377,9.096839,0.001964851,Mar,2,4,1,3,Returning_Visitor,False,True
0.01871813,-0.16741231,-0.0080427155,-0.17453583,10.104082,399.84027,0.00012256544,0.03613949,0.009054385,0.0006758037,Dec,3,2,1,2,Returning_Visitor,False,True
1.9551581,126.44715,-0.0115901455,-0.6118451,5.644915,111.235916,0.00018222224,0.009772058,90.919014,0.00012307489,Oct,2,2,7,2,Returning_Visitor,True,True
5.0332355,150.62292,-0.0078501925,0.54617494,23.390547,671.7673,0.03845147,0.056342658,0.07422372,0.00088234496,Nov,3,2,1,1,Returning_Visitor,False,True
0.46837246,0.46390483,-0.006785236,-0.5483456,33.655632,1021.73425,0.0008524336,0.031055644,0.05673381,0.00037953505,Nov,2,2,5,2,Returning_Visitor,True,True
0.97703326,-0.2338033,-0.007147215,-0.6221867,65.03038,732.2325,0.006203692,0.02086884,1.9821076,0.0005590941,Dec,2,2,1,2,Returning_Visitor,True,True
0.012472279,0.6936335,1.0042453,-0.5065823,81.5199,2676.9753,0.004755463,0.02195841,0.11891099,-0.0010015903,Nov,3,2,3,2,Returning_Visitor,False,True
0.009096749,1.5855937,-0.011726461,-0.34483916,14.478996,1134.1459,0.0005676575,0.014836353,93.759,-0.0007625607,Nov,3,2,3,11,Returning_Visitor,True,True
0.007285721,1.415092,3.0172727,95.216995,75.16689,1949.2104,0.0075466535,0.014892696,0.034688197,-0.0007367519,Dec,3,2,1,2,Returning_Visitor,False,True
0.9741099,5.6120677,-0.006350718,-0.70083433,13.554432,1169.8304,-0.000121048055,0.004751052,17.574879,0.0006834182,Nov,2,2,6,10,New_Visitor,True,True
