age,workclass,fnlwgt,education,education-num,marital-status,occupation,relationship,race,sex,capital-gain,capital-loss,hours-per-week,native-country,income
51.90182,Private,201900.84,7th-8th,3.8064952,Married-civ-spouse,Craft-repair,Husband,White,Male,135.71532,1.0540227,43.230156,United-States,<=50K
55.47488,Self-emp-not-inc,152750.12,HS-grad,9.029131,Married-civ-spouse,Sales,Husband,White,Male,-107.25697,1.2134465,44.50254,United-States,<=50K
30.140924,Private,142367.22,Some-college,10.032935,Never-married,Prof-specialty,Not-in-family,White,Male,-124.145645,0.61439407,43.146866,United-States,<=50K
27.788548,?,167508.52,HS-grad,9.03009,Never-married,?,Unmarried,White,Male,-114.01918,1627.2516,39.380814,United-States,<=50K
39.998325,Private,178607.4,Some-college,10.028484,Divorced,Machine-op-inspct,Not-in-family,White,Male,167.83458,0.7654332,40.391663,United-States,<=50K
61.80922,Private,173618.92,HS-grad,9.026846,Widowed,Adm-clerical,Unmarried,White,Female,133.35277,0.9704503,31.207449,United-States,<=50K
28.798246,Private,182098.27,HS-grad,9.031917,Never-married,Exec-managerial,Not-in-family,White,Male,143.05467,0.80056655,49.983295,United-States,<=50K
19.430738,?,206289.75,Some-college,9.4122925,Never-married,?,Own-child,Black,Male,-122.21034,0.65959823,28.975243,United-States,<=50K
29.850086,Private,149247.17,Some-college,10.032179,Never-married,Craft-repair,Not-in-family,White,Male,-128.05458,0.7075261,40.52881,United-States,<=50K
61.64774,Self-emp-not-inc,59531.44,HS-grad,9.032065,Married-civ-spouse,Farming-fishing,Husband,White,Male,846.678,1.1802739,37.707104,United-States,<=50K
22.173756,State-gov,295108.1,Some-college,9.536095,Never-married,Adm-clerical,Unmarried,White,Female,-124.0746,0.74169815,20.196402,United-States,<=50K
35.86337,Private,179659.55,Assoc-voc,11.017878,Divorced,Protective-serv,Not-in-family,White,Male,-101.341934,0.846877,43.196766,United-States,<=50K
37.507927,Private,331771.3,HS-grad,9.029767,Never-married,Handlers-cleaners,Not-in-family,White,Male,15.137067,0.5520314,15.631281,United-States,<=50K
32.959137,Private,250267.06,HS-grad,9.022522,Divorced,Exec-managerial,Not-in-family,White,Male,-100.02968,0.96974075,74.92437,United-States,<=50K
53.548237,Private,147824.12,HS-grad,9.029441,Married-civ-spouse,Craft-repair,Husband,White,Male,59.44273,1.1312093,42.2424,United-States,<=50K
58.120083,Private,96122.07,9th,4.78703,Divorced,Transport-moving,Not-in-family,White,Male,-108.51845,0.9489888,46.315598,United-States,<=50K
39.84634,Private,151785.78,Some-college,10.031659,Married-civ-spouse,Tech-support,Husband,White,Male,248.37181,0.81515396,41.313324,United-States,<=50K
27.183867,Private,345465.7,HS-grad,9.030407,Never-married,Handlers-cleaners,Other-relative,Black,Male,473.83493,0.9734334,40.039913,United-States,<=50K
34.733406,Private,185756.12,HS-grad,9.030444,Married-civ-spouse,Transport-moving,Husband,Black,Male,1056.9309,1.066367,43.28406,United-States,<=50K
31.475954,?,151778.17,HS-grad,9.707726,Never-married,?,Not-in-family,White,Male,-125.613174,0.3626469,4.6622963,United-States,<=50K
52.213364,Private,187703.38,HS-grad,9.028293,Never-married,Other-service,Unmarried,Black,Female,-98.4706,0.88920486,31.494299,Haiti,<=50K
21.3109,Private,129081.06,Some-college,10.028882,Never-married,Other-service,Own-child,White,Male,-114.79994,0.65161026,60.760944,United-States,<=50K
24.558208,Local-gov,120938.89,HS-grad,9.031705,Never-married,Machine-op-inspct,Own-child,White,Male,-116.35634,0.84229934,70.01559,United-States,<=50K
41.189655,Private,207270.31,HS-grad,9.026613,Divorced,Sales,Unmarried,Black,Female,-89.175674,1.1029195,39.65241,United-States,<=50K
43.35015,Private,160572.3,Bachelors,13.003571,Widowed,Other-service,Not-in-family,White,Female,-114.09535,0.7774571,49.891777,United-States,<=50K
25.028484,Private,198501.16,Assoc-acdm,12.015382,Never-married,Handlers-cleaners,Own-child,White,Male,-118.49501,0.543784,27.941835,United-States,<=50K
30.22146,Private,148929.06,Bachelors,13.006298,Never-married,Adm-clerical,Not-in-family,White,Male,211.40282,0.7391118,40.956963,United-States,<=50K
57.319653,Private,122350.54,HS-grad,9.030306,Married-civ-spouse,Sales,Husband,White,Male,396.79953,0.85486495,40.283775,United-States,<=50K
54.046215,Private,151679.03,10th,4.762827,Married-civ-spouse,Machine-op-inspct,Husband,White,Male,67.395004,0.9514607,42.08357,United-States,<=50K
55.177086,Private,364800.12,Bachelors,13.005247,Married-civ-spouse,Machine-op-inspct,Husband,Asian-Pac-Islander,Male,-117.403946,1630.1504,40.009743,China,<=50K
20.1163,Private,185951.62,HS-grad,9.033679,Never-married,Sales,Own-child,Black,Male,-111.226944,0.5353383,22.886637,United-States,<=50K
19.453278,Private,212440.55,9th,5.037876,Never-married,Other-service,Own-child,White,Male,111.03453,0.3327931,29.328268,United-States,<=50K
52.248283,Private,172490.17,11th,6.7494936,Married-civ-spouse,Other-service,Husband,Amer-Indian-Eskimo,Male,-96.89638,1.4024037,38.712143,United-States,<=50K
24.086006,Private,267984.97,Bachelors,13.00505,Never-married,Sales,Own-child,White,Male,-110.34682,0.5377568,18.387476,United-States,<=50K
40.4729,Local-gov,287282.38,HS-grad,9.026955,Divorced,Transport-moving,Not-in-family,White,Male,-96.9474,1.2568578,37.536446,United-States,<=50K
34.65142,Private,251771.4,10th,6.044961,Married-civ-spouse,Craft-repair,Not-in-family,Black,Male,-119.08998,1.0381917,37.602596,Haiti,<=50K
34.87866,Private,205054.3,HS-grad,9.030437,Married-civ-spouse,Exec-managerial,Husband,White,Male,-101.474014,0.9385289,41.90536,United-States,<=50K
42.545185,Private,196404.28,Bachelors,12.999692,Divorced,Sales,Unmarried,White,Male,-110.36977,0.90648544,42.396294,United-States,<=50K
35.39844,Private,251623.89,Bachelors,13.004431,Separated,Prof-specialty,Not-in-family,White,Male,1321.8348,0.77637374,40.94195,United-States,<=50K
33.11117,Private,296663.44,12th,8.041838,Never-married,Machine-op-inspct,Other-relative,White,Male,-116.82924,0.9243382,35.56837,Mexico,<=50K
36.415577,Private,116076.32,HS-grad,8.608883,Married-civ-spouse,Prof-specialty,Husband,Asian-Pac-Islander,Male,-108.44472,0.9734334,42.41698,Vietnam,<=50K
45.218746,Private,125904.78,HS-grad,9.023674,Divorced,Sales,Unmarried,White,Male,-96.893936,1.0212773,48.629974,United-States,<=50K
44.729366,Self-emp-not-inc,167234.27,HS-grad,9.171899,Separated,Other-service,Unmarried,White,Female,-90.67616,1.376563,44.054012,United-States,<=50K
47.39095,Private,209361.61,Bachelors,13.001176,Divorced,Machine-op-inspct,Unmarried,White,Female,-107.50624,1.0666493,38.69903,Ireland,<=50K
23.504175,Private,119963.99,Some-college,9.267875,Never-married,Other-service,Other-relative,White,Female,-121.561905,0.31534466,28.478434,United-States,<=50K
56.6827,?,215078.4,7th-8th,4.2183857,Widowed,?,Unmarried,White,Female,-102.81679,0.9128026,26.718613,United-States,<=50K
41.26794,Private,86227.5,Assoc-voc,11.024309,Married-civ-spouse,Craft-repair,Husband,White,Male,180.01854,0.6155919,40.11557,United-States,<=50K
20.077646,?,56937.81,Some-college,9.572192,Never-married,?,Own-child,White,Male,-109.57118,0.6064061,64.23134,United-States,<=50K
68.35118,?,238001.64,Bachelors,13.008718,Married-spouse-absent,?,Other-relative,White,Female,425.13974,0.6864003,14.923553,United-States,<=50K
51.882988,Self-emp-not-inc,281747.06,HS-grad,9.026955,Married-civ-spouse,Farming-fishing,Husband,White,Male,521.9071,1.5358113,42.72028,United-States,<=50K
63.78125,Private,124618.734,HS-grad,9.034382,Married-civ-spouse,Exec-managerial,Husband,White,Male,305.64987,0.58087814,20.908907,United-States,<=50K
63.69565,Private,280858.38,Bachelors,12.297606,Married-civ-spouse,Adm-clerical,Husband,White,Male,-120.19643,0.85955703,34.525482,Canada,<=50K
51.967678,Private,198445.89,10th,6.388689,Divorced,Adm-clerical,Unmarried,White,Female,-89.93593,1.2375554,40.26864,United-States,<=50K
58.484806,Local-gov,195649.56,HS-grad,9.318277,Widowed,Adm-clerical,Not-in-family,White,Female,-116.056046,1.0945653,35.521446,United-States,<=50K
25.457872,Private,260835.8,HS-grad,9.030436,Never-married,Handlers-cleaners,Not-in-family,White,Male,-119.86073,0.69962204,39.240208,United-States,<=50K
19.349588,Private,74319.62,Some-college,10.034894,Never-married,Other-service,Own-child,White,Male,-104.97084,0.30675396,21.958195,United-States,<=50K
31.705482,Private,261207.56,HS-grad,9.026866,Never-married,Transport-moving,Not-in-family,Black,Male,-110.15614,0.9597615,38.808807,Haiti,<=50K
29.488028,Private,224558.16,HS-grad,9.030697,Never-married,Machine-op-inspct,Own-child,White,Male,-115.461075,0.67008865,42.391247,Dominican-Republic,<=50K
21.164234,Private,188541.52,Some-college,9.837911,Never-married,Sales,Other-relative,White,Female,96.54649,0.4423283,24.99932,United-States,<=50K
40.249435,State-gov,336614.4,Assoc-acdm,12.713458,Married-civ-spouse,Protective-serv,Husband,White,Male,-107.590225,32.439934,40.011345,United-States,<=50K
26.801102,Private,135188.6,HS-grad,9.031358,Never-married,Adm-clerical,Unmarried,White,Female,-119.936905,0.75670516,38.98459,United-States,<=50K
17.938728,Private,244011.52,10th,6.037376,Never-married,Sales,Own-child,White,Male,-89.37392,0.18366894,13.028944,United-States,<=50K
55.031647,Self-emp-not-inc,221319.44,HS-grad,9.030322,Married-civ-spouse,Exec-managerial,Husband,White,Male,215.70323,1.1851643,35.914368,United-States,<=50K
63.78427,Private,106186.766,1st-4th,2.072228,Married-civ-spouse,Handlers-cleaners,Husband,White,Male,-122.9225,0.46632275,36.954536,United-States,<=50K
27.533958,Private,233843.05,Assoc-acdm,12.010522,Never-married,?,Not-in-family,White,Male,-120.56508,1.0211629,59.305866,United-States,<=50K
62.95149,Private,106528.266,HS-grad,9.03011,Married-civ-spouse,Other-service,Not-in-family,White,Male,-116.1476,2024.6691,40.037033,Scotland,<=50K
64.433334,Local-gov,149692.88,Masters,13.988719,Married-civ-spouse,Prof-specialty,Husband,White,Male,-121.1017,0.5400914,16.43749,United-States,<=50K
44.293762,Self-emp-not-inc,126269.95,Bachelors,13.002049,Married-civ-spouse,Craft-repair,Husband,White,Male,-115.97743,0.78703964,34.8422,United-States,<=50K
22.966045,Private,448489.62,HS-grad,8.144681,Married-civ-spouse,Machine-op-inspct,Not-in-family,White,Female,-112.81874,1.1276845,40.046696,Mexico,<=50K
43.238636,Private,260255.97,Some-college,10.030065,Married-civ-spouse,Craft-repair,Husband,White,Male,246.98326,0.99984634,39.401287,United-States,<=50K
31.357924,?,199648.52,Some-college,10.030412,Divorced,?,Not-in-family,White,Female,-109.248184,0.6702031,33.415874,United-States,<=50K
34.280025,Private,157680.16,Assoc-acdm,10.86172,Married-civ-spouse,Other-service,Wife,White,Female,-110.318985,0.5846089,25.062956,United-States,<=50K
55.543365,Private,146385.33,7th-8th,4.0778866,Married-civ-spouse,Machine-op-inspct,Husband,Black,Male,206.098,0.8977574,41.280224,United-States,<=50K
36.7512,Private,209182.28,Some-college,10.026894,Never-married,Sales,Not-in-family,White,Male,-125.04091,0.8789128,63.246403,United-States,<=50K
44.97327,Self-emp-not-inc,238333.28,Masters,14.880072,Never-married,Sales,Not-in-family,White,Male,-108.96864,1.3342046,71.31218,United-States,<=50K
73.79727,Private,208228.94,Bachelors,13.008363,Never-married,Prof-specialty,Not-in-family,White,Male,-105.67787,0.2238377,14.957275,United-States,<=50K
40.660767,Local-gov,147006.78,Prof-school,14.231862,Never-married,Prof-specialty,Not-in-family,White,Male,771.0438,0.6749791,38.80972,United-States,<=50K
39.343025,Self-emp-inc,58725.527,Bachelors,12.779984,Divorced,Exec-managerial,Not-in-family,White,Male,773.943,0.764861,56.156086,United-States,<=50K
48.128574,Private,189595.7,Assoc-voc,11.020642,Widowed,Prof-specialty,Not-in-family,White,Male,-111.870255,0.5956334,38.818954,United-States,<=50K
24.619076,Private,321778.03,HS-grad,9.029503,Never-married,Craft-repair,Other-relative,White,Male,82.81383,0.9463414,40.238705,United-States,<=50K
43.87701,Private,184872.42,HS-grad,9.029078,Never-married,Priv-house-serv,Unmarried,White,Female,-93.08705,1.2156667,35.43522,?,<=50K
66.90218,Private,108259.375,HS-grad,9.0341425,Widowed,Other-service,Not-in-family,White,Female,-27.480122,0.4065388,20.024548,United-States,<=50K
17.612892,Private,302043.5,11th,7.0346203,Never-married,Adm-clerical,Own-child,White,Male,-87.36244,0.3608006,18.491194,United-States,<=50K
53.565308,Private,371499.53,7th-8th,4.0345483,Divorced,Machine-op-inspct,Other-relative,White,Male,-102.04628,1.0432271,40.00605,United-States,<=50K
41.36702,Private,214668.55,7th-8th,2.9993863,Married-civ-spouse,Handlers-cleaners,Husband,White,Male,-109.2101,0.8069066,40.05593,Mexico,<=50K
45.196808,Federal-gov,53433.12,Masters,13.987949,Never-married,Prof-specialty,Not-in-family,White,Female,-119.34682,0.84030807,40.035633,United-States,<=50K
24.450373,Private,169950.27,Bachelors,13.005151,Never-married,Prof-specialty,Own-child,White,Female,115.034775,0.2874821,13.084494,United-States,<=50K
56.429214,Private,120308.23,11th,7.0351396,Married-civ-spouse,Craft-repair,Husband,White,Male,-116.09682,0.68919265,36.219803,United-States,<=50K
50.21625,Private,349118.97,Preschool,1.0511707,Married-civ-spouse,Other-service,Husband,White,Male,-115.110245,0.99006546,40.026943,India,<=50K
31.000046,Private,143256.94,Assoc-voc,11.023267,Separated,Adm-clerical,Unmarried,White,Female,-86.83095,0.7182988,40.051018,United-States,<=50K
35.782005,Private,329214.16,Some-college,9.091428,Separated,Handlers-cleaners,Not-in-family,Black,Male,-114.27089,0.9495534,40.423462,United-States,<=50K
67.80804,Private,153400.44,Bachelors,13.007302,Married-civ-spouse,Exec-managerial,Husband,White,Male,1069.059,0.38391003,16.154497,United-States,<=50K
24.159044,Private,152515.53,Some-college,10.033439,Married-civ-spouse,Sales,Husband,White,Male,-123.15639,0.58438003,37.683956,United-States,<=50K
48.72744,Private,271611.9,Bachelors,13.004849,Married-civ-spouse,Prof-specialty,Husband,White,Male,-115.27797,0.72620285,42.03586,United-States,<=50K
29.837177,Private,214912.95,Some-college,10.032626,Never-married,Other-service,Other-relative,Black,Male,-122.665665,1.0389622,41.940903,Haiti,<=50K
21.187487,Local-gov,249689.17,HS-grad,9.03135,Never-married,Farming-fishing,Own-child,White,Male,-111.95668,0.8149556,33.33338,United-States,<=50K
31.76978,Private,151981.12,HS-grad,9.029579,Married-civ-spouse,Transport-moving,Husband,White,Male,-97.89345,0.9113225,54.71028,United-States,<=50K
40.071987,Private,186415.84,Some-college,11.544979,Married-spouse-absent,Other-service,Not-in-family,White,Male,530.7036,0.88144577,40.06727,?,<=50K
61.920563,?,184404.02,Bachelors,13.494592,Married-civ-spouse,?,Husband,White,Male,-122.07558,0.97636306,42.38418,United-States,<=50K
39.399086,Private,184870.78,HS-grad,9.029975,Married-civ-spouse,Tech-support,Husband,White,Male,-97.46864,0.9896687,40.8993,United-States,<=50K
53.65926,Private,151656.25,Assoc-acdm,12.012633,Divorced,Tech-support,Not-in-family,White,Female,-106.662,1.0102452,40.019753,United-States,<=50K
31.895294,Private,196968.33,9th,5.048911,Never-married,Machine-op-inspct,Not-in-family,White,Male,-122.35805,0.45506176,38.006435,United-States,<=50K
54.861664,Private,216795.53,HS-grad,9.030425,Married-civ-spouse,Other-service,Husband,White,Male,-108.452286,0.872321,37.330288,United-States,<=50K
40.187454,Self-emp-not-inc,126288.36,Some-college,10.030791,Married-civ-spouse,Farming-fishing,Husband,White,Male,-106.17885,1.0343007,49.839348,United-States,<=50K
56.229103,Private,269406.06,7th-8th,4.447937,Widowed,Other-service,Unmarried,Black,Female,-103.00502,0.8887776,29.628654,United-States,<=50K
26.15456,Private,151238.8,Bachelors,13.005397,Never-married,Exec-managerial,Own-child,White,Male,218.15733,0.7256917,40.01449,United-States,<=50K
27.193396,Private,372113.28,Some-college,10.029174,Never-married,Exec-managerial,Not-in-family,White,Male,-124.24501,0.87245834,46.832714,United-States,<=50K
42.371258,Private,140929.25,Bachelors,12.998216,Divorced,Adm-clerical,Unmarried,White,Female,-103.2516,0.75280654,40.362274,United-States,<=50K
34.688316,State-gov,92712.586,Bachelors,13.0056,Never-married,Adm-clerical,Not-in-family,White,Male,1168.3286,0.8615178,38.922123,United-States,<=50K
25.559116,Private,262972.53,Assoc-acdm,12.014846,Never-married,Adm-clerical,Not-in-family,White,Female,-122.907364,0.88078964,37.140762,United-States,<=50K
24.610773,Self-emp-not-inc,223469.1,Assoc-acdm,12.016168,Never-married,Prof-specialty,Not-in-family,White,Male,-123.601456,0.6743535,26.715322,United-States,<=50K
47.328365,Local-gov,263435.28,Some-college,9.586508,Divorced,Adm-clerical,Not-in-family,White,Female,-111.63124,1.0805196,40.21229,United-States,<=50K
36.874733,Private,51032.793,Some-college,9.072044,Married-civ-spouse,Machine-op-inspct,Husband,White,Male,-129.3412,0.5001515,40.033802,Trinadad&Tobago,<=50K
59.581745,Self-emp-not-inc,322619.0,Some-college,9.532932,Married-civ-spouse,Farming-fishing,Husband,White,Male,-113.31972,1.0928563,23.8123,United-States,<=50K
18.105272,Private,221767.23,11th,6.629174,Never-married,Other-service,Own-child,Black,Male,-98.445206,0.28799328,19.226074,United-States,<=50K
37.23781,Private,300424.4,HS-grad,9.026371,Divorced,Machine-op-inspct,Not-in-family,White,Male,-107.53163,0.9481877,39.007866,United-States,<=50K
43.044724,Federal-gov,149595.78,Assoc-acdm,12.013292,Married-civ-spouse,Tech-support,Husband,White,Male,-107.442764,1.0438527,41.227932,United-States,<=50K
47.641373,Self-emp-not-inc,237338.25,Some-college,9.740598,Married-civ-spouse,Other-service,Wife,White,Female,-96.35487,1.4094228,52.199337,United-States,<=50K
25.239899,Private,254037.69,7th-8th,3.0954127,Married-civ-spouse,Machine-op-inspct,Other-relative,White,Female,-118.344864,0.79425704,33.77089,Mexico,<=50K
39.80817,Private,258840.97,Bachelors,13.004433,Married-civ-spouse,Exec-managerial,Husband,White,Male,1243.1998,1.0057591,42.826645,United-States,<=50K
34.412148,Private,155678.23,10th,5.7445006,Never-married,Machine-op-inspct,Not-in-family,White,Male,-123.30653,0.6094197,41.61806,United-States,<=50K
47.540195,Self-emp-not-inc,144185.17,Assoc-voc,6.960789,Married-civ-spouse,Exec-managerial,Husband,White,Male,-109.093155,1.2831181,66.72723,Greece,<=50K
42.371693,Private,123975.59,Bachelors,13.487257,Divorced,Sales,Unmarried,Other,Female,-107.272354,0.69510543,13.92433,South,<=50K
32.502365,Private,198530.9,HS-grad,9.028815,Married-civ-spouse,Craft-repair,Husband,White,Male,60.378643,1.014594,51.946327,United-States,<=50K
61.219116,Self-emp-inc,307731.66,Bachelors,13.003517,Separated,Other-service,Unmarried,White,Male,-108.42445,1.2796239,71.24567,Canada,<=50K
23.533318,Private,207122.52,HS-grad,9.034774,Married-civ-spouse,Machine-op-inspct,Husband,White,Male,-118.30946,0.49298748,25.080227,United-States,<=50K
50.504963,Self-emp-not-inc,214820.58,HS-grad,9.362991,Married-civ-spouse,Adm-clerical,Wife,White,Male,-104.324844,0.9648503,12.069307,United-States,<=50K
31.38792,Private,156250.0,Some-college,10.03557,Married-civ-spouse,Other-service,Husband,White,Male,-121.19838,0.39266095,10.173162,United-States,<=50K
51.870735,Private,164915.78,Some-college,8.001428,Married-civ-spouse,Machine-op-inspct,Husband,White,Male,-106.32362,1891.9829,38.291573,United-States,<=50K
62.033184,?,391863.4,Some-college,9.462194,Married-civ-spouse,?,Not-in-family,White,Male,173.10387,0.8511723,12.938084,United-States,<=50K
41.0257,Private,113363.41,Bachelors,12.997481,Divorced,Other-service,Not-in-family,White,Female,-105.26845,0.73165786,71.71993,United-States,<=50K
34.26513,Private,271259.47,HS-grad,9.028668,Separated,Adm-clerical,Not-in-family,White,Female,-105.59633,0.7410115,30.548449,United-States,<=50K
21.46087,Private,160387.34,Some-college,10.0303545,Never-married,Sales,Own-child,White,Female,-116.4706,0.62116134,36.209595,United-States,<=50K
42.496372,Private,277489.1,HS-grad,9.026237,Never-married,Craft-repair,Unmarried,White,Male,-107.53432,1.1834553,43.369274,United-States,<=50K
52.72656,Private,123362.94,Doctorate,14.320213,Widowed,Prof-specialty,Unmarried,White,Female,-114.9601,5.897643,18.763182,United-States,<=50K
23.090853,Private,189104.58,Some-college,10.027446,Never-married,Adm-clerical,Own-child,White,Male,-117.26161,1848.8043,40.051224,United-States,<=50K
41.056633,Private,158493.83,Masters,13.989187,Married-civ-spouse,Prof-specialty,Wife,Asian-Pac-Islander,Female,1667.0905,1.3131703,44.97109,Japan,<=50K
27.52883,Private,296326.62,7th-8th,4.3705554,Never-married,Farming-fishing,Own-child,White,Male,-116.90297,0.94347274,67.81356,United-States,<=50K
28.502207,Private,74199.54,Bachelors,13.001615,Married-civ-spouse,Exec-managerial,Wife,Asian-Pac-Islander,Female,-118.78749,0.61337173,30.000069,Ireland,<=50K
49.075718,Self-emp-inc,199078.94,Masters,13.982356,Married-spouse-absent,Sales,Not-in-family,Asian-Pac-Islander,Male,-106.9518,1.4350117,47.579063,El-Salvador,<=50K
29.98495,Self-emp-not-inc,179078.98,Assoc-voc,11.021645,Married-civ-spouse,Sales,Not-in-family,White,Male,1517.6124,0.99839675,49.129,Mexico,<=50K
49.244057,State-gov,207914.6,Some-college,10.027258,Divorced,Adm-clerical,Not-in-family,White,Female,-110.4435,0.9920262,39.838333,United-States,<=50K
37.30109,Private,105237.945,Assoc-voc,11.021687,Married-civ-spouse,Other-service,Wife,White,Female,-107.5038,0.7830876,43.367386,United-States,<=50K
59.492107,?,194898.31,HS-grad,8.894731,Divorced,?,Not-in-family,White,Male,-107.19594,0.6454686,11.430176,United-States,<=50K
32.12199,Private,161747.9,Assoc-voc,11.0235815,Never-married,Craft-repair,Not-in-family,White,Male,-125.834366,0.6343831,41.00427,United-States,<=50K
20.383478,?,210316.52,Some-college,9.536796,Never-married,?,Own-child,White,Male,-115.27797,1627.4266,23.072178,United-States,<=50K
23.653828,Private,141439.33,Some-college,10.027155,Never-married,Sales,Own-child,Other,Female,-117.85927,0.39746746,28.718166,Jamaica,<=50K
61.399147,?,122913.64,Some-college,10.431043,Widowed,?,Not-in-family,White,Female,-121.05336,0.38882336,8.532825,United-States,<=50K
35.59203,Private,205083.25,Bachelors,13.000766,Married-civ-spouse,Handlers-cleaners,Husband,White,Male,-115.616104,0.7215413,38.03156,United-States,<=50K
27.220543,Private,298456.28,Bachelors,13.141346,Never-married,Tech-support,Own-child,White,Male,-111.2726,0.9498967,45.643353,United-States,<=50K
21.178143,Private,217103.5,Some-college,9.536495,Never-married,Sales,Own-child,Asian-Pac-Islander,Male,-111.71767,0.582816,29.6523,Philippines,<=50K
44.64796,Self-emp-inc,152002.92,Some-college,9.787552,Never-married,Prof-specialty,Unmarried,White,Male,-127.466934,0.73430526,38.81729,United-States,<=50K
55.906857,Local-gov,204681.86,Some-college,10.030463,Divorced,Exec-managerial,Not-in-family,White,Male,-116.226456,1.0601643,41.531395,United-States,<=50K
21.098272,Private,166672.95,Some-college,10.033318,Never-married,Adm-clerical,Not-in-family,White,Male,-113.665665,0.4121922,26.165089,United-States,<=50K
26.32374,Private,197217.34,9th,4.5267797,Never-married,Machine-op-inspct,Own-child,White,Female,-128.00356,0.091650814,12.423767,Trinadad&Tobago,<=50K
28.14251,Private,149477.48,Some-college,9.531924,Divorced,Machine-op-inspct,Unmarried,Amer-Indian-Eskimo,Male,-111.88539,0.79672897,39.549004,United-States,<=50K
44.406105,State-gov,120508.695,11th,6.751304,Married-civ-spouse,Adm-clerical,Husband,White,Male,-102.16835,1.1351537,40.04755,United-States,<=50K
31.592773,Private,194718.69,HS-grad,9.030343,Never-married,Machine-op-inspct,Unmarried,White,Female,-112.03041,0.99663436,39.638645,United-States,<=50K
30.37135,Private,234019.64,Assoc-acdm,12.010471,Married-civ-spouse,Adm-clerical,Wife,White,Female,-109.97304,1.0176686,38.898518,United-States,<=50K
60.371426,Self-emp-not-inc,223662.84,HS-grad,9.029385,Married-civ-spouse,Transport-moving,Husband,White,Male,960.63403,1.3842686,36.70537,United-States,<=50K
28.641108,Self-emp-not-inc,249803.19,HS-grad,9.029934,Never-married,Sales,Not-in-family,White,Male,-120.67958,1.00183,49.511623,United-States,<=50K
21.276499,?,161164.55,Some-college,9.873157,Never-married,?,Not-in-family,White,Female,-128.80214,0.44369397,26.479498,United-States,<=50K
38.68791,Private,408355.34,Bachelors,13.004246,Married-civ-spouse,Exec-managerial,Other-relative,White,Male,-114.07753,1.087653,46.30024,United-States,<=50K
39.361683,Private,142815.22,9th,5.039703,Divorced,Machine-op-inspct,Not-in-family,White,Male,-103.528946,0.5254506,38.659893,United-States,<=50K
18.45467,Private,280156.28,10th,8.12186,Never-married,Other-service,Own-child,White,Male,-97.22719,0.24416241,13.835482,Vietnam,<=50K
63.431076,Private,186710.58,10th,4.5708933,Widowed,Other-service,Not-in-family,White,Male,-122.72426,0.22679028,18.812168,Italy,<=50K
55.588837,Private,117832.8,HS-grad,9.365265,Married-civ-spouse,Protective-serv,Husband,White,Male,-108.574356,0.87962234,39.807663,United-States,<=50K
45.41705,Private,229238.52,HS-grad,8.464022,Divorced,Priv-house-serv,Unmarried,White,Female,-81.485245,1.0441884,23.44328,Peru,<=50K
33.840485,Private,145348.55,Bachelors,13.001778,Married-civ-spouse,Sales,Wife,White,Female,-106.30092,1.0530614,48.368717,United-States,<=50K
39.484398,Private,135354.89,HS-grad,9.030051,Never-married,Craft-repair,Other-relative,White,Male,-99.95595,0.9035634,43.731453,United-States,<=50K
22.451473,Private,318037.78,HS-grad,9.279005,Never-married,Other-service,Unmarried,White,Male,-117.97621,0.91097915,41.94993,France,<=50K
38.91767,Local-gov,115640.01,Some-college,9.654207,Married-civ-spouse,Exec-managerial,Husband,White,Male,-120.88808,0.8361043,41.048134,United-States,<=50K
36.680977,Private,123432.03,Assoc-voc,11.020606,Divorced,Tech-support,Not-in-family,White,Female,292.49704,0.66474044,39.653446,United-States,<=50K
36.322178,State-gov,333922.66,HS-grad,9.028901,Never-married,Other-service,Unmarried,Black,Female,-93.310684,1.4815739,42.629814,United-States,<=50K
20.30122,?,145415.16,Some-college,10.033297,Never-married,?,Own-child,White,Female,-69.00893,0.38814434,19.278975,United-States,<=50K
40.77172,Private,173681.8,HS-grad,9.028438,Separated,Other-service,Unmarried,Black,Female,-89.445206,1.0597676,37.51582,United-States,<=50K
36.953873,Self-emp-not-inc,90803.84,HS-grad,8.900322,Married-civ-spouse,Exec-managerial,Husband,White,Male,-101.26039,1.0526341,48.686775,United-States,<=50K
25.499025,Federal-gov,383057.03,Assoc-acdm,12.016014,Never-married,Exec-managerial,Not-in-family,White,Male,-129.22694,1.0123814,33.19422,Poland,<=50K
27.933376,Private,175091.52,12th,8.046949,Married-civ-spouse,Machine-op-inspct,Husband,White,Male,-120.68471,0.68361557,41.234867,United-States,<=50K
40.811863,Federal-gov,324020.25,HS-grad,9.027281,Never-married,Adm-clerical,Not-in-family,White,Male,-114.70326,1.1223058,40.02519,United-States,<=50K
33.765472,Private,155310.92,10th,5.8245096,Married-civ-spouse,Machine-op-inspct,Own-child,White,Male,839.8982,0.7798451,45.058178,United-States,<=50K
30.89973,Private,194075.6,11th,7.032119,Married-civ-spouse,Craft-repair,Husband,White,Male,303.74765,0.7649754,40.260006,United-States,<=50K
30.028574,Self-emp-not-inc,152193.78,HS-grad,9.035299,Never-married,Craft-repair,Not-in-family,White,Male,-122.462296,0.7854146,35.29698,United-States,<=50K
53.50877,Private,135326.14,Assoc-voc,11.021695,Divorced,Other-service,Not-in-family,White,Male,-118.38051,0.28461346,25.642828,United-States,<=50K
39.155407,State-gov,144134.19,HS-grad,9.028276,Divorced,Craft-repair,Not-in-family,White,Male,-93.54726,1.1978139,40.04906,United-States,<=50K
27.125195,?,196142.52,Bachelors,13.0044365,Never-married,?,Not-in-family,White,Male,-119.45131,0.8454808,40.856777,United-States,<=50K
32.261517,Private,215880.28,Bachelors,13.004595,Married-civ-spouse,Exec-managerial,Husband,White,Male,-108.223526,0.9910344,44.95309,Iran,<=50K
41.04062,Private,212739.02,HS-grad,9.02363,Divorced,Exec-managerial,Unmarried,White,Female,-89.01039,1.1973027,43.984905,United-States,<=50K
27.215284,Private,212221.92,Some-college,10.030645,Never-married,Sales,Not-in-family,White,Male,-122.71132,0.69077957,38.114388,United-States,<=50K
35.57625,Private,210006.0,Assoc-acdm,13.029641,Never-married,Sales,Own-child,White,Male,-120.155655,0.9699925,48.185905,United-States,<=50K
37.194363,Private,189272.77,HS-grad,9.134555,Never-married,Prof-specialty,Not-in-family,White,Male,380.28976,0.5601872,39.228703,United-States,<=50K
60.185562,Private,176497.89,HS-grad,9.028344,Divorced,Sales,Not-in-family,White,Female,-106.88832,0.60982406,23.836777,United-States,<=50K
23.91757,State-gov,104131.625,Some-college,10.034406,Never-married,Tech-support,Not-in-family,White,Male,-128.32655,0.8177403,43.95096,United-States,<=50K
42.53928,Self-emp-not-inc,188235.3,Bachelors,13.006047,Married-civ-spouse,Prof-specialty,Husband,Asian-Pac-Islander,Male,-110.173965,1.1889104,40.045433,South,<=50K
55.198135,Self-emp-inc,69971.85,Bachelors,12.999811,Divorced,Prof-specialty,Unmarried,White,Female,1552.1501,0.83752334,44.794388,United-States,<=50K
29.102453,Private,218001.44,12th,8.042546,Married-civ-spouse,Other-service,Husband,White,Male,749.1936,0.6843022,38.376034,France,<=50K
61.540348,State-gov,201111.75,HS-grad,8.75046,Widowed,Adm-clerical,Not-in-family,White,Female,-110.42055,1.1188115,37.88044,United-States,<=50K
32.080017,Private,226471.47,HS-grad,9.030058,Married-civ-spouse,Machine-op-inspct,Husband,White,Male,-41.574116,0.95455825,40.626167,United-States,<=50K
25.00132,Private,200328.77,11th,7.0327773,Never-married,Craft-repair,Own-child,White,Male,481.24545,0.6642293,38.548584,United-States,<=50K
36.150017,Private,178492.64,Some-college,9.461132,Divorced,Other-service,Unmarried,Black,Female,721.69763,0.93571365,37.360703,United-States,<=50K
21.922955,Private,404533.2,5th-6th,3.3967495,Never-married,Priv-house-serv,Not-in-family,White,Male,-105.23012,0.6831044,38.418682,Mexico,<=50K
36.59781,Private,276169.88,Some-college,10.031882,Married-spouse-absent,Prof-specialty,Unmarried,Black,Female,-109.15932,0.98790634,38.054035,United-States,<=50K
45.07623,Private,197290.78,HS-grad,9.0311575,Married-civ-spouse,Other-service,Husband,Black,Male,268.45712,1.1369237,40.63892,United-States,<=50K
29.881512,Private,241572.3,HS-grad,9.027507,Never-married,Handlers-cleaners,Other-relative,White,Male,-117.36073,0.7240666,37.23282,Dominican-Republic,<=50K
20.345102,?,261008.44,Some-college,10.030619,Never-married,?,Own-child,White,Female,-126.04555,0.8642186,38.36853,United-States,<=50K
29.449966,Private,233192.0,Some-college,10.029044,Never-married,Adm-clerical,Not-in-family,White,Male,5.2442446,0.7541188,43.435425,United-States,<=50K
24.475716,Private,149405.56,Bachelors,13.004154,Never-married,Tech-support,Own-child,White,Male,130.27306,0.6891011,38.916645,United-States,<=50K
25.84352,Private,465815.03,Some-college,10.031545,Never-married,?,Own-child,Black,Male,-131.99379,1.0293492,40.041405,United-States,<=50K
64.65216,Private,182458.12,HS-grad,9.321907,Married-civ-spouse,Adm-clerical,Husband,White,Male,-114.12343,0.597144,18.825,United-States,<=50K
46.115673,Private,269953.25,HS-grad,9.275049,Divorced,Machine-op-inspct,Unmarried,Black,Female,-84.56508,1.508376,59.261353,United-States,<=50K
31.253944,State-gov,173460.78,Some-college,10.4564295,Married-civ-spouse,Protective-serv,Husband,White,Male,-109.3932,0.9383534,41.083736,United-States,<=50K
28.389458,Private,200729.11,Assoc-voc,11.025005,Never-married,Prof-specialty,Own-child,White,Female,-121.406876,0.49716076,37.468063,United-States,<=50K
34.479107,Private,378312.5,HS-grad,9.028052,Married-civ-spouse,Handlers-cleaners,Husband,White,Male,220.05443,0.96852005,38.99916,United-States,<=50K
44.343586,Federal-gov,225256.47,Assoc-voc,11.01847,Divorced,Exec-managerial,Unmarried,White,Male,-108.70155,2.4707325,35.180225,United-States,<=50K
56.34905,State-gov,96870.83,Masters,14.701606,Divorced,Prof-specialty,Not-in-family,White,Male,-114.78212,0.826064,53.19372,United-States,<=50K
26.533615,Federal-gov,39599.777,Some-college,8.80069,Never-married,Other-service,Unmarried,Amer-Indian-Eskimo,Male,-119.43349,0.81455123,40.051437,United-States,<=50K
58.181168,Federal-gov,80662.086,10th,6.0392313,Married-civ-spouse,Prof-specialty,Not-in-family,White,Male,-115.801895,0.7009877,35.547623,United-States,<=50K
38.523975,Private,136954.92,HS-grad,9.027059,Divorced,Other-service,Unmarried,White,Female,-93.628555,0.77162826,38.291,United-States,<=50K
55.442383,Local-gov,205041.31,11th,8.969737,Married-civ-spouse,Transport-moving,Husband,White,Male,-117.36342,0.87001693,22.51951,United-States,<=50K
24.242834,Private,188070.94,HS-grad,9.332968,Never-married,Handlers-cleaners,Own-child,White,Female,-120.04872,0.6309117,38.037697,United-States,<=50K
33.03657,Private,354533.53,Some-college,9.693286,Separated,Other-service,Unmarried,White,Female,-99.11903,1.3339223,43.28557,Mexico,<=50K
42.896717,Private,196334.73,10th,6.033467,Divorced,Craft-repair,Not-in-family,White,Male,-100.759415,0.91837204,41.346397,United-States,<=50K
35.04325,Private,165375.81,5th-6th,2.5745063,Never-married,Other-service,Unmarried,White,Female,-102.62099,0.9456929,44.0012,El-Salvador,<=50K
60.604656,Private,238307.17,Masters,13.988071,Married-civ-spouse,Sales,Husband,White,Male,878.0471,1.0117863,41.14768,United-States,<=50K
68.60319,State-gov,116598.04,Some-college,10.028886,Widowed,Adm-clerical,Not-in-family,White,Female,1611.7196,1.0319127,51.063457,United-States,<=50K
33.119774,Private,220816.97,10th,5.9096494,Divorced,Machine-op-inspct,Not-in-family,White,Male,-102.99989,0.7771443,42.057514,United-States,<=50K
52.123596,Private,271107.03,Some-college,10.024793,Widowed,Sales,Not-in-family,White,Male,-117.47768,0.96686447,49.32711,United-States,<=50K
39.438957,?,230466.45,11th,8.749289,Divorced,?,Own-child,White,Male,-91.60683,1.1011037,51.23269,United-States,<=50K
42.21037,Private,191056.45,11th,7.0288234,Divorced,Other-service,Not-in-family,White,Female,-102.531876,0.71250045,37.917995,United-States,<=50K
29.336288,Private,220425.48,Bachelors,13.005018,Never-married,Sales,Not-in-family,White,Male,-109.383194,1793.1366,44.32074,United-States,<=50K
53.029823,Self-emp-not-inc,262329.06,Masters,13.984313,Widowed,Other-service,Not-in-family,White,Male,-115.96205,0.93218887,22.440605,United-States,<=50K
20.435278,State-gov,143538.64,Some-college,10.032996,Never-married,Other-service,Own-child,White,Male,-119.351944,0.4554356,15.400234,United-States,<=50K
46.015324,Private,164353.72,Some-college,10.028305,Never-married,Craft-repair,Not-in-family,White,Male,-111.603165,0.989066,43.23059,Peru,<=50K
46.603603,?,221043.25,Some-college,9.648934,Married-civ-spouse,?,Wife,White,Female,-110.06459,0.72170913,15.081697,United-States,<=50K
38.59553,Private,180804.06,HS-grad,9.027497,Married-spouse-absent,Other-service,Other-relative,Asian-Pac-Islander,Female,-89.67909,1.1262578,42.44163,United-States,<=50K
29.464638,Private,191300.39,Some-college,10.030888,Never-married,Machine-op-inspct,Not-in-family,White,Male,-128.38515,0.7352437,41.62768,United-States,<=50K
67.75927,State-gov,270370.7,Bachelors,13.00654,Married-civ-spouse,Prof-specialty,Husband,White,Male,-118.25844,0.64151657,16.013931,United-States,<=50K
42.42988,Private,268016.72,HS-grad,9.026571,Married-civ-spouse,Sales,Husband,White,Male,831.74756,1.1800145,39.219067,Mexico,<=50K
42.601646,Private,189747.83,HS-grad,9.03177,Never-married,Other-service,Not-in-family,White,Male,-119.66225,0.74680984,39.768295,United-States,<=50K
31.477238,Self-emp-not-inc,89819.59,HS-grad,9.029522,Divorced,Adm-clerical,Not-in-family,White,Male,1190.7739,0.83459365,47.607677,United-States,<=50K
30.440104,Private,226256.08,Assoc-voc,11.025989,Never-married,Prof-specialty,Not-in-family,Black,Male,-127.05751,0.64441574,38.821026,United-States,<=50K
23.969303,Private,165433.42,Some-college,10.22978,Never-married,Adm-clerical,Own-child,White,Female,-127.20009,0.6909245,40.61513,Ecuador,<=50K
23.811872,Private,205509.36,Assoc-acdm,12.015251,Never-married,Sales,Own-child,White,Male,-116.938614,0.72083175,33.127304,United-States,<=50K
58.200993,Private,143594.45,Some-college,9.535453,Never-married,Adm-clerical,Not-in-family,White,Female,-126.77528,0.75343215,39.017284,United-States,<=50K
26.993517,Private,198764.5,Some-college,10.032399,Never-married,Exec-managerial,Not-in-family,White,Female,316.7861,0.7096547,38.771835,United-States,<=50K
27.384687,Private,253710.27,Assoc-voc,11.024118,Never-married,Exec-managerial,Own-child,Black,Male,-123.00893,0.6601628,34.91359,United-States,<=50K
25.242235,Private,161941.86,11th,7.0305023,Never-married,Handlers-cleaners,Own-child,White,Male,-107.501114,0.4584187,38.339798,United-States,<=50K
38.715828,Private,88384.62,Preschool,1.0527147,Never-married,Other-service,Not-in-family,White,Male,-132.4872,0.07655224,24.633503,United-States,<=50K
48.15232,Private,310929.22,HS-grad,9.275805,Married-civ-spouse,Prof-specialty,Husband,White,Male,833.3878,1.1920689,87.21368,United-States,<=50K
51.441544,Private,149955.78,Bachelors,13.007097,Never-married,Adm-clerical,Not-in-family,White,Male,-116.04091,0.82854354,38.456642,United-States,<=50K
34.3667,Private,90563.77,HS-grad,9.031023,Married-civ-spouse,Handlers-cleaners,Husband,Amer-Indian-Eskimo,Male,-108.0099,0.82470596,41.383106,United-States,<=50K
29.499187,Self-emp-not-inc,120370.555,Some-college,10.171049,Never-married,Farming-fishing,Own-child,White,Male,-118.4059,0.8469914,63.96474,United-States,<=50K
35.01795,Private,271995.62,HS-grad,9.277967,Never-married,Exec-managerial,Not-in-family,White,Female,-108.85414,1.0643986,41.23604,England,<=50K
37.217644,Private,225503.44,Assoc-acdm,12.401622,Divorced,Adm-clerical,Not-in-family,White,Male,510.6589,0.87100875,40.274937,United-States,<=50K
35.381886,Private,261925.6,Bachelors,13.006088,Never-married,Sales,Not-in-family,Asian-Pac-Islander,Male,-112.81117,1.1396474,50.116623,United-States,<=50K
37.34226,Self-emp-not-inc,197255.36,11th,6.654044,Married-civ-spouse,Craft-repair,Husband,White,Male,-98.53163,1.1557072,39.869915,United-States,<=50K
33.305603,Self-emp-inc,106821.805,Some-college,10.03098,Married-civ-spouse,Exec-managerial,Husband,White,Male,-114.43886,0.84409225,76.53675,United-States,<=50K
42.004276,Private,133571.5,Bachelors,13.00182,Separated,Prof-specialty,Unmarried,White,Female,-117.449844,0.62715805,41.081524,United-States,<=50K
23.946098,Private,157830.33,Some-college,9.410586,Never-married,Handlers-cleaners,Unmarried,White,Male,-119.987686,0.6481694,40.493153,United-States,<=50K
43.67031,Private,113391.71,Some-college,10.029768,Married-civ-spouse,Transport-moving,Husband,White,Male,128.19786,0.85076797,51.77178,United-States,<=50K
39.765354,Self-emp-inc,234467.55,Some-college,9.525077,Divorced,Craft-repair,Unmarried,White,Male,1285.6517,1.3426198,53.6087,United-States,<=50K
27.422302,Private,157910.86,Bachelors,13.007114,Never-married,Prof-specialty,Not-in-family,Asian-Pac-Islander,Female,-121.658585,0.87334335,40.050735,Philippines,<=50K
32.984116,Private,247676.25,HS-grad,8.54418,Divorced,Craft-repair,Own-child,White,Male,-93.702286,0.9582814,41.38137,United-States,<=50K
33.926556,Private,59987.94,Some-college,9.388828,Married-civ-spouse,Other-service,Husband,Asian-Pac-Islander,Male,-123.82533,0.67995346,53.081577,Taiwan,<=50K
47.50588,Self-emp-not-inc,127217.79,HS-grad,9.031326,Married-civ-spouse,Craft-repair,Husband,White,Male,182.77782,1.204749,38.32419,United-States,<=50K
26.522013,Private,241639.36,Some-college,9.834733,Never-married,Machine-op-inspct,Own-child,White,Male,-129.55482,0.82584274,40.04664,Mexico,<=50K
20.8477,Private,185524.06,Some-college,10.030112,Never-married,Exec-managerial,Own-child,White,Male,-115.92641,0.68617904,40.346573,United-States,<=50K
37.259853,Self-emp-inc,125063.2,HS-grad,9.029796,Married-civ-spouse,Sales,Husband,White,Male,-99.09877,0.9639958,55.10798,United-States,<=50K
55.545086,Local-gov,178085.23,HS-grad,9.36482,Divorced,Transport-moving,Unmarried,White,Male,-111.3871,1.132346,37.995285,United-States,<=50K
32.447758,Private,211928.48,11th,7.035367,Married-civ-spouse,Machine-op-inspct,Husband,White,Male,-114.76674,0.77032363,40.078255,United-States,<=50K
38.516262,Federal-gov,102741.02,Some-college,10.028751,Divorced,Machine-op-inspct,Unmarried,White,Male,-113.43178,0.8732823,40.04207,United-States,<=50K
35.95437,Private,184573.4,10th,5.8221364,Separated,Sales,Unmarried,White,Female,-101.50966,0.8526753,38.3122,United-States,<=50K
51.104702,Self-emp-inc,154667.23,Prof-school,11.0078,Never-married,Exec-managerial,Not-in-family,White,Male,-110.95717,2123.8552,50.12827,United-States,<=50K
48.511154,Private,167274.52,HS-grad,9.023053,Separated,Prof-specialty,Own-child,Other,Female,-99.86171,1.1274785,49.168533,Puerto-Rico,<=50K
36.69733,Self-emp-not-inc,183336.36,HS-grad,9.032959,Married-civ-spouse,Prof-specialty,Husband,White,Male,579.9252,0.73248184,35.818207,United-States,<=50K
44.868046,Private,138044.02,Some-college,10.0325985,Married-civ-spouse,Other-service,Husband,White,Male,-120.29286,0.6314,38.108807,United-States,<=50K
43.267536,Self-emp-not-inc,231391.95,HS-grad,9.023345,Married-spouse-absent,Transport-moving,Not-in-family,White,Male,-93.22426,1.4263982,74.34132,United-States,<=50K
59.740646,Private,273962.97,10th,5.0711355,Married-civ-spouse,Transport-moving,Husband,White,Male,-107.87514,1.1564778,41.3087,United-States,<=50K
23.952219,Private,235748.36,HS-grad,8.466579,Married-civ-spouse,Handlers-cleaners,Not-in-family,Other,Male,-111.651505,0.65962875,37.27933,United-States,<=50K
31.990747,State-gov,191480.08,Some-college,10.02658,Never-married,Farming-fishing,Own-child,White,Male,-106.31874,1.0029973,50.728725,United-States,<=50K
46.08281,Self-emp-not-inc,199744.97,5th-6th,3.0227056,Married-civ-spouse,Other-service,Not-in-family,White,Male,1239.1233,0.82408035,15.010895,China,<=50K
25.951363,Private,127776.016,HS-grad,9.03328,Never-married,Adm-clerical,Not-in-family,White,Female,214.77757,0.6292943,39.948814,United-States,<=50K
29.33699,Private,392405.53,Bachelors,13.006946,Never-married,Prof-specialty,Not-in-family,White,Female,-111.70741,0.55512893,29.4453,United-States,<=50K
29.603533,Private,392747.84,Bachelors,13.006069,Never-married,Exec-managerial,Not-in-family,White,Male,-114.09047,0.9680623,44.210308,United-States,<=50K
29.48208,Private,187754.47,Bachelors,13.003314,Married-civ-spouse,Prof-specialty,Husband,White,Male,948.3052,0.5583943,39.289886,United-States,<=50K
44.032364,Private,259385.45,5th-6th,2.8961868,Married-civ-spouse,Machine-op-inspct,Husband,White,Male,-104.47499,1.0594014,40.04432,Mexico,<=50K
28.334967,Private,264764.88,Bachelors,13.005322,Never-married,Prof-specialty,Unmarried,White,Female,-113.75722,0.8394536,40.281147,United-States,<=50K
72.25159,Private,211897.48,11th,5.6142316,Never-married,?,Not-in-family,White,Female,-114.916885,1.366927,85.32889,United-States,<=50K
41.028233,Private,210328.45,Masters,14.349482,Married-civ-spouse,Prof-specialty,Wife,White,Female,437.80942,0.78709304,34.465702,United-States,<=50K
40.440056,Private,84559.914,9th,4.0868335,Married-civ-spouse,Machine-op-inspct,Wife,Other,Female,-113.05531,0.6440495,40.069126,Vietnam,<=50K
33.566566,Private,100844.414,Some-college,9.534622,Separated,Craft-repair,Not-in-family,White,Male,-112.08119,2016.1858,49.947464,United-States,<=50K
33.291534,Private,247832.94,9th,4.0338573,Never-married,Priv-house-serv,Unmarried,White,Female,-104.859024,0.6790379,30.911295,El-Salvador,<=50K
44.890476,?,296096.9,HS-grad,9.029541,Married-civ-spouse,?,Husband,White,Male,-105.75917,1.1511067,39.46906,United-States,<=50K
19.58325,Self-emp-not-inc,66444.375,Some-college,9.540176,Never-married,Farming-fishing,Own-child,White,Male,-104.14931,0.79482925,38.844578,United-States,<=50K
63.025414,Private,106744.26,Assoc-voc,7.349696,Married-civ-spouse,Priv-house-serv,Wife,White,Female,-100.65517,0.8099507,10.70072,United-States,<=50K
24.785807,Private,155010.22,HS-grad,9.030444,Never-married,Handlers-cleaners,Own-child,White,Male,-118.57387,0.61408126,41.432026,United-States,<=50K
17.54933,Private,128854.68,10th,6.1654844,Never-married,Other-service,Own-child,White,Male,-88.33388,0.16635785,25.517435,United-States,<=50K
41.217255,Private,176129.92,HS-grad,9.023502,Separated,Adm-clerical,Own-child,White,Female,-89.64101,1.1199788,40.042316,United-States,<=50K
49.804295,Private,212493.03,HS-grad,9.029031,Divorced,Other-service,Other-relative,Black,Female,-85.54164,0.9848088,34.09265,United-States,<=50K
44.170265,Private,229053.75,Some-college,9.527534,Divorced,Exec-managerial,Not-in-family,White,Female,-99.60243,1.012946,63.64713,United-States,<=50K
31.638504,Private,202168.27,Masters,14.492929,Never-married,Prof-specialty,Own-child,White,Male,-112.343155,0.58690536,34.052006,United-States,<=50K
37.22282,Private,212048.22,HS-grad,9.025772,Separated,Handlers-cleaners,Unmarried,White,Male,-105.94472,0.90313613,38.14332,United-States,<=50K
26.351915,State-gov,284491.44,Some-college,10.031755,Never-married,Prof-specialty,Own-child,Black,Male,-125.3893,1.0137166,40.04735,United-States,<=50K
29.261545,Private,131617.14,Some-college,9.834713,Never-married,Machine-op-inspct,Not-in-family,Asian-Pac-Islander,Male,-128.25526,0.8712071,40.037994,Philippines,<=50K
65.81624,Private,402661.06,Some-college,9.430739,Widowed,Adm-clerical,Not-in-family,White,Female,334.03342,0.79488266,21.55354,United-States,<=50K
36.787197,Self-emp-not-inc,246099.8,Bachelors,13.000339,Divorced,Prof-specialty,Not-in-family,White,Female,-110.91664,1645.995,40.737595,United-States,<=50K
51.880493,Private,202214.38,Some-college,9.547933,Widowed,Sales,Unmarried,White,Female,-112.429825,0.8051442,32.224213,United-States,<=50K
26.693115,Private,306282.22,Bachelors,12.699182,Never-married,Prof-specialty,Other-relative,White,Female,-114.85585,0.77554977,40.04543,United-States,<=50K
31.708113,Private,128639.68,HS-grad,9.031755,Married-civ-spouse,Other-service,Husband,White,Male,-114.02675,0.77014816,41.61718,Guatemala,<=50K
34.978443,Private,114734.46,Bachelors,13.005125,Never-married,Tech-support,Not-in-family,Asian-Pac-Islander,Male,1118.3975,0.893607,42.406124,United-States,<=50K
25.098688,Private,68719.39,HS-grad,9.033435,Never-married,Craft-repair,Own-child,White,Male,-111.5829,0.65345657,39.545647,United-States,<=50K
71.99074,?,136206.31,HS-grad,9.034791,Widowed,?,Not-in-family,White,Male,508.7109,0.5916585,13.985741,United-States,<=50K
39.052822,Private,139479.64,HS-grad,9.026208,Divorced,Sales,Unmarried,White,Female,-98.04335,0.75093734,35.51208,United-States,<=50K
30.637466,Private,228545.06,HS-grad,8.464774,Never-married,Handlers-cleaners,Other-relative,Black,Male,-103.07631,1724.8375,40.048744,United-States,<=50K
47.322823,Private,140815.28,HS-grad,9.029568,Married-civ-spouse,Sales,Wife,White,Female,575.4291,0.65820205,21.777227,United-States,<=50K
36.6102,State-gov,100282.055,HS-grad,9.1993,Married-civ-spouse,Adm-clerical,Wife,White,Female,611.4265,1.0912694,39.24585,United-States,<=50K
45.758846,Private,235943.72,HS-grad,9.024828,Divorced,?,Unmarried,White,Female,-88.094864,1.0984868,33.188255,United-States,<=50K
26.23678,Private,208752.34,HS-grad,9.030042,Never-married,Other-service,Not-in-family,White,Male,-121.59511,1760.0199,44.061455,United-States,<=50K
39.47053,Self-emp-not-inc,253220.27,HS-grad,9.275484,Married-civ-spouse,Farming-fishing,Husband,White,Male,567.75903,1.5726537,78.25572,United-States,<=50K
25.178312,Private,392145.16,HS-grad,9.025805,Never-married,Craft-repair,Own-child,White,Male,-120.44545,1.0032567,43.670914,United-States,<=50K
73.78479,Private,170591.23,HS-grad,7.7356286,Never-married,Other-service,Own-child,White,Female,2187.8374,0.6186589,32.667934,United-States,<=50K
24.879574,Private,166252.52,HS-grad,9.0312605,Never-married,Machine-op-inspct,Own-child,White,Male,91.707016,0.68952835,39.13341,United-States,<=50K
18.036308,Private,250237.39,12th,8.052581,Never-married,Prof-specialty,Not-in-family,White,Female,-105.01161,0.31526074,17.898949,Thailand,<=50K
52.92239,Private,130884.695,Assoc-acdm,8.758299,Divorced,Tech-support,Unmarried,White,Female,-97.756,1.0954198,39.00003,Columbia,<=50K
45.773666,Private,205066.44,HS-grad,9.029787,Married-civ-spouse,Other-service,Wife,White,Female,-97.55263,0.660735,10.364803,United-States,<=50K
39.392776,Self-emp-not-inc,98609.49,Assoc-acdm,12.012699,Never-married,Other-service,Own-child,White,Male,-108.83632,1.0213307,49.099335,United-States,<=50K
38.199398,Private,151151.78,Assoc-voc,11.344937,Married-civ-spouse,Craft-repair,Husband,White,Male,-109.78993,0.8558339,45.01035,Scotland,<=50K
57.0996,Self-emp-not-inc,199879.72,Some-college,10.029175,Married-civ-spouse,Transport-moving,Husband,White,Male,466.14462,1.2435826,46.94608,United-States,<=50K
43.744534,Private,268175.7,Bachelors,13.001894,Divorced,Prof-specialty,Unmarried,Black,Male,2050.0652,0.9194783,37.663578,United-States,<=50K
26.51012,Private,210161.06,Assoc-acdm,12.015292,Married-civ-spouse,Handlers-cleaners,Husband,White,Male,-125.191055,0.80499923,40.034187,Guatemala,<=50K
23.667923,Private,382491.8,HS-grad,9.171843,Never-married,Handlers-cleaners,Own-child,Black,Male,-116.40468,0.8804463,41.0989,United-States,<=50K
24.96939,Private,330754.2,Some-college,10.526035,Never-married,Adm-clerical,Own-child,Asian-Pac-Islander,Male,-128.08754,1.0504445,40.032112,Philippines,<=50K
50.942593,Private,215638.62,Some-college,10.029266,Married-civ-spouse,Sales,Husband,White,Male,929.827,0.90822494,40.286892,United-States,<=50K
34.93192,State-gov,274021.28,Some-college,10.027461,Separated,Tech-support,Unmarried,White,Female,-99.058,1.2841481,43.249687,United-States,<=50K
50.817715,Federal-gov,137807.94,HS-grad,9.027555,Divorced,Adm-clerical,Not-in-family,White,Female,-100.21278,1.0360326,39.58306,United-States,<=50K
22.035305,Private,342643.22,10th,5.656281,Never-married,Handlers-cleaners,Own-child,White,Male,-15.45888,0.56797683,39.37714,United-States,<=50K
42.811188,Self-emp-not-inc,81265.54,HS-grad,9.033048,Married-civ-spouse,Machine-op-inspct,Husband,White,Male,-107.90297,1.0270451,39.357094,United-States,<=50K
17.907215,Private,119544.7,10th,6.033911,Never-married,Other-service,Own-child,White,Female,-88.519424,0.22380719,19.961512,United-States,<=50K
29.84073,Federal-gov,176237.28,Bachelors,13.00709,Never-married,Prof-specialty,Not-in-family,White,Male,-115.72035,0.70294845,44.00747,United-States,<=50K
17.890932,Self-emp-not-inc,144965.02,11th,6.3746,Never-married,Craft-repair,Own-child,White,Male,-89.49867,0.44730267,25.156353,United-States,<=50K
41.687878,Private,138487.05,Some-college,10.0295315,Divorced,Prof-specialty,Unmarried,White,Female,506.61545,0.79244125,41.477222,United-States,<=50K
46.03825,Private,147010.27,HS-grad,9.026672,Married-civ-spouse,Transport-moving,Husband,White,Male,-96.10805,1954.1774,46.738625,United-States,<=50K
46.3728,State-gov,195734.31,HS-grad,9.030527,Married-civ-spouse,Craft-repair,Husband,White,Male,-96.57851,1.3381032,40.18054,United-States,<=50K
43.263542,Private,300339.62,HS-grad,9.024474,Separated,Adm-clerical,Unmarried,White,Female,-95.497696,0.96829116,26.295237,Columbia,<=50K
26.940983,Private,371535.6,12th,6.1377034,Never-married,Handlers-cleaners,Unmarried,White,Male,-120.1913,0.6959523,40.031155,United-States,<=50K
29.94882,Private,257209.28,Some-college,11.539079,Separated,Tech-support,Own-child,White,Male,-106.341446,0.87637985,54.7977,United-States,<=50K
29.990465,Private,232773.55,Bachelors,13.491436,Never-married,Prof-specialty,Not-in-family,Asian-Pac-Islander,Male,-118.034805,0.36227307,3.4481661,Japan,<=50K
41.281483,State-gov,156336.95,Some-college,10.028494,Divorced,Adm-clerical,Unmarried,White,Female,-99.01747,1.065566,39.447254,United-States,<=50K
36.059513,Local-gov,276524.5,HS-grad,9.025666,Divorced,Other-service,Unmarried,White,Female,691.9663,1.4047612,46.136925,United-States,<=50K
54.64487,Private,61109.434,HS-grad,9.027368,Separated,Machine-op-inspct,Not-in-family,Amer-Indian-Eskimo,Female,-112.35097,1.0319356,38.387165,United-States,<=50K
23.197432,Private,178905.97,Some-college,9.535454,Never-married,Machine-op-inspct,Own-child,Black,Male,231.68407,0.8364171,40.62652,United-States,<=50K
49.480785,State-gov,102457.48,Some-college,10.03124,Married-civ-spouse,Adm-clerical,Husband,White,Male,-116.48329,1.0095357,38.99977,United-States,<=50K
55.58841,Self-emp-not-inc,61499.88,11th,5.9256697,Married-civ-spouse,Farming-fishing,Husband,White,Male,-116.35121,1.3166646,64.216354,United-States,<=50K
39.33092,Federal-gov,399882.22,Some-college,9.697913,Married-civ-spouse,Transport-moving,Husband,White,Male,-101.87343,1.3775548,64.95544,United-States,<=50K
42.171646,Local-gov,86775.93,Assoc-acdm,12.012362,Divorced,Adm-clerical,Unmarried,White,Female,-111.93129,0.6977452,21.150387,United-States,<=50K
62.500916,Self-emp-not-inc,232054.19,7th-8th,4.0573697,Married-civ-spouse,Farming-fishing,Husband,White,Male,-103.879776,1.4368886,47.662918,United-States,<=50K
27.951124,Private,107297.56,Some-college,10.035624,Never-married,Other-service,Not-in-family,White,Male,-124.35683,0.40158734,28.128374,United-States,<=50K
23.538446,Private,50606.98,Some-college,10.03319,Never-married,Transport-moving,Not-in-family,White,Male,428.36948,0.6323384,45.283607,United-States,<=50K
25.527884,Private,217731.42,HS-grad,9.028576,Never-married,Adm-clerical,Own-child,Black,Male,-114.05727,0.89551437,42.281452,United-States,<=50K
32.213062,Private,226609.17,HS-grad,9.029919,Married-civ-spouse,Transport-moving,Husband,White,Male,-102.69472,0.89133346,37.873962,United-States,<=50K
27.210665,Private,179252.44,HS-grad,9.02944,Never-married,Adm-clerical,Not-in-family,White,Female,-115.20668,1792.46,40.28651,United-States,<=50K
34.671688,Private,90761.06,1st-4th,2.4011111,Married-civ-spouse,Other-service,Husband,White,Male,-112.780655,0.55274093,42.092438,Mexico,<=50K
27.248154,Private,224026.28,HS-grad,9.030979,Never-married,Tech-support,Not-in-family,White,Male,870.2169,0.820464,43.959797,United-States,<=50K
52.80127,Private,206154.19,11th,6.5779896,Married-civ-spouse,Handlers-cleaners,Husband,Black,Male,675.599,1.2475575,41.220085,United-States,<=50K
41.719994,Private,411322.16,HS-grad,9.02107,Divorced,Adm-clerical,Unmarried,White,Female,-93.0182,1.1566457,37.984932,United-States,<=50K
32.583706,Private,237575.92,Some-college,9.919397,Married-civ-spouse,Other-service,Wife,White,Female,380.80087,0.5464009,18.645248,United-States,<=50K
33.969276,Private,95540.91,Assoc-acdm,12.54051,Never-married,Tech-support,Not-in-family,White,Female,-121.76796,0.81278884,38.87136,United-States,<=50K
26.967615,Private,161632.64,Some-college,10.030493,Never-married,Exec-managerial,Own-child,Asian-Pac-Islander,Male,-124.183975,1.0282124,42.47595,England,<=50K
28.687174,Private,245889.38,10th,5.2463284,Married-civ-spouse,Farming-fishing,Husband,White,Male,-110.87074,0.70835006,36.621822,United-States,<=50K
31.417479,Private,104574.305,Some-college,10.03097,Married-civ-spouse,Craft-repair,Husband,White,Male,-116.567276,1920.5963,41.244465,United-States,<=50K
30.291039,Local-gov,207071.38,Masters,13.9893675,Never-married,Prof-specialty,Not-in-family,White,Female,118.592636,0.8570851,46.561253,United-States,<=50K
25.665789,Private,243509.3,Bachelors,13.00539,Never-married,Tech-support,Own-child,White,Female,-114.54799,1.0404118,40.052227,Mexico,<=50K
48.231518,Private,139325.6,7th-8th,5.102285,Married-civ-spouse,Machine-op-inspct,Husband,Other,Male,-104.65297,0.8009099,39.35489,Philippines,<=50K
44.469814,Private,215471.98,9th,5.0388246,Divorced,Craft-repair,Not-in-family,White,Male,-97.183975,1.0175236,43.26865,United-States,<=50K
48.10653,Federal-gov,197016.78,HS-grad,9.027118,Divorced,Adm-clerical,Unmarried,White,Female,-88.45595,0.99930465,19.356596,United-States,<=50K
39.397057,Private,224358.48,Some-college,9.53123,Divorced,Adm-clerical,Not-in-family,Black,Female,-96.98036,0.9672078,39.402214,United-States,<=50K
31.012888,Private,157810.62,Some-college,9.527508,Married-civ-spouse,Machine-op-inspct,Wife,Other,Female,-103.4474,1672.6072,37.590813,?,<=50K
38.912224,Private,156845.48,Bachelors,13.002488,Married-civ-spouse,Craft-repair,Husband,White,Male,121.387436,0.84496963,44.420425,United-States,<=50K
30.011448,Private,186321.03,Doctorate,15.9686165,Married-civ-spouse,Prof-specialty,Husband,Asian-Pac-Islander,Male,-124.013565,0.81691635,48.95398,El-Salvador,<=50K
31.472063,Private,191790.62,HS-grad,9.02737,Never-married,Other-service,Not-in-family,Other,Male,-107.71474,0.99876297,44.014908,Puerto-Rico,<=50K
42.658566,Private,222578.17,Some-college,10.027709,Divorced,Machine-op-inspct,Not-in-family,White,Male,-111.65907,1685.1554,37.65136,United-States,<=50K
36.140957,Private,210551.5,Some-college,9.645876,Married-civ-spouse,Other-service,Wife,White,Female,-107.47328,0.80323684,39.09671,United-States,<=50K
55.76916,Private,127872.87,HS-grad,9.175788,Widowed,Other-service,Unmarried,White,Female,-105.54555,0.6771077,26.87404,United-States,<=50K
45.473133,Local-gov,121039.82,10th,5.061986,Never-married,Other-service,Unmarried,Black,Female,-108.12416,1.0754308,44.06517,United-States,<=50K
45.51333,Private,340560.84,Some-college,10.772617,Married-civ-spouse,Sales,Husband,White,Male,-113.55629,1897.605,46.129585,United-States,<=50K
50.719036,Self-emp-not-inc,146610.77,HS-grad,9.279294,Married-civ-spouse,Sales,Wife,White,Female,-102.24208,1.0292119,32.367268,United-States,<=50K
22.099781,Private,171317.7,Some-college,10.031135,Never-married,Other-service,Own-child,White,Female,-118.02455,0.57852066,37.360535,United-States,<=50K
18.632631,Private,126897.03,11th,7.037896,Never-married,Sales,Not-in-family,White,Male,-95.02211,0.1761311,19.09804,United-States,<=50K
34.704575,Self-emp-inc,371088.25,HS-grad,9.027034,Married-civ-spouse,Craft-repair,Husband,White,Male,-100.978165,1.3575734,47.110836,United-States,<=50K
26.267853,?,256760.38,Assoc-voc,11.021621,Never-married,?,Own-child,White,Male,-124.03139,0.80321395,40.037445,United-States,<=50K
30.439453,Private,280847.84,HS-grad,9.02598,Separated,Sales,Unmarried,Black,Female,-102.24208,1.1351537,40.02826,United-States,<=50K
82.480576,Self-emp-not-inc,137242.98,Doctorate,14.476025,Widowed,Prof-specialty,Not-in-family,White,Male,447.86996,0.8702992,51.655743,United-States,<=50K
27.859856,Private,171907.42,Bachelors,13.00661,Never-married,Sales,Not-in-family,White,Male,-114.15907,0.821494,44.593353,United-States,<=50K
56.350956,Private,135274.34,Bachelors,13.00306,Divorced,Sales,Not-in-family,White,Male,-110.4308,0.75968826,42.415073,United-States,<=50K
28.757011,Federal-gov,209116.58,Bachelors,13.0059,Never-married,Exec-managerial,Not-in-family,White,Male,260.40317,0.9329289,42.885563,United-States,<=50K
65.61197,Private,215680.31,Some-college,10.026693,Widowed,Machine-op-inspct,Not-in-family,White,Female,-120.12514,0.8509129,34.38112,India,<=50K
22.082518,Private,182151.1,12th,8.047137,Never-married,Other-service,Own-child,White,Male,-114.18446,0.5275258,37.040142,United-States,<=50K
56.28712,Self-emp-inc,190581.89,Some-college,10.028303,Married-civ-spouse,Sales,Husband,White,Male,-120.226944,0.95126235,45.655094,United-States,<=50K
40.346928,Local-gov,102436.984,Masters,13.986958,Never-married,Prof-specialty,Not-in-family,White,Female,-119.863174,2075.897,56.936172,United-States,<=50K
23.940586,Private,237074.06,11th,7.0320234,Never-married,?,Other-relative,White,Male,-115.364395,0.75036514,37.28884,Mexico,<=50K
36.14284,Private,97538.34,Some-college,10.027763,Divorced,Exec-managerial,Unmarried,White,Male,-108.671036,0.81250656,38.420277,England,<=50K
23.735716,Federal-gov,193200.64,Some-college,10.030739,Never-married,Machine-op-inspct,Own-child,White,Male,-130.09901,0.81034744,38.872307,United-States,<=50K
40.42529,Self-emp-inc,208279.67,Bachelors,13.003616,Divorced,Sales,Not-in-family,White,Male,-112.86464,0.9538182,44.23553,United-States,<=50K
28.963718,Private,97963.96,Some-college,10.031241,Never-married,Craft-repair,Not-in-family,White,Male,-120.626114,0.7347554,41.013565,Mexico,<=50K
17.343056,Private,188583.95,11th,6.861476,Never-married,Prof-specialty,Own-child,White,Male,-96.50746,0.47286114,39.0846,United-States,<=50K
76.47982,Local-gov,155575.17,11th,7.615628,Married-civ-spouse,Exec-managerial,Husband,White,Male,-121.439835,0.6356877,17.457228,United-States,<=50K
31.843332,Private,211453.77,Assoc-acdm,12.014184,Never-married,Exec-managerial,Not-in-family,White,Female,390.17734,0.95072067,41.363983,United-States,<=50K
23.415287,Private,111884.2,HS-grad,9.034208,Never-married,Craft-repair,Unmarried,White,Male,-116.35121,0.6876286,40.405422,United-States,<=50K
58.246304,Private,186801.7,10th,6.3913884,Widowed,Other-service,Not-in-family,White,Female,-106.9518,1.0407475,40.32715,United-States,<=50K
47.848423,Private,216286.6,Bachelors,13.002051,Separated,Machine-op-inspct,Unmarried,White,Female,1025.0786,1.0234975,39.05849,United-States,<=50K
39.61117,Private,293435.12,9th,5.0427136,Married-civ-spouse,Transport-moving,Husband,White,Male,-97.30336,1.2272633,40.829346,United-States,<=50K
32.02063,Private,180328.36,HS-grad,9.3682995,Never-married,Farming-fishing,Not-in-family,Black,Male,92.98363,0.9914006,56.627693,United-States,<=50K
38.511673,Private,130672.836,Assoc-voc,10.030513,Never-married,Sales,Not-in-family,White,Female,-122.74696,0.7084645,40.03537,Poland,<=50K
34.00463,Private,128446.48,HS-grad,9.023911,Divorced,Craft-repair,Unmarried,White,Male,-99.752335,0.85730636,43.250114,Portugal,<=50K
30.185728,Private,156860.22,Some-college,9.532377,Divorced,Prof-specialty,Own-child,White,Female,229.16637,0.6280736,40.048138,United-States,<=50K
18.274155,Private,822172.25,11th,6.7474055,Never-married,Sales,Own-child,White,Male,-83.09511,0.33083233,25.40176,United-States,<=50K
35.550133,Local-gov,221824.34,Masters,13.991926,Married-civ-spouse,Prof-specialty,Husband,White,Male,-126.182755,0.817397,40.18071,United-States,<=50K
25.618378,Private,92778.35,HS-grad,9.03339,Never-married,Sales,Own-child,White,Female,-118.88905,1665.8973,30.030445,United-States,<=50K
48.691948,Private,357152.6,Assoc-voc,11.0192375,Married-civ-spouse,Transport-moving,Not-in-family,White,Male,-122.27406,0.65161026,24.880774,United-States,<=50K
44.20468,Private,116049.01,HS-grad,9.030201,Widowed,Machine-op-inspct,Unmarried,White,Female,-104.568985,0.7049092,29.235586,United-States,<=50K
41.334682,Private,245341.14,Some-college,10.029849,Separated,Adm-clerical,Unmarried,Black,Female,-99.29457,1.1399068,41.130264,United-States,<=50K
37.36398,Private,357007.1,10th,6.0316124,Divorced,Machine-op-inspct,Not-in-family,Black,Male,-103.34828,1.0459813,46.042267,United-States,<=50K
48.600094,Private,110235.02,HS-grad,9.364471,Divorced,Adm-clerical,Other-relative,White,Female,783.97046,0.85153854,40.03125,United-States,<=50K
25.965542,Private,326605.38,7th-8th,3.5567617,Married-civ-spouse,Farming-fishing,Own-child,White,Male,-118.4391,1.0435399,42.493614,Mexico,<=50K
35.917786,Private,160307.56,HS-grad,9.030764,Married-civ-spouse,Other-service,Husband,White,Male,664.35596,0.89963424,41.37551,Puerto-Rico,<=50K
40.571106,Private,188122.88,Some-college,9.645464,Divorced,Handlers-cleaners,Not-in-family,White,Male,-109.505264,0.66656387,41.239117,United-States,<=50K
24.903206,Private,168471.97,9th,5.043032,Never-married,Transport-moving,Not-in-family,White,Male,-118.060196,0.58108413,42.429607,United-States,<=50K
45.168556,Local-gov,377787.56,Some-college,10.023287,Divorced,Craft-repair,Not-in-family,White,Male,-116.17323,1.1179875,40.022526,United-States,<=50K
46.15867,?,253178.61,1st-4th,2.0597167,Married-civ-spouse,?,Own-child,Asian-Pac-Islander,Male,-108.49306,1.1471547,37.172165,Philippines,<=50K
34.10458,Private,189240.48,HS-grad,9.029954,Married-civ-spouse,Craft-repair,Husband,White,Male,-102.24452,1706.4122,37.737537,United-States,<=50K
38.195248,Self-emp-not-inc,163701.33,Some-college,10.028431,Married-civ-spouse,Other-service,Wife,White,Female,-106.37465,0.79488266,21.02714,United-States,<=50K
39.4949,Private,177264.8,Some-college,10.028578,Divorced,Exec-managerial,Not-in-family,White,Male,-109.21278,0.8028401,43.593163,United-States,<=50K
59.072952,Private,242633.47,11th,6.7502813,Widowed,Adm-clerical,Unmarried,Black,Male,-95.276505,1.4165562,40.005657,United-States,<=50K
50.29623,Private,229605.97,HS-grad,9.027199,Widowed,Priv-house-serv,Unmarried,Black,Female,-85.86195,1.2937535,30.393661,United-States,<=50K
17.97073,Private,114427.29,12th,8.05766,Never-married,Other-service,Own-child,White,Female,-97.59071,0.20857129,23.63142,United-States,<=50K
40.413795,Local-gov,213879.27,HS-grad,9.027281,Divorced,Adm-clerical,Unmarried,White,Female,-96.80995,1.0769948,36.1524,United-States,<=50K
51.136055,Local-gov,141706.31,9th,5.0479426,Widowed,Other-service,Not-in-family,White,Female,-94.79848,1.4958714,42.496197,United-States,<=50K
29.62789,Private,108633.9,Assoc-acdm,12.011942,Never-married,Prof-specialty,Not-in-family,White,Female,-118.067764,0.7823781,70.751976,United-States,<=50K
44.148853,Private,123040.05,Doctorate,15.968875,Never-married,Prof-specialty,Not-in-family,White,Male,592.8873,0.6800374,44.96522,United-States,<=50K
34.17731,Private,353315.97,11th,7.0373135,Never-married,Prof-specialty,Not-in-family,Black,Male,-126.086075,0.7100285,37.283875,United-States,<=50K
54.16967,Private,157400.89,HS-grad,9.279131,Separated,Adm-clerical,Other-relative,White,Male,797.4946,1.15145,40.020733,United-States,<=50K
48.402264,Private,106146.52,Assoc-acdm,12.715342,Divorced,Sales,Not-in-family,White,Male,-118.411026,0.47769055,24.753675,Iran,<=50K
38.78641,Private,106096.78,HS-grad,9.028995,Divorced,Machine-op-inspct,Unmarried,Black,Female,-91.360245,0.93334854,38.75643,United-States,<=50K
32.684895,?,151625.25,Bachelors,13.006834,Never-married,?,Not-in-family,White,Female,1300.9866,0.6314229,22.771368,?,<=50K
43.04488,Local-gov,142633.89,Preschool,1.0564483,Never-married,Machine-op-inspct,Not-in-family,White,Female,-124.8705,0.4073628,30.739368,United-States,<=50K
48.121037,Local-gov,169357.97,12th,8.041292,Never-married,Transport-moving,Not-in-family,White,Male,-114.01918,0.8971318,40.03388,United-States,<=50K
28.458702,Without-pay,41706.81,HS-grad,9.032783,Never-married,Adm-clerical,Own-child,White,Female,-118.66542,0.69046676,39.057304,United-States,<=50K
50.688946,Local-gov,124859.2,HS-grad,9.027905,Married-civ-spouse,Adm-clerical,Wife,White,Female,-100.58388,1.3642567,41.649956,United-States,<=50K
35.366154,Private,143129.1,9th,4.5339804,Married-civ-spouse,Prof-specialty,Wife,White,Female,-107.56215,0.56513107,41.273064,United-States,<=50K
42.056896,Self-emp-not-inc,30732.137,Prof-school,15.455418,Divorced,Prof-specialty,Not-in-family,White,Female,-109.23549,1674.3181,37.583893,United-States,<=50K
30.197977,Private,133893.73,HS-grad,9.032521,Never-married,Other-service,Not-in-family,White,Male,-118.37807,0.7958745,36.12854,Ireland,<=50K
38.042946,Private,371278.4,10th,6.0399356,Married-civ-spouse,Machine-op-inspct,Not-in-family,Black,Male,-94.87465,1874.4718,51.10467,United-States,<=50K
22.737059,Private,131618.78,Some-college,9.367512,Never-married,Machine-op-inspct,Own-child,Amer-Indian-Eskimo,Male,-122.62758,0.6627797,40.52945,United-States,<=50K
32.76285,Self-emp-not-inc,194092.31,Some-college,10.031956,Married-civ-spouse,Craft-repair,Husband,White,Male,-110.791885,1.0142812,42.096584,United-States,<=50K
43.47131,Self-emp-inc,220019.52,Prof-school,14.979354,Never-married,Sales,Not-in-family,White,Female,-120.56752,1.0970677,42.43949,United-States,<=50K
32.930405,Self-emp-inc,160723.97,Some-college,9.785047,Divorced,Prof-specialty,Not-in-family,White,Female,-112.77309,0.73697555,40.04794,United-States,<=50K
61.79769,Self-emp-not-inc,85052.734,Assoc-voc,10.033905,Married-civ-spouse,Exec-managerial,Husband,White,Male,-124.76869,0.47288403,11.9551735,United-States,<=50K
40.87984,Private,111720.64,HS-grad,9.027799,Divorced,Craft-repair,Not-in-family,White,Male,-101.82509,0.7113942,41.63982,Portugal,<=50K
23.550821,Private,205099.52,Some-college,10.03226,Never-married,Handlers-cleaners,Other-relative,White,Male,-120.88051,0.39806256,22.853292,United-States,<=50K
20.707268,Private,223293.7,Some-college,9.545341,Never-married,Other-service,Own-child,White,Male,-103.43739,1663.7052,24.416235,United-States,<=50K
33.804405,Private,201536.31,Bachelors,12.999987,Never-married,Exec-managerial,Not-in-family,White,Male,-115.31093,0.83783615,65.75582,United-States,<=50K
21.956171,Private,264459.0,10th,4.5634413,Never-married,Sales,Other-relative,White,Male,-96.39052,-0.096879154,27.490368,Honduras,<=50K
58.076546,Self-emp-not-inc,181414.28,HS-grad,9.031917,Married-civ-spouse,Craft-repair,Husband,White,Male,911.2549,1.0023488,20.306395,United-States,<=50K
31.80651,Private,174473.89,Some-college,10.0305395,Married-civ-spouse,Adm-clerical,Husband,White,Male,122.00804,0.71278274,44.619892,United-States,<=50K
21.722145,Private,248723.27,7th-8th,3.5277052,Never-married,Machine-op-inspct,Not-in-family,White,Male,-108.622696,0.26203808,24.941658,Mexico,<=50K
38.80898,Private,212854.77,Bachelors,13.004304,Married-civ-spouse,Other-service,Husband,Asian-Pac-Islander,Male,-113.22304,1.098914,38.406006,Vietnam,<=50K
51.637268,Private,436507.8,Some-college,10.028517,Married-civ-spouse,Exec-managerial,Husband,White,Male,-120.02846,1.0911244,44.48504,United-States,<=50K
30.90037,Private,189711.7,Some-college,9.699951,Never-married,Other-service,Not-in-family,White,Male,-120.425186,1548.774,40.066143,?,<=50K
30.375015,Private,194170.3,Bachelors,13.001919,Married-civ-spouse,Prof-specialty,Wife,White,Female,-110.70546,0.69271743,39.676785,United-States,<=50K
26.804605,Private,284060.2,HS-grad,9.0274935,Never-married,Transport-moving,Own-child,White,Male,-118.81288,0.8630818,38.053642,United-States,<=50K
36.779274,Private,154470.3,9th,5.043206,Never-married,Other-service,Unmarried,White,Female,-106.91127,0.70294845,36.824768,United-States,<=50K
27.867922,Private,102354.51,10th,5.5921793,Married-civ-spouse,Farming-fishing,Husband,White,Male,-111.16591,0.7517842,66.10288,Mexico,<=50K
41.8047,Private,285074.7,Masters,14.287338,Never-married,Prof-specialty,Not-in-family,White,Male,-110.50722,0.834792,61.093857,United-States,<=50K
32.866985,Private,70927.25,Assoc-acdm,12.016156,Never-married,Adm-clerical,Not-in-family,White,Male,340.88962,0.75582016,42.065434,United-States,<=50K
18.63621,Private,207759.69,11th,6.5839233,Never-married,Sales,Own-child,White,Female,-88.35683,1688.1088,18.518726,United-States,<=50K
33.020214,?,222371.73,7th-8th,4.7243385,Married-spouse-absent,?,Not-in-family,White,Male,-109.38808,0.77577865,40.055218,Canada,<=50K
43.742012,Private,261119.64,Some-college,10.024834,Divorced,Sales,Unmarried,White,Male,-106.0414,0.9905156,43.477985,United-States,<=50K
43.71272,Self-emp-not-inc,83909.06,Bachelors,13.003482,Married-civ-spouse,Prof-specialty,Husband,White,Male,306.59848,0.8695897,45.60512,United-States,<=50K
25.630333,Private,333252.94,HS-grad,9.03187,Never-married,Exec-managerial,Not-in-family,White,Male,-121.081436,0.7946538,36.76346,United-States,<=50K
27.917925,Private,290386.9,Assoc-voc,10.692767,Never-married,Exec-managerial,Unmarried,Amer-Indian-Eskimo,Male,-121.60268,1.0337285,40.686455,United-States,<=50K
34.755527,Private,169843.81,Prof-school,15.151965,Never-married,Prof-specialty,Not-in-family,White,Female,-114.09535,0.5202168,32.721233,United-States,<=50K
26.917055,State-gov,194453.0,Bachelors,13.002122,Married-civ-spouse,Prof-specialty,Husband,White,Male,948.33826,0.5230626,16.946613,United-States,<=50K
42.310604,Self-emp-not-inc,120426.32,Masters,13.9884615,Divorced,Exec-managerial,Unmarried,White,Female,291.63742,1.0934285,38.80491,United-States,<=50K
50.801643,Self-emp-not-inc,182204.52,HS-grad,8.227299,Divorced,?,Unmarried,White,Male,-96.03432,0.9917134,23.510195,United-States,<=50K
21.440817,?,105356.836,Some-college,9.789541,Separated,?,Unmarried,White,Male,-120.506485,0.42012677,28.34311,United-States,<=50K
19.827963,Private,118073.36,12th,8.047594,Never-married,Sales,Own-child,White,Male,-102.02333,0.482581,38.86759,United-States,<=50K
36.934967,Local-gov,233639.89,Some-college,9.869967,Never-married,Adm-clerical,Unmarried,Black,Female,-107.95888,1.1277684,37.58008,United-States,<=50K
27.368969,Private,169017.52,HS-grad,9.034604,Never-married,Other-service,Not-in-family,Black,Male,335.69662,0.7430867,39.56039,United-States,<=50K
59.562923,Private,152868.81,Assoc-acdm,12.012456,Married-civ-spouse,Adm-clerical,Wife,White,Female,-107.78847,0.98025405,40.02531,United-States,<=50K
39.363953,Private,216530.23,HS-grad,9.024259,Separated,Transport-moving,Unmarried,White,Male,-91.29408,1.2890614,46.117016,United-States,<=50K
46.60369,Self-emp-not-inc,162096.12,Masters,13.988602,Divorced,Prof-specialty,Not-in-family,White,Male,-113.37831,0.7591237,37.92588,United-States,<=50K
22.389652,Private,189448.45,HS-grad,9.032988,Never-married,Tech-support,Own-child,White,Male,-109.96791,0.47717938,21.732386,United-States,<=50K
36.824127,Private,167615.9,Assoc-voc,11.021327,Married-civ-spouse,Sales,Husband,White,Male,-115.50185,0.6867436,48.50363,United-States,<=50K
23.378088,Private,116772.195,Bachelors,13.004145,Never-married,Adm-clerical,Not-in-family,White,Female,-109.556046,0.45921215,23.982937,United-States,<=50K
55.563286,Private,194186.27,Assoc-voc,11.02094,Widowed,Prof-specialty,Not-in-family,White,Female,-117.61,2427.4697,38.02885,United-States,<=50K
57.028168,Self-emp-not-inc,212893.38,Bachelors,13.003941,Married-civ-spouse,Prof-specialty,Husband,White,Male,-115.850235,1616.2285,36.21225,United-States,<=50K
43.39615,Self-emp-inc,157199.42,Some-college,10.028813,Divorced,Exec-managerial,Unmarried,White,Female,-93.61073,1.2582158,40.03571,Canada,<=50K
27.363358,Private,140909.4,HS-grad,9.032445,Never-married,Transport-moving,Other-relative,White,Male,-115.57045,0.7350148,41.94275,United-States,<=50K
17.544777,Private,143150.05,10th,5.3829255,Never-married,Craft-repair,Own-child,White,Male,-91.90956,1658.6643,37.67967,United-States,<=50K
33.19308,Local-gov,120064.234,HS-grad,9.28964,Never-married,Other-service,Unmarried,White,Female,-114.98036,0.5521153,21.40244,United-States,<=50K
39.530746,Private,153452.52,Assoc-acdm,12.010633,Divorced,Adm-clerical,Not-in-family,White,Female,-105.04701,1752.2839,40.030834,United-States,<=50K
42.50666,Private,184626.33,Assoc-voc,11.01999,Married-civ-spouse,Craft-repair,Husband,White,Male,-106.10756,0.83007705,56.932,United-States,<=50K
30.920418,Private,128806.375,HS-grad,9.036844,Never-married,Other-service,Other-relative,White,Male,-118.07289,0.4531544,26.440796,United-States,<=50K
23.958023,Private,111400.984,Some-college,10.03479,Never-married,Adm-clerical,Other-relative,White,Male,-127.28383,0.5598439,37.153454,United-States,<=50K
20.664452,Private,189509.45,Some-college,10.034145,Never-married,Exec-managerial,Not-in-family,White,Male,-113.53847,0.4178227,24.014988,United-States,<=50K
57.580555,Private,41033.215,Masters,13.986881,Never-married,Prof-specialty,Not-in-family,White,Female,1546.624,0.41503796,22.234274,United-States,<=50K
31.99625,Private,430954.8,Some-college,9.386448,Never-married,Handlers-cleaners,Not-in-family,Black,Male,-119.09267,0.9805974,42.599808,?,<=50K
17.139908,?,116246.74,10th,6.2671213,Never-married,?,Own-child,White,Male,-100.443985,0.17391858,17.900766,United-States,<=50K
26.936302,Local-gov,197958.2,HS-grad,9.158567,Never-married,Protective-serv,Not-in-family,White,Male,-128.58339,0.8909062,40.617607,United-States,<=50K
30.10575,Private,170058.97,HS-grad,8.784655,Married-civ-spouse,Adm-clerical,Own-child,White,Male,-100.126114,0.7660588,39.778965,United-States,<=50K
45.47653,Self-emp-not-inc,137782.97,HS-grad,9.027531,Divorced,Craft-repair,Not-in-family,White,Male,464.77902,1.1304921,43.74525,United-States,<=50K
23.726587,Private,244283.62,10th,5.0641212,Never-married,Craft-repair,Not-in-family,White,Male,-45.991352,0.46219525,35.831516,United-States,<=50K
66.95043,Private,132497.86,HS-grad,11.0432205,Married-civ-spouse,Exec-managerial,Wife,White,Female,1999.5746,1.1667699,42.364063,England,<=50K
25.401377,Private,165923.86,HS-grad,9.033194,Never-married,Sales,Not-in-family,White,Male,315.64938,0.6624135,43.281494,United-States,<=50K
25.726847,Private,419731.22,Assoc-acdm,12.015473,Never-married,Other-service,Not-in-family,White,Male,763.0255,1.0374821,40.033836,United-States,<=50K
55.713993,Private,152701.47,HS-grad,9.695551,Married-civ-spouse,Craft-repair,Husband,White,Male,726.7279,1.0221318,41.62966,Greece,<=50K
37.304054,Private,192636.33,7th-8th,11.694419,Married-civ-spouse,Adm-clerical,Husband,White,Male,-114.15907,0.8567952,45.97867,Italy,<=50K
52.826447,Local-gov,144515.48,Some-college,10.026028,Divorced,Other-service,Not-in-family,White,Female,1170.976,0.651122,27.341887,United-States,<=50K
68.57021,Self-emp-not-inc,141023.9,7th-8th,4.047201,Married-civ-spouse,Farming-fishing,Husband,White,Male,166.62657,0.70983016,27.607496,United-States,<=50K
22.177803,State-gov,135171.42,Some-college,10.03624,Married-civ-spouse,Prof-specialty,Husband,White,Male,-118.59926,0.5168904,30.463856,United-States,<=50K
70.792595,Private,77019.7,HS-grad,9.029191,Divorced,Adm-clerical,Not-in-family,White,Male,-115.01088,2449.6282,17.656435,United-States,<=50K
23.475323,Local-gov,47616.902,Some-college,9.540258,Never-married,Adm-clerical,Not-in-family,Amer-Indian-Eskimo,Female,-118.711075,0.6911534,37.56827,United-States,<=50K
22.517914,Private,273918.16,Some-college,11.562782,Never-married,Adm-clerical,Not-in-family,Asian-Pac-Islander,Female,-124.656876,0.5386113,17.198029,Vietnam,<=50K
26.920595,Private,265928.34,7th-8th,3.1044478,Married-civ-spouse,Transport-moving,Other-relative,Other,Male,-113.20546,0.7570485,35.849743,El-Salvador,<=50K
67.94136,Private,253161.56,1st-4th,2.0878673,Widowed,Exec-managerial,Not-in-family,White,Male,-118.60951,0.46250805,34.1134,United-States,<=50K
52.22683,Private,156715.02,11th,7.0376573,Married-spouse-absent,Machine-op-inspct,Not-in-family,White,Male,-111.12758,0.7807225,40.027912,Scotland,<=50K
26.459883,Private,97026.82,Bachelors,13.006802,Never-married,Prof-specialty,Not-in-family,Asian-Pac-Islander,Female,-116.72743,0.74774826,42.431103,United-States,<=50K
52.878376,Private,52903.387,Some-college,10.033019,Never-married,Prof-specialty,Not-in-family,White,Male,-128.96742,0.70505416,63.073368,United-States,<=50K
40.77068,Self-emp-not-inc,117536.766,9th,4.794598,Married-civ-spouse,Sales,Husband,White,Male,-104.41127,0.82649124,35.842686,United-States,<=50K
29.671276,Private,338831.62,Bachelors,13.005146,Never-married,Sales,Own-child,Black,Male,-117.96864,0.99629104,40.039524,United-States,<=50K
42.911144,State-gov,79876.82,Bachelors,13.00376,Married-civ-spouse,Prof-specialty,Husband,White,Male,424.1378,0.6708516,43.08085,United-States,<=50K
53.904266,Private,167150.95,7th-8th,4.5459995,Separated,Machine-op-inspct,Not-in-family,Black,Male,-111.7787,0.8350514,37.97426,United-States,<=50K
23.557005,Local-gov,125565.125,11th,7.8090215,Never-married,Handlers-cleaners,Other-relative,White,Male,-114.5226,0.4303883,32.432056,United-States,<=50K
37.26688,Private,189137.81,HS-grad,9.03017,Married-civ-spouse,Craft-repair,Husband,White,Male,121.377304,0.97991836,39.445873,United-States,<=50K
47.574245,Private,226402.33,7th-8th,3.344874,Married-civ-spouse,Prof-specialty,Husband,White,Male,-114.48451,0.7133244,39.497276,United-States,<=50K
35.6129,Local-gov,245603.05,Bachelors,13.004721,Separated,Prof-specialty,Unmarried,White,Male,-123.53285,0.89070785,40.046734,United-States,<=50K
37.168816,Private,352209.0,HS-grad,9.02094,Divorced,Sales,Unmarried,White,Female,-92.04677,1.2368153,40.007885,United-States,<=50K
20.37233,?,119824.37,Some-college,10.033822,Never-married,?,Own-child,White,Female,-129.14809,0.42345318,17.582264,South,<=50K
30.254305,Private,90468.766,7th-8th,3.806376,Never-married,Machine-op-inspct,Own-child,White,Male,-126.55653,0.20587048,34.548145,United-States,<=50K
17.539314,Private,173206.14,11th,7.0328894,Never-married,Sales,Own-child,White,Female,-91.459366,0.22838482,17.645397,United-States,<=50K
68.042816,Self-emp-inc,118066.09,Bachelors,12.097828,Married-civ-spouse,Sales,Husband,White,Male,1022.93225,0.29831585,14.229904,United-States,<=50K
23.791056,Private,383953.22,Some-college,10.029971,Never-married,Adm-clerical,Not-in-family,White,Female,-121.84682,0.7912129,40.702366,United-States,<=50K
36.419415,Private,144360.28,9th,4.0445056,Married-civ-spouse,Machine-op-inspct,Other-relative,Asian-Pac-Islander,Male,-100.61952,1.0930852,44.406033,China,<=50K
24.421782,Private,239359.06,11th,7.0293,Separated,Other-service,Unmarried,White,Female,-112.33559,0.6621846,35.902885,United-States,<=50K
34.253933,?,253199.17,HS-grad,9.029101,Never-married,?,Not-in-family,Black,Male,-100.91957,32.485306,40.023483,United-States,<=50K
23.41504,Private,206515.69,HS-grad,9.28523,Never-married,Other-service,Own-child,White,Male,-119.9828,0.4847096,20.189924,Canada,<=50K
38.358738,Local-gov,67192.03,HS-grad,8.696325,Married-civ-spouse,Other-service,Wife,White,Female,466.6202,0.75965774,32.13751,United-States,<=50K
37.728058,Private,285826.53,Some-college,10.028064,Never-married,Adm-clerical,Not-in-family,Black,Female,-110.7997,0.92166793,38.71494,Jamaica,<=50K
36.655888,Local-gov,220804.1,HS-grad,9.367426,Married-civ-spouse,Other-service,Husband,Amer-Indian-Eskimo,Male,-104.446915,1.1106251,37.6553,United-States,<=50K
50.37278,Private,86476.22,Some-college,10.029416,Widowed,Other-service,Unmarried,White,Male,-117.271866,0.92468154,42.466423,United-States,<=50K
36.656185,State-gov,223359.66,Bachelors,13.003535,Married-civ-spouse,Exec-managerial,Husband,White,Male,-114.15907,0.9776448,39.928394,United-States,<=50K
18.040358,Private,159846.28,HS-grad,9.032656,Never-married,Sales,Own-child,White,Female,-98.96913,0.48220715,27.429008,United-States,<=50K
23.20509,Private,95582.39,Some-college,10.030572,Separated,Sales,Unmarried,White,Female,-118.16957,0.60686386,37.886024,United-States,<=50K
30.06631,Private,167075.53,HS-grad,9.030636,Married-civ-spouse,Sales,Husband,White,Male,189.95445,0.7899617,43.287727,United-States,<=50K
49.66636,Private,90909.445,HS-grad,9.029519,Married-civ-spouse,Transport-moving,Husband,White,Male,181.44774,1.0539693,48.03141,United-States,<=50K
43.69373,Private,147594.81,HS-grad,9.026813,Separated,Sales,Unmarried,White,Male,-104.144424,1.0038213,42.429413,United-States,<=50K
32.65234,Private,157996.03,Bachelors,12.99856,Divorced,Tech-support,Not-in-family,White,Female,-104.243546,0.69637954,37.988426,United-States,<=50K
45.535423,Private,183681.03,HS-grad,8.744548,Divorced,Sales,Other-relative,White,Female,-93.32338,0.9261311,39.3801,United-States,<=50K
42.523556,Private,164138.12,Assoc-voc,11.019683,Divorced,Adm-clerical,Not-in-family,White,Female,1723.0258,0.6848134,40.040092,United-States,<=50K
44.14594,Private,139584.02,HS-grad,9.0248,Divorced,Adm-clerical,Unmarried,White,Female,12.507428,0.9498433,39.448315,United-States,<=50K
42.38032,Private,149349.25,Some-college,10.0308695,Divorced,Other-service,Not-in-family,White,Female,-113.79286,0.39044842,22.468294,United-States,<=50K
34.37981,Private,384706.12,Some-college,10.030011,Married-civ-spouse,Machine-op-inspct,Husband,White,Male,-122.03505,0.9308766,39.144543,United-States,<=50K
34.744213,Private,85552.914,11th,8.146283,Never-married,Machine-op-inspct,Unmarried,Other,Female,-107.21889,0.99603164,42.964058,Puerto-Rico,<=50K
58.12491,?,264390.06,Some-college,9.531592,Married-civ-spouse,?,Not-in-family,White,Male,-111.76088,0.9856862,37.55014,Guatemala,<=50K
25.703333,Private,186856.58,HS-grad,9.032188,Never-married,Other-service,Own-child,Black,Male,-115.985,0.692603,37.452652,United-States,<=50K
27.982872,Private,162305.69,Bachelors,13.00664,Never-married,Prof-specialty,Own-child,Asian-Pac-Islander,Male,666.29126,0.8123082,42.136303,Taiwan,<=50K
57.391426,Local-gov,145170.95,HS-grad,9.0338545,Married-civ-spouse,Other-service,Husband,White,Male,-116.84462,1.0174931,40.031685,United-States,<=50K
51.969837,Private,173971.9,Some-college,10.192873,Divorced,Sales,Not-in-family,White,Female,-111.7328,0.819785,47.62291,United-States,<=50K
23.941877,Private,108054.48,Masters,13.978828,Never-married,Transport-moving,Own-child,White,Male,-105.96254,0.6218709,26.701946,United-States,<=50K
70.008644,?,258793.11,9th,4.3413396,Married-civ-spouse,?,Husband,White,Male,844.5215,1.1052235,38.793022,United-States,<=50K
29.712387,Private,189105.12,Bachelors,13.006144,Never-married,Tech-support,Not-in-family,White,Male,-115.47133,0.7830037,40.922768,United-States,<=50K
25.945353,Local-gov,142941.11,HS-grad,9.03011,Married-spouse-absent,Machine-op-inspct,Not-in-family,White,Female,3760.352,1.0334767,41.015186,United-States,<=50K
45.116795,Private,155543.03,12th,8.033596,Divorced,Machine-op-inspct,Unmarried,White,Female,-93.68959,1.0045079,40.022316,United-States,<=50K
31.881708,Local-gov,210685.31,HS-grad,9.030941,Married-civ-spouse,Transport-moving,Husband,White,Male,252.09996,1.083762,41.30685,United-States,<=50K
52.41335,State-gov,133045.4,Some-college,9.699629,Divorced,Adm-clerical,Not-in-family,White,Male,-106.61366,1902.4476,40.03711,United-States,<=50K
51.939884,Self-emp-not-inc,190729.83,HS-grad,10.22288,Married-civ-spouse,Craft-repair,Husband,White,Male,399.87155,1.3608693,41.931366,Germany,<=50K
28.981012,Private,52768.137,HS-grad,9.028343,Married-civ-spouse,Adm-clerical,Unmarried,Amer-Indian-Eskimo,Female,-108.20058,0.8322362,40.051926,United-States,<=50K
35.365685,State-gov,160412.47,Masters,13.983868,Never-married,Prof-specialty,Not-in-family,White,Male,-118.33217,0.97687423,39.04856,United-States,<=50K
47.53586,Private,130634.234,7th-8th,3.567288,Married-civ-spouse,Other-service,Husband,White,Male,-105.95741,2129.8032,40.04369,Greece,<=50K
32.813026,State-gov,213757.88,Some-college,9.868669,Never-married,Adm-clerical,Not-in-family,White,Female,-124.435684,0.8949193,39.71829,United-States,<=50K
41.769573,Private,91746.8,Bachelors,13.001927,Married-spouse-absent,Sales,Unmarried,White,Female,-114.13368,0.37870678,21.55495,United-States,<=50K
49.488434,Private,382995.38,Assoc-voc,11.710433,Divorced,Other-service,Not-in-family,White,Male,1081.81,0.828452,39.35934,United-States,<=50K
38.664986,Self-emp-not-inc,69639.86,HS-grad,8.691469,Divorced,Craft-repair,Unmarried,White,Male,-105.97792,0.8463963,38.399254,United-States,<=50K
27.652262,Private,187442.66,Bachelors,13.005382,Never-married,Adm-clerical,Own-child,Asian-Pac-Islander,Male,-117.26918,0.994048,40.05885,?,<=50K
65.324036,Private,131664.39,Prof-school,14.98205,Married-civ-spouse,Prof-specialty,Husband,White,Male,1574.8804,0.30220684,16.353708,United-States,<=50K
39.98713,Local-gov,206953.19,Bachelors,13.006658,Never-married,Prof-specialty,Unmarried,White,Female,-125.313126,0.94887435,43.73037,United-States,<=50K
56.808445,Self-emp-not-inc,221051.81,10th,5.7918115,Married-civ-spouse,Craft-repair,Husband,White,Male,-106.76381,1.1609944,32.76046,United-States,<=50K
24.910881,Private,191707.7,9th,5.8859353,Never-married,Machine-op-inspct,Unmarried,White,Male,-127.108536,0.74928176,40.04953,Mexico,<=50K
38.694096,Private,134092.67,11th,7.026825,Divorced,Other-service,Unmarried,White,Female,-96.06239,0.68316543,35.102634,United-States,<=50K
54.895214,Private,138436.9,HS-grad,9.026918,Divorced,Machine-op-inspct,Not-in-family,White,Male,618.537,0.932639,41.3555,United-States,<=50K
42.455257,Private,271995.0,9th,3.3482552,Divorced,Machine-op-inspct,Unmarried,White,Male,-92.6393,1.1359547,41.242947,Mexico,<=50K
28.454268,Private,96508.19,HS-grad,9.030146,Separated,Handlers-cleaners,Not-in-family,White,Male,-114.85585,0.6412877,59.75314,United-States,<=50K
21.001696,Private,242199.03,HS-grad,9.031729,Never-married,Handlers-cleaners,Own-child,White,Male,-103.928116,0.41859326,25.118872,United-States,<=50K
53.770836,Private,273753.22,7th-8th,3.7170606,Divorced,Machine-op-inspct,Unmarried,White,Female,-98.46303,1.0726155,40.009716,United-States,<=50K
43.39495,Local-gov,214207.42,Assoc-acdm,12.719257,Married-civ-spouse,Adm-clerical,Husband,White,Male,-115.48915,1.1489705,41.5168,United-States,<=50K
32.684772,Self-emp-not-inc,164081.67,Assoc-acdm,12.007814,Divorced,Sales,Not-in-family,White,Male,670.3551,0.98079574,45.951897,United-States,<=50K
28.392218,Private,141374.77,HS-grad,9.033908,Never-married,Machine-op-inspct,Not-in-family,White,Male,-130.45009,0.6851567,41.426033,United-States,<=50K
20.170607,Private,179928.66,HS-grad,9.032766,Never-married,Adm-clerical,Own-child,White,Female,-105.71083,0.38020977,17.32675,United-States,<=50K
26.762825,Private,161276.23,Some-college,9.608519,Never-married,Sales,Other-relative,White,Male,-127.2101,0.6916951,42.200294,United-States,<=50K
45.086937,?,156102.25,Assoc-acdm,13.029267,Divorced,?,Not-in-family,White,Female,-114.86342,0.56473434,25.72801,United-States,<=50K
45.183197,Private,220528.84,Some-college,10.022755,Divorced,Transport-moving,Not-in-family,White,Male,800.19275,1.0785054,65.42434,United-States,<=50K
33.704494,Private,174775.64,Bachelors,13.004685,Married-civ-spouse,Machine-op-inspct,Husband,Other,Male,-107.96669,0.9157857,41.66094,Ecuador,<=50K
21.599024,Private,214396.6,Some-college,9.703234,Never-married,Adm-clerical,Own-child,Asian-Pac-Islander,Male,-114.553116,0.4853352,18.504938,United-States,<=50K
31.082447,Self-emp-not-inc,91867.33,Some-college,10.03478,Never-married,Machine-op-inspct,Not-in-family,White,Male,-131.69862,0.7030629,38.840008,United-States,<=50K
43.21117,Private,218472.02,Bachelors,13.002157,Divorced,Prof-specialty,Unmarried,White,Female,-100.88661,0.90202224,55.261497,United-States,<=50K
25.408451,Private,94538.95,Assoc-acdm,12.015099,Married-civ-spouse,Prof-specialty,Wife,White,Female,-120.18617,0.8105153,40.055565,United-States,<=50K
21.462631,State-gov,165571.61,Some-college,10.033525,Never-married,Prof-specialty,Not-in-family,White,Male,-122.07826,0.5407704,31.436176,?,<=50K
41.679657,Private,253305.11,Some-college,10.026746,Never-married,Other-service,Own-child,White,Male,-117.33534,0.90949905,40.241333,United-States,<=50K
39.434223,Private,133099.97,Some-college,9.975723,Divorced,Adm-clerical,Unmarried,White,Female,-45.33266,0.7866658,41.875805,United-States,<=50K
27.41121,Private,89160.63,Some-college,10.030307,Married-civ-spouse,Machine-op-inspct,Not-in-family,Other,Male,-129.9872,0.6905812,40.054417,Puerto-Rico,<=50K
26.156315,Private,298842.22,Some-college,10.030387,Never-married,Other-service,Unmarried,White,Female,-126.89491,0.6974019,34.038105,United-States,<=50K
36.10819,Local-gov,179740.98,Bachelors,13.003726,Divorced,Prof-specialty,Not-in-family,White,Male,-122.52333,0.71182144,45.988445,United-States,<=50K
34.381607,Self-emp-not-inc,124395.484,Some-college,10.033124,Married-civ-spouse,Sales,Husband,White,Male,-119.52992,0.678275,30.421926,United-States,<=50K
48.34752,State-gov,83533.94,HS-grad,9.031922,Married-civ-spouse,Transport-moving,Husband,White,Male,-107.91835,1.1521825,40.036346,United-States,<=50K
28.316185,Private,151824.23,Bachelors,13.338981,Never-married,Prof-specialty,Not-in-family,White,Male,-117.330215,0.66622055,50.940388,Scotland,<=50K
28.882383,Private,168174.14,Bachelors,13.003301,Never-married,Protective-serv,Not-in-family,White,Female,1472.5132,0.92203414,43.1816,United-States,<=50K
45.58911,Self-emp-not-inc,137857.92,Some-college,10.026723,Divorced,Sales,Unmarried,White,Female,-100.28139,1.1408681,47.099415,United-States,<=50K
24.109264,State-gov,136877.42,Bachelors,13.006473,Never-married,Prof-specialty,Not-in-family,White,Male,-108.46498,0.43982586,16.570438,United-States,<=50K
39.74336,Local-gov,232396.48,HS-grad,9.200617,Married-civ-spouse,Prof-specialty,Husband,White,Male,-112.89003,1.0798634,40.657993,United-States,<=50K
21.67306,Private,77988.02,Some-college,9.790739,Never-married,Priv-house-serv,Not-in-family,White,Female,-104.497696,0.3859242,20.725288,United-States,<=50K
39.4172,Private,166738.72,HS-grad,10.523269,Married-civ-spouse,Other-service,Husband,Asian-Pac-Islander,Male,-108.56166,0.9289464,40.047047,Thailand,<=50K
20.353579,Private,123050.24,Some-college,9.540641,Never-married,Other-service,Not-in-family,Asian-Pac-Islander,Female,-121.64076,0.6721333,32.7594,Vietnam,<=50K
47.965088,Federal-gov,195714.92,Some-college,10.03324,Married-civ-spouse,Other-service,Husband,White,Male,-111.17592,1.0589741,40.70573,United-States,<=50K
25.70063,Private,331275.4,9th,4.535518,Married-AF-spouse,Handlers-cleaners,Other-relative,White,Male,-118.701065,0.67631423,39.82225,Mexico,<=50K
50.55993,Self-emp-not-inc,157767.7,HS-grad,9.127154,Married-civ-spouse,Transport-moving,Husband,White,Male,-96.90419,1.4842442,74.24412,United-States,<=50K
53.740803,Private,189522.88,HS-grad,9.027408,Never-married,Adm-clerical,Other-relative,White,Female,-99.2057,1.1440572,41.362865,United-States,<=50K
45.864132,Private,157116.2,10th,5.6375337,Divorced,Other-service,Not-in-family,White,Male,-95.66054,0.9047841,58.59406,United-States,<=50K
21.290302,Private,362031.03,Some-college,10.028237,Never-married,Sales,Own-child,White,Male,-56.339252,0.56499374,27.347431,United-States,<=50K
52.60515,Local-gov,117864.73,11th,7.0386686,Never-married,Craft-repair,Not-in-family,Black,Female,-108.02504,1.4020299,40.02051,United-States,<=50K
57.00561,Local-gov,123044.67,HS-grad,9.032092,Married-civ-spouse,Transport-moving,Husband,White,Male,504.41562,1.2181615,41.08971,United-States,<=50K
26.186579,Private,267595.97,9th,3.1252522,Never-married,Handlers-cleaners,Not-in-family,White,Male,-117.32509,0.62866867,46.412872,Mexico,<=50K
52.12808,Self-emp-not-inc,143730.16,Bachelors,13.004545,Married-civ-spouse,Prof-specialty,Husband,White,Male,-120.21156,0.5482167,23.560728,United-States,<=50K
28.039892,Private,86675.2,Some-college,9.86814,Never-married,Farming-fishing,Own-child,White,Male,-125.35634,0.6797246,47.247925,United-States,<=50K
26.094915,Private,179468.78,Assoc-voc,11.024306,Never-married,Machine-op-inspct,Not-in-family,White,Female,-125.84706,1770.3019,38.486748,United-States,<=50K
35.892723,Self-emp-inc,177497.55,HS-grad,9.028334,Separated,Exec-managerial,Unmarried,White,Female,-96.44643,1.1236409,40.041435,United-States,<=50K
17.693707,Private,178774.14,10th,6.033218,Never-married,Sales,Own-child,White,Female,-93.155655,0.27529034,19.188791,United-States,<=50K
43.71587,Private,153736.06,7th-8th,4.256292,Never-married,Handlers-cleaners,Not-in-family,White,Male,-124.82973,0.43104443,38.511078,United-States,<=50K
32.009987,Federal-gov,287996.34,HS-grad,9.029812,Never-married,Craft-repair,Own-child,Black,Male,-110.82753,1.1661748,40.041283,United-States,<=50K
33.534943,Private,303606.6,Masters,13.98658,Married-civ-spouse,Sales,Husband,White,Male,-116.442764,1.1022633,40.03536,Mexico,<=50K
61.439438,Private,153961.66,9th,3.124197,Widowed,Priv-house-serv,Not-in-family,Black,Female,-99.5414,1.0272511,28.406387,United-States,<=50K
25.034908,Private,228402.55,9th,4.048581,Never-married,Sales,Own-child,Black,Female,-122.55385,0.41364178,40.0548,Dominican-Republic,<=50K
37.366283,Private,221837.17,Some-college,10.021904,Never-married,Sales,Own-child,White,Male,-98.45033,1766.7487,65.631775,United-States,<=50K
17.61641,Private,194707.34,12th,8.054758,Never-married,Sales,Own-child,White,Male,-21.282612,0.25686535,15.422289,United-States,<=50K
28.685785,Private,186792.8,HS-grad,9.032259,Never-married,Transport-moving,Not-in-family,White,Male,-123.91933,0.7320317,39.247433,United-States,<=50K
24.68337,Private,376698.72,Some-college,10.029019,Never-married,Exec-managerial,Other-relative,White,Male,-126.51088,1.0138844,42.413826,Mexico,<=50K
48.908577,Private,158723.25,Some-college,10.028013,Divorced,Other-service,Not-in-family,White,Female,-108.29457,0.7374562,46.326538,United-States,<=50K
37.86123,State-gov,227680.61,Assoc-acdm,12.008761,Divorced,Other-service,Unmarried,White,Male,-105.45155,0.96623886,35.79696,United-States,<=50K
45.494644,Self-emp-not-inc,86562.23,Assoc-voc,11.023597,Married-civ-spouse,Craft-repair,Husband,White,Male,-112.8849,0.9032506,44.38176,United-States,<=50K
27.91119,Private,302847.94,HS-grad,9.030917,Never-married,Adm-clerical,Not-in-family,Black,Female,-124.29823,0.8907689,39.223557,United-States,<=50K
54.85927,Private,94978.15,7th-8th,3.8640609,Never-married,Machine-op-inspct,Not-in-family,White,Male,-129.67445,0.52601516,42.917862,United-States,<=50K
21.349245,Private,158123.62,Some-college,10.031733,Never-married,Tech-support,Own-child,White,Male,134.23778,0.34203228,18.08297,United-States,<=50K
41.84616,Private,168092.9,Prof-school,15.204899,Married-civ-spouse,Prof-specialty,Husband,White,Male,-119.61659,0.6478032,45.678963,United-States,<=50K
40.436974,Private,131412.05,Some-college,10.026731,Divorced,Machine-op-inspct,Own-child,White,Male,420.21384,0.6412877,39.35922,United-States,<=50K
33.24656,Private,214021.73,Bachelors,13.2508,Never-married,Prof-specialty,Own-child,White,Male,-113.65541,0.7663106,62.52307,United-States,<=50K
34.543423,Private,181299.97,Bachelors,13.002409,Married-civ-spouse,Tech-support,Husband,White,Male,-107.77333,0.8239659,45.256184,United-States,<=50K
36.576397,Private,141380.28,Assoc-acdm,12.013615,Married-civ-spouse,Sales,Husband,White,Male,-118.0829,0.84229934,41.843433,United-States,<=50K
23.047367,Private,344703.53,HS-grad,9.031209,Never-married,Machine-op-inspct,Not-in-family,White,Male,-118.370255,0.75960433,37.66193,United-States,<=50K
37.310127,Private,198409.28,HS-grad,9.024909,Divorced,Craft-repair,Unmarried,White,Male,14.941266,1.0200871,42.33265,United-States,<=50K
20.89193,State-gov,244700.66,Some-college,10.032882,Never-married,Other-service,Not-in-family,White,Male,-123.79726,0.60984695,12.066122,United-States,<=50K
23.788105,Private,151156.95,Bachelors,13.00098,Never-married,Adm-clerical,Own-child,White,Female,-106.72304,0.75758255,61.687424,United-States,<=50K
25.530222,Private,188001.1,Assoc-voc,11.02383,Never-married,Craft-repair,Unmarried,White,Male,-124.11781,0.7516469,40.046192,United-States,<=50K
37.441635,State-gov,527767.1,Some-college,11.548154,Never-married,Farming-fishing,Not-in-family,Black,Male,-115.860245,1.1837682,40.042706,United-States,<=50K
22.480349,Private,306215.84,HS-grad,9.025919,Never-married,Adm-clerical,Own-child,White,Male,-112.24672,0.7070149,34.38644,Nicaragua,<=50K
35.244522,Private,314375.8,Some-college,11.010089,Divorced,Sales,Unmarried,White,Female,-100.22279,1052.8043,42.309757,United-States,<=50K
47.78795,Local-gov,225302.17,10th,4.671686,Married-civ-spouse,Transport-moving,Husband,White,Male,-109.99086,1.2105168,40.036324,United-States,<=50K
42.72854,Private,204985.8,HS-grad,9.280853,Widowed,Prof-specialty,Unmarried,White,Female,-111.64638,0.7690953,37.51553,United-States,<=50K
39.68149,Private,231452.23,11th,6.7398624,Divorced,Transport-moving,Own-child,White,Male,-91.566055,0.9065999,40.04964,United-States,<=50K
27.106226,Private,299480.56,11th,7.03302,Separated,Craft-repair,Not-in-family,White,Male,-116.20375,0.74476516,38.279324,United-States,<=50K
31.980324,Local-gov,175677.25,Masters,13.991425,Never-married,Prof-specialty,Own-child,White,Male,-124.9164,0.8084401,42.265087,United-States,<=50K
30.43028,Private,107055.45,Some-college,8.799792,Married-civ-spouse,Handlers-cleaners,Husband,White,Male,-120.206436,1886.866,40.0432,United-States,<=50K
49.58301,Private,186867.77,Some-college,10.030241,Married-civ-spouse,Adm-clerical,Husband,White,Male,-116.80141,0.84445846,40.257034,United-States,<=50K
39.35451,Private,185124.42,HS-grad,9.029644,Married-civ-spouse,Machine-op-inspct,Wife,Black,Female,582.6896,0.98881423,36.364544,United-States,<=50K
57.378437,Self-emp-not-inc,249475.25,HS-grad,9.031182,Widowed,Other-service,Not-in-family,White,Female,-112.48573,0.8367833,22.817581,United-States,<=50K
28.581934,Private,105065.875,HS-grad,9.032325,Never-married,Handlers-cleaners,Not-in-family,White,Male,948.3052,0.6311711,57.532333,United-States,<=50K
24.926998,Private,355097.62,HS-grad,9.026029,Divorced,Craft-repair,Not-in-family,White,Male,-110.58095,0.698943,35.87812,United-States,<=50K
53.161247,Private,187143.45,9th,5.884513,Married-civ-spouse,Other-service,Wife,White,Female,1934.0162,1.213332,34.148403,United-States,<=50K
66.48033,?,259459.42,7th-8th,4.7178497,Widowed,?,Not-in-family,White,Male,-115.88588,0.6242589,16.60617,United-States,<=50K
32.03093,Private,257943.78,Prof-school,15.4597845,Married-civ-spouse,Tech-support,Husband,Asian-Pac-Islander,Male,-114.39296,1.183402,40.02724,Nicaragua,<=50K
38.84185,Private,159162.34,Some-college,10.031197,Married-civ-spouse,Machine-op-inspct,Husband,White,Male,587.463,0.83602035,41.55651,United-States,<=50K
20.239058,Private,200438.75,11th,7.033681,Never-married,Machine-op-inspct,Own-child,White,Male,-108.971085,0.61877334,46.93651,United-States,<=50K
31.160088,Private,123191.22,11th,7.031732,Married-civ-spouse,Transport-moving,Husband,White,Male,438.3918,0.6579732,41.224472,United-States,<=50K
24.822298,Private,211194.45,HS-grad,9.027575,Never-married,Sales,Unmarried,White,Female,-121.43227,0.8451985,57.040844,United-States,<=50K
38.750515,Private,94565.516,7th-8th,4.5403037,Separated,Other-service,Not-in-family,White,Male,-113.63515,0.4510258,37.77711,United-States,<=50K
33.51943,Private,149892.56,10th,6.0419073,Never-married,Farming-fishing,Not-in-family,White,Male,-116.142715,0.7866963,41.01286,United-States,<=50K
25.692562,Private,228941.58,HS-grad,9.635331,Never-married,Other-service,Not-in-family,White,Male,-124.83241,0.8077916,37.873623,Mexico,<=50K
43.936512,Private,139090.45,HS-grad,10.35734,Divorced,Exec-managerial,Not-in-family,Amer-Indian-Eskimo,Male,-99.327774,1.0191716,48.42347,United-States,<=50K
44.544003,Private,341239.5,Some-college,10.025673,Divorced,Craft-repair,Not-in-family,White,Male,-115.50697,0.9164647,40.50094,United-States,<=50K
47.313046,Private,169009.16,HS-grad,9.028534,Divorced,Other-service,Not-in-family,White,Male,-101.50453,0.8138722,40.448975,United-States,<=50K
26.678371,Private,287413.16,HS-grad,9.026625,Never-married,Craft-repair,Unmarried,White,Male,-119.41054,1.0716237,39.047935,Mexico,<=50K
19.189339,Private,308720.25,Some-college,9.661609,Never-married,Exec-managerial,Own-child,White,Female,-104.54872,0.4721211,16.713789,United-States,<=50K
36.462185,Private,249647.17,HS-grad,9.4305315,Married-civ-spouse,Adm-clerical,Husband,White,Male,-106.14833,1.085349,40.981064,Mexico,<=50K
32.879433,Private,225422.81,Some-college,10.025395,Separated,Sales,Not-in-family,Amer-Indian-Eskimo,Male,1251.8768,1.0308827,44.010437,United-States,<=50K
31.411177,Private,212423.05,Some-college,10.029579,Married-civ-spouse,Craft-repair,Husband,White,Male,110.8286,0.8887471,53.80203,United-States,<=50K
24.712997,Private,313170.22,Some-college,10.027705,Never-married,Sales,Unmarried,White,Male,-124.6747,1.0034856,44.947388,United-States,<=50K
63.697937,Private,64354.168,HS-grad,9.033794,Married-civ-spouse,Exec-managerial,Husband,White,Male,-115.79164,1358.7944,25.10301,United-States,<=50K
74.65338,Private,154608.19,7th-8th,4.015474,Widowed,Exec-managerial,Not-in-family,White,Female,-121.40175,0.23566326,6.6738167,United-States,<=50K
66.52768,Self-emp-not-inc,161892.52,Some-college,10.030252,Widowed,Exec-managerial,Not-in-family,White,Female,-125.6996,0.6586598,16.666252,United-States,<=50K
26.692974,Private,166361.81,Some-college,10.029197,Never-married,Adm-clerical,Own-child,White,Female,-19.634663,0.6815709,39.872223,United-States,<=50K
33.91817,Private,70454.67,Assoc-voc,11.020903,Divorced,Prof-specialty,Unmarried,White,Male,-117.82118,0.5074223,44.326767,United-States,<=50K
37.98402,Private,192999.52,Assoc-voc,11.018813,Divorced,Adm-clerical,Unmarried,White,Female,-95.07045,0.8153218,42.8303,United-States,<=50K
30.69896,Private,142970.17,Bachelors,13.000706,Married-civ-spouse,Adm-clerical,Wife,White,Female,-112.35341,0.81548965,40.065697,United-States,<=50K
54.651897,Self-emp-not-inc,126306.12,7th-8th,4.5540366,Married-civ-spouse,Transport-moving,Husband,White,Male,-105.41591,1.2948598,42.41832,United-States,<=50K
21.65351,Private,313381.34,HS-grad,9.170938,Never-married,Other-service,Own-child,White,Male,-113.32753,0.8813008,40.051178,Mexico,<=50K
35.51001,Private,477710.7,HS-grad,9.022287,Divorced,Machine-op-inspct,Own-child,White,Male,-105.38783,1.1120747,42.574646,United-States,<=50K
50.29596,Private,200485.56,Some-college,9.776206,Divorced,Handlers-cleaners,Own-child,White,Male,1531.7164,0.9496678,39.521244,United-States,<=50K
48.64527,Private,132364.84,Some-college,9.462199,Married-civ-spouse,Machine-op-inspct,Husband,White,Male,-109.955215,0.915923,60.84979,United-States,<=50K
24.891169,State-gov,125223.98,Some-college,10.03175,Never-married,Handlers-cleaners,Own-child,White,Male,-126.922745,0.7513875,40.047054,United-States,<=50K
33.33722,Federal-gov,71468.516,Masters,13.985349,Never-married,Tech-support,Not-in-family,White,Male,-123.138565,0.9605855,40.04356,United-States,<=50K
48.078327,Private,117120.6,Some-college,10.031741,Divorced,Prof-specialty,Unmarried,White,Female,-115.55263,0.25050244,20.41162,United-States,<=50K
43.837036,Private,191718.34,Some-college,10.026821,Separated,Adm-clerical,Unmarried,White,Female,-107.46059,0.9364537,39.768864,United-States,<=50K
64.17199,Private,165712.69,Masters,13.041174,Never-married,Prof-specialty,Other-relative,White,Female,-119.21474,0.336974,20.20187,United-States,<=50K
38.130737,Private,139330.66,HS-grad,9.284417,Separated,Machine-op-inspct,Other-relative,Black,Female,-94.50844,0.84616745,38.817966,United-States,<=50K
52.973335,Private,223815.27,Assoc-voc,11.018928,Widowed,Tech-support,Unmarried,White,Female,-110.489395,0.62773025,11.986172,United-States,<=50K
28.508896,Private,83681.28,Assoc-voc,11.025976,Never-married,Prof-specialty,Not-in-family,White,Male,-120.425186,0.49136242,41.96784,United-States,<=50K
76.573235,Private,100749.945,7th-8th,3.072401,Married-civ-spouse,Prof-specialty,Wife,White,Male,-112.54921,-0.1474239,12.383549,Poland,<=50K
27.950472,Private,209716.89,Assoc-acdm,12.013966,Never-married,Tech-support,Not-in-family,White,Male,291.0958,0.88886154,43.157707,United-States,<=50K
23.917799,Private,693607.75,Some-college,10.031159,Never-married,Adm-clerical,Own-child,Black,Female,-123.161514,0.7032918,31.616457,United-States,<=50K
27.883598,Private,290821.25,10th,4.15609,Married-civ-spouse,Other-service,Not-in-family,White,Male,-112.69154,2081.697,30.950933,Mexico,<=50K
28.012083,Local-gov,214638.86,Bachelors,13.008845,Never-married,Prof-specialty,Not-in-family,White,Female,-124.738174,0.80227554,44.33691,United-States,<=50K
33.06721,Private,178239.14,HS-grad,9.023707,Divorced,Adm-clerical,Own-child,White,Male,-91.42372,0.8260106,40.046253,United-States,<=50K
25.940622,Private,183462.31,12th,8.047259,Never-married,Other-service,Unmarried,Black,Male,-127.47475,0.67310226,38.827515,United-States,<=50K
32.971355,Private,198448.72,HS-grad,9.028032,Married-spouse-absent,Handlers-cleaners,Other-relative,White,Male,-102.90834,0.8001698,40.045372,United-States,<=50K
38.083733,Private,206398.48,HS-grad,9.031468,Married-civ-spouse,Machine-op-inspct,Husband,Black,Male,-100.011856,1.1170796,40.553455,United-States,<=50K
28.486357,Private,246424.8,11th,5.6109314,Separated,Farming-fishing,Not-in-family,White,Male,-110.73085,0.90742385,42.493477,Puerto-Rico,<=50K
36.46256,Private,141638.02,Some-college,10.031848,Married-civ-spouse,Handlers-cleaners,Husband,White,Male,-120.92885,0.6370534,42.16358,United-States,<=50K
39.36588,Federal-gov,76373.27,Some-college,10.031055,Divorced,Prof-specialty,Unmarried,White,Female,-108.84389,0.89602554,39.366974,United-States,<=50K
37.67933,Self-emp-not-inc,121367.78,Some-college,10.030772,Never-married,Craft-repair,Unmarried,White,Male,-121.587296,0.81935775,33.940548,United-States,<=50K
52.478516,Private,108589.625,9th,4.5427566,Married-civ-spouse,Handlers-cleaners,Husband,White,Male,1199.1407,0.718871,45.1685,United-States,<=50K
19.632713,Private,115339.555,Some-college,10.281932,Never-married,Other-service,Own-child,Asian-Pac-Islander,Male,-110.26308,0.33942303,16.907564,United-States,<=50K
30.945425,Private,247771.8,Assoc-voc,10.776766,Never-married,Tech-support,Other-relative,White,Female,-108.43959,0.7612523,38.037266,United-States,<=50K
56.6146,Local-gov,156504.6,HS-grad,9.030305,Widowed,Other-service,Not-in-family,White,Male,-105.63466,1762.5472,28.828287,United-States,<=50K
30.42692,Self-emp-not-inc,201921.64,12th,8.048842,Married-civ-spouse,Craft-repair,Not-in-family,White,Male,-120.01576,0.8605794,36.480343,United-States,<=50K
26.72058,State-gov,82332.41,Some-college,10.033002,Never-married,Tech-support,Own-child,White,Male,-126.52602,0.46572003,10.055134,United-States,<=50K
25.089134,Private,201437.83,HS-grad,9.200016,Never-married,Exec-managerial,Not-in-family,White,Male,-128.78944,0.7750691,43.31427,?,<=50K
31.906305,Private,231652.2,Bachelors,13.004455,Married-civ-spouse,Prof-specialty,Husband,White,Male,-119.85805,0.7218236,45.54525,?,<=50K
36.697433,Local-gov,152926.42,HS-grad,9.23578,Never-married,Adm-clerical,Not-in-family,White,Male,360.8757,0.9030522,40.7898,United-States,<=50K
28.13962,Private,315399.94,Assoc-acdm,12.010791,Never-married,Other-service,Own-child,White,Male,-117.4955,0.9353398,52.751316,United-States,<=50K
23.984245,Private,247344.64,Bachelors,13.005409,Never-married,Sales,Not-in-family,White,Male,-104.06288,0.86652267,52.37571,Jamaica,<=50K
34.681778,Private,218588.31,5th-6th,3.8727088,Never-married,Other-service,Unmarried,White,Female,-111.28285,0.75070846,37.963356,Mexico,<=50K
51.379898,Private,142564.55,Some-college,9.835135,Married-civ-spouse,Exec-managerial,Husband,White,Male,-112.47548,1883.9716,40.96638,United-States,<=50K
48.96407,Self-emp-inc,202329.64,Some-college,10.026983,Separated,Adm-clerical,Not-in-family,White,Male,-118.17714,0.892104,40.03827,United-States,<=50K
31.366974,Private,238853.06,Some-college,10.226519,Married-civ-spouse,Machine-op-inspct,Husband,White,Male,-107.468155,1936.7415,43.371376,United-States,<=50K
31.252794,Private,240058.47,Bachelors,13.007405,Never-married,Prof-specialty,Not-in-family,White,Male,-116.737686,0.886649,41.002758,El-Salvador,<=50K
34.82115,Private,285920.22,HS-grad,9.026237,Married-civ-spouse,Craft-repair,Husband,Other,Male,-98.81142,1.1018437,38.253765,United-States,<=50K
28.595633,Private,157389.75,Some-college,10.02776,Married-civ-spouse,Adm-clerical,Wife,White,Female,-115.135635,0.7657765,40.06009,United-States,<=50K
38.491558,Private,176945.6,Assoc-voc,11.024033,Never-married,Other-service,Unmarried,White,Female,-116.95131,0.5287465,23.4134,United-States,<=50K
30.521381,Private,204847.8,HS-grad,9.0292635,Married-civ-spouse,Machine-op-inspct,Husband,White,Male,148.62914,1.0038518,49.24889,United-States,<=50K
25.13552,Private,95186.48,Some-college,10.03298,Married-civ-spouse,Prof-specialty,Husband,Amer-Indian-Eskimo,Male,-124.13295,0.67125595,41.102806,United-States,<=50K
36.732746,Private,129172.445,HS-grad,9.028269,Divorced,Sales,Not-in-family,White,Female,-105.80995,0.6466359,37.967606,United-States,<=50K
20.642748,State-gov,221126.08,Some-college,10.032466,Never-married,Prof-specialty,Own-child,White,Male,-114.30141,0.43476757,17.523958,United-States,<=50K
34.785065,Local-gov,223511.38,Some-college,10.035469,Never-married,Adm-clerical,Not-in-family,Black,Female,-123.2328,1.0207127,41.7034,United-States,<=50K
41.29338,Private,322619.62,HS-grad,9.025498,Divorced,Other-service,Unmarried,Black,Male,-94.412,1.1667088,37.013542,United-States,<=50K
34.469597,State-gov,217777.73,Some-college,9.8360615,Never-married,Adm-clerical,Unmarried,Black,Female,-107.32826,1.2140721,39.33187,United-States,<=50K
42.67233,Private,257268.94,HS-grad,9.028647,Never-married,Adm-clerical,Not-in-family,White,Male,341.35495,0.922408,40.090557,United-States,<=50K
36.998444,Private,230941.31,Some-college,10.028122,Married-civ-spouse,Sales,Husband,White,Male,270.03134,0.9134816,52.995987,United-States,<=50K
59.64344,?,140964.56,11th,6.589619,Married-civ-spouse,?,Husband,White,Male,-114.99306,0.83809555,36.73941,United-States,<=50K
21.30338,Private,191448.48,Some-college,10.02942,Never-married,Machine-op-inspct,Own-child,White,Female,-125.320694,0.5156392,17.636183,Germany,<=50K
52.47586,Local-gov,155844.28,Some-college,10.030902,Married-civ-spouse,?,Husband,White,Male,-117.30727,2082.9636,42.59097,United-States,<=50K
68.50269,?,103102.664,7th-8th,3.5696921,Divorced,?,Not-in-family,White,Male,-121.747696,0.12911114,14.959145,United-States,<=50K
29.995363,Private,243935.9,Bachelors,13.002758,Never-married,Prof-specialty,Not-in-family,White,Male,-112.74501,2048.7585,56.04796,United-States,<=50K
29.832638,Private,258132.44,HS-grad,9.029172,Never-married,Adm-clerical,Not-in-family,White,Female,-121.65614,0.82774246,39.783882,United-States,<=50K
37.860905,Local-gov,275946.2,Bachelors,13.006222,Never-married,Handlers-cleaners,Not-in-family,Black,Male,-121.87465,1.1078099,40.033115,United-States,<=50K
22.192755,Private,250489.14,11th,7.031889,Never-married,Handlers-cleaners,Not-in-family,White,Male,-105.92958,0.6106709,38.27678,Mexico,<=50K
19.883862,Private,164187.12,Assoc-acdm,12.015872,Never-married,Other-service,Own-child,White,Male,-107.40956,1974.897,19.138174,United-States,<=50K
46.876656,Private,125837.92,Bachelors,13.008406,Never-married,Prof-specialty,Not-in-family,White,Male,-114.81508,0.60203445,40.959625,United-States,<=50K
34.032288,Private,190977.66,HS-grad,8.610513,Married-civ-spouse,Transport-moving,Husband,White,Male,-106.80946,0.9200505,40.04773,Columbia,<=50K
28.11228,Private,327963.62,Bachelors,13.005375,Never-married,Adm-clerical,Own-child,White,Male,-113.12904,0.51965225,17.763786,United-States,<=50K
42.32224,Private,295065.38,Assoc-acdm,10.456781,Separated,Other-service,Unmarried,White,Female,-100.13393,0.9743718,32.52965,United-States,<=50K
38.930283,Self-emp-not-inc,162947.1,HS-grad,9.029424,Married-civ-spouse,Craft-repair,Husband,White,Male,-92.328995,1.2853078,53.435204,United-States,<=50K
26.745947,Private,162787.06,Assoc-voc,11.022726,Never-married,Exec-managerial,Own-child,White,Male,-122.50795,0.6342381,44.16165,United-States,<=50K
26.276497,Private,240347.73,Some-college,9.294194,Never-married,Adm-clerical,Not-in-family,White,Male,347.4482,0.7898778,40.038406,Germany,<=50K
24.39296,Private,264811.8,Bachelors,13.006478,Never-married,Prof-specialty,Own-child,White,Male,-101.084854,0.4119099,23.8001,United-States,<=50K
19.646536,Private,271862.44,9th,4.288126,Never-married,Craft-repair,Other-relative,White,Male,-104.67323,0.5908345,39.080273,United-States,<=50K
38.99086,Local-gov,171804.55,Bachelors,13.006327,Married-civ-spouse,Prof-specialty,Husband,White,Male,-125.72255,0.7478932,39.559772,United-States,<=50K
41.15455,Private,227624.45,11th,6.7445803,Married-civ-spouse,Other-service,Wife,White,Female,1041.1129,0.7774571,33.183907,United-States,<=50K
39.519794,Private,354975.28,HS-grad,9.025967,Never-married,Other-service,Not-in-family,Black,Female,-101.72328,1.5075825,81.127365,United-States,<=50K
21.890686,Private,199880.77,Some-college,10.030596,Never-married,Exec-managerial,Own-child,White,Female,-119.20717,0.69010055,37.624725,United-States,<=50K
47.957508,Private,40305.2,Masters,13.987319,Divorced,Prof-specialty,Not-in-family,White,Male,-102.422745,0.22346386,15.415718,United-States,<=50K
20.124256,Private,177064.03,Some-college,10.030354,Never-married,Sales,Own-child,White,Female,-114.32167,0.38720593,18.197138,United-States,<=50K
40.38359,Local-gov,174760.61,Bachelors,13.005845,Married-civ-spouse,Prof-specialty,Husband,White,Male,-126.38612,0.79155624,56.30379,United-States,<=50K
25.113224,Private,334263.6,HS-grad,9.028421,Never-married,Machine-op-inspct,Not-in-family,White,Male,-125.6996,0.91811264,56.505726,United-States,<=50K
31.110998,Private,161800.19,Bachelors,13.003929,Never-married,Exec-managerial,Not-in-family,White,Male,-112.97133,1791.9465,46.547398,United-States,<=50K
24.462551,Private,217422.27,Bachelors,13.005998,Never-married,Exec-managerial,Not-in-family,White,Male,606.5438,0.56445205,28.459377,United-States,<=50K
24.990263,?,180363.53,9th,12.525359,Never-married,?,Own-child,Asian-Pac-Islander,Male,-127.945206,0.7309483,20.7826,Philippines,<=50K
17.466135,Private,314375.8,11th,7.036232,Never-married,Sales,Not-in-family,Other,Male,-84.20888,0.26866803,18.868793,United-States,<=50K
34.10488,State-gov,197244.4,HS-grad,9.028817,Married-civ-spouse,Protective-serv,Husband,White,Male,-95.28407,1.176917,40.618946,United-States,<=50K
46.290733,Private,246683.08,HS-grad,9.025589,Married-civ-spouse,Transport-moving,Husband,White,Male,-92.78676,1.354987,57.95543,United-States,<=50K
28.785646,Private,153352.44,Bachelors,13.006778,Never-married,Prof-specialty,Own-child,White,Male,-110.38002,0.5771855,39.129047,United-States,<=50K
45.230152,Private,179913.05,Assoc-acdm,13.024085,Never-married,Prof-specialty,Not-in-family,White,Male,2948.6448,0.96914566,89.11826,United-States,<=50K
23.718378,Private,180809.84,Some-college,10.033134,Never-married,Exec-managerial,Own-child,Black,Female,-123.16908,0.7024373,37.895496,United-States,<=50K
35.456146,Private,131319.81,Assoc-acdm,12.0135975,Married-civ-spouse,Machine-op-inspct,Husband,White,Male,-116.34364,0.7907628,44.00344,United-States,<=50K
36.49892,Private,200786.97,Bachelors,13.000522,Divorced,Prof-specialty,Own-child,White,Female,-99.77284,0.7600316,41.930927,United-States,<=50K
55.330715,Local-gov,161374.28,Doctorate,15.731209,Widowed,Prof-specialty,Unmarried,White,Female,-124.51698,0.9280385,39.512394,United-States,<=50K
45.857235,Private,153395.16,11th,7.029563,Divorced,Handlers-cleaners,Not-in-family,White,Male,-108.34291,0.7034291,42.909973,United-States,<=50K
27.469341,Private,246697.64,7th-8th,4.042686,Never-married,Machine-op-inspct,Not-in-family,White,Female,-125.1349,0.21240887,35.85187,Dominican-Republic,<=50K
25.297174,Local-gov,206518.77,Some-college,11.022513,Never-married,Exec-managerial,Own-child,White,Female,-126.35072,0.9398869,40.040386,United-States,<=50K
38.94839,Self-emp-not-inc,234458.6,Bachelors,13.002227,Separated,Craft-repair,Unmarried,White,Male,-105.11073,1.0978612,36.772232,United-States,<=50K
28.629915,Private,158318.83,Bachelors,13.006237,Never-married,Exec-managerial,Not-in-family,White,Male,-115.73329,0.7690724,42.61006,United-States,<=50K
41.778114,Private,156347.0,Bachelors,13.001496,Divorced,Other-service,Not-in-family,White,Male,-113.81825,0.68600357,40.00049,United-States,<=50K
37.794765,Federal-gov,57422.418,Some-college,10.038603,Married-civ-spouse,Adm-clerical,Husband,Black,Male,-122.073135,0.6102208,32.98184,United-States,<=50K
37.19859,Private,44683.715,Some-college,10.034557,Married-civ-spouse,Craft-repair,Husband,White,Male,497.6179,0.694167,40.04381,United-States,<=50K
33.392056,Private,211667.22,Assoc-acdm,12.642429,Divorced,Exec-managerial,Not-in-family,White,Male,-109.71376,0.8746785,46.897408,United-States,<=50K
30.926699,Private,209510.95,Some-college,9.79344,Divorced,Other-service,Unmarried,White,Female,-108.83388,0.49957928,25.499008,United-States,<=50K
24.315216,Private,177363.78,Bachelors,13.003188,Never-married,Exec-managerial,Own-child,White,Male,-109.2787,1590.9819,45.90976,United-States,<=50K
29.188272,State-gov,256152.86,HS-grad,9.525038,Divorced,Adm-clerical,Own-child,White,Female,-99.060684,1.0259389,37.9537,United-States,<=50K
59.620804,Private,129613.33,Some-college,10.529923,Widowed,Machine-op-inspct,Not-in-family,White,Female,-126.43202,0.80957687,42.459736,Poland,<=50K
21.723658,Private,269855.5,Some-college,10.026837,Never-married,Transport-moving,Own-child,White,Male,-113.92006,0.8004292,42.000645,United-States,<=50K
41.561268,Private,293322.44,HS-grad,9.023163,Divorced,Adm-clerical,Not-in-family,White,Female,-104.65297,1.1257466,38.512207,Puerto-Rico,<=50K
16.984884,Local-gov,207931.36,11th,6.7526546,Never-married,Prof-specialty,Own-child,White,Female,-99.256485,0.21741375,12.317226,United-States,<=50K
73.732376,Private,151488.16,Some-college,9.531098,Widowed,Adm-clerical,Own-child,White,Female,-111.60585,1.0024022,40.019516,Puerto-Rico,<=50K
44.04974,Local-gov,166697.48,Masters,13.99289,Divorced,Prof-specialty,Not-in-family,White,Male,-123.79726,0.8744191,44.394974,United-States,<=50K
23.141699,Federal-gov,157131.08,HS-grad,9.030715,Never-married,Adm-clerical,Own-child,White,Female,-122.38344,0.73751724,40.755768,United-States,<=50K
23.266743,Private,445200.34,HS-grad,9.024203,Never-married,Adm-clerical,Own-child,White,Female,-112.27968,0.91282547,40.031315,United-States,<=50K
50.241806,?,110641.484,Bachelors,12.999552,Divorced,Adm-clerical,Unmarried,White,Female,-108.10634,0.9304799,40.032402,United-States,<=50K
25.921412,Local-gov,192268.62,Some-college,10.031217,Separated,Handlers-cleaners,Not-in-family,White,Male,-127.94008,0.82683456,49.45205,United-States,<=50K
66.17813,Self-emp-not-inc,135880.23,Some-college,9.786055,Widowed,Sales,Not-in-family,White,Male,-127.37538,0.59276474,31.021797,United-States,<=50K
29.907797,Private,176239.52,Some-college,10.035692,Never-married,Prof-specialty,Not-in-family,Black,Male,-126.35829,0.74797714,40.20962,United-States,<=50K
45.194897,Self-emp-not-inc,67707.734,Assoc-acdm,12.015222,Married-civ-spouse,Craft-repair,Husband,White,Male,-124.64174,0.76082504,32.957104,United-States,<=50K
20.442236,Private,241257.25,HS-grad,9.282237,Never-married,Exec-managerial,Own-child,White,Female,-113.6122,0.5439824,16.307869,Laos,<=50K
30.884853,Private,223484.42,HS-grad,9.4274025,Married-civ-spouse,Transport-moving,Husband,White,Male,-101.68251,1.0542516,89.70834,United-States,<=50K
25.963701,Private,250341.58,9th,5.537227,Married-civ-spouse,Machine-op-inspct,Husband,White,Male,-124.656876,0.6483983,40.05039,Guatemala,<=50K
34.24903,Private,164441.88,Some-college,9.530556,Separated,Craft-repair,Unmarried,White,Male,-101.44862,0.9448384,48.65863,United-States,<=50K
49.801353,Local-gov,72419.43,HS-grad,9.368791,Divorced,Craft-repair,Not-in-family,White,Male,-122.487686,0.86620986,40.034657,United-States,<=50K
44.16847,Private,162108.8,HS-grad,9.155082,Separated,Handlers-cleaners,Not-in-family,White,Male,225.86803,0.7021779,39.023018,United-States,<=50K
27.847565,Private,93478.0,9th,5.039199,Separated,Machine-op-inspct,Not-in-family,White,Male,-118.759415,0.37208447,44.024033,United-States,<=50K
21.970074,Local-gov,263043.56,Some-college,9.070248,Never-married,Other-service,Not-in-family,Black,Male,-128.9955,0.55017745,25.664892,United-States,<=50K
41.553017,Private,142507.8,Doctorate,15.4259815,Divorced,Prof-specialty,Not-in-family,White,Female,1161.4114,0.78055465,88.778656,United-States,<=50K
22.804243,Local-gov,118501.26,Bachelors,13.006017,Never-married,Prof-specialty,Own-child,White,Female,-113.009415,0.4608601,19.964619,United-States,<=50K
44.1584,Local-gov,36085.824,Assoc-voc,11.022571,Divorced,Exec-managerial,Not-in-family,White,Male,-126.182755,0.80471694,49.10236,United-States,<=50K
45.14553,Private,243365.53,Some-college,10.02711,Divorced,Other-service,Unmarried,White,Female,-101.02138,1.0253438,39.031586,El-Salvador,<=50K
28.607439,Private,177311.02,Some-college,10.029247,Never-married,Other-service,Other-relative,White,Male,-118.2433,0.8161763,56.937225,Ecuador,<=50K
26.972017,Private,156029.83,HS-grad,9.030578,Never-married,Adm-clerical,Own-child,White,Male,-122.436905,0.652007,41.028515,United-States,<=50K
53.399258,Private,142022.78,HS-grad,9.026905,Married-spouse-absent,Priv-house-serv,Not-in-family,White,Female,-89.28749,1.2115697,45.267845,United-States,<=50K
28.75811,Private,218551.27,Bachelors,13.002931,Never-married,Adm-clerical,Not-in-family,White,Male,1301.424,0.79545486,63.004463,United-States,<=50K
26.05167,Private,213604.17,Assoc-acdm,12.013263,Never-married,Adm-clerical,Own-child,White,Male,-120.63368,0.85153854,37.653275,United-States,<=50K
19.582878,?,293928.66,Some-college,10.029036,Never-married,?,Own-child,White,Male,-121.23134,0.8558873,39.23858,United-States,<=50K
35.98682,Private,186864.73,Some-college,10.027424,Divorced,Craft-repair,Not-in-family,White,Male,-110.26796,0.7738484,44.828014,United-States,<=50K
26.156197,Private,107290.945,HS-grad,9.032273,Separated,Machine-op-inspct,Not-in-family,White,Male,-119.586075,0.6400975,40.046112,United-States,<=50K
56.709957,Private,199412.42,HS-grad,9.024887,Divorced,Transport-moving,Not-in-family,White,Male,-102.93373,1.0375966,42.18821,United-States,<=50K
32.987778,Private,110991.14,12th,8.04676,Divorced,Other-service,Not-in-family,White,Male,-114.1183,0.42279705,37.304165,United-States,<=50K
55.255917,Private,407805.16,HS-grad,9.023299,Divorced,Craft-repair,Not-in-family,White,Male,-106.10756,1.1552571,42.39045,United-States,<=50K
28.427158,Private,125175.43,HS-grad,9.034706,Never-married,Craft-repair,Not-in-family,White,Male,-126.70668,0.6854695,40.99616,United-States,<=50K
17.768028,?,261592.62,11th,7.0380044,Never-married,?,Own-child,White,Male,-103.040665,0.4274281,17.321585,United-States,<=50K
54.09469,Self-emp-not-inc,196200.08,Masters,13.980543,Never-married,Sales,Not-in-family,White,Male,-116.709854,0.7691258,19.94618,United-States,<=50K
26.84669,Private,373718.1,HS-grad,8.221503,Married-civ-spouse,Handlers-cleaners,Wife,White,Female,-112.85951,0.96078384,39.382614,United-States,<=50K
25.4221,Private,180282.25,Assoc-voc,11.023013,Never-married,Sales,Own-child,White,Male,-121.99184,0.5917424,38.31411,United-States,<=50K
71.15261,?,210777.1,Bachelors,13.00763,Married-civ-spouse,?,Husband,White,Male,-122.022354,0.48363385,17.45059,United-States,<=50K
35.810333,Self-emp-not-inc,275530.62,HS-grad,9.027512,Never-married,Craft-repair,Own-child,White,Male,-105.18959,1.2302998,39.206398,United-States,<=50K
34.545074,Federal-gov,88758.99,Bachelors,13.003754,Never-married,Prof-specialty,Unmarried,Asian-Pac-Islander,Male,643.6196,0.9434422,40.045876,Vietnam,<=50K
50.815147,Local-gov,127711.695,Bachelors,13.005974,Widowed,Prof-specialty,Not-in-family,White,Female,-124.66713,0.8173131,40.560677,United-States,<=50K
23.91241,Private,315161.5,HS-grad,9.030641,Never-married,Craft-repair,Not-in-family,White,Male,75.71605,0.8289937,38.611256,United-States,<=50K
22.959007,Private,207069.0,Some-college,10.029929,Never-married,Sales,Own-child,Asian-Pac-Islander,Male,-128.25282,0.6800374,22.206059,India,<=50K
28.965754,Private,258661.64,Some-college,10.029094,Married-civ-spouse,Exec-managerial,Husband,White,Male,1095.1561,0.95117843,56.05193,Germany,<=50K
51.91487,Private,284848.16,7th-8th,5.6103673,Married-civ-spouse,Exec-managerial,Other-relative,White,Male,-108.523575,0.9650792,42.455345,Dominican-Republic,<=50K
17.887783,Private,104201.47,10th,6.037392,Never-married,Other-service,Not-in-family,Black,Male,-95.1266,0.21263775,17.772816,United-States,<=50K
17.94109,Private,142547.34,11th,7.034185,Never-married,Other-service,Own-child,White,Female,-91.17445,0.1907185,15.603281,United-States,<=50K
31.914398,Private,126407.3,HS-grad,9.029853,Married-civ-spouse,Craft-repair,Husband,White,Male,-104.195206,0.8571385,71.5168,United-States,<=50K
26.64601,Private,183733.72,11th,7.0363927,Never-married,Craft-repair,Not-in-family,White,Male,-120.5143,0.5649022,35.443478,United-States,<=50K
62.63994,Private,105197.35,10th,5.3848,Never-married,Other-service,Not-in-family,White,Male,-126.60243,0.61791885,42.602913,United-States,<=50K
28.930979,Private,159208.8,Some-college,10.035091,Never-married,Machine-op-inspct,Not-in-family,Black,Male,-128.69789,0.72029006,39.654423,United-States,<=50K
49.970184,Self-emp-inc,235873.92,Bachelors,13.124029,Married-civ-spouse,Exec-managerial,Husband,White,Male,-109.89931,1.1889104,57.577404,United-States,<=50K
48.27571,Local-gov,352205.44,Some-college,10.031222,Never-married,Prof-specialty,Not-in-family,White,Female,192.32713,0.9827031,32.87664,Mexico,<=50K
44.325344,Private,127863.12,7th-8th,5.0965776,Married-civ-spouse,Other-service,Wife,White,Female,-99.403946,0.8887471,67.635704,United-States,<=50K
34.043358,Private,333746.97,Masters,13.984712,Never-married,Prof-specialty,Unmarried,White,Female,-115.23476,1.1438817,42.37518,United-States,<=50K
59.590763,Private,160122.75,HS-grad,9.028166,Widowed,Other-service,Not-in-family,White,Female,538.923,0.98614395,41.741745,United-States,<=50K
28.129549,?,195220.36,7th-8th,4.798529,Separated,?,Unmarried,White,Female,-109.46962,0.88110244,42.415222,United-States,<=50K
64.01832,Private,150578.23,HS-grad,9.025697,Married-spouse-absent,Machine-op-inspct,Not-in-family,White,Male,2201.6592,1.1264027,40.031033,?,<=50K
30.56026,Private,225836.94,HS-grad,9.029311,Married-civ-spouse,Adm-clerical,Husband,White,Male,313.63522,0.8582448,41.15417,United-States,<=50K
19.91331,?,193922.97,HS-grad,8.471065,Never-married,?,Other-relative,White,Male,-120.35658,0.81958663,39.719124,United-States,<=50K
38.806793,Private,316803.28,Bachelors,13.001417,Divorced,Prof-specialty,Own-child,White,Male,-111.2599,1866.2583,40.036003,United-States,<=50K
62.99749,Private,70393.09,Some-college,10.03266,Married-civ-spouse,Handlers-cleaners,Husband,White,Male,3123.7673,0.31622204,22.818712,United-States,<=50K
28.256193,Private,184436.9,Bachelors,13.006529,Never-married,Other-service,Not-in-family,White,Male,-114.32167,0.6976613,38.224854,United-States,<=50K
22.937925,Private,186658.19,Some-college,11.558383,Married-AF-spouse,Sales,Wife,White,Female,-112.381485,0.80497634,40.035316,United-States,<=50K
46.087082,State-gov,76584.234,HS-grad,9.034144,Never-married,Other-service,Other-relative,White,Male,-114.79726,0.9522008,40.046227,United-States,<=50K
29.85357,Private,91194.086,11th,7.0245275,Divorced,Sales,Own-child,White,Male,-109.42885,0.4721745,41.310234,United-States,<=50K
30.109642,Private,137836.39,HS-grad,9.032949,Divorced,Other-service,Not-in-family,White,Female,-107.32582,0.37483868,26.223978,United-States,<=50K
32.113728,Private,206992.03,11th,7.031661,Never-married,Machine-op-inspct,Unmarried,White,Female,-106.209366,0.9225224,39.220715,United-States,<=50K
50.15959,Private,417738.25,Some-college,10.028703,Divorced,Exec-managerial,Unmarried,Black,Female,-98.44789,1.4085149,54.805515,United-States,<=50K
33.702843,Private,338591.06,9th,4.0501904,Married-civ-spouse,Craft-repair,Husband,Other,Male,-102.89052,1.10855,40.049816,United-States,<=50K
26.768164,Private,86189.8,HS-grad,9.036844,Never-married,Other-service,Not-in-family,White,Male,-121.79848,0.54571426,42.804615,United-States,<=50K
38.223637,Private,153444.86,Some-college,10.03384,Married-civ-spouse,Prof-specialty,Husband,White,Male,172.41466,0.5672368,43.865902,United-States,<=50K
30.334568,Private,212743.1,Some-college,10.026828,Separated,Adm-clerical,Own-child,White,Male,-111.17348,0.7296132,38.283844,United-States,<=50K
56.17612,Private,139768.31,Assoc-voc,11.023387,Married-civ-spouse,Prof-specialty,Husband,White,Male,-121.2162,0.6669911,43.279064,United-States,<=50K
47.09362,Private,250212.69,7th-8th,4.730937,Never-married,Machine-op-inspct,Unmarried,White,Male,-113.7267,0.97840774,40.02675,Puerto-Rico,<=50K
51.355648,Private,197787.67,9th,4.303122,Married-civ-spouse,Machine-op-inspct,Husband,White,Male,759.3761,0.70803726,40.035103,Jamaica,<=50K
24.326439,Private,265250.38,Some-college,10.029151,Never-married,Craft-repair,Own-child,White,Male,-121.4474,0.5067433,21.169415,United-States,<=50K
62.599396,Private,184058.55,9th,5.045455,Widowed,Craft-repair,Not-in-family,White,Male,-109.42372,0.7371739,28.912092,United-States,<=50K
20.937351,Private,100137.05,9th,5.0427237,Never-married,Adm-clerical,Unmarried,Black,Female,-65.68251,0.46958813,29.890516,United-States,<=50K
44.169632,Private,138889.62,HS-grad,9.02862,Divorced,Other-service,Unmarried,White,Female,-94.513565,0.63227737,26.32922,United-States,<=50K
18.130342,Private,272584.94,7th-8th,5.4667487,Never-married,Other-service,Own-child,White,Male,-92.24013,0.50060165,38.79209,United-States,<=50K
26.12897,Private,221854.0,HS-grad,9.028648,Never-married,Adm-clerical,Other-relative,White,Female,-111.091934,0.79908645,39.745983,United-States,<=50K
25.990835,Private,212193.42,Some-college,10.038007,Married-spouse-absent,Craft-repair,Other-relative,Black,Female,-111.19887,0.5720662,35.012512,Dominican-Republic,<=50K
33.072594,Private,303337.44,Some-college,9.632625,Never-married,Exec-managerial,Other-relative,White,Male,780.07434,0.97872055,44.98829,United-States,<=50K
25.512432,Local-gov,174839.06,Bachelors,13.005123,Never-married,Adm-clerical,Own-child,Black,Female,-123.151505,0.9601582,44.94944,United-States,<=50K
45.56061,Federal-gov,188573.06,Bachelors,13.003635,Married-civ-spouse,Adm-clerical,Husband,White,Male,-114.51503,0.9817647,40.04386,United-States,<=50K
50.63309,?,228233.72,Bachelors,13.0056715,Divorced,?,Not-in-family,White,Male,-110.26308,0.5290593,18.930243,United-States,<=50K
37.029568,Private,213020.77,11th,7.033418,Married-civ-spouse,Other-service,Husband,White,Male,-109.6017,0.6965245,40.049255,United-States,<=50K
58.152298,Private,382830.94,7th-8th,4.018732,Married-AF-spouse,Farming-fishing,Unmarried,Black,Female,-103.62807,1.4444188,17.642721,United-States,<=50K
61.481358,Private,91319.84,Some-college,10.031498,Widowed,Other-service,Not-in-family,White,Female,238.13841,0.5643376,35.987858,United-States,<=50K
27.812971,Private,114284.57,Some-college,10.029197,Married-civ-spouse,Adm-clerical,Wife,White,Female,742.3043,0.47291455,22.527575,United-States,<=50K
53.850533,Private,183532.0,1st-4th,2.0482478,Widowed,Machine-op-inspct,Unmarried,White,Female,-105.131,0.98520553,41.99674,Vietnam,<=50K
38.868263,Private,167634.67,Masters,13.9906845,Never-married,Tech-support,Unmarried,Black,Female,-105.88881,1.1890019,40.03081,United-States,<=50K
25.483078,State-gov,220270.12,Bachelors,13.002313,Never-married,Prof-specialty,Not-in-family,White,Female,-116.60292,0.889716,58.781456,United-States,<=50K
25.445074,Private,250075.69,Some-college,10.029519,Never-married,Exec-managerial,Unmarried,White,Male,-132.47182,0.9731511,40.038006,Jamaica,<=50K
34.047928,Private,320257.16,Doctorate,14.88908,Married-civ-spouse,Tech-support,Wife,White,Male,-116.9767,0.77757156,17.680597,United-States,<=50K
26.72688,Private,201329.38,11th,7.033661,Never-married,Adm-clerical,Unmarried,White,Male,-115.06679,0.5847157,36.188396,United-States,<=50K
64.97591,Local-gov,248573.78,7th-8th,4.051537,Married-civ-spouse,Craft-repair,Husband,White,Male,667.00073,1.2967976,40.00732,United-States,<=50K
50.88159,Private,82448.81,Assoc-voc,11.020806,Married-civ-spouse,Sales,Own-child,Asian-Pac-Islander,Male,-127.30165,0.8269185,40.037758,Philippines,<=50K
32.8484,Private,140776.39,HS-grad,9.029064,Married-civ-spouse,Farming-fishing,Husband,White,Male,-99.70155,0.91664016,66.87163,United-States,<=50K
40.93494,Private,109382.95,Assoc-acdm,12.012481,Never-married,Machine-op-inspct,Own-child,Other,Male,-117.33778,0.96027267,44.94092,United-States,<=50K
40.836067,Private,69153.95,HS-grad,9.032293,Married-civ-spouse,Craft-repair,Husband,White,Male,51.238873,0.8559178,40.862072,United-States,<=50K
41.19945,Private,580564.7,12th,8.034233,Never-married,Protective-serv,Own-child,Black,Male,-111.37685,1.0702046,40.01942,United-States,<=50K
31.761309,Private,289395.7,Assoc-voc,11.021735,Divorced,Prof-specialty,Unmarried,White,Female,-108.47255,0.6658772,39.23806,United-States,<=50K
46.148323,Private,120667.03,Bachelors,13.000918,Divorced,Sales,Other-relative,White,Male,-108.65834,0.7451085,40.047794,United-States,<=50K
52.797325,Federal-gov,150806.95,Some-college,9.534649,Widowed,Exec-managerial,Not-in-family,White,Female,-112.67128,1.0586842,40.034157,United-States,<=50K
24.488401,Private,199329.25,Some-college,10.02867,Never-married,Sales,Own-child,Asian-Pac-Islander,Female,-124.2831,0.7213658,34.026966,United-States,<=50K
42.45852,Private,96116.65,HS-grad,9.6301985,Divorced,Exec-managerial,Not-in-family,White,Male,-107.33583,1805.0623,40.987034,United-States,<=50K
43.76363,Self-emp-not-inc,118103.805,Some-college,9.704627,Married-civ-spouse,Prof-specialty,Husband,White,Male,-121.64076,0.7263173,54.46808,United-States,<=50K
24.977875,Private,184736.36,Bachelors,13.001931,Never-married,Sales,Own-child,White,Female,-110.255264,0.80466354,64.713264,United-States,<=50K
53.07703,Private,168825.8,5th-6th,3.0519042,Divorced,Exec-managerial,Not-in-family,White,Male,-97.313614,2124.1118,50.313416,United-States,<=50K
35.036793,State-gov,292006.2,Some-college,9.5323715,Separated,Prof-specialty,Unmarried,White,Female,-106.02626,0.9428166,26.910656,United-States,<=50K
36.763744,Private,56085.043,Assoc-voc,11.023852,Married-civ-spouse,Transport-moving,Husband,White,Male,655.50854,0.5542439,44.90461,United-States,<=50K
48.158054,State-gov,83582.94,Some-college,9.867518,Divorced,Exec-managerial,Not-in-family,White,Female,-113.909805,0.9583653,43.82806,United-States,<=50K
32.34115,Private,123038.41,Bachelors,13.002411,Married-civ-spouse,Prof-specialty,Husband,White,Male,-119.911514,1804.9702,42.358063,United-States,<=50K
31.39948,Private,198154.69,Assoc-acdm,12.014334,Never-married,Sales,Not-in-family,White,Male,-122.6808,0.93639266,40.034206,United-States,<=50K
32.94379,Private,231850.44,9th,5.0424013,Married-civ-spouse,Handlers-cleaners,Husband,White,Male,-109.20009,0.7702931,42.946358,United-States,<=50K
21.428608,Private,179887.83,Some-college,10.02926,Never-married,Adm-clerical,Own-child,White,Female,-119.11293,0.65973556,35.17676,Mexico,<=50K
65.0104,Self-emp-not-inc,92110.73,Some-college,9.5334,Widowed,Farming-fishing,Not-in-family,White,Male,-114.27602,1.2233113,77.61097,United-States,<=50K
60.54422,Local-gov,256814.58,7th-8th,3.565742,Divorced,Other-service,Not-in-family,White,Male,-113.55116,1.0440205,42.48158,United-States,<=50K
25.87572,?,365849.72,Some-college,8.800404,Never-married,?,Not-in-family,White,Female,-128.82753,0.9191655,39.684933,United-States,<=50K
38.255688,Private,191402.88,HS-grad,9.025028,Divorced,Machine-op-inspct,Unmarried,White,Male,-96.609024,1.0495595,40.74554,United-States,<=50K
22.16999,Local-gov,173885.11,Some-college,10.034285,Never-married,Adm-clerical,Own-child,White,Male,-132.91444,0.3453587,9.763172,United-States,<=50K
25.11083,Private,165865.9,Bachelors,13.005797,Never-married,Sales,Not-in-family,White,Male,-111.88808,0.5624074,25.57301,United-States,<=50K
28.246847,Private,152117.28,Some-college,10.032103,Never-married,Adm-clerical,Not-in-family,White,Female,-19.042133,0.65391433,39.72635,United-States,<=50K
33.201603,Private,113259.29,Assoc-voc,11.024067,Never-married,Adm-clerical,Not-in-family,White,Female,516.21814,0.60001266,40.03582,United-States,<=50K
29.40239,Private,121277.6,HS-grad,8.693857,Never-married,Craft-repair,Not-in-family,Amer-Indian-Eskimo,Male,-123.105606,0.771201,45.89611,United-States,<=50K
31.747648,Self-emp-not-inc,230993.6,Bachelors,13.00492,Never-married,Tech-support,Not-in-family,White,Male,-118.64491,1.1304921,42.96218,United-States,<=50K
25.332865,Private,380899.53,Some-college,9.060479,Never-married,Craft-repair,Not-in-family,Black,Male,-124.26283,0.9197377,60.138428,United-States,<=50K
39.12025,Private,161388.3,Assoc-acdm,12.009634,Divorced,Exec-managerial,Unmarried,White,Female,127.63841,1.005927,41.782,United-States,<=50K
22.049555,Private,87284.47,Some-college,10.03353,Never-married,Sales,Not-in-family,White,Male,-117.28456,0.6509236,42.451485,United-States,<=50K
25.453184,Local-gov,148258.45,Assoc-voc,11.026035,Never-married,Adm-clerical,Unmarried,White,Male,-133.73573,0.6489934,35.813587,United-States,<=50K
70.42873,Private,168463.81,11th,8.157768,Widowed,Tech-support,Unmarried,White,Female,-106.36708,0.8583592,10.557301,United-States,<=50K
26.140768,Local-gov,290371.3,Some-college,9.632146,Never-married,Protective-serv,Own-child,White,Male,-129.41005,1.031371,40.577206,United-States,<=50K
35.15931,Private,139604.36,Some-college,10.032428,Divorced,Prof-specialty,Not-in-family,White,Male,-115.94423,0.4351643,38.412067,United-States,<=50K
49.56329,Local-gov,144589.39,Bachelors,13.005453,Married-civ-spouse,Prof-specialty,Wife,White,Female,-120.07924,0.44753155,21.01543,United-States,<=50K
58.332462,Private,192610.92,Masters,13.9856825,Married-civ-spouse,Exec-managerial,Not-in-family,White,Male,-112.017715,1516.8269,35.780132,United-States,<=50K
19.620275,Private,273229.44,Some-college,10.026638,Never-married,Transport-moving,Own-child,White,Male,784.14844,0.5233449,25.449533,United-States,<=50K
20.307636,?,439327.75,HS-grad,9.363062,Never-married,?,Own-child,White,Male,-117.15468,1.0020055,40.022125,China,<=50K
55.176964,Private,45075.355,HS-grad,9.027423,Widowed,?,Not-in-family,White,Female,-113.37074,1.0850133,44.9739,England,<=50K
46.462505,Private,108040.9,Masters,13.9905,Married-civ-spouse,Prof-specialty,Husband,Asian-Pac-Islander,Male,2439.6267,1.1149434,40.029377,Canada,<=50K
49.12892,Private,226281.45,Assoc-voc,11.020277,Separated,Prof-specialty,Unmarried,White,Female,-106.71547,0.93161666,40.005447,United-States,<=50K
31.990465,Private,255855.45,Assoc-acdm,12.009099,Divorced,Handlers-cleaners,Not-in-family,White,Female,-109.311905,0.76830184,34.103096,United-States,<=50K
25.954699,Private,101956.45,12th,8.048904,Married-civ-spouse,Machine-op-inspct,Other-relative,Other,Male,-119.48427,0.38911328,40.05328,France,<=50K
43.16424,Private,125487.375,HS-grad,9.029309,Widowed,Exec-managerial,Not-in-family,White,Female,802.713,0.9046391,39.04954,United-States,<=50K
21.657173,Private,151810.11,Some-college,10.031056,Never-married,Adm-clerical,Own-child,White,Female,-117.46254,0.38646588,24.373928,United-States,<=50K
26.397001,Private,116791.89,Assoc-acdm,12.017188,Never-married,Prof-specialty,Not-in-family,Asian-Pac-Islander,Female,-130.59242,0.86924636,40.040657,Philippines,<=50K
23.507765,?,140545.12,Bachelors,13.007677,Never-married,?,Not-in-family,Asian-Pac-Islander,Male,-108.47768,0.42452893,22.219994,Taiwan,<=50K
29.239998,Private,206887.62,Prof-school,14.979247,Never-married,Prof-specialty,Not-in-family,White,Male,-113.228165,0.61550796,55.864895,United-States,<=50K
28.017056,Private,87982.04,Assoc-voc,11.0243635,Never-married,Farming-fishing,Own-child,White,Male,-123.46669,0.5586537,40.052704,United-States,<=50K
28.940746,Private,344318.47,HS-grad,9.780937,Married-civ-spouse,Craft-repair,Husband,White,Male,-113.27406,1.0904988,40.994495,Mexico,<=50K
55.04891,Private,295524.0,1st-4th,2.374885,Married-civ-spouse,Farming-fishing,Husband,White,Male,-106.00331,1.2441472,49.322388,United-States,<=50K
29.894657,Private,194476.62,HS-grad,9.023716,Divorced,Handlers-cleaners,Own-child,White,Male,-102.084366,0.72859085,41.43366,United-States,<=50K
42.35643,Private,205121.8,HS-grad,8.608221,Divorced,Priv-house-serv,Unmarried,Black,Female,-76.195694,1.078986,14.487789,United-States,<=50K
52.58392,Private,143682.56,5th-6th,3.0280032,Separated,Other-service,Other-relative,White,Female,-97.40004,0.67727554,32.946705,Cuba,<=50K
24.9819,Private,87081.016,Assoc-acdm,12.013564,Never-married,Tech-support,Not-in-family,White,Female,-116.323135,1813.5928,27.79204,United-States,<=50K
48.866417,Private,110948.11,7th-8th,4.3029914,Divorced,Machine-op-inspct,Not-in-family,Black,Male,-108.49306,0.7403859,38.815266,United-States,<=50K
36.021996,Private,261667.34,7th-8th,3.8632483,Married-civ-spouse,Machine-op-inspct,Husband,White,Male,-112.63832,0.92260635,41.55947,United-States,<=50K
50.07994,Private,224501.55,HS-grad,9.026828,Widowed,Sales,Not-in-family,White,Female,-111.181046,0.94048965,36.899868,United-States,<=50K
27.961578,Private,417759.94,7th-8th,4.0423436,Never-married,Machine-op-inspct,Other-relative,White,Male,-128.27821,0.709319,51.779503,Guatemala,<=50K
77.90566,Local-gov,77784.62,Some-college,10.039322,Never-married,Prof-specialty,Not-in-family,White,Male,-120.88295,0.0728291,11.425461,United-States,<=50K
28.371197,Private,215710.16,HS-grad,9.155848,Separated,Other-service,Not-in-family,White,Male,-114.39052,0.7756337,41.83794,United-States,<=50K
64.56058,Private,167040.67,Some-college,9.538849,Never-married,Adm-clerical,Not-in-family,White,Male,-122.228165,0.3294972,13.018047,United-States,<=50K
31.153273,Private,160935.53,Some-college,9.53622,Never-married,Handlers-cleaners,Not-in-family,White,Male,-121.84169,0.68947494,40.030514,Poland,<=50K
36.43625,Self-emp-not-inc,128507.06,Assoc-voc,11.021918,Never-married,Other-service,Unmarried,White,Female,-112.5746,0.46160015,8.499348,United-States,<=50K
24.295275,Private,100249.62,Assoc-voc,11.0230875,Never-married,Sales,Not-in-family,White,Male,-124.49672,0.6124333,54.898792,United-States,<=50K
27.12752,Private,242952.7,Bachelors,13.007339,Never-married,Other-service,Not-in-family,Asian-Pac-Islander,Male,-117.8871,0.79550827,34.228798,United-States,<=50K
28.969467,Private,221438.28,Assoc-acdm,12.011406,Never-married,Sales,Not-in-family,White,Male,-119.40028,1.020171,64.12026,United-States,<=50K
35.244606,?,181166.8,9th,5.039412,Divorced,?,Not-in-family,White,Female,-101.42055,0.48360333,26.538765,United-States,<=50K
26.278866,State-gov,145759.78,Masters,13.980877,Never-married,Prof-specialty,Not-in-family,White,Male,-115.1559,0.4864491,12.690586,United-States,<=50K
50.261276,?,206145.39,Assoc-voc,10.019839,Divorced,?,Not-in-family,White,Male,-101.001114,1.1513585,88.802795,United-States,<=50K
22.973629,Private,397706.34,Some-college,10.029125,Never-married,Handlers-cleaners,Not-in-family,White,Male,-113.202774,0.724326,38.406105,United-States,<=50K
25.967155,Private,339657.6,7th-8th,3.5659041,Never-married,Handlers-cleaners,Unmarried,White,Male,-115.94179,0.52925766,35.838245,Mexico,<=50K
48.709805,Private,290308.78,HS-grad,9.02809,Married-civ-spouse,Other-service,Husband,Asian-Pac-Islander,Male,655.45764,1.2673482,31.885387,South,<=50K
44.501114,Private,163363.4,HS-grad,9.282891,Never-married,Handlers-cleaners,Not-in-family,White,Male,-125.346085,0.7185582,40.369347,United-States,<=50K
32.287495,Self-emp-not-inc,127150.63,Assoc-voc,11.025555,Never-married,Other-service,Not-in-family,White,Female,-117.82875,0.68774307,38.43039,United-States,<=50K
38.189617,Local-gov,151540.64,Bachelors,13.00137,Divorced,Prof-specialty,Unmarried,White,Female,1128.7784,0.76321304,42.169197,United-States,<=50K
46.456028,Self-emp-not-inc,163164.58,Some-college,10.029011,Married-civ-spouse,Sales,Husband,White,Male,488.59763,1.0899266,51.934547,United-States,<=50K
54.633015,Private,25479.418,Some-college,10.029641,Separated,Priv-house-serv,Unmarried,Amer-Indian-Eskimo,Female,-119.173965,0.72515,28.331257,United-States,<=50K
36.559483,Private,326978.4,HS-grad,9.317007,Separated,Machine-op-inspct,Not-in-family,Black,Male,229.72838,1.0099934,40.04223,United-States,<=50K
26.374231,Private,334299.78,9th,3.8156438,Never-married,Other-service,Own-child,White,Male,-119.051895,0.58631027,38.849194,Mexico,<=50K
43.576244,Private,248767.64,HS-grad,9.026384,Married-civ-spouse,Sales,Husband,White,Male,217.54185,1.169669,49.399982,United-States,<=50K
36.565495,Self-emp-not-inc,67791.6,HS-grad,9.174708,Never-married,Farming-fishing,Not-in-family,White,Male,-108.086075,0.9543904,65.052666,United-States,<=50K
40.24786,Private,118981.39,11th,7.032231,Divorced,Exec-managerial,Unmarried,Black,Female,-98.6664,0.5735463,11.998074,United-States,<=50K
49.02042,Local-gov,230543.06,Bachelors,13.010797,Separated,Prof-specialty,Not-in-family,White,Male,-123.817764,0.63907516,29.987946,United-States,<=50K
41.982853,Local-gov,116514.81,Some-college,9.43815,Never-married,Craft-repair,Not-in-family,White,Male,-128.96742,0.9161824,41.924854,United-States,<=50K
39.37631,Private,103406.6,Bachelors,13.002228,Married-civ-spouse,Adm-clerical,Husband,White,Male,-115.37465,0.6857518,43.812645,United-States,<=50K
41.569855,Federal-gov,254479.08,Some-college,10.280249,Separated,Adm-clerical,Not-in-family,Black,Male,1105.4048,0.97340286,40.03592,United-States,<=50K
36.751316,Local-gov,191505.3,HS-grad,9.032966,Married-civ-spouse,Craft-repair,Husband,White,Male,-104.0807,1.1172475,40.80637,United-States,<=50K
56.58994,Private,181754.64,HS-grad,9.03362,Never-married,Other-service,Other-relative,Black,Male,-105.26576,0.8406514,28.071203,United-States,<=50K
45.14979,Local-gov,133458.97,HS-grad,9.030926,Divorced,Exec-managerial,Not-in-family,White,Male,-110.028946,0.92255294,40.03304,United-States,<=50K
58.985397,Federal-gov,132456.33,Some-college,9.535953,Married-civ-spouse,Adm-clerical,Husband,White,Male,-116.9767,0.9594487,41.930862,United-States,<=50K
37.45124,Private,161618.17,Masters,13.992135,Divorced,Other-service,Unmarried,Black,Female,-102.40224,0.8416203,35.779858,United-States,<=50K
53.86468,Private,213524.38,HS-grad,9.028749,Never-married,Exec-managerial,Not-in-family,White,Male,-118.466934,1.0525197,44.03332,United-States,<=50K
50.787533,Private,328281.06,7th-8th,4.5427127,Divorced,Sales,Not-in-family,White,Female,-113.584366,0.8299626,37.550785,United-States,<=50K
56.094078,Local-gov,103203.445,Some-college,10.033192,Married-civ-spouse,Protective-serv,Husband,White,Male,449.228,0.8098897,36.664665,United-States,<=50K
33.660156,Private,244042.4,Assoc-voc,11.017928,Never-married,Tech-support,Own-child,White,Male,-108.800674,0.91985214,58.742657,United-States,<=50K
33.939762,Private,189759.77,Masters,13.989935,Married-civ-spouse,Prof-specialty,Husband,White,Male,-120.06654,0.67437637,43.768314,United-States,<=50K
22.467192,Private,173731.0,Some-college,9.534502,Never-married,Sales,Not-in-family,Black,Male,-108.752335,0.8946065,35.82166,Haiti,<=50K
38.219505,Private,214884.45,5th-6th,3.0486035,Married-civ-spouse,Machine-op-inspct,Husband,Other,Male,1306.261,0.9705647,40.060604,Mexico,<=50K
36.604618,Self-emp-inc,145885.64,Bachelors,13.004447,Married-civ-spouse,Prof-specialty,Husband,White,Male,955.23,0.7534627,55.120575,United-States,<=50K
58.72416,Local-gov,131225.0,Some-college,10.366649,Divorced,Adm-clerical,Not-in-family,White,Female,955.64453,0.8750447,38.381645,United-States,<=50K
70.60131,Private,131138.14,7th-8th,4.0308957,Married-civ-spouse,Exec-managerial,Husband,White,Male,-121.02284,0.22011456,14.506796,United-States,<=50K
60.642017,Self-emp-inc,251435.88,Assoc-acdm,12.013385,Married-civ-spouse,Craft-repair,Husband,White,Male,-112.99184,1.1436604,44.966534,United-States,<=50K
41.4752,Local-gov,226968.86,HS-grad,9.5346365,Married-civ-spouse,Transport-moving,Husband,Black,Male,-104.51308,1.2436665,40.01962,United-States,<=50K
47.295322,Private,132237.75,Masters,14.155688,Divorced,Prof-specialty,Not-in-family,White,Male,-112.42201,0.62079513,43.78086,United-States,<=50K
31.212896,Private,164225.08,9th,5.0397243,Married-civ-spouse,Farming-fishing,Husband,White,Male,-98.020645,1.040862,40.06681,United-States,<=50K
36.14652,Private,364900.62,9th,3.3540082,Married-civ-spouse,Farming-fishing,Husband,White,Male,-103.04823,1.2888936,67.557625,Mexico,<=50K
37.1512,Self-emp-not-inc,113255.66,Assoc-voc,11.023365,Married-civ-spouse,Prof-specialty,Husband,White,Male,-116.82924,0.6810597,57.59203,United-States,<=50K
36.805862,Self-emp-not-inc,200110.19,Bachelors,13.005489,Married-civ-spouse,Craft-repair,Husband,White,Male,-101.88344,1.1173085,52.845783,United-States,<=50K
34.075462,State-gov,156554.94,Bachelors,13.007603,Never-married,Prof-specialty,Not-in-family,White,Male,-122.60219,0.77785385,40.590244,United-States,<=50K
69.18914,Private,419693.44,HS-grad,9.023825,Divorced,Sales,Not-in-family,White,Female,-106.90614,1.0481099,22.658371,Canada,<=50K
33.694786,Private,200165.16,Some-college,9.527868,Married-civ-spouse,Adm-clerical,Wife,White,Female,-97.19154,0.99299514,60.128975,United-States,<=50K
35.300465,Private,156760.17,10th,6.0378113,Married-civ-spouse,Transport-moving,Husband,White,Male,-97.4662,0.8901433,47.1851,United-States,<=50K
19.22679,?,274995.0,10th,6.044487,Never-married,?,Own-child,White,Male,72.71007,0.50114334,23.911512,United-States,<=50K
19.929628,Private,477249.44,HS-grad,9.028591,Never-married,Sales,Other-relative,Black,Female,-107.648575,0.91805923,37.35419,United-States,<=50K
33.013184,Private,247421.92,Some-college,9.781289,Married-civ-spouse,Transport-moving,Husband,Asian-Pac-Islander,Male,-104.909805,1.1722554,42.4186,Cuba,<=50K
33.099117,Private,184533.02,HS-grad,9.034436,Never-married,Other-service,Unmarried,White,Female,-112.439835,0.5457448,19.41027,United-States,<=50K
60.87102,Private,189878.55,9th,5.03705,Widowed,Other-service,Not-in-family,White,Female,-106.339005,0.68858993,19.20869,United-States,<=50K
34.025208,Local-gov,107344.625,Assoc-voc,11.023054,Never-married,Protective-serv,Not-in-family,White,Male,1115.5264,0.83038986,42.400745,United-States,<=50K
55.723053,Private,244557.97,HS-grad,9.026616,Married-civ-spouse,Craft-repair,Husband,White,Male,-98.493546,1.3200215,43.276726,?,<=50K
29.628082,Private,282074.4,Some-college,10.03028,Married-civ-spouse,Handlers-cleaners,Husband,White,Male,256.54782,0.63637435,34.66932,United-States,<=50K
20.491903,Private,84998.21,11th,7.0293264,Never-married,Exec-managerial,Own-child,White,Female,-101.49696,0.5990437,45.061428,United-States,<=50K
47.141228,Self-emp-not-inc,200241.36,HS-grad,9.025702,Widowed,Farming-fishing,Not-in-family,White,Male,2151.1277,1.4922627,51.663776,United-States,<=50K
22.978354,Private,172010.1,Some-college,10.029366,Never-married,Handlers-cleaners,Own-child,White,Male,-115.55263,0.5915135,37.741352,United-States,<=50K
35.390358,State-gov,203914.5,Masters,13.986143,Never-married,Prof-specialty,Own-child,White,Male,-121.86464,0.9830159,36.571503,United-States,<=50K
56.54954,Federal-gov,171007.1,HS-grad,9.026864,Never-married,Tech-support,Unmarried,White,Male,-100.30434,1.3096455,40.99245,United-States,<=50K
46.863453,Private,200905.5,Bachelors,13.00103,Divorced,Adm-clerical,Not-in-family,White,Female,-111.7455,0.8411015,38.27144,United-States,<=50K
50.62335,Private,221259.64,7th-8th,3.5580401,Divorced,Other-service,Not-in-family,White,Male,-103.35097,0.8392018,38.546944,Ecuador,<=50K
29.616205,Private,43314.246,HS-grad,9.030652,Married-civ-spouse,Sales,Wife,White,Female,-114.36244,0.77668655,41.661026,United-States,<=50K
57.282784,Private,171992.98,HS-grad,9.032524,Married-civ-spouse,Prof-specialty,Husband,White,Male,793.4612,0.6863469,38.23569,United-States,<=50K
55.6818,Private,150692.1,Bachelors,13.005175,Married-civ-spouse,Machine-op-inspct,Husband,White,Male,-116.783585,0.97516525,36.49574,India,<=50K
37.053886,Private,142138.69,HS-grad,9.026551,Divorced,Handlers-cleaners,Unmarried,White,Male,-100.74159,0.73993576,39.38103,United-States,<=50K
40.18582,Private,56797.777,12th,8.047867,Never-married,Transport-moving,Not-in-family,Asian-Pac-Islander,Male,-127.563614,0.772086,37.572517,United-States,<=50K
28.05655,Private,175423.4,Some-college,10.028739,Never-married,Machine-op-inspct,Own-child,White,Male,-129.45839,0.7488316,41.085785,United-States,<=50K
69.917755,Self-emp-not-inc,135538.6,HS-grad,9.028199,Widowed,Sales,Not-in-family,White,Female,-109.31435,1.259528,46.438305,United-States,<=50K
40.12424,Private,148633.97,Assoc-acdm,12.012683,Married-civ-spouse,Prof-specialty,Husband,White,Male,-117.678604,0.5210408,26.134127,United-States,<=50K
52.115314,?,139703.39,9th,5.0435534,Divorced,?,Own-child,Black,Male,-98.24696,1.0652531,37.574276,United-States,<=50K
41.153854,Self-emp-not-inc,195071.97,Some-college,10.02718,Divorced,Craft-repair,Not-in-family,White,Male,647.4011,1.0130605,41.989822,United-States,<=50K
44.220436,Private,132127.47,HS-grad,9.026542,Never-married,Adm-clerical,Own-child,White,Female,-102.88539,0.9517735,44.83907,United-States,<=50K
18.2898,Private,137893.84,11th,7.036103,Never-married,Handlers-cleaners,Own-child,White,Male,-87.67787,0.08613476,17.594131,United-States,<=50K
37.78075,Private,139998.53,HS-grad,9.028023,Divorced,Craft-repair,Not-in-family,White,Male,114.772934,0.7940587,42.301018,United-States,<=50K
40.309753,Private,190154.03,12th,5.007493,Separated,Other-service,Unmarried,White,Female,-94.48573,0.7589482,45.01864,Laos,<=50K
38.91678,Self-emp-inc,115942.01,Bachelors,13.005357,Married-civ-spouse,Sales,Husband,White,Male,-119.1537,0.8004521,39.48278,United-States,<=50K
38.26748,Private,193503.28,Assoc-voc,11.018635,Divorced,Craft-repair,Own-child,White,Male,-100.49501,0.5884465,35.37995,United-States,<=50K
43.00703,Private,194200.8,Masters,13.98823,Married-civ-spouse,Adm-clerical,Husband,White,Male,-123.06239,1.0457829,40.013527,Haiti,<=50K
18.08406,Private,130972.445,11th,6.887476,Never-married,Other-service,Other-relative,White,Male,-94.91029,0.29322705,29.337633,United-States,<=50K
28.452805,Private,350238.9,Bachelors,13.004857,Never-married,Adm-clerical,Own-child,Black,Female,-115.30092,0.96945083,40.035942,United-States,<=50K
52.795128,Private,191776.8,HS-grad,9.024662,Divorced,Adm-clerical,Not-in-family,White,Female,-98.65883,0.9958104,40.66936,United-States,<=50K
35.96351,Private,192970.77,Some-college,10.030624,Married-civ-spouse,Transport-moving,Husband,White,Male,-112.51112,0.8287114,39.582188,United-States,<=50K
21.695307,Private,224701.27,9th,5.0399733,Never-married,Other-service,Own-child,White,Male,-117.233536,0.7443379,50.86884,United-States,<=50K
55.33166,Self-emp-not-inc,133370.28,HS-grad,9.027193,Married-civ-spouse,Other-service,Husband,Asian-Pac-Islander,Male,-97.56532,1.6133641,61.72742,South,<=50K
21.497616,Private,208904.47,Some-college,9.709144,Never-married,Other-service,Other-relative,Black,Male,-115.1559,0.47857556,32.716217,United-States,<=50K
69.20913,State-gov,80361.734,Assoc-voc,8.2416,Widowed,Other-service,Unmarried,Black,Female,1625.9203,1.1287602,40.012844,United-States,<=50K
32.738182,Private,173995.0,HS-grad,9.031668,Never-married,Other-service,Unmarried,Black,Female,-106.25502,0.92536056,39.17723,United-States,<=50K
44.95232,Private,268653.0,Assoc-acdm,12.0095625,Divorced,Prof-specialty,Not-in-family,White,Male,-120.506485,0.9529942,60.478745,United-States,<=50K
45.81561,Private,116824.72,Assoc-voc,11.021201,Divorced,Prof-specialty,Not-in-family,White,Female,612.0089,0.49130902,42.17861,United-States,<=50K
23.720673,Private,74155.56,10th,6.038806,Married-civ-spouse,Handlers-cleaners,Husband,White,Male,-99.37343,0.28131756,36.15806,United-States,<=50K
17.443161,Private,177991.17,9th,5.0370946,Never-married,Sales,Own-child,Other,Female,-98.308,0.46754345,32.026443,United-States,<=50K
34.4969,Private,162775.17,Masters,13.985047,Never-married,Adm-clerical,Not-in-family,White,Female,-118.09071,0.8639592,41.15656,United-States,<=50K
32.61206,Private,270952.4,HS-grad,9.230146,Separated,Sales,Unmarried,White,Female,-105.161514,0.738654,19.900278,United-States,<=50K
37.946068,Private,285067.9,Bachelors,13.003811,Never-married,Machine-op-inspct,Other-relative,White,Male,-116.87001,0.9075688,40.04002,United-States,<=50K
45.089725,Private,144512.34,7th-8th,4.0425243,Divorced,Handlers-cleaners,Not-in-family,White,Male,480.24606,0.44028363,40.702442,United-States,<=50K
39.179153,Private,205245.22,Bachelors,13.001564,Divorced,Prof-specialty,Not-in-family,White,Male,377.66013,0.60234725,41.67945,United-States,<=50K
68.94964,?,153195.48,HS-grad,9.035473,Married-civ-spouse,?,Husband,White,Male,189.56786,0.67838943,15.935465,United-States,<=50K
26.958117,State-gov,111744.82,Bachelors,13.001652,Never-married,Protective-serv,Own-child,White,Male,-111.336075,0.91985214,40.057655,United-States,<=50K
45.957794,Private,182986.25,HS-grad,9.025893,Widowed,Other-service,Unmarried,White,Female,-92.81239,1.1826314,40.296497,United-States,<=50K
49.722595,Private,78976.55,5th-6th,2.7523737,Married-civ-spouse,Other-service,Husband,Asian-Pac-Islander,Male,-121.195694,0.8164586,38.42689,Philippines,<=50K
49.899414,Local-gov,73402.33,Bachelors,13.004475,Divorced,Adm-clerical,Not-in-family,White,Male,-115.110245,0.6604222,36.805702,United-States,<=50K
31.00282,Private,191634.58,Some-college,10.034761,Married-civ-spouse,Machine-op-inspct,Husband,Black,Male,-115.76625,0.7750081,45.87791,United-States,<=50K
44.928406,Private,229641.94,Masters,13.987697,Divorced,Prof-specialty,Unmarried,White,Female,-113.37831,1323.6726,43.119507,United-States,<=50K
26.3548,Private,81503.516,Some-college,10.0347185,Never-married,Other-service,Unmarried,White,Female,-125.11464,0.58443344,35.218807,United-States,<=50K
29.901682,Private,208315.69,12th,8.041001,Divorced,Sales,Not-in-family,White,Male,-114.43886,1939.9456,42.331043,United-States,<=50K
42.34379,Private,234996.03,11th,6.819717,Married-civ-spouse,Craft-repair,Husband,White,Male,-96.61171,2243.8906,40.040398,United-States,<=50K
37.918865,Private,312063.66,HS-grad,9.022085,Divorced,Sales,Not-in-family,White,Male,-100.79506,1.0812901,53.32895,United-States,<=50K
21.671211,Private,140433.84,Some-college,10.033439,Never-married,Other-service,Not-in-family,Asian-Pac-Islander,Female,-120.68471,0.58267105,30.828053,United-States,<=50K
39.55125,Private,122259.01,Assoc-acdm,12.014401,Married-civ-spouse,Prof-specialty,Husband,White,Male,-123.8329,0.69311416,45.44231,United-States,<=50K
36.86767,Private,233617.9,Prof-school,14.98002,Never-married,Prof-specialty,Not-in-family,White,Male,-113.787735,0.8133,72.612404,Ecuador,<=50K
32.04588,Private,200646.03,HS-grad,9.023796,Divorced,Tech-support,Unmarried,White,Female,153.81444,1.0701436,42.78327,United-States,<=50K
37.249985,Private,181636.78,HS-grad,9.0241995,Divorced,Other-service,Unmarried,White,Female,-86.36049,2410.685,38.0526,United-States,<=50K
46.115295,Private,145274.48,Bachelors,13.0088215,Divorced,Machine-op-inspct,Other-relative,White,Male,-100.27626,2285.8054,50.181484,Dominican-Republic,<=50K
47.107723,Local-gov,139666.98,Masters,13.999652,Divorced,Prof-specialty,Unmarried,White,Female,-116.564835,1.1494817,50.169647,Canada,<=50K
30.656084,Private,141962.14,10th,5.5450215,Married-civ-spouse,Craft-repair,Husband,White,Male,559.77124,0.68412673,40.05845,United-States,<=50K
29.9608,Private,175547.17,Some-college,10.03334,Never-married,Adm-clerical,Unmarried,Black,Female,-120.93129,0.78763473,38.207882,United-States,<=50K
72.06167,Private,174863.14,HS-grad,9.029208,Divorced,Adm-clerical,Not-in-family,White,Female,-103.84413,0.5195378,20.920362,United-States,<=50K
27.36895,Private,158292.5,HS-grad,9.030727,Never-married,Other-service,Own-child,White,Female,-106.17372,0.66139114,39.15379,United-States,<=50K
25.263113,Private,242704.64,12th,8.042148,Never-married,Farming-fishing,Not-in-family,White,Male,-125.320694,0.70056045,40.045246,United-States,<=50K
33.667442,Local-gov,135360.45,HS-grad,9.028003,Never-married,Adm-clerical,Own-child,Amer-Indian-Eskimo,Male,1491.4897,1.2340535,54.08165,United-States,<=50K
27.346138,Private,465024.6,7th-8th,4.7188478,Never-married,Craft-repair,Own-child,White,Male,-112.587296,0.74408615,40.049385,United-States,<=50K
38.83108,Private,203688.81,HS-grad,9.025719,Divorced,Farming-fishing,Not-in-family,White,Male,-98.1349,0.93517196,43.259083,United-States,<=50K
34.53458,Private,509654.2,HS-grad,9.282933,Never-married,Other-service,Not-in-family,Black,Male,-121.47035,0.81435287,38.07525,United-States,<=50K
29.379732,Private,164160.17,HS-grad,9.027967,Divorced,Adm-clerical,Not-in-family,White,Female,-106.64662,0.64034927,39.64022,United-States,<=50K
41.97292,Private,302454.1,Masters,13.984504,Divorced,Exec-managerial,Not-in-family,White,Male,-111.39467,1.0781316,44.928764,United-States,<=50K
54.6584,Private,160756.89,HS-grad,9.0275955,Widowed,Adm-clerical,Not-in-family,White,Female,96.81102,0.96712387,39.83338,United-States,<=50K
46.790905,Private,78591.23,HS-grad,9.025083,Married-civ-spouse,Other-service,Wife,Asian-Pac-Islander,Female,-95.91493,1.5543202,60.130184,Philippines,<=50K
61.17073,Federal-gov,202419.42,Some-college,10.031692,Never-married,Craft-repair,Not-in-family,White,Male,-129.23964,1.0198811,40.037613,United-States,<=50K
37.089256,Private,149995.53,HS-grad,9.030515,Married-civ-spouse,Handlers-cleaners,Husband,White,Male,428.08725,0.7715138,40.9541,United-States,<=50K
43.09159,Self-emp-not-inc,154945.95,Bachelors,13.004243,Married-civ-spouse,Machine-op-inspct,Wife,Asian-Pac-Islander,Female,-100.19496,1.4816884,80.16747,Thailand,<=50K
36.55637,Federal-gov,221611.84,Masters,13.980669,Never-married,Prof-specialty,Not-in-family,White,Male,-119.28334,1646.6741,40.040432,United-States,<=50K
69.93567,Private,42473.87,Bachelors,13.006713,Never-married,?,Not-in-family,White,Female,-111.73793,0.76537216,42.498795,United-States,<=50K
28.70024,Self-emp-inc,306768.75,Assoc-voc,11.019547,Never-married,Craft-repair,Not-in-family,White,Male,-127.070206,0.9508046,47.77652,United-States,<=50K
27.140778,Private,148923.03,Some-college,10.0297985,Married-spouse-absent,Adm-clerical,Unmarried,White,Female,-120.570206,0.32617077,20.960213,United-States,<=50K
19.75692,Private,204642.95,12th,8.048155,Never-married,Handlers-cleaners,Own-child,White,Male,-89.88783,0.28333172,30.961567,United-States,<=50K
48.827934,Private,251916.02,HS-grad,8.606483,Divorced,Sales,Own-child,White,Female,-91.311905,0.8594426,26.002413,United-States,<=50K
43.403744,Private,115933.0,HS-grad,9.029193,Divorced,Other-service,Not-in-family,White,Female,185.90575,0.6547612,37.60311,United-States,<=50K
41.786846,Self-emp-not-inc,37496.637,Bachelors,13.326657,Married-civ-spouse,Farming-fishing,Husband,White,Male,737.3987,1.0195683,84.20806,United-States,<=50K
27.986492,?,249389.69,HS-grad,9.03144,Never-married,?,Unmarried,Black,Female,-114.15126,1.0702046,38.104214,United-States,<=50K
20.234072,?,117601.484,9th,6.1766376,Never-married,?,Own-child,White,Male,-118.72133,0.4635075,40.05379,United-States,<=50K
36.412758,Private,231181.17,HS-grad,9.366245,Separated,Other-service,Not-in-family,White,Female,-106.50429,0.65752304,30.607578,Peru,<=50K
31.704712,Private,209049.42,Assoc-acdm,12.01232,Married-civ-spouse,Exec-managerial,Husband,White,Male,-112.86195,0.9403752,47.44889,United-States,<=50K
44.431072,Private,136707.73,Assoc-acdm,12.011973,Divorced,Prof-specialty,Unmarried,White,Female,-111.25746,0.69908035,39.64555,United-States,<=50K
51.689865,Private,220436.17,HS-grad,9.0275345,Widowed,Craft-repair,Not-in-family,White,Male,619.005,1.0348653,38.631943,United-States,<=50K
59.20083,Local-gov,667789.44,10th,6.043799,Widowed,Prof-specialty,Unmarried,White,Female,-110.235,0.89935195,14.832663,United-States,<=50K
44.173378,Private,109130.25,Bachelors,13.003835,Married-civ-spouse,Adm-clerical,Wife,Asian-Pac-Islander,Female,-108.459854,1.1368626,44.968323,Philippines,<=50K
43.3149,Private,189429.4,Some-college,10.029619,Divorced,Adm-clerical,Unmarried,Black,Female,-97.654434,0.9391774,38.70384,United-States,<=50K
57.982468,Private,415502.34,Some-college,10.024804,Divorced,Craft-repair,Not-in-family,White,Male,-122.63515,0.7422627,21.075205,United-States,<=50K
60.286045,?,178625.4,Some-college,9.43057,Divorced,?,Not-in-family,White,Female,-104.56142,0.98435104,40.01498,United-States,<=50K
29.218569,Private,212923.17,Assoc-acdm,12.015177,Never-married,Prof-specialty,Own-child,White,Male,-123.0038,0.7171315,37.378548,United-States,<=50K
64.43389,Self-emp-not-inc,355282.1,Assoc-voc,11.020642,Married-civ-spouse,Other-service,Husband,White,Male,-116.6664,1.1624211,49.988285,United-States,<=50K
52.490078,Private,98899.75,Assoc-voc,9.40479,Widowed,Adm-clerical,Unmarried,White,Female,-109.93739,0.63102615,37.277855,United-States,<=50K
63.065594,Private,155150.89,Some-college,10.032814,Married-civ-spouse,Other-service,Husband,White,Male,-130.0204,0.36466107,13.506243,United-States,<=50K
47.71992,Self-emp-inc,137327.0,HS-grad,9.02712,Married-civ-spouse,Exec-managerial,Husband,White,Male,-100.22548,1.2704457,77.438126,United-States,<=50K
25.943027,Self-emp-inc,367942.75,Bachelors,13.007967,Married-civ-spouse,Adm-clerical,Own-child,White,Male,-116.36391,0.8186482,35.80744,Japan,<=50K
42.470592,Private,222093.31,HS-grad,9.02258,Divorced,Adm-clerical,Not-in-family,White,Male,-94.5746,1638.423,40.979073,United-States,<=50K
36.78065,State-gov,127768.21,Masters,13.987371,Married-civ-spouse,Adm-clerical,Husband,White,Male,-114.41078,1.2034978,44.940968,El-Salvador,<=50K
26.127134,Private,304218.44,HS-grad,9.028578,Never-married,Transport-moving,Not-in-family,White,Male,-113.27406,0.8854817,68.99898,United-States,<=50K
38.638798,Private,101236.75,Bachelors,13.003459,Married-civ-spouse,Prof-specialty,Husband,White,Male,-117.3456,0.5240544,53.51029,United-States,<=50K
43.406868,State-gov,162990.17,Bachelors,13.001851,Divorced,Prof-specialty,Not-in-family,White,Male,-116.709854,0.87731826,40.055004,United-States,<=50K
27.551462,Private,171457.88,HS-grad,9.028343,Separated,Other-service,Unmarried,White,Female,-106.06435,0.84437454,40.20408,United-States,<=50K
64.17417,State-gov,107940.21,1st-4th,2.0696168,Married-civ-spouse,Farming-fishing,Husband,Other,Male,-106.67226,1.6632527,45.121864,Columbia,<=50K
24.249538,Private,179187.72,HS-grad,9.030404,Married-civ-spouse,Handlers-cleaners,Husband,White,Male,228.55858,0.7097157,44.19993,United-States,<=50K
45.125137,Private,52670.293,Bachelors,13.006545,Never-married,Other-service,Not-in-family,White,Male,-113.3351,0.7248372,43.575405,United-States,<=50K
23.058813,State-gov,314795.84,HS-grad,8.610049,Never-married,Transport-moving,Own-child,White,Male,-110.547745,1.107726,40.05037,United-States,<=50K
39.089325,Self-emp-not-inc,332193.34,Bachelors,13.004495,Divorced,Craft-repair,Not-in-family,Black,Male,-102.94643,1689.5991,60.179752,?,<=50K
25.64747,Private,181250.33,11th,7.03696,Never-married,Sales,Unmarried,White,Female,-117.87196,0.31059155,17.225863,United-States,<=50K
45.257565,State-gov,154946.94,HS-grad,9.024773,Divorced,Adm-clerical,Unmarried,White,Female,-89.007706,1.3829335,41.45241,United-States,<=50K
22.210278,Private,164697.55,Some-college,10.028293,Never-married,Adm-clerical,Unmarried,Other,Male,-117.58705,0.6967763,40.043015,United-States,<=50K
17.592182,Private,271795.06,10th,6.031341,Never-married,Farming-fishing,Own-child,White,Male,111.477036,0.388625,21.11429,United-States,<=50K
36.299397,Private,158990.72,7th-8th,4.37821,Married-civ-spouse,Transport-moving,Husband,White,Male,-114.14125,0.60743606,43.258232,Italy,<=50K
26.990644,Private,194385.64,Assoc-acdm,12.012214,Separated,Other-service,Not-in-family,White,Male,-118.68056,0.8647603,40.056705,United-States,<=50K
35.828766,Private,238364.62,HS-grad,9.029107,Never-married,Sales,Not-in-family,Black,Male,-110.90126,1.0063542,51.257263,United-States,<=50K
36.458267,Private,206381.33,Some-college,10.026464,Divorced,Sales,Not-in-family,White,Male,720.9525,0.7520131,42.59626,United-States,<=50K
27.148502,Private,402805.56,7th-8th,4.70619,Never-married,Craft-repair,Not-in-family,White,Male,-122.50551,0.7957066,40.992462,Mexico,<=50K
31.665615,Self-emp-not-inc,134950.17,HS-grad,9.031206,Never-married,Other-service,Unmarried,White,Male,-108.607315,1.0262517,45.98731,United-States,<=50K
34.879288,Private,196367.06,HS-grad,9.028418,Never-married,Other-service,Own-child,Black,Male,-96.39296,1.1390828,40.058212,?,<=50K
73.24908,?,143652.56,7th-8th,3.0943365,Widowed,?,Not-in-family,White,Female,-116.11464,0.8543538,40.03544,United-States,<=50K
28.877548,Private,506707.44,HS-grad,9.024366,Never-married,Prof-specialty,Unmarried,White,Male,-115.756,1.0441579,40.029842,Mexico,<=50K
38.162838,Federal-gov,271876.44,HS-grad,9.029594,Married-civ-spouse,Adm-clerical,Husband,White,Male,-99.99403,1.2603825,39.803642,United-States,<=50K
23.472353,Private,182092.45,Some-college,10.032561,Never-married,Sales,Own-child,Black,Female,407.46017,0.5122899,24.800756,United-States,<=50K
51.367058,Private,140885.47,HS-grad,9.029074,Married-civ-spouse,Adm-clerical,Husband,White,Male,318.7977,0.99597824,42.929253,United-States,<=50K
29.916887,Private,215550.77,HS-grad,9.029183,Never-married,Other-service,Not-in-family,White,Male,-118.82558,0.87334335,70.57684,United-States,<=50K
53.31247,Local-gov,173911.83,Bachelors,13.007604,Married-civ-spouse,Transport-moving,Husband,White,Male,-115.339005,1.2087849,40.036484,Mexico,<=50K
41.00777,State-gov,118291.04,HS-grad,9.2351675,Separated,Other-service,Not-in-family,White,Female,-102.75844,0.77279556,29.896137,United-States,<=50K
42.41561,Private,185866.66,9th,5.0388517,Separated,Craft-repair,Unmarried,White,Male,-87.92445,1.2450551,38.41661,United-States,<=50K
43.52177,Private,367811.16,7th-8th,3.387601,Married-civ-spouse,Craft-repair,Husband,White,Male,-103.35341,1.236327,41.128834,Mexico,<=50K
62.14751,Self-emp-not-inc,65384.824,Prof-school,14.97987,Married-civ-spouse,Tech-support,Not-in-family,White,Male,-114.80507,0.7925252,35.793186,United-States,<=50K
52.57838,Private,405701.8,HS-grad,9.026118,Married-civ-spouse,Adm-clerical,Husband,White,Male,-106.49403,1.2453145,39.998474,United-States,<=50K
37.546593,Private,68004.51,HS-grad,8.469084,Married-civ-spouse,Farming-fishing,Husband,Amer-Indian-Eskimo,Male,-104.154434,1.0220174,53.33284,United-States,<=50K
35.52153,Private,135259.92,Bachelors,13.007212,Never-married,Other-service,Not-in-family,White,Male,451.6185,0.39240918,17.476768,United-States,<=50K
26.015211,Private,131080.0,Assoc-acdm,12.01315,Married-spouse-absent,Craft-repair,Other-relative,Asian-Pac-Islander,Female,-113.56386,0.9502095,40.055447,?,<=50K
26.439203,Private,143438.86,Some-college,10.032318,Never-married,Adm-clerical,Own-child,Black,Male,-124.01088,0.6979741,40.04863,United-States,<=50K
30.039797,Private,163601.23,Some-college,10.031828,Never-married,Other-service,Not-in-family,White,Male,48.45152,0.60794723,40.90217,United-States,<=50K
41.050873,Local-gov,27212.965,Assoc-voc,12.045046,Divorced,Prof-specialty,Unmarried,Amer-Indian-Eskimo,Female,-122.29701,0.69277084,40.041733,United-States,<=50K
65.48604,?,191061.12,Some-college,10.027863,Widowed,?,Unmarried,White,Male,-113.162,0.999648,39.33218,United-States,<=50K
47.127502,Local-gov,136647.25,Masters,13.994753,Widowed,Prof-specialty,Unmarried,White,Female,-124.61879,0.98471725,39.829758,United-States,<=50K
40.77818,Private,138881.62,HS-grad,9.0281515,Married-civ-spouse,Machine-op-inspct,Wife,White,Female,-102.59291,0.9102391,40.050556,Italy,<=50K
30.481033,Private,239535.86,Prof-school,14.984267,Never-married,Prof-specialty,Own-child,Asian-Pac-Islander,Male,-121.757706,0.83669937,40.04253,Japan,<=50K
24.092455,Private,175605.02,HS-grad,9.030128,Never-married,Exec-managerial,Own-child,White,Male,-120.349014,0.74746597,40.047615,United-States,<=50K
21.781368,Private,111274.734,Some-college,10.038193,Never-married,Prof-specialty,Not-in-family,White,Female,-106.257706,0.3733357,31.572578,United-States,<=50K
22.492508,Private,395043.28,5th-6th,3.8264918,Married-civ-spouse,Other-service,Husband,White,Male,-104.19765,0.6070622,38.8392,Mexico,<=50K
20.523428,Private,140550.1,Some-college,10.031738,Never-married,Handlers-cleaners,Own-child,White,Male,-105.18959,0.24490246,14.363817,United-States,<=50K
25.992535,Self-emp-inc,67697.836,12th,8.0414915,Married-civ-spouse,Sales,Husband,Other,Male,-118.66542,0.589095,98.309265,Dominican-Republic,<=50K
25.302748,Private,157577.83,Assoc-acdm,12.015117,Never-married,Other-service,Own-child,White,Female,-121.15517,0.41003308,14.41531,United-States,<=50K
35.939274,Local-gov,175663.62,Bachelors,13.002918,Divorced,Prof-specialty,Own-child,White,Female,-114.02431,0.71574295,39.795727,United-States,<=50K
75.328415,Private,72363.02,Preschool,1.0609487,Never-married,Priv-house-serv,Not-in-family,Asian-Pac-Islander,Female,-134.8395,0.88448226,48.158405,Philippines,<=50K
28.86015,Private,173915.84,Some-college,9.53532,Never-married,Handlers-cleaners,Not-in-family,Amer-Indian-Eskimo,Male,-126.442276,0.66886795,37.98183,United-States,<=50K
29.288431,Local-gov,85623.35,10th,5.390406,Married-civ-spouse,Other-service,Husband,White,Male,-123.19203,0.6124104,40.05377,United-States,<=50K
21.009453,Private,214093.11,11th,7.0302496,Married-spouse-absent,Handlers-cleaners,Own-child,White,Male,-95.5182,1785.8365,40.030872,Dominican-Republic,<=50K
27.3533,Private,292419.8,Bachelors,13.006287,Never-married,Sales,Not-in-family,White,Female,514.2422,0.95808303,45.05745,United-States,<=50K
33.99608,Private,75585.07,HS-grad,9.033059,Married-civ-spouse,Transport-moving,Husband,White,Male,-108.06581,0.7385396,40.246456,United-States,<=50K
62.235588,Self-emp-not-inc,27881.668,7th-8th,4.044988,Widowed,Other-service,Not-in-family,White,Female,-108.38368,0.9425038,66.120316,United-States,<=50K
23.151943,Private,154524.36,HS-grad,9.031194,Never-married,Farming-fishing,Own-child,White,Male,-115.40004,0.70709884,40.051342,United-States,<=50K
19.25354,?,70059.11,10th,6.049384,Never-married,?,Own-child,White,Male,-103.11684,0.4778584,39.66818,United-States,<=50K
40.314964,Local-gov,147848.61,Bachelors,13.006313,Never-married,Other-service,Own-child,White,Male,1496.9219,0.8529881,38.42563,United-States,<=50K
34.425175,Private,247627.94,Assoc-acdm,12.014977,Never-married,Prof-specialty,Not-in-family,White,Male,-122.45961,0.79272354,39.345898,United-States,<=50K
36.088524,Private,161310.84,11th,6.7449784,Separated,Other-service,Not-in-family,Black,Male,-103.2643,0.68586624,39.101665,United-States,<=50K
37.74946,Private,191335.72,Bachelors,13.007765,Never-married,Adm-clerical,Not-in-family,White,Male,-108.47011,0.65513504,38.41318,Portugal,<=50K
26.98778,State-gov,271706.3,Some-college,10.025297,Divorced,Adm-clerical,Unmarried,Black,Male,-113.894424,1.1395634,40.03792,Jamaica,<=50K
36.74768,Private,230826.6,Some-college,10.031229,Never-married,Machine-op-inspct,Unmarried,White,Female,-113.09096,1.0622166,40.977573,United-States,<=50K
59.77004,?,129493.05,HS-grad,9.031955,Married-civ-spouse,?,Husband,White,Male,394.44455,1.0692052,42.884468,United-States,<=50K
32.450535,Private,175508.12,HS-grad,9.031828,Never-married,Machine-op-inspct,Not-in-family,White,Female,-119.54286,0.79047287,39.230976,United-States,<=50K
51.98649,Self-emp-not-inc,252398.86,Assoc-voc,11.017342,Divorced,Sales,Not-in-family,White,Male,-108.31996,1.0540532,48.11694,United-States,<=50K
19.926609,?,50259.168,HS-grad,9.038795,Never-married,?,Other-relative,Asian-Pac-Islander,Female,-117.01747,0.5019139,18.310661,United-States,<=50K
48.90948,Federal-gov,179913.05,Bachelors,13.005126,Widowed,Exec-managerial,Unmarried,White,Male,-98.08925,1.3068837,54.91953,United-States,<=50K
48.637123,Private,248410.33,Some-college,10.027852,Divorced,Adm-clerical,Unmarried,White,Female,-100.192276,1.016158,38.373383,Canada,<=50K
68.37177,Private,148971.23,Some-college,9.44077,Widowed,Prof-specialty,Not-in-family,White,Female,292.8989,0.15473065,20.178144,United-States,<=50K
20.099113,Private,250587.02,Some-college,10.030076,Never-married,Other-service,Own-child,White,Male,-108.86928,0.37139782,22.677244,United-States,<=50K
51.73292,Private,190192.39,10th,6.03806,Married-civ-spouse,Craft-repair,Husband,White,Male,-101.22987,1.1233891,39.600857,United-States,<=50K
22.615767,Private,203189.42,HS-grad,9.031982,Never-married,Other-service,Not-in-family,White,Female,54.84483,0.70601547,42.430115,United-States,<=50K
33.02249,Private,203063.81,Bachelors,13.009373,Separated,Prof-specialty,Other-relative,Black,Female,-108.12416,0.69271743,40.057903,Jamaica,<=50K
33.35423,Private,128141.94,Some-college,9.43831,Married-civ-spouse,Handlers-cleaners,Husband,Black,Male,-111.407364,0.69853866,39.06786,United-States,<=50K
24.978605,Private,169744.62,HS-grad,9.028629,Never-married,Other-service,Own-child,White,Male,-118.51283,1815.214,40.054943,United-States,<=50K
51.136383,Private,131685.58,HS-grad,9.026313,Married-civ-spouse,Machine-op-inspct,Wife,Asian-Pac-Islander,Female,-93.181046,1.4752034,40.01518,China,<=50K
26.415852,Self-emp-inc,314666.9,Assoc-voc,11.024518,Married-civ-spouse,Sales,Husband,White,Male,-127.33217,0.54770553,30.802597,United-States,<=50K
45.105183,Private,165358.56,HS-grad,9.026074,Never-married,Exec-managerial,Own-child,White,Female,643.9375,1.1889409,43.959286,United-States,<=50K
19.101654,?,132658.6,HS-grad,9.035596,Never-married,?,Own-child,White,Female,63.86778,0.43144116,21.016342,United-States,<=50K
24.85864,Private,183640.45,HS-grad,9.028257,Never-married,Adm-clerical,Own-child,White,Female,86.99461,0.74172103,39.671947,United-States,<=50K
24.225956,Self-emp-not-inc,159561.53,HS-grad,9.031653,Never-married,Sales,Own-child,White,Male,-122.63002,0.7728795,35.86351,United-States,<=50K
47.665646,Private,103712.83,Bachelors,13.001188,Married-civ-spouse,Sales,Husband,White,Male,-113.27919,0.762534,64.12522,United-States,<=50K
31.042713,Private,167062.06,Bachelors,13.003241,Never-married,Other-service,Own-child,White,Female,-115.83241,0.5192479,34.53447,United-States,<=50K
20.95222,Private,417054.3,Some-college,10.03282,Never-married,Other-service,Not-in-family,White,Female,-116.07655,0.45980725,15.022978,United-States,<=50K
19.61635,?,191476.3,Some-college,10.031429,Never-married,?,Own-child,White,Male,-52.046528,0.38965496,18.009516,United-States,<=50K
39.378387,State-gov,287129.56,Assoc-voc,11.02285,Married-civ-spouse,Craft-repair,Husband,White,Male,-109.76454,1.0654286,37.267998,United-States,<=50K
49.276043,Private,122892.65,10th,6.0413,Separated,Machine-op-inspct,Unmarried,Black,Female,-97.219376,1.1882008,40.039055,United-States,<=50K
39.699284,Self-emp-inc,211297.72,Some-college,10.030942,Married-civ-spouse,Machine-op-inspct,Husband,White,Male,-111.7787,1.0228108,48.064247,United-States,<=50K
68.21001,Private,491029.1,Some-college,9.702831,Married-civ-spouse,Prof-specialty,Husband,White,Male,775.55273,0.60723007,15.62273,United-States,<=50K
30.963911,Private,142541.27,HS-grad,9.03037,Married-spouse-absent,Other-service,Not-in-family,Asian-Pac-Islander,Female,-108.986465,0.66383255,37.57648,Columbia,<=50K
55.405895,Private,151821.94,HS-grad,9.029849,Married-civ-spouse,Exec-managerial,Husband,White,Male,-105.47182,1.0785893,42.73446,United-States,<=50K
49.50048,Private,112374.38,HS-grad,9.027423,Divorced,Handlers-cleaners,Not-in-family,White,Male,-112.699356,0.7207173,41.57371,United-States,<=50K
28.010532,Private,166851.19,7th-8th,4.045277,Married-civ-spouse,Handlers-cleaners,Husband,Other,Male,-123.22255,2206.7156,40.05706,Puerto-Rico,<=50K
21.375252,Private,109839.66,HS-grad,9.034276,Never-married,Other-service,Own-child,Amer-Indian-Eskimo,Male,-105.054825,0.49136242,26.057657,United-States,<=50K
50.427917,Private,241854.38,11th,6.815834,Divorced,Adm-clerical,Not-in-family,White,Male,-102.68715,1.0602254,69.3951,United-States,<=50K
20.917253,Federal-gov,125388.234,HS-grad,9.033734,Never-married,Other-service,Own-child,White,Female,-119.43349,0.7668828,40.05314,United-States,<=50K
43.20277,Private,175596.27,HS-grad,9.02714,Divorced,Exec-managerial,Not-in-family,White,Female,508.89145,0.9767903,40.03427,United-States,<=50K
21.60771,Private,216069.75,Some-college,10.030562,Never-married,Tech-support,Own-child,White,Female,-119.59364,0.4888371,20.465956,United-States,<=50K
43.651386,Local-gov,132564.22,Assoc-acdm,12.016755,Separated,Adm-clerical,Unmarried,White,Female,-108.793106,1.1009587,40.019962,United-States,<=50K
61.684135,Private,189485.42,HS-grad,9.02671,Divorced,Protective-serv,Not-in-family,White,Male,253.369,0.60203445,20.088312,United-States,<=50K
37.30867,Local-gov,200761.84,Assoc-voc,12.046116,Never-married,Tech-support,Not-in-family,White,Male,-125.615616,1612.6771,40.044033,United-States,<=50K
23.35426,Private,179860.72,HS-grad,9.029776,Never-married,Machine-op-inspct,Own-child,White,Female,142.57396,0.7379674,37.45092,United-States,<=50K
27.39577,Private,45607.074,HS-grad,9.036205,Never-married,Machine-op-inspct,Not-in-family,White,Male,-126.24892,0.5642766,44.99109,Japan,<=50K
24.00715,Private,228254.81,10th,6.0322537,Divorced,Handlers-cleaners,Unmarried,White,Female,-111.02846,0.8736867,58.258915,United-States,<=50K
28.500954,Self-emp-not-inc,99158.97,Some-college,10.035686,Never-married,Other-service,Not-in-family,White,Female,-131.73427,0.45403942,15.681879,United-States,<=50K
27.51827,Private,240622.97,9th,5.0412188,Married-civ-spouse,Craft-repair,Husband,White,Male,-109.84096,0.8827199,40.8313,United-States,<=50K
28.99148,Private,220678.08,HS-grad,9.029764,Never-married,Craft-repair,Own-child,Black,Male,-112.72987,0.922408,40.05025,United-States,<=50K
39.734024,State-gov,224959.3,Bachelors,13.00276,Married-civ-spouse,Prof-specialty,Wife,White,Female,-113.13417,1.0678395,38.48227,United-States,<=50K
42.58941,Private,156887.33,10th,6.0317593,Divorced,Other-service,Unmarried,White,Female,-92.5453,0.6944188,32.80556,United-States,<=50K
63.822353,Private,266047.47,HS-grad,9.025502,Married-civ-spouse,Farming-fishing,Husband,White,Male,-101.659805,1.3492726,50.900112,United-States,<=50K
28.080458,Private,202520.27,Some-college,10.028682,Never-married,Adm-clerical,Not-in-family,White,Female,516.16736,0.781577,53.492657,United-States,<=50K
42.015007,Private,184113.22,Assoc-acdm,12.01481,Never-married,Adm-clerical,Not-in-family,White,Female,-113.50282,1.111533,42.365177,Mexico,<=50K
58.061016,Private,184470.53,7th-8th,5.0326266,Divorced,Adm-clerical,Other-relative,White,Female,-93.86513,0.5798024,23.870426,United-States,<=50K
29.229916,Private,272688.03,Some-college,10.030007,Never-married,Craft-repair,Not-in-family,Asian-Pac-Islander,Male,-130.0331,0.9425038,41.626125,Dominican-Republic,<=50K
27.984644,State-gov,383592.12,Some-college,10.024942,Separated,Exec-managerial,Own-child,White,Male,-112.28993,2364.262,40.05524,United-States,<=50K
29.875137,Private,221736.05,Masters,13.985482,Never-married,Exec-managerial,Not-in-family,White,Female,804.6229,0.87570083,38.948513,United-States,<=50K
30.791216,Private,216725.89,HS-grad,9.026934,Divorced,Machine-op-inspct,Not-in-family,White,Female,-104.14931,0.8179921,38.82605,United-States,<=50K
24.124884,Private,301481.62,Preschool,1.0562624,Never-married,Farming-fishing,Not-in-family,White,Male,-119.21718,0.5761937,41.405205,Mexico,<=50K
23.580864,Private,240674.64,9th,6.166225,Never-married,Farming-fishing,Other-relative,White,Male,-122.24867,0.6907567,35.30072,Mexico,<=50K
48.490482,Self-emp-not-inc,127881.48,Some-college,9.696833,Separated,Farming-fishing,Unmarried,White,Female,-94.98158,1.3974828,56.61038,United-States,<=50K
27.428024,Private,123110.586,10th,6.038257,Never-married,Craft-repair,Own-child,White,Male,-118.952774,0.597968,39.862774,United-States,<=50K
38.960693,Private,272407.16,Assoc-acdm,12.009701,Divorced,Exec-managerial,Unmarried,Asian-Pac-Islander,Female,-100.53554,1.0580052,36.0902,Taiwan,<=50K
47.173264,Private,199067.64,HS-grad,9.0252495,Divorced,Craft-repair,Not-in-family,White,Female,-94.90004,1.0457219,40.033646,United-States,<=50K
31.66193,Private,204621.42,10th,6.3997626,Never-married,?,Unmarried,Black,Female,-102.38197,1.0563039,40.053867,United-States,<=50K
33.397923,State-gov,98452.25,HS-grad,9.034112,Married-civ-spouse,Tech-support,Husband,White,Male,-105.891495,1.0043935,40.052063,United-States,<=50K
64.01986,Local-gov,256508.05,Masters,13.992145,Widowed,Prof-specialty,Not-in-family,White,Female,-122.266495,0.99722946,40.012386,United-States,<=50K
23.131622,Private,244827.73,10th,6.0355563,Never-married,Transport-moving,Not-in-family,White,Male,586.1304,0.7389668,47.61911,United-States,<=50K
47.37685,Private,477002.03,10th,6.037173,Separated,Exec-managerial,Not-in-family,White,Male,-104.01723,1.4415501,47.31143,United-States,<=50K
46.26632,Federal-gov,227666.03,Assoc-voc,11.019196,Divorced,Tech-support,Not-in-family,White,Male,789.3313,0.9392613,40.52152,United-States,<=50K
41.589447,State-gov,240898.61,Bachelors,13.0024395,Married-civ-spouse,Protective-serv,Husband,White,Male,-102.081924,1.2315282,45.95213,United-States,<=50K
57.12687,Self-emp-inc,45435.855,9th,4.5372496,Married-civ-spouse,Transport-moving,Husband,White,Male,-110.99037,1.1453084,70.132965,United-States,<=50K
28.139124,Private,293811.5,Some-college,10.031692,Never-married,Handlers-cleaners,Not-in-family,Black,Male,-128.04433,0.7161702,38.940163,United-States,<=50K
58.177742,Self-emp-not-inc,217201.69,10th,6.03928,Separated,Sales,Other-relative,Other,Male,-89.87245,1.8240651,40.048195,Cuba,<=50K
61.90544,Private,169440.44,Assoc-voc,11.023246,Widowed,Craft-repair,Not-in-family,White,Male,-123.91176,0.60362136,33.048164,United-States,<=50K
75.07815,Self-emp-not-inc,61169.723,7th-8th,4.0433183,Never-married,Farming-fishing,Not-in-family,White,Male,546.19617,0.41981396,27.036314,United-States,<=50K
35.338104,Private,225067.98,HS-grad,9.026061,Married-civ-spouse,Exec-managerial,Wife,White,Female,-95.884415,1.1189259,40.971096,United-States,<=50K
33.557304,Private,137996.31,HS-grad,9.02829,Married-civ-spouse,Adm-clerical,Wife,White,Female,502.4753,0.84315383,38.972748,United-States,<=50K
37.856236,Local-gov,150025.72,Bachelors,13.000524,Divorced,Exec-managerial,Unmarried,White,Male,-98.14516,1.127509,50.22719,Germany,<=50K
24.62558,Private,165828.1,HS-grad,9.038375,Never-married,Other-service,Not-in-family,White,Male,-116.320694,0.37760052,26.166285,United-States,<=50K
26.512272,Private,153570.61,Assoc-acdm,12.017992,Never-married,Prof-specialty,Own-child,White,Male,-125.75307,0.81642807,40.036648,France,<=50K
63.8589,Private,230967.97,Bachelors,13.005729,Widowed,Exec-managerial,Not-in-family,White,Female,-116.030655,0.44909558,6.00494,United-States,<=50K
39.19483,Private,276685.16,12th,8.033753,Separated,Adm-clerical,Unmarried,White,Female,442.6871,1.2053975,40.023678,United-States,<=50K
36.708305,Private,463030.72,7th-8th,3.5666223,Separated,Handlers-cleaners,Not-in-family,White,Male,-118.87636,0.8546361,44.977135,Mexico,<=50K
20.859,Self-emp-inc,436125.94,Some-college,7.9863524,Never-married,Sales,Own-child,White,Female,-106.03627,0.71670425,37.576576,United-States,<=50K
38.21182,Private,243586.36,5th-6th,3.7300258,Married-spouse-absent,Craft-repair,Not-in-family,White,Male,-101.08241,0.83752334,46.285698,United-States,<=50K
31.857191,Private,185573.9,Bachelors,13.002068,Married-civ-spouse,Other-service,Husband,White,Male,-117.76503,0.6498784,39.48077,United-States,<=50K
35.35639,Private,144974.27,Some-college,9.836242,Separated,Other-service,Unmarried,White,Female,-108.81337,0.45509228,18.977346,United-States,<=50K
33.02968,Private,199551.81,Some-college,10.028587,Never-married,Sales,Not-in-family,White,Female,-121.9308,1631.9214,43.716263,United-States,<=50K
36.41837,Private,131540.38,10th,6.037072,Widowed,Transport-moving,Unmarried,White,Male,-98.15028,0.94225204,37.581085,United-States,<=50K
17.732944,Private,163586.27,12th,8.058399,Never-married,Prof-specialty,Own-child,White,Male,-93.17348,0.15995678,17.107773,United-States,<=50K
37.284042,Private,138475.06,10th,6.043179,Never-married,Machine-op-inspct,Not-in-family,Asian-Pac-Islander,Male,-118.7621,0.8532704,40.0433,Vietnam,<=50K
32.016872,Private,55543.824,Assoc-acdm,12.012324,Divorced,Machine-op-inspct,Unmarried,Amer-Indian-Eskimo,Female,-113.34267,0.79679,40.04557,United-States,<=50K
21.439255,Private,165361.1,Assoc-voc,11.0253525,Never-married,Other-service,Own-child,White,Female,-115.16347,0.31150708,28.18863,United-States,<=50K
33.524044,Local-gov,248927.52,Bachelors,13.00692,Never-married,Prof-specialty,Other-relative,Black,Male,-126.61513,0.65277755,31.453669,United-States,<=50K
23.533293,Private,341486.47,Some-college,10.0305395,Married-civ-spouse,Craft-repair,Husband,White,Male,-123.14638,0.84295547,40.986595,United-States,<=50K
37.56279,Private,318017.16,Assoc-acdm,12.011537,Married-civ-spouse,Tech-support,Husband,White,Male,-106.15346,1.1640996,41.960308,United-States,<=50K
53.101707,Private,78519.05,5th-6th,3.0444431,Never-married,Handlers-cleaners,Other-relative,Asian-Pac-Islander,Female,-119.77162,1.1213444,50.187447,Philippines,<=50K
54.451675,Private,162511.39,5th-6th,3.582075,Married-civ-spouse,Other-service,Husband,White,Male,-119.63173,0.65877426,40.81518,Italy,<=50K
30.986296,Private,134551.81,11th,7.028378,Married-spouse-absent,Sales,Not-in-family,Asian-Pac-Islander,Male,-109.57118,0.8394536,40.04358,India,<=50K
34.04082,Local-gov,420959.25,9th,5.0493093,Never-married,Other-service,Own-child,White,Male,-114.08778,1.0582341,39.059864,United-States,<=50K
33.629536,Private,119870.875,HS-grad,9.032,Married-civ-spouse,Adm-clerical,Wife,White,Female,1294.3618,0.5251607,19.593575,United-States,<=50K
78.0551,Private,433940.06,Some-college,10.025432,Married-civ-spouse,Adm-clerical,Own-child,White,Male,-124.65175,1919.7137,10.895338,United-States,<=50K
41.994144,Private,171858.62,Some-college,10.028652,Never-married,Exec-managerial,Unmarried,White,Female,-115.267715,0.7517842,29.217154,Puerto-Rico,<=50K
44.07905,Local-gov,220388.52,Masters,13.994457,Divorced,Prof-specialty,Unmarried,White,Female,855.0753,1.0780171,42.557644,United-States,<=50K
45.65343,Private,138980.31,Some-college,10.029232,Married-civ-spouse,Craft-repair,Other-relative,Asian-Pac-Islander,Male,-107.818985,1.1750401,40.058098,Poland,<=50K
24.667944,Private,83875.086,HS-grad,9.037813,Never-married,Handlers-cleaners,Not-in-family,White,Male,-113.65297,0.464156,35.617832,United-States,<=50K
27.204123,Private,118414.805,Bachelors,13.005482,Never-married,Adm-clerical,Not-in-family,White,Female,-114.74403,0.70033157,41.36092,United-States,<=50K
56.881664,Self-emp-not-inc,56115.246,Some-college,10.028813,Married-civ-spouse,Craft-repair,Husband,White,Male,-119.72841,1613.5525,51.215725,United-States,<=50K
29.3074,Never-worked,353386.66,Bachelors,13.005468,Married-civ-spouse,Prof-specialty,Husband,White,Male,-121.38637,0.6150807,23.1861,India,<=50K
34.333916,Private,165284.44,Bachelors,13.004182,Married-civ-spouse,Other-service,Husband,White,Male,-109.43129,0.77484024,40.074745,?,<=50K
36.69289,Private,170728.12,Bachelors,13.005081,Never-married,Machine-op-inspct,Not-in-family,White,Female,-118.29164,1806.0073,24.433786,United-States,<=50K
52.47002,Private,185003.69,Some-college,10.027493,Widowed,Adm-clerical,Not-in-family,White,Female,252.1483,0.86026657,41.361477,United-States,<=50K
35.622936,Self-emp-inc,222614.44,HS-grad,9.0295315,Never-married,Farming-fishing,Not-in-family,White,Male,-109.34999,1.0968083,50.153656,United-States,<=50K
22.159561,Private,198680.34,Some-college,9.440915,Never-married,Sales,Not-in-family,Black,Female,-118.166885,0.5466832,29.233362,United-States,<=50K
51.98839,?,342207.38,5th-6th,3.398479,Married-civ-spouse,?,Husband,White,Male,-104.17494,1.3297108,42.592358,Mexico,<=50K
40.580524,Private,151742.0,HS-grad,9.029206,Widowed,Exec-managerial,Other-relative,White,Male,387.71555,1.1345891,40.047802,United-States,<=50K
41.325596,Local-gov,319316.03,Assoc-voc,11.024408,Never-married,Prof-specialty,Not-in-family,White,Female,-124.0746,0.8500279,37.357933,United-States,<=50K
63.80171,Private,157079.89,Assoc-acdm,12.013671,Married-civ-spouse,Exec-managerial,Not-in-family,White,Male,3375.1953,0.951064,40.0105,United-States,<=50K
35.01649,Private,137855.19,HS-grad,9.02298,Divorced,Other-service,Unmarried,White,Male,-91.11342,1.0021199,79.66124,United-States,<=50K
41.32195,Private,154116.11,HS-grad,9.027266,Divorced,Exec-managerial,Not-in-family,White,Male,-101.99037,0.83991134,45.9255,United-States,<=50K
48.097946,Private,610843.75,Bachelors,13.006487,Married-civ-spouse,Other-service,Husband,White,Male,-111.277725,0.7092885,30.781273,United-States,<=50K
35.05255,Self-emp-inc,245311.89,Bachelors,13.006922,Never-married,Exec-managerial,Not-in-family,White,Male,-115.77138,0.9824437,42.397102,United-States,<=50K
47.142803,State-gov,61333.24,Doctorate,15.971864,Separated,Exec-managerial,Own-child,Asian-Pac-Islander,Male,2278.2979,1.4341267,45.042233,United-States,<=50K
36.04136,Local-gov,265422.72,Some-college,10.025901,Divorced,Adm-clerical,Unmarried,White,Male,-101.29091,1.223029,60.1188,United-States,<=50K
25.59345,Private,375004.16,7th-8th,4.362165,Never-married,Handlers-cleaners,Own-child,White,Male,-106.57289,0.11939129,17.980347,United-States,<=50K
26.47529,Private,104963.7,Bachelors,13.007336,Never-married,Prof-specialty,Not-in-family,White,Male,660.61,0.60982406,40.75084,United-States,<=50K
36.874115,Private,358572.0,Bachelors,13.006961,Never-married,Prof-specialty,Not-in-family,White,Female,-116.1476,1.0190343,45.06704,Mexico,<=50K
36.63248,Private,216581.17,Some-college,9.434617,Never-married,Transport-moving,Not-in-family,Black,Male,358.10886,0.9560689,40.98436,United-States,<=50K
23.465004,Private,222189.77,5th-6th,2.5506253,Never-married,Priv-house-serv,Not-in-family,White,Male,-119.70033,0.62682235,44.99072,Guatemala,<=50K
53.886906,State-gov,149856.25,HS-grad,9.02917,Never-married,Tech-support,Own-child,Black,Female,-91.482315,1.6772069,40.005962,United-States,<=50K
35.469173,Private,180337.95,Assoc-voc,11.02183,Never-married,Tech-support,Not-in-family,White,Male,-122.36806,0.71340835,41.598335,United-States,<=50K
48.749504,Private,276541.97,11th,7.03556,Married-civ-spouse,Transport-moving,Husband,White,Male,-96.031876,1715.1072,45.519493,United-States,<=50K
75.22444,Self-emp-not-inc,279419.22,11th,7.0414467,Never-married,Farming-fishing,Not-in-family,White,Male,-122.60707,0.91245925,20.040937,United-States,<=50K
81.47759,Self-emp-not-inc,124420.41,Bachelors,13.012915,Widowed,Prof-specialty,Not-in-family,White,Female,-108.53114,1691.295,2.8545992,Hungary,<=50K
67.57308,Private,198927.22,Bachelors,13.006026,Married-civ-spouse,Transport-moving,Husband,White,Male,-113.8539,0.55193985,30.093775,United-States,<=50K
28.14606,Private,369115.25,Some-college,10.028984,Never-married,Sales,Not-in-family,White,Female,-124.997696,0.9119481,42.722717,United-States,<=50K
50.48189,Private,138324.83,9th,5.0390124,Married-civ-spouse,Adm-clerical,Wife,White,Female,-89.23158,1.4361714,49.113464,United-States,<=50K
41.256634,Self-emp-not-inc,83246.516,Assoc-voc,11.020854,Married-civ-spouse,Farming-fishing,Husband,White,Male,683.14185,0.9463719,60.159855,United-States,<=50K
58.150364,Local-gov,239687.56,5th-6th,3.0303988,Divorced,Other-service,Other-relative,Black,Female,-93.181046,1.0023488,40.0259,Haiti,<=50K
37.5291,Self-emp-not-inc,370090.47,Some-college,9.528491,Married-civ-spouse,Machine-op-inspct,Husband,White,Male,-96.50746,1.5465306,70.18972,?,<=50K
32.87337,Private,185909.05,Assoc-acdm,12.012945,Never-married,Other-service,Other-relative,White,Male,-115.00331,0.5601567,22.749386,United-States,<=50K
46.577065,Private,279446.53,11th,7.0386777,Married-civ-spouse,Machine-op-inspct,Husband,Black,Male,-101.21205,1.445609,52.992085,United-States,<=50K
69.15898,?,212627.34,HS-grad,9.02376,Widowed,?,Not-in-family,White,Female,1114.2522,1.5145787,69.768456,United-States,<=50K
34.58403,Private,77959.77,HS-grad,9.034859,Married-civ-spouse,Prof-specialty,Husband,White,Male,-116.60292,0.53304183,45.442795,United-States,<=50K
23.879826,Private,189813.33,HS-grad,9.029994,Never-married,Craft-repair,Own-child,White,Male,161.59386,0.78416336,39.76165,United-States,<=50K
35.066906,Self-emp-not-inc,146470.78,Some-college,10.032694,Married-civ-spouse,Exec-managerial,Husband,White,Male,319.15878,0.95004165,42.05703,United-States,<=50K
29.161783,Private,180726.72,Assoc-voc,11.021519,Married-civ-spouse,Adm-clerical,Wife,White,Female,-110.26552,0.7183293,38.837276,United-States,<=50K
22.123436,Private,193787.72,Some-college,10.029338,Never-married,Adm-clerical,Own-child,White,Male,-115.02626,0.39499554,26.047174,United-States,<=50K
37.933994,Private,223545.36,Bachelors,13.003779,Married-civ-spouse,Other-service,Wife,White,Female,-116.793594,0.67551315,14.750225,Poland,<=50K
29.27107,Private,337747.28,HS-grad,9.024445,Never-married,Other-service,Unmarried,White,Female,-104.398575,0.99159896,39.35869,Japan,<=50K
26.993063,Private,164980.9,Masters,13.984574,Married-civ-spouse,Sales,Not-in-family,White,Male,-114.83559,0.852332,40.043346,United-States,<=50K
32.38545,Private,117685.7,HS-grad,9.030558,Married-civ-spouse,Other-service,Wife,White,Female,-103.86708,0.7603749,37.78897,United-States,<=50K
25.998692,Federal-gov,57516.043,Prof-school,14.978195,Never-married,Prof-specialty,Not-in-family,Asian-Pac-Islander,Female,-119.026505,0.4207829,20.065287,South,<=50K
49.078545,Private,64840.668,Bachelors,13.007946,Never-married,Other-service,Not-in-family,Asian-Pac-Islander,Male,-117.971085,0.7733067,37.593243,Philippines,<=50K
35.999767,Local-gov,101683.25,Some-college,10.031701,Divorced,Adm-clerical,Unmarried,White,Female,-115.36708,0.7519597,37.997883,United-States,<=50K
22.9546,?,228603.81,Assoc-voc,11.0196905,Never-married,?,Own-child,White,Male,-115.756,0.92684066,94.02072,United-States,<=50K
32.676975,Local-gov,239326.53,Some-college,10.032027,Married-civ-spouse,Transport-moving,Husband,White,Male,-118.09071,1.0049046,39.93262,United-States,<=50K
55.690487,Local-gov,520102.25,Bachelors,13.010241,Married-civ-spouse,Prof-specialty,Husband,Black,Male,-123.88881,0.9480504,37.54545,United-States,<=50K
34.63243,Private,98113.64,Some-college,10.027628,Married-civ-spouse,Exec-managerial,Wife,White,Female,-109.848526,0.79524887,52.439575,United-States,<=50K
29.361626,Private,231594.95,Bachelors,13.00337,Married-civ-spouse,Sales,Husband,White,Male,214.53087,0.8272313,45.791782,United-States,<=50K
73.05123,Private,265213.06,Some-college,9.834188,Widowed,Exec-managerial,Not-in-family,White,Female,-127.929825,0.48647198,6.3125954,United-States,<=50K
32.97731,Private,60701.23,Some-college,10.0295925,Separated,Other-service,Not-in-family,White,Female,2297.9788,0.6414021,65.61655,United-States,<=50K
63.101486,Private,156590.0,5th-6th,3.044282,Married-spouse-absent,Sales,Not-in-family,White,Female,-116.78847,0.584319,40.0314,Italy,<=50K
20.538904,Private,205396.78,Some-college,10.030662,Never-married,Exec-managerial,Own-child,White,Male,-113.31459,0.45881543,26.47416,United-States,<=50K
38.661743,State-gov,44875.277,Doctorate,14.884426,Never-married,Prof-specialty,Not-in-family,White,Male,-113.72914,0.788741,61.03794,United-States,<=50K
29.311535,Private,167526.17,HS-grad,9.025387,Divorced,Sales,Own-child,White,Male,-105.33949,0.6794652,38.222965,United-States,<=50K
53.46122,Federal-gov,193275.05,Some-college,10.030853,Divorced,Adm-clerical,Other-relative,White,Female,1110.4325,1.0484532,40.02034,United-States,<=50K
53.13805,Private,181041.75,11th,7.034293,Married-civ-spouse,Transport-moving,Husband,White,Male,-106.69765,1.0792683,41.839024,United-States,<=50K
44.61957,Self-emp-not-inc,319747.78,Bachelors,13.001246,Divorced,Exec-managerial,Not-in-family,White,Male,-115.5807,0.7946538,17.646515,United-States,<=50K
35.054726,Private,132070.45,Bachelors,13.498736,Divorced,Sales,Other-relative,Asian-Pac-Islander,Female,-102.81166,0.89119613,40.04091,South,<=50K
51.127644,Private,161164.95,Doctorate,15.941473,Married-civ-spouse,Prof-specialty,Husband,Asian-Pac-Islander,Male,-115.45351,1.0602788,98.792114,South,<=50K
26.761007,Private,231559.23,Bachelors,13.004871,Never-married,Prof-specialty,Not-in-family,White,Male,-113.78017,0.70113266,50.96585,United-States,<=50K
38.332253,?,110096.086,Bachelors,13.005003,Divorced,?,Not-in-family,White,Female,-109.65517,0.76176345,46.690105,United-States,<=50K
41.014957,State-gov,99517.98,Masters,13.988768,Married-civ-spouse,Prof-specialty,Husband,White,Male,-122.340225,0.8159169,48.92817,United-States,<=50K
31.978817,Private,109542.58,11th,7.0349975,Never-married,Machine-op-inspct,Not-in-family,White,Female,-127.13124,0.5000905,38.282528,United-States,<=50K
37.05165,Private,293123.88,Assoc-voc,11.021107,Married-civ-spouse,Craft-repair,Husband,White,Male,-110.89613,0.9502629,42.83334,United-States,<=50K
36.40766,Self-emp-not-inc,195974.64,HS-grad,9.27713,Divorced,Craft-repair,Own-child,White,Male,-92.074844,1.129157,38.82314,United-States,<=50K
34.046364,Private,25937.465,Bachelors,13.001636,Married-spouse-absent,Machine-op-inspct,Not-in-family,Asian-Pac-Islander,Male,-111.788956,2358.2778,40.062904,?,<=50K
42.99947,Self-emp-not-inc,191352.83,7th-8th,3.5760927,Never-married,?,Not-in-family,White,Male,-112.261856,1.0556782,44.978405,United-States,<=50K
25.696432,Private,176927.23,Some-college,10.029506,Never-married,Tech-support,Own-child,White,Female,-122.2206,0.6969212,37.704857,United-States,<=50K
34.926994,Self-emp-not-inc,182099.47,Bachelors,13.005402,Never-married,Sales,Not-in-family,White,Female,-118.408585,1.0611867,49.102875,United-States,<=50K
58.274918,Private,235691.9,HS-grad,9.029517,Never-married,Machine-op-inspct,Not-in-family,Black,Female,1245.0461,1.1252354,39.512012,United-States,<=50K
51.506718,Private,247834.38,Some-college,9.696024,Married-civ-spouse,Adm-clerical,Wife,White,Female,-106.81972,0.94972885,33.132168,United-States,<=50K
66.01538,Private,49165.09,10th,5.43591,Married-spouse-absent,Exec-managerial,Not-in-family,White,Male,-100.060196,-0.028542664,18.209747,United-States,<=50K
23.615143,Private,329184.78,12th,8.037085,Never-married,Machine-op-inspct,Own-child,White,Male,-116.696915,0.78982437,40.032787,United-States,<=50K
35.727295,State-gov,114018.54,Doctorate,15.970968,Married-civ-spouse,Prof-specialty,Husband,Asian-Pac-Islander,Male,-128.20961,0.8469914,43.256783,Taiwan,<=50K
52.095177,Private,188704.19,Bachelors,13.485115,Divorced,Sales,Not-in-family,White,Female,-110.13075,1520.703,41.4199,United-States,<=50K
47.061073,Private,235924.81,Preschool,1.0326952,Never-married,Sales,Unmarried,Black,Female,-120.92885,0.8797673,40.007343,Haiti,<=50K
42.148838,Private,260602.05,HS-grad,9.019784,Divorced,Machine-op-inspct,Unmarried,White,Female,-85.86708,1.3718709,41.543102,Mexico,<=50K
65.534515,Private,76839.625,7th-8th,4.034017,Married-spouse-absent,Other-service,Unmarried,Amer-Indian-Eskimo,Female,-114.71596,0.6254567,32.928032,United-States,<=50K
34.52673,Self-emp-not-inc,172065.31,Assoc-acdm,12.013007,Married-civ-spouse,Sales,Husband,White,Male,-105.92201,1.2100056,65.61785,South,<=50K
28.847897,Private,164212.3,Bachelors,13.005519,Never-married,Exec-managerial,Not-in-family,White,Female,-116.47572,0.7669972,40.810997,United-States,<=50K
20.9289,State-gov,368626.3,Some-college,10.030489,Never-married,Adm-clerical,Not-in-family,White,Male,-116.320694,0.57008255,15.00795,United-States,<=50K
76.2967,Private,85277.73,Bachelors,13.005692,Widowed,Exec-managerial,Other-relative,Asian-Pac-Islander,Male,-120.9745,0.6778172,31.9937,China,<=50K
45.196056,Private,69121.625,HS-grad,9.029417,Divorced,Adm-clerical,Not-in-family,White,Female,-107.38417,0.6010045,35.73228,United-States,<=50K
28.433249,Private,257920.64,Some-college,10.026677,Never-married,Sales,Other-relative,Asian-Pac-Islander,Female,-115.44081,1.1623906,40.046715,Greece,<=50K
34.538273,Never-worked,169940.38,Some-college,10.031406,Separated,Adm-clerical,Own-child,Black,Male,-109.97572,0.90714157,37.58123,United-States,<=50K
24.513397,Private,152575.38,Bachelors,13.492937,Married-civ-spouse,Prof-specialty,Husband,White,Male,1189.4694,0.32190594,13.074345,Canada,<=50K
56.66785,Private,190074.69,Bachelors,13.003384,Divorced,Sales,Not-in-family,White,Female,-108.90761,0.30522045,6.448704,United-States,<=50K
37.6124,Private,316559.6,Some-college,9.385789,Married-civ-spouse,Transport-moving,Husband,Black,Male,-97.32362,1.234229,53.42611,United-States,<=50K
28.99435,Local-gov,205895.22,Some-college,10.031306,Never-married,Adm-clerical,Not-in-family,Other,Male,-132.24037,0.93594253,40.04227,Ecuador,<=50K
24.917795,Private,109278.484,HS-grad,9.034146,Never-married,Handlers-cleaners,Own-child,Black,Male,-116.808975,0.49539837,29.704432,United-States,<=50K
52.4783,State-gov,150053.58,HS-grad,9.026482,Widowed,Adm-clerical,Unmarried,White,Female,-95.28676,1.3857716,39.259247,United-States,<=50K
40.838043,Private,182692.72,Masters,13.983975,Never-married,Sales,Not-in-family,White,Male,-116.396866,1.003394,47.594975,United-States,<=50K
46.572422,Self-emp-not-inc,399944.34,Bachelors,13.003854,Divorced,Exec-managerial,Not-in-family,White,Male,-111.384415,1.16825,54.792976,United-States,<=50K
60.247547,?,185514.08,Some-college,9.649243,Married-civ-spouse,?,Husband,White,Male,-116.905655,0.8952855,40.485092,United-States,<=50K
25.410374,Private,647789.75,HS-grad,9.282314,Never-married,Other-service,Own-child,Black,Male,-119.62929,0.86558425,40.044678,United-States,<=50K
27.913666,Private,361055.3,Some-college,9.535776,Married-civ-spouse,Prof-specialty,Husband,White,Male,659.4402,0.6729878,40.517334,United-States,<=50K
33.96413,Private,126494.75,Some-college,10.027207,Divorced,Craft-repair,Own-child,White,Male,-110.13832,0.57900894,36.726086,United-States,<=50K
44.177948,State-gov,253850.67,HS-grad,9.026102,Divorced,Adm-clerical,Not-in-family,White,Male,-102.17348,1.1097172,41.543575,United-States,<=50K
23.7274,Private,123058.945,Some-college,10.033529,Never-married,Prof-specialty,Own-child,White,Male,-111.32094,0.48653302,41.07339,United-States,<=50K
65.2119,Federal-gov,190936.42,Some-college,10.025983,Widowed,Adm-clerical,Not-in-family,White,Male,-122.317276,1970.9844,20.004305,Poland,<=50K
46.100952,Private,140657.5,Some-college,10.028065,Divorced,Machine-op-inspct,Unmarried,White,Female,-105.79213,0.7942265,41.161076,United-States,<=50K
55.97355,Self-emp-not-inc,201175.47,Masters,13.988203,Married-civ-spouse,Exec-managerial,Husband,White,Male,-118.30678,1.1215123,35.68581,United-States,<=50K
20.525555,Private,157300.16,Some-college,9.833969,Divorced,Other-service,Own-child,White,Female,-102.628555,0.2891911,25.983757,United-States,<=50K
58.671974,Local-gov,177233.56,HS-grad,9.367277,Widowed,Exec-managerial,Not-in-family,White,Male,-123.543106,1.0725316,43.228012,United-States,<=50K
45.10443,Private,298570.53,Assoc-acdm,12.010669,Widowed,Sales,Unmarried,White,Female,-102.165665,1.374915,40.011898,Cuba,<=50K
55.950077,Private,104122.77,Some-college,10.028638,Divorced,Adm-clerical,Not-in-family,White,Female,-116.452774,0.69311416,39.673985,United-States,<=50K
27.12081,Private,340690.34,7th-8th,5.4707413,Married-civ-spouse,Handlers-cleaners,Husband,White,Male,-116.88002,0.6436223,40.045338,United-States,<=50K
30.204727,Private,209220.8,HS-grad,9.027376,Married-civ-spouse,Machine-op-inspct,Husband,White,Male,-102.73793,1749.5586,53.060726,United-States,<=50K
72.29179,Self-emp-inc,85532.125,5th-6th,3.0206995,Married-civ-spouse,Exec-managerial,Husband,Asian-Pac-Islander,Male,-121.284805,0.38677868,20.050432,Japan,<=50K
17.616186,Private,170526.4,11th,7.0372677,Never-married,Other-service,Own-child,White,Male,168.47032,0.15006909,19.121706,United-States,<=50K
35.068962,Local-gov,305060.78,Assoc-acdm,12.01534,Divorced,Exec-managerial,Not-in-family,Asian-Pac-Islander,Female,-112.39931,1.2455128,39.99724,Vietnam,<=50K
35.49584,Private,172343.67,Some-college,10.029893,Married-civ-spouse,Exec-managerial,Husband,White,Male,-109.13393,0.8359288,62.940426,United-States,<=50K
52.670628,Private,207143.27,9th,5.045908,Married-civ-spouse,Machine-op-inspct,Husband,Black,Male,-101.16884,1.2470769,40.414185,United-States,<=50K
57.436317,Self-emp-inc,155182.78,Assoc-voc,11.021579,Married-civ-spouse,Exec-managerial,Husband,White,Male,750.0709,0.90054977,47.098164,United-States,<=50K
35.1076,Local-gov,671926.06,Bachelors,13.002523,Married-civ-spouse,Exec-managerial,Husband,White,Male,-115.5475,1743.931,80.1435,United-States,<=50K
28.345575,Federal-gov,160682.67,Some-college,10.02346,Never-married,Protective-serv,Own-child,White,Male,-108.498184,0.89156234,65.55685,United-States,<=50K
46.60497,Private,800211.25,11th,7.031848,Widowed,Adm-clerical,Unmarried,White,Female,-105.18178,1.2527913,40.009815,United-States,<=50K
22.60135,?,80033.664,HS-grad,9.037066,Never-married,?,Not-in-family,White,Male,-122.228165,0.5795735,40.041676,United-States,<=50K
54.029263,Private,205283.31,Masters,14.893781,Divorced,Prof-specialty,Not-in-family,White,Male,-111.537,0.8341664,40.03689,Canada,<=50K
41.10357,Private,23223.402,9th,5.0335727,Married-civ-spouse,Exec-managerial,Husband,Amer-Indian-Eskimo,Male,-110.38246,1.3630589,83.809944,United-States,<=50K
24.277075,Private,180913.66,Assoc-voc,11.023555,Never-married,Adm-clerical,Own-child,White,Female,409.43613,0.5308522,36.507576,United-States,<=50K
42.992252,Private,221147.97,7th-8th,3.4912815,Married-civ-spouse,Transport-moving,Husband,White,Male,-99.42934,1.1660832,41.941265,Mexico,<=50K
50.108013,Self-emp-not-inc,241168.47,Assoc-acdm,12.013117,Never-married,Sales,Not-in-family,White,Female,-125.89784,1426.5509,4.8422394,United-States,<=50K
22.126513,Private,49384.26,HS-grad,9.042354,Never-married,Other-service,Own-child,White,Male,-103.68153,0.16405377,11.757002,United-States,<=50K
23.979738,?,34953.887,Some-college,10.535625,Never-married,?,Not-in-family,Amer-Indian-Eskimo,Female,-124.13295,0.4482945,25.637346,United-States,<=50K
25.916811,Private,61049.887,Some-college,9.70322,Married-civ-spouse,Exec-managerial,Wife,Amer-Indian-Eskimo,Female,-116.539444,0.77401626,41.679962,United-States,<=50K
33.67497,Local-gov,210821.47,Bachelors,13.00496,Married-civ-spouse,Adm-clerical,Husband,White,Male,-123.331924,0.9234303,40.3679,United-States,<=50K
36.81578,Private,56286.06,Some-college,10.030726,Divorced,Adm-clerical,Not-in-family,White,Male,-122.340225,0.59310806,37.575867,Japan,<=50K
36.553253,Private,142460.1,Bachelors,13.003634,Separated,Sales,Not-in-family,White,Male,-116.39174,0.7316884,40.690403,United-States,<=50K
31.95988,Local-gov,496211.97,Bachelors,13.004716,Never-married,Other-service,Not-in-family,Black,Male,-120.90077,1.1130666,53.512234,United-States,<=50K
53.63032,Federal-gov,110773.21,Some-college,10.527409,Married-civ-spouse,Adm-clerical,Wife,White,Female,-118.42128,0.6949605,32.81418,United-States,<=50K
24.588655,Private,175055.94,HS-grad,9.029233,Never-married,Other-service,Own-child,Black,Male,-113.79799,0.8656682,67.83691,United-States,<=50K
44.3238,Self-emp-not-inc,100198.28,Some-college,10.0309305,Married-civ-spouse,Craft-repair,Husband,White,Male,-108.182755,1.0697163,52.787354,United-States,<=50K
37.451702,Private,304181.94,HS-grad,9.027913,Married-civ-spouse,Craft-repair,Husband,White,Male,-99.42421,1.1769475,40.565372,United-States,<=50K
27.456257,Private,148611.78,HS-grad,9.031045,Never-married,Sales,Unmarried,White,Male,-125.175674,0.76264846,40.416306,United-States,<=50K
27.97006,Private,71072.35,9th,4.5403833,Never-married,Machine-op-inspct,Own-child,White,Male,-111.86757,0.08994183,40.038757,Portugal,<=50K
42.212517,Private,168604.28,HS-grad,9.033375,Never-married,Other-service,Not-in-family,White,Female,-116.82924,0.5893239,31.226694,United-States,<=50K
66.20127,Private,242340.88,HS-grad,9.198098,Married-civ-spouse,Handlers-cleaners,Husband,White,Male,-114.78725,0.69254196,21.749775,United-States,<=50K
36.196316,Self-emp-not-inc,92834.76,HS-grad,9.029783,Married-civ-spouse,Farming-fishing,Husband,White,Male,994.0376,1.1347874,66.214,United-States,<=50K
25.7224,Private,145700.48,HS-grad,9.032826,Never-married,Machine-op-inspct,Other-relative,White,Male,-123.87099,0.7678517,42.98344,United-States,<=50K
45.41079,Private,189264.86,Bachelors,13.000934,Divorced,Handlers-cleaners,Not-in-family,White,Male,-110.22743,0.7454213,38.664604,United-States,<=50K
27.349344,Private,228997.05,9th,5.0443153,Never-married,Handlers-cleaners,Own-child,White,Male,679.2992,0.6324223,40.055878,United-States,<=50K
26.995605,?,502144.34,Some-college,10.031065,Married-civ-spouse,?,Husband,White,Male,-133.43813,440.6282,20.031452,Mexico,<=50K
30.833082,Self-emp-not-inc,153301.5,HS-grad,9.142729,Married-civ-spouse,Transport-moving,Husband,White,Male,-100.070206,1.0873402,50.379982,United-States,<=50K
46.126743,Private,235950.19,HS-grad,9.024396,Divorced,Adm-clerical,Unmarried,Black,Female,-84.928604,1.296172,39.79839,United-States,<=50K
49.069927,Private,268774.62,HS-grad,9.026171,Married-civ-spouse,Other-service,Other-relative,Black,Female,-95.536026,1.082198,35.26237,Jamaica,<=50K
34.64662,Private,205369.62,11th,7.0329256,Married-civ-spouse,Craft-repair,Husband,White,Male,-101.24257,0.9974812,40.05552,Mexico,<=50K
29.426188,Private,108069.99,Masters,13.989419,Never-married,Prof-specialty,Unmarried,White,Male,-116.49867,0.7096318,42.507854,?,<=50K
52.19368,State-gov,172211.11,HS-grad,9.030702,Married-civ-spouse,Prof-specialty,Husband,White,Male,531.5708,1.305663,40.754745,United-States,<=50K
38.050144,Private,105751.51,HS-grad,9.030792,Married-civ-spouse,Exec-managerial,Husband,White,Male,-98.98427,0.8944081,52.393112,United-States,<=50K
24.059591,Private,154838.45,Some-college,10.033301,Never-married,Handlers-cleaners,Not-in-family,White,Male,-112.94838,0.509673,34.40069,United-States,<=50K
21.110506,Private,192267.08,Some-college,10.026619,Never-married,Handlers-cleaners,Own-child,White,Male,-117.4142,0.6816319,51.448086,United-States,<=50K
34.54373,Private,372890.78,5th-6th,2.5632129,Married-spouse-absent,Farming-fishing,Other-relative,White,Male,-94.59999,1.3253926,67.61905,Mexico,<=50K
30.516863,Local-gov,82277.69,Bachelors,13.008746,Never-married,Prof-specialty,Not-in-family,White,Female,901.28076,0.66172683,39.545315,United-States,<=50K
21.993612,?,216417.27,Some-college,10.029827,Never-married,?,Own-child,Asian-Pac-Islander,Male,-127.26869,0.83061874,35.854176,China,<=50K
29.67793,Private,295425.5,Bachelors,13.008122,Never-married,Prof-specialty,Not-in-family,White,Male,282.12375,0.71079147,39.38073,United-States,<=50K
37.63823,Private,142027.16,HS-grad,9.027452,Divorced,Transport-moving,Not-in-family,White,Male,-100.685684,0.80863845,42.504036,United-States,<=50K
40.52946,Private,206078.62,Some-college,10.032474,Never-married,Craft-repair,Not-in-family,Black,Male,-119.56557,0.9325856,43.81989,United-States,<=50K
63.220364,Local-gov,115006.664,Bachelors,13.007162,Widowed,Adm-clerical,Unmarried,Asian-Pac-Islander,Female,-127.96547,1.1406163,35.00282,Philippines,<=50K
20.53292,Self-emp-not-inc,222357.06,10th,5.381776,Never-married,?,Own-child,White,Male,-108.973526,0.92445266,43.272015,United-States,<=50K
33.493958,?,231037.72,HS-grad,9.033816,Married-civ-spouse,?,Husband,White,Male,832.2638,0.70479476,19.581486,United-States,<=50K
29.92251,Private,128542.93,Some-college,9.535698,Married-civ-spouse,Adm-clerical,Wife,White,Female,-105.89638,2067.7993,22.763474,United-States,<=50K
35.843536,Private,145577.58,HS-grad,9.032701,Married-civ-spouse,Other-service,Husband,White,Male,313.2385,0.7144917,39.30841,United-States,<=50K
33.42642,Private,74985.25,HS-grad,9.0335865,Married-civ-spouse,Machine-op-inspct,Husband,White,Male,-115.55263,0.72592056,40.807636,United-States,<=50K
60.210484,Private,421500.5,Assoc-acdm,12.011119,Divorced,Priv-house-serv,Other-relative,White,Female,-96.843155,1.2190465,40.00394,United-States,<=50K
21.476,Private,215683.3,Some-college,9.533929,Never-married,Machine-op-inspct,Other-relative,Asian-Pac-Islander,Male,-131.5868,0.9045247,40.037464,Vietnam,<=50K
63.883976,Self-emp-inc,187570.16,Bachelors,13.006616,Married-civ-spouse,Prof-specialty,Husband,White,Male,-116.20375,0.75005233,40.035603,United-States,<=50K
37.062077,State-gov,67199.84,Some-college,10.029983,Married-civ-spouse,Prof-specialty,Other-relative,Asian-Pac-Islander,Male,-118.807755,1.0165852,40.068787,Cambodia,<=50K
29.489162,Private,121296.305,Prof-school,14.977995,Never-married,Prof-specialty,Own-child,White,Male,-118.00429,0.65968215,44.958363,United-States,<=50K
64.580345,Private,95825.695,HS-grad,9.032114,Widowed,Adm-clerical,Not-in-family,White,Female,-115.08461,0.623351,14.958759,Germany,<=50K
19.49956,Private,249848.23,Some-college,10.02884,Never-married,Adm-clerical,Own-child,White,Female,-111.4557,0.35240826,12.035006,United-States,<=50K
27.689547,Private,95288.75,Bachelors,13.004992,Never-married,Sales,Own-child,White,Male,-113.35536,0.35642132,12.654505,United-States,<=50K
45.48541,Federal-gov,54834.465,Some-college,10.033465,Divorced,Other-service,Not-in-family,White,Male,-126.96083,0.6369084,40.043762,United-States,<=50K
59.858467,Private,145983.94,11th,7.038395,Married-civ-spouse,Machine-op-inspct,Husband,White,Male,-117.05556,0.9042958,40.020782,United-States,<=50K
28.311386,Private,251604.39,HS-grad,9.365729,Never-married,Adm-clerical,Other-relative,Black,Male,-109.71889,1.0674123,40.054337,?,<=50K
23.24517,Private,152535.48,Some-college,10.033422,Never-married,Other-service,Not-in-family,White,Female,-122.66054,0.6156758,42.045555,United-States,<=50K
51.194344,Federal-gov,455250.9,Some-college,9.387232,Married-civ-spouse,Adm-clerical,Husband,White,Male,-114.96767,1.1258916,40.008686,United-States,<=50K
49.60893,Private,202005.4,HS-grad,9.0225315,Divorced,Other-service,Unmarried,White,Male,-95.43666,1.1694096,40.027966,Puerto-Rico,<=50K
22.2931,State-gov,57217.277,Some-college,10.034248,Never-married,Adm-clerical,Own-child,White,Male,-114.07753,0.47823223,22.18706,United-States,<=50K
33.30014,Federal-gov,232898.02,HS-grad,9.36864,Never-married,Exec-managerial,Not-in-family,White,Female,-120.60585,0.9444417,40.0425,United-States,<=50K
43.08841,Private,158903.31,Assoc-voc,10.024135,Divorced,Adm-clerical,Unmarried,Black,Female,-85.195694,647.74097,40.004402,United-States,<=50K
63.415813,?,172805.45,7th-8th,3.9353566,Married-civ-spouse,?,Husband,White,Male,-116.74281,0.5078801,20.408615,United-States,<=50K
35.85084,Private,325056.47,9th,5.0448217,Married-civ-spouse,Craft-repair,Husband,White,Male,623.58765,1.1670827,37.19556,Mexico,<=50K
37.30461,Private,239851.84,7th-8th,4.0414343,Married-civ-spouse,Other-service,Wife,White,Female,-99.12685,0.9854039,38.425423,Mexico,<=50K
53.46465,Private,212876.02,Some-college,10.029972,Widowed,Exec-managerial,Not-in-family,Black,Female,535.91956,1.0213307,38.251694,United-States,<=50K
36.044388,Local-gov,255079.02,Prof-school,14.985959,Divorced,Prof-specialty,Unmarried,White,Female,-122.568985,0.70439804,24.017805,Germany,<=50K
29.840141,Private,244124.05,Some-college,10.030048,Separated,Other-service,Other-relative,White,Female,-108.175186,0.85807693,40.0617,United-States,<=50K
36.939983,Private,512549.3,12th,8.030982,Divorced,Machine-op-inspct,Not-in-family,Black,Female,-99.98134,1.1047429,40.00749,United-States,<=50K
41.091827,Federal-gov,147121.14,HS-grad,9.023838,Divorced,Protective-serv,Unmarried,White,Male,692.46484,1.34558,47.27639,United-States,<=50K
29.260275,Private,365407.53,HS-grad,9.023302,Never-married,Craft-repair,Own-child,White,Male,-110.40785,1.1742772,43.24186,El-Salvador,<=50K
50.668133,Self-emp-not-inc,202133.25,Bachelors,13.473229,Never-married,Farming-fishing,Own-child,White,Male,-105.324356,1.4087437,83.201004,United-States,<=50K
46.312145,Private,172219.27,12th,8.042044,Married-civ-spouse,Craft-repair,Husband,White,Male,-106.461075,0.9947804,41.22754,United-States,<=50K
26.255873,?,224053.8,Some-college,10.031911,Never-married,?,Unmarried,White,Male,-130.41957,0.91453445,40.036434,United-States,<=50K
27.501038,?,103555.734,Assoc-acdm,12.0136595,Married-civ-spouse,Adm-clerical,Own-child,Amer-Indian-Eskimo,Male,-116.49867,0.8547505,40.05684,United-States,<=50K
22.466057,?,205356.84,Assoc-acdm,12.012474,Married-civ-spouse,?,Not-in-family,White,Male,-127.505264,0.50537765,16.571707,United-States,<=50K
26.296934,Private,101597.84,Bachelors,12.999864,Divorced,Sales,Not-in-family,White,Female,-110.50209,0.6466054,45.019737,United-States,<=50K
68.29513,?,138490.38,Some-college,10.034122,Married-civ-spouse,?,Husband,White,Male,1346.6707,0.48508343,12.805323,United-States,<=50K
30.023846,Self-emp-not-inc,258152.95,Some-college,10.02968,Never-married,Sales,Other-relative,Asian-Pac-Islander,Male,-118.66542,2286.4934,40.047195,South,<=50K
49.393692,Private,168530.86,HS-grad,9.028477,Never-married,Other-service,Unmarried,White,Male,-111.351456,1.0716237,40.973583,United-States,<=50K
63.199787,?,447931.75,Bachelors,13.010502,Widowed,?,Not-in-family,Amer-Indian-Eskimo,Female,-116.9081,1.387534,56.24505,United-States,<=50K
37.31009,State-gov,407075.12,Bachelors,13.006343,Never-married,Adm-clerical,Not-in-family,White,Male,-114.324356,1.1503056,43.477276,United-States,<=50K
40.357853,?,338772.4,Masters,13.982343,Never-married,?,Not-in-family,White,Male,2267.8076,1.0906438,35.807163,United-States,<=50K
19.873686,Self-emp-not-inc,265716.44,Some-college,10.0293045,Never-married,Other-service,Own-child,White,Male,-114.27333,0.74004257,29.036146,United-States,<=50K
26.363647,Private,141370.03,Bachelors,13.003494,Never-married,Exec-managerial,Own-child,White,Female,-113.55873,0.73364913,40.90366,United-States,<=50K
49.40252,Self-emp-inc,122079.53,10th,6.0420775,Married-civ-spouse,Exec-managerial,Husband,White,Male,-100.7975,1.2499455,51.806023,United-States,<=50K
20.142431,?,103226.23,Some-college,10.033345,Never-married,?,Own-child,White,Female,-123.57362,0.6787251,40.514797,United-States,<=50K
68.777756,Private,230017.86,HS-grad,9.029676,Widowed,Exec-managerial,Not-in-family,White,Male,-115.97743,0.8556889,31.812696,United-States,<=50K
26.227282,Private,241131.89,HS-grad,9.029919,Never-married,Handlers-cleaners,Unmarried,Black,Female,-123.13612,0.8726338,37.420765,United-States,<=50K
30.761368,Private,171579.5,HS-grad,9.031313,Never-married,Sales,Not-in-family,White,Female,143.35216,0.74050033,40.60003,United-States,<=50K
31.020842,Local-gov,380176.53,Prof-school,14.970921,Married-civ-spouse,Prof-specialty,Husband,White,Male,-121.50844,1.1049107,98.835175,Columbia,<=50K
30.936504,Private,27294.684,Preschool,1.0452074,Never-married,Handlers-cleaners,Not-in-family,Amer-Indian-Eskimo,Male,-114.69057,0.03806195,25.114752,United-States,<=50K
68.24412,Private,174378.22,10th,4.1519194,Widowed,Machine-op-inspct,Not-in-family,White,Female,990.91724,0.7956227,31.172823,Peru,<=50K
61.1317,Local-gov,48613.777,9th,5.0522685,Married-civ-spouse,Adm-clerical,Other-relative,White,Male,-131.37587,0.9962605,40.034973,United-States,<=50K
29.472258,Private,105577.2,Some-college,10.032113,Married-civ-spouse,Sales,Husband,Asian-Pac-Islander,Male,-124.0414,0.76807296,62.31844,South,<=50K
34.6796,Local-gov,192999.97,Assoc-voc,11.023405,Never-married,Adm-clerical,Not-in-family,White,Female,664.78577,0.8629979,40.999535,United-States,<=50K
50.591007,Private,46849.684,Some-college,10.027612,Divorced,Other-service,Unmarried,White,Male,-128.00624,0.91030014,42.464237,Trinadad&Tobago,<=50K
45.10819,Private,95110.72,Prof-school,14.984701,Divorced,Prof-specialty,Unmarried,White,Female,-112.2516,0.49528393,38.17753,United-States,<=50K
50.60155,Private,357774.5,HS-grad,9.027383,Married-civ-spouse,Machine-op-inspct,Husband,White,Male,-110.247696,1.1314076,38.828857,United-States,<=50K
38.164387,State-gov,138189.12,Bachelors,12.371519,Never-married,Exec-managerial,Unmarried,White,Female,-108.874405,1.0726765,43.26033,United-States,<=50K
26.904058,?,64149.77,11th,8.16298,Never-married,?,Own-child,Amer-Indian-Eskimo,Male,-126.27675,0.73603714,40.059227,United-States,<=50K
61.0344,Private,231118.58,Some-college,9.532049,Divorced,Other-service,Other-relative,White,Female,223.04259,0.7933186,11.951704,United-States,<=50K
74.30086,Self-emp-not-inc,151171.94,HS-grad,9.373262,Never-married,Sales,Not-in-family,White,Male,7.5584536,0.50600326,20.073032,United-States,<=50K
29.474665,Private,68420.57,Assoc-voc,12.0538025,Never-married,Prof-specialty,Unmarried,Other,Male,-116.2953,0.618636,40.04674,United-States,<=50K
52.688896,Private,98501.695,Bachelors,13.005278,Married-civ-spouse,Machine-op-inspct,Husband,White,Male,-122.79286,0.691779,37.43749,United-States,<=50K
55.01749,Private,57714.87,Some-college,10.028311,Married-civ-spouse,Sales,Own-child,White,Female,-122.74696,0.7344197,38.058113,United-States,<=50K
23.426151,Local-gov,212241.47,Bachelors,13.008034,Never-married,Prof-specialty,Own-child,White,Female,-2.2577085,0.7574452,41.902218,United-States,<=50K
30.408213,Private,224557.0,HS-grad,9.02652,Married-civ-spouse,Handlers-cleaners,Husband,White,Male,-104.26137,0.9160985,66.61419,United-States,<=50K
47.1809,Private,285998.88,Assoc-acdm,12.009651,Divorced,Craft-repair,Not-in-family,White,Male,-117.02504,0.9522313,39.236176,United-States,<=50K
45.757854,Private,170417.42,Masters,13.987942,Separated,Machine-op-inspct,Unmarried,White,Female,2059.762,1.1484593,41.832306,United-States,<=50K
29.482813,Private,166912.28,Some-college,10.028491,Never-married,Adm-clerical,Not-in-family,White,Male,-123.58632,1800.3698,41.2302,United-States,<=50K
46.37041,Private,116189.88,Masters,13.989096,Married-civ-spouse,Prof-specialty,Husband,White,Male,-114.721085,0.6278752,60.460735,United-States,<=50K
37.669395,Private,161770.19,10th,4.5776944,Never-married,Machine-op-inspct,Not-in-family,White,Female,-116.53432,0.77336013,40.05996,Columbia,<=50K
32.475903,Private,189863.23,Assoc-voc,11.024951,Married-civ-spouse,Prof-specialty,Husband,White,Male,-122.55629,0.503188,42.41502,United-States,<=50K
45.835625,Self-emp-inc,138910.52,Bachelors,13.0029125,Married-civ-spouse,Sales,Husband,White,Male,321.48325,0.9845494,55.732807,United-States,<=50K
16.94458,Private,90536.164,11th,7.032251,Never-married,Adm-clerical,Own-child,White,Female,180.10497,0.17499432,17.150013,United-States,<=50K
29.833593,Private,171899.5,11th,7.0245724,Divorced,Exec-managerial,Unmarried,White,Female,-101.82997,0.8089284,41.862576,United-States,<=50K
54.378555,Private,194424.3,Assoc-voc,11.019357,Divorced,Prof-specialty,Unmarried,White,Female,-101.24013,0.8129872,43.089787,United-States,<=50K
32.48532,Private,210693.08,HS-grad,9.02647,Separated,Adm-clerical,Unmarried,White,Female,-98.98695,0.87362564,36.85297,United-States,<=50K
35.827076,Private,242981.1,Some-college,9.838544,Married-civ-spouse,Other-service,Husband,Black,Male,-109.7975,0.76682174,32.964466,United-States,<=50K
24.269938,Private,134120.23,Some-college,10.029118,Never-married,Adm-clerical,Own-child,White,Male,-122.7953,0.6147984,42.075066,United-States,<=50K
18.010483,Private,291211.1,12th,8.042292,Never-married,Adm-clerical,Own-child,White,Female,-96.90663,0.4978474,28.65879,United-States,<=50K
22.956974,Private,72321.53,HS-grad,11.668453,Separated,Other-service,Own-child,White,Female,-101.89613,0.5601262,37.59397,United-States,<=50K
33.593136,Private,328986.12,Some-college,10.025289,Divorced,Adm-clerical,Unmarried,White,Female,-106.96449,0.93724716,39.426437,United-States,<=50K
45.973064,Private,300043.72,9th,5.0359373,Divorced,Other-service,Unmarried,White,Female,-89.43251,1.2139271,40.038795,United-States,<=50K
46.43549,Private,92580.56,Some-college,10.030476,Divorced,Other-service,Not-in-family,White,Male,-122.93788,0.47643933,35.838894,United-States,<=50K
21.900867,Private,193994.16,HS-grad,9.026465,Married-civ-spouse,Priv-house-serv,Wife,White,Female,2220.7856,1.0714787,40.062923,United-States,<=50K
50.133034,Private,95876.28,7th-8th,4.042605,Married-civ-spouse,Transport-moving,Husband,White,Male,-106.80702,1606.6768,65.216576,Canada,<=50K
53.89189,Private,143010.66,7th-8th,4.04088,Divorced,Other-service,Not-in-family,White,Male,-117.34291,0.50830734,38.83473,United-States,<=50K
43.596428,Self-emp-inc,123399.55,7th-8th,3.119575,Married-civ-spouse,Sales,Husband,White,Male,-98.92323,1.0418004,56.056786,?,<=50K
31.316662,Private,63242.824,Bachelors,13.003722,Never-married,Sales,Unmarried,Black,Female,-118.94252,0.74891555,40.046387,United-States,<=50K
25.448862,Private,94668.09,Assoc-voc,11.028003,Separated,Other-service,Not-in-family,White,Male,-120.15297,0.41236767,37.199627,United-States,<=50K
59.1318,State-gov,262335.88,Bachelors,13.014684,Never-married,Exec-managerial,Not-in-family,Black,Female,-128.87074,1.0728978,40.02917,Outlying-US(Guam-USVI-etc),<=50K
58.115425,Private,141085.16,10th,5.37819,Divorced,Adm-clerical,Not-in-family,White,Female,-104.991104,0.76474655,38.70877,United-States,<=50K
25.407974,Private,162148.8,Bachelors,13.005919,Never-married,Sales,Own-child,White,Male,-112.317764,0.7723149,40.80359,United-States,<=50K
39.548218,Private,513469.03,1st-4th,2.0448432,Divorced,Farming-fishing,Unmarried,White,Male,-102.676895,1.0899266,40.048527,Mexico,<=50K
47.680904,Self-emp-not-inc,357296.28,Some-college,10.02733,Married-civ-spouse,Exec-managerial,Husband,White,Male,-111.091934,1.3214406,64.3327,United-States,<=50K
25.247406,Private,184359.8,Bachelors,13.005478,Never-married,Adm-clerical,Own-child,White,Male,-111.422745,0.66792953,37.86902,United-States,<=50K
40.080532,?,225086.1,9th,5.039672,Divorced,?,Unmarried,White,Female,-82.4059,1.3967732,4.890728,Cuba,<=50K
26.701618,Private,188078.6,Some-college,10.027409,Never-married,Sales,Own-child,White,Male,-125.735245,0.7675389,45.709316,United-States,<=50K
65.11971,Private,200842.53,5th-6th,2.493444,Divorced,Priv-house-serv,Not-in-family,White,Female,-94.05849,0.7213124,13.468164,United-States,<=50K
28.188202,Private,81594.945,HS-grad,9.033712,Married-civ-spouse,Craft-repair,Husband,White,Male,187.6046,0.7192067,42.37007,United-States,<=50K
28.043707,Local-gov,175645.86,Assoc-acdm,12.012117,Married-civ-spouse,Protective-serv,Husband,White,Male,-111.89052,2022.3472,40.038643,England,<=50K
22.946526,Self-emp-not-inc,233464.55,Assoc-voc,11.024592,Married-civ-spouse,Farming-fishing,Husband,White,Male,-120.844864,0.8739079,40.053425,United-States,<=50K
25.492125,Private,134711.48,Some-college,10.033018,Never-married,Tech-support,Not-in-family,White,Female,921.2644,0.7046803,40.982613,United-States,<=50K
59.592514,Self-emp-not-inc,141402.97,HS-grad,9.02782,Married-civ-spouse,Farming-fishing,Husband,White,Male,193.296,1.5393056,56.009964,United-States,<=50K
20.672003,Private,224202.48,Some-college,9.784843,Never-married,Priv-house-serv,Own-child,White,Female,-109.99843,0.7630147,37.73834,United-States,<=50K
55.029373,Private,131407.02,HS-grad,9.028805,Never-married,Adm-clerical,Unmarried,White,Male,-119.789444,0.9379567,40.023445,United-States,<=50K
24.073084,Private,168473.31,Some-college,9.533259,Never-married,Machine-op-inspct,Own-child,White,Male,1561.5215,0.7961339,63.787533,United-States,<=50K
25.002882,Private,197478.06,Assoc-acdm,12.013845,Married-civ-spouse,Adm-clerical,Own-child,White,Female,-119.99037,0.83277786,32.938995,?,<=50K
18.155437,Private,56580.06,11th,7.0325522,Never-married,Other-service,Own-child,White,Male,-88.27284,0.39585003,41.227703,United-States,<=50K
28.413269,Private,93991.016,Some-college,10.032293,Married-AF-spouse,Craft-repair,Husband,White,Male,-124.27797,0.53968704,35.26236,United-States,<=50K
41.43115,Private,122706.86,Assoc-acdm,12.009676,Divorced,Adm-clerical,Unmarried,White,Female,533.72986,0.86978805,39.161915,United-States,<=50K
44.61383,Private,146679.22,Assoc-acdm,12.010807,Married-civ-spouse,Exec-managerial,Husband,White,Male,-107.04848,1752.847,49.34076,United-States,<=50K
29.96537,Private,176332.28,Masters,13.984469,Never-married,Prof-specialty,Not-in-family,White,Female,-114.48451,1794.2662,41.217896,United-States,<=50K
28.979773,Private,32474.98,HS-grad,9.032641,Divorced,Prof-specialty,Not-in-family,Other,Female,-109.912,0.37870678,29.989481,Germany,<=50K
30.982853,Self-emp-inc,164011.53,HS-grad,9.029028,Married-civ-spouse,Sales,Husband,Asian-Pac-Islander,Male,-107.75551,1.0811452,42.48155,Peru,<=50K
44.30877,Private,350291.4,HS-grad,9.025546,Married-civ-spouse,Craft-repair,Husband,White,Male,-95.66054,1.4210194,55.979893,United-States,<=50K
21.999577,Private,196660.66,Some-college,10.02879,Never-married,Craft-repair,Own-child,White,Male,-67.49843,0.7597493,41.754826,United-States,<=50K
26.282902,Private,298408.22,Bachelors,13.0060425,Never-married,Adm-clerical,Not-in-family,White,Male,-111.23183,0.52027786,24.564423,United-States,<=50K
31.999298,Private,145932.16,HS-grad,9.0256605,Married-civ-spouse,Adm-clerical,Wife,Asian-Pac-Islander,Female,-107.808975,0.89068496,37.561264,Vietnam,<=50K
51.067913,Local-gov,206122.7,Some-college,10.027571,Divorced,Protective-serv,Not-in-family,White,Male,-117.83876,0.7491139,29.221483,United-States,<=50K
17.837334,Self-emp-not-inc,58573.363,9th,5.0294833,Never-married,Farming-fishing,Other-relative,Other,Female,-110.15102,1.1070164,40.07296,Mexico,<=50K
39.084827,Private,158480.73,Assoc-voc,11.022497,Married-civ-spouse,Tech-support,Husband,White,Male,791.0657,0.7349309,40.823036,United-States,<=50K
46.290806,Private,81743.63,Some-college,10.030664,Divorced,Sales,Not-in-family,White,Female,-124.18886,0.36028942,24.944094,United-States,<=50K
53.47695,Local-gov,98234.87,HS-grad,9.030804,Married-civ-spouse,Transport-moving,Husband,Amer-Indian-Eskimo,Male,-105.324356,1.3550175,40.0272,United-States,<=50K
32.52652,Local-gov,244721.42,Some-college,10.029736,Married-civ-spouse,Handlers-cleaners,Husband,White,Male,-107.882706,1.2075642,57.77673,?,<=50K
61.231586,Private,357441.1,9th,5.0499663,Married-civ-spouse,Machine-op-inspct,Husband,Black,Male,-106.4203,1.1310643,19.992126,Trinadad&Tobago,<=50K
51.354427,Private,94537.81,Some-college,10.032382,Married-civ-spouse,Exec-managerial,Husband,White,Male,-121.71962,0.80832565,44.880817,United-States,<=50K
43.221687,Private,208279.88,5th-6th,3.8206973,Separated,Other-service,Unmarried,White,Female,-92.028946,1.0036534,38.62629,Mexico,<=50K
66.63551,?,263885.8,Prof-school,14.981252,Married-civ-spouse,?,Not-in-family,White,Male,-110.148575,0.5967473,10.535561,United-States,<=50K
23.326258,Private,102523.39,HS-grad,9.036194,Never-married,Other-service,Own-child,White,Male,-108.012344,0.4637364,36.16601,United-States,<=50K
46.22101,Private,157027.31,HS-grad,9.224211,Divorced,Transport-moving,Unmarried,White,Male,309.46457,1.1630162,50.687,United-States,<=50K
20.916094,Private,134274.83,Some-college,10.031493,Never-married,Sales,Own-child,White,Male,-111.28017,0.33981976,18.765991,United-States,<=50K
55.926052,Private,42290.105,HS-grad,9.023704,Divorced,Other-service,Not-in-family,White,Male,-104.25868,0.97005355,88.73241,United-States,<=50K
19.938477,Local-gov,313291.3,HS-grad,9.031086,Married-civ-spouse,Protective-serv,Husband,Black,Male,-114.25307,0.9505223,29.906466,Puerto-Rico,<=50K
41.990128,Self-emp-inc,160899.72,Masters,13.036989,Married-spouse-absent,Exec-managerial,Not-in-family,White,Female,-105.5099,1.059287,68.63168,United-States,<=50K
36.03068,Private,35723.2,Assoc-acdm,12.01232,Separated,Tech-support,Not-in-family,White,Female,-125.127335,0.34496197,2.9826853,United-States,<=50K
70.47154,?,121324.06,Some-college,9.705336,Widowed,?,Unmarried,White,Male,-121.51869,0.5418538,4.8704414,United-States,<=50K
36.15766,Private,106826.53,Assoc-acdm,12.01298,Married-civ-spouse,Craft-repair,Husband,White,Male,-111.80922,0.833289,41.707993,United-States,<=50K
37.432217,Self-emp-not-inc,185457.66,Prof-school,15.459846,Married-civ-spouse,Prof-specialty,Husband,White,Male,-122.27919,0.83664596,57.548866,United-States,<=50K
20.333265,Private,360905.97,HS-grad,9.030297,Never-married,Other-service,Own-child,White,Male,-98.574844,0.58483016,32.054394,United-States,<=50K
33.55737,State-gov,111735.516,Bachelors,13.00743,Never-married,Prof-specialty,Not-in-family,White,Female,-122.04506,0.7085179,40.051273,United-States,<=50K
50.047924,Self-emp-inc,195072.52,Masters,13.993609,Never-married,Prof-specialty,Not-in-family,Black,Male,-129.39735,0.87843215,50.143494,Trinadad&Tobago,<=50K
73.183846,Private,81619.67,Bachelors,13.003975,Never-married,Prof-specialty,Not-in-family,White,Male,1753.1157,0.46444592,62.83901,United-States,<=50K
27.024693,State-gov,316764.53,Masters,13.978746,Never-married,Prof-specialty,Not-in-family,Asian-Pac-Islander,Male,-120.626114,0.85310256,20.047821,China,<=50K
49.034294,Federal-gov,27154.605,Bachelors,13.000509,Married-civ-spouse,Exec-managerial,Husband,White,Male,-123.113174,1723.0507,52.60541,United-States,<=50K
36.0846,Private,118796.89,Bachelors,13.002711,Married-civ-spouse,Exec-managerial,Husband,White,Male,179.9702,0.7269963,46.106297,United-States,<=50K
53.731518,Local-gov,75633.67,Bachelors,13.005514,Separated,Prof-specialty,Unmarried,White,Female,6391.542,1.0427388,49.902214,United-States,<=50K
24.965107,Private,183210.11,Some-college,10.030894,Never-married,Exec-managerial,Own-child,White,Female,-122.50795,0.81876266,40.061703,?,<=50K
46.395393,Federal-gov,185083.78,Assoc-acdm,12.7164135,Divorced,Adm-clerical,Unmarried,White,Female,421.2208,1.0714787,40.009808,United-States,<=50K
18.893948,Private,137875.78,11th,5.755227,Never-married,Craft-repair,Not-in-family,White,Male,-105.51259,0.51402175,50.164917,United-States,<=50K
19.899406,Private,35179.59,Some-college,10.038099,Never-married,Sales,Not-in-family,White,Female,-106.70766,0.4521092,26.15824,United-States,<=50K
40.073975,Private,227039.36,Some-college,10.02967,Divorced,Exec-managerial,Other-relative,White,Male,-88.32362,1.1246938,52.574635,United-States,<=50K
21.198792,Private,70025.23,11th,7.0341077,Never-married,Handlers-cleaners,Not-in-family,White,Male,-99.74477,0.33848462,40.031105,United-States,<=50K
28.267303,Private,241281.05,10th,6.035941,Separated,Other-service,Unmarried,White,Female,-106.9164,0.91788375,40.427853,United-States,<=50K
17.96489,Self-emp-inc,380164.25,12th,8.05257,Never-married,Farming-fishing,Own-child,White,Male,-87.40321,0.40517315,10.003784,United-States,<=50K
66.61779,Private,179095.0,HS-grad,9.026686,Widowed,Adm-clerical,Not-in-family,White,Female,-107.857315,1449.2754,33.350056,United-States,<=50K
58.169525,Private,367890.28,Some-college,10.023147,Divorced,Machine-op-inspct,Not-in-family,Other,Male,-110.89369,1.0231236,40.00907,Mexico,<=50K
48.607178,Local-gov,152975.97,Bachelors,12.054971,Divorced,Prof-specialty,Not-in-family,White,Female,-126.1371,1734.3369,44.458817,United-States,<=50K
35.00146,State-gov,23379.2,Some-college,10.028012,Never-married,Other-service,Own-child,Amer-Indian-Eskimo,Male,-118.31947,1.0019749,83.72231,United-States,<=50K
37.54852,Local-gov,125514.19,Assoc-voc,11.026656,Married-civ-spouse,Craft-repair,Husband,White,Male,-119.235,0.76503646,38.818825,United-States,<=50K
74.79166,Self-emp-not-inc,190446.03,Some-college,10.028562,Married-civ-spouse,Prof-specialty,Wife,White,Female,-125.239395,0.55430496,6.628742,United-States,<=50K
27.987906,Private,196016.77,Assoc-voc,11.021439,Never-married,Adm-clerical,Other-relative,White,Male,-126.8058,0.8436345,40.043507,Ireland,<=50K
39.054127,?,364738.1,Preschool,1.0256037,Widowed,?,Not-in-family,White,Female,-105.61171,0.69222915,19.943657,El-Salvador,<=50K
21.407644,Private,249576.36,10th,6.034022,Never-married,Handlers-cleaners,Not-in-family,White,Male,-101.89882,0.40045056,36.99088,United-States,<=50K
49.60363,Private,90877.76,Some-college,10.032569,Never-married,Handlers-cleaners,Unmarried,Black,Male,-130.8849,0.7571324,40.036194,United-States,<=50K
58.427666,Private,50967.59,HS-grad,9.03335,Never-married,Sales,Not-in-family,White,Male,513.3419,0.73430526,40.02829,United-States,<=50K
49.685204,Private,154539.64,Bachelors,13.002444,Married-civ-spouse,Exec-managerial,Wife,White,Female,-111.95424,0.9269246,39.17722,United-States,<=50K
28.611097,Private,324809.75,HS-grad,9.029646,Never-married,Prof-specialty,Own-child,White,Male,-117.24623,0.59248245,35.89741,United-States,<=50K
28.412643,Private,312409.06,HS-grad,9.029946,Married-civ-spouse,Other-service,Husband,White,Male,-113.89198,0.84090316,41.316883,United-States,<=50K
23.967194,Private,240611.94,Assoc-voc,11.023139,Never-married,Other-service,Other-relative,Black,Male,-124.387344,0.75337875,58.588795,United-States,<=50K
42.951393,Private,174239.1,Masters,13.989841,Married-civ-spouse,Exec-managerial,Husband,White,Male,841.0908,0.9815663,41.96898,United-States,<=50K
49.154633,Self-emp-not-inc,169010.89,Masters,14.438511,Married-civ-spouse,Prof-specialty,Husband,White,Male,911.4303,0.93158615,40.03512,United-States,<=50K
61.128223,Local-gov,273812.47,1st-4th,3.5172167,Married-civ-spouse,Other-service,Husband,White,Male,-116.60048,1.005103,26.3581,United-States,<=50K
28.589252,Self-emp-not-inc,195983.0,HS-grad,9.036237,Never-married,Machine-op-inspct,Other-relative,White,Male,-121.69154,0.63043106,18.34064,United-States,<=50K
42.909164,State-gov,129719.93,HS-grad,9.03139,Married-civ-spouse,Other-service,Wife,White,Female,-95.07045,1.0172948,30.968044,United-States,<=50K
20.677416,Private,166137.45,HS-grad,9.032785,Never-married,Other-service,Other-relative,White,Female,-114.576065,0.65698135,40.03582,United-States,<=50K
21.907999,Private,157668.61,HS-grad,9.036497,Never-married,Adm-clerical,Not-in-family,White,Female,-113.81825,0.35573468,20.35994,United-States,<=50K
18.716087,Private,212105.38,11th,7.0362606,Never-married,Prof-specialty,Own-child,White,Male,-87.723526,0.15177044,14.052361,United-States,<=50K
27.437277,Private,380618.1,HS-grad,9.021818,Never-married,Farming-fishing,Not-in-family,White,Male,1446.0294,1.2048634,98.26338,United-States,<=50K
62.194958,?,384927.84,Bachelors,13.007451,Married-AF-spouse,?,Unmarried,Black,Female,-117.39125,0.903983,11.497639,United-States,<=50K
26.608849,?,238449.89,Assoc-acdm,12.012936,Never-married,?,Own-child,White,Male,-126.35072,1.0251454,41.62977,United-States,<=50K
51.38498,?,307610.38,Some-college,10.029596,Married-spouse-absent,?,Not-in-family,White,Male,-112.099014,0.906577,40.01773,United-States,<=50K
38.830128,Private,180301.16,Some-college,10.025684,Divorced,Tech-support,Not-in-family,White,Male,-107.75551,0.8001698,53.84621,United-States,<=50K
35.01215,Private,60430.027,Some-college,10.029481,Divorced,Sales,Unmarried,White,Female,-115.15077,0.67549026,42.743877,United-States,<=50K
33.046757,Federal-gov,618658.44,Masters,13.991952,Married-civ-spouse,Transport-moving,Husband,Black,Male,-118.14662,1.2443455,40.015663,Nicaragua,<=50K
45.7321,Self-emp-inc,107337.555,Some-college,10.029513,Married-civ-spouse,Farming-fishing,Husband,White,Male,-111.911026,0.9203023,55.577168,United-States,<=50K
48.69654,Self-emp-not-inc,118453.11,Some-college,10.027379,Divorced,Exec-managerial,Not-in-family,White,Female,1067.7772,1.1224202,61.88643,United-States,<=50K
55.02155,Local-gov,198021.22,Some-college,10.027599,Married-civ-spouse,Adm-clerical,Wife,White,Female,-109.143936,1.3315037,63.142513,United-States,<=50K
32.13252,Self-emp-inc,123518.04,HS-grad,9.032423,Married-civ-spouse,Exec-managerial,Husband,White,Male,-106.27797,0.8463353,45.015724,United-States,<=50K
43.464046,Self-emp-not-inc,61478.59,Some-college,10.029927,Married-civ-spouse,Farming-fishing,Husband,White,Male,687.65076,1.0356053,73.79228,United-States,<=50K
31.98767,Private,109307.04,Some-college,9.536299,Never-married,Exec-managerial,Not-in-family,White,Male,-119.77162,1976.0778,64.82611,United-States,<=50K
55.374844,Self-emp-not-inc,191984.78,Bachelors,13.003688,Divorced,Prof-specialty,Not-in-family,White,Male,601.72974,0.7861241,36.390682,United-States,<=50K
52.175022,Private,101377.18,HS-grad,9.030459,Never-married,?,Not-in-family,Asian-Pac-Islander,Female,-114.949844,1.0140294,40.03349,United-States,<=50K
41.245064,Private,119093.516,Some-college,10.033015,Married-civ-spouse,Craft-repair,Husband,White,Male,-112.58998,0.8621434,40.05394,?,<=50K
29.716976,Private,195372.28,9th,5.0455747,Married-civ-spouse,Machine-op-inspct,Husband,White,Male,-111.31581,0.79732406,42.45847,United-States,<=50K
39.75933,State-gov,239434.44,Doctorate,14.88933,Never-married,Prof-specialty,Not-in-family,Black,Female,-121.82387,1.0481709,37.967678,United-States,<=50K
43.19306,Private,175509.31,Assoc-voc,11.021537,Married-civ-spouse,Adm-clerical,Husband,White,Male,265.20712,0.70414627,40.039303,United-States,<=50K
62.895542,Self-emp-not-inc,229904.23,Prof-school,14.984809,Divorced,Prof-specialty,Not-in-family,White,Male,-105.86586,0.7260045,36.75885,United-States,<=50K
51.412502,Private,145940.06,HS-grad,9.023609,Divorced,Craft-repair,Unmarried,White,Female,234.6035,1.2794255,43.952118,United-States,<=50K
34.436295,Private,251329.42,HS-grad,9.0331745,Never-married,Machine-op-inspct,Not-in-family,Black,Male,166.65196,0.81214035,34.108124,United-States,<=50K
34.02678,Self-emp-not-inc,247957.95,5th-6th,2.5814586,Never-married,Craft-repair,Not-in-family,White,Male,-106.60097,1.0523518,40.075043,Mexico,<=50K
37.707645,Private,182528.9,HS-grad,9.023988,Divorced,Other-service,Own-child,White,Male,-88.2245,0.8891438,41.385353,United-States,<=50K
36.03514,State-gov,138004.97,Assoc-voc,11.025134,Married-civ-spouse,Tech-support,Husband,Asian-Pac-Islander,Male,-119.35976,0.86086166,37.00432,Hong,<=50K
42.98796,Private,181781.39,Bachelors,13.000046,Divorced,Exec-managerial,Unmarried,White,Female,-99.38881,0.99989974,43.00813,United-States,<=50K
29.959312,Federal-gov,394584.56,Some-college,10.029909,Never-married,Craft-repair,Not-in-family,White,Male,-129.95937,1.0540227,41.634697,United-States,<=50K
36.318058,Private,219144.11,Bachelors,13.008595,Never-married,Adm-clerical,Not-in-family,White,Male,-117.51845,0.6738957,54.821075,Hungary,<=50K
64.4461,Self-emp-not-inc,147889.8,7th-8th,3.579041,Married-civ-spouse,Craft-repair,Husband,White,Male,-116.43764,0.7479466,16.327946,United-States,<=50K
23.74873,Private,162402.64,HS-grad,9.031305,Never-married,Sales,Own-child,White,Male,-116.94618,0.6520375,39.402676,United-States,<=50K
20.184256,?,228874.73,10th,6.051099,Never-married,?,Own-child,Black,Male,-119.18666,0.92413986,40.052044,United-States,<=50K
24.903713,Private,158125.9,HS-grad,9.030484,Married-civ-spouse,Other-service,Own-child,White,Male,-109.5663,0.71272933,43.27595,United-States,<=50K
21.585022,Private,211029.8,Some-college,10.02947,Never-married,Other-service,Own-child,White,Male,-115.28822,0.604247,38.036407,United-States,<=50K
38.502377,Private,220294.0,HS-grad,9.026221,Separated,Adm-clerical,Unmarried,Black,Female,-88.30092,1.273856,40.022114,United-States,<=50K
35.63891,State-gov,161183.7,Prof-school,15.448577,Married-civ-spouse,Prof-specialty,Husband,White,Male,1957.517,0.8886632,70.24637,United-States,<=50K
25.266468,Self-emp-inc,169153.77,Bachelors,13.005647,Never-married,Sales,Own-child,White,Male,-112.72206,0.9238881,43.292187,United-States,<=50K
41.68404,Self-emp-not-inc,91259.35,HS-grad,9.030871,Married-civ-spouse,Farming-fishing,Husband,White,Male,457.6965,1.1596364,45.374912,United-States,<=50K
49.061165,Local-gov,104756.32,Masters,13.994737,Divorced,Prof-specialty,Unmarried,White,Female,-118.69594,0.8976506,71.97683,United-States,<=50K
24.241674,State-gov,174941.62,Some-college,10.029914,Never-married,Adm-clerical,Own-child,White,Female,-127.27382,0.83872116,37.994473,United-States,<=50K
31.958925,Self-emp-not-inc,184833.31,HS-grad,9.0314045,Married-civ-spouse,Craft-repair,Husband,White,Male,-101.13588,1.1113042,40.049576,United-States,<=50K
29.00917,State-gov,189585.11,Assoc-voc,11.019998,Never-married,Tech-support,Not-in-family,White,Female,-119.14101,1613.0778,64.21592,United-States,<=50K
39.17358,Self-emp-not-inc,218083.66,10th,5.057303,Married-civ-spouse,Farming-fishing,Husband,White,Male,-93.458145,1.464713,65.59304,United-States,<=50K
67.690834,Private,78077.87,HS-grad,9.034259,Widowed,Exec-managerial,Not-in-family,White,Female,541.9772,0.49178967,8.680397,United-States,<=50K
29.460247,Private,326309.66,11th,7.033347,Never-married,Craft-repair,Other-relative,White,Male,-118.166885,0.9771031,49.114017,United-States,<=50K
38.85512,Self-emp-not-inc,356539.03,7th-8th,3.7274423,Married-civ-spouse,Farming-fishing,Husband,White,Male,1442.3623,1.5110768,40.036568,Mexico,<=50K
25.968178,Local-gov,54083.87,HS-grad,9.037414,Never-married,Handlers-cleaners,Own-child,Amer-Indian-Eskimo,Male,-119.41298,0.5833272,27.777508,United-States,<=50K
29.860714,Private,298935.47,Bachelors,13.006153,Never-married,Adm-clerical,Not-in-family,White,Female,-113.958145,0.90921676,40.838566,United-States,<=50K
53.858498,Private,212247.55,Bachelors,13.004237,Widowed,Adm-clerical,Not-in-family,White,Female,-116.19862,0.5691136,25.100027,United-States,<=50K
21.715609,Private,88928.73,HS-grad,9.238771,Never-married,Exec-managerial,Other-relative,White,Male,-110.56557,0.5893544,40.044815,United-States,<=50K
47.111603,Private,196551.52,7th-8th,4.0553265,Never-married,Transport-moving,Not-in-family,Other,Male,-117.53627,1.0054158,48.136673,Puerto-Rico,<=50K
19.849577,Self-emp-inc,135311.4,9th,5.0424323,Never-married,Craft-repair,Unmarried,White,Male,-105.74135,621.87195,40.053932,United-States,<=50K
36.52534,Federal-gov,148432.31,Some-college,10.032831,Never-married,Handlers-cleaners,Unmarried,White,Female,-110.58852,0.8765248,40.03851,United-States,<=50K
59.135563,Local-gov,135012.6,Assoc-voc,11.025046,Widowed,Adm-clerical,Not-in-family,White,Female,-123.53529,0.9429616,40.026173,United-States,<=50K
58.93399,Private,170244.31,Assoc-acdm,12.012712,Divorced,Exec-managerial,Not-in-family,White,Female,-104.291885,0.9278096,41.98376,United-States,<=50K
52.12802,Private,218832.86,Bachelors,13.007714,Married-civ-spouse,Adm-clerical,Husband,Asian-Pac-Islander,Male,-111.29042,1.3829869,50.145237,Philippines,<=50K
76.9586,Private,162281.02,10th,5.5505295,Divorced,Other-service,Not-in-family,White,Female,-111.87782,0.22792706,7.837948,United-States,<=50K
20.460224,Local-gov,249124.06,Some-college,10.033145,Never-married,Prof-specialty,Own-child,White,Female,-115.80434,0.40833172,14.68877,United-States,<=50K
60.185623,Self-emp-not-inc,158213.02,HS-grad,9.0163765,Divorced,Adm-clerical,Unmarried,White,Female,-83.514786,1.8338994,98.743195,United-States,<=50K
53.355804,State-gov,170978.94,Masters,13.990755,Divorced,Prof-specialty,Not-in-family,White,Female,-117.0099,0.76889694,35.02886,United-States,<=50K
57.13393,Private,107746.555,Assoc-voc,11.027984,Divorced,Other-service,Other-relative,Asian-Pac-Islander,Female,-106.90102,0.6014317,40.039608,Outlying-US(Guam-USVI-etc),<=50K
24.394194,Private,186096.97,9th,5.0405507,Never-married,Craft-repair,Not-in-family,White,Male,-116.661514,0.5652455,35.85692,El-Salvador,<=50K
42.07326,Private,304203.6,HS-grad,9.027298,Never-married,Machine-op-inspct,Own-child,Black,Female,-102.0768,1.1942891,38.373997,United-States,<=50K
20.954409,Private,144678.48,HS-grad,9.028323,Never-married,Sales,Own-child,Other,Male,-112.57216,0.72440994,40.042744,United-States,<=50K
50.12261,Federal-gov,191652.1,HS-grad,9.024975,Separated,Sales,Other-relative,Amer-Indian-Eskimo,Female,-90.157364,1.4881123,40.02055,United-States,<=50K
34.0151,Private,209629.3,Some-college,10.030912,Married-civ-spouse,Craft-repair,Husband,White,Male,-110.05434,0.79150283,49.07315,Dominican-Republic,<=50K
32.014416,Private,115159.77,HS-grad,9.024171,Separated,Handlers-cleaners,Unmarried,Asian-Pac-Islander,Female,-100.126114,1.0718526,60.21213,South,<=50K
63.18953,Private,220023.14,10th,6.033871,Widowed,Transport-moving,Not-in-family,White,Male,1248.4945,1.1045445,40.033924,United-States,<=50K
36.63056,Local-gov,156108.72,HS-grad,9.026698,Divorced,Transport-moving,Unmarried,White,Female,-92.85292,1.233405,43.205418,United-States,<=50K
23.95661,Local-gov,104664.54,Some-college,10.040454,Never-married,Prof-specialty,Not-in-family,White,Male,-120.798965,0.28443798,18.206614,United-States,<=50K
28.76059,Private,195749.48,HS-grad,9.03501,Never-married,Sales,Not-in-family,White,Female,-128.07997,0.42523846,20.110518,United-States,<=50K
35.521843,Self-emp-not-inc,145471.86,Assoc-acdm,12.796203,Married-civ-spouse,Sales,Husband,White,Male,-108.4142,1.0066365,56.26307,United-States,<=50K
23.967728,State-gov,211715.53,7th-8th,4.036385,Never-married,Tech-support,Unmarried,White,Female,-123.9474,0.66892135,20.098156,United-States,<=50K
41.31786,Private,178469.36,Some-college,10.026853,Divorced,Craft-repair,Unmarried,White,Male,-105.23793,0.859496,38.478573,United-States,<=50K
53.165443,Private,108244.0,9th,5.0427732,Married-civ-spouse,Craft-repair,Husband,White,Male,-105.39052,1.0809773,41.94836,United-States,<=50K
37.499928,Private,161491.72,HS-grad,9.027673,Never-married,Sales,Own-child,White,Female,-108.46767,0.8445729,39.067875,United-States,<=50K
35.759464,Private,197534.97,HS-grad,9.022169,Divorced,Machine-op-inspct,Own-child,White,Male,-88.18886,1.1119908,52.341248,United-States,<=50K
24.269157,Private,106901.99,Some-college,10.029502,Never-married,Exec-managerial,Own-child,White,Male,-119.67494,1660.6005,40.054413,United-States,<=50K
24.900625,Private,186112.8,Bachelors,13.004913,Never-married,Adm-clerical,Own-child,White,Female,43.06773,0.7408742,39.70838,United-States,<=50K
29.443419,Private,176909.83,Masters,13.987928,Never-married,Prof-specialty,Not-in-family,White,Female,-116.33583,0.70061386,41.090767,United-States,<=50K
37.228603,State-gov,260222.75,10th,5.062279,Never-married,Other-service,Not-in-family,Black,Female,-103.72475,1.288268,40.056995,United-States,<=50K
36.855236,Private,179585.42,Assoc-voc,12.041461,Married-civ-spouse,Machine-op-inspct,Husband,Amer-Indian-Eskimo,Male,-110.563126,0.9447545,40.048157,United-States,<=50K
36.049927,Private,216236.11,Some-college,9.525244,Divorced,Transport-moving,Not-in-family,White,Male,-95.268936,1761.6445,64.85891,United-States,<=50K
25.98448,Private,225986.22,Bachelors,13.005622,Never-married,Prof-specialty,Other-relative,White,Male,-115.85268,0.3704594,18.681341,United-States,<=50K
17.369762,Private,234629.86,11th,7.0360556,Never-married,Sales,Own-child,White,Male,-90.548965,0.25302777,19.346756,United-States,<=50K
36.041286,Private,249285.05,HS-grad,9.022494,Separated,Transport-moving,Other-relative,White,Male,-84.64125,1.448058,60.19413,Mexico,<=50K
31.28654,Private,194196.33,12th,8.046037,Never-married,Machine-op-inspct,Not-in-family,White,Male,1144.5735,0.59216964,42.40685,United-States,<=50K
71.27821,Self-emp-inc,217243.88,11th,7.037026,Divorced,Machine-op-inspct,Unmarried,Black,Male,-107.82411,1.1718892,40.003178,United-States,<=50K
24.665457,Private,150160.08,HS-grad,9.032402,Never-married,Prof-specialty,Own-child,Black,Male,-120.27016,0.7272252,40.04955,United-States,<=50K
54.642826,Private,130030.336,HS-grad,9.033218,Married-civ-spouse,Sales,Husband,White,Male,524.4603,0.539153,14.614826,United-States,<=50K
21.94444,?,286268.0,7th-8th,4.050525,Never-married,?,Not-in-family,White,Male,-124.40517,0.6627263,36.468353,Mexico,<=50K
31.181768,Private,161331.0,Some-college,10.032502,Married-civ-spouse,Craft-repair,Husband,White,Male,90.27525,0.755309,40.051777,United-States,<=50K
41.174435,Private,188159.19,Some-college,10.032513,Divorced,Exec-managerial,Not-in-family,Black,Male,-107.44008,0.82742965,40.04606,United-States,<=50K
46.851376,Self-emp-not-inc,338276.84,Bachelors,13.003658,Married-civ-spouse,Prof-specialty,Husband,White,Male,-115.37709,1.0969228,63.34217,United-States,<=50K
18.937918,Private,404987.03,10th,6.034816,Never-married,Other-service,Other-relative,White,Male,-94.13466,0.8028401,38.423435,Mexico,<=50K
26.942583,Private,113278.29,Some-college,9.535094,Separated,Machine-op-inspct,Unmarried,Other,Female,-114.31166,0.7449635,40.049152,United-States,<=50K
90.33081,Private,315147.7,11th,7.0371842,Never-married,Handlers-cleaners,Own-child,White,Male,-103.61537,0.69160354,40.00904,United-States,<=50K
40.58362,Local-gov,212999.73,Masters,13.986064,Married-civ-spouse,Prof-specialty,Wife,White,Female,-118.678116,2103.5627,47.210556,United-States,<=50K
43.098392,Private,193351.61,HS-grad,9.028726,Divorced,Farming-fishing,Other-relative,Black,Male,-76.94325,1.2742223,40.025234,United-States,<=50K
57.896976,Private,164944.78,HS-grad,9.02964,Married-civ-spouse,Handlers-cleaners,Husband,White,Male,-114.18959,0.88530624,39.46405,United-States,<=50K
34.0117,Private,233809.28,Assoc-voc,11.023104,Never-married,Adm-clerical,Not-in-family,Black,Female,-110.29848,0.8881825,40.03216,United-States,<=50K
28.920792,Local-gov,187360.03,Some-college,10.033435,Married-civ-spouse,Other-service,Other-relative,White,Male,-120.229385,0.8705586,40.06374,United-States,<=50K
23.447046,Private,157157.14,Assoc-voc,12.054563,Never-married,Farming-fishing,Not-in-family,White,Male,-114.39809,0.3767155,20.148539,United-States,<=50K
18.957909,?,376392.66,HS-grad,9.025859,Never-married,?,Not-in-family,Other,Male,-114.74403,1.0976323,41.482964,United-States,<=50K
90.29459,Private,52549.215,HS-grad,9.037195,Never-married,Other-service,Not-in-family,Black,Male,-115.923965,2230.1853,40.02744,United-States,<=50K
51.775696,Private,171894.03,HS-grad,9.0294075,Married-civ-spouse,Machine-op-inspct,Husband,White,Male,86.13512,1.0728444,41.87639,United-States,<=50K
30.299608,Federal-gov,133385.16,Some-college,9.701837,Married-civ-spouse,Protective-serv,Husband,White,Male,-108.41664,0.8142384,61.27908,United-States,<=50K
42.062325,Self-emp-not-inc,127040.445,Bachelors,13.003089,Divorced,Exec-managerial,Not-in-family,Other,Male,-110.558,0.72529495,29.966934,Iran,<=50K
72.25671,Private,155171.69,Masters,13.989298,Widowed,Prof-specialty,Not-in-family,White,Male,-115.52724,0.27384076,14.958456,United-States,<=50K
38.812717,?,51421.06,Some-college,10.034445,Married-civ-spouse,?,Wife,Black,Female,-115.97743,0.80415237,35.823017,United-States,<=50K
34.013477,Private,268674.62,Some-college,10.028502,Married-civ-spouse,Protective-serv,Other-relative,Black,Female,-111.544815,0.8690785,25.099447,Haiti,<=50K
50.123096,?,175787.78,10th,6.0446625,Married-civ-spouse,?,Husband,White,Male,-92.50722,1.6159505,98.79847,United-States,<=50K
26.269117,Private,99124.59,HS-grad,9.032169,Never-married,Transport-moving,Unmarried,White,Male,-121.34071,0.769698,48.84526,United-States,<=50K
44.11421,Local-gov,212891.23,Some-college,10.028248,Married-civ-spouse,Protective-serv,Husband,Black,Male,-98.34096,1.482314,98.64367,United-States,<=50K
58.19376,Private,476621.62,7th-8th,4.030913,Widowed,Farming-fishing,Other-relative,White,Female,-98.539444,1.6322926,45.129807,Guatemala,<=50K
29.86831,Private,194045.64,Assoc-acdm,12.012671,Never-married,Prof-specialty,Not-in-family,White,Male,-121.37636,1843.9009,47.580986,United-States,<=50K
36.044773,Local-gov,189496.22,11th,7.0362086,Separated,Prof-specialty,Unmarried,Other,Female,-113.935196,0.65547836,29.92799,United-States,<=50K
61.194405,Private,218099.58,Some-college,9.057729,Divorced,Farming-fishing,Not-in-family,White,Male,-111.80165,0.8168858,40.030674,United-States,<=50K
69.15777,Private,173794.12,HS-grad,8.157686,Widowed,Sales,Other-relative,White,Female,-110.911514,0.6344975,17.62354,United-States,<=50K
62.66113,?,66467.85,11th,6.5990973,Divorced,?,Not-in-family,Asian-Pac-Islander,Female,-116.867325,0.6531743,12.443676,United-States,<=50K
34.551098,State-gov,147556.9,HS-grad,9.03131,Married-civ-spouse,Other-service,Husband,White,Male,-104.62758,1670.4698,40.05654,United-States,<=50K
67.67182,Self-emp-not-inc,209157.61,Prof-school,14.983186,Married-civ-spouse,Prof-specialty,Husband,White,Male,-116.3766,0.49474987,25.261974,United-States,<=50K
23.266935,Private,100095.56,10th,6.034729,Married-civ-spouse,Other-service,Wife,White,Female,-102.74306,0.6278447,40.06704,United-States,<=50K
27.307384,Private,192940.72,Bachelors,13.005911,Never-married,Other-service,Not-in-family,White,Female,-114.46156,0.74053085,40.53431,United-States,<=50K
48.03935,State-gov,328634.7,Bachelors,13.001719,Divorced,Prof-specialty,Unmarried,White,Male,-114.576065,1.0817708,40.019756,United-States,<=50K
60.147163,State-gov,199358.3,Assoc-acdm,12.015679,Married-civ-spouse,Prof-specialty,Husband,White,Male,-131.10365,0.7851323,20.036058,Mexico,<=50K
34.517147,Private,135686.62,HS-grad,9.028751,Divorced,Machine-op-inspct,Not-in-family,White,Male,1402.1279,0.74081314,40.554695,United-States,<=50K
63.19041,Private,107546.44,5th-6th,3.0255804,Widowed,Other-service,Other-relative,Asian-Pac-Islander,Female,-111.51161,0.743369,19.025742,Philippines,<=50K
27.616068,State-gov,332271.25,Some-college,10.032653,Married-civ-spouse,Adm-clerical,Husband,White,Male,-125.87514,0.94352615,36.293514,United-States,<=50K
44.946617,Private,192446.06,HS-grad,9.028505,Married-civ-spouse,Transport-moving,Husband,White,Male,291.85617,1.1499928,40.986893,United-States,<=50K
32.76186,Private,135531.03,5th-6th,2.740962,Never-married,Farming-fishing,Not-in-family,White,Male,670.81287,0.4647816,37.093723,Mexico,<=50K
38.97001,Private,35661.855,Bachelors,13.004241,Married-civ-spouse,Sales,Husband,White,Male,1701.2417,0.6953877,41.761806,United-States,<=50K
28.438053,Private,140517.9,Bachelors,13.007346,Never-married,Exec-managerial,Not-in-family,White,Male,-119.563126,0.7764653,38.42398,Columbia,<=50K
56.145947,Self-emp-not-inc,201892.94,9th,5.0431004,Married-civ-spouse,Exec-managerial,Other-relative,White,Male,3327.675,1.9500569,50.16887,Columbia,<=50K
55.13623,Private,182693.31,HS-grad,9.024616,Divorced,Machine-op-inspct,Own-child,White,Female,-89.01796,1.0980061,38.78001,United-States,<=50K
41.54868,Private,175096.83,10th,5.0571685,Never-married,Machine-op-inspct,Unmarried,Other,Female,-95.73183,0.5986241,37.556057,Dominican-Republic,<=50K
37.471615,Private,86162.93,HS-grad,9.027518,Divorced,Craft-repair,Not-in-family,White,Male,-99.11903,1.0263127,45.631786,Canada,<=50K
26.000725,Private,361001.66,Bachelors,13.003117,Never-married,Priv-house-serv,Other-relative,White,Female,-113.55116,0.96140945,35.02133,Mexico,<=50K
19.044495,Private,299304.84,11th,7.0250006,Never-married,Sales,Not-in-family,White,Female,-85.45766,0.34968457,40.038902,Honduras,<=50K
46.99873,Private,130845.055,HS-grad,9.030488,Separated,Other-service,Not-in-family,Black,Male,-98.02553,1.0013493,38.3946,United-States,<=50K
40.43308,Self-emp-not-inc,362880.12,Bachelors,13.00743,Never-married,Prof-specialty,Not-in-family,White,Female,-116.68935,0.9929341,32.806473,United-States,<=50K
27.058859,Private,494338.22,Bachelors,13.007201,Never-married,Tech-support,Not-in-family,Black,Female,-120.85487,1.0658482,40.0261,France,<=50K
25.48224,Private,254169.69,Bachelors,13.006036,Never-married,Craft-repair,Not-in-family,White,Male,-112.80092,0.97872055,40.056957,Mexico,<=50K
19.34567,Private,140027.08,Some-college,10.031415,Never-married,Machine-op-inspct,Own-child,White,Female,-116.882706,0.39491162,24.02042,United-States,<=50K
30.077541,Private,207029.89,Assoc-voc,11.021597,Never-married,Machine-op-inspct,Own-child,White,Male,-124.046524,0.6819142,41.225925,United-States,<=50K
25.993694,Private,122927.97,Bachelors,13.0033655,Never-married,Exec-managerial,Unmarried,Asian-Pac-Islander,Male,-121.47035,0.9353703,60.15893,Vietnam,<=50K
27.465174,Private,102763.055,HS-grad,9.034155,Never-married,Exec-managerial,Not-in-family,White,Female,-123.96254,0.66658676,42.591118,United-States,<=50K
52.114388,Private,265420.4,HS-grad,9.023073,Widowed,Other-service,Unmarried,Asian-Pac-Islander,Female,-96.34218,1.6608647,39.997936,Philippines,<=50K
20.422586,Private,117260.19,Some-college,10.029305,Never-married,Adm-clerical,Own-child,Asian-Pac-Islander,Female,-118.56874,0.70237625,37.98346,United-States,<=50K
29.062534,Private,475901.38,HS-grad,9.029433,Married-civ-spouse,Craft-repair,Husband,White,Male,-113.10365,0.8952321,36.339157,United-States,<=50K
52.63375,Private,211507.69,HS-grad,9.022559,Divorced,Sales,Not-in-family,White,Female,-99.971085,1.1003026,38.508514,Mexico,<=50K
19.969648,Self-emp-inc,468366.2,HS-grad,9.025224,Divorced,Handlers-cleaners,Own-child,White,Male,-88.23988,0.49412426,25.084875,United-States,<=50K
59.05519,Private,64050.824,HS-grad,9.03066,Widowed,Other-service,Not-in-family,White,Female,-117.51088,1.0723332,40.028736,Canada,<=50K
22.960663,Private,215750.89,Assoc-voc,11.024588,Never-married,Tech-support,Own-child,White,Female,-123.86098,0.62957656,34.159996,United-States,<=50K
60.06014,Self-emp-not-inc,75566.47,7th-8th,4.0389028,Widowed,Farming-fishing,Unmarried,White,Male,-116.04335,0.98105514,29.93818,United-States,<=50K
55.996372,Self-emp-not-inc,91335.31,Masters,13.040477,Married-civ-spouse,Exec-managerial,Husband,Asian-Pac-Islander,Male,-124.16615,1.2714375,40.027218,Trinadad&Tobago,<=50K
35.379787,Private,135196.89,Assoc-voc,11.023981,Married-civ-spouse,Machine-op-inspct,Husband,White,Male,-117.92787,0.6672429,40.9667,United-States,<=50K
47.098927,Self-emp-not-inc,191772.97,5th-6th,3.069775,Married-civ-spouse,Sales,Husband,White,Male,-90.86928,2203.9683,50.184772,Mexico,<=50K
57.511864,Self-emp-not-inc,46136.2,HS-grad,9.03024,Married-civ-spouse,Other-service,Husband,White,Male,-115.19154,1.2088383,63.338097,United-States,<=50K
36.025406,State-gov,169523.56,Assoc-voc,11.015672,Married-spouse-absent,Protective-serv,Own-child,White,Female,-87.81752,1.0856389,40.046154,Germany,<=50K
38.126564,Private,191510.52,HS-grad,9.031278,Divorced,Other-service,Not-in-family,Black,Female,-92.074844,0.6248616,20.671904,United-States,<=50K
20.711191,Private,234399.05,Some-college,10.03024,Never-married,Other-service,Own-child,White,Female,-114.657364,0.3930653,19.433117,United-States,<=50K
39.189598,Private,180451.03,HS-grad,9.230351,Married-civ-spouse,Prof-specialty,Wife,White,Female,759.62537,0.72563064,38.079285,United-States,<=50K
30.822607,?,184883.77,9th,5.039368,Never-married,?,Own-child,White,Female,-112.84926,0.44772992,16.038668,United-States,<=50K
56.14571,Self-emp-not-inc,71421.21,Doctorate,15.964067,Divorced,Prof-specialty,Not-in-family,White,Female,-108.37099,0.5305623,27.773691,United-States,<=50K
68.800476,Self-emp-inc,259560.52,9th,4.543665,Widowed,Other-service,Not-in-family,White,Female,-116.52162,1.0635213,40.03253,United-States,<=50K
63.846844,Self-emp-not-inc,87835.19,7th-8th,4.0493617,Married-civ-spouse,Sales,Husband,White,Male,-119.57338,1.028098,67.67892,United-States,<=50K
16.897696,Federal-gov,30142.715,11th,7.0325594,Never-married,Adm-clerical,Own-child,Amer-Indian-Eskimo,Female,-86.675674,0.37771496,15.059145,United-States,<=50K
29.884842,Self-emp-not-inc,182114.14,Bachelors,13.007446,Never-married,Prof-specialty,Own-child,White,Male,-116.9767,0.6849507,36.739895,United-States,<=50K
56.14393,Self-emp-inc,77106.41,HS-grad,9.031135,Married-civ-spouse,Exec-managerial,Other-relative,Asian-Pac-Islander,Female,-103.09389,1.1542042,21.117605,China,<=50K
18.931103,Private,172810.92,HS-grad,9.033663,Never-married,Machine-op-inspct,Other-relative,Other,Male,-105.56337,0.53855026,32.058006,United-States,<=50K
48.128048,Private,162194.47,HS-grad,9.03006,Married-civ-spouse,Machine-op-inspct,Husband,White,Male,1102.4955,0.9107808,38.382572,Poland,<=50K
37.43941,Local-gov,474042.34,Bachelors,13.00442,Married-civ-spouse,Craft-repair,Husband,White,Male,-114.63197,1.2000569,40.029625,United-States,<=50K
37.92008,State-gov,733536.8,Some-college,10.031043,Divorced,Prof-specialty,Unmarried,Black,Female,-105.92201,1.2253026,40.022205,United-States,<=50K
45.107574,?,120368.87,7th-8th,4.0409813,Divorced,?,Not-in-family,Amer-Indian-Eskimo,Male,-102.359024,0.9928502,48.164825,United-States,<=50K
53.055923,Private,276688.3,7th-8th,4.0352416,Married-civ-spouse,Farming-fishing,Husband,Black,Male,-104.84364,1.1559972,35.829643,United-States,<=50K
36.68854,Private,213548.86,Masters,13.983562,Never-married,Prof-specialty,Not-in-family,White,Male,-117.31239,0.77600753,40.965183,United-States,<=50K
65.65814,?,172298.11,HS-grad,9.030827,Widowed,?,Not-in-family,White,Female,-113.02992,0.9167241,33.86298,United-States,<=50K
33.609013,State-gov,227058.11,HS-grad,9.031403,Never-married,Other-service,Not-in-family,White,Male,-112.71205,1.0170964,40.055367,United-States,<=50K
53.816063,Private,177721.9,Some-college,10.026074,Divorced,Adm-clerical,Unmarried,White,Female,976.51575,0.88317764,36.747257,United-States,<=50K
25.00396,Private,132888.75,Some-college,10.028919,Separated,Adm-clerical,Other-relative,Other,Female,-112.38905,0.68768203,40.061584,Ecuador,<=50K
22.548409,Private,130558.23,HS-grad,9.036391,Never-married,Exec-managerial,Own-child,White,Male,-109.92738,0.37347302,19.41716,United-States,<=50K
29.458263,Private,30064.668,Assoc-voc,11.023815,Divorced,Craft-repair,Not-in-family,White,Male,-118.0475,0.5421361,40.052586,United-States,<=50K
43.536186,Private,317157.03,Masters,13.990206,Divorced,Prof-specialty,Unmarried,White,Male,-111.033585,1.0046452,42.5528,United-States,<=50K
39.75273,Private,114939.95,HS-grad,9.031464,Divorced,Prof-specialty,Not-in-family,White,Female,-112.183,0.49076733,40.040977,United-States,<=50K
33.08133,Private,100703.39,Some-college,10.033092,Never-married,Tech-support,Other-relative,White,Male,-123.29115,0.6915196,43.27501,United-States,<=50K
23.952765,State-gov,507204.5,Some-college,10.026359,Never-married,Adm-clerical,Own-child,Asian-Pac-Islander,Male,-120.943985,1.3393773,40.055977,?,<=50K
43.717316,Private,117089.914,HS-grad,9.027147,Married-civ-spouse,Craft-repair,Wife,White,Female,-91.03725,1.2312993,47.826336,United-States,<=50K
19.241262,Private,340999.0,11th,7.8061905,Never-married,Other-service,Other-relative,Black,Male,-99.41933,0.5213841,19.892572,United-States,<=50K
29.288439,Private,113244.12,Bachelors,13.001893,Never-married,Exec-managerial,Other-relative,White,Male,-117.6913,0.7382268,45.012672,United-States,<=50K
59.610794,Self-emp-inc,130854.9,HS-grad,9.025289,Divorced,Sales,Not-in-family,White,Male,-111.140274,0.9386128,52.49242,United-States,<=50K
69.33902,Private,158841.44,HS-grad,9.032119,Widowed,Adm-clerical,Not-in-family,White,Male,-115.51454,0.4802235,17.343946,United-States,<=50K
33.649727,Local-gov,99102.21,HS-grad,9.0366955,Married-civ-spouse,Machine-op-inspct,Husband,White,Male,-115.654434,0.8167409,42.423763,United-States,<=50K
36.97151,Private,166438.61,9th,3.6333795,Married-spouse-absent,Machine-op-inspct,Unmarried,White,Female,-96.34706,0.57514083,37.57978,Dominican-Republic,<=50K
29.986849,Private,398685.16,1st-4th,2.0218644,Separated,Priv-house-serv,Other-relative,White,Female,-101.93935,0.9659871,29.894112,Mexico,<=50K
23.981884,Private,23163.902,HS-grad,9.033559,Married-civ-spouse,Protective-serv,Husband,Asian-Pac-Islander,Male,-113.11122,0.6801213,40.037453,Thailand,<=50K
20.625784,Private,243581.88,Some-college,9.699863,Never-married,Sales,Own-child,White,Male,-114.21742,0.79041946,37.288826,?,<=50K
40.52787,Private,290263.56,Some-college,10.023883,Married-spouse-absent,Transport-moving,Unmarried,White,Male,-107.396866,1.007636,44.944054,United-States,<=50K
57.169666,Private,122887.03,9th,5.0412426,Widowed,Other-service,Unmarried,Black,Male,-90.66591,1.6189336,52.21454,?,<=50K
47.129818,Local-gov,219893.81,Assoc-acdm,12.014564,Separated,Exec-managerial,Not-in-family,White,Male,-117.37343,1431.11,40.021835,United-States,<=50K
50.620274,Self-emp-not-inc,167908.31,Some-college,10.031493,Divorced,Prof-specialty,Not-in-family,White,Female,-126.59218,0.53872573,26.96373,United-States,<=50K
17.726837,Private,195744.97,10th,6.0290265,Never-married,Handlers-cleaners,Own-child,White,Male,-88.087296,0.17655835,24.078175,United-States,<=50K
23.947922,Local-gov,290561.66,11th,7.0420403,Never-married,Other-service,Not-in-family,Asian-Pac-Islander,Male,-125.77577,0.9979924,45.036373,United-States,<=50K
27.935654,Local-gov,327171.03,Some-college,9.526459,Divorced,Protective-serv,Other-relative,White,Male,-104.42909,1.2334279,45.087135,United-States,<=50K
37.38997,Federal-gov,319274.44,Some-college,10.025445,Married-civ-spouse,Tech-support,Wife,White,Female,1975.105,1.3728093,44.993034,United-States,<=50K
66.86608,Private,166338.03,7th-8th,4.036725,Widowed,Other-service,Not-in-family,White,Female,118.04076,0.34607586,22.407623,United-States,<=50K
43.486374,Private,167916.17,HS-grad,9.028989,Married-civ-spouse,Other-service,Wife,White,Female,-102.68959,0.82291305,14.008755,Philippines,<=50K
36.556488,Private,336520.78,5th-6th,3.4780202,Married-civ-spouse,Farming-fishing,Husband,White,Male,367.6506,1.1101979,39.42451,Mexico,<=50K
42.04318,Private,190910.0,Assoc-acdm,12.014731,Separated,Machine-op-inspct,Not-in-family,White,Male,-112.62807,0.76315963,37.57496,United-States,<=50K
54.169613,Private,340657.94,Assoc-acdm,12.009214,Married-spouse-absent,Machine-op-inspct,Unmarried,Asian-Pac-Islander,Female,-107.74013,1.4699467,39.99719,Philippines,<=50K
32.009914,Self-emp-not-inc,211608.17,11th,7.0311146,Separated,Handlers-cleaners,Unmarried,White,Female,-103.02528,1.1717747,40.050076,Nicaragua,<=50K
17.895744,Federal-gov,101949.086,11th,7.0454125,Never-married,Other-service,Own-child,Asian-Pac-Islander,Male,-98.68422,0.21945843,15.043446,Philippines,<=50K
25.838018,Private,236168.4,Preschool,1.5758003,Never-married,Other-service,Own-child,White,Male,-113.71132,0.1883839,27.513708,United-States,<=50K
48.81928,Private,93205.6,Some-college,10.02917,Widowed,Tech-support,Unmarried,White,Female,-116.08168,0.9124898,38.71004,United-States,<=50K
61.195602,Self-emp-not-inc,243764.84,Preschool,1.0699457,Married-civ-spouse,Craft-repair,Husband,White,Male,-116.39174,1.1639012,40.033527,United-States,<=50K
47.121593,Private,153628.22,11th,5.605488,Married-civ-spouse,Machine-op-inspct,Wife,Black,Female,-99.10634,1.1129292,37.560104,United-States,<=50K
17.435621,Private,154831.88,11th,7.032267,Never-married,Sales,Own-child,Black,Female,-95.56654,0.33476147,22.874783,United-States,<=50K
50.12638,Federal-gov,230566.98,10th,9.326988,Separated,Adm-clerical,Unmarried,Black,Female,-92.21718,1.4212788,39.99616,United-States,<=50K
42.35584,Private,208735.78,Some-college,10.026558,Divorced,Tech-support,Unmarried,White,Female,-95.24086,1.0461491,42.52308,United-States,<=50K
25.37193,Private,41672.324,HS-grad,9.03981,Never-married,Other-service,Not-in-family,White,Female,-103.699356,1677.0366,23.993134,United-States,<=50K
34.030796,Private,232048.08,Assoc-acdm,12.014283,Never-married,Machine-op-inspct,Unmarried,Black,Female,-111.384415,0.9563817,35.78665,United-States,<=50K
33.259903,Private,129924.73,HS-grad,9.02758,Married-civ-spouse,Transport-moving,Husband,Amer-Indian-Eskimo,Male,-95.462296,1.0392445,60.125565,United-States,<=50K
35.03596,Private,288166.94,Assoc-acdm,12.009234,Never-married,Transport-moving,Not-in-family,Black,Male,-124.50429,0.92234695,29.970882,Jamaica,<=50K
54.161285,Private,316897.72,HS-grad,9.026239,Divorced,Priv-house-serv,Not-in-family,White,Female,-90.5768,1.1489171,12.151463,United-States,<=50K
38.317833,Self-emp-not-inc,60265.52,Some-college,10.030902,Married-civ-spouse,Other-service,Wife,White,Female,-118.678116,0.88622177,38.74209,United-States,<=50K
69.54032,Private,208696.39,10th,6.0329714,Married-civ-spouse,Transport-moving,Husband,White,Male,-110.15614,0.6420888,17.473925,United-States,<=50K
67.16737,Self-emp-not-inc,158917.34,HS-grad,9.03293,Married-civ-spouse,Farming-fishing,Husband,White,Male,219.08556,0.9379872,16.588303,United-States,<=50K
29.01229,Local-gov,259686.5,Bachelors,13.010315,Never-married,Prof-specialty,Not-in-family,White,Female,-126.31239,0.9846333,42.511562,?,<=50K
22.939537,State-gov,1128617.0,Some-college,10.030859,Never-married,Protective-serv,Not-in-family,Black,Male,-114.48695,0.87123764,29.966267,United-States,<=50K
36.385605,Local-gov,179239.11,Some-college,9.635589,Never-married,Adm-clerical,Own-child,White,Female,-115.91884,0.89250076,38.06732,United-States,<=50K
22.885895,Private,96867.445,HS-grad,9.031375,Never-married,Exec-managerial,Own-child,White,Male,-115.45351,0.71818435,41.99669,Germany,<=50K
39.90532,Private,315228.6,Bachelors,13.003383,Married-civ-spouse,Other-service,Husband,Asian-Pac-Islander,Male,-108.96596,1.1709203,39.046936,?,<=50K
27.872417,Federal-gov,200388.52,Bachelors,13.006916,Never-married,Prof-specialty,Not-in-family,White,Male,-118.05751,2008.5043,41.632137,United-States,<=50K
19.969574,?,145067.0,Some-college,10.02855,Never-married,?,Own-child,Asian-Pac-Islander,Female,-129.38441,1628.1705,40.03308,Taiwan,<=50K
46.142433,Federal-gov,54822.277,Bachelors,13.004112,Never-married,Exec-managerial,Not-in-family,White,Male,-116.70717,0.9056386,41.634968,United-States,<=50K
32.090397,Local-gov,161934.64,Bachelors,12.999134,Married-civ-spouse,Protective-serv,Husband,White,Male,-113.28407,0.8695897,54.65615,United-States,<=50K
34.36603,Private,80568.07,12th,8.048928,Married-civ-spouse,Transport-moving,Husband,White,Male,-116.89296,0.6183461,40.045383,United-States,<=50K
27.941023,Private,53783.465,HS-grad,9.036282,Never-married,Adm-clerical,Not-in-family,White,Male,-121.416885,0.5962895,39.055187,United-States,<=50K
35.04127,State-gov,92684.13,Some-college,9.539777,Never-married,Handlers-cleaners,Not-in-family,White,Male,-131.1061,0.7795018,39.059895,United-States,<=50K
40.318344,Federal-gov,275771.1,HS-grad,9.027542,Never-married,Adm-clerical,Unmarried,White,Female,-107.518936,1.1932591,40.020943,United-States,<=50K
39.27072,Private,128417.92,HS-grad,9.029779,Never-married,Adm-clerical,Not-in-family,White,Female,-110.38246,0.8962544,46.08904,United-States,<=50K
24.331703,Private,295815.25,Assoc-voc,11.022997,Never-married,Adm-clerical,Not-in-family,White,Female,-124.316055,0.735381,40.03884,United-States,<=50K
58.541576,Private,178941.69,HS-grad,9.030948,Married-civ-spouse,Transport-moving,Husband,White,Male,537.5344,0.8353642,27.187319,United-States,<=50K
30.538643,Private,171783.31,Assoc-voc,11.022291,Married-civ-spouse,Craft-repair,Husband,White,Male,-112.80092,1809.187,42.610355,United-States,<=50K
31.465088,Private,222933.39,Some-college,10.034218,Never-married,Exec-managerial,Unmarried,Black,Female,-115.389786,0.93418014,40.04318,United-States,<=50K
26.974201,?,412277.7,Some-college,9.533053,Separated,?,Unmarried,White,Female,-119.06215,0.81571853,20.0347,United-States,<=50K
44.415344,Private,164630.3,9th,5.0443177,Separated,Machine-op-inspct,Unmarried,White,Female,-95.15956,1.2359608,40.04982,Mexico,<=50K
46.484734,Local-gov,170616.5,Masters,13.991773,Never-married,Prof-specialty,Not-in-family,White,Female,695.22656,0.89636886,40.012184,United-States,<=50K
64.20382,State-gov,224531.34,9th,5.052249,Never-married,Adm-clerical,Not-in-family,White,Female,-118.68056,1.1606282,38.02025,United-States,<=50K
21.413088,Private,293137.03,Some-college,10.030421,Never-married,Sales,Not-in-family,White,Female,-114.853165,0.50626266,23.94617,United-States,<=50K
48.71499,Private,212875.52,7th-8th,3.721221,Married-civ-spouse,Other-service,Husband,White,Male,-102.04628,1.0155095,40.049435,?,<=50K
53.90644,?,165819.55,Some-college,9.702275,Never-married,?,Not-in-family,White,Male,-122.67079,0.8648137,38.403553,United-States,<=50K
67.22442,Private,118884.94,Bachelors,13.002288,Divorced,Exec-managerial,Not-in-family,White,Female,-112.71449,2227.2483,4.9356804,United-States,<=50K
19.716814,Private,200541.08,HS-grad,9.033016,Never-married,Other-service,Own-child,White,Female,-103.42958,0.4372395,23.949175,United-States,<=50K
27.779562,Private,36004.59,HS-grad,9.038802,Never-married,Exec-managerial,Not-in-family,White,Male,-111.87538,0.53102005,37.033432,United-States,<=50K
55.56797,Private,220397.28,Assoc-acdm,12.011826,Widowed,Adm-clerical,Unmarried,White,Female,-109.96034,1.0887059,37.25187,United-States,<=50K
21.281261,Private,94506.87,HS-grad,9.033775,Never-married,Handlers-cleaners,Other-relative,White,Male,823.09595,0.6126317,49.45543,United-States,<=50K
25.95166,Private,40194.668,12th,8.043076,Married-civ-spouse,Priv-house-serv,Wife,Other,Female,-113.154434,0.5487889,40.065712,Dominican-Republic,<=50K
34.97621,Private,76836.64,HS-grad,9.027388,Never-married,Adm-clerical,Own-child,Asian-Pac-Islander,Female,-102.94154,0.8503407,40.040546,United-States,<=50K
35.01489,Private,217249.2,Some-college,10.028754,Separated,Machine-op-inspct,Unmarried,Black,Male,-101.54018,1.1595448,59.428284,United-States,<=50K
29.916363,Private,456861.62,HS-grad,9.029644,Married-civ-spouse,Craft-repair,Husband,Black,Male,513.72595,1.134818,39.043087,United-States,<=50K
27.588661,Private,182925.62,Some-college,10.028536,Married-civ-spouse,Sales,Wife,White,Female,-119.76405,0.8203267,40.059746,United-States,<=50K
24.749588,Private,259199.0,Some-college,10.031778,Never-married,Other-service,Not-in-family,White,Male,-118.466934,0.5702199,34.003586,United-States,<=50K
59.53714,Private,352259.44,9th,5.046865,Married-civ-spouse,Sales,Husband,White,Male,-116.638565,0.9788655,36.503315,United-States,<=50K
58.757385,Private,205185.92,HS-grad,9.029914,Married-civ-spouse,Prof-specialty,Wife,White,Female,-113.772354,0.6475972,20.549124,United-States,<=50K
48.456028,Private,134342.83,Some-college,10.031943,Never-married,Exec-managerial,Not-in-family,White,Female,-125.33339,0.4530476,13.47117,United-States,<=50K
28.03712,Private,265380.28,Masters,13.979801,Never-married,Adm-clerical,Not-in-family,Asian-Pac-Islander,Male,-118.156876,1.2411641,50.095757,India,<=50K
52.193764,Self-emp-inc,564373.8,Masters,13.991428,Divorced,Exec-managerial,Not-in-family,Black,Female,-114.153946,1.3958653,50.16052,United-States,<=50K
53.12247,Private,50151.48,12th,8.045953,Never-married,Other-service,Not-in-family,Other,Female,-121.38905,0.4906529,35.04673,United-States,<=50K
27.944117,Private,181964.7,HS-grad,9.029918,Separated,Craft-repair,Unmarried,Black,Male,-104.179825,0.9481038,40.051178,United-States,<=50K
41.4394,Private,254103.92,Some-college,9.055329,Separated,Adm-clerical,Own-child,White,Male,-96.576065,1.0312871,40.048267,Mexico,<=50K
21.908587,Private,253244.81,HS-grad,9.033914,Never-married,Other-service,Not-in-family,White,Male,-111.496475,0.59915817,36.88883,United-States,<=50K
29.911598,Private,147284.7,Assoc-voc,11.027596,Never-married,Prof-specialty,Not-in-family,White,Female,-118.38051,0.41270337,36.482265,United-States,<=50K
47.39121,Private,123087.7,Some-college,10.027854,Divorced,Other-service,Own-child,White,Male,-108.4955,0.42245373,28.08989,United-States,<=50K
29.888351,Private,210745.75,Some-college,10.029429,Never-married,Adm-clerical,Unmarried,White,Female,1227.9108,0.7913579,37.398247,United-States,<=50K
36.433323,Private,106544.68,Some-college,10.032128,Married-civ-spouse,Sales,Husband,White,Male,648.31665,0.6914662,41.207993,United-States,<=50K
59.142708,Private,201725.89,12th,8.035451,Widowed,Machine-op-inspct,Other-relative,White,Female,-97.19667,1.2277745,48.12144,United-States,<=50K
64.63347,Private,224721.47,Some-college,10.027689,Widowed,Sales,Not-in-family,White,Male,740.50134,0.63998306,29.934923,United-States,<=50K
28.505585,Private,260566.2,Assoc-acdm,12.009817,Married-civ-spouse,Adm-clerical,Wife,Black,Female,-114.40834,0.7427434,22.741526,United-States,<=50K
27.99126,Private,112032.34,11th,7.0354905,Never-married,Machine-op-inspct,Unmarried,White,Female,-127.45424,0.675002,40.03927,Nicaragua,<=50K
23.302198,State-gov,339433.3,Some-college,10.030584,Never-married,Other-service,Not-in-family,White,Female,-124.84267,1.040183,40.05551,United-States,<=50K
31.991064,Private,31148.137,Bachelors,12.9997225,Never-married,Tech-support,Other-relative,White,Female,-116.834366,0.70835006,72.10488,United-States,<=50K
21.189142,Private,193674.84,Some-college,9.788552,Never-married,Adm-clerical,Other-relative,White,Female,-117.693985,0.37393078,19.146536,United-States,<=50K
26.977543,Private,210893.75,Preschool,1.0193714,Married-civ-spouse,Farming-fishing,Other-relative,White,Male,40837.344,0.76145065,24.049015,Mexico,<=50K
52.13566,Private,148955.17,10th,6.034348,Married-spouse-absent,Prof-specialty,Other-relative,Asian-Pac-Islander,Male,-108.66835,0.8994664,45.09707,United-States,<=50K
73.27154,Self-emp-inc,93284.2,10th,6.0430555,Widowed,Sales,Unmarried,White,Female,-118.87392,1.0716542,40.029793,Canada,<=50K
77.28705,Self-emp-not-inc,102160.25,12th,8.052899,Divorced,Transport-moving,Not-in-family,White,Male,-119.4435,0.39940533,11.954655,United-States,<=50K
21.976665,State-gov,191701.98,Bachelors,13.005676,Never-married,Prof-specialty,Own-child,White,Male,-108.10634,0.48747143,20.117264,United-States,<=50K
70.27288,?,135862.12,Bachelors,13.008354,Married-civ-spouse,?,Husband,Asian-Pac-Islander,Male,-117.84389,1.0534886,40.011513,China,<=50K
23.416006,Private,60160.957,HS-grad,9.038295,Never-married,Other-service,Not-in-family,White,Female,-107.72499,0.4912785,36.65629,United-States,<=50K
28.002478,Self-emp-not-inc,412134.2,HS-grad,9.027729,Married-civ-spouse,Exec-managerial,Husband,White,Male,-122.83339,1.2866734,40.02645,Poland,<=50K
35.41043,Private,289309.1,HS-grad,9.025299,Married-civ-spouse,Machine-op-inspct,Husband,Other,Male,1217.1788,1.2385167,40.027405,Mexico,<=50K
31.51367,Private,279622.16,HS-grad,9.025972,Never-married,Other-service,Unmarried,Asian-Pac-Islander,Male,-119.97499,1.234229,40.02841,Vietnam,<=50K
22.972885,Private,179088.48,Some-college,10.030784,Never-married,Adm-clerical,Not-in-family,Other,Female,-123.12587,0.65399826,38.425808,United-States,<=50K
47.565388,Private,165176.14,HS-grad,9.026457,Married-civ-spouse,Handlers-cleaners,Wife,Black,Female,-94.84413,1.2399129,40.03259,United-States,<=50K
47.04435,Private,103833.46,HS-grad,9.029235,Divorced,Sales,Not-in-family,White,Male,369.85287,0.6028813,37.581444,United-States,<=50K
18.966112,Private,189622.27,HS-grad,9.027863,Never-married,Other-service,Own-child,White,Female,34145.004,0.7090062,20.079576,United-States,<=50K
33.162857,Private,290673.12,Assoc-acdm,12.010431,Married-civ-spouse,Craft-repair,Husband,White,Male,656.5105,1.1223973,46.94373,United-States,<=50K
42.07113,Private,32452.34,Doctorate,15.964319,Married-spouse-absent,Prof-specialty,Unmarried,Amer-Indian-Eskimo,Female,-106.171036,0.68361557,40.0369,United-States,<=50K
51.81792,Federal-gov,265608.22,HS-grad,9.024715,Divorced,Adm-clerical,Unmarried,Black,Female,-82.18715,1.6104649,39.976322,United-States,<=50K
32.47124,Private,404919.84,HS-grad,9.023789,Divorced,Adm-clerical,Not-in-family,White,Male,-108.47255,0.89102066,39.52533,United-States,<=50K
37.033974,Private,231177.39,Some-college,10.026989,Divorced,Adm-clerical,Not-in-family,White,Female,-106.84755,0.81597793,41.28177,United-States,<=50K
28.039192,Local-gov,125758.03,Some-college,10.038465,Never-married,Adm-clerical,Other-relative,Black,Male,-133.81703,0.96826065,40.01283,Haiti,<=50K
56.8605,?,131448.0,Some-college,9.788657,Widowed,?,Not-in-family,Black,Female,-116.38417,0.95658004,37.336666,United-States,<=50K
25.834969,Private,138826.75,HS-grad,9.031416,Never-married,Transport-moving,Own-child,White,Male,120.50755,0.70297897,38.97203,United-States,<=50K
27.993723,Private,97045.92,Bachelors,12.99885,Married-civ-spouse,Prof-specialty,Wife,White,Female,-114.78969,1855.2693,42.344418,United-States,<=50K
44.31937,Self-emp-inc,151744.25,Some-college,10.030771,Married-civ-spouse,Exec-managerial,Husband,White,Male,-112.05336,0.96707046,46.3174,United-States,<=50K
24.184269,Private,249528.03,11th,6.818863,Never-married,Other-service,Not-in-family,White,Female,-113.25624,0.57761276,36.73205,United-States,<=50K
27.970928,?,131835.9,12th,8.055225,Married-civ-spouse,?,Wife,White,Female,-113.640274,0.57963455,20.079567,Germany,<=50K
20.935205,Private,211501.47,Assoc-voc,11.020389,Married-civ-spouse,Other-service,Other-relative,White,Female,-117.80824,0.78325546,50.170883,Mexico,<=50K
29.98381,Private,233054.16,HS-grad,9.029122,Never-married,Adm-clerical,Unmarried,Black,Female,-107.2621,1.0363454,40.032753,United-States,<=50K
47.120968,Local-gov,91123.25,HS-grad,9.031886,Never-married,Exec-managerial,Own-child,White,Male,-116.42494,1.0762013,40.03819,United-States,<=50K
28.481092,Local-gov,264572.06,Bachelors,13.00447,Never-married,Protective-serv,Own-child,White,Male,-117.92787,1.098174,43.990044,United-States,<=50K
34.01038,Private,239282.66,5th-6th,3.034471,Married-spouse-absent,Craft-repair,Other-relative,White,Male,-91.896866,0.846053,40.06822,China,<=50K
21.39216,Private,322553.2,Some-college,10.028345,Never-married,Handlers-cleaners,Own-child,White,Male,-102.04115,0.4142674,20.305607,United-States,<=50K
25.606503,Private,207173.95,HS-grad,9.030914,Married-civ-spouse,Craft-repair,Husband,White,Male,-111.70741,0.854041,39.96827,United-States,<=50K
29.17961,Private,183230.66,HS-grad,9.031559,Never-married,Other-service,Not-in-family,Asian-Pac-Islander,Male,591.11487,0.79849136,38.835533,United-States,<=50K
45.266945,Local-gov,192093.58,Masters,13.992143,Married-civ-spouse,Prof-specialty,Husband,White,Male,-127.86122,0.966956,54.778275,United-States,<=50K
22.693419,?,140855.33,HS-grad,9.033522,Married-civ-spouse,?,Wife,White,Female,-114.827774,0.67244613,30.711811,United-States,<=50K
21.941278,Private,30453.309,12th,8.052596,Never-married,Farming-fishing,Not-in-family,Amer-Indian-Eskimo,Male,-107.54433,0.64089096,50.112583,United-States,<=50K
59.906166,Private,155156.27,Some-college,10.02811,Never-married,Adm-clerical,Own-child,White,Female,-120.99477,0.7439717,36.806717,United-States,<=50K
36.844234,Private,131010.555,HS-grad,9.36553,Never-married,Machine-op-inspct,Not-in-family,White,Male,-115.135635,2008.7479,43.980385,United-States,<=50K
65.23384,Self-emp-not-inc,166916.86,HS-grad,9.030086,Widowed,Craft-repair,Not-in-family,White,Male,-108.27431,1.0941075,33.20519,United-States,<=50K
18.910027,Private,195578.67,11th,7.030306,Never-married,Sales,Own-child,White,Female,-100.00917,0.63105667,41.73995,United-States,<=50K
42.060734,Local-gov,29686.746,Assoc-acdm,12.017582,Married-civ-spouse,Prof-specialty,Wife,Amer-Indian-Eskimo,Female,-128.20448,0.9218129,40.049706,United-States,<=50K
30.180504,Private,39078.31,Some-college,10.031586,Married-civ-spouse,Farming-fishing,Husband,White,Male,-116.818985,0.67748153,72.22343,United-States,<=50K
47.13568,Self-emp-not-inc,163345.25,Bachelors,13.003963,Divorced,Exec-managerial,Not-in-family,Asian-Pac-Islander,Male,-99.78041,1.2537526,60.175262,Japan,<=50K
34.55395,Private,316260.94,10th,6.0366054,Married-civ-spouse,Craft-repair,Husband,White,Male,-104.243546,1.0508412,41.941254,United-States,<=50K
22.017242,Private,112922.17,Some-college,10.038006,Never-married,Prof-specialty,Other-relative,Asian-Pac-Islander,Female,-125.76576,0.28870282,20.054667,South,<=50K
28.535236,Private,70390.75,Some-college,10.0313425,Divorced,Adm-clerical,Not-in-family,White,Female,-121.5746,0.5236577,40.21228,United-States,<=50K
57.602135,Private,113828.46,HS-grad,9.026983,Never-married,Transport-moving,Not-in-family,White,Male,640.489,0.91850936,58.581345,United-States,<=50K
17.935783,Private,74755.33,11th,7.028784,Never-married,Sales,Own-child,Other,Female,-87.44643,0.34581646,20.09186,?,<=50K
42.528717,Federal-gov,52606.26,HS-grad,9.032731,Never-married,Machine-op-inspct,Own-child,Black,Male,-114.45912,0.95964706,40.041332,United-States,<=50K
22.628931,Private,316695.3,Assoc-voc,11.023147,Never-married,Sales,Not-in-family,White,Male,-117.81337,0.75519454,40.613102,United-States,<=50K
24.431566,Private,135711.9,Some-college,10.025736,Married-civ-spouse,Adm-clerical,Wife,Amer-Indian-Eskimo,Female,-116.468155,0.9060353,44.60617,United-States,<=50K
39.044838,Self-emp-not-inc,317101.84,Bachelors,13.003349,Never-married,Sales,Own-child,Asian-Pac-Islander,Male,-112.066055,1.4148854,60.166,Iran,<=50K
31.562328,Local-gov,169779.95,Some-college,10.03,Married-civ-spouse,Adm-clerical,Wife,White,Female,-116.91054,0.9543599,40.056843,United-States,<=50K
30.990807,Self-emp-not-inc,390219.47,7th-8th,4.0479827,Married-civ-spouse,Prof-specialty,Husband,White,Male,-120.4557,0.8637608,60.17065,United-States,<=50K
34.43178,Private,110145.78,HS-grad,9.028996,Married-civ-spouse,Machine-op-inspct,Wife,White,Female,-102.544815,0.91814315,41.62493,United-States,<=50K
30.005,Private,33869.465,HS-grad,9.028185,Never-married,Transport-moving,Unmarried,White,Female,-131.9225,1687.2161,70.124245,United-States,<=50K
28.507397,Private,345082.47,Bachelors,13.00673,Married-civ-spouse,Sales,Husband,White,Male,-119.863174,0.6150502,22.734774,?,<=50K
31.485504,State-gov,116634.6,Assoc-voc,11.025336,Never-married,Adm-clerical,Unmarried,White,Female,-117.053116,0.8105992,40.045444,United-States,<=50K
28.02245,Private,126617.22,Prof-school,13.498199,Never-married,Prof-specialty,Other-relative,White,Female,-121.7018,0.6334752,39.03306,United-States,<=50K
51.176537,Federal-gov,379910.97,HS-grad,9.019419,Divorced,Adm-clerical,Unmarried,White,Female,-89.91322,2006.0681,39.973026,United-States,<=50K
34.53528,Private,87166.03,Some-college,10.031663,Married-civ-spouse,Farming-fishing,Husband,White,Male,-110.97255,0.83044326,46.888115,Mexico,<=50K
25.028906,Private,211977.88,5th-6th,2.9982119,Divorced,Other-service,Unmarried,Other,Female,-102.918594,-0.13420978,19.952562,Honduras,<=50K
34.025978,Private,134986.73,11th,7.031803,Married-civ-spouse,Farming-fishing,Husband,White,Male,-106.061905,0.72560775,40.052498,United-States,<=50K
61.132256,Private,218018.8,1st-4th,2.0465503,Divorced,Other-service,Not-in-family,Black,Male,-108.5768,0.9456624,40.05227,United-States,<=50K
32.985386,Private,140291.72,10th,6.0383863,Widowed,Adm-clerical,Unmarried,White,Male,-97.387344,3078.1619,37.57756,United-States,<=50K
32.498405,Private,124662.31,Bachelors,13.003966,Married-civ-spouse,Prof-specialty,Husband,Asian-Pac-Islander,Male,-118.9579,0.56211746,35.785503,Taiwan,<=50K
22.508823,?,128948.445,Some-college,10.031945,Never-married,?,Own-child,White,Male,-128.10268,0.6669911,39.444607,United-States,<=50K
54.624676,Private,200602.9,Bachelors,13.0062275,Married-civ-spouse,Sales,Husband,White,Male,-116.22157,0.90566146,43.241894,United-States,<=50K
37.20867,Private,141851.86,HS-grad,9.033247,Never-married,Handlers-cleaners,Not-in-family,Black,Male,-120.36171,0.7279042,40.04121,United-States,<=50K
53.048798,Private,85726.08,Some-college,10.030568,Married-civ-spouse,Craft-repair,Husband,White,Male,-117.70155,0.8501729,54.283257,United-States,<=50K
34.011463,Private,33556.715,11th,7.0314655,Married-civ-spouse,Sales,Husband,White,Male,-120.74306,0.58059585,50.116676,United-States,<=50K
49.041115,Without-pay,170590.44,HS-grad,9.028975,Married-civ-spouse,Adm-clerical,Wife,White,Female,-103.15248,0.95419204,27.779482,United-States,<=50K
30.294468,Private,110694.46,Some-college,10.034244,Married-civ-spouse,Exec-managerial,Husband,White,Male,195.8137,0.6577519,41.54402,United-States,<=50K
63.178776,Self-emp-not-inc,800227.44,1st-4th,2.0539289,Widowed,Other-service,Unmarried,White,Female,-109.52797,1.3711003,29.882162,El-Salvador,<=50K
48.023075,Private,149800.78,Some-college,10.026875,Separated,Craft-repair,Unmarried,White,Male,1451.2834,0.6783055,40.05256,Honduras,<=50K
26.990503,Private,168049.28,HS-grad,9.023919,Married-spouse-absent,Farming-fishing,Own-child,White,Female,-98.168106,0.92112625,40.053593,Mexico,<=50K
24.646347,Local-gov,196126.9,HS-grad,9.035418,Never-married,Other-service,Own-child,Black,Male,-127.30434,0.8514775,36.298607,United-States,<=50K
18.987343,?,63162.59,Bachelors,13.004588,Never-married,?,Own-child,Black,Female,-116.10707,0.75215805,40.041573,Jamaica,<=50K
29.937805,Private,116144.266,Some-college,9.530944,Divorced,Other-service,Not-in-family,White,Female,-102.58803,1685.7131,53.20007,United-States,<=50K
33.01895,State-gov,36452.246,Assoc-voc,11.026416,Married-civ-spouse,Craft-repair,Not-in-family,White,Male,-127.2101,0.75301254,40.057205,United-States,<=50K
20.91483,?,194133.55,HS-grad,9.030624,Never-married,?,Own-child,White,Female,-122.67836,0.8159169,40.04501,United-States,<=50K
62.229855,Private,253019.58,7th-8th,4.035642,Divorced,Handlers-cleaners,Not-in-family,White,Female,-108.85414,1.0526646,40.0277,Cuba,<=50K
27.868914,Private,245926.73,Bachelors,13.005788,Never-married,Sales,Own-child,White,Female,-111.95912,0.8704976,39.074562,United-States,<=50K
26.493515,Private,92104.41,Masters,13.986972,Never-married,Other-service,Own-child,White,Female,-112.381485,0.764922,40.035896,United-States,<=50K
28.813854,Private,158965.8,Some-college,10.03079,Never-married,Craft-repair,Unmarried,White,Male,-125.28261,0.80002487,40.04551,United-States,<=50K
28.93189,Private,215708.4,Some-college,10.0293665,Never-married,Other-service,Other-relative,White,Male,-119.43593,0.6488484,40.054184,Nicaragua,<=50K
43.31256,Self-emp-not-inc,188456.02,Some-college,10.033353,Married-civ-spouse,Prof-specialty,Husband,White,Male,-121.584854,0.5699376,26.901726,United-States,<=50K
28.261284,Private,203378.9,11th,7.0306954,Married-civ-spouse,Craft-repair,Husband,White,Male,-107.31801,0.87285507,60.114872,United-States,<=50K
56.132294,Self-emp-not-inc,211250.86,7th-8th,4.0259624,Divorced,Sales,Other-relative,White,Male,-98.72255,1.0460957,20.024673,Mexico,<=50K
66.60472,Local-gov,33502.7,10th,5.053659,Married-civ-spouse,Transport-moving,Husband,White,Male,-110.85292,0.4829243,17.928225,United-States,<=50K
24.899763,Private,194970.98,Assoc-voc,11.023438,Never-married,Machine-op-inspct,Not-in-family,Other,Male,-124.267715,0.6519536,40.04407,United-States,<=50K
40.074223,Private,176652.89,HS-grad,9.031243,Married-civ-spouse,Sales,Husband,White,Male,-98.770645,0.83103836,23.256914,Canada,<=50K
58.08893,Private,104433.27,11th,7.034389,Divorced,Machine-op-inspct,Not-in-family,White,Female,-115.13295,0.8640202,40.025913,United-States,<=50K
35.85511,Private,386708.06,HS-grad,9.021032,Married-civ-spouse,Machine-op-inspct,Wife,White,Female,-101.789444,1.1717747,40.036163,Nicaragua,<=50K
43.069054,Federal-gov,73537.54,Bachelors,13.001184,Married-spouse-absent,Tech-support,Not-in-family,Asian-Pac-Islander,Male,-118.11098,0.90620315,40.04915,United-States,<=50K
31.703915,Private,315469.8,Some-college,10.029752,Married-civ-spouse,Exec-managerial,Husband,White,Male,-116.33339,0.9730061,48.496223,United-States,<=50K
28.363935,Private,224333.25,Bachelors,13.005091,Never-married,Handlers-cleaners,Own-child,White,Male,-110.70302,0.65007675,35.418232,United-States,<=50K
26.917364,Private,288103.72,Some-college,10.031165,Never-married,Exec-managerial,Own-child,Black,Male,-125.57997,0.93904006,40.049152,United-States,<=50K
56.36181,Private,128386.484,7th-8th,3.4896498,Married-civ-spouse,Transport-moving,Husband,White,Male,-109.9933,0.9053258,43.95609,United-States,<=50K
48.063763,Private,117682.96,5th-6th,3.0519562,Divorced,Exec-managerial,Not-in-family,White,Male,-105.44374,0.8159474,98.82657,United-States,<=50K
39.458885,Private,184026.4,5th-6th,3.0457287,Separated,Machine-op-inspct,Not-in-family,White,Female,-99.78285,0.833289,40.059578,United-States,<=50K
66.119774,?,108064.17,7th-8th,4.0358152,Never-married,?,Other-relative,Black,Male,-128.92934,0.5267247,29.930422,United-States,<=50K
26.316027,Private,113863.734,Bachelors,13.005908,Never-married,Sales,Not-in-family,White,Female,-115.04408,0.76924026,40.619522,United-States,<=50K
25.35928,Private,156079.17,HS-grad,9.029139,Never-married,Craft-repair,Own-child,White,Male,-115.8578,0.8162297,50.824642,United-States,<=50K
48.53332,Private,179024.9,Doctorate,15.641744,Married-civ-spouse,Sales,Husband,White,Male,-116.96156,0.9695424,49.39908,United-States,<=50K
50.161995,Private,335291.53,Prof-school,14.979772,Never-married,Prof-specialty,Other-relative,Asian-Pac-Islander,Female,-119.1205,1615.2856,24.972572,China,<=50K
30.648615,Private,254467.31,HS-grad,9.030504,Never-married,Craft-repair,Unmarried,White,Male,440.97812,0.78561294,28.953894,United-States,<=50K
40.701405,State-gov,109772.6,Some-college,10.033198,Married-civ-spouse,Exec-managerial,Husband,White,Male,-117.304825,0.9556416,40.051167,United-States,<=50K
29.48944,Self-emp-inc,198985.12,Doctorate,15.959634,Never-married,Prof-specialty,Not-in-family,White,Male,-106.74599,0.8689641,77.20855,United-States,<=50K
68.48868,?,163409.92,Masters,13.98574,Widowed,Adm-clerical,Not-in-family,White,Female,-120.3185,0.52741134,20.298481,United-States,<=50K
17.313572,Private,228647.84,11th,7.034354,Never-married,Craft-repair,Own-child,White,Male,-87.65224,0.30064282,17.583748,United-States,<=50K
60.159286,Private,167051.77,11th,7.039429,Married-civ-spouse,Machine-op-inspct,Wife,Asian-Pac-Islander,Female,-111.51161,0.8150929,29.927332,Hong,<=50K
48.052917,Private,200161.48,Bachelors,13.001465,Divorced,Priv-house-serv,Not-in-family,White,Female,-92.30873,1.0906972,44.09109,Germany,<=50K
25.931196,Private,134212.7,HS-grad,9.027862,Divorced,Farming-fishing,Not-in-family,Asian-Pac-Islander,Male,-117.6913,0.8911656,40.05069,Philippines,<=50K
30.981377,Private,259639.52,HS-grad,9.024911,Married-spouse-absent,Other-service,Not-in-family,White,Female,-117.2057,0.82449996,80.25038,Italy,<=50K
33.00491,Private,173301.9,9th,5.0450816,Never-married,Craft-repair,Not-in-family,White,Male,-114.3268,0.69970596,42.499847,United-States,<=50K
25.388468,Private,221350.78,Some-college,10.026687,Married-civ-spouse,Tech-support,Wife,White,Female,-120.0641,0.58889663,17.715794,United-States,<=50K
52.056847,Private,142688.72,HS-grad,9.029371,Widowed,Machine-op-inspct,Not-in-family,White,Female,-107.493546,1.0581197,40.025036,United-States,<=50K
35.739292,Private,320390.28,Some-college,10.029652,Married-civ-spouse,Sales,Husband,Asian-Pac-Islander,Male,-120.992325,1.215804,40.023914,Vietnam,<=50K
55.792656,Private,113094.734,Some-college,10.035969,Married-civ-spouse,Prof-specialty,Husband,White,Male,-114.35219,0.16226086,15.800098,United-States,<=50K
17.78448,?,95093.16,11th,7.033116,Never-married,?,Own-child,White,Female,-99.50575,0.33174786,30.007425,United-States,<=50K
31.195658,Private,89206.84,10th,6.0343666,Divorced,Handlers-cleaners,Not-in-family,White,Male,-117.70912,0.35414776,39.08194,United-States,<=50K
37.66342,Private,130106.25,HS-grad,9.027027,Separated,Craft-repair,Own-child,White,Male,-94.82387,0.9033574,41.664482,United-States,<=50K
54.003914,Private,267894.12,Assoc-voc,11.019994,Never-married,Exec-managerial,Not-in-family,White,Female,-115.75087,0.9261006,43.295406,United-States,<=50K
25.945774,Private,526982.5,Some-college,10.026336,Never-married,Prof-specialty,Own-child,White,Male,-88.99257,0.33538708,2.8447764,El-Salvador,<=50K
27.190928,Private,156052.22,Bachelors,13.006973,Never-married,Prof-specialty,Not-in-family,White,Female,-113.79286,0.6269902,40.21904,United-States,<=50K
19.434229,Private,352579.34,HS-grad,9.031066,Never-married,Sales,Own-child,White,Male,-97.47377,0.517516,22.742628,United-States,<=50K
46.110706,Local-gov,314334.94,Prof-school,14.986103,Separated,Prof-specialty,Not-in-family,Black,Male,4613.934,1.1038579,40.007004,United-States,<=50K
42.07771,Private,249356.9,Some-college,10.030141,Divorced,Machine-op-inspct,Unmarried,Black,Female,-97.883194,1.0660237,38.625694,United-States,<=50K
57.097717,Private,145340.69,11th,7.0353856,Never-married,Machine-op-inspct,Other-relative,White,Male,-108.63539,0.9259633,40.023754,United-States,<=50K
69.5366,?,95311.484,7th-8th,4.0447044,Married-civ-spouse,?,Husband,White,Male,-122.83339,0.846732,48.784954,United-States,<=50K
20.47278,Private,206075.64,Some-college,10.033294,Never-married,Prof-specialty,Unmarried,White,Male,467.8536,0.29260144,18.296131,United-States,<=50K
66.110695,Private,223198.58,Masters,13.989853,Never-married,Prof-specialty,Not-in-family,White,Female,1627.6674,0.7917241,37.557613,United-States,<=50K
54.44869,Private,159471.6,Some-college,10.522902,Divorced,Adm-clerical,Not-in-family,White,Female,-105.0497,0.8289403,61.74767,United-States,<=50K
46.058685,Local-gov,139289.47,Bachelors,13.001804,Divorced,Prof-specialty,Unmarried,White,Female,-111.32851,642.6583,40.021957,United-States,<=50K
29.037806,Private,263471.03,Assoc-acdm,12.01025,Never-married,Other-service,Unmarried,Black,Male,-112.935684,632.49084,60.133224,United-States,<=50K
35.035786,Private,81099.79,HS-grad,9.024302,Divorced,Transport-moving,Unmarried,White,Male,513.31396,1.0548466,45.616764,?,<=50K
40.771442,Private,115464.36,9th,5.033891,Divorced,Craft-repair,Unmarried,White,Male,2684.7224,1.3156422,49.908154,United-States,<=50K
48.496277,State-gov,198956.77,Some-college,10.029711,Never-married,Exec-managerial,Not-in-family,White,Male,-120.45058,1.131545,40.04293,United-States,<=50K
47.09932,Private,244747.14,HS-grad,9.0226145,Never-married,Machine-op-inspct,Unmarried,Amer-Indian-Eskimo,Male,-104.56142,1.4858922,56.210308,Puerto-Rico,<=50K
53.6167,Private,104385.17,7th-8th,4.0434976,Married-civ-spouse,Transport-moving,Husband,White,Male,-111.5497,1869.4988,40.03019,United-States,<=50K
21.900856,Private,67220.586,Some-college,10.033047,Never-married,Other-service,Not-in-family,White,Male,-110.692764,0.6293248,71.06001,United-States,<=50K
17.41711,Private,158510.23,11th,8.171387,Never-married,Handlers-cleaners,Own-child,White,Male,-86.675674,1736.7162,16.584951,United-States,<=50K
23.392159,Self-emp-not-inc,173937.48,11th,6.8182406,Never-married,Sales,Own-child,White,Male,-115.850235,0.8159169,40.053104,United-States,<=50K
41.41398,Self-emp-not-inc,212932.42,Masters,13.984439,Married-civ-spouse,Sales,Husband,White,Male,978.24243,1.3456639,58.277634,United-States,<=50K
77.32103,Self-emp-not-inc,162170.23,Preschool,1.0786451,Widowed,Exec-managerial,Not-in-family,White,Female,-117.88222,1.0515279,60.216473,United-States,<=50K
41.948917,Private,116790.445,Some-college,9.535918,Separated,Prof-specialty,Not-in-family,White,Male,-123.324356,0.49912152,57.791374,United-States,<=50K
38.816795,Private,423552.97,HS-grad,9.022842,Divorced,Other-service,Unmarried,White,Female,-95.23329,1.0564717,38.012474,United-States,<=50K
40.052135,Local-gov,106025.0,Masters,13.984572,Never-married,Adm-clerical,Not-in-family,White,Female,-121.92299,1899.6615,34.993454,United-States,<=50K
75.32855,?,37578.31,Doctorate,15.9677725,Never-married,?,Not-in-family,White,Male,-115.04921,0.74593246,40.0046,United-States,<=50K
23.096235,Private,419981.38,HS-grad,9.026501,Never-married,Handlers-cleaners,Own-child,White,Male,-108.14711,0.7818059,39.245647,United-States,<=50K
33.024445,Local-gov,40223.62,HS-grad,9.034905,Never-married,Transport-moving,Not-in-family,Amer-Indian-Eskimo,Male,-128.5453,0.89457595,40.04699,United-States,<=50K
40.494476,Private,89639.625,HS-grad,9.0282,Divorced,Machine-op-inspct,Other-relative,White,Female,-92.97255,0.95722854,42.61191,United-States,<=50K
58.174805,Federal-gov,31279.574,Some-college,10.032355,Widowed,Prof-specialty,Unmarried,Amer-Indian-Eskimo,Female,-126.41664,0.8532704,40.036198,United-States,<=50K
46.596115,Local-gov,296131.0,Masters,13.985704,Divorced,Other-service,Not-in-family,White,Male,-115.90346,1.1874074,40.02396,United-States,<=50K
25.969599,?,160289.3,HS-grad,9.029935,Separated,?,Unmarried,White,Female,-106.997696,0.9323567,39.02721,United-States,<=50K
41.071983,Private,194184.38,Assoc-acdm,12.011106,Divorced,Exec-managerial,Unmarried,White,Female,-91.637344,0.5439824,9.834263,Dominican-Republic,<=50K
32.7342,Private,109756.484,Bachelors,13.004096,Never-married,Tech-support,Not-in-family,White,Female,-117.74721,0.76293075,41.230484,United-States,<=50K
56.21799,Private,254412.72,Some-college,10.027754,Divorced,Exec-managerial,Not-in-family,White,Female,-113.32753,0.92297256,40.02592,United-States,<=50K
51.089306,Private,103528.48,Assoc-voc,11.020204,Married-civ-spouse,Handlers-cleaners,Husband,White,Male,-117.411514,0.62445724,40.0213,Greece,<=50K
19.352535,Private,63093.145,HS-grad,9.038138,Never-married,Handlers-cleaners,Own-child,White,Male,-93.78383,0.31585583,26.717373,United-States,<=50K
22.304485,Private,75457.02,HS-grad,9.031281,Never-married,Sales,Own-child,Asian-Pac-Islander,Female,-108.9203,0.7275914,40.039177,United-States,<=50K
48.828808,Self-emp-not-inc,186971.28,HS-grad,9.024417,Divorced,Other-service,Own-child,White,Female,-87.69057,1.055991,34.09664,United-States,<=50K
21.478209,Private,332693.84,11th,6.571252,Widowed,Sales,Unmarried,Black,Female,-103.706924,0.90830886,36.542454,United-States,<=50K
60.148125,?,43168.7,11th,7.034713,Married-spouse-absent,?,Unmarried,Black,Female,-117.899796,0.7501973,20.085121,United-States,<=50K
25.60677,Private,233199.81,HS-grad,9.030995,Never-married,Adm-clerical,Not-in-family,White,Male,-124.827286,0.73313797,41.377357,United-States,<=50K
17.608812,Private,176355.22,11th,6.745948,Never-married,Sales,Other-relative,White,Male,-96.17421,0.26161084,24.71001,United-States,<=50K
40.099358,State-gov,458315.66,11th,7.0302114,Divorced,Transport-moving,Unmarried,White,Female,-85.35585,1.8634099,52.203644,United-States,<=50K
28.993973,State-gov,71626.555,Some-college,10.030068,Never-married,Adm-clerical,Unmarried,Asian-Pac-Islander,Female,-129.0768,1.1558827,40.051437,Philippines,<=50K
33.01915,State-gov,26820.184,Doctorate,15.960883,Married-civ-spouse,Prof-specialty,Husband,Asian-Pac-Islander,Male,-107.696915,0.58415115,20.119488,United-States,<=50K
20.5129,Private,166583.22,HS-grad,9.034704,Never-married,Adm-clerical,Own-child,White,Male,-106.316055,0.35207257,22.511223,United-States,<=50K
46.316036,Private,256593.69,Masters,13.987838,Married-civ-spouse,Adm-clerical,Husband,White,Male,-117.12416,1.0820531,43.216053,United-States,<=50K
51.875027,Private,169137.8,HS-grad,9.026767,Widowed,Exec-managerial,Unmarried,White,Female,-92.58583,1.3205632,41.876617,United-States,<=50K
35.49241,Private,180685.17,Bachelors,13.004838,Married-civ-spouse,Adm-clerical,Wife,White,Male,-118.57631,0.8813008,40.061413,Poland,>50K
55.323425,Local-gov,183093.45,Bachelors,13.491975,Separated,Prof-specialty,Not-in-family,White,Male,1157.0677,0.85270584,39.790863,United-States,>50K
49.30908,Self-emp-inc,227297.28,HS-grad,9.025951,Divorced,Exec-managerial,Not-in-family,White,Male,7956.2773,1.1855305,40.012257,United-States,>50K
36.396,Private,122621.84,Bachelors,13.006904,Married-spouse-absent,Prof-specialty,Not-in-family,Asian-Pac-Islander,Male,-123.46669,0.6207341,38.73838,Philippines,>50K
42.57282,Local-gov,229100.56,Bachelors,12.689428,Married-civ-spouse,Protective-serv,Husband,White,Male,-107.226456,1974.1626,40.02137,United-States,>50K
28.600153,Private,128059.96,Masters,13.986998,Never-married,Prof-specialty,Own-child,White,Male,-116.85463,0.71818435,41.30236,United-States,>50K
44.325962,Local-gov,197749.56,Prof-school,15.142451,Married-civ-spouse,Prof-specialty,Husband,White,Male,1641.2882,0.8218602,40.08176,United-States,>50K
35.72638,Self-emp-inc,138014.47,Prof-school,14.9413,Married-civ-spouse,Prof-specialty,Wife,White,Female,-111.4684,0.8084172,64.14169,United-States,>50K
41.686394,Private,169270.66,Some-college,9.5306225,Separated,Craft-repair,Unmarried,White,Male,1185.9396,1.0284947,41.705963,United-States,>50K
42.01329,Private,138270.2,Masters,13.98928,Married-civ-spouse,Exec-managerial,Husband,White,Male,60.99412,0.87032974,39.967392,United-States,>50K
30.62096,Private,62573.02,Bachelors,12.997807,Married-civ-spouse,Tech-support,Husband,White,Male,-124.28041,1912.3768,60.324047,United-States,>50K
47.88447,Private,111468.336,Some-college,9.697941,Never-married,Tech-support,Not-in-family,White,Male,11773.864,0.98443496,39.652466,United-States,>50K
34.092373,Private,218151.61,Some-college,10.0312195,Married-civ-spouse,Handlers-cleaners,Husband,White,Male,979.8192,0.74346054,40.955963,United-States,>50K
30.911592,Private,104140.53,Assoc-acdm,12.010648,Married-civ-spouse,Adm-clerical,Wife,Asian-Pac-Islander,Female,2519.3882,0.9809407,37.50016,Haiti,>50K
47.96527,Private,133999.8,Masters,14.219198,Married-civ-spouse,Prof-specialty,Husband,Asian-Pac-Islander,Male,1774.6659,1.0636891,40.97707,India,>50K
39.927658,Self-emp-inc,35243.51,Assoc-voc,11.022101,Married-civ-spouse,Exec-managerial,Husband,White,Male,-118.10585,0.7670506,64.864944,United-States,>50K
46.451015,Self-emp-not-inc,485496.7,Some-college,9.781093,Married-civ-spouse,Sales,Husband,White,Male,1547.2318,1.2347935,41.219543,United-States,>50K
47.77666,Private,151095.97,HS-grad,9.031629,Married-civ-spouse,Craft-repair,Husband,Black,Male,1263.4556,1.1482304,40.881245,United-States,>50K
44.421284,State-gov,116811.29,Doctorate,15.630566,Married-civ-spouse,Prof-specialty,Husband,White,Male,-121.4933,1.0273885,71.50504,?,>50K
43.361088,Private,122827.29,HS-grad,9.031798,Never-married,Craft-repair,Not-in-family,White,Male,748.3823,0.83718,44.49409,United-States,>50K
50.27968,Self-emp-not-inc,314381.56,Bachelors,13.005117,Married-civ-spouse,Exec-managerial,Husband,White,Male,-114.502335,1.2559193,47.248043,United-States,>50K
39.413895,Private,138018.11,Masters,13.984628,Never-married,Prof-specialty,Not-in-family,White,Male,-117.52089,0.6939076,47.122368,United-States,>50K
45.31647,Private,610535.06,Assoc-voc,10.35703,Married-civ-spouse,Sales,Husband,White,Male,1423.2916,1.1507329,59.649235,United-States,>50K
36.337086,Self-emp-not-inc,209777.44,Bachelors,13.004694,Married-civ-spouse,Prof-specialty,Husband,White,Male,671.2427,0.8362187,45.11317,United-States,>50K
44.69085,Federal-gov,114872.35,Masters,13.986721,Married-civ-spouse,Exec-managerial,Husband,White,Male,2010.9066,1.0885075,57.155193,United-States,>50K
37.964928,Private,215251.9,Bachelors,13.006057,Married-civ-spouse,Other-service,Husband,Other,Male,-108.46254,1.0124959,40.046215,France,>50K
35.304626,Private,132094.48,Bachelors,13.002447,Married-civ-spouse,Adm-clerical,Husband,White,Male,-110.93446,1932.619,44.993176,United-States,>50K
48.118168,Self-emp-not-inc,270066.53,Prof-school,14.977367,Married-civ-spouse,Prof-specialty,Husband,White,Male,-108.03017,2295.2378,72.308624,United-States,>50K
43.047623,Private,212478.8,Assoc-acdm,12.009072,Separated,Adm-clerical,Unmarried,White,Male,-100.91713,1.0643986,40.017494,United-States,>50K
36.966675,Self-emp-inc,166321.27,Masters,13.987674,Never-married,Exec-managerial,Not-in-family,White,Female,9075.181,1.2726353,38.269676,France,>50K
36.247795,Private,134277.92,Bachelors,13.005543,Never-married,Adm-clerical,Not-in-family,White,Female,-116.831924,0.7177037,41.91278,United-States,>50K
53.30649,Private,334398.56,HS-grad,9.026401,Married-civ-spouse,Prof-specialty,Husband,White,Male,5198.0093,1.3635167,42.721992,United-States,>50K
41.200092,Self-emp-not-inc,148319.78,Bachelors,13.001344,Married-civ-spouse,Sales,Wife,White,Female,-105.876114,1.0950764,45.334145,United-States,>50K
37.74066,Private,207578.12,Prof-school,15.204042,Divorced,Prof-specialty,Not-in-family,White,Male,2866.8308,0.6442174,43.067142,United-States,>50K
50.53577,Private,138462.92,Some-college,9.358495,Divorced,Transport-moving,Not-in-family,White,Male,-111.254776,0.7535237,42.406475,United-States,>50K
36.164803,Private,160936.47,Assoc-acdm,12.0086355,Divorced,Sales,Not-in-family,White,Male,-106.532364,0.8473042,49.62322,United-States,>50K
38.869244,Self-emp-inc,175443.5,Bachelors,13.004162,Married-civ-spouse,Sales,Husband,White,Male,12451.088,1.1429204,54.148163,United-States,>50K
28.434668,Private,111833.164,Bachelors,13.005655,Never-married,Sales,Own-child,White,Male,1871.629,0.72705734,40.776913,United-States,>50K
56.18784,Private,165135.9,Some-college,10.027543,Divorced,Sales,Not-in-family,White,Female,1706.6305,0.69459426,35.402046,United-States,>50K
41.859276,Private,217494.69,Some-college,10.027685,Married-civ-spouse,Sales,Husband,White,Male,356.2905,0.9537648,54.552567,United-States,>50K
25.402914,Private,378596.03,Some-college,9.531859,Never-married,Handlers-cleaners,Not-in-family,Black,Female,100092.77,0.958228,40.023422,United-States,>50K
45.742596,State-gov,205320.12,Masters,13.9865055,Married-civ-spouse,Prof-specialty,Wife,White,Female,7862.1035,1.4662465,38.348785,United-States,>50K
38.686024,Private,103511.76,HS-grad,9.287265,Never-married,Prof-specialty,Not-in-family,White,Male,-124.14076,0.4599522,44.45052,United-States,>50K
41.17429,Private,123550.125,Masters,13.986581,Married-civ-spouse,Exec-managerial,Husband,White,Male,-119.55287,2025.9397,42.20067,United-States,>50K
41.400978,Self-emp-not-inc,124363.8,Assoc-acdm,13.654324,Married-civ-spouse,Farming-fishing,Husband,White,Male,-109.08559,1.0348958,58.281006,United-States,>50K
52.926655,Self-emp-not-inc,84609.414,Masters,13.988349,Married-civ-spouse,Tech-support,Husband,White,Male,-119.563126,1.0338734,38.81272,United-States,>50K
45.29825,Self-emp-not-inc,180054.36,Prof-school,14.976642,Never-married,Prof-specialty,Not-in-family,White,Male,-114.60414,2320.6113,52.779835,United-States,>50K
40.36643,Private,125635.31,Bachelors,13.003398,Married-civ-spouse,Adm-clerical,Husband,Asian-Pac-Islander,Male,560.3866,0.9054326,39.079807,United-States,>50K
50.75121,Private,135108.11,HS-grad,9.029889,Married-civ-spouse,Adm-clerical,Husband,White,Male,-106.59584,0.906371,40.57401,United-States,>50K
43.98192,Private,133056.6,Bachelors,13.002508,Never-married,Tech-support,Not-in-family,White,Male,-109.57387,1585.2046,44.942764,Canada,>50K
41.954678,Private,218003.42,Some-college,10.030441,Married-civ-spouse,Tech-support,Husband,White,Male,1779.5079,0.9975728,40.32621,United-States,>50K
46.842754,Private,256494.75,Bachelors,13.00734,Married-civ-spouse,Machine-op-inspct,Husband,White,Male,-118.070206,1.030547,44.974125,India,>50K
32.72624,Self-emp-inc,174834.73,Bachelors,13.000243,Married-civ-spouse,Sales,Husband,White,Male,1130.495,0.9377049,71.21037,United-States,>50K
39.253105,State-gov,224873.92,Bachelors,13.001857,Married-civ-spouse,Protective-serv,Husband,White,Male,1707.747,1.2003697,44.49111,United-States,>50K
55.28783,Private,99756.945,Masters,13.634013,Never-married,Tech-support,Not-in-family,White,Male,-114.153946,0.6528615,34.434166,United-States,>50K
38.66067,Self-emp-inc,314384.28,Prof-school,15.26743,Married-civ-spouse,Prof-specialty,Husband,Black,Male,3982.4954,1.2830647,89.61258,United-States,>50K
53.97322,Private,245126.61,HS-grad,9.026836,Married-civ-spouse,Sales,Husband,White,Male,2271.9832,1.1295842,40.292847,United-States,>50K
60.68129,Self-emp-not-inc,195227.42,HS-grad,11.032848,Never-married,Exec-managerial,Not-in-family,White,Male,-109.8307,2528.0627,50.15114,United-States,>50K
42.11018,Private,216605.55,9th,5.532743,Married-civ-spouse,Other-service,Husband,White,Male,-100.566055,0.7254323,33.605515,Cuba,>50K
40.315136,Self-emp-inc,204767.27,HS-grad,9.023781,Married-civ-spouse,Exec-managerial,Husband,White,Male,-104.266495,1.2436665,76.86707,Taiwan,>50K
43.567097,Federal-gov,190037.14,Masters,13.985393,Never-married,Exec-managerial,Not-in-family,White,Female,10560.049,1.3137654,49.753616,United-States,>50K
34.709713,Local-gov,313732.44,Some-college,9.697109,Married-civ-spouse,Adm-clerical,Husband,White,Male,2270.3633,1.3730916,44.377277,Cuba,>50K
40.896347,Private,150030.3,Some-college,9.246811,Married-civ-spouse,Prof-specialty,Husband,White,Male,-115.183975,0.69908035,44.051422,?,>50K
46.802155,Private,135401.3,7th-8th,4.857435,Married-civ-spouse,Transport-moving,Husband,White,Male,856.02136,1.1096562,81.03892,United-States,>50K
42.594536,Self-emp-inc,142229.81,Bachelors,13.0049305,Married-civ-spouse,Exec-managerial,Husband,White,Male,-111.80922,0.90557754,48.545547,United-States,>50K
32.243946,Private,144519.36,Assoc-voc,11.021666,Never-married,Craft-repair,Unmarried,White,Male,1517.8972,0.7488011,43.26265,United-States,>50K
53.22232,Private,137537.17,HS-grad,9.027936,Married-civ-spouse,Transport-moving,Husband,White,Male,-97.55507,1.1865834,51.764816,United-States,>50K
45.505947,Private,139919.05,Some-college,10.0309515,Married-civ-spouse,Craft-repair,Husband,White,Male,7175.949,1.0659398,39.87448,United-States,>50K
45.274975,Private,217663.88,HS-grad,9.024678,Divorced,Craft-repair,Not-in-family,White,Male,12651.676,1.4348363,42.25367,United-States,>50K
32.45068,Local-gov,93759.91,HS-grad,9.032445,Married-civ-spouse,Exec-managerial,Husband,White,Male,1061.5212,1.0194844,69.46344,United-States,>50K
42.086597,Private,52230.152,Some-college,10.026713,Never-married,Craft-repair,Unmarried,White,Male,-112.90785,3030.1646,49.117466,United-States,>50K
52.61147,State-gov,133780.33,HS-grad,9.03023,Married-civ-spouse,Craft-repair,Husband,White,Male,-103.343155,1785.4968,39.20752,United-States,>50K
69.356316,Private,328410.4,Some-college,10.030359,Married-civ-spouse,Exec-managerial,Husband,White,Male,-130.51625,0.71815383,27.562103,United-States,>50K
51.972363,Private,124303.76,Bachelors,13.002632,Divorced,Exec-managerial,Not-in-family,White,Female,-108.16249,0.7001637,41.645027,United-States,>50K
43.49579,Private,162943.86,HS-grad,9.026854,Married-civ-spouse,Sales,Husband,White,Male,-100.108536,1983.6378,46.558838,United-States,>50K
64.30226,?,170646.25,HS-grad,10.275826,Married-civ-spouse,?,Husband,White,Male,-116.65639,1896.5327,38.79288,United-States,>50K
28.419588,Private,555534.25,Bachelors,13.001403,Married-civ-spouse,Prof-specialty,Wife,White,Female,1804.0056,1.0379323,48.35826,United-States,>50K
66.16562,Private,223792.53,HS-grad,8.157558,Married-civ-spouse,Sales,Husband,White,Male,-116.60536,2116.4463,6.0238037,United-States,>50K
43.577553,Self-emp-inc,169046.81,Some-college,10.029449,Married-civ-spouse,Craft-repair,Husband,White,Male,1379.2732,1.0750874,47.66326,United-States,>50K
47.10656,Self-emp-inc,136376.1,Bachelors,13.004416,Married-civ-spouse,Exec-managerial,Husband,White,Male,10863.041,1.203864,59.72852,United-States,>50K
54.336697,Private,135825.97,11th,7.0350013,Married-civ-spouse,Sales,Husband,White,Male,424.09457,0.8640202,40.17134,United-States,>50K
38.905846,Federal-gov,196154.7,Bachelors,13.004533,Never-married,Adm-clerical,Not-in-family,White,Male,2633.9165,1.0122365,44.70183,United-States,>50K
35.920673,Private,257472.62,Bachelors,13.008062,Married-civ-spouse,Exec-managerial,Husband,White,Male,-107.12221,1.051238,50.49286,Peru,>50K
35.276035,Self-emp-inc,272850.3,12th,8.039775,Married-civ-spouse,Adm-clerical,Husband,White,Male,-111.521866,1.0504445,40.033295,United-States,>50K
47.72657,Private,299323.94,10th,6.035584,Married-AF-spouse,Transport-moving,Unmarried,White,Male,-98.61049,1.3883885,42.46314,United-States,>50K
51.99063,Private,101939.24,Assoc-voc,11.022927,Married-civ-spouse,Craft-repair,Husband,White,Male,196.45714,0.7642964,44.458305,United-States,>50K
43.482033,Private,25879.215,Masters,13.984366,Married-civ-spouse,Transport-moving,Husband,White,Male,6183.8667,1.0833043,75.02685,United-States,>50K
49.9103,Self-emp-inc,149554.0,HS-grad,9.029674,Married-civ-spouse,Farming-fishing,Husband,White,Male,14038.462,1.8238667,47.68007,United-States,>50K
45.271183,Self-emp-inc,173807.27,HS-grad,9.02676,Married-civ-spouse,Exec-managerial,Husband,White,Male,-94.22621,1957.8761,52.169163,United-States,>50K
45.607967,Private,179559.31,Assoc-acdm,12.009605,Married-civ-spouse,Sales,Husband,White,Male,11616.107,1.2755574,49.784508,United-States,>50K
35.954967,Self-emp-not-inc,172501.52,Bachelors,13.006861,Married-civ-spouse,Tech-support,Husband,White,Male,3426.5735,1.0545338,40.05087,South,>50K
50.758595,Private,109725.94,Masters,13.988148,Married-civ-spouse,Prof-specialty,Husband,Asian-Pac-Islander,Male,1375.0415,1.0515813,40.97358,United-States,>50K
41.709553,Private,110744.26,Bachelors,13.001554,Married-civ-spouse,Prof-specialty,Husband,White,Male,670.9756,0.60774887,81.02551,United-States,>50K
45.750717,Private,168797.3,Bachelors,13.001401,Divorced,Exec-managerial,Unmarried,White,Female,1669.5903,0.9997319,46.50645,United-States,>50K
54.07842,Private,187431.42,Bachelors,13.004077,Divorced,Other-service,Not-in-family,White,Male,100089.164,0.73603714,40.03234,United-States,>50K
52.197533,Local-gov,184167.14,Masters,13.997248,Married-civ-spouse,Prof-specialty,Husband,Black,Male,2403.891,0.93900955,36.49018,United-States,>50K
29.686419,Private,156524.6,Bachelors,13.002261,Married-civ-spouse,Exec-managerial,Wife,White,Female,308.01755,0.85008895,54.179653,United-States,>50K
43.29735,Federal-gov,117394.445,Bachelors,13.004694,Married-civ-spouse,Prof-specialty,Husband,White,Male,246.2025,0.6039952,40.184635,United-States,>50K
56.57045,Self-emp-inc,195265.78,HS-grad,9.029487,Married-civ-spouse,Exec-managerial,Husband,White,Male,-107.1808,1.1501988,41.12347,United-States,>50K
31.002522,Local-gov,292871.1,Assoc-voc,12.039992,Never-married,Tech-support,Not-in-family,White,Male,-121.83925,1583.3027,54.069855,United-States,>50K
43.06139,Private,82086.87,Masters,14.8859,Divorced,Prof-specialty,Not-in-family,Asian-Pac-Islander,Male,-118.77211,0.8019856,37.56612,India,>50K
46.66117,Private,180892.81,Masters,13.982696,Married-civ-spouse,Sales,Husband,White,Male,-113.41908,2166.176,55.869278,United-States,>50K
45.492428,Private,166677.58,11th,8.749807,Married-civ-spouse,Other-service,Wife,Black,Female,-94.26698,1.0412053,38.66328,United-States,>50K
26.758968,Private,212393.64,11th,7.0316935,Married-civ-spouse,Other-service,Husband,White,Male,-113.413956,0.8000859,55.423237,United-States,>50K
40.109573,State-gov,83964.82,Bachelors,13.003682,Never-married,Prof-specialty,Unmarried,Asian-Pac-Islander,Female,-120.24965,0.9850911,40.051666,United-States,>50K
30.822657,Private,138986.48,Assoc-voc,11.017453,Never-married,Sales,Not-in-family,White,Male,16377.854,0.8347081,46.74067,United-States,>50K
29.931967,Federal-gov,241839.08,Some-college,10.031553,Married-civ-spouse,Tech-support,Husband,White,Male,-114.62685,0.9776982,42.738487,United-States,>50K
32.83964,Private,232407.83,Assoc-acdm,12.012928,Never-married,Prof-specialty,Not-in-family,White,Male,-122.38344,0.9012593,47.548187,United-States,>50K
63.445366,Self-emp-not-inc,71885.375,Some-college,10.030836,Married-civ-spouse,Exec-managerial,Husband,White,Male,-123.76674,2152.1926,43.233852,United-States,>50K
42.870823,Private,172900.81,Masters,13.993865,Married-civ-spouse,Prof-specialty,Husband,Black,Male,982.37756,0.92743576,40.031597,United-States,>50K
66.08371,Self-emp-inc,172712.88,Some-college,9.833574,Widowed,Sales,Not-in-family,White,Male,-126.37343,0.6955327,37.591286,United-States,>50K
45.999508,Private,251737.45,Prof-school,14.9853735,Married-civ-spouse,Prof-specialty,Husband,White,Male,-117.87709,0.7764653,42.558487,United-States,>50K
50.096672,Federal-gov,117955.37,HS-grad,9.028884,Married-civ-spouse,Transport-moving,Husband,Black,Male,-103.66371,1.2829198,47.283527,Haiti,>50K
43.78241,Self-emp-inc,324113.66,Bachelors,13.007584,Married-civ-spouse,Exec-managerial,Husband,White,Male,3281.0476,1.1783665,49.18328,United-States,>50K
50.98008,Private,129315.36,Assoc-acdm,12.016031,Married-civ-spouse,Machine-op-inspct,Husband,White,Male,2670.9438,0.9507741,40.021366,Peru,>50K
46.429005,Private,190766.1,Some-college,9.693359,Divorced,Adm-clerical,Unmarried,White,Female,12998.537,0.96288955,21.972599,United-States,>50K
42.266323,State-gov,91444.1,Bachelors,13.002534,Married-civ-spouse,Craft-repair,Husband,White,Male,-116.42494,0.9344624,44.450333,United-States,>50K
54.81762,Self-emp-not-inc,131586.34,HS-grad,8.819119,Married-civ-spouse,Sales,Husband,White,Male,894.71204,1.3508366,62.87764,United-States,>50K
50.607117,Self-emp-inc,189138.75,Bachelors,13.006063,Married-civ-spouse,Sales,Husband,White,Male,562.8661,0.93843734,43.140305,United-States,>50K
51.521267,Federal-gov,212019.72,Bachelors,13.0045,Married-spouse-absent,Exec-managerial,Not-in-family,Black,Male,-119.03407,0.9647664,40.033783,United-States,>50K
33.72133,Private,164652.98,Some-college,10.03226,Married-civ-spouse,Craft-repair,Husband,White,Male,105.81358,0.7894505,40.34612,United-States,>50K
66.340546,Self-emp-not-inc,146863.56,7th-8th,4.371002,Married-civ-spouse,Farming-fishing,Husband,White,Male,2101.5857,1.1125554,36.545193,United-States,>50K
33.029163,Private,285698.12,HS-grad,9.022314,Married-civ-spouse,Tech-support,Wife,Asian-Pac-Islander,Female,2116.2163,1.6041478,42.505154,United-States,>50K
43.011143,Self-emp-inc,302302.8,Some-college,10.026146,Married-civ-spouse,Sales,Husband,White,Male,255.06529,1.078101,55.48746,United-States,>50K
67.23697,Private,136527.9,Assoc-acdm,12.012497,Married-civ-spouse,Machine-op-inspct,Husband,White,Male,19995.736,0.96146286,17.59302,United-States,>50K
44.703396,?,229289.39,Masters,13.983364,Married-civ-spouse,Adm-clerical,Wife,White,Female,-102.83217,2083.5957,46.0271,United-States,>50K
46.92832,Self-emp-inc,176968.12,Some-college,9.522418,Divorced,Exec-managerial,Unmarried,White,Male,-94.61781,1.4557027,94.39004,United-States,>50K
41.990303,Self-emp-not-inc,252142.11,Prof-school,14.976255,Never-married,Prof-specialty,Not-in-family,Asian-Pac-Islander,Male,20794.662,1.3930196,40.00305,Philippines,>50K
51.65333,Federal-gov,310927.16,Masters,14.903551,Married-civ-spouse,Prof-specialty,Husband,White,Male,14845.332,1.3164357,39.97982,Haiti,>50K
30.848331,Private,127546.195,Bachelors,12.999944,Married-civ-spouse,Exec-managerial,Wife,White,Female,-115.532364,0.76531875,39.081184,United-States,>50K
56.946518,Self-emp-inc,154251.81,Doctorate,15.97546,Married-civ-spouse,Prof-specialty,Husband,White,Male,6646.092,1.0824269,56.664272,?,>50K
50.48081,Self-emp-not-inc,49484.246,HS-grad,8.449096,Married-civ-spouse,Farming-fishing,Husband,White,Male,-126.41933,1923.5883,63.798603,United-States,>50K
33.126053,Private,218905.69,11th,7.0313373,Married-civ-spouse,Transport-moving,Husband,White,Male,3529.869,1.295432,69.73029,United-States,>50K
48.68948,Private,157392.12,HS-grad,9.359494,Married-civ-spouse,Other-service,Husband,White,Male,-102.20912,1947.1874,91.493385,United-States,>50K
40.941734,Private,249307.3,Some-college,10.024903,Never-married,Sales,Not-in-family,White,Male,-123.14882,0.9678639,78.40664,United-States,>50K
50.51917,Private,206969.86,Masters,14.348538,Divorced,Exec-managerial,Unmarried,White,Male,1394.0791,1.0895604,40.958405,United-States,>50K
44.104992,Local-gov,214305.17,Some-college,9.833669,Married-civ-spouse,Exec-managerial,Husband,White,Male,-111.310684,1732.5126,41.35926,United-States,>50K
39.791573,Local-gov,173669.36,Some-college,10.035309,Married-civ-spouse,Exec-managerial,Husband,White,Male,-120.76088,0.94910324,41.187595,United-States,>50K
47.65909,Private,117395.39,Bachelors,13.003708,Married-civ-spouse,Sales,Husband,Asian-Pac-Islander,Male,9755.748,1.145049,50.559,United-States,>50K
45.814835,Private,272099.5,Some-college,10.031682,Married-civ-spouse,Prof-specialty,Husband,White,Male,-127.6476,0.7530354,41.25252,United-States,>50K
45.520508,Private,120063.38,HS-grad,9.027277,Married-civ-spouse,Exec-managerial,Husband,White,Male,-97.49672,1849.7216,55.85699,United-States,>50K
43.467476,Private,116155.81,Some-college,10.030064,Married-civ-spouse,Craft-repair,Husband,Amer-Indian-Eskimo,Male,3835.905,1.3079671,48.07729,United-States,>50K
50.029804,Private,136173.88,9th,3.6400723,Married-civ-spouse,Machine-op-inspct,Husband,White,Male,-103.06093,1.0181187,56.511166,United-States,>50K
37.73799,Private,225387.0,Some-college,10.026988,Married-civ-spouse,Exec-managerial,Wife,White,Female,1160.0458,1.0763386,41.12994,United-States,>50K
34.923866,Private,182029.08,Bachelors,13.002055,Married-civ-spouse,Tech-support,Husband,White,Male,497.7324,0.8286809,40.81706,United-States,>50K
56.843914,Private,165066.61,HS-grad,9.029288,Married-civ-spouse,Other-service,Husband,White,Male,100093.234,1.0236653,40.965164,United-States,>50K
50.17408,Federal-gov,71163.38,HS-grad,9.031963,Married-civ-spouse,Adm-clerical,Husband,White,Male,3363.9167,1.0655965,38.76569,United-States,>50K
30.951359,Self-emp-not-inc,96532.46,Assoc-voc,11.019123,Never-married,Farming-fishing,Not-in-family,White,Male,17988.768,1.1126393,51.79303,United-States,>50K
36.97411,Private,149873.66,Assoc-acdm,12.008689,Married-civ-spouse,Craft-repair,Husband,White,Male,-101.62929,0.984496,54.219482,United-States,>50K
34.35107,Federal-gov,370057.7,Bachelors,13.004108,Married-civ-spouse,Exec-managerial,Husband,White,Male,4839.812,1.1131581,39.42698,United-States,>50K
34.146736,Private,127435.81,Bachelors,13.004469,Never-married,Sales,Not-in-family,White,Female,2646.9092,0.84590805,51.966015,United-States,>50K
48.336575,Private,348139.16,Prof-school,14.983781,Married-civ-spouse,Exec-managerial,Husband,White,Male,3973.663,1.1837147,44.965496,United-States,>50K
59.516018,?,212851.84,Bachelors,13.01025,Married-civ-spouse,?,Husband,White,Male,4376.357,1.095702,54.076523,United-States,>50K
41.944336,Private,176176.78,HS-grad,9.229545,Married-civ-spouse,Machine-op-inspct,Husband,White,Male,100109.734,1.0652226,63.006393,United-States,>50K
34.002266,Self-emp-not-inc,138507.19,HS-grad,9.030183,Married-civ-spouse,Sales,Husband,White,Male,-99.58461,1.0278996,57.474384,United-States,>50K
33.442757,Private,130781.08,Assoc-voc,11.021614,Married-civ-spouse,Craft-repair,Husband,White,Male,355.79465,0.6749486,53.775585,United-States,>50K
45.59987,State-gov,164139.62,Assoc-voc,10.02327,Divorced,Prof-specialty,Unmarried,White,Female,-91.37807,1.2489232,52.962746,United-States,>50K
43.171963,Private,140368.12,HS-grad,9.0291195,Married-civ-spouse,Adm-clerical,Husband,Amer-Indian-Eskimo,Male,-99.82875,1.0443867,41.56107,United-States,>50K
39.658176,Private,326263.1,Bachelors,13.004507,Married-civ-spouse,Exec-managerial,Husband,Black,Male,-110.66225,1.0399235,41.651756,United-States,>50K
47.67698,Private,148942.69,HS-grad,9.028123,Married-civ-spouse,Machine-op-inspct,Husband,White,Male,-107.74794,1.1248387,45.59613,Ireland,>50K
54.22591,State-gov,106832.555,Masters,13.989581,Married-civ-spouse,Exec-managerial,Husband,White,Male,13217.158,1.5122136,40.558353,United-States,>50K
49.39504,Private,185373.55,Some-college,10.032031,Married-civ-spouse,Sales,Husband,Black,Male,-111.7328,1.0190877,48.117798,United-States,>50K
60.43023,Self-emp-not-inc,211783.88,Bachelors,13.006512,Married-civ-spouse,Sales,Husband,White,Male,14880.0205,1.3786916,39.03622,United-States,>50K
52.02309,State-gov,328233.3,Doctorate,15.971965,Divorced,Prof-specialty,Not-in-family,White,Male,-107.74281,1.1155156,59.43627,United-States,>50K
64.09148,Self-emp-not-inc,99872.6,Masters,13.992467,Married-civ-spouse,Prof-specialty,Husband,White,Male,3110.5051,0.77813613,36.476315,United-States,>50K
48.21754,Private,118448.086,Bachelors,13.002654,Divorced,Prof-specialty,Not-in-family,White,Male,-114.77455,0.7517308,41.64455,Canada,>50K
41.65148,Private,165838.25,Masters,13.9875965,Divorced,Exec-managerial,Unmarried,White,Male,3791.177,1.2823857,63.03377,United-States,>50K
39.289616,Private,118205.28,Bachelors,12.999869,Married-civ-spouse,Craft-repair,Wife,White,Female,-108.393936,0.7872075,34.519054,United-States,>50K
36.708965,Private,265412.47,Some-college,10.028158,Married-civ-spouse,Exec-managerial,Husband,White,Male,13651.698,1.2716664,54.405186,United-States,>50K
39.156223,Private,875353.0,Bachelors,13.0040455,Married-civ-spouse,Sales,Husband,White,Male,-112.709366,1.0593098,47.00831,United-States,>50K
37.83515,Federal-gov,149567.47,Assoc-acdm,12.010108,Married-civ-spouse,Adm-clerical,Wife,White,Female,1421.2216,1.0708836,37.773415,United-States,>50K
36.25148,?,193277.89,Bachelors,13.006139,Married-civ-spouse,?,Wife,White,Female,-112.49843,0.57991683,17.86492,United-States,>50K
44.77456,Private,159499.61,Assoc-voc,11.018975,Divorced,Prof-specialty,Not-in-family,White,Male,1581.9807,0.64558303,40.580437,United-States,>50K
43.09334,Private,197450.5,Bachelors,13.002878,Divorced,Prof-specialty,Not-in-family,White,Male,-110.067276,0.65166366,44.31351,United-States,>50K
32.420105,State-gov,123191.414,HS-grad,9.031305,Married-civ-spouse,Transport-moving,Husband,White,Male,845.97363,1.0719899,40.833202,United-States,>50K
58.130867,Private,167079.31,Some-college,9.867511,Married-civ-spouse,Transport-moving,Husband,White,Male,1556.4353,0.5714711,19.524632,United-States,>50K
35.10798,Private,181586.7,Some-college,10.0299835,Married-civ-spouse,Farming-fishing,Husband,White,Male,584.5206,0.8612889,49.93132,United-States,>50K
41.781273,State-gov,153034.06,Bachelors,13.00396,Married-civ-spouse,Exec-managerial,Wife,White,Female,-105.5099,1.1752385,49.838886,United-States,>50K
31.490084,Self-emp-inc,153739.3,Bachelors,12.998613,Married-civ-spouse,Exec-managerial,Wife,White,Female,-115.52211,1954.6556,42.50266,United-States,>50K
49.037888,Private,140082.05,7th-8th,4.0475793,Married-civ-spouse,Craft-repair,Husband,White,Male,2415.3909,0.8137883,40.035744,Portugal,>50K
29.456097,Private,105055.18,Some-college,9.538344,Married-civ-spouse,Prof-specialty,Wife,Asian-Pac-Islander,Female,-118.23549,0.4283131,7.494095,United-States,>50K
41.025234,Private,137386.84,HS-grad,9.026992,Married-civ-spouse,Exec-managerial,Wife,White,Female,284.63632,1.0859212,43.60623,United-States,>50K
66.92031,Private,150148.19,Prof-school,15.126955,Married-civ-spouse,Prof-specialty,Husband,White,Male,5479.6787,0.28364453,26.478443,United-States,>50K
42.257538,Private,257134.28,Prof-school,14.985063,Married-civ-spouse,Prof-specialty,Husband,White,Male,100103.12,0.7250966,58.194145,United-States,>50K
42.55682,Federal-gov,330032.03,Some-college,10.02937,Married-civ-spouse,Adm-clerical,Husband,White,Male,-115.84755,1.0384511,41.525867,United-States,>50K
56.104557,Self-emp-not-inc,104473.57,7th-8th,4.1933074,Married-civ-spouse,Farming-fishing,Husband,White,Male,1934.5375,1.4945668,75.30487,United-States,>50K
76.922966,Federal-gov,164369.34,Doctorate,15.966892,Married-spouse-absent,Prof-specialty,Not-in-family,White,Male,-98.94374,0.12806591,11.91942,United-States,>50K
39.363026,Federal-gov,293571.78,Masters,14.347195,Married-civ-spouse,Tech-support,Husband,White,Male,-110.425674,1.2659825,41.89129,United-States,>50K
43.01212,Private,111233.89,Bachelors,13.002943,Married-civ-spouse,Tech-support,Husband,White,Male,382.06735,0.8180531,45.428524,United-States,>50K
32.10726,Local-gov,209104.39,Bachelors,13.00081,Married-civ-spouse,Protective-serv,Husband,White,Male,576.8048,1.0101918,42.716034,United-States,>50K
37.239697,Self-emp-not-inc,231143.03,Some-college,9.702286,Married-civ-spouse,Prof-specialty,Not-in-family,White,Male,-121.137344,1829.0459,13.998016,United-States,>50K
24.919773,Private,182305.5,Assoc-acdm,12.009186,Married-civ-spouse,Machine-op-inspct,Wife,Other,Female,3601.602,1.1623906,45.598946,United-States,>50K
45.024166,Private,172430.73,Bachelors,13.001487,Divorced,Exec-managerial,Not-in-family,White,Male,-110.18153,2100.7812,50.8673,United-States,>50K
52.213276,Self-emp-inc,274448.25,HS-grad,9.027899,Married-civ-spouse,Exec-managerial,Wife,White,Female,14923.416,1.9253224,38.77111,United-States,>50K
53.24549,Self-emp-not-inc,144921.94,HS-grad,11.607063,Divorced,Exec-managerial,Unmarried,White,Male,26655.488,1.9248112,52.538322,United-States,>50K
34.686916,Private,180426.9,Some-college,10.029892,Married-civ-spouse,Craft-repair,Husband,White,Male,197.39037,0.8909062,52.828224,United-States,>50K
39.464848,Self-emp-inc,167622.08,HS-grad,9.027837,Married-civ-spouse,Sales,Husband,White,Male,1183.9559,1.0312566,64.12598,United-States,>50K
47.33022,Private,247742.48,Assoc-voc,10.021662,Divorced,Craft-repair,Not-in-family,White,Male,3984.5374,1.1453084,40.02881,Mexico,>50K
42.22772,Self-emp-not-inc,162864.62,Masters,13.986744,Married-civ-spouse,Exec-managerial,Husband,White,Male,1257.3013,1.2480153,53.918552,United-States,>50K
46.386837,Local-gov,202624.58,HS-grad,9.026169,Divorced,Tech-support,Unmarried,White,Male,2365.0225,1.4276189,37.993126,United-States,>50K
47.78831,State-gov,141502.56,Bachelors,13.0028515,Married-civ-spouse,Exec-managerial,Husband,White,Male,-113.981094,1.0558461,40.343796,United-States,>50K
36.611,Private,186971.44,Bachelors,13.00447,Never-married,Exec-managerial,Not-in-family,White,Female,12441.211,1.0679845,53.611176,United-States,>50K
37.557655,Private,385783.03,Masters,13.986894,Married-civ-spouse,Exec-managerial,Husband,Black,Male,-121.47792,1831.6771,43.20714,United-States,>50K
62.06054,Federal-gov,66588.234,11th,7.0329056,Divorced,Other-service,Not-in-family,White,Female,5907.6367,1.1859273,40.0252,United-States,>50K
53.059685,Private,164842.81,Assoc-voc,11.021642,Married-civ-spouse,Tech-support,Husband,White,Male,2903.6523,0.88349044,39.87136,United-States,>50K
44.692413,Self-emp-inc,143049.86,Some-college,9.905187,Married-civ-spouse,Exec-managerial,Husband,White,Male,-108.14198,1.0930852,92.80558,United-States,>50K
41.03026,State-gov,238498.39,Assoc-voc,11.018106,Married-civ-spouse,Protective-serv,Husband,White,Male,-103.72719,1.1437138,42.404026,United-States,>50K
64.56012,Self-emp-not-inc,195971.8,Bachelors,13.247829,Married-civ-spouse,Exec-managerial,Husband,White,Male,-117.60487,2142.1455,7.8363495,United-States,>50K
45.116512,Local-gov,232494.28,Bachelors,13.005419,Divorced,Prof-specialty,Not-in-family,White,Female,3132.775,0.8502339,39.77896,United-States,>50K
44.742233,State-gov,163924.03,Assoc-voc,11.023681,Married-civ-spouse,Prof-specialty,Husband,White,Male,1034.4424,0.8484944,39.73941,United-States,>50K
25.763264,Private,179334.9,Bachelors,13.007696,Never-married,Prof-specialty,Not-in-family,White,Female,11566.701,0.81398666,40.04446,United-States,>50K
49.522835,Local-gov,315914.72,Masters,13.988864,Widowed,Prof-specialty,Unmarried,White,Male,-120.51918,1.2456807,39.952488,United-States,>50K
75.05964,Local-gov,194475.34,HS-grad,9.03082,Never-married,Exec-managerial,Not-in-family,White,Male,10029.361,1.448058,38.98359,United-States,>50K
37.09849,Private,191208.52,Bachelors,13.002809,Married-civ-spouse,Exec-managerial,Husband,White,Male,-17.035786,0.815688,39.88218,United-States,>50K
42.28148,Private,130476.84,Bachelors,13.002703,Married-civ-spouse,Adm-clerical,Husband,White,Male,42.821148,0.7109059,40.48837,United-States,>50K
47.321304,Private,228024.05,Some-college,9.529309,Married-civ-spouse,Handlers-cleaners,Husband,White,Male,-112.050674,1985.655,40.506844,United-States,>50K
46.460262,Private,232568.66,HS-grad,9.02924,Married-civ-spouse,Adm-clerical,Husband,Black,Male,664.6738,1.3000935,40.756714,United-States,>50K
48.33814,Private,222930.56,Some-college,10.02464,Married-civ-spouse,Adm-clerical,Wife,White,Female,502.14462,1.005782,39.057995,United-States,>50K
39.356102,State-gov,149016.25,HS-grad,9.031036,Married-civ-spouse,Prof-specialty,Husband,White,Male,-96.9474,1.2089833,60.148773,United-States,>50K
49.67919,Self-emp-not-inc,103319.6,Bachelors,13.0058975,Married-civ-spouse,Sales,Husband,White,Male,-117.864395,0.93121994,39.819862,United-States,>50K
37.21502,Private,188815.02,Some-college,9.695595,Divorced,Machine-op-inspct,Unmarried,White,Male,-100.18227,0.99566543,50.536015,United-States,>50K
44.27151,Local-gov,130987.22,Bachelors,13.003652,Married-civ-spouse,Adm-clerical,Husband,White,Male,1364.9021,0.9649037,40.046463,United-States,>50K
38.856808,Federal-gov,65874.5,Some-college,10.028918,Married-civ-spouse,Adm-clerical,Wife,Amer-Indian-Eskimo,Female,-111.11757,1.0681294,40.06358,United-States,>50K
39.33947,Self-emp-inc,73084.664,HS-grad,9.03107,Married-civ-spouse,Exec-managerial,Husband,White,Male,1246.2185,0.95447433,50.602505,Canada,>50K
59.113438,Self-emp-not-inc,180062.47,Prof-school,14.986316,Married-civ-spouse,Prof-specialty,Husband,White,Male,-118.18739,1.0369405,58.037697,England,>50K
53.395153,?,111855.35,Assoc-voc,11.021974,Married-civ-spouse,?,Husband,White,Male,-113.810684,0.867484,48.849308,United-States,>50K
50.27899,Private,258238.44,Doctorate,14.921239,Married-civ-spouse,Tech-support,Husband,White,Male,-113.92006,1973.916,40.0121,United-States,>50K
37.773197,Private,176316.38,Doctorate,14.885719,Never-married,Prof-specialty,Not-in-family,White,Male,100099.875,0.6508702,35.819477,United-States,>50K
62.17239,Private,109046.13,HS-grad,9.364829,Widowed,Adm-clerical,Unmarried,White,Male,-113.75722,1649.3942,38.372917,United-States,>50K
62.018578,Private,113094.93,Assoc-voc,11.022422,Married-civ-spouse,Prof-specialty,Husband,White,Male,5643.8086,0.75869644,47.11824,United-States,>50K
50.918137,Private,238536.72,9th,5.0437813,Married-civ-spouse,Craft-repair,Husband,White,Male,699.7787,1.4299229,45.433372,United-States,>50K
47.605446,Federal-gov,111385.414,HS-grad,9.233415,Married-civ-spouse,Machine-op-inspct,Husband,White,Male,2812.9426,1.1571034,40.029922,United-States,>50K
49.531616,Private,154297.88,Bachelors,13.004863,Never-married,Adm-clerical,Not-in-family,White,Male,17083.58,1.0073231,40.70953,United-States,>50K
48.337185,Private,217080.47,Masters,14.43678,Divorced,Prof-specialty,Unmarried,White,Female,-113.07045,2690.2498,38.792038,United-States,>50K
31.25605,Private,99757.445,HS-grad,9.03168,Married-civ-spouse,Transport-moving,Husband,White,Male,724.3959,0.82481277,46.383553,United-States,>50K
34.03974,Private,130672.336,Bachelors,13.003206,Married-civ-spouse,?,Husband,White,Male,-108.38368,0.7198094,62.741863,Yugoslavia,>50K
43.16504,Private,375221.84,Bachelors,12.637991,Married-civ-spouse,Sales,Husband,White,Male,100092.59,0.9362782,45.57725,United-States,>50K
47.20546,State-gov,173619.62,Masters,13.987298,Married-civ-spouse,Exec-managerial,Husband,White,Male,-112.391495,1.2902592,47.783764,United-States,>50K
56.82621,Self-emp-inc,139274.11,Masters,14.581967,Married-civ-spouse,Exec-managerial,Husband,White,Male,1024.0996,1.0049886,40.028687,United-States,>50K
41.92421,Local-gov,452430.7,HS-grad,9.031543,Married-civ-spouse,Craft-repair,Husband,Black,Male,2457.1714,1.46881,38.986282,United-States,>50K
37.604877,Private,201754.25,HS-grad,9.02946,Married-civ-spouse,Prof-specialty,Husband,White,Male,-113.4164,2013.5682,40.823246,United-States,>50K
44.089066,Private,118097.086,Masters,14.438893,Married-civ-spouse,Exec-managerial,Husband,Asian-Pac-Islander,Male,10028.471,1.3719548,42.395184,Honduras,>50K
39.01112,Private,70994.75,Some-college,9.53618,Divorced,Prof-specialty,Not-in-family,Asian-Pac-Islander,Male,-119.235,0.6443013,40.04534,Japan,>50K
62.851387,Private,153223.55,Masters,14.709715,Married-civ-spouse,Prof-specialty,Husband,White,Male,15011.095,1.1166219,42.47844,Germany,>50K
45.59989,Federal-gov,281307.47,Doctorate,15.972121,Never-married,Prof-specialty,Not-in-family,White,Female,-116.43764,1.1142644,54.743893,United-States,>50K
48.96411,Private,190755.3,Some-college,10.024613,Married-civ-spouse,Adm-clerical,Wife,White,Female,-105.58632,0.8367299,23.420134,Cuba,>50K
29.473127,Private,148918.31,Assoc-voc,11.015468,Never-married,Exec-managerial,Not-in-family,White,Male,10428.85,1.0342396,72.0361,Greece,>50K
35.726776,Federal-gov,102753.95,Assoc-acdm,12.007581,Married-civ-spouse,Transport-moving,Husband,White,Male,10952.604,1.3518895,71.09615,United-States,>50K
45.69082,Self-emp-not-inc,309856.7,Prof-school,14.983855,Married-civ-spouse,Prof-specialty,Husband,White,Male,100095.41,0.9623784,45.75686,United-States,>50K
38.548943,Private,236836.97,12th,8.039899,Married-civ-spouse,Craft-repair,Husband,White,Male,2057.2468,0.99069107,40.039257,United-States,>50K
41.112274,Private,131125.66,Doctorate,15.074808,Married-civ-spouse,Prof-specialty,Husband,White,Male,100107.09,0.5857991,49.872257,United-States,>50K
51.536537,Self-emp-not-inc,145951.5,HS-grad,9.031272,Married-civ-spouse,Exec-managerial,Husband,White,Male,-101.21205,1.2706136,40.161324,United-States,>50K
52.438805,Private,232843.14,Masters,13.982214,Never-married,Exec-managerial,Not-in-family,White,Male,1152.7725,1.0961293,61.124096,United-States,>50K
28.78956,Private,335105.34,Assoc-acdm,12.010321,Married-civ-spouse,Craft-repair,Not-in-family,White,Male,1524.5475,1.1603688,46.04275,United-States,>50K
34.88947,Private,89995.445,HS-grad,9.029324,Married-AF-spouse,Craft-repair,Wife,White,Male,-109.61708,0.90444076,40.680977,United-States,>50K
50.41549,State-gov,212113.08,Bachelors,13.004896,Married-civ-spouse,Prof-specialty,Husband,White,Male,685.5831,0.9134511,39.675068,United-States,>50K
62.21517,Self-emp-inc,121175.42,Some-college,9.631307,Married-civ-spouse,Sales,Husband,White,Male,15000.75,1.1292714,37.56116,United-States,>50K
57.975357,Self-emp-not-inc,214442.97,Prof-school,14.985383,Married-civ-spouse,Prof-specialty,Husband,White,Male,16788.234,1.2146138,40.472786,United-States,>50K
34.045704,Private,96855.11,Assoc-acdm,12.010083,Never-married,Adm-clerical,Not-in-family,Asian-Pac-Islander,Female,3960.2178,1.1335973,60.117783,United-States,>50K
42.412228,Private,433629.6,Some-college,10.028331,Married-civ-spouse,Exec-managerial,Husband,White,Male,-114.74135,1.08541,49.797176,United-States,>50K
43.007057,Private,200207.48,Some-college,10.0288105,Married-civ-spouse,Craft-repair,Husband,White,Male,10143.885,1.2756184,49.583702,United-States,>50K
38.952713,Private,158999.03,HS-grad,9.028038,Married-civ-spouse,Exec-managerial,Husband,White,Male,-91.81532,1.2335728,57.76669,England,>50K
47.893097,Private,130147.88,HS-grad,9.025356,Divorced,Transport-moving,Not-in-family,White,Male,11051.314,1.1012715,41.211388,United-States,>50K
37.208187,Private,50192.26,HS-grad,9.031641,Married-civ-spouse,Exec-managerial,Husband,White,Male,1302.431,0.8272008,56.16981,United-States,>50K
36.572025,Local-gov,175982.03,Some-college,10.029759,Married-civ-spouse,Protective-serv,Husband,White,Male,-109.65785,0.9938725,61.07861,United-States,>50K
64.7234,?,143372.3,Bachelors,13.007083,Married-civ-spouse,?,Husband,White,Male,1860.2766,0.39374432,8.588993,United-States,>50K
49.565556,Local-gov,149705.97,Bachelors,13.002941,Married-civ-spouse,Protective-serv,Husband,White,Male,12758.832,1.413802,41.94131,United-States,>50K
38.887135,Private,431297.1,Some-college,10.028427,Never-married,Prof-specialty,Not-in-family,White,Male,1983.3014,0.85429275,46.282024,United-States,>50K
55.09274,Self-emp-inc,187290.6,7th-8th,4.0530114,Married-civ-spouse,Exec-managerial,Husband,White,Male,2138.341,1.4551381,66.00368,Greece,>50K
39.299633,Private,186331.47,Bachelors,13.007955,Married-civ-spouse,Exec-managerial,Husband,White,Male,10759.624,1.1724843,50.397095,United-States,>50K
46.50896,Self-emp-not-inc,247320.2,HS-grad,8.8539505,Married-civ-spouse,Sales,Wife,White,Female,-99.671036,1.2121419,31.014729,United-States,>50K
37.966713,Private,130937.73,Bachelors,13.001543,Married-spouse-absent,Prof-specialty,Not-in-family,White,Male,11826.389,1.0165623,40.03315,Cambodia,>50K
50.952904,Private,110025.9,Doctorate,15.091174,Married-civ-spouse,Exec-managerial,Husband,White,Male,100106.805,0.88408554,43.222805,United-States,>50K
44.232346,?,200103.17,Masters,14.577284,Married-civ-spouse,?,Husband,White,Male,-115.36195,1.0818547,52.22872,United-States,>50K
59.47168,Private,188082.88,HS-grad,9.029257,Married-civ-spouse,Exec-managerial,Husband,White,Male,1822.9669,1.1346425,40.01231,United-States,>50K
59.478176,Private,92937.33,Some-college,9.707181,Married-civ-spouse,Sales,Husband,White,Male,2970.1492,0.39388928,20.961943,United-States,>50K
36.914272,Private,302598.28,Some-college,10.032335,Married-civ-spouse,Machine-op-inspct,Husband,Black,Male,3501.9688,1.037711,40.031982,United-States,>50K
38.075733,Self-emp-not-inc,108620.266,Prof-school,14.983741,Married-civ-spouse,Prof-specialty,Husband,White,Male,11936.71,1.1277913,50.667706,United-States,>50K
48.13172,Federal-gov,219636.69,Bachelors,13.002464,Divorced,Exec-managerial,Not-in-family,White,Male,-115.58827,0.99754226,50.26963,United-States,>50K
38.309914,Local-gov,235442.19,Assoc-acdm,12.011087,Married-civ-spouse,Protective-serv,Husband,White,Male,-110.003555,1.1503056,42.30609,United-States,>50K
37.02939,Private,420959.53,HS-grad,9.027186,Married-civ-spouse,Craft-repair,Husband,White,Male,-102.3539,1.2000569,41.580166,United-States,>50K
37.908268,Self-emp-inc,180699.11,Masters,13.987364,Married-civ-spouse,Sales,Husband,White,Male,-109.14906,1.2589864,44.976387,?,>50K
43.734386,Private,149411.67,Assoc-voc,11.707907,Married-civ-spouse,Other-service,Husband,Asian-Pac-Islander,Male,2280.6042,1.0483998,62.45061,Philippines,>50K
39.975754,Private,154068.9,Bachelors,13.005086,Married-civ-spouse,Exec-managerial,Husband,White,Male,7185.787,0.9989613,40.040768,United-States,>50K
44.81084,Private,321448.03,HS-grad,9.02626,Married-civ-spouse,Handlers-cleaners,Husband,White,Male,2408.629,1.0883626,40.000385,United-States,>50K
36.795383,Private,228028.97,HS-grad,9.0273075,Married-civ-spouse,Transport-moving,Husband,White,Male,-93.31825,1.1656331,49.93326,United-States,>50K
41.28219,Local-gov,186139.86,Bachelors,13.0056305,Married-civ-spouse,Prof-specialty,Husband,White,Male,-124.64931,1923.3641,40.568386,United-States,>50K
90.25187,Private,137240.2,Masters,13.041174,Never-married,Exec-managerial,Not-in-family,White,Male,2938.4138,0.8944615,47.568268,United-States,>50K
43.09139,Self-emp-not-inc,159354.36,Prof-school,14.981145,Married-civ-spouse,Prof-specialty,Husband,White,Male,-121.08388,1995.0631,48.29771,United-States,>50K
60.428738,Private,169329.7,11th,7.0346775,Married-civ-spouse,Transport-moving,Husband,White,Male,3457.3652,1.1781148,41.29577,United-States,>50K
63.007015,Self-emp-inc,267030.16,HS-grad,9.029197,Widowed,Exec-managerial,Not-in-family,White,Female,14551.917,1.8529729,49.1418,United-States,>50K
41.765903,Local-gov,154423.53,Bachelors,13.004064,Married-civ-spouse,Craft-repair,Husband,White,Male,-114.17934,0.96737564,42.455803,United-States,>50K
43.605347,Federal-gov,404426.62,Bachelors,13.008287,Married-civ-spouse,Prof-specialty,Husband,Asian-Pac-Islander,Male,14899.077,1.4623555,40.01861,Hungary,>50K
45.587975,Self-emp-inc,248373.39,Bachelors,13.00427,Married-civ-spouse,Tech-support,Husband,White,Male,-110.21718,1.1194676,43.462326,United-States,>50K
41.49633,Self-emp-not-inc,197877.02,Bachelors,13.003804,Married-civ-spouse,Craft-repair,Husband,White,Male,-105.260635,1.169814,42.7526,United-States,>50K
37.624638,Private,207044.31,Masters,13.98859,Married-civ-spouse,Exec-managerial,Husband,White,Male,948.44507,1.1195515,56.575207,Ecuador,>50K
42.564903,Private,221328.44,Bachelors,13.005508,Never-married,Exec-managerial,Not-in-family,White,Male,-116.67665,0.94653976,47.212025,United-States,>50K
45.29815,Private,188408.45,Some-college,10.029984,Married-civ-spouse,Craft-repair,Husband,White,Male,408.56638,1.0537099,46.88429,United-States,>50K
54.644234,Self-emp-inc,181385.62,HS-grad,9.029351,Married-civ-spouse,Sales,Husband,White,Male,-110.9955,1.1225957,38.017185,United-States,>50K
34.531017,Private,106372.766,11th,8.133972,Never-married,Craft-repair,Not-in-family,Amer-Indian-Eskimo,Male,19911.34,1.4932851,53.598694,United-States,>50K
48.43994,Local-gov,168379.84,Masters,13.997328,Divorced,Prof-specialty,Unmarried,Black,Female,6305.5635,1.327979,39.237297,United-States,>50K
54.432163,Private,167051.31,Bachelors,13.003824,Married-civ-spouse,Exec-managerial,Husband,White,Male,100094.484,0.8633946,40.979706,United-States,>50K
55.117886,Federal-gov,84775.31,Bachelors,13.00436,Married-civ-spouse,Adm-clerical,Not-in-family,Black,Male,2308.9802,0.91643417,39.363144,United-States,>50K
33.494827,Private,133260.64,Bachelors,13.004175,Married-civ-spouse,Prof-specialty,Husband,White,Male,398.18295,0.5600194,49.177547,United-States,>50K
40.865204,Private,193587.75,Masters,14.346243,Married-civ-spouse,Prof-specialty,Wife,White,Female,-112.51112,1953.3286,41.374016,United-States,>50K
44.264164,Private,125300.13,Assoc-acdm,12.010474,Married-civ-spouse,Exec-managerial,Wife,White,Female,6161.168,1.1341923,43.704964,United-States,>50K
37.552402,Private,215465.81,Masters,14.580409,Married-civ-spouse,Exec-managerial,Husband,White,Male,15029.725,1.5988072,53.09734,?,>50K
46.631233,Self-emp-inc,136168.95,Doctorate,15.96887,Married-civ-spouse,Prof-specialty,Husband,White,Male,-119.04945,0.70476425,51.97849,United-States,>50K
47.367588,Private,360895.66,Some-college,10.521816,Married-civ-spouse,Other-service,Wife,White,Female,-112.7704,0.7868413,20.090113,United-States,>50K
39.533756,Self-emp-inc,93314.99,Bachelors,13.00087,Married-civ-spouse,Exec-managerial,Husband,Asian-Pac-Islander,Male,-124.3976,1961.895,62.668804,United-States,>50K
45.185215,Private,258027.89,HS-grad,9.030138,Married-civ-spouse,Machine-op-inspct,Husband,Black,Male,1206.5717,1.2255315,39.65103,United-States,>50K
62.892975,Private,143040.0,Some-college,10.529398,Married-civ-spouse,Adm-clerical,Husband,White,Male,-113.06044,0.919196,47.652805,Canada,>50K
44.08241,Private,225904.58,Masters,13.987778,Married-civ-spouse,Sales,Husband,White,Male,13516.882,1.3853444,44.403084,United-States,>50K
38.316227,Private,173750.34,Some-college,10.029579,Married-civ-spouse,Adm-clerical,Other-relative,White,Female,-107.46059,0.6655415,35.56904,United-States,>50K
31.446907,Private,79195.23,HS-grad,9.283515,Married-civ-spouse,Other-service,Wife,White,Female,2834.2817,0.7248982,38.2999,United-States,>50K
39.751453,Private,170238.3,HS-grad,9.028921,Married-civ-spouse,Machine-op-inspct,Husband,White,Male,-99.10634,1.1769704,40.040157,Cuba,>50K
46.073944,?,213658.94,Some-college,10.027143,Never-married,Adm-clerical,Not-in-family,White,Male,10737.909,1.1175069,54.77226,United-States,>50K
39.610157,State-gov,122923.05,Assoc-voc,11.023426,Married-civ-spouse,Tech-support,Husband,White,Male,-111.132706,0.87695205,42.46056,United-States,>50K
33.37588,Private,148304.06,Bachelors,13.002962,Never-married,Prof-specialty,Not-in-family,White,Female,-117.44203,0.7294682,62.721825,United-States,>50K
46.460575,Private,360050.2,Some-college,10.02647,Married-civ-spouse,Craft-repair,Husband,White,Male,-109.25844,1918.1562,43.772083,United-States,>50K
41.00016,Private,302076.75,Masters,13.988807,Never-married,Prof-specialty,Not-in-family,White,Male,-106.82973,0.83098495,44.93339,Hungary,>50K
30.223425,Private,205132.05,Assoc-voc,11.020258,Never-married,Tech-support,Not-in-family,White,Male,8215.311,0.8437489,40.04017,United-States,>50K
50.592533,Self-emp-not-inc,161364.38,HS-grad,9.280388,Married-civ-spouse,Craft-repair,Husband,White,Male,1697.3354,1.4414357,42.435917,England,>50K
38.668762,Local-gov,465690.03,HS-grad,9.363975,Married-civ-spouse,Protective-serv,Husband,Black,Male,6552.0073,1.4706868,38.347126,United-States,>50K
40.916626,Self-emp-inc,214134.0,Bachelors,13.002465,Never-married,Exec-managerial,Not-in-family,White,Male,-117.45497,1.0863484,60.120075,United-States,>50K
55.63948,State-gov,200952.72,Doctorate,15.851294,Married-civ-spouse,Prof-specialty,Husband,White,Male,-114.65248,1981.4498,47.9053,United-States,>50K
52.76981,Private,112571.17,10th,5.7735076,Married-civ-spouse,Transport-moving,Husband,White,Male,205.65294,0.96595657,44.01115,United-States,>50K
38.272327,Private,165252.06,Some-college,10.028913,Married-civ-spouse,Prof-specialty,Wife,White,Female,643.62463,0.6578053,39.90566,United-States,>50K
65.642426,Private,152750.47,HS-grad,9.287758,Married-civ-spouse,Exec-managerial,Husband,White,Male,-114.683,0.6012105,22.643068,United-States,>50K
52.94141,Private,131698.67,Prof-school,14.979379,Never-married,Prof-specialty,Not-in-family,White,Male,-112.75014,2357.7905,42.370117,United-States,>50K
44.406677,Private,249561.56,Bachelors,13.004291,Divorced,Sales,Not-in-family,White,Male,12589.748,1.0139989,41.78158,United-States,>50K
40.732178,Private,138537.28,Doctorate,15.96768,Married-civ-spouse,Prof-specialty,Husband,White,Male,-120.30556,0.64237106,49.82617,United-States,>50K
40.60429,Private,171597.02,Some-college,10.029127,Divorced,Exec-managerial,Not-in-family,White,Female,856.0824,0.81606185,42.773167,United-States,>50K
39.737293,Local-gov,275203.75,Assoc-voc,11.018862,Married-civ-spouse,Protective-serv,Husband,White,Male,-107.956436,1.1259221,56.62449,United-States,>50K
42.08692,Federal-gov,198380.67,Bachelors,13.485675,Married-civ-spouse,Adm-clerical,Husband,Asian-Pac-Islander,Male,-106.10756,1961.266,40.02929,Philippines,>50K
42.11677,Private,278362.22,Some-college,10.027905,Married-civ-spouse,Machine-op-inspct,Husband,Asian-Pac-Islander,Male,720.98303,1.1557072,46.049557,United-States,>50K
53.110764,Private,218107.34,Bachelors,13.007066,Married-civ-spouse,Sales,Husband,White,Male,36.35142,0.89790237,39.32741,United-States,>50K
44.962345,Federal-gov,121024.445,Bachelors,13.00403,Married-civ-spouse,Adm-clerical,Husband,White,Male,1236.3055,0.91336715,43.904854,United-States,>50K
43.561794,Private,116287.43,Bachelors,13.003523,Separated,Prof-specialty,Not-in-family,White,Male,100104.336,0.65342605,57.81186,United-States,>50K
36.823666,Private,349533.66,HS-grad,9.027297,Married-civ-spouse,Exec-managerial,Husband,White,Male,-101.57826,1.2144994,45.3207,United-States,>50K
47.883778,Local-gov,156607.27,Bachelors,13.005233,Married-civ-spouse,Prof-specialty,Wife,White,Female,71.789536,0.91777694,44.31673,United-States,>50K
43.7757,Local-gov,156846.88,Bachelors,13.009336,Never-married,Prof-specialty,Not-in-family,White,Female,-125.323135,0.78465164,47.77275,United-States,>50K
43.913746,Local-gov,289007.56,Assoc-voc,11.025187,Married-civ-spouse,Craft-repair,Husband,White,Male,1775.1135,1.0819691,40.02031,United-States,>50K
33.964844,Private,213291.12,Assoc-voc,11.022943,Married-civ-spouse,Prof-specialty,Husband,White,Male,2311.2969,0.5981053,44.705498,United-States,>50K
33.685852,Self-emp-inc,66836.414,HS-grad,9.02862,Divorced,Exec-managerial,Not-in-family,White,Male,-108.42445,0.8143834,68.83306,United-States,>50K
51.76518,Federal-gov,176951.61,Some-college,10.032157,Married-civ-spouse,Craft-repair,Husband,White,Male,-115.40517,1.0621861,40.511097,United-States,>50K
47.645317,Self-emp-inc,127069.65,Some-college,10.028303,Married-civ-spouse,Prof-specialty,Wife,White,Female,-123.19472,0.81873214,47.24089,United-States,>50K
38.556324,Private,193568.55,Some-college,10.030894,Married-civ-spouse,Machine-op-inspct,Husband,White,Male,798.0464,0.86762893,40.270824,United-States,>50K
37.357334,Private,116080.84,5th-6th,3.0483198,Married-civ-spouse,Machine-op-inspct,Wife,Asian-Pac-Islander,Female,-107.760635,0.84860885,40.061344,Portugal,>50K
44.40416,Private,188375.17,Masters,13.987372,Divorced,Exec-managerial,Not-in-family,White,Male,1002.1527,1.0655965,49.52821,United-States,>50K
48.65165,Self-emp-inc,205770.97,Bachelors,13.000399,Married-civ-spouse,Sales,Husband,White,Male,100106.85,0.9597615,64.50813,United-States,>50K
43.86526,Self-emp-inc,317718.06,Bachelors,13.002702,Married-civ-spouse,Sales,Husband,White,Male,-112.42714,2084.5896,62.05204,United-States,>50K
50.08106,Private,125157.72,Bachelors,13.001543,Married-civ-spouse,Adm-clerical,Wife,White,Female,100089.08,0.9801167,35.818535,United-States,>50K
34.41075,Local-gov,191170.72,Assoc-voc,11.022824,Married-civ-spouse,Prof-specialty,Wife,White,Female,3603.1636,0.5927037,28.127481,United-States,>50K
52.259964,Federal-gov,210908.08,Some-college,10.0325575,Married-civ-spouse,Exec-managerial,Husband,White,Male,-119.43349,1.0079488,40.03063,United-States,>50K
50.066772,Private,222226.97,Some-college,10.026951,Married-civ-spouse,Prof-specialty,Husband,Other,Male,-105.63197,1.183997,57.78412,United-States,>50K
34.025066,Self-emp-not-inc,190214.08,Bachelors,13.001002,Divorced,Prof-specialty,Not-in-family,White,Male,-112.10414,0.6819142,37.59286,United-States,>50K
57.14835,Private,165742.34,Bachelors,13.004284,Married-civ-spouse,Exec-managerial,Husband,White,Male,-114.93471,0.92678726,55.630466,United-States,>50K
35.797207,Private,247876.97,Bachelors,13.003411,Separated,Sales,Not-in-family,White,Male,-114.1183,0.89363754,53.32511,United-States,>50K
53.70117,?,109672.266,Masters,13.988159,Never-married,?,Not-in-family,White,Female,2654.8079,0.98403823,41.503975,United-States,>50K
52.48806,Self-emp-not-inc,215456.9,Some-college,10.027792,Married-civ-spouse,Transport-moving,Husband,White,Male,-106.36708,1.2488927,50.191776,United-States,>50K
24.356022,Private,159981.44,Some-college,10.527912,Married-civ-spouse,Prof-specialty,Own-child,White,Female,10261.114,0.3519276,18.191683,United-States,>50K
36.612972,Private,237786.34,Assoc-voc,11.018192,Married-civ-spouse,Tech-support,Wife,White,Female,-104.49281,0.79550827,33.935642,United-States,>50K
30.755075,Private,313460.5,Some-college,10.03066,Married-civ-spouse,Exec-managerial,Husband,White,Male,-115.824844,1.0211323,42.925957,Germany,>50K
39.23366,Private,187245.78,Assoc-voc,11.022408,Married-civ-spouse,Machine-op-inspct,Husband,White,Male,391.5582,0.7765492,41.337154,United-States,>50K
50.98399,Private,157816.3,Prof-school,15.155746,Married-civ-spouse,Prof-specialty,Husband,White,Male,-115.81972,2051.7305,42.905357,United-States,>50K
53.42993,Private,106398.43,HS-grad,9.031755,Married-civ-spouse,Prof-specialty,Husband,Asian-Pac-Islander,Male,-111.107315,0.9464253,37.535496,South,>50K
52.445263,Private,316223.56,Assoc-voc,11.021032,Married-civ-spouse,Craft-repair,Husband,White,Male,-118.42128,0.96086776,40.015907,United-States,>50K
44.402893,State-gov,168414.06,Bachelors,13.003975,Married-civ-spouse,Adm-clerical,Husband,White,Male,1183.1193,1.0903538,41.16289,United-States,>50K
55.065693,Self-emp-inc,204814.17,Bachelors,13.005731,Married-civ-spouse,Sales,Husband,White,Male,-111.3871,2183.421,40.683445,United-States,>50K
53.998375,State-gov,176149.23,Doctorate,15.973578,Never-married,Exec-managerial,Not-in-family,White,Female,907.1146,1.1597737,42.503654,United-States,>50K
39.424183,Private,307203.97,Bachelors,13.005582,Married-civ-spouse,Sales,Husband,White,Male,8641.523,1.1767491,48.705193,United-States,>50K
39.670826,Private,121277.5,Some-college,10.034766,Married-civ-spouse,Prof-specialty,Husband,White,Male,1196.6993,0.5320424,40.446064,United-States,>50K
48.13779,Self-emp-not-inc,180320.45,Some-college,10.031105,Married-civ-spouse,Machine-op-inspct,Husband,White,Male,2045.0731,1.0911549,40.60867,United-States,>50K
65.023926,Private,125438.875,Masters,14.2920475,Married-civ-spouse,Prof-specialty,Husband,White,Male,1433.6394,0.2832478,13.219191,United-States,>50K
41.551167,Private,185718.77,Assoc-acdm,12.010986,Married-civ-spouse,Craft-repair,Husband,White,Male,-104.57143,1908.5383,44.40587,United-States,>50K
41.84827,Private,200624.75,HS-grad,11.030236,Married-civ-spouse,Sales,Husband,Asian-Pac-Islander,Male,-99.75746,1958.4471,50.163662,South,>50K
69.43573,Private,84771.83,10th,5.054077,Married-civ-spouse,Sales,Husband,White,Male,-111.43788,0.2319096,26.839914,United-States,>50K
37.056744,Private,179078.33,Bachelors,12.051991,Married-civ-spouse,Prof-specialty,Husband,White,Male,-121.455215,0.2710255,22.337324,United-States,>50K
32.6506,Private,196531.17,Assoc-voc,11.0205345,Never-married,Prof-specialty,Not-in-family,White,Male,-121.195694,0.6672429,54.086903,United-States,>50K
35.030262,State-gov,148389.88,Some-college,10.028469,Separated,Prof-specialty,Not-in-family,White,Male,9409.001,1.0302571,47.31036,United-States,>50K
57.903255,Self-emp-not-inc,103207.42,Masters,14.349625,Married-civ-spouse,Sales,Husband,White,Male,8155.1895,1.3428487,48.374905,United-States,>50K
47.44785,Self-emp-not-inc,113654.46,Some-college,10.031355,Married-civ-spouse,Exec-managerial,Husband,White,Male,573.67944,1.0887898,50.019325,United-States,>50K
49.832626,Self-emp-inc,177058.06,Masters,13.986442,Married-civ-spouse,Sales,Husband,White,Male,2424.686,1.0616444,41.088833,United-States,>50K
76.07138,Self-emp-inc,129285.06,Bachelors,13.008006,Married-civ-spouse,Sales,Husband,White,Male,7437.338,0.46282086,23.411615,United-States,>50K
41.32101,Private,307326.56,Some-college,9.831386,Married-civ-spouse,Craft-repair,Husband,Other,Male,-110.62416,1.0640324,39.584423,United-States,>50K
36.542717,Private,143106.52,Assoc-acdm,12.009448,Married-civ-spouse,Exec-managerial,Wife,White,Female,-107.501114,1831.1804,39.303993,United-States,>50K
49.70546,Federal-gov,152151.84,Assoc-acdm,12.010867,Married-civ-spouse,Adm-clerical,Husband,White,Male,-112.71962,1.0471486,63.986027,United-States,>50K
63.047264,Private,214170.81,Bachelors,13.00725,Widowed,Sales,Not-in-family,White,Male,-112.381485,0.8248433,41.136406,United-States,>50K
28.591837,Private,140890.8,Bachelors,13.332518,Never-married,Prof-specialty,Own-child,White,Male,-110.50722,1802.092,40.05216,United-States,>50K
48.90416,Self-emp-not-inc,220780.31,Bachelors,13.006504,Married-civ-spouse,Sales,Husband,White,Male,13678.828,1.5614232,54.83009,United-States,>50K
34.05433,Private,259682.72,Some-college,10.027852,Married-civ-spouse,Other-service,Husband,Black,Male,-99.39882,1694.3925,57.758842,?,>50K
41.466118,Private,170765.28,HS-grad,9.030566,Married-civ-spouse,Other-service,Wife,White,Female,-97.112686,0.72409713,22.040228,United-States,>50K
42.429516,Local-gov,328489.3,Some-college,10.03186,Married-civ-spouse,Adm-clerical,Husband,White,Male,2031.1395,1.1220845,40.968132,United-States,>50K
34.699127,Private,365739.1,Bachelors,13.003893,Married-civ-spouse,Prof-specialty,Husband,White,Male,8.901227,0.7475194,41.80305,United-States,>50K
46.140022,Private,328669.84,Masters,13.989109,Married-civ-spouse,Exec-managerial,Husband,White,Male,-114.72621,1.1584691,42.536922,United-States,>50K
44.237995,Private,83888.164,Assoc-voc,11.024238,Married-civ-spouse,Other-service,Husband,Asian-Pac-Islander,Male,1727.6365,0.7433156,38.269276,United-States,>50K
43.502438,Private,233586.83,Some-college,10.02434,Divorced,Adm-clerical,Own-child,White,Male,2869.0356,0.9798573,41.735806,United-States,>50K
41.529064,Local-gov,192147.94,Bachelors,13.330645,Divorced,Protective-serv,Not-in-family,Black,Male,-99.74477,1.1170796,53.06433,United-States,>50K
45.19886,Private,289184.44,Prof-school,14.978726,Never-married,Prof-specialty,Not-in-family,White,Male,2854.0593,0.8203496,38.80501,United-States,>50K
33.037678,Private,169232.4,Bachelors,13.492064,Separated,Sales,Not-in-family,White,Male,-113.00697,2846.644,52.438572,United-States,>50K
62.952225,Private,162077.11,7th-8th,4.0444183,Married-civ-spouse,Transport-moving,Husband,White,Male,1244.0034,1.0893925,45.246952,United-States,>50K
50.13405,Private,181860.23,HS-grad,9.028379,Married-civ-spouse,Exec-managerial,Wife,White,Female,-97.27284,0.9017705,21.20079,United-States,>50K
38.444115,Self-emp-inc,170397.08,Bachelors,13.002935,Married-civ-spouse,Exec-managerial,Husband,White,Male,-107.64613,0.88374984,60.729603,United-States,>50K
43.719948,Local-gov,96508.29,HS-grad,9.033942,Married-civ-spouse,Craft-repair,Husband,White,Male,426.29428,1.0948476,42.142895,United-States,>50K
57.103745,Self-emp-not-inc,129460.516,7th-8th,4.7242503,Married-civ-spouse,Transport-moving,Husband,White,Male,-106.88588,1.2471608,40.03704,United-States,>50K
39.929966,Private,152207.77,HS-grad,8.687822,Divorced,Exec-managerial,Unmarried,White,Female,-91.433975,1.0069188,40.934235,United-States,>50K
52.26716,Private,159285.2,HS-grad,9.029843,Married-civ-spouse,Machine-op-inspct,Husband,White,Male,1101.6487,1.0476292,40.165585,United-States,>50K
50.380337,Private,548070.1,Masters,13.986529,Never-married,Prof-specialty,Not-in-family,White,Male,17972.598,1.2851094,42.560123,United-States,>50K
37.225155,Private,191353.22,Assoc-acdm,12.01185,Married-civ-spouse,Sales,Husband,White,Male,357.11203,0.9429616,45.360126,United-States,>50K
43.609802,Private,195697.81,Bachelors,13.005641,Married-civ-spouse,Sales,Husband,Asian-Pac-Islander,Male,-110.13075,1697.4092,44.965897,Thailand,>50K
46.45981,Self-emp-inc,82527.11,10th,6.3140254,Married-civ-spouse,Exec-managerial,Husband,White,Male,-108.134415,1930.4067,44.041393,United-States,>50K
34.69011,Federal-gov,239743.05,Bachelors,13.340747,Married-civ-spouse,Prof-specialty,Husband,White,Male,-123.11073,0.8400563,40.057156,?,>50K
32.022827,Private,176987.67,Prof-school,14.979582,Never-married,Sales,Not-in-family,White,Male,14230.938,1.1088322,54.759113,United-States,>50K
47.982407,Private,197431.2,Prof-school,15.178503,Married-civ-spouse,Sales,Husband,White,Male,1596.2983,0.97960556,43.301113,United-States,>50K
43.25681,Self-emp-inc,166597.3,Bachelors,13.003022,Never-married,Sales,Own-child,White,Male,1659.6392,1.0009831,46.679783,United-States,>50K
40.4398,Private,173099.8,Assoc-acdm,12.010126,Married-civ-spouse,Adm-clerical,Wife,White,Female,-106.59584,0.9466847,37.438667,United-States,>50K
28.956799,Private,94995.555,Bachelors,13.006162,Never-married,Sales,Not-in-family,White,Male,2821.8333,0.69072616,37.603268,United-States,>50K
45.217674,Self-emp-not-inc,66054.48,Some-college,10.0306835,Married-civ-spouse,Farming-fishing,Husband,White,Male,3563.0132,1.141692,53.224907,United-States,>50K
41.851147,Private,186073.5,HS-grad,9.03089,Married-civ-spouse,Other-service,Husband,White,Male,-102.9059,0.85159194,40.98883,United-States,>50K
44.139874,Self-emp-inc,205025.05,Masters,13.985414,Married-civ-spouse,Exec-managerial,Husband,White,Male,-108.63783,1.1801594,56.178207,United-States,>50K
51.63751,Self-emp-inc,150941.67,Prof-school,14.985166,Married-civ-spouse,Prof-specialty,Husband,Other,Male,100108.58,1.0446156,67.531975,Haiti,>50K
33.524048,Private,416323.78,Some-college,11.54117,Married-civ-spouse,Tech-support,Husband,White,Male,3425.33,1.1208333,40.03324,Mexico,>50K
47.3438,Private,315157.53,Some-college,9.744719,Divorced,Prof-specialty,Not-in-family,White,Male,632.0154,0.77518356,43.391216,United-States,>50K
36.886295,Private,156438.58,Bachelors,13.003634,Married-civ-spouse,Prof-specialty,Husband,White,Male,100095.64,0.5069722,41.646946,United-States,>50K
58.997704,?,91114.89,Bachelors,13.008332,Widowed,Prof-specialty,Not-in-family,White,Female,-121.854385,0.7022389,40.035156,United-States,>50K
45.47744,Local-gov,184089.89,Prof-school,15.465221,Married-civ-spouse,Prof-specialty,Husband,White,Male,-124.850235,2044.0074,43.706753,United-States,>50K
36.659428,Private,117052.6,Masters,13.982522,Never-married,Exec-managerial,Not-in-family,White,Male,-117.43715,0.8553227,46.555233,United-States,>50K
31.775415,Private,210746.7,Bachelors,13.001274,Married-civ-spouse,Sales,Husband,White,Male,-116.17323,0.83093154,57.643475,United-States,>50K
58.6583,State-gov,225698.8,Masters,13.987303,Married-civ-spouse,Prof-specialty,Husband,White,Male,-116.65126,2128.957,50.19691,United-States,>50K
44.174,Private,189668.83,Bachelors,13.003222,Married-civ-spouse,Prof-specialty,Husband,White,Male,-116.956436,1930.293,40.046967,Germany,>50K
52.915905,Self-emp-not-inc,149462.9,9th,5.045622,Married-civ-spouse,Craft-repair,Husband,White,Male,-98.226456,1.4370564,47.350197,United-States,>50K
66.53838,Self-emp-inc,149853.06,Assoc-voc,11.018507,Divorced,Prof-specialty,Not-in-family,White,Male,6406.3403,0.7111043,50.165676,United-States,>50K
49.63933,Self-emp-inc,184623.75,Masters,14.285355,Divorced,Exec-managerial,Not-in-family,White,Male,-108.20302,1.0460957,67.82411,United-States,>50K
39.52152,Self-emp-inc,155798.97,HS-grad,9.028159,Married-civ-spouse,Craft-repair,Husband,White,Male,956.7152,1.3079137,64.11417,United-States,>50K
42.74163,Self-emp-not-inc,69794.12,HS-grad,9.034039,Married-civ-spouse,Craft-repair,Husband,White,Male,100104.695,1.0170735,40.02993,United-States,>50K
33.3726,Self-emp-not-inc,273782.16,HS-grad,9.024649,Married-civ-spouse,Farming-fishing,Husband,White,Male,-95.74965,1920.0093,58.568478,United-States,>50K
51.615562,Local-gov,207339.2,Masters,13.994238,Married-civ-spouse,Adm-clerical,Husband,White,Male,-132.0243,0.9914006,40.009686,Italy,>50K
44.363472,Private,230606.03,Some-college,10.024747,Divorced,Craft-repair,Own-child,White,Male,-100.556046,1.0099095,42.721935,United-States,>50K
35.60187,?,141213.94,Assoc-voc,11.021352,Married-civ-spouse,?,Wife,White,Female,-105.88124,0.7547444,35.66884,United-States,>50K
40.979214,Private,189731.56,Masters,13.986951,Married-civ-spouse,Exec-managerial,Husband,White,Male,-109.84584,2179.5938,59.24333,Greece,>50K
36.700615,Federal-gov,234935.34,Some-college,10.028383,Married-civ-spouse,Adm-clerical,Husband,White,Male,-114.75917,1.0779332,40.036297,Philippines,>50K
47.98927,Self-emp-not-inc,83331.73,Assoc-voc,11.024322,Married-civ-spouse,Craft-repair,Husband,White,Male,-117.23866,0.8872746,39.70544,United-States,>50K
78.16433,Self-emp-inc,223183.17,Bachelors,13.00692,Widowed,Other-service,Not-in-family,White,Male,-113.61977,0.9278401,40.036808,United-States,>50K
41.41119,Private,181823.83,Bachelors,13.002605,Divorced,Exec-managerial,Not-in-family,White,Female,1335.8219,0.8983296,47.25293,United-States,>50K
35.798687,Self-emp-inc,142727.4,HS-grad,9.031675,Married-civ-spouse,Exec-managerial,Husband,White,Male,-103.050674,0.92291915,43.122658,United-States,>50K
32.944744,Self-emp-not-inc,200934.7,Doctorate,15.968791,Married-civ-spouse,Prof-specialty,Husband,White,Male,-121.76283,0.80506027,41.594757,United-States,>50K
47.77573,Local-gov,224285.25,Masters,13.992685,Married-civ-spouse,Prof-specialty,Husband,White,Male,1423.963,1.0944508,51.40164,United-States,>50K
34.74075,Private,145161.36,Some-college,10.028932,Married-civ-spouse,Other-service,Wife,White,Female,-113.98598,0.5067128,15.590063,United-States,>50K
49.014187,Self-emp-not-inc,224669.86,Bachelors,13.0049305,Divorced,Prof-specialty,Not-in-family,White,Male,20212.742,0.91331375,37.581833,United-States,>50K
34.594616,Private,334768.44,HS-grad,9.027142,Married-civ-spouse,Craft-repair,Husband,White,Male,-100.881485,1.2816151,39.053406,Cuba,>50K
64.81937,Private,482699.66,7th-8th,3.4430299,Married-civ-spouse,Craft-repair,Husband,White,Male,-120.09706,1.1853627,40.012054,United-States,>50K
58.97258,Self-emp-inc,69545.64,Masters,13.985542,Married-civ-spouse,Sales,Husband,White,Male,9270.915,1.2288502,67.07123,United-States,>50K
60.48709,?,165585.5,HS-grad,9.031538,Married-civ-spouse,?,Husband,White,Male,92.19786,1.049651,39.757202,United-States,>50K
34.438145,Private,67867.22,Some-college,9.533458,Divorced,Other-service,Not-in-family,White,Male,7341.0054,0.772025,45.00515,United-States,>50K
28.968822,Private,180118.78,HS-grad,9.03006,Married-civ-spouse,Adm-clerical,Wife,White,Male,100097.56,0.7863835,38.04568,United-States,>50K
40.04499,Local-gov,177276.94,Masters,13.988936,Married-civ-spouse,Prof-specialty,Wife,White,Female,-125.86244,1.1264867,44.929005,Taiwan,>50K
48.760365,Self-emp-not-inc,280743.9,HS-grad,9.026991,Married-civ-spouse,Craft-repair,Husband,White,Male,1975.0388,1.657195,46.006504,United-States,>50K
43.839653,Private,153676.56,Bachelors,13.005649,Married-civ-spouse,Prof-specialty,Own-child,Amer-Indian-Eskimo,Male,20920.428,0.9248799,40.0339,United-States,>50K
49.92348,Self-emp-inc,314531.12,Doctorate,15.968919,Married-civ-spouse,Prof-specialty,Husband,White,Male,100103.21,0.9759358,68.62345,United-States,>50K
35.65816,Private,162955.4,HS-grad,9.03064,Married-civ-spouse,Tech-support,Husband,White,Male,749.65894,0.9313649,40.33918,United-States,>50K
45.648117,Private,188403.12,HS-grad,9.360309,Married-civ-spouse,Prof-specialty,Wife,White,Female,-101.441055,1.0349492,38.71493,France,>50K
37.331432,Private,163510.84,Some-college,10.031427,Never-married,Craft-repair,Not-in-family,White,Male,1978.1516,0.8496083,38.835796,United-States,>50K
38.811687,Self-emp-inc,241214.44,Prof-school,15.065072,Married-civ-spouse,Prof-specialty,Husband,White,Male,-120.83217,0.83124435,48.068295,United-States,>50K
35.69087,Private,212829.6,Preschool,13.026468,Married-civ-spouse,Prof-specialty,Other-relative,White,Male,2302.3071,0.72981155,40.061123,United-States,>50K
27.635433,Private,152216.72,Bachelors,13.005555,Never-married,Tech-support,Not-in-family,White,Male,-115.69496,0.8380345,41.638474,United-States,>50K
39.894753,Local-gov,256079.08,Some-college,10.028159,Married-civ-spouse,Protective-serv,Husband,White,Male,9921.036,1.372466,46.076565,United-States,>50K
47.562016,Private,36156.668,11th,5.6137276,Never-married,Transport-moving,Not-in-family,White,Male,-116.6664,0.5610417,53.499573,United-States,>50K
41.23481,Private,182175.97,HS-grad,9.028265,Separated,Craft-repair,Not-in-family,White,Male,-104.813126,0.8764714,39.80461,United-States,>50K
51.839523,Self-emp-inc,190968.36,Doctorate,15.698767,Married-civ-spouse,Prof-specialty,Husband,White,Male,13868.73,1.2389134,51.401882,United-States,>50K
31.663944,Private,212236.6,Some-college,10.029349,Married-civ-spouse,Craft-repair,Husband,White,Male,-110.0392,0.92766464,46.76176,Jamaica,>50K
50.125874,State-gov,131318.42,Some-college,10.033133,Married-civ-spouse,Exec-managerial,Husband,White,Male,2400.267,1.1255177,38.54579,United-States,>50K
50.610973,Self-emp-not-inc,215451.19,Masters,13.042076,Married-civ-spouse,Prof-specialty,Wife,White,Female,-122.5995,1.1196965,35.806286,Canada,>50K
46.568134,Local-gov,149993.98,Masters,14.707726,Married-civ-spouse,Prof-specialty,Wife,Black,Female,830.532,0.9484166,37.257526,United-States,>50K
34.81336,Self-emp-not-inc,292706.9,Doctorate,15.974188,Married-civ-spouse,Prof-specialty,Husband,White,Male,-119.415665,0.9771031,37.381058,?,>50K
61.206253,Private,95924.04,Masters,13.991822,Married-civ-spouse,Adm-clerical,Husband,Asian-Pac-Islander,Male,-123.16664,1.1200322,44.91973,England,>50K
33.979267,Private,121498.266,Prof-school,14.980454,Married-civ-spouse,Prof-specialty,Wife,White,Female,-115.09242,0.648795,50.324284,United-States,>50K
41.314445,Federal-gov,217375.55,Assoc-voc,11.023299,Married-civ-spouse,Craft-repair,Husband,White,Male,-108.41933,1.0212773,40.0325,United-States,>50K
35.46005,Self-emp-inc,163872.73,Some-college,9.5311365,Married-civ-spouse,Exec-managerial,Husband,Asian-Pac-Islander,Male,-99.90248,1920.7831,52.817448,South,>50K
35.52124,Private,163969.69,Assoc-acdm,12.010007,Married-civ-spouse,Exec-managerial,Husband,White,Male,-104.80287,1915.5663,50.24823,United-States,>50K
33.592567,Private,421223.1,Masters,13.989643,Married-civ-spouse,Prof-specialty,Husband,White,Male,2428.6023,0.8828343,41.112514,United-States,>50K
48.65597,Private,218225.98,Prof-school,14.980786,Divorced,Prof-specialty,Not-in-family,White,Male,-107.83168,0.8066777,66.20602,United-States,>50K
48.04564,?,131413.53,Some-college,10.029933,Divorced,Prof-specialty,Unmarried,White,Female,-106.05165,0.87996566,44.968998,United-States,>50K
50.779037,Local-gov,244019.61,HS-grad,9.031289,Married-civ-spouse,Other-service,Husband,White,Male,1697.3838,1.253867,41.120922,United-States,>50K
34.70291,Federal-gov,391689.8,HS-grad,9.02511,Married-civ-spouse,Craft-repair,Wife,White,Female,2270.984,1.4803761,40.032623,United-States,>50K
45.020992,Private,247612.12,Doctorate,15.970283,Never-married,Prof-specialty,Not-in-family,White,Male,-104.495255,0.8132466,39.04476,United-States,>50K
46.85777,Self-emp-not-inc,125478.32,Bachelors,13.002372,Married-civ-spouse,Exec-managerial,Husband,White,Male,-115.145645,0.98199356,40.475796,United-States,>50K
48.55099,Private,178050.27,Bachelors,13.000893,Divorced,Adm-clerical,Unmarried,White,Male,3295.439,0.84892166,39.501297,United-States,>50K
47.909866,Private,221503.44,Masters,13.986025,Never-married,Prof-specialty,Not-in-family,White,Female,-113.78529,1980.7858,49.683857,United-States,>50K
45.571537,Private,187475.8,Bachelors,13.003558,Married-civ-spouse,Transport-moving,Husband,White,Male,-108.65834,0.9869908,49.443974,United-States,>50K
54.15041,Private,190800.72,10th,6.038527,Married-civ-spouse,Handlers-cleaners,Husband,White,Male,-101.743546,1716.919,40.031773,United-States,>50K
41.48853,Local-gov,304545.5,Assoc-acdm,12.016877,Married-civ-spouse,Prof-specialty,Husband,White,Male,-123.30653,1.0565556,42.463707,Ecuador,>50K
46.088985,Local-gov,181674.64,Some-college,10.028315,Divorced,Exec-managerial,Not-in-family,White,Male,-111.89052,1.1040868,56.02037,United-States,>50K
54.06496,State-gov,100843.22,12th,14.2408905,Married-civ-spouse,Prof-specialty,Husband,White,Male,-117.777725,0.30635723,6.383663,United-States,>50K
33.939404,Private,121655.36,Some-college,10.02897,Married-civ-spouse,Exec-managerial,Own-child,White,Male,2882.1301,0.87814987,46.33213,United-States,>50K
59.52923,Private,138732.48,Bachelors,13.007622,Married-civ-spouse,Prof-specialty,Husband,Black,Male,9611.759,1.1351308,48.15238,United-States,>50K
46.954666,State-gov,106919.01,Doctorate,15.969177,Married-civ-spouse,Prof-specialty,Husband,White,Male,-122.34779,0.8299626,43.380802,United-States,>50K
51.566578,Self-emp-inc,180984.94,Some-college,10.027917,Married-civ-spouse,Sales,Husband,White,Male,100106.84,1.0099095,53.474323,United-States,>50K
41.50555,Private,118975.17,Assoc-voc,11.021073,Married-civ-spouse,Craft-repair,Husband,White,Male,-107.68178,2031.7225,40.99531,United-States,>50K
39.699448,Local-gov,268596.88,Bachelors,13.005475,Married-civ-spouse,Prof-specialty,Wife,Black,Female,1789.6727,1.0060719,37.818897,United-States,>50K
34.666603,Private,170227.89,Assoc-voc,11.02171,Married-civ-spouse,Prof-specialty,Wife,White,Female,1781.2526,0.5896367,39.920788,United-States,>50K
47.02891,Self-emp-inc,162485.47,Assoc-acdm,12.011814,Married-civ-spouse,Sales,Husband,White,Male,2962.7437,1.020255,44.384357,United-States,>50K
40.62564,State-gov,125741.32,HS-grad,9.030946,Married-civ-spouse,Craft-repair,Husband,White,Male,1398.2065,1.3042439,48.421543,United-States,>50K
50.633293,State-gov,105307.04,HS-grad,9.029342,Married-civ-spouse,Other-service,Wife,Black,Female,-102.422745,1.437766,35.252346,United-States,>50K
31.433151,Private,86866.37,Bachelors,13.003092,Married-civ-spouse,Machine-op-inspct,Husband,White,Male,2323.6182,0.6126622,46.370045,United-States,>50K
43.396046,Private,262044.34,Assoc-voc,11.020173,Married-civ-spouse,Prof-specialty,Husband,White,Male,-113.86391,1778.034,39.36037,United-States,>50K
43.02842,Local-gov,217431.81,Bachelors,13.007054,Married-civ-spouse,Prof-specialty,Husband,Asian-Pac-Islander,Male,1677.095,1.2577046,40.02969,Philippines,>50K
33.99284,Self-emp-not-inc,116822.19,Some-college,10.03289,Married-civ-spouse,Craft-repair,Husband,White,Male,1868.7197,0.94708145,40.627357,United-States,>50K
46.460087,Self-emp-not-inc,216088.06,Bachelors,13.004864,Married-civ-spouse,Exec-managerial,Husband,White,Male,-109.13905,2119.03,46.188477,United-States,>50K
36.678528,Private,142594.6,Bachelors,13.003437,Married-civ-spouse,Prof-specialty,Husband,White,Male,-118.166885,1952.5315,46.641575,United-States,>50K
36.91329,Private,190488.72,HS-grad,9.03001,Married-civ-spouse,Machine-op-inspct,Husband,White,Male,332.52536,1.008315,41.69309,United-States,>50K
40.89461,Private,285437.2,Bachelors,13.006392,Married-civ-spouse,Exec-managerial,Husband,White,Male,2359.7886,1.1605443,44.86309,England,>50K
47.965626,State-gov,98988.3,HS-grad,9.027265,Divorced,Exec-managerial,Not-in-family,White,Male,2645.8513,1.2676305,38.335236,United-States,>50K
62.429104,?,237108.28,Some-college,11.026996,Married-civ-spouse,?,Husband,White,Male,100084.19,0.80290115,37.27368,United-States,>50K
38.82467,Self-emp-inc,268258.66,HS-grad,9.028174,Married-civ-spouse,Sales,Husband,White,Male,100100.19,1.2073354,43.219704,United-States,>50K
33.469784,Private,160094.75,Some-college,10.032622,Married-civ-spouse,Exec-managerial,Husband,White,Male,1459.9097,0.7828282,41.800713,United-States,>50K
49.707737,Self-emp-inc,109847.12,Some-college,10.029632,Married-civ-spouse,Exec-managerial,Husband,White,Male,11580.069,1.1858433,50.437107,United-States,>50K
53.6789,Private,151822.14,Assoc-acdm,12.01143,Married-civ-spouse,Transport-moving,Husband,White,Male,-110.125626,1.0056142,43.41915,United-States,>50K
47.660664,Private,150184.25,Some-college,10.033988,Married-civ-spouse,Craft-repair,Husband,Black,Male,4900.133,1.1360081,41.197453,United-States,>50K
52.744556,Private,153372.92,HS-grad,9.027363,Divorced,Craft-repair,Not-in-family,White,Male,474.48093,0.93716323,40.130096,United-States,>50K
50.849792,Self-emp-inc,189260.92,HS-grad,9.028074,Married-civ-spouse,Exec-managerial,Husband,White,Male,8987.535,1.5925511,47.873585,United-States,>50K
49.451057,Self-emp-inc,182593.03,Bachelors,13.0092325,Married-civ-spouse,Exec-managerial,Husband,Asian-Pac-Islander,Male,4838.843,1.3322438,54.19578,South,>50K
58.786034,Self-emp-not-inc,188166.14,Masters,14.434163,Married-civ-spouse,Exec-managerial,Husband,White,Male,3376.4084,0.9245976,18.994991,United-States,>50K
49.548313,Private,115634.04,Bachelors,13.0049,Married-civ-spouse,Exec-managerial,Husband,Asian-Pac-Islander,Male,-122.668106,1.0223302,40.044388,Philippines,>50K
52.12763,Federal-gov,284980.25,Assoc-acdm,12.012332,Married-civ-spouse,Other-service,Husband,White,Male,3037.91,1.2595814,40.976353,United-States,>50K
45.263916,Self-emp-inc,220051.3,Some-college,10.025171,Married-civ-spouse,Sales,Husband,White,Male,-102.24452,1694.8314,53.57318,Canada,>50K
47.5277,Private,234195.25,Some-college,10.028284,Married-civ-spouse,Adm-clerical,Wife,Black,Female,-99.32265,1.2905415,50.33741,United-States,>50K
54.403484,Self-emp-inc,166186.61,11th,6.749943,Married-civ-spouse,Exec-managerial,Husband,White,Male,9244.459,1.2321538,33.77491,United-States,>50K
36.696217,Private,164190.02,Bachelors,13.002579,Married-civ-spouse,Craft-repair,Husband,White,Male,571.1516,0.83726394,41.499283,United-States,>50K
73.5134,?,105413.49,Prof-school,11.014623,Married-civ-spouse,?,Wife,White,Female,-125.1122,0.49116406,7.047966,United-States,>50K
39.335354,Self-emp-inc,102176.62,Assoc-voc,11.016341,Divorced,Exec-managerial,Not-in-family,White,Male,9489.204,1.1713475,74.983864,United-States,>50K
48.41314,Private,129181.4,12th,8.040112,Married-civ-spouse,Adm-clerical,Wife,Black,Female,1512.5009,1.170638,40.041615,United-States,>50K
52.462193,Self-emp-inc,197052.84,Masters,13.98789,Married-civ-spouse,Prof-specialty,Husband,White,Male,1376.9386,1.070937,61.799072,United-States,>50K
62.078033,?,220515.22,10th,5.083405,Married-civ-spouse,?,Husband,White,Male,5210.8237,1.5779713,61.446682,United-States,>50K
63.359215,Self-emp-not-inc,140228.89,Bachelors,13.00553,Married-civ-spouse,Exec-managerial,Husband,White,Male,824.136,0.5058888,15.662291,United-States,>50K
47.32225,Private,123555.34,Prof-school,15.349878,Never-married,Exec-managerial,Not-in-family,White,Male,901.0239,0.8322896,47.561256,United-States,>50K
70.99031,Self-emp-not-inc,147713.45,HS-grad,9.787932,Married-civ-spouse,Sales,Husband,White,Male,-131.37587,0.5221547,16.43373,United-States,>50K
47.457947,Private,192138.73,Some-college,10.025933,Married-civ-spouse,Sales,Husband,White,Male,-109.85097,1995.421,54.381992,United-States,>50K
68.2808,Private,248858.72,Some-college,10.028921,Married-civ-spouse,Adm-clerical,Husband,White,Male,4270.638,0.8201512,19.69191,India,>50K
48.134357,Private,97131.54,Doctorate,15.966903,Divorced,Exec-managerial,Not-in-family,White,Female,1558.3121,0.97420394,54.90603,United-States,>50K
41.0617,Private,212901.33,Assoc-voc,11.022262,Married-civ-spouse,Craft-repair,Husband,White,Male,-109.33974,0.79524887,42.58261,Portugal,>50K
30.770155,Private,56485.34,Bachelors,13.004039,Married-civ-spouse,Sales,Husband,White,Male,-115.62636,0.6720799,41.950798,United-States,>50K
60.85635,Private,105674.55,Masters,14.5827055,Widowed,Prof-specialty,Not-in-family,White,Female,-114.85585,0.9155034,40.025753,United-States,>50K
41.074825,Local-gov,34015.01,Some-college,9.537116,Married-civ-spouse,Exec-managerial,Husband,Other,Male,-121.0204,1697.9116,40.042366,United-States,>50K
44.075157,Private,165327.27,Bachelors,13.0028105,Divorced,Sales,Not-in-family,White,Male,-114.176895,0.81188095,44.941967,United-States,>50K
47.67991,Self-emp-not-inc,218074.36,Bachelors,13.002743,Married-civ-spouse,Exec-managerial,Wife,White,Female,-116.078995,0.7973851,20.151396,United-States,>50K
46.39648,Federal-gov,78094.13,Masters,13.992322,Married-civ-spouse,Prof-specialty,Husband,White,Male,-124.50697,0.85668075,40.031223,Laos,>50K
34.918167,Private,184954.6,Assoc-voc,11.019364,Married-civ-spouse,Machine-op-inspct,Husband,White,Male,-105.990616,1890.8989,48.130436,United-States,>50K
49.424255,Local-gov,368700.56,Bachelors,13.007476,Married-spouse-absent,Exec-managerial,Not-in-family,White,Male,-120.188614,1.0978612,41.62599,United-States,>50K
50.35223,Private,263033.56,HS-grad,9.026009,Married-civ-spouse,Tech-support,Husband,White,Male,1427.1825,1.3734654,47.92653,United-States,>50K
53.865074,Local-gov,129454.55,Prof-school,14.982239,Married-civ-spouse,Prof-specialty,Husband,Asian-Pac-Islander,Male,100105.53,1.0231007,49.445545,Philippines,>50K
41.627865,Self-emp-inc,176897.28,Bachelors,13.00428,Married-civ-spouse,Prof-specialty,Husband,White,Male,250.00963,0.67580307,56.465584,United-States,>50K
36.114483,Private,251598.75,HS-grad,9.028669,Married-civ-spouse,Other-service,Husband,Black,Male,-91.39833,1.3503484,60.16443,United-States,>50K
45.370895,Private,159839.31,Some-college,9.696752,Married-civ-spouse,Tech-support,Husband,White,Male,-98.3766,1900.5112,41.64707,United-States,>50K
41.706257,Local-gov,120266.69,Doctorate,14.317963,Married-civ-spouse,Protective-serv,Husband,White,Male,4883.688,1.1783665,41.516247,United-States,>50K
46.869015,Private,256407.05,Doctorate,15.969785,Divorced,Sales,Not-in-family,White,Male,100107.34,0.89693344,58.588406,United-States,>50K
34.507545,Private,180186.39,Doctorate,14.318074,Married-civ-spouse,Prof-specialty,Husband,Asian-Pac-Islander,Male,-127.11342,2084.168,57.18304,India,>50K
49.80397,Local-gov,143835.62,Some-college,9.6335125,Married-civ-spouse,Exec-managerial,Wife,White,Female,976.9303,1.2730855,41.515057,United-States,>50K
48.8623,Private,193870.44,HS-grad,9.024616,Never-married,Exec-managerial,Not-in-family,White,Male,-98.35634,1717.0609,47.294098,England,>50K
48.832355,Private,193072.39,HS-grad,9.026519,Married-civ-spouse,Protective-serv,Husband,White,Male,504.53012,1.0708531,39.774345,United-States,>50K
43.907253,Local-gov,76677.76,Some-college,11.543688,Married-civ-spouse,Exec-managerial,Husband,Amer-Indian-Eskimo,Male,-119.13832,1.0388173,50.165894,United-States,>50K
46.935543,Private,113631.23,Some-college,10.028789,Married-civ-spouse,Sales,Husband,White,Male,-121.39662,2088.2595,41.602264,United-States,>50K
33.7461,Private,167161.5,Some-college,10.024522,Married-civ-spouse,Adm-clerical,Wife,White,Female,9879.471,1.0935658,41.48771,United-States,>50K
37.173397,Private,229708.19,Bachelors,13.006696,Married-civ-spouse,Adm-clerical,Husband,White,Male,4128.574,1.0006093,51.35062,United-States,>50K
47.097298,Private,147472.69,HS-grad,9.031505,Married-civ-spouse,Handlers-cleaners,Husband,Black,Male,1369.9884,0.96740615,37.609188,United-States,>50K
32.95093,Private,220135.88,Assoc-voc,11.020498,Married-civ-spouse,Tech-support,Husband,White,Male,962.91016,0.8508824,49.359615,United-States,>50K
33.87764,Self-emp-inc,196052.19,Some-college,10.031345,Never-married,Exec-managerial,Not-in-family,White,Male,-123.95497,0.86768234,43.25218,United-States,>50K
38.986217,Self-emp-inc,172266.12,HS-grad,9.027262,Married-civ-spouse,Sales,Husband,White,Male,-97.631485,1926.492,47.070396,United-States,>50K
31.2528,Private,193203.17,Bachelors,13.000788,Married-civ-spouse,Sales,Husband,Black,Male,-107.3766,0.83246505,64.48808,United-States,>50K
48.011143,Self-emp-inc,135260.27,Prof-school,13.972875,Never-married,Prof-specialty,Not-in-family,White,Male,19878.691,0.8672551,44.93905,United-States,>50K
40.731354,Private,106671.875,Some-college,9.4333515,Married-civ-spouse,Craft-repair,Husband,White,Male,580.78735,0.9765309,43.17137,Germany,>50K
51.59827,Local-gov,234245.27,Masters,13.989218,Married-civ-spouse,Prof-specialty,Wife,White,Female,8325.881,1.478957,40.01202,United-States,>50K
34.267826,Private,268089.0,Assoc-acdm,12.007849,Married-civ-spouse,Exec-managerial,Wife,White,Female,-102.69472,1.1935719,51.994347,United-States,>50K
52.790737,State-gov,249556.27,Doctorate,15.9731245,Married-civ-spouse,Prof-specialty,Husband,White,Male,760.2433,1.136237,49.90299,United-States,>50K
55.954304,State-gov,60813.754,Prof-school,14.981914,Married-civ-spouse,Prof-specialty,Husband,White,Male,-117.63539,0.67247665,37.431248,United-States,>50K
52.606487,State-gov,176660.3,Bachelors,13.003485,Married-civ-spouse,Exec-managerial,Husband,White,Male,-115.81703,1968.6816,48.186485,United-States,>50K
38.62534,Private,210756.45,Masters,13.97901,Never-married,Prof-specialty,Not-in-family,White,Male,-111.99745,2003.9691,44.990467,United-States,>50K
54.654274,Private,255369.58,Some-college,12.107459,Married-civ-spouse,Tech-support,Husband,White,Male,-121.935684,1998.2168,19.092503,United-States,>50K
37.85349,Private,209024.34,Assoc-voc,11.023111,Married-civ-spouse,Craft-repair,Husband,White,Male,1407.6694,0.9486989,40.045307,?,>50K
45.660637,Private,153424.22,Some-college,10.031448,Married-civ-spouse,Other-service,Husband,White,Male,-116.65883,0.7175282,42.22262,United-States,>50K
35.954967,Federal-gov,191533.5,Assoc-acdm,12.0162945,Never-married,Prof-specialty,Not-in-family,White,Male,-130.74501,0.874648,40.038124,United-States,>50K
34.47819,Private,180766.52,Masters,13.984245,Married-civ-spouse,Exec-managerial,Wife,White,Female,-106.23207,1.0499028,44.095455,United-States,>50K
40.646763,Private,126226.58,Some-college,10.02973,Married-civ-spouse,Adm-clerical,Husband,White,Male,586.05664,0.7573842,52.9434,United-States,>50K
64.435616,?,185024.64,Some-college,9.89385,Married-civ-spouse,?,Husband,White,Male,-121.94081,0.5579442,18.596642,United-States,>50K
41.65129,Local-gov,126296.97,Some-college,10.229791,Married-civ-spouse,Adm-clerical,Wife,White,Female,2819.425,1.064658,39.25849,United-States,>50K
32.988914,Private,201403.55,HS-grad,9.02525,Married-civ-spouse,Other-service,Wife,White,Female,-97.32362,2088.0728,38.424362,United-States,>50K
37.042908,Federal-gov,157648.22,HS-grad,9.030493,Married-civ-spouse,Adm-clerical,Husband,White,Male,971.08875,1.0143422,45.31397,United-States,>50K
36.495003,Self-emp-inc,322501.28,HS-grad,9.027024,Married-civ-spouse,Exec-managerial,Husband,White,Male,471.66318,1.3755635,50.60267,United-States,>50K
48.01032,Private,142752.23,HS-grad,9.0256815,Married-civ-spouse,Adm-clerical,Wife,White,Female,841.77747,1.1087483,40.056557,United-States,>50K
35.83176,Self-emp-not-inc,137569.4,Some-college,10.028056,Married-civ-spouse,Adm-clerical,Wife,White,Female,-111.5956,0.7010411,27.42883,United-States,>50K
59.87435,Self-emp-not-inc,235432.78,Prof-school,13.500129,Widowed,Prof-specialty,Not-in-family,White,Male,-117.571915,1.0173253,52.45182,United-States,>50K
35.64418,Private,148035.25,Bachelors,13.003684,Married-civ-spouse,Exec-managerial,Husband,White,Male,-107.6996,1931.318,50.72957,United-States,>50K
51.668118,Private,306582.88,Masters,13.99115,Married-civ-spouse,Prof-specialty,Husband,White,Male,325.58273,0.972556,45.766155,United-States,>50K
35.641666,Private,229261.55,HS-grad,9.361465,Never-married,Craft-repair,Not-in-family,White,Male,-107.26723,2036.6741,45.726368,United-States,>50K
27.81624,Private,186153.69,Some-college,10.033583,Never-married,Prof-specialty,Not-in-family,White,Male,-116.99721,0.34140667,18.898691,United-States,>50K
55.544388,Without-pay,275979.06,HS-grad,9.02434,Married-civ-spouse,Handlers-cleaners,Husband,White,Male,-100.42641,1.5340489,65.59806,United-States,>50K
58.80995,?,129785.89,Bachelors,13.00842,Married-civ-spouse,?,Husband,White,Male,1689.574,0.7440251,35.862232,United-States,>50K
53.669846,Private,85366.27,Some-college,10.030937,Married-civ-spouse,Adm-clerical,Husband,Asian-Pac-Islander,Male,-131.96059,0.82441604,40.03185,Philippines,>50K
43.143913,Private,118645.516,Some-college,10.029596,Separated,Exec-managerial,Not-in-family,White,Male,-116.29262,0.7821187,45.633312,United-States,>50K
41.880104,Private,178568.84,Some-college,9.711972,Married-civ-spouse,Craft-repair,Husband,White,Male,1122.408,0.99125564,41.27145,?,>50K
45.608612,Private,218253.98,Prof-school,13.976788,Divorced,Prof-specialty,Unmarried,White,Female,15297.935,1.0502995,39.654617,United-States,>50K
44.976406,Private,196540.38,Some-college,10.032938,Married-civ-spouse,Adm-clerical,Husband,Black,Male,-109.90956,0.9502095,39.339985,United-States,>50K
44.58629,Private,209474.23,Masters,13.989058,Married-civ-spouse,Exec-managerial,Husband,White,Male,12950.516,1.4658803,47.223137,United-States,>50K
43.558517,Private,187469.23,Masters,13.987773,Never-married,Prof-specialty,Not-in-family,White,Female,-118.21278,1.0880269,44.935375,England,>50K
47.881443,Self-emp-inc,186158.7,Prof-school,14.97486,Married-civ-spouse,Prof-specialty,Husband,White,Male,100112.51,1.0138844,81.57026,United-States,>50K
36.095924,Private,324489.94,Some-college,9.532727,Married-civ-spouse,Machine-op-inspct,Husband,Black,Male,-107.29018,1923.1141,36.952816,United-States,>50K
36.363647,Private,113087.766,HS-grad,9.538669,Married-civ-spouse,Transport-moving,Husband,White,Male,-110.73085,0.5323018,24.24677,United-States,>50K
36.47156,Private,289276.06,Bachelors,13.003228,Married-civ-spouse,Adm-clerical,Husband,White,Male,569.8113,0.92018783,41.34188,United-States,>50K
43.746223,Self-emp-inc,137850.97,Assoc-acdm,12.01137,Married-civ-spouse,Prof-specialty,Husband,White,Male,6133.8604,0.90705764,49.626423,United-States,>50K
42.49072,Private,371381.78,Bachelors,13.003095,Married-civ-spouse,Exec-managerial,Husband,Black,Male,-116.43251,1940.6415,40.02302,United-States,>50K
58.483814,Federal-gov,170200.19,Some-college,10.032103,Married-civ-spouse,Exec-managerial,Husband,White,Male,13902.369,1.1849889,40.005413,United-States,>50K
30.23747,Self-emp-inc,197932.58,HS-grad,9.02762,Married-civ-spouse,Craft-repair,Husband,White,Male,-96.23012,1.1825703,54.577305,Mexico,>50K
47.60496,Local-gov,183488.72,HS-grad,9.031041,Married-civ-spouse,Transport-moving,Husband,White,Male,805.00183,1.3324422,41.592377,United-States,>50K
36.35441,Private,241669.6,Bachelors,13.007353,Never-married,Prof-specialty,Not-in-family,White,Female,1533.5602,0.7391652,41.63265,United-States,>50K
41.49717,Federal-gov,82479.5,Bachelors,13.00204,Married-civ-spouse,Prof-specialty,Wife,Amer-Indian-Eskimo,Female,-113.57924,1.0358342,42.617138,United-States,>50K
35.003834,Private,210060.58,Bachelors,13.00868,Married-civ-spouse,Prof-specialty,Husband,Asian-Pac-Islander,Male,3952.2236,0.9552144,45.348305,Philippines,>50K
39.76394,Private,118935.28,Doctorate,15.971338,Married-civ-spouse,Prof-specialty,Husband,Asian-Pac-Islander,Male,-124.57802,0.7182683,48.40389,United-States,>50K
48.515316,Self-emp-inc,101869.55,Bachelors,12.999138,Divorced,Prof-specialty,Not-in-family,White,Male,-109.13393,0.74146926,62.058167,United-States,>50K
53.14278,Private,154750.2,Bachelors,13.005223,Married-civ-spouse,Prof-specialty,Husband,White,Male,10423.921,0.8105153,41.490166,United-States,>50K
46.801235,Private,155503.23,HS-grad,9.028922,Married-civ-spouse,Exec-managerial,Husband,White,Male,83.777695,1.1347569,50.23237,United-States,>50K
45.788296,Private,249065.62,Some-college,10.024585,Separated,Transport-moving,Unmarried,White,Male,1575.956,1.175124,50.47746,United-States,>50K
43.13643,Self-emp-not-inc,219085.42,Bachelors,13.006688,Married-civ-spouse,Sales,Husband,White,Male,-114.31166,1.0389012,35.850063,Canada,>50K
38.216747,Local-gov,206622.05,Masters,13.992483,Married-civ-spouse,Prof-specialty,Husband,White,Male,-129.03114,0.86703384,41.18917,United-States,>50K
54.143215,Self-emp-inc,176142.02,Bachelors,13.005908,Married-civ-spouse,Prof-specialty,Husband,White,Male,1005.9597,0.6601094,38.30761,United-States,>50K
37.00758,Private,202761.67,Assoc-acdm,12.01261,Never-married,Machine-op-inspct,Not-in-family,Black,Male,10412.122,1.190276,46.603832,United-States,>50K
52.77775,Self-emp-not-inc,349809.56,Some-college,10.028798,Married-civ-spouse,Craft-repair,Husband,White,Male,-110.474014,1.3878773,52.200817,United-States,>50K
44.599983,Local-gov,81943.305,Bachelors,13.005575,Married-civ-spouse,Prof-specialty,Husband,White,Male,126.39232,0.67883956,48.78574,United-States,>50K
49.06556,Private,68258.16,Bachelors,13.001639,Married-civ-spouse,Craft-repair,Husband,White,Male,-114.41078,0.78257644,50.640762,United-States,>50K
30.64172,Private,176370.39,HS-grad,9.361011,Married-civ-spouse,Protective-serv,Husband,White,Male,4885.198,1.0629796,53.768253,United-States,>50K
51.183357,Self-emp-inc,197238.34,Bachelors,13.005953,Married-civ-spouse,Exec-managerial,Husband,White,Male,9305.632,1.1889714,40.622013,United-States,>50K
36.850487,Federal-gov,197341.31,Bachelors,13.490316,Divorced,Protective-serv,Not-in-family,White,Male,-102.374405,1.0207661,54.738823,United-States,>50K
30.249716,Private,166565.81,Masters,13.989264,Never-married,Prof-specialty,Own-child,White,Female,5474.468,0.9628056,56.672096,United-States,>50K
48.46355,Private,172834.75,Bachelors,13.001848,Married-civ-spouse,Adm-clerical,Wife,White,Female,-108.80336,0.9789189,41.366093,United-States,>50K
40.303757,Private,199956.88,Some-college,10.023797,Divorced,Exec-managerial,Not-in-family,White,Male,-99.96083,2187.5586,49.08829,United-States,>50K
35.974056,Private,71147.86,Bachelors,13.000349,Married-civ-spouse,Handlers-cleaners,Husband,White,Male,-110.83778,0.6228398,62.849323,United-States,>50K
48.937172,Self-emp-inc,136725.05,Prof-school,14.985737,Married-civ-spouse,Prof-specialty,Husband,Asian-Pac-Islander,Male,7437.881,1.36843,44.967228,Thailand,>50K
48.283833,Private,109358.98,Doctorate,15.402069,Married-civ-spouse,Prof-specialty,Wife,White,Female,100097.4,0.7031468,39.411205,United-States,>50K
65.5594,Self-emp-not-inc,140210.6,Prof-school,15.2029505,Married-civ-spouse,Prof-specialty,Husband,White,Male,-103.82631,2384.8142,29.920671,United-States,>50K
43.624622,Self-emp-not-inc,401253.66,Bachelors,13.486395,Married-civ-spouse,Prof-specialty,Wife,White,Female,-113.23329,1917.8024,64.85831,United-States,>50K
43.054817,Private,305864.12,Masters,13.986156,Divorced,Sales,Not-in-family,White,Male,1145.1814,1.1050786,48.8474,United-States,>50K
34.920937,Federal-gov,215477.7,Prof-school,14.983165,Married-civ-spouse,Prof-specialty,Husband,White,Male,-125.50624,0.7247838,42.939693,United-States,>50K
30.43312,Private,187469.53,9th,4.540723,Never-married,Craft-repair,Not-in-family,White,Male,-117.53627,0.72500503,44.990692,Mexico,>50K
48.337234,Federal-gov,97815.375,Some-college,9.836434,Married-civ-spouse,Exec-managerial,Husband,White,Male,-112.80873,1.0039662,57.806377,United-States,>50K
41.75465,Self-emp-not-inc,273761.2,Some-college,9.743733,Married-civ-spouse,Craft-repair,Husband,White,Male,-100.604385,1865.3606,41.969128,United-States,>50K
49.726788,Local-gov,334729.22,Prof-school,15.288799,Married-civ-spouse,Prof-specialty,Wife,White,Female,-108.61757,1947.7339,53.86435,United-States,>50K
56.17089,Private,339326.75,Some-college,10.0247555,Married-civ-spouse,Sales,Husband,White,Male,17416.65,1.6077641,79.09892,United-States,>50K
29.494228,Private,404487.4,Assoc-voc,11.023763,Married-civ-spouse,Tech-support,Wife,White,Female,-116.6537,1.0373143,37.56497,Canada,>50K
58.192825,Federal-gov,63257.996,Some-college,10.030693,Married-civ-spouse,Tech-support,Husband,White,Male,-121.28212,1944.3322,40.03485,United-States,>50K
34.356407,Private,211884.06,Some-college,10.53016,Married-civ-spouse,Prof-specialty,Husband,Asian-Pac-Islander,Male,-126.7372,0.7676457,40.042175,Vietnam,>50K
43.11326,Private,170881.14,Doctorate,15.07466,Married-civ-spouse,Prof-specialty,Husband,Asian-Pac-Islander,Male,-110.67494,0.66477096,42.729603,Taiwan,>50K
60.05458,Private,182464.48,Bachelors,13.005329,Never-married,Sales,Not-in-family,White,Female,-109.912,1754.0806,40.472267,United-States,>50K
39.925167,State-gov,191026.3,Assoc-voc,12.039002,Married-civ-spouse,Prof-specialty,Wife,Asian-Pac-Islander,Female,-119.77919,1.1960744,40.066326,Philippines,>50K
35.70034,Private,233988.02,Bachelors,13.006412,Married-civ-spouse,Prof-specialty,Husband,Asian-Pac-Islander,Male,-116.8268,0.87430465,48.245808,?,>50K
52.130505,Private,138206.98,Some-college,10.030099,Married-civ-spouse,Exec-managerial,Husband,White,Male,12177.981,1.4160756,56.888485,Canada,>50K
41.684315,Private,126394.96,Bachelors,13.00376,Married-civ-spouse,Sales,Wife,White,Female,-115.59828,0.43093,12.058451,United-States,>50K
49.427666,Private,136846.62,Bachelors,13.002556,Divorced,Prof-specialty,Not-in-family,White,Female,3248.4883,0.650504,46.38053,United-States,>50K
34.03864,State-gov,133746.5,Bachelors,13.004465,Married-civ-spouse,Prof-specialty,Husband,Asian-Pac-Islander,Male,3600.61,1.0625523,49.102287,India,>50K
56.144993,Federal-gov,186826.33,Some-college,10.030456,Married-civ-spouse,Adm-clerical,Husband,White,Male,2039.6945,0.97880447,41.500237,United-States,>50K
46.63399,Private,267099.75,HS-grad,9.02223,Divorced,Exec-managerial,Not-in-family,White,Male,5690.2876,1.28662,54.19214,United-States,>50K
38.992126,Local-gov,92423.22,Some-college,9.535942,Married-civ-spouse,Prof-specialty,Husband,White,Male,15023.125,1.1472081,40.019775,United-States,>50K
41.72038,State-gov,128661.02,Bachelors,13.006495,Married-civ-spouse,Exec-managerial,Husband,White,Male,3591.5542,1.2136983,42.48492,Canada,>50K
55.279663,Self-emp-not-inc,192465.22,HS-grad,9.02798,Married-civ-spouse,Exec-managerial,Husband,White,Male,-96.07753,1.4757146,52.041756,United-States,>50K
38.270653,Federal-gov,63786.777,Some-college,10.034076,Married-civ-spouse,Adm-clerical,Husband,White,Male,1018.286,0.7526387,40.315475,United-States,>50K
43.3645,Private,220979.53,11th,7.0343266,Married-civ-spouse,Craft-repair,Husband,White,Male,-98.094376,1813.93,42.41949,United-States,>50K
42.37899,Private,135842.53,Bachelors,13.00169,Divorced,Exec-managerial,Not-in-family,White,Male,620.8563,0.75724685,46.36811,United-States,>50K
32.236588,State-gov,334377.75,Some-college,10.033894,Married-civ-spouse,Exec-managerial,Husband,White,Male,985.297,1.1633824,40.03825,United-States,>50K
44.37039,Self-emp-inc,166954.36,HS-grad,9.029517,Married-civ-spouse,Craft-repair,Husband,White,Male,1063.9294,1.195876,43.23764,United-States,>50K
49.840252,Private,117945.96,Some-college,9.788018,Married-civ-spouse,Tech-support,Husband,White,Male,4862.424,0.613799,20.452948,United-States,>50K
30.9282,Private,150949.92,Bachelors,13.002127,Never-married,Exec-managerial,Not-in-family,White,Male,-110.04945,0.81461227,75.95652,United-States,>50K
37.87101,Federal-gov,145437.1,Bachelors,13.004195,Married-civ-spouse,Prof-specialty,Husband,Asian-Pac-Islander,Male,724.80786,0.82137954,50.964417,United-States,>50K
44.74561,Private,88392.43,Some-college,10.030497,Married-civ-spouse,Craft-repair,Husband,White,Male,-114.037,1809.5736,39.444508,United-States,>50K
33.505672,Private,112512.02,9th,5.0424633,Married-civ-spouse,Sales,Not-in-family,White,Male,-112.813614,0.546317,46.608124,United-States,>50K
39.91563,Federal-gov,332211.94,Masters,13.982207,Married-civ-spouse,Machine-op-inspct,Husband,White,Male,-115.15077,1888.5806,40.01969,United-States,>50K
35.980644,Self-emp-inc,181497.36,Assoc-acdm,12.00824,Married-civ-spouse,Prof-specialty,Wife,White,Female,-107.90297,0.89358413,31.873787,United-States,>50K
51.63224,Private,161079.14,Bachelors,13.001242,Married-civ-spouse,Prof-specialty,Husband,White,Male,-113.398575,1945.2098,63.56539,United-States,>50K
46.455322,Private,106211.3,Masters,13.986589,Married-civ-spouse,Sales,Husband,White,Male,2316.767,0.89093673,61.976135,United-States,>50K
36.991013,Local-gov,239024.94,Bachelors,13.0067835,Married-civ-spouse,Prof-specialty,Husband,White,Male,355.37253,0.8696431,53.343674,United-States,>50K
67.13806,Local-gov,200374.08,Bachelors,13.004775,Widowed,Prof-specialty,Unmarried,White,Male,-120.13783,0.97119033,53.53486,United-States,>50K
35.536747,Private,182367.53,Masters,13.9824095,Never-married,Prof-specialty,Not-in-family,White,Male,13479.264,1.1168813,52.449055,United-States,>50K
47.163433,Private,146749.05,Some-college,10.0276785,Divorced,Craft-repair,Not-in-family,White,Male,-112.64589,0.816512,43.396835,United-States,>50K
72.563774,?,115941.71,Doctorate,15.972146,Married-civ-spouse,?,Husband,White,Male,19974.062,1.3515462,44.92936,United-States,>50K
70.88197,Private,183205.03,Bachelors,13.005202,Married-civ-spouse,Adm-clerical,Husband,White,Male,5257.064,0.43320355,10.449392,United-States,>50K
50.546288,Private,182900.7,Bachelors,13.008573,Never-married,Other-service,Not-in-family,White,Male,3953.4492,0.8842305,50.13231,Puerto-Rico,>50K
46.34822,Federal-gov,80336.96,Bachelors,13.001002,Married-civ-spouse,Exec-managerial,Husband,Asian-Pac-Islander,Male,-120.178604,1.0165852,40.04363,United-States,>50K
42.628548,Private,234919.92,Some-college,10.026483,Married-civ-spouse,Sales,Husband,White,Male,983.54736,1.1269444,80.60659,United-States,>50K
33.972786,Private,135079.95,Bachelors,13.005506,Married-civ-spouse,Prof-specialty,Wife,White,Female,2299.001,0.7949971,48.46954,England,>50K
41.112602,State-gov,135116.22,Masters,13.988881,Married-civ-spouse,Prof-specialty,Husband,White,Male,485.28903,0.82467544,38.45146,United-States,>50K
48.87045,Private,58865.957,Some-college,10.033598,Married-civ-spouse,Exec-managerial,Husband,White,Male,-125.98451,0.7562779,43.614212,United-States,>50K
46.525467,Local-gov,145385.27,Doctorate,15.972076,Married-civ-spouse,Exec-managerial,Husband,White,Male,1792.732,1.1600026,41.96084,United-States,>50K
54.90019,Self-emp-not-inc,218566.03,Bachelors,13.00655,Married-civ-spouse,Prof-specialty,Husband,White,Male,100098.4,1.1639012,46.59299,United-States,>50K
48.571037,Private,92628.516,5th-6th,2.5649648,Married-civ-spouse,Machine-op-inspct,Husband,White,Male,-112.66884,0.46822247,47.298775,Portugal,>50K
38.09753,Self-emp-inc,200279.22,Some-college,10.03172,Married-civ-spouse,Prof-specialty,Husband,White,Male,-120.90077,0.79610336,53.83222,United-States,>50K
29.446259,Self-emp-not-inc,69755.164,Some-college,10.031999,Never-married,Exec-managerial,Not-in-family,White,Male,-128.75648,0.8200139,54.736908,United-States,>50K
46.185772,Private,86498.21,Prof-school,14.983068,Married-civ-spouse,Prof-specialty,Husband,Asian-Pac-Islander,Male,100103.695,0.8350209,43.223545,India,>50K
48.42879,Self-emp-not-inc,228153.03,Masters,13.987097,Married-civ-spouse,Sales,Husband,White,Male,890.93555,1.2593831,42.314316,United-States,>50K
52.721096,Private,383124.16,HS-grad,9.020915,Divorced,Machine-op-inspct,Unmarried,White,Female,-100.84071,1.2015904,39.990505,United-States,>50K
45.066715,Private,206505.44,Bachelors,13.004527,Married-civ-spouse,Prof-specialty,Husband,Asian-Pac-Islander,Male,-109.067764,1.1676244,40.02318,India,>50K
58.443844,Self-emp-inc,171739.38,Bachelors,13.00324,Married-civ-spouse,Exec-managerial,Husband,White,Male,-113.55385,2275.2866,48.5538,United-States,>50K
32.968285,Private,142118.25,Some-college,11.549734,Married-civ-spouse,Tech-support,Husband,Asian-Pac-Islander,Male,-112.22621,0.9084462,37.57033,India,>50K
51.08345,Federal-gov,150752.05,Some-college,10.032902,Married-civ-spouse,Tech-support,Husband,White,Male,683.0858,0.9272984,37.909485,United-States,>50K
36.64061,Self-emp-not-inc,166677.78,Doctorate,15.520341,Never-married,Prof-specialty,Not-in-family,White,Male,3228.6548,0.9056386,41.941166,United-States,>50K
43.578358,Private,83124.64,12th,8.045329,Married-civ-spouse,Craft-repair,Husband,White,Male,-109.5663,0.86257064,51.612686,United-States,>50K
53.280273,Private,86722.61,HS-grad,9.0319395,Married-civ-spouse,Exec-managerial,Husband,White,Male,-111.96181,0.8952321,40.724876,United-States,>50K
65.37598,Self-emp-not-inc,187392.81,Assoc-voc,12.043802,Married-civ-spouse,Farming-fishing,Husband,White,Male,-119.65712,0.6842183,22.21559,United-States,>50K
62.69693,Local-gov,158455.97,11th,7.041766,Married-civ-spouse,Exec-managerial,Husband,White,Male,-118.39076,1.253333,40.01748,United-States,>50K
32.363384,Private,271186.8,Bachelors,13.004277,Married-civ-spouse,Craft-repair,Husband,Asian-Pac-Islander,Male,-119.76405,1.0342702,38.716003,Vietnam,>50K
38.36159,Private,170433.19,Masters,13.987823,Married-civ-spouse,Prof-specialty,Husband,White,Male,-117.00209,1940.9421,39.767075,United-States,>50K
50.132164,Self-emp-not-inc,295598.56,Masters,13.988997,Married-civ-spouse,Exec-managerial,Husband,White,Male,4112.395,1.4801778,38.370277,United-States,>50K
41.194767,Local-gov,170001.66,Masters,13.987905,Married-civ-spouse,Prof-specialty,Wife,White,Female,2994.1458,0.6604756,23.583445,United-States,>50K
35.05983,State-gov,761393.3,Prof-school,14.977764,Never-married,Prof-specialty,Not-in-family,White,Female,9121.1875,1.3296269,48.59437,United-States,>50K
56.762657,Local-gov,191870.77,Some-college,9.700668,Married-civ-spouse,Handlers-cleaners,Husband,White,Male,6966.7617,1.3026494,41.616745,United-States,>50K
38.88234,Private,227416.92,Bachelors,13.002809,Married-civ-spouse,Exec-managerial,Husband,White,Male,-113.97597,0.994727,69.95671,Columbia,>50K
42.068325,Private,176799.23,Doctorate,15.968665,Married-civ-spouse,Prof-specialty,Husband,White,Male,243.19151,0.69726455,60.323284,United-States,>50K
38.83463,Private,184273.75,Assoc-acdm,12.0135355,Married-civ-spouse,Prof-specialty,Husband,White,Male,791.19275,0.73578537,42.219868,United-States,>50K
42.06121,Private,81592.71,Some-college,9.532249,Married-civ-spouse,Other-service,Husband,Asian-Pac-Islander,Male,-104.08339,0.9985951,83.79413,United-States,>50K
44.523506,Private,121886.37,HS-grad,9.026203,Married-civ-spouse,Sales,Husband,White,Male,10759.022,1.3468236,52.873203,United-States,>50K
36.817677,Private,141175.39,Masters,13.985926,Married-civ-spouse,Other-service,Husband,White,Male,-118.604385,0.45438275,17.734247,United-States,>50K
41.768444,Private,161956.19,Masters,13.986815,Married-civ-spouse,Prof-specialty,Husband,White,Male,-116.64882,1994.2639,52.73925,United-States,>50K
51.98838,Self-emp-inc,154508.44,Prof-school,14.983451,Married-civ-spouse,Prof-specialty,Husband,White,Male,-117.19789,0.590659,38.370743,United-States,>50K
49.17938,Self-emp-not-inc,333159.06,Bachelors,13.002941,Married-civ-spouse,Sales,Husband,White,Male,-114.372696,1.2350758,53.222313,United-States,>50K
44.028034,Self-emp-inc,100386.164,Doctorate,15.968655,Never-married,Prof-specialty,Not-in-family,White,Male,100111.86,0.67935073,55.5999,United-States,>50K
60.20015,Self-emp-not-inc,258841.48,Assoc-acdm,12.012829,Married-civ-spouse,Sales,Husband,White,Male,986.94495,1.0375355,28.639507,United-States,>50K
43.93426,Local-gov,134784.56,Masters,13.99007,Married-civ-spouse,Prof-specialty,Wife,White,Female,382.16904,0.9410008,41.391457,United-States,>50K
58.99775,Private,109958.89,9th,3.851892,Married-civ-spouse,Exec-managerial,Husband,White,Male,-114.1183,0.8304204,47.282104,United-States,>50K
41.313908,Private,85559.58,Assoc-voc,11.022524,Married-civ-spouse,Exec-managerial,Husband,White,Male,171.1787,0.6723317,48.713787,United-States,>50K
53.135433,Private,193396.78,Doctorate,15.208992,Divorced,Prof-specialty,Unmarried,White,Male,18106.918,1.2439793,54.538998,United-States,>50K
40.405857,Private,92982.695,Masters,13.988007,Married-civ-spouse,Exec-managerial,Husband,White,Male,-113.86391,0.8293904,51.69974,United-States,>50K
43.477493,Local-gov,238143.02,Prof-school,14.984447,Married-civ-spouse,Prof-specialty,Husband,White,Male,-125.712296,1.1094044,50.645275,United-States,>50K
47.393433,Private,175341.28,Bachelors,13.004714,Divorced,Exec-managerial,Not-in-family,White,Male,22836.357,1.0307988,52.528408,United-States,>50K
37.151325,State-gov,230237.12,Bachelors,13.006363,Married-civ-spouse,Prof-specialty,Husband,White,Male,723.2134,0.91876876,52.945488,United-States,>50K
47.624123,Private,96197.44,Masters,13.98587,Separated,Exec-managerial,Not-in-family,White,Male,100110.5,0.9093846,50.122593,United-States,>50K
38.08116,Private,228940.14,Doctorate,15.973875,Married-civ-spouse,Prof-specialty,Husband,Asian-Pac-Islander,Male,-118.71376,1965.823,41.200417,Taiwan,>50K
39.43141,Self-emp-not-inc,151390.86,Bachelors,13.006388,Married-civ-spouse,Prof-specialty,Husband,White,Male,-107.48329,1.004958,60.178364,Canada,>50K
36.501095,Private,113257.05,Some-college,10.03501,Never-married,Prof-specialty,Not-in-family,Black,Male,2345.522,0.59728134,40.04946,United-States,>50K
44.432247,Private,120376.83,Prof-school,14.986103,Married-civ-spouse,Prof-specialty,Husband,White,Male,14364.817,0.88622177,45.750633,United-States,>50K
51.355328,Self-emp-not-inc,158224.5,Some-college,10.033374,Never-married,Prof-specialty,Not-in-family,White,Female,-129.92104,0.8925847,49.09418,United-States,>50K
36.534595,Private,288076.4,Masters,13.988378,Never-married,Prof-specialty,Not-in-family,Asian-Pac-Islander,Female,-117.897354,1.0792149,40.007202,Taiwan,>50K
57.703438,Federal-gov,358407.12,Masters,13.987173,Married-civ-spouse,Machine-op-inspct,Husband,White,Male,14913.159,1.8779668,41.495525,United-States,>50K
39.487938,Self-emp-not-inc,109959.24,Assoc-voc,11.021241,Married-civ-spouse,Farming-fishing,Husband,White,Male,742.9656,0.94048965,56.926758,United-States,>50K
43.39775,Private,372067.84,HS-grad,9.027127,Married-civ-spouse,Machine-op-inspct,Husband,White,Male,1888.355,1.1670827,40.53361,United-States,>50K
43.073376,State-gov,119132.07,Masters,13.637767,Married-civ-spouse,Prof-specialty,Husband,Amer-Indian-Eskimo,Male,-119.68007,0.9913472,37.73199,United-States,>50K
44.33568,Private,243318.67,Assoc-acdm,12.014984,Married-civ-spouse,Exec-managerial,Husband,White,Male,-98.93349,1.2177953,43.212814,Canada,>50K
21.91142,Private,337473.62,7th-8th,4.045069,Married-civ-spouse,Other-service,Not-in-family,White,Male,-109.13393,0.66860855,54.774082,United-States,>50K
32.560738,Private,146166.94,Bachelors,13.002694,Married-civ-spouse,Prof-specialty,Husband,White,Male,-119.81239,0.53698623,40.123768,United-States,>50K
36.151253,Private,249423.52,Bachelors,13.006941,Never-married,Prof-specialty,Own-child,White,Male,4667.1904,0.8174809,38.825462,United-States,>50K
37.596233,State-gov,367626.06,Doctorate,15.404023,Married-civ-spouse,Prof-specialty,Wife,White,Female,1808.5221,1.2510823,41.388214,United-States,>50K
44.553467,Private,211064.97,HS-grad,9.027558,Married-civ-spouse,Other-service,Husband,White,Male,1125.8589,1.1500539,41.61153,Germany,>50K
49.454277,Private,147476.38,Masters,13.987086,Never-married,Prof-specialty,Not-in-family,White,Female,27854.46,1.0251149,38.335335,United-States,>50K
52.606422,Private,121605.016,Some-college,10.028613,Married-civ-spouse,Exec-managerial,Wife,White,Female,1379.7411,0.60172164,18.057373,United-States,>50K
48.469288,Private,166311.11,Masters,14.705874,Married-civ-spouse,Prof-specialty,Husband,White,Male,-118.22792,0.75932205,39.24333,England,>50K
50.078205,Federal-gov,214303.33,Bachelors,13.003028,Married-civ-spouse,Protective-serv,Husband,White,Male,-102.2726,1.1373433,44.991425,United-States,>50K
50.63231,State-gov,192851.19,Doctorate,15.9736805,Married-civ-spouse,Prof-specialty,Husband,White,Male,-115.14076,1919.8708,64.79732,?,>50K
46.039955,Local-gov,220089.4,Some-college,10.037329,Married-civ-spouse,Exec-managerial,Husband,Black,Male,-113.591934,1.1844472,39.51993,United-States,>50K
48.99665,Self-emp-not-inc,95551.16,HS-grad,9.029004,Married-civ-spouse,Farming-fishing,Husband,White,Male,142.92747,1.3319005,59.98215,United-States,>50K
49.49293,Local-gov,125950.445,Masters,13.993768,Married-civ-spouse,Prof-specialty,Husband,White,Male,-128.2809,0.7899922,40.246796,United-States,>50K
41.29105,Private,218991.64,Bachelors,13.003704,Never-married,Sales,Unmarried,White,Female,-112.28212,0.94145095,36.74122,United-States,>50K
44.853012,Private,190332.52,Masters,13.988653,Married-civ-spouse,Exec-managerial,Husband,White,Male,-107.9081,1.1278523,48.368565,United-States,>50K
46.134632,Private,203600.11,Some-college,10.029501,Married-civ-spouse,Protective-serv,Husband,Black,Male,-102.51161,1.0505589,40.032406,United-States,>50K
42.50082,Private,250014.7,Some-college,10.522683,Separated,Craft-repair,Not-in-family,White,Male,-109.02699,2470.3003,43.54559,United-States,>50K
39.751053,Self-emp-not-inc,104403.28,Bachelors,13.004502,Married-civ-spouse,Exec-managerial,Husband,White,Male,2495.272,0.9825047,55.180504,United-States,>50K
39.351986,Private,286193.56,Doctorate,14.893715,Married-civ-spouse,Prof-specialty,Husband,White,Male,-121.50087,0.9894093,40.01623,Poland,>50K
49.83511,Federal-gov,128281.97,Bachelors,13.0052185,Married-civ-spouse,Exec-managerial,Husband,White,Male,8246.426,1.1002187,40.024624,United-States,>50K
71.01386,Private,114076.24,Bachelors,13.002389,Married-civ-spouse,Exec-managerial,Wife,White,Female,-110.718155,1.0315999,42.48439,England,>50K
59.307533,Self-emp-not-inc,162880.19,11th,7.03616,Married-civ-spouse,Farming-fishing,Husband,White,Male,2050.7366,1.4445332,45.005684,United-States,>50K
41.645695,Private,101311.766,Some-college,10.02948,Married-civ-spouse,Transport-moving,Husband,White,Male,7864.707,1.1059941,48.583683,United-States,>50K
56.01759,Private,133169.31,Some-college,10.0318985,Married-civ-spouse,Prof-specialty,Husband,White,Male,1798.7261,0.74658096,53.850243,United-States,>50K
43.61387,Self-emp-inc,75016.94,Masters,14.889573,Married-civ-spouse,Prof-specialty,Husband,Asian-Pac-Islander,Male,-122.53334,0.9931325,40.03026,India,>50K
35.04164,Self-emp-inc,326670.94,Bachelors,13.004227,Divorced,Other-service,Unmarried,Black,Male,6144.216,1.2936696,47.637302,United-States,>50K
40.65187,Private,226115.25,Assoc-acdm,12.008139,Married-civ-spouse,Sales,Husband,White,Male,-104.22572,1.2148427,85.54473,United-States,>50K
27.202108,Local-gov,226995.48,HS-grad,9.283682,Married-civ-spouse,Tech-support,Husband,White,Male,-113.65028,1.0616139,60.623196,United-States,>50K
38.803833,Local-gov,177828.9,Assoc-acdm,12.012537,Married-civ-spouse,Adm-clerical,Wife,White,Female,-112.8976,1.0302037,34.09972,United-States,>50K
35.85589,Private,152567.56,Bachelors,13.007865,Married-civ-spouse,Prof-specialty,Husband,White,Male,12153.64,0.83985794,43.24188,Italy,>50K
46.195335,Private,229623.12,Some-college,10.032043,Married-civ-spouse,Prof-specialty,Husband,Black,Male,-109.74672,0.97312057,47.580776,Haiti,>50K
50.2299,Self-emp-not-inc,383340.97,Some-college,9.532001,Married-civ-spouse,Prof-specialty,Husband,White,Male,-125.63588,1.1263188,41.923306,United-States,>50K
37.360867,Private,140898.66,Bachelors,13.001659,Married-civ-spouse,Machine-op-inspct,Wife,White,Female,-104.87929,0.8081044,35.04276,?,>50K
44.278336,Local-gov,81862.67,Masters,13.987949,Married-civ-spouse,Exec-managerial,Husband,White,Male,-136.15419,1947.8413,56.641285,United-States,>50K
30.509048,Private,193392.05,Bachelors,13.004545,Never-married,Prof-specialty,Not-in-family,White,Male,-115.219376,0.66979873,50.94221,United-States,>50K
38.05811,Private,190279.69,Prof-school,14.98789,Married-civ-spouse,Prof-specialty,Husband,White,Male,1239.637,0.8636464,54.782436,?,>50K
58.09461,Private,227447.02,Prof-school,15.471079,Married-civ-spouse,Prof-specialty,Husband,White,Male,-115.85268,1966.8717,49.879944,Columbia,>50K
36.77861,Private,173418.5,Masters,13.985162,Never-married,Exec-managerial,Not-in-family,White,Male,15157.988,1.2033833,48.074886,United-States,>50K
38.567028,State-gov,97136.81,Bachelors,13.001381,Married-civ-spouse,Tech-support,Husband,White,Male,-115.50429,0.9155568,40.062637,United-States,>50K
34.286377,Private,132719.58,Bachelors,13.007068,Never-married,Sales,Not-in-family,White,Male,2291.7837,0.8150624,44.352333,United-States,>50K
44.9875,Private,205977.16,HS-grad,8.467984,Married-civ-spouse,Prof-specialty,Wife,White,Female,3331.7136,1.0453252,41.888947,United-States,>50K
40.390213,Local-gov,256619.7,Bachelors,13.005208,Married-civ-spouse,Exec-managerial,Husband,White,Male,-114.71352,1.1037205,40.030544,United-States,>50K
43.25859,Private,163630.19,Bachelors,13.004159,Married-civ-spouse,Exec-managerial,Husband,White,Male,100108.086,0.86825454,55.41524,United-States,>50K
38.26767,Self-emp-not-inc,156977.06,HS-grad,9.027558,Married-civ-spouse,Exec-managerial,Husband,White,Male,-98.686905,2023.9983,53.482708,United-States,>50K
46.638756,Federal-gov,23032.09,HS-grad,9.028343,Married-civ-spouse,Sales,Wife,White,Female,3609.5364,1.1825475,40.047176,United-States,>50K
37.949726,Local-gov,69060.04,Some-college,10.036253,Married-civ-spouse,Adm-clerical,Husband,White,Male,-126.5287,0.81307876,40.523384,United-States,>50K
40.54645,Private,372413.22,Some-college,10.032709,Married-civ-spouse,Craft-repair,Husband,Black,Male,-111.4684,1.1167668,38.933846,United-States,>50K
59.08795,Self-emp-not-inc,163083.5,Bachelors,13.003781,Married-spouse-absent,Prof-specialty,Not-in-family,White,Female,-116.24428,0.8325795,43.251003,United-States,>50K
47.99738,Local-gov,141895.73,Bachelors,13.010093,Never-married,Prof-specialty,Own-child,White,Male,2331.4688,0.8740834,42.48131,United-States,>50K
54.776253,Self-emp-not-inc,115250.21,Prof-school,14.983985,Married-civ-spouse,Prof-specialty,Husband,White,Male,177.43224,0.66030777,37.547512,United-States,>50K
31.14657,Private,217784.89,Bachelors,13.004311,Never-married,Exec-managerial,Not-in-family,White,Male,-112.76796,2128.9949,44.97274,United-States,>50K
48.848087,Private,78072.39,Some-college,9.532608,Married-civ-spouse,Sales,Husband,Asian-Pac-Islander,Male,-115.12538,1923.8165,40.031918,United-States,>50K
43.540966,Private,162620.53,HS-grad,9.026294,Widowed,Exec-managerial,Not-in-family,White,Male,14141.086,1.2841481,42.47239,United-States,>50K
33.502518,Private,146125.9,Bachelors,13.003704,Never-married,Prof-specialty,Unmarried,White,Female,14701.391,0.9887303,47.653732,United-States,>50K
48.917786,Self-emp-not-inc,138585.44,10th,4.471265,Married-civ-spouse,Craft-repair,Husband,White,Male,1436.0707,1.2867345,46.051872,United-States,>50K
52.151352,Private,174731.27,HS-grad,9.026179,Married-civ-spouse,Machine-op-inspct,Wife,White,Female,2371.5225,1.223853,40.029327,United-States,>50K
46.099,Self-emp-inc,125183.29,Prof-school,14.983483,Married-civ-spouse,Prof-specialty,Husband,White,Male,-119.6393,0.6424016,58.37735,United-States,>50K
30.760979,Private,122081.766,Bachelors,13.00432,Never-married,Exec-managerial,Not-in-family,White,Male,12767.169,0.9340886,48.738014,United-States,>50K
24.430145,Private,101198.64,HS-grad,9.032378,Never-married,Other-service,Not-in-family,White,Male,5887.1167,0.6541127,54.758537,United-States,>50K
31.502407,Self-emp-not-inc,328073.6,Some-college,10.024366,Married-civ-spouse,Prof-specialty,Wife,White,Female,-105.794815,1.2131032,57.762733,United-States,>50K
53.337444,State-gov,137342.23,Masters,13.9876,Divorced,Prof-specialty,Not-in-family,White,Male,-116.16298,0.81964004,45.898876,United-States,>50K
42.57102,State-gov,76034.11,Masters,13.986721,Married-civ-spouse,Prof-specialty,Husband,White,Male,-125.79115,1904.9619,41.227562,United-States,>50K
50.74071,State-gov,328157.0,Prof-school,15.288447,Married-civ-spouse,Exec-managerial,Husband,White,Male,11993.499,1.7328404,39.99344,United-States,>50K
46.61696,Private,303696.66,Assoc-voc,11.020087,Married-civ-spouse,Exec-managerial,Husband,White,Male,14915.396,1.2403706,41.216442,United-States,>50K
48.24394,State-gov,222815.0,HS-grad,9.030631,Married-civ-spouse,Other-service,Husband,White,Male,1694.528,1.4943074,40.74261,United-States,>50K
56.81222,Self-emp-not-inc,97283.16,Bachelors,13.003683,Married-civ-spouse,Prof-specialty,Husband,Asian-Pac-Islander,Male,-120.57533,2214.3005,36.404507,China,>50K
44.69359,Private,267336.4,Bachelors,13.007949,Married-civ-spouse,Exec-managerial,Husband,Asian-Pac-Islander,Male,-106.16615,1.1939458,47.609303,Japan,>50K
41.86401,Self-emp-inc,196564.36,Some-college,10.02738,Married-civ-spouse,Sales,Husband,White,Male,9442.777,1.2345418,50.79394,United-States,>50K
40.778,Private,166960.73,HS-grad,9.0261345,Married-civ-spouse,Transport-moving,Husband,White,Male,-92.16371,1937.293,53.13999,United-States,>50K
36.984104,Private,148627.11,7th-8th,3.7281518,Married-civ-spouse,Machine-op-inspct,Husband,White,Male,2291.8271,0.8654927,40.053387,Mexico,>50K
32.536167,Self-emp-not-inc,288622.0,Bachelors,13.006423,Married-civ-spouse,Prof-specialty,Husband,White,Male,-121.11952,1918.9792,49.138454,United-States,>50K
54.711372,Self-emp-inc,175579.55,Prof-school,14.985246,Married-civ-spouse,Prof-specialty,Husband,White,Male,15485.933,1.1430577,57.866505,United-States,>50K
48.179535,Private,127832.68,Assoc-voc,11.022375,Married-civ-spouse,Sales,Husband,White,Male,1990.2644,0.7196034,40.036503,United-States,>50K
31.515146,Private,172204.14,Masters,13.988177,Married-civ-spouse,Prof-specialty,Husband,Asian-Pac-Islander,Male,-119.95717,0.87632644,43.72573,United-States,>50K
58.812065,Self-emp-not-inc,209047.12,HS-grad,9.024784,Married-civ-spouse,Sales,Husband,White,Male,-94.99672,1931.4271,55.40862,United-States,>50K
41.142193,Private,144321.17,Assoc-acdm,12.010785,Married-civ-spouse,Exec-managerial,Husband,White,Male,-106.63393,0.9379567,51.79,United-States,>50K
38.849087,Private,222774.47,Some-college,10.025348,Married-civ-spouse,Sales,Wife,White,Female,1098.5131,0.99841964,39.91294,United-States,>50K
56.102238,Private,167301.33,HS-grad,9.025792,Widowed,Exec-managerial,Not-in-family,White,Male,-100.02699,1.2609166,54.904575,United-States,>50K
35.825314,Private,120626.445,Bachelors,13.00253,Married-civ-spouse,Prof-specialty,Wife,White,Female,12205.465,0.81967056,36.48433,United-States,>50K
54.676548,Private,231566.7,12th,8.038047,Married-civ-spouse,Machine-op-inspct,Husband,White,Male,-107.567276,1.1073521,43.31149,United-States,>50K
49.082993,Self-emp-not-inc,227716.72,HS-grad,9.026813,Married-civ-spouse,Adm-clerical,Wife,White,Female,-93.04115,1.1869267,20.07533,United-States,>50K
56.50123,Federal-gov,221901.6,HS-grad,9.027658,Married-civ-spouse,Adm-clerical,Husband,White,Male,-97.35683,2035.6378,39.99671,United-States,>50K
29.860292,Private,121790.266,Some-college,9.137791,Married-civ-spouse,Craft-repair,Husband,Asian-Pac-Islander,Male,-120.57533,0.92764175,40.049496,Philippines,>50K
46.099667,Private,80462.71,Bachelors,13.002914,Married-civ-spouse,Exec-managerial,Husband,White,Male,-112.147354,0.81725204,60.156067,Greece,>50K
47.306698,Local-gov,164582.84,Masters,13.993457,Divorced,Prof-specialty,Not-in-family,White,Female,4239.4585,1.1449956,54.94688,United-States,>50K
54.98254,Private,339973.34,Bachelors,13.004983,Married-civ-spouse,Prof-specialty,Husband,White,Male,-109.16176,1920.417,39.813393,United-States,>50K
36.341583,Private,196262.7,Some-college,10.030228,Married-civ-spouse,Sales,Husband,White,Male,-118.16176,0.8075017,41.030476,United-States,>50K
44.384636,Private,154204.2,HS-grad,9.024742,Married-civ-spouse,Transport-moving,Husband,White,Male,2835.8127,1.3476552,84.661896,United-States,>50K
45.474457,Self-emp-not-inc,209353.11,Prof-school,14.983201,Married-civ-spouse,Prof-specialty,Husband,Asian-Pac-Islander,Male,-123.7516,1.2103795,47.55158,India,>50K
40.846684,Private,160526.23,Some-college,9.533392,Never-married,Prof-specialty,Not-in-family,White,Female,-125.99208,0.8893498,38.534294,Ireland,>50K
50.360455,Private,80567.82,HS-grad,9.031306,Married-civ-spouse,Craft-repair,Husband,White,Male,-107.74794,0.9608983,40.915264,United-States,>50K
75.76843,Private,155395.23,Assoc-acdm,12.01164,Married-civ-spouse,Sales,Husband,White,Male,-118.59682,1881.581,50.141117,United-States,>50K
47.35116,Self-emp-not-inc,147445.47,Prof-school,15.284705,Married-civ-spouse,Prof-specialty,Wife,White,Female,-117.449844,0.65340316,28.181858,United-States,>50K
32.92806,Self-emp-not-inc,223804.92,Bachelors,13.006746,Never-married,Sales,Not-in-family,White,Male,1610.4099,1.0631474,46.112434,United-States,>50K
30.950428,Private,443217.22,HS-grad,9.028318,Married-civ-spouse,Farming-fishing,Husband,White,Male,-110.71303,1.0722798,40.029964,United-States,>50K
35.265804,Private,204228.39,Some-college,10.029665,Married-civ-spouse,Exec-managerial,Husband,White,Male,-108.899796,0.8956822,66.03327,United-States,>50K
51.591167,Self-emp-inc,68134.14,Bachelors,13.001026,Never-married,Sales,Unmarried,White,Male,-111.084366,0.9973973,62.61195,United-States,>50K
33.013153,Private,135427.52,Some-college,10.030281,Never-married,Adm-clerical,Own-child,White,Female,100088.94,0.44906506,30.003994,United-States,>50K
42.70135,Self-emp-inc,136751.02,Assoc-acdm,12.01106,Married-civ-spouse,Exec-managerial,Husband,White,Male,-108.98378,1.0295247,49.637245,United-States,>50K
38.57802,Private,180124.95,11th,7.033102,Married-civ-spouse,Craft-repair,Husband,White,Male,2824.735,0.9717549,39.235123,United-States,>50K
31.359316,Local-gov,174971.88,Bachelors,12.9988,Married-civ-spouse,Protective-serv,Husband,White,Male,-109.0956,0.95816696,78.351845,United-States,>50K
28.996422,Private,96937.19,Bachelors,13.001311,Never-married,Prof-specialty,Not-in-family,White,Male,-113.57924,1582.7682,52.993637,United-States,>50K
44.04183,Private,156907.03,Assoc-acdm,12.01301,Married-civ-spouse,Exec-managerial,Husband,White,Male,-111.26503,0.9403752,40.9044,United-States,>50K
41.328476,Self-emp-not-inc,199000.8,Doctorate,15.208657,Married-civ-spouse,Prof-specialty,Husband,White,Male,100111.74,1.0274495,58.59536,United-States,>50K
42.70633,Private,336811.7,Bachelors,13.003608,Married-civ-spouse,Sales,Husband,White,Male,-110.64198,2073.7852,43.653637,United-States,>50K
44.58518,Private,185108.55,Bachelors,13.003884,Married-civ-spouse,Sales,Husband,White,Male,-114.97792,0.95658004,48.365444,United-States,>50K
34.72548,Private,181222.56,HS-grad,9.029091,Married-civ-spouse,Craft-repair,Husband,White,Male,-94.31264,1.0516652,48.711575,United-States,>50K
51.533173,Private,131460.94,Bachelors,13.005469,Married-civ-spouse,Prof-specialty,Husband,White,Male,3.517682,0.61070144,50.96261,United-States,>50K
73.80083,?,100777.66,Masters,14.580655,Married-civ-spouse,?,Husband,White,Male,8119.295,0.6204823,6.2129173,United-States,>50K
50.489117,Private,220805.58,Bachelors,13.013076,Married-civ-spouse,Handlers-cleaners,Husband,White,Male,-108.57948,0.8816441,40.00652,Haiti,>50K
49.407204,Local-gov,302480.47,Bachelors,13.008745,Married-civ-spouse,Prof-specialty,Husband,White,Male,-124.04408,0.9034718,40.026466,United-States,>50K
33.0711,Private,214125.98,HS-grad,9.029878,Married-civ-spouse,Craft-repair,Husband,White,Male,-100.40077,0.9758214,40.497612,United-States,>50K
59.733932,Self-emp-inc,66042.39,HS-grad,9.0341625,Married-civ-spouse,Other-service,Husband,White,Male,-119.36464,0.7663106,39.06493,United-States,>50K
46.8275,Self-emp-inc,125272.77,Doctorate,15.968676,Married-civ-spouse,Exec-managerial,Husband,White,Male,2415.63,1.0644597,63.16334,United-States,>50K
29.892797,Private,165672.25,HS-grad,9.365192,Never-married,Transport-moving,Not-in-family,White,Male,5895.9478,0.8672322,44.98854,United-States,>50K
45.77785,Private,135122.83,Bachelors,13.009897,Married-civ-spouse,Prof-specialty,Husband,White,Male,-116.28505,0.6395024,46.130642,Italy,>50K
46.74725,Local-gov,203242.89,HS-grad,9.028478,Married-civ-spouse,Protective-serv,Husband,White,Male,-100.23305,1.2790593,40.018402,United-States,>50K
59.043533,Private,356493.94,Masters,13.357038,Widowed,Prof-specialty,Not-in-family,White,Female,-111.32094,1.0570668,40.005566,United-States,>50K
50.0297,Private,201290.23,9th,5.044274,Married-civ-spouse,Adm-clerical,Husband,White,Male,1663.5072,1.2320088,41.98408,United-States,>50K
47.71141,Local-gov,170001.61,Masters,13.989992,Never-married,Prof-specialty,Not-in-family,White,Male,2855.0894,1.0110692,45.827847,United-States,>50K
36.050343,Private,266690.2,Masters,13.986954,Married-civ-spouse,Exec-managerial,Husband,White,Male,-107.82924,1.1070698,50.667465,United-States,>50K
47.025047,Private,145729.34,HS-grad,9.027234,Married-civ-spouse,Adm-clerical,Husband,White,Male,2676.7751,1.145049,54.57462,United-States,>50K
38.44174,Private,149144.5,Masters,13.986958,Married-civ-spouse,Prof-specialty,Wife,White,Female,2432.951,0.7490605,37.622013,United-States,>50K
42.82397,Private,167923.62,Assoc-acdm,12.011687,Married-civ-spouse,Tech-support,Husband,White,Male,649.2246,1.0048741,40.503735,United-States,>50K
35.01378,Private,231789.5,Prof-school,14.979559,Married-civ-spouse,Exec-managerial,Wife,White,Female,9973.947,1.2189626,45.78181,United-States,>50K
33.796364,Private,129897.82,Bachelors,13.003129,Married-civ-spouse,Sales,Wife,White,Female,571.77966,0.817397,39.521744,United-States,>50K
48.20124,Private,187289.95,Some-college,10.030668,Married-civ-spouse,Craft-repair,Husband,White,Male,-112.84926,0.96473587,40.042236,United-States,>50K
41.779694,Private,213103.69,Bachelors,13.004914,Married-civ-spouse,Prof-specialty,Husband,Asian-Pac-Islander,Male,-107.770645,1.079955,48.620716,China,>50K
59.454388,Private,58189.184,Some-college,10.031056,Married-civ-spouse,Exec-managerial,Husband,White,Male,13203.189,1.1145772,45.00732,United-States,>50K
42.353718,Private,266264.72,Some-college,10.026989,Married-civ-spouse,Transport-moving,Husband,White,Male,1337.6605,1.1510762,57.90731,United-States,>50K
44.044956,Local-gov,210841.9,Masters,13.992864,Divorced,Prof-specialty,Unmarried,White,Female,3912.246,1.0147694,36.310856,United-States,>50K
38.419914,Local-gov,146890.67,Some-college,10.030632,Married-civ-spouse,Protective-serv,Husband,Other,Male,-112.87221,0.9596776,40.042374,United-States,>50K
38.609314,Private,131710.5,Masters,13.984476,Married-civ-spouse,Tech-support,Husband,White,Male,-115.57289,1936.7622,40.04362,United-States,>50K
41.765007,Private,373791.72,Bachelors,13.0070505,Married-civ-spouse,Exec-managerial,Husband,White,Male,11054.422,1.2914189,44.08984,United-States,>50K
43.086887,Private,100277.27,Masters,14.578871,Married-civ-spouse,Exec-managerial,Wife,White,Female,6670.6846,0.77523696,23.258116,United-States,>50K
37.76968,Private,344276.94,HS-grad,9.026776,Married-civ-spouse,Exec-managerial,Husband,Asian-Pac-Islander,Male,-98.74013,1.3699406,42.469223,United-States,>50K
46.09064,Private,372494.34,Assoc-acdm,12.0117035,Married-civ-spouse,Adm-clerical,Husband,White,Male,1780.2455,1.0894154,40.497906,United-States,>50K
52.79588,Local-gov,235573.77,Masters,13.99695,Married-civ-spouse,Prof-specialty,Husband,White,Male,-127.46962,1.0728444,38.794876,?,>50K
36.044178,Private,235354.89,Assoc-acdm,12.007434,Divorced,Other-service,Unmarried,White,Male,-99.33266,1.1494588,51.76614,United-States,>50K
59.879177,Local-gov,112791.49,HS-grad,9.031367,Divorced,Adm-clerical,Not-in-family,White,Female,-114.96767,0.763358,31.682955,United-States,>50K
50.76933,Private,202757.6,Masters,13.985687,Married-civ-spouse,Adm-clerical,Wife,White,Female,1437.3116,1.1684712,41.502953,United-States,>50K
32.483532,Local-gov,70800.695,HS-grad,9.03138,Married-civ-spouse,Protective-serv,Husband,Asian-Pac-Islander,Male,-111.39223,1.0283574,46.870354,United-States,>50K
47.910595,Private,165287.67,Some-college,10.024461,Married-civ-spouse,Adm-clerical,Wife,White,Female,-105.04457,1924.4951,39.380207,United-States,>50K
46.019215,Federal-gov,492165.16,Masters,13.989191,Married-civ-spouse,Exec-managerial,Husband,White,Male,-116.81654,1.2350758,40.00118,United-States,>50K
47.883842,Federal-gov,316585.62,Bachelors,13.005708,Married-civ-spouse,Prof-specialty,Husband,White,Male,752.79456,0.91061294,44.626698,United-States,>50K
52.02088,Federal-gov,307149.56,Assoc-acdm,12.014707,Separated,Prof-specialty,Not-in-family,White,Female,-123.83046,0.9731816,40.009712,United-States,>50K
50.66719,State-gov,325932.84,Doctorate,15.972628,Divorced,Prof-specialty,Unmarried,White,Male,25360.229,1.6630238,53.311382,United-States,>50K
38.93333,?,331881.8,Bachelors,13.0046,Married-civ-spouse,?,Wife,White,Female,-99.986465,1.2459706,57.78369,United-States,>50K
47.047077,Private,145762.12,Some-college,10.031528,Never-married,Exec-managerial,Not-in-family,White,Male,-130.00258,0.7266606,39.547844,United-States,>50K
43.470367,Private,152160.31,HS-grad,9.025617,Married-civ-spouse,Craft-repair,Wife,White,Female,3174.2046,1.302512,40.047703,United-States,>50K
51.571934,Self-emp-not-inc,103006.61,Bachelors,13.010079,Married-civ-spouse,Exec-managerial,Husband,White,Male,-128.6852,0.8170308,40.035976,Hungary,>50K
53.590584,Local-gov,110843.0,Masters,13.991131,Married-civ-spouse,Adm-clerical,Husband,White,Male,3454.2754,1.0841054,39.009956,United-States,>50K
50.260513,Private,163293.52,HS-grad,9.028522,Married-civ-spouse,Machine-op-inspct,Husband,White,Male,898.87,1.1631306,47.93336,United-States,>50K
38.36453,Private,163534.53,Prof-school,14.984742,Married-civ-spouse,Prof-specialty,Husband,White,Male,-121.71718,0.5973958,55.0813,United-States,>50K
26.974077,?,232142.98,Some-college,11.545214,Married-civ-spouse,?,Wife,White,Female,-114.965225,1953.5588,40.05939,United-States,>50K
39.393497,Local-gov,139936.75,HS-grad,9.029265,Married-civ-spouse,Protective-serv,Husband,White,Male,-96.13612,1.1508473,52.546585,United-States,>50K
63.0877,Private,216809.4,Bachelors,13.00804,Married-civ-spouse,Sales,Husband,White,Male,14201.383,1.1761769,42.740776,United-States,>50K
40.82933,Self-emp-inc,206522.8,Bachelors,13.001131,Divorced,Exec-managerial,Unmarried,White,Male,-98.31044,1.1159428,56.653637,United-States,>50K
54.15231,Private,118965.03,Bachelors,12.999571,Divorced,Exec-managerial,Unmarried,White,Male,-111.52431,0.8713826,43.363384,United-States,>50K
41.510822,Private,145962.8,HS-grad,9.028979,Married-civ-spouse,Adm-clerical,Wife,White,Female,-96.039444,0.68236434,20.888704,United-States,>50K
48.020428,Federal-gov,165559.23,HS-grad,9.030999,Married-civ-spouse,Exec-managerial,Husband,White,Male,3017.2268,1.2347935,40.29822,United-States,>50K
67.314415,?,144925.97,Doctorate,15.968826,Married-civ-spouse,?,Husband,White,Male,-123.62953,0.47939953,18.971348,United-States,>50K
63.56072,Self-emp-inc,190443.3,HS-grad,9.027217,Married-civ-spouse,Adm-clerical,Wife,White,Female,3998.981,0.94082534,14.32675,United-States,>50K
51.66937,Self-emp-inc,59718.38,Bachelors,13.003143,Married-civ-spouse,Farming-fishing,Husband,White,Male,3717.1692,0.9320134,39.071587,United-States,>50K
42.36536,?,253201.69,Some-college,10.027152,Married-civ-spouse,?,Wife,White,Female,1226.7129,1.0917195,41.235104,United-States,>50K
32.565983,Private,193357.88,Bachelors,13.004778,Married-civ-spouse,Exec-managerial,Husband,White,Male,-108.327774,0.8463963,47.97161,United-States,>50K
42.404892,State-gov,303446.5,Bachelors,13.007585,Married-civ-spouse,Exec-managerial,Husband,White,Male,-104.73427,1.2949208,50.981876,United-States,>50K
46.967564,Self-emp-inc,128974.71,HS-grad,9.028914,Married-civ-spouse,Exec-managerial,Husband,White,Male,-99.208145,1.1293324,63.940445,United-States,>50K
45.691166,Private,172326.97,Bachelors,13.003522,Married-spouse-absent,Exec-managerial,Not-in-family,White,Female,22562.418,1.2376088,60.187916,United-States,>50K
52.59434,Federal-gov,176700.75,HS-grad,9.029852,Married-civ-spouse,Adm-clerical,Husband,White,Male,-104.9225,1.1463841,41.036434,United-States,>50K
67.761215,Private,162262.36,HS-grad,11.053709,Widowed,Exec-managerial,Not-in-family,White,Female,-123.3268,0.42208752,12.963991,United-States,>50K
34.313282,Private,182175.42,Doctorate,15.426681,Married-civ-spouse,Prof-specialty,Husband,White,Male,-107.70204,2107.5085,89.39661,United-States,>50K
38.31849,State-gov,81203.805,HS-grad,9.028853,Married-civ-spouse,Protective-serv,Husband,White,Male,-101.855606,1.145049,57.6718,United-States,>50K
33.205032,Local-gov,227630.92,HS-grad,9.284237,Married-civ-spouse,Transport-moving,Husband,Black,Male,-101.21205,1.221404,42.420406,United-States,>50K
62.196907,Federal-gov,121707.14,Masters,14.892965,Married-civ-spouse,Prof-specialty,Husband,Asian-Pac-Islander,Male,-125.386856,1.0180119,39.003857,China,>50K
47.772545,Self-emp-inc,270262.0,Some-college,10.028502,Married-civ-spouse,Exec-managerial,Husband,White,Male,9178.097,1.2852544,42.92916,United-States,>50K
35.75435,Private,159712.95,Bachelors,13.002476,Never-married,Exec-managerial,Not-in-family,White,Female,-117.75746,0.8337697,51.78359,United-States,>50K
45.66499,Local-gov,319886.75,Masters,13.990355,Married-civ-spouse,Prof-specialty,Wife,White,Female,-120.57265,1.2289647,44.97555,United-States,>50K
45.727688,Private,120552.87,HS-grad,9.028897,Married-civ-spouse,Machine-op-inspct,Husband,White,Male,-102.02846,1901.8209,42.804073,United-States,>50K
44.603886,Self-emp-not-inc,172095.5,Prof-school,14.983994,Married-civ-spouse,Prof-specialty,Husband,White,Male,304.27414,0.94167984,48.563766,United-States,>50K
51.608887,Private,308107.25,HS-grad,9.026825,Married-civ-spouse,Craft-repair,Husband,White,Male,524.11707,1.2864445,40.19338,United-States,>50K
47.51747,Self-emp-not-inc,169000.84,Assoc-voc,11.019947,Married-civ-spouse,Sales,Husband,White,Male,-111.7328,1.0586308,60.116352,United-States,>50K
49.86313,Private,172107.55,Some-college,10.029154,Married-civ-spouse,Exec-managerial,Husband,White,Male,-112.114395,0.971671,61.81194,United-States,>50K
55.904457,Private,571604.5,Bachelors,13.006203,Married-civ-spouse,Tech-support,Husband,White,Male,-111.70497,0.6503285,20.05228,United-States,>50K
27.027533,Private,257474.81,Some-college,10.029968,Married-civ-spouse,Adm-clerical,Husband,White,Male,639.74133,0.7739018,41.45284,United-States,>50K
41.08294,Private,294285.3,HS-grad,9.022927,Married-civ-spouse,Adm-clerical,Wife,White,Female,2553.341,1.2543553,39.05326,United-States,>50K
47.757496,Self-emp-inc,224427.33,Bachelors,13.005577,Married-civ-spouse,Farming-fishing,Husband,White,Male,12711.707,1.4474629,58.76771,United-States,>50K
31.490225,State-gov,145574.34,Some-college,11.553235,Married-civ-spouse,Prof-specialty,Wife,White,Female,-119.237686,1922.3256,37.6157,United-States,>50K
30.507093,Self-emp-not-inc,263563.75,Some-college,10.029469,Married-civ-spouse,Sales,Husband,Black,Male,-106.9391,1.221999,57.769787,United-States,>50K
41.797054,Private,176740.39,HS-grad,9.0276375,Married-civ-spouse,Craft-repair,Husband,White,Male,-92.936905,1866.8616,42.155224,United-States,>50K
39.222225,Private,128633.37,HS-grad,9.025612,Married-civ-spouse,Adm-clerical,Wife,White,Female,-93.54726,1.0684651,40.061855,?,>50K
32.004604,Federal-gov,222476.3,Some-college,10.032089,Married-civ-spouse,Prof-specialty,Wife,Black,Female,-107.00795,1.0747746,40.06009,United-States,>50K
35.53325,Private,215688.52,Some-college,10.030718,Married-civ-spouse,Prof-specialty,Husband,Black,Male,-109.833145,0.7698659,40.040848,Jamaica,>50K
46.25008,State-gov,267631.62,Doctorate,15.976654,Married-civ-spouse,Prof-specialty,Husband,White,Male,-121.28212,1.1739873,43.670933,England,>50K
52.347115,Private,159350.17,Bachelors,13.003498,Widowed,Prof-specialty,Unmarried,White,Male,9135.527,1.0357503,40.018948,United-States,>50K
28.99726,Private,82746.03,Prof-school,14.978205,Never-married,Prof-specialty,Unmarried,White,Male,27836.092,0.84863937,45.03809,Germany,>50K
50.551556,Private,202431.86,HS-grad,9.028372,Married-civ-spouse,Transport-moving,Husband,White,Male,43.33726,1.1595219,39.6609,United-States,>50K
53.43241,Private,262922.12,HS-grad,9.025764,Married-civ-spouse,Sales,Husband,White,Male,2276.2583,1.2319783,43.238834,Canada,>50K
39.476234,Local-gov,123979.02,Bachelors,13.006723,Married-civ-spouse,Prof-specialty,Husband,White,Male,-128.38515,0.61997116,38.50888,United-States,>50K
58.60724,Private,135968.44,Some-college,9.526252,Married-civ-spouse,Adm-clerical,Wife,White,Female,14921.61,1.1293858,29.80769,United-States,>50K
74.21468,Private,317038.5,HS-grad,9.023883,Widowed,Exec-managerial,Not-in-family,White,Female,3130.8167,1.3862294,40.978184,United-States,>50K
34.71925,Local-gov,197434.1,Assoc-acdm,12.008325,Married-civ-spouse,Protective-serv,Husband,White,Male,-107.323135,1.1440572,72.49383,United-States,>50K
56.77957,Private,240022.47,HS-grad,9.030361,Married-civ-spouse,Machine-op-inspct,Husband,White,Male,-116.01552,0.85275924,40.017838,Italy,>50K
32.038227,Private,171205.22,Some-college,9.5251665,Divorced,Other-service,Unmarried,White,Female,-93.41762,1.1557378,98.66998,United-States,>50K
36.431168,Private,224354.89,Assoc-voc,11.020414,Married-civ-spouse,Sales,Husband,White,Male,311.23715,0.826949,46.31403,United-States,>50K
49.64968,Private,215155.5,10th,5.383626,Married-civ-spouse,Exec-managerial,Husband,White,Male,-104.55629,1.1116475,42.428513,United-States,>50K
32.581818,Private,158866.4,Bachelors,12.999876,Married-civ-spouse,Tech-support,Wife,White,Female,-107.71474,0.8687047,40.069405,United-States,>50K
48.87709,Self-emp-inc,299485.56,Prof-school,14.98117,Married-civ-spouse,Prof-specialty,Husband,White,Male,-114.19203,1993.2891,47.938892,United-States,>50K
33.80034,Private,137362.12,Bachelors,13.003721,Married-civ-spouse,Exec-managerial,Husband,White,Male,635.20703,0.74328506,55.812557,United-States,>50K
38.761814,Private,108107.65,HS-grad,9.028331,Married-civ-spouse,Transport-moving,Wife,White,Female,2516.7256,0.9537648,35.039963,United-States,>50K
45.234,Federal-gov,266075.1,Some-college,10.033508,Married-civ-spouse,Prof-specialty,Husband,White,Male,-129.01576,0.8370961,40.66012,United-States,>50K
35.015846,Private,266763.72,HS-grad,9.028833,Married-civ-spouse,Prof-specialty,Husband,White,Male,-112.33559,0.81998336,54.886936,United-States,>50K
33.984104,State-gov,142848.0,Prof-school,15.459613,Never-married,Prof-specialty,Not-in-family,White,Female,2353.2046,0.79994094,40.045795,United-States,>50K
40.371338,Self-emp-not-inc,313914.62,HS-grad,9.36195,Married-civ-spouse,Prof-specialty,Wife,White,Female,-115.756,1.1031483,38.403545,United-States,>50K
45.808773,Private,171709.44,HS-grad,9.027329,Married-civ-spouse,Exec-managerial,Husband,White,Male,10054.409,1.5747594,56.662983,United-States,>50K
45.103477,Federal-gov,353532.3,Some-college,10.02922,Married-civ-spouse,Tech-support,Husband,White,Male,7622.1313,1.3438405,39.99109,Guatemala,>50K
66.65019,Private,338190.78,Masters,13.987297,Married-civ-spouse,Prof-specialty,Wife,White,Female,-105.51259,1.0008382,36.61022,United-States,>50K
34.065166,Private,191198.08,HS-grad,9.033065,Married-civ-spouse,Prof-specialty,Husband,White,Male,-116.89784,0.6033391,40.037506,United-States,>50K
40.030632,Private,138784.22,HS-grad,9.03075,Married-civ-spouse,Prof-specialty,Husband,White,Male,7347.188,0.92192733,42.197464,United-States,>50K
47.776775,Private,159187.66,HS-grad,9.027404,Married-civ-spouse,Transport-moving,Husband,White,Male,-95.601944,1900.7122,41.224564,United-States,>50K
56.021984,Self-emp-not-inc,99359.24,HS-grad,9.034067,Married-civ-spouse,Craft-repair,Husband,White,Male,-109.0475,0.92089736,26.064718,United-States,>50K
49.957134,Self-emp-inc,179677.8,HS-grad,9.02745,Married-civ-spouse,Sales,Husband,White,Male,-105.037,1.1590947,51.02333,United-States,>50K
51.132782,Self-emp-inc,94365.0,11th,6.575086,Married-civ-spouse,Craft-repair,Husband,White,Male,-102.36171,1.1754674,60.150482,United-States,>50K
52.031998,Federal-gov,231375.23,Masters,13.986819,Divorced,Exec-managerial,Not-in-family,White,Male,-116.7809,1.1758641,45.471157,United-States,>50K
42.375824,Self-emp-inc,218701.34,Some-college,10.0288105,Married-civ-spouse,Exec-managerial,Husband,White,Male,-105.09804,1.1310643,60.18593,Yugoslavia,>50K
42.232906,Private,171767.78,Masters,13.99088,Married-civ-spouse,Prof-specialty,Husband,White,Male,9623.171,0.99967086,41.42014,United-States,>50K
42.464832,Private,184151.02,Masters,13.987806,Married-civ-spouse,Sales,Husband,White,Male,216.78917,0.97164047,40.696053,United-States,>50K
47.436234,Self-emp-inc,94421.555,Some-college,10.029603,Married-civ-spouse,Tech-support,Husband,White,Male,-112.55434,0.9586781,58.718937,United-States,>50K
53.93018,Federal-gov,41870.668,Doctorate,15.967899,Never-married,Prof-specialty,Not-in-family,White,Female,-112.37636,2058.948,54.7568,United-States,>50K
44.87145,Local-gov,182381.27,Prof-school,14.97729,Never-married,Prof-specialty,Not-in-family,White,Male,2320.447,0.79428756,37.965183,United-States,>50K
49.186375,Private,178599.39,Prof-school,14.983214,Married-civ-spouse,Exec-managerial,Husband,White,Male,-120.73549,0.8564595,39.05058,United-States,>50K
29.917048,Private,219224.3,Bachelors,13.000581,Never-married,Adm-clerical,Not-in-family,White,Male,4324.9766,0.79934585,61.182316,United-States,>50K
31.977013,Private,365896.06,Bachelors,13.003887,Never-married,Prof-specialty,Not-in-family,Black,Male,-117.46498,0.9320744,52.209488,United-States,>50K
38.280632,Private,186720.33,Bachelors,13.004471,Never-married,Sales,Not-in-family,White,Male,-114.769424,0.869933,61.370445,United-States,>50K
31.497568,State-gov,120024.93,Doctorate,14.888189,Married-civ-spouse,Prof-specialty,Wife,White,Female,-119.1205,0.9056386,48.32582,United-States,>50K
47.21841,State-gov,219266.98,Bachelors,13.007349,Married-civ-spouse,Exec-managerial,Husband,White,Male,10333.355,1.475974,42.754486,United-States,>50K
35.951263,Private,387595.1,Masters,14.430383,Never-married,Prof-specialty,Not-in-family,White,Male,-111.38197,0.95154464,52.11899,United-States,>50K
37.349667,Local-gov,181523.81,Bachelors,13.006379,Married-civ-spouse,Prof-specialty,Wife,White,Female,9733.583,1.1075276,43.235928,United-States,>50K
42.12636,Private,363971.2,Masters,13.9853115,Married-civ-spouse,Prof-specialty,Wife,White,Female,14948.084,1.6582173,47.788654,United-States,>50K
53.607357,Local-gov,112347.97,Masters,13.99342,Never-married,Prof-specialty,Unmarried,White,Female,8176.717,1.1899098,50.14791,United-States,>50K
46.09143,Private,342381.1,Doctorate,15.97237,Married-civ-spouse,Prof-specialty,Husband,White,Male,12848.567,1.4483708,63.310253,United-States,>50K
36.89503,State-gov,118281.24,Prof-school,15.447657,Married-civ-spouse,Prof-specialty,Husband,White,Male,-109.81288,1999.8153,70.20092,United-States,>50K
55.43263,Self-emp-inc,127009.66,Bachelors,13.004493,Married-civ-spouse,Exec-managerial,Husband,White,Male,-113.706436,1.0687474,46.706844,Germany,>50K
45.902588,Private,98005.05,Bachelors,13.005499,Married-civ-spouse,Exec-managerial,Husband,White,Male,11013.062,1.1027516,55.47354,United-States,>50K
34.431667,Federal-gov,72481.266,Bachelors,13.0085,Married-AF-spouse,Prof-specialty,Husband,White,Male,3452.892,0.7352971,50.1458,United-States,>50K
39.75002,Local-gov,296107.97,Bachelors,13.007584,Married-civ-spouse,Exec-managerial,Husband,White,Male,1675.208,1.2279729,56.65548,United-States,>50K
36.26743,Self-emp-not-inc,148424.8,Some-college,9.792859,Married-civ-spouse,Craft-repair,Husband,White,Male,831.4016,1.081313,58.29853,United-States,>50K
52.629307,Private,198882.64,Assoc-voc,11.022679,Married-civ-spouse,Prof-specialty,Husband,White,Male,-110.969864,0.8860463,43.227596,Germany,>50K
50.512524,Self-emp-inc,70731.01,HS-grad,9.365637,Separated,Craft-repair,Not-in-family,White,Male,-111.036026,1.0472859,58.58003,United-States,>50K
49.224037,Private,134119.33,9th,5.03759,Divorced,Craft-repair,Not-in-family,White,Male,-99.1039,0.94202316,44.981632,United-States,>50K
45.95752,Private,114623.43,Masters,13.991253,Divorced,Prof-specialty,Not-in-family,White,Male,-112.60512,0.62795913,41.62872,United-States,>50K
53.4543,Private,138087.1,Bachelors,13.00163,Married-civ-spouse,Sales,Husband,White,Male,-116.300186,0.82709396,57.047813,United-States,>50K
36.01804,Private,194281.94,HS-grad,9.027167,Divorced,Prof-specialty,Unmarried,White,Female,-101.35463,0.70061386,40.043564,United-States,>50K
38.439117,Private,98282.625,Some-college,10.030195,Married-civ-spouse,Sales,Husband,White,Male,881.40393,0.7443074,51.835335,United-States,>50K
35.238514,Private,212310.61,HS-grad,9.0286,Married-civ-spouse,Adm-clerical,Husband,White,Male,242.21239,0.9532231,43.382286,United-States,>50K
43.058773,Local-gov,89193.766,Assoc-acdm,12.007833,Divorced,Protective-serv,Not-in-family,White,Male,-106.56532,1.0977467,51.75896,United-States,>50K
28.04158,Private,226623.1,Masters,14.0058,Married-civ-spouse,Prof-specialty,Not-in-family,Asian-Pac-Islander,Male,-119.56557,0.797614,40.02879,Hong,>50K
34.84369,Private,104270.266,HS-grad,9.028436,Married-civ-spouse,Adm-clerical,Wife,White,Female,-99.645645,0.84079635,40.056366,United-States,>50K
24.981415,Private,119678.266,Masters,13.984121,Never-married,Prof-specialty,Not-in-family,White,Male,9457.555,0.80863845,40.03606,United-States,>50K
48.924957,Private,96518.836,Bachelors,13.004534,Married-civ-spouse,Exec-managerial,Husband,White,Male,-116.04848,0.811118,51.87713,United-States,>50K
37.365005,Local-gov,63479.81,Some-college,10.033591,Married-civ-spouse,Protective-serv,Husband,White,Male,-124.534805,0.8066243,40.977177,United-States,>50K
51.568893,Never-worked,198151.84,HS-grad,9.02442,Married-civ-spouse,Tech-support,Wife,White,Female,-93.52699,1889.7152,40.01477,United-States,>50K
37.65292,Self-emp-inc,135266.94,Assoc-acdm,12.0116005,Married-civ-spouse,Sales,Husband,White,Male,-111.93129,1909.1462,41.652126,United-States,>50K
37.382786,Federal-gov,296390.28,Assoc-voc,11.021891,Divorced,Machine-op-inspct,Unmarried,Black,Female,-93.07411,1.0991963,40.004963,United-States,>50K
63.04247,Private,235004.31,Bachelors,13.008101,Never-married,Exec-managerial,Not-in-family,White,Male,12708.441,1.1362675,45.052048,United-States,>50K
27.039799,?,252515.64,Bachelors,13.006562,Married-civ-spouse,?,Wife,Black,Female,-111.132706,1.0485982,35.030285,?,>50K
44.640255,State-gov,100090.836,Doctorate,15.965789,Married-civ-spouse,Prof-specialty,Husband,Asian-Pac-Islander,Male,-127.17445,1.0984257,43.231407,India,>50K
30.950527,Private,31875.809,HS-grad,9.027028,Divorced,Sales,Not-in-family,Amer-Indian-Eskimo,Male,5901.831,0.86620986,44.03171,United-States,>50K
34.06301,Private,238429.89,HS-grad,9.026897,Married-civ-spouse,Sales,Husband,White,Male,1304.7452,1.055106,52.40933,United-States,>50K
47.703644,Private,59651.87,Some-college,10.029167,Married-civ-spouse,Craft-repair,Husband,White,Male,-118.00673,0.8925618,81.97455,United-States,>50K
42.055294,Private,267041.53,Some-college,10.0286,Married-civ-spouse,Adm-clerical,Husband,White,Male,-114.16908,0.9502629,41.213207,United-States,>50K
52.462284,State-gov,181769.86,Masters,13.987693,Married-civ-spouse,Prof-specialty,Husband,Asian-Pac-Islander,Male,-127.25087,1.3437032,46.680374,Scotland,>50K
50.08004,Private,137021.38,Bachelors,13.00147,Divorced,Prof-specialty,Not-in-family,White,Male,-111.13783,2010.5308,35.826546,United-States,>50K
58.322212,Self-emp-not-inc,96333.836,HS-grad,9.028332,Married-civ-spouse,Transport-moving,Husband,White,Male,2677.4822,1.4860066,54.44288,United-States,>50K
40.106842,Private,156968.52,HS-grad,9.026069,Married-civ-spouse,Craft-repair,Husband,White,Male,1198.0726,1.176772,83.31069,United-States,>50K
41.0754,Private,150573.06,Masters,13.982061,Married-civ-spouse,Exec-managerial,Wife,White,Female,-120.01332,2213.9543,57.285538,United-States,>50K
40.673573,Private,100232.45,Some-college,9.700436,Married-civ-spouse,Adm-clerical,Wife,White,Female,-106.40004,2016.894,25.336779,United-States,>50K
45.871765,Federal-gov,203959.31,Assoc-acdm,12.012829,Married-civ-spouse,Adm-clerical,Husband,White,Male,-111.626114,1.0370015,40.018322,United-States,>50K
37.072987,Private,186905.38,Masters,13.987006,Married-civ-spouse,Adm-clerical,Husband,White,Male,1916.6163,0.987563,44.977077,United-States,>50K
50.532753,Private,206985.97,Bachelors,13.002886,Married-civ-spouse,Tech-support,Husband,White,Male,-119.415665,0.604247,22.62804,United-States,>50K
41.690918,Self-emp-inc,206005.4,Masters,14.889911,Separated,Prof-specialty,Not-in-family,White,Male,2347.8413,0.85045516,40.040585,United-States,>50K
52.11315,Private,269097.12,Bachelors,12.365229,Married-civ-spouse,Protective-serv,Husband,White,Male,-108.109024,1923.9941,47.436558,United-States,>50K
37.501472,Local-gov,179875.14,Some-college,10.53032,Never-married,Protective-serv,Not-in-family,Black,Female,-109.96278,1.0560979,49.107468,United-States,>50K
40.962482,Private,342331.0,Masters,13.983908,Married-civ-spouse,Exec-managerial,Husband,White,Male,-115.45351,2034.491,54.553726,United-States,>50K
52.59448,State-gov,153941.66,Some-college,10.029861,Married-civ-spouse,Prof-specialty,Husband,White,Male,-119.37245,1917.8865,40.043995,United-States,>50K
58.879677,Local-gov,188622.95,Masters,13.996236,Widowed,Prof-specialty,Not-in-family,Black,Female,-127.57631,1.0882558,40.00937,United-States,>50K
28.973764,Private,379707.84,HS-grad,9.025543,Never-married,Craft-repair,Unmarried,White,Male,11727.488,1.59838,44.97016,United-States,>50K
63.94337,Private,133204.83,HS-grad,9.029601,Married-civ-spouse,Exec-managerial,Husband,White,Male,-108.12416,2154.2122,38.741558,United-States,>50K
36.17367,Private,338058.06,Prof-school,14.981802,Married-civ-spouse,Prof-specialty,Husband,White,Male,-114.47426,1976.5122,49.44343,United-States,>50K
51.98208,Private,339396.47,Bachelors,13.003249,Married-civ-spouse,Sales,Husband,White,Male,-113.35805,1.0422887,54.264343,United-States,>50K
37.76001,Self-emp-inc,177864.02,Masters,13.986189,Never-married,Sales,Unmarried,White,Female,26641.05,1.3172063,40.99931,United-States,>50K
53.0463,Self-emp-not-inc,242268.8,Some-college,10.027507,Divorced,Tech-support,Not-in-family,White,Male,-114.06752,0.82507217,9.998154,United-States,>50K
35.507034,Private,410953.53,Bachelors,13.008589,Never-married,Prof-specialty,Not-in-family,White,Male,27801.309,0.90202224,40.016148,United-States,>50K
44.4533,Private,189039.81,Masters,13.98724,Married-civ-spouse,Sales,Husband,White,Male,-113.909805,1.0613011,51.13236,United-States,>50K
41.530186,Private,411245.03,Masters,13.037569,Married-civ-spouse,Tech-support,Husband,White,Male,-120.70497,0.8055409,19.571451,United-States,>50K
28.611525,Private,189136.61,Some-college,10.029285,Never-married,Sales,Not-in-family,White,Male,-128.54018,0.8306416,46.741154,United-States,>50K
56.62898,Private,210558.86,Some-college,10.029551,Divorced,Adm-clerical,Not-in-family,Black,Female,-101.987686,1.137061,55.21433,United-States,>50K
50.105347,Private,170919.3,10th,9.337319,Married-civ-spouse,Machine-op-inspct,Husband,Black,Male,-99.60243,1893.116,40.01658,United-States,>50K
30.82805,Private,373864.72,Assoc-voc,11.023236,Married-civ-spouse,Craft-repair,Husband,White,Male,-120.83217,0.8069371,39.161133,United-States,>50K
47.878464,Self-emp-inc,174932.88,Some-college,10.029815,Married-civ-spouse,Exec-managerial,Husband,White,Male,-112.07875,1.0248631,48.17058,United-States,>50K
48.442703,Local-gov,249154.62,Masters,13.991427,Married-civ-spouse,Exec-managerial,Husband,White,Male,-123.639786,1.2074727,39.733067,United-States,>50K
61.859604,Private,126760.78,Prof-school,14.985552,Married-civ-spouse,Prof-specialty,Husband,White,Male,17439.56,0.97505844,67.142944,United-States,>50K
64.82815,Private,205969.73,Doctorate,15.40453,Married-civ-spouse,Prof-specialty,Husband,White,Male,17411.873,1.1906728,52.071396,United-States,>50K
40.862717,Self-emp-not-inc,275438.72,HS-grad,9.024134,Divorced,Craft-repair,Not-in-family,White,Male,-93.06654,1.358199,54.777,United-States,>50K
47.571632,Private,64217.668,Some-college,10.032174,Married-civ-spouse,Sales,Husband,White,Male,-129.74062,0.69194686,41.23877,United-States,>50K
40.014122,Private,150766.61,Bachelors,13.001341,Married-civ-spouse,Exec-managerial,Husband,White,Male,-113.228165,1935.2389,39.3496,United-States,>50K
48.329464,Private,113883.234,Doctorate,15.969797,Married-civ-spouse,Adm-clerical,Husband,White,Male,-120.88539,1.0614766,52.344383,United-States,>50K
49.246548,State-gov,173893.56,Some-college,10.028009,Married-civ-spouse,Protective-serv,Husband,White,Male,1007.6864,1.1679906,40.175453,United-States,>50K
40.016346,Private,65541.37,Masters,13.991088,Married-civ-spouse,Prof-specialty,Husband,White,Male,1873.3531,0.61638534,41.72814,United-States,>50K
32.007114,Private,354924.12,Bachelors,13.0012455,Married-civ-spouse,Exec-managerial,Other-relative,Asian-Pac-Islander,Female,-105.550674,1.2403401,40.034695,China,>50K
33.024014,Private,26598.512,Assoc-acdm,12.016547,Married-civ-spouse,Sales,Husband,Other,Male,-124.560196,0.75456893,40.044315,Japan,>50K
36.78404,Self-emp-not-inc,163455.48,Assoc-voc,11.020845,Married-civ-spouse,Prof-specialty,Husband,White,Male,15013.493,1.099677,57.32309,United-States,>50K
52.324894,Private,100132.125,Doctorate,15.968047,Married-civ-spouse,Exec-managerial,Husband,White,Male,-114.48964,0.8546971,62.703472,United-States,>50K
48.385353,State-gov,47321.355,Masters,13.988233,Married-civ-spouse,Prof-specialty,Husband,White,Male,1596.545,0.83721054,58.61808,United-States,>50K
40.617058,Self-emp-not-inc,108790.195,Some-college,10.028785,Married-civ-spouse,Sales,Husband,White,Male,2407.7896,1.0635747,74.978775,United-States,>50K
43.094433,State-gov,217906.92,Doctorate,15.97073,Separated,Prof-specialty,Unmarried,White,Female,-124.52211,0.9304799,34.09525,United-States,>50K
46.382328,Private,186474.48,Masters,13.992094,Divorced,Prof-specialty,Unmarried,White,Female,-114.71596,0.8123616,39.799503,United-States,>50K
46.30579,Federal-gov,174956.7,Some-college,10.02893,Married-civ-spouse,Adm-clerical,Husband,White,Male,-113.640274,1801.8646,40.039135,United-States,>50K
55.393353,Self-emp-inc,147692.16,Prof-school,14.983505,Married-civ-spouse,Prof-specialty,Husband,White,Male,100091.25,0.51015365,37.457703,United-States,>50K
23.990974,Private,83537.664,HS-grad,9.028403,Separated,Other-service,Unmarried,White,Female,-117.55141,0.57485855,50.141804,Portugal,>50K
55.195934,Private,166019.22,Bachelors,13.336572,Married-civ-spouse,Exec-managerial,Husband,White,Male,100103.51,1.0773381,54.945217,?,>50K
47.472687,Federal-gov,49759.793,Assoc-voc,12.043637,Divorced,Tech-support,Not-in-family,White,Male,-115.705215,2368.0554,39.55384,United-States,>50K
46.559505,Self-emp-not-inc,159063.39,HS-grad,9.226331,Married-civ-spouse,Farming-fishing,Husband,White,Male,-97.61098,1.5671986,91.21638,United-States,>50K
39.9327,Private,271160.8,Assoc-voc,11.024137,Married-civ-spouse,Prof-specialty,Husband,Black,Male,-109.50258,0.9278935,41.642056,United-States,>50K
48.56107,Private,208168.89,Some-college,10.023624,Separated,Sales,Not-in-family,White,Male,6718.917,1.0071782,67.54858,United-States,>50K
49.011326,Private,183007.1,HS-grad,9.023693,Divorced,Craft-repair,Other-relative,White,Male,-84.72011,1.2983006,51.423744,United-States,>50K
58.281246,?,354848.62,Bachelors,13.010973,Widowed,?,Unmarried,White,Female,27820.092,2.1048114,50.15881,United-States,>50K
30.99615,Self-emp-not-inc,405960.88,10th,6.0408506,Married-civ-spouse,Farming-fishing,Husband,White,Male,-104.12392,1.3726414,55.234993,Portugal,>50K
36.8652,Self-emp-not-inc,165175.7,Prof-school,14.977658,Never-married,Prof-specialty,Not-in-family,White,Male,-119.987686,0.76767623,58.80683,United-States,>50K
41.594204,State-gov,134781.58,HS-grad,9.029709,Never-married,Transport-moving,Not-in-family,White,Male,5971.143,1.2693928,40.04701,United-States,>50K
43.46023,Private,181244.3,Bachelors,13.005006,Married-civ-spouse,Tech-support,Husband,White,Male,11245.676,1.1125859,40.419785,United-States,>50K
28.222666,Federal-gov,380728.1,Bachelors,13.007458,Never-married,Prof-specialty,Not-in-family,White,Male,-112.29994,0.946288,46.22409,United-States,>50K
44.576492,Local-gov,146145.06,Masters,13.987976,Married-civ-spouse,Prof-specialty,Wife,White,Female,-120.798965,0.9889821,63.297935,United-States,>50K
38.316673,Private,341088.6,Assoc-acdm,12.0090475,Married-civ-spouse,Prof-specialty,Wife,White,Female,-119.06972,0.6904439,23.433182,United-States,>50K
54.022655,Private,152793.45,HS-grad,9.029446,Married-civ-spouse,Handlers-cleaners,Husband,White,Male,380.47787,0.9277791,40.354702,United-States,>50K
54.66835,Private,213833.98,Bachelors,13.006194,Married-civ-spouse,Sales,Husband,White,Male,425.26694,0.52090347,21.543047,United-States,>50K
44.561928,Private,333688.44,Masters,13.986449,Married-civ-spouse,Exec-managerial,Husband,White,Male,14972.297,1.7338094,61.963467,United-States,>50K
52.153496,Private,152799.28,HS-grad,9.028468,Married-civ-spouse,Exec-managerial,Husband,Asian-Pac-Islander,Male,100091.66,1.3252782,40.01041,Japan,>50K
45.55739,Self-emp-not-inc,37314.215,Prof-school,15.455037,Divorced,Prof-specialty,Unmarried,White,Male,-111.04384,0.7863225,61.544365,United-States,>50K
40.86572,Self-emp-not-inc,207300.7,Prof-school,14.982075,Married-civ-spouse,Prof-specialty,Husband,White,Male,-123.29115,0.78379714,35.915096,United-States,>50K
38.77618,Local-gov,260414.33,Assoc-acdm,12.014998,Married-civ-spouse,Craft-repair,Husband,White,Male,1101.5011,1.1877202,40.66312,United-States,>50K
37.667366,Private,350586.9,Some-college,10.028763,Married-civ-spouse,Sales,Husband,White,Male,304.6301,0.9695424,40.607613,United-States,>50K
32.50694,Self-emp-inc,225724.11,Some-college,9.529356,Married-civ-spouse,Sales,Wife,White,Female,-107.3434,1959.1235,20.356373,United-States,>50K
34.449974,Local-gov,208895.66,Masters,13.980329,Married-civ-spouse,Sales,Wife,White,Female,-120.0182,1699.9918,37.58959,United-States,>50K
57.096283,Private,261464.25,Some-college,9.531213,Never-married,Prof-specialty,Unmarried,White,Male,-122.1266,0.9243382,40.01539,United-States,>50K
43.92343,Local-gov,367923.7,HS-grad,9.025253,Married-civ-spouse,Adm-clerical,Wife,White,Female,1658.9729,1.4564732,39.34748,United-States,>50K
51.681423,Local-gov,262486.53,Some-college,9.52941,Widowed,Protective-serv,Not-in-family,White,Male,-117.92787,1.1359547,40.021206,United-States,>50K
59.622154,Local-gov,122044.06,Some-college,10.531345,Married-civ-spouse,Exec-managerial,Husband,White,Male,-123.46669,0.9928502,60.181927,United-States,>50K
37.533398,Private,217369.53,HS-grad,9.026613,Married-civ-spouse,Transport-moving,Husband,White,Male,70.327255,1.1553944,63.67317,United-States,>50K
36.933556,Private,355341.6,HS-grad,9.026592,Married-civ-spouse,Sales,Husband,White,Male,-109.94252,1.1051701,43.02355,United-States,>50K
48.559235,Private,207760.05,HS-grad,9.021976,Widowed,Sales,Not-in-family,White,Female,-93.64125,2470.533,60.10832,United-States,>50K
37.68478,Private,152582.73,HS-grad,9.026905,Married-civ-spouse,Sales,Wife,White,Female,852.4407,0.9515141,39.45066,United-States,>50K
40.08149,Local-gov,195286.12,Some-college,10.026971,Married-civ-spouse,Handlers-cleaners,Husband,White,Male,-102.911026,1962.97,65.59036,United-States,>50K
61.237553,Private,81661.805,5th-6th,3.055153,Married-civ-spouse,Handlers-cleaners,Husband,Asian-Pac-Islander,Male,7255.0635,1.2608937,40.012745,Philippines,>50K
53.12196,Federal-gov,173981.66,Some-college,10.023368,Married-civ-spouse,Exec-managerial,Wife,Asian-Pac-Islander,Female,-98.34096,1909.2802,40.03426,Philippines,>50K
52.992046,Local-gov,274562.62,Prof-school,14.982653,Married-civ-spouse,Adm-clerical,Husband,Asian-Pac-Islander,Male,-129.4557,1.3098744,39.989887,Dominican-Republic,>50K
45.12467,Self-emp-inc,108319.06,Bachelors,13.00073,Married-civ-spouse,Exec-managerial,Wife,Asian-Pac-Islander,Female,100080.05,0.9203023,25.104025,?,>50K
66.343414,Local-gov,175503.69,Doctorate,15.98222,Married-civ-spouse,Prof-specialty,Husband,Black,Male,19969.518,1.0505589,35.01976,Jamaica,>50K
44.32993,Local-gov,210635.12,Assoc-voc,11.021544,Married-civ-spouse,Protective-serv,Husband,White,Male,1252.0879,1.0116948,39.79956,United-States,>50K
38.52553,Local-gov,214668.45,Some-college,10.029685,Married-civ-spouse,Tech-support,Husband,White,Male,1408.6409,1.2441777,80.530334,United-States,>50K
44.405693,Self-emp-inc,222183.84,Masters,14.578572,Married-civ-spouse,Prof-specialty,Wife,White,Female,-112.16518,1.1842793,43.23428,United-States,>50K
39.41171,Self-emp-not-inc,251228.58,HS-grad,9.026234,Married-civ-spouse,Transport-moving,Husband,White,Male,-90.79823,1.4921483,64.032394,United-States,>50K
55.06396,Private,134653.14,10th,6.0359235,Married-civ-spouse,Craft-repair,Husband,White,Male,100084.516,1.0885686,40.027916,United-States,>50K
48.230804,Private,154811.48,Bachelors,13.004202,Married-civ-spouse,Other-service,Husband,White,Male,-117.51332,0.57431686,35.822746,United-States,>50K
45.190792,Self-emp-not-inc,223684.3,Some-college,10.0314455,Married-civ-spouse,Exec-managerial,Husband,White,Male,-113.85634,1.0916051,37.827854,United-States,>50K
41.325844,Private,530954.8,Masters,13.985799,Married-civ-spouse,Sales,Husband,White,Male,-111.36171,1.157729,53.018425,United-States,>50K
39.77465,Private,319935.22,Bachelors,13.002717,Married-civ-spouse,Tech-support,Husband,Asian-Pac-Islander,Male,3973.017,1.1701268,40.0293,United-States,>50K
57.651615,Self-emp-inc,120518.55,Some-college,9.782452,Married-civ-spouse,Adm-clerical,Wife,White,Female,-114.347305,1.0064381,40.04495,United-States,>50K
41.969337,Private,135783.48,Assoc-voc,11.021077,Married-civ-spouse,Adm-clerical,Husband,White,Male,2789.4495,0.74712265,42.535206,United-States,>50K
44.73705,Private,382049.5,10th,5.3790936,Married-civ-spouse,Craft-repair,Husband,White,Male,-96.438614,1.5279683,61.876453,United-States,>50K
50.241768,Self-emp-inc,131149.23,Bachelors,13.0038395,Married-civ-spouse,Exec-managerial,Husband,White,Male,251.9016,0.8257512,38.94927,United-States,>50K
55.62296,?,278050.75,Some-college,10.030008,Married-civ-spouse,?,Husband,Asian-Pac-Islander,Male,-108.62514,1.3424519,60.17009,United-States,>50K
47.38631,Self-emp-inc,199577.67,Assoc-voc,11.018947,Married-civ-spouse,Exec-managerial,Husband,White,Male,831.6102,0.9982518,54.185062,United-States,>50K
38.689823,Private,48353.355,HS-grad,9.032689,Married-civ-spouse,Machine-op-inspct,Husband,White,Male,1888.3677,0.8374928,40.61848,United-States,>50K
50.68276,Local-gov,162264.45,Masters,13.995467,Married-civ-spouse,Exec-managerial,Husband,Black,Male,-118.43129,1.2251271,44.340694,United-States,>50K
32.7331,Private,264229.75,Bachelors,13.004502,Married-civ-spouse,Craft-repair,Husband,White,Male,-107.867325,0.97164047,51.18625,United-States,>50K
55.73383,Self-emp-inc,114538.47,7th-8th,4.0475507,Married-civ-spouse,Craft-repair,Husband,White,Male,-115.82216,0.9120854,44.973183,United-States,>50K
50.132027,Private,106750.33,HS-grad,9.026346,Married-civ-spouse,Sales,Wife,Black,Female,-100.34755,1506.0171,36.989853,United-States,>50K
61.19354,?,107855.59,7th-8th,3.7243075,Married-civ-spouse,?,Husband,White,Male,2059.884,0.75636184,37.28701,United-States,>50K
67.314804,Self-emp-not-inc,433431.56,Assoc-acdm,12.008528,Married-civ-spouse,Exec-managerial,Wife,White,Female,19918.66,1.7472295,3.7416346,United-States,>50K
36.990597,Private,331492.75,Some-college,11.538909,Separated,Prof-specialty,Unmarried,White,Female,-116.175674,0.9444417,47.657394,United-States,>50K
28.053404,Local-gov,337163.3,Assoc-acdm,12.013055,Married-civ-spouse,Protective-serv,Husband,Asian-Pac-Islander,Male,-133.5248,1.1863011,39.99357,Hong,>50K
28.015356,Local-gov,155498.9,9th,5.056575,Married-civ-spouse,Craft-repair,Husband,Black,Male,-120.24721,1.0468587,40.05551,Trinadad&Tobago,>50K
34.69339,Private,187464.8,Assoc-voc,11.018229,Married-civ-spouse,Adm-clerical,Wife,White,Female,1795.3209,0.88053024,42.964024,United-States,>50K
37.600433,Private,368911.3,Bachelors,13.003881,Married-civ-spouse,Exec-managerial,Husband,White,Male,-112.23891,1923.6936,54.489857,United-States,>50K
58.43444,Private,161172.02,Bachelors,13.004994,Married-civ-spouse,Exec-managerial,Husband,White,Male,12271.168,1.1257466,41.78558,United-States,>50K
44.97078,Private,57161.918,Assoc-voc,11.020356,Married-civ-spouse,Exec-managerial,Husband,White,Male,-115.08217,1963.2152,50.809917,United-States,>50K
48.98453,Federal-gov,62198.043,Bachelors,13.001156,Divorced,Prof-specialty,Unmarried,White,Male,-112.97133,0.8956822,52.460842,United-States,>50K
66.93565,?,45954.59,Some-college,10.036887,Married-civ-spouse,?,Husband,White,Male,4285.9985,0.68270767,32.80164,United-States,>50K
43.318993,Local-gov,194971.64,Masters,14.436246,Married-civ-spouse,Exec-managerial,Husband,White,Male,-118.904434,1959.6011,43.969574,United-States,>50K
38.52809,Private,130387.9,Some-college,10.031126,Married-civ-spouse,Exec-managerial,Husband,White,Male,-110.0392,0.8030385,53.298603,United-States,>50K
40.045277,Federal-gov,157496.94,Bachelors,13.008122,Never-married,Prof-specialty,Not-in-family,White,Male,-119.73866,0.7940892,39.08233,United-States,>50K
35.045193,?,98282.42,Prof-school,14.978451,Never-married,?,Not-in-family,Asian-Pac-Islander,Male,4747.7236,1.0797795,45.056747,Japan,>50K
58.428696,?,149953.1,Assoc-acdm,12.014235,Married-civ-spouse,?,Husband,White,Male,-118.65004,0.6950749,21.184053,United-States,>50K
50.63542,Self-emp-not-inc,143120.98,HS-grad,9.024053,Divorced,Exec-managerial,Not-in-family,White,Female,100108.16,1.4878529,60.16961,United-States,>50K
49.92986,Private,154512.42,Bachelors,13.004825,Married-civ-spouse,Adm-clerical,Husband,White,Male,8242.395,1.0092534,40.507744,United-States,>50K
58.121674,Self-emp-inc,87114.64,HS-grad,9.02603,Married-spouse-absent,Exec-managerial,Not-in-family,White,Male,-114.51503,1.0524358,92.11239,United-States,>50K
39.026966,Private,225927.27,Bachelors,13.00906,Widowed,Prof-specialty,Unmarried,White,Female,-122.01723,0.96311843,50.15357,Poland,>50K
55.424896,Private,171188.56,Bachelors,13.003976,Married-civ-spouse,Exec-managerial,Husband,White,Male,-117.9203,0.87158096,39.727932,United-States,>50K
24.486982,Private,127784.125,Bachelors,13.003839,Never-married,Prof-specialty,Own-child,White,Male,11873.755,0.6857213,56.820915,United-States,>50K
31.100157,Private,95400.68,Bachelors,13.001297,Married-civ-spouse,Exec-managerial,Husband,White,Male,-118.774796,0.66451156,41.74693,United-States,>50K
36.336514,Private,137966.81,HS-grad,8.4662895,Divorced,Sales,Not-in-family,White,Male,1524.0642,0.7616261,47.79926,United-States,>50K
36.97199,Self-emp-not-inc,358244.8,HS-grad,9.025385,Married-civ-spouse,Sales,Husband,White,Male,-98.88783,1.4470891,62.042084,United-States,>50K
34.511356,Private,170851.98,Masters,13.986404,Never-married,Exec-managerial,Not-in-family,White,Female,-118.04237,0.9332112,44.990067,United-States,>50K
34.807228,Private,412489.94,Prof-school,14.978812,Married-civ-spouse,Prof-specialty,Husband,White,Male,-111.458145,0.79002273,74.719536,United-States,>50K
31.988707,Private,399821.3,Doctorate,15.970596,Never-married,Prof-specialty,Not-in-family,White,Female,-110.0392,0.8944386,65.62464,United-States,>50K
24.993357,Private,406240.56,Masters,13.967124,Married-civ-spouse,Farming-fishing,Not-in-family,White,Male,-97.76625,1.0620717,98.531906,United-States,>50K
41.68498,Local-gov,479692.7,Bachelors,13.005099,Married-civ-spouse,Adm-clerical,Husband,White,Male,-124.64662,1.1158284,43.34745,United-States,>50K
30.975801,Self-emp-not-inc,395336.4,HS-grad,8.470686,Never-married,Craft-repair,Not-in-family,White,Male,-117.7372,1.2658681,46.761578,United-States,>50K
49.920303,Federal-gov,204350.11,Doctorate,15.969138,Married-civ-spouse,Prof-specialty,Husband,White,Male,-122.11635,0.92732894,40.020027,United-States,>50K
40.59834,Private,201482.25,HS-grad,9.02367,Widowed,Adm-clerical,Not-in-family,White,Female,10816.535,1.54502,60.180878,United-States,>50K
49.988205,State-gov,276147.2,Some-college,10.025028,Married-civ-spouse,Adm-clerical,Wife,White,Female,2463.4858,1.2903432,40.035698,United-States,>50K
30.826021,Private,58221.324,Some-college,10.030093,Separated,Machine-op-inspct,Not-in-family,White,Male,-122.90224,2371.4656,44.77486,United-States,>50K
35.988647,Self-emp-not-inc,73524.555,HS-grad,9.025263,Divorced,Farming-fishing,Not-in-family,White,Male,14332.513,1.3931035,46.751522,United-States,>50K
22.947437,State-gov,89703.34,Some-college,10.029686,Never-married,Protective-serv,Not-in-family,Other,Female,100109.32,0.8559712,40.041897,United-States,>50K
43.998302,?,332934.7,Assoc-voc,11.020033,Married-civ-spouse,?,Husband,White,Male,982.3572,1.0508412,54.622807,United-States,>50K
43.912907,Private,216812.94,Masters,13.99081,Married-civ-spouse,Prof-specialty,Husband,White,Male,-119.02138,0.80142105,40.214123,United-States,>50K
38.13008,Private,117295.9,Bachelors,13.005169,Separated,Prof-specialty,Not-in-family,White,Male,5952.4043,0.7034291,48.695663,United-States,>50K
34.02697,State-gov,118737.8,Bachelors,13.002196,Married-civ-spouse,Tech-support,Own-child,White,Female,5106.9883,1.0115803,25.129961,?,>50K
41.171364,Federal-gov,206357.16,HS-grad,9.026622,Married-civ-spouse,Adm-clerical,Wife,White,Female,777.86194,1.2242192,38.146587,United-States,>50K
36.82853,Private,298791.3,Bachelors,13.006266,Married-civ-spouse,Exec-managerial,Husband,White,Male,76.40013,1.0477132,51.949417,United-States,>50K
30.985525,Private,100591.46,Bachelors,12.9964905,Divorced,Other-service,Not-in-family,Asian-Pac-Islander,Male,100112.88,0.6563252,70.110504,United-States,>50K
39.05525,Self-emp-inc,124968.984,Masters,13.977172,Divorced,Exec-managerial,Not-in-family,Asian-Pac-Islander,Male,-104.169815,1.1804951,98.62987,Japan,>50K
38.89993,Private,147754.89,Bachelors,13.005424,Married-civ-spouse,Craft-repair,Husband,Black,Male,10002.58,1.0672139,39.049927,United-States,>50K
55.246983,Private,141442.97,HS-grad,9.032505,Married-civ-spouse,Prof-specialty,Husband,White,Male,-118.96303,0.71278274,41.574837,United-States,>50K
42.965214,Private,194585.88,Some-college,9.864001,Married-civ-spouse,Tech-support,Wife,White,Female,-103.60268,1.0115575,38.042114,United-States,>50K
44.577717,Local-gov,48140.31,Masters,13.992724,Married-civ-spouse,Prof-specialty,Husband,White,Male,1198.9297,0.73788345,53.41086,United-States,>50K
55.271202,Private,144607.61,Bachelors,13.005421,Married-civ-spouse,Prof-specialty,Husband,White,Male,32.379253,0.57252395,40.305412,United-States,>50K
42.689667,State-gov,127352.64,Masters,13.985291,Divorced,Exec-managerial,Unmarried,White,Male,3904.9626,1.3674916,48.103928,United-States,>50K
60.9074,?,151794.28,HS-grad,9.033355,Married-spouse-absent,?,Not-in-family,White,Male,-110.270645,0.6033696,21.108002,United-States,>50K
41.111355,Private,233417.14,Assoc-voc,11.0215025,Married-civ-spouse,Exec-managerial,Husband,White,Male,-110.54018,0.889037,44.218746,United-States,>50K
44.87298,Local-gov,158387.77,Bachelors,13.00372,Married-civ-spouse,Adm-clerical,Wife,White,Female,2400.2646,1.1090077,40.050014,United-States,>50K
41.51379,Private,137538.52,Assoc-voc,11.02177,Divorced,Prof-specialty,Unmarried,White,Female,-110.13075,0.5162648,40.03802,United-States,>50K
58.2004,Self-emp-not-inc,147333.11,10th,6.0428677,Married-civ-spouse,Craft-repair,Wife,White,Female,-102.38954,2000.574,35.036964,?,>50K
50.23041,Private,129778.83,Masters,13.994606,Married-civ-spouse,Prof-specialty,Husband,White,Male,-119.00868,0.76378524,40.046597,?,>50K
52.29021,Self-emp-not-inc,174639.69,12th,8.0407295,Married-civ-spouse,Exec-managerial,Husband,White,Male,-102.10463,1.3439244,48.21578,United-States,>50K
44.99508,Private,246475.27,Some-college,10.030917,Married-civ-spouse,Prof-specialty,Husband,White,Male,7773.6353,0.8799962,39.27861,United-States,>50K
53.09789,Self-emp-inc,135399.75,Assoc-voc,11.020488,Married-civ-spouse,Exec-managerial,Husband,White,Male,-125.80141,0.8314122,40.022762,Greece,>50K
49.1103,Local-gov,102613.82,9th,5.053777,Widowed,Handlers-cleaners,Unmarried,White,Male,-113.17494,2255.611,40.039536,United-States,>50K
52.4359,Self-emp-inc,197237.55,5th-6th,3.0509486,Married-civ-spouse,Sales,Husband,White,Male,-105.624405,1.0214452,40.04791,?,>50K
56.06377,Self-emp-not-inc,163919.0,HS-grad,9.025116,Widowed,Adm-clerical,Unmarried,White,Female,100094.63,1.5213689,39.99778,United-States,>50K
58.98102,Private,297429.2,Bachelors,13.00612,Married-civ-spouse,Prof-specialty,Husband,White,Male,294.0178,0.78266037,41.59228,United-States,>50K
45.387985,Self-emp-not-inc,129753.26,Bachelors,13.000212,Married-civ-spouse,Farming-fishing,Husband,White,Male,-110.83266,1.0505894,65.42827,United-States,>50K
74.28178,State-gov,89095.07,Doctorate,15.967328,Never-married,Prof-specialty,Other-relative,White,Female,-107.45033,3701.864,20.042517,United-States,>50K
38.775806,Private,194013.4,Bachelors,13.000731,Married-civ-spouse,Sales,Husband,White,Male,100111.99,0.8732289,65.65339,United-States,>50K
64.41982,Self-emp-not-inc,169129.05,Prof-school,14.981345,Married-civ-spouse,Prof-specialty,Husband,White,Male,-121.01259,0.39749798,14.836361,United-States,>50K
37.823193,State-gov,127083.23,Prof-school,14.9769335,Married-civ-spouse,Prof-specialty,Husband,White,Male,6183.205,0.93332565,75.08259,United-States,>50K
35.392765,Private,52535.434,Prof-school,14.978155,Divorced,Prof-specialty,Not-in-family,White,Male,100114.125,0.47359356,68.789734,United-States,>50K
44.37488,Private,358299.84,Bachelors,12.367906,Married-civ-spouse,Prof-specialty,Wife,White,Female,14892.967,1.2545232,53.180904,United-States,>50K
36.49993,Private,192969.03,Some-college,10.526264,Married-civ-spouse,Exec-managerial,Wife,White,Female,-110.61391,0.9265584,37.58063,Puerto-Rico,>50K
33.01404,Private,168848.92,HS-grad,9.02928,Married-civ-spouse,Sales,Own-child,White,Male,-101.464005,0.7022084,35.197952,United-States,>50K
33.95795,Private,203033.17,HS-grad,9.028633,Married-civ-spouse,Machine-op-inspct,Husband,White,Male,771.3109,1.066451,53.37871,United-States,>50K
34.58256,Private,234955.34,HS-grad,9.027509,Married-civ-spouse,Craft-repair,Husband,White,Male,6651.053,1.3365391,41.19984,United-States,>50K
60.17704,State-gov,27675.23,HS-grad,9.028721,Married-civ-spouse,Protective-serv,Husband,Amer-Indian-Eskimo,Male,-118.044815,1.3877019,40.024055,United-States,>50K
46.092945,Self-emp-inc,414323.75,Some-college,10.020912,Divorced,Sales,Unmarried,White,Male,-108.35048,1.1710042,53.99003,United-States,>50K
50.13455,Without-pay,123330.305,HS-grad,9.026089,Married-civ-spouse,Machine-op-inspct,Own-child,White,Female,-95.90224,1911.4095,40.03004,United-States,>50K
42.104446,Private,119558.28,Prof-school,14.984912,Married-civ-spouse,Sales,Wife,Amer-Indian-Eskimo,Female,14985.542,1.4007558,40.02319,South,>50K
45.008934,State-gov,150342.05,Doctorate,15.724029,Married-civ-spouse,Exec-managerial,Husband,White,Male,3509.542,1.3402852,52.976288,United-States,>50K
38.475452,Private,176089.1,HS-grad,9.024948,Married-civ-spouse,Handlers-cleaners,Wife,White,Female,584.47986,1.1309499,43.562763,United-States,>50K
51.21628,Private,301084.78,Bachelors,13.006739,Married-civ-spouse,Exec-managerial,Husband,White,Male,-116.12221,1.0880803,51.473934,United-States,>50K
43.79328,Federal-gov,186127.38,HS-grad,9.030674,Married-civ-spouse,Tech-support,Husband,White,Male,1515.0414,1.2497777,40.161697,United-States,>50K
34.212223,Private,134683.03,HS-grad,9.031406,Married-civ-spouse,Handlers-cleaners,Husband,White,Male,779.22754,0.70320785,40.369446,United-States,>50K
45.867798,Local-gov,287909.72,Some-college,10.034979,Married-civ-spouse,Prof-specialty,Husband,White,Male,1420.5603,0.96862686,41.910156,United-States,>50K
41.07665,Self-emp-not-inc,440889.72,Masters,13.979047,Divorced,Sales,Unmarried,White,Male,-114.9142,0.9714726,4.791935,United-States,>50K
48.176228,Self-emp-inc,207560.12,Bachelors,13.004674,Married-civ-spouse,Exec-managerial,Husband,White,Male,-98.127335,1974.2942,60.16489,?,>50K
47.147736,Private,187939.77,Bachelors,13.0058155,Married-civ-spouse,Exec-managerial,Husband,White,Male,-110.247696,0.9867085,46.65897,United-States,>50K
42.89909,Private,124100.6,HS-grad,9.028432,Married-civ-spouse,Sales,Husband,White,Male,-103.38637,0.9197377,64.130905,United-States,>50K
42.936302,Private,169714.19,Assoc-voc,11.019205,Married-civ-spouse,Exec-managerial,Wife,White,Female,1132.008,0.89841354,40.21364,United-States,>50K
36.07629,Local-gov,130930.016,HS-grad,9.028154,Married-civ-spouse,Adm-clerical,Wife,Asian-Pac-Islander,Female,-95.36293,1.4054173,40.037758,China,>50K
44.128674,Self-emp-not-inc,294130.6,Doctorate,15.428858,Never-married,Prof-specialty,Not-in-family,White,Male,-102.93642,1.2081898,98.68562,United-States,>50K
58.169754,Private,255453.38,Prof-school,14.983805,Married-civ-spouse,Transport-moving,Husband,White,Male,14911.353,1.9605168,50.134834,United-States,>50K
42.696285,Private,229266.42,Some-college,10.029496,Separated,Adm-clerical,Not-in-family,Black,Male,3977.2678,1.0509251,40.037365,United-States,>50K
30.482002,Private,427946.47,Bachelors,13.00476,Never-married,Tech-support,Not-in-family,White,Female,7328.259,1.1061314,42.460453,United-States,>50K
44.93539,State-gov,171183.03,Some-college,10.034369,Married-civ-spouse,Prof-specialty,Husband,White,Male,837.97815,0.88647354,40.92277,United-States,>50K
59.9443,Private,153958.72,Masters,13.99068,Married-civ-spouse,Exec-managerial,Husband,White,Male,-117.2997,1.0468358,44.528633,United-States,>50K
54.72202,Local-gov,202609.55,Masters,13.990655,Married-civ-spouse,Exec-managerial,Husband,White,Male,9106.588,1.649947,57.645866,United-States,>50K
43.706253,Private,98457.52,HS-grad,9.029828,Married-civ-spouse,Craft-repair,Husband,White,Male,-97.71791,1.028838,51.363808,United-States,>50K
57.191025,Private,98370.52,Prof-school,14.975228,Married-civ-spouse,Craft-repair,Husband,Asian-Pac-Islander,Male,-119.63173,1925.6658,40.022312,Philippines,>50K
54.738216,Local-gov,91758.234,Bachelors,13.005829,Married-civ-spouse,Exec-managerial,Husband,White,Male,982.89124,0.9614934,43.542,United-States,>50K
70.31166,Private,79449.72,Prof-school,14.9793,Married-civ-spouse,?,Husband,White,Male,4732.886,0.2778462,3.4347155,United-States,>50K
42.395645,State-gov,131217.64,Bachelors,13.003114,Married-civ-spouse,Prof-specialty,Husband,Black,Male,-114.97035,0.90560806,40.05379,United-States,>50K
37.90072,Private,246821.61,Some-college,10.024441,Married-civ-spouse,Exec-managerial,Wife,White,Female,-103.21864,1805.1597,42.429165,United-States,>50K
32.689617,Private,499530.7,HS-grad,9.024237,Married-civ-spouse,Exec-managerial,Wife,White,Female,-104.08827,1.1483754,40.044304,United-States,>50K
46.22479,Private,136411.81,Some-college,10.03047,Married-civ-spouse,Prof-specialty,Husband,White,Male,-126.61757,1980.119,44.378002,United-States,>50K
43.222622,Self-emp-inc,127233.85,Some-college,10.029697,Married-civ-spouse,Transport-moving,Husband,White,Male,-111.20912,0.93099105,46.949505,United-States,>50K
40.044872,Federal-gov,174778.02,Some-college,10.028252,Divorced,Adm-clerical,Not-in-family,White,Male,-108.41933,0.89358413,43.229355,United-States,>50K
49.206993,Private,99191.555,Some-college,10.027668,Married-civ-spouse,Exec-managerial,Wife,White,Female,1276.8628,0.97633255,43.460373,United-States,>50K
50.226536,Private,83589.55,HS-grad,9.031228,Married-civ-spouse,Transport-moving,Husband,White,Male,-108.1039,0.9123982,40.150223,United-States,>50K
40.960754,Self-emp-not-inc,150625.14,Masters,13.984057,Married-civ-spouse,Prof-specialty,Wife,White,Female,-117.548965,0.83757675,28.048378,United-States,>50K
57.158894,Private,104908.19,Some-college,10.021565,Married-spouse-absent,Sales,Own-child,Asian-Pac-Islander,Female,-109.189835,1.1301564,90.01784,United-States,>50K
65.293365,?,224550.17,Prof-school,14.973286,Never-married,?,Not-in-family,White,Male,25211.68,1.4800099,80.14786,United-States,>50K
47.341072,Federal-gov,159921.78,HS-grad,9.03144,Married-civ-spouse,Adm-clerical,Husband,Black,Male,-93.33095,1.3608159,44.98103,United-States,>50K
32.663395,Private,75339.98,HS-grad,9.032309,Married-civ-spouse,Transport-moving,Husband,Asian-Pac-Islander,Male,-109.4391,0.861884,40.04519,United-States,>50K
39.772587,Private,386256.6,Masters,14.430885,Married-civ-spouse,Prof-specialty,Wife,White,Female,-109.68056,1976.9209,21.854334,United-States,>50K
36.315403,Federal-gov,85012.24,Assoc-voc,11.021658,Married-civ-spouse,Prof-specialty,Wife,White,Female,1009.8938,0.6570958,52.57134,United-States,>50K
62.228832,Private,282477.16,Bachelors,13.00531,Married-civ-spouse,Prof-specialty,Wife,White,Female,3581.0945,0.8814992,33.392357,United-States,>50K
30.100546,Private,142555.84,Some-college,10.032364,Never-married,Exec-managerial,Not-in-family,White,Female,3450.761,0.7682713,43.173428,United-States,>50K
38.26397,Private,141400.12,Assoc-voc,11.018861,Married-civ-spouse,Transport-moving,Husband,White,Male,-104.33754,0.86410415,93.64846,United-States,>50K
42.240643,Federal-gov,182307.6,Masters,13.988886,Married-civ-spouse,Exec-managerial,Husband,White,Male,-113.23598,1.065627,40.030872,United-States,>50K
46.539455,Private,161354.97,Some-college,10.024245,Divorced,Craft-repair,Not-in-family,White,Male,20916.885,1.270583,51.814564,United-States,>50K
61.225792,State-gov,160576.53,11th,7.0374403,Widowed,Other-service,Unmarried,White,Female,-104.30702,1.1000813,31.995237,United-States,>50K
47.15237,Local-gov,180352.64,Masters,13.993455,Married-civ-spouse,Prof-specialty,Husband,White,Male,9166.046,1.1270818,39.354504,United-States,>50K
49.54209,Local-gov,59309.434,Masters,14.702707,Married-civ-spouse,Exec-managerial,Husband,White,Male,-122.266495,0.9462575,57.91604,United-States,>50K
53.108864,Private,83988.305,Bachelors,13.008041,Never-married,Other-service,Not-in-family,Asian-Pac-Islander,Female,-121.259415,0.43559155,21.103382,Japan,>50K
32.88405,Private,114609.7,HS-grad,9.031639,Married-civ-spouse,Sales,Husband,White,Male,1443.5549,0.7556523,41.688354,United-States,>50K
26.980694,Self-emp-not-inc,154007.42,Some-college,10.026441,Married-civ-spouse,Transport-moving,Other-relative,Other,Male,-102.99477,1.098113,50.146557,Ecuador,>50K
37.474117,Private,145348.25,Bachelors,13.004525,Married-civ-spouse,Sales,Husband,White,Male,12643.703,1.0558766,53.86555,United-States,>50K
38.111996,Private,92543.26,HS-grad,9.366844,Divorced,Adm-clerical,Not-in-family,White,Female,-107.36903,0.59191024,38.356823,United-States,>50K
50.181206,Self-emp-inc,165481.67,Prof-school,14.978563,Married-civ-spouse,Prof-specialty,Husband,Asian-Pac-Islander,Male,-111.788956,0.8535298,54.74631,Taiwan,>50K
41.042534,State-gov,188695.03,Masters,13.987851,Married-civ-spouse,Prof-specialty,Husband,White,Male,-121.17543,1.005042,50.07091,United-States,>50K
58.21957,Private,83736.695,Doctorate,15.968931,Never-married,Prof-specialty,Not-in-family,White,Male,3134.4585,0.60916793,67.532745,United-States,>50K
31.999447,Private,355119.3,Prof-school,14.986298,Married-AF-spouse,Prof-specialty,Wife,White,Female,100092.65,0.8201817,60.193687,United-States,>50K
24.935331,State-gov,320458.16,Some-college,10.024585,Divorced,Other-service,Unmarried,White,Male,-117.99403,2492.3179,40.057293,United-States,>50K
47.986458,Private,195940.45,Some-college,10.027864,Married-civ-spouse,Protective-serv,Husband,Black,Male,-97.47621,1.3706197,70.13493,United-States,>50K
48.051567,Self-emp-not-inc,162665.1,Masters,13.988611,Widowed,Exec-managerial,Unmarried,White,Female,-101.19179,1.4747761,40.02385,?,>50K
43.056805,Self-emp-inc,74894.62,Bachelors,13.002963,Married-civ-spouse,Prof-specialty,Husband,White,Male,-117.668594,1966.9658,40.058292,United-States,>50K
72.29697,?,119350.445,Doctorate,15.967319,Married-civ-spouse,?,Husband,White,Male,-124.09242,2420.885,5.8722954,United-States,>50K
47.69379,Private,154057.7,Masters,13.988778,Married-civ-spouse,Tech-support,Husband,White,Male,-113.594376,1.0607365,44.635433,United-States,>50K
45.276646,Private,166130.14,Bachelors,13.005147,Never-married,Exec-managerial,Not-in-family,Black,Male,11329.595,1.1859883,41.641838,United-States,>50K
61.087246,?,102166.07,HS-grad,9.033137,Married-civ-spouse,?,Husband,White,Male,1668.4078,1.0445622,37.26569,Canada,>50K
20.950577,Private,551619.3,HS-grad,9.026449,Married-civ-spouse,Prof-specialty,Own-child,White,Male,-89.64369,0.74385726,40.053635,Mexico,>50K
33.4116,Local-gov,120169.59,Some-college,10.029665,Never-married,Protective-serv,Not-in-family,White,Male,-128.35707,2361.0222,40.041134,United-States,>50K
38.01811,?,94646.7,Bachelors,13.012024,Married-civ-spouse,?,Wife,Other,Female,7614.664,1.3856877,50.19497,?,>50K
39.061863,Private,182615.36,Doctorate,15.972529,Divorced,Exec-managerial,Not-in-family,White,Female,-101.26308,2585.8362,60.163357,England,>50K
54.055786,Self-emp-not-inc,106966.016,Some-college,10.035077,Married-civ-spouse,Prof-specialty,Husband,White,Male,-134.05116,0.6708516,40.01379,United-States,>50K
45.840324,Federal-gov,290252.8,HS-grad,9.029019,Married-civ-spouse,Craft-repair,Husband,White,Male,688.7976,1.3186558,40.014767,United-States,>50K
38.47532,Private,156152.4,Prof-school,14.981589,Married-civ-spouse,Prof-specialty,Husband,White,Male,-116.64613,2043.7623,60.43282,United-States,>50K
42.09695,Local-gov,195790.23,11th,7.040386,Divorced,Sales,Unmarried,White,Male,7379.0303,1.5777425,50.149178,Puerto-Rico,>50K
23.95509,Self-emp-not-inc,324011.38,7th-8th,4.051278,Married-civ-spouse,Transport-moving,Husband,White,Male,-122.886856,1923.6853,40.050316,United-States,>50K
64.143524,Self-emp-not-inc,389872.7,10th,6.0460873,Married-civ-spouse,Prof-specialty,Husband,White,Male,-107.18593,0.81961715,9.926201,United-States,>50K
47.175117,Self-emp-not-inc,96673.88,HS-grad,9.030244,Married-civ-spouse,Craft-repair,Husband,White,Male,-98.80385,1.3082799,48.781677,United-States,>50K
50.054115,Self-emp-not-inc,133610.14,5th-6th,2.5886912,Married-civ-spouse,Sales,Husband,White,Male,3594.0415,1.1455067,61.062572,Italy,>50K
59.28023,State-gov,147695.25,Doctorate,15.975697,Married-civ-spouse,Prof-specialty,Husband,White,Male,-123.83803,1.083022,43.235424,?,>50K
35.00793,Federal-gov,156477.53,Bachelors,13.000917,Married-civ-spouse,Protective-serv,Husband,White,Male,-105.63197,1910.4617,50.53508,United-States,>50K
31.941998,Local-gov,243090.7,Some-college,10.3611145,Never-married,Protective-serv,Not-in-family,White,Male,-125.98695,0.969283,49.428444,United-States,>50K
36.6775,Federal-gov,349484.66,Prof-school,15.285977,Married-civ-spouse,Prof-specialty,Husband,White,Male,-120.41005,1927.4952,46.663532,United-States,>50K
54.474686,Self-emp-not-inc,369178.6,Prof-school,14.987201,Married-civ-spouse,Prof-specialty,Husband,White,Male,14875.983,1.5734776,39.94114,?,>50K
49.1723,Local-gov,236343.7,Masters,13.987007,Never-married,Prof-specialty,Not-in-family,White,Male,1979.2247,0.859496,33.123768,United-States,>50K
48.963863,Self-emp-not-inc,81293.695,Prof-school,14.983727,Married-civ-spouse,Prof-specialty,Husband,White,Male,100110.52,0.89454544,51.17943,United-States,>50K
43.386936,Local-gov,218612.3,Some-college,10.033697,Married-civ-spouse,Craft-repair,Husband,White,Male,2442.7087,1.1559056,40.17505,United-States,>50K
42.56346,Private,64597.613,Some-college,10.033331,Married-civ-spouse,Tech-support,Husband,White,Male,-120.12245,0.76116836,42.086967,United-States,>50K
27.902218,Self-emp-not-inc,44891.2,Bachelors,13.000968,Married-civ-spouse,Prof-specialty,Wife,White,Female,-103.4247,0.40491375,14.109732,United-States,>50K
47.837543,Private,219329.11,Doctorate,15.6487,Married-civ-spouse,Prof-specialty,Husband,White,Male,14928.962,1.2807606,54.932125,England,>50K
61.816914,Self-emp-not-inc,242265.78,Some-college,10.025444,Married-civ-spouse,Sales,Husband,White,Male,-112.80092,1976.6472,53.127094,United-States,>50K
38.962006,Private,211131.22,Doctorate,15.966866,Divorced,Prof-specialty,Not-in-family,White,Female,-113.495255,0.8434056,60.18513,United-States,>50K
37.04601,Private,109526.414,Masters,13.986554,Separated,Exec-managerial,Not-in-family,White,Male,27886.27,1.1873769,60.16465,Iran,>50K
61.248272,Private,174662.31,9th,5.0450754,Divorced,Handlers-cleaners,Not-in-family,White,Male,-109.57631,0.67366683,40.02993,Puerto-Rico,>50K
29.017008,Private,249859.88,Bachelors,13.492466,Never-married,Prof-specialty,Not-in-family,Asian-Pac-Islander,Male,-123.48451,0.91165817,47.557514,South,>50K
60.16525,Self-emp-not-inc,89087.66,Assoc-voc,11.021311,Married-civ-spouse,Transport-moving,Wife,White,Female,-114.431046,0.79929245,15.070219,Germany,>50K
34.81907,Private,238902.9,Bachelors,13.007479,Married-civ-spouse,Prof-specialty,Husband,White,Male,9812.802,0.95509994,51.9566,United-States,>50K
51.82951,Self-emp-not-inc,49511.76,HS-grad,9.031868,Married-civ-spouse,Farming-fishing,Husband,White,Male,-112.17543,1.1238469,41.228806,United-States,>50K
32.78023,Private,138414.02,Bachelors,13.000316,Married-civ-spouse,Prof-specialty,Wife,White,Female,-112.08388,1936.6537,38.861713,United-States,>50K
30.599083,Private,231887.8,Bachelors,13.002786,Married-civ-spouse,Prof-specialty,Wife,White,Female,671.0011,0.780753,45.609867,United-States,>50K
44.048252,Private,187363.47,Some-college,10.026482,Married-civ-spouse,Transport-moving,Husband,White,Male,-104.19008,1833.4905,50.15341,United-States,>50K
35.86131,Private,373603.66,Some-college,10.029688,Married-civ-spouse,Craft-repair,Husband,White,Male,128.06822,1.0340413,40.88838,United-States,>50K
50.342934,Private,216553.92,Masters,13.985133,Married-civ-spouse,Exec-managerial,Husband,White,Male,6173.6016,1.4098195,60.143913,England,>50K
71.11966,Self-emp-inc,150835.31,Doctorate,14.886603,Widowed,Prof-specialty,Not-in-family,White,Male,21690.49,0.5726918,11.1474285,United-States,>50K
36.97615,Private,148695.8,Assoc-voc,11.017531,Never-married,Adm-clerical,Own-child,White,Male,14284.285,0.90470016,40.02034,United-States,>50K
43.036156,Private,548062.44,Masters,13.990266,Married-civ-spouse,Exec-managerial,Husband,White,Male,-115.47377,1.2339696,40.01619,Canada,>50K
30.648485,Private,361600.16,Bachelors,13.002078,Married-civ-spouse,Exec-managerial,Husband,White,Male,-115.23988,0.9385289,40.72018,United-States,>50K
43.329163,Private,213721.27,Bachelors,13.000527,Divorced,Prof-specialty,Unmarried,White,Female,-112.089005,0.783286,42.717316,United-States,>50K
43.000877,Private,141814.3,Masters,13.986002,Divorced,Prof-specialty,Not-in-family,White,Male,27876.652,1.1169652,54.781483,United-States,>50K
36.5896,?,230423.62,Some-college,9.531906,Married-civ-spouse,?,Wife,White,Female,1780.2047,0.7809514,9.165604,United-States,>50K
18.971804,?,201106.77,12th,8.032162,Married-civ-spouse,?,Other-relative,White,Female,14930.834,1.2677449,40.019485,United-States,>50K
40.288837,Private,134495.25,Bachelors,12.999745,Married-civ-spouse,Sales,Wife,White,Female,5065.1196,1.0341557,62.09611,United-States,>50K
43.469135,Self-emp-inc,134436.75,Masters,13.985236,Married-civ-spouse,Sales,Husband,White,Male,-116.85976,0.9817647,58.721317,United-States,>50K
55.72972,Private,475669.9,Masters,14.892312,Married-civ-spouse,Prof-specialty,Husband,White,Male,-105.66518,2002.0339,44.073204,United-States,>50K
31.70571,Private,209303.11,Bachelors,13.004282,Married-civ-spouse,Sales,Husband,White,Male,-118.749405,0.81040084,40.251232,United-States,>50K
24.96554,Local-gov,214289.11,Some-college,10.028878,Never-married,Protective-serv,Own-child,White,Male,-129.40224,0.9379872,40.04219,United-States,>50K
55.09912,State-gov,195048.8,Bachelors,13.007676,Married-civ-spouse,Exec-managerial,Husband,White,Male,-123.60927,1.1135243,40.027893,Puerto-Rico,>50K
28.620342,Private,109071.5,Some-college,9.842479,Married-civ-spouse,Transport-moving,Husband,White,Male,648.7058,0.70795333,59.882492,United-States,>50K
38.5175,Private,345129.03,Some-college,10.026632,Never-married,Tech-support,Not-in-family,White,Female,2377.4785,1.188033,54.769764,United-States,>50K
46.98623,Private,178257.25,HS-grad,9.027103,Married-civ-spouse,Craft-repair,Husband,White,Male,9041.289,1.630988,53.269615,United-States,>50K
51.35514,Private,118655.02,Masters,13.991098,Married-civ-spouse,Prof-specialty,Husband,White,Male,-118.94008,0.7065877,49.71392,United-States,>50K
41.088646,Private,39189.043,12th,8.039947,Divorced,Transport-moving,Not-in-family,White,Male,-111.918594,0.7711705,83.938934,United-States,>50K
62.74778,?,124540.44,Masters,13.99181,Married-civ-spouse,?,Husband,White,Male,-122.2538,0.85156906,35.53134,United-States,>50K
41.587902,Private,355934.38,Some-college,10.022841,Married-civ-spouse,Farming-fishing,Husband,White,Male,-98.76308,2180.0894,88.68281,United-States,>50K
51.696777,Private,174535.17,Masters,13.9862795,Married-civ-spouse,Exec-managerial,Husband,White,Male,-114.89662,2104.4165,50.494568,United-States,>50K
72.24964,Self-emp-inc,128696.04,Masters,14.582957,Married-civ-spouse,Exec-managerial,Husband,White,Male,100098.24,0.8827199,44.443726,United-States,>50K
36.918224,Private,234677.47,Assoc-voc,11.019406,Married-civ-spouse,Prof-specialty,Wife,White,Female,-118.20009,1910.329,37.083027,United-States,>50K
61.309883,?,192366.12,HS-grad,9.026721,Divorced,?,Not-in-family,White,Male,2626.951,1.0454091,41.613796,United-States,>50K
59.864525,?,128629.234,HS-grad,9.029991,Married-civ-spouse,?,Husband,White,Male,-105.60414,1.1804112,53.28003,United-States,>50K
67.28924,Private,225012.92,HS-grad,9.02712,Widowed,Adm-clerical,Not-in-family,White,Female,15700.17,1.4048222,15.931604,Germany,>50K
40.359924,Private,174358.83,Bachelors,13.00114,Married-civ-spouse,Sales,Husband,White,Male,-110.85805,1978.9528,57.78165,United-States,>50K
32.10209,Local-gov,167645.06,Bachelors,13.0051985,Married-civ-spouse,Prof-specialty,Wife,White,Female,-124.23988,0.6324452,33.01021,United-States,>50K
39.069557,Private,78259.33,Prof-school,14.980576,Never-married,Prof-specialty,Not-in-family,White,Female,-119.38246,0.61465347,52.36686,United-States,>50K
41.08993,Private,125392.664,Bachelors,13.0006485,Divorced,Exec-managerial,Unmarried,Black,Female,-104.617325,1.0120686,90.05703,United-States,>50K
23.98316,?,151563.03,Some-college,10.032844,Never-married,?,Not-in-family,Asian-Pac-Islander,Male,100108.98,0.8768071,50.123993,South,>50K
60.692616,Private,149818.69,HS-grad,9.028636,Widowed,Sales,Not-in-family,White,Female,-116.87001,0.8347386,36.741768,United-States,>50K
46.15685,Self-emp-not-inc,135622.27,HS-grad,9.027521,Married-spouse-absent,Craft-repair,Not-in-family,Asian-Pac-Islander,Male,-92.14101,1.5409535,45.078697,India,>50K
28.021433,Private,412178.16,Bachelors,13.000599,Divorced,Other-service,Unmarried,White,Female,-112.188126,1.1078404,48.13512,England,>50K
53.14744,Self-emp-inc,158957.39,Assoc-voc,11.01918,Married-civ-spouse,Farming-fishing,Husband,White,Male,100103.81,1.0497884,75.12255,United-States,>50K
37.529976,Self-emp-not-inc,95405.9,9th,5.039603,Married-civ-spouse,Transport-moving,Husband,White,Male,-97.64662,1.2656697,56.205902,United-States,>50K
34.243965,Private,100615.09,HS-grad,9.032968,Married-civ-spouse,Craft-repair,Husband,White,Male,-104.76747,0.77100265,39.575356,United-States,>50K
57.822792,Local-gov,132753.25,HS-grad,9.031794,Married-civ-spouse,Other-service,Not-in-family,Asian-Pac-Islander,Male,-109.164444,1.2204655,37.551273,United-States,>50K
42.032963,Self-emp-not-inc,225612.58,Bachelors,13.003389,Married-civ-spouse,Adm-clerical,Wife,White,Female,2873.242,1.1746739,39.16927,United-States,>50K
44.293056,Self-emp-inc,230783.72,Doctorate,15.075187,Married-civ-spouse,Prof-specialty,Husband,White,Male,-115.038956,2139.6973,56.084618,United-States,>50K
47.88258,Private,117699.03,HS-grad,9.026197,Divorced,Tech-support,Not-in-family,White,Male,1164.5266,0.98943985,45.52265,United-States,>50K
42.13876,Private,197006.03,Bachelors,13.0043745,Married-civ-spouse,Sales,Husband,Black,Male,-111.432755,0.9362248,40.0402,United-States,>50K
34.91842,Private,242429.6,HS-grad,9.027199,Never-married,Sales,Not-in-family,White,Male,-116.056046,0.96854293,56.61865,United-States,>50K
45.18472,Private,299819.56,Some-college,10.027477,Married-civ-spouse,Craft-repair,Husband,White,Male,320.087,1.1727132,58.62078,United-States,>50K
52.47474,Private,197227.4,HS-grad,9.027419,Married-civ-spouse,Craft-repair,Husband,White,Male,-95.485,1.3065709,48.010952,United-States,>50K
62.40533,Private,183188.42,HS-grad,9.0261545,Widowed,Adm-clerical,Not-in-family,White,Female,3097.4895,1.024947,40.021248,United-States,>50K
44.385124,Private,154427.45,Bachelors,13.004333,Married-civ-spouse,Exec-managerial,Husband,White,Male,-107.394424,0.94765365,40.72888,?,>50K
38.12022,Private,174568.89,Bachelors,13.003125,Married-civ-spouse,Sales,Husband,White,Male,-115.560196,1941.63,40.98101,United-States,>50K
46.324654,State-gov,106560.2,Masters,13.987098,Never-married,Exec-managerial,Not-in-family,White,Female,-111.748184,1.0901555,53.04397,United-States,>50K
60.283978,Private,165487.69,Some-college,10.031782,Married-civ-spouse,Exec-managerial,Husband,White,Male,-122.97328,0.8278035,38.943825,United-States,>50K
52.284294,Private,110637.36,Bachelors,13.002947,Married-civ-spouse,Prof-specialty,Husband,White,Male,-120.07167,0.69396865,49.088604,Ireland,>50K
45.61666,Private,169741.19,Some-college,10.026699,Married-civ-spouse,Craft-repair,Husband,White,Male,-100.58388,1949.9146,59.545975,United-States,>50K
34.706783,Private,129176.08,Masters,13.989284,Married-civ-spouse,Exec-managerial,Husband,Asian-Pac-Islander,Male,2296.5852,0.8027028,38.39528,Taiwan,>50K
49.85349,Private,186777.92,Some-college,10.026289,Married-civ-spouse,Prof-specialty,Wife,White,Female,13336.51,0.8257817,12.95643,United-States,>50K
57.89729,Private,162693.05,HS-grad,9.029572,Married-civ-spouse,Craft-repair,Husband,White,Male,19.353374,1.1135243,39.92405,United-States,>50K
46.129036,Self-emp-inc,153327.4,Prof-school,14.973809,Never-married,Other-service,Not-in-family,White,Male,-116.0663,0.9489888,54.707436,United-States,>50K
48.869465,Private,275048.12,Some-college,10.030249,Married-civ-spouse,Prof-specialty,Husband,White,Male,-122.79286,0.80619705,43.19737,Poland,>50K
51.16404,Local-gov,169156.75,Masters,13.989373,Married-civ-spouse,Prof-specialty,Wife,White,Female,-122.54115,1937.4904,39.52966,United-States,>50K
56.18887,State-gov,439312.47,HS-grad,9.02713,Married-civ-spouse,Adm-clerical,Husband,White,Male,1715.8798,1.5047139,39.487488,United-States,>50K
50.097294,Private,135730.45,12th,8.038945,Married-civ-spouse,Sales,Husband,Asian-Pac-Islander,Male,-108.353165,1.268195,40.031773,Cambodia,>50K
47.445152,Private,176833.72,HS-grad,9.026842,Married-civ-spouse,Transport-moving,Husband,White,Male,9087.77,1.3712758,40.636745,United-States,>50K
44.125443,Private,212438.02,Bachelors,13.002631,Married-civ-spouse,Adm-clerical,Not-in-family,Asian-Pac-Islander,Male,-105.61415,2170.5671,37.586292,Philippines,>50K
25.954393,Self-emp-not-inc,68878.42,HS-grad,9.032341,Never-married,Sales,Other-relative,Asian-Pac-Islander,Male,-123.26332,0.96288955,50.100693,United-States,>50K
55.295547,Self-emp-inc,152478.42,Prof-school,14.984657,Married-civ-spouse,Prof-specialty,Husband,White,Male,100101.586,0.6771382,54.367672,United-States,>50K
45.962246,Self-emp-inc,212157.2,Masters,13.986578,Married-civ-spouse,Exec-managerial,Husband,White,Male,14989.108,1.650092,50.00465,United-States,>50K
47.01296,Private,175050.72,Doctorate,15.969042,Married-civ-spouse,Exec-managerial,Husband,White,Male,-119.65199,0.96829116,41.616226,United-States,>50K
45.056892,Private,221219.0,Bachelors,13.004722,Married-civ-spouse,Handlers-cleaners,Husband,White,Male,2605.7441,0.8477315,39.067192,United-States,>50K
28.994593,Private,123528.586,Some-college,10.02888,Married-civ-spouse,Machine-op-inspct,Husband,Other,Male,-123.9601,2445.5938,40.050564,Puerto-Rico,>50K
21.965956,Self-emp-not-inc,214638.16,Some-college,10.028707,Never-married,Sales,Own-child,Black,Male,100114.734,1.0569829,55.17345,United-States,>50K
40.02954,Private,456856.56,Assoc-voc,11.018294,Married-civ-spouse,Transport-moving,Husband,White,Male,7972.6865,1.1151723,41.21982,United-States,>50K
44.223106,Private,243838.73,Some-college,10.026213,Married-civ-spouse,Sales,Husband,White,Male,-108.03261,1.1608571,53.128986,Germany,>50K
33.04419,Private,72680.39,Prof-school,14.9826145,Married-civ-spouse,Exec-managerial,Husband,Asian-Pac-Islander,Male,-121.2289,0.7728261,65.16382,Japan,>50K
37.052273,Self-emp-inc,258041.7,Some-college,10.031241,Married-civ-spouse,Exec-managerial,Husband,Asian-Pac-Islander,Male,-110.32143,1.2830342,75.157005,Thailand,>50K
40.066948,Private,227384.33,Some-college,10.026731,Divorced,Tech-support,Not-in-family,White,Male,-107.8954,0.61397445,29.992882,Guatemala,>50K
41.31071,Private,165414.77,Some-college,10.02654,Divorced,Exec-managerial,Not-in-family,White,Male,4933.0254,0.9105824,48.809055,United-States,>50K
48.01179,Private,227677.48,Bachelors,13.005428,Married-civ-spouse,Exec-managerial,Husband,White,Male,11184.336,1.3543919,62.38317,United-States,>50K
39.37008,Private,211933.2,Assoc-voc,11.02041,Married-civ-spouse,Craft-repair,Husband,White,Male,7087.878,1.0519246,40.88416,United-States,>50K
36.29973,Private,165177.05,Bachelors,13.004045,Married-civ-spouse,Sales,Husband,White,Male,8628.686,0.98380935,41.189056,United-States,>50K
51.586052,Private,88577.73,Some-college,10.032671,Married-civ-spouse,Craft-repair,Husband,White,Male,-122.01454,0.8043736,40.459827,United-States,>50K
41.299366,Private,216190.48,Assoc-acdm,12.794381,Married-civ-spouse,Tech-support,Husband,White,Male,-105.83534,1.0719365,63.681843,United-States,>50K
43.02363,Private,153259.52,Bachelors,13.001435,Divorced,Sales,Unmarried,White,Male,-112.64833,0.87698257,41.823273,United-States,>50K
36.152428,Private,44898.51,Assoc-acdm,12.012092,Married-civ-spouse,Exec-managerial,Wife,White,Female,-119.003555,0.51194656,20.623268,United-States,>50K
52.4887,Federal-gov,473594.4,Bachelors,13.005169,Married-civ-spouse,Adm-clerical,Husband,White,Male,2385.4841,1.1866978,40.011906,United-States,>50K
41.71465,Self-emp-inc,152609.7,Prof-school,14.983373,Married-civ-spouse,Prof-specialty,Husband,White,Male,14931.473,0.91819656,40.733646,United-States,>50K
36.03703,Local-gov,323833.06,Some-college,10.033109,Married-civ-spouse,Prof-specialty,Husband,Black,Male,-129.20131,1917.8438,40.02779,Jamaica,>50K
43.178543,Self-emp-inc,81284.54,Assoc-voc,11.021315,Married-civ-spouse,Sales,Husband,White,Male,-122.3224,0.6869725,49.27632,United-States,>50K
46.15367,State-gov,193344.2,Assoc-acdm,12.007782,Divorced,Adm-clerical,Unmarried,White,Male,-97.84511,2279.6182,38.00103,United-States,>50K
40.038895,Local-gov,151326.73,Bachelors,13.004382,Married-civ-spouse,Prof-specialty,Husband,White,Male,100116.72,0.7305211,75.1485,United-States,>50K
39.322456,Self-emp-not-inc,94671.42,Bachelors,13.002227,Married-civ-spouse,Prof-specialty,Wife,White,Female,-116.55971,0.8054875,42.504528,United-States,>50K
51.13358,Private,76831.17,Masters,13.992051,Divorced,Prof-specialty,Unmarried,Other,Male,4752.738,0.8568257,35.002064,Mexico,>50K
31.422142,Private,82723.8,Doctorate,14.472135,Married-civ-spouse,Adm-clerical,Wife,White,Female,-112.813614,0.42877087,17.730381,United-States,>50K
51.12587,Federal-gov,255320.23,Masters,13.976873,Widowed,Sales,Unmarried,White,Male,-111.7328,1.505164,50.09554,El-Salvador,>50K
51.141064,Private,229592.0,Masters,13.992316,Divorced,Other-service,Not-in-family,Black,Female,-111.62099,0.7135228,18.15244,United-States,>50K
46.11179,Private,379129.38,HS-grad,9.021368,Married-civ-spouse,Transport-moving,Husband,White,Male,-87.99574,1932.9126,70.214935,Canada,>50K
47.756844,Local-gov,214138.08,Doctorate,15.971275,Divorced,Prof-specialty,Not-in-family,White,Female,2298.0576,1.0139455,42.442806,United-States,>50K
35.135815,Private,151969.73,Masters,13.988323,Married-civ-spouse,Prof-specialty,Husband,White,Male,-120.384415,0.66775405,54.27811,United-States,>50K
37.921947,Private,294911.75,Bachelors,13.00365,Married-civ-spouse,Prof-specialty,Wife,White,Female,3417.141,0.66562545,11.554871,?,>50K
51.23182,Private,135764.44,11th,7.037484,Married-civ-spouse,Machine-op-inspct,Husband,White,Male,2796.494,1.0563878,43.985584,United-States,>50K
40.5734,Private,116511.18,Masters,13.985507,Married-civ-spouse,Tech-support,Husband,Asian-Pac-Islander,Male,-113.3224,1.0945348,43.23733,United-States,>50K
53.402626,Private,92711.836,Prof-school,15.457598,Divorced,Tech-support,Unmarried,White,Male,3514.239,0.9510869,40.016773,United-States,>50K
41.922405,Self-emp-not-inc,164014.31,Bachelors,13.00417,Married-civ-spouse,Sales,Husband,White,Male,347.48642,1.0971211,49.11518,United-States,>50K
72.27554,Private,108519.78,Masters,13.987465,Divorced,Prof-specialty,Not-in-family,White,Male,-107.70717,0.69794357,60.159348,Cuba,>50K
36.04568,Local-gov,202807.33,HS-grad,9.02391,Married-spouse-absent,Protective-serv,Not-in-family,White,Male,-96.08266,1.2197255,69.13343,Germany,>50K
39.520496,Private,118490.414,HS-grad,9.029041,Married-civ-spouse,Machine-op-inspct,Husband,Asian-Pac-Islander,Male,-107.38173,1.1002492,40.031963,Vietnam,>50K
53.09868,Self-emp-not-inc,135606.44,Bachelors,13.004778,Married-civ-spouse,Exec-managerial,Husband,Asian-Pac-Islander,Male,7650.4805,1.383643,20.052132,China,>50K
33.33445,Self-emp-inc,156938.4,Bachelors,13.003131,Married-civ-spouse,Craft-repair,Husband,White,Male,6657.3447,0.98503006,41.55319,United-States,>50K
59.432278,Private,107344.02,Doctorate,15.968861,Married-civ-spouse,Prof-specialty,Husband,White,Male,-114.357315,0.5696248,56.18098,United-States,>50K
40.662754,Private,138401.14,HS-grad,9.027681,Married-civ-spouse,Tech-support,Husband,White,Male,-93.9059,1.0960149,71.09302,United-States,>50K
43.57689,Private,169805.06,Assoc-voc,12.048607,Never-married,Prof-specialty,Not-in-family,White,Female,-122.03749,1587.1747,39.044518,United-States,>50K
29.004055,Self-emp-not-inc,132983.97,Prof-school,14.983656,Never-married,Prof-specialty,Own-child,White,Male,-117.256485,0.80506027,50.108196,Italy,>50K
45.370083,Federal-gov,74934.96,Some-college,10.032037,Married-civ-spouse,Exec-managerial,Not-in-family,Asian-Pac-Islander,Male,-116.989395,1.0356358,40.04697,United-States,>50K
54.245934,Private,290295.34,10th,6.0236864,Divorced,Prof-specialty,Unmarried,White,Male,14225.348,1.6915349,68.203354,United-States,>50K
41.03733,Self-emp-not-inc,162822.64,HS-grad,9.027129,Married-civ-spouse,Sales,Husband,Asian-Pac-Islander,Male,-89.75038,1.6375569,54.771378,Philippines,>50K
52.115925,Private,219714.03,Some-college,10.028416,Married-civ-spouse,Exec-managerial,Husband,White,Male,-113.90468,1926.5879,40.69709,United-States,>50K
40.529152,Self-emp-not-inc,305095.78,Prof-school,14.983516,Married-civ-spouse,Prof-specialty,Husband,White,Male,-121.38637,1.0880269,55.82386,United-States,>50K
48.79685,Private,293707.75,Bachelors,13.003961,Married-civ-spouse,Exec-managerial,Husband,White,Male,-116.320694,1.0073231,41.026665,United-States,>50K
49.382637,Self-emp-not-inc,75185.52,HS-grad,9.027256,Divorced,Sales,Not-in-family,White,Male,-105.92958,1.059966,50.140556,United-States,>50K
53.078613,Private,153916.33,5th-6th,2.9681644,Married-civ-spouse,Exec-managerial,Husband,White,Male,7622.4644,1.0641774,9.975529,Yugoslavia,>50K
41.05948,?,28879.2,Assoc-voc,11.022779,Married-civ-spouse,?,Husband,White,Male,-129.9618,2433.3516,12.006514,United-States,>50K
34.313263,Private,234140.42,Assoc-acdm,12.010353,Never-married,Other-service,Not-in-family,White,Male,-117.948135,0.998618,74.505196,United-States,>50K
63.977314,Self-emp-not-inc,95261.34,Bachelors,13.006946,Married-civ-spouse,Prof-specialty,Husband,White,Male,15035.23,0.92471206,39.996677,United-States,>50K
35.060684,Private,227171.88,Doctorate,15.973156,Married-spouse-absent,Prof-specialty,Not-in-family,Other,Male,-105.893936,0.8585881,60.127182,England,>50K
78.64873,Self-emp-not-inc,317061.03,Bachelors,13.007043,Never-married,Exec-managerial,Not-in-family,White,Male,100056.914,0.6595143,19.982372,United-States,>50K
52.523155,Private,185232.67,HS-grad,9.023,Divorced,?,Not-in-family,White,Male,-95.97597,1919.2634,41.9775,United-States,>50K
44.20157,Private,135253.45,Bachelors,13.005253,Married-civ-spouse,Sales,Husband,White,Male,-118.578995,0.77487075,40.247124,United-States,>50K
53.40583,Private,174755.53,Some-college,10.029401,Married-civ-spouse,Sales,Husband,White,Male,67.24242,0.9120015,42.44268,United-States,>50K
39.11481,Private,192320.95,Bachelors,13.002917,Married-civ-spouse,Prof-specialty,Husband,Asian-Pac-Islander,Male,-120.04872,0.7434834,40.693188,United-States,>50K
46.250633,Private,178359.58,Some-college,10.028229,Never-married,Adm-clerical,Not-in-family,White,Female,3680.817,0.91362655,44.97749,United-States,>50K
35.686592,Private,335640.84,HS-grad,9.026078,Separated,Adm-clerical,Not-in-family,White,Male,-109.61708,0.9314488,42.592037,United-States,>50K
47.98017,Private,181512.08,Bachelors,13.003364,Married-civ-spouse,Exec-managerial,Husband,White,Male,-108.05824,2046.6603,58.25825,United-States,>50K
55.43599,Private,215446.06,Some-college,9.523793,Divorced,Adm-clerical,Unmarried,White,Female,-96.30385,2411.6836,40.002792,United-States,>50K
49.65575,Private,189492.48,Doctorate,15.972094,Married-civ-spouse,Prof-specialty,Husband,White,Male,-112.12953,2104.9668,51.92269,United-States,>50K
26.854738,Private,220368.47,Some-college,10.026019,Married-AF-spouse,Other-service,Wife,White,Female,-122.62245,0.8478688,40.039906,United-States,>50K
29.830126,State-gov,326444.03,Assoc-voc,12.048313,Never-married,Prof-specialty,Not-in-family,White,Male,9452.636,0.98591506,40.033775,United-States,>50K
45.20011,Private,297968.66,Some-college,10.028404,Married-civ-spouse,Transport-moving,Husband,White,Male,1228.5033,1.0548466,40.089638,United-States,>50K
45.109463,Private,162811.05,Prof-school,14.983587,Married-civ-spouse,Exec-managerial,Husband,White,Male,1428.8839,0.99512374,56.05338,United-States,>50K
48.88528,Private,353645.5,Assoc-acdm,12.012136,Married-civ-spouse,Exec-managerial,Husband,White,Male,1170.8004,1.1407613,43.63805,United-States,>50K
53.211376,Local-gov,161192.36,Masters,13.995918,Divorced,Prof-specialty,Not-in-family,White,Female,2868.1633,0.83905685,37.30689,United-States,>50K
51.43379,Private,181054.08,Bachelors,13.001206,Divorced,Prof-specialty,Unmarried,White,Male,15345.368,1.0625218,43.205296,United-States,>50K
50.113564,State-gov,90996.7,Doctorate,14.89025,Married-civ-spouse,Prof-specialty,Wife,White,Female,-120.12758,1897.1661,42.969646,United-States,>50K
33.6531,Private,122548.57,Prof-school,14.983429,Married-civ-spouse,Prof-specialty,Husband,White,Male,-120.23964,0.5003499,40.35254,United-States,>50K
34.51281,Local-gov,176987.08,Bachelors,13.006255,Never-married,Craft-repair,Not-in-family,White,Male,6557.7344,1.1287907,41.505573,United-States,>50K
32.18848,Private,158797.61,Assoc-acdm,12.012291,Married-civ-spouse,Adm-clerical,Husband,White,Male,-114.131,0.79218185,40.981243,United-States,>50K
54.19009,Private,344606.5,Bachelors,13.001559,Widowed,Adm-clerical,Not-in-family,White,Female,-104.739395,1.1697224,80.16764,United-States,>50K
65.23192,?,195719.14,Prof-school,14.985498,Married-civ-spouse,?,Husband,White,Male,-123.817764,0.845168,37.258003,United-States,>50K
50.694576,State-gov,130459.83,Masters,13.983766,Married-civ-spouse,Prof-specialty,Wife,White,Female,-114.48964,0.60271347,13.729296,United-States,>50K
55.11981,Self-emp-inc,124583.57,Prof-school,14.9789715,Married-civ-spouse,Prof-specialty,Husband,White,Male,-106.37196,2446.1719,35.026398,Greece,>50K
50.644432,Self-emp-not-inc,68131.26,HS-grad,9.030819,Married-civ-spouse,Craft-repair,Husband,White,Male,-106.68739,1.479781,44.98692,India,>50K
44.34205,Private,158204.86,Some-college,10.0303755,Married-civ-spouse,Exec-managerial,Husband,White,Male,100108.88,0.9514302,51.64313,United-States,>50K
40.062656,Private,270195.75,Masters,13.990026,Divorced,Tech-support,Unmarried,White,Female,2271.238,1.2288274,37.534657,United-States,>50K
44.97002,Local-gov,113009.87,Prof-school,14.979913,Never-married,Exec-managerial,Not-in-family,White,Male,-127.7162,0.98261917,56.094666,United-States,>50K
32.737144,Self-emp-not-inc,149347.11,HS-grad,9.031796,Married-civ-spouse,Craft-repair,Husband,White,Male,841.0985,1.0801228,40.05096,United-States,>50K
45.880203,Private,156710.23,Masters,13.987947,Married-civ-spouse,Exec-managerial,Husband,White,Male,100114.76,1.1044301,55.526524,United-States,>50K
50.369183,Private,191879.52,Bachelors,13.008116,Married-civ-spouse,Craft-repair,Husband,White,Male,10129.154,1.3089055,52.016674,United-States,>50K
32.027752,Private,170883.38,Assoc-acdm,12.008783,Separated,Exec-managerial,Unmarried,White,Female,25382.783,1.3900899,50.165962,United-States,>50K
35.97207,Private,43628.387,Some-college,10.030791,Divorced,Craft-repair,Unmarried,White,Male,-121.93837,0.6374501,38.418823,United-States,>50K
64.91758,Private,163013.36,Bachelors,13.004771,Widowed,Prof-specialty,Not-in-family,White,Male,-109.263565,2594.7634,40.037045,United-States,>50K
54.860867,Self-emp-not-inc,268351.5,Bachelors,13.005901,Married-civ-spouse,Prof-specialty,Husband,White,Male,-117.48036,1.0221013,54.61219,United-States,>50K
41.17665,Private,399836.7,HS-grad,9.024558,Married-civ-spouse,Craft-repair,Husband,White,Male,-96.07509,1909.5251,41.800102,United-States,>50K
50.58321,Private,121608.1,Some-college,10.029265,Married-civ-spouse,Adm-clerical,Husband,White,Male,9569.196,0.99097335,41.13994,United-States,>50K
45.110497,Self-emp-inc,214449.78,Masters,14.000583,Married-civ-spouse,Sales,Husband,Asian-Pac-Islander,Male,-120.30556,1929.1918,40.000896,Hong,>50K
35.92688,Private,330551.7,Some-college,10.030387,Married-civ-spouse,Transport-moving,Husband,Black,Male,4761.0474,1.2859334,48.40796,United-States,>50K
38.974644,Private,185176.75,Bachelors,13.002174,Married-civ-spouse,Prof-specialty,Wife,White,Female,-114.44887,0.5156392,30.246834,United-States,>50K
31.965511,Private,185261.77,Some-college,10.0321865,Married-civ-spouse,Prof-specialty,Husband,White,Male,1412.2317,0.6300572,51.73589,United-States,>50K
47.873787,State-gov,335569.34,Prof-school,14.983188,Married-civ-spouse,Prof-specialty,Husband,White,Male,-120.521866,1.0999058,47.008865,United-States,>50K
38.265728,State-gov,76191.75,Assoc-acdm,12.01429,Married-civ-spouse,Tech-support,Husband,White,Male,-115.4662,0.9780644,39.03587,United-States,>50K
52.101696,Private,255745.97,12th,8.025986,Married-civ-spouse,Transport-moving,Husband,White,Male,11845.183,1.6917104,64.91687,United-States,>50K
40.53374,Self-emp-inc,115333.38,Prof-school,14.982032,Married-civ-spouse,Prof-specialty,Husband,Other,Male,-124.209366,0.6777028,37.5736,United-States,>50K
67.323395,Self-emp-inc,172418.05,HS-grad,9.025136,Married-civ-spouse,Prof-specialty,Wife,White,Female,19970.395,1.1789387,29.949247,England,>50K
54.208973,Self-emp-not-inc,123781.234,Some-college,10.030511,Married-civ-spouse,Sales,Husband,White,Male,-122.37831,1.0508412,43.43676,United-States,>50K
49.40758,Private,154021.39,12th,8.042642,Married-civ-spouse,Adm-clerical,Husband,White,Male,-111.0768,0.7329091,38.80736,United-States,>50K
39.08179,Private,199286.83,HS-grad,9.026958,Divorced,Exec-managerial,Unmarried,Black,Female,100096.984,1.3259038,40.00224,United-States,>50K
65.10362,Self-emp-not-inc,118808.98,11th,7.040863,Married-civ-spouse,Exec-managerial,Husband,White,Male,9382.686,1.8718785,59.24929,?,>50K
37.85147,Private,190971.34,HS-grad,9.027801,Married-civ-spouse,Craft-repair,Husband,White,Male,-91.64491,1.1169652,60.058937,United-States,>50K
40.95503,Federal-gov,427320.16,Bachelors,12.365407,Married-civ-spouse,Protective-serv,Husband,White,Male,7372.3257,1.4048756,50.703266,United-States,>50K
43.41162,Federal-gov,138430.44,Masters,13.990915,Married-civ-spouse,Prof-specialty,Husband,White,Male,-124.616104,0.77546585,42.06464,United-States,>50K
56.359715,Private,210528.77,Some-college,10.024574,Widowed,Sales,Unmarried,White,Male,-112.98158,1.063773,50.124977,United-States,>50K
50.12326,Private,188545.34,Bachelors,13.00561,Married-civ-spouse,Machine-op-inspct,Husband,White,Male,871.73254,0.88022506,40.50712,United-States,>50K
52.41683,Private,177012.14,HS-grad,9.026928,Married-civ-spouse,Sales,Husband,White,Male,280.55978,1.1430348,52.778366,United-States,>50K
58.202316,Local-gov,81401.09,HS-grad,9.027469,Married-civ-spouse,Handlers-cleaners,Husband,Asian-Pac-Islander,Male,-122.469864,1.6189641,80.13965,Philippines,>50K
59.179344,State-gov,139964.95,Prof-school,14.976776,Married-civ-spouse,Prof-specialty,Husband,Asian-Pac-Islander,Male,-125.37904,2000.7875,40.011696,India,>50K
40.09974,Self-emp-not-inc,267317.12,Some-college,10.025183,Divorced,Exec-managerial,Other-relative,White,Male,-90.68886,1589.8636,70.24847,Iran,>50K
40.456455,Federal-gov,164573.25,Some-college,10.031187,Married-civ-spouse,Adm-clerical,Husband,White,Male,-120.788956,0.9283742,40.038376,Puerto-Rico,>50K
24.981123,Private,282429.5,Bachelors,13.003349,Never-married,Tech-support,Not-in-family,White,Female,-108.49306,1583.4419,29.979042,United-States,>50K
33.803364,Private,64911.7,Assoc-voc,11.021912,Married-civ-spouse,Tech-support,Wife,White,Female,1445.0859,0.6941899,40.704296,United-States,>50K
29.019197,Self-emp-not-inc,191359.64,Some-college,10.027294,Married-civ-spouse,Craft-repair,Husband,Amer-Indian-Eskimo,Male,-114.28114,1510.4172,60.15118,United-States,>50K
43.424755,State-gov,202404.0,Bachelors,13.001884,Married-civ-spouse,Prof-specialty,Wife,White,Female,-115.112686,0.7128972,20.445278,United-States,>50K
41.318462,Private,246536.84,Some-college,10.026022,Married-civ-spouse,Machine-op-inspct,Wife,White,Female,-109.76967,0.98503006,40.4,United-States,>50K
29.950811,Private,113440.21,Prof-school,14.976892,Never-married,Prof-specialty,Not-in-family,White,Male,-110.235,0.5473927,45.231365,United-States,>50K
42.089592,Private,338178.7,12th,8.035917,Married-civ-spouse,Craft-repair,Husband,Black,Male,-88.82216,1.6317815,60.227123,?,>50K
36.252193,Private,108478.34,Assoc-acdm,12.012814,Married-civ-spouse,Prof-specialty,Wife,White,Female,-120.847305,0.6816548,39.49697,United-States,>50K
36.879223,Private,57134.56,Some-college,10.02956,Married-civ-spouse,Machine-op-inspct,Husband,White,Male,-120.214005,0.78348434,83.860756,United-States,>50K
50.503994,Self-emp-inc,59913.88,Prof-school,15.284482,Divorced,Prof-specialty,Not-in-family,White,Male,22731.014,0.9054936,53.01454,United-States,>50K
57.144012,Private,222120.03,HS-grad,9.022198,Divorced,Tech-support,Unmarried,White,Male,-88.171036,1.4497365,53.574066,United-States,>50K
33.993584,Private,355988.5,HS-grad,9.0283575,Married-civ-spouse,Exec-managerial,Husband,Black,Male,6678.7373,1.4810628,45.043625,United-States,>50K
46.97266,State-gov,190802.06,Doctorate,15.573575,Married-civ-spouse,Prof-specialty,Husband,White,Male,13128.764,1.3060063,43.90489,United-States,>50K
54.98442,Private,159029.67,10th,6.0384536,Married-civ-spouse,Craft-repair,Husband,White,Male,520.2185,1.1226796,40.037586,United-States,>50K
46.20124,Private,258300.2,Bachelors,13.001049,Married-civ-spouse,Protective-serv,Husband,White,Male,737.47,1.0180959,40.028233,United-States,>50K
32.032883,Private,185577.0,Assoc-acdm,12.009706,Married-civ-spouse,Craft-repair,Husband,White,Male,-107.77846,1910.0206,40.036243,Ireland,>50K
56.813778,Private,63919.848,HS-grad,9.030832,Married-civ-spouse,Sales,Husband,White,Male,-121.928116,0.84909713,42.908955,United-States,>50K
41.296772,Federal-gov,165240.22,Assoc-voc,11.021463,Married-civ-spouse,Adm-clerical,Husband,White,Male,2969.2412,0.9045018,43.71801,United-States,>50K
55.173386,Private,143995.7,HS-grad,9.029847,Married-civ-spouse,Tech-support,Husband,White,Male,-103.661026,1.0732716,40.023876,United-States,>50K
55.125557,Local-gov,99690.836,HS-grad,9.031771,Married-civ-spouse,Prof-specialty,Other-relative,White,Female,-114.916885,2267.138,40.035145,United-States,>50K
41.636494,Private,184759.84,HS-grad,9.030667,Married-civ-spouse,Sales,Husband,Black,Male,-99.60243,1.0470647,40.033905,United-States,>50K
40.32654,Private,170213.17,Some-college,10.028187,Married-civ-spouse,Exec-managerial,Husband,White,Male,-104.15712,1924.474,52.317574,United-States,>50K
27.188293,Private,257371.02,HS-grad,9.026663,Married-civ-spouse,Transport-moving,Husband,White,Male,-105.942276,1924.4015,42.42816,United-States,>50K
64.14194,Private,61776.504,HS-grad,9.025265,Widowed,Sales,Not-in-family,White,Female,8570.715,1.3994206,50.16361,France,>50K
75.01548,?,111663.14,Bachelors,13.007929,Widowed,?,Not-in-family,White,Female,25182.38,0.6669301,15.957756,United-States,>50K
37.86773,Private,186691.42,11th,7.0337853,Married-civ-spouse,Handlers-cleaners,Husband,White,Male,4385.2515,0.95783126,42.539433,United-States,>50K
38.447422,Private,273390.34,Some-college,10.029519,Married-civ-spouse,Handlers-cleaners,Husband,White,Male,-115.87294,0.9752263,40.04139,Mexico,>50K
39.909874,Private,242918.14,Bachelors,13.005125,Married-civ-spouse,Prof-specialty,Husband,White,Male,-117.864395,0.73481643,59.01081,United-States,>50K
59.566105,Federal-gov,159154.12,Some-college,10.032098,Never-married,Prof-specialty,Not-in-family,White,Male,-116.42226,0.6425084,43.972237,United-States,>50K
38.5353,Private,108485.91,Some-college,10.029888,Married-civ-spouse,Adm-clerical,Husband,Black,Male,-110.41054,1945.6162,70.16577,United-States,>50K
37.30318,Private,51610.48,Bachelors,13.000857,Married-civ-spouse,Prof-specialty,Husband,White,Male,15071.546,1.0251759,89.60383,United-States,>50K
38.028244,State-gov,31772.434,Some-college,10.026152,Divorced,Protective-serv,Unmarried,Amer-Indian-Eskimo,Female,-109.68324,1.115569,40.046074,United-States,>50K
71.26675,Private,197321.27,7th-8th,4.0543356,Widowed,Exec-managerial,Not-in-family,White,Male,6044.4517,1.0006932,40.018665,United-States,>50K
34.63985,Private,152299.89,HS-grad,9.02926,Married-civ-spouse,Exec-managerial,Husband,White,Male,6196.6187,1.1690434,43.306973,United-States,>50K
35.593746,Private,41491.76,Assoc-voc,11.024934,Married-civ-spouse,Craft-repair,Husband,White,Male,2097.6619,0.62033737,40.324066,United-States,>50K
49.931103,Private,83614.57,Some-college,10.031512,Married-civ-spouse,Sales,Husband,Asian-Pac-Islander,Male,-126.09877,0.83553207,40.035484,United-States,>50K
43.903816,Private,100787.2,Bachelors,13.002766,Married-civ-spouse,Exec-managerial,Husband,White,Male,-118.060196,0.76108444,42.069542,United-States,>50K
50.166695,Federal-gov,64852.855,HS-grad,9.033482,Married-civ-spouse,Craft-repair,Husband,White,Male,-111.21156,1.0348119,40.030334,United-States,>50K
37.90712,Private,207313.39,Bachelors,13.00495,Married-civ-spouse,Prof-specialty,Wife,Asian-Pac-Islander,Female,1231.082,1.0621861,38.844196,Philippines,>50K
47.128155,State-gov,148434.05,Doctorate,15.975942,Divorced,Prof-specialty,Unmarried,White,Male,-124.486465,1.1346425,50.13283,France,>50K
60.13704,Local-gov,168009.3,Assoc-voc,11.021822,Divorced,Prof-specialty,Unmarried,White,Male,2401.3455,0.71699417,40.014927,United-States,>50K
35.579655,Private,158518.39,Bachelors,13.000937,Married-civ-spouse,Tech-support,Husband,White,Male,-109.30922,1940.5475,40.332954,United-States,>50K
34.986027,State-gov,374770.8,Bachelors,12.995156,Married-civ-spouse,Protective-serv,Husband,White,Male,-107.97157,1.3188008,72.05642,United-States,>50K
42.665607,Self-emp-not-inc,185538.5,HS-grad,9.029374,Married-civ-spouse,Transport-moving,Husband,White,Male,526.4872,1.3228902,40.543056,United-States,>50K
49.131237,Self-emp-inc,328319.56,Some-college,10.020637,Married-civ-spouse,Exec-managerial,Wife,White,Female,-94.38905,2002.0374,60.156055,China,>50K
61.25283,Private,454182.47,Bachelors,13.007293,Married-civ-spouse,Exec-managerial,Husband,Other,Male,-110.318985,0.760146,24.061493,United-States,>50K
26.423838,Private,200405.77,Bachelors,13.003474,Never-married,Adm-clerical,Own-child,White,Male,-107.101944,2417.485,40.059547,United-States,>50K
36.025196,Private,155694.45,Bachelors,13.004923,Married-civ-spouse,Prof-specialty,Husband,White,Male,-121.51112,0.6467732,41.651768,England,>50K
47.07473,Self-emp-not-inc,34079.84,Assoc-acdm,12.013399,Never-married,Farming-fishing,Other-relative,White,Male,10467.702,1.3907155,45.093433,United-States,>50K
50.194855,Private,209905.47,Assoc-voc,11.024462,Married-civ-spouse,Craft-repair,Husband,Black,Male,-107.05116,0.9875325,40.023277,United-States,>50K
36.01561,Private,202152.2,11th,7.0374007,Never-married,Protective-serv,Not-in-family,Black,Male,13458.578,1.202361,40.02437,United-States,>50K
57.166527,Federal-gov,65184.7,Prof-school,14.985649,Divorced,Prof-specialty,Not-in-family,White,Male,-117.330215,0.7675618,52.419823,United-States,>50K
41.726906,Private,85309.47,Some-college,10.032636,Married-civ-spouse,Prof-specialty,Husband,Amer-Indian-Eskimo,Male,-119.296036,0.780074,40.050735,United-States,>50K
31.001188,Private,122901.66,Masters,13.983951,Married-civ-spouse,Sales,Wife,Asian-Pac-Islander,Female,-119.56044,0.7753819,25.053375,Japan,>50K
48.098984,Self-emp-inc,87948.91,Bachelors,13.004549,Married-civ-spouse,Craft-repair,Husband,White,Male,-113.39345,0.98230636,50.885555,United-States,>50K
54.171593,Private,319281.56,Doctorate,15.971069,Widowed,Tech-support,Unmarried,White,Male,-101.52992,2501.88,40.00401,United-States,>50K
52.125713,Private,358109.5,Doctorate,15.971623,Married-civ-spouse,Prof-specialty,Husband,White,Male,-113.12904,0.9311894,45.79523,United-States,>50K
43.93199,Private,533446.75,Bachelors,13.002446,Married-civ-spouse,Prof-specialty,Husband,White,Male,-111.036026,0.77316177,60.859875,United-States,>50K
34.551785,Self-emp-not-inc,189800.95,Masters,13.985783,Never-married,Prof-specialty,Not-in-family,White,Female,-122.33241,1.0560979,64.82585,United-States,>50K
48.765312,Private,114277.95,Assoc-voc,11.019808,Married-civ-spouse,Transport-moving,Husband,White,Male,2683.0261,0.94526565,49.98017,United-States,>50K
70.69053,Self-emp-inc,205779.12,Some-college,10.028673,Married-civ-spouse,Exec-managerial,Husband,White,Male,19952.146,0.96778,22.724798,United-States,>50K
64.15664,Private,226823.6,Masters,13.986344,Married-civ-spouse,Exec-managerial,Wife,Black,Female,9359.718,1.9130391,50.168953,Jamaica,>50K
47.407883,Self-emp-not-inc,222341.39,HS-grad,9.028723,Never-married,Craft-repair,Not-in-family,White,Male,11124.516,1.5112523,40.01443,United-States,>50K
56.53661,Self-emp-inc,405435.0,Some-college,10.02323,Divorced,Exec-managerial,Not-in-family,White,Male,-118.05751,1.1230458,57.307095,United-States,>50K
57.652878,Self-emp-not-inc,50672.402,Some-college,10.025499,Married-civ-spouse,Sales,Wife,White,Female,-117.55409,1.1553944,68.77576,United-States,>50K
42.079,Private,359671.38,Some-college,10.028711,Married-civ-spouse,Tech-support,Husband,White,Male,-102.63881,0.98551834,40.00888,Haiti,>50K
34.192974,Private,404560.0,Masters,13.985999,Never-married,Prof-specialty,Not-in-family,White,Female,4315.624,0.975623,41.859207,United-States,>50K
49.543625,Private,95773.46,HS-grad,9.02813,Married-civ-spouse,Other-service,Husband,White,Male,3602.37,0.9633702,40.02994,Greece,>50K
46.062378,Self-emp-inc,99145.79,Bachelors,13.006308,Married-civ-spouse,Sales,Husband,White,Male,100100.68,0.8003148,40.036957,United-States,>50K
36.881123,Private,304140.72,5th-6th,3.0464544,Married-civ-spouse,Craft-repair,Husband,Other,Male,1494.6737,1.2702702,42.50442,Mexico,>50K
50.66369,Self-emp-not-inc,246131.33,Prof-school,14.981243,Divorced,Prof-specialty,Unmarried,White,Male,19106.883,1.6235112,61.629772,United-States,>50K
34.48265,Private,419827.16,Some-college,10.024984,Married-civ-spouse,Adm-clerical,Own-child,White,Male,-106.54237,1.0316228,44.990482,United-States,>50K
38.39542,Private,300580.5,Bachelors,13.004396,Married-civ-spouse,Adm-clerical,Husband,White,Male,-109.7975,1.1070698,42.59593,?,>50K
42.363384,Private,321074.3,Some-college,10.030118,Married-civ-spouse,Exec-managerial,Husband,White,Male,-116.818985,1.016219,40.029938,United-States,>50K
40.83493,Private,213993.03,Bachelors,13.006163,Married-civ-spouse,Prof-specialty,Husband,White,Male,-120.178604,0.740981,47.238644,United-States,>50K
49.707523,Local-gov,151718.12,Assoc-acdm,12.016063,Married-civ-spouse,Tech-support,Husband,White,Male,-115.550186,1.1210545,43.33666,United-States,>50K
47.401672,Federal-gov,159007.14,HS-grad,9.031443,Never-married,Adm-clerical,Not-in-family,White,Male,-121.44252,0.9220952,43.19803,United-States,>50K
58.179665,Self-emp-not-inc,112173.664,Doctorate,15.980759,Married-AF-spouse,Exec-managerial,Wife,White,Female,-111.50917,1501.6024,35.039757,United-States,>50K
43.099037,Private,352075.25,Prof-school,14.982993,Separated,Tech-support,Not-in-family,White,Male,-121.15004,1.2025899,50.138805,Columbia,>50K
45.144184,Private,173534.81,11th,7.0295815,Divorced,Transport-moving,Not-in-family,White,Male,-90.4828,2847.902,76.19963,United-States,>50K
35.77033,Private,228189.2,Some-college,10.026577,Married-civ-spouse,Other-service,Own-child,White,Female,3593.5989,0.9049214,40.065918,United-States,>50K
35.028023,Self-emp-not-inc,268602.8,Bachelors,13.00316,Married-civ-spouse,Prof-specialty,Husband,White,Male,-126.816055,0.5210713,15.378672,United-States,>50K
36.797646,Private,177050.6,HS-grad,9.030974,Married-civ-spouse,Exec-managerial,Husband,White,Male,-101.26039,0.90168655,40.04087,United-States,>50K
72.28242,Private,74426.47,9th,5.0392714,Married-civ-spouse,Exec-managerial,Wife,Asian-Pac-Islander,Female,-106.28041,1.5909642,48.11855,United-States,>50K
56.295044,Self-emp-not-inc,40899.402,Some-college,10.029028,Married-spouse-absent,Farming-fishing,Not-in-family,White,Female,27865.236,0.9383229,20.078636,United-States,>50K
49.835106,Private,265949.28,Bachelors,13.006927,Married-civ-spouse,Prof-specialty,Husband,White,Male,-117.790665,0.8983296,46.318996,?,>50K
58.18786,Federal-gov,257666.11,Masters,13.9894285,Married-civ-spouse,Tech-support,Husband,Asian-Pac-Islander,Male,7666.6235,2.0090702,39.978333,China,>50K
71.278984,Private,188502.56,Assoc-voc,11.02029,Widowed,Prof-specialty,Unmarried,White,Female,11514.473,0.89070785,37.96111,United-States,>50K
53.724808,Private,144710.58,Some-college,10.027188,Divorced,Machine-op-inspct,Not-in-family,White,Male,-111.10219,0.75639236,44.947777,United-States,>50K
42.071552,Federal-gov,159432.0,Assoc-acdm,12.011497,Divorced,Prof-specialty,Unmarried,Asian-Pac-Islander,Female,-114.61171,1.0821675,40.01905,Philippines,>50K
44.080093,Federal-gov,39314.95,Bachelors,13.000581,Widowed,Exec-managerial,Unmarried,White,Female,-117.65321,0.91094863,40.0391,United-States,>50K
44.765488,Private,237232.44,Bachelors,13.004871,Never-married,Prof-specialty,Not-in-family,Black,Female,-119.39784,0.9920796,46.079224,United-States,>50K
49.05521,Self-emp-inc,132207.4,Prof-school,14.977282,Widowed,Prof-specialty,Unmarried,White,Male,100102.445,0.77128494,50.078556,United-States,>50K
43.21444,Private,501518.47,HS-grad,9.026401,Married-civ-spouse,Adm-clerical,Husband,Black,Male,839.8804,1.4014653,45.259705,United-States,>50K
36.66728,Local-gov,228036.44,Some-college,9.831468,Married-civ-spouse,Protective-serv,Husband,White,Male,-105.78969,1826.5726,41.92629,United-States,>50K
29.981554,?,35056.76,Bachelors,13.005504,Married-civ-spouse,?,Wife,Other,Female,-115.4662,0.70777786,40.048424,Taiwan,>50K
42.38433,Private,89148.49,Bachelors,13.002414,Married-civ-spouse,Craft-repair,Husband,Asian-Pac-Islander,Male,-113.7953,0.91959274,40.054554,Japan,>50K
41.986534,Federal-gov,261933.66,HS-grad,9.027093,Married-civ-spouse,Adm-clerical,Husband,Black,Male,-89.09169,1.5644368,72.25293,United-States,>50K
43.84289,Private,151498.25,Masters,13.987376,Separated,Prof-specialty,Not-in-family,White,Male,6408.208,0.7112187,37.01355,United-States,>50K
52.163193,State-gov,339758.88,Masters,13.977621,Never-married,Adm-clerical,Not-in-family,White,Male,-105.22255,1.3936452,70.11006,United-States,>50K
41.02038,Private,161210.67,Bachelors,13.00921,Never-married,Prof-specialty,Not-in-family,White,Male,-118.69838,0.7172154,40.056984,?,>50K
41.720264,State-gov,243202.42,HS-grad,9.694856,Married-civ-spouse,Prof-specialty,Wife,White,Female,-108.60243,1.1552876,40.051308,United-States,>50K
33.960705,Private,174622.88,Assoc-acdm,12.008758,Married-civ-spouse,Tech-support,Husband,White,Male,-109.07289,1954.5408,64.85116,United-States,>50K
30.974028,Private,269990.9,HS-grad,9.023271,Married-civ-spouse,Adm-clerical,Wife,White,Female,-98.31044,1909.6337,41.024773,United-States,>50K
45.43338,Private,397559.72,Some-college,10.024309,Divorced,Sales,Not-in-family,White,Male,-120.252335,0.92112625,43.195747,United-States,>50K
48.465714,Self-emp-not-inc,237251.0,7th-8th,4.0499415,Married-civ-spouse,Sales,Husband,White,Male,-115.25258,0.89002883,32.755505,United-States,>50K
46.552185,Local-gov,253665.72,Masters,13.98877,Never-married,Exec-managerial,Not-in-family,White,Female,11617.837,1.6823796,53.087837,United-States,>50K
47.139217,Self-emp-not-inc,199591.25,Masters,13.978517,Divorced,Transport-moving,Not-in-family,White,Male,-105.97279,2279.3784,50.13031,United-States,>50K
50.217815,Self-emp-not-inc,188491.38,Bachelors,13.002551,Divorced,Craft-repair,Not-in-family,White,Male,27846.746,1.00257,15.998482,United-States,>50K
35.88958,Private,92025.766,Bachelors,13.002652,Married-civ-spouse,Sales,Husband,White,Male,347.25998,0.73149,49.32818,United-States,>50K
45.447784,Private,176259.9,Assoc-acdm,12.012209,Married-civ-spouse,Craft-repair,Husband,White,Male,228.41112,1.0494527,42.228306,United-States,>50K
44.971786,Private,155728.62,HS-grad,9.277651,Married-civ-spouse,Exec-managerial,Wife,White,Female,1227.8268,1.2960881,40.531647,Canada,>50K
34.996574,Local-gov,178865.67,HS-grad,9.02785,Divorced,Handlers-cleaners,Not-in-family,White,Male,-106.63905,0.9403981,43.46489,United-States,>50K
44.123047,Private,769124.3,Masters,13.980306,Separated,Exec-managerial,Not-in-family,White,Male,-102.95424,2583.608,40.023952,United-States,>50K
61.97659,Self-emp-not-inc,207225.48,Some-college,10.028371,Married-civ-spouse,Exec-managerial,Husband,White,Male,2106.5398,1.3514622,65.22889,United-States,>50K
54.08048,Private,140676.25,Bachelors,13.0040455,Married-civ-spouse,Craft-repair,Husband,White,Male,-116.84462,0.9767598,40.05036,England,>50K
37.92393,Private,204523.47,Prof-school,14.97963,Married-spouse-absent,Prof-specialty,Not-in-family,White,Male,100098.4,0.57639205,43.3599,United-States,>50K
40.45814,Self-emp-not-inc,201351.17,HS-grad,9.024893,Married-civ-spouse,Machine-op-inspct,Own-child,White,Male,7856.741,1.4315404,40.024544,United-States,>50K
31.99729,Local-gov,29850.855,Some-college,10.031547,Married-civ-spouse,Protective-serv,Wife,White,Female,-125.39955,0.90322006,40.04762,France,>50K
28.999113,Private,91083.01,Bachelors,13.00572,Never-married,Prof-specialty,Own-child,Asian-Pac-Islander,Male,-116.224014,0.6816853,64.22622,Philippines,>50K
50.584568,Self-emp-not-inc,119052.28,Prof-school,15.459636,Divorced,Sales,Not-in-family,White,Male,-113.81825,1.0513219,50.10896,United-States,>50K
30.978928,Local-gov,449408.06,Doctorate,15.978085,Never-married,Prof-specialty,Not-in-family,White,Male,-117.16249,1.1209172,50.10878,Mexico,>50K
31.011412,Private,124880.24,Masters,13.979543,Never-married,Adm-clerical,Not-in-family,Asian-Pac-Islander,Male,-118.53822,1.0078038,60.105377,India,>50K
47.08588,Federal-gov,659233.75,Bachelors,13.008081,Married-civ-spouse,Exec-managerial,Husband,Other,Male,-120.43788,1.2153767,40.01272,Peru,>50K
51.707226,Self-emp-inc,190716.3,Prof-school,14.98107,Divorced,Prof-specialty,Not-in-family,White,Male,18763.566,0.87905777,38.0134,United-States,>50K
42.027683,Private,222937.53,Prof-school,14.982422,Separated,Prof-specialty,Not-in-family,White,Male,-109.505264,0.65098464,42.314034,United-States,>50K
41.57404,Self-emp-inc,66012.695,Prof-school,14.981279,Married-civ-spouse,Prof-specialty,Husband,White,Male,-119.1537,0.7866353,42.47452,Cuba,>50K
64.18491,Self-emp-inc,131834.33,Some-college,10.028947,Married-civ-spouse,Sales,Husband,White,Male,-129.94911,2039.6257,36.748596,United-States,>50K
51.058414,Private,192147.94,Masters,13.985291,Divorced,Sales,Not-in-family,White,Male,17911.781,1.1111058,40.005646,United-States,>50K
40.109657,Private,148919.11,Masters,13.984725,Married-civ-spouse,Prof-specialty,Wife,White,Female,990.99097,0.40542492,12.509121,United-States,>50K
53.29863,Private,99012.72,Some-college,10.029587,Married-civ-spouse,Sales,Husband,White,Male,7791.0806,0.96885574,42.467655,United-States,>50K
41.984505,Private,210221.16,Masters,13.986399,Married-civ-spouse,Prof-specialty,Wife,White,Female,-114.372696,0.9943303,49.777378,United-States,>50K
50.109188,Self-emp-inc,121791.31,11th,7.0386167,Never-married,Exec-managerial,Other-relative,White,Male,-113.69374,2468.2097,40.045094,United-States,>50K
41.075417,State-gov,187563.5,Prof-school,14.98262,Widowed,Prof-specialty,Not-in-family,Other,Female,-120.91591,1.0843571,52.128395,United-States,>50K
39.07082,Self-emp-not-inc,237588.23,HS-grad,9.024638,Married-civ-spouse,Sales,Wife,Black,Female,-88.58046,1.502776,54.226425,Dominican-Republic,>50K
48.1183,?,176451.28,Assoc-acdm,12.010327,Divorced,?,Not-in-family,White,Female,14004.26,1.2544087,39.99935,United-States,>50K
39.359898,Private,115627.32,Masters,14.576306,Married-civ-spouse,Prof-specialty,Wife,White,Female,-108.378555,1971.6311,20.8426,United-States,>50K
44.62843,Local-gov,205804.48,Masters,13.990477,Married-civ-spouse,Prof-specialty,Husband,White,Male,-123.92445,1959.2463,44.82056,United-States,>50K
39.300217,Private,222251.7,Some-college,10.028513,Married-civ-spouse,Sales,Husband,White,Male,8047.068,1.0483998,41.362373,United-States,>50K
46.42745,Private,141908.72,Bachelors,13.004159,Married-civ-spouse,Prof-specialty,Wife,White,Female,100078.93,0.42330822,33.781258,United-States,>50K
37.110416,Private,52045.496,Doctorate,15.936387,Married-civ-spouse,Prof-specialty,Husband,White,Male,-106.64662,0.70686996,98.78961,France,>50K
59.171955,Self-emp-inc,107530.07,10th,6.041786,Widowed,Exec-managerial,Unmarried,White,Female,-95.41127,2582.8145,50.152,United-States,>50K
39.20597,Private,110043.21,Bachelors,13.001564,Separated,Prof-specialty,Unmarried,White,Female,1612.5004,0.5266713,35.912354,United-States,>50K
31.584616,Local-gov,133556.22,Masters,13.988701,Married-civ-spouse,Prof-specialty,Wife,White,Female,8775.467,1.0405797,38.96143,United-States,>50K
43.99717,Self-emp-inc,105431.65,Some-college,10.029587,Married-civ-spouse,Sales,Husband,White,Male,-118.90956,0.84377944,49.727036,United-States,>50K
42.44405,Private,232333.4,Bachelors,13.003328,Married-civ-spouse,Exec-managerial,Husband,White,Male,-106.97475,1.0187749,62.41006,United-States,>50K
48.346756,Private,79596.86,Assoc-acdm,12.013626,Married-civ-spouse,Sales,Husband,White,Male,3889.666,0.96436965,44.01158,United-States,>50K
43.651825,Local-gov,132085.33,Masters,13.99107,Married-civ-spouse,Prof-specialty,Husband,White,Male,-122.04506,0.82615554,79.414986,United-States,>50K
37.507313,Private,242865.48,Assoc-voc,11.017576,Divorced,Prof-specialty,Not-in-family,White,Female,11105.343,0.8430928,42.45398,United-States,>50K
27.01946,Local-gov,25634.574,Assoc-voc,11.027151,Never-married,Tech-support,Not-in-family,White,Female,-128.15102,1587.6799,72.110596,United-States,>50K
36.00909,Federal-gov,193084.69,Some-college,10.033314,Never-married,Exec-managerial,Not-in-family,Black,Male,13459.371,1.1349019,40.02859,United-States,>50K
34.05767,Private,35197.09,Bachelors,12.996726,Divorced,Sales,Not-in-family,Amer-Indian-Eskimo,Male,-108.134415,1589.2911,60.161312,United-States,>50K
48.02145,Self-emp-not-inc,231486.81,Prof-school,14.9782295,Married-civ-spouse,Prof-specialty,Wife,White,Female,14932.191,1.4841298,37.55004,United-States,>50K
42.084026,Private,189170.98,Some-college,10.027257,Separated,Prof-specialty,Not-in-family,White,Male,-120.80165,2260.6313,50.168964,Canada,>50K
44.00205,State-gov,262055.95,Doctorate,15.971868,Never-married,Prof-specialty,Not-in-family,White,Male,-107.24184,2574.097,50.125576,United-States,>50K
32.516796,Self-emp-not-inc,330671.72,Bachelors,13.003065,Divorced,Sales,Not-in-family,White,Male,-114.16908,1.1179036,50.131874,United-States,>50K
43.289234,Private,123597.58,Assoc-acdm,12.013503,Married-civ-spouse,Machine-op-inspct,Husband,White,Male,1226.7307,0.9302281,42.400208,United-States,>50K
49.62521,State-gov,47125.074,Doctorate,15.968712,Married-civ-spouse,Prof-specialty,Husband,White,Male,6949.9814,1.0766286,49.500023,United-States,>50K
43.517933,Private,269594.75,Bachelors,13.006588,Married-civ-spouse,Tech-support,Husband,White,Male,-103.86708,1.0977467,52.506817,United-States,>50K
36.10648,Private,224306.34,HS-grad,9.026531,Divorced,Exec-managerial,Not-in-family,White,Female,-98.53432,0.8565968,38.90298,United-States,>50K
41.663162,State-gov,151853.23,Bachelors,13.003323,Married-civ-spouse,Prof-specialty,Wife,White,Female,-117.42934,0.9528798,41.26085,United-States,>50K
21.93899,Private,90850.85,Some-college,10.033947,Never-married,Other-service,Own-child,White,Male,-112.61293,0.35169873,25.041847,United-States,>50K
46.620304,Local-gov,148025.45,Bachelors,13.001531,Married-civ-spouse,Protective-serv,Husband,White,Male,-113.06288,1.0568684,43.489647,United-States,>50K
24.979225,Private,224219.89,Assoc-voc,11.022491,Never-married,Sales,Not-in-family,White,Male,-127.385635,0.7730473,65.175354,Canada,>50K
42.079807,Self-emp-inc,273421.1,Bachelors,13.001192,Divorced,Tech-support,Not-in-family,White,Female,-97.92128,1586.7709,60.16111,United-States,>50K
30.980112,State-gov,351666.1,12th,8.040122,Married-civ-spouse,Tech-support,Wife,White,Female,-100.77968,1.404929,40.0538,United-States,>50K
36.39041,Private,244218.81,10th,6.0374928,Married-civ-spouse,Craft-repair,Husband,White,Male,583.7119,1.0822285,42.959957,United-States,>50K
33.00432,Private,220920.48,Assoc-voc,11.01839,Divorced,Sales,Not-in-family,White,Male,-113.57655,0.6988286,44.98932,United-States,>50K
41.213837,Private,49369.45,Bachelors,13.003503,Married-civ-spouse,Prof-specialty,Husband,White,Male,716.27576,0.51609695,54.391235,United-States,>50K
35.39181,Private,166975.36,Masters,13.988027,Never-married,Prof-specialty,Not-in-family,White,Female,-119.636856,0.72862136,40.578545,United-States,>50K
41.959503,Federal-gov,201506.12,Some-college,10.03453,Married-civ-spouse,Adm-clerical,Husband,Black,Male,-110.11806,1.0281819,40.035503,United-States,>50K
22.047453,Self-emp-not-inc,203620.11,HS-grad,9.033274,Never-married,Prof-specialty,Unmarried,White,Female,100088.59,0.6499013,40.027103,Dominican-Republic,>50K
43.124466,Private,437686.53,Doctorate,15.976879,Separated,Exec-managerial,Not-in-family,White,Female,13992.312,1.6847142,60.203526,United-States,>50K
36.31415,Private,41848.137,Bachelors,13.0032215,Married-civ-spouse,Exec-managerial,Husband,White,Male,407.43222,0.6795567,50.178135,United-States,>50K
37.60356,Private,111311.39,Bachelors,13.001768,Married-civ-spouse,Prof-specialty,Wife,White,Female,-113.80556,0.6134862,39.379547,United-States,>50K
44.11354,Private,154925.4,Masters,14.8879,Widowed,Exec-managerial,Unmarried,White,Male,2403.769,1.0937642,40.031834,United-States,>50K
50.008923,Self-emp-inc,260696.61,Bachelors,13.009607,Married-civ-spouse,Machine-op-inspct,Husband,White,Male,7429.929,1.4837865,40.02655,?,>50K
65.14055,Local-gov,190006.34,HS-grad,9.029451,Widowed,Adm-clerical,Not-in-family,White,Female,-112.36879,1.1574162,34.999584,United-States,>50K
82.54996,Private,160737.34,HS-grad,9.030788,Never-married,Adm-clerical,Not-in-family,White,Female,-126.84657,0.74803054,40.01948,United-States,>50K
51.59178,Self-emp-not-inc,79327.59,Doctorate,15.968808,Married-civ-spouse,Prof-specialty,Husband,White,Male,6159.899,0.77342117,37.03225,United-States,>50K
40.30821,Self-emp-inc,250219.98,Bachelors,13.006512,Married-civ-spouse,Prof-specialty,Husband,White,Male,11936.979,0.97212875,41.636456,United-States,>50K
39.04656,Private,159636.84,Assoc-voc,11.018669,Widowed,Exec-managerial,Unmarried,White,Female,-100.33217,3029.634,40.032883,United-States,>50K
61.22342,Private,81374.43,HS-grad,9.025788,Separated,Transport-moving,Unmarried,Asian-Pac-Islander,Male,-104.266495,1.366042,45.06181,United-States,>50K
58.166466,Private,277100.6,HS-grad,9.025336,Widowed,Craft-repair,Unmarried,White,Male,8561.573,1.9205769,52.25363,Mexico,>50K
43.368896,Private,109685.4,Masters,13.987426,Married-civ-spouse,Exec-managerial,Husband,White,Male,11380.055,1.3115758,57.85323,United-States,>50K
23.947123,Self-emp-inc,493929.34,HS-grad,9.027346,Never-married,Other-service,Not-in-family,Black,Male,13455.451,1.3010014,50.127808,United-States,>50K
42.83281,Private,190883.78,Prof-school,15.460413,Never-married,Exec-managerial,Not-in-family,White,Male,19824.918,1.1469563,50.097195,United-States,>50K
45.81003,Private,216890.78,HS-grad,9.022948,Divorced,Transport-moving,Not-in-family,White,Male,-93.06923,1.1443928,56.48943,United-States,>50K
52.82388,State-gov,178644.7,Masters,13.991075,Married-civ-spouse,Prof-specialty,Husband,White,Male,8500.331,1.2120274,39.011425,United-States,>50K
43.906025,Federal-gov,76553.64,Bachelors,13.005015,Married-civ-spouse,Exec-managerial,Husband,White,Male,1133.9485,0.88352096,49.247803,United-States,>50K
25.955076,Self-emp-not-inc,196312.3,10th,6.039794,Never-married,Exec-managerial,Not-in-family,White,Male,-115.4789,0.96053207,74.97763,United-States,>50K
51.104565,Self-emp-inc,200551.42,Bachelors,13.00362,Separated,Sales,Unmarried,White,Male,-110.003555,2848.6501,40.035904,United-States,>50K
43.099754,Private,87279.695,HS-grad,9.025457,Never-married,Machine-op-inspct,Own-child,White,Male,12221.997,1.2325505,48.08898,United-States,>50K
42.244205,Private,91955.82,HS-grad,9.029146,Married-civ-spouse,Craft-repair,Husband,White,Male,6663.017,1.2796239,43.917316,United-States,>50K
50.65688,Federal-gov,148968.4,Some-college,10.02809,Married-civ-spouse,Protective-serv,Husband,White,Male,-108.51601,1.0811452,57.425404,United-States,>50K
51.07092,Self-emp-inc,122634.77,Bachelors,13.001819,Married-civ-spouse,Sales,Husband,White,Male,-116.808975,0.8952321,56.292545,United-States,>50K
57.200005,State-gov,345718.8,Some-college,10.026944,Married-civ-spouse,Prof-specialty,Husband,Asian-Pac-Islander,Male,7646.744,1.7107533,75.04333,United-States,>50K
52.130093,Local-gov,193568.25,HS-grad,9.025435,Married-civ-spouse,Transport-moving,Husband,Other,Male,-102.17348,1.3165807,40.013245,Jamaica,>50K
58.18559,Private,146692.14,Masters,13.990438,Married-civ-spouse,Exec-managerial,Husband,White,Male,14958.512,1.3062352,39.99239,Greece,>50K
35.234898,State-gov,127999.52,Bachelors,13.003248,Married-civ-spouse,Prof-specialty,Husband,White,Male,-123.891495,0.70240676,39.4428,United-States,>50K
27.024725,Private,370994.34,Bachelors,12.99885,Married-civ-spouse,Prof-specialty,Wife,White,Female,-96.70839,0.9003743,90.0299,United-States,>50K
21.977528,Private,119952.45,Assoc-acdm,12.019952,Never-married,Handlers-cleaners,Not-in-family,Black,Male,-115.80946,2844.9902,40.050163,?,>50K
40.090252,Private,575902.9,Prof-school,14.98376,Married-civ-spouse,Craft-repair,Husband,White,Male,5114.8833,1.3600758,40.003204,Mexico,>50K
54.066334,Private,168067.5,1st-4th,2.0462365,Married-civ-spouse,Craft-repair,Husband,Black,Male,-115.53725,0.95873916,40.033546,Haiti,>50K
49.448902,Local-gov,236778.53,Masters,13.990692,Married-civ-spouse,Exec-managerial,Husband,White,Male,-114.56093,1.3048695,52.570587,United-States,>50K
29.042084,Private,144494.03,Bachelors,13.002427,Married-civ-spouse,Handlers-cleaners,Husband,Black,Male,4344.716,0.9820775,80.1873,?,>50K
54.31551,Self-emp-not-inc,118214.04,Doctorate,15.970599,Married-civ-spouse,Prof-specialty,Husband,White,Male,-114.83046,0.8185872,58.483425,United-States,>50K
56.192284,Self-emp-inc,376016.97,Masters,13.985648,Married-civ-spouse,Exec-managerial,Husband,White,Male,-112.76039,2006.9376,60.202858,Italy,>50K
39.143047,Federal-gov,53276.668,Prof-school,15.283309,Married-civ-spouse,Prof-specialty,Wife,White,Female,-113.21034,0.71460617,39.730297,United-States,>50K
44.579117,Private,178921.34,HS-grad,9.02592,Married-civ-spouse,Transport-moving,Husband,White,Male,7400.4834,1.5688466,57.050926,United-States,>50K
36.06154,Private,165931.77,Bachelors,13.00812,Never-married,Prof-specialty,Not-in-family,White,Male,-111.918594,0.62954605,40.89738,United-States,>50K
42.084118,Self-emp-not-inc,399359.3,Some-college,10.026364,Married-civ-spouse,Sales,Husband,White,Male,3412.3882,1.4634084,54.79417,Mexico,>50K
57.17067,Self-emp-inc,259716.64,HS-grad,9.029892,Married-civ-spouse,Transport-moving,Husband,White,Male,5108.172,1.5356663,60.23618,Hungary,>50K
35.547783,Private,135027.72,Prof-school,14.976835,Never-married,Prof-specialty,Not-in-family,Asian-Pac-Islander,Male,-126.04286,0.7515019,40.028442,India,>50K
42.453884,Private,272417.5,Assoc-acdm,12.012418,Married-civ-spouse,Prof-specialty,Husband,White,Male,-123.67787,1705.5951,39.019352,United-States,>50K
35.937653,State-gov,402279.1,Some-college,9.525854,Divorced,Protective-serv,Not-in-family,White,Male,-105.36,1.1842488,40.034863,United-States,>50K
50.14505,Self-emp-inc,202241.14,7th-8th,4.046931,Married-civ-spouse,Craft-repair,Husband,White,Male,-90.53627,2002.8536,63.2943,?,>50K
49.378532,Private,94464.734,Assoc-acdm,12.008497,Divorced,Exec-managerial,Unmarried,White,Female,-101.47914,1.0522603,55.684456,United-States,>50K
40.06078,State-gov,509059.7,Doctorate,15.97287,Married-civ-spouse,Prof-specialty,Husband,Asian-Pac-Islander,Male,-114.731094,1.0879658,39.996944,Taiwan,>50K
48.67662,Local-gov,149737.55,HS-grad,9.032907,Married-civ-spouse,Exec-managerial,Husband,White,Male,1472.709,1.2402791,40.852886,United-States,>50K
53.5538,Self-emp-not-inc,80458.336,HS-grad,9.028477,Married-civ-spouse,Other-service,Wife,White,Female,14989.135,1.5739049,32.923798,United-States,>50K
61.262276,Private,195295.38,Preschool,1.0468525,Separated,Transport-moving,Not-in-family,Black,Male,14228.559,1.3555516,40.02081,United-States,>50K
39.453815,Private,188295.94,HS-grad,9.022452,Divorced,Sales,Not-in-family,White,Male,27843.297,1.2305058,60.173447,United-States,>50K
61.520332,Self-emp-not-inc,422583.3,Doctorate,15.973211,Married-civ-spouse,Sales,Husband,White,Male,-100.093155,2161.8948,34.321613,United-States,>50K
73.27878,Local-gov,182621.44,Masters,13.991275,Married-civ-spouse,Prof-specialty,Husband,White,Male,-127.701065,0.3617619,9.843018,Poland,>50K
29.504253,Private,164716.81,Bachelors,13.000995,Married-civ-spouse,Adm-clerical,Wife,Asian-Pac-Islander,Female,-107.59267,1.0381612,42.501926,United-States,>50K
57.677147,Private,175833.1,Some-college,10.030372,Married-civ-spouse,Tech-support,Husband,White,Male,-116.42226,0.9480504,41.608845,United-States,>50K
47.11704,Private,119133.81,Some-college,10.031003,Married-civ-spouse,Transport-moving,Husband,White,Male,265.04684,0.858672,41.430264,United-States,>50K
45.014595,Self-emp-inc,273143.44,Bachelors,13.001625,Married-civ-spouse,Sales,Husband,White,Male,-114.63197,1.0816869,61.191093,United-States,>50K
26.012897,Private,299310.75,Bachelors,12.992801,Married-civ-spouse,Sales,Not-in-family,Asian-Pac-Islander,Female,-115.51698,1999.8737,74.90037,Cambodia,>50K
56.56451,Private,153371.39,Some-college,10.033528,Married-civ-spouse,Prof-specialty,Husband,White,Male,406.70236,0.5920247,40.032997,United-States,>50K
43.91981,Private,225554.62,Prof-school,15.287846,Married-civ-spouse,Prof-specialty,Wife,White,Female,5063.2646,0.71642196,29.984156,United-States,>50K
49.566742,Self-emp-not-inc,208171.44,Masters,13.987497,Married-civ-spouse,Craft-repair,Husband,White,Male,-107.83949,1.3737172,48.680706,United-States,>50K
35.936115,Federal-gov,53165.543,Bachelors,13.001529,Married-civ-spouse,Adm-clerical,Wife,Asian-Pac-Islander,Female,2519.6145,1.077506,40.0677,United-States,>50K
23.00746,Private,444876.84,HS-grad,9.024316,Never-married,Sales,Own-child,White,Female,8574.236,0.9156407,14.943911,United-States,>50K
50.039494,Private,204655.94,Bachelors,13.005841,Married-spouse-absent,Prof-specialty,Not-in-family,White,Male,-92.20448,0.42302594,34.061092,United-States,>50K
21.943138,State-gov,187271.44,12th,8.049176,Never-married,Exec-managerial,Not-in-family,White,Male,-129.13783,0.90711105,50.110397,United-States,>50K
61.661797,Self-emp-inc,95986.47,Doctorate,15.969589,Married-civ-spouse,Exec-managerial,Husband,White,Male,-109.43129,1961.8457,57.75314,United-States,>50K
38.004864,Private,366294.4,Masters,13.987944,Never-married,Exec-managerial,Not-in-family,Black,Male,3971.935,1.2365865,45.92121,United-States,>50K
46.379833,Private,342579.4,Bachelors,13.00237,Divorced,Exec-managerial,Not-in-family,White,Male,-109.15175,0.9629735,56.258564,United-States,>50K
37.589363,Federal-gov,192924.11,Assoc-acdm,12.013884,Married-civ-spouse,Prof-specialty,Husband,White,Male,-122.11391,0.87749374,42.588676,United-States,>50K
35.571415,Private,203235.19,HS-grad,9.364933,Married-civ-spouse,Craft-repair,Husband,White,Male,-112.76283,1.0101613,41.64772,Poland,>50K
36.61141,Self-emp-not-inc,113216.95,Prof-school,14.982645,Married-civ-spouse,Prof-specialty,Husband,White,Male,-123.36513,0.6961583,60.112293,United-States,>50K
34.094032,Private,328561.53,Bachelors,13.001329,Married-civ-spouse,Adm-clerical,Wife,White,Female,-109.7289,1.03765,40.054943,United-States,>50K
34.077816,Private,98399.02,Prof-school,14.967306,Never-married,Tech-support,Not-in-family,Asian-Pac-Islander,Male,-119.57582,1578.872,40.031143,India,>50K
45.84045,Private,174128.95,HS-grad,9.029011,Never-married,Machine-op-inspct,Not-in-family,Black,Male,14228.497,1.2917928,40.000645,United-States,>50K
54.370613,Self-emp-not-inc,29261.777,Bachelors,13.002449,Divorced,Farming-fishing,Not-in-family,White,Male,27892.447,1.2680806,50.149975,United-States,>50K
55.080006,Self-emp-not-inc,152203.1,HS-grad,9.030064,Married-civ-spouse,Exec-managerial,Husband,White,Male,10935.31,1.836089,54.2514,United-States,>50K
51.13693,Federal-gov,335610.22,Some-college,10.033823,Separated,Prof-specialty,Not-in-family,Black,Female,-127.03725,0.9641408,40.022728,United-States,>50K
34.057957,Private,156774.55,Bachelors,12.998956,Divorced,Exec-managerial,Not-in-family,White,Male,-107.648575,0.9211873,84.98901,England,>50K
67.24175,Private,127160.58,11th,7.0411506,Married-civ-spouse,Other-service,Husband,Black,Male,-114.61171,0.48519787,9.034054,United-States,>50K
44.1863,Private,49695.168,Bachelors,13.003692,Married-civ-spouse,Prof-specialty,Husband,White,Male,-112.28725,0.50211227,40.876057,United-States,>50K
39.790386,Private,192635.98,HS-grad,9.028064,Married-civ-spouse,Exec-managerial,Husband,White,Male,-93.20888,1.1058491,59.372982,United-States,>50K
67.32523,Self-emp-inc,128030.414,Masters,13.9933405,Married-civ-spouse,Prof-specialty,Husband,White,Male,19981.432,0.97962844,60.207077,Italy,>50K
19.950401,Private,325803.22,12th,8.044434,Never-married,Other-service,Own-child,Black,Male,-106.290665,0.61732376,35.05132,United-States,>50K
40.18583,Self-emp-inc,258729.36,Some-college,10.030459,Married-civ-spouse,Exec-managerial,Husband,White,Male,-116.2953,0.9626912,38.513767,United-States,>50K
31.468561,Private,179898.22,Masters,13.989658,Married-civ-spouse,Prof-specialty,Husband,White,Male,-120.84218,0.67099655,41.453644,United-States,>50K
32.008224,Local-gov,19843.215,Assoc-acdm,12.010349,Married-civ-spouse,Protective-serv,Husband,White,Male,-121.28993,0.9626912,56.161163,England,>50K
46.17948,Private,145568.56,Assoc-voc,11.02453,Married-civ-spouse,Prof-specialty,Husband,White,Male,-124.97475,0.4936131,40.04105,United-States,>50K
23.931993,Private,210406.34,HS-grad,9.024981,Married-civ-spouse,Adm-clerical,Wife,White,Female,-108.19032,0.9879292,48.402252,United-States,>50K
44.88748,Private,252348.6,Assoc-acdm,12.008818,Married-civ-spouse,Exec-managerial,Husband,White,Male,3587.676,1.3385228,57.788033,Germany,>50K
64.39393,Private,280548.78,Bachelors,13.00646,Married-civ-spouse,Adm-clerical,Husband,White,Male,17402.65,1.4708241,54.800488,United-States,>50K
53.103024,Local-gov,229064.3,HS-grad,9.024098,Divorced,Craft-repair,Not-in-family,Other,Male,-98.31801,1.42739,40.025593,?,>50K
49.140095,Self-emp-not-inc,126721.836,Masters,13.986218,Married-civ-spouse,Prof-specialty,Wife,White,Female,15028.0,1.7163533,47.2691,United-States,>50K
42.07713,Self-emp-not-inc,320207.66,Masters,13.988897,Divorced,Exec-managerial,Unmarried,White,Female,-101.43837,1.3660191,42.449467,United-States,>50K
39.933086,Private,177403.58,Some-college,10.0296335,Married-civ-spouse,Machine-op-inspct,Husband,White,Male,418.64975,0.9663838,49.525192,United-States,>50K
41.553352,Private,215582.27,Doctorate,15.403528,Married-civ-spouse,Prof-specialty,Husband,Asian-Pac-Islander,Male,-125.75307,1.0818547,44.983273,China,>50K
61.1727,Self-emp-not-inc,87077.734,Some-college,10.033915,Married-civ-spouse,Craft-repair,Husband,White,Male,-130.2848,0.55609024,16.385376,United-States,>50K
53.606983,Private,30691.543,Masters,13.986254,Married-civ-spouse,Exec-managerial,Wife,White,Female,-112.13222,1.0318211,52.44914,United-States,>50K
36.322945,Private,118106.39,Prof-school,14.973319,Married-civ-spouse,Prof-specialty,Husband,White,Male,-111.94154,0.6004399,85.59522,United-States,>50K
39.261772,Private,69360.3,Prof-school,14.980176,Never-married,Prof-specialty,Not-in-family,White,Male,12710.537,0.7840489,43.22724,United-States,>50K
35.194286,Self-emp-not-inc,187384.52,HS-grad,9.030803,Married-civ-spouse,Prof-specialty,Husband,White,Male,-108.996475,0.93386734,47.60233,United-States,>50K
42.12378,Private,47545.01,Doctorate,15.966045,Married-spouse-absent,Other-service,Not-in-family,White,Male,27849.004,0.93158615,60.15913,?,>50K
39.00216,Federal-gov,149733.22,Masters,13.98222,Never-married,Prof-specialty,Not-in-family,White,Male,-122.4496,0.8760747,40.02451,Poland,>50K
54.122417,Private,225736.7,11th,7.024239,Divorced,Craft-repair,Own-child,White,Female,-84.529434,1.4915227,50.176746,United-States,>50K
53.205166,Local-gov,235957.1,Masters,13.992247,Married-spouse-absent,Prof-specialty,Unmarried,White,Female,6853.5864,1.4656819,60.17861,United-States,>50K
35.016315,Private,92266.48,Bachelors,13.00359,Married-civ-spouse,Other-service,Husband,Amer-Indian-Eskimo,Male,7620.525,0.58145034,20.135605,United-States,>50K
23.95893,Local-gov,455277.38,Some-college,10.027876,Never-married,Tech-support,Not-in-family,White,Male,14217.234,1.2368993,50.116337,United-States,>50K
42.099243,Self-emp-not-inc,304314.06,HS-grad,9.0232935,Married-civ-spouse,Farming-fishing,Husband,Asian-Pac-Islander,Male,-87.83803,1.8716801,40.001247,Cambodia,>50K
49.265465,State-gov,218794.7,HS-grad,9.027791,Married-civ-spouse,Protective-serv,Husband,White,Male,-94.49843,1.4281834,40.01531,United-States,>50K
43.095867,Self-emp-inc,504677.88,Masters,13.986227,Married-civ-spouse,Exec-managerial,Husband,Asian-Pac-Islander,Male,-112.51112,1.490302,60.16806,Japan,>50K
53.09526,Self-emp-inc,252935.17,Some-college,10.019638,Divorced,Sales,Not-in-family,White,Male,8503.687,1.3911198,50.134697,Cuba,>50K
30.002426,Local-gov,125611.734,Bachelors,13.009987,Never-married,Prof-specialty,Not-in-family,Black,Male,14102.101,1.040099,45.06917,?,>50K
45.496445,Private,285079.38,Assoc-acdm,12.008487,Married-civ-spouse,Exec-managerial,Husband,White,Male,1956.4412,1.1938008,59.36321,United-States,>50K
37.507057,Self-emp-not-inc,174363.11,Masters,13.979716,Never-married,Sales,Not-in-family,White,Male,4667.914,1.242072,51.66744,United-States,>50K
29.02063,Self-emp-not-inc,342228.38,HS-grad,9.021863,Married-spouse-absent,Transport-moving,Other-relative,Asian-Pac-Islander,Male,-104.983536,1581.1914,50.14775,India,>50K
64.202255,Private,257640.86,HS-grad,9.02465,Married-civ-spouse,Tech-support,Husband,Asian-Pac-Islander,Male,-98.38417,1.761527,60.15505,Philippines,>50K
40.560257,Local-gov,262164.4,Assoc-acdm,12.012096,Married-civ-spouse,Exec-managerial,Wife,White,Female,-100.75697,1.3559788,47.645638,United-States,>50K
45.620686,Local-gov,305347.22,HS-grad,9.022797,Married-civ-spouse,Protective-serv,Husband,White,Male,3613.1882,1.8277577,86.137115,United-States,>50K
46.09645,Private,221063.36,Some-college,10.023891,Divorced,Tech-support,Not-in-family,Amer-Indian-Eskimo,Male,13405.075,1.274764,40.014904,United-States,>50K
56.20303,State-gov,468147.6,Assoc-voc,11.021397,Married-civ-spouse,Craft-repair,Husband,Black,Male,-106.35414,1.5644063,60.17215,United-States,>50K
29.481064,Private,275570.1,Bachelors,13.007267,Never-married,Sales,Not-in-family,White,Male,10586.648,1.0384511,46.564472,United-States,>50K
40.5816,Self-emp-not-inc,173619.58,Masters,13.984783,Married-civ-spouse,Exec-managerial,Wife,White,Male,100114.64,1.3696507,50.14122,United-States,>50K
42.09943,Private,261020.38,Bachelors,13.001086,Divorced,Prof-specialty,Unmarried,Black,Female,25397.629,0.98409164,20.025547,United-States,>50K
44.69559,Self-emp-inc,227883.86,Prof-school,14.977441,Married-civ-spouse,Prof-specialty,Husband,White,Male,-115.161026,0.97397506,77.43544,United-States,>50K
36.028316,Private,220824.08,Masters,13.985605,Divorced,Exec-managerial,Not-in-family,White,Male,-112.27455,1.0502461,50.110725,Greece,>50K
51.106667,Private,135602.11,12th,8.042381,Widowed,Machine-op-inspct,Not-in-family,White,Male,-112.72475,1584.3347,40.030224,United-States,>50K
23.938831,Self-emp-not-inc,84024.07,Some-college,10.036374,Never-married,Prof-specialty,Not-in-family,Asian-Pac-Islander,Male,-119.37489,0.6083745,30.029911,United-States,>50K
52.342934,State-gov,136723.8,HS-grad,9.031836,Married-civ-spouse,Exec-managerial,Husband,White,Male,-103.043106,1.3024205,41.2282,United-States,>50K
36.671547,Self-emp-inc,337073.16,Some-college,10.028114,Married-civ-spouse,Exec-managerial,Husband,White,Male,-111.748184,1.1177586,52.766956,United-States,>50K
58.150063,Self-emp-not-inc,142800.53,9th,4.0643306,Married-civ-spouse,Exec-managerial,Husband,White,Male,-108.68617,1911.0712,67.09818,United-States,>50K
51.604427,Private,128865.02,HS-grad,9.025404,Married-civ-spouse,Exec-managerial,Wife,White,Female,11991.475,1.4742955,39.341206,United-States,>50K
43.08526,Private,155328.03,Assoc-acdm,12.006097,Divorced,Craft-repair,Not-in-family,White,Male,-101.42055,2467.206,70.18561,United-States,>50K
34.571163,Federal-gov,42201.715,Some-college,10.0372925,Married-civ-spouse,Exec-managerial,Husband,White,Male,-130.67397,0.68122756,40.045677,United-States,>50K
62.697285,Federal-gov,91838.625,Assoc-acdm,12.015387,Married-civ-spouse,Other-service,Husband,Asian-Pac-Islander,Male,1510.2349,1.0847005,40.02045,United-States,>50K
41.94872,Private,203860.53,Bachelors,13.004192,Married-civ-spouse,Prof-specialty,Husband,White,Male,-119.26552,0.6529149,39.81773,United-States,>50K
45.52969,State-gov,94175.72,Doctorate,15.968449,Divorced,Prof-specialty,Not-in-family,White,Female,11063.787,1.2110585,60.18605,United-States,>50K
47.30027,Private,174143.53,Masters,13.987894,Married-civ-spouse,Craft-repair,Husband,White,Male,-107.152725,1.1709203,51.185463,United-States,>50K
48.09487,State-gov,356465.9,Assoc-voc,11.022057,Married-civ-spouse,Exec-managerial,Husband,White,Male,-115.354385,1.0762013,15.010319,Germany,>50K
35.427887,Private,280982.03,Assoc-acdm,12.013468,Never-married,Prof-specialty,Not-in-family,White,Female,4914.818,0.9574574,39.237823,United-States,>50K
46.124245,Private,237771.03,Assoc-acdm,12.010634,Divorced,Exec-managerial,Not-in-family,White,Male,-111.206436,0.9150456,40.02352,United-States,>50K
26.288488,Private,226560.17,Bachelors,13.000685,Married-civ-spouse,Transport-moving,Husband,White,Male,-112.72719,0.7658833,38.42536,United-States,>50K
43.830357,Private,120648.08,Some-college,10.031126,Married-civ-spouse,Adm-clerical,Husband,White,Male,263.20053,0.73149,40.453915,United-States,>50K
29.639404,Private,451069.2,Some-college,10.028436,Married-civ-spouse,Transport-moving,Husband,White,Male,-121.27455,0.994048,44.538086,United-States,>50K
44.09907,State-gov,694646.25,Masters,13.988748,Married-civ-spouse,Prof-specialty,Husband,Black,Male,-120.42006,1.2888936,60.15005,United-States,>50K
43.418125,Private,264209.56,Bachelors,13.005718,Married-civ-spouse,Machine-op-inspct,Husband,White,Male,-116.76576,1945.1093,40.03146,United-States,>50K
43.571423,Self-emp-inc,82893.875,Some-college,10.029257,Married-civ-spouse,Exec-managerial,Husband,White,Male,-114.47426,1952.3098,49.21215,United-States,>50K
43.559326,Federal-gov,122377.65,Bachelors,13.0047,Married-civ-spouse,Prof-specialty,Husband,White,Male,7429.9077,0.9655293,63.17495,United-States,>50K
27.97424,Private,103906.13,HS-grad,9.029052,Never-married,Transport-moving,Own-child,White,Male,-123.21498,0.6327046,45.05101,Portugal,>50K
49.177475,Self-emp-not-inc,108223.51,HS-grad,9.027106,Divorced,Exec-managerial,Unmarried,White,Female,14102.932,1.6206425,29.900692,United-States,>50K
46.299606,Local-gov,211246.69,Bachelors,13.007288,Married-civ-spouse,Prof-specialty,Husband,White,Male,7822.221,0.97778213,40.024487,United-States,>50K
52.61958,Federal-gov,168338.8,Prof-school,14.981751,Married-civ-spouse,Adm-clerical,Husband,White,Male,3421.9094,1.1920995,47.589603,United-States,>50K
55.134773,Private,108241.766,Masters,13.992207,Married-civ-spouse,Prof-specialty,Husband,White,Male,153.55504,0.62417495,39.629303,United-States,>50K
73.18498,Federal-gov,142584.55,HS-grad,9.028911,Divorced,Adm-clerical,Not-in-family,White,Female,25200.418,1.1790227,20.020267,United-States,>50K
45.1822,Private,366302.94,HS-grad,9.028082,Married-civ-spouse,Tech-support,Husband,Black,Male,-95.47499,1.3617543,40.00033,United-States,>50K
47.095566,Federal-gov,218763.86,Assoc-acdm,12.012826,Married-civ-spouse,Handlers-cleaners,Husband,Asian-Pac-Islander,Male,-118.51015,1.281844,40.007843,Philippines,>50K
43.07126,Private,292740.06,Bachelors,13.002696,Divorced,Prof-specialty,Unmarried,White,Male,-111.12758,1486.7711,50.150665,United-States,>50K
49.01133,Self-emp-not-inc,80429.83,Bachelors,12.997648,Married-civ-spouse,Farming-fishing,Husband,White,Male,-124.982315,1938.6636,69.23151,United-States,>50K
31.438229,Private,255871.88,Bachelors,13.007869,Never-married,Prof-specialty,Not-in-family,White,Male,9855.774,0.86410415,43.303135,United-States,>50K
36.02165,Self-emp-not-inc,242220.77,Some-college,10.030788,Married-civ-spouse,Sales,Husband,White,Male,100077.69,0.71395004,20.006323,United-States,>50K
55.306526,Federal-gov,127378.66,Prof-school,14.98561,Married-civ-spouse,Prof-specialty,Husband,White,Male,-123.843155,0.71079147,56.647877,United-States,>50K
36.996338,Private,134795.86,Masters,13.985947,Married-civ-spouse,Prof-specialty,Wife,Asian-Pac-Islander,Female,-117.93544,1.0729588,39.040497,China,>50K
54.074944,Self-emp-not-inc,100099.19,Some-college,10.029335,Married-civ-spouse,Craft-repair,Husband,White,Male,-116.83949,1.3168095,40.036606,Ireland,>50K
60.125217,Self-emp-inc,226577.08,Assoc-voc,11.017868,Married-civ-spouse,Machine-op-inspct,Husband,White,Male,-106.17885,2444.4155,70.271286,?,>50K
33.87161,Self-emp-inc,144574.97,Assoc-voc,11.020651,Married-civ-spouse,Other-service,Wife,White,Female,1512.1295,0.7846745,38.08139,United-States,>50K
30.024525,Private,165299.66,Bachelors,13.0038595,Never-married,Exec-managerial,Not-in-family,Other,Female,8510.948,1.1531514,40.03737,India,>50K
56.17711,Self-emp-not-inc,336361.12,HS-grad,9.026148,Married-civ-spouse,Other-service,Husband,White,Male,-90.175186,1916.9478,50.159042,Canada,>50K
65.18052,Private,448545.12,Prof-school,14.988391,Married-spouse-absent,Craft-repair,Not-in-family,White,Male,-85.94594,0.6725911,48.09445,Hungary,>50K
42.021397,Local-gov,149548.97,Bachelors,13.003094,Married-civ-spouse,Prof-specialty,Wife,White,Female,-122.7953,1917.7147,40.05941,United-States,>50K
36.03703,State-gov,22580.605,Bachelors,13.001043,Married-civ-spouse,Protective-serv,Husband,White,Male,15083.317,1.2832631,40.038193,Germany,>50K
33.021786,Private,520981.5,Some-college,10.025611,Never-married,Exec-managerial,Not-in-family,White,Male,5635.7114,1.0771931,62.670723,United-States,>50K
67.24465,Local-gov,103778.29,Masters,13.99561,Never-married,Exec-managerial,Other-relative,White,Female,15874.194,1.8145665,72.16494,United-States,>50K
45.199497,Private,366088.44,10th,6.034515,Married-civ-spouse,Transport-moving,Husband,White,Male,-100.823135,1.2924184,43.714653,United-States,>50K
60.083687,Self-emp-inc,166761.6,Assoc-voc,11.022352,Married-civ-spouse,Exec-managerial,Husband,White,Male,3983.3674,0.8637074,40.023495,United-States,>50K
46.124115,Federal-gov,350106.62,Assoc-voc,11.019453,Married-civ-spouse,Tech-support,Husband,White,Male,-110.44618,1871.5913,40.006184,United-States,>50K
41.0915,Private,332647.8,Prof-school,14.985146,Married-civ-spouse,Exec-managerial,Wife,White,Female,-105.8329,1.2940968,50.163307,Japan,>50K
41.107574,Private,321501.22,Masters,13.985518,Married-civ-spouse,Exec-managerial,Husband,White,Male,-114.14125,1.2208623,64.279106,United-States,>50K
45.12878,Federal-gov,163079.42,Some-college,10.029415,Widowed,Tech-support,Not-in-family,White,Female,-108.25893,1.0741795,45.07314,United-States,>50K
49.76208,Private,205112.98,Bachelors,13.002802,Married-civ-spouse,Craft-repair,Husband,White,Male,-112.44496,1915.0149,43.231094,United-States,>50K
52.148186,Federal-gov,303729.8,Assoc-acdm,12.008434,Widowed,Exec-managerial,Unmarried,White,Male,13421.497,1.7124623,39.98739,United-States,>50K
52.389904,Self-emp-not-inc,367005.25,Some-college,10.026971,Married-civ-spouse,Sales,Husband,White,Male,-114.98549,1.3179768,59.21447,United-States,>50K
29.041748,Local-gov,190963.88,Bachelors,13.004673,Married-civ-spouse,Prof-specialty,Husband,White,Male,-125.13002,1871.636,60.183765,Germany,>50K
42.002407,Self-emp-not-inc,236956.61,Masters,13.989566,Married-civ-spouse,Prof-specialty,Husband,White,Male,-121.23891,1.0028294,39.177944,United-States,>50K
59.75475,Private,97084.13,Prof-school,14.986769,Married-civ-spouse,Prof-specialty,Husband,White,Male,100100.766,0.42151532,53.01232,United-States,>50K
35.006718,Private,173412.94,Some-college,10.029323,Married-civ-spouse,Machine-op-inspct,Husband,White,Male,-114.54042,1904.0466,40.5216,United-States,>50K
43.08771,Local-gov,216082.69,Masters,13.98702,Married-civ-spouse,Exec-managerial,Wife,Amer-Indian-Eskimo,Female,-101.499405,1.5660847,50.17098,United-States,>50K
64.140205,Self-emp-inc,133121.16,HS-grad,9.025818,Married-civ-spouse,Adm-clerical,Wife,White,Female,20011.387,1.7986821,40.012245,?,>50K
41.11182,Private,142922.95,Masters,13.984253,Married-civ-spouse,Tech-support,Husband,Asian-Pac-Islander,Male,-116.20619,1909.318,45.068836,China,>50K
45.872505,State-gov,202820.38,HS-grad,9.025605,Married-civ-spouse,Adm-clerical,Wife,White,Female,-89.70961,1.455985,39.53726,United-States,>50K
33.287716,Private,141293.28,Bachelors,12.998361,Married-civ-spouse,Exec-managerial,Wife,White,Female,-112.828995,1926.3737,39.311348,United-States,>50K
33.08321,Private,121729.23,HS-grad,9.028769,Married-civ-spouse,Machine-op-inspct,Wife,White,Female,-102.86513,0.9324101,41.19462,United-States,>50K
45.287415,Private,184897.14,Assoc-voc,11.020583,Married-civ-spouse,Handlers-cleaners,Husband,White,Male,-112.99672,0.8096684,45.35488,United-States,>50K
43.917027,Self-emp-inc,194329.1,HS-grad,9.022127,Divorced,Sales,Unmarried,White,Male,-92.296036,1.2070531,50.13776,United-States,>50K
50.631836,Self-emp-not-inc,133635.22,HS-grad,9.028011,Divorced,Exec-managerial,Not-in-family,White,Female,100093.516,1.0808934,35.004055,United-States,>50K
45.74255,Self-emp-not-inc,130070.28,Bachelors,13.002463,Married-civ-spouse,Sales,Husband,White,Male,-115.53725,2133.3079,40.9927,United-States,>50K
55.15705,Private,409090.88,9th,5.037056,Divorced,Craft-repair,Unmarried,White,Female,100058.266,1.5656575,36.992264,United-States,>50K
34.203705,Private,319523.16,Bachelors,13.004833,Married-civ-spouse,Prof-specialty,Husband,White,Male,-115.24989,1948.7437,47.31407,United-States,>50K
68.2861,Private,117509.66,Prof-school,14.980604,Widowed,Prof-specialty,Unmarried,White,Male,-114.93202,0.55819595,60.13937,United-States,>50K
44.212692,Local-gov,81591.016,Masters,13.991647,Married-civ-spouse,Exec-managerial,Husband,White,Male,-125.419815,0.9255055,39.530697,United-States,>50K
41.09672,Self-emp-inc,114790.47,Prof-school,14.973745,Married-civ-spouse,Exec-managerial,Wife,White,Female,-102.521866,2438.006,55.167194,United-States,>50K
33.27743,Private,144678.78,Some-college,10.030873,Never-married,Exec-managerial,Not-in-family,White,Female,-123.09535,2005.405,38.55059,United-States,>50K
38.686726,Private,271728.62,Bachelors,13.007006,Married-civ-spouse,Adm-clerical,Husband,Black,Male,2380.853,1.1181859,53.10734,United-States,>50K
40.502888,Private,249231.06,Bachelors,13.003745,Married-civ-spouse,Exec-managerial,Wife,White,Female,613.20166,1.1227635,42.233025,United-States,>50K
29.025558,Self-emp-not-inc,128943.07,Assoc-acdm,12.0129595,Widowed,Sales,Unmarried,White,Female,-111.76088,1.0557851,40.038307,United-States,>50K
52.13199,Private,129589.65,Bachelors,13.003088,Widowed,Other-service,Not-in-family,White,Female,-114.68031,2844.1887,20.124378,United-States,>50K
67.97352,Self-emp-inc,201869.25,HS-grad,9.031573,Married-civ-spouse,Exec-managerial,Husband,White,Male,2821.8843,0.97010696,21.478546,United-States,>50K
42.091694,Private,369477.44,10th,6.0277457,Married-civ-spouse,Craft-repair,Own-child,Other,Male,-89.41225,1.3626622,43.0395,United-States,>50K
49.11482,Federal-gov,364186.84,Assoc-voc,11.020169,Married-civ-spouse,Adm-clerical,Husband,White,Male,-116.719864,0.7148274,8.941971,United-States,>50K
44.10808,Local-gov,145335.22,HS-grad,9.029093,Married-civ-spouse,Other-service,Wife,Black,Female,-99.12929,1.1859273,38.009727,Jamaica,>50K
61.747784,?,472928.88,Masters,13.9865,Married-civ-spouse,?,Husband,White,Male,-118.6349,0.82169235,1.8764497,United-States,>50K
37.629215,Private,114315.76,Bachelors,12.999231,Married-civ-spouse,Tech-support,Wife,White,Female,-110.02382,0.5424794,24.127375,United-States,>50K
34.04014,Self-emp-not-inc,197143.08,HS-grad,9.023863,Divorced,Exec-managerial,Unmarried,White,Female,-93.214005,2489.1262,34.99936,United-States,>50K
30.984333,State-gov,245827.55,HS-grad,9.367432,Married-civ-spouse,Craft-repair,Husband,White,Male,-105.57362,1.1412724,38.40794,United-States,>50K
41.10581,Federal-gov,351311.4,Masters,13.986182,Married-civ-spouse,Craft-repair,Husband,White,Male,-104.59706,1.4993123,60.13508,India,>50K
46.701195,Private,144889.2,Some-college,10.030856,Never-married,Tech-support,Not-in-family,White,Male,-126.76259,0.7776555,40.036877,United-States,>50K
36.04266,Federal-gov,328331.78,Masters,13.987888,Divorced,Tech-support,Not-in-family,White,Female,-107.216446,1.1503972,40.019527,United-States,>50K
40.60234,Private,230482.61,Bachelors,13.006305,Married-civ-spouse,Craft-repair,Husband,Asian-Pac-Islander,Male,-109.530655,1.2107457,41.655018,Philippines,>50K
54.28891,Private,147863.12,7th-8th,4.0443883,Married-civ-spouse,Craft-repair,Husband,White,Male,3079.6116,1.1631612,47.59884,United-States,>50K
45.044518,Self-emp-inc,72388.586,Bachelors,12.999793,Married-civ-spouse,Sales,Husband,White,Male,-110.45619,0.87908065,91.583244,United-States,>50K
47.527798,Local-gov,170337.78,Bachelors,13.001831,Divorced,Protective-serv,Not-in-family,White,Male,-117.74989,0.9774693,40.035892,United-States,>50K
36.133064,Private,439262.9,Some-college,10.026995,Married-civ-spouse,Adm-clerical,Wife,Black,Female,998.70935,1.1384572,39.36924,United-States,>50K
40.083824,Private,177538.84,Bachelors,13.00871,Married-civ-spouse,Other-service,Wife,Asian-Pac-Islander,Female,7620.019,1.4063786,52.262615,Japan,>50K
47.10721,Federal-gov,750131.1,Bachelors,13.003802,Married-civ-spouse,Exec-managerial,Husband,Black,Male,-117.59975,1872.3132,40.01434,United-States,>50K
43.0623,State-gov,126214.836,Bachelors,13.002553,Never-married,Prof-specialty,Own-child,White,Male,100105.805,0.80977523,60.137657,United-States,>50K
52.152935,Private,169145.7,HS-grad,9.025844,Widowed,Other-service,Unmarried,Asian-Pac-Islander,Female,-90.12416,1.5858144,40.001186,India,>50K
34.364647,Private,313631.16,Bachelors,13.003258,Married-civ-spouse,Sales,Husband,White,Male,215.63963,1.0148534,49.897575,United-States,>50K
41.62144,Private,157461.33,HS-grad,9.030355,Married-civ-spouse,Sales,Husband,White,Male,-107.65883,0.8355626,38.787674,United-States,>50K
58.850204,Private,211888.44,Some-college,10.030191,Married-civ-spouse,Exec-managerial,Husband,White,Male,11049.33,1.2090138,42.168056,United-States,>50K
35.061077,Private,321694.25,Masters,14.004374,Married-civ-spouse,Exec-managerial,Husband,Asian-Pac-Islander,Male,-120.88808,1.1907872,65.094574,Hong,>50K
64.11755,State-gov,553719.7,10th,6.0403824,Married-civ-spouse,Exec-managerial,Husband,White,Male,-115.41029,1.5700368,40.00824,United-States,>50K
52.379528,Private,153965.78,Masters,13.985278,Married-civ-spouse,Craft-repair,Husband,White,Male,-117.986465,1973.732,42.99729,United-States,>50K
30.019007,Private,243605.56,Prof-school,14.978003,Married-civ-spouse,Prof-specialty,Husband,Asian-Pac-Islander,Male,-128.13075,0.56320083,20.039606,India,>50K
39.087383,Private,215583.95,HS-grad,9.027321,Married-civ-spouse,Handlers-cleaners,Husband,White,Male,-102.70741,1.0118397,49.128666,United-States,>50K
45.09447,Self-emp-not-inc,307179.6,HS-grad,9.026812,Married-civ-spouse,Sales,Husband,White,Male,10708.965,1.9193791,84.61077,United-States,>50K
45.21062,Local-gov,454107.22,HS-grad,9.02958,Married-civ-spouse,Transport-moving,Husband,White,Male,-106.36195,1.4263371,39.99994,United-States,>50K
31.227728,Local-gov,255927.44,HS-grad,9.029037,Married-civ-spouse,Protective-serv,Husband,White,Male,1263.8828,1.156844,39.54227,United-States,>50K
33.671803,Self-emp-inc,169019.9,Bachelors,13.003158,Married-civ-spouse,Sales,Husband,White,Male,-114.41322,0.8821248,50.44083,United-States,>50K
47.66469,Self-emp-not-inc,57714.37,Assoc-acdm,12.012006,Married-civ-spouse,Exec-managerial,Husband,White,Male,-118.093155,1.0862645,57.756943,United-States,>50K
55.178898,Private,179232.44,9th,5.0446324,Divorced,Machine-op-inspct,Not-in-family,White,Male,10390.94,1.4732732,60.20416,United-States,>50K
32.009766,Private,154479.6,Masters,13.993036,Married-civ-spouse,Prof-specialty,Husband,Other,Male,-123.039444,1934.9825,45.098755,Japan,>50K
33.013493,Private,73484.46,Masters,13.986785,Never-married,Prof-specialty,Not-in-family,White,Female,14586.827,0.9908284,50.14272,United-States,>50K
39.99194,Private,70489.25,Bachelors,13.001883,Married-spouse-absent,Exec-managerial,Unmarried,White,Male,2410.1724,0.79690444,54.760338,United-States,>50K
41.09981,Private,171459.12,Assoc-voc,11.019772,Married-civ-spouse,Exec-managerial,Husband,White,Male,7678.4326,1.0859746,50.617386,United-States,>50K
41.10334,Private,110133.695,HS-grad,9.022478,Married-civ-spouse,Sales,Wife,White,Female,14996.066,1.6383198,50.138126,England,>50K
38.04695,Federal-gov,366765.9,Masters,13.989656,Married-civ-spouse,Prof-specialty,Husband,White,Male,-121.561905,0.9995564,41.21488,United-States,>50K
51.073902,?,172818.53,Doctorate,15.971585,Never-married,?,Not-in-family,White,Male,-112.84413,2856.0793,40.012924,United-States,>50K
54.126415,Self-emp-inc,24129.746,Bachelors,12.999962,Divorced,Exec-managerial,Not-in-family,White,Male,100110.164,0.69490707,70.158806,United-States,>50K
41.997475,Private,104755.62,Assoc-voc,11.023091,Married-civ-spouse,Tech-support,Husband,White,Male,-113.14931,0.68555343,41.930466,United-States,>50K
46.117695,Local-gov,377630.3,12th,8.043614,Married-civ-spouse,Other-service,Husband,White,Male,-118.34999,1.0099629,35.04011,United-States,>50K
65.16012,Private,152125.48,Assoc-acdm,12.012493,Married-civ-spouse,Exec-managerial,Husband,White,Male,3432.8804,0.64620864,18.163301,United-States,>50K
33.016518,?,193701.27,Assoc-voc,11.017784,Married-civ-spouse,?,Own-child,White,Female,7608.1406,1.1694402,50.166153,United-States,>50K
47.14134,Private,305786.9,Masters,13.984198,Separated,Tech-support,Not-in-family,White,Male,27828.727,1.4295491,40.007885,United-States,>50K
46.12797,Local-gov,16135.465,Prof-school,14.980986,Married-civ-spouse,Prof-specialty,Husband,Asian-Pac-Islander,Male,-127.67299,0.88380325,40.02472,Philippines,>50K
47.087605,Private,173599.92,Doctorate,15.968168,Married-civ-spouse,Prof-specialty,Husband,White,Male,-118.296524,0.67727554,40.030556,United-States,>50K
52.79584,Private,155473.83,HS-grad,9.027901,Married-civ-spouse,Craft-repair,Husband,White,Male,8084.165,1.381255,40.006687,United-States,>50K
54.245876,Local-gov,178054.19,Doctorate,15.645215,Never-married,Prof-specialty,Not-in-family,White,Female,2458.293,0.9481343,46.63076,United-States,>50K
36.984413,Private,136463.23,Some-college,10.027307,Married-civ-spouse,Adm-clerical,Wife,White,Female,2415.4163,0.49738964,16.407299,United-States,>50K
61.404724,Self-emp-inc,157453.81,Some-college,10.030288,Married-civ-spouse,Sales,Husband,White,Male,-127.22279,0.74658096,37.079014,United-States,>50K
40.511387,Federal-gov,127402.484,Bachelors,13.006388,Married-civ-spouse,Adm-clerical,Husband,Asian-Pac-Islander,Male,3427.9622,1.0982045,40.04172,Philippines,>50K
34.39567,Private,338428.94,Assoc-acdm,12.011065,Married-civ-spouse,Tech-support,Husband,White,Male,-110.66225,1.0842427,41.38716,United-States,>50K
57.70343,Federal-gov,410778.75,Bachelors,13.00669,Married-civ-spouse,Prof-specialty,Husband,Black,Male,-118.856094,1.052039,40.012177,United-States,>50K
44.099678,Self-emp-not-inc,244095.02,Bachelors,13.001874,Divorced,Sales,Not-in-family,White,Female,27882.338,1.5415257,60.182137,United-States,>50K
40.026722,Self-emp-not-inc,113983.97,Prof-school,14.981047,Divorced,Prof-specialty,Unmarried,White,Male,11813.417,1.0504979,41.302795,United-States,>50K
40.078266,Local-gov,183824.75,9th,5.0486794,Married-civ-spouse,Other-service,Wife,White,Female,-96.84047,1.2504033,40.08347,Yugoslavia,>50K
45.102806,Private,215087.84,Doctorate,15.978861,Widowed,Prof-specialty,Unmarried,White,Male,14892.646,1.1433476,39.986694,Iran,>50K
67.197205,Self-emp-not-inc,291454.0,Bachelors,13.008065,Married-civ-spouse,Prof-specialty,Husband,White,Male,-113.446915,0.573264,25.421247,United-States,>50K
38.653484,Federal-gov,134363.33,Bachelors,13.0035715,Married-civ-spouse,Adm-clerical,Husband,White,Male,-108.655655,1923.9176,46.50156,United-States,>50K
38.968845,Private,209882.94,HS-grad,9.027534,Married-civ-spouse,Exec-managerial,Husband,White,Male,-94.05336,1810.1241,42.48313,United-States,>50K
45.10358,Private,92680.85,Some-college,10.028285,Never-married,Exec-managerial,Not-in-family,Other,Male,13484.378,1.2606038,60.144627,India,>50K
43.09338,Local-gov,210001.83,Masters,13.992099,Never-married,Tech-support,Not-in-family,Black,Female,8551.971,1.6566838,47.127785,United-States,>50K
62.591164,Private,95652.83,Some-college,10.035585,Never-married,Prof-specialty,Not-in-family,White,Female,-117.55141,0.46736798,39.038887,United-States,>50K
34.053867,Private,320539.22,Doctorate,15.965904,Never-married,Prof-specialty,Not-in-family,White,Male,-69.12587,0.7756108,39.99435,Taiwan,>50K
25.976784,Private,153390.6,HS-grad,9.024331,Never-married,Adm-clerical,Own-child,Asian-Pac-Islander,Male,-109.37294,1.0658482,80.051865,?,>50K
45.523438,Private,310968.0,HS-grad,9.02751,Married-civ-spouse,Transport-moving,Husband,White,Male,-114.95253,1.0319356,43.276913,Italy,>50K
42.19782,Private,136390.27,Masters,13.989708,Married-civ-spouse,Prof-specialty,Husband,White,Male,10370.443,1.0506734,51.576733,United-States,>50K
52.689014,Private,197644.02,Masters,13.985472,Married-civ-spouse,Transport-moving,Husband,White,Male,2406.3147,1.2345647,63.972168,United-States,>50K
48.87659,Local-gov,244175.55,Bachelors,13.006573,Married-civ-spouse,Prof-specialty,Husband,Black,Male,-122.35292,1.0499638,40.022316,United-States,>50K
44.093166,Local-gov,199482.31,Bachelors,13.005785,Never-married,Adm-clerical,Not-in-family,White,Female,100102.28,0.9356526,40.026943,United-States,>50K
52.59601,Self-emp-not-inc,73475.76,Masters,13.986711,Divorced,Prof-specialty,Not-in-family,White,Male,-113.40614,0.8472203,54.749863,United-States,>50K
47.164433,Private,98386.49,Bachelors,12.998491,Widowed,Priv-house-serv,Unmarried,White,Female,25381.895,1.1620778,35.03089,United-States,>50K
60.138447,?,56708.543,HS-grad,9.027685,Married-civ-spouse,?,Husband,White,Male,-112.87221,1508.6589,70.191696,United-States,>50K
47.009655,Private,179759.14,Bachelors,13.00068,Married-civ-spouse,Prof-specialty,Wife,White,Female,-113.317276,2100.086,13.454821,United-States,>50K
34.051403,Private,296074.3,Some-college,10.027041,Never-married,Machine-op-inspct,Not-in-family,White,Male,-125.19862,1.0068654,40.03946,England,>50K
39.94785,Private,184447.75,Some-college,10.02717,Never-married,Adm-clerical,Unmarried,White,Male,-118.88417,0.8487233,41.898254,United-States,>50K
48.585873,Private,147917.75,HS-grad,9.024157,Divorced,Exec-managerial,Not-in-family,White,Female,-94.999405,1920.975,40.0269,United-States,>50K
36.550175,State-gov,249757.0,Bachelors,13.003943,Married-civ-spouse,Adm-clerical,Wife,White,Female,-99.053116,1.297675,42.4904,United-States,>50K
34.0375,Federal-gov,439538.47,Some-college,10.023878,Married-AF-spouse,Adm-clerical,Wife,White,Female,-105.50746,0.9806813,40.010857,United-States,>50K
35.477833,Self-emp-inc,415702.53,HS-grad,9.025682,Married-civ-spouse,Craft-repair,Husband,White,Male,6365.448,1.5098256,45.005424,United-States,>50K
65.655876,Self-emp-inc,46584.95,Some-college,10.523452,Widowed,Sales,Not-in-family,White,Female,19020.943,1.0715626,54.779545,United-States,>50K
34.029472,Private,28523.184,Assoc-voc,11.023068,Married-civ-spouse,Craft-repair,Wife,Amer-Indian-Eskimo,Female,-115.433,0.59915817,27.069748,United-States,>50K
52.13951,Self-emp-not-inc,135619.08,Some-college,10.031341,Married-civ-spouse,Craft-repair,Husband,Asian-Pac-Islander,Male,-103.1017,1.4146794,40.04192,?,>50K
45.55472,Self-emp-not-inc,337755.8,Masters,13.982093,Married-civ-spouse,Sales,Husband,White,Male,100116.26,1.555312,80.04071,United-States,>50K
50.119602,Private,31324.84,HS-grad,9.029841,Married-civ-spouse,Farming-fishing,Husband,White,Male,-109.871475,1.0347508,53.589455,United-States,>50K
42.09085,Local-gov,181705.83,10th,6.044624,Married-civ-spouse,Handlers-cleaners,Husband,White,Male,100095.14,1.0402364,40.034046,United-States,>50K
45.790127,Self-emp-not-inc,196954.25,7th-8th,4.048051,Married-civ-spouse,Exec-managerial,Husband,White,Male,-95.50282,1.447234,58.55869,United-States,>50K
35.05872,Federal-gov,103568.87,Doctorate,15.971861,Never-married,Prof-specialty,Not-in-family,Amer-Indian-Eskimo,Female,-123.01918,0.82137954,60.1386,United-States,>50K
40.14507,Private,220953.67,Prof-school,14.985842,Married-civ-spouse,Prof-specialty,Husband,White,Male,11771.366,1.046233,52.612503,United-States,>50K
55.1598,Local-gov,297165.03,Assoc-acdm,12.0172205,Married-civ-spouse,Prof-specialty,Husband,Asian-Pac-Islander,Male,-133.71791,1.1444844,39.99688,United-States,>50K
34.73194,Private,274378.47,11th,7.0334754,Married-civ-spouse,Adm-clerical,Husband,White,Male,-110.4308,0.86239517,40.03948,United-States,>50K
55.146122,Self-emp-inc,147370.7,HS-grad,9.020724,Divorced,Exec-managerial,Unmarried,White,Male,-88.071915,2467.5037,60.146988,United-States,>50K
36.99293,Private,80555.04,Assoc-voc,11.017671,Married-civ-spouse,Exec-managerial,Wife,White,Female,4767.3555,0.93968856,53.414284,United-States,>50K
45.133804,Private,224506.92,9th,5.043119,Married-civ-spouse,Other-service,Husband,White,Male,-94.32802,1868.6726,40.05237,United-States,>50K
26.939966,Private,179439.62,Bachelors,13.005981,Married-AF-spouse,Prof-specialty,Wife,White,Female,-111.422745,0.7907857,40.040775,United-States,>50K
49.504494,Federal-gov,128605.51,HS-grad,9.030434,Married-civ-spouse,Adm-clerical,Husband,White,Male,-103.21864,1.2057713,40.023422,El-Salvador,>50K
30.474964,Private,280587.72,Masters,13.992498,Married-civ-spouse,Sales,Husband,White,Male,-124.3849,0.97929275,42.468468,Dominican-Republic,>50K
48.089443,Private,121561.89,Bachelors,12.997295,Married-spouse-absent,Sales,Unmarried,White,Female,-108.83876,2492.8418,70.21038,United-States,>50K
45.089138,Private,384689.94,Bachelors,13.00569,Married-civ-spouse,Prof-specialty,Husband,White,Male,12163.836,0.9631413,39.3453,United-States,>50K
30.04108,State-gov,350787.97,Masters,13.98031,Separated,Craft-repair,Not-in-family,White,Male,100100.61,1.2902287,40.042732,United-States,>50K
58.153305,Local-gov,185716.12,Bachelors,13.010069,Separated,Prof-specialty,Unmarried,Black,Female,-119.018936,0.93662155,40.020733,Jamaica,>50K
24.95735,Private,120688.33,11th,7.0365233,Married-civ-spouse,Transport-moving,Husband,White,Male,5126.57,0.8299626,40.045967,Poland,>50K
36.05289,Private,53207.574,Masters,13.996462,Married-civ-spouse,Prof-specialty,Husband,Other,Male,-118.98573,0.6028813,40.042854,Iran,>50K
27.986511,Private,39150.84,Assoc-voc,11.026164,Married-civ-spouse,Prof-specialty,Husband,White,Male,100106.59,0.31008038,50.13124,United-States,>50K
42.628735,Private,83471.76,Assoc-acdm,12.010903,Married-civ-spouse,Exec-managerial,Husband,White,Male,8760.656,1.1149205,47.111,United-States,>50K
48.817722,Private,182796.73,Bachelors,13.00369,Married-civ-spouse,Prof-specialty,Husband,White,Male,-115.6288,1884.0304,40.046436,United-States,>50K
47.35961,Federal-gov,52072.7,Bachelors,12.999506,Married-civ-spouse,Protective-serv,Husband,White,Male,-113.146866,0.8568562,49.477535,United-States,>50K
50.231068,Private,71236.31,Masters,13.991571,Divorced,Exec-managerial,Not-in-family,White,Female,1336.0914,0.8171376,40.48064,United-States,>50K
62.651936,Private,94069.664,HS-grad,9.029519,Married-civ-spouse,Exec-managerial,Husband,Asian-Pac-Islander,Male,-107.020645,1.2454823,46.632393,United-States,>50K
28.970057,Private,225139.81,Assoc-voc,11.020339,Married-AF-spouse,Farming-fishing,Husband,White,Male,-111.68959,0.7749852,44.07104,United-States,>50K
35.028667,State-gov,136684.06,Bachelors,13.000426,Married-civ-spouse,Exec-managerial,Wife,White,Female,-110.814835,0.9678029,35.538097,United-States,>50K
36.027775,Self-emp-inc,217141.8,HS-grad,9.027621,Married-civ-spouse,Exec-managerial,Husband,White,Male,100103.914,1.3823613,50.161674,?,>50K
37.281094,Private,100449.445,Some-college,10.029616,Married-civ-spouse,Adm-clerical,Husband,Asian-Pac-Islander,Male,-108.826065,0.90119827,52.487736,United-States,>50K
52.108448,Federal-gov,150452.23,HS-grad,9.033355,Married-civ-spouse,Prof-specialty,Husband,White,Male,-120.821915,0.85969436,40.03401,United-States,>50K
38.313866,State-gov,186195.88,Some-college,10.028236,Married-civ-spouse,Exec-managerial,Wife,White,Female,2284.709,1.2793416,39.732075,United-States,>50K
29.51118,Private,157831.62,Some-college,10.026967,Married-civ-spouse,Adm-clerical,Wife,White,Female,-113.30702,0.77907455,40.06145,United-States,>50K
74.21766,Self-emp-not-inc,199613.98,Bachelors,13.006708,Widowed,Craft-repair,Not-in-family,White,Male,15696.378,1.1474675,7.912056,Germany,>50K
29.96085,Self-emp-not-inc,176838.53,Some-college,10.024712,Married-spouse-absent,Craft-repair,Own-child,White,Male,-100.80263,0.9762486,60.143215,United-States,>50K
48.08812,Private,351606.4,Some-college,10.023609,Married-civ-spouse,Craft-repair,Other-relative,Asian-Pac-Islander,Male,-101.42836,1.4863194,40.027184,Cambodia,>50K
55.64342,Private,274134.8,Some-college,10.022002,Divorced,Sales,Not-in-family,White,Male,5830.2773,0.9955815,62.752777,United-States,>50K
36.028923,Private,384421.44,Some-college,10.027244,Married-civ-spouse,Adm-clerical,Wife,Black,Female,100089.234,1.1227025,40.034225,United-States,>50K
33.533264,Self-emp-not-inc,238566.14,Bachelors,12.999456,Never-married,Protective-serv,Not-in-family,White,Male,-113.28407,1.1051396,57.74649,United-States,>50K
42.104527,Private,418454.22,Assoc-acdm,12.010534,Never-married,Tech-support,Not-in-family,White,Male,13942.923,1.1340169,36.03378,United-States,>50K
60.159435,Private,179152.45,11th,7.0357814,Married-civ-spouse,Sales,Husband,White,Male,-106.44081,1927.3896,70.23119,United-States,>50K
39.04074,Federal-gov,32222.434,9th,5.048373,Married-civ-spouse,Machine-op-inspct,Husband,White,Male,-120.12001,0.8102025,40.049953,United-States,>50K
47.10675,Private,52868.87,Prof-school,14.988173,Married-civ-spouse,Prof-specialty,Wife,White,Female,-102.98964,1930.1671,60.207375,Honduras,>50K
52.081753,?,196807.2,HS-grad,9.026301,Married-civ-spouse,?,Wife,White,Female,2387.3203,1.2633351,38.38123,United-States,>50K
26.96462,State-gov,24278.59,HS-grad,9.036975,Never-married,Transport-moving,Not-in-family,Amer-Indian-Eskimo,Male,-114.00136,0.9004048,38.046402,United-States,>50K
38.42333,Private,364772.62,Bachelors,13.006802,Never-married,Sales,Not-in-family,White,Male,-111.5829,1.0295781,48.93533,United-States,>50K
53.994987,Private,142752.53,Some-college,10.024834,Married-civ-spouse,Sales,Wife,White,Female,-107.25966,1.1497945,56.08767,Canada,>50K
41.535805,Self-emp-inc,116649.72,Bachelors,13.002814,Married-civ-spouse,Sales,Husband,Asian-Pac-Islander,Male,3590.6514,1.1945409,44.957962,?,>50K
75.94336,?,92349.65,Prof-school,14.983635,Married-civ-spouse,?,Husband,White,Male,5236.756,0.46273693,14.703995,United-States,>50K
24.97119,Private,102753.76,Bachelors,13.002937,Never-married,Farming-fishing,Own-child,White,Male,27863.809,0.91669357,50.126244,United-States,>50K
39.02783,State-gov,344647.22,Bachelors,12.999774,Divorced,Protective-serv,Not-in-family,White,Male,-105.81264,1.2481297,40.03868,Mexico,>50K
44.0788,Private,186492.75,Assoc-voc,11.019602,Separated,Craft-repair,Other-relative,White,Male,-97.557755,0.978156,48.141495,United-States,>50K
41.073605,Private,151845.97,HS-grad,9.026389,Never-married,Adm-clerical,Own-child,White,Female,3993.4966,1.1084889,41.49791,United-States,>50K
49.56017,State-gov,128167.16,Masters,14.57566,Never-married,Prof-specialty,Not-in-family,White,Male,-119.20204,0.9256505,43.37341,United-States,>50K
52.148724,?,93324.74,Masters,13.986582,Married-civ-spouse,?,Wife,White,Female,14977.294,1.4798115,40.01639,United-States,>50K
45.244793,Private,709918.2,Some-college,10.0265465,Married-civ-spouse,Sales,Husband,White,Male,2396.193,1.0370244,46.427685,United-States,>50K
51.173473,Private,184116.89,Masters,13.987173,Married-civ-spouse,Exec-managerial,Husband,White,Male,-111.63881,1.136321,59.781708,United-States,>50K
46.114883,Federal-gov,309002.75,Prof-school,14.988156,Separated,Prof-specialty,Unmarried,White,Female,-119.59096,1.1333913,40.007824,Germany,>50K
66.13779,Local-gov,223036.52,Some-college,10.032872,Divorced,Other-service,Other-relative,White,Female,7857.7803,1.4588307,40.012012,?,>50K
64.14208,Federal-gov,355064.22,Some-college,10.030126,Married-civ-spouse,Exec-managerial,Husband,Amer-Indian-Eskimo,Male,-118.57118,1.3654774,45.08634,United-States,>50K
64.17037,State-gov,419855.75,Doctorate,15.977376,Widowed,Prof-specialty,Not-in-family,Black,Male,8560.132,1.6271504,50.122787,United-States,>50K
35.014194,Private,133207.27,Assoc-voc,11.021892,Married-civ-spouse,Adm-clerical,Husband,White,Male,14933.494,0.7720021,40.016743,Italy,>50K
47.117294,Private,176598.56,5th-6th,3.0493765,Married-civ-spouse,Transport-moving,Wife,White,Female,-92.72084,1.2362431,40.060078,Mexico,>50K
77.31671,Self-emp-not-inc,73928.33,7th-8th,4.048115,Married-spouse-absent,Adm-clerical,Not-in-family,White,Male,-108.34291,-0.18023029,20.035728,Italy,>50K
55.115047,Private,125358.94,Assoc-voc,11.02201,Married-civ-spouse,Prof-specialty,Husband,White,Male,-120.02333,2000.5168,50.179623,Germany,>50K
53.47058,Self-emp-inc,139989.58,Prof-school,14.982085,Married-civ-spouse,Prof-specialty,Husband,Asian-Pac-Islander,Male,10889.979,1.4033955,50.13433,Guatemala,>50K
42.0782,Private,208427.61,Bachelors,13.007814,Married-civ-spouse,Adm-clerical,Husband,Other,Male,7247.537,1.2170552,40.02688,Mexico,>50K
57.17905,Local-gov,198768.73,Masters,13.985104,Married-civ-spouse,Protective-serv,Husband,White,Male,-123.3268,0.83786666,13.977949,United-States,>50K
57.17519,Self-emp-not-inc,191266.72,10th,6.033976,Divorced,Exec-managerial,Own-child,White,Male,-86.154434,1.6627644,60.189186,United-States,>50K
36.925648,Private,246560.38,Assoc-acdm,12.007861,Married-civ-spouse,Prof-specialty,Husband,White,Male,10648.796,1.169814,60.17804,United-States,>50K
90.24109,Private,176316.27,HS-grad,9.026482,Married-civ-spouse,Craft-repair,Husband,White,Male,9334.769,1.598441,50.16252,Ecuador,>50K
49.675987,Private,228847.97,Bachelors,13.004945,Married-civ-spouse,Craft-repair,Husband,White,Male,-111.1581,1.051238,45.20393,United-States,>50K
59.146255,Self-emp-inc,77662.195,5th-6th,3.0466895,Married-civ-spouse,Exec-managerial,Husband,Asian-Pac-Islander,Male,100070.55,1.1345891,40.010895,China,>50K
24.966286,State-gov,77875.11,Bachelors,13.00208,Never-married,Exec-managerial,Not-in-family,White,Female,-124.89589,2460.9563,40.054626,United-States,>50K
45.661148,Private,182800.22,HS-grad,9.02935,Married-civ-spouse,Craft-repair,Husband,White,Male,-97.30092,1.1150883,40.084038,United-States,>50K
55.197453,Private,324015.8,Masters,13.982384,Widowed,Exec-managerial,Own-child,White,Male,-106.81972,1.3344334,62.17562,United-States,>50K
45.633163,Private,99375.41,HS-grad,9.027888,Never-married,Sales,Not-in-family,White,Female,4693.832,0.9938725,57.302635,United-States,>50K
46.064857,Self-emp-inc,147400.61,HS-grad,9.024844,Married-civ-spouse,Adm-clerical,Wife,White,Female,-89.396866,2126.401,40.03389,United-States,>50K
38.028946,Federal-gov,458227.7,12th,8.031689,Married-civ-spouse,Protective-serv,Husband,White,Male,-100.91469,1.2880391,56.174347,United-States,>50K
38.787716,Self-emp-inc,237410.73,Bachelors,13.004431,Married-civ-spouse,Sales,Husband,White,Male,9162.643,1.1424321,41.73301,United-States,>50K
29.997341,Private,20319.324,Bachelors,13.004721,Married-AF-spouse,Sales,Wife,Asian-Pac-Islander,Female,-112.95619,1.0027455,60.188164,Philippines,>50K
51.828545,Local-gov,110468.23,Assoc-voc,11.027691,Married-civ-spouse,Exec-managerial,Husband,White,Male,-127.466934,0.83431137,40.030457,United-States,>50K
36.047802,Self-emp-not-inc,329338.16,5th-6th,3.060934,Married-civ-spouse,Transport-moving,Husband,White,Male,-92.34169,1.5565633,50.180447,Mexico,>50K
37.03378,Self-emp-inc,95589.46,Masters,13.98946,Divorced,Prof-specialty,Not-in-family,Black,Male,4753.7256,0.76554763,40.047287,United-States,>50K
43.08909,Private,112654.99,Assoc-voc,11.017967,Married-civ-spouse,Tech-support,Wife,White,Female,-104.73695,1922.1007,32.05627,United-States,>50K
37.042824,Self-emp-inc,596011.0,Bachelors,13.00377,Never-married,Other-service,Not-in-family,White,Female,-114.56093,1.0611638,50.12097,United-States,>50K
66.27235,State-gov,163914.62,Prof-school,14.986322,Married-civ-spouse,Exec-managerial,Husband,Black,Male,20018.104,1.9758672,55.192097,United-States,>50K
50.392193,Local-gov,141318.05,HS-grad,9.0291195,Married-civ-spouse,Adm-clerical,Wife,White,Female,1369.3424,1.1909322,36.38819,United-States,>50K
44.141087,Self-emp-not-inc,363573.6,Some-college,10.02295,Married-civ-spouse,Sales,Husband,Asian-Pac-Islander,Male,-104.65541,1.67562,80.08494,Philippines,>50K
51.144142,Private,340390.4,Masters,13.991385,Married-civ-spouse,Exec-managerial,Husband,Black,Male,6195.8687,1.6861943,54.794075,United-States,>50K
42.067074,Federal-gov,108603.805,Masters,13.99189,Married-civ-spouse,Prof-specialty,Husband,Asian-Pac-Islander,Male,-130.55946,1927.5652,40.033844,South,>50K
50.16643,Private,312858.72,Some-college,10.029174,Married-civ-spouse,Craft-repair,Husband,White,Male,-116.65639,1.0621861,39.630924,United-States,>50K
45.120037,Private,234896.86,HS-grad,9.02452,Married-spouse-absent,Other-service,Unmarried,Black,Female,-81.4955,1.4106435,60.16627,United-States,>50K
50.725758,Private,209369.33,Some-college,10.029702,Married-civ-spouse,Exec-managerial,Husband,White,Male,101.15721,1.0477742,48.128796,United-States,>50K
45.093376,State-gov,191082.81,Prof-school,14.981938,Divorced,Prof-specialty,Unmarried,Black,Male,25380.373,1.2765797,36.01038,United-States,>50K
35.02912,Private,276200.66,Bachelors,13.002449,Divorced,Tech-support,Unmarried,White,Male,7373.067,1.2389439,40.02708,Germany,>50K
59.611717,Private,207470.88,Assoc-voc,11.018214,Married-civ-spouse,Craft-repair,Husband,White,Male,-107.14516,1913.095,53.60655,United-States,>50K
45.282257,Local-gov,236373.02,HS-grad,9.031032,Married-civ-spouse,Craft-repair,Husband,White,Male,1617.1593,1.374091,40.017097,United-States,>50K
73.16268,Private,184096.06,Assoc-voc,11.01695,Widowed,Prof-specialty,Not-in-family,White,Male,25184.602,0.7704381,60.195747,United-States,>50K
45.91128,Self-emp-inc,163701.42,Prof-school,14.980655,Married-civ-spouse,Prof-specialty,Husband,White,Male,-117.4142,2366.5317,55.672844,United-States,>50K
54.21317,Private,410535.28,HS-grad,9.025347,Married-civ-spouse,Tech-support,Husband,Black,Male,-98.33583,1.7028493,50.14789,Puerto-Rico,>50K
42.11896,Self-emp-inc,23229.574,Masters,13.976914,Divorced,Exec-managerial,Unmarried,Asian-Pac-Islander,Male,-142.9164,2217.2913,60.106895,India,>50K
51.017094,Private,130931.31,Bachelors,13.005909,Separated,Exec-managerial,Not-in-family,White,Male,16555.32,1.0251149,46.785778,United-States,>50K
48.07109,Private,208072.69,Bachelors,13.002064,Never-married,Craft-repair,Not-in-family,White,Male,100106.84,0.9713582,60.124535,United-States,>50K
79.124016,Self-emp-inc,97180.234,12th,8.028416,Widowed,Sales,Not-in-family,White,Male,18298.014,0.9495839,45.051266,United-States,>50K
25.958729,Private,111337.016,Bachelors,13.002221,Married-civ-spouse,Exec-managerial,Husband,White,Male,-115.557755,0.7710866,52.42193,England,>50K
63.21109,Local-gov,66175.21,9th,5.0534997,Married-civ-spouse,Transport-moving,Husband,White,Male,7668.994,1.5986623,40.02174,United-States,>50K
33.01192,Private,195853.31,Bachelors,12.999011,Married-civ-spouse,Adm-clerical,Wife,White,Female,-109.68837,0.49406323,16.657831,United-States,>50K
35.645454,Private,169798.45,Bachelors,13.0048685,Married-civ-spouse,Prof-specialty,Husband,White,Male,8096.686,0.78447616,40.4551,United-States,>50K
44.77912,Private,142498.69,Some-college,10.025071,Divorced,Sales,Unmarried,White,Male,-102.66176,0.93906295,51.464973,United-States,>50K
38.03394,Private,175929.86,10th,6.035437,Never-married,Prof-specialty,Not-in-family,White,Male,-111.3185,2589.3455,89.97422,United-States,>50K
61.238415,Self-emp-inc,98705.4,Doctorate,15.968584,Married-civ-spouse,Exec-managerial,Husband,Asian-Pac-Islander,Male,-118.59413,0.84684646,40.00336,Taiwan,>50K
56.142723,Self-emp-not-inc,62935.254,11th,7.0337095,Widowed,Other-service,Unmarried,White,Female,-111.554825,1.3643101,65.161644,Greece,>50K
42.965137,Private,401430.84,HS-grad,9.025858,Married-civ-spouse,Transport-moving,Husband,White,Male,-100.10072,1.2783726,42.42408,United-States,>50K
40.53658,Private,249884.34,Bachelors,13.005043,Married-civ-spouse,Exec-managerial,Husband,Asian-Pac-Islander,Male,-103.74257,1.1818608,54.77745,United-States,>50K
58.186256,State-gov,186037.94,Bachelors,13.000144,Widowed,Tech-support,Unmarried,White,Female,-104.60707,1.3329533,40.02614,United-States,>50K
45.13831,Private,179005.45,9th,5.0434813,Married-civ-spouse,Machine-op-inspct,Wife,White,Female,-95.55629,1.1297292,40.05721,United-States,>50K
46.063313,Private,147926.25,Masters,13.985308,Divorced,Exec-managerial,Unmarried,White,Male,-107.4579,2157.237,42.44538,United-States,>50K
46.53374,Private,157134.0,10th,5.675161,Married-civ-spouse,Machine-op-inspct,Husband,White,Male,-106.64931,0.97389114,41.85859,United-States,>50K
45.538136,Self-emp-inc,216387.62,Some-college,10.027905,Married-civ-spouse,Exec-managerial,Husband,White,Male,1120.9304,1.1308659,63.421432,United-States,>50K
59.36442,Private,220861.73,Prof-school,14.9816,Divorced,Other-service,Not-in-family,White,Male,27808.465,1.1944264,60.14464,United-States,>50K
47.07117,Local-gov,164676.72,Bachelors,13.002537,Divorced,Prof-specialty,Unmarried,White,Female,2390.3923,0.94949996,44.95649,United-States,>50K
30.54778,Private,254423.7,Doctorate,15.967967,Married-civ-spouse,Prof-specialty,Husband,White,Male,-118.44423,0.73547256,45.978405,United-States,>50K
46.39745,Private,112239.77,Doctorate,15.968689,Married-civ-spouse,Prof-specialty,Husband,White,Male,10104.213,0.9377278,46.025784,United-States,>50K
44.12716,Private,146005.67,Some-college,10.032386,Married-civ-spouse,Exec-managerial,Husband,White,Male,169.30443,0.798354,39.366394,United-States,>50K
40.76602,Private,211624.34,Assoc-voc,11.021489,Married-civ-spouse,Craft-repair,Husband,White,Male,-107.518936,0.90048873,41.523922,United-States,>50K
49.99633,Self-emp-not-inc,233457.34,Assoc-acdm,12.012513,Married-civ-spouse,Sales,Husband,White,Male,1990.9739,1.2398823,42.39307,United-States,>50K
43.017056,State-gov,74250.67,Some-college,10.027139,Married-civ-spouse,Protective-serv,Husband,White,Male,-111.08705,1914.0945,44.9807,United-States,>50K
48.56227,Federal-gov,176847.84,Masters,13.987625,Married-civ-spouse,Adm-clerical,Husband,White,Male,-117.90248,1.1082906,40.025642,United-States,>50K
55.232517,Private,309029.6,11th,7.038528,Married-civ-spouse,Other-service,Husband,White,Male,9022.79,1.4558476,39.994305,United-States,>50K
49.505318,Federal-gov,191555.83,Bachelors,13.003731,Married-civ-spouse,Exec-managerial,Husband,White,Male,-117.63539,0.9914845,40.56314,United-States,>50K
49.30978,Private,229110.17,10th,6.040009,Married-civ-spouse,Transport-moving,Husband,Black,Male,-95.009415,1.37477,40.674736,United-States,>50K
62.22741,?,69023.23,Doctorate,15.971887,Married-civ-spouse,?,Husband,Amer-Indian-Eskimo,Male,-121.976456,1.0188893,40.01625,United-States,>50K
55.92882,?,199162.16,Some-college,10.032126,Married-civ-spouse,?,Husband,White,Male,-117.48036,0.9368504,41.212833,United-States,>50K
29.01539,Private,135879.69,Bachelors,13.004084,Married-civ-spouse,Exec-managerial,Wife,White,Female,15065.809,1.4145955,50.16384,Cuba,>50K
30.971909,Private,1042987.25,Bachelors,13.006588,Never-married,Adm-clerical,Not-in-family,White,Male,8613.159,1.0153111,40.026,United-States,>50K
29.938494,Private,209115.48,HS-grad,9.031233,Married-civ-spouse,Craft-repair,Husband,White,Male,100099.31,0.8809575,40.03749,United-States,>50K
38.018627,State-gov,110564.88,Doctorate,15.974237,Married-civ-spouse,Prof-specialty,Wife,White,Female,7623.557,1.3234013,40.06161,?,>50K
37.20225,Private,102488.17,Bachelors,13.000111,Married-civ-spouse,Sales,Husband,White,Male,-116.020645,0.70624435,60.811092,United-States,>50K
31.494818,Self-emp-not-inc,200278.67,10th,6.0411506,Married-civ-spouse,Craft-repair,Husband,White,Male,-101.969864,1.0735844,37.57869,United-States,>50K
37.997013,Self-emp-inc,71151.4,Bachelors,13.001861,Married-civ-spouse,Exec-managerial,Wife,Asian-Pac-Islander,Female,7245.8467,1.2638158,40.05381,United-States,>50K
65.129265,State-gov,327552.4,Some-college,10.032943,Married-civ-spouse,Machine-op-inspct,Husband,Black,Male,-120.496475,1.3312215,40.008232,United-States,>50K
29.989956,Private,101172.875,Bachelors,13.003142,Married-civ-spouse,Exec-managerial,Other-relative,White,Female,-112.709366,0.7170476,40.06071,Greece,>50K
33.70853,Private,109501.39,HS-grad,9.030519,Married-civ-spouse,Sales,Husband,White,Male,-106.14052,0.77870834,53.40418,United-States,>50K
56.634285,Self-emp-not-inc,282700.9,HS-grad,9.025837,Married-civ-spouse,Exec-managerial,Husband,White,Male,-94.935684,1916.374,43.926647,United-States,>50K
30.398304,Local-gov,228448.17,Some-college,10.030973,Married-civ-spouse,Protective-serv,Husband,White,Male,-119.367325,0.97096145,40.040524,United-States,>50K
43.99158,Self-emp-inc,114323.92,Assoc-acdm,12.013423,Married-civ-spouse,Craft-repair,Husband,White,Male,-112.951065,0.9759358,37.573505,United-States,>50K
51.375443,Private,218692.39,Some-college,10.025249,Married-civ-spouse,Craft-repair,Wife,White,Female,8200.666,1.3224629,40.028763,United-States,>50K
45.613163,Local-gov,196740.0,Some-college,10.030318,Married-civ-spouse,Protective-serv,Husband,White,Male,-113.74696,1.0992573,40.48583,United-States,>50K
56.616634,Private,198168.42,Some-college,10.026265,Divorced,Prof-specialty,Not-in-family,White,Male,12657.111,0.836501,47.13352,United-States,>50K
36.46591,Private,122769.336,Assoc-voc,11.024543,Married-civ-spouse,Craft-repair,Husband,Asian-Pac-Islander,Male,-104.92763,0.9480504,40.04689,Canada,>50K
36.05723,Local-gov,382380.03,Bachelors,13.004258,Married-civ-spouse,Adm-clerical,Wife,White,Female,-113.27138,1.2054585,35.028053,Germany,>50K
57.50178,Self-emp-not-inc,156403.66,Masters,13.986269,Married-civ-spouse,Exec-managerial,Husband,White,Male,-127.48988,1999.2373,44.937332,United-States,>50K
34.02802,Private,164322.73,HS-grad,9.028464,Never-married,Other-service,Not-in-family,White,Male,10388.329,1.0128621,40.040203,Puerto-Rico,>50K
69.33735,Self-emp-inc,373439.8,Bachelors,13.0069065,Married-civ-spouse,Exec-managerial,Husband,White,Male,9754.483,1.2911366,39.971786,United-States,>50K
57.220875,Private,552365.75,12th,8.02965,Married-civ-spouse,Transport-moving,Husband,Black,Male,7643.4,1.6401128,39.983803,United-States,>50K
74.22888,State-gov,194330.14,Some-college,10.030746,Widowed,Exec-managerial,Not-in-family,Black,Male,15705.659,1.474181,40.007526,United-States,>50K
36.12732,Private,135043.33,Bachelors,13.001356,Married-civ-spouse,Prof-specialty,Wife,White,Female,2701.4712,0.30874524,14.495277,United-States,>50K
62.66498,Self-emp-not-inc,199086.16,Doctorate,15.9695425,Married-civ-spouse,Prof-specialty,Husband,White,Male,-110.21718,0.45244488,23.120926,United-States,>50K
74.308754,Self-emp-inc,148481.36,Bachelors,13.00467,Married-civ-spouse,Adm-clerical,Wife,White,Female,-115.606094,0.31761822,5.9902077,United-States,>50K
