X1,X2,X3,X4,X5,X6,X7,X8,X9,X10,X11,X12,X13,X14,X15,X16,X17,X18,X19,X20,X21,X22,X23,Y
51283.926,2,3,2,26.925959,1,2,0,0,0,0,28632.617,27040.562,14432.3,14606.373,16582.588,17421.29,-430.74106,1061.0558,2378.5637,3293.9922,1267.9767,2392.7537,0
365977.47,1,3,1,45.07173,0,0,0,0,0,0,18656.559,16301.119,18219.668,25590.656,18576.072,19893.203,2783.9993,5139.656,4055.2822,3518.045,2436.9001,7351.854,0
203789.27,1,1,2,33.675682,-1,-1,-1,-1,-2,-2,7166.6016,4338.5723,-1125.7903,561.38257,-588.09705,2747.1797,6639.1445,1155.319,955.93115,955.9875,981.8478,1469.173,0
49977.62,1,2,2,28.252726,2,3,2,2,0,0,45110.367,41633.47,35253.516,43963.81,28177.156,30691.924,1644.7743,208.32164,954.7954,2326.7742,3346.5134,1258.2396,0
213143.34,1,3,2,30.1422,-1,-1,-1,-1,-1,-1,29740.547,19598.73,2504.9128,930.62866,11337.81,6779.4336,9395.135,4930.8394,5070.584,9697.99,8258.611,173048.56,0
257390.0,1,1,2,29.952015,0,0,0,0,0,0,167306.11,156749.25,150046.38,129265.12,121609.766,115328.305,7641.817,7248.7524,6095.6406,6203.803,5574.312,5645.077,0
56658.152,1,2,2,26.899578,0,0,2,0,0,0,30532.951,31276.639,23632.666,28114.348,22381.734,27922.227,5025.249,-148.99135,1745.0686,2895.0068,2531.2437,2880.0317,0
125995.305,1,3,1,36.13713,0,0,0,2,2,2,39005.703,37708.42,24800.059,29809.209,26796.867,29141.889,3352.2598,3656.0596,627.0298,3506.976,943.119,2235.3313,0
317054.2,2,1,1,39.497707,-1,-1,-1,-1,-1,-1,18478.998,3736.654,159341.36,63389.176,26205.78,5379.3438,1608.1056,161166.33,72067.47,29526.186,344.35706,3061.0393,0
377021.38,2,1,1,46.61427,-2,-2,-2,-2,-2,-2,12964.152,5967.6973,5117.4673,8243.57,7963.3384,8014.924,3145.2395,6875.708,5372.868,12691.165,6736.0205,9732.797,0
257076.03,2,2,1,38.10479,-1,-1,-1,-1,2,-1,4748.051,-4708.33,-1014.46606,7563.3945,3190.309,6095.0273,853.2038,2720.1729,5856.4937,1155.9814,4811.2305,2717.7385,0
277301.03,1,2,2,35.02442,-2,-2,-2,-2,-2,-2,6470.5,6528.3613,2476.4832,5426.8633,3377.942,3407.9219,4260.599,5191.9414,3876.0332,2915.5745,3613.6462,8423.819,0
58116.7,1,3,2,30.256165,-1,-1,-1,-1,0,0,7192.246,4212.881,2560.5535,8731.852,9150.56,9405.049,5344.631,4390.359,6258.8228,3915.869,999.2147,3196.7153,0
71489.76,2,2,2,26.937544,0,0,2,2,2,2,45723.223,44449.758,45930.812,52840.348,48205.766,49624.863,3667.9434,5011.5596,2166.616,2784.7036,2591.9255,3086.3743,0
275361.5,2,1,1,43.62506,0,0,0,0,0,0,116563.01,108780.39,99488.83,97704.19,87528.51,76758.39,5194.7773,6120.924,6514.153,4851.5146,4442.086,4730.491,0
162267.0,1,3,2,28.600672,1,-2,-2,-2,-1,-1,6790.074,3394.279,-2364.1848,2379.8552,456.01233,-27.64056,664.6945,-609.506,1236.1016,4115.894,1889.3007,255.92052,0
342779.8,1,1,1,41.95421,0,-1,-1,-1,0,0,3888.7307,585.10724,6229.721,13498.219,13856.265,7522.635,3282.4336,5892.839,10325.807,5210.7744,1661.3231,3705.391,0
57948.684,1,2,2,27.488827,1,2,0,0,0,2,37690.86,31148.578,25168.371,27065.611,29706.836,26375.25,330.87418,1875.3612,2693.0803,3510.5767,1157.068,713.8695,0
216695.23,1,1,1,46.28573,0,-1,-1,-1,-2,-1,14859.941,-658.9826,1828.1746,4630.078,-536.0814,6393.717,2502.9155,3233.4358,2532.296,1235.55,7579.7,4341.8154,0
115954.29,2,1,2,30.284916,1,-1,2,2,2,-1,6547.586,31.607243,1839.5378,5456.3867,-1841.8158,4225.8555,903.1823,-1864.61,1378.8032,1360.4832,2514.2795,3528.4246,0
94277.56,2,1,2,26.327955,0,0,0,0,0,-1,36307.2,14548.342,13354.097,15675.738,3364.9966,13961.783,1871.9252,2151.9338,2996.8645,3682.3572,11979.204,3734.2354,0
259457.02,2,2,1,37.487873,-1,-1,-1,-1,0,-1,9786.973,-4996.58,-627.9426,14861.281,345.34436,11886.467,2541.8584,5388.1855,9176.986,2124.3403,7186.0806,6196.208,0
241799.11,2,2,2,39.918293,-2,-2,-2,-2,-2,-2,16400.926,-2265.2756,-4692.0835,531.05835,-8416.897,81612.984,2250.6638,2911.9058,3239.5728,2251.1257,83927.72,12773.537,0
194202.25,1,3,2,29.20315,0,0,-1,-1,-1,-1,19204.914,6918.287,3463.0496,2790.41,723.8561,3270.8086,2155.7341,3482.924,2987.8599,3275.0242,3368.446,4388.9575,0
250132.73,1,3,1,48.694122,-1,-1,-1,-1,-1,-1,4305.672,-1104.4943,3103.8738,7648.8633,2092.7778,5329.9453,4392.6357,3825.9644,3378.9377,4462.1665,2473.5647,4252.5454,0
111801.02,2,3,1,36.437878,0,0,0,0,0,0,77278.36,73645.78,69814.95,65957.64,54433.1,50019.875,3087.4153,4128.07,1823.803,1882.0247,2117.3552,2558.9119,0
167582.08,1,3,1,37.37818,0,0,0,0,-1,0,63413.12,50524.27,37062.668,18763.777,67150.805,57926.68,5739.87,4917.383,3489.9746,81955.27,5395.5317,7252.839,0
77614.04,1,3,2,52.767765,-1,0,0,0,0,0,49296.844,44458.473,28925.97,26800.574,18830.854,23809.824,2158.9646,2786.6912,852.55615,2314.321,2927.7866,3107.5422,0
72448.31,1,1,2,25.811766,-1,-1,-1,-1,-1,-2,6794.0664,2402.5837,3517.448,1802.3162,4109.895,5754.6484,4394.8584,4059.3433,2675.0537,4080.1755,1593.4652,2463.9663,0
140236.3,1,3,2,26.537748,1,-1,2,-1,-1,-1,7544.4062,2548.3025,-626.1028,7997.16,-1668.3041,3581.3555,4241.2705,-580.3688,1669.3699,4077.3606,1517.284,1815.1176,0
68512.23,1,2,3,44.501614,0,0,0,0,0,0,45870.84,34709.945,29090.918,30359.52,12602.372,20776.67,3144.7148,2493.382,1115.1592,2305.2217,3129.7485,4144.9487,0
108545.234,2,1,2,27.665125,0,0,0,0,0,0,61336.418,62198.355,58093.816,55899.42,53009.35,51601.375,3122.385,4464.9907,3154.9639,2619.036,2288.0354,3184.8003,0
281831.75,2,1,2,28.637394,-1,-1,0,0,0,0,22077.076,54260.97,104614.58,88938.07,71820.48,64333.234,41494.363,66698.72,4060.2559,4540.8877,14989.248,28296.24,0
263452.6,1,2,2,32.09413,0,0,0,0,0,0,47723.305,33721.42,24759.57,39371.13,91702.1,96599.234,2160.5205,5247.4844,9409.95,79732.9,9522.993,2820.5938,0
211916.44,2,2,1,37.85577,-1,-1,-1,-1,-1,-1,8422.891,-280.65448,2176.9636,4204.551,1476.192,4423.2773,3261.6423,3925.7573,3536.473,2740.5847,2885.4438,3172.1528,0
352925.6,1,3,1,40.562126,1,2,0,0,0,0,278446.44,269376.66,230495.73,213302.31,175505.95,129916.016,176.98306,8693.055,11852.081,4974.6343,4689.884,12159.718,0
169561.78,1,2,1,43.2434,-2,-2,-1,0,0,-2,54580.99,48482.9,99458.01,58303.312,44530.92,52898.69,2397.213,129374.79,1828.4927,5857.187,3164.036,5517.9077,0
139517.94,1,2,1,42.23345,1,2,2,2,2,2,100797.57,102461.125,104181.95,107617.125,108797.52,99697.23,3627.9214,2756.056,3992.4995,6141.986,2020.3573,4854.317,0
251613.83,1,3,2,33.689182,0,0,-2,-2,-1,0,20942.951,-883.2795,-1099.9075,2557.66,-118.983765,6726.787,-201.7308,-916.71204,637.0051,2898.6587,4341.7075,1995.9923,0
256495.56,2,1,1,37.08324,-2,-2,-2,-2,-2,-2,3638.469,4361.549,2010.7214,1640.0466,2821.4263,1264.9728,2037.1002,4623.64,3492.5298,1997.3113,2033.276,1710.9259,0
63473.2,1,3,1,32.366272,1,2,2,0,0,0,43696.96,39875.793,36181.63,40108.152,30982.053,30918.336,2039.5785,-30.235971,2118.8735,1909.2532,2093.775,1499.2313,0
283608.22,2,3,1,55.394405,-1,-1,2,2,-2,-1,6649.375,-2578.2444,624.823,9424.238,-1533.1361,6090.9277,918.96356,-1983.963,983.69116,2154.171,1602.0043,2752.621,0
300543.12,2,3,1,41.372433,0,0,0,0,0,0,288331.84,283073.7,283718.78,278940.2,216855.44,217705.64,12558.085,60974.793,124293.24,31521.857,8383.811,16025.462,0
393800.28,2,1,2,32.7488,0,0,0,0,0,0,300219.06,303283.66,270016.75,246595.23,238109.66,220103.9,14005.32,13167.878,11086.446,15121.58,12772.179,19304.209,0
419617.97,2,1,1,33.877853,-1,0,0,0,0,-1,16521.23,5761.549,10605.163,17497.283,15.414669,11048.141,2036.7511,2563.8916,4501.992,3367.398,9455.237,1171.4696,0
45972.16,1,3,2,27.702766,0,0,0,0,0,-2,39244.465,28234.242,23628.938,19666.049,-3892.6792,4290.621,2522.6272,3171.251,571.53394,2197.187,1184.7289,1044.9679,0
85956.93,2,1,2,27.762106,0,0,-1,-1,-1,-2,20300.809,17826.676,9376.964,9631.008,7376.567,5931.203,1415.0851,7805.2515,4325.9014,6665.5225,268.21106,3301.8982,0
94374.055,1,2,2,32.378563,0,0,0,0,0,0,58597.69,53695.895,34353.547,68874.62,55329.61,59112.594,3119.8823,2129.8367,61648.45,2598.5283,4146.376,8146.419,0
126599.92,2,1,2,28.499449,-1,-1,-1,-1,-1,-1,4524.34,2043.9667,6284.975,3871.078,6053.2505,6292.6875,3791.1638,4250.3467,3517.3738,6056.1997,4497.3594,4917.2534,0
206026.72,1,3,2,29.382357,-2,-2,-2,-2,-2,-1,31281.105,20459.879,601.4949,4011.5388,1099.0436,2319.5898,2658.583,1195.5468,2133.528,2676.6748,1995.35,2634.18,0
91519.484,2,3,2,28.707275,0,0,0,0,0,0,69752.68,64306.69,57049.52,50581.773,44018.742,49012.28,3553.631,4726.9175,1771.2515,3404.8022,2254.0696,3706.0808,0
63403.88,1,2,2,29.670347,0,0,0,0,-2,-2,45155.184,36517.367,16312.292,1370.5349,-2225.937,3231.496,1503.1847,1319.3314,-102.9319,186.0334,1061.2198,823.6178,0
93157.27,1,3,2,32.26045,1,-2,-2,-1,-1,0,4415.4336,4222.416,-1654.5989,3956.2966,18137.605,13673.369,81.22672,-207.5519,5426.7236,11137.3,1021.1471,-743.2123,0
279466.66,2,2,2,34.129307,0,0,0,0,-1,0,95956.95,80908.24,1175.7292,-2469.883,37468.633,208546.89,4372.7593,4851.5825,4870.1084,44914.15,189885.77,5265.066,0
153130.11,1,2,1,37.54531,-1,2,-1,-1,-1,-1,5530.496,-244.21698,-532.02466,3159.3435,-2279.0386,3549.8633,745.71405,4364.1724,1923.1892,2803.9639,3726.0708,1956.1993,0
256680.11,2,1,2,30.31885,-1,-1,-1,-1,0,0,11049.516,-44.736507,4458.737,11123.311,7254.8247,12111.525,3496.5156,6532.946,8191.53,1022.8732,4841.941,6555.159,0
81783.945,1,1,2,27.243675,-1,0,0,0,0,0,31498.87,27520.957,25303.906,27089.252,24114.338,33278.8,4937.238,3428.039,3040.2046,3428.5415,3573.5493,5274.003,0
266663.16,1,2,1,33.904743,2,2,-2,-2,-2,-2,7594.547,-10.314632,-3800.6145,-6297.086,-753.6947,-988.4648,67.03092,210.723,239.56224,467.20648,919.4254,-1674.3578,0
285825.34,1,3,1,54.429623,0,0,0,0,0,0,230395.53,221576.8,226176.55,203667.84,168892.69,150068.0,11498.532,13100.762,9514.041,10922.402,10246.528,9587.225,0
279623.75,1,2,2,31.714903,0,0,0,-2,-2,-1,68231.89,57885.242,-5982.9272,-422.19165,-9567.808,99284.06,4068.8384,-375.86194,1668.1255,1527.419,91402.78,49721.594,0
78560.42,1,2,2,34.971596,0,0,0,-2,-2,-2,39296.574,24050.174,2342.1746,3737.7888,-1863.7494,2790.621,1089.318,-605.839,201.2517,956.54974,610.99744,1357.0753,0
328812.28,2,2,1,40.627544,-1,-1,-1,-1,-1,-1,16522.242,20894.78,25182.258,19920.9,11483.835,7132.09,23098.773,30295.156,10611.831,11016.98,3796.3525,9285.592,0
82414.65,2,2,1,35.927307,-2,-2,-2,-1,-1,-2,5850.211,6461.033,2205.2878,2910.8982,6350.606,5609.371,1162.8121,2475.0002,2238.1052,2570.8838,4529.8745,-88.69862,0
89949.695,2,1,2,27.849695,0,0,0,0,-1,-1,64037.94,51603.85,48128.3,39232.242,-4312.7495,65852.49,3549.696,2811.3076,1717.1299,1424.2678,67670.016,2435.6716,0
134317.62,1,2,2,29.724907,0,0,0,0,0,2,75204.78,73223.6,71634.97,70051.84,70897.86,66375.125,2978.6968,4205.701,4147.7915,7393.814,1133.3344,2308.3257,0
191284.33,1,1,1,41.250095,-1,-1,-1,-1,-2,-2,4078.0237,-1996.3263,1078.6355,2312.5115,-872.6947,1829.2736,1399.214,7094.4546,764.31274,1482.0857,1147.8807,1083.7335,0
79746.45,1,3,1,37.498596,0,0,0,0,-1,0,38973.793,35868.703,32714.336,15168.346,18500.213,14893.057,2241.2625,3978.25,1913.9744,18737.73,1141.9777,2060.5164,0
231087.48,1,3,2,31.987411,1,2,2,2,2,2,84500.01,81266.93,83331.51,90227.71,86674.914,81372.164,1851.9093,1665.9738,3470.574,5231.9927,2041.4889,2419.4067,0
75741.46,2,2,1,33.42063,0,0,0,0,0,2,47491.555,48505.297,42992.72,45824.082,48875.473,41677.293,2142.6948,3577.2097,2547.1047,4630.57,509.1034,5282.3076,0
107604.984,2,2,2,32.09807,1,2,2,2,-2,-2,8547.953,2853.0486,2976.6902,4641.965,-1511.8431,3647.3086,1120.0109,-260.75354,1202.3303,1830.2617,2113.8374,2114.085,0
375748.47,1,1,2,31.38334,-2,-2,-2,-2,-1,-2,62476.01,82588.34,149310.97,20603.49,25561.486,4648.078,131533.0,154128.31,4080.0176,20913.32,4865.9263,8497.917,0
285102.66,1,1,2,30.608257,-2,-2,-2,-2,-2,-2,19486.396,34747.016,21908.615,24269.49,29643.15,29695.62,28429.62,29007.717,16336.027,27491.576,20947.672,28618.172,0
246501.7,2,2,1,34.76974,0,0,0,0,0,0,62864.785,61935.67,16778.113,105628.22,83904.695,72021.766,4974.6816,4662.022,96565.7,2372.2808,6019.9053,5815.5137,0
41393.41,1,2,2,28.099504,-1,0,0,0,0,0,23085.787,16894.361,12060.956,19931.732,12285.286,22693.457,4433.0415,3546.4075,1955.4111,2046.469,3454.8152,2011.3878,0
158034.34,1,3,1,37.24769,1,2,0,0,-2,-2,14843.309,12250.51,7690.2837,3506.0974,-2103.8003,1034.5001,-428.40854,3710.8958,736.3071,1716.654,1763.6395,474.46545,0
174334.86,1,2,1,34.586735,3,2,2,4,-1,-1,2155.969,-760.44745,-1481.1965,1214.3123,8865.353,7283.217,281.25406,-247.75697,418.31714,8257.877,645.41736,7139.4663,0
306691.4,1,1,1,43.246693,0,0,0,0,0,0,170473.17,174220.64,164148.11,150498.55,140836.12,119972.23,7459.5205,8923.274,6218.991,7784.1733,5245.475,5007.856,0
317085.1,2,3,1,43.960213,-1,-1,0,0,0,-1,12003.078,10549.057,11186.925,27983.738,8890.938,14387.412,15547.128,6737.0396,8610.056,4262.6045,10809.092,6985.7007,0
66574.086,1,3,1,40.2689,0,0,0,0,2,0,23470.994,22213.46,24529.139,21214.607,15314.474,15781.227,816.2546,1804.6759,1113.1963,523.6491,1215.4259,2590.7483,0
182167.44,2,2,1,36.946228,0,-1,-1,-1,-1,-1,5842.203,2591.8806,4561.8853,3939.2966,4449.481,1285.4962,3359.7883,4334.6865,2176.623,4140.2725,1824.8185,3795.2214,0
100766.805,1,2,1,48.315063,0,0,-1,0,0,0,24839.78,10303.322,21540.441,32536.3,29526.525,34185.504,1588.1932,28461.896,2298.9744,8735.669,1314.2748,5382.131,0
85226.266,2,1,2,32.62183,0,0,0,2,2,0,56101.152,49599.664,50035.043,53961.59,36011.613,42610.1,4515.7407,3817.0835,1734.7849,1008.30194,2956.7341,3757.5444,0
158809.39,2,3,1,43.10626,-2,-2,-2,-2,-2,-2,4188.742,5193.2207,2319.4324,3214.0623,952.90295,2858.1055,2158.936,2859.7446,788.0874,2812.3384,1955.1151,1775.1271,0
310923.5,2,2,2,29.588947,0,0,0,0,-1,0,216524.78,233930.12,100795.99,21243.396,204420.11,188809.52,12770.363,11783.124,1828.9485,175611.6,8660.066,10415.918,0
407540.84,1,3,1,40.100914,0,0,0,0,0,0,60643.195,66464.23,172332.38,148608.25,134756.4,135657.78,6243.6357,151128.53,4068.4402,5906.176,5027.494,25966.133,0
262861.6,1,3,1,39.11895,0,0,0,0,0,0,219959.64,182249.48,191267.81,165496.06,146066.2,50799.33,9491.388,31681.414,9327.077,4050.0452,5304.4233,176569.12,0
119151.9,2,2,1,37.292618,0,0,0,2,3,3,87817.4,88366.22,86195.984,88071.4,86533.98,77953.67,7763.196,2783.3228,4778.1216,1226.8511,77.88197,1386.4547,0
145822.78,1,1,2,35.465614,-1,-1,-2,-1,0,0,8827.23,-1710.6583,-5426.2476,26768.822,22334.75,10907.385,1226.4686,1572.244,31381.33,-148.7022,3317.5042,-217.38759,0
43164.05,2,2,2,25.686703,-1,0,-1,2,-1,-1,11827.273,6361.502,6886.8813,5321.8945,199.6842,5656.922,4949.0903,1228.8815,248.28294,7639.1553,3247.9102,3136.2751,0
286038.8,1,3,1,33.31608,-2,-1,0,0,0,0,24673.773,16261.779,40553.188,36628.6,30788.39,30686.488,5696.9565,33429.914,3168.0063,13432.974,1935.8446,5043.288,0
47538.066,1,2,2,39.796158,0,0,0,0,0,0,38635.016,38022.027,30923.74,23965.674,20592.898,19418.164,2126.1821,2588.717,1102.958,1401.75,1690.0841,1406.6674,0
233912.88,2,1,2,28.998098,0,0,0,0,0,0,124814.63,121126.66,118773.61,118875.82,113099.08,113394.19,5239.617,5996.992,5369.8677,4282.795,5177.8047,3840.3486,0
107621.3,2,3,2,29.57219,-1,3,2,-1,2,2,6730.879,-2849.639,-1063.1184,4909.918,-31.929081,5240.5117,-950.53546,2456.3896,2001.2258,2469.3926,1748.3456,172.57384,0
262046.83,1,2,1,33.306828,-1,0,0,-1,-1,-2,39478.234,21245.035,-1592.1575,2384.863,80990.67,63969.312,2045.422,2252.7078,683.12134,109060.664,3703.8499,698.0499,0
194694.94,1,2,1,29.302242,0,0,0,-1,0,0,205626.55,150251.94,121523.66,211219.4,163570.03,163169.12,6660.8335,91122.26,192837.08,3626.7036,5784.037,6732.9307,0
171322.5,1,3,2,32.272827,-1,2,2,-2,-2,-2,11255.863,952.2674,-3549.2043,3425.953,-3533.437,3617.9297,-87.066734,-1358.796,729.09717,1937.5764,1424.1979,1027.4496,0
426425.66,1,2,1,36.476166,0,0,0,0,0,0,329776.4,316320.28,258328.5,179805.69,99278.164,62026.715,15109.13,11292.803,5699.95,4805.6084,2968.902,5684.6333,0
123027.28,2,2,2,35.523712,-1,-1,-1,-1,-2,-2,8838.199,2107.1384,-970.01294,2430.6208,-2045.2494,3460.8867,3197.7712,122.65417,1278.4463,610.1567,793.79724,2229.2788,0
200163.28,2,2,2,35.169384,0,0,0,0,0,0,104319.664,100666.81,92928.375,88413.64,81745.5,80959.67,4403.5264,4603.522,4599.454,3299.017,4137.764,5066.421,0
167069.03,1,2,2,29.875902,0,0,2,2,2,0,122817.12,121408.85,127813.27,122637.54,106754.836,111584.664,9612.237,3256.9714,6674.4077,821.0024,4941.238,6967.9126,0
176928.34,1,3,1,44.545864,-1,-1,-1,2,-1,0,5489.871,-2236.803,1727.2605,5262.293,-366.03455,3105.711,1479.8531,1235.9034,305.65356,1667.1465,1534.2716,1753.2369,0
220711.84,2,1,2,32.37591,0,0,0,0,0,2,117389.03,118907.914,116833.25,120133.984,120346.63,115406.84,4173.1313,6212.0674,7602.7246,6031.6553,3668.4922,1849.7091,0
388882.4,1,1,2,35.325058,-1,-1,-1,-1,0,-1,52512.27,22777.04,19432.799,27137.98,69037.24,49217.402,27297.998,31095.143,47708.758,54321.94,37981.297,34173.125,0
110454.766,2,1,2,29.248026,0,0,0,2,0,0,42552.56,44331.766,42165.523,39498.043,33743.633,38664.48,2934.3853,4632.53,451.88843,1968.3689,2974.3499,2750.3223,0
155638.72,2,1,2,31.89781,-1,-1,-2,-2,-2,-2,8306.141,4842.5566,-811.02856,-497.81274,1827.9694,2632.332,2271.6602,1476.32,1216.4382,2532.695,1266.8805,2351.2295,0
255761.73,1,2,1,51.211918,0,0,0,0,0,0,73777.35,287503.3,267190.47,249560.1,191073.48,181648.56,223396.45,5244.289,8346.867,3122.674,11505.101,12898.566,0
261604.38,2,3,2,32.294407,-2,-2,-2,-1,0,0,15304.039,17989.209,6862.768,14626.178,19616.764,19515.799,7680.273,15160.426,20815.21,4273.281,3483.4717,2654.3782,0
296167.78,2,1,1,40.53473,1,-2,-2,-1,0,0,2886.215,-1371.1818,-5343.771,7929.0703,10562.989,6203.457,25.423012,-137.55336,9737.825,1772.2134,3116.011,-574.72986,0
302010.34,1,1,2,33.650246,-1,0,0,0,-1,-1,38147.098,30655.416,7292.1,10235.59,4788.6724,7313.076,9541.125,5764.418,4769.338,11073.959,6044.9585,3305.6663,0
149561.62,2,2,1,40.755688,0,0,2,0,0,0,49152.188,55536.004,49331.02,56500.68,40665.17,40279.12,9888.961,139.53307,2269.027,2445.6006,3454.9097,3425.0771,0
44318.395,2,2,2,29.398531,2,2,0,0,0,0,35829.15,34815.62,31303.016,28127.535,23625.104,26874.637,-4.378258,2021.5966,1108.8748,447.42596,1472.3419,1152.6366,0
182390.36,2,2,1,32.30265,0,0,0,2,0,0,99749.27,104224.055,108637.26,102603.1,92585.24,98842.945,7118.9424,7168.9243,668.1687,4274.0938,5811.9604,5075.5483,0
130217.016,1,3,1,36.163807,0,0,0,-2,-2,-2,63609.87,59177.27,313.66672,5402.5156,-409.30798,4088.4688,3528.145,1033.7689,-234.22829,1436.7112,756.2079,1160.6898,0
64522.41,1,3,2,27.05551,1,2,0,0,2,0,34153.285,29706.436,24513.66,28748.857,20987.514,23849.828,-915.9163,129.34703,3892.4685,1577.487,1677.3793,3412.6882,0
366285.2,2,1,2,30.510723,-2,-2,-2,-2,-2,-2,6183.961,6829.533,5429.9204,1868.8396,8207.419,7351.254,4693.0586,5739.577,5382.703,7098.835,6467.5103,6114.977,0
171968.27,1,1,2,28.503681,0,-1,0,0,-2,-2,11898.855,-516.4709,3030.3816,429.43726,-2140.2026,3361.2344,740.8117,3213.2974,673.04785,842.3923,806.36194,2212.0513,0
35574.77,1,2,2,25.260744,1,-1,-1,-1,0,-1,12219.281,-126.506035,-403.4778,5989.871,3302.6606,2752.496,3338.626,852.85583,5965.1543,3272.9663,3053.0046,1877.0482,0
124401.3,1,3,2,35.20448,-1,2,-1,-1,-1,-1,5200.793,-2903.6272,-1271.1848,2690.9724,-4894.027,2228.2852,-43.078453,-370.71252,2479.464,1664.7698,2454.6565,1261.3324,0
450185.12,1,3,1,43.484688,-1,-1,-1,0,0,0,84007.34,32714.352,123670.25,152385.38,102843.7,128502.62,29703.527,142759.86,59712.105,17774.373,98467.38,56472.984,0
43320.332,1,3,1,43.93042,0,0,0,0,0,0,19410.059,16544.012,20580.002,18813.209,15921.538,15314.33,1408.7106,2066.9783,157.78539,1776.1692,1141.3295,1258.1068,0
296739.25,2,1,1,41.933052,-1,-1,-1,-1,-1,-1,15405.156,16983.207,13209.577,16660.148,31481.406,21936.76,19032.406,13140.082,12544.787,33483.02,18197.217,19446.023,0
310883.16,1,2,2,34.035973,0,0,0,0,-1,-1,71578.07,47865.69,31044.55,27543.941,-144.46814,5080.9727,2871.5315,7459.8853,3776.952,3204.7695,4401.333,9530.711,0
274860.97,1,1,2,31.923323,-2,-2,-2,-2,-2,-2,3810.1057,2867.0876,611.79956,856.9099,3122.0747,1836.0509,1718.7826,2903.0583,3180.7332,3687.4834,2780.6396,2724.7717,0
235168.42,2,2,2,32.042442,-1,-1,-1,-1,0,-1,15084.645,-4229.3926,-2794.138,20722.625,10462.657,68692.61,6949.2817,4919.2217,26235.453,2454.977,57769.312,13424.361,0
253530.8,1,2,1,34.97078,0,0,0,0,-1,-1,117417.08,118602.93,111905.41,11607.641,-699.6361,9506.66,11208.917,6777.8496,4977.9663,1803.728,7738.222,10524.639,0
334586.66,2,2,2,31.474466,0,0,0,0,0,0,73683.74,69734.984,45979.145,26273.334,25753.582,99938.97,20032.553,7778.5693,5225.466,10057.09,82499.19,7888.983,0
335387.3,1,3,1,38.372776,-1,-1,0,-1,-1,-1,25710.865,12616.197,7623.428,17604.752,5262.18,9061.172,17345.057,11467.902,14937.271,9350.782,6416.589,9366.094,0
45577.473,1,3,2,29.417637,0,0,0,0,0,0,30751.209,27378.04,27131.5,23596.828,19555.775,21631.328,1894.5309,2185.9045,1076.835,998.2614,1527.0604,1540.389,0
94513.78,2,2,1,31.6498,0,0,0,0,0,0,81100.33,84922.195,73974.516,69459.32,54344.773,52746.848,5964.1743,3910.822,2377.7961,1948.1362,2373.8247,2889.6836,0
111914.41,2,2,1,43.59941,0,0,0,0,0,-1,27546.912,20041.14,17188.656,17129.67,3026.4536,5493.3203,2746.3535,3261.7632,2228.27,2084.769,4105.936,5959.796,0
130892.125,2,2,2,28.289497,2,2,2,0,0,0,57702.24,57902.17,52109.844,52539.57,47643.08,49087.727,4422.414,362.59753,2618.461,2391.2727,2090.1428,2204.8313,0
76670.97,2,3,2,31.512325,0,0,2,0,0,0,43356.48,41059.297,37487.047,46196.676,34318.875,39373.363,4518.854,-612.0426,1904.2163,1930.1587,3526.2449,3592.7476,0
33386.652,2,3,2,27.069468,0,-1,-1,0,0,-1,33407.047,11392.166,11790.972,19737.006,4700.317,18903.174,9942.789,11185.057,6710.2715,1803.3418,16033.336,8057.5083,0
285698.3,2,2,1,36.826836,0,0,0,0,0,0,39684.035,33306.598,30096.389,30086.84,29168.834,31239.506,3922.4358,3927.6807,3620.23,3179.869,4208.6646,5170.76,0
241198.55,1,1,2,28.41826,0,-1,-1,0,-1,-1,6923.9883,2395.6814,8158.6235,10875.531,6362.684,3642.4297,2829.7153,6246.7163,7408.74,7239.174,4489.6426,12969.606,0
188186.02,1,3,1,37.16176,0,0,-2,-2,-2,-2,41448.5,74.85334,-3162.6653,660.87476,-353.22205,-337.14838,-136.95444,423.83044,131.86205,631.81244,997.08386,412.21497,0
179924.36,2,3,2,35.102116,-2,-2,-2,-2,-2,-2,7005.5977,3441.654,2921.6511,1504.406,418.3092,3630.4844,1222.7599,2419.2593,2138.5684,1447.5166,2492.3528,2089.9246,0
61409.63,2,3,1,33.480083,-1,2,2,2,2,2,12787.887,3280.7166,10292.831,16535.256,5069.5044,10644.994,546.257,5561.0522,847.70166,1141.3389,1019.44934,1862.5074,0
140870.56,2,3,1,52.99888,-1,-1,-1,2,2,2,5630.301,915.99005,2501.948,12209.17,3842.649,5947.297,2887.9011,4207.6265,237.47679,3485.3457,439.74792,2833.1338,0
75425.92,1,3,1,30.941347,-1,-1,0,-1,-1,0,8152.1484,1826.869,2340.03,2689.4646,3988.3677,5986.6797,4233.0464,2353.6104,943.9507,5992.9424,1532.8431,1364.0834,0
372606.2,1,2,1,34.287632,-2,0,0,0,0,0,11502.098,21336.877,6998.5103,13667.977,14492.655,-22383.145,6965.121,9278.112,5913.1074,-830.5059,2523.9395,201178.84,0
243916.55,2,3,2,30.281189,-2,-1,-1,-1,-2,-2,6788.547,6784.119,3464.53,60.874763,-1110.6439,2149.0664,5442.603,4187.4395,3112.8645,987.2453,1498.5809,28572.586,0
179288.64,2,2,3,42.998558,0,0,0,0,0,0,139547.56,147278.25,144577.23,141274.38,100684.97,91584.52,27197.438,7165.124,6604.899,10799.26,10440.165,8946.645,0
302734.62,2,3,2,39.059803,-1,0,-1,-1,-1,-1,11908.086,9826.529,3276.3972,9302.391,-2425.3667,17667.459,14842.215,8060.5117,5055.758,5222.6543,12564.1455,4383.932,0
78570.67,2,1,2,27.683346,2,2,2,3,5,4,2669.8362,2107.3806,719.4675,-1923.1057,-165.21423,4358.9688,-722.3016,886.32605,260.31567,700.06854,553.80164,-351.11316,0
38436.7,1,2,1,37.18583,1,2,0,0,0,0,22702.55,21204.168,13477.987,16289.139,17911.863,16312.17,127.245766,2203.7883,2233.044,1120.5325,1862.3414,39.609974,0
214989.61,2,3,1,35.77985,-2,-2,-1,-1,-1,-1,4935.5664,-740.6662,4614.0884,1664.7771,2145.4185,2980.0586,1932.1571,4696.46,2910.4119,4952.719,2582.4253,3928.358,0
290128.94,2,1,1,37.44401,0,0,0,0,0,0,209511.95,200352.47,184224.66,165099.12,148034.14,139552.61,8639.856,8432.448,7496.4194,6398.2695,7296.4272,8729.21,0
89780.69,1,1,2,34.714565,1,2,-1,0,0,0,12130.516,6079.635,4761.9243,7939.41,8634.419,7117.926,214.5104,8606.018,2945.028,1570.0173,3536.6753,4159.529,0
115471.86,1,3,2,31.349396,-1,-1,-1,-1,-1,2,9817.273,-108.45525,-270.07156,1305.4177,2385.1333,1889.0509,2359.8794,2298.4072,1524.7542,3451.3787,431.099,8132.816,0
95584.19,1,3,2,29.718328,-1,-1,2,-1,-1,-1,6878.285,-68.12713,166.11205,8705.012,3079.8325,6736.7363,5117.3,-959.6168,3882.8645,6374.803,2909.3335,4506.6445,0
299563.7,1,3,1,38.087303,0,0,0,0,0,0,30167.71,127552.76,135752.03,66315.01,55635.17,55471.832,119949.32,22511.75,5654.1494,3704.699,3132.764,4311.958,0
301521.1,2,2,1,33.502,1,-1,-1,-1,0,0,4272.3594,969.48224,3974.3738,9686.371,13126.616,12028.738,2377.9832,5329.154,8223.728,2924.844,4159.387,3674.4023,0
232840.81,2,1,2,40.807587,-1,0,0,-2,-2,-2,32015.508,35628.816,6038.764,20929.893,10723.12,24782.525,8185.541,114.4652,482.239,3085.2021,2145.0693,4484.1475,0
172868.1,1,2,2,30.66883,0,0,0,0,0,0,89204.52,93463.41,85688.2,79064.16,71913.49,73260.08,6403.2026,4778.445,4469.697,4242.868,4294.8423,3739.7278,0
78589.07,1,3,1,40.23724,0,0,2,0,0,2,37947.918,32895.082,31633.055,35700.453,33443.957,31653.762,4916.736,27.595083,3370.4658,4513.882,426.07825,7939.405,0
154069.67,1,3,1,39.29468,0,0,-1,-1,-1,-1,12946.156,5382.131,7017.729,9546.039,336.28577,2329.3672,2426.8584,8121.287,3550.437,3181.9392,1222.8915,1482.539,0
110655.234,2,2,2,28.057291,0,0,0,0,2,2,31708.129,30101.6,21728.225,24292.645,22846.658,23421.059,1019.10736,1137.004,3176.3657,1572.9897,1420.6136,2272.574,0
293037.75,2,2,1,32.908875,0,0,0,0,0,0,247411.33,231880.31,210095.94,200903.16,177382.78,172949.83,10198.113,8766.308,8348.126,6583.0073,6930.7437,13180.022,0
161634.19,2,1,1,31.897635,0,0,0,0,0,0,46282.316,48228.777,42261.492,41194.094,41464.637,38354.414,3707.264,3990.7505,1996.1682,2942.4739,2452.5215,2699.1316,0
187394.42,2,3,2,33.413948,0,0,0,0,0,0,142455.77,137133.86,136737.03,130603.39,116774.75,126017.664,6038.877,4982.3604,4641.9077,5432.5273,5205.173,6539.7134,0
96215.805,2,3,1,41.84698,2,4,4,3,4,3,29628.123,27996.344,23250.6,36447.53,27766.943,29630.203,499.2941,325.9408,1546.7695,1836.4626,-426.38464,1890.5795,0
185026.22,1,2,2,32.11135,-2,-2,-1,2,2,0,22477.477,-1205.545,5533.846,13498.342,8410.054,16403.041,1009.23505,9789.069,1795.9517,1106.8657,2269.9072,1905.3717,0
81467.94,1,2,1,46.17269,0,0,0,0,0,-1,42063.98,35643.992,28834.338,28099.943,3420.7075,8185.199,2099.8303,2294.9475,1473.6785,1705.6562,4840.4546,1452.4984,0
185203.11,1,2,1,35.759987,-1,-1,0,0,0,0,10164.121,58130.516,55379.87,49879.09,42951.625,45911.402,67864.9,12163.407,5736.599,3015.645,7911.3345,11291.419,0
53682.918,1,3,2,40.417694,0,0,2,-1,0,0,47413.16,41305.445,5788.1353,24177.314,25614.951,26814.256,3854.5913,392.32312,60599.098,365.34882,2062.246,4854.1836,0
75706.72,1,2,2,28.433304,0,0,0,0,0,2,36108.62,34125.727,31443.738,30757.027,32214.969,32317.793,2720.1116,2439.5022,1949.323,4000.9502,721.1632,2514.5786,0
429612.28,1,1,2,33.60726,-1,-1,-1,-1,0,-1,20196.107,12914.553,6989.1665,114526.56,67317.81,29505.408,12027.85,34469.66,115761.234,-176.86186,6407.24,6425.062,0
163372.23,2,3,2,47.263252,-1,-1,-1,0,0,-2,10739.262,184.0252,20726.324,32372.287,18088.637,15239.963,2225.0725,27931.613,2399.0264,2207.791,1455.8114,5881.651,0
222865.97,2,3,2,31.693985,0,0,0,0,0,-2,131563.64,114037.37,123647.68,14926.043,-1512.5814,3230.9766,5024.683,5263.8496,806.72754,-406.23395,683.609,25523.492,0
266812.9,2,3,1,47.723957,-1,-1,0,0,-1,-2,1444.1798,57696.516,54637.746,17168.797,107842.99,77258.35,61750.812,4585.625,-220.8528,124640.78,15412.0625,6514.472,0
63524.74,1,2,1,46.112587,0,0,0,0,0,0,44139.3,41182.18,38353.746,36103.562,23666.23,22172.285,2772.513,3173.1387,1306.4062,2022.917,1914.0936,2259.2832,0
153628.45,2,2,1,45.496017,-1,2,2,-1,-1,-1,6331.5625,-877.7443,-3465.4387,8127.2227,-1604.8236,13398.328,1154.8402,-177.0807,1804.6199,5372.8994,5791.8296,6366.9927,0
43525.348,1,3,1,33.243652,1,2,2,0,0,2,25715.338,19783.895,14959.628,21410.535,23269.412,23326.744,1513.3419,550.23425,1181.2788,3011.9988,1200.9703,539.9667,0
256986.83,2,1,2,34.87758,1,-1,-1,-1,-1,-1,4244.9023,1808.701,408.31906,2490.1365,1028.0123,1690.0782,3453.9417,1651.6989,5513.218,3920.5083,2975.588,7946.348,0
68781.99,1,2,1,31.926949,1,4,3,2,2,2,30693.383,27490.574,21337.13,27199.527,24573.145,26328.268,253.6818,-1261.882,1373.4895,3335.0364,1407.534,1329.3805,0
142441.36,1,2,2,44.696724,0,0,0,0,0,0,116327.836,115322.05,109205.914,103272.67,88760.89,86893.17,4992.4414,4906.8857,4961.538,4087.1416,4263.335,4185.1724,0
58275.754,2,3,2,47.700565,0,0,0,0,0,0,48414.414,43441.07,39357.293,35143.074,26595.219,29316.477,2265.7988,2868.2717,2312.2444,1867.9353,2005.215,3059.8074,0
315742.84,1,1,1,38.18785,-1,-1,-1,-1,-1,-1,23886.428,84866.586,19583.62,14736.4375,5895.512,12996.51,100213.51,19568.283,11282.252,3327.545,11473.401,5359.6055,0
280330.84,2,1,1,37.898777,1,-2,-2,-2,-2,-2,3657.8518,5007.1973,-2066.6965,19.847418,2445.1646,-914.6679,958.3676,429.0243,1282.4456,2473.2385,1202.5338,1977.8954,0
266204.1,2,3,2,33.07734,-2,-1,0,0,0,0,11466.578,233045.62,221256.6,217176.14,199280.66,186129.06,204688.19,4396.6826,7910.995,3725.7546,5974.1655,13184.893,0
42193.676,1,3,2,46.671352,1,2,0,0,0,0,39623.992,34581.58,24322.344,22812.146,11686.528,10559.947,-657.3143,1072.131,2690.0063,1448.0276,1232.9987,1512.8058,0
159738.27,1,2,2,28.49174,0,0,0,-1,-1,-2,23819.621,22238.465,16440.922,1262.3005,-129.03064,-575.9023,2187.3635,6078.9287,3522.6104,2033.4155,1325.8314,5249.099,0
509710.8,2,1,1,36.943367,0,0,0,-1,-1,-1,74761.99,80005.43,37920.55,28014.455,19655.977,19145.76,14389.863,5287.3228,3793.7937,18465.297,16885.729,8564.385,0
270297.34,1,1,1,40.079556,-1,-1,-1,-1,-1,-2,5312.414,-839.51776,2479.655,5237.5664,-254.96423,1397.0665,2973.8372,4202.7837,3443.3748,1415.2319,828.52576,435.62805,0
144399.33,1,1,2,37.3159,-1,-1,-2,-2,-1,-1,8141.625,-88.943535,-2210.0247,3063.4216,1260.6412,2239.8867,996.8398,-401.7638,2801.741,3338.0105,2177.6355,-6.756237,0
93858.945,1,1,2,27.380188,0,0,0,0,0,0,67983.41,67411.95,68184.97,59552.62,56787.73,53144.062,2841.9492,2727.3926,3242.4329,2851.0793,2015.6041,2122.6052,0
53553.434,2,3,2,24.173975,0,0,0,0,-1,0,29834.527,30005.309,20903.57,15737.492,16560.16,26909.896,2209.4185,1335.8009,2523.8838,17168.809,5592.343,1549.0963,0
67130.52,2,2,1,29.727247,0,0,0,0,0,0,34879.24,34277.043,28379.133,26371.13,25049.027,24309.578,2106.8508,3138.9233,1213.6973,791.2055,1516.3854,2098.2905,0
360924.44,2,2,2,48.68612,0,0,0,0,0,0,143929.7,140257.14,129347.88,111816.19,95085.56,91478.65,8355.052,7708.3555,9098.743,17709.691,7477.069,5903.2676,0
227577.1,1,3,1,32.567017,0,0,0,2,2,2,145511.86,147340.23,155238.36,164498.8,163044.02,161221.67,8363.994,8155.905,7688.665,8732.377,3638.3457,9635.028,0
63556.63,1,3,2,28.191738,0,0,0,0,-1,2,22394.002,21164.443,16721.111,10656.582,1490.0944,2025.0939,987.3515,1652.1412,762.1184,2448.6167,26.889786,-110.29042,0
267662.47,1,3,1,52.15427,-1,-1,-1,-1,-1,-1,68104.34,46633.387,89217.46,32743.787,106079.62,73474.83,60009.15,118604.01,16722.398,135758.19,66537.38,15971.718,0
214073.42,2,2,2,27.269438,0,0,0,0,0,-1,191457.77,161710.7,148476.97,152318.64,114557.8,115683.445,6106.333,6522.6333,3870.5127,6409.5405,99306.9,4059.9316,0
387714.3,2,2,1,29.05605,-1,-1,0,-1,0,0,67800.805,195123.23,33217.164,15833.949,17803.863,16897.27,187897.48,19624.45,10097.658,5308.689,11717.2295,18536.193,0
411475.34,1,2,2,40.630978,0,0,0,0,0,0,210312.2,209372.17,182648.31,177638.83,85695.586,241762.52,10933.041,14058.433,7169.481,5484.7666,228388.95,9513.394,0
225528.45,2,3,1,37.760616,-1,0,0,0,0,0,33758.547,27725.826,22182.396,33726.516,28519.469,37106.324,3295.3777,6407.487,5124.8286,4023.1335,4623.532,3432.847,0
141302.53,2,1,2,33.959255,-1,2,2,2,0,0,21552.984,14655.271,13303.163,20728.293,17983.188,27045.393,1107.764,1880.5553,1016.56177,3619.2595,3255.986,3445.8933,0
329519.53,2,3,1,36.690113,-2,-1,0,0,0,0,91118.02,49771.184,57656.402,103330.97,84388.39,106892.195,75030.91,13497.024,55123.504,19185.275,19945.053,19375.277,0
310115.06,1,1,1,39.25372,-2,-2,-2,-2,-2,-2,27118.734,71874.82,49616.902,28449.447,8269.769,11398.242,65610.74,47482.42,21650.047,4989.6855,10295.184,25806.945,0
200222.69,1,1,2,30.509016,0,0,0,0,2,0,149785.03,145437.34,157366.97,173917.83,143893.22,129678.59,8839.666,13609.237,15331.204,851.28534,11874.011,6472.7827,0
123734.4,1,2,2,27.779486,1,-1,-1,2,0,0,25332.031,38358.996,15478.454,26581.28,21274.316,26405.328,35577.46,2923.3567,1128.2122,277.9538,1427.5856,2795.1763,0
53532.973,1,2,2,42.64376,0,0,0,0,-1,0,47396.633,38464.168,25090.87,7423.7812,8036.6333,14454.33,2434.524,4904.164,51.0808,11244.32,6186.677,1718.7245,0
125476.98,2,2,2,27.761091,2,2,2,2,0,0,127957.0,130107.09,129006.24,110121.24,109122.766,126477.32,10264.19,25081.648,521.19434,5144.8184,5847.9116,4810.982,0
222219.94,1,2,1,29.96783,0,0,0,0,0,0,132732.92,125369.69,104033.945,82788.91,55686.14,32428.004,7558.3247,5588.7944,6300.6694,4326.0615,4500.663,95067.39,0
335130.0,1,2,2,34.97245,1,-2,-1,0,0,0,10053.051,3935.24,133686.34,123620.83,86224.4,37816.72,1893.2799,181575.81,5713.105,2881.2559,4788.4775,3128.3152,0
252701.17,1,1,1,38.03401,-1,-1,-2,-2,-2,-2,6233.5703,-1010.3693,-4568.2007,1221.9177,126.70764,1766.586,883.00604,124.23522,382.7932,718.23846,1941.974,2317.0078,0
300751.8,1,1,2,28.754236,0,0,0,0,0,0,96003.7,128389.04,86994.28,67952.89,70024.72,51128.625,81446.85,8061.07,6693.09,11730.599,6962.143,17773.926,0
121367.52,2,3,2,30.7173,-1,-1,0,-1,-1,-1,5826.4453,18929.977,13107.683,7334.4375,-931.78455,4268.883,21789.787,2168.359,1401.1516,3848.2163,1071.7743,4104.2505,0
448632.8,2,3,1,33.108765,-2,-1,0,0,0,0,8888.539,18761.684,206039.28,195902.23,174290.8,191772.39,11334.161,193592.4,6620.5103,21095.98,6066.162,8173.1367,0
377556.44,1,2,1,36.10102,0,-1,-1,-1,0,-1,28322.826,17856.959,30415.717,34614.863,23304.232,45027.11,33073.387,35316.574,16391.602,18636.23,39075.516,17761.123,0
78106.57,1,3,1,42.669098,0,0,0,0,0,0,63293.742,58388.85,62243.535,54973.703,41091.016,39403.336,4188.4785,4202.3057,2301.796,2829.3591,2110.299,4000.2026,0
240570.3,1,3,2,43.15128,0,0,0,0,0,0,186157.75,159392.97,115824.42,96156.54,84073.35,97229.48,6512.907,3120.3171,4898.773,4652.7227,10004.519,4833.968,0
83426.11,2,2,2,26.39854,0,0,0,0,-1,-1,38251.336,31781.709,24251.285,13680.158,-963.433,6661.217,2123.1848,3278.0393,2228.4663,2924.1052,3797.946,4616.26,0
61362.918,1,3,1,43.762028,1,2,0,0,0,0,34502.85,29731.504,26488.146,26791.533,18948.973,17185.436,21.409828,1910.1434,1555.9529,1272.3955,1401.4896,714.1891,0
187435.9,2,2,1,34.20872,0,0,0,0,0,0,145068.22,142658.08,132334.53,114311.37,103841.13,100410.9,6779.333,8249.963,5784.345,4955.326,5909.7417,4835.9937,0
206330.94,2,2,1,31.714083,0,0,0,0,2,0,96542.84,89867.2,81685.96,89227.91,77198.97,70739.28,3336.2224,5748.885,7445.2314,-123.54692,3378.4426,15999.656,0
272405.9,1,3,1,45.19459,-2,-2,-2,-1,-1,-1,6704.8047,7774.799,4217.6157,12707.92,13057.003,6452.3887,8960.132,8298.947,8302.524,16192.654,5302.8784,6783.6396,0
151971.77,1,1,2,27.824728,-1,-1,-2,-2,-2,-2,12297.555,-1233.0177,-4699.521,-198.69165,-2003.1947,-505.2265,569.0026,41.987663,2172.2556,518.1933,603.4691,544.7909,0
349147.75,1,1,1,35.35528,-2,-2,-2,-2,-1,0,19884.523,16391.613,7006.44,2580.867,67401.086,41965.06,3008.8955,2473.684,2750.1885,62266.043,3593.3315,6541.4985,0
435632.66,2,3,2,27.845648,-1,0,0,0,0,0,144135.61,119565.54,187256.4,192586.98,115562.9,108896.12,47766.22,4186.203,9121.417,5027.5547,7089.2896,7781.9644,0
466118.0,1,1,1,40.116608,2,2,0,0,0,0,454114.4,430533.06,416221.75,353992.22,355201.22,358662.97,2134.385,18569.83,13415.044,12668.519,53086.58,10190.143,0
20500.793,1,2,3,47.243084,1,-2,-1,0,0,-1,8611.441,-461.81854,-1665.884,5643.1914,-4239.0776,3253.1172,626.5524,-989.1603,1000.50146,717.1108,2288.1907,2043.0663,0
197511.1,2,3,1,38.01718,-1,2,2,-2,-2,-2,8044.7305,390.59552,-2609.4895,2613.4646,-1168.6322,2648.0977,230.62076,-105.32142,1740.4209,1745.2747,2063.6672,2071.0664,0
61826.785,2,3,1,33.684464,2,0,0,0,0,0,62374.95,61500.473,59441.676,53171.695,45303.816,45033.58,2424.9954,3965.307,1296.9038,1750.8152,4694.3086,4456.2334,0
336685.7,2,1,2,33.300495,-1,-1,-1,-1,-1,-1,3342.7385,1455.3729,7189.729,4348.879,5494.766,5031.8047,4730.504,4870.4424,5150.8574,5863.2485,3845.8647,5191.8413,0
343530.2,1,1,2,33.13747,-2,-2,2,-1,0,0,15011.09,19178.008,-16847.717,337122.3,193621.08,233754.56,6950.1885,-2612.6326,228443.56,-1115.939,36526.473,12310.491,0
480292.9,1,3,2,30.088848,0,0,0,0,0,0,430558.1,414789.06,399827.4,362771.78,325276.5,322261.2,17816.553,30123.377,17506.959,24122.012,13340.069,12876.374,0
324982.9,1,2,2,47.6108,-1,-1,-1,-1,-1,2,11039.68,34982.297,18260.305,7658.8633,35500.27,27865.527,31738.916,17778.58,3369.015,37398.37,19.129044,2348.1257,0
235315.45,1,1,1,35.05938,3,3,4,4,4,4,200696.88,220427.98,224753.4,219143.27,246351.6,212674.72,13111.121,12770.638,10387.014,7786.947,580.62463,87.45274,0
52885.426,1,3,2,29.133772,0,0,2,2,2,2,33832.402,26984.188,26386.74,36673.96,28923.346,33177.164,3568.2017,-385.68762,3297.14,1868.125,1773.7308,2897.9165,0
61537.074,2,2,1,43.66812,0,0,0,0,0,0,39937.668,40807.953,32264.021,30391.143,26277.93,25979.791,2235.7659,2568.5742,1116.0425,975.63495,1802.7738,1745.4313,0
64292.91,2,3,2,30.022749,0,0,-1,-1,-2,-2,27139.838,21966.588,227.36205,277.2068,-327.99548,2645.6836,1357.08,792.5853,2638.4294,-50.5855,1715.4213,979.47034,0
40747.27,1,2,2,37.55196,1,3,2,0,0,0,37390.918,28966.336,26406.838,34060.57,23818.344,21362.43,-111.88265,-483.59094,1312.5154,1642.7839,4741.736,874.63586,0
243991.98,1,3,1,40.47324,-2,-1,-1,-1,-2,-2,6136.84,-1563.6661,2446.944,309.87085,2030.6608,5726.1133,4085.109,7065.133,1077.9775,3745.2278,3089.503,6065.561,0
73883.086,1,3,1,44.062088,1,2,2,2,2,2,32462.037,28909.246,28958.59,41813.57,33244.86,34359.246,108.56315,1119.2894,2935.6274,1947.9949,1029.9366,1388.1791,0
270634.28,2,2,2,32.066364,0,0,2,0,0,0,150248.77,154303.3,146535.95,133403.27,117935.65,100033.02,16330.376,-1047.403,5799.0034,9909.917,7214.7515,4909.742,0
263716.4,2,1,1,31.404692,1,2,-1,0,-1,-1,37430.676,19446.75,7671.2173,6322.504,5671.145,1016.211,206.88492,11675.758,6270.9644,5222.7705,2667.2847,10329.935,0
51364.785,2,3,1,34.344994,1,4,3,2,0,0,33771.72,33735.16,21321.428,30604.756,23763.953,23460.574,802.56854,-1622.359,1259.0352,1485.196,1195.5809,11179.156,0
406466.2,1,2,2,31.331446,0,0,5,0,0,0,19099.184,19686.143,372876.28,233649.1,188609.83,211163.6,1969.558,224798.0,5876.886,4559.8687,14089.224,6932.556,0
327533.16,1,1,1,43.61357,-1,-1,-1,-1,-1,-1,9626.098,12125.666,17804.932,34003.324,20232.686,7052.8047,14173.309,18963.9,26618.967,21283.758,4309.852,8629.871,0
94533.89,1,3,1,40.17029,0,0,0,-1,-1,-2,46770.59,25911.406,12677.019,3811.9724,-312.16736,3785.0938,1989.1488,2369.8909,-194.36842,537.1772,1170.9186,1079.0387,0
121771.305,1,1,2,29.265223,0,0,2,0,0,0,43681.43,43163.754,40332.55,38279.773,33991.63,29621.527,4852.0054,668.9208,3632.5537,4455.79,2286.264,1780.0768,0
194139.81,2,2,1,46.32745,1,-2,-1,-1,-2,-2,3577.555,1225.8495,6032.428,1699.2927,-608.8275,-149.77728,-115.785484,21447.012,863.6321,1254.6914,968.0365,1455.8644,0
359513.88,1,2,2,29.588251,0,0,0,0,-1,0,22117.19,20999.96,17131.715,8944.746,50071.87,22615.04,4858.4893,4089.93,8077.079,53036.324,586.6537,2469.5557,0
395399.72,1,3,2,38.560738,0,0,0,0,0,0,317369.38,305430.0,296932.6,240646.52,217432.45,183138.0,13594.811,9823.38,8569.748,10261.141,10201.743,12791.034,0
339468.94,2,1,2,34.347347,1,-2,-1,-1,-2,-2,2274.9573,1280.6932,2516.4675,-1927.3518,524.4811,931.86725,393.96646,596.6703,2464.722,1002.8891,3094.4739,7062.7217,0
58498.996,2,2,2,27.681002,1,2,2,2,2,2,33085.008,30067.068,25204.193,34001.3,32876.656,33996.67,440.71744,818.64246,1846.7156,3101.332,1413.8348,1656.5099,0
284323.75,2,3,1,40.873203,1,-1,-1,-1,-1,-1,1030.6642,2994.4236,679.2527,6273.3984,2376.942,1512.6837,4802.7847,325.1825,4997.4966,2497.2131,2154.0005,3347.46,0
271495.9,2,1,1,40.487774,-1,-1,2,-1,-1,-1,6394.6797,1622.3065,1326.4285,10273.773,4011.4185,8484.85,4996.327,-522.07776,4135.748,5158.2383,4419.731,6243.045,0
60091.996,2,2,1,43.658756,-1,-1,-2,-2,-2,-2,7643.16,2742.2673,-3470.5403,4119.1484,-247.80017,2808.1562,1375.922,842.474,831.83765,1002.58466,2205.8699,1364.9562,0
213227.73,2,3,1,47.28103,0,0,0,-1,-1,-1,97764.12,98669.555,71384.42,15931.664,-10299.269,75986.02,5796.8965,8503.514,15062.493,1031.1587,84007.41,8546.963,0
149776.8,1,2,2,29.007158,2,2,2,-1,-1,-1,4715.3906,-2216.01,-1405.7786,10073.367,13136.358,17471.707,791.66864,-414.0265,12765.045,502.23187,4978.789,-404.30066,0
140689.16,2,3,1,33.06073,0,-1,0,0,0,0,7983.8164,26989.898,30676.205,28754.586,25110.553,24913.488,23952.512,8703.881,1029.4324,840.30634,1145.962,3658.1484,0
139689.95,2,3,2,30.525694,-1,-1,2,0,0,-1,12474.492,3197.154,170.53392,18261.111,1354.2311,13736.715,5816.662,-1612.2999,6249.755,2224.7285,8425.837,13117.679,0
368830.53,1,1,2,37.175205,-2,-2,-1,0,0,0,11126.969,7985.0645,20651.094,29789.8,22754.459,32339.332,9052.856,26198.783,10242.39,7288.6504,6701.896,19656.86,0
49754.02,1,3,1,36.79238,0,0,2,0,0,0,19768.605,20892.125,19199.72,21805.014,16524.37,15810.143,5513.2295,741.44714,279.61108,981.95233,1453.6139,1740.9269,0
67013.445,1,2,2,30.672947,0,0,0,0,0,-1,50332.3,40276.277,36540.34,34144.402,12955.483,21701.5,2466.268,2969.6367,1955.2571,2108.821,16839.035,4787.7344,0
365555.5,1,2,2,36.311058,-2,-2,-2,-1,-1,0,8344.777,11538.83,476.42453,-7007.25,149803.25,149460.12,4037.6543,6492.9873,1912.737,149457.08,7412.3555,3519.7568,0
292342.78,2,2,1,37.44463,0,0,-1,-1,-1,-1,214193.67,190871.84,16677.639,18146.4,14916.858,20627.113,11702.399,19137.168,10522.508,17980.1,19285.246,20005.947,0
86968.5,2,2,1,37.210846,0,0,-1,-1,0,0,17472.934,11344.838,6015.151,8530.316,23369.004,18576.002,1777.4979,7360.001,5032.2246,17407.637,870.71497,367.97864,0
281607.03,1,2,2,31.596273,0,0,0,0,0,0,206336.72,194048.17,176465.84,168845.53,153744.86,150707.9,8505.905,7438.384,7414.681,6442.822,6504.6685,6050.266,0
273585.47,2,3,1,34.65482,-2,-2,-1,0,0,-1,5564.133,-3174.7952,5985.8384,7210.289,4932.8716,6101.2617,329.4899,6547.6035,2699.2002,4944.1787,2615.5015,2198.9187,0
445106.06,2,2,1,41.447617,0,0,-1,-1,0,0,29475.074,15926.51,3888.784,96636.375,93624.54,99918.63,2318.3276,10315.431,98119.39,1996.0374,11088.414,32677.21,0
106638.95,1,2,2,27.754307,0,0,0,0,0,0,39348.277,24805.51,17681.281,19085.773,11209.716,52468.03,2158.0747,861.54285,2266.577,1445.4158,38422.1,2327.2166,0
319832.34,2,2,1,42.51292,-2,-2,-2,-2,-2,-2,12097.094,12299.143,2285.0496,6827.7812,3475.0825,4725.0703,8486.485,5360.865,5698.3027,4172.13,4474.9224,4451.391,0
276036.6,1,2,1,41.07259,1,-2,-2,-2,-2,-2,3101.1213,3783.076,-4168.146,3034.1755,-737.41345,-1623.9921,126.57731,-767.02795,842.2793,1146.4619,1027.8092,6856.907,0
81636.76,1,2,1,33.868484,0,0,-1,-1,-2,-2,33658.25,30743.371,-234.27858,5134.1367,1893.4498,2667.3945,8443.8,3218.487,3652.9673,1330.5173,1095.6903,2280.3687,0
182373.5,1,2,2,32.723907,2,0,0,0,0,0,175392.52,162015.39,160318.5,154451.77,139400.5,124707.18,4692.908,7359.3584,5703.673,5700.128,6034.388,5746.3306,0
219143.95,1,3,2,33.94821,-1,-1,-1,-1,0,0,10934.535,6034.705,1832.6355,73659.88,59608.11,62169.47,7121.4956,9205.973,73852.5,10708.475,6650.81,5535.674,0
283821.9,1,1,1,40.52666,-1,-1,-1,-1,-1,-1,2456.4065,-956.6623,3551.1042,6675.0234,3545.813,6203.379,3845.2375,4283.982,4279.561,5019.6875,3830.162,2246.2512,0
206791.69,2,2,1,38.57051,-1,-1,-1,-1,-2,-2,8128.633,6219.3613,-460.62625,-741.594,-108.93689,1715.0939,5330.2534,2695.7388,344.12183,-6.7637205,816.00085,15008.605,0
405753.88,1,3,2,30.935146,0,0,0,0,-2,-2,325544.84,334338.0,54951.13,4329.7695,-2147.2456,851.586,10675.826,1537.6398,2047.9448,709.2629,-1375.0253,196504.72,0
227639.64,2,3,1,42.68238,-1,-1,0,0,-2,-2,6827.0625,22557.592,79045.16,7464.242,58.15295,7281.8125,23841.98,58751.254,-275.69995,653.1149,299.12634,2703.7007,0
420841.12,1,2,2,35.06735,-1,-1,0,0,0,-1,27501.9,75873.484,50765.902,85286.266,25323.002,52349.887,82743.78,39617.895,84284.63,-351.46686,50510.54,24356.521,0
367865.4,2,3,1,29.885471,2,2,2,2,2,2,326552.84,341469.16,323355.72,323043.1,330351.62,331215.7,14230.983,6188.5474,16819.422,8321.702,4550.2197,77729.1,0
58161.12,1,3,1,43.521187,0,0,0,2,0,0,31092.15,26922.271,29462.975,33136.184,26855.797,28164.39,2001.9481,4004.772,-87.42897,2515.7603,2365.88,3012.665,0
262245.56,1,2,1,37.694424,-1,-1,-1,-1,0,0,3969.5784,1371.5721,1376.2097,8236.758,12584.382,12463.74,6632.65,4525.948,8465.282,6027.8745,4951.977,3048.2876,0
116940.9,2,2,1,33.997288,-2,-1,0,0,0,0,28559.688,83167.484,91367.836,75861.164,87692.96,78156.664,91860.414,24762.76,1973.3257,27463.05,10129.744,16541.71,0
469535.22,2,3,1,39.734806,-2,-1,-1,-1,-1,0,16075.941,69212.54,50770.55,22038.283,25454.037,22811.215,72425.34,27498.4,10653.1875,18954.68,6593.0,10028.955,0
120615.29,1,3,2,28.987741,0,0,-1,0,0,0,53491.766,47572.7,138334.88,94350.12,46692.02,54680.184,8831.772,114088.34,5650.133,3976.7073,2487.1743,14001.298,0
385335.06,1,1,1,44.23555,-1,-1,-1,-1,0,-1,4313.7656,1986.9589,5394.983,24376.996,8049.2153,6939.508,5161.8325,11410.233,7338.211,2010.9126,4499.447,8161.2793,0
223938.92,1,1,1,43.260353,-2,-2,-2,-2,-1,-1,2483.844,3161.3064,-377.39578,6465.129,6754.4263,2442.3281,2284.299,2069.393,2941.4634,9101.084,2317.5334,1523.5604,0
370565.03,1,2,1,31.380629,0,0,0,-1,-1,-2,29270.713,24890.414,6042.479,2658.0544,4059.4458,3373.7617,4052.5247,5079.672,4392.5396,3658.5352,2518.0723,2250.339,0
44076.645,2,2,2,41.26974,1,2,2,2,3,2,12056.078,14535.439,13071.276,9338.391,15181.554,9120.123,379.22818,133.56969,2419.948,-547.4786,292.75256,256.56018,0
153395.06,1,1,2,29.282013,0,-1,0,0,0,0,15144.316,20254.934,16893.893,15479.854,17542.834,18469.06,15548.15,7568.8394,5390.695,1087.7798,3898.6565,4886.049,0
213422.03,1,3,2,38.328358,1,-1,-1,-1,-2,-2,74845.664,72470.89,113079.734,13585.271,-999.7728,2788.8477,7640.3105,36397.742,7329.9214,1023.0905,2608.8503,1344.9701,0
147328.22,2,3,1,42.459255,-1,0,0,-1,-1,-1,7158.8984,55.67365,1070.7878,3884.078,-4291.152,3314.332,1883.1344,1095.2377,954.9531,2253.561,1099.3436,1114.8983,0
258762.81,2,2,2,33.908497,0,0,0,0,0,0,154560.7,160698.03,139691.5,142372.4,98896.47,98026.97,26117.889,18080.373,28216.71,17357.932,33916.996,11670.206,0
242302.6,2,2,2,32.92923,-1,-1,-1,-1,-1,-1,6296.793,489.326,3765.8503,689.0896,5417.2935,3070.6406,4015.1062,3028.095,3005.3362,6198.1616,2966.6125,4038.9575,0
72422.98,2,2,1,32.929127,2,2,2,3,3,3,12947.148,12009.744,10578.312,12659.18,14817.7295,17785.238,192.11197,1380.7936,958.0305,690.1447,1122.9486,1376.3324,0
344306.25,1,1,1,33.862385,0,0,0,0,2,0,115064.61,156801.34,145871.33,133163.84,138645.97,167043.75,83847.88,97138.53,96594.69,41158.754,71749.34,28350.035,0
162108.19,1,3,1,43.975605,-1,-1,-1,0,0,0,14511.191,5326.924,27559.93,39310.152,25079.195,29675.822,10254.548,33544.844,7274.212,2794.6028,3690.769,10371.585,0
169685.94,1,3,2,35.726078,-1,-1,-1,-1,-1,-1,5473.3633,-1454.6232,4327.354,7275.0117,2273.1763,8968.732,4115.987,3031.755,4324.5938,5176.3774,5825.71,4355.7812,0
404494.78,1,1,2,34.429035,-1,-1,-1,-1,-1,-1,35107.297,11625.932,19082.55,52292.8,5412.6567,51237.62,5005.9937,23904.203,62076.984,9928.527,48443.79,21880.62,0
425380.2,2,3,1,31.902548,0,0,0,0,0,0,144261.5,156028.5,380929.6,299639.75,259494.66,209321.61,33582.543,209733.52,7240.1216,5207.5205,5685.756,5074.5425,0
58489.902,1,2,2,37.11521,2,3,0,4,3,2,11315.57,18115.299,16648.957,11276.24,20982.803,12512.152,975.5446,3150.348,295.95532,-776.3975,268.25427,819.9718,0
245141.72,2,2,2,34.29059,-2,-2,-2,-2,-2,-2,7304.172,7625.0566,538.72534,-2556.6135,2824.0786,1710.5782,3412.44,2058.678,2005.9578,3699.8723,2375.7996,5013.65,0
55909.73,2,3,2,40.63717,1,2,2,2,0,0,27671.154,24704.268,15085.571,16485.809,13560.821,13817.439,882.88055,2217.6074,893.7302,163.13863,1490.6388,1040.6466,0
564127.75,1,3,1,63.2717,2,2,-1,3,4,6,467834.47,468915.53,440592.44,462105.38,420900.28,449907.0,24260.37,14052.727,34756.19,20525.367,30879.332,-1031.1195,0
45981.99,2,2,2,38.143353,0,0,0,0,0,0,36372.816,39030.12,29304.36,27631.068,22182.521,22376.176,2188.949,2455.3757,1728.8857,288.57538,2025.1027,1960.966,0
236948.34,2,1,2,30.347172,1,-2,-2,-2,-2,-2,5693.6445,3658.6736,-1311.095,-4120.5312,-88.93298,-2254.2656,216.88931,-295.89807,720.3906,549.2482,661.8983,-945.82263,0
203461.38,1,1,1,45.084637,0,-1,0,0,0,-1,34260.99,20128.236,20825.586,16061.041,21304.514,13135.752,21456.848,6847.759,2750.2866,3642.1692,2343.9597,2608.6763,0
46224.887,1,3,2,26.793274,-2,-2,-2,-2,-2,-2,9129.887,4823.666,-687.0989,4009.0896,2631.3599,3608.625,605.2326,666.15027,1193.946,3461.6619,1772.6761,1783.7516,0
45021.793,2,2,1,28.237467,1,2,2,2,2,2,17925.992,14849.537,12191.019,18553.807,18728.81,18737.305,828.6462,1180.3912,662.12256,2941.523,1948.3119,258.90588,0
64569.37,1,2,1,33.8473,0,0,0,0,2,2,37677.777,36276.23,35015.35,46444.33,43394.977,46489.5,1270.1678,2882.2754,5416.6357,1470.1714,2646.6406,1646.0175,0
369650.06,2,1,1,39.592346,-2,-2,-2,-2,-2,-2,26064.07,44941.074,41525.535,38448.027,50373.676,63593.957,42171.137,46158.66,14548.939,27873.516,48685.47,19892.625,0
57302.848,2,1,2,26.415857,0,0,0,0,0,0,27601.33,30338.932,25254.922,20776.951,21401.178,22379.576,2187.5562,2364.9236,1738.5178,916.9743,2158.7883,2009.028,0
98920.71,1,2,1,32.272396,1,-2,-1,-1,-1,0,6267.2383,1440.8885,-852.9192,4366.2812,3024.934,3075.9062,841.64374,5276.83,5015.793,7898.0986,2097.9893,158.5001,0
384905.94,2,1,1,42.8645,-1,-1,-1,-1,-1,-1,13615.629,9454.529,6165.94,4729.574,5796.239,3181.9727,4841.604,4482.203,3766.1738,4600.189,3176.1829,3125.5889,0
178255.75,2,2,1,44.586327,0,0,0,0,0,0,105207.375,102595.914,94188.3,81616.19,75593.664,72502.42,4168.5405,4311.5044,3489.4944,3035.393,3111.9216,4237.7964,0
43814.44,2,3,1,30.766653,0,0,0,0,0,0,33537.24,30065.213,35954.105,25790.875,21312.21,22017.207,2007.7416,4073.2336,165.35667,355.28607,1246.1222,1642.6122,0
217350.05,1,2,1,40.184082,0,0,-1,-1,-1,0,14554.57,7974.174,3799.4011,8350.922,6275.805,7457.379,2991.7048,4709.823,5859.7427,5361.2905,6273.377,6416.4624,0
219882.69,1,2,1,36.909176,1,-1,2,0,0,0,-109294.34,366597.22,388946.5,-57075.38,88813.22,12368.135,393763.3,-15823.876,12007.5625,2897.5986,16630.803,45089.05,0
60643.605,1,3,2,29.47761,0,0,0,0,-1,-1,34488.566,25973.855,20791.6,18010.127,-2283.0073,5136.422,1466.6991,1632.7635,1366.5496,2374.427,2893.0225,2907.7336,0
175944.2,2,1,2,29.99734,-1,-1,-1,-1,0,-1,8465.082,1394.0331,6068.014,10336.664,3212.1567,5252.258,5681.941,7629.89,5643.8833,1222.5024,4198.17,4046.7415,0
93479.47,1,3,2,28.858202,1,-1,2,-1,0,0,7676.5625,1100.6425,-3345.7004,7364.828,1560.9694,4116.8633,3861.642,-1122.0748,4983.1855,680.5573,1191.6451,5086.45,0
314052.53,2,2,2,41.47461,-2,-2,-2,-1,-1,-1,2875.387,3833.5212,2374.1472,2358.4998,10422.907,-36.906185,1542.3065,4274.4473,7289.2734,10071.412,2745.2937,175.5089,0
119316.97,2,1,2,32.454285,0,0,-2,-2,-2,-2,58328.742,5497.4004,718.78394,-814.51587,286.6217,1256.672,752.9655,668.28455,843.1382,921.1445,1949.0763,-94.24452,0
90867.2,2,1,1,45.46243,1,3,2,0,0,-1,8095.867,-122.34197,-3970.056,5970.879,-2189.1987,5862.6836,236.07047,-182.77943,338.64673,1317.5828,5649.501,363.65393,0
378097.3,1,2,1,34.423004,-1,0,0,0,0,-1,47117.707,14199.432,11730.8545,14253.277,-1042.2806,107657.32,4088.6104,3872.1753,1825.794,2853.5466,103122.05,3138.5454,0
476413.4,1,1,1,42.272846,0,0,0,0,0,0,133265.8,90509.82,87741.52,74947.93,72800.32,60458.445,17205.242,5145.1255,2959.3357,3276.52,2242.0205,3414.3047,0
89467.414,2,3,2,37.101883,1,-1,-1,-1,-1,0,3926.1995,7966.9824,7020.9595,1366.0466,6267.106,3969.6484,2793.9072,1136.3104,2618.4714,6156.497,-168.11656,10465.495,0
187553.06,2,3,1,35.065014,0,0,0,0,0,0,145782.34,142773.22,144497.6,137754.39,116616.89,108396.664,6640.285,6883.3413,5212.7637,5003.3555,4960.047,7092.396,0
187783.94,1,1,2,32.456028,1,-2,-2,-2,-2,-2,3302.055,4614.287,-1520.4309,-734.676,907.1373,-2836.9844,401.42056,365.6078,629.9319,898.4362,394.26672,-547.3334,0
90865.98,2,2,2,25.94195,0,0,0,0,0,0,59468.28,58355.484,53456.566,51829.2,44640.52,48898.53,3245.489,4930.6772,2812.3962,2449.9045,2677.4492,4059.6477,0
38704.152,1,1,2,38.86441,2,2,0,0,0,2,25010.508,20097.064,19024.035,14653.131,17004.818,15934.996,105.3151,956.14636,2686.2173,2888.974,4998.4863,4560.87,0
241139.55,1,2,1,41.948986,-2,-2,-2,-2,-2,-2,5639.582,4806.123,-1940.0208,4760.6016,1760.8326,1939.504,1948.6678,3169.9792,2905.1614,2770.9717,2950.1543,1341.2919,0
405255.66,2,2,2,35.773544,-1,0,0,0,0,0,26473.15,24101.453,32597.225,17960.475,17928.027,12479.322,6104.872,4935.1753,5052.6206,6269.2837,3064.035,3806.5115,0
203594.97,2,1,1,43.53696,-1,-1,-2,-1,-1,-2,3589.1292,-976.25214,-4131.7593,176.69507,6018.9536,6923.916,1143.018,931.29626,1853.7468,5957.123,1390.482,-455.3368,0
288600.72,1,1,2,29.072695,0,0,-1,-1,0,-1,15173.426,13015.295,2140.7488,6609.543,14639.769,2790.9531,7762.8447,4011.3135,6945.3145,14609.343,2731.9634,27057.977,0
488629.94,2,2,1,62.099354,-1,-1,-1,-1,-1,-1,7263.828,-5387.623,-3612.884,11656.766,7299.5786,289202.44,3696.1326,6403.02,12801.271,11217.656,290062.25,-600.1835,0
205783.28,1,1,2,31.641214,1,2,0,0,0,0,191858.31,179184.95,172460.9,173054.34,165677.7,164377.5,1513.3529,6564.133,8186.9595,6990.5757,7071.2314,5191.791,0
40962.965,2,3,1,48.28133,-1,3,2,2,0,0,7206.4297,5567.205,6687.1587,11059.8125,32214.506,38511.312,844.7043,1514.8888,-334.15405,61111.953,2209.606,1838.3473,0
162656.39,1,2,1,39.55386,-1,-1,-1,-1,-1,-1,1099.7228,96.71662,218.31517,4923.703,1047.5514,1830.4376,3616.7607,2948.8826,1456.8611,2433.6318,1891.2426,2171.3748,0
248073.61,2,2,1,37.7974,2,2,2,2,2,0,230722.03,226778.81,220244.22,200610.16,184169.84,185769.14,9410.062,8174.2554,3569.2874,3771.773,8467.964,6932.8257,0
262793.47,1,1,1,40.287556,1,-1,-1,-2,-2,-2,2690.6213,474.91583,-3229.5168,1750.9646,450.1139,562.30475,1381.3707,-1023.0421,930.00757,1468.0203,976.58875,453.18616,0
274803.22,1,2,1,44.05893,0,0,0,0,0,0,198153.94,196088.64,186681.6,187837.34,178231.62,174015.44,9061.538,8567.117,9150.579,8533.003,8025.2383,7684.1523,0
305959.06,1,3,1,44.763844,-1,0,0,0,0,0,155992.05,134886.78,131408.66,124416.98,101620.81,101931.93,5053.23,8255.718,7918.6885,6850.502,4688.2075,5765.2896,0
431857.72,1,3,1,46.901226,0,0,0,0,0,0,377790.03,364777.5,348395.94,312747.78,256261.44,239361.14,18230.385,15567.901,12280.919,13255.243,10692.136,16192.583,0
521627.62,2,1,2,44.62135,-2,-1,-1,-1,-1,-1,19436.008,172841.89,70278.9,93450.37,58014.04,6215.834,166575.48,74179.74,104572.2,36941.543,3191.834,73456.836,0
274263.56,1,2,1,33.9931,0,0,0,0,0,0,40155.414,36712.145,24440.045,23568.693,25679.78,25842.463,1935.3453,3084.601,1942.4915,2483.8782,2691.6108,1716.0914,0
412247.44,2,2,1,50.75231,-1,-1,2,-1,2,-1,10798.793,27333.03,6992.3813,88487.92,75071.31,33046.61,27054.365,4288.089,93400.26,-24.555714,29115.379,19394.373,0
238199.23,2,1,1,36.533745,-1,-1,-1,-1,0,0,5842.3125,3325.443,5615.5376,10357.539,12534.28,8675.035,5329.9644,7817.107,8909.521,3528.2068,3054.5557,8636.035,0
217184.45,1,1,2,28.64215,-1,0,0,0,2,0,8268.867,927.4471,4642.272,7506.3438,8455.065,12687.512,137.46353,1235.1896,3058.7253,596.10443,4442.1616,4657.382,0
237226.1,2,3,1,36.727,1,-2,-2,-1,-1,-1,3377.0823,3056.4236,-1694.7747,1096.1951,6571.0005,-1342.3202,229.98111,154.32603,966.14136,7136.145,1388.5294,920.59265,0
33120.45,1,2,2,25.953417,2,2,2,2,2,0,25899.928,22198.393,21129.021,26973.117,25114.22,31700.584,998.55804,-161.55385,2471.066,490.18964,1480.0675,2383.0515,0
185136.44,2,1,2,29.790337,-2,-2,-2,-2,-2,-2,4747.039,4084.6775,1197.8894,-2655.4846,1080.0397,401.1563,818.06366,1472.0397,1226.1086,933.30316,1480.4261,864.76843,0
378961.0,2,1,2,31.491606,0,0,0,0,0,0,101536.1,109000.79,96439.9,93248.92,78870.65,77013.23,19088.336,15701.683,11766.417,9349.127,16332.282,42876.285,0
449492.7,2,3,1,40.54544,0,0,0,0,0,0,423307.03,415271.47,417581.03,386673.28,362208.28,380445.25,18011.12,18045.018,16181.388,11106.967,11518.674,16328.571,0
194888.39,1,2,1,33.217953,0,0,0,0,0,0,138884.2,135757.69,134395.58,128149.59,120297.914,120180.36,6149.399,8045.3584,5431.83,4928.1323,5068.1597,4562.4365,0
248701.73,1,3,2,31.00421,-2,-2,-2,-2,-1,0,23547.404,4315.5684,1331.0574,455.04272,10005.577,11866.469,1525.3248,588.4745,1423.3037,9763.156,3071.7024,1715.1432,0
70481.89,2,1,1,48.050423,0,0,0,0,0,0,38722.75,41483.906,37321.383,36385.93,34168.21,31158.598,2061.391,2886.9624,1190.6514,1478.5417,1246.2438,1457.1215,0
48295.84,1,2,2,26.26495,0,0,0,0,0,0,24733.303,22901.502,18364.074,18202.898,17344.26,16935.791,1855.6344,2296.2373,1277.6296,1049.7065,1636.1388,1771.3661,0
425587.88,1,1,2,33.270527,-1,-1,-1,0,0,0,364582.22,206583.66,82062.98,180806.73,25385.092,15551.877,192604.48,179151.94,99264.31,-597.6451,-1482.6,9615.502,0
141306.64,2,3,1,35.002247,1,-2,-2,-2,-2,-1,6077.574,3405.2244,-2707.1497,1375.988,-1739.6127,1552.5743,27.075844,-982.14954,724.05347,932.41327,3741.9473,-379.84265,0
425938.62,1,1,1,41.600864,-1,-1,2,0,-1,0,4436.2695,17220.44,9320.116,15382.15,108634.91,98305.13,20606.186,734.7499,8505.353,115038.09,10813.538,9733.264,0
365302.8,2,3,1,38.934437,-2,-2,-2,-2,-2,-2,21112.934,-4586.4395,1566.4832,9486.832,-11095.776,91419.23,2685.2212,12748.527,12340.189,1085.1763,165738.75,5255.428,0
230745.2,2,1,2,34.670414,0,0,0,0,0,0,208689.28,198220.16,196047.06,188965.33,176386.44,164751.86,8608.021,7961.177,8406.285,6675.102,6569.5273,7940.5107,0
308440.66,1,1,2,32.0573,-1,-1,-1,-1,-1,-1,16223.137,1900.8885,9083.288,8460.496,8744.812,7676.3516,5509.4834,8844.02,5998.14,10711.995,6489.0317,15058.633,0
248659.45,1,3,2,33.92403,-1,-1,-1,-1,-1,0,9570.172,3932.0525,3902.448,4942.5117,10472.183,10488.982,4748.635,4945.008,5906.0166,9851.81,2654.4802,4811.061,0
318406.94,2,2,2,34.554592,0,0,0,0,0,0,282589.4,280438.78,261697.4,84486.63,25790.752,8692.201,18676.695,35567.875,3466.438,5225.5654,1297.7687,2844.0608,0
43783.41,2,3,3,44.939667,-1,-1,-1,-1,-1,-1,16208.137,2099.7947,3921.0105,9632.465,3879.5864,8043.545,3498.3035,4590.488,3897.123,7482.849,5324.2793,6827.4307,0
59424.324,2,3,1,49.335445,0,0,0,0,0,0,37860.805,36611.49,39729.81,33332.58,26493.54,28015.322,2401.1077,3547.9304,747.4253,1640.428,1964.5602,3270.8052,0
65932.8,2,3,1,37.688675,-1,-1,-1,-1,-1,-1,1680.2228,201.05646,6755.975,5112.867,3770.8755,3899.3047,2661.2358,3162.417,1271.9092,3217.1775,1315.4874,6086.941,0
58792.348,1,3,1,31.974718,1,-2,-2,-2,-2,-2,4223.707,3303.283,-2498.2551,2358.0505,-57.5033,-117.05071,267.10953,659.5419,-132.5779,508.36176,674.38,-327.98035,0
79591.14,2,3,2,26.710646,1,2,2,0,0,0,73169.305,67956.61,61195.36,61390.457,44203.43,45159.67,1770.0887,-1630.6661,4294.6675,3847.5015,2393.1318,2413.857,0
513174.2,2,2,2,42.795475,0,0,0,0,0,0,519101.16,488913.38,475283.53,480821.25,408127.1,424247.44,21264.09,29335.035,24253.35,27581.64,13528.779,18862.145,0
73745.92,1,2,1,43.57618,0,0,2,2,2,2,23936.285,22981.766,24131.576,33988.984,27191.236,28305.668,2787.8545,544.3109,990.68726,2296.871,1478.2858,2169.6433,0
126543.46,2,3,1,52.080593,0,0,0,0,0,0,107176.84,106267.12,108841.484,104728.2,85941.15,84305.95,5075.7163,4631.5645,3981.9912,4327.1504,3598.2476,4789.8535,0
429268.12,1,2,1,45.303913,-1,-1,-1,-1,-1,-1,10450.539,6976.6035,13396.358,19638.475,9032.397,15576.098,10578.395,19250.469,9257.421,11587.99,10943.424,9710.073,0
190646.98,1,1,1,37.000557,1,2,0,0,0,0,119508.37,111450.3,79228.08,50544.21,49980.758,36155.754,1350.4855,4184.896,2147.1663,9919.605,2174.1292,867.7787,0
254907.9,2,1,2,28.82911,0,0,0,0,0,0,21308.723,17392.688,15524.313,11712.531,15129.901,11950.371,2278.2893,2917.1177,2721.6816,2542.255,2605.743,2288.9143,0
190878.81,1,3,2,34.09,-1,-1,0,0,0,-1,13480.398,41684.254,19548.02,29692.373,8057.5513,23423.543,37474.21,5005.5693,16810.123,5814.854,20216.904,133554.78,0
58953.277,2,2,1,32.315285,2,2,2,2,2,2,31691.676,26986.787,31169.26,33457.22,31620.023,37464.227,1101.5565,1432.4745,1330.3633,1245.2273,3583.0598,1333.443,0
347514.2,2,2,2,32.320225,0,0,0,0,0,0,310459.47,293485.47,277836.78,255997.58,231721.92,225352.33,13106.415,10372.583,10410.051,7888.244,10311.98,11637.288,0
321491.38,2,1,1,44.483814,-1,-1,-1,-1,0,-1,6227.5547,28544.752,31674.172,15264.113,16327.2295,12406.953,21232.754,44197.12,7576.601,6946.866,6968.0205,173427.66,0
53938.293,1,3,1,38.687347,0,0,2,2,-2,-2,19417.637,14501.412,6967.9517,6981.625,-2127.5464,4968.883,2918.0295,-1145.3771,238.3181,1939.4463,1725.5104,2639.489,0
223329.72,1,3,1,37.788036,0,0,0,0,0,0,147118.95,137311.7,130344.7,99574.97,87915.91,85876.53,7588.4033,6681.9097,3835.732,4948.515,4044.86,4081.1392,0
417317.38,2,1,2,30.599043,-2,-1,-1,-1,0,0,8840.117,8979.76,14184.991,12766.033,17073.982,16234.34,9197.456,11699.38,4759.2466,5378.2837,4462.068,3405.4429,0
228219.19,2,2,2,32.07105,-1,-1,-1,0,0,-1,7913.6914,-2696.6116,5075.0103,10767.791,1330.4694,6411.7695,3278.1814,9048.516,4801.318,1594.303,4515.867,9357.29,0
41218.035,1,2,2,36.162228,-1,-1,0,0,0,0,6241.1836,17896.113,12890.179,14590.967,6755.528,9645.352,17515.49,2004.7692,1139.3652,3173.4465,2347.6714,5833.4453,0
496959.22,2,1,1,51.320717,-2,-2,-2,-2,-2,-2,133812.77,67957.77,47166.297,159851.72,86176.46,28783.086,52852.97,63826.01,165548.86,85902.44,34040.406,66505.1,0
71776.48,2,3,1,39.124447,1,2,2,2,2,2,37908.16,30194.088,30705.688,40588.305,36230.094,39062.87,176.24869,883.05554,2276.0967,3228.5105,2587.5066,1984.5768,0
80489.43,2,3,1,37.400547,-1,-1,2,-1,0,0,6734.59,-2057.8577,-1313.0676,8682.1875,1314.2936,8620.266,4235.581,-0.22767054,1997.9312,1669.5278,2102.492,1313.8268,0
72685.75,2,2,2,45.616425,0,0,0,-1,-1,-1,33446.203,32220.475,19543.975,7722.0156,1713.8795,4441.133,2128.9626,1361.5648,5414.368,3170.8909,2373.3184,6638.2295,0
383281.97,2,2,1,45.89423,-1,-1,-1,-1,-1,-1,43093.734,15891.635,12068.397,135034.62,48653.484,168642.27,21054.434,37766.33,132057.72,49139.234,170027.45,37756.43,0
380178.3,1,2,2,32.79481,1,-1,-1,-2,-2,-2,192114.52,140766.94,4786.7056,1583.6013,7129.184,1250.3243,158169.66,-783.0504,799.76294,-1029.666,-1556.4803,2128.658,0
378085.8,1,2,1,32.55364,1,2,2,7,6,5,320996.0,348327.25,390831.16,379121.56,364555.22,360352.7,16399.213,111329.87,1268.9685,-2483.7847,-5004.993,-779.1869,0
161277.52,1,3,2,31.869968,0,0,2,2,0,0,40184.293,37761.1,33610.59,41145.29,30909.83,25111.186,6083.2524,645.6986,147.20726,1447.3682,1613.9027,1194.2218,0
37837.94,1,2,1,35.296837,0,0,0,0,0,0,17256.395,15919.014,15115.522,16515.504,15409.905,13262.24,1880.5392,2975.8203,1179.9224,348.7995,1133.7423,1345.9542,0
264344.8,2,1,1,37.45012,-1,0,-1,-1,-1,0,3751.0159,1555.3768,4325.3345,832.1599,7926.1685,7916.1504,2808.2942,4962.0044,3627.6116,6125.517,2148.4229,7848.4355,0
81104.36,1,3,2,28.704042,0,0,-2,-2,-2,-2,35433.273,1345.1581,-113.23561,23.343512,-325.47595,-560.4257,12.895667,-120.6681,254.718,177.58125,454.57483,-145.41347,0
240935.42,1,3,1,44.912666,-2,-2,-2,-2,-2,-2,4230.3477,2052.8455,778.4675,6606.4883,1724.5201,3195.5508,1320.3937,3347.8374,2161.3337,3420.3354,2268.5012,2188.4082,0
205122.3,1,1,2,31.375784,0,0,2,0,0,2,111781.79,120352.305,112297.52,112796.125,118837.31,110559.9,12024.161,-388.79846,4355.4946,10799.57,1907.9589,2247.566,0
347189.75,1,3,1,35.938934,-2,-2,-1,-1,0,0,30551.533,29766.379,28310.723,155753.23,141728.67,123668.18,5530.7095,21722.797,114331.24,3538.0852,9775.053,4275.2075,0
80574.41,1,2,2,27.363577,0,0,0,2,2,2,41161.16,33301.395,28611.322,30482.586,32091.82,33135.746,2129.8203,3316.764,733.6362,4899.989,1452.2137,1193.4137,0
41884.277,1,2,2,27.670975,1,2,2,2,2,2,23279.572,20096.273,19441.604,20171.506,22569.64,21473.777,1062.441,1418.442,1303.8721,2105.478,1326.6581,478.0504,0
87162.336,2,3,1,35.00248,0,0,0,0,0,-2,13624.824,11872.693,10492.128,11401.52,-2127.8667,3852.1367,1772.4989,2539.242,607.2998,485.92108,887.76575,793.81433,0
239939.62,2,1,1,31.18583,1,-1,0,0,0,0,-66943.51,62943.254,244017.73,185361.5,162622.64,158984.97,205585.67,200205.03,7068.7173,-1227.4038,2130.2063,7050.0703,0
85086.63,1,2,2,29.559402,1,2,0,0,0,0,79196.91,78694.95,74515.29,70531.516,59879.953,57705.7,1081.0568,6747.334,5059.028,6613.819,3709.7598,1862.1808,0
245408.27,2,1,2,30.979961,1,-2,-1,-1,-1,-1,4167.9766,-635.27167,2665.7214,3920.7927,1865.2545,598.55475,144.62662,4717.103,4331.0015,5516.6387,2428.3486,1474.3346,0
69558.55,1,2,1,41.67074,0,0,0,0,-1,-1,27422.953,18787.797,12548.741,9780.73,952.4264,2980.664,1568.1488,1260.4576,1066.8804,5380.196,1557.4308,5106.659,0
78139.0,1,2,1,33.532402,1,2,0,0,2,2,25554.977,23583.328,18239.957,24776.977,23575.031,24890.072,-173.47006,2599.779,2663.6482,831.39276,2378.185,-138.2328,0
186501.3,2,1,1,39.389816,-1,-1,-2,-2,-2,-1,26677.21,780.2596,-2907.302,2686.7224,-244.80017,11151.52,946.82025,-263.3839,431.7522,1549.446,5303.058,15241.4795,0
151167.77,2,2,2,32.36964,1,-2,-2,-2,-2,-2,7326.91,5977.8105,-1391.2512,-2913.5823,-1109.0345,-1834.6483,678.3034,-95.200325,771.0703,94.884964,1301.463,316.56213,0
395780.3,1,2,2,33.830517,0,0,0,0,0,0,24556.666,17975.225,16932.879,16955.88,19444.006,21016.111,2703.4424,3620.9504,3374.09,3313.728,7069.217,2869.9165,0
183787.3,2,3,2,34.571808,-2,-1,-1,-1,-1,-1,3731.7073,-2039.006,2770.7058,1480.5037,-29.511112,3989.9688,1901.9325,1232.3436,1813.8135,1684.6096,2844.0952,1681.2843,0
324661.72,2,1,2,33.549248,-1,-1,-1,-1,-1,0,5367.5625,6780.998,6905.8306,4966.082,25546.555,19424.998,6147.8857,3778.0854,7548.2944,23469.412,1181.9952,1509.0052,0
159285.8,1,3,2,32.50273,1,2,2,0,0,0,143092.42,137356.48,130080.42,134435.25,124784.984,122083.43,5428.4653,-451.10754,5191.7017,5754.288,5130.7163,3741.9116,0
449856.62,2,1,1,40.95461,-1,-1,-1,0,0,0,-3756.1365,11675.623,18720.602,11518.662,363834.94,184339.77,17648.729,23856.191,27607.96,227860.55,7133.2905,-522.7743,0
250104.33,2,2,1,50.10495,-2,-1,-1,-1,-1,-1,11765.598,3480.693,2297.202,4716.625,549.0553,11686.354,5202.646,3299.2493,1217.2722,4569.253,7995.764,6053.4917,0
281777.47,1,1,2,36.10707,-1,-1,0,0,0,0,17115.273,105736.86,12654.987,105343.28,123104.09,79186.33,99435.74,13494.31,104785.555,25346.709,15540.317,25180.432,0
93786.86,2,2,1,29.595015,2,0,0,2,0,0,28901.072,31588.71,31650.691,31522.455,33793.543,38590.234,3006.709,5544.06,-282.05103,3130.7837,4989.847,866.15857,0
64681.94,1,1,2,27.332462,0,0,0,0,0,0,21300.096,22193.146,20350.262,18623.133,20176.365,18041.123,2073.0479,2920.5574,1667.2527,1469.3137,1882.7592,1257.2015,0
159924.5,2,2,2,27.548788,0,0,0,0,0,2,115496.76,116986.09,112023.92,106253.875,107325.98,108617.336,5216.249,4870.6294,5245.4766,9004.616,2710.1506,2763.8428,0
34169.574,1,2,2,34.01471,0,0,-1,0,0,0,26467.045,18320.275,9211.245,18991.299,10950.167,14527.123,2755.3865,15472.978,8140.4785,2355.6587,2185.3433,1993.0145,0
426638.97,1,1,2,30.236795,0,0,0,0,0,-1,18443.66,23718.633,31891.746,26475.531,17282.836,11582.201,16469.668,8492.477,2271.6873,1268.7957,10107.165,13776.409,0
45104.684,1,2,2,27.890535,0,0,0,0,2,0,27271.625,25997.062,26661.852,26733.816,23290.447,27697.943,1081.6239,1437.2528,2721.31,309.04657,1599.6395,2616.938,0
57015.996,1,2,2,37.716335,0,0,0,2,0,0,17542.188,16932.707,16716.326,16128.66,12525.147,14295.816,3031.8467,3566.4102,70.11351,580.8337,2706.7327,1431.2587,0
368739.2,1,2,1,33.512814,0,0,0,0,0,0,163463.31,185733.61,108031.2,74781.664,227049.55,172695.58,38203.73,10521.728,5870.2017,160334.84,8656.444,5860.813,0
92017.68,1,1,2,39.500366,0,0,0,0,0,0,61344.848,60074.78,54896.363,48453.746,41802.543,35684.605,2534.9868,2932.9602,2110.4612,2161.6184,2073.3179,3402.0054,0
270477.28,1,1,1,38.57553,-1,0,0,0,-1,0,10520.805,9095.697,1587.7253,1565.6716,1313.6412,6571.756,5275.1055,1939.7362,716.20215,4271.7393,3316.3328,1323.432,0
98184.04,1,1,1,43.095898,0,0,0,0,0,0,33881.69,33813.496,30880.281,31398.723,28459.09,20416.217,2097.5273,3873.3228,2312.7983,2594.424,2022.4637,1510.2123,0
164044.97,1,2,1,43.074196,0,0,0,0,0,0,90133.65,86077.67,78238.22,77862.23,69911.4,65411.668,4051.3726,5543.9575,4288.1553,4877.6396,4996.083,2601.2766,0
284269.5,2,1,2,44.201912,-2,-2,-2,-2,-2,-2,3874.0354,5745.6855,1600.5417,693.1052,3650.1763,1897.5743,2067.8408,563.56433,4150.2837,3650.4338,3258.2598,1257.5858,0
168392.22,2,1,1,32.997135,0,0,0,0,0,0,65822.07,52277.46,40238.28,47328.883,37371.305,61128.895,7043.8003,4982.4316,6580.1284,4053.3926,49158.08,2349.0776,0
33453.418,1,3,2,37.7251,2,2,2,0,0,0,25630.676,24802.521,23463.393,19291.74,20898.025,19698.41,1597.3214,-289.20325,930.37915,645.69135,1567.0865,660.3441,0
178520.62,2,1,1,35.150158,-1,-1,-1,-1,-1,-1,3089.9377,1673.0526,5533.7603,4104.383,4494.028,2234.8242,4579.9126,4843.7095,2976.6052,3563.132,2328.5078,2061.9497,0
176608.03,2,2,1,42.518448,0,0,0,0,-2,-2,109894.46,108951.74,107186.17,3311.0896,274.89124,2548.6328,4614.202,7778.6826,-950.77905,181.22823,659.45056,1301.2797,0
178128.11,2,1,2,30.554901,-1,-1,-1,-1,-2,-1,4742.3164,5349.4355,-294.9153,1309.9763,-1910.8939,3835.7031,7585.7437,1099.6803,806.33496,1181.2544,2052.1335,2916.1104,0
61496.74,1,2,1,42.036972,1,2,2,2,2,0,20040.023,17956.092,13910.784,22844.559,17174.662,12292.119,1206.0887,132.65562,1441.947,511.60272,1324.4388,1486.9464,0
448776.44,1,2,1,40.97696,0,-1,-1,0,0,0,96918.29,97853.29,268731.3,241271.48,67639.85,111746.62,108210.62,274219.7,21515.043,-6867.614,111800.64,42137.195,0
55483.277,1,2,2,26.577251,-1,-1,-1,0,0,0,11095.094,348.2127,14613.614,39836.305,36742.117,39999.855,1452.8937,20784.92,9575.778,1704.365,1556.6046,4357.013,0
115168.84,2,2,1,44.01524,-1,-1,-1,-1,-1,-1,4091.797,46270.098,3838.7605,3573.945,14531.796,5067.0273,47386.074,4050.6917,-50.594006,15026.454,2587.17,4063.962,0
81314.56,2,3,1,40.65098,1,2,2,2,0,0,27590.61,25191.445,20225.686,29566.432,22557.42,25083.27,1016.92084,1110.7845,886.2644,2120.2622,1633.7394,5419.884,0
447047.78,1,1,2,34.909718,0,0,0,0,-1,-2,291321.56,248244.45,173121.17,156825.4,-928.91345,1591.047,14449.0625,11743.846,37100.465,2529.0166,386.78088,7380.9785,0
157298.67,2,2,1,36.642532,-2,-2,-2,-2,-2,-2,5352.4023,5735.791,812.3386,863.2146,2412.938,1852.047,2337.0552,4306.8394,1265.6001,2494.661,2404.9504,2488.0476,0
238729.38,1,1,2,39.439766,0,0,-1,-1,-1,0,106868.58,9579.314,17602.314,-909.1487,141400.34,133203.98,3949.5176,18722.414,5766.9673,147142.11,3812.6501,6539.099,0
253389.17,2,1,2,29.666801,-1,-1,0,0,0,0,4601.0,6607.3105,12653.198,12153.076,22961.574,18399.545,8344.135,9013.868,3693.4368,16314.475,3111.9226,2575.694,0
286441.03,1,1,1,40.678993,-2,-2,-2,-2,-2,-2,2547.633,4333.908,-159.93874,5134.3438,4242.7427,1877.8243,2496.939,3770.9924,3958.3357,3747.7456,2516.1787,2653.552,0
193479.05,1,1,1,45.685413,0,0,0,0,0,0,88636.5,93440.36,89437.31,85459.16,75688.41,65978.27,3828.0981,4427.5737,4074.199,4201.7646,2890.0137,3411.5925,0
328712.7,2,2,2,29.427546,0,0,0,0,0,0,32228.459,29550.143,25149.143,22629.277,23768.418,25520.822,2692.2651,3136.6821,3104.9011,2143.0103,2877.5308,3094.0217,0
136347.94,1,2,2,29.78614,2,2,2,2,2,2,112018.06,110179.336,109126.49,109049.01,110223.29,105067.78,4225.391,1413.9305,5309.0757,5306.3296,2144.1465,4123.134,0
162670.52,1,1,1,29.961618,1,2,0,0,0,0,225269.62,236018.34,188532.83,184886.12,215179.33,211366.81,3477.223,17045.691,2755.5232,169149.84,218219.1,-5493.1396,0
63963.652,2,3,1,42.446728,1,-1,-1,-1,-1,-2,2031.211,3619.4158,292.13937,3685.8708,6366.887,3389.5938,2613.2324,980.0958,1782.5027,5172.966,1407.2162,516.0436,0
207756.06,2,2,1,42.53723,0,0,0,0,0,2,160664.25,171981.81,165063.0,205492.84,192406.97,169394.3,8105.983,10971.904,9730.687,30058.79,1783.7933,3285.5002,0
280033.97,1,1,2,20.783964,-1,-1,3,-1,0,-1,-87615.89,830174.7,123325.805,94273.55,108443.42,15209.545,557962.6,952301.25,153860.19,-2896.6045,25999.623,-12151.782,0
196609.12,2,3,2,31.667454,-1,-1,-1,-1,-1,-1,5988.457,-418.58807,6744.053,4716.1836,1401.7194,4114.0625,3925.0247,4822.1523,2979.1814,2962.0857,2211.5935,3782.7642,0
55260.098,1,2,1,44.744347,2,0,0,0,0,0,44899.934,46146.91,38103.863,31516.19,31791.447,33525.086,1157.5695,2703.8613,3642.7886,1490.3164,1912.5778,1378.3331,0
187586.89,2,2,1,38.784336,1,-2,-1,-1,-1,-1,2245.0159,547.48224,858.1394,3332.7185,-633.09314,1127.3556,442.17545,1761.7357,1791.1882,2189.6782,3042.7852,1288.0214,0
274065.78,1,2,1,36.174953,-2,-2,-2,-2,-2,-2,199055.14,233545.3,211017.19,203880.77,217150.39,105262.61,11147.523,7145.804,12258.526,8691.953,3550.9177,178533.4,0
107222.76,1,2,2,28.601727,2,0,0,0,0,0,23644.1,17969.318,14169.53,15781.395,17201.873,23178.3,1402.1573,2531.0637,482.72607,1158.9087,1776.0128,458.25818,0
98064.51,1,2,1,39.17127,-2,2,-1,-1,-1,-1,81680.805,66119.945,14356.165,10495.078,15016.974,11913.654,30112.543,15390.85,9630.339,13996.96,10032.414,8667.541,0
171338.19,1,2,1,45.35254,0,0,0,0,-2,-2,57724.316,47735.715,30952.01,5328.746,-910.6205,1868.3634,2195.6653,4397.0806,-231.42067,2337.9678,892.90466,1200.7128,0
271024.94,1,2,1,34.558765,0,0,2,-1,-1,-1,62116.895,43306.973,13095.093,14019.943,7507.1704,6196.621,10758.978,-138.61635,5049.0806,8386.556,3679.5513,6119.1904,0
220093.67,2,2,1,32.958298,1,2,0,0,0,0,178110.97,175979.11,166858.17,127269.29,124962.12,121990.46,919.8488,7659.5806,5129.3047,4898.754,4436.8086,3610.586,0
247548.84,2,1,2,27.817677,0,0,0,0,-1,-1,20876.854,20441.088,18383.752,12695.887,2960.2622,4117.3594,3279.8823,3948.715,4478.4697,4602.172,3570.1953,2543.326,0
333742.25,2,1,1,35.110424,-2,-2,-2,-2,-2,-2,7892.215,9122.713,-4203.9233,-1987.887,2188.8481,-375.26166,1165.6813,-2414.3005,9117.204,1974.9373,3075.962,161858.78,0
424674.66,2,1,1,35.17444,0,0,0,0,0,0,336388.66,321528.2,308695.78,273639.7,259880.0,251814.02,16058.402,14503.643,10962.129,9821.697,10053.463,10711.179,0
337643.7,1,1,2,32.200386,0,0,0,0,0,0,31174.346,26050.1,27784.686,23468.14,22424.69,17341.621,1730.4628,3161.4766,3148.56,4392.437,2638.2214,1764.1713,0
147491.92,1,1,2,31.062172,-1,-1,-1,-1,-1,-1,1872.8868,-445.38104,2590.28,5075.7656,1314.2037,1272.336,2822.122,2059.943,3511.7305,2344.5295,1737.9615,1180.6906,0
183466.6,1,2,2,30.656103,-1,-1,-1,-1,-1,-1,4472.3906,783.5877,1872.7605,4892.3047,2067.684,4351.203,4733.122,4168.9956,3918.497,4232.867,4339.3867,2829.8577,0
493119.8,2,1,1,35.890717,-2,-1,0,-1,-1,-1,4681.508,25256.855,29563.457,1201.6951,5143.989,196244.92,38705.094,12328.803,9507.195,5953.0186,228906.84,15597.568,0
26298.723,1,2,2,24.742062,1,2,0,0,0,0,22074.84,19923.926,14026.851,12303.068,13028.401,10259.771,2.3653939,1507.7135,1918.4292,929.1469,1992.6444,102.230576,0
166494.47,2,1,2,28.701792,-1,-1,-1,-1,-2,-1,11721.082,-8499.088,-9029.302,-7505.754,-17139.852,97396.25,3434.4258,-42.71644,449.2771,0.86958015,154858.77,6646.6743,0
540033.8,2,1,1,43.0922,0,0,0,0,0,0,85481.23,201277.8,167066.86,157404.52,134234.27,149328.14,129270.14,21586.426,10802.208,16740.057,31469.074,14453.653,0
146629.33,2,1,2,34.059853,-1,2,2,-1,-1,-1,5212.043,-1860.1544,-995.07544,3338.8396,-2167.5698,1879.9845,475.7648,-874.6388,3230.47,1969.1521,559.41174,194.31651,0
211956.86,1,2,1,40.218994,-1,-1,0,0,0,0,5514.0273,4739.3223,4663.5728,9015.3125,8035.067,9643.639,7500.933,3431.9302,2635.9092,2553.4998,2484.0178,2381.0112,0
516788.84,2,1,2,34.058434,0,0,0,0,0,0,130632.055,196044.9,148965.92,276399.5,322387.72,383054.22,27691.6,24122.389,111219.49,45766.51,97997.055,197417.6,0
250406.62,1,5,2,26.50286,0,0,0,0,0,0,95957.14,131084.78,100806.586,176166.88,118758.266,12800.086,24177.992,-926.28186,98168.22,-331.12946,901.6627,152740.77,0
146437.5,2,3,1,40.306847,0,0,0,-2,-1,-1,56762.32,54767.414,3167.6707,8629.625,70.87952,8633.23,13820.514,81.23962,-634.05786,3331.5254,4735.6763,1832.3773,0
268340.0,1,2,2,28.129759,0,0,0,0,0,0,99095.664,76793.03,147297.94,138340.0,83266.32,91683.2,3614.6208,100616.32,4676.3657,3956.181,3666.9495,4075.8013,0
120574.2,2,2,2,30.207521,-1,-1,-2,-1,-1,-1,8784.902,2136.8728,-422.00516,-110.211174,979.34436,6876.7344,2021.0402,983.2665,2347.6106,2654.4055,4194.2837,2279.5894,0
406775.97,1,1,1,45.75234,1,-1,-1,-1,-1,-1,14033.336,4447.0293,9342.144,12293.219,10938.542,3016.7227,5897.161,23945.352,3552.6943,10125.59,2227.0234,4590.609,0
49694.887,1,3,1,39.166115,-1,2,2,2,-1,-1,3819.6526,-1964.3654,2130.741,8941.051,-3615.7925,11415.352,2450.0615,-799.275,530.25146,1420.9956,7458.8633,1469.0004,0
303227.56,2,1,2,29.142876,0,0,-1,0,0,0,32815.42,21778.023,9970.983,12557.904,26491.537,28707.117,4192.303,10073.713,7321.4673,11165.897,4963.244,6819.309,0
366718.44,2,3,1,38.947353,0,0,0,0,0,0,46561.438,45252.61,43071.79,40782.047,38180.566,34727.61,2423.4146,3120.9463,2347.169,4661.2715,1728.9886,3781.6003,0
75728.0,1,2,2,33.614033,1,-1,0,0,0,0,13322.719,17108.545,9304.065,13607.432,12709.6045,11575.391,14136.941,1358.0582,1823.4805,1001.3183,1561.1671,3817.3057,0
63235.105,1,1,2,31.459808,0,0,0,2,0,0,38832.812,39878.266,37430.42,38535.676,34972.53,37494.574,3584.87,5037.3364,255.73119,2267.9658,2457.1829,2469.9255,0
247365.67,1,3,1,43.28795,0,0,0,0,0,2,135999.45,148187.48,146358.33,136682.75,125385.96,114686.86,7165.04,7067.4766,6791.6523,12950.899,960.2184,4057.3057,0
48343.09,2,2,1,46.851593,-1,-1,-1,-1,-1,-1,5424.7305,3391.736,3146.948,6725.789,234.07092,3652.8555,3342.1396,3516.5234,3333.561,1788.6143,2642.9805,6326.657,0
32107.27,1,2,2,29.013958,1,2,2,2,0,0,17781.266,13402.939,11467.206,15147.217,13877.647,12803.814,682.98505,3742.5627,591.49536,1468.5642,2265.8572,434.17322,0
125922.75,2,2,1,35.556313,0,0,0,0,-1,-1,65065.98,49441.03,27802.555,20138.467,1274.3405,13054.393,2894.3333,3353.714,1037.6973,3436.1987,7269.999,7312.7725,0
78133.28,2,2,2,27.027273,-2,-2,-2,-2,-2,-2,8490.25,13072.717,1514.1316,6495.9414,2957.813,3668.1523,5012.4785,3758.7144,6411.9136,3293.89,1569.8563,6299.742,0
70924.414,1,3,2,48.95964,0,0,0,0,0,0,51453.223,50474.2,42189.387,37401.344,24337.85,24656.404,1868.6471,1649.4064,2691.9482,2038.6284,2182.5042,5981.3774,0
103643.42,1,2,2,35.451626,8,7,6,3,4,3,101388.68,105169.2,109857.69,104393.29,106430.56,98959.39,395.45474,-641.0016,1478.4524,970.3212,-181.61021,1045.4313,0
141491.02,2,6,2,48.983818,2,0,0,0,0,0,453374.16,450025.8,437732.25,424631.16,390300.6,101198.01,14679.858,13974.068,11075.097,7747.519,94976.6,178247.16,0
226900.47,2,1,1,31.128439,1,-2,-2,-1,-1,-2,3603.2932,2130.7751,-2173.6067,-5905.6445,1553.5006,-3213.9336,331.9611,861.7875,2165.0002,38.056103,1623.6234,-808.87146,0
36535.145,2,2,2,25.045115,0,0,0,0,0,0,28438.799,30143.463,23172.332,18043.934,17632.613,18588.77,2355.3071,2592.0435,1253.5884,1024.8777,1835.0599,2081.4797,0
161564.66,1,3,1,48.47202,-1,-1,-1,-1,0,-1,1022.9064,-4546.7324,-855.6731,8183.4023,-436.65173,3101.9336,1579.9227,782.6332,1852.7898,1007.52167,1796.9901,3280.1086,0
37480.355,2,3,2,35.088104,0,-1,-1,0,0,0,25247.244,17369.479,22051.318,22391.285,17539.719,19893.852,2199.8247,14782.726,2195.8518,921.35345,616.37195,2661.246,0
206456.8,1,1,2,30.240736,-1,-1,-2,-1,0,0,18320.234,10259.084,-13735.212,161163.83,166948.16,176223.89,1776.3451,-2761.5164,153730.83,3271.6611,7557.32,3472.7979,0
300343.2,1,2,1,39.045795,-2,-2,-2,-2,-2,-2,14060.383,5901.506,96723.34,9943.504,5405.4067,6288.8438,2848.399,96745.62,1324.3696,6177.3906,3900.2913,2829.8828,0
166737.61,2,2,2,28.628689,0,0,0,0,0,0,30093.592,27188.871,21844.045,20203.176,19489.988,20596.064,2572.5974,3555.4749,2853.8752,1711.1167,3548.4062,6487.3843,0
347664.34,1,2,1,30.356045,-1,-1,-1,0,0,0,11469.6875,7147.826,259858.66,236989.38,157165.52,192237.55,4322.472,214843.03,12622.637,12113.016,6733.1553,8580.279,0
155833.98,2,2,2,28.074638,0,0,0,0,0,-1,31138.352,29283.475,17073.746,11329.137,1681.1451,9822.902,3499.6204,3018.1025,1568.2803,2431.653,8063.698,3443.5764,0
413028.78,1,3,2,34.604145,0,0,2,0,0,0,370322.56,360156.7,371923.3,337797.38,363314.4,328921.62,22494.84,3947.55,14905.207,10617.86,17533.074,11371.917,0
186390.39,1,2,2,27.76308,0,0,0,0,0,-1,124223.766,99757.56,67734.87,54004.887,12117.196,157799.42,8803.66,4785.9004,2267.0186,4084.682,170163.97,5608.672,0
274885.34,2,1,2,27.500769,-2,-1,0,0,0,-1,-9203.395,55841.53,52839.062,1531.0896,28997.164,5534.832,207482.22,20593.951,1990.0693,-6363.1772,-2505.7449,170124.75,0
195652.88,1,3,1,43.623837,0,0,0,0,2,0,106942.29,98837.64,103590.76,107588.22,92935.06,92178.81,3250.2708,3346.4854,8277.793,1403.9343,3616.8955,8604.662,0
480306.25,2,1,1,30.623516,-1,-1,-1,-1,0,0,193824.36,54461.18,-14143.165,318622.8,296276.94,354193.75,11981.265,-1550.88,292851.03,2557.6553,9845.796,5903.386,0
49126.723,2,2,2,29.61038,0,0,2,0,0,2,37708.145,37572.066,30177.336,39550.098,39040.8,41316.562,3874.775,-397.77014,2141.6353,4481.0415,1333.8654,2106.969,0
303109.9,2,2,2,39.587162,4,-2,-2,-2,-2,-2,21484.242,-4662.826,-27634.35,217794.6,-12296.972,255175.48,2760.3909,-5769.458,210845.23,-3491.2622,293661.22,-1965.6674,0
378566.3,1,3,2,27.683409,0,0,0,0,0,0,39237.97,36198.832,22250.53,17076.291,16085.235,13253.592,1661.505,286.78015,3467.055,1411.3208,1549.5643,112373.15,0
274553.25,2,1,2,32.40187,-2,-1,2,-1,0,-2,5032.086,-4091.1897,-1002.39575,8239.316,4919.723,5367.0938,1648.2631,1.8802396,6480.9946,468.60223,1517.5858,2083.9653,0
134362.0,2,2,2,32.275745,0,0,0,-2,-2,-2,18228.72,16603.547,1019.448,5759.8438,2868.5278,8422.945,1311.8629,-248.11928,3241.7039,376.70428,1188.0355,1013.72424,0
188236.11,2,1,1,37.998608,2,2,2,0,0,0,141421.4,143210.53,139348.3,135096.67,118478.164,104286.8,8684.801,386.48425,6249.1064,4618.8276,6729.527,2685.2483,0
92266.88,2,3,1,43.504734,-1,2,2,-1,0,-1,2796.973,-2694.2874,-2587.9387,5549.375,-1673.7845,1965.4767,582.0988,-505.56116,2496.7266,437.48553,1196.2623,284.26184,0
106645.24,1,1,2,27.404474,-1,-1,2,0,0,-2,7988.8594,2540.318,850.5886,9215.848,1883.5358,5656.793,7279.363,-295.54456,2734.78,520.8647,618.65735,3518.1943,0
253969.56,2,1,1,34.44774,-1,-1,-1,2,-1,-1,9325.641,1679.576,8924.632,6826.574,-245.42517,5267.297,6266.5933,7406.27,244.58861,1755.273,4173.079,4802.426,0
203723.73,2,2,2,28.675936,0,0,0,0,0,0,178165.73,165014.19,164274.11,159448.52,144305.1,144578.47,6884.929,7665.0815,6089.875,5717.374,6309.8164,7147.922,0
171272.39,2,2,2,26.774548,0,0,0,0,0,0,124301.984,112839.64,105179.81,88279.555,74906.31,73472.586,5162.122,4367.728,4311.562,4485.573,4355.9873,4610.013,0
117346.59,2,2,1,39.880882,1,-2,-2,-2,-2,-2,4780.461,7857.3613,-2043.1223,1041.1951,980.96936,-1459.4257,1462.327,1671.528,1187.332,980.9206,1254.4523,236.59874,0
139073.39,2,2,1,29.872393,-1,-1,0,0,0,0,3925.7932,152748.61,160760.45,150739.0,136541.94,50850.992,157355.75,7255.9697,3737.0923,549.28046,901.475,18279.658,0
78894.96,1,3,3,50.124756,0,0,0,0,0,0,54434.203,42954.273,43578.023,38397.57,32181.916,39736.59,2075.348,2414.859,1006.9929,5281.011,4168.5195,3045.7551,0
298926.62,2,3,1,34.625244,1,2,0,0,0,0,26949.941,21996.42,15836.308,21979.871,24299.186,25674.98,-400.63754,2902.5002,3182.787,3929.6091,3023.8257,748.2706,0
429745.0,2,1,2,32.32395,0,0,0,0,0,0,53292.285,49130.066,45362.152,43355.945,44105.402,38711.734,3689.6968,3632.8662,2977.7722,4156.0625,3802.4678,1976.4264,0
33481.09,2,3,2,27.399305,0,0,0,0,0,0,22827.682,23668.188,25212.744,18983.27,15785.69,19890.264,2839.1873,2523.3281,1053.3508,885.29535,2769.2332,2692.612,0
54694.957,2,1,2,28.566893,0,0,0,0,0,2,23193.543,22303.207,18696.492,13349.475,18868.719,16537.09,1268.38,1752.7238,1085.9131,2013.6128,233.72987,824.3146,0
227738.7,1,2,1,35.47949,1,-1,-1,0,0,-1,3993.7542,3488.9744,-2625.6301,6251.957,208.75842,3632.3281,8926.734,2283.4521,387.55298,822.2233,3945.8958,946.10364,0
92399.59,2,2,1,37.766373,2,2,2,2,0,0,83769.9,90906.516,91541.67,87235.05,84806.99,80820.63,4954.6865,4972.7837,400.72876,3280.101,5143.1685,3613.869,0
377271.6,1,1,2,31.876059,-2,-2,-2,-2,-2,-2,246976.67,176395.19,151629.77,110157.086,79804.61,47965.883,9410.293,5263.834,3058.5957,4397.6113,2380.649,4419.932,0
106179.164,2,2,2,46.37348,0,0,0,0,0,0,61739.71,63858.7,58930.01,59086.562,56307.56,46766.375,2344.071,1846.4889,2716.4802,2657.288,2273.699,3277.1416,0
47792.535,1,3,2,31.19975,0,0,0,0,2,2,30813.988,25127.168,28695.549,30628.24,27403.844,26797.928,295.19254,822.30896,2692.113,1896.3186,1073.5358,1698.1383,0
304231.88,1,1,1,45.406124,-1,-1,-1,-1,-1,0,2486.473,3278.5447,7732.764,3844.7263,9752.188,3218.7344,4762.2593,9176.453,3609.4973,6943.338,267.87854,8158.657,0
58433.55,1,2,2,29.855589,-2,-2,-1,0,0,0,29269.932,4862.7246,16396.469,36075.695,28267.152,43087.33,1257.1442,23482.031,11547.722,2677.3408,4193.1553,4340.0156,0
296865.03,2,2,1,44.257015,0,0,0,0,0,0,212069.92,203890.3,196569.69,191789.12,176088.83,164061.08,8703.78,8807.056,8386.728,6209.7144,8252.806,6684.6606,0
375668.84,1,1,2,28.979883,-1,-1,-1,-1,-1,-1,6904.996,51132.887,3708.8074,1687.531,9819.454,16570.062,66899.92,1899.9642,4451.6597,5218.962,8570.737,11132.247,0
275165.03,2,2,1,32.808838,0,-1,-1,-1,-1,-1,142802.7,2883.9236,8568.952,-481.01978,87306.26,29753.36,2875.8806,9379.229,109.53148,94453.58,17735.53,29764.463,0
133072.42,2,2,2,36.645035,-1,-1,-1,-1,-1,0,10967.867,4929.131,3683.9324,1399.7146,5867.7817,7238.2676,2790.765,2470.9536,3360.2766,4843.0137,2041.0612,1563.8165,0
234889.34,1,2,1,32.37176,1,2,2,0,0,2,174132.97,183280.66,131748.44,34767.92,48864.453,38698.76,6904.009,-3050.3098,4098.128,7508.701,-1047.18,145896.52,0
104535.48,2,2,1,33.75208,0,-1,0,0,-1,-1,7054.586,8699.186,6414.854,3625.4646,3053.0981,2414.504,4974.55,2652.0647,808.9917,15131.409,642.82385,805.7831,0
224480.11,2,2,1,30.929638,0,0,0,0,-1,0,196853.62,200489.69,161681.5,121437.76,49020.395,45001.582,8499.585,9110.202,6805.595,44288.516,6377.6367,6399.835,0
31760.559,1,2,2,25.00505,1,3,2,2,3,2,21981.836,21330.52,14810.134,21172.814,22794.484,19072.182,-175.27328,-1075.6613,3272.282,989.40155,1057.1827,870.7384,0
235241.2,2,1,2,33.268856,1,2,0,0,0,0,71738.47,62474.79,55453.023,60934.434,58554.723,55621.773,-30.544273,2944.6958,4285.3022,6006.804,3101.8289,3875.321,0
205984.19,1,1,2,28.10086,1,-2,-1,0,0,0,7116.6016,-510.7834,10463.062,18946.885,12553.765,5458.3984,90.80143,18521.451,1921.1702,2226.6782,2591.897,3442.0103,0
96270.66,1,1,2,32.249504,1,-1,-1,-1,-2,-2,4181.8047,718.2518,-1873.6848,-414.219,-362.83142,1325.547,1260.674,844.17957,1011.0061,678.26263,1284.2657,502.23572,0
219791.66,1,3,2,29.283623,1,2,2,2,2,2,238749.22,230824.23,238196.38,237536.72,239417.97,209612.72,9102.909,15974.148,4714.5747,9736.116,-379.32996,8519.066,0
151004.23,2,2,1,28.449652,0,0,0,0,0,-1,53035.12,47492.01,38760.637,41104.402,10291.987,30684.615,7873.833,4124.2095,5219.963,4770.0044,29810.95,33202.426,0
157630.2,1,2,1,27.333307,0,0,0,0,-2,-2,13571.469,148851.06,146394.31,45471.906,4891.356,5212.867,149805.45,3690.6462,1745.7451,530.38007,586.5001,1817.3588,0
248813.77,1,1,2,30.232796,-1,-1,-1,-1,0,-1,2865.8752,998.8807,1746.3074,9264.254,2968.6724,1225.5275,7647.3335,7569.1416,8320.912,1182.742,1296.2843,7191.6157,0
331058.16,1,1,1,45.35792,-1,-1,-1,-1,-2,-1,1696.8712,-2143.2874,-1228.5793,6011.6016,3743.6216,2649.496,1657.91,292.40125,3688.9783,5526.298,2282.569,1663.7731,0
165718.05,2,2,1,37.66933,-1,-1,-1,0,0,0,8449.996,3570.029,8253.374,14639.793,9929.599,9118.773,4609.0156,13193.678,5303.5728,1085.9407,1098.5458,2338.0322,0
244428.73,1,1,2,33.699654,-1,-1,-1,0,0,0,7026.879,2611.9314,8866.722,15166.252,16224.302,14234.348,4876.553,14005.844,3177.0073,5156.3486,1719.5052,5971.65,0
631491.3,2,3,2,33.65428,0,0,0,0,0,-1,403065.5,405407.0,386017.56,349375.06,352182.03,171653.02,18404.672,29891.19,6350.7446,14014.641,166366.3,102722.6,0
196998.83,2,1,2,32.054512,0,0,0,0,0,0,81538.46,80461.91,74013.46,67969.82,58414.48,55826.254,4322.4336,4584.9976,4474.3164,4937.0947,6072.5356,3406.6033,0
496626.5,1,5,1,32.208427,0,0,0,0,-1,-1,235527.55,213373.14,219178.1,19419.625,82756.97,-11981.125,16124.663,230641.22,47701.74,103498.12,-4332.54,85754.82,0
112387.586,2,2,1,41.73394,-1,-1,-1,-1,-1,0,3071.8323,8533.596,10086.472,5092.4727,7552.53,3931.789,6362.7563,9905.32,3180.0286,4229.3335,1039.9811,4201.229,0
43854.52,2,3,1,55.844124,0,0,2,2,2,0,26859.99,23956.846,25531.8,31164.098,22833.336,27918.137,2529.2766,553.4564,1005.1177,1633.54,1871.1786,2971.507,0
362773.34,1,1,1,42.49655,1,-2,-1,-1,-1,0,211.63687,474.56036,1079.3503,4686.7734,4464.614,1343.84,15.432288,1092.3717,5834.2153,4715.449,744.0853,86.946396,0
173607.1,1,1,2,46.326313,2,2,7,7,7,7,-1318.789,6403.3926,2480.8308,965.75366,6126.313,1583.8009,11.469886,-1022.91077,1134.8752,628.43866,-1104.0052,-313.84558,0
116124.08,2,2,1,32.710835,-1,2,-1,0,0,0,7660.1094,148.40411,-495.68094,5976.2812,3421.3013,6211.9434,519.6208,6316.599,2948.4944,1132.2991,950.74866,1211.5895,0
373427.5,1,1,2,35.197105,0,0,0,0,0,0,271063.8,284434.16,265877.28,245199.61,251094.95,244793.83,13495.073,13249.639,10826.521,12071.068,10962.188,9964.248,0
316001.0,2,3,1,30.578875,-1,0,0,2,-1,-1,18209.498,514.06036,1497.7214,5111.375,-3746.4526,5038.6055,2539.587,4056.4084,567.4402,2706.1528,4417.8447,6094.233,0
243898.67,2,2,1,31.499945,0,0,0,0,0,0,106841.21,102448.484,85615.38,79265.875,70984.58,65801.11,4368.3794,5094.345,3950.7646,3694.4497,3753.672,4940.2065,0
41261.113,1,3,2,24.661377,2,3,2,0,0,2,21108.549,14451.221,10567.132,15436.875,13034.548,14633.16,-841.3553,-797.96545,1574.3684,3506.4963,1358.308,5214.9097,0
221010.34,1,2,2,28.294966,-2,-1,-2,-2,-2,-2,46628.22,7734.326,-11512.45,223096.58,45363.5,-19.589779,1171.6964,-1965.2413,128000.45,3237.2559,2568.723,264.68176,0
89910.625,2,2,1,26.771734,0,0,-2,-1,-1,-2,9515.84,4094.9705,-55.82155,-4074.0159,723.61,2466.621,855.58124,4180.5557,1989.2947,499.69012,5443.689,1089.33,0
556145.3,1,2,1,37.77516,0,0,0,0,-1,-1,115900.41,95796.76,77116.73,26434.201,19893.94,254589.72,5057.565,6045.883,-1475.4036,834.4841,306590.03,6603.645,0
75980.76,2,2,1,37.704422,0,0,0,0,-2,-2,18109.092,20896.402,9133.417,1381.3162,-830.85876,1907.5001,1753.393,1893.9386,-356.05005,-492.84137,540.433,360.60803,0
283240.06,1,2,2,29.404922,0,0,-1,-1,0,0,61677.465,34884.72,1107.2878,83986.72,40663.562,41240.54,7319.4214,6105.046,89804.695,15830.64,3892.024,2143.626,0
305634.8,1,3,2,29.275906,-1,0,0,-1,-1,0,92142.445,75074.766,-3614.1497,2192.1912,244387.16,221572.89,4338.194,2403.21,2079.3364,190129.08,11464.682,5980.023,0
547112.44,1,1,2,36.04472,0,-1,-1,0,0,0,141851.11,70674.18,142593.88,534009.75,377796.78,349781.47,15264.372,170650.77,331539.34,7568.108,-2896.6604,23479.953,0
118381.125,1,3,1,41.73516,-1,0,0,0,0,0,63421.605,64526.61,63775.957,63995.043,54108.93,62217.41,14171.55,2077.5754,2472.0159,4925.1,5855.0693,5210.7393,0
250667.0,2,1,2,30.408592,0,-1,-1,-1,-1,-1,14596.031,3677.0916,9569.452,-1748.2151,10319.821,9007.152,3739.302,7371.9146,1791.3811,7462.194,2541.2268,3643.9812,0
119156.06,1,3,1,33.147545,1,-2,-1,-1,0,0,4958.164,-720.3459,4990.4634,16148.318,8658.05,8590.373,108.34782,11461.601,4271.79,2393.475,980.298,2590.892,0
28061.129,1,3,1,59.73637,1,3,2,2,2,2,22955.99,16516.92,21594.268,26941.47,21948.342,23261.615,174.83951,883.6244,1042.3765,2356.8928,1463.3715,1690.0597,0
50401.316,2,1,2,44.03237,0,0,0,0,0,0,37495.727,41684.906,40374.984,38222.598,29613.592,24489.406,2963.1472,2793.135,1493.5452,1530.531,2152.5938,1775.8812,0
362818.38,1,2,2,34.976963,1,-1,0,0,0,0,358719.34,469370.44,427216.47,241848.81,285028.62,216526.5,399593.78,42272.43,9957.996,-14026.367,3456.2424,16411.018,0
72852.49,1,2,1,31.69635,0,0,0,0,0,0,51601.02,49870.99,47934.516,45443.867,36203.62,33980.934,2641.1594,5664.745,1904.5562,2412.0774,1875.9816,1970.4598,0
563402.0,1,1,1,60.67802,0,0,0,-1,0,0,579061.4,490106.88,538157.4,399423.6,354757.34,369783.38,26875.264,70991.14,321373.84,30910.58,15579.771,58957.594,0
505549.06,1,1,2,39.878227,-1,-1,-1,-1,-1,0,8571.238,93809.6,-11159.403,12597.375,102734.26,-1712.0311,93704.52,3528.11,117041.25,122644.65,-1213.829,978.6046,0
100779.12,1,2,1,28.934357,0,0,-1,-1,-1,0,77139.69,18620.64,2838.8074,563.0154,62104.746,51570.0,1275.0714,2909.7112,-385.67163,57177.22,2585.564,276.04358,0
343357.28,1,3,1,30.852747,1,2,2,0,0,0,238989.47,215981.23,161784.47,156102.22,143404.8,229656.39,11993.056,883.4154,3958.5144,5879.378,99099.93,-374.55847,0
272242.38,1,5,1,43.36794,0,0,0,0,-1,0,356253.78,257929.08,215189.61,-167233.36,192591.14,167946.55,9287.5625,10330.316,1523.3523,307878.06,8435.417,4946.3887,0
83791.516,1,2,2,30.18576,1,-2,-2,-2,-2,-2,4679.965,5238.783,-2559.2434,-354.1057,-1084.4056,-2648.2266,524.30096,-252.76674,553.90015,1561.7905,719.098,-259.05212,0
347855.06,1,1,2,39.280415,0,0,0,0,0,0,81613.15,80514.83,79663.53,77957.195,78318.555,76514.55,4455.185,4566.5938,4265.1025,4815.091,3877.5273,2942.2212,0
254449.58,1,1,2,31.142826,0,0,0,0,0,0,126706.055,107370.16,37629.14,171413.73,169385.97,155049.05,5658.3726,4953.444,119794.74,17461.307,8129.7627,5717.343,0
84131.3,1,2,1,47.619873,1,-1,0,0,0,0,41502.082,36777.535,33039.99,40488.746,27875.074,33738.066,37319.51,5117.5806,3291.3354,2142.213,10086.57,10812.787,0
127512.766,1,3,2,28.206823,0,0,0,0,0,0,86585.16,86915.64,82233.49,69939.09,64058.223,59737.02,5057.6797,3174.1594,2651.1948,3809.3203,2948.0203,2877.2515,0
75042.74,1,2,2,28.076803,0,0,0,0,0,0,62211.055,57991.754,52187.812,49190.242,42383.555,43408.766,2547.8943,2895.3606,1695.5071,2130.797,2508.6714,2260.695,0
75132.875,2,2,2,28.584513,-1,-1,-1,-1,-1,-1,3516.555,1220.2518,2435.2917,792.0349,-438.1869,2831.746,2626.532,1249.2511,1885.145,489.56952,2129.904,1184.8717,0
281246.75,1,1,1,30.036545,0,0,-2,-1,0,-1,185590.2,-1284.5919,-2036.259,-40.343987,7299.274,1347.1759,41.029945,1264.7689,2094.692,1542.2849,2717.6096,686.57336,0
360451.06,2,1,2,31.315815,-1,-1,-1,-1,0,0,38916.53,35027.0,25421.812,142684.22,138605.23,106954.61,20369.303,37424.32,117418.92,42954.465,11686.731,44239.098,0
157212.69,2,1,1,26.512972,-1,-1,-1,2,0,0,6244.6094,5155.1855,7659.4087,4382.0312,14786.374,11857.0,8711.143,6399.7383,111.427475,13067.063,3249.6597,1279.4615,0
70445.22,1,1,2,27.267872,0,0,0,-2,-2,-2,47505.33,33838.55,1722.6667,2421.1248,-1093.4095,3366.5156,3030.1028,-241.33119,-19.65846,869.05975,680.26746,1533.9127,0
435365.22,1,1,1,50.777443,-2,-2,-2,-2,-2,-2,7757.961,38054.867,1981.1082,13382.482,25289.37,34416.438,35884.516,5435.615,6012.4165,24476.84,26196.236,13202.699,0
301910.66,2,1,2,33.380806,-2,-2,-2,-2,-2,-2,8091.289,42701.023,11470.269,10256.986,8374.942,4714.258,37345.906,11068.601,11392.728,5066.464,4790.0674,5798.635,0
59782.426,2,3,2,35.471672,1,2,-1,-1,-1,-1,8217.57,5464.6973,7952.8657,4680.0664,7028.8794,1153.6095,65.65348,7308.069,6624.7793,5809.4995,1949.1141,2193.4802,0
361027.8,2,1,2,31.990227,1,-1,0,0,-2,-1,2630.7346,1383.9432,6022.069,-105.44164,472.0631,2682.3281,2356.5295,3787.033,2771.7515,1016.8349,4162.1597,347.79846,0
322487.62,2,1,2,35.75863,-1,-1,-1,0,0,-1,17343.984,767.73615,27234.438,23942.549,3308.1099,48465.316,9078.861,31294.973,4810.652,2021.5796,51263.703,3188.159,0
457987.34,2,3,1,43.126297,0,0,0,0,0,-1,99106.41,126698.64,155418.64,131882.17,122674.53,28260.004,29310.883,50509.51,3201.2764,22668.963,30835.062,36585.652,0
59073.207,1,3,1,40.808723,2,2,2,0,0,0,36217.902,28711.152,25295.824,13564.566,12741.657,12577.637,2220.0908,1264.182,132.53831,574.7944,1213.1608,2129.114,0
345711.16,1,2,1,42.498657,0,0,0,0,0,0,88426.94,92384.81,86235.586,85309.39,88192.98,89226.03,7659.9736,4846.2085,6029.5737,9033.748,6160.6284,6785.3965,0
85909.266,1,2,1,38.092453,1,2,0,0,0,0,79514.86,79035.75,65672.59,68784.445,69299.305,66728.61,641.1413,3140.093,3719.4443,3129.8872,3248.9805,3370.6897,0
154459.42,2,1,2,30.319996,-2,-2,-2,-1,-1,-1,2759.7698,2080.5486,908.2566,-1118.9573,5591.141,1880.1564,1059.6046,1415.2845,2013.5989,6410.3594,3323.5183,58.299427,0
21984.105,1,2,2,30.030622,3,2,2,7,7,7,2775.6565,920.7635,-300.45047,3006.6443,2196.6763,3248.1055,-283.41098,-77.927864,709.199,125.06123,-82.22154,-25.503307,1
182821.34,1,2,1,32.577232,0,0,0,0,0,-2,150334.28,103669.71,88219.7,27286.324,833.53577,3983.211,4423.6377,6057.923,796.77295,2754.4644,3044.705,1112.6964,1
37745.566,1,3,1,33.230907,0,0,2,0,0,2,21084.64,14333.17,11438.851,18218.459,18192.766,18704.621,2908.0168,336.96912,2073.5774,4281.464,1248.7196,1276.3258,1
50702.105,1,3,1,52.90286,0,0,0,0,2,2,27791.848,24922.836,36150.684,43965.75,30531.916,37554.4,1066.4667,3415.9365,2423.8948,2419.8213,898.66614,2801.3044,1
194879.84,2,1,1,43.335163,-2,-1,2,2,-2,-1,3773.6292,288.85333,471.2136,4561.379,347.23108,3105.664,3057.1797,-331.30725,853.8882,3114.7825,2403.566,1799.359,1
281524.9,2,1,2,29.673977,0,0,2,0,0,0,206948.17,211164.64,189308.92,190080.73,151662.5,138641.69,14063.47,624.03503,7858.3105,16581.791,7127.0664,7505.196,1
205389.39,1,1,1,38.134224,1,-2,-2,-1,2,2,28963.938,20525.174,3423.4832,3574.1013,3871.8442,2964.1758,-475.45932,-259.15686,4598.5396,986.3737,3467.8413,-1278.0023,1
160025.84,2,2,2,32.964485,2,2,2,2,2,2,109220.85,113334.234,116857.23,120777.92,122048.06,111682.27,4675.3203,5329.9897,3985.2825,5233.686,3501.1077,2938.6973,1
218941.55,1,2,1,36.475075,-1,-1,-1,0,0,-1,13278.238,-10221.146,-6330.388,5476.75,-7763.8237,70751.75,4135.563,1638.6691,1978.9092,2140.8796,90285.625,5209.802,1
317245.4,2,3,2,36.24771,1,2,2,2,2,0,284657.97,294076.53,275455.84,279727.38,268324.66,226867.78,12028.151,-642.96497,14927.695,1686.0691,8298.707,35044.64,1
260656.25,1,3,1,41.967583,-1,-1,-1,-1,0,0,9377.719,-2119.4944,3785.3035,19785.621,14691.261,16695.21,2634.4968,8141.8745,10915.548,3151.3054,2344.142,4060.0466,1
122858.02,1,1,2,29.635473,1,2,0,0,0,0,109134.43,105400.25,98781.734,103210.91,78992.56,62598.574,402.0895,4567.757,5180.8325,5308.504,4400.651,1291.3334,1
75513.13,1,3,1,43.63589,2,2,2,2,2,0,21725.38,19267.375,20686.926,25866.326,23126.576,25456.197,1302.2574,678.9354,961.26587,584.9421,1280.1866,2323.5166,1
203028.95,1,3,1,41.721077,2,2,-2,-2,-2,-2,21898.256,1861.6073,-3602.927,-2334.7307,79.11389,-1138.1249,-445.72495,79.12243,329.3269,552.0202,658.57825,-139.37538,1
61159.3,1,2,2,32.146,2,0,0,2,0,0,29080.621,25466.55,26276.617,26139.146,24685.117,29146.873,2564.6467,4118.422,-41.029064,1180.1748,2688.1243,2228.9268,1
28435.988,1,3,1,43.624092,3,3,2,2,0,0,17276.203,13209.904,12885.472,21741.045,16454.684,14943.271,356.25552,693.3036,693.2368,993.28217,1760.6671,851.1293,1
63266.348,1,3,1,50.243237,2,2,2,2,2,2,34622.94,30076.033,34998.53,39637.94,36667.953,36930.234,1256.5831,970.8971,1421.1584,2947.4102,870.9364,2440.9485,1
72823.54,2,3,1,38.15766,0,0,0,0,0,2,45760.76,46151.914,37285.09,39287.258,36487.527,34745.11,1854.0629,2890.3777,2231.7122,3404.8328,303.96912,4015.5803,1
199570.42,1,1,2,28.332485,4,3,3,2,2,2,149880.62,145412.95,145178.33,160361.06,154572.45,187261.14,1990.0797,481.86365,5654.0796,5378.5283,26913.842,3901.7515,1
64672.41,1,3,2,26.881384,3,2,2,2,2,2,16809.668,10664.646,9472.718,14924.371,17085.492,16892.543,-524.15656,27.566275,2069.9812,1009.93964,1462.631,3237.3486,1
72342.81,1,2,1,32.416626,-1,-1,-1,-1,-2,-2,8498.344,-721.799,-2972.9543,1251.2224,-163.77673,2680.4062,1637.2672,1201.3969,404.0271,258.39642,1066.5968,1026.8856,1
226900.64,1,3,1,43.561054,2,3,3,2,2,2,182372.25,194869.42,175544.08,179880.05,181846.34,162272.94,7888.5107,-1148.4855,3284.6794,11531.913,5384.8057,4189.821,1
188234.62,2,3,1,39.10785,-1,-1,2,0,-1,-1,4543.047,2841.9197,3362.241,9608.371,-1256.5853,5999.8984,5820.062,-378.17444,341.9065,1823.3572,3304.9985,3225.7715,1
142182.17,2,1,2,29.945591,-1,2,-1,-1,0,-1,2650.969,-867.64276,1506.8269,-1898.8245,-814.85486,807.5899,436.49088,1710.028,1687.5715,1305.0576,1466.2562,428.27502,1
48429.324,1,1,2,26.949297,2,2,0,0,0,0,31098.238,29469.014,26969.025,22512.883,22914.156,26295.053,40.492836,2518.9968,1751.8579,1099.5801,2473.5369,669.8595,1
276283.06,2,1,2,32.75257,-2,-2,-2,-2,-2,-2,4350.953,4190.6387,2687.1511,-3189.3323,4224.5513,1192.0822,1270.452,3846.3782,1675.9802,3640.2285,1974.1476,1477.7255,1
195759.66,1,3,1,37.127316,2,0,0,0,-2,-2,125990.18,115815.65,87095.03,1944.7458,-1900.1947,3505.9102,4404.4365,4527.2,-483.44507,1212.1062,1855.6515,963.59705,1
197303.9,2,1,2,36.209393,-1,-1,-1,2,-1,-1,7565.1367,-2982.2756,2116.155,2540.0857,-893.15173,4601.4688,1734.43,515.01404,859.6223,2503.0396,2354.5505,2193.6777,1
48029.746,1,2,1,35.190765,3,2,2,0,0,0,37229.383,36224.566,31836.08,23563.432,25690.318,23989.92,1055.3793,386.30212,1443.1809,1160.9822,2312.94,775.089,1
79103.48,1,2,1,40.549194,0,0,0,-2,-2,-2,53257.92,42042.63,-41.18483,5803.9688,-1811.5619,4237.867,1845.6373,135.52428,568.3059,1109.0938,1208.7579,1369.3673,1
114470.55,1,3,2,31.42825,-1,-1,-1,-1,-2,-2,8080.051,-1083.9591,-3151.7434,1544.3904,-2413.058,3473.1172,3220.3806,733.65125,716.90674,996.9985,1222.1698,1047.9567,1
170412.42,1,2,2,29.750301,0,0,0,0,-1,0,30845.457,20127.354,11478.71,8655.145,23325.064,24728.074,3473.8115,2300.3262,3965.7312,28847.816,2594.7368,2351.3552,1
100365.99,1,2,2,28.893637,1,3,3,2,2,8,78832.125,87984.64,84195.375,87539.445,84616.84,74180.59,5152.9727,-2072.7366,4315.9155,13355.326,3740.4214,6489.0796,1
82018.74,1,3,2,27.982704,1,-1,-1,-2,-2,-2,8608.297,279.65802,-2680.9973,3378.4646,-2032.4916,3030.5469,1626.745,-1511.964,1086.565,1316.1926,1158.2172,1574.4742,1
91599.76,1,2,1,36.068256,2,3,4,4,4,3,62730.035,67898.57,69175.38,74689.54,75398.63,68728.48,3583.3296,3894.9329,4587.632,4769.355,3018.6067,3344.1875,1
62045.316,2,2,2,28.552008,2,2,2,0,0,0,53478.152,54885.207,42861.312,39267.047,39520.613,37891.36,3926.477,290.7245,1424.3762,2045.4312,2987.535,6932.5347,1
497007.84,1,2,1,43.420387,0,0,5,0,0,0,140080.64,223458.66,380487.06,317850.34,321844.47,346629.72,12591.768,316119.94,6768.2173,8959.573,8465.906,11712.388,1
81129.125,2,3,1,42.313118,2,2,3,3,2,2,49766.996,49385.438,55406.008,58751.266,56682.832,56829.715,1622.5094,2346.1504,2284.5789,2562.8757,1819.326,2861.5684,1
70832.36,1,2,1,35.121952,0,0,0,0,-1,-1,15937.73,9047.467,8071.5454,9207.516,4247.2505,4865.914,1501.6818,1947.1002,2121.306,8405.779,1955.8971,5412.2397,1
96255.68,1,1,2,29.70666,-1,-1,-1,2,2,-1,7531.3438,-707.5334,1486.573,7420.6562,-418.03455,7393.5938,3500.7166,-223.62074,828.1328,1912.5132,3576.6946,3663.6047,1
113722.055,2,1,2,30.69216,1,-2,-2,-2,-1,-1,5961.16,3551.3064,-2580.6223,2311.3474,152.39514,-645.664,271.45523,-898.5167,2117.1104,3174.4224,1460.8959,-185.4291,1
362909.72,1,2,2,33.35093,0,0,0,0,0,0,52143.64,90801.34,181457.9,186571.1,173787.89,184447.45,48206.574,101504.445,7481.2705,6819.5215,9279.503,8564.561,1
281199.78,1,1,1,44.322098,1,-1,-1,-1,-1,-1,2227.512,-1272.4279,-222.80202,3607.1091,1441.442,2586.5781,1814.2526,2022.3683,2236.23,3718.714,3198.349,1768.0865,1
63835.605,1,2,1,43.609585,2,0,0,0,0,0,47593.56,44399.746,42954.543,41458.188,35151.566,37447.457,2034.4069,3261.0984,1428.8767,2182.561,2337.4893,3752.8962,1
45387.902,1,2,1,44.034485,0,0,0,0,0,-1,35528.656,29236.518,28963.723,28020.334,5229.5317,5532.5195,3942.907,1723.409,2273.9307,2379.6863,3590.3152,5459.515,1
112351.35,1,2,2,29.423342,2,3,2,0,0,0,115139.914,105959.516,102153.55,109923.766,103787.36,100775.07,-327.1898,-1157.7867,5217.916,7592.5293,3742.4148,23588.975,1
21311.95,1,3,1,41.05747,-1,2,0,0,-2,-2,12202.488,5241.881,-2383.4973,-2341.223,-3543.9019,1267.9806,302.53677,1046.9032,106.28197,357.51654,1909.9872,-214.60732,1
60380.95,1,2,2,31.605972,0,0,0,2,2,0,28592.95,25948.408,27871.457,33227.996,22118.416,28378.281,1559.3055,2483.6074,1605.3286,843.8427,1630.42,3029.8926,1
53245.76,1,3,1,40.289215,0,0,2,2,0,0,31646.008,29818.68,24534.328,36626.83,27559.611,33419.62,3916.284,955.2704,104.245834,1558.9705,2316.7314,2585.5542,1
58637.02,1,3,2,29.026972,2,2,2,2,2,3,32347.219,27597.547,26424.777,34868.992,37376.883,39589.2,1072.141,1689.6986,2464.5535,6206.9995,753.0939,1523.4525,1
256926.11,1,1,2,32.229855,2,2,2,0,0,2,148632.95,165620.9,156799.27,166307.66,187093.56,166404.38,9402.631,734.0917,6858.245,13107.022,5416.6685,4583.7373,1
209504.4,2,1,2,31.767466,-2,-2,-2,-2,-1,-1,7273.0586,5065.5176,567.9949,-2229.59,517.6842,2726.2734,2898.6238,1420.93,918.7002,2467.0688,3174.0598,5509.265,1
161776.48,1,1,2,30.030191,0,0,2,2,2,0,43296.062,45550.547,37945.305,50220.24,42502.227,47985.39,5998.8706,-785.2384,3206.7231,2106.8557,5519.1367,2532.1475,1
34359.277,1,3,2,28.73459,1,2,2,2,0,0,22038.42,19174.074,12369.187,20637.76,18355.027,19055.29,1125.38,186.99352,995.272,1795.0554,1830.5692,475.58264,1
81323.914,1,3,1,41.475296,0,0,2,2,2,2,14899.414,11067.357,14852.716,22044.54,16523.324,19141.28,1609.4647,31.61315,589.6343,2515.043,1302.3497,1838.2289,1
36448.957,1,2,2,28.931427,0,0,2,0,0,0,18078.617,16100.916,12040.108,19156.781,12093.843,16245.092,3153.6726,-71.02845,706.4895,721.6889,1584.8138,2326.3184,1
165475.45,1,1,1,48.126743,2,0,0,2,2,2,67242.4,65976.06,89627.5,89337.3,87904.195,85790.76,2360.7422,22071.2,1161.384,7788.2495,2671.8015,4604.14,1
80563.92,2,2,1,35.431805,0,0,2,2,3,2,46838.78,47784.04,43654.42,56383.94,54137.44,53272.746,3852.9817,3839.6477,3585.6628,104.1938,3328.3643,1477.0216,1
22016.918,1,3,2,27.026524,0,0,0,0,0,-2,20223.158,15903.189,16209.11,20492.932,-2538.7456,6497.8984,1662.588,1732.1852,1382.5923,1270.2864,2162.3962,1367.5101,1
126145.195,1,3,2,37.24477,1,-2,-1,0,0,0,7304.121,-2150.092,3310.7175,13060.303,7220.481,2407.5508,-55.055992,11128.653,1542.97,1702.6853,1464.9164,1231.1842,1
290574.94,1,1,2,34.590454,-2,-2,-2,-2,-2,-2,2221.7268,1993.412,-48.54811,-887.12915,1379.1061,394.2657,777.1091,816.5858,1955.4077,2024.9419,1694.3702,1381.3397,1
160373.52,1,1,2,33.0233,-1,-1,-1,-1,0,-1,6069.25,-3791.9202,-952.6262,7518.6016,802.7467,4414.8047,2866.407,2561.526,4757.459,2724.6594,4121.296,2844.0967,1
96088.08,2,2,1,33.639442,3,2,2,2,0,0,75202.2,77089.68,72637.26,74516.89,75546.8,74114.77,1317.2643,3807.8672,3172.3525,970.95355,2572.0835,3913.5945,1
55338.926,1,3,2,28.155651,0,0,2,2,2,2,25017.838,20488.855,20431.848,28382.562,24451.895,26665.082,2341.7837,-537.4796,1519.9768,2025.1135,2159.5605,1420.4681,1
191714.42,2,1,2,32.34368,1,-2,-2,-2,-2,-2,5453.199,4557.1035,-937.1028,-3498.922,113.22327,-2581.3984,264.1403,-270.66125,724.42847,345.1435,494.21765,-951.0814,1
130143.1,1,2,2,25.168224,0,0,0,0,0,-1,31190.373,145731.03,137212.92,64691.387,20790.229,89756.33,136235.75,-2443.742,75339.695,893.50726,86717.49,16328.51,1
31293.77,1,3,2,26.777557,2,0,0,-1,-1,-2,14121.707,10175.115,5187.354,851.8982,-1465.9174,4714.715,1560.4906,1583.3483,1377.3486,3734.9324,905.9208,391.32727,1
304103.28,2,3,1,33.941257,8,7,-1,3,4,3,325731.53,326528.28,321701.16,307189.75,308085.8,300399.2,518.89764,-1821.6471,2866.2095,2558.7664,816.3688,3841.164,1
22250.184,1,3,2,31.316538,2,2,7,7,7,7,2851.0198,7199.5723,2293.0378,60.57789,3078.0903,3801.1602,73.46696,400.61023,210.43529,109.26485,-349.98914,-194.66054,1
217745.1,1,2,2,36.261726,-2,-1,-1,-1,0,0,21577.727,10256.158,1770.6628,6940.1094,4945.5435,6588.375,11969.688,1534.5001,8204.229,-661.23004,3193.7622,1269.6876,1
46929.715,1,1,1,34.903687,-1,2,2,-1,0,0,6835.0117,660.9119,-958.1223,3810.7537,3805.1177,1739.9493,421.4059,470.14832,4901.6855,176.15889,1012.76184,-989.8646,1
76224.414,2,2,2,35.866226,0,0,2,0,0,0,59355.504,61151.113,53178.895,58688.715,52263.945,57498.15,6305.33,-626.74475,2701.864,2967.032,2630.2131,4231.69,1
99980.62,2,3,1,45.079662,-1,-1,2,2,2,-1,6536.3164,-604.8381,1166.4949,12521.891,855.46936,7096.498,2317.5195,-1338.0416,1895.4219,1815.8362,2702.82,4876.246,1
70011.375,2,2,2,32.11063,2,0,0,2,2,2,27299.543,25272.02,27594.807,26830.564,28102.658,35464.066,1344.9843,3066.1814,772.8684,2977.5784,2494.272,1681.4244,1
319780.6,1,3,1,37.54236,0,0,0,0,0,0,27133.234,22308.088,18791.965,22760.662,27839.89,24985.19,3226.3438,2835.0015,2374.4277,10886.672,3850.4128,3969.257,1
47447.38,2,2,1,38.87341,1,2,2,2,2,0,18892.799,16152.447,13160.956,21641.064,16491.867,17486.932,500.85562,455.0282,1497.541,932.36053,1224.1351,1719.2452,1
59380.816,1,3,1,45.080887,2,2,0,0,0,0,42806.05,37557.844,39558.758,34460.58,30834.607,32477.64,21.905922,2924.2417,1130.5605,1957.9355,3310.8733,1243.9899,1
56141.44,2,2,1,38.257454,1,2,2,2,2,2,34604.06,33305.01,28369.582,38711.203,36813.773,32329.887,843.7531,1902.1056,1558.9673,2684.288,1041.2604,2053.6233,1
34433.05,1,3,2,33.706867,1,4,3,2,0,0,28982.344,27450.18,18157.457,27068.812,19623.895,18726.299,-23.033531,-2361.8123,1607.6421,1756.7554,923.8229,4177.026,1
110937.586,1,2,1,38.292915,-1,0,0,0,0,0,13812.926,8180.998,7326.604,13388.797,7503.11,12605.766,1650.7584,4194.6836,1447.0154,2252.331,2430.963,2943.5537,1
187673.03,1,3,1,36.58883,0,-1,-1,-1,-1,-1,42929.156,1659.4315,5977.944,6539.6562,5717.739,2503.4258,3223.8328,2676.9968,5601.3423,3715.5432,2572.6372,25881.93,1
204212.73,2,3,1,39.417812,2,0,0,2,2,0,147689.31,146950.88,144296.83,129244.336,121019.09,125170.336,5802.053,12180.813,1643.4043,4924.518,5487.4346,6118.7915,1
209907.45,2,1,1,38.076332,-1,-1,0,-1,-1,-1,7695.8203,1979.5956,1344.737,11151.102,-1790.4095,4432.633,4122.334,3166.2458,5634.742,3675.5684,2007.0172,453.90808,1
40368.082,1,3,2,30.542063,2,2,4,4,4,4,5120.3867,6092.748,2850.1042,-765.4065,3039.1099,2341.2227,-0.50277007,100.68151,-69.70387,-420.67438,59.475235,-108.20351,1
66655.18,1,3,1,37.200672,-1,-1,-1,2,0,0,10098.574,5455.5176,6021.03,11619.57,7661.5454,13889.402,5208.8804,5219.3706,19.703356,290.78436,3004.0232,1880.0297,1
149931.42,2,1,2,31.179693,-1,-1,-2,-2,-2,-2,12148.195,-71.58025,-2825.8606,-585.1682,-1748.7455,903.793,510.82974,796.56775,691.04614,292.70282,674.381,311.07336,1
242828.73,2,2,1,29.568602,0,0,0,-1,-1,0,47269.375,28905.242,12109.1045,6758.8633,9659.468,11859.797,1694.4037,2529.5696,741.5647,10558.478,2091.927,2767.2085,1
202702.94,2,2,1,38.34842,-2,-2,-2,-2,-2,-2,5255.832,3880.9978,-959.5364,303.7849,760.9225,1483.8673,1437.0721,2741.7742,1549.1531,1335.8738,2300.995,938.6034,1
261819.19,1,1,2,32.622173,2,0,0,0,0,2,241695.53,241410.12,217560.1,216850.7,231996.16,202645.75,3884.4429,12682.86,10178.123,18837.635,2134.7097,4256.5503,1
69756.06,1,1,2,30.730602,1,2,0,0,2,2,25833.049,22598.098,15124.491,20355.7,23034.826,27641.096,-341.68393,932.246,3571.0432,1587.9021,4169.6143,-231.35732,1
321648.56,1,1,1,44.38435,-2,-2,-2,-2,-2,-2,794.21106,2029.7284,-536.3567,3271.9841,1038.8092,838.30865,840.95233,1813.5521,1730.2703,2381.683,1081.7108,652.02136,1
136427.53,1,1,2,28.155033,0,0,0,0,-1,-1,14087.699,9446.494,7802.1587,6831.0977,320.62952,3986.789,6542.84,2125.63,4459.0376,4221.319,2617.2764,3237.873,1
319284.53,1,2,2,32.13879,2,0,0,-1,0,0,306137.47,280754.6,67328.58,256373.11,202169.98,216936.97,8981.798,-210.84242,223660.12,6293.9463,7608.3457,6951.662,1
355507.3,1,1,2,37.921978,-2,-2,-2,-2,-2,-2,40658.617,57157.008,15276.915,59993.094,50029.625,60436.773,44779.926,22981.492,75738.234,18788.793,27054.043,16496.273,1
209156.2,1,1,2,30.855194,1,-2,-2,-1,-1,0,6783.539,2627.7556,-3075.0364,-1056.7346,6650.4146,6868.41,-143.2562,-834.9625,1920.2029,7507.9326,796.92126,1053.1578,1
80668.13,2,2,2,29.542921,2,2,2,2,0,0,51651.016,51745.37,47392.965,49957.99,47782.434,55249.832,2820.8667,2263.665,985.3386,1758.7639,3507.0796,2178.577,1
57798.785,1,2,1,39.004566,1,2,2,0,0,-1,26957.787,23424.371,12242.233,26211.936,14263.085,15821.828,1386.7262,-917.2521,3037.8281,2483.066,1314.8175,864.70374,1
133083.55,2,3,1,40.631832,2,-1,0,0,0,0,21518.498,61342.93,64003.332,59890.863,40840.844,34027.45,59732.914,4706.695,1308.9473,3401.6382,6663.8667,2397.0354,1
127405.734,1,2,1,33.491,2,0,0,0,2,2,80315.66,81850.0,88098.164,95967.59,92160.55,94103.43,2210.4238,5980.9966,7638.136,3463.8774,5495.114,2703.6396,1
280038.38,1,3,1,39.862244,-2,-2,-1,-1,0,-2,6636.1523,-5194.5527,4489.147,7637.5664,-1477.2963,5773.0625,-88.029625,7423.7266,901.5464,2108.5288,4353.215,3322.3262,1
100287.38,1,2,2,34.067837,0,0,0,-1,0,0,83838.71,89279.12,32616.61,67487.37,35231.996,36668.863,3770.1077,2419.295,89219.46,1344.9683,2290.2468,2625.214,1
99355.27,1,2,1,35.369373,0,0,0,0,0,0,58611.625,60063.207,55967.477,55041.715,47891.61,46401.44,3881.6956,3294.511,2634.2688,2998.9512,2452.8406,2495.6807,1
63259.24,1,3,1,36.140835,3,2,2,2,2,2,12442.5625,6830.3066,9202.4795,11138.764,14248.2705,14065.572,-277.51938,293.30603,1243.8337,908.6047,1585.3019,898.3795,1
48803.363,2,3,2,25.658268,0,0,0,0,0,0,52416.035,49051.375,46645.066,43867.14,31685.607,38078.785,2043.4781,2150.7131,2655.0503,1650.4675,2130.759,2838.432,1
45544.09,2,2,2,26.187359,0,0,0,0,0,0,35484.797,37502.17,29761.58,25252.268,22533.674,26231.438,2108.1687,2119.5774,1489.2129,638.56903,2214.9888,2281.0332,1
274303.4,1,1,1,42.65458,-1,-1,-1,-1,0,-1,8377.258,4801.424,12093.894,15123.057,7110.641,6178.213,8205.609,19379.525,2573.775,6230.907,3185.8545,12489.994,1
51113.254,1,1,2,28.058104,1,-1,2,-1,-1,-1,1275.4572,12.904118,2564.694,3408.4607,2026.485,743.9805,1321.8536,-423.09583,3286.2532,2586.2534,1730.5104,3228.577,1
47660.51,1,3,2,33.506355,1,2,2,0,0,0,27678.84,20014.09,14807.874,27318.363,24808.006,22672.969,796.2004,-651.6144,3527.959,2291.99,2508.1904,2593.7908,1
50608.887,1,3,2,29.67386,1,3,2,0,0,0,37652.805,28038.387,24725.52,24734.18,14533.087,27274.803,-652.83234,-645.55334,1675.0234,2290.56,2310.0515,3627.8276,1
237161.64,2,3,1,36.856922,2,0,0,0,0,0,162432.53,153159.16,154883.16,146007.08,137427.02,138253.62,8328.308,7592.5977,5747.8438,5857.4927,6316.59,6535.198,1
173710.11,1,2,1,37.129974,2,2,2,2,2,0,127929.49,128709.19,131466.67,136672.92,122736.62,111506.29,6407.375,3142.988,6813.478,453.23676,4327.71,5670.211,1
102361.37,2,1,2,29.967163,1,2,2,2,2,2,32137.709,28810.19,23146.057,31266.156,30301.027,30304.191,923.5629,-73.44105,2250.4465,2591.5696,1742.0082,1862.4933,1
68981.26,2,2,1,26.772827,1,2,0,0,2,3,32602.395,34979.02,25868.521,30964.443,35213.844,35202.598,-125.15658,3078.533,2038.5093,2797.6562,-106.44176,-432.1322,1
80679.336,2,2,1,29.4356,2,0,0,0,0,0,52401.285,49066.812,40710.43,34510.48,32312.184,34147.492,2161.1282,4158.2183,700.7517,1240.333,2034.7247,671.0089,1
139501.69,1,2,1,36.443626,2,2,0,0,0,0,112521.67,112684.5,112321.42,108333.27,111906.49,108532.98,320.2277,5823.9346,6089.9766,7062.9707,3979.8372,2824.9258,1
112080.44,2,3,2,40.210213,0,0,0,0,0,0,20404.232,21299.225,18342.303,17162.734,11556.058,18306.736,1363.2325,1322.8624,1181.7625,491.98676,1064.5055,2896.135,1
279769.12,2,1,1,37.461395,1,-2,-2,-2,-2,-2,2145.922,4179.1113,-1876.2551,-2211.0432,1753.485,-2740.5352,195.18277,88.2235,583.61255,328.35052,330.29602,-1070.9056,1
32224.262,2,3,3,52.164772,1,2,2,2,2,2,16922.02,9278.502,10069.753,11738.096,12613.868,12817.186,71.91715,1197.4567,1353.5002,3698.8604,2083.7715,1771.1937,1
37829.715,2,2,1,53.40323,3,2,2,2,2,2,21762.387,21177.848,14753.071,25324.46,25580.086,23943.29,452.56802,296.67908,2076.3254,1786.458,1821.6454,1442.2072,1
223002.2,2,2,2,35.48164,0,0,0,0,0,0,218805.3,212158.88,205041.67,185142.34,151528.75,118923.99,8734.931,8111.2744,7220.283,5624.1616,6154.4766,5975.9497,1
49278.715,1,2,2,31.751053,3,2,0,0,0,0,36457.0,31198.652,26339.094,23716.541,30406.736,28509.473,-162.80795,2052.5898,1739.6428,1009.62933,2036.4308,137.4254,1
145008.98,1,3,2,28.765633,0,0,-2,-2,-2,-2,22804.395,-504.34198,-3507.3528,-782.8518,-1952.4994,-219.30463,-97.8973,-505.90588,390.81616,363.81097,967.0519,-698.0956,1
43116.582,1,2,2,30.335245,2,2,2,0,0,0,23905.951,22964.588,18800.205,20903.643,20039.734,19461.352,2204.3591,395.5365,711.698,1205.1316,2017.5114,2465.2559,1
335018.72,1,2,1,42.913406,1,2,2,2,2,0,259233.1,253648.31,284648.5,215073.02,207055.95,193023.19,448.95865,46396.06,6347.7354,3638.0913,7097.3047,8514.081,1
45832.613,1,3,2,35.794754,0,0,0,0,0,0,32048.537,28959.518,29813.877,27430.75,19849.55,20618.623,1835.557,1970.4384,944.7395,1287.511,1245.6403,2506.8772,1
52406.38,2,2,1,28.657822,0,0,0,0,0,0,41921.387,42940.414,34477.85,29056.18,24330.15,24948.318,2772.7302,3039.2305,1457.2117,1669.065,1760.5963,2497.387,1
361690.94,1,2,2,32.589134,2,0,0,0,0,0,331868.38,322213.44,309854.0,274893.16,263522.7,234999.8,5283.345,10071.552,11157.389,10267.269,9327.024,9134.578,1
88406.36,1,1,2,30.765291,2,2,2,2,2,2,49829.773,46734.445,42976.2,51460.3,50033.8,45822.62,1344.3695,1418.1508,2271.789,2556.3394,2273.4265,1234.8446,1
41902.574,1,3,2,25.164755,-2,2,2,-1,2,2,15991.281,5517.576,351.91672,9181.602,5645.227,7971.5215,-774.0496,-1285.1647,6730.555,1433.3125,1693.6556,6602.898,1
191802.38,1,2,1,42.984543,2,2,2,0,0,0,125750.66,133954.66,129265.9,126535.06,122353.51,110315.766,8132.2227,76.85485,6013.0825,6109.9653,5413.471,3203.0732,1
101687.28,1,3,2,27.970366,2,0,0,0,2,0,59469.047,52869.598,50033.555,52662.656,46998.09,49540.88,849.6374,2671.2603,3421.2263,1132.6482,2297.896,3003.4766,1
44791.145,1,2,2,28.393234,1,2,2,0,0,0,30215.918,25829.684,15489.29,21751.777,16493.186,18110.96,1402.3068,-617.6837,1517.3096,1991.8489,1873.0233,856.4061,1
119324.09,2,2,2,41.100407,2,2,0,0,0,0,117930.18,110411.15,111859.81,93393.8,86824.68,81874.21,823.50995,5660.592,3447.311,3785.6692,4664.939,9926.266,1
170050.77,1,3,1,38.870003,0,0,0,0,0,-1,174143.38,141441.4,131053.95,64234.36,33694.766,103431.836,4893.036,6909.4497,1784.3535,8656.199,119414.89,13790.702,1
182244.64,1,3,2,39.314106,-1,3,2,-1,-1,-1,5724.883,-5221.256,-3216.1067,6207.8984,-3640.5972,7316.66,-197.93979,-1206.1876,2777.696,3496.5435,3241.0051,3363.502,1
124329.12,1,2,1,36.833073,1,-2,-1,2,2,-2,6391.6797,-461.26776,507.36203,9728.047,1542.2662,5804.879,227.28189,3822.56,977.3401,4761.8174,2483.2056,2316.6091,1
62148.56,2,3,2,31.195284,2,2,2,2,2,0,37018.668,32910.742,35210.61,41613.465,35445.33,40020.41,981.6423,536.2528,2683.189,1068.6187,1719.841,3100.6455,1
193445.97,2,2,1,39.879482,1,-2,-2,-2,-2,-2,5105.9766,5123.752,-3162.884,-1179.0432,-170.80798,-2978.7148,569.41034,206.79869,266.62476,248.34517,479.2494,-856.4735,1
229616.89,1,3,1,43.222717,2,2,2,2,2,2,158122.7,163457.23,166369.61,167748.67,180449.05,168085.23,7726.58,6695.542,4837.122,14200.578,5307.3545,4050.0283,1
459082.97,2,1,2,31.502216,0,0,0,0,0,0,24263.22,26030.545,32466.408,32502.693,30337.008,32294.24,5947.0654,8559.178,3254.1328,1637.9976,3842.5884,7253.773,1
205349.45,1,1,1,40.629288,-1,-1,-1,-1,-1,-1,381.51187,-1226.7247,1061.4285,5660.797,2388.4849,3812.3047,2597.99,2219.853,2676.652,4207.855,3017.557,2365.806,1
188437.05,1,2,1,38.31967,0,0,0,0,0,0,128102.52,125029.63,115130.445,99356.7,93526.65,85482.14,4921.4854,4980.1704,3356.5088,4130.5864,4518.9165,2567.8813,1
296491.06,1,1,1,37.830128,0,-1,0,0,0,0,22948.605,47316.758,1322.8738,185064.88,170490.62,110670.625,23816.475,4892.664,148468.0,4294.456,12713.384,8710.895,1
244199.8,1,1,2,37.707626,0,0,0,0,0,0,206303.08,196139.36,203475.98,179299.27,173513.03,154975.67,11037.212,11025.934,6844.0317,17200.988,7878.0454,5305.117,1
243659.08,1,2,1,35.636337,7,6,5,4,3,2,262582.97,269463.62,250529.72,247503.81,248206.7,229428.31,2127.3872,-1371.2496,1407.2573,-1039.5088,1647.7423,9504.826,1
46154.027,1,2,1,41.632088,-1,-1,2,-1,-1,2,5780.7227,1943.3846,1336.1003,8124.41,3244.9185,4338.84,4725.222,388.75476,79.89574,2075.299,390.75525,776.4359,1
76928.56,1,2,1,38.034016,0,0,-2,-2,-2,-2,32791.652,4154.4707,-2008.4622,2679.1873,355.39124,388.23444,1259.0612,3334.254,-40.489025,1011.9926,957.9088,1796.92,1
116737.8,1,2,2,35.391727,0,0,0,0,-1,0,113394.375,115450.83,102261.48,63790.812,58424.367,51847.51,4228.8613,5710.027,1956.1086,64310.863,2634.194,2774.4465,1
78993.42,1,2,2,28.650352,-1,-1,0,-1,-1,-1,20959.314,18621.537,11291.3,12492.643,2065.3794,8535.41,8070.18,4685.2334,7032.8394,7651.7275,2672.9568,9607.639,1
103001.305,1,3,2,34.21471,-2,-2,-2,-2,-2,-2,8941.891,3058.2322,377.5222,-3053.5237,-2242.3315,2105.8867,101.743324,244.61363,858.40625,5480.9893,1925.1737,5106.5767,1
39269.277,1,1,2,26.35221,1,2,2,0,0,0,31308.334,25603.947,18290.852,23718.266,19672.213,19585.092,1127.6984,-1037.0255,1964.5559,2101.5825,1387.0377,713.2301,1
83754.875,1,3,1,43.81295,1,2,2,2,0,0,67647.01,65066.695,62236.95,68090.195,48818.21,44931.867,2399.1987,3457.6406,467.7351,2676.0374,3384.45,1561.4208,1
70359.31,1,1,2,31.245007,-1,2,2,2,2,2,17970.898,8103.998,4281.1978,15406.574,8467.62,14489.834,722.35175,-299.53577,2169.8057,1267.6755,2428.6514,957.8605,1
108336.96,1,3,2,35.557896,-1,-1,2,0,0,0,26062.137,20824.838,24086.883,33792.133,29443.662,35555.8,3282.384,5484.197,2411.3467,5040.736,3599.1335,3315.8713,1
170871.38,1,1,2,34.2237,-1,-1,-1,-1,-1,2,2424.758,12711.561,2771.8972,14744.951,20975.684,11954.094,13817.883,2866.1238,9604.688,1175.3093,1500.2667,318.8463,1
50617.293,1,3,3,52.019127,2,0,0,0,0,0,37621.547,31692.05,31190.576,35247.98,21595.29,29532.725,2574.6987,2375.0093,1913.48,1477.6279,2773.4717,3242.647,1
41506.37,1,2,2,31.352634,0,0,2,2,0,0,26893.322,24961.07,20718.385,27960.744,17771.318,21319.303,3737.145,574.34607,355.22583,989.14154,2195.0706,2277.4375,1
268854.97,1,1,1,43.982613,1,-2,-2,-2,-2,-2,583.51184,4356.4707,-2880.3762,2744.7654,948.817,-2102.7227,108.527016,-427.14514,692.78125,1060.4314,514.51575,-732.5438,1
131795.64,2,2,1,33.690926,1,-2,-1,-1,-1,-2,4912.6367,1294.9589,-1176.8528,43.187263,-523.41345,-624.39056,310.74185,2160.8547,1130.3958,2017.6106,983.9447,387.77112,1
280665.62,2,2,1,32.38056,-2,-2,-2,-2,-2,-2,85844.086,86917.17,65812.65,83738.52,75108.47,179399.73,5924.166,5936.353,3651.5652,4762.972,195787.31,5654.607,1
69534.0,1,3,2,28.861506,0,0,-1,0,0,0,34338.87,18927.785,4106.2603,16629.146,11562.827,12847.264,1709.7733,6781.2183,6716.8364,2058.4912,1414.1661,3141.5664,1
180690.92,2,1,2,32.655323,0,0,2,2,0,0,155105.83,154924.5,160047.73,157060.42,137248.19,115539.305,13953.64,3923.9207,2720.2761,5125.604,7503.628,4789.724,1
44374.91,1,3,1,36.62343,8,7,6,3,4,3,55681.85,53789.684,47651.688,58958.734,55172.336,49754.93,64.14713,-606.8063,403.3225,1829.4238,574.8463,1907.2863,1
101628.484,2,3,2,50.111183,0,0,0,0,0,0,83227.08,79127.18,77786.414,70350.1,51173.43,54107.715,2453.0645,2571.2825,3610.9766,3952.4868,2608.2595,4818.256,1
57929.926,1,3,2,29.285131,-1,0,0,0,0,0,24090.701,20040.986,12747.944,21985.064,15136.005,24497.357,2617.2993,972.80945,2321.5188,2524.1958,2200.948,2344.0488,1
275710.38,1,1,2,30.254087,2,2,0,0,2,0,174883.39,152105.94,140401.78,122092.11,112357.62,106288.3,-577.34796,12445.936,9917.341,3155.516,4996.682,15537.972,1
244859.06,2,3,1,41.910637,0,0,0,0,0,0,220719.62,199360.25,192650.56,174701.0,158597.62,153490.47,8125.771,7873.7754,6138.241,6666.947,6339.1714,6066.9907,1
49283.81,1,2,1,31.464458,4,3,2,2,2,2,24615.822,16334.893,16214.937,20880.488,17537.89,20451.46,-533.3836,-849.89124,1884.4756,1938.354,1970.7201,1734.1703,1
72743.82,1,2,2,28.583261,0,0,0,0,2,2,31733.387,26297.742,26139.025,28188.1,28336.084,32648.484,1013.94525,1213.2482,3587.051,1335.0278,2888.769,1899.495,1
178461.72,1,3,1,43.736168,-1,2,-1,-1,-1,-1,4225.1094,-2211.3577,-2510.7043,2979.527,-3646.816,-50.29681,243.79654,323.63464,1271.373,2552.4622,1217.1439,693.6498,1
287243.53,2,1,1,39.20721,-2,-2,-2,-2,-2,-2,3491.0667,3579.408,505.87375,1282.7146,2077.5435,1805.2032,1345.4435,2397.6313,2498.8682,1905.967,2049.2905,134.94347,1
164586.4,1,3,2,32.497295,2,2,2,0,0,0,118396.25,120635.25,121030.14,117771.08,106325.1,106370.71,7520.311,330.34998,4737.561,7198.2695,4659.584,3792.5527,1
358607.8,2,3,1,32.402107,-2,-2,-2,-1,2,0,21612.656,15174.482,2338.534,-617.051,7435.7896,7906.2715,-18.34896,1511.4779,4711.073,316.0888,4055.5093,195.1715,1
54085.465,2,2,2,30.600378,0,0,2,2,2,0,28682.44,27106.555,26229.957,35607.32,28657.738,35348.88,2935.1057,-362.2589,2400.509,740.57855,2031.8502,4132.333,1
61182.62,1,3,2,29.43939,0,0,0,-2,-2,-2,28122.121,21203.229,604.6902,3910.8552,-3406.6792,4144.008,1491.4264,-809.1476,326.51245,1315.5942,704.7113,1743.524,1
67619.75,1,2,1,34.708996,4,3,2,0,0,0,47105.816,39186.215,41451.54,43622.402,36029.258,39625.94,-390.45053,-183.85365,2075.3335,2865.6458,2014.5863,3250.334,1
78083.77,1,2,1,42.396404,2,2,2,2,0,0,45120.305,38527.63,36341.32,42513.938,43939.848,42145.758,1765.2794,2960.9873,280.11255,2257.1907,2091.7195,1925.3903,1
54129.02,2,2,2,29.722769,1,2,0,0,0,0,41321.4,39315.656,28006.844,24521.053,24024.748,25191.16,214.71304,1673.518,1877.0378,1873.5691,2063.2512,2783.2039,1
52942.207,1,2,2,27.741163,-1,2,-1,0,-1,0,6770.301,1073.162,1048.987,754.2927,7182.6333,11382.771,2130.4214,494.5868,1948.4187,10430.676,2707.218,710.90955,1
53547.348,1,2,2,26.976057,1,3,2,2,2,2,22176.31,16587.29,15150.806,22084.504,21255.834,22266.354,-259.79477,-776.91125,2000.2725,1985.023,1873.2953,1174.8678,1
111692.375,1,2,2,32.127373,-1,2,0,0,0,0,12657.91,4145.3223,1492.8933,5718.207,2947.6216,14154.855,186.67496,205.92223,1513.2085,1920.4443,2919.1914,572.7084,1
130910.66,2,3,1,40.91957,0,0,0,0,0,0,93470.44,105282.74,108025.42,97696.97,91731.25,92983.84,9353.232,5145.884,3402.0466,3681.9014,3792.7793,4915.9424,1
74343.836,1,2,1,26.052347,2,4,4,2,3,2,72810.94,73693.84,72856.055,75500.016,77577.65,70436.945,1206.549,915.8988,3821.5435,2008.6328,2308.1536,3715.1006,1
78509.12,1,2,1,43.57098,2,2,2,2,2,2,30135.283,28672.629,27417.568,33694.89,31682.46,30940.707,1334.7408,1209.0634,1161.8081,2475.337,1105.0045,1081.1652,1
56931.848,1,3,2,32.981472,0,0,0,2,0,0,28034.352,31259.496,24969.17,28904.73,20593.246,25902.045,4435.9497,3819.8875,254.19945,1684.8242,2393.159,2374.7036,1
225408.19,1,3,1,46.62424,1,-1,0,0,0,0,64874.77,164952.5,169350.42,170418.45,167205.53,140536.81,165945.22,4801.0337,5056.1187,4278.2515,5216.8066,7162.678,1
157852.02,2,3,1,43.152237,2,2,2,0,0,0,88080.05,87331.42,81742.375,79186.195,60154.402,54780.0,3301.2976,1003.8251,5318.35,3781.3586,2236.6843,2664.3389,1
162805.6,1,3,1,43.59835,-1,-1,-1,-1,-2,-2,4735.2344,-2148.4006,-92.96217,3945.8357,-896.5853,3174.2734,1782.9952,2978.035,455.3938,1302.2146,1244.672,1917.7894,1
79869.79,2,1,2,27.730593,2,0,0,2,0,0,13061.523,12074.369,13627.769,14091.543,13129.966,17458.756,1741.6493,2625.3003,424.78052,1847.0149,1440.0304,5249.0776,1
69590.13,2,2,1,34.45022,1,2,2,2,0,0,37209.33,36164.22,26050.287,36846.613,27736.703,26793.354,1272.1876,3633.6643,557.78,1403.8633,2017.6886,1038.3873,1
165926.84,1,2,1,29.505705,2,2,2,2,2,-2,33798.555,19951.383,4422.6196,13338.385,-454.4525,4809.1484,1039.795,494.55554,186.38695,10838.803,2088.2305,38.794544,1
48839.69,1,2,2,27.00182,0,0,0,0,0,0,26418.89,26540.785,21547.729,18574.547,16638.168,17143.217,1742.5135,2074.0935,995.5593,797.94086,1558.744,1791.392,1
71018.27,1,2,2,30.945032,-1,-1,-1,0,0,-2,6767.086,-2681.4045,-827.052,9871.074,2244.5903,8242.219,2250.3293,4664.526,2820.43,654.2541,1287.608,1757.0446,1
310106.75,1,3,1,35.796947,-1,0,0,-1,0,-1,26382.559,-2803.2678,348.17062,8276.074,1306.1139,11064.992,2909.0012,4443.841,5531.588,5866.7373,9018.885,13316.377,1
313306.47,2,2,2,28.304594,-2,-2,-1,0,0,0,8210.598,-165.8537,14515.618,25788.584,22485.705,32165.586,1503.6117,30522.012,2485.9695,3004.9053,3102.1487,7289.9844,1
39373.902,1,1,2,28.993486,-1,2,0,0,-1,0,25553.076,22518.059,17096.184,8428.871,30708.457,28856.654,1106.9257,4070.2852,1638.3569,42294.273,2272.1614,1231.6979,1
140427.23,2,3,1,42.350292,-1,-1,-1,0,0,0,11533.742,3955.6736,11519.823,18733.291,7017.891,10442.713,1627.6449,12673.195,1497.3096,1725.0552,1167.2743,3126.3145,1
97537.484,2,2,2,27.736778,3,3,2,2,2,2,79415.47,80951.375,79511.98,84307.52,84106.55,80030.266,1939.5223,1273.3517,3138.1887,4239.4927,3143.2998,3067.2896,1
79233.32,1,2,2,32.213516,-1,2,2,-2,-2,-2,8134.668,454.23224,-3514.0833,3351.1326,-4425.261,2625.086,0.78287446,-1003.1793,1325.6313,1353.1472,808.9093,544.8627,1
240396.36,1,1,2,31.140427,0,0,2,2,-2,-2,44954.21,35181.836,4119.069,2192.2146,1262.1178,4187.047,1565.463,-449.3932,614.5657,610.4926,1410.4242,320.18616,1
49177.918,1,2,2,29.431486,1,2,2,2,3,2,10783.898,10715.318,6458.6157,9393.039,13112.772,8674.496,163.2692,54.61071,3118.0696,100.46675,400.06604,-442.58484,1
144778.83,2,3,1,29.054663,-2,-2,-2,-1,-1,0,58379.895,69703.63,50701.78,-6858.3047,62072.22,50578.88,10089.082,47654.375,-1181.4685,110805.38,9226.56,3372.1697,1
185101.95,1,3,1,41.427383,-1,-1,-1,-1,-1,-1,2610.094,-3788.5999,1020.47534,6859.953,2886.227,2241.2812,1397.4215,1193.1342,1976.3398,5106.532,1017.5377,1869.5265,1
128797.914,2,3,2,42.041283,0,0,2,0,0,0,28993.312,26090.115,21383.816,30556.586,18219.223,23268.746,3135.2153,-482.68616,1046.6387,1410.3962,2046.5333,2890.0752,1
57573.887,1,1,2,27.441637,1,-1,-1,-1,0,0,14670.703,13150.916,5663.862,11163.885,16009.476,16464.447,7709.388,4211.4355,5704.381,4394.514,1940.629,922.7335,1
40667.965,2,3,1,52.62087,0,0,0,2,-1,2,30419.64,29382.91,28263.799,22571.34,10804.476,12015.889,1234.1627,3187.3782,720.14185,1678.6604,445.83093,4306.4297,1
149342.81,1,1,3,54.323162,1,2,2,2,0,2,127311.84,132030.1,129475.23,145002.48,144378.3,135102.92,6709.3115,-46.19837,7340.8716,4164.906,8332.015,2842.9148,1
52450.152,1,2,2,26.746143,2,0,0,0,2,2,29717.438,26119.727,28652.371,27661.88,30343.459,32984.613,82.86881,1667.8126,2318.6587,1312.5415,2478.393,389.20764,1
48649.99,1,2,1,45.373486,0,0,0,0,0,0,38508.34,36777.48,37193.086,36001.64,24949.176,24565.393,2146.365,4761.404,2642.7336,1796.7454,2176.4,1595.5021,1
44909.48,2,2,1,44.232708,0,0,0,0,0,0,35263.77,36618.28,27167.834,27171.14,22865.953,21297.111,1982.8439,2379.2207,1011.7317,690.7463,2134.1804,1294.0382,1
168582.55,2,2,1,32.88735,2,2,2,2,2,2,108829.86,110594.695,115253.75,115867.16,119137.06,112238.19,4625.9985,6113.026,4325.6523,3697.6665,3851.0322,3245.8691,1
393662.88,2,1,2,32.896694,0,0,0,0,0,0,320290.47,323940.62,316672.22,265054.16,268955.06,259627.33,14355.315,15968.804,15290.985,20018.77,12722.203,12177.345,1
218226.23,1,2,2,31.882107,2,0,0,0,2,2,122164.45,124281.98,128337.23,139279.45,131295.17,121557.75,5276.3105,5561.252,10574.316,4743.8325,4344.2246,5786.5615,1
74670.59,2,3,1,30.318556,1,2,0,0,0,0,55061.594,52293.742,46739.75,50573.363,45075.477,44202.457,53.902504,3559.5818,3302.3904,2458.3806,2668.2905,1424.2396,1
456250.06,1,1,1,45.182663,2,0,0,0,0,0,423388.6,419040.78,398070.4,385826.8,390737.2,401892.2,16804.389,16859.812,16671.186,15940.242,17945.756,14488.108,1
122901.695,1,2,1,46.69637,0,0,0,0,0,-1,114956.125,111534.56,101657.15,65783.68,54180.426,69611.055,6054.0083,6930.553,2148.1443,9158.389,62386.027,7189.288,1
253245.1,1,3,1,38.95722,-2,-2,-2,-1,-1,-2,2359.4612,-1084.0216,-2673.4622,835.25366,-1944.0463,-1415.1014,-491.0272,306.95837,2335.4375,702.1413,983.3458,-947.41003,1
86422.15,2,2,1,44.11545,2,2,2,2,2,2,42992.52,42897.277,42203.617,47455.71,48556.617,46218.37,1779.338,1432.2233,1788.987,2184.4033,1795.9232,1601.6876,1
51000.895,2,3,1,39.520603,1,0,4,3,2,0,33176.65,29746.816,27691.943,36739.297,31987.152,34279.055,434.32193,-1092.8512,838.876,2774.3884,1554.662,3276.4844,1
121782.0,1,1,1,41.69829,2,0,0,0,2,2,28421.885,25597.383,19448.4,24714.686,23205.336,27264.697,-146.48471,1078.1947,4000.9363,1570.7214,2905.8455,564.05505,1
53651.05,1,3,1,35.137135,0,0,0,0,0,0,41188.547,37859.477,39002.918,36677.758,26888.008,27165.637,2108.1584,2664.4407,881.8865,1275.7397,1843.0057,2360.7231,1
18156.98,2,3,1,32.84453,1,4,3,2,2,2,9197.902,8228.732,8182.1235,12445.822,8956.827,6302.422,-359.056,-1977.922,1530.387,2798.5107,-186.50572,1683.0587,1
253206.78,2,2,1,35.51459,1,2,0,0,0,0,194004.1,187416.7,163620.61,165756.1,130973.96,105780.65,784.30634,8322.983,8058.2427,7263.1743,5414.5786,4879.472,1
172410.16,1,2,2,30.803505,1,-2,-2,-2,-2,-2,15042.949,10230.936,-1825.0247,5250.5703,4455.7427,3557.7734,389.77115,-44.873177,687.94434,960.7587,994.65686,-640.9354,1
189334.66,1,1,2,30.583763,1,-2,-2,-2,-2,-2,2808.7424,3629.1775,-3542.7942,-3295.0823,-1590.6595,-5109.371,202.36002,-400.78088,619.43774,633.9982,309.2345,-1130.9755,1
383784.12,2,1,1,34.37084,0,-1,-1,-1,-1,-1,35559.254,33997.29,14185.993,12774.584,53894.77,24548.098,30978.38,11461.024,13573.803,45856.684,6353.2617,74399.57,1
249528.27,2,1,1,40.244473,-1,-1,-1,-1,-1,-1,4066.223,-1144.1115,3263.8582,3140.8591,2984.3716,6241.4004,2316.1072,3061.719,2616.6594,4081.5605,4333.4326,3778.9172,1
116671.12,1,3,1,44.933006,1,3,2,0,0,-1,26310.586,10123.947,6659.319,16987.426,3976.2505,13801.119,-44.557945,-1399.5573,906.01196,2484.7812,7977.057,2157.2148,1
75784.48,2,2,1,33.1768,2,2,2,2,2,0,31697.125,34039.39,31071.871,39994.633,27404.873,26383.867,2286.242,1403.3822,1907.3042,-310.46344,990.3727,2281.2524,1
59668.246,1,3,1,42.364452,2,2,2,3,2,2,44173.504,34623.8,43020.75,52280.992,45813.723,48678.71,866.92303,4885.204,2108.2285,2723.914,2387.026,1945.8866,1
67219.29,2,1,2,28.056063,2,2,2,2,2,2,29071.48,28702.996,28490.488,30493.363,33759.68,32960.74,1405.8715,567.8734,1700.9539,2108.3218,939.1034,1092.8287,1
47892.418,2,3,2,30.498146,2,2,2,0,0,2,27710.787,27888.684,24246.262,21653.688,24471.553,24930.566,2668.689,34.25231,1076.6069,2445.0095,943.74524,761.547,1
86972.195,1,1,2,35.785416,0,0,2,0,-1,-1,21316.336,19956.543,12476.46,15353.877,9940.341,10833.105,4910.6455,-715.02014,3037.9507,13338.299,5544.0933,6830.2075,1
421179.16,2,2,2,31.274029,4,3,2,0,0,0,463552.78,423221.5,413172.9,411793.7,372461.88,382092.0,4347.948,-500.1515,14733.129,13445.716,12718.771,17508.162,1
30939.441,1,3,1,47.500576,2,2,2,2,0,0,15848.473,12753.865,14890.595,14941.754,11955.485,12544.525,1954.8636,2168.1677,-94.663345,937.1772,1313.6241,1495.9518,1
154898.08,2,2,1,38.284054,0,0,0,0,2,0,75928.81,81796.32,81001.24,88998.59,79382.02,79755.37,13682.404,2437.343,6761.554,437.80756,3300.9316,6175.449,1
197119.83,1,3,1,40.646393,3,2,2,2,2,2,5998.0586,843.6893,-706.39966,8325.422,6673.856,4981.215,-789.4764,-684.7272,1312.887,1169.1545,593.64685,-156.15028,1
129757.83,2,3,1,34.503597,-1,-1,-1,-1,0,-1,1948.0548,-2984.174,-4.8606124,6227.7344,3006.2622,3273.8008,1243.0353,1309.5304,2966.8645,3159.0203,1971.9364,1482.9591,1
152483.94,1,2,1,34.942947,1,2,-1,0,0,0,12082.895,8089.752,-410.93875,4450.5117,3734.4575,3797.6797,1404.1176,8433.385,1895.5271,-50.88384,1535.4471,-100.42665,1
455814.66,2,2,1,46.49392,1,-1,-1,-1,-1,-1,-1877.3163,2651.3728,3536.452,6904.0,5022.2466,2261.1445,3766.751,2294.1626,6645.014,2076.3062,1784.8566,2442.3923,1
55327.996,2,2,1,44.696144,2,2,2,2,3,2,36794.3,40896.664,33880.723,40773.188,43165.84,37999.074,1485.2003,352.9452,4543.2188,600.4836,995.9503,999.162,1
57648.848,2,2,2,31.472961,-1,-1,0,0,0,0,7598.078,13716.365,8876.065,10394.678,7030.43,9733.492,8738.618,1925.201,1319.3994,-250.3267,1225.4791,2521.5867,1
47776.76,1,2,2,42.04902,3,2,3,2,2,3,20572.902,26536.715,17923.406,23048.262,24521.043,19568.94,2057.6973,-1622.5636,3000.8987,1167.2781,921.8529,-163.62538,1
117591.45,1,3,1,40.11823,1,-2,-2,-2,-2,-2,2807.1604,5000.7246,-2874.3997,3790.777,-238.90173,-1790.578,277.9645,169.22594,124.78197,775.63934,480.7406,-326.83093,1
271395.6,1,2,1,38.20422,0,-2,-1,-1,-1,-1,16763.895,3446.4236,32495.9,18205.982,7923.3403,26705.547,648.654,46661.715,5290.457,14276.191,24937.658,12377.325,1
85444.36,2,3,2,25.392443,0,-1,0,0,0,-1,20421.557,29348.191,34869.69,42459.86,14215.1455,22903.316,26862.914,13571.536,5218.81,5732.576,17222.572,5894.769,1
62781.387,1,3,1,41.87454,2,3,2,2,2,2,27694.707,20414.5,24319.99,28107.168,24113.904,26415.336,42.62565,935.12537,1168.8289,2326.421,1728.841,1548.3707,1
95947.11,1,3,1,40.744656,-1,2,2,-1,-1,0,4035.9065,-1667.5372,-2886.9973,6260.6016,-1872.9681,2399.2227,299.69107,-183.7892,2312.546,1569.7795,430.29382,335.40247,1
49241.496,1,3,2,26.673227,3,2,2,4,4,4,4616.0664,213.44318,726.73315,2335.574,1267.0475,4768.9297,-618.5994,222.70543,311.5315,-305.57672,606.37317,612.32166,1
411919.38,2,2,1,36.92213,0,0,0,0,0,0,399645.38,400512.62,416182.22,378553.8,326580.7,323878.75,18490.504,17373.79,14402.074,10124.939,10724.414,11736.605,1
362100.78,2,2,2,31.193253,0,0,0,0,0,0,347046.44,343865.53,335299.75,315896.44,293739.78,293949.97,13710.239,11818.758,11834.873,9230.455,11113.319,11008.583,1
237973.64,2,1,2,33.28483,-1,-1,-1,-1,-1,-1,5154.199,444.24005,4136.53,-233.57837,2877.7192,2481.7695,3648.9124,2495.1743,2143.4895,3043.033,2236.458,1844.2455,1
65145.63,1,2,1,41.868393,2,2,2,2,2,3,22200.805,24607.377,26480.49,29256.305,29406.086,27460.88,1858.6593,1489.9545,2399.0369,1387.3826,-6.499375,936.5272,1
230144.14,1,1,1,39.77065,0,0,0,0,0,0,162580.28,155523.28,139067.47,127119.914,106314.875,95575.7,7312.4624,7792.3237,5670.7075,10541.925,5333.16,15403.884,1
97902.234,1,2,2,36.23613,2,2,2,2,2,2,56702.914,57035.547,55301.785,59431.855,60756.074,57078.46,2729.7722,887.162,2476.3552,3041.1516,2108.7083,3471.131,1
161739.9,1,3,2,30.659876,0,0,0,0,0,2,130058.04,130305.695,119693.18,122644.65,121488.336,119724.01,5539.8896,5317.5713,7451.3267,11257.256,2714.7346,4578.41,1
286955.56,1,3,1,43.743683,3,3,2,2,0,0,193995.14,178130.27,169385.6,181687.42,185303.1,173812.23,-177.80258,3599.607,3420.9458,7190.104,6932.5356,7811.4014,1
71126.89,2,1,2,26.809006,0,0,0,0,0,0,40045.582,39182.996,34654.3,29751.719,31249.822,31420.148,2359.989,2547.3687,1850.8936,2697.165,1738.787,2801.4768,1
51224.12,1,2,1,38.106735,1,2,0,0,0,0,40063.758,39083.406,28777.887,38026.22,28228.867,27165.756,152.29507,2058.5466,2224.4985,2054.8997,1693.3097,497.3075,1
147656.77,2,2,2,29.276562,-1,-1,-1,-1,-1,-2,6339.496,5779.174,4043.7605,3318.9607,985.4342,2458.5273,5428.6396,5853.5386,3552.589,2109.8538,646.5487,1836.4794,1
263717.78,2,2,1,34.65876,2,2,0,0,0,0,223371.9,216074.17,164206.12,162760.3,142758.83,129296.74,471.85904,7873.8774,6105.816,4321.3926,5699.452,3440.5554,1
47277.207,1,2,1,43.451736,3,2,0,0,2,0,16974.238,16033.482,15299.103,18043.338,17449.635,18230.559,-515.8714,1318.0553,2679.0986,372.85736,1506.1244,1268.2687,1
168635.83,1,1,2,34.057858,2,2,2,2,0,0,109490.48,110204.266,115224.64,109348.68,103433.13,103942.25,5791.2144,6606.2305,443.46948,4847.752,7641.875,2633.5874,1
66670.5,1,3,1,48.32465,-1,3,2,0,0,3,10234.266,4181.8535,7922.6274,16049.586,10424.763,15990.016,834.39764,986.7018,1450.948,4511.4688,582.6964,1251.3322,1
291078.84,2,1,1,41.2259,-1,-1,-1,2,-1,0,3033.6917,321.1424,5448.3423,4691.828,8568.88,2573.6328,1096.4769,5061.424,690.8884,7925.541,565.9247,3950.2263,1
248979.67,2,2,1,41.8509,-1,-1,-1,-1,-1,-1,4860.117,2702.8845,1333.8503,4062.0896,3880.2817,2699.4023,5118.8667,2198.314,2623.4067,5174.754,3362.1333,5596.3584,1
286062.28,1,3,1,39.303017,0,0,0,0,0,0,219405.17,219284.94,205647.86,197146.78,190499.0,178722.1,9239.554,8305.213,7550.2954,6620.1255,6884.064,8388.679,1
266837.5,2,2,2,30.118372,2,2,2,0,0,0,264505.75,261791.12,239626.3,202341.92,161934.72,88583.555,12835.907,-348.255,6160.4214,5606.74,3983.6694,6640.162,1
178892.75,1,1,2,29.738352,0,0,0,2,2,2,140283.33,143702.78,156113.34,138815.22,133701.89,128067.164,6249.717,12241.986,3116.3381,9723.605,1723.5704,6534.76,1
262199.1,1,3,1,40.71469,-2,-2,-2,-2,-1,-1,14597.879,2018.5565,-553.2239,4102.1133,1015.51624,3265.4844,1024.9786,2180.4414,1355.873,5042.618,2811.884,2549.8994,1
99718.34,1,2,1,43.480686,-1,-1,-1,-1,-1,-1,1165.7697,-419.74042,-345.4661,6533.254,-870.34705,2210.414,2012.056,1385.9476,1979.9993,1790.323,1842.7982,3105.1213,1
223011.31,1,2,1,38.050323,2,3,2,2,2,2,133936.1,130718.67,136497.83,143692.3,140045.6,130669.0,1879.4569,4843.2046,2418.0554,10154.91,3813.9685,5868.274,1
181589.47,2,1,2,28.236532,2,0,0,2,0,0,88245.3,89817.44,95349.07,83743.36,78858.93,73157.58,4119.6533,9048.072,742.7739,3753.5024,5008.259,3164.9578,1
198439.92,2,1,1,35.359158,2,2,2,2,2,2,114777.71,119595.69,126316.086,129748.81,135302.31,119597.3,3820.5037,7085.456,4259.498,5617.987,3983.013,3386.3115,1
93156.97,1,2,2,29.455593,-1,-1,2,2,-1,-1,7147.1133,-752.88104,176.49876,2080.3982,-1390.765,6864.049,2865.5483,-197.93275,821.7256,2062.6343,4910.22,1405.931,1
33652.426,1,2,2,27.65327,2,0,0,0,0,3,21779.3,22410.906,19710.887,19431.275,25402.139,28557.936,1079.277,2900.8772,1096.4246,3579.7468,324.69446,476.3119,1
73551.44,2,2,1,32.614586,2,0,0,0,0,2,46036.598,43133.457,39288.906,40875.805,44888.543,43538.203,1348.0001,3358.2122,1662.4929,4083.262,1321.0609,369.7389,1
231738.27,1,2,1,33.772728,2,2,2,2,0,0,210584.47,205213.14,203886.89,196694.88,189798.4,188761.36,7373.0376,10109.8545,737.72314,7154.9224,9008.15,6634.472,1
132747.84,1,1,2,29.572844,1,-1,2,-1,0,-1,5069.715,-4580.6973,-3510.5989,3523.16,-1879.8978,1631.3673,2102.8965,-628.1876,1902.355,1057.9087,2443.7744,502.22498,1
62181.707,1,1,2,27.488457,-1,-1,-1,-1,2,2,2246.9846,742.68146,-676.70435,-155.06665,1799.4381,932.00006,3461.098,370.34167,1300.8997,241.2939,996.42883,1083.5287,1
49899.902,1,2,2,27.53328,-2,5,4,3,2,0,35459.453,29320.465,24818.02,38373.184,30011.846,34513.953,-872.346,-2712.4324,2122.0806,2250.803,1915.6659,3875.648,1
180193.2,2,3,1,38.885918,-1,-1,-2,-2,-2,-2,8170.004,5234.119,-3260.177,4092.8162,1256.1022,2014.9923,3049.647,627.10535,1184.3281,2484.7053,1067.6115,26.215443,1
58915.598,2,2,2,29.160866,-1,-1,-1,-1,-1,2,4108.711,1267.576,-68.69655,-5212.0117,3573.3286,-1666.2616,1148.246,994.98425,1258.804,125.259476,483.78772,-336.15564,1
280850.34,1,1,1,49.487667,2,2,2,2,2,2,3769.6877,88.04475,1244.3738,5280.9688,4529.3286,5192.3984,-120.583824,-743.14075,1110.7429,1254.3877,528.8717,-62.214245,1
173481.83,1,2,1,37.83439,2,-1,0,0,-1,0,4209.758,6738.166,6710.8384,4541.285,4237.1333,2874.082,3584.378,2971.549,1497.9124,3561.3623,470.62097,1732.8375,1
59506.285,2,3,1,36.4674,2,2,2,0,0,2,24282.105,25086.613,24960.654,24552.807,30171.426,28300.844,1971.8563,891.7025,877.7261,2446.067,744.41296,568.6566,1
50577.887,1,3,1,41.86763,-1,2,-1,-1,2,-1,2377.598,-2566.881,-1436.3489,4543.789,-1084.9408,3951.9258,-448.0765,-395.59778,1669.6187,1028.8665,2619.106,755.18884,1
69395.38,2,2,2,48.854343,1,3,2,2,2,2,31818.99,26402.334,23516.764,33116.61,29486.775,30777.89,-305.45786,202.77818,1637.8206,2903.7751,1070.4354,2600.2888,1
70501.61,2,2,1,36.116524,2,0,0,2,2,2,35352.94,25427.072,28258.553,28993.197,28811.143,29472.346,1366.2108,3549.1912,679.8406,2112.279,793.09924,1291.4484,1
52275.527,1,3,1,46.54902,-1,2,2,-2,-2,-2,10196.711,4345.088,-1584.552,6576.758,-2341.2417,3501.4492,-60.075035,-735.3873,250.63109,1693.3738,1295.996,1300.1302,1
58404.66,2,1,2,24.439548,-1,2,0,0,0,-1,44533.152,34498.91,21790.1,16889.414,8644.292,4233.1797,95.12418,1436.3346,748.5503,5786.0815,3581.6233,5336.5513,1
118290.25,2,2,1,31.775291,-1,2,2,-1,-1,-1,7122.1914,-1370.2404,-726.1301,2851.2576,8368.681,8507.561,1350.5111,3124.3418,1304.1313,11319.273,4090.3652,1152.6688,1
146900.1,2,2,1,42.596058,3,2,2,-2,-2,-2,9323.777,6197.3027,-5869.4663,1408.367,-4971.613,-1506.6522,-85.26791,-983.5973,832.6509,1326.5591,585.31604,413.79187,1
54341.598,2,3,2,43.624687,2,2,2,2,2,2,25341.26,24905.986,28128.91,28338.613,29868.387,27079.32,886.26825,2093.3357,1804.0239,1576.9504,822.63635,1322.6346,1
146432.84,1,2,2,32.435802,0,0,0,0,0,0,106322.78,96571.79,90098.266,80911.48,71162.234,68817.78,3834.1575,3806.9778,3399.8384,3336.6023,3204.6711,10107.873,1
59291.3,2,3,1,46.893913,0,0,0,0,0,0,42359.2,38034.688,39084.254,33460.203,25627.186,27075.521,1996.3304,2733.9788,822.67896,2219.7822,1821.1398,4338.5786,1
158355.6,1,1,2,28.004868,-1,2,-1,-1,-1,-2,2127.4612,-946.7443,650.3933,-1302.2815,13125.95,6296.965,1318.4364,979.5978,2318.3643,13087.764,721.0067,176.09776,1
403437.97,1,1,2,31.661247,-1,2,-1,2,0,3,-1283.914,-1677.1232,3257.991,-2903.1526,3748.6216,264.6563,172.1608,1189.8102,529.22095,1226.4111,127.27211,-480.38806,1
115592.65,2,2,1,44.150314,1,-2,-2,-2,-1,-1,3213.9846,7040.3574,-1621.8489,4776.2695,6056.645,-450.1718,837.8962,122.57897,3391.9695,5740.052,2268.47,290.72424,1
186328.19,1,1,1,38.172344,-1,-1,-2,-2,-1,-1,7069.621,-1027.0294,-4685.5405,4535.8086,-923.40564,4086.539,793.43475,-45.820442,191.29759,1855.8765,3468.9912,2949.0676,1
70932.39,1,2,2,28.94905,0,0,0,2,2,2,30771.656,27936.533,28073.69,31981.074,30668.184,32418.545,1585.2982,2287.619,806.66797,3152.6921,1028.2723,1888.798,1
152122.42,2,2,2,29.1296,2,0,0,0,0,0,105695.21,104316.02,103884.34,98620.664,88519.984,89051.25,4771.057,5140.7207,3543.1045,3543.4055,5132.636,3587.8013,1
165555.12,2,2,1,36.257183,0,0,0,0,0,0,115079.53,109733.37,86248.125,81188.19,67977.69,61871.39,4338.9644,4676.188,3249.541,3503.2803,4869.95,11548.689,1
77102.26,2,3,1,50.869728,1,-1,-1,-1,-1,-1,4269.375,7986.463,4103.678,8671.105,2393.817,2665.7266,3880.4922,3773.5896,3964.6587,2867.419,1849.8973,3596.857,1
347838.2,1,1,1,48.030743,-1,-1,-1,-1,-1,3,5487.0312,-380.00604,1286.7839,6633.5586,3449.6997,954.4063,1448.66,2244.961,5093.546,3207.1694,-3.5364845,3382.971,1
70449.836,1,2,2,28.218056,2,2,0,0,0,0,40438.1,39149.65,38037.375,17888.617,19750.12,22408.459,457.4689,2503.3167,843.79004,980.39716,2826.1907,-770.60535,1
252279.75,2,3,1,35.70413,4,3,2,0,0,-1,242282.05,206831.84,190265.56,200442.8,200173.45,53028.4,398.0983,-322.56018,-335.18823,2651.8333,41860.46,3947.7297,1
61895.76,1,3,2,26.617962,2,0,0,0,0,0,49909.06,44678.39,39607.74,28663.078,26531.736,27177.87,2012.6378,3518.6404,1051.6194,4384.3506,2322.7673,2316.0093,1
157478.17,1,2,2,33.42645,2,0,0,0,0,0,117501.26,118820.43,117103.05,102573.664,88886.6,86745.82,4379.912,5001.1133,3793.0962,3775.8179,5682.8574,9695.3,1
178345.89,2,1,2,29.670204,2,2,2,2,2,2,119844.695,125344.35,124717.29,128565.39,130709.336,113739.18,6550.335,4290.1567,4856.8906,5333.517,3618.4492,4007.5305,1
71216.16,1,3,2,30.632206,0,0,0,0,-1,-1,31556.73,21545.34,16394.53,13720.732,501.2428,3641.1367,1434.7985,1217.1659,790.5796,3909.7827,1374.7457,2103.826,1
304717.25,1,3,1,42.52991,2,0,0,0,0,0,192025.45,180826.56,172040.22,161384.78,142961.0,139529.42,7612.046,7456.381,7260.192,7641.472,6383.202,5211.7344,1
45703.473,1,3,1,43.09458,2,2,2,0,0,0,24929.732,23609.557,23615.4,25828.242,20907.854,22130.203,2212.7012,661.4408,499.41016,1169.3435,1684.5284,644.4491,1
164412.6,1,1,2,31.691515,-1,-1,-1,-1,-1,-1,1475.0822,-1042.3888,1927.4089,2340.0544,607.3756,1973.6056,1883.3773,1308.8322,1782.6184,2377.166,2423.3015,4123.4033,1
302150.38,2,2,1,39.217484,1,2,2,2,2,2,225205.73,241437.19,225437.2,227982.11,243955.11,231578.7,10639.713,6793.045,5530.277,9770.968,6991.787,6454.118,1
27438.27,1,2,1,33.223137,3,2,2,3,3,3,788.8165,-1618.588,-2288.8997,-6.6799254,1600.2701,3252.9453,-953.1429,207.87047,1218.2397,-439.91315,708.8529,61.166126,1
47423.38,1,3,2,32.92539,0,0,0,0,-2,-2,35498.023,27028.172,16639.719,1374.9216,-2479.8901,3768.3594,1041.975,1213.2013,-0.681898,82.004105,1175.9442,2621.0474,1
34002.152,1,3,2,28.851147,3,2,2,2,0,0,17287.988,12844.521,11890.214,16026.172,18594.688,19199.445,359.45572,981.80334,1110.2275,789.8403,2143.4136,379.4015,1
112739.4,1,3,1,32.429783,0,-1,-1,-1,-1,0,64081.44,50090.535,6420.5728,-676.6487,81623.29,85039.195,4544.724,4366.3804,5365.686,95242.195,4202.364,2196.282,1
187302.88,2,1,2,33.1034,-2,-2,-2,-2,-2,-1,12134.793,-2747.1428,-5415.521,-2057.59,-9328.987,72207.984,1052.257,540.0287,803.6045,1445.6709,68933.83,4769.102,1
184254.02,1,1,1,40.912052,2,2,2,2,2,2,65617.48,67371.15,68650.59,69217.25,67360.67,59376.85,2920.8484,2090.6118,1879.9121,4555.1445,1313.1146,11315.795,1
61446.934,1,3,1,40.135365,2,0,0,2,2,0,43215.234,35999.094,42415.17,43552.246,32385.71,35730.03,1445.5973,4120.879,903.4812,2100.4434,2070.949,3174.1714,1
62896.215,2,3,2,25.741058,-1,2,-1,0,0,0,9598.762,4720.076,4018.1472,12762.482,10408.991,11898.494,621.0212,7039.8027,5881.916,576.882,1172.838,4593.3857,1
165192.56,2,1,1,33.688484,-1,-1,-2,-1,0,0,3676.8088,-508.15057,-3113.716,3305.8787,10818.827,2606.1133,2154.0005,3478.924,10580.909,-1516.1802,1474.4142,-1611.9135,1
68660.51,2,1,2,27.437948,2,0,0,0,0,0,25123.408,25535.594,22026.402,17570.383,20498.496,21328.312,1641.1527,2986.3398,1481.4316,816.5019,1683.6735,1278.3588,1
171230.22,2,2,2,31.774715,-1,-1,-1,-1,-1,-1,4979.8516,85.505684,1747.0535,-302.3518,447.4303,1106.0157,2294.8386,1375.2904,1507.937,1868.7566,1197.8073,2417.9626,1
282525.06,1,1,1,34.726788,0,0,0,0,2,2,276173.25,279817.0,272363.8,270805.56,275445.78,266763.75,11417.737,10006.067,15721.886,6142.978,10628.169,6576.877,1
47464.01,2,3,2,39.48159,3,2,0,0,-1,-1,48777.418,45078.965,35841.676,8891.828,7087.274,5470.8438,-325.92368,1442.9918,1296.3572,8629.867,2601.2546,6451.158,1
93506.77,1,2,1,34.802296,1,2,2,2,2,2,43947.74,41213.805,33130.34,48139.8,46229.066,44839.195,1147.9994,1721.7926,1683.3164,3389.4836,1922.5743,1687.2328,1
279125.22,2,3,2,45.648396,-2,-1,-1,-1,-1,-1,5498.6562,3135.9353,5376.28,4431.3555,16263.095,5546.0117,4669.767,3204.7036,2145.6067,18754.38,4145.535,3883.518,1
118582.96,1,2,2,27.938116,2,2,2,2,2,0,112133.75,108070.18,114439.17,119388.82,101915.125,96681.3,3357.066,3916.0452,5548.2476,501.091,3948.421,4005.4758,1
175537.11,1,3,2,51.885048,2,0,-1,-1,-1,-1,26286.465,19405.568,818.86206,9180.766,-1341.0267,2795.4531,1284.2484,2334.4392,5580.224,3427.6353,2493.1333,7761.795,1
52422.637,1,2,1,45.987957,-1,-1,2,0,0,-2,6931.1055,2567.5837,-1385.427,9804.695,-1017.9408,2563.0625,5246.778,306.12927,-143.31374,107.7773,1161.7001,1158.2545,1
81181.92,2,2,1,32.738846,2,0,0,0,0,-1,33621.758,29126.605,29721.725,16327.18,3975.2505,7715.963,1488.9823,3905.4255,2744.5417,2480.649,4949.712,4445.137,1
518723.9,1,3,1,48.078823,2,2,2,0,0,0,483788.2,470823.97,444221.0,452748.22,401759.72,426199.2,30653.32,1686.5233,21272.91,17667.86,8108.096,43518.062,1
52727.613,2,1,2,24.852253,2,3,2,2,2,2,32378.492,26381.45,28387.516,34282.703,31531.61,35364.176,-427.20932,-207.97865,1973.0312,2975.6946,1650.6505,2200.14,1
51341.87,1,2,2,28.21893,1,2,2,2,2,2,28319.4,22812.031,15642.048,26562.521,26462.08,26344.814,691.38544,449.5028,2090.2617,2482.1414,1765.1537,2842.9114,1
241689.44,1,1,2,30.741472,-1,-1,-1,0,0,-1,15706.781,-1533.5255,34688.676,62811.41,66128.516,124385.77,3143.9678,63307.09,43831.79,18520.922,110422.35,140648.12,1
139686.81,1,3,2,34.387703,2,2,-2,-2,-2,-2,22281.012,2786.529,-2792.5168,-3891.7385,-828.71423,-604.44916,-307.66147,-300.4806,522.1863,219.81221,1451.0592,-1018.08435,1
245904.88,1,1,1,37.47847,-1,-1,-1,-1,0,0,8782.168,-4954.1387,-8542.958,94746.62,52485.28,55440.895,1412.7574,-1467.194,101223.07,2684.61,17022.875,1940.204,1
279229.03,2,3,1,48.8256,-2,-2,-2,-2,-2,-2,3184.7893,2660.3298,2394.9714,1738.8083,913.5748,2069.4883,591.5783,2029.4122,916.8601,1401.438,1499.139,1062.1525,1
20632.559,2,2,1,26.13355,-1,5,4,3,2,2,20403.842,14261.303,10524.038,17743.629,16433.416,18224.053,-72.79183,-926.7755,1444.3059,1822.0471,1199.8939,1097.6024,1
544922.44,2,2,1,31.190458,2,0,0,0,0,0,536185.6,514999.94,483640.0,538306.44,424035.2,167638.69,22102.56,27418.637,155545.33,167.21724,-1410.9423,181606.56,1
105222.77,2,2,2,27.418806,0,0,0,0,0,0,91894.76,93450.37,93258.086,85321.35,74441.63,78723.54,4215.7036,3632.715,5548.7803,5505.1396,4672.9946,4854.8086,1
244509.81,1,3,1,45.621674,0,0,0,0,0,0,138921.67,129330.086,105882.79,100486.76,74972.17,71244.52,4993.177,4416.316,3922.868,5435.6533,3555.817,9397.758,1
146545.48,1,1,2,30.6895,0,0,0,0,0,0,125742.03,119477.48,116008.57,91927.04,77113.76,56762.54,4523.359,4553.953,3587.4927,3158.9568,2526.3945,1976.0563,1
260499.55,2,3,1,43.372295,1,-1,-1,-1,0,-1,3686.5159,-3466.9788,-305.16922,7854.5234,656.2584,8697.502,1012.97577,1948.2299,2453.411,2322.3704,5737.869,3901.9597,1
46377.49,2,3,1,43.113007,2,0,0,0,2,2,16008.746,13837.752,17086.768,15734.645,18018.312,18399.654,-85.40707,1860.5792,1570.958,1179.5945,1072.3617,606.5206,1
46735.746,1,3,2,38.052288,1,2,2,2,2,2,29995.812,20762.664,27019.646,32977.44,28116.227,31692.639,315.4816,1062.1364,1732.4294,1926.2566,1983.182,1726.0487,1
130288.04,1,3,2,28.794626,-1,-1,2,0,0,-1,8057.0664,-4340.0605,-4714.4,8330.711,-4484.7104,5041.324,2677.5964,-1299.3038,1126.7539,1545.8379,2418.5955,3430.4976,1
151619.94,1,2,2,31.745026,-1,-1,-1,-1,-1,-1,4218.2227,-469.55682,1357.78,3612.031,439.66077,3021.5273,3105.24,2800.0544,2012.9468,3067.3435,2664.746,4796.068,1
473703.22,2,2,2,28.48103,0,0,-2,-2,-2,-1,448865.2,7770.709,-376.4778,4049.3748,-4161.187,305086.75,1701.2152,3569.5986,-2545.928,-1680.8745,307839.56,28412.982,1
54340.81,1,2,1,33.314457,0,0,2,2,2,2,31186.824,31953.041,30715.555,38966.03,36557.633,38107.598,3685.1184,492.54333,1978.0996,2059.7222,1970.6366,2156.2737,1
78487.43,2,1,2,28.620024,1,2,0,0,0,0,20099.162,19900.998,14552.894,13048.904,15011.782,13041.73,795.3996,4015.0066,3480.1746,2324.5479,2359.021,760.17834,1
28149.504,1,3,2,26.967106,-1,0,0,0,3,2,15511.152,12236.053,12101.761,10370.818,17406.13,16342.814,-181.14926,969.93225,3616.6057,88.80684,1157.5211,-146.04237,1
186092.39,1,2,2,29.907175,2,2,2,2,2,2,116504.9,118537.984,123560.4,125859.81,129061.234,123311.6,3611.506,6987.5996,3713.002,6582.057,5731.9585,2368.676,1
97428.9,1,2,2,27.932552,0,0,-2,-2,-1,2,76292.31,8667.037,-282.01297,-2123.2698,80305.12,58080.82,188.20963,1150.3185,397.9807,79890.664,-654.3241,147.35753,1
499845.72,1,1,2,46.939865,-2,-2,-2,-2,-2,-2,438115.8,388106.9,310284.3,272882.06,156050.67,103490.7,986.2299,11597.285,8515.812,6105.75,2837.5322,1823.2428,1
44757.52,1,3,1,40.303886,0,0,-1,2,-1,-1,11631.715,3845.0134,8704.909,8356.148,4557.321,4437.4336,1170.2916,2746.1633,74.021225,5572.6777,1388.4733,2093.1682,1
54085.605,1,2,2,33.261013,1,2,0,0,2,0,40580.15,35323.086,30053.68,36461.26,31969.771,32242.59,-603.9764,946.73425,3622.112,581.6386,1704.3732,2667.4172,1
193495.05,2,1,2,31.302113,0,0,0,0,0,0,162949.11,154505.56,159564.52,147490.7,124192.43,117071.01,6111.637,6499.3535,5928.8135,5138.856,4603.6704,4275.204,1
169838.48,1,2,1,35.359356,6,5,4,3,2,0,280413.06,234508.23,218358.66,213290.22,200085.11,203693.56,947.80536,-1140.7457,-3.3391247,2093.5571,143572.64,8779.294,1
65966.42,2,1,2,27.363745,2,2,2,0,0,0,24519.943,28942.525,22483.91,21100.645,23831.406,21966.455,3685.0076,682.4906,1052.9197,809.3786,917.1107,356.818,1
354086.1,2,3,2,37.402023,-2,-2,-2,-2,-2,-2,3614.2268,4373.49,3823.6824,-1147.9573,1499.4889,1870.5626,1522.8148,1203.6715,1277.5278,1441.4312,1499.2924,3075.5369,1
237262.89,2,1,2,30.881464,-1,-1,-2,-1,-1,-1,5074.754,-2367.4514,-2290.4622,-1614.1174,-206.35486,6406.621,809.08466,-197.8683,3558.9368,1317.363,3059.0847,981.12976,1
48527.074,1,3,1,42.48378,0,0,0,0,0,2,21397.344,19967.795,23316.941,27634.803,25334.6,26879.434,903.21893,2766.4841,1548.042,5090.759,684.64,941.6781,1
47605.19,1,3,1,42.081146,3,2,2,7,7,7,1628.129,2314.5017,619.8347,6510.6133,3767.977,3967.5898,-215.82309,64.723015,630.6084,389.25995,-186.7523,472.49353,1
246651.64,1,2,1,42.316975,-2,-2,-2,-2,-2,-2,4417.5977,4071.9236,-2420.302,3466.6091,766.76624,573.50397,1129.2123,1635.5138,1197.283,1974.1348,1983.0934,740.7848,1
65455.223,1,1,2,27.704351,0,0,0,0,2,0,27541.71,27351.4,29435.883,33781.645,30914.02,33883.34,1374.9156,3464.3157,4082.0645,483.65253,1780.9794,3462.521,1
196208.23,2,3,1,40.16366,2,2,2,2,0,0,97922.87,100186.77,107186.375,104719.68,104208.96,107492.18,4709.4756,6314.8447,63.828846,4526.4927,4905.528,3291.546,1
403567.8,1,3,1,48.77635,2,0,0,0,0,0,354703.25,318974.22,268123.1,141173.53,111919.79,67559.195,17154.268,7751.5957,4962.5547,4903.841,2138.0144,144584.14,1
133884.83,1,1,1,43.74921,1,2,0,0,2,0,91279.234,89497.59,87861.19,92275.41,77409.2,70857.984,-558.64777,2533.2805,7078.37,1072.7551,3235.1836,2900.2441,1
107005.14,2,2,2,28.686884,0,0,0,0,0,2,41369.18,35212.887,30434.37,32098.781,35533.25,35759.785,1663.8546,2272.5435,1949.9363,3943.6838,668.3019,2094.7488,1
59293.37,2,3,1,37.734436,0,0,0,2,2,2,30472.018,30605.074,29760.953,37235.293,34215.484,34660.625,987.8437,3508.937,1452.0032,3410.6335,50.640762,2664.9712,1
306833.03,1,3,2,38.48926,0,0,0,0,0,0,287127.97,283316.16,273725.6,236918.48,218522.45,215522.22,11681.4,9796.162,9204.21,8088.3765,10062.37,11547.228,1
585736.44,2,3,1,43.096016,2,-1,0,0,0,-1,-10505.355,75198.81,370397.72,320016.28,346714.3,-3831.1602,80057.3,241435.25,1487.3481,1787.6516,-2692.507,-1043.8534,1
488671.25,1,1,1,32.7515,2,0,0,0,0,0,539748.1,454333.66,138098.69,606890.94,403032.25,352098.72,17642.736,-612.24084,433933.7,8907.2295,13620.615,18758.043,1
70829.07,2,3,1,50.29753,1,-2,-2,-2,-2,-2,4246.586,6503.4043,-188.2903,3068.16,639.1061,-549.44135,341.9235,396.25916,99.32445,484.39374,468.0531,185.79991,1
54010.59,1,3,2,33.302544,1,2,0,0,0,0,38034.78,28610.219,21609.46,15957.609,15799.534,14183.807,-142.99887,1543.7277,1984.8677,1072.396,1359.805,687.63293,1
485355.47,1,1,1,37.195923,0,0,0,-1,-1,-1,460607.2,396590.44,131468.83,14970.793,4106.227,6935.8496,21451.223,5413.5024,1729.282,3206.7764,3889.9746,5062.502,1
62605.918,1,3,2,29.752615,2,0,0,0,0,2,38033.29,28204.492,26710.518,29591.744,33006.734,37097.18,1307.4047,2090.792,1582.437,4237.7905,1201.7592,7872.5493,1
89040.48,2,3,1,48.739037,1,2,0,0,0,0,63610.633,50706.977,42968.91,46785.008,35945.9,33004.695,81.95524,4221.559,2695.8809,2230.0513,1554.0887,6944.1763,1
201365.83,1,3,1,32.402477,3,2,2,0,0,2,159563.6,149697.31,105710.97,87863.42,89834.09,59623.477,4310.365,321.86707,3940.9995,16026.15,3215.2954,3430.9358,1
618118.5,2,1,2,29.615417,0,0,-1,-1,-1,0,40003.324,-6441.3535,8888.612,12090.445,10074.1455,157248.2,1225.9545,18042.969,28851.016,2990.5247,168879.94,3766.5137,1
284935.1,1,1,2,29.963793,2,0,0,0,0,0,230161.34,245080.53,206609.1,181443.45,176379.9,154781.6,7860.378,7715.0947,6193.0923,6740.4575,6850.2437,4200.4604,1
37431.652,1,2,2,31.085302,2,2,3,3,3,3,534.047,2416.4822,1826.112,-3079.422,1488.3834,2500.3594,-233.88608,408.5326,891.36426,-557.83014,343.349,-460.54187,1
86964.04,2,1,1,38.953632,2,2,2,2,2,2,34690.637,36066.9,39028.4,41999.438,43135.848,40608.777,2239.1555,1620.4052,1901.2896,1942.2026,936.0104,1785.0231,1
35895.035,1,2,2,32.07676,4,3,2,0,0,0,19489.662,12941.357,10157.3545,20710.768,15707.276,20127.352,-825.80206,-1304.6691,3570.2617,2544.652,1495.1625,8135.438,1
358597.28,1,3,1,45.78751,0,0,0,0,0,0,398661.22,327935.9,288594.0,234503.48,181507.75,313127.1,16411.639,12129.344,2192.8513,6806.095,292343.75,12718.905,1
44313.3,2,2,1,37.877605,2,2,2,0,0,0,21323.826,24647.723,18356.846,17775.879,16897.629,12044.338,2400.7722,1038.774,38.262928,172.12813,760.93274,1813.5118,1
46545.863,1,2,2,32.721325,-1,0,2,2,-2,-2,8643.652,695.24005,-614.0325,2670.6404,-2870.3003,4547.5117,835.5339,-937.068,3404.1636,366.67377,1596.3392,1241.6803,1
248863.92,2,1,2,37.77114,-1,2,-1,-1,2,-1,5382.6836,-5709.924,2117.9167,1403.8748,-2945.5386,11848.834,-365.92612,3783.8132,2228.866,1292.9766,7607.1216,3018.7896,1
87110.54,1,2,1,40.554047,0,0,0,2,2,2,29637.887,29964.861,29980.168,35340.824,31507.791,31754.02,1534.6014,4011.3823,371.71362,4660.719,270.3202,2658.7317,1
135860.89,1,3,1,40.65749,2,2,2,2,2,2,92281.61,87901.87,93907.26,91305.75,84701.0,77625.25,3831.1929,3165.39,2968.9956,3470.653,5631.5522,2589.4265,1
205400.73,1,2,1,33.957466,0,0,0,2,0,0,120335.7,116721.125,123087.305,111625.2,112256.72,121646.445,7237.5176,10534.633,1043.7891,5062.4526,8568.866,3516.8474,1
42497.855,1,3,2,35.771267,1,3,2,2,4,3,21350.895,15926.959,26375.969,24967.39,21267.445,25038.61,1490.9489,3008.915,-261.2522,1277.3245,856.2831,2132.5015,1
248088.95,2,2,2,32.875233,-2,-2,-2,-2,-2,-2,8561.352,5355.3887,209.01439,-3531.1995,622.1764,541.3477,1150.5131,1997.2848,1656.2925,1582.9675,1507.4982,1552.9901,1
137850.03,2,2,1,32.285294,0,0,-1,-1,-1,-1,14624.66,12177.588,3486.073,3178.5974,4198.149,4911.621,3317.1843,3250.5166,511.6709,5524.0786,4926.082,2792.8882,1
40658.535,2,2,2,27.903313,1,2,2,2,2,2,15872.574,13946.584,10976.89,13204.994,16061.794,13427.609,311.61343,978.2213,1407.9971,1644.2878,825.943,1231.4572,1
87577.85,2,2,1,36.376076,0,0,0,2,0,0,55631.14,56375.375,59915.41,59013.24,52154.32,45940.03,3344.4534,9679.396,85.73558,2012.9565,2922.9465,2782.4138,1
44846.13,1,3,1,39.810963,0,0,0,2,0,0,13225.559,14736.498,17298.715,20030.203,14660.991,19214.21,3553.4973,3017.4268,-90.166275,1079.1228,2501.9106,1517.1305,1
59317.2,1,3,2,41.050613,-1,-1,-1,-1,-1,-1,3680.3596,-1567.5333,2859.6199,3819.3396,-407.03455,3145.3945,1552.7845,-64.86927,1217.8682,1538.2441,1367.5797,3402.749,1
55605.434,2,2,2,25.700457,2,2,2,2,-1,-1,12165.5,11354.283,4712.1196,164.94116,68.35608,1617.2931,1395.662,-601.16516,2153.472,4795.7324,1252.0865,1209.1935,1
42103.613,1,2,1,32.749043,1,4,3,2,2,3,14136.918,13769.244,15235.808,18926.273,17322.123,15432.232,187.25406,-154.75893,648.38257,3853.7446,-318.9403,831.4772,1
197586.05,1,2,1,49.07254,0,0,0,0,0,2,130520.37,134832.58,136872.4,136568.67,139910.03,124567.12,5200.593,6242.4653,5628.622,11722.194,1756.6881,7786.2715,1
92700.74,2,2,1,30.742752,1,3,2,2,2,0,22054.465,18553.293,15650.458,24399.9,19954.84,23927.02,362.5944,330.48328,1255.7754,793.29584,2639.587,3023.416,1
241983.27,2,1,2,30.475845,2,2,-1,-1,-1,0,3849.7034,3475.7634,4946.264,-5493.3594,16667.537,10944.256,1080.6022,2988.0007,2208.824,14211.362,2510.2488,9366.855,1
58780.254,1,2,2,27.615181,2,2,4,4,3,2,8348.629,13545.568,2270.3738,1543.7185,10377.62,8083.34,889.3493,-475.48645,993.29517,-630.87946,2134.6943,-868.38464,1
56047.06,1,2,2,39.63866,0,0,0,0,0,-1,59526.977,41445.88,32033.797,21419.404,3554.9302,28661.39,2203.7551,688.71423,1190.5776,1158.4744,28218.727,2053.0771,1
371737.2,1,2,1,43.271458,1,-1,-1,-1,-2,-2,1771.2384,-340.3537,-1730.7747,-540.8557,170.53186,-1043.5936,977.4379,1643.1517,1152.8667,565.35175,1027.3429,55.28966,1
187118.69,2,1,2,33.67094,1,-2,-1,-1,-1,-1,4139.6836,610.0096,3745.823,2382.3826,1439.5865,1543.8478,251.81119,4332.8813,3610.1494,5412.3647,3220.2769,1572.6351,1
189080.16,2,2,3,38.08563,0,0,0,0,0,-1,86382.75,52459.965,10946.831,11923.582,-3122.5425,4213.3516,1941.9452,2103.148,5186.644,1684.3323,3479.7126,12033.607,1
514215.84,1,1,1,53.89551,-2,-2,-2,-2,-2,-2,21501.795,13093.752,144094.97,9759.668,17861.227,54566.742,550.1799,162928.19,21525.748,3696.8345,64306.984,162562.47,1
34893.24,2,2,1,34.29355,0,0,2,0,0,0,24396.145,27135.938,24416.854,28719.146,25535.002,26700.305,3246.6555,599.98083,643.0759,787.64764,1462.423,2584.7998,1
197195.56,1,1,1,43.2724,1,2,2,2,2,2,128359.375,135417.47,134584.94,142304.81,145640.88,133921.78,4627.301,3879.922,5597.199,10269.8,4592.3706,4556.0674,1
47938.402,1,2,2,29.500221,2,2,2,0,0,2,31280.432,28207.527,20965.576,29503.326,29332.906,28672.236,1779.4432,-458.72522,1970.2095,3257.1914,868.4706,380.45764,1
38643.145,1,3,1,32.352825,-1,-1,0,0,0,0,9512.023,9055.322,10683.835,11985.623,8592.206,8903.625,9615.6,2937.5715,-549.9856,194.23384,677.098,629.129,1
162985.39,1,1,1,43.336987,1,-1,-1,-2,-2,-2,2930.9768,2597.1033,-2385.7473,3634.0974,1048.61,964.62115,2450.7112,-291.56213,418.531,1363.3765,693.2328,633.6478,1
316575.1,2,2,1,42.426174,2,0,0,0,0,0,315419.78,303688.97,287658.84,249800.11,245773.77,181919.75,11809.07,10983.887,11458.907,7759.091,6767.3623,6513.204,1
296567.16,1,1,1,51.825085,-1,-1,2,2,-2,-2,2698.6448,-2343.5374,-2263.97,5676.4453,-2185.476,2502.5664,1708.5079,-1380.6798,815.23413,1400.5515,1375.2506,873.8419,1
48801.77,2,2,2,32.482025,1,2,2,2,0,0,42481.152,45480.016,29539.432,38342.312,30434.846,35830.08,1331.7496,1726.2396,1099.5828,1406.2227,3076.0334,2552.9563,1
117425.32,2,2,2,34.460323,1,5,-2,-2,-2,-2,26938.404,-363.5412,-3564.2825,-1915.1877,-2278.5425,-453.4101,-92.59994,-1123.0778,1162.3303,1467.3176,1501.7802,319.16614,1
502545.4,1,1,2,37.0099,-1,-1,-1,-1,-1,-1,-1123.3749,70938.98,25430.424,143489.94,22906.951,13059.453,70330.41,40858.156,145187.47,167111.47,23436.06,37658.133,1
24713.34,1,3,2,26.655834,1,2,0,0,0,3,17415.125,15239.119,14291.899,17051.598,19289.152,19282.945,439.8478,703.3651,1281.5271,3546.1023,189.77406,68.350204,1
218829.72,2,2,2,30.94185,1,2,0,0,0,0,43678.82,29570.562,13110.241,22745.574,24872.342,126418.35,877.1491,1388.8248,2022.1196,-45.64507,86186.49,3163.0828,1
34353.84,1,2,1,29.594677,0,0,0,0,0,0,19528.496,15325.686,13827.507,14263.176,13601.151,13490.988,1549.1493,2816.146,602.1963,435.07343,1517.7279,687.0043,1
101307.82,2,2,2,29.089737,1,2,-1,-1,-1,-1,4251.0938,2899.6345,420.4011,-4071.43,-491.47595,-743.87885,423.0363,1423.2404,1983.0557,1139.0803,1646.6117,1997.2963,1
119941.73,1,2,1,40.618504,2,2,2,0,0,2,73256.01,71942.836,68508.195,68285.1,73219.58,68652.414,3427.26,271.62488,2755.6038,6884.296,1156.2714,4044.6545,1
46067.434,1,2,2,26.154074,1,2,2,2,2,0,29668.965,23721.74,16820.027,25678.62,14362.735,18083.71,873.4875,566.4061,1266.7988,928.1694,2020.8712,1477.3268,1
82515.07,2,2,1,32.090115,2,0,0,0,2,0,44578.43,43822.99,44022.35,45496.008,40607.46,43751.617,3064.9114,2969.181,3115.2761,212.10884,3083.11,3381.8396,1
118574.48,2,1,1,45.649834,1,2,0,0,0,2,43788.617,41074.184,38829.574,39752.195,42993.723,36001.02,-108.34603,3791.0686,2272.5496,6900.085,757.5907,989.4059,1
43963.19,1,2,2,42.089146,0,0,0,0,0,0,34446.785,32877.74,28106.582,24254.244,19608.182,18895.375,1759.5511,1661.2311,1067.6165,645.2746,1830.6891,1210.2784,1
40516.44,1,2,2,28.259684,2,0,0,2,2,2,17730.363,14689.42,16897.217,18406.873,18937.49,21344.846,919.6408,2463.0645,425.3728,2519.6985,634.1185,1582.8365,1
32967.848,1,2,2,38.168804,7,6,5,4,3,2,36055.004,35055.78,23265.38,30461.322,35331.617,16368.855,-298.7186,-1139.4694,1039.0256,-141.23784,1011.67004,1135.348,1
384058.34,2,1,1,33.930492,-2,-1,0,-1,-1,-1,87495.984,35515.453,108649.52,69198.37,11240.103,29249.652,40856.61,108208.0,79553.02,6851.8726,33668.26,12259.541,1
98923.125,2,2,1,38.26762,1,2,-1,2,2,2,9161.48,5386.8145,1677.0457,455.92163,1388.2975,-801.7421,481.6271,-200.35854,1110.4976,534.7131,1057.6176,50.45812,1
53023.355,1,1,1,41.76843,0,0,0,0,0,0,40746.758,40792.305,35261.023,32132.682,26100.258,19903.22,1880.8793,2755.4,610.8994,2530.118,1169.9537,892.64294,1
192885.25,1,1,2,32.26242,2,2,2,2,2,2,139676.17,145955.14,149983.95,155967.38,162991.95,152603.94,7560.373,6157.349,5468.893,6502.4424,6045.395,3173.1406,1
178180.92,1,1,1,42.135273,1,-2,-2,-1,0,-1,2014.8282,-870.6623,-5349.7124,2721.117,1149.899,-1047.0311,537.16815,-91.94251,5217.317,1085.9802,3050.7302,-1367.8109,1
66308.7,2,2,1,30.075531,2,2,2,2,2,2,24297.885,25332.303,26486.295,25396.19,30115.686,25527.81,1674.0807,2034.8976,270.5857,1710.633,718.1449,1093.4464,1
47496.355,1,2,1,33.696472,0,0,0,0,2,2,21361.312,19286.041,18573.252,21243.297,22123.084,19900.81,1369.9891,2353.3545,2985.6587,1320.4397,850.8871,629.6715,1
176050.89,1,2,2,30.967115,-1,2,2,-2,-1,2,10663.613,4274.9473,-1918.4426,16772.973,20328.16,21093.324,1213.3192,-609.0143,9763.51,4970.852,730.3214,9031.842,1
55115.504,1,3,1,41.654385,1,2,0,0,0,0,40565.7,36444.445,29908.475,25631.252,19994.691,17182.959,-50.077965,2000.8136,1409.4375,1466.1545,1269.1815,858.6405,1
59728.49,2,1,1,32.271057,0,0,0,0,0,0,31881.182,35670.875,36890.656,33672.895,32439.494,30883.914,1708.0653,3214.0469,1114.3005,821.46454,1083.2445,2722.674,1
47884.16,1,1,2,28.28371,-1,3,2,0,0,-1,14069.047,2657.7986,210.7058,12664.822,3780.6294,5006.199,-324.89096,-792.4,4945.2256,2581.7908,1964.8812,524.42395,1
259413.28,1,1,2,31.757975,-1,0,2,0,0,-1,21315.129,14881.42,-15794.571,229406.2,195030.64,220851.55,1621.091,-5632.666,198841.03,6712.8525,3609.1145,10145.673,1
55802.793,1,1,2,30.668493,0,0,0,0,0,0,40772.582,41763.992,35304.65,29481.93,29231.184,27276.08,1714.7174,2477.3506,2150.8396,1484.6545,2324.305,1226.2343,1
322333.62,2,3,2,33.158752,0,0,0,0,0,0,316748.5,311576.5,286630.75,243332.3,184026.22,100471.39,11573.955,7103.173,12453.574,6756.0254,6343.469,185236.36,1
61528.207,1,2,2,25.9368,1,2,0,0,2,2,31777.582,28449.152,20076.787,27976.637,30991.041,30775.746,-492.9935,889.0121,3685.701,2114.6787,1720.9664,47.595325,1
116283.33,2,1,2,29.657312,2,-1,-1,-1,-1,-1,1405.254,1750.3456,2656.7253,-2812.43,1865.0084,1131.8517,1472.6989,1673.5248,1297.7312,732.9775,1663.4811,8343.788,1
69021.12,2,1,2,26.415943,1,2,2,2,0,0,13248.332,11860.822,10884.175,9668.621,13196.796,10907.605,984.80023,1937.2657,682.24854,415.8332,1206.8978,20.870228,1
338363.6,2,2,2,30.386265,4,3,2,-1,-1,-1,529230.6,450665.12,391344.47,318312.03,265621.3,239731.03,1964.5463,-829.4928,-408.24048,5508.5176,279841.47,10413.12,1
71498.02,1,2,1,26.731527,0,0,0,0,-2,-1,55086.78,8694.104,-4887.4507,123.31617,-23619.742,46312.535,834.0109,938.4828,904.43115,541.14594,66196.46,23005.938,1
56399.918,1,2,2,30.3789,2,2,2,2,0,0,49876.207,46702.254,46822.742,52357.99,44624.805,45940.98,2342.142,2750.655,372.96167,2223.5464,2902.3955,1686.4965,1
61802.535,2,2,1,35.37172,2,2,2,2,0,0,33088.33,34274.8,29169.209,30153.227,27213.705,22865.355,2420.7937,2916.6619,-253.50954,599.8942,1772.9408,4263.7417,1
198108.55,1,1,2,32.93571,2,0,0,0,0,0,80110.36,86167.766,65104.406,61261.09,60745.203,53119.254,3044.658,3277.361,1947.2234,2938.7954,5009.63,1875.8341,1
363253.44,1,1,1,32.61372,-1,-1,-1,2,-1,-1,203.78922,-2049.0256,1480.0066,3647.117,83876.53,87918.695,2174.2004,3085.4104,261.7351,92944.234,6518.559,-460.1825,1
51202.34,2,2,1,30.085894,-1,-1,-1,-1,-1,-1,37225.055,34188.93,-56909.965,4012.5662,7132.778,2293.8906,149524.33,1118.0153,83006.26,-2869.7622,-1854.4496,52493.0,1
563160.4,2,2,1,31.187014,0,0,0,0,0,0,537111.8,503372.1,480506.84,489990.3,165751.02,166342.86,21792.164,227212.33,8211.684,-2858.064,153105.12,27852.922,1
248033.38,2,1,2,29.415283,3,2,2,-1,-1,-2,7013.746,-3000.6936,-5272.849,-3645.223,-2473.3784,-319.26556,-581.5965,-893.754,1864.3987,745.08075,1069.0509,-865.9999,1
180664.55,2,3,1,35.473495,0,0,2,0,0,0,138500.19,141933.83,140307.83,130848.59,108373.01,116642.305,11931.325,144.36461,4827.904,5759.2505,5012.094,5247.163,1
54003.082,2,3,1,30.926167,2,2,2,2,2,2,30974.527,28397.719,36832.17,34840.516,35515.145,35123.34,1544.6927,1671.528,884.2876,2978.296,690.7638,2009.0099,1
322314.97,1,3,2,39.495045,2,2,2,2,2,2,277312.1,293767.06,283504.38,274676.66,297226.66,284770.0,12012.639,9639.983,9384.767,12029.0625,6275.2017,11802.678,1
53771.965,1,2,2,24.286764,0,0,2,2,4,3,30167.8,37569.965,41638.527,48358.156,42536.31,43315.94,7786.3755,3499.1292,1995.4075,1400.081,-684.306,2073.4478,1
61389.152,1,3,1,49.868324,1,2,2,2,2,2,21799.305,18832.883,15406.312,27971.791,21571.803,21363.975,276.16275,618.516,1699.6116,3029.684,980.36414,2103.2512,1
114014.93,2,2,2,26.409643,1,-2,-2,-2,-2,-2,7188.3594,5967.619,-2015.5676,-3418.4963,-2134.0269,-2851.3047,538.2868,-625.7975,919.5344,60.08491,209.32533,5566.1704,1
88409.07,2,3,1,49.08569,2,0,-1,0,0,0,113308.2,105941.78,102441.33,99849.445,80235.195,81139.836,4164.432,112972.02,1883.7537,4539.0205,3693.8267,5893.1094,1
111840.63,2,2,1,43.63954,2,2,0,0,0,0,94346.64,97334.59,95577.23,85349.555,80517.45,72947.88,1041.8165,5295.4497,3624.6323,2843.5493,2850.7192,2902.3203,1
57915.543,1,2,2,28.220694,4,3,2,2,3,2,38503.832,33455.39,28337.277,41518.81,40847.367,40281.242,-403.85385,-41.24476,4981.1875,1732.0569,1958.2045,2038.4576,1
49222.027,1,3,1,44.082993,2,2,2,2,-2,-2,26491.219,21222.408,15642.909,8263.355,-1502.5072,3627.539,898.0651,-944.29456,727.1975,1175.4678,1249.1188,1328.9962,1
26493.48,1,2,2,26.295174,1,2,4,3,2,2,16647.656,19887.203,13226.147,16814.65,20178.467,10073.85,2832.7285,-1558.5021,1493.114,536.6447,1229.1136,-493.10046,1
26391.02,1,1,2,24.955841,-1,-1,2,0,0,0,10469.316,4955.4863,3582.8894,10173.445,6676.899,12463.934,5019.188,-358.19202,2288.5151,513.9694,2773.7668,1873.2765,1
67011.97,1,3,2,43.328926,2,2,0,0,0,0,65300.445,59905.28,58507.47,48830.24,36886.58,36908.156,122.11198,2957.7478,2031.6147,1258.0957,1992.0114,5315.667,1
252872.23,1,1,1,42.146194,2,2,5,3,5,8,-968.7811,4501.127,996.28394,165.72632,3352.4849,160.13678,-737.32794,-222.40932,1218.2083,559.73846,-359.33386,-1594.8402,1
62383.324,1,2,2,26.396519,2,0,0,0,0,0,46932.656,44189.03,43119.242,37842.574,30261.74,33177.723,2138.791,2771.7048,1011.1184,2620.5151,2652.2725,1232.33,1
39718.855,1,2,2,25.414644,1,3,2,2,0,0,21033.098,14513.123,10442.601,17339.564,16738.658,20293.8,314.84586,468.40955,783.17334,1265.1519,2246.2754,858.4535,1
166943.27,1,1,1,35.194035,-1,0,0,0,0,0,9126.73,8058.8184,9192.593,12716.984,3456.7583,7218.541,6357.806,5512.9907,324.18872,2030.4404,3927.702,1354.3561,1
43530.973,2,3,2,24.102877,2,0,0,2,-1,-1,14881.559,14294.104,16318.0205,10766.957,5477.6606,8258.957,1186.3397,1089.2787,1538.8447,1777.9011,171.17592,1874.8212,1
52321.246,1,2,1,39.669006,0,0,0,0,-2,-2,31094.725,30193.502,22239.621,3716.0505,-1533.6869,2683.0703,2288.4927,2292.6797,-261.4099,159.84981,1144.0543,942.3248,1
44082.59,2,3,1,30.22058,0,0,0,0,0,0,41296.676,39856.62,38078.777,30683.527,23972.865,25610.465,2160.4656,3409.5217,3286.495,1251.8369,2258.2253,3761.9268,1
163062.14,2,1,2,27.410446,2,0,0,0,0,0,108388.195,98230.03,99016.23,81569.52,80243.29,80819.52,4024.7505,4885.8867,2939.2798,3226.2397,3522.8235,2652.83,1
432656.4,2,2,1,33.351616,0,0,0,0,0,-1,162408.6,57814.176,22006.307,14151.271,-768.9291,12571.162,1934.0404,-108.44544,2661.244,-3486.1245,20887.197,209115.27,1
155578.75,2,1,2,28.77488,-1,-1,-1,0,0,0,5879.5312,2393.5173,2803.5378,7517.996,10343.306,7360.4453,3547.5708,3771.682,6023.096,4241.249,523.21985,1164.4867,1
38488.473,1,2,1,37.735935,0,0,-1,-1,-1,-1,13247.871,8890.326,7843.2173,4472.707,-1042.1791,5080.4727,1592.2694,4920.983,1138.2576,386.6042,4566.8584,505.9823,1
164014.98,2,2,2,34.22346,1,2,0,0,3,2,80108.266,82742.71,75083.1,91905.47,91625.7,83777.09,336.51285,2733.2937,14158.107,93.09346,2068.6191,-231.06972,1
37274.26,1,3,2,47.56995,2,0,0,0,0,0,28146.152,22020.531,23500.268,24931.727,16425.53,19112.627,1146.0978,1502.1991,692.71826,1404.759,3411.9434,1173.5963,1
67296.414,2,2,1,40.863,1,3,2,0,0,0,25945.24,22688.27,10959.546,21859.55,14149.026,11967.865,-147.47202,135.61949,2825.9749,1975.8643,1282.097,715.0978,1
182752.28,2,1,1,38.561115,-1,-1,-1,-1,-1,0,2448.7034,2233.5916,3300.4011,446.4021,2597.4692,451.57037,3752.1362,5135.6846,3450.1255,337.22772,639.05505,1114.7115,1
259965.55,1,2,1,41.715004,-1,-1,-1,0,0,-1,2818.219,-5371.088,-2884.427,6103.371,-655.65173,1808.0431,1457.5123,2781.8953,1082.2678,1335.7361,2086.4216,2752.0715,1
65106.465,2,2,2,30.130013,1,2,0,0,0,2,46868.617,43751.996,26840.207,34415.57,37422.13,32420.46,-46.518883,1142.3116,3457.7524,4369.77,643.7909,1529.6273,1
71495.34,1,1,2,31.656591,1,2,2,2,2,2,35772.137,34466.953,29536.951,40614.95,40768.652,37800.4,956.2326,1124.9083,2106.6091,3529.4805,589.22864,2347.0554,1
158212.56,1,1,2,32.091797,1,2,2,-2,-2,-2,60474.723,46355.605,-2992.5715,-8261.875,-6994.191,-4443.5117,1015.5087,3293.099,309.8806,809.2548,600.06506,-152.75575,1
338187.62,2,2,2,29.586216,5,4,4,3,2,0,564022.25,498194.22,516987.12,413344.0,322407.4,278729.78,5928.5166,-5593.032,6151.6865,-5534.029,-2737.403,247882.23,1
230954.03,1,1,1,40.12621,1,6,5,7,2,2,377658.1,380044.6,352608.9,329744.72,297284.0,295604.84,14416.807,4483.328,14863.394,-1889.3628,6093.4604,235441.14,1
170665.39,2,3,1,36.685707,-1,2,-1,-1,-1,-1,4533.375,-375.63104,1318.5183,5704.4883,-1619.4642,2598.7227,1108.9755,2830.1318,3542.3088,1841.0359,1607.6913,1719.0226,1
43825.535,1,1,2,27.108559,-1,-1,-1,2,-1,0,1518.211,17042.94,9971.472,9681.902,9607.989,7674.8594,15508.896,1005.1168,220.64183,1016.8942,-127.69127,6554.2256,1
211916.94,2,2,1,35.012184,2,2,2,0,0,0,175788.2,174382.56,165647.98,163308.67,152772.05,134274.69,8906.789,1345.9823,5552.103,5221.121,7089.671,5617.1094,1
64554.574,1,3,1,43.85295,2,0,0,0,-1,-2,41308.887,31182.805,31986.762,7009.211,-895.4408,6694.576,1711.038,3173.2454,896.34155,3527.4663,3142.597,1505.9017,1
90545.28,2,2,2,25.088652,3,2,2,2,2,2,69329.31,68390.53,67153.26,72250.516,74697.484,68634.63,503.83023,3174.5107,3310.6694,4289.364,1697.6578,3426.2805,1
159894.78,1,1,1,48.755913,2,2,2,2,2,3,75518.78,75350.23,85354.92,90863.59,89122.195,79014.79,1620.5026,4576.7217,3941.8127,5455.836,34.904922,4600.5156,1
58759.13,2,2,2,25.224262,3,2,2,2,2,3,23142.213,23348.57,19137.027,26595.242,29551.04,28742.467,121.02067,573.2523,4608.7637,1176.4783,-68.77379,804.7379,1
294851.6,1,2,2,33.742336,0,0,0,0,0,0,224402.89,217479.11,215958.55,195256.8,168982.27,153713.31,8946.049,7911.3525,7623.1274,6343.0293,7247.9087,5879.5063,1
62095.19,2,2,2,48.174168,1,-2,-2,-2,-2,-2,7212.4805,6280.955,-1764.7161,2034.363,-1585.2689,-581.7773,105.86051,-1096.6759,974.59204,772.2746,1068.8575,893.28235,1
48661.434,2,1,2,28.070185,3,3,3,3,2,2,31776.232,30688.893,32350.05,36316.777,40925.344,40010.613,-139.4808,-563.5216,2048.93,4615.8584,1239.8663,2140.2532,1
88290.96,2,2,1,37.346107,-1,-1,-1,-1,-1,-1,1660.2189,1203.4081,2646.905,2458.8982,1648.5553,2248.6797,2366.4814,2658.5996,1254.7134,1795.4807,1524.774,5958.963,1
183796.39,2,1,1,40.7919,0,0,0,0,0,0,137555.89,135582.89,123416.836,125088.516,107959.65,100927.164,6427.6436,6177.112,4719.061,5398.789,3230.642,4684.261,1
49972.09,2,2,2,28.394724,0,0,0,2,0,0,25453.22,29282.227,25091.08,22066.33,19743.16,23002.412,2355.1458,2725.1692,272.32056,1134.5212,2111.5735,2352.5332,1
170821.56,2,2,1,42.613785,2,-1,2,-1,-1,-1,3943.7893,152.91974,-1072.2317,5300.7227,6448.778,4916.242,2517.5422,-53.57386,3800.2747,8029.049,4163.8374,1559.7574,1
303382.4,1,2,2,35.787678,2,0,0,2,0,0,269030.03,279368.06,294966.75,273603.97,275543.1,258339.1,11525.439,19920.596,4247.9243,6738.188,10124.111,10296.316,1
68762.445,1,2,2,32.664894,0,0,0,0,0,0,22791.314,54414.793,52973.7,46796.066,37713.656,34359.07,43234.098,2900.29,1192.8665,232.5478,1285.4437,2341.1284,1
23791.652,1,1,2,23.610502,0,0,2,0,0,0,24501.928,22866.531,20974.195,24384.871,19819.34,21101.732,3196.6333,-202.91127,2831.7163,2755.8933,1680.4039,2184.924,1
133716.97,1,3,1,43.78679,4,4,4,3,2,0,123016.16,119525.9,127567.586,136112.47,115727.13,114323.836,2831.0222,-2761.363,1745.9661,2447.9524,2975.0503,6258.8857,1
39388.965,1,2,2,28.01713,0,0,0,0,0,2,20567.205,18526.06,17492.83,17758.516,20697.492,19010.4,1451.2386,2070.6738,990.85547,2890.7505,553.1295,1145.025,1
51349.168,2,2,2,27.064188,2,0,0,0,0,0,37175.676,35254.6,31128.488,24105.041,22207.37,26704.752,1945.6227,2626.8435,727.52,1366.2046,1792.0951,1103.8131,1
217158.98,1,2,2,35.32632,1,2,2,0,0,0,175374.55,167442.34,145936.36,137443.44,130791.48,132896.84,7941.544,-1356.8434,6707.2993,5883.612,6553.364,3678.6807,1
157662.6,2,6,2,39.237267,0,0,0,0,0,-2,153694.27,159071.25,157540.6,148724.28,3423.274,2278.7852,161545.33,2140.852,1894.2688,-1744.7417,-883.0619,1266.5194,1
165352.95,1,2,1,27.014597,0,0,0,2,-1,-1,184492.16,155695.77,47659.594,11351.367,174647.28,176422.94,5940.1826,11923.749,-2070.3308,161977.17,13692.987,-1643.9657,1
349978.62,1,1,1,38.965477,1,-2,-2,-2,-1,-1,254.215,3250.8025,-2057.2786,3341.5974,4902.821,-114.69915,397.3478,-635.96545,1348.6597,4934.1963,1420.3439,239.43321,1
17129.605,1,3,1,51.473083,1,2,2,4,3,2,11813.359,10972.178,10449.819,12372.625,15638.81,6674.754,600.9841,1342.1268,1044.2483,229.44893,563.2704,472.59753,1
24187.8,2,2,1,49.488293,1,2,0,0,0,0,20143.43,18838.84,11790.636,17346.64,7715.4575,6971.34,13.09098,2753.3455,1368.5896,882.9255,1527.1124,361.03186,1
23294.871,1,2,1,50.21915,1,4,3,2,3,2,17166.035,22694.791,14427.333,21213.785,20389.727,13189.053,-189.18784,-2480.8743,3575.5823,1523.8511,-595.0624,2752.8152,1
63641.652,2,2,1,31.241545,1,2,0,0,2,0,26068.738,26984.234,25155.838,30259.602,29645.355,26119.188,-738.1766,2688.7659,4669.303,847.05804,1250.1031,1542.318,1
55280.418,2,3,2,26.615194,2,2,0,0,0,2,22737.02,21234.37,18874.17,17072.42,24012.5,23189.525,-429.61215,2093.687,1857.6794,2543.8696,180.82924,1476.4684,1
278615.78,2,2,1,40.750706,-1,-1,-1,2,-1,2,3143.6096,-1348.7482,3699.4792,1273.4373,6219.7896,5333.547,1284.4032,4409.819,1135.9829,4967.1743,3024.1274,1028.0314,1
240720.55,2,2,1,42.642857,0,0,0,0,0,0,226942.47,221772.25,187311.86,161007.31,137783.9,132930.94,9093.675,8232.974,6517.5527,5472.7485,5381.902,5255.73,1
362128.78,1,1,1,37.640823,-1,-1,-2,-1,-1,-2,602.96497,-1276.5333,-2741.638,10781.973,1293.6764,-2404.8828,554.85614,553.6454,7517.3022,-493.92438,-288.73083,6891.9155,1
60227.973,2,3,1,37.235893,1,2,2,0,0,0,58173.527,58401.773,50818.92,51571.848,43976.47,41681.31,2185.597,-314.4889,2319.8083,1883.9851,2180.8838,1131.0123,1
497849.9,1,1,1,41.197746,-2,-2,-2,-2,-1,0,53863.29,15121.303,15089.042,15522.059,320566.97,267188.97,8764.357,21554.723,20137.777,209765.14,11038.042,9199.685,1
400504.84,2,3,2,37.645782,1,-2,-1,-1,-1,-1,4653.2344,-958.7482,-3409.677,6981.3516,7613.7056,3754.7617,-1239.1942,275183.88,13264.966,1485.5022,15844.293,15185.354,1
68503.17,2,2,2,43.306755,0,0,0,0,0,0,60908.703,59025.117,44878.734,33727.92,24478.857,27531.607,2437.6772,4858.0996,2220.1453,1521.7495,2364.4392,4465.5835,1
585102.9,2,1,1,37.56879,0,0,0,-1,0,0,77637.92,109194.13,396811.6,22488.656,78376.9,53955.31,14203.531,297842.28,62230.688,11232.728,-1059.1669,25567.496,1
22992.73,2,3,2,45.15821,1,2,2,2,0,0,17123.969,14089.869,12130.347,14915.152,11104.079,13306.867,935.24603,297.43103,1363.8718,918.03485,1532.6466,2702.8926,1
228465.6,2,1,1,39.342903,3,2,2,2,3,3,244.18765,1796.8065,1793.2839,1184.074,7471.8696,4363.051,-393.20883,456.6361,1564.8171,252.22432,168.87953,-541.7909,1
383737.56,1,2,1,42.662025,0,0,0,0,0,0,337732.03,345400.25,330628.44,291094.78,285027.34,259535.62,13993.377,13354.544,11478.3955,10519.846,9539.458,11039.816,1
46391.48,2,3,1,32.387268,0,0,0,0,0,-2,44709.895,41939.523,43318.438,36817.03,-2688.9604,4344.5234,1969.4242,2788.9858,775.0381,330.9887,619.0658,3846.297,1
45871.527,2,2,1,30.78866,2,2,0,0,0,0,38349.363,37211.02,36605.63,26394.836,27922.943,25752.064,353.8356,3339.0767,938.96655,490.97797,2749.3135,1965.546,1
61374.754,2,2,1,34.39296,2,0,0,2,0,0,34807.25,35242.277,37561.254,34383.242,29102.598,25678.113,2573.47,5249.1855,-539.011,560.29,2011.7328,998.39685,1
149308.4,2,3,2,24.688644,2,2,3,2,3,2,95640.08,112505.45,102919.52,110456.26,108968.62,97488.24,9592.478,-2541.5715,11126.442,-142.96245,-1083.9388,3793.6016,1
51411.324,1,3,1,46.000706,1,2,2,2,0,0,31433.623,30428.818,18658.104,33729.51,17898.947,17725.125,315.30826,2260.3586,803.57983,2931.9011,2634.7654,983.8778,1
41602.746,1,2,2,40.222496,1,2,0,0,0,0,24535.703,23921.953,14259.618,14885.404,20628.373,19695.303,305.4772,1230.6359,1679.331,6427.8633,2478.8103,81.324814,1
58074.91,1,2,1,39.722595,3,4,3,2,2,2,39067.188,38236.72,30730.775,45283.04,38780.848,39462.652,187.26968,-1039.1559,1893.0981,3630.9978,3046.4436,2395.1675,1
59495.855,1,3,1,42.78969,2,0,0,0,0,0,39480.098,34031.723,44040.746,29485.162,20302.617,23449.293,1691.3107,2733.3027,22.559801,1459.9866,2053.6968,1269.0013,1
41877.082,2,2,2,24.415201,2,0,0,0,-1,-1,19822.385,17094.004,7895.8735,5744.926,-688.558,10547.27,1564.2513,1564.7574,136.72337,3066.1836,4683.7295,1023.8539,1
41929.37,1,2,1,45.00464,2,-1,-1,-1,-1,-1,801.1876,804.3221,-150.4817,2696.2458,-163.48767,-633.4101,1476.2682,1289.65,1992.614,139.42476,997.35876,-12.582409,1
37301.223,2,3,1,39.223625,0,0,0,2,0,0,16644.957,17519.54,19218.52,20506.533,16494.736,19486.006,1824.3898,3149.574,-132.38503,409.98944,1929.289,1501.0128,1
227916.61,1,1,1,49.93359,-1,-1,2,-1,-1,-1,4076.3206,-1312.5568,-762.5051,8227.785,-1786.0463,4646.9297,2094.726,-421.77307,933.1062,4028.3696,2152.084,937.24207,1
47729.56,1,2,2,31.523506,0,0,0,0,2,0,24986.174,24901.363,22815.586,23408.21,21251.89,22406.906,1034.5228,1484.0953,1498.4031,64.91304,2321.0913,2581.0964,1
310765.22,2,3,1,31.930365,-2,-2,-1,2,2,-2,4696.082,-1751.9357,10087.714,13607.098,7280.2817,12445.01,-11.423669,10960.958,23.09984,1223.6045,1104.9076,932.97107,1
27273.262,1,2,2,25.67312,1,2,0,0,0,-2,17115.91,16118.764,6490.2915,8913.141,3465.9224,3660.8633,83.43278,1056.5021,915.2092,799.03534,1563.5521,48.191517,1
25020.309,1,3,2,42.80685,-2,-2,0,0,0,0,14660.977,13159.881,6025.987,17727.725,14760.163,17681.344,18001.682,219.71715,8453.4,1369.292,1953.5314,766.50745,1
304273.1,2,1,2,31.015951,1,-1,-1,-1,-1,-1,3481.1448,3285.943,2873.8347,4969.465,1733.5944,2223.914,4134.664,3009.5688,5592.4956,7492.8706,3703.858,6173.269,1
284413.2,1,1,2,31.98303,-1,-1,-1,-1,-1,-1,2386.3323,5064.8965,-2929.177,-6363.617,1099.6256,-142255.27,1236.2877,-3137.5862,3382.8599,-3125.0464,-2413.011,264846.3,1
153264.22,2,3,2,27.122204,0,0,0,0,0,0,103918.25,96912.95,97725.37,91550.01,83270.17,91452.86,4363.431,3573.354,3276.5232,3889.6548,8251.53,5198.857,1
367909.16,1,2,1,46.081524,1,-2,-2,-2,-2,-2,946.95715,4718.3535,-3120.5989,3492.9177,681.03186,-2508.8477,58.9235,-706.82874,747.6846,1030.3225,352.66833,-288.98474,1
108891.766,2,3,1,34.726967,3,2,2,2,0,-1,98848.94,94296.79,99956.375,77941.01,16650.229,2613.9766,329.81412,4398.8438,503.5918,2389.7158,1476.4342,812.76624,1
331780.03,2,2,2,37.95951,1,-2,-2,-2,-2,-2,5224.754,4401.2246,-607.8528,-4004.7776,273.45764,-3016.1875,-41.466637,-1191.6906,1166.9045,187.9775,387.92493,-670.9613,1
142409.28,2,1,1,39.590866,-1,3,2,0,0,-1,5989.4688,-1225.7443,-2847.7356,7119.453,-426.0658,4904.1445,-49.04818,-109.04798,1659.9832,1485.5767,2343.8425,522.3441,1
74787.77,2,1,2,27.367413,-1,-1,-1,-1,-1,-1,3046.1682,2031.2596,4626.0845,2149.5818,3009.1606,1782.465,2642.5918,1690.4257,1855.4011,3700.1257,931.23816,1940.89,1
240641.23,2,1,1,38.160503,1,-1,-1,-1,-1,-1,203.7189,231.47052,551.905,58.73414,2356.5044,34.148502,1097.5563,562.13025,819.9204,1211.8254,1618.795,840.9315,1
357578.06,2,2,3,29.871525,0,0,2,0,0,0,479626.2,523115.78,453305.0,302833.22,384927.38,94587.266,328264.38,67184.57,-9003.848,164830.58,-26.170273,234505.1,1
36866.98,1,3,3,40.322086,0,0,0,0,0,0,25221.348,23995.834,24688.842,27189.89,17719.318,24774.064,3958.9111,1842.0197,577.5137,1282.8604,2523.5764,2528.6846,1
280220.47,1,2,1,47.91702,3,2,2,2,3,3,138535.98,148510.7,144981.17,160783.5,171376.66,147628.55,6475.557,5715.6436,16212.914,2786.679,3228.653,-1163.4584,1
72218.266,2,3,2,26.944174,0,0,0,0,0,-1,40544.152,34158.23,28409.32,25754.41,10388.507,13316.16,2893.7898,1174.4523,3033.2505,3399.9087,9481.516,8721.099,1
51410.74,1,3,2,30.72913,2,2,2,2,3,2,31716.508,28820.443,31187.729,36136.758,36452.65,38101.742,1265.1635,1713.7101,3188.0027,534.2614,1935.7992,1326.8121,1
237421.36,1,1,1,41.259655,0,0,2,-1,-1,2,22661.16,27370.877,845.4597,8916.988,25685.594,18286.586,3364.1304,-265.93176,7253.0063,24061.828,-498.703,2650.9766,1
59237.76,2,2,1,36.07988,2,3,2,2,0,0,37672.895,38560.707,36496.21,35115.047,25108.812,24488.963,1652.9686,1515.9584,-224.96071,614.5632,1030.8375,1120.5917,1
39126.91,1,2,1,36.07268,0,0,0,0,2,0,22313.742,23254.115,27252.64,28634.145,25297.633,27889.191,1182.9508,2012.18,2164.7583,78.716995,1314.642,2598.317,1
126025.97,1,2,1,36.845737,2,2,2,2,2,2,67364.83,66226.625,68612.45,70322.58,71020.96,65906.41,2776.449,2040.8478,2644.1074,3877.9585,1613.4017,2534.6978,1
492967.0,2,1,2,35.683186,-2,-2,-2,-1,0,-1,6879.0312,-3043.1936,5791.194,6538.004,11253.251,35461.41,2917.4062,5164.608,13366.735,-1559.6313,24248.703,2813.8264,1
158339.06,1,1,2,33.881577,-1,-1,2,-1,-1,-1,4143.875,-369.38885,2089.1042,5026.8867,1716.8092,3973.75,4829.257,-627.0758,1167.0413,2657.7332,1228.2987,6860.0503,1
172431.52,2,3,1,41.088104,0,0,2,2,2,2,92702.195,98607.69,105237.62,113189.58,105350.01,104603.04,9553.301,2901.3953,4963.315,4335.9863,2282.3892,5269.2075,1
63329.723,2,2,2,25.660929,2,2,2,2,2,2,30100.691,30494.543,28394.205,29248.922,31997.533,31065.36,1540.0026,780.52527,1897.4971,1442.3474,980.297,1035.6644,1
513414.56,1,3,1,34.831066,1,2,0,0,0,0,419451.3,419531.47,406728.56,429776.3,396051.7,425984.4,1997.662,25853.354,42085.168,14292.19,17654.441,15479.472,1
54727.074,1,2,2,27.190321,2,2,2,2,2,2,24243.36,22812.785,22199.79,24623.14,27347.365,26618.096,1089.4115,462.5995,1497.1833,1626.3037,834.525,811.38684,1
250672.6,1,1,1,45.26351,1,-2,-1,0,-1,-1,3410.6252,-565.9162,414.32687,5569.2734,-2128.3276,1234.1329,61.4318,3731.4697,2188.81,3177.4749,2504.3625,2702.2495,1
60026.52,2,3,1,49.564545,2,2,2,2,-1,0,71884.69,74310.414,65215.05,65126.215,47899.8,38610.895,3009.1055,1976.1505,8856.294,63434.473,1154.0834,859.35876,1
38365.69,2,2,1,46.765244,2,0,0,0,0,0,29610.588,30381.543,25216.863,26568.863,17575.627,19647.402,1653.6642,2803.3765,550.04443,493.9118,1813.4437,1132.7723,1
41078.95,2,3,1,43.4335,2,0,0,0,0,0,29667.775,26452.412,29368.248,23931.193,21326.736,22295.336,1657.8915,3010.983,-89.717545,1145.856,1335.0504,3074.488,1
73831.21,2,3,1,49.322357,-1,-1,-1,-1,-1,-1,2851.5315,740.5838,5617.639,7598.6523,2970.6724,3590.0469,1775.3973,1979.6124,611.0852,4589.772,1131.1827,4454.5596,1
41296.62,1,1,2,30.610703,2,0,0,0,0,0,24301.896,22306.5,23779.592,15762.193,19316.84,15817.174,1614.986,2422.6123,1100.6062,1106.742,2551.7307,89.41026,1
23563.168,1,2,1,43.17592,2,2,3,2,2,2,9621.836,14401.154,9473.378,11417.473,15010.812,10033.076,2098.2715,-342.97864,1165.5305,1236.1765,473.19617,426.6444,1
93606.74,1,1,1,41.077087,2,0,0,0,0,0,70974.96,66151.414,57692.355,51624.56,47780.07,44129.434,2220.8157,3588.992,2361.6099,2824.4797,2248.3813,1647.2279,1
357924.34,2,2,1,28.1393,-1,-1,-1,0,0,0,7080.199,9743.014,215904.16,117547.695,62039.062,15505.439,8670.853,198552.12,4787.564,4138.2295,-8.865098,9736.418,1
54737.785,1,3,1,37.0106,0,0,2,0,0,0,24204.047,22313.111,18619.441,25151.555,20153.271,19059.824,3357.1382,824.2235,903.7827,1907.7698,1668.3978,1563.9999,1
84945.74,2,1,2,25.996044,-1,0,0,0,-2,-2,6514.7305,26575.438,10026.632,2385.488,-2408.3745,4479.371,21553.816,988.1227,-443.97827,461.34222,315.55432,999.7799,1
125508.89,2,1,2,27.882412,0,0,2,2,2,2,103685.05,107862.33,108980.41,119697.67,111949.46,111677.46,9407.181,61.103386,9125.0205,1944.3406,6258.4565,4616.1343,1
42148.02,1,3,2,24.71865,2,3,2,2,2,0,15554.266,5782.4785,15747.8545,19858.027,13191.794,19291.352,-722.17316,161.84361,498.90894,1365.2654,1360.3705,2712.39,1
107701.945,1,3,1,41.095413,1,2,0,-1,-1,-1,46117.676,33752.93,23964.95,9122.789,-1481.2103,1601.5822,18.355629,4533.328,3893.5864,2988.3486,1886.4664,1337.7535,1
64627.52,1,2,1,35.43344,1,2,2,4,-1,3,10414.012,12064.146,7953.2876,10760.26,11150.7295,10273.123,755.69745,2077.2864,106.80443,121.924515,880.0753,1004.9667,1
34415.793,1,3,2,37.46254,1,2,0,0,0,2,18853.396,14740.146,14169.272,13634.484,18024.793,15072.408,-479.868,1296.6852,1704.9673,1785.3237,910.26013,125.230576,1
189098.19,1,2,1,40.79507,-1,-1,-1,-1,-1,0,2781.0862,1385.9706,2802.8894,2832.9373,4207.516,2238.375,2963.7888,4413.2407,801.3191,3249.3723,304.31116,2122.4436,1
20077.98,2,3,2,41.20876,0,-1,2,-1,-1,-2,7985.379,5582.0605,6026.4985,4392.6094,-1333.0697,2642.4062,2845.5957,-81.12318,1278.9089,-380.3853,781.71643,1454.5497,1
65784.12,2,2,3,42.032505,2,2,2,2,2,2,37089.61,30699.775,30057.746,40451.508,33019.477,34528.35,1524.6869,782.00574,1725.5244,2892.891,1568.7128,2044.2086,1
25501.27,1,3,1,52.844006,0,0,2,2,3,4,11264.383,9115.986,15571.194,20072.762,13701.194,19006.506,2607.601,538.89,2262.448,1823.9895,1556.2096,2546.9324,1
145563.7,2,3,2,38.810036,1,-1,-1,-1,-1,-2,5140.3203,4368.5215,2606.1824,3294.2576,1626.4186,1778.2579,4072.4114,684.9144,1774.5322,2778.145,799.192,3487.4785,1
462314.2,1,2,2,30.186869,0,0,0,0,0,0,464354.34,502789.03,449860.16,482699.8,429577.8,435307.6,19104.652,39407.15,40260.863,301893.22,11942.506,17592.363,1
88696.52,1,3,1,43.785835,2,2,7,7,7,7,635.1095,6038.17,814.9988,3115.2341,4270.4185,2656.8398,52.03678,106.6654,290.2771,641.1503,-677.2113,-181.32362,1
