X1,X2,X3,X4,X5,X6,X7,X8,X9,X10,X11,X12,X13,X14,X15,X16,X17,X18,X19,X20,X21,X22,X23,Y
37968.645,1,2,2,28.446007,0,0,0,0,-2,-1,10360.668,-6059.123,70862.07,31398.836,-4362.179,-13498.719,-1512.3817,5870.6074,1898.5508,998.24384,7662.288,3746.999,0
36719.598,2,4,1,11.855802,8,-1,2,1,5,0,223615.45,333283.22,287327.7,235679.98,-23914.36,-32222.738,112625.01,288325.9,-401.3689,18490.406,7111.032,1293.0284,0
76550.01,2,2,1,32.428127,-1,-1,0,-1,0,0,69741.516,292414.3,68520.43,105337.34,-41373.72,32846.152,113989.125,25773.205,6723.592,9180.461,5261.958,10196.562,0
215588.17,2,2,1,39.242813,-1,0,-1,-1,-1,5,154962.28,45920.137,38383.96,23456.266,-15657.019,62661.117,4017.5603,14906.053,2372.7085,-21527.82,4525.928,13526.712,0
109726.78,1,1,1,38.18957,0,0,0,-1,0,-2,261480.72,-50673.11,112350.9,120080.96,75636.91,144108.75,4016.3499,37310.793,81458.6,12084.992,-1437.6342,18482.625,0
110616.8,2,2,2,34.87423,-1,-1,0,0,0,0,33029.62,161651.12,80056.46,103280.92,60985.61,117078.266,67601.625,28975.904,3970.0486,6770.92,2237.5557,9698.715,0
122903.06,2,1,2,29.93599,0,0,0,0,0,0,172166.58,179225.66,106265.36,63160.812,159114.19,193582.11,13557.694,28615.254,36321.355,15230.708,8353.132,31260.422,0
110256.36,2,2,1,32.227497,-1,0,-2,-1,2,-2,12209.297,-7654.5957,70219.15,121680.21,-24280.809,156195.03,-5266.0234,4270.6953,56733.668,2157.075,37593.617,10190.188,0
124441.234,2,1,1,35.605488,0,2,-2,0,0,0,120960.336,-5628.9824,97656.71,57215.816,108032.59,135671.9,-1388.1635,52842.676,115998.43,8308.242,3974.572,15803.519,0
157776.31,2,2,1,33.457176,0,0,-2,0,0,0,-241.98813,47743.92,58393.88,77022.48,77918.96,155985.66,16215.587,13014.3545,2108.3047,609.8842,4212.8643,14141.946,0
151367.02,1,2,1,41.840374,2,2,0,0,-2,2,208842.89,186234.77,121782.85,-15463.809,164035.69,193195.42,9539.842,13348.752,9561.532,12908.331,-331.77917,4311.3804,0
132417.45,1,2,2,27.812489,0,0,-2,0,-2,-2,219329.5,229241.73,86207.34,62980.418,20860.125,-19753.977,9909.609,28316.562,5403.418,3804.1765,1029.1925,32514.848,0
204736.83,1,1,2,31.006832,-1,-1,-2,0,0,0,10874.172,22005.922,106764.7,46307.77,195885.62,170795.89,-4710.6016,76140.78,5582.901,11958.047,2842.3809,10242.44,0
120723.36,2,1,2,37.73368,-1,-1,-2,-1,-2,-2,23586.371,121441.336,65617.38,77701.94,-13459.987,28789.154,34533.555,41184.723,29032.875,13130.408,1690.6888,21263.303,0
76070.31,1,2,1,30.289827,0,0,0,0,-2,0,144254.95,68660.34,74319.81,78884.11,-12443.55,188382.9,-1092.7167,13716.035,5134.277,3972.1057,40413.348,9981.486,0
261139.92,1,1,2,33.709106,-1,2,-2,-1,0,0,-1356.6522,-14953.17,42596.367,115062.1,171371.42,143307.31,-2589.9739,751.23816,45285.316,1544.7639,4376.324,9089.613,0
167806.66,2,2,1,39.691223,0,0,0,0,0,-2,238341.2,122654.19,99218.484,123150.61,100700.0,156571.94,1319.0917,11826.913,52500.25,17215.727,-913.808,16502.084,0
204828.8,2,1,1,39.729168,-1,0,-2,-1,-2,-2,-10102.613,-43635.625,25323.004,30116.422,-19724.387,61779.48,5219.603,9412.247,16085.231,12131.757,6598.2847,7861.5493,0
147995.47,1,5,1,32.50531,0,0,0,0,-2,-1,222590.33,170387.16,97308.234,70076.33,51318.242,-3438.3555,8962.828,70868.16,17181.637,16722.488,4517.523,26227.07,0
147486.72,2,2,2,26.095438,2,2,0,-2,2,2,216308.45,179039.48,97844.695,74115.79,170796.47,174064.64,4733.007,5793.974,3691.7292,1042.2029,4817.103,28700.336,0
122700.05,2,2,1,30.763567,0,0,0,0,0,0,208122.72,194820.1,85083.68,94018.91,62255.79,123641.14,12771.71,12432.753,5452.97,8022.5234,1151.6068,15530.6455,0
85554.02,2,1,1,42.79502,-1,-1,-2,-1,0,0,12696.18,-9128.74,64629.242,22477.615,8753.388,1098.3986,14604.881,23764.053,7068.8384,12084.088,849.9171,31653.902,0
128324.805,1,2,2,32.279865,-1,-1,-2,-1,-1,-2,182842.64,120354.71,65656.74,51690.863,-21538.508,11463.932,35031.664,17647.662,1987.3811,941.2448,3633.558,8526.48,0
81390.086,2,1,2,29.138666,0,-1,0,0,0,0,47305.06,224.9588,75614.15,66105.7,2915.817,1022.6368,53599.414,36338.84,4768.843,1412.9138,3083.928,28278.717,0
181980.12,2,2,1,41.37421,-1,2,-2,-1,-2,0,-9836.441,-23735.514,81414.836,74439.58,-13254.405,32817.777,-406.43784,60878.965,35032.043,12566.2295,6413.1816,5684.763,0
70781.04,1,2,2,28.41095,2,2,-2,-2,0,0,145941.38,72363.69,79830.69,38004.137,24076.596,130422.23,-2194.5276,47310.652,1193.7944,1693.5393,6646.1064,3787.8389,0
85823.945,2,1,1,38.483097,0,0,0,0,0,0,215434.34,238292.11,115825.625,44497.645,170825.28,-22968.848,6120.432,52628.613,5157.355,5809.4297,-17.71373,29771.59,0
236271.44,2,1,1,34.49596,-1,0,-2,-2,-2,-2,7645.254,2337.2166,72545.99,315.57007,-5004.9136,172610.72,613.4372,30831.387,3245.4822,2550.0798,21558.39,9192.613,0
124880.59,1,4,2,29.200016,0,0,0,0,0,0,200575.44,42600.15,106386.68,122539.945,150165.4,127799.37,-5864.083,54380.145,48048.875,3377.8335,3524.9246,5818.6255,0
175242.05,1,2,2,33.74051,0,0,0,-1,-2,-2,196226.58,152752.28,81965.72,97740.57,-10419.022,6128.211,3788.5613,8385.713,37748.207,1971.9939,4527.488,15052.219,0
142441.52,2,2,2,37.630318,0,0,0,-1,-2,0,5641.918,-22211.576,66797.65,52087.68,39724.523,188210.81,-1554.6791,7772.223,1104.022,15297.619,20458.57,9861.671,0
112595.53,1,1,2,30.406357,-1,-1,-2,0,0,0,251782.23,162634.98,80047.5,130023.68,-12628.987,26847.883,54164.273,68361.89,25589.656,3551.857,1921.8307,8667.684,0
248023.61,2,1,2,41.811073,-1,0,-2,0,-2,-2,194707.17,181930.45,92316.03,116675.03,154438.94,70398.26,4848.27,8691.563,2835.6738,2479.659,4387.9165,3864.146,0
117273.1,1,2,1,35.917034,0,-1,-2,0,0,0,171772.81,75375.445,98901.64,77356.234,8480.247,140434.34,23783.963,78749.18,4083.7654,3434.2947,12230.896,15768.011,0
107189.88,1,1,1,39.693863,-1,2,0,0,0,0,55183.95,25705.037,64840.117,40770.45,15868.476,17242.076,-1405.6439,5590.5845,12.652086,15991.751,7235.8,4902.357,0
147571.31,1,1,2,29.127502,-1,0,-2,-1,-2,0,12927.477,-7596.9277,72741.375,39780.24,-12950.593,11126.9,28740.977,62391.457,1224.8293,12966.811,2597.0488,12446.3,0
236970.36,2,1,2,36.332954,-1,-2,-2,0,-2,-2,10587.473,23263.744,37070.848,-6663.4805,12290.647,-24437.586,-106.168785,9073.033,2212.6936,1078.9941,4109.2437,31728.537,0
113095.28,2,5,2,27.086042,0,0,0,0,0,0,22997.473,16065.51,86439.53,110600.14,124648.36,3627.1797,-568.52765,9020.901,30171.18,2760.5164,5039.1123,30059.28,0
179350.98,2,1,1,38.813698,-1,2,-1,0,0,5,-9726.977,-54016.938,29469.47,47674.66,60472.535,76949.82,8564.156,21762.27,2630.0996,-7620.972,6507.0913,10873.357,0
141941.72,1,2,1,43.9072,-1,0,-2,0,0,-2,-5412.3594,-613.5295,84678.57,-4785.5195,-8793.315,-11109.672,-348.02426,56617.1,1943.8794,2197.4949,8577.371,3384.4321,0
83253.164,1,2,1,31.779915,-1,-1,0,0,0,0,326561.9,267524.1,82332.78,33250.15,5799.8677,17148.459,98975.66,31679.5,8631.737,8200.114,2528.3857,12201.286,0
130558.3,1,1,2,28.787554,-1,2,0,0,2,2,206610.89,164927.23,96891.16,115668.82,191888.55,147348.05,3155.9177,24825.686,3403.7278,1269.9724,5071.121,4605.71,0
198869.14,2,2,2,31.608973,0,0,-2,0,-2,0,211566.25,152966.39,70183.38,56188.527,91990.39,139419.23,3410.12,26022.855,1736.25,11064.806,3109.011,6248.4443,0
110862.836,2,1,1,31.29719,-1,2,-2,0,-2,2,2656.4377,-23137.998,48078.023,7490.297,-9739.448,-7397.676,-477.7894,24921.242,1151.0132,1070.9316,8847.259,17668.225,0
151632.48,2,1,1,32.60741,-1,2,-2,-1,0,0,158833.94,-17942.31,72155.49,110810.8,142533.1,166601.33,20.52848,-1958.338,89809.52,5958.6304,1696.7374,11683.518,0
136919.16,1,1,2,26.035429,0,0,0,0,0,0,214448.7,211564.7,131048.04,-6095.129,168424.31,193479.02,9032.722,50516.598,17549.436,9413.102,349.1427,8023.2715,0
77548.625,2,5,2,37.376595,2,0,0,0,0,0,228953.86,214075.06,118446.43,10693.768,127317.91,102030.47,5727.283,26254.006,7324.2485,9378.861,9793.271,28961.088,0
182267.39,2,1,1,38.542953,0,0,0,-2,0,0,209435.94,199649.25,106368.93,75284.84,189096.81,166913.27,3633.4868,25094.098,3505.9922,6000.614,2222.2366,5121.4854,0
141631.05,2,1,1,32.15788,-1,2,0,0,0,0,177806.03,94240.664,67185.73,111521.65,23126.482,139640.1,-4519.8926,10762.284,3304.3496,5814.876,26887.818,9646.133,0
176881.72,2,1,1,41.393154,-1,0,-2,-1,-2,-2,113657.27,-26164.35,74281.27,110324.945,15459.866,90771.73,11267.281,35437.668,47366.305,15681.148,2313.929,22108.287,0
216023.28,2,2,1,41.901478,0,0,0,0,0,2,164134.12,135854.94,89763.43,31606.814,167916.14,165632.08,2682.2637,7356.1025,1008.9773,17782.209,1679.2675,4477.9824,0
106317.34,1,2,1,31.997913,-1,2,0,0,0,2,178016.72,171933.88,80407.805,29181.133,19139.896,16051.404,7605.32,8940.609,1752.0679,3819.6182,4404.083,29739.031,0
143596.75,1,2,2,30.212702,-1,-1,0,0,0,-1,5459.957,-7130.5566,78517.52,96984.62,-9252.241,52135.645,14964.473,33351.37,31546.84,1496.6208,3361.6414,15998.209,0
118357.33,1,2,1,34.744724,-1,0,-2,0,-2,-2,202941.98,214193.27,98904.33,90100.05,178413.4,109915.33,3868.1108,18155.693,3413.8516,6274.5273,1209.5319,31457.979,0
257055.67,2,2,2,37.8103,-1,0,-2,-1,-2,2,325.60953,-32375.217,63193.016,23448.006,3960.4302,61494.742,5513.17,31418.938,1037.9058,15753.135,6641.137,4813.2495,0
65600.25,2,1,1,30.161032,2,2,0,2,2,2,5733.2188,-22154.654,68069.47,31942.623,3381.0513,91365.4,-1254.3798,9235.192,786.8843,842.5881,4585.387,3390.0105,0
108824.695,2,1,2,28.094564,0,0,0,0,0,0,134228.31,76357.086,88279.37,27193.697,21423.533,23958.803,15332.688,30572.559,4681.7246,2537.9504,2781.7595,22707.764,0
199012.56,2,3,1,36.09146,-1,-1,-2,-1,0,0,-11652.703,-6817.119,28399.068,-6144.6523,-9513.663,17324.174,2683.8352,6679.0117,1130.9768,1523.3848,6769.747,4461.6187,0
233749.86,2,2,2,30.497692,-1,0,0,0,0,0,185643.14,25853.295,106204.836,13607.113,509.00452,14943.674,1546.3854,4036.0967,4977.6455,2500.9885,7089.9263,3585.8276,0
108088.65,2,1,1,37.19844,0,0,0,0,0,0,20890.137,151062.33,84954.86,117555.42,86960.93,137902.81,33924.207,40989.117,3074.5366,11980.747,1885.3287,14800.631,0
125494.06,2,5,1,28.58727,2,0,0,0,0,0,171379.06,110264.88,76780.75,80260.11,61824.81,122521.01,-1364.6644,3934.7314,29130.928,1859.7693,6062.3174,3593.976,0
158021.66,2,2,1,40.196686,-1,-1,-2,-1,2,-2,10522.355,-35907.68,51750.297,58578.06,32992.562,105861.84,15631.326,36720.312,11319.842,2936.2231,8283.72,13376.585,0
75613.21,2,2,2,30.046356,0,0,0,-1,-2,0,225098.6,155122.72,85012.51,64722.895,-10521.858,159174.94,-78.22201,11258.435,3915.539,2177.847,22267.918,7672.736,0
88872.91,2,2,1,32.72629,-1,-1,-2,-1,0,0,50036.68,143043.67,58620.52,77507.664,-30872.938,32758.553,54030.33,32089.957,4819.779,6835.3555,3150.3174,13391.562,0
159895.97,2,1,1,43.392227,-1,0,-2,-2,-2,-2,150729.47,-16287.041,30082.904,3385.8865,-264.60486,7963.297,5635.737,5184.159,867.1538,12826.216,4387.3613,14433.6875,0
133433.31,1,1,1,31.97134,0,0,0,-1,0,0,45358.96,-2514.049,83971.09,92088.93,49241.906,145508.23,13532.948,42313.754,36851.46,16401.164,6871.334,9122.344,0
130316.195,1,1,1,38.27278,2,-1,8,-2,-2,0,213594.55,193961.97,108866.76,49578.89,187135.72,175172.27,7601.6265,21739.549,4439.9033,7565.4106,4478.191,3978.5166,0
212605.36,2,2,2,30.515478,-1,0,-2,-1,-2,-2,-1177.121,-19730.607,41627.324,55089.03,-10350.577,35121.344,-2577.8093,1679.7045,46169.742,1458.7292,7047.198,5154.801,0
132388.45,1,1,2,39.79137,-1,0,-2,0,0,0,204708.61,190218.14,95645.266,120045.234,171787.47,130568.93,3046.6045,52305.926,3180.5864,4145.3267,4297.4634,3885.4668,0
108821.58,2,1,1,29.464212,-1,-1,0,0,0,0,42534.47,10814.291,86694.24,125547.39,84697.52,122996.34,61311.7,77749.83,3578.0442,4121.4604,3225.8916,7907.9473,0
78398.5,1,2,1,35.4233,-1,0,0,0,0,0,33440.727,42943.402,78600.4,-4010.887,64324.746,-21433.398,248.9523,32041.617,3406.4805,2973.8152,237.38466,32632.46,0
171429.33,2,1,1,34.238304,-1,2,-2,-1,-2,-1,536.3126,-14270.24,90296.69,12565.721,-15260.331,-8230.758,-555.7679,74897.87,1069.4375,9363.063,7311.082,7539.1587,0
28683.809,1,2,1,43.60968,2,2,0,0,0,2,1957.4376,-11308.475,40715.582,17104.545,-1303.2845,-4535.621,-828.0008,6312.3794,2010.9819,1798.4631,8562.43,6020.523,0
49245.59,1,1,2,38.31733,1,2,0,2,0,0,58963.484,5722.4043,73282.52,39773.883,9102.663,34927.543,-1169.1176,6419.127,774.5659,1439.5923,8967.25,17179.475,0
126197.26,2,1,2,30.639257,-1,0,-2,2,2,-1,-11220.641,-26970.889,22206.496,13143.086,-12967.694,-5139.5234,-1990.2142,5066.619,864.91284,375.49823,9039.468,4637.909,0
138127.33,2,1,1,38.56946,2,2,0,0,0,0,193437.03,170841.64,95449.41,116481.39,172657.92,161811.06,9069.893,2334.5127,2867.7524,1681.8921,1785.6063,2945.6433,0
178176.48,1,1,1,38.44921,1,1,0,0,0,0,37367.43,46402.277,105065.266,83178.2,196432.58,129561.79,-4731.671,63117.832,3942.0996,6366.9287,2320.1062,25244.46,0
179280.53,1,5,1,41.53684,0,0,0,0,0,0,210007.84,197062.1,120979.39,-12507.301,146233.97,111826.016,4797.615,17136.79,5144.7554,2997.1077,1344.7777,9451.934,0
150425.62,1,1,2,31.989904,0,0,0,0,-2,-1,204322.5,187277.14,102344.875,83798.016,3500.1724,-16263.922,3380.8784,25604.473,12488.66,3599.0344,5551.9746,2989.306,0
101465.055,1,2,1,37.38013,2,2,-2,-1,-2,0,137240.69,113727.16,47524.082,13421.26,-11537.815,-4836.8164,-108.58187,17260.006,1340.7693,1666.7131,5365.9097,3817.4592,0
116555.766,2,2,2,33.32798,-1,-1,0,0,0,0,1019.9259,1788.201,87379.48,98495.73,120385.78,123282.21,16924.674,39916.93,2838.7988,1237.2927,5052.8516,4167.874,0
102337.1,2,2,1,41.979195,-1,-1,-2,-1,-2,0,-7410.0273,-35133.062,28184.627,29695.977,-12535.507,72059.18,-1126.7562,4225.348,-951.04614,17057.29,6756.625,4706.0264,0
128175.21,2,2,2,38.555725,0,0,-2,-1,-2,-1,186637.36,172238.95,73862.36,37178.246,-6579.6167,18955.178,13230.502,30976.451,2349.8745,10963.866,1372.0092,15291.358,0
138022.73,1,1,2,36.45902,-1,-1,-2,-1,2,0,8489.598,-16613.88,40478.79,63642.75,832.89124,48002.67,15472.265,6011.346,33341.16,16742.01,4260.288,7141.1274,0
191398.23,1,2,2,33.297764,-1,0,-2,-1,-1,0,1109.7423,-39142.54,34571.938,43317.562,98408.49,124148.97,96.229164,5625.2,-436.18042,-1453.8896,5697.5337,9701.218,0
184065.27,2,1,1,27.541447,0,0,0,0,0,0,203197.5,160764.03,121273.766,-1764.9651,190681.72,168080.81,-4089.9285,80169.88,4753.2896,8137.881,1724.0936,5487.216,0
114432.945,1,1,2,28.31141,0,0,0,0,0,0,232076.58,194340.72,109755.15,69776.836,49471.68,171653.5,8406.487,28116.615,6035.426,4915.9854,23109.08,14605.258,0
190361.03,1,1,1,41.766747,-1,0,-2,-2,-2,-2,15093.098,36831.855,79564.516,31300.145,-6414.015,-9527.402,18593.13,41981.7,17274.256,1656.2583,8056.055,4407.9585,0
131533.55,2,1,1,33.57222,0,0,-2,0,0,0,14407.016,6102.6035,55983.355,58528.273,109714.81,140877.66,2903.796,23010.494,27608.217,2001.2537,3800.3994,26103.938,0
42488.16,2,1,1,42.944225,0,0,0,-2,0,0,75896.75,14345.229,80489.39,32192.217,11485.317,13263.467,-189.90121,13625.693,1691.8728,2177.3108,6420.65,2554.5798,0
279812.38,1,1,2,31.397856,-1,-1,-2,-1,-2,-1,504.31656,-12081.666,50079.863,23604.326,-7790.988,15382.088,259.67398,24202.072,11841.9,1564.4438,3160.0132,11796.983,0
248005.52,2,2,1,43.92139,0,0,-2,0,0,0,2774.2854,13011.459,22018.725,46848.15,70050.43,87628.516,-786.07355,23268.98,27228.94,2040.1829,8419.273,4101.535,0
92442.086,1,2,2,35.37268,2,0,0,-1,2,2,118241.516,83926.35,76506.71,65686.73,131871.25,107869.11,-1842.4203,3661.4148,872.3274,1002.94867,7031.226,4136.94,0
154097.36,1,2,1,29.670645,0,0,0,-1,0,0,202516.02,108833.73,88424.805,126628.695,84919.45,121226.47,-1724.3016,3307.6885,68574.07,4272.59,-452.9242,9814.031,0
74600.98,1,2,2,29.018024,0,0,-2,-1,0,-1,-568.5624,-12660.955,31899.197,13606.234,-8343.995,-12439.84,633.7233,6875.649,1109.3447,1028.8127,7650.8013,24613.305,0
179772.52,1,2,2,31.790413,0,0,-2,-1,0,0,-9605.531,-31937.537,29131.604,28209.72,76891.6,135709.47,-1731.5858,3791.7612,-506.24683,16141.04,6869.959,7327.8213,0
144970.62,2,1,2,35.769073,-1,-1,-2,-1,0,0,1381.1642,-33710.414,65415.605,43221.125,4372.5044,72493.74,13121.429,39852.965,8338.686,14818.707,4385.423,14779.144,0
47790.8,2,2,1,32.930603,-1,-1,0,0,0,0,8805.5625,-4940.873,72712.67,51248.035,3580.106,7143.92,18702.764,8924.016,2484.7383,1287.5725,4492.532,18848.234,0
241791.98,2,1,2,31.178078,0,-1,-2,0,0,-2,-3727.3748,-13349.861,37326.547,5478.758,-9688.085,-5211.0625,13133.402,22860.617,2028.6746,428.5583,9532.281,3624.8625,0
107201.87,1,1,1,29.474157,0,0,0,0,2,0,210203.17,203706.25,96099.74,139581.81,108843.89,137861.1,23113.246,46492.1,16599.727,3389.6116,4114.179,16941.355,0
114655.016,2,1,2,29.644976,-1,2,0,-1,-2,-1,11900.789,-12616.764,62665.29,21936.668,-4384.195,123897.484,-1062.0961,12026.082,1263.0486,2174.2576,12329.377,26393.229,0
148455.28,1,2,1,41.213142,0,0,0,0,-2,0,6178.328,-15351.439,58999.863,31086.504,21804.404,83543.695,13001.268,5037.222,681.52124,16819.426,6172.9116,14618.314,0
181960.11,2,2,1,33.328167,-1,0,-2,0,5,-2,211854.5,100521.414,66232.73,62747.2,65697.12,91219.78,5200.0483,21328.812,2524.378,-4836.469,3833.1948,14575.74,0
201959.77,2,1,2,41.64413,0,-1,-2,-1,-2,0,187404.72,-28498.482,48927.49,38184.754,131911.47,140291.27,-984.6756,21160.742,-193.40016,11687.947,5389.2246,14402.429,0
79861.69,2,1,2,27.744251,0,0,0,0,-2,2,161091.97,106681.12,95907.89,118951.95,162073.97,117403.48,-1176.4017,21721.664,2912.6658,1337.3508,5582.161,2807.5542,0
139719.25,2,2,1,38.47045,-1,-1,-2,-1,-2,-2,12197.715,-26572.725,66388.54,88696.98,-9329.304,140958.81,5989.191,24144.26,39695.305,13775.891,19042.387,16472.969,0
117970.48,2,2,1,34.18443,0,0,0,-2,-2,-2,192381.95,181595.36,64332.152,27200.748,-8201.362,-6519.9727,11114.467,5816.1504,2111.089,1650.7732,5500.3174,5030.7544,0
39566.707,1,2,1,36.411594,-1,0,-2,-1,-2,2,-6289.535,-11413.354,29831.023,19772.928,-3465.976,16475.828,-1277.1454,4198.0596,8056.759,473.09344,8557.691,3853.7605,0
108598.0,1,1,2,28.273361,0,0,0,0,-2,-1,219922.17,196783.64,76943.46,51965.867,6584.731,93040.37,8847.814,14168.066,3493.5527,2840.3108,8266.067,25408.668,0
140440.72,2,1,2,29.500038,0,0,0,0,2,0,206877.45,204872.48,109916.46,18432.6,190515.0,182155.25,2296.1152,17743.672,11281.442,1969.833,1721.899,6650.058,0
118971.44,2,5,1,33.241993,-1,-1,-2,-1,-2,-2,-315.2225,-8269.6,41659.29,6429.1133,-11997.976,-4099.6484,834.6252,14277.632,378.8728,1080.2368,7875.6055,27828.807,0
172304.75,1,1,2,29.662436,0,0,0,0,0,0,73970.11,44255.23,90254.6,101207.67,171429.2,179368.17,-864.8123,15201.132,45583.953,16247.851,2165.4358,12475.204,0
28480.09,1,1,1,43.15059,-1,2,5,-1,-2,2,-6124.996,-23419.584,24215.518,10032.473,-4129.0034,-7902.0625,-1096.9603,7415.8555,961.9253,338.52826,9956.552,4239.1973,0
171268.02,2,5,2,29.321997,0,0,0,0,0,0,204551.48,191438.17,102162.625,108856.4,84841.83,-3758.1016,4719.6255,37188.395,3904.6165,5342.0903,6061.019,3426.6003,0
194481.2,1,5,1,30.215572,0,-1,-2,0,-2,-1,41483.043,526.79474,43030.867,8365.219,-7789.89,-13483.387,226.62271,47954.727,2718.573,1907.126,7468.2676,3546.4065,0
171633.86,1,2,1,30.834082,0,0,0,0,0,-1,14104.016,7645.49,76351.01,22896.14,-2861.398,145359.78,805.79364,9155.421,2540.7898,3185.5908,15114.836,2823.9893,0
35495.926,2,2,2,39.459724,-1,-1,0,2,0,2,-7330.5273,-23819.365,34794.62,22472.736,-12465.679,-3328.5352,-1693.8793,4217.2744,1306.4583,266.71356,7172.4194,4688.756,0
152581.5,1,1,1,33.17932,-1,2,0,0,0,0,214262.98,198243.27,114863.12,17820.146,159178.31,183649.38,-8252.048,22405.457,4998.1836,9284.417,514.22375,7247.0854,0
80042.77,1,2,1,32.418587,0,0,0,0,-2,-1,157977.4,19774.361,60696.242,7470.7266,17199.338,-22192.77,8646.466,22979.52,3327.5981,5533.647,486.96692,31211.309,0
116078.805,2,1,2,33.721756,-1,2,0,2,2,-2,-4835.7266,-19477.107,64855.74,21062.955,-13654.882,-11075.078,-760.4803,32388.725,1002.906,889.2685,9626.164,4744.3223,0
273441.6,1,1,2,36.359074,2,2,-2,-2,-2,-2,-4835.8438,-7471.2676,24187.936,9334.625,-4943.89,-15581.266,-1786.473,4152.181,2113.9502,1225.5076,9378.766,4597.549,0
118147.516,1,1,2,30.622362,0,-1,-2,0,0,0,60755.65,1467.4003,93404.91,84273.76,138266.11,117505.125,8713.117,55098.13,2738.628,6842.254,5005.731,16271.495,0
167323.83,1,1,1,41.349346,-1,0,-2,-1,-2,-2,10892.711,20770.023,74146.484,10862.916,3239.438,-7407.3477,19949.861,32361.5,2931.7612,11272.41,1583.3883,24842.066,0
158248.77,2,2,1,33.501698,0,-1,-2,-1,-2,-1,50149.48,-17988.678,51016.766,24301.457,10174.462,100939.29,1126.9117,17703.953,-43.415783,14678.297,6934.4707,21646.836,0
208687.6,2,5,1,43.614635,-1,0,-2,-2,-2,-2,-6160.836,-24103.795,33347.99,5857.426,-9016.647,-1285.9491,14969.882,12464.172,2403.4578,3417.0554,7768.275,3944.1396,0
141979.58,1,2,1,29.480448,-1,2,0,0,-2,-2,220803.27,176522.8,109680.67,18351.545,170570.89,193833.36,7142.87,43795.02,3780.738,3208.3655,3520.1292,5433.8013,0
95863.875,2,1,1,31.061863,-1,-1,0,-1,-2,0,24506.215,2018.2753,71451.625,58451.355,-15564.612,167758.38,14080.199,17502.064,3479.7231,7773.51,30262.78,14551.063,0
153562.73,2,1,2,36.368195,1,0,-2,0,0,0,4005.969,13878.939,98758.13,73659.516,187635.94,-11327.789,-4418.537,67332.59,2547.533,1584.3965,8058.2124,3224.3662,0
166633.55,1,2,2,31.186623,2,2,0,2,-2,2,-6721.6406,-30657.896,25665.084,20927.1,-11555.554,-2730.414,-2102.445,4715.101,608.6438,11091.49,7731.78,14294.509,0
173774.39,2,1,2,38.29178,0,0,0,0,0,0,209454.73,179908.38,100364.48,122167.336,165535.9,149922.06,11612.689,35176.12,3855.8599,15571.5625,506.40686,16726.604,0
95434.85,2,2,1,30.407925,0,0,0,0,-1,-2,17044.23,100764.54,70325.15,55084.848,-22546.355,20290.027,29760.395,15378.726,3873.8108,1383.8079,3887.035,8736.534,0
308263.84,1,1,1,35.59,-1,0,-2,-1,-2,0,-6835.3867,-26746.967,21352.834,21462.39,26247.889,104638.37,-2043.1298,3705.6147,1056.4978,16270.143,7872.5474,6564.921,0
38670.746,1,1,2,26.487019,0,0,0,0,0,0,220087.66,193714.22,108715.79,71547.02,126860.93,96965.375,9628.578,35151.805,5785.4062,7402.8604,-888.2372,33101.82,0
132764.39,2,1,2,32.1483,2,2,-2,0,0,0,-7220.371,-11989.396,28464.498,2463.4373,-9812.819,9969.916,-300.70346,6736.502,618.1826,1387.9175,5372.999,14488.829,0
67612.766,1,4,2,30.752031,-1,2,0,0,0,0,62877.824,37428.94,75700.53,22936.123,-1522.3353,8901.088,-853.1302,5777.0923,1380.7759,1265.5569,8729.853,3532.2932,0
158833.97,2,2,1,38.276447,-1,-1,0,0,-1,-2,-1577.6522,-39791.047,54803.402,44321.598,81074.86,141771.27,14058.378,5853.345,457.2976,13363.0,4520.244,6395.934,0
237584.3,2,1,1,40.000347,-1,0,-2,0,-2,-2,32103.07,5658.455,88823.92,86145.53,174892.28,136434.45,-1546.409,45339.37,2695.5857,11982.187,3449.1072,5298.8306,0
115472.82,1,1,1,42.557922,0,0,0,0,2,0,158102.5,109014.74,92299.055,106285.2,166638.16,118285.27,809.20917,11225.901,2996.633,1417.0427,4689.6313,6705.729,0
139517.45,2,2,2,36.683826,0,0,0,0,0,0,56100.15,119319.05,87934.88,102710.266,110564.84,36694.562,16417.463,30911.896,17259.111,13579.037,1118.9056,6744.025,0
135832.94,2,2,1,36.099762,-1,2,0,2,2,-2,177078.06,151534.69,82575.73,116285.51,166932.88,156163.12,-1364.0638,18128.414,1245.5637,1480.0698,4141.754,5401.973,0
121455.41,2,2,1,31.64965,0,0,0,2,2,2,191009.95,158341.61,89813.06,132172.31,161545.1,148820.25,715.6901,12905.1875,1661.1365,2398.1824,2190.1838,14817.343,0
101211.31,2,2,2,37.666683,-1,-1,-2,-1,-2,-1,4715.535,-2250.0217,49877.023,31932.172,-20526.297,12439.369,17590.232,8456.122,1071.781,1686.2534,4819.895,5968.2466,0
148697.19,2,2,2,32.964386,0,0,0,0,0,0,202882.34,176556.52,94781.31,71663.59,732.735,111452.305,-389.82846,10581.722,25763.498,2851.7405,5443.9956,11283.842,0
182457.12,1,1,1,40.390713,-1,0,0,0,0,-1,188105.06,150583.14,90467.85,51031.293,-1246.6752,-20786.367,2876.5645,28378.555,3109.2134,1721.3403,6618.8423,2994.0366,0
147501.2,1,2,2,30.847391,0,-1,-2,2,0,0,-5641.578,-1659.8263,72368.9,42285.65,18846.205,83511.766,17375.906,10283.73,618.2661,1339.3999,7637.601,4126.0356,0
237476.94,1,1,2,39.43581,-1,-1,-2,0,0,-1,70057.71,10143.889,58002.297,72805.11,-8184.8706,-2277.746,-2330.5876,47166.527,33614.465,3002.836,7009.02,4394.869,0
131001.45,2,5,1,35.64768,-1,-1,0,0,-2,-2,-3032.7927,-11706.174,83191.266,21834.264,-14760.347,4150.914,16132.397,47421.066,2473.482,1674.4531,7134.348,5679.41,0
191526.42,2,1,1,34.315815,0,0,0,0,-2,-1,45140.74,7699.1074,71423.76,15784.748,-523.6869,10058.275,15207.796,20631.979,4600.5874,3482.4229,3677.406,6048.4688,0
182531.05,1,1,2,34.145885,-1,0,-2,-1,0,0,5681.0,-18869.373,63596.426,27418.084,152437.95,100038.45,-1618.4945,-2509.0764,66932.41,2533.0977,4578.548,12437.987,0
127908.88,2,2,1,36.60706,0,0,0,0,0,0,215976.9,183490.73,104308.75,89766.3,161025.6,164515.12,2510.277,50216.53,36185.75,6379.515,2248.9402,8735.021,0
150686.1,1,1,2,37.32768,0,0,0,0,0,0,6115.5,-7224.7285,72866.78,29110.086,48692.66,43038.543,-270.1395,22096.104,2639.838,14577.171,2120.7683,3170.2705,0
226612.58,1,1,2,28.634792,0,0,0,-2,2,2,54411.055,-4088.2834,75569.695,48871.508,10333.542,19560.652,-257.16098,5855.3203,2115.026,1889.3772,7752.443,3998.3853,0
96885.52,2,2,1,31.391455,-1,0,0,0,0,0,32076.162,141704.03,76462.28,110250.5,43346.54,25248.664,46174.234,21227.037,5128.0996,3931.6172,3032.374,9170.863,0
106113.68,1,1,1,37.94235,0,-1,0,0,2,2,159165.31,862.1619,56338.99,28037.703,-3395.5308,-9052.09,11146.325,21206.535,2704.9304,1953.95,5046.8477,4563.9243,0
144713.61,1,2,1,43.744896,0,0,-2,0,0,2,-277.10922,3082.8533,35800.81,2041.0466,-4501.859,-13937.645,24.548012,15510.396,2214.5747,571.3571,9056.298,3144.7876,0
163523.88,2,1,1,38.1979,-1,-1,-2,-1,-2,5,-3354.9294,-47808.5,26201.297,40340.617,50498.59,44975.652,1395.714,6064.755,-26.000746,7922.7393,6324.412,12185.342,0
160899.97,2,1,1,31.197575,2,2,0,-2,2,2,220528.12,173497.42,104590.27,41800.527,173032.84,189945.84,6845.928,16357.298,2906.2612,9814.856,-21.644394,10843.201,0
55270.434,2,5,2,30.180689,2,2,-2,-1,-2,-1,-10767.125,-20275.248,35865.785,17450.281,-13408.409,7452.869,-1382.0712,17329.025,862.7529,7733.176,8104.485,5045.346,0
181147.95,2,1,1,40.473244,0,0,0,0,-2,-1,180439.25,162947.08,82333.15,48587.125,-747.47205,-5398.953,4258.6123,6138.419,1889.8315,14448.702,4819.517,3464.509,0
31798.285,2,1,2,29.00509,-1,2,0,0,2,2,-3835.2263,-25409.998,47899.86,18952.479,-8824.046,-2099.707,-1381.6757,7830.039,736.3384,597.2006,8038.3545,4429.886,0
243390.52,1,1,2,42.30231,0,0,-2,0,-2,0,23584.168,37763.13,47171.676,3522.8044,7566.696,-18234.309,-1705.5521,7531.372,2524.748,456.4206,3028.6401,7288.297,0
116019.266,1,1,2,27.652412,0,0,0,0,0,0,194857.23,173368.53,99775.33,125942.4,103834.39,-2409.6133,14521.758,14726.288,35816.254,2640.6975,4840.9404,28245.0,0
128833.555,2,1,2,32.369453,-1,0,0,0,0,0,15194.715,76830.03,72218.586,91799.99,79953.08,101397.15,21185.955,20746.838,29737.77,14166.276,1306.4825,18168.45,0
262390.88,1,1,2,43.22039,-1,-2,-2,0,0,-1,4387.3984,-18557.053,34059.49,15500.652,-4995.941,-16052.566,9624.243,7279.8745,3445.8643,1741.8801,7450.4775,8896.702,0
164471.64,1,2,2,31.23016,-1,-1,-2,-1,0,0,-15223.617,-29566.904,27035.543,34097.105,-313.84314,63722.51,-1678.3563,4515.072,19641.643,316.52533,8384.685,13520.926,0
125329.5,1,1,1,40.122307,0,0,0,-2,-2,-2,2790.5745,-11636.393,33722.465,12519.432,-6419.777,-18768.5,2145.3857,6733.205,2033.0181,2015.5789,8392.384,4028.431,0
155936.39,2,2,2,42.45511,-1,0,-2,0,0,0,-4517.207,-13808.357,77549.32,23890.246,21132.53,62731.477,10486.337,41369.082,1629.0623,11527.928,4008.3245,18137.35,0
110651.02,2,1,1,37.889008,0,0,-2,-1,0,-1,197518.83,200117.48,72871.47,27596.309,-6787.8315,2816.2344,12143.407,25148.164,3175.4607,2162.6172,2454.0732,6268.592,0
166798.72,2,1,1,28.389578,0,0,-2,0,-2,-1,178432.47,19550.816,46803.863,9091.113,-2175.8784,-17219.973,-859.7933,6188.8184,2336.8933,647.32294,7465.615,2618.8247,0
120900.34,1,5,2,29.408504,0,0,0,0,0,-2,156906.66,-88.41619,80468.43,30680.76,-9527.108,-2535.0781,8964.769,14352.344,2279.4773,6356.8394,8787.158,3858.7346,0
237856.86,1,1,1,43.832233,-1,2,0,0,0,0,187568.94,167911.19,89160.75,106344.375,150675.44,-16465.703,-1244.6483,12077.517,2207.811,2701.593,6186.952,14836.552,0
131068.734,1,4,1,30.123398,-1,-1,0,0,-2,-2,-8131.922,-6652.99,40101.06,2690.1208,-12158.183,-5269.926,2.73014,8641.175,1397.4658,944.4814,9697.052,4510.8525,0
102510.27,1,1,1,37.40864,-1,-1,-2,0,0,0,-834.86316,-13197.025,68728.98,12644.947,-7798.644,10513.658,9999.019,29711.13,1291.6965,1298.0583,3385.2756,14117.545,0
134643.16,2,2,2,30.772503,-1,-1,0,0,0,0,358.09,-9012.025,65863.07,59476.332,35676.594,138376.2,18461.527,44674.816,1403.6357,16844.305,4590.9326,5860.513,0
31359.434,2,2,1,30.727676,2,2,0,-1,-1,-2,-5312.9727,-21552.1,57413.53,13065.676,-7438.9136,12560.75,1071.3878,6209.501,497.43262,1038.5037,8160.24,3417.48,0
171663.72,2,1,1,33.791145,-1,-1,-2,0,0,0,-8842.488,-19178.428,57420.484,38168.887,125133.48,130693.95,1209.5531,27503.31,14092.081,12753.057,8569.689,4338.929,0
128519.09,2,5,2,36.976208,0,0,0,0,0,0,210807.94,215560.22,126461.09,-17782.36,137486.86,198182.92,9339.876,28206.094,7183.2925,9898.15,-14.118028,12483.624,0
143080.17,2,1,2,29.557688,0,0,0,-1,0,0,201527.64,125466.58,88358.03,125300.21,117321.586,122295.9,-1415.5614,2226.3757,43661.02,1349.8245,2925.5806,3405.9836,0
116750.164,2,2,2,28.561964,0,0,0,0,0,2,192334.97,156615.31,90349.5,105824.42,133552.22,134664.38,2051.7039,9627.046,2732.2627,9833.914,5532.704,3701.5754,0
102256.26,2,2,1,30.318453,0,0,0,0,-2,-1,7340.6836,-2958.9475,69311.22,17356.756,-766.98376,-9199.238,1914.618,14536.283,1527.5713,9562.569,6929.9717,22516.209,0
106912.49,2,1,2,38.251774,-1,0,0,0,-2,-2,58298.816,15163.271,81748.125,47335.44,57844.844,79853.98,473.17105,11090.757,1623.346,2346.6687,7022.0366,3791.6233,0
100492.13,1,2,1,31.290392,0,0,0,-1,2,2,1298.4454,-17288.467,42255.0,43889.15,8420.13,66450.12,-1053.1063,5490.943,20279.43,1189.5188,6460.56,4590.2603,0
165723.12,2,2,2,31.958391,-1,2,-2,-1,0,0,23125.168,-32345.81,60083.008,93604.83,96220.96,147654.8,5819.2695,14391.178,43201.246,14555.107,1118.068,20950.582,0
31586.473,2,1,2,28.459562,-1,0,0,0,0,0,-2075.4685,-14718.385,59181.633,15580.84,-9731.94,-4091.0703,872.0661,7262.2324,786.3972,1566.9038,7645.9688,14587.16,0
190271.33,1,2,2,31.341816,0,0,-2,-1,-2,-2,-5292.121,-7128.3105,29230.031,44728.94,84583.766,385.7032,-2068.1033,3365.1716,27277.07,1116.2812,8729.859,4700.0786,0
114076.49,2,2,1,28.418995,0,0,0,0,0,0,202508.73,213673.28,103814.375,126263.54,105905.86,83940.36,14034.786,25813.201,5896.929,3570.6172,1326.7992,27534.0,0
71895.58,2,1,1,34.90268,2,0,0,0,0,0,135038.89,88647.67,87015.82,79956.984,121977.375,110361.984,2034.1786,10327.862,1899.4915,2671.8691,5235.386,15149.317,0
152093.9,2,2,1,40.98292,-1,-1,-2,-1,-2,0,3316.797,19289.408,64308.21,30048.236,-18529.215,13275.871,19884.66,36314.742,1750.7847,9651.592,6312.3994,14217.398,0
161784.88,1,2,2,29.598728,0,0,0,0,0,0,50197.96,20934.52,97523.26,90232.96,119705.0,94157.35,-3570.035,45635.832,3007.89,3203.3916,4521.8394,3313.5947,0
70815.586,2,2,1,30.963198,0,-1,0,0,0,0,30331.924,29491.262,82206.63,29688.166,28236.725,11165.463,16806.719,28664.768,5400.803,2688.6128,1416.8815,35116.902,0
180444.61,1,1,1,40.055897,0,-1,-2,-1,-2,-1,364.8517,-27806.506,49333.49,24646.447,-4987.3667,1698.8595,11489.883,20396.908,1470.0188,13933.32,6787.0273,5104.6416,0
103613.91,2,1,1,37.75145,-1,-1,-2,0,-2,0,16054.488,-2738.3381,86482.27,23454.191,3985.8364,-16296.777,17931.365,47478.98,3435.746,2015.438,896.38464,30614.268,0
64792.145,2,1,2,30.314468,-1,-1,-2,-1,-2,0,4838.4883,-19678.873,50553.477,33868.203,-22608.488,61333.3,-1078.1283,8587.168,92.12865,740.6313,19706.746,6354.791,0
113686.49,1,1,2,33.625328,-1,-1,0,-1,0,0,10521.391,35688.816,77473.914,93351.875,52046.125,109838.195,18225.303,23948.2,32437.639,1092.7781,1767.3971,6902.245,0
119183.66,1,2,2,29.558043,0,0,0,0,0,0,210607.6,188571.7,104965.73,69647.125,-5707.8706,7486.3906,6526.7954,18217.998,4834.2246,1453.5916,1931.9027,5644.518,0
134937.48,1,1,2,38.187614,-1,-1,-2,-1,-2,-2,162591.1,136608.33,74545.46,17989.91,-14058.757,-1323.7577,2579.6077,7281.9995,944.47217,529.4052,5631.699,4766.1206,0
120556.93,1,2,1,43.30803,-1,2,0,-1,-2,0,-814.8944,-23549.709,31387.7,15991.43,-11913.339,48440.992,102.19938,6706.16,12.573961,10477.256,4929.474,14996.64,0
96013.41,2,2,2,29.999474,-1,0,-2,-1,-2,0,4020.262,-3954.764,47645.688,5762.1523,-2267.9683,-6375.5117,3038.43,13635.057,1117.9727,11256.6455,4862.18,30764.814,0
99168.45,1,2,1,40.500732,-1,0,0,-1,0,0,25256.686,151366.53,84206.37,49204.418,-12799.483,7416.664,37159.797,36639.355,3365.5964,4769.322,1918.3527,7408.9097,0
185293.69,2,1,2,43.402107,-1,0,-2,-2,-2,-2,-4246.949,-25555.975,57008.824,9312.734,-2843.066,59580.98,14130.046,26500.652,3124.4087,10426.8125,4897.3027,11575.566,0
129093.71,2,2,2,29.667297,2,2,0,2,0,0,148271.17,129533.38,78861.59,92910.86,140379.12,132376.0,8147.0103,3104.6536,756.53394,1701.3562,4593.2583,4368.5635,0
106306.3,1,2,1,30.135271,0,0,0,0,0,0,8431.297,96596.09,84170.586,99582.71,99914.16,130155.23,24972.31,14027.983,2804.9026,1995.9243,3622.9846,4010.4312,0
141189.03,2,2,1,40.62005,-1,-1,0,-1,2,0,-87.17954,-28861.646,49823.766,32456.66,-11316.894,19361.4,14746.929,7167.8228,9829.282,592.4003,3600.3535,15625.349,0
83341.69,1,1,1,43.891464,-1,-1,0,0,0,-1,-211.22641,-14554.275,39794.11,14752.162,-10736.784,-13391.434,-613.3431,4842.8467,1592.6387,1228.9033,6385.9272,3733.8098,0
190644.66,1,1,2,31.951359,-1,-2,-2,-2,-2,-2,-5213.1094,-15498.787,21610.877,5554.2695,-6015.898,-15765.625,-1070.5648,5806.6694,1666.8606,1634.2368,9592.126,14458.222,0
164208.56,2,2,1,36.084316,0,-1,-2,-1,-2,-1,139171.89,-25413.607,34907.277,30693.395,30966.666,34670.957,-1187.9711,5075.8223,-231.33376,16435.531,6988.1523,5025.81,0
99617.45,2,2,1,36.25148,0,0,0,0,0,-1,207477.9,189837.9,100460.21,78487.68,153719.14,-14216.145,6830.2505,18935.703,16997.13,6783.867,157.23744,30460.379,0
28582.207,2,1,2,28.573534,0,0,-2,-1,-2,2,-3973.8826,-21456.615,31145.855,15824.664,-9893.358,-9208.711,-544.7215,9407.19,1639.1343,818.92255,7907.5996,13073.954,0
125238.71,1,2,1,37.430424,-1,-1,-2,0,0,-1,178236.94,7083.9434,92862.766,122322.29,108187.375,112957.734,88.60758,55680.41,2389.0193,2789.348,10692.426,19432.66,0
128205.03,1,1,1,35.98176,0,0,0,0,0,0,219197.97,194199.89,115915.95,13439.275,161926.83,186215.23,12096.516,23769.725,5748.0815,15691.907,-16.363632,15766.324,0
103287.125,1,1,1,30.147543,0,0,0,-2,0,0,135136.77,48056.844,106248.805,82941.195,190185.72,146528.52,1433.5385,58648.03,3274.4612,6466.8394,2459.9263,5804.1426,0
169713.66,2,2,1,40.3266,0,0,0,0,0,0,40349.504,19029.775,90725.31,109434.45,87368.56,79081.17,11920.313,33418.79,26942.436,1789.6196,1422.5809,14783.751,0
147363.2,2,1,1,34.55612,-1,0,-2,0,0,2,-9136.152,-9670.779,34761.64,1544.0388,-11695.757,440.07037,-335.86996,8356.636,888.0508,9427.88,8692.041,4019.224,0
111525.73,1,1,2,41.990005,0,0,0,0,0,0,195478.42,108652.94,90762.39,8925.965,2400.9731,53087.66,-63.572105,11624.163,2436.0237,396.0512,5407.8174,2052.3938,0
134102.84,2,1,1,41.151043,0,-1,-2,2,2,2,-11916.359,-19597.943,24212.79,5937.551,-11375.237,-6786.7617,-211.38608,6678.33,895.5913,433.02557,9639.263,5227.5835,0
140988.19,2,2,1,29.631916,-1,2,0,0,0,0,192264.03,176546.69,89841.08,59013.32,79150.22,118961.055,-1832.183,20022.346,1617.1394,1417.0969,4966.301,3873.2744,0
239044.58,1,1,1,35.81456,-1,0,-2,0,-2,0,435.81265,6849.408,36815.676,4950.617,-2425.5894,-17870.016,-1163.7103,7349.0103,1955.1355,2498.522,9280.516,3473.007,0
255848.83,2,1,2,30.729782,-1,0,-2,0,0,0,-3256.0154,7658.3145,72854.45,19301.215,2009.1881,33776.566,-1270.2792,34718.375,2024.0593,1538.6338,9066.744,3318.9695,0
45634.926,2,1,2,34.454636,0,0,-2,0,-2,0,7777.324,-3895.3538,75824.9,23332.447,1638.899,347.86725,-993.02374,38096.92,1814.0879,10653.753,8107.9727,4430.27,0
102702.09,1,4,1,33.093063,0,0,0,0,0,0,206727.77,181644.8,104548.336,100728.58,181310.62,159000.16,8391.877,11208.418,3934.3901,4959.3887,2245.3567,3051.2231,0
89418.72,2,2,1,40.319218,-1,-1,0,-1,-2,0,28147.557,7821.666,70516.38,57583.434,-19652.125,197282.44,-86.13998,13311.495,3794.161,8693.258,39829.773,9246.495,0
102335.56,2,1,2,27.330917,0,0,0,0,0,0,229941.95,208428.61,107467.64,67953.37,148150.38,175213.11,6814.649,20799.281,6549.3174,8338.431,633.48474,5569.2383,0
123203.164,2,1,1,40.918365,-1,-1,-2,0,-2,-1,34696.812,-8454.725,30800.672,6212.1875,-4506.3784,-9850.324,78.28043,7240.1475,1107.6926,1368.7954,3744.201,23406.104,0
190349.25,2,2,1,42.63084,-1,-1,-2,-1,0,-1,1145.2892,-18787.014,59700.91,84832.6,117273.0,59235.914,9497.698,12635.495,39132.535,1345.4795,1611.2604,4046.912,0
155337.66,2,2,1,36.23786,0,0,0,0,0,2,23281.002,-9128.502,69749.95,25976.922,12418.413,-1038.0077,11454.264,6508.94,2740.863,1953.5242,8605.847,14939.799,0
144479.81,2,1,1,37.002632,-1,2,0,2,0,0,22270.787,-12706.537,70072.92,28889.531,15778.659,70060.56,1242.0258,7608.1685,817.0923,1421.6831,8926.352,4104.259,0
111193.805,1,1,1,35.085155,2,2,0,-2,2,2,170156.55,126663.31,83641.375,116726.086,174328.64,126688.66,874.1237,8064.854,1925.4402,7820.045,5559.24,5070.3345,0
156575.28,2,1,2,41.122738,-1,2,0,0,2,0,209408.55,183480.27,105537.945,134732.8,179878.25,147740.52,-5670.958,19765.008,3555.6013,3216.6963,2521.1548,2659.3855,0
138463.17,2,1,2,30.84731,-1,-1,0,0,-2,0,-8743.422,-20466.787,39372.523,21802.96,-6546.945,27816.992,-73.27181,6601.011,99.18773,13373.218,7751.4707,5607.56,0
144768.3,2,2,2,31.10847,0,-1,0,-1,0,2,-7410.922,-5494.6465,44052.03,10351.428,-9048.558,30491.32,835.40643,8826.684,764.19116,6019.355,4525.8667,6943.535,0
115423.97,2,2,2,28.925112,0,0,0,0,0,0,231867.9,199661.67,111548.85,33252.39,121889.664,133386.17,8543.132,31132.244,6130.514,11444.302,18474.418,23521.535,0
207527.12,1,1,1,40.84119,-1,-1,-2,-1,0,-1,53880.867,-23478.318,50902.457,33159.152,18928.027,99717.195,-550.35333,17531.3,23418.398,15199.849,5646.711,23101.807,0
26792.684,1,2,2,29.162436,2,-1,0,2,0,0,-9388.043,-19150.592,40892.92,18217.389,-12528.472,-5332.543,-1902.9965,4679.816,623.57935,707.7609,7243.547,5088.115,0
154787.53,2,5,2,36.679806,-1,-1,0,0,0,-2,-13764.516,-11395.111,35064.04,5793.34,-18493.84,2682.5703,545.97284,5105.316,362.0276,598.3339,10054.398,3949.8877,0
93298.71,2,5,2,42.874428,-1,-1,-2,-2,-2,-2,-11861.273,-18579.107,26803.926,5291.75,-15150.147,-2454.0547,-815.6829,4147.9556,741.3037,604.3742,9657.997,11566.581,0
249180.11,1,1,2,36.065395,-1,-1,-2,-1,-2,-2,1015.19543,-21854.576,59823.508,89497.375,-7680.488,8954.807,5160.3037,17077.877,38742.54,2146.0093,7239.4087,4917.485,0
33180.215,2,2,1,35.000286,-1,0,-2,7,-2,2,161738.17,39542.97,80585.836,45783.465,32220.709,50375.06,-1412.3485,5939.808,1183.831,1287.8479,7327.8457,2422.822,0
119108.75,2,2,1,33.306206,-1,-1,0,0,0,0,201166.02,11494.291,82230.53,68162.79,77382.97,125482.484,19133.988,19298.86,2881.514,7471.0537,3147.2373,15635.549,0
177056.42,2,1,2,30.793102,-1,0,-2,-1,0,0,573.4142,-8347.139,68558.91,127088.414,138914.03,187268.33,-4400.329,-197.75258,57002.465,6017.9604,8982.818,15130.969,0
129474.01,1,1,2,29.606783,-1,-1,0,0,0,2,1362.3478,-5633.9316,87213.5,63179.273,-7549.64,-6404.0234,9716.913,47270.594,2193.8335,7299.9146,7170.629,5673.77,0
128347.35,1,1,1,38.49739,-1,-1,-2,0,0,0,19673.932,-5323.0684,86248.234,125179.82,92150.9,132082.08,15051.888,50867.703,31867.008,12406.508,6830.9004,17419.373,0
80921.914,2,2,1,30.08143,-1,-1,0,0,0,0,10323.977,-13187.303,68521.2,50607.06,-3011.4956,29556.396,22710.832,20018.043,5291.147,4019.1587,3815.9866,7280.5483,0
100009.805,2,2,1,29.130835,0,0,0,2,2,2,40405.6,47373.297,73788.086,35829.77,-4819.5854,1542.3712,13881.864,8145.4414,1577.7212,1793.1191,6608.7007,3682.8806,0
151843.84,1,1,2,35.641556,-1,2,-2,-1,0,0,-4431.8945,-29069.24,25689.541,5641.328,-11426.601,-8058.0703,-760.62823,12046.826,1904.1211,1106.8811,9370.999,4429.222,0
92535.53,2,2,2,29.615133,2,2,0,0,0,-1,191553.27,144006.53,80600.914,104987.81,84934.766,142827.7,-4175.9434,6975.9336,2093.0642,1659.5288,15663.8545,5716.8794,0
149032.44,2,1,2,33.929607,-1,-1,-2,-1,0,0,1369.3673,-30078.459,39003.223,39765.203,13035.806,37253.043,14770.637,8676.94,10661.965,13483.259,3955.621,5855.4917,0
117181.1,1,5,1,29.286242,0,0,0,-1,-2,-1,184746.89,158701.17,88276.375,32606.525,-7877.7456,-6825.6445,10465.961,9360.606,3579.632,1778.4751,2299.276,2911.445,0
18070.7,1,2,2,31.501951,2,0,0,-2,-2,2,13148.324,-4139.33,60111.875,35584.156,-451.76892,-13894.551,-3044.4822,11318.274,2265.9495,1224.8877,6293.005,3284.2476,0
77017.79,2,2,2,29.283564,0,0,0,0,0,0,-6786.711,1438.33,49729.008,39299.586,120543.86,49384.51,-1793.0458,4080.0408,17279.057,1987.1506,7383.7065,3429.454,0
168816.47,1,1,2,33.460377,-1,0,-2,-1,-2,-1,-6495.4844,-24795.928,62366.59,20782.725,-5895.5894,1478.5704,-1594.6937,31743.928,2827.0676,12964.718,6988.459,4868.589,0
136589.14,2,1,2,38.909073,-1,-1,-2,-1,-2,2,-9570.48,-32036.998,28831.252,18034.537,-17305.29,10506.752,5445.0215,4806.9937,101.68529,10857.521,7966.0454,14913.79,0
31078.535,1,1,2,42.45149,2,0,0,0,0,0,7956.414,9921.002,51005.375,14569.32,-625.4252,-19692.426,-2378.327,5699.9077,2192.0825,1154.7012,6912.5303,2956.4026,0
149451.81,2,2,2,33.99332,0,0,0,0,-2,0,98308.79,110849.15,75050.06,73004.42,26149.389,123712.31,13482.867,10464.998,811.98145,17240.104,4856.8364,4717.233,0
129285.9,1,5,2,32.276962,-1,0,-2,-2,-2,-2,121924.75,58748.336,31529.7,3265.0388,-9438.55,-6155.664,607.11005,5458.238,1082.4368,446.88495,9014.87,3158.4902,0
135314.31,2,5,1,35.18741,0,0,0,-2,-2,2,71129.85,-4182.5957,43227.31,9166.582,-6596.308,-11666.777,437.97183,5824.304,1353.0347,673.19403,8942.666,3098.1428,0
167676.1,1,1,1,39.637157,-1,-1,-2,-1,-2,0,5319.9883,-44851.46,47294.305,47628.734,56705.926,121874.36,12916.389,5172.0522,1728.8884,15741.952,2868.118,14209.952,0
174403.44,1,5,2,38.745792,-1,-1,-2,-1,-2,-2,-8879.551,-23782.436,71161.125,12275.543,-13080.765,-1838.1522,5582.0835,38778.68,949.76685,860.7763,9167.823,4846.5415,0
232942.86,2,2,2,38.312298,0,0,-2,0,0,0,15924.105,53292.19,119274.88,15519.283,208809.4,177526.84,-4216.218,70821.83,4376.104,4013.2178,2500.4783,7925.796,0
100743.875,2,2,1,32.033585,-1,-1,0,0,0,0,20054.797,106701.4,70957.86,99812.06,41227.953,19564.873,31720.662,21380.004,2866.444,3369.8752,3956.6985,18354.041,0
136620.55,2,1,2,30.416327,0,0,0,0,0,0,166907.97,56011.055,77480.195,50519.773,3711.7114,38110.16,21193.55,18294.414,14434.33,10067.119,3823.3564,14949.12,0
264199.3,2,1,2,33.720367,-1,2,0,0,0,0,44081.54,-16796.373,70724.2,27099.312,7717.608,44736.71,-923.57306,12807.21,1625.8936,10356.551,8347.251,14447.683,0
79148.6,2,2,1,34.14551,0,0,-2,-1,-2,-2,-5937.418,-3067.4905,33618.375,913.574,-10526.792,4465.5625,527.50653,6193.865,637.7805,1813.7913,4416.414,7369.9014,0
16290.401,1,2,1,36.575123,-1,2,0,2,-2,-1,39.336082,-20660.904,32534.266,18647.209,-11595.483,-14950.766,-797.4163,6077.626,1172.9397,1091.2078,7767.449,5071.6978,0
137250.92,2,1,1,40.647614,0,0,0,0,0,-1,198284.33,177041.5,98739.234,103997.62,157074.6,2669.6836,13292.96,21329.863,3358.979,10836.53,1147.7401,8487.843,0
123067.36,2,2,1,43.476788,0,0,0,0,0,-2,-3687.6326,12131.916,40858.105,-7199.125,-6480.5894,-11563.152,1299.8363,7473.467,1766.9971,18.951122,9613.004,2983.6492,0
61438.38,2,2,2,28.806585,0,0,-2,-1,0,0,-8741.184,-8160.592,42778.24,2544.4724,-8606.851,-1053.9022,6.3107066,32887.387,1574.9253,1595.7722,8513.392,4492.387,0
126399.99,2,2,1,43.43902,2,2,0,0,-2,-1,-3650.7302,-8937.119,36785.273,9298.488,-8412.003,-9801.719,-692.2205,6086.392,1585.3516,813.5617,7331.9443,4252.826,0
76695.9,2,1,2,27.716976,0,-1,-2,0,-2,2,116756.016,-8814.49,50399.22,19671.45,-5612.64,7757.574,15510.093,18740.45,2915.1853,1616.9897,2157.4202,2960.8818,0
76674.88,2,5,1,43.03941,0,0,0,0,0,0,118405.02,84355.125,87891.71,69792.59,34418.46,61552.58,1692.2318,7651.25,1857.199,1831.4583,7049.116,2302.3418,0
150710.7,1,1,1,42.38551,0,0,0,0,-2,-2,130363.52,45555.883,81500.34,7987.715,703.6334,-22347.59,7928.399,21505.549,2820.7544,32.621532,7008.5522,2359.449,0
121784.164,1,2,1,32.27268,-1,-1,-2,0,-2,2,-6621.129,-21554.232,33096.758,15201.934,-15830.312,-448.13666,-571.3377,5357.447,857.8296,588.45306,8110.116,8044.796,0
178096.33,1,1,2,36.88919,0,0,-2,-1,0,0,7895.996,-17459.303,48886.61,83993.37,111015.28,14223.752,8541.823,9957.888,36122.67,1756.7483,1256.6041,13703.684,0
97144.945,1,1,2,29.451193,0,-1,-2,0,-2,-1,3628.3167,-9647.549,37125.01,17989.629,-3946.105,-15119.652,2303.0366,10721.091,1984.019,1851.6875,8364.512,25399.092,0
193310.11,2,2,1,33.820774,0,0,0,-1,-2,-2,-10046.543,-25912.904,29464.998,20923.137,21108.809,120838.71,-759.33136,4702.74,-378.05396,16497.78,7467.1313,4732.802,0
93280.09,1,1,2,29.949638,-1,-1,0,-1,-2,0,18651.768,-5313.4863,80605.016,32806.137,3848.1802,-4599.84,16394.662,21681.662,8468.496,1330.9509,1515.3763,29409.264,0
247801.25,2,5,1,43.45953,-1,-1,-2,-1,-2,-1,145782.05,152275.03,41255.246,15594.721,-12553.495,-6132.84,5603.5103,6297.526,1273.0239,962.67426,7227.6724,4037.6562,0
214414.6,2,1,2,34.208527,0,0,-2,0,-1,0,94294.65,15921.818,58809.363,50273.016,116126.75,136180.75,-28.05355,7514.337,-66.79274,992.3791,5441.3647,16121.92,0
187114.08,1,2,2,32.265095,2,2,0,-1,2,-1,-5505.1133,-18251.045,25446.215,13848.451,-7461.0503,911.9063,-1312.0282,5587.6177,870.6765,341.55756,3473.3494,4104.413,0
93295.41,1,1,2,28.152142,0,0,0,0,0,-1,203959.39,130866.64,83419.555,75573.46,-684.1322,161165.33,-138.08041,9003.579,3528.721,2728.5198,23492.297,6263.68,0
132654.0,1,2,2,36.4654,-1,-1,-2,-1,0,-1,12479.441,51458.793,71919.66,43052.63,-3894.062,65426.01,22831.713,36561.38,13109.354,1294.3813,5313.814,6379.765,0
112528.984,2,1,2,35.808777,0,0,0,-1,-2,0,217795.81,191273.48,94250.19,51933.28,-5301.894,-6977.715,13462.211,18529.816,4631.9746,2606.8972,2575.1912,5199.066,0
117723.41,2,1,1,29.599081,-1,2,-2,-1,-2,-1,99502.766,-16942.78,57175.78,12826.912,-11312.147,8941.465,-116.08431,28671.105,322.39478,8812.816,3678.7136,3972.3064,0
133178.84,2,2,1,37.619034,0,0,0,0,0,-1,31150.133,31257.826,90886.766,60531.98,56991.39,-3805.0508,18362.32,47639.08,3115.77,11520.633,2683.9822,20292.096,0
84417.766,1,2,2,32.993286,2,0,0,0,0,2,134389.56,90136.445,83520.44,42412.746,3635.5044,15245.471,665.79755,7215.526,1967.3247,2559.8552,6911.5234,3121.15,0
162424.12,1,1,2,30.046389,0,0,0,0,0,0,215860.97,205761.31,112123.29,75975.67,187641.89,154592.9,10241.356,34842.273,5007.67,5584.804,817.2167,7704.068,0
135979.77,2,2,1,40.849445,-1,-1,-2,-1,-2,0,14417.926,-27194.248,73036.91,34177.066,-16214.21,58421.72,14841.429,59677.586,447.39966,14917.305,5704.959,14692.154,0
199539.97,1,1,1,42.910732,0,0,0,0,0,0,13992.355,12643.205,50395.113,12545.432,1627.2623,-19719.844,11896.158,15614.371,4356.3403,3253.0735,2366.1714,11600.701,0
206062.4,1,1,2,31.474413,-1,0,-2,0,0,0,8660.473,-1851.9044,40765.61,5445.4375,4507.481,1239.4884,14903.434,23638.643,4257.4033,3545.726,3532.2048,24784.441,0
62015.965,2,1,1,29.626188,0,0,0,0,0,-1,34313.895,37718.277,80990.89,53010.31,34378.49,35117.3,10396.066,8983.838,4046.372,7956.411,5022.293,3456.6138,0
198698.55,2,2,1,34.816505,-1,0,-2,-2,-2,-1,-2.5545409,-1722.1349,33960.46,6621.1055,-5775.82,131707.39,-626.888,6734.5127,1241.69,799.9887,13173.412,3301.695,0
33313.832,1,1,2,28.85196,-1,-1,0,-1,0,2,1586.4181,-29299.67,60263.832,30712.596,-15517.315,-2548.5312,13068.016,4105.668,1705.7427,730.08124,5957.517,11666.171,0
46546.27,1,2,2,40.953526,0,-1,0,0,0,0,8479.152,-7851.615,67391.16,27009.389,-5060.8315,1494.5157,16028.155,4345.602,2783.9043,1889.1428,6708.7124,3427.7856,0
136805.5,2,4,2,32.204044,-1,0,-2,-2,-2,2,-6872.8594,-14148.857,31087.473,7222.7695,-6683.781,-7548.871,1261.1029,4297.4634,1899.2766,938.64325,9353.719,3772.78,0
125877.01,2,2,2,28.164442,0,0,0,0,-2,-1,182887.64,165701.16,83965.3,46977.246,-4917.855,-14092.223,5195.9556,12381.118,1755.0024,2391.915,2696.634,18283.135,0
257605.08,2,1,1,43.07425,-1,0,-2,0,-2,-2,906.7384,8228.768,49691.31,-1971.1174,-1885.601,-18085.125,542.154,29760.809,2550.8286,1475.9873,9051.121,3949.0332,0
134850.83,1,1,2,35.618217,-1,0,-2,0,-2,-2,190840.56,108503.85,83406.7,23177.64,-7817.4917,-12517.0,25281.162,55099.09,2084.0605,2443.7559,6405.945,5983.0547,0
48424.082,2,2,2,41.66423,-1,0,-2,-1,-2,-2,-14265.723,-22988.623,27341.996,7343.426,-10745.366,3922.1484,-730.659,5770.523,309.62622,11360.647,8613.522,4535.029,0
124634.13,1,2,2,29.565886,-1,0,0,0,-2,-1,7164.504,-17351.576,71246.85,34924.28,-6530.4917,-1611.0468,12785.215,14307.405,2924.1726,10032.594,1398.713,14498.371,0
72843.49,2,2,2,28.648972,2,2,5,-1,2,2,-5099.379,-23650.482,62581.023,11895.549,-2023.1127,28321.496,125.356606,5883.4917,538.41455,-241.59135,8763.678,3381.8735,0
106112.305,2,1,2,29.008734,-1,-1,0,0,0,0,13003.711,11953.803,83918.38,81823.266,39644.9,48052.527,19692.393,40619.812,3446.725,3397.8372,6908.2383,19529.242,0
147879.69,2,2,1,41.406403,-1,-1,0,0,-2,0,5947.0625,-17973.748,64100.18,45002.85,9988.466,35142.582,17010.434,7682.298,440.27173,16166.82,3558.3137,12876.489,0
204370.2,2,1,2,42.07885,-1,0,-2,-1,-2,0,-11462.398,-32615.6,26427.201,23847.191,134291.9,143967.25,-1286.0892,3116.355,-273.20435,14375.289,6853.7173,11100.378,0
160382.72,2,2,1,37.066837,2,0,0,0,2,0,13688.328,-2936.1975,76601.33,33823.926,18203.668,56367.97,-487.53305,7349.577,1951.4094,736.934,8006.7793,2856.033,0
82534.695,2,1,2,28.235563,0,0,0,0,-2,0,16857.535,18272.125,81685.97,47681.35,-4435.105,176046.7,-3952.569,10177.062,2799.7793,7827.638,28479.082,7425.7007,0
171250.75,2,1,2,26.679352,-1,0,0,0,0,0,172768.61,169217.42,93659.39,130318.47,132126.34,125562.88,18686.799,17197.79,2354.5298,4206.105,1773.1603,6946.062,0
123208.81,1,1,1,32.723934,2,0,0,0,0,2,206395.33,174906.27,102043.8,117995.26,186177.64,152878.58,2091.9814,12968.354,3217.9402,10827.023,4820.214,6246.4214,0
35828.707,2,1,2,30.38113,2,0,0,-1,-2,0,-7073.121,-11773.971,41279.06,17395.074,-8005.027,7025.881,-1358.7211,3969.4026,1076.573,11126.5205,6768.3193,4717.108,0
59236.043,1,1,2,43.281662,0,0,0,0,0,0,138419.44,81640.516,88194.516,47965.71,32168.334,-23838.543,1971.4911,9591.639,2269.0974,2457.3694,6283.9175,18964.51,0
75425.18,1,1,2,29.212732,0,0,0,0,-2,-2,221268.0,230389.77,98366.87,40241.49,21671.783,-22066.742,9951.341,25901.057,5031.9624,2804.6487,1339.6027,31645.773,0
141648.39,2,1,2,32.732857,-1,-1,-2,-1,-2,-2,399.06656,-28289.967,46446.832,28976.674,-10812.382,35525.867,15598.979,20078.008,289.41235,13102.139,4164.854,13996.568,0
122784.58,1,1,2,34.68018,-1,-1,0,0,0,-1,6031.25,-20311.045,66911.29,32827.402,-3265.5894,-11619.016,10872.546,5512.4336,2071.6812,1877.4932,7721.8203,20842.225,0
104072.57,1,1,2,28.755419,0,0,0,0,0,0,222708.62,198118.06,92636.09,128465.74,92342.91,23275.441,23876.096,14127.394,4983.3994,5421.107,2773.2307,7049.2046,0
40255.63,2,2,1,36.203205,-1,0,-2,0,0,2,-3606.3474,-2999.2834,72343.68,9319.902,-3725.3433,4320.828,-1544.9135,49361.92,1606.7046,2226.4475,8645.1455,4257.092,0
263639.34,2,1,2,28.837477,2,2,0,0,0,0,40222.375,15223.068,75778.17,25437.422,13163.659,49601.98,2346.2742,5224.645,1449.2649,1417.7063,8551.39,2996.9883,0
81652.6,1,2,2,30.582098,-1,0,0,0,-2,-1,211322.34,170174.47,79020.914,49334.72,-6994.7573,-4190.914,14417.481,5835.27,3611.9226,2245.139,2167.2505,6220.386,0
171149.02,2,1,2,32.36346,-1,-1,-2,2,0,0,-7305.1914,-28794.115,33824.9,16475.934,-13107.011,13642.139,8473.924,13348.158,510.1753,11585.888,6591.995,4706.5156,0
174355.64,2,2,2,37.68908,-1,2,0,0,0,0,-1041.3905,-16686.818,70417.61,88875.055,129421.86,122502.555,-2390.4993,3869.764,33766.555,1697.4973,7370.866,5914.6475,0
265203.25,1,1,1,42.978363,0,-1,-2,0,-2,-1,-834.92566,3686.1033,32200.66,10424.281,-4086.6753,-16358.832,-353.08286,5742.2617,2304.4333,1769.1211,7421.383,5475.593,0
259426.16,2,1,1,43.450752,0,-1,-2,0,0,2,-6151.926,-7902.7363,32754.861,4590.1367,-5669.808,11142.725,2310.1694,20807.832,2155.726,10112.458,9435.085,5239.1772,0
109783.97,2,2,1,28.863667,-1,0,0,2,-2,-1,7404.465,-13768.174,46013.953,16704.094,-9328.362,-10738.902,3317.675,15844.012,880.11694,1634.3345,3585.3616,10853.652,0
140403.05,1,1,2,30.72257,-1,-1,-2,-1,0,0,1402.1798,-16420.78,47186.254,19496.266,-11935.991,135151.53,873.94794,7786.852,1595.5901,1623.2556,12789.652,5265.616,0
140922.69,1,1,2,29.39493,-1,0,0,0,0,0,233322.73,183456.9,105228.65,98246.57,143190.75,166787.33,11960.827,23611.404,4259.695,17144.65,2612.616,7694.8525,0
152321.86,2,1,1,32.60749,-1,0,-2,-1,-2,-1,-5651.4805,-17494.951,27524.031,11404.391,-12246.093,-1188.5038,2403.4797,6547.353,7060.864,1527.4033,8321.241,11302.551,0
25451.723,1,1,1,43.22736,0,0,0,0,2,0,10341.711,7085.5957,40430.445,13622.734,247.66077,-19750.047,-701.09064,9924.015,2079.7307,1302.5718,7340.1235,2787.4421,0
96810.125,2,1,2,29.137077,0,0,0,0,2,0,135115.94,116448.84,86359.266,95579.03,152761.55,122194.97,9407.236,9028.357,2015.7385,1441.4263,4640.0845,2999.3933,0
261668.84,2,2,2,35.825443,-1,0,-2,-1,0,0,-6314.117,-16542.006,76076.24,11505.793,6144.864,81359.62,10924.084,42786.836,9617.638,11064.819,3879.5022,9977.89,0
152753.7,1,1,2,35.081436,-1,0,-2,-1,-2,-1,90497.586,-12945.201,69404.914,37558.445,-2821.6636,71923.51,2950.62,28309.65,11787.8,12922.319,4729.4775,14808.951,0
55526.137,1,1,1,40.096428,0,0,-2,0,0,0,137110.55,12177.311,72482.84,24106.219,13958.681,25339.115,-1221.3568,36038.812,2399.068,1277.9333,6700.888,2592.7922,0
140103.84,2,1,1,43.101845,0,0,0,0,0,0,144380.39,63008.61,90469.35,65159.15,107307.12,27544.693,434.58218,13742.728,21652.754,2491.0417,7288.454,2075.9766,0
114884.81,2,1,1,41.160496,-1,-1,0,-1,0,0,2722.34,-17183.873,70023.91,46443.44,-8883.073,9126.152,14929.101,26073.19,15711.313,8965.835,5780.6,16471.588,0
164852.88,1,2,1,36.951878,-1,2,0,0,0,0,209112.14,180720.61,95145.195,96737.66,143556.05,113088.63,-4185.074,15962.327,7443.2534,1015.1352,4121.7783,15418.877,0
46027.285,2,2,2,29.558296,0,0,0,0,0,0,180417.89,163685.1,83462.76,28979.93,-7515.386,6121.8457,2303.717,7765.634,1860.4812,1581.4932,6318.5513,4391.967,0
119991.62,2,1,2,42.3252,0,0,0,0,-2,-2,190699.17,9080.061,54549.41,8597.129,640.942,-20546.805,1604.2504,5467.0576,2500.0244,402.1994,7409.5713,2570.2322,0
185983.27,2,2,2,32.850853,0,-1,-2,-1,0,0,-10445.406,-22199.951,49204.285,47743.7,-11149.663,42778.543,8892.279,15055.29,30055.123,9035.693,7845.2007,5550.6436,0
144571.22,2,1,1,38.72143,-1,-1,-2,-1,0,0,-7502.8984,-23790.56,28043.922,11203.348,-18886.266,842.19147,309.47086,6886.7153,820.15405,684.1152,9187.279,14033.848,0
151766.78,2,5,1,39.523937,0,0,0,0,0,-1,185169.88,166586.73,91730.82,93753.89,90482.63,9187.965,3551.802,9380.626,2532.3271,11457.884,5063.6597,4227.049,0
126895.83,1,2,2,29.078657,0,0,0,0,-2,-1,8396.039,-2868.9866,52024.773,23664.371,-3345.7183,105330.12,-249.27133,6906.5967,1759.1948,1788.1743,9254.829,3183.2676,0
25951.66,2,2,2,29.741493,0,0,-2,2,2,2,-6504.918,-14949.756,54755.574,21117.088,-4254.195,4718.199,-1746.2655,27317.781,1411.873,344.64984,7675.0195,4423.874,0
171326.86,2,2,1,32.839394,0,0,0,0,0,0,198024.64,134182.81,68203.17,61891.664,91525.73,140014.5,6700.863,8711.284,2110.6746,9048.975,3989.8884,5958.519,0
238960.55,2,2,2,29.057417,2,0,-2,0,-2,-1,-4269.2344,-6524.42,31599.191,10901.674,-4273.6284,-7142.703,-970.3001,7382.561,1869.0569,1972.4817,5119.6943,4167.8555,0
241571.88,1,1,1,40.874584,-1,0,-2,-1,-2,-1,4808.883,-10152.26,36788.324,22442.953,-755.53455,43490.965,16996.799,7689.0757,731.98926,13100.176,4458.985,6847.857,0
176880.0,1,2,2,28.631227,-1,0,-2,-1,-2,-1,28349.732,-17232.146,77641.36,51734.125,14047.511,31445.77,14439.616,36658.457,11272.73,6111.0327,2403.8416,16205.825,0
185083.36,1,1,1,41.351734,0,0,0,0,0,0,206984.98,210935.23,118969.74,128918.6,146086.97,111194.58,9120.776,20149.76,3915.53,4087.5898,811.3468,6644.4688,0
126840.164,2,1,2,27.144201,0,0,0,0,0,0,203785.7,196008.92,99357.92,117017.81,166052.16,142658.39,2658.0945,16263.262,3322.0667,4505.759,1829.651,25153.002,0
136606.36,1,2,2,31.994165,-1,2,0,0,0,0,185900.19,159519.88,90531.65,123573.48,170297.36,156081.02,-2449.7869,10217.258,2487.5134,1510.188,3382.903,9535.248,0
109020.414,1,1,2,37.428627,-1,2,0,2,2,2,54672.543,-5346.217,71020.0,48078.34,53870.547,77835.11,-2010.8378,8377.821,1475.7961,1708.25,8641.354,6956.499,0
113642.48,2,2,2,31.233461,0,0,0,-2,0,0,180285.17,129927.33,90655.586,106376.32,148460.78,128646.29,303.71988,18869.025,1919.9932,3426.1404,4304.29,2696.1143,0
129129.75,2,2,2,27.027437,0,0,0,0,-2,2,7690.2734,12165.334,90250.76,78834.305,-394.61267,-10173.344,-2375.0515,44377.062,2810.8325,2709.9993,2415.1057,2750.5054,0
218056.02,1,2,2,36.19065,1,0,-2,0,0,0,8386.766,15217.088,92340.164,97422.2,173405.72,121421.06,2454.3264,51741.957,2939.4736,3174.2368,2678.8657,4910.4487,0
224726.69,2,1,1,36.601856,-1,0,-2,-1,-2,0,8260.43,6229.8965,72117.24,13094.533,-8957.265,4889.121,18891.398,25249.918,512.76294,10510.202,7032.5044,8346.335,0
76515.71,2,2,2,39.540413,0,0,0,-1,-2,-1,70771.445,56697.746,78221.68,23078.824,-11104.7295,-2912.6094,2255.9006,6628.8643,1786.7358,7597.25,4857.2617,12161.156,0
138811.08,2,2,1,34.63188,0,0,0,0,0,0,155289.25,71275.71,80816.03,40659.055,103488.03,103019.02,2437.8452,33488.375,1729.4309,12382.221,6600.1475,14996.954,0
161159.22,2,2,1,37.013256,-1,-1,0,0,0,0,11016.371,12522.115,102073.27,110412.32,177082.44,150057.9,13337.736,65320.09,3826.4949,3413.888,3703.4,6377.4834,0
39881.73,1,1,2,30.180643,0,0,-2,-1,-2,-2,2150.2932,-14933.318,41196.96,11276.555,-8279.565,-13308.184,2195.6555,23179.67,2599.8406,879.9875,8000.0796,4015.4294,0
72632.01,1,2,1,30.88714,0,0,0,0,0,0,212972.31,225999.67,105776.49,69329.72,173624.33,133338.73,5730.397,25634.107,4410.0537,1509.4402,-192.58434,30698.434,0
127157.9,2,1,1,32.298225,-1,-1,0,-1,-2,-1,-7052.1133,-17189.686,31664.719,10532.541,-15683.636,-6344.379,-705.94073,11138.985,1170.1052,639.94305,9040.203,4209.6436,0
174016.61,1,2,2,32.257023,0,0,-2,-1,0,-1,-8609.496,-20193.092,27769.25,14695.934,-11689.386,4467.2344,-2.3348014,5341.28,-149.71022,12013.355,8457.095,5107.9263,0
227197.05,1,1,1,39.50555,-1,-1,-2,-1,-2,-1,160290.06,-4538.834,67506.63,23869.275,-10711.058,-6765.5547,16471.773,25136.775,2002.022,1236.8315,4230.5986,13485.843,0
17334.027,1,1,2,42.700844,2,0,0,0,-2,-2,8691.336,-758.1154,43575.586,16003.762,373.1725,-21985.445,-1870.9359,4326.948,2209.802,953.9572,6779.4053,3644.6072,0
187199.44,2,2,2,39.36595,-1,0,-2,0,0,0,20186.717,-7661.717,87214.445,116497.91,159078.7,113418.914,3243.9907,32805.32,30820.389,2255.512,4358.6665,3321.8179,0
136677.16,2,2,1,40.537254,0,0,0,-1,-2,-1,170455.77,150235.14,82941.66,38525.703,-5839.144,125085.25,2925.012,14819.527,11331.6,2836.311,10090.782,3168.6936,0
33252.582,1,1,2,27.396801,2,-1,0,0,0,2,5837.4297,-18333.701,52403.95,19469.416,-9795.886,-9901.426,-2432.0837,4530.3564,1205.6987,1359.6165,7145.744,8629.222,0
30287.145,2,2,2,27.99884,0,0,0,0,0,2,-4929.176,-12460.037,51983.29,16320.289,-8075.6206,345.92975,2434.7905,4643.355,1437.0945,1609.3955,7781.7344,4305.5967,0
21789.777,1,1,2,29.157238,2,2,0,2,2,0,-2627.5857,-29880.201,52505.52,28016.664,-6981.769,-2106.1758,-330.62387,6871.3823,1124.791,655.00604,7630.035,4485.5786,0
237038.86,1,1,2,31.94364,-1,-2,-2,0,-2,-2,6032.828,-3810.3655,67892.195,20182.93,8112.36,-19528.773,9026.932,31352.697,2838.3142,2463.1667,6225.254,25005.895,0
82843.23,1,1,2,30.10749,0,0,0,0,2,0,171956.8,67001.3,95563.99,113879.77,20209.127,12308.725,12129.888,35707.08,8760.736,1319.3333,1512.7289,2702.8054,0
130275.58,2,2,1,32.58062,-1,2,0,2,2,-2,-13300.156,-31289.732,30041.781,10685.838,-20555.707,3536.4062,-735.7996,5429.692,-693.1057,45.134716,9232.718,4723.3726,0
156750.61,1,1,1,39.324455,-1,-1,-2,-1,-2,0,1557.4728,-26333.857,33973.387,22656.16,-7540.4917,-1379.1171,5170.4336,6544.935,1701.864,11999.773,7022.9624,22211.945,0
102573.414,2,2,2,32.713028,-1,0,0,0,0,0,7965.5547,-5594.4863,71970.07,29377.77,20993.502,76057.94,665.7868,10815.355,10302.345,1904.1106,3467.5315,19615.367,0
124177.41,2,1,2,31.383842,0,-1,0,0,-2,-2,-8298.805,-4715.092,38623.816,5252.297,-10008.722,-5092.492,-735.7933,6279.9326,1168.4626,766.8249,9260.828,3947.5012,0
108043.09,2,1,2,30.090485,-1,-1,0,0,0,0,119666.41,95620.7,76467.2,56741.375,1091.9967,34621.68,899.5837,3574.3914,773.65576,987.78925,7231.3145,3438.397,0
179967.92,2,2,2,32.243176,0,0,-2,0,0,-2,-9824.84,9597.186,97569.69,60768.457,-7767.195,-7593.703,-1411.5521,52843.023,2398.2852,1609.2671,9204.151,4074.1355,0
139789.67,2,2,1,34.7073,-1,0,-2,-1,-2,-2,-9696.027,-13243.795,74176.65,-1736.219,-13447.577,-2745.3203,-532.2674,48468.45,867.2529,478.88446,9278.948,4075.6047,0
198733.2,2,1,2,33.62546,-1,0,-2,-2,-2,-2,5073.574,-5712.6387,54537.742,14251.119,-11282.14,-1795.3944,-603.5999,7850.881,557.9519,1401.0386,21409.98,5421.0024,0
38726.84,2,2,1,30.836014,-1,2,0,0,0,0,-9527.793,-10001.529,41830.43,12492.646,-15342.745,3476.6328,-370.93442,6225.183,394.4353,878.3591,7761.9077,4660.6587,0
203861.81,2,1,1,41.107788,-1,-1,0,0,0,-1,7612.754,3503.6228,83730.01,39727.523,-4684.6597,-11825.477,8671.905,35561.965,2452.4766,1872.8267,3702.052,3685.1714,0
147590.81,1,1,1,36.273205,0,0,-2,0,0,0,108557.805,14636.006,41780.875,-222.82056,-4106.57,-14435.832,-60.23861,7109.6133,2214.3845,2376.8318,7755.65,2968.3232,0
181867.14,2,2,2,33.95079,0,-1,-2,-1,-2,-2,-9844.551,-19652.045,26828.2,5800.5586,-14409.206,1470.5782,3805.2017,5982.7324,20.862047,1352.1404,7547.1826,16162.061,0
176678.03,1,1,1,37.521194,0,0,0,0,0,0,198498.2,95161.34,97920.41,92514.67,131933.0,85704.52,454.12515,12586.73,3469.2297,3543.0415,3389.9407,3314.7468,0
18603.574,1,1,1,43.82171,2,-1,0,-2,2,2,1525.5939,-20868.693,32638.5,24770.035,-5365.898,-14448.902,-2102.1252,5611.782,1455.7739,925.2546,5719.7183,4611.871,0
18864.09,2,1,2,43.71281,0,0,0,-2,2,0,127.0978,-8716.471,34533.53,17105.42,-2846.2495,-18133.996,-420.40317,6978.425,1619.3416,667.7685,7256.264,3665.9153,0
125443.38,2,2,1,29.648237,0,0,0,0,-2,0,201031.4,182628.25,85459.98,105195.22,-8512.757,19457.055,7962.944,11517.638,3004.9148,8962.136,903.36584,12348.397,0
166159.72,2,1,1,35.58349,-1,-1,0,0,0,0,3948.2346,-19876.17,74529.945,82348.83,41103.727,129934.5,17182.398,21169.822,29066.688,11652.763,2486.833,11789.875,0
127300.305,1,2,1,37.02366,0,0,0,0,-2,-1,17378.773,5779.131,84415.586,18480.1,991.192,-15096.73,13785.591,21577.748,2977.5693,2151.4731,2120.9058,14823.764,0
263633.75,1,1,2,42.58607,-1,-2,-2,0,-2,-2,-1497.8124,7477.287,31434.387,825.25366,780.58655,-9868.305,-835.1419,6539.3193,5503.73,1159.4575,5621.803,4151.0146,0
83897.6,2,1,2,34.653557,0,0,0,0,2,2,96302.93,38371.46,84890.92,59241.71,78544.71,90260.78,-954.8143,9390.933,3176.9802,1537.8281,4001.8523,2795.653,0
221933.88,2,2,2,43.62811,0,0,0,0,0,2,116120.42,65005.727,79272.1,28042.668,529.0397,-2299.957,6647.362,12798.416,1938.676,10666.913,2356.381,14374.804,0
129056.57,2,2,1,28.43609,0,0,0,0,0,0,209074.14,188785.28,104515.72,59840.89,87212.38,103366.69,6518.0493,18795.66,4605.1636,2119.4656,3308.9194,3522.3826,0
185393.98,1,1,2,33.07863,0,0,0,0,0,-2,196725.56,196646.06,106967.85,30631.102,3959.852,-15813.641,3503.1487,15977.41,4659.979,1962.8892,5624.448,2653.385,0
77324.43,1,1,2,32.917713,-1,0,-2,-1,-2,-2,-3588.949,-31960.256,30928.81,18460.658,-145.82361,18773.717,7975.2544,10038.174,641.1113,13377.116,3208.1787,20000.965,0
192227.22,2,1,2,37.05631,-1,-1,-2,-1,-2,0,-8587.316,-16638.295,31526.273,23924.994,-11809.573,2373.9492,41.22721,6416.464,12269.488,6768.7666,9427.231,4902.7324,0
142177.38,2,1,2,29.380089,-1,0,-2,-2,-2,-1,144694.64,153221.3,74764.45,35163.797,-6177.8394,-9076.316,2024.4342,7198.831,1367.81,931.25995,8348.64,3473.0386,0
123722.516,2,1,2,41.297123,-1,0,-2,-1,-2,-1,7487.039,-16649.209,46523.855,20280.27,-6088.9995,37963.23,12778.958,14442.204,2893.6943,1744.0906,4433.1543,4908.1816,0
150456.42,2,2,1,39.042725,0,0,0,0,0,0,115479.63,83985.8,95251.305,94234.72,172983.92,168038.22,-2151.2932,3935.6948,34642.344,3337.3486,5996.7144,3188.5767,0
97114.836,1,1,2,29.368126,0,0,0,0,0,0,197230.06,139841.45,84193.53,55133.645,33953.92,20601.047,19208.11,28941.033,4257.8125,12527.596,2506.7666,23580.443,0
76650.34,1,2,2,37.35114,0,0,0,0,0,-1,6031.1875,-4575.416,75647.82,29858.123,-5074.5386,-15001.652,-360.8265,23940.193,2214.0103,1317.47,6167.0625,13532.364,0
276958.47,2,2,1,43.761524,-1,0,-2,-2,-2,-2,-848.7499,-5849.3457,27291.816,484.29272,-2631.058,69597.44,2386.6711,10073.002,1535.6624,2057.9597,6757.7803,14242.233,0
145803.19,2,1,1,37.37385,-1,-1,-2,0,-2,-1,-707.5077,-14482.197,76415.87,12661.826,-9335.882,-4982.504,10779.191,35650.266,2153.6829,1699.7747,6505.4644,5083.596,0
87345.19,2,2,1,35.069523,0,0,0,0,0,0,163741.36,109544.8,93933.35,106198.19,135995.06,149714.42,-6.904137,27812.93,2920.7363,4020.085,1413.6737,2528.9607,0
206735.9,2,1,2,32.779976,0,0,0,0,0,0,21808.98,6748.42,74818.26,29153.105,16296.329,32833.145,-612.4837,8225.289,2126.9526,1662.8931,7838.7983,2529.02,0
112936.125,2,2,2,31.753796,0,0,0,0,0,0,214999.88,208350.17,109742.32,29990.613,167518.7,188753.1,6283.5303,19638.312,5473.8867,9104.976,722.1139,19336.71,0
146112.45,2,2,1,37.335674,-1,-1,-2,-1,0,0,-5317.5312,-21273.912,70192.99,14074.182,-15351.835,3589.1992,14849.897,34192.586,2236.6023,1031.3074,7995.1,5001.7036,0
109691.57,2,1,1,36.900818,-1,0,0,0,-2,0,4924.633,-765.7209,50430.984,9944.859,-5312.6597,-11288.117,941.5922,9552.862,2024.5955,1944.7368,6240.643,3409.8909,0
31524.238,2,1,2,42.67076,2,2,-2,2,0,0,-7931.0586,-21001.271,27683.975,4627.672,-9260.905,-9888.07,-854.76984,6290.412,1028.6328,500.9477,9168.321,3957.3755,0
62315.152,1,2,2,33.209854,-1,2,0,0,0,0,-537.85144,-11082.818,78293.86,33801.746,5655.2036,32637.113,1031.5602,36093.24,1869.9346,1720.7117,6903.7905,4153.311,0
238568.78,2,1,1,33.4383,-1,-1,-2,2,-2,-1,-290.98032,-24678.256,44931.72,20604.604,-11119.499,-7378.676,10662.692,6884.2593,1740.5161,1059.1741,5340.047,4415.3403,0
233447.88,2,2,2,40.36245,0,0,0,0,0,0,82323.305,25428.088,79485.53,43600.426,143945.83,142079.73,6309.1753,11178.657,1801.6152,16455.18,4621.373,5289.7197,0
144852.52,1,2,1,34.547073,-1,0,0,-1,-2,-1,6712.246,-19403.584,40352.598,32034.162,7695.899,8840.609,-162.29526,6254.0527,276.78247,15862.196,6325.2827,5184.8135,0
152275.44,1,1,2,32.31795,2,-1,-2,0,-2,-1,-8319.25,-20619.756,26313.457,16942.188,-11585.452,-7097.953,-1663.8622,5270.9214,1174.6709,1008.3481,8921.479,14532.374,0
146813.47,2,1,1,32.429573,-1,-1,-2,-1,-2,0,4343.758,-14823.432,60124.594,22960.246,-11582.3,52548.87,17295.98,18240.283,2608.8005,8232.595,4509.77,5698.1724,0
107859.64,2,2,2,31.622786,2,0,0,0,0,0,211378.72,194150.83,86197.67,62640.574,-224.60486,10761.803,12104.295,5822.4556,5973.4194,3911.4856,2710.2642,6747.316,0
117788.33,2,1,2,33.975437,-1,0,0,-2,0,0,18430.178,-12807.146,34511.926,7457.6875,-10370.401,-12804.941,1775.2572,6871.6064,1494.5022,1114.4739,9150.966,3916.073,0
135544.58,1,1,1,36.8386,0,0,0,-1,0,0,10635.961,-5617.365,62157.723,46956.023,130.95374,42454.727,-1183.7294,5085.6743,31408.088,1993.0735,7267.423,4281.3564,0
31594.934,1,1,1,42.698143,-1,0,0,0,0,0,22970.482,799.4119,80338.41,32909.707,11989.345,12729.461,171.32242,7827.4307,1974.6406,1830.2534,5085.654,2835.059,0
92271.445,2,1,1,29.853413,-1,0,-2,-1,0,0,-9073.305,-24647.232,45319.027,4540.9414,-15215.964,-313.05072,13145.496,7599.2827,1420.2739,386.00775,8669.439,11578.928,0
113534.93,2,2,1,28.276161,0,0,0,0,0,-1,4904.7656,10129.709,51047.418,4135.1133,2567.9692,-5521.5625,933.6318,10546.5,1935.4231,1390.7097,3877.837,23427.426,0
45405.45,2,1,2,29.46946,-1,-1,-2,-1,-2,-1,-1256.621,-23101.38,59451.816,20636.193,-14885.526,-1616.4725,1390.5695,25130.234,611.6101,1378.1499,6041.028,17134.365,0
24099.895,1,1,2,41.86258,2,0,0,0,2,2,11750.883,-10709.916,63413.156,37798.37,-398.47595,-5525.9023,-3111.8494,5822.509,2306.8005,2519.9194,6621.542,3970.3833,0
52958.62,1,1,1,43.266064,-1,-1,-2,2,0,0,-7758.9766,-17864.732,31717.652,7199.328,-13398.198,-8599.082,-240.20102,6140.933,1078.4836,985.3649,8561.729,4578.4336,0
173312.1,2,2,1,43.306297,-1,0,-2,-1,-2,-2,-8959.078,-10136.467,23169.809,-5534.121,-9040.808,-8334.328,-816.741,6648.72,1226.01,-123.51958,9451.572,3895.7751,0
123604.59,2,1,1,31.718733,0,0,0,0,0,0,220405.52,202643.03,95367.18,120258.08,105256.59,156536.08,24310.926,21239.201,3658.2805,10823.019,3013.5168,14519.046,0
47174.402,2,2,1,32.620422,0,0,-2,7,-2,2,20960.176,30330.998,79104.95,34343.496,48039.816,77744.734,13533.356,5477.54,1674.7117,2441.6616,7979.531,3194.1433,0
227823.95,2,1,1,37.42119,-1,0,0,0,0,0,7522.426,7193.0723,46160.0,23420.908,4998.02,12817.715,2852.911,9699.729,11237.0,2546.1018,6978.925,2753.6646,0
112192.33,2,2,1,37.40163,0,0,0,0,0,2,216333.11,189747.23,108636.32,44246.49,170936.53,188397.42,4949.354,24383.19,5240.5166,11165.8545,4473.975,4556.3647,0
29777.371,2,1,2,42.32902,-1,2,-2,-1,-2,-1,-8719.25,-21161.38,26308.965,10640.166,-11417.4795,-6309.949,-1093.4706,4362.4604,1217.3359,493.35858,8712.872,4384.232,0
138945.12,2,2,1,38.246967,0,0,-2,-1,0,-1,2766.4885,-20381.678,70113.02,34848.016,-10881.261,63591.0,14891.938,34200.383,11595.77,10812.083,4607.774,14878.717,0
179376.1,2,5,2,38.33857,-1,0,-2,-1,0,0,-8283.848,-5270.4277,74191.81,-1597.469,-8979.487,-1456.8827,2634.802,36611.03,2398.6716,1986.0537,9816.306,3271.4714,0
176608.48,2,1,1,40.869854,2,2,-1,-1,2,2,-9169.051,-16786.865,19806.69,1920.3044,-11147.194,-12222.0625,-1207.639,5547.7476,1101.9316,555.446,9787.556,4322.5693,0
53743.94,2,2,2,30.475431,-1,2,0,2,2,2,-13883.488,-36872.492,33641.29,21588.205,-14261.558,9017.865,-857.3592,4692.025,-100.0862,-72.43169,8326.288,5029.743,0
153520.36,2,2,2,29.208168,2,2,0,-2,2,0,205869.67,163961.98,90119.39,133942.02,175115.6,149814.03,4054.998,8995.042,2278.8691,1802.3164,1470.674,3798.9338,0
41633.24,2,2,2,29.43205,-1,-1,0,2,-2,-1,-4520.828,-30034.357,49061.08,35781.812,-20393.805,9572.184,12041.023,4990.5864,460.0852,10552.213,5905.657,6685.9067,0
116801.51,2,1,2,29.25865,0,0,-2,7,-2,2,519.39465,-3996.5881,35662.64,10136.375,-5995.929,-15449.523,-1196.3114,6573.1323,1942.6084,891.91254,8857.293,3332.8142,0
145518.5,2,1,1,39.20684,0,0,0,0,0,0,192194.77,174724.5,85504.164,51125.31,-1846.7025,-3371.9492,10044.73,8248.714,4474.748,10850.574,6495.2417,7326.681,0
198819.86,2,1,1,35.878338,0,0,0,2,-2,-1,22076.57,17172.504,76640.2,27585.896,-2178.5151,-11505.578,13184.4795,7246.053,1505.3889,11267.19,2932.635,14092.954,0
184801.28,1,1,2,33.53595,0,0,-2,0,-2,-1,-1464.0468,-2417.8342,59629.918,17771.582,1547.8131,2564.1523,-631.221,29961.04,6040.619,12087.329,2206.9658,4721.976,0
103263.586,2,2,2,29.529757,-1,-1,-2,-1,-2,0,7988.0977,-12476.416,48151.184,22021.979,-2592.105,-8673.66,12391.632,8531.981,2071.1506,1331.137,2242.4365,31013.58,0
172600.72,1,5,1,36.566475,0,-1,-2,-1,0,-1,-3246.0232,-15740.412,39751.67,16175.787,-5063.6714,77564.73,8058.5527,12946.564,424.33374,9588.442,5015.5825,4519.451,0
146410.73,2,2,2,39.13755,0,-1,-2,-1,-2,-1,9878.555,-7588.6113,71858.15,5277.0625,-10252.554,-4951.2773,-732.60284,35042.562,1524.7158,876.9489,9190.774,4128.4116,0
129381.16,1,1,2,30.87131,-1,0,-2,-2,-2,-2,1680.1525,-16949.748,51618.332,7892.8516,-7037.8237,-222.37885,15715.1,22716.674,2334.2773,1018.7963,3414.087,4610.49,0
51144.785,1,1,2,39.615627,0,0,-2,-1,2,0,-162.14438,-20406.982,30224.45,15637.836,-3809.1128,-2104.0234,-301.09604,5481.611,15179.618,839.15814,8561.004,4000.4182,0
179152.81,1,2,1,30.17481,0,0,0,0,0,-2,20445.287,39886.727,56739.207,-3311.4846,12194.937,-26118.574,661.45526,12463.685,2826.1077,110.769,2488.2112,31193.035,0
216466.75,1,1,1,39.371067,-1,0,0,0,-2,-2,19653.334,16029.299,44591.523,19474.354,-5245.566,-19407.656,15738.566,7238.2056,1928.8801,1688.1934,6665.198,9487.814,0
53157.69,1,2,1,42.738438,0,0,0,0,0,0,88152.57,46490.344,89287.76,61991.492,13552.911,6395.703,18599.396,30243.562,2857.9258,5388.4507,5338.6763,10977.679,0
106049.42,1,2,2,42.616573,0,0,0,-2,2,0,167790.3,116457.23,86920.1,115957.8,169691.83,114189.28,3177.1882,9118.719,2489.7437,1858.7822,2975.3245,9699.897,0
39733.44,1,2,2,34.22724,2,-1,0,0,0,0,7873.2305,-2220.8967,79155.86,42078.867,10854.214,154.47272,-2809.8142,3409.5962,1838.0757,1887.2664,3647.2625,4050.357,0
247112.92,2,1,2,31.206978,0,0,-2,0,0,0,-908.42957,-1222.8146,22396.06,6865.461,6748.9185,55636.36,1822.858,24302.129,2984.7002,2059.446,4465.5444,13069.852,0
243975.5,1,1,1,42.855293,0,-1,-2,0,0,0,-1544.4647,11381.736,34899.258,5626.5117,-4296.7104,-15886.18,30.488441,18507.23,3750.8992,491.22015,10004.966,3758.4868,0
195725.66,2,2,2,34.576725,0,-1,-2,0,0,-1,-3153.4568,-10847.084,76849.12,20747.217,-8070.7456,7082.449,17633.531,38935.656,1725.4072,1996.0784,4012.3787,14564.593,0
175520.34,2,1,2,33.341614,-1,-1,-2,0,0,0,1801.0509,-19558.006,81132.58,125505.32,147598.92,120495.7,10737.338,35499.445,38191.125,11586.612,5849.9507,18859.86,0
49686.105,1,2,1,32.96552,-1,-1,-2,-1,-2,-2,-10329.781,-30163.256,32524.42,21437.584,-18470.312,7032.3086,13036.881,5463.2925,1679.0027,1826.2197,7449.381,5394.5005,0
42451.957,1,1,1,33.85212,2,2,0,0,0,-1,-2397.9998,-16197.01,42610.598,16103.561,-10045.202,-7140.367,-134.67416,6424.0947,1600.751,1646.7937,5874.7227,14891.183,0
148376.38,1,2,1,38.716606,0,0,0,0,0,0,216565.7,167912.4,106755.336,96705.47,136665.83,112906.42,501.8942,8311.102,42819.332,1656.5933,2228.6438,3327.7986,0
122708.67,2,2,2,27.248034,0,0,0,0,0,0,209457.28,150094.19,106507.375,36842.727,156769.8,138635.61,-3217.4548,51783.41,4552.5635,5045.998,3480.0137,3432.275,0
146289.17,2,1,2,39.152542,0,0,0,0,-2,-1,13365.871,3583.5447,72122.914,37214.227,3968.6528,-16504.562,5917.3384,11926.731,8803.616,581.6601,4581.3794,4539.119,0
126684.57,1,1,2,28.368736,2,2,8,-2,-2,0,197134.66,175707.69,94956.9,121760.38,188007.02,152102.6,1137.8788,13447.975,2653.177,2425.152,5429.357,3326.959,0
192011.0,2,2,2,29.511118,-1,0,0,0,0,2,6533.59,-7025.1113,67423.336,17904.938,-797.52673,51035.41,2952.5767,10859.121,2603.24,2509.9153,6424.009,3250.0654,0
160706.77,2,1,1,38.202377,-1,-1,0,0,0,0,18577.871,29404.787,53812.09,-5864.1133,26284.629,-17165.906,605.7043,29181.322,2619.7273,2332.357,1389.6132,32637.04,0
89057.12,1,2,2,33.40831,0,0,0,2,0,0,226.17203,-16734.639,69103.8,27014.0,-1942.9955,-10094.152,2274.1802,4980.862,1350.0222,1184.3423,8498.512,4410.2964,0
163466.19,2,1,2,35.403904,-1,-1,0,0,0,0,-884.7108,-18927.553,72295.6,35263.36,27887.275,29665.314,12294.467,27824.744,844.13184,14052.61,2835.3096,9135.404,0
127497.57,1,2,2,42.11918,-1,-1,-2,0,-2,2,2599.1917,-10849.025,61317.03,28958.312,-10387.667,8317.711,16554.262,16911.85,1573.3792,10182.259,5804.7393,6478.2686,0
44733.043,2,1,1,38.76046,-1,-1,-2,-1,-2,-1,-3180.6013,-25870.326,39811.742,18789.777,-15020.983,9471.303,8156.5117,18527.412,962.39014,11359.622,4792.195,13036.036,0
87505.414,2,1,2,27.958115,-1,0,0,0,0,0,8439.844,4456.877,89328.14,103477.33,-3457.4136,-6637.3516,15875.104,49061.273,2544.0288,2333.5461,6779.419,4699.085,0
61096.973,2,2,2,30.11014,-1,-1,-2,2,2,0,-13577.461,-35497.54,58580.49,39235.39,-8227.741,39578.824,14090.922,11619.445,223.74095,-25.36919,7309.665,5234.807,0
129951.195,1,2,1,29.614656,-1,2,0,0,0,0,208436.33,177756.61,90180.37,126342.37,125082.586,171533.64,9959.757,2595.8667,2973.359,1716.3301,9918.095,4652.228,0
155674.28,2,2,2,27.573183,0,0,0,0,0,-1,207944.19,185505.45,94946.484,107759.59,134603.73,96846.27,-1670.1444,9831.546,3692.7922,4494.883,9387.4795,3771.4062,0
133656.8,1,1,2,26.948648,0,0,0,0,0,0,204156.95,187314.88,96580.36,121330.43,119535.125,42079.63,6305.888,13247.107,11907.149,3333.6743,4019.2444,1975.9296,0
52819.785,1,1,2,30.488728,-1,-1,0,2,0,0,43198.934,932.6346,73096.18,43818.777,-7125.6323,709.211,-1331.559,6553.213,526.8032,1068.085,7961.7593,3913.2747,0
109525.13,1,1,2,27.773283,0,0,0,-2,2,2,191124.12,139410.56,93487.47,137292.03,180591.08,134939.27,-592.97345,15726.298,2671.3425,11291.291,5333.7676,4008.5803,0
30700.652,1,1,1,42.19741,-1,0,-2,0,-2,-1,4971.207,-17729.709,33121.74,11991.377,-5871.816,-16370.754,34.16764,7165.512,1996.6194,1645.7927,6294.184,3735.5195,0
126038.4,2,2,2,29.248983,0,0,0,0,-2,0,10892.809,10763.795,78681.53,30237.166,-2663.316,75079.91,14023.867,27769.998,3221.0823,10741.049,5796.756,15395.936,0
145476.3,2,1,2,31.68674,-1,-1,-2,-1,-2,-2,-1337.5585,-22065.264,62475.24,18146.932,-14596.034,2614.2773,15744.681,27352.574,2105.0698,1285.2686,7578.639,4056.6196,0
247261.14,1,2,2,39.05925,0,0,-2,0,0,0,719.1759,16384.34,36351.086,21089.74,14867.542,95296.68,-1494.8334,6080.7407,15913.628,1412.7593,3263.794,3372.101,0
91885.7,1,2,2,31.183182,2,-1,-2,0,0,0,-14069.355,-15902.174,29894.49,17712.773,-5264.062,32487.412,-1298.1185,4851.517,6799.1636,317.32367,9056.712,4062.2656,0
33529.574,1,5,2,39.438263,0,0,-2,-2,-2,-2,-2671.9255,-1574.3029,32728.182,8116.4414,-6416.3667,-11886.934,-972.4046,4519.2456,1681.3809,1239.571,9285.534,3511.7502,0
125477.23,2,2,2,34.376907,2,0,0,0,0,0,207056.64,183910.72,99873.02,105775.25,168197.22,149940.66,2722.9836,14092.198,2982.6462,3316.1975,2227.9995,9033.608,0
155719.62,2,2,1,41.854507,-1,-1,0,-1,0,-1,-8131.5195,-15924.186,37414.137,23434.43,-8093.2417,10617.109,3884.5498,5489.69,12183.898,690.7502,4253.067,4823.46,0
89151.1,2,2,1,29.739456,0,-1,0,0,0,0,116748.414,157001.31,69199.5,81015.73,-21016.09,33447.41,54059.445,37232.816,5440.789,5213.61,2781.8276,10072.248,0
73812.63,2,2,1,34.733288,-1,-1,0,0,0,-1,8168.793,-829.217,78379.92,40388.93,-10106.827,39622.605,18275.945,36682.805,3287.8188,1212.2798,5960.064,6889.2915,0
113703.195,1,2,2,30.354185,0,-1,0,0,0,0,13198.695,144689.05,80007.586,117348.37,66352.99,132508.81,38816.367,19327.697,2516.7747,2951.3643,2984.031,6574.0195,0
136707.81,1,1,2,33.327713,-1,-1,0,0,0,0,8283.301,30134.393,77739.1,47454.465,-2012.2611,7481.426,19892.146,16669.275,1809.544,2169.0276,3117.946,14925.016,0
39343.098,2,2,2,28.996738,2,2,0,-1,-2,2,-8679.285,-22504.482,30676.605,21167.09,-8482.069,15316.006,-1412.868,4954.3276,3505.2683,-93.34331,7265.35,4747.02,0
153195.6,1,1,1,42.89933,2,-1,-2,-1,0,-1,-1838.5819,-17564.521,47421.934,10978.477,-10589.667,-1184.4413,4691.733,24370.006,2316.6008,1263.3569,3193.839,12898.452,0
40661.02,2,1,1,43.56582,-1,-1,-2,0,0,2,-9528.465,-8955.947,32521.174,-1070.5745,-12032.034,-6234.379,31.970863,5570.382,1096.3413,747.0944,9920.026,3869.8396,0
197602.05,1,2,1,40.34034,-1,0,0,0,0,0,201771.44,165624.02,97046.586,126209.336,173322.2,135701.61,-162.74203,10396.702,2951.0369,3496.8691,3448.1772,2926.576,0
113992.37,2,1,2,32.762733,-1,2,0,-1,0,0,-10121.152,-23066.092,31617.24,16032.629,-14980.362,27191.758,-713.8743,5339.4253,-169.22389,11901.595,7858.92,4505.118,0
175330.44,2,2,2,31.493298,0,0,0,0,-2,0,47820.41,30754.521,62132.71,43947.36,90849.87,145473.77,4485.8325,8030.764,563.3303,10750.872,5446.3057,4823.167,0
60157.684,2,5,2,29.579002,0,0,0,0,0,0,-6290.7734,-11953.006,70501.61,27823.982,1203.4186,46552.09,-677.32697,5272.5913,1024.749,10767.109,7796.964,4436.5435,0
117223.305,2,1,2,28.868748,-1,0,-2,0,0,0,7712.5938,-12505.885,73221.34,20798.994,-3850.9722,-3595.0469,14908.083,30260.078,2053.7224,2554.0303,3772.4287,16870.531,0
227030.84,2,1,1,41.87499,-1,-1,-2,-1,-2,-1,2009.8204,-30671.482,38819.797,39172.684,2206.3286,51749.76,6013.6187,14531.89,15872.957,14500.568,3161.807,18105.01,0
128180.09,2,1,2,28.732609,-1,-1,-2,0,0,-1,-4795.961,-10343.982,73518.01,26990.771,-12539.062,43048.65,114.38834,35861.65,1076.3735,1166.491,5491.657,4630.7607,0
203035.81,2,1,1,42.203186,0,0,0,0,0,0,105135.88,46720.867,84564.07,46673.375,98244.805,128863.82,-90.24984,12059.913,3884.1636,2261.5667,3715.7856,14319.771,0
122091.86,1,1,1,41.064796,0,0,0,0,0,2,77845.13,26523.492,86353.13,56674.742,84626.71,78243.734,-1419.8802,8738.704,2507.2246,3520.1606,7523.751,2780.544,0
125723.9,2,1,2,29.700539,-1,-1,0,0,0,-2,-4628.6055,-23754.701,58825.74,20958.148,-19402.469,6516.9062,16312.667,5324.4575,893.2092,1165.7078,7649.838,5457.205,0
160957.39,2,2,1,37.305927,-1,0,0,0,-2,0,-3509.5974,-24826.287,39746.863,34550.434,95479.44,129039.14,-824.7005,5677.416,-0.5129527,17128.695,5559.451,3848.5376,0
37397.043,1,2,2,29.348492,-1,-1,0,0,-2,-1,-3302.6638,-23410.717,43198.31,31584.953,-12000.733,1578.0275,15019.983,4085.0671,1369.3264,7371.0366,6708.3413,6253.601,0
33229.06,1,5,2,35.43386,2,2,0,0,0,-2,-6912.496,-11991.982,40659.473,9064.18,-11397.089,-5714.7734,-667.80597,7028.205,1136.2991,1305.5059,9023.043,3924.1821,0
66752.79,2,1,2,27.408451,2,0,0,0,0,-1,67559.08,57618.312,80462.32,27168.652,-8501.526,78360.24,409.5143,8850.519,1696.1797,1792.6814,8500.124,4704.0176,0
117324.6,1,2,1,31.466475,2,2,0,0,0,0,174891.33,145985.92,82691.664,48204.895,70553.06,94854.734,-1363.5814,10158.675,1150.5154,1920.9656,6170.802,3016.577,0
137748.45,2,2,1,42.253403,2,2,0,-2,0,0,211239.81,177818.06,99395.19,119527.41,171769.5,154232.34,12646.177,11812.63,2428.7297,1465.6304,1191.1144,3328.9275,0
139326.31,2,2,2,27.416422,0,0,0,0,0,0,57022.035,28065.45,89877.72,103583.73,154196.33,147629.33,-1818.9935,25386.707,16836.992,4047.4685,6637.019,2777.8545,0
33026.918,2,1,1,43.51228,0,0,0,0,-2,2,8245.676,3680.6658,57427.02,23253.498,-1028.1283,-16673.297,-1599.2592,6081.282,2293.0352,1731.4277,7488.565,2956.2805,0
143315.17,2,2,1,35.533035,0,-1,-2,-1,0,0,-12334.566,-11825.119,32978.06,4590.574,-17736.719,5983.6445,1932.1373,6084.137,66.89525,464.21185,9134.599,4498.3765,0
134044.97,1,1,2,31.196926,-1,-1,-2,-1,-2,-1,-2454.5544,-22086.475,67054.53,17618.697,-12393.964,1424.2501,783.1159,31062.643,1060.5002,10418.5,3537.8208,10020.705,0
202713.08,1,2,2,32.857647,0,0,0,0,0,0,182047.3,109644.05,95327.02,107840.49,158522.03,131638.69,11933.463,24178.006,4251.357,11431.634,1545.7504,9272.076,0
151676.66,2,2,1,36.00781,0,0,0,0,0,0,107510.93,79034.625,86415.35,11783.475,29931.56,45352.637,8648.828,18884.107,4244.4478,9996.882,3022.8384,26855.176,0
169939.12,2,2,1,40.476162,-1,0,-2,-1,-2,-2,2921.8987,12018.072,58465.902,21713.14,452.9967,66606.48,20760.168,24187.162,1575.2715,13392.376,5536.4766,6377.1035,0
127881.914,1,2,2,32.93437,0,0,0,0,0,0,213725.2,193479.12,108062.734,54070.32,176799.88,177171.62,10949.751,2028.0414,4391.2285,6402.746,1201.515,8138.153,0
145451.53,1,2,1,32.752686,0,0,0,-1,-2,0,157.69547,-2816.592,42217.918,10777.912,-5469.277,-9099.078,3314.5034,7302.8276,1682.6719,10079.989,3310.4412,9272.808,0
152105.22,1,1,2,32.668472,0,0,-2,0,0,-1,7822.5938,-10365.908,40686.316,14384.922,-4843.6675,-13744.145,11660.152,7759.795,2576.8586,844.88446,6963.7754,2694.8967,0
35329.605,1,2,2,34.296703,-1,2,0,2,0,0,1768.086,-23155.232,71168.805,26604.383,-606.7064,29411.03,-779.3914,24310.49,1141.5354,1152.5247,3564.7544,4327.29,0
136966.33,2,1,2,29.545742,0,0,0,0,-2,-2,166644.53,167178.64,86113.14,13648.238,-5309.9565,-13140.434,6407.422,12928.6045,1868.7483,524.22797,7847.6743,3065.472,0
149134.64,1,1,2,37.85873,-1,-1,-2,0,-2,-1,-3651.527,-17605.318,30449.418,14365.568,-7788.39,-7148.0195,-1099.4857,5034.7163,1807.1355,1242.7166,4342.874,4738.0757,0
48700.973,1,1,2,34.490604,0,0,0,0,-2,0,6159.496,-14875.092,76434.836,25501.514,508.5006,30315.8,-1208.725,4404.786,1529.935,14383.3,6794.5293,3932.0676,0
57870.035,1,2,2,30.063469,-1,-1,-2,0,0,-1,-9377.609,-22805.107,32200.643,15818.08,-18100.418,1505.2775,-403.0106,8461.177,303.60327,270.86542,8304.299,10171.495,0
192349.06,2,2,1,32.048946,0,0,-2,-1,-2,-1,146847.77,133396.92,57321.84,19401.904,-6583.726,3554.9102,4504.7295,24614.3,2365.5137,10108.179,1146.8441,7510.8257,0
151116.0,2,5,2,30.55413,-1,-1,0,-1,-2,-1,-11733.242,-19448.287,31654.633,13113.988,-15306.202,-44.25384,-971.0706,4317.222,1133.8547,437.05756,8365.361,4123.6494,0
98424.99,1,1,1,40.151268,0,0,0,0,0,0,210811.66,207045.48,101395.72,91470.164,113764.05,11823.246,9404.763,17153.66,3221.5977,3065.9028,2027.579,25590.295,0
66173.77,1,2,2,28.507643,2,0,0,0,0,-2,38938.18,26991.424,77609.72,16292.801,-10886.202,-6313.8203,642.7985,7149.917,1151.779,1067.8555,8307.795,3848.376,0
63310.652,2,2,2,43.48004,0,0,0,0,-2,-1,3435.2463,-14732.588,34174.65,13118.828,-6013.863,-16495.887,-920.0457,5669.957,1257.3032,820.1496,7753.5776,14805.669,0
194651.97,2,1,2,27.657206,0,0,0,0,2,2,206164.92,183929.72,97556.3,130997.9,169955.44,129668.37,4036.7927,12459.301,3795.3638,3739.338,5103.035,2705.072,0
43115.957,1,2,1,35.537598,-1,2,0,0,2,0,-1298.4061,-21375.842,67633.37,30453.154,4126.774,33390.656,-814.0428,6219.414,967.96216,679.39935,8447.0,3886.2246,0
38479.543,2,1,2,28.209698,2,2,0,0,0,-2,-7147.75,-19505.326,61072.2,14919.881,-12932.651,-2014.2655,-669.5955,5036.7227,559.4292,803.6235,9070.664,3957.3135,0
159894.11,2,2,1,31.015497,-1,0,-2,-1,-2,-2,-13069.898,-25153.639,29731.854,14259.498,-12649.929,8625.879,12872.507,7239.8306,12459.458,6882.312,9494.653,4549.72,0
286958.47,2,1,1,43.2155,-1,2,0,0,-2,-2,-2283.6716,-18776.209,25921.719,9068.246,-9983.796,-15114.973,-457.02377,5226.069,1742.8359,850.986,9036.962,4674.064,0
41768.38,1,1,2,29.639053,-1,2,0,0,0,2,-9.175634,-25226.412,66081.305,28232.988,2702.7856,38573.9,63.370766,4575.621,1253.6519,1851.9568,8968.049,3833.6252,0
151704.0,2,2,1,40.7513,-1,-1,-2,-1,-2,0,-11272.641,-26573.436,28667.555,16206.207,-8643.323,72060.91,-618.8045,4773.669,-505.31274,13937.624,8054.231,4771.791,0
177086.67,2,2,1,37.746628,-1,-1,-2,-1,-2,-1,15677.055,-14103.459,64308.85,28182.572,-8470.218,34988.348,-28.750816,31189.148,17550.574,10252.389,2710.797,5991.8555,0
111784.7,2,1,1,30.526728,0,0,0,0,0,0,216925.61,191568.4,115587.53,33498.582,173332.8,166589.83,17061.518,60529.562,5206.594,6162.6235,2665.2935,4281.701,0
145752.61,2,5,2,32.858788,-1,-1,-2,0,-2,2,-10405.73,-13175.076,61872.72,15254.697,-14057.835,3548.2656,-992.096,29260.373,1254.2986,1133.4185,8774.676,4729.2427,0
130420.484,2,1,1,42.34919,-1,2,0,0,0,0,58665.426,22949.621,79664.78,37727.934,88725.57,102138.42,-374.75717,8269.716,1605.1597,1930.8303,7769.604,3003.0068,0
34260.88,2,2,1,39.99943,-1,-1,-2,0,-2,-1,-3749.3513,-22524.646,39080.3,21630.623,-15252.726,1125.3829,7719.877,7077.964,378.58716,863.31976,7105.2886,16181.119,0
164523.62,2,5,1,43.399536,-1,2,-2,-1,-2,0,-7024.699,-11846.1,28962.809,2213.8943,-14220.112,-4760.5625,200.88052,5968.4746,839.573,801.41595,9218.323,4022.7563,0
121124.97,1,1,2,30.723986,0,0,0,0,0,0,202316.55,173478.28,83048.97,66918.38,88659.195,111176.25,8384.375,9301.337,2035.0061,12459.35,2997.624,12607.18,0
41724.48,2,1,1,40.899044,-1,-1,-2,-1,-2,2,-5955.258,-19036.63,31650.996,13397.984,-13373.726,-3818.5078,-999.3392,5228.008,778.177,1315.72,8695.404,4638.8496,0
115679.305,2,1,1,33.114758,-1,-1,0,-1,-2,2,-598.496,-27077.154,38059.06,18784.242,-13360.206,-294.44135,2445.4084,6567.5117,823.5676,1111.7705,7503.3584,15251.241,0
25541.59,2,1,2,27.115757,2,0,0,2,2,2,-1811.664,-19152.662,49834.715,27700.35,-4568.148,-5550.6016,-2274.7532,6661.6953,1396.1934,674.0246,6682.198,5209.685,0
26310.02,1,2,2,43.146915,0,0,0,0,-2,0,19463.496,2987.1619,81263.414,12121.336,-779.46814,-20629.93,6058.8135,30298.562,2751.858,1305.5586,6167.945,2535.5598,0
144867.53,2,1,1,38.948666,0,0,0,0,0,0,213102.03,207864.06,122838.72,-8898.543,163740.6,196544.03,10462.03,22460.273,6645.2573,10072.164,1253.1654,9623.884,0
278508.16,1,1,1,41.714844,-1,-1,-2,-1,-2,0,-4047.0974,-28141.264,29687.35,23104.08,-10584.972,-2627.4102,2266.943,4616.2935,882.1802,11017.723,7764.438,6160.653,0
166335.05,1,1,1,41.210567,-1,-1,-2,-1,-2,0,135.39468,-20328.225,71766.695,52476.52,-11874.6045,518.7227,1632.4745,30241.225,26611.842,1783.1841,7603.972,10645.007,0
141584.83,1,1,1,41.229725,0,0,0,0,0,2,213280.83,193175.89,107334.1,119205.32,121082.48,88417.02,8453.799,17616.088,4191.438,6683.644,3896.9966,8502.481,0
171902.62,1,1,1,36.659348,-1,0,-2,-1,0,0,-7164.7617,-7417.8223,27104.365,10826.715,643.89124,36559.684,-842.7557,5630.2153,10862.384,1179.9172,9763.748,4162.323,0
38710.816,2,2,1,35.460186,-1,0,-2,0,-2,0,-7687.4688,-5911.6113,40982.75,8038.492,-8015.1206,-1569.0507,-863.64484,18921.742,2007.9966,1816.6584,7866.722,4129.701,0
160695.69,2,2,2,41.87122,-1,-1,0,-1,0,-1,7468.3867,-10148.115,62677.055,37870.863,-5023.9604,3301.9219,16086.144,8128.8877,14619.311,1052.0903,6563.7183,15384.518,0
30201.363,1,1,2,31.23551,0,0,0,0,0,0,5304.5117,3822.1697,53504.48,8062.0586,-3963.2417,-9873.523,-561.77277,5601.321,1787.0974,1192.096,3534.9553,2879.4326,0
73056.15,2,2,2,33.65532,-1,-1,0,-1,-2,0,-3888.574,-28968.17,32838.8,29123.846,-17361.754,30642.086,-634.9754,6073.441,-482.65356,12512.99,3884.457,11303.826,0
118473.63,2,1,2,33.4117,-1,-1,0,0,-2,2,-1791.7616,-13483.143,41305.625,15034.066,-11196.585,-7525.4375,-1623.4447,4969.9487,1310.0527,1663.7883,8186.4004,4756.2417,0
27369.637,1,2,1,42.37044,-1,2,-2,0,-2,-1,-2458.488,-16069.732,45036.543,11757.287,-10460.776,-7901.5547,-201.51791,20904.13,1642.9617,1323.5647,6448.94,4465.801,0
168769.16,2,1,2,28.09886,0,0,-2,0,-2,0,-3417.6287,3531.8884,33572.902,6112.7383,-3196.9175,-16450.047,-1219.7616,6273.6567,1921.7026,1987.0137,9418.691,3349.4895,0
143237.0,2,1,1,34.506542,-1,0,-2,-1,-2,-2,9589.621,-16646.037,72376.28,22193.607,-1203.0033,93228.64,14639.974,32623.014,6000.028,10686.898,13928.491,22524.965,0
106867.13,2,5,2,29.16693,0,0,0,0,0,0,134415.55,102846.695,86403.69,80811.49,126458.98,132636.05,1019.73505,8287.574,1373.8284,2100.9377,5977.3594,15280.231,0
103477.31,2,2,1,30.961348,0,0,0,0,-2,2,44975.48,1274.8143,61059.465,14068.553,-3605.3394,31578.484,-293.82162,6439.2563,1607.3835,2806.3562,5935.7725,3546.6462,0
117593.95,2,1,1,39.216175,0,0,0,-2,-2,2,156073.73,111885.875,91996.734,109937.1,165427.47,122007.54,2029.8075,13468.971,3647.777,3068.3606,5789.417,2552.0474,0
146107.02,2,1,1,38.972813,-1,0,-2,-1,-2,0,-7196.1875,-35275.297,38139.633,17271.24,420.63342,11498.045,-166.16391,4958.3623,-498.68774,14601.442,7592.2,14068.426,0
132221.11,1,1,1,32.773125,0,0,0,-2,-2,2,15787.387,-1540.42,46085.0,23304.04,505.57092,-24306.613,557.1574,10230.805,2348.4163,3064.9578,6980.0156,3618.2314,0
102952.79,2,1,2,30.269215,0,0,0,0,0,-2,185737.03,121820.26,88505.0,20081.555,6100.4263,-19760.25,3723.275,15806.956,2476.5002,276.25336,5672.552,26795.475,0
181236.25,1,2,1,36.44652,0,0,0,0,0,0,43702.45,28163.172,83066.5,43245.58,91291.41,110356.41,10291.126,9526.965,1995.0195,11125.892,2796.5425,14997.54,0
137929.73,1,5,1,37.314236,0,0,0,0,0,0,-404.73422,8918.35,45379.727,4466.6797,-3829.1401,-10069.508,204.66959,7145.6196,1981.1636,1600.9387,8280.438,2682.4995,0
35754.184,2,1,1,41.937717,2,-1,-2,-1,-2,-2,-11277.895,-15470.725,31565.35,5796.4297,-14859.382,2637.246,-342.55112,4161.055,472.46948,1564.387,8596.684,4650.697,0
168054.72,1,1,1,40.947357,0,0,0,0,0,0,205963.47,209629.16,107745.42,76485.82,174901.08,-17864.184,3180.4817,25882.447,6618.2886,4930.586,3720.0137,2573.4534,0
116366.25,1,2,1,35.46794,0,0,0,0,0,0,172805.25,125218.37,61363.562,13905.404,-435.8861,-13428.141,1690.5853,13638.395,2640.396,2170.9214,4975.88,2144.5896,0
81859.64,2,2,2,29.749401,-1,-1,-2,-1,-2,-1,1419.2579,-15548.861,35361.363,13380.244,-13094.319,4636.6367,7354.9766,13654.931,804.26245,2871.0461,5026.346,5350.3564,0
40939.746,1,2,1,43.85767,-1,0,-2,0,0,0,-256.23813,-4406.541,69582.11,13704.715,-6627.562,-6341.09,807.2067,31680.463,2929.4097,4707.655,7700.306,4289.123,0
43515.168,2,1,1,35.32721,0,-1,0,0,0,0,-4217.6094,10460.162,63446.484,8558.949,-5483.2026,-4478.6367,-156.88266,30063.32,1580.364,1532.8691,7918.928,3593.5603,0
147177.78,2,1,1,32.293144,0,0,0,0,0,0,-1034.2772,3795.0994,47343.797,9506.445,-2756.601,-7030.543,3164.547,7065.6387,2041.1455,10682.533,5832.4746,3340.4854,0
123647.05,2,1,2,32.21071,0,0,0,0,0,0,187855.7,176013.1,92688.234,99045.13,108943.34,127677.836,7003.3984,11864.533,7730.4087,2387.309,2190.7205,14542.984,0
163348.4,2,2,2,43.767326,-1,0,-2,-1,0,0,-8296.961,-6987.416,29207.648,-5071.254,-8215.526,-6361.34,563.43866,7342.4478,1640.217,653.0705,8758.756,3367.2651,0
101737.45,2,2,2,26.572151,0,0,0,0,0,0,203073.47,164176.81,93486.67,111407.07,73499.39,8056.504,14271.398,28409.998,4591.8843,2753.932,3126.5295,22846.057,0
82774.34,2,1,2,30.092579,2,2,0,0,2,0,5977.6133,-15005.943,72810.164,36241.637,8193.474,43435.363,-1371.7172,6394.3203,1535.0828,1053.5171,8183.22,3491.5242,0
82913.9,2,2,2,30.286396,-1,-1,-2,2,0,0,-636.23816,-5378.205,43406.055,36182.656,-24363.535,16258.635,18142.982,10518.757,765.9873,671.7382,6164.333,7216.4883,0
41161.887,1,2,1,40.353374,0,0,0,0,0,0,33547.77,1418.451,73634.23,12063.293,-4682.8315,-15320.715,1143.4574,7955.893,1313.394,915.22455,8823.763,14884.047,0
109098.375,1,1,2,35.01849,-1,2,0,-2,0,0,156124.17,117675.47,81779.06,104020.17,144342.83,101226.74,1945.9113,7983.6157,1794.9331,1884.3091,5198.353,4319.2886,0
66205.0,1,1,1,40.33808,2,-1,-2,2,-2,-1,-5268.324,-19807.951,30541.105,19288.639,-10629.437,-10887.613,-1033.1678,6588.816,1451.9343,896.8132,7779.0254,5282.5835,0
126750.02,1,2,1,28.01897,0,0,-2,-2,-2,-1,-2828.2537,-459.55292,29158.305,7470.3633,-6991.1714,-15163.422,-1161.8724,5747.362,1636.2991,546.236,9448.369,3712.7297,0
110958.52,2,2,2,29.866014,-1,0,-2,0,0,0,-12331.488,-10199.939,33182.17,22843.723,15142.167,92348.28,-922.24493,6954.539,16487.23,722.83514,8729.702,3584.7751,0
151289.17,2,1,2,29.278564,0,0,0,0,0,0,104412.1,100153.42,84973.06,41382.39,40764.805,71048.26,15297.825,33162.164,3864.4292,8371.325,3562.0923,12473.473,0
113889.78,1,2,1,35.574947,-1,-1,-2,-1,-2,0,19856.723,89591.77,70134.766,36512.703,-16507.93,11184.975,26001.268,23322.6,3232.1655,2583.0864,1921.6322,3781.6938,0
26584.895,1,1,2,32.078533,-1,0,-2,-1,-2,-1,-4208.578,-15108.236,32296.324,12820.67,-8291.222,-11332.625,-1120.7489,4785.067,1725.5486,1488.687,8597.906,3765.359,0
123450.234,2,1,2,32.548,-1,0,0,0,-2,-1,13571.523,641.06036,82345.74,37837.316,-344.83923,-9215.305,12881.407,26640.18,5108.571,7183.7656,1989.9252,4797.1265,0
150679.17,2,2,2,36.028347,0,0,0,0,0,0,210632.0,187350.95,118551.08,-16692.941,144230.78,201624.19,10330.553,30764.928,11079.613,16733.023,-230.9481,15404.303,0
98762.555,2,2,2,27.24335,0,0,0,0,2,0,187051.2,149757.97,90577.836,116828.59,150854.53,135510.97,3643.9727,25008.467,2889.0889,1006.6518,3942.9604,6857.5215,0
133069.0,2,1,2,30.610868,0,-1,0,0,0,0,-4738.133,-9296.311,60072.906,20016.71,-7075.941,6341.1074,16256.18,15794.176,2866.194,1637.6042,3337.7358,12929.785,0
37016.49,1,2,2,29.660503,0,-1,-2,-1,-2,-1,-10609.348,-19462.49,31813.611,16461.086,-14594.96,-263.20697,-1261.726,4202.484,606.04785,163.28267,7810.985,4928.069,0
58240.996,1,1,2,33.22309,0,0,-2,0,0,0,76692.48,70069.83,87447.68,41349.863,-1590.3939,-8479.66,13243.249,43872.5,3004.644,1858.3257,6628.452,3425.2048,0
58904.676,1,2,2,36.611347,0,0,0,-1,0,0,28402.998,-5080.615,55074.996,15020.219,-6773.7144,7813.422,-658.0164,19963.582,1474.2139,11792.101,6955.97,4677.472,0
167154.75,2,1,2,37.92273,-1,-1,-2,-1,0,0,-10328.609,-15968.744,43205.297,33717.484,-290.23376,6770.3496,-272.1854,17672.596,22772.494,1147.852,9328.541,4708.116,0
76206.58,2,2,2,34.800484,2,2,0,2,0,0,24593.477,26985.408,70940.664,34228.1,-9216.999,-1566.1874,8527.475,4369.929,332.97583,725.9118,8110.1997,4593.787,0
37151.7,2,1,1,43.632748,0,0,-2,0,-2,-2,57522.56,37441.457,33854.836,-3114.9768,-5602.8667,-13321.508,1323.5968,9787.866,2479.8074,1000.19403,7023.208,3018.9844,0
163098.5,2,3,2,30.86713,-1,0,-2,-2,-2,-2,-13406.496,-7884.385,24911.447,-2087.844,-7791.4526,-5977.797,-1430.0331,4460.9917,1434.6709,-30.751026,10216.977,3854.4492,0
37802.09,2,2,1,43.217396,-1,0,-2,0,0,2,-11227.6875,-5384.9863,29051.643,445.86304,-9064.401,-6509.0938,-718.2337,4941.58,1125.7554,-7.929736,9947.232,3314.5872,0
74174.17,2,2,1,28.41276,0,0,0,0,0,2,56940.082,51870.684,79287.42,39595.42,80171.77,39862.59,2370.5996,8425.664,2638.6636,1825.1309,7604.44,3970.8196,0
155634.77,1,1,1,35.411022,-1,-1,-2,0,0,0,-838.98425,-24344.443,64726.28,72794.414,-11486.265,43119.09,12388.361,16597.615,31243.365,7442.561,2095.2683,14970.205,0
187750.45,1,1,2,33.35847,-1,2,0,0,2,0,908.76184,-11735.896,34350.695,13764.918,-5625.7534,-16819.832,-750.51056,6824.539,1936.4509,1507.1621,6874.2866,3759.3,0
134307.23,1,2,1,37.776024,0,0,0,0,0,0,12615.953,3693.9353,79325.25,34738.656,61532.043,75095.53,425.2443,21680.062,7874.6235,2898.777,7997.205,2854.8984,0
128268.06,1,1,2,31.029823,-1,-1,-2,-1,-2,2,-3399.8357,-27758.81,28223.799,16535.998,-13557.101,-9456.266,-196.57895,10105.321,894.57007,828.22284,8551.225,14476.808,0
43417.74,2,2,2,29.075106,-1,0,-2,2,2,0,-12189.398,-19399.482,61798.37,19386.312,-4322.23,20678.53,-1788.1376,31644.965,957.0852,116.77852,8655.449,4440.746,0
211541.12,1,1,1,43.32291,-1,0,-2,-2,-2,-2,-9180.207,-14023.857,25048.812,9835.598,2007.6217,-8148.836,-1368.1947,4651.7124,5209.22,10528.541,9301.758,5703.2944,0
173522.38,1,1,2,32.05296,-1,-1,-2,0,0,0,-7668.8555,-17929.506,52777.06,23091.586,-4617.4175,6167.1387,1484.2872,23524.178,1833.9861,10188.293,8518.256,5219.1187,0
197774.12,2,1,2,29.812836,0,0,0,0,-2,-1,12235.199,-1040.7872,48196.215,17493.598,-1932.015,-13940.898,7686.8286,7875.705,2398.491,8995.856,8229.153,3493.2456,0
39540.613,1,2,2,37.87732,2,-1,-2,7,-2,2,3994.805,-16252.979,36059.48,24645.127,-6049.988,-13957.246,-1452.5463,3748.0828,2177.0625,1043.6414,6132.001,4574.3315,0
172365.16,1,1,1,42.41821,-1,-1,-2,-1,-2,-2,1283.9572,-22485.264,33871.668,12527.412,-11741.901,-10193.48,8358.6045,15712.22,2042.0427,1313.6826,8604.502,4786.506,0
175851.25,1,1,2,28.52608,-1,0,0,0,0,0,11475.367,-3508.4124,72651.97,39554.258,3048.9146,8566.836,10078.385,15962.934,3552.8767,2745.255,6377.4746,3030.5015,0
180640.75,1,1,2,31.32921,-1,-1,-2,-1,0,-1,6041.3945,-29573.17,59828.152,28929.846,-7015.32,67540.58,13713.403,23030.074,928.77856,11624.711,4749.276,18107.834,0
81854.2,2,1,2,30.813255,-1,2,0,0,0,2,-8794.426,-18954.771,33746.41,11862.227,-14175.331,-1437.0741,-841.8597,7148.174,424.7107,1380.217,9229.289,14330.2295,0
248232.98,1,2,1,35.891693,-1,0,-2,2,2,-2,-8971.398,-18805.592,19990.812,3303.953,-10583.843,-12794.527,-1575.9344,6086.0825,1163.2869,210.70479,9511.789,4448.47,0
131463.58,2,2,2,37.642788,0,0,0,0,0,0,202700.88,189469.31,106608.63,97237.79,-3565.1362,-9007.848,17194.33,48924.168,3333.7073,1895.7764,5537.5825,4163.9766,0
122121.84,2,1,1,38.510593,0,0,0,0,0,0,187999.11,167036.53,95563.68,119539.68,159752.33,147844.2,13006.644,2923.5098,3339.9114,2756.1025,3047.0632,2310.9795,0
79570.5,1,2,2,34.243534,0,0,0,0,0,0,234157.27,169894.77,90381.67,126926.2,45077.793,172789.34,-533.07404,15154.893,4995.848,5656.114,31016.186,9291.157,0
163190.3,1,2,2,30.417446,-1,0,-2,-1,-2,0,-11198.992,-27802.24,26977.875,13504.801,-15112.429,18874.568,-1709.7797,5295.653,325.88257,12521.283,7632.7925,4715.557,0
106838.766,2,2,2,30.20799,0,0,0,0,2,0,66131.76,41868.863,82646.63,44985.48,45633.777,-18661.023,2600.0857,13088.857,2809.6855,1189.218,6748.5015,25967.186,0
33170.434,2,1,1,27.784391,2,0,0,0,0,0,-222.43344,-5892.119,68745.32,19417.422,-2424.73,800.8282,265.4484,6004.0938,1231.1145,1546.4988,7576.143,3409.775,0
48016.785,2,2,2,29.466904,-1,-1,-2,0,-2,-1,-6699.9062,-15716.459,42313.336,16127.697,-13134.108,15186.4,-203.36215,10812.336,539.82666,650.67596,4040.0032,4838.807,0
67222.195,2,1,2,43.58298,0,-1,-2,0,0,0,20464.178,3656.99,37330.305,-830.81274,-6430.9526,-7515.711,291.4523,8493.506,1392.5791,692.68866,9248.83,3349.7876,0
23159.387,2,1,2,40.421406,2,2,0,-2,-2,2,-391.19516,-20729.318,33263.36,23310.72,-7494.6753,-8903.434,-1475.9135,6288.6016,1569.6077,835.8615,7418.305,4251.2173,0
51210.816,1,1,1,43.466595,-1,-1,-2,2,2,2,-2828.402,-26987.428,27899.688,22058.328,-9808.089,-14921.934,4450.9893,12931.266,1852.6086,941.2192,7237.6978,5675.8003,0
42700.145,1,2,1,43.05215,0,-1,-2,0,0,-2,-12476.328,-3444.6663,30848.902,-925.13696,-12819.706,-3687.5547,-107.52816,4862.07,866.0105,319.9218,9975.7295,4054.0864,0
215224.27,2,1,2,35.105675,-1,-1,0,-1,0,0,-8562.047,-15050.623,30192.17,11315.891,-10623.6045,-6818.09,-167.33823,5860.0146,2664.1157,768.5539,9720.123,3997.9958,0
166406.36,1,2,1,40.042194,0,0,0,0,0,0,162522.67,119420.07,74759.375,48704.69,56956.938,102525.25,2659.2236,7279.709,790.885,16973.84,5527.796,3871.4119,0
143891.92,2,1,1,34.002533,-1,0,-2,-1,-2,0,15149.055,-20138.646,59512.81,30330.422,-2426.1206,2974.9766,15613.09,19699.898,2547.7046,12970.632,1443.6512,22672.332,0
128394.08,2,2,1,36.98366,-1,-1,-2,0,-2,-1,-992.3124,-21637.482,60037.914,33227.766,-12592.546,17053.48,14760.003,22850.46,8123.29,5651.176,2984.4685,14673.777,0
73153.12,2,1,2,29.426767,-1,2,0,0,2,0,-6853.496,-28083.717,56538.457,23234.822,-9684.198,6538.41,-960.35333,5936.1943,172.23265,550.8066,8918.01,14918.887,0
135141.61,2,2,2,42.93421,0,0,0,0,0,0,193384.4,169194.6,93927.36,56151.805,49815.805,65300.914,7371.0024,16993.914,3470.1182,2135.156,5277.0894,2308.851,0
113183.734,2,2,1,28.170113,0,0,0,0,0,0,201547.48,180637.69,80772.03,49532.066,-1625.2924,52085.97,18435.17,8027.373,4116.751,2210.2495,5535.3027,4638.906,0
198905.97,2,1,1,41.47838,-1,-1,-2,-1,-2,0,-6114.668,-30468.014,27282.791,23117.064,-14583.741,1207.9845,9203.657,4607.153,5391.0674,630.61664,6685.675,13500.4375,0
73518.93,2,1,2,31.423895,2,2,0,-1,-2,2,-6105.5195,-16130.725,29067.86,7634.297,-12576.71,-8500.773,-749.1414,4834.417,1020.9353,1072.9316,8995.685,3608.2627,0
192679.34,1,1,1,43.265118,-1,-1,-2,-1,0,-1,1764.4415,-23651.24,34363.812,23867.414,-7554.359,6758.9766,9132.561,14882.877,12220.95,1507.5168,2930.1213,13662.517,0
97572.14,1,2,2,33.762684,-1,-1,0,0,0,0,7572.703,-8330.322,76197.92,44913.586,634.6334,879.9141,17456.152,7645.14,4787.625,7656.5547,1354.8844,26851.527,0
137729.27,2,2,1,40.98504,-1,-1,-2,-1,-2,-1,-5428.547,-26177.92,36088.125,20231.008,-16001.925,20067.945,13867.815,5603.7266,41.890858,8321.086,3940.3284,14625.522,0
92451.67,1,1,2,31.320465,0,0,0,-2,0,0,35905.84,8959.451,85155.51,47710.473,23716.068,53870.113,6095.102,21334.66,2382.6204,2569.9653,3878.7532,4243.8125,0
122166.03,2,2,2,28.55816,0,0,0,0,0,0,103260.54,157332.56,84193.28,105113.96,73807.266,140135.06,19596.145,11157.044,5263.226,6731.5767,2214.4954,5261.047,0
101287.914,1,2,1,34.65721,-1,-1,0,0,0,0,144201.75,-4387.0176,60964.387,19346.66,-4151.136,3863.3672,10692.708,16869.002,2535.329,1405.7595,2708.6306,15872.48,0
214385.8,1,1,1,32.646656,-1,0,-2,-1,0,0,-809.1483,-5859.088,40995.34,101874.48,167293.53,141909.9,-2280.532,2036.9088,40202.793,1478.0247,6895.9907,5605.818,0
232123.39,2,2,2,34.42688,-1,0,0,0,-2,-1,2768.8245,-6596.076,38886.254,14017.793,-6673.8003,-15026.117,-487.7894,7133.8135,1833.73,1477.9358,7823.5483,3675.5466,0
67890.91,2,1,2,31.951914,0,-1,-2,-1,-2,-1,-11809.488,-26398.326,30707.66,21505.043,-11969.749,56646.39,-790.2684,4324.6875,-284.75122,13032.673,7188.0244,5232.684,0
94896.11,1,1,1,39.95249,2,0,0,0,0,0,126318.14,69741.77,88553.84,65172.64,125788.45,93492.59,-1404.1815,8179.0435,2349.0212,3273.077,5810.0776,3702.3625,0
84895.47,2,1,2,29.791573,0,0,0,-1,-2,-1,-101.999855,-7594.0254,40508.645,14933.984,-7526.863,-8933.848,-279.47934,7359.124,10818.235,1469.8828,8268.35,4042.0466,0
243281.38,2,2,1,36.46165,0,-1,-2,0,-2,-1,-7322.0195,-5540.006,35115.637,5516.008,-9464.694,-2736.9023,684.5959,18733.209,913.5469,3234.9563,5686.824,14331.628,0
107145.63,1,1,2,28.00759,0,0,0,0,0,0,10948.234,6490.3574,47851.637,4264.375,3357.2583,-20632.758,217.46548,10024.802,2495.8564,3159.195,4785.08,24466.844,0
146093.44,1,2,2,29.59267,-1,0,-2,0,0,0,11471.504,12404.943,100532.25,89248.22,192106.1,162971.69,-3040.135,64596.008,3486.5247,3250.2056,3675.1262,7255.722,0
131593.06,2,5,1,39.151154,0,0,0,0,0,0,209591.88,207779.4,115414.336,7944.961,170366.75,196671.0,7516.7197,18925.072,5653.958,8345.763,577.68005,10723.768,0
119541.82,2,1,2,29.544067,-1,0,-2,-1,-2,-2,-3942.4216,-21595.787,31016.326,9983.707,-15307.265,-3885.0195,426.7311,6135.2305,751.209,668.6274,8651.0205,4259.9565,0
215403.52,2,2,2,31.516462,-1,0,-2,-2,-2,-2,-8657.289,-17661.326,55870.61,4822.0938,-9476.835,-4498.086,3103.6401,30040.621,1753.9045,8453.349,8370.197,13305.579,0
43587.84,2,1,1,33.792313,0,-1,-2,-1,0,-1,-3669.8318,-18862.365,52071.516,12436.08,-8217.491,15453.854,15556.135,22183.201,1455.1392,905.0253,3101.9343,8034.001,0
107366.59,1,2,2,28.800892,0,0,0,2,2,0,123716.664,91518.41,75544.42,44046.79,1181.6295,17030.826,8827.242,5307.768,1853.061,829.383,5616.0596,4302.6167,0
136586.06,2,1,1,32.292664,0,0,-2,-1,0,0,-363.92563,-18549.217,54798.684,7278.7773,-11354.808,2949.8047,914.26874,28302.91,662.73364,10900.691,8450.645,4662.537,0
35148.348,1,5,2,28.030142,0,0,0,0,2,2,-2676.2693,-12479.908,63240.383,29931.383,-3584.976,-7886.328,-1847.0614,4917.8,1907.7705,1197.3159,8265.602,4303.513,0
68052.695,1,1,2,42.515503,0,0,0,0,0,0,86209.02,58654.06,80299.15,32765.035,10483.772,30005.758,1529.2633,7892.592,17194.848,2141.3218,7488.6084,2839.137,0
155888.92,2,2,1,33.27531,0,0,-2,0,0,0,-11267.203,-16651.154,31968.143,14616.277,-5103.429,76510.79,571.341,5735.8174,-106.38063,13573.629,8391.606,4645.2925,0
111028.69,1,1,1,34.846924,0,0,0,0,0,0,220413.28,206217.1,108811.14,105850.81,164439.17,152309.05,12592.121,24692.885,4519.048,4939.8013,734.1361,15168.923,0
162654.14,2,1,1,41.0134,-1,0,-2,-1,-2,-1,-5816.0938,-22964.686,42858.69,11199.09,-8028.429,-1773.8358,7824.496,22726.447,1523.1797,10622.095,8012.8135,13702.554,0
152311.25,1,2,1,30.442005,0,0,-2,-1,-2,0,109876.94,-22907.404,33994.41,25238.713,13322.257,115506.91,-1138.4203,5360.962,-71.20241,15986.262,6754.434,4224.0693,0
128913.984,2,1,2,29.053934,0,0,0,0,0,0,210072.52,191454.55,110659.75,30861.582,182113.73,161583.89,2698.9116,41286.38,25004.576,5486.304,3057.5867,3695.752,0
160979.56,2,2,1,36.919456,-1,-1,0,0,0,0,12437.902,-8530.67,66016.64,27224.338,12426.899,83001.64,489.90982,6240.5605,-13.096449,12816.705,8040.2954,4634.948,0
174413.38,2,5,2,28.199265,0,0,0,0,-2,2,190256.38,11133.701,56774.824,16020.189,-2206.058,-12503.445,-1702.0194,4484.1353,2336.6084,821.99945,7640.238,2422.302,0
27299.832,1,2,2,28.35456,-1,0,0,0,0,-2,-4376.3867,-12658.166,48041.004,14478.84,-12158.343,-5193.215,-500.61215,5717.6313,1126.4692,1170.228,8047.5376,4748.226,0
158503.62,2,2,1,43.66724,0,0,-2,0,-2,0,-1711.5155,4220.787,38156.16,2116.1873,-2372.5269,-13076.559,1658.3036,8375.739,2135.2786,1691.9197,6634.065,3005.5774,0
171277.17,2,1,1,34.115448,-1,-1,0,-1,-2,-1,9673.949,-10184.154,72173.61,24868.816,-10117.718,-6006.371,16348.364,25269.133,3509.278,1494.2314,4250.3306,5345.2183,0
77394.06,1,2,2,30.5808,-1,0,0,-1,0,0,-315.73032,-11830.002,45805.855,53407.65,29601.143,95949.03,-1362.1908,4775.0684,24316.871,1409.2705,5383.746,4240.7383,0
120758.82,1,2,1,34.126358,0,0,0,0,2,2,10262.984,-6748.4824,76051.375,37375.15,14502.532,43985.336,-597.10333,7017.447,2266.5825,1894.7539,8178.5737,3163.0452,0
29865.996,1,1,2,31.139036,2,0,0,-2,0,0,6052.578,-8417.346,48559.844,26341.654,-3526.48,-11630.586,-1956.807,9935.789,1897.5171,2074.8008,6959.133,3750.3728,0
38167.59,1,2,1,30.453693,0,0,-2,0,0,0,-5227.1523,260.59943,31053.25,1877.2107,-4010.7573,-8485.836,2370.5144,18921.652,2658.2383,490.27582,9239.601,3257.283,0
38488.316,2,1,2,30.953629,-1,2,0,2,0,0,-6408.539,-21364.092,34361.87,11517.451,-16006.073,-7127.3516,-384.03842,8040.1074,291.33813,1022.6586,8751.3545,4489.2715,0
268083.34,2,1,1,43.073135,-1,-2,-2,-2,-2,-2,-6306.199,-18353.045,21020.217,4580.949,-3952.691,-10054.824,-640.3626,7009.605,1286.0662,11485.186,9231.765,19959.492,0
157884.66,1,1,1,40.557667,0,0,0,0,0,0,213171.62,199760.8,121498.06,-5507.199,164538.39,119422.1,6793.9204,21513.84,7208.0854,3626.4465,1061.8641,8058.901,0
88337.78,1,1,1,41.984776,0,0,0,0,-2,-2,196311.66,129968.64,83129.51,14949.229,-4274.9175,-15228.594,4910.1895,7611.347,2629.6492,1532.8333,6308.6978,3738.1885,0
82768.88,2,2,1,43.454033,2,2,0,2,0,0,94470.3,66145.65,77247.68,51357.535,93247.125,106295.81,3601.1313,9110.141,166.968,1577.4573,5788.498,12984.637,0
59095.26,2,2,1,31.994305,0,-1,0,0,-2,0,-8208.27,-316.6037,52996.0,16713.975,-10826.296,3113.332,1760.1625,6197.9995,1762.6392,1963.531,6754.2856,4429.506,0
99978.766,2,1,1,36.690723,0,0,0,0,-2,2,143298.52,80365.52,86421.19,55319.46,-3375.6792,-15694.719,680.63104,10837.085,2367.7993,1599.2168,7979.0083,2808.4302,0
75624.29,1,2,1,35.969944,-1,-1,0,0,0,0,6861.2734,19579.422,77862.75,68886.41,38466.316,101312.625,19855.38,8643.235,2699.9326,1171.4797,3705.8245,6540.3745,0
57352.184,2,1,1,43.45821,2,2,0,0,0,0,29182.857,-14784.229,44033.484,3893.07,-8891.085,-10750.137,4631.3975,6053.962,1335.5669,612.39374,8471.112,3152.3582,0
72091.15,1,2,2,32.589043,0,0,0,0,0,0,25815.482,16107.967,83421.54,47880.043,73622.5,104610.12,1144.1505,6266.0825,2200.0825,8426.073,3091.583,4084.515,0
89970.99,1,2,1,33.36979,2,2,0,2,2,2,14076.07,-15491.916,68537.55,40351.223,7810.219,55070.895,-1745.8837,4604.9814,699.5952,760.9838,6636.0293,4426.358,0
92117.695,2,1,2,29.576084,-1,-1,-2,-1,-2,0,13210.301,-1180.5216,72253.01,21664.818,10078.122,-7636.336,13444.671,25910.45,5097.429,10009.224,821.8844,32021.348,0
126383.586,1,2,2,40.68059,0,0,0,0,0,0,210492.02,213320.84,130948.08,-31076.473,148243.3,196104.22,10087.736,28281.547,8147.9766,11821.178,-629.3202,13117.258,0
122953.46,2,1,1,41.546726,-1,0,0,0,0,0,189096.03,148517.94,90558.02,99896.5,141672.97,129996.58,2723.9087,13032.096,2819.9128,10200.262,5252.934,8874.397,0
121553.445,1,1,2,43.094517,0,0,0,0,-2,2,108602.6,44756.363,85247.58,42364.383,1302.2623,-14521.227,-861.9754,8260.389,2628.4873,8812.773,1877.683,2954.1863,0
44825.293,2,2,1,31.945086,-1,-1,-2,0,0,0,-5446.5703,-15892.951,48846.56,16019.121,-14601.956,9114.553,13550.843,12701.641,757.802,6364.469,7628.393,5531.165,0
129886.17,2,2,2,30.666061,0,0,0,0,0,2,7937.1016,-696.6623,78951.88,20688.771,-3757.933,-4482.078,11414.7705,24894.605,3533.549,6766.928,4608.873,4427.9854,0
201497.62,2,1,1,39.642555,0,0,-2,0,-2,-1,13669.449,-6816.541,37560.473,12640.645,-3717.0151,-16959.332,7764.07,25966.734,2933.7588,2042.426,8024.3145,3060.1028,0
97913.87,2,1,1,43.289165,-1,0,0,0,2,0,196018.02,158456.78,93588.5,130474.54,173287.81,138742.25,1423.7499,11311.73,3154.76,2113.8103,2798.193,2938.563,0
202738.84,1,2,1,38.253735,-1,-1,-2,-1,2,-1,-7963.7305,-25040.201,25766.05,11867.158,-15574.815,-4434.301,-940.89923,4774.675,578.4009,386.74286,8757.945,4761.135,0
132551.02,2,2,1,34.37409,-1,2,-2,0,0,0,-9331.629,-10518.205,53219.207,7657.3906,-7814.7495,15830.318,184.15054,29463.592,869.9668,1095.7097,8882.888,4210.1606,0
161453.1,2,1,1,42.609135,-1,-1,-2,-1,-2,-2,-2891.2732,-21727.78,54500.69,7589.3867,-9950.78,7139.547,13169.977,24820.322,1374.2297,9800.553,2976.531,16412.193,0
159945.12,2,2,2,32.292797,0,0,0,-1,-2,0,-6689.125,-32961.656,46011.21,35488.34,45586.613,44404.113,-15.587243,6317.1216,-8.62184,16640.172,6441.552,5099.1484,0
263503.5,2,2,2,34.324444,-1,-1,-2,-1,0,0,-9092.18,-18053.756,33693.824,6621.2695,-14805.401,10870.23,6323.308,11426.913,431.98315,4878.3833,7933.346,10546.222,0
109119.97,2,1,2,30.591122,-1,-1,0,2,-2,-1,-8651.957,-25520.232,29271.346,20838.14,-15950.214,-4732.2266,-1312.9393,5118.7393,708.2825,512.3996,8604.333,5360.694,0
136581.12,1,1,1,38.3242,0,0,0,0,-2,-1,77878.46,52715.746,44127.715,22319.625,-2781.9565,-19404.367,13329.543,6699.51,3404.5999,2557.5852,2627.8018,2378.6045,0
190632.77,1,1,2,30.905313,-1,-1,-2,0,-2,-1,5912.633,-19513.85,50561.29,18492.459,-7855.605,-10725.016,4072.1821,22342.459,2042.0808,1632.947,4167.5522,14169.172,0
170253.1,1,2,1,32.09556,-1,-1,0,0,0,0,-5078.4883,-10178.018,44406.164,17543.996,-5505.6714,4387.5977,5195.078,13384.332,2366.5933,1416.6228,8389.792,5202.3726,0
161523.83,2,1,2,31.704031,0,0,-2,-1,-2,-1,1615.2931,-11354.256,31131.805,13344.275,-5520.156,-12596.586,3571.3513,11894.96,2154.9856,2396.4473,4499.9775,15350.164,0
130999.52,1,2,1,42.73479,0,0,0,0,0,0,193761.78,166572.81,95272.1,114715.984,162637.48,148564.36,1945.1022,10093.173,13188.869,3562.778,4453.705,2587.5774,0
20945.152,1,1,1,40.483932,-1,2,0,2,0,2,4749.176,-27623.17,59147.18,33012.71,-5172.429,748.5196,-1469.162,7174.8574,1925.1323,1312.1758,7772.273,4566.807,0
187173.02,2,1,2,34.077354,-1,0,-2,0,-2,-1,-3908.4685,-3969.1584,33200.184,6750.043,-3950.6753,-6515.0977,-1201.3221,17412.844,2052.4534,1807.1316,7069.1333,3574.4604,0
130566.13,2,1,2,29.558151,0,0,0,0,0,0,216394.72,213608.39,111740.53,48884.965,154837.25,145341.25,8411.896,33133.73,9505.887,13277.212,1029.9552,25155.195,0
49267.13,2,2,1,40.872307,0,0,0,0,0,0,-845.10535,4701.619,80898.21,48608.76,16868.828,20330.676,18092.303,7172.6045,3179.8853,1748.0583,5305.1006,3652.6345,0
39284.574,2,1,2,29.92847,-1,-1,-2,-1,-2,0,-13116.945,-17335.537,32076.342,13226.445,-13492.101,5578.0195,-1284.4427,4835.789,59.643787,8358.894,8775.392,5373.8926,0
123508.086,1,1,1,32.520313,-1,2,0,0,-2,-2,-5980.8516,-15356.908,31473.0,7698.578,-11846.8545,-8607.258,-452.35727,5918.036,1224.574,817.4809,9230.714,3885.853,0
280758.53,2,1,1,43.87347,-1,0,-2,0,-2,-2,-2392.535,11062.564,33305.2,-6440.824,-1098.222,1576.7736,-251.17563,7800.194,2031.0625,3418.8442,4341.4316,3357.6057,0
103564.766,1,1,2,31.165049,-1,-1,-2,0,-2,0,11921.992,8537.697,48416.086,6606.9414,16830.781,-17174.113,528.23505,8797.017,2031.5222,7023.184,1781.0541,32019.604,0
33695.324,1,1,2,44.000626,-1,2,0,0,0,0,16700.89,-11685.885,73024.92,10190.258,-4922.265,-12364.789,-905.0042,7212.966,1795.2537,1661.981,8698.539,3188.9932,0
33370.13,2,2,2,27.459953,-1,0,0,0,0,0,-3535.7302,-2801.3108,72985.86,21384.504,-4275.226,671.56256,-1699.6073,30034.047,1780.2246,1964.1855,7271.5493,4670.5396,0
182351.72,2,2,2,32.132645,0,0,0,0,0,0,201249.08,172132.52,93244.54,74495.945,69657.36,37247.59,7866.952,36100.785,3068.4956,2316.2424,2974.7473,14660.472,0
114433.81,2,1,2,27.702175,2,0,0,0,2,0,-2801.195,-7375.408,37398.414,14124.713,-7384.0737,-8947.102,-1125.3177,5937.108,1634.1729,938.07904,6050.6973,9338.547,0
22288.168,2,1,2,29.424284,0,0,0,0,-2,-2,-41.394386,-8888.826,41259.2,12634.756,-6318.9956,-12418.953,2507.254,5120.131,1313.0471,860.6091,8089.5903,3846.15,0
148599.12,2,2,1,38.984848,-1,-1,-2,-1,-2,0,-536.72644,-28770.31,70717.4,29536.889,-14760.753,11567.34,14377.1,43321.316,1532.5767,12437.908,5971.3257,5296.985,0
40488.277,2,2,2,28.507563,-1,0,0,2,0,0,-6240.4023,-15109.08,50321.92,15686.371,-11087.3545,-4457.742,-710.00714,7962.4644,736.62256,1064.229,7756.602,4960.113,0
264239.94,2,1,2,43.179504,-1,-1,-2,-1,-2,-1,-4199.0586,-16865.889,32703.537,10836.109,-9224.612,4211.1953,-546.56476,5156.22,1235.2954,10525.635,3579.5232,4607.1143,0
110305.27,1,1,2,29.56114,0,0,0,0,0,0,169560.4,96368.49,86991.74,127593.04,130372.91,120437.945,-2598.9343,4638.8965,32789.75,3417.4827,5406.0854,2155.1387,0
46164.55,1,1,2,30.289127,-1,-1,0,0,0,0,902.1251,-14040.354,74110.164,42242.875,-10247.632,11503.045,16720.32,5213.4004,1809.4219,7168.9253,2968.8228,7464.5474,0
128516.58,2,1,2,31.711395,0,0,-2,0,0,-1,6083.1484,-11714.17,39747.27,10231.6875,-942.0033,-11298.848,8306.73,14938.016,2120.0337,6729.4937,7450.3823,21299.67,0
155550.39,1,1,1,40.132725,0,0,0,0,0,0,200182.53,60208.863,89771.59,48503.266,956.53186,-18880.621,17217.201,6213.714,3197.8032,1451.8555,6094.112,2327.609,0
85078.72,1,2,1,41.81171,-1,-1,-2,0,0,0,18459.629,-12864.877,83481.23,32877.97,-4921.5894,7059.0977,17148.611,49201.656,2236.5444,1475.9934,6406.7134,4576.219,0
61156.37,1,1,1,42.497593,0,-1,0,0,0,2,2566.301,-7478.0137,79945.22,39737.105,-1568.2572,2136.7305,16307.235,6241.2305,2742.3972,1590.8408,6841.1104,4019.7507,0
181892.16,1,1,1,43.74623,-1,2,-2,0,0,-1,-1116.2577,-8173.5645,29501.572,4837.84,-9036.663,-15589.992,-82.40902,6128.4087,1963.3103,1409.3999,9327.038,3993.2803,0
160147.38,1,2,1,39.28692,0,0,0,0,0,0,193305.52,108787.95,103105.96,115229.87,161977.9,130984.664,3314.9556,54125.934,3915.0132,5583.392,2244.3057,4161.667,0
125658.6,1,1,1,38.768356,0,-1,0,0,-2,-1,5879.961,-6738.205,56769.93,18637.68,-5975.7417,-10999.871,12621.106,9561.276,2581.3064,2189.1323,7424.2925,4771.8438,0
27055.52,2,1,1,31.262026,0,0,-2,2,-2,-1,-2790.617,-12813.357,32756.62,15470.469,-8556.081,-12124.672,-404.15268,6677.157,1303.2048,1075.4102,8114.8745,3799.8445,0
114824.52,2,1,2,31.294127,-1,2,-2,-1,2,2,-6700.5195,-26071.709,30100.63,8470.891,-16199.14,-1136.9452,-792.8328,17510.14,900.5088,541.7016,8436.902,4500.9,0
226670.23,2,1,1,43.340294,-1,-1,0,0,0,2,4387.336,2669.904,47675.277,3871.6326,-4602.605,-6386.4766,4618.1035,7302.3535,1818.4763,1517.8242,3565.445,3084.0735,0
187554.98,1,1,2,33.27256,-1,-1,-2,-1,-2,-1,148827.22,-23508.646,45886.043,24881.139,-10518.417,-4369.2656,4314.1816,16401.871,1551.6133,11058.937,5951.503,14471.044,0
162329.47,1,1,1,42.252914,0,0,0,0,0,0,181327.11,139905.97,98276.13,109518.445,90789.58,-2416.6328,2688.6216,26306.078,3596.7222,11260.746,5395.259,2714.309,0
146091.16,1,1,2,29.718407,-1,-1,-2,-1,-2,-1,7620.3164,-17214.404,51741.33,28416.008,-11776.464,38970.65,16249.885,11027.082,1532.8274,1553.8406,4714.6323,4482.3467,0
137583.84,2,1,2,31.089685,0,0,-2,-1,-2,0,953.21497,-16988.334,35047.758,12266.354,-7784.058,1932.547,3004.5923,8942.488,1387.2751,10503.078,8268.555,4210.7876,0
110655.98,1,2,1,43.39819,0,0,0,0,0,-2,22022.273,-393.99432,77249.19,18144.234,-9592.948,-8866.008,1150.8177,7398.6143,1884.6936,9514.149,9594.7,3859.541,0
51627.77,2,1,2,40.58756,2,0,0,0,0,0,114309.32,62281.137,87152.07,55159.168,1113.4069,-13787.277,-617.95685,9148.677,2159.224,1542.626,6667.8906,2276.0278,0
274353.88,2,2,2,40.439644,-1,0,-2,0,-2,-1,-3382.6287,-12106.018,30241.428,11019.553,-4353.0347,-14264.914,2764.6824,5382.8833,2072.0261,1366.5769,9153.1045,3829.3613,0
141937.45,1,2,1,35.589695,-1,0,-2,-1,0,0,-9728.301,-17674.803,27056.564,4175.6836,-15320.667,3292.461,-658.8826,6910.9507,628.24194,2672.852,9021.58,11494.226,0
125109.99,1,2,2,28.811659,0,0,0,0,-2,-1,203153.8,156460.95,64237.19,32341.281,-3943.3198,-16655.203,6085.2017,4120.5806,2805.867,1412.05,5401.6245,3709.715,0
157015.44,1,1,1,39.022324,0,0,0,0,-2,0,105324.016,36875.902,67818.164,50782.832,8399.319,95652.41,1122.5414,6739.7686,3722.5652,17154.041,5875.5493,15513.9,0
155875.27,2,2,2,33.214542,0,-1,-2,-1,-2,-2,-13512.719,-20685.092,25918.791,6731.0703,-13634.761,1136.6173,6594.433,4765.9746,567.615,-234.85307,9074.236,4655.552,0
28355.926,2,1,1,32.284615,-1,0,-2,-2,-2,-1,-6460.9062,-17734.396,35696.2,8827.0,-2270.5464,7754.426,553.133,6796.1543,1340.6079,570.5998,5027.6743,3451.118,0
159893.02,1,2,2,34.060814,1,0,-2,0,0,-1,-4027.4294,-1004.75214,82914.125,23047.857,-5853.9956,-13242.613,-2325.489,72050.6,2515.6392,1194.186,8101.728,3961.484,0
209982.66,1,1,2,31.643686,-1,-1,-2,-1,0,0,1456.6837,-24194.639,42491.145,18437.574,-10635.312,-11760.223,2893.563,20470.723,2030.3389,1534.7471,8614.845,18821.803,0
174040.34,1,1,2,30.736965,0,0,0,0,0,0,201236.69,178987.98,107951.1,117974.766,181139.92,132495.81,-699.8763,10147.508,3292.979,3981.4883,3287.5059,3644.773,0
125345.0,2,2,2,30.129835,0,0,-2,0,0,0,130090.82,3198.6267,48484.664,63906.785,66035.46,120988.41,91.10172,5676.11,30022.936,2140.9138,5004.7754,3042.521,0
129257.87,2,2,1,29.889511,0,0,0,-2,0,0,-2156.7224,-5089.541,55072.215,6232.797,-5735.761,-2087.332,2399.9907,10612.896,996.5698,6502.2603,5361.2505,3953.119,0
43917.707,2,2,1,35.783047,0,-1,-2,0,0,-1,-9422.348,-8028.5215,52446.44,12277.795,-9813.835,5468.8047,406.92496,27358.238,433.28345,1227.573,4920.597,14442.253,0
169924.47,1,1,2,33.33603,-1,-1,-2,-1,-2,0,-4201.2812,-17661.85,77879.02,26625.473,-11194.753,-561.95306,-670.5267,47339.113,9456.464,10126.156,8753.934,5392.031,0
41656.754,1,5,2,31.804724,-1,-1,-2,-1,-2,-2,-8861.879,-22109.404,33209.652,15627.754,-20140.012,5209.5977,-32.069176,4437.404,86.498764,685.2045,7845.2544,4601.2324,0
83634.914,2,1,2,34.411057,-1,-1,0,-1,-2,-2,-1192.9452,-19427.38,55494.855,21548.89,-14879.515,373.42584,14760.827,5410.9155,1455.4375,1251.5801,6869.4,5516.97,0
210233.73,1,1,2,31.848701,0,-1,0,0,0,2,6790.832,-4251.4004,59356.78,19933.129,-3039.7534,-3343.0898,14833.139,6040.146,2394.689,1245.4688,3253.72,5848.1904,0
255513.52,1,1,1,42.32308,-1,-1,-2,-1,-2,0,3802.6057,-21679.686,37724.168,49066.54,-9072.022,1430.797,4858.1255,11045.845,25011.037,3441.9265,2345.8384,13919.225,0
34178.73,1,2,1,42.86515,0,0,0,0,0,2,19337.225,7156.701,67757.28,12693.254,1270.5397,-10357.148,216.2648,8282.763,2109.2937,1120.9585,3410.9214,2320.0403,0
99860.695,2,2,2,38.38162,0,0,0,0,0,0,245913.23,172401.48,89282.51,85155.8,69372.94,88353.15,71983.055,33698.39,4863.9795,7244.502,2357.409,9440.162,0
136529.66,1,1,1,36.742493,-1,-1,-2,-1,-2,-2,-4753.879,-16182.967,77089.23,6093.242,-14992.12,-6844.4805,-581.3348,47012.742,1161.5576,1451.8059,8714.449,4895.312,0
138422.36,1,1,2,30.434122,-1,-1,-2,-1,-2,-2,-8037.883,-25354.982,25193.584,11365.977,-17026.656,-3247.5195,-1269.203,4297.692,543.34595,587.49384,9017.665,12863.836,0
149049.83,2,2,2,33.661064,-1,0,-2,-1,-2,-2,-7159.328,-28800.271,32675.752,17231.113,-14337.339,17023.525,15545.32,9197.544,4.4440784,11081.714,4974.5366,12554.352,0
148151.67,2,1,2,42.79901,-1,-1,-2,0,0,-2,-9193.98,-15757.486,31618.42,-2123.8284,-10871.698,-6091.1797,7114.397,7901.3887,1453.751,525.9328,9840.821,4135.174,0
153727.22,1,1,1,43.8969,-1,-1,0,0,-2,0,749.3751,-9767.572,37665.945,6968.6875,-9722.737,-13555.02,475.75308,6560.6274,1620.0144,1875.7864,6605.6753,4026.3708,0
152915.88,2,1,2,30.007057,2,-1,-2,-1,-2,0,-11356.82,-17713.639,28220.139,7862.797,-12940.28,-1710.9569,-1110.8558,5075.5474,769.2915,817.11566,8999.148,4077.9153,0
61621.582,2,2,1,37.909515,0,0,0,0,0,2,73686.06,38815.74,86082.33,51151.367,92683.71,-15399.848,2319.679,19906.984,2234.1233,2652.825,6574.512,21176.219,0
205904.4,2,1,2,31.309317,0,0,0,-2,0,0,6973.465,-10157.275,58247.582,22360.979,-928.27673,-1387.2538,1930.0411,8671.137,1899.9072,1541.956,8434.432,3041.9692,0
109071.75,2,2,1,43.156673,-1,2,0,2,2,2,124814.69,78843.484,75836.95,75851.6,159780.53,117512.695,-1539.329,13275.732,1142.3835,4331.2656,7364.8345,7719.7705,0
64113.316,2,1,1,37.24269,-1,2,0,2,0,0,-4526.0977,-27634.857,42049.766,14891.836,-13091.386,3717.1719,444.60367,7025.7563,-219.0608,994.1154,9307.566,14927.303,0
28234.848,2,2,1,43.3101,2,2,5,-1,-1,2,24915.06,-2340.1155,76288.18,28417.541,17571.229,47344.785,1914.4633,10161.978,1111.7678,742.5197,8248.503,3280.8342,0
213024.2,2,1,2,30.822453,-1,-1,-2,-1,-2,-1,4498.328,-15840.436,72986.47,55137.395,-10758.37,111879.836,619.2414,31600.576,25605.19,5175.504,8275.856,12517.853,0
129886.33,2,2,1,42.704563,-1,-1,-2,-1,-2,-1,34809.21,-10728.15,51196.008,10126.805,-12375.894,18673.988,203.6437,19901.75,617.27856,8296.047,3329.0403,5044.0884,0
200708.67,1,2,2,33.2601,0,0,-2,0,-1,0,183267.69,99188.555,55029.38,54679.605,96833.91,112694.62,3662.7795,6607.2153,1029.2864,-2915.2158,4599.2153,12449.512,0
120552.46,1,2,2,28.521448,0,0,0,2,2,2,7919.9297,-9489.635,73867.75,37826.82,3825.2114,3367.6055,5048.862,11722.078,1298.6301,8806.088,6017.9697,5379.5225,0
227117.45,1,1,2,29.561522,0,-1,-2,0,-2,-1,-5475.1445,-5921.967,30828.309,19153.018,-5763.1245,-13215.809,-956.5057,7638.224,2600.938,1373.6506,9124.46,4076.5037,0
147113.11,2,1,2,31.273209,0,0,0,0,-2,0,6996.332,-24103.6,63458.418,33840.38,53707.395,112146.836,4466.619,5962.4927,96.061264,16850.041,3394.0046,8444.704,0
112548.29,2,2,2,30.450764,-1,0,0,0,0,0,182404.95,145254.19,87293.5,108161.91,115858.055,11651.146,1881.3759,10015.597,2167.3718,1463.8989,6108.2705,4281.868,0
130727.36,2,2,2,33.20965,-1,-1,-2,-1,0,-1,-4694.5117,-25742.115,41513.684,18730.31,-17085.945,39462.383,9307.77,15003.239,322.68286,2704.8022,4541.7773,14237.973,0
135513.55,1,1,2,42.81349,2,2,0,-2,2,2,-3968.6443,-17423.693,24371.564,15236.521,-8020.859,-16971.805,-1501.9017,4473.6997,2095.9517,1523.481,9052.663,4836.336,0
34602.496,2,2,1,31.065338,0,0,0,0,2,2,12616.352,-3237.4045,78859.61,31845.88,14349.517,43012.168,1228.8204,17209.883,1148.0132,783.5922,4698.7954,2859.2192,0
107117.23,1,2,1,38.524338,0,0,0,0,0,0,37467.125,167502.2,85083.516,122855.84,64363.816,122696.31,61300.97,16836.633,4746.517,5792.5493,888.07336,8221.86,0
176723.31,1,1,2,35.786827,0,0,-2,-1,-2,0,-4288.4688,-32996.523,30746.994,34573.355,99430.68,119596.695,862.4533,5245.9673,-390.44116,16829.344,6730.449,4998.082,0
118795.43,2,2,1,34.676586,0,0,0,-1,-2,-1,12036.758,92089.48,60947.66,33029.277,-10164.839,-4960.246,18467.596,7096.1216,2019.04,1672.2351,5497.0117,6101.5283,0
108391.47,2,2,2,28.43009,-1,0,-2,-2,-2,-2,-4372.3086,-16986.115,28504.178,3579.2341,-7848.7456,-9082.508,2262.484,26472.568,1610.5364,434.28265,8462.833,22790.146,0
39011.426,2,2,1,42.77654,0,0,0,0,-2,-2,1221.0392,-6808.9863,62944.645,6114.1484,-6334.679,-9268.57,427.64322,6544.6396,1492.4387,763.47797,8247.435,3705.4846,0
199019.52,1,1,1,37.821194,-1,-1,0,0,-2,0,-3400.5857,-28856.053,33091.055,27771.74,18905.871,96058.04,82.35026,4408.816,240.74974,16659.244,6574.551,4133.7905,0
154108.84,1,2,2,39.218624,0,0,-2,0,0,2,-9324.852,-22316.225,31728.033,11235.953,-4649.1167,37067.15,-681.82404,7492.645,1092.2681,12947.97,8792.573,4375.971,0
128669.35,1,2,2,35.03128,-1,-1,-2,-1,-2,0,-5144.633,-27426.053,48815.953,19562.707,-15296.827,-495.05072,7853.5625,20108.174,1276.3196,1039.8342,7437.5684,14020.323,0
40383.496,2,5,2,42.31779,0,0,0,0,0,0,2054.0667,2473.4119,61344.02,18991.832,-1693.2963,-10336.164,-710.7933,6272.6006,2204.0088,1760.3247,8462.246,2927.606,0
130367.13,1,1,1,35.119644,-1,0,-2,-2,-2,-2,3954.1995,-15741.521,59351.24,5841.0195,-4995.308,651.18365,16085.165,27771.932,2733.8315,1371.7156,3587.7998,15230.442,0
27211.73,1,2,2,30.07275,-1,2,0,-1,-2,-2,-10095.09,-30481.78,26311.576,14074.57,-16144.089,-4415.586,-623.4056,4892.9243,195.03197,-205.98003,8192.667,4653.231,0
166507.19,1,1,2,36.25384,-1,-1,-2,-1,0,0,-12098.617,-25370.225,30667.627,33071.95,23771.357,114501.79,-949.0838,3846.675,16451.62,11436.31,7784.044,5358.4053,0
153066.9,2,1,2,41.810966,-1,-1,-2,-1,-2,-1,3249.262,-20052.818,68522.81,15123.154,-7207.4175,11140.836,15337.967,29806.207,3814.627,1075.3,2749.3142,3304.5337,0
117926.98,2,2,1,32.797657,0,0,0,0,0,0,-2828.2107,-4403.795,65029.633,19744.818,1467.6647,36748.965,10297.039,15705.456,2861.4707,9095.431,3067.5308,14574.379,0
116910.57,2,2,1,29.314514,0,0,0,0,0,0,189539.3,162611.8,82613.46,46417.72,53698.523,80368.734,7022.618,10157.571,1703.7493,1927.3904,5093.6455,15982.974,0
121815.18,2,2,1,40.429054,-1,0,0,0,0,0,81488.375,26407.232,93671.27,97183.45,127324.45,102310.336,7726.003,38210.152,2885.2175,2934.313,4723.81,2800.907,0
152647.12,2,2,2,30.547277,0,0,0,0,-2,-1,11110.434,-7800.0566,71882.234,16892.664,-2053.6323,-16225.066,125.56803,8005.073,2061.6436,1162.5564,8716.081,15732.399,0
61201.934,2,2,2,43.53179,0,0,-2,0,-2,-2,67184.97,13503.463,35397.934,3940.3162,-4068.5464,-15602.086,-984.9622,13037.614,1792.2573,210.99898,8777.091,3159.603,0
40075.59,2,2,2,43.395954,0,0,-2,0,0,2,1984.7931,-10585.389,29964.68,5798.9805,-4242.105,-12760.633,741.2331,24422.457,2077.807,-58.492725,7064.4917,2949.363,0
114094.14,2,2,1,41.321964,0,0,0,0,2,2,180491.16,141280.1,91435.47,120129.45,155848.75,138191.95,2138.9756,11678.513,3290.2715,2828.6877,5551.914,2426.924,0
159559.73,2,1,2,36.190113,-1,-1,0,0,0,0,-4300.3125,-2218.8381,41530.777,6372.926,-8462.487,-8485.348,-926.44464,17712.078,1297.2437,1309.4719,9504.192,11314.402,0
121653.23,2,1,2,31.381813,0,0,0,0,0,0,215314.1,195609.12,103028.35,84795.06,155135.06,114022.47,9094.857,15280.839,4580.8057,11372.14,508.23206,2761.499,0
115641.96,1,4,2,28.17712,0,0,0,0,0,0,199521.48,166303.8,96733.78,105943.9,119895.32,103524.7,2028.6693,12571.199,2770.1267,3033.7495,5041.9688,2348.847,0
58420.074,2,2,2,30.230698,0,0,0,2,2,2,8729.414,-11389.033,72280.46,39898.58,10387.433,65137.863,3106.1414,5528.285,1736.1711,774.059,3079.5972,3649.1736,0
166810.19,2,2,1,37.42128,-1,0,-2,-2,-2,-2,50533.45,-2287.9983,41432.547,8680.004,-11473.515,508.74615,17946.865,8310.99,1582.2576,1744.27,7097.636,3510.8071,0
139399.88,2,2,2,34.576233,-1,0,-2,-2,-2,-2,-3591.445,-9121.83,34069.59,4542.7773,-8997.296,123998.625,-680.6287,8983.23,596.2412,478.8598,11278.757,7944.8545,0
226109.92,1,1,2,32.464046,-1,0,-2,0,-2,-1,8836.32,-17123.568,35487.9,20773.129,-5006.136,-17390.098,4735.3877,11502.317,2619.215,1815.3259,5199.273,4237.5396,0
70764.72,1,2,1,30.447111,-1,-1,0,-1,2,2,-5254.8906,-24797.178,34142.6,18038.162,-19330.96,-3203.2617,-699.1668,5443.9946,-206.8196,320.33783,7006.2573,4949.9824,0
48418.098,2,1,2,29.894922,-1,-1,-2,-1,-2,-1,-1061.1874,-23504.373,54913.81,27767.56,-14627.101,28033.904,6649.3496,20618.56,4247.3013,7522.17,3192.3655,11983.742,0
209349.0,2,1,1,41.73634,0,0,0,0,0,2,10540.875,22648.057,53245.31,2430.5193,135.65295,-12902.859,167.52457,9196.46,2274.364,-408.0733,3592.651,2530.1956,0
94817.87,2,1,1,42.509716,-1,0,0,-2,-2,-2,-491.5936,-8644.549,35585.395,6087.16,-8770.401,-12933.559,544.31464,6270.0356,1273.0417,1048.3257,7945.7925,3954.1677,0
125541.98,2,2,1,34.676067,-1,2,0,0,0,0,159369.77,141194.22,81125.02,86007.71,140556.39,143248.02,4233.0723,4023.8162,1281.1333,1390.1514,5081.585,3307.0571,0
45438.48,2,2,2,30.357899,-1,0,-2,-1,-2,-2,-14108.652,-27893.506,28725.5,3247.7263,-8613.995,3533.543,-363.9271,7139.2573,1267.8745,-138.148,9359.373,4088.23,0
110942.71,1,2,2,27.544243,0,0,0,0,0,0,54393.06,54160.637,111845.8,23639.176,192818.44,160951.94,-6765.9023,73636.766,4406.669,7291.9126,856.71936,5849.953,0
175516.08,2,2,2,36.842903,-1,0,-2,-1,-2,-1,-8644.883,-11193.443,45941.516,5591.3438,-8051.8315,-5668.7305,-1416.2557,24820.469,2090.2463,9613.255,9322.279,5472.2227,0
130849.766,2,1,1,38.20872,-1,0,-2,0,0,0,-1146.0155,-10706.818,36026.7,2884.527,-11082.101,-9007.91,2661.7673,11157.887,1358.4895,1066.0249,9170.143,10141.675,0
168440.64,2,1,2,28.36344,0,0,0,0,0,0,91030.87,34413.344,83535.06,8057.8164,42127.45,-20122.117,1926.63,15213.994,2731.5063,1735.8672,1943.1803,28936.459,0
141492.05,2,2,1,30.372923,0,0,0,0,0,0,31961.697,38757.76,65666.625,63860.957,83663.84,18038.863,1363.8119,5378.183,27129.016,3169.8691,7005.1055,4984.019,0
156399.81,1,2,1,30.035166,-1,-1,-2,0,0,0,8046.2617,4429.4746,102778.47,73279.45,178703.4,141002.98,261.5231,73856.76,3142.138,2028.8015,4478.239,5548.0107,0
119380.73,2,1,1,36.25524,0,0,0,0,0,0,100522.62,85845.59,89560.66,85572.52,122541.93,-4525.0117,12038.613,16070.263,2251.735,7481.031,4052.654,14320.211,0
254406.94,2,1,1,32.724335,-1,2,-2,0,-2,-1,-5279.9727,-22306.654,25186.348,10245.691,-9844.433,-9393.0,-888.95685,7263.065,1565.8738,664.10004,9465.342,4045.142,0
57881.31,2,2,1,41.68975,-1,2,0,-1,-2,-1,-1339.2811,-18950.209,35538.25,12536.861,-14856.44,-3508.7148,516.6413,6266.6587,991.36084,494.81976,3872.0981,5166.914,0
146222.6,2,1,2,28.830503,0,0,0,-1,0,0,30091.838,-1555.6388,64144.15,109036.53,128896.72,123910.086,-1888.0858,5604.4507,38320.2,1342.6697,4830.346,3905.718,0
42023.684,1,2,2,34.281425,2,2,0,0,0,-1,14296.586,-5465.8535,76442.47,17528.373,-2466.8042,-1204.4569,-1321.9745,5883.3594,1237.677,1449.1372,3472.459,3478.1338,0
148169.2,2,2,2,29.485865,0,0,0,0,0,0,140038.83,93342.625,84422.875,63941.652,125663.12,157472.61,6970.664,15193.631,1472.9092,11621.942,2701.4124,15029.26,0
41183.645,2,2,2,30.060934,-1,-1,0,-1,0,0,-9186.34,-24855.873,34976.74,17352.531,-21801.184,5801.5938,5285.077,5239.095,-506.1101,281.83978,7603.279,9698.147,0
22267.98,1,1,1,43.063473,0,0,0,0,-2,-1,32605.703,3180.9119,50186.41,12201.693,1449.024,-23180.992,-546.909,5331.3555,2293.9756,645.873,2082.8608,2792.0305,0
154376.47,2,1,1,39.36822,-1,2,-2,-1,-2,0,-4479.6836,-18569.318,31093.352,8960.656,-16059.374,205.3399,44.10856,11950.223,714.2366,9123.541,8688.221,12759.533,0
145194.78,2,1,2,41.85727,-1,-1,-2,-1,-2,2,-2986.7693,-29401.85,38807.566,22792.93,-10433.608,5143.0273,12831.243,10279.232,2060.8596,10989.274,6951.477,4931.723,0
138684.62,1,2,1,31.483654,-1,2,0,0,0,0,188750.75,171279.66,80921.1,37775.03,-8338.823,3130.7773,10427.503,12318.566,1931.6589,1538.988,5801.8833,4558.1914,0
63457.715,1,2,1,41.867653,0,0,-2,-1,-2,0,-2559.9177,-7317.838,34977.92,15733.982,-9153.183,-4735.035,1302.0641,8769.476,10430.796,1811.4741,3392.3704,11054.802,0
190695.84,1,1,1,43.310074,-1,0,-2,0,-2,-2,2153.555,-15181.51,33224.45,8509.434,-2427.98,-19372.379,9537.411,6108.661,2660.5945,1970.5732,8636.5625,3883.1436,0
28518.16,2,1,2,42.33002,0,0,0,0,2,0,2673.262,-3030.6077,46249.85,21919.047,-283.4994,-8249.141,-943.41534,7194.8896,2088.2646,1153.1904,7072.355,2709.8145,0
28825.785,1,2,2,42.516685,0,0,0,-2,2,2,2132.5706,-10986.061,35450.617,22205.404,-3063.7495,-17678.828,-2126.8435,7486.1597,1977.5093,1397.0784,6624.372,4626.1094,0
118219.49,2,1,2,29.01145,0,0,0,0,0,0,11144.449,97565.95,77673.734,35690.113,2064.1567,7118.4414,19736.67,8408.306,2604.353,2582.3147,6094.4683,3642.575,0
140334.77,2,2,1,39.69885,0,-1,-2,-1,-2,0,-8570.9375,-15192.779,39730.844,12100.811,-14377.894,6417.6445,8817.607,9790.179,1398.8899,7299.748,7626.1436,5631.819,0
138106.64,2,1,2,33.32785,-1,-1,-2,-1,0,-1,-5260.1953,-26100.42,37553.035,15088.307,-17107.238,513.4805,11983.951,14619.933,1304.8884,822.58514,8272.301,4754.5625,0
124416.45,1,1,2,27.279526,0,0,0,0,-2,2,7632.6367,5685.7754,47962.984,20410.855,-2046.5931,-19392.621,-2127.3083,8974.32,2343.9968,1691.793,7740.633,3611.3562,0
67734.73,2,1,2,42.882423,-1,0,0,0,0,0,98155.41,60009.76,85291.74,11019.371,-2935.6987,-11109.512,3108.3796,17650.852,2002.8948,2378.9502,6513.766,2887.0632,0
73774.78,2,1,1,43.070137,0,0,0,0,0,0,149177.97,95557.19,88730.53,69742.055,45584.64,58565.44,904.97235,9655.514,2137.9387,2437.5103,6213.248,2196.0454,0
103675.61,1,2,1,39.22981,-1,-1,-2,-1,-2,-2,2327.1565,-38855.29,37742.91,42204.527,-4345.3276,32590.006,13191.707,5397.359,724.5,15542.429,5250.1714,6648.2056,0
47449.676,2,1,2,27.657854,0,0,0,0,-2,-1,43467.863,25843.41,82522.586,56113.484,-3191.8745,64726.45,1923.2543,6743.768,2307.2754,2472.608,7169.7656,3131.7268,0
135669.45,2,2,1,40.30545,0,0,0,0,0,2,6386.996,-1490.7599,76010.516,11425.463,-767.59705,8036.1855,2899.9878,7558.3804,1236.4412,9790.916,8750.043,8695.341,0
116499.016,2,1,1,39.430683,-1,2,0,-1,0,-1,-2156.0466,-17841.6,33688.773,8688.852,-18657.25,-5425.293,723.4797,6629.0737,518.70825,956.7878,8594.525,4080.234,0
70590.64,1,2,1,30.413969,-1,2,0,0,0,0,38230.242,24166.65,70114.734,31775.443,16007.472,44571.223,2373.009,5385.823,378.1018,1112.5376,7882.203,3807.3484,0
36725.723,1,1,2,29.94518,-1,0,-2,0,0,0,-3934.828,-7691.459,31600.938,8336.512,-4920.054,-1287.203,-955.1204,21236.436,1881.5496,694.2836,7103.899,3585.48,0
138720.36,2,1,1,36.128666,-1,-1,-2,-1,0,0,-6364.961,-12899.576,35907.4,6747.4844,-15159.624,23649.217,562.7546,6881.0234,1432.2959,5889.761,5021.8955,4844.7593,0
59213.145,2,2,1,34.760258,-1,0,0,2,2,2,2012.7775,-20345.35,68026.414,31262.414,-3424.1714,3726.6523,-712.47003,9131.067,809.3728,1276.344,8060.941,4797.2803,0
152547.36,1,2,2,31.728115,-1,2,-2,-1,-2,0,-4410.9453,-26412.31,29696.42,7333.09,-13497.937,-4377.078,-391.29477,7637.9683,807.25366,2159.5957,6866.274,5269.838,0
68373.016,2,2,2,28.627605,0,0,0,0,0,0,150122.33,44633.277,85484.4,42753.965,41429.742,44450.836,-1245.7069,38522.906,2282.882,2732.3938,6118.119,2345.096,0
133634.25,2,1,2,31.561934,0,0,0,0,0,0,34705.832,11508.904,76646.82,30233.475,5600.7114,16914.11,629.78925,6063.5835,1295.657,10528.72,3776.7266,11795.996,0
228898.64,2,1,2,33.442726,-1,-1,0,0,-2,-1,4339.66,-4476.6895,41194.438,14206.494,-4995.523,-11448.695,1954.8673,10724.178,1946.2815,1197.4717,3909.5225,3954.659,0
152310.22,1,1,1,42.27949,-1,0,-2,0,-2,-2,714.8478,-427.57635,83545.98,-70.961174,-2947.9292,-9859.336,-166.17612,46174.875,2634.1506,2813.9,3913.4202,3885.362,0
225548.58,2,1,2,34.437157,-1,0,0,0,0,-1,7293.5234,5972.6816,45309.426,13089.162,-3639.0034,-17625.008,-785.1429,10139.872,2061.3335,1461.8477,7917.591,3043.613,0
143701.16,2,1,1,39.628464,-1,-1,-2,-1,-2,-2,6357.3945,-37321.297,44590.004,39479.44,5925.4185,26785.383,13799.554,22226.475,228.63109,16366.652,3050.4546,17799.38,0
50498.45,2,2,2,35.43827,0,-1,0,0,0,-2,-10366.195,-2510.6975,45239.992,9315.555,-13254.929,1853.1564,-411.62973,4915.4204,914.65063,808.38055,8495.28,4659.913,0
187223.48,1,1,1,40.769768,-1,-1,-2,0,0,-1,5016.008,-10867.768,78507.39,39149.445,11947.017,-14198.738,1295.5282,37587.914,1950.1475,2293.8882,7170.0205,15792.815,0
236644.3,1,2,1,41.80554,-1,-1,-2,-1,-2,-1,4735.2617,-21062.537,46840.707,19337.371,-10449.812,14425.24,12359.303,15894.184,1663.147,7427.3784,2576.9712,12528.293,0
106247.91,1,2,2,30.172762,0,0,0,0,-2,0,18708.66,146482.69,77077.62,83005.78,-18317.426,14270.426,37711.605,20791.926,4670.741,2951.2344,2328.5305,8813.314,0
41403.004,2,2,1,38.11746,2,2,0,-1,-2,-2,-7172.5195,-20012.154,30074.576,9889.344,-14546.085,-6413.6523,-363.8807,5751.3296,407.19263,84.84566,8147.4404,4236.295,0
159324.98,2,1,1,43.48462,-1,-1,0,2,2,2,-3465.7615,-22773.06,29427.402,14298.314,-12835.163,-13609.707,-1297.1014,6380.0747,1051.8279,961.46576,9033.368,4831.5684,0
144338.14,1,2,1,35.0465,0,0,-2,-2,-2,-2,164165.03,10321.529,37974.965,4180.504,-4739.781,-14425.02,-570.0662,6039.9307,1925.4868,234.7231,8981.181,3055.4421,0
215024.4,1,1,1,39.37403,1,2,0,0,0,0,201592.25,193871.4,102389.02,89581.28,191971.22,156617.52,-3633.1882,16728.65,3904.1853,2342.8752,2679.2722,6387.9453,0
218162.75,1,2,2,29.308985,-1,-1,0,0,-2,-1,-7025.125,-20200.678,31345.617,18733.021,-11671.999,-8541.605,-783.2469,4716.963,1332.1685,552.46796,8573.605,4752.443,0
60109.066,2,2,2,29.032845,2,-1,0,2,0,0,15077.422,-6936.9707,71083.03,37654.477,11627.997,61644.707,-1770.453,6729.0015,-213.2361,1039.5342,7124.2905,3729.9448,0
130244.586,2,2,1,35.952717,0,0,0,0,-2,0,5691.8555,-3366.4944,76776.14,20953.414,-3335.4526,5436.7812,9662.414,15995.816,2965.0457,10745.767,2433.6978,8568.484,0
94466.625,2,1,1,32.12573,-1,-1,-2,-1,-2,0,13316.289,24434.55,70878.7,35954.145,-16968.16,26695.139,20112.436,36050.316,2541.8577,1358.4631,3365.925,7635.7397,0
150500.69,1,1,2,31.867716,-1,-1,-2,-1,-2,0,-5012.914,-29865.951,27400.822,20357.375,-14988.241,347.35553,-1547.0228,4275.411,65.3181,10748.043,8703.749,15213.694,0
42115.066,1,2,2,28.365988,-1,0,0,0,2,0,5246.2656,-14841.861,75700.41,35011.016,-3739.9292,1020.0821,-804.6873,7905.022,1710.3289,982.86005,7733.373,4348.3457,0
123610.945,1,1,1,29.095448,0,0,0,0,0,0,201174.77,169245.94,97777.41,118853.4,158540.1,154308.48,8490.617,32032.586,2800.0464,12781.463,1229.8007,8615.061,0
169439.02,2,2,2,43.76271,-1,-1,-2,2,-2,0,-10692.73,-18581.951,27393.055,8500.723,-10773.499,-8927.426,-1043.4379,6448.7256,1131.9639,745.9711,9291.062,4788.5327,0
104083.87,1,1,1,30.251589,0,0,0,0,0,0,216214.47,204700.02,97900.84,132560.0,132304.0,134708.02,3525.8513,14394.655,3816.7415,3957.251,2537.0957,2062.0278,0
250384.81,2,1,2,36.106583,-1,-1,-2,-1,0,-1,-919.5077,-13141.861,34553.85,8672.547,-11598.116,54270.438,633.01825,9975.835,1314.7849,819.6823,5511.4756,3678.1206,0
43403.66,2,1,2,29.469978,-1,0,0,0,-2,-1,502.14078,-14805.986,56140.33,33175.605,-6719.7104,-2562.3672,-1277.5638,11139.05,2314.47,11121.213,5829.7305,5440.061,0
114087.95,2,2,2,28.994438,2,2,0,2,2,2,126028.99,90421.59,73125.1,75396.17,140813.81,119926.69,111.59879,3745.9314,1306.258,1202.8455,6223.3125,4405.0723,0
70804.84,1,2,1,35.310127,0,0,0,-2,-2,-2,1722.7657,-7547.0566,43406.105,10624.6,-7118.781,-8821.43,-125.11996,19269.781,2179.5476,5720.5757,7470.0737,4780.4775,0
207621.33,1,2,2,33.74314,0,0,0,0,0,0,4398.828,18503.715,50422.754,5913.328,304.4889,-19335.035,669.49384,8197.186,2603.4558,1270.6531,3972.727,2719.174,0
27827.41,1,1,2,42.538986,2,2,0,0,0,2,6372.6797,-13068.658,61438.184,25121.768,-1871.6244,-499.87103,-2156.1501,5739.132,2144.2156,2118.552,6699.855,3822.8328,0
129114.44,1,2,1,40.576527,0,0,0,0,0,0,186265.94,149374.9,91393.055,108849.13,41697.117,141462.39,2371.821,10185.604,2542.3484,10755.984,4576.845,9357.185,0
136218.8,2,1,1,32.706543,-1,-1,-2,-1,-2,-2,-13452.953,-24276.084,24550.43,7628.199,-17897.574,3966.9844,-1052.4052,4494.6943,-53.628674,-3.6973143,9399.497,4621.4883,0
134457.31,2,2,1,27.746473,0,0,0,0,0,0,210468.78,200605.03,114543.664,10269.998,155465.48,199164.36,9548.041,22367.98,9652.405,8275.958,576.89685,15352.284,0
24715.293,1,1,1,43.366177,2,2,0,-2,2,2,2132.262,-27040.17,61590.2,28080.273,-2463.183,18907.004,25.80436,6671.424,1261.8523,786.0439,7366.997,4405.5386,0
121491.5,1,1,2,39.78477,-1,0,0,0,0,0,3221.7698,1568.2284,46539.83,10004.145,-4113.6206,-10515.836,759.70087,10224.924,2177.957,6799.3354,6077.2266,9545.719,0
138285.66,2,1,1,37.263264,-1,0,-2,-2,-2,-2,-4295.0703,-19108.482,31313.883,2357.9646,-10061.276,-4928.293,8351.334,21201.387,2226.3064,1219.7441,7545.8413,12174.404,0
117892.43,2,2,2,28.791756,0,0,0,-1,-2,-2,-6945.5195,-17695.6,55505.887,10478.471,-13519.847,-6697.375,39.899086,6283.6577,219.17601,873.33734,8366.334,14319.907,0
174163.02,2,2,1,41.990555,-1,0,-2,-1,-2,-1,-3536.4841,-29170.436,37828.01,15005.98,-3190.5972,13768.4,13889.771,14239.759,1243.3696,13167.561,3168.0906,7613.9014,0
159212.48,2,1,2,32.046906,-1,-1,-2,0,0,0,-4699.168,-5379.377,81178.29,40885.27,73266.96,-6886.582,-1153.0731,44321.156,1391.6738,1661.3062,8825.577,8326.577,0
60517.176,2,2,2,30.704182,0,-1,-2,0,0,0,-9604.148,-10159.967,70772.88,21450.756,-2236.4878,19895.31,10430.82,34037.367,1738.4216,1296.9199,7755.297,4412.4795,0
125070.62,1,1,1,37.55121,2,2,0,0,0,0,220441.83,198514.75,116088.69,27310.156,148053.48,194191.88,-9393.751,24564.598,5295.052,9941.102,10869.932,8997.332,0
65680.57,1,2,2,33.2551,-1,2,0,0,0,0,-6868.078,-28818.553,62672.41,33562.96,558.9147,80404.56,-1509.5482,5159.834,136.53148,13810.143,4957.107,4230.5996,0
119283.92,2,2,1,32.565235,0,0,0,0,0,0,1431.3634,1120.8885,76731.2,45803.42,1145.5631,131187.69,15452.564,16537.434,2577.8948,11554.225,9748.782,6077.8213,0
87745.56,2,2,2,31.69002,0,0,0,-1,0,0,47763.67,32755.658,78435.96,46293.176,-2507.148,30261.65,-399.6019,5026.3037,25491.006,1603.0322,7088.9546,4491.2803,0
189839.33,1,1,2,30.861609,0,0,0,0,0,-1,21526.238,10524.486,78457.305,39032.312,2640.4888,-20017.848,9092.286,26539.094,3127.0955,1378.0769,6326.0566,3627.2126,0
106401.51,2,2,1,33.815147,0,0,0,0,0,0,202587.47,188441.97,96400.82,72429.164,54988.04,8406.051,3823.7114,21463.943,4651.3413,4773.7705,4562.4585,5894.219,0
187360.7,2,2,1,33.27588,0,0,0,0,0,0,205988.88,204886.23,105405.85,46477.88,183653.62,179021.9,4494.752,14375.125,3800.9734,4540.655,2494.0925,6275.9956,0
65344.254,2,1,2,43.367165,-1,0,-2,-2,-2,-2,-7336.66,-10894.807,27184.832,5285.5312,-6461.281,-11686.926,-1192.5253,4854.3677,1702.938,775.94354,9388.726,3943.9194,0
159640.45,2,1,2,32.90812,0,-1,-2,-1,0,-1,-8406.434,-22316.404,29932.895,14109.057,-14647.749,4509.4062,5500.6973,9170.55,944.37646,8579.039,8402.495,13779.267,0
114092.03,2,2,2,28.401043,0,0,0,0,0,0,215378.36,202764.88,102083.28,128523.95,105711.03,172493.44,14368.309,28683.934,5970.062,8077.34,1713.6693,15494.359,0
225626.58,1,1,2,29.834782,0,-1,-2,0,-2,-1,-371.30844,-11058.803,45662.484,28001.7,-2208.8315,20469.992,10200.722,18796.74,11375.489,9437.79,2244.8416,4604.305,0
88760.086,1,2,1,43.62244,0,0,0,-2,0,0,103205.82,59192.562,85400.64,59919.145,113820.9,106249.03,5247.0283,9450.747,1971.5454,2484.049,1926.2286,3051.1414,0
145157.05,2,2,1,37.651093,-1,2,0,0,2,2,274.0392,-19874.693,69787.2,26006.887,4360.485,44642.492,-759.53204,9227.954,1266.0388,535.2917,5194.93,3941.4932,0
100258.96,2,1,2,31.057093,2,2,0,-1,0,-2,-9203.645,-17593.63,30049.896,8041.7734,-13535.776,-7220.832,-613.8245,4831.473,883.3496,390.71112,8824.183,4056.7275,0
96486.44,2,1,1,27.977736,0,0,0,-2,2,0,160227.61,121167.28,84463.69,106921.13,155135.14,131549.2,7012.975,7234.521,2189.5176,1411.5576,2742.9607,3141.6506,0
47539.69,1,1,2,28.013542,0,0,0,0,0,0,178682.62,26272.09,89056.15,42356.438,10673.573,11884.59,3233.357,6307.357,2169.6067,2181.8015,6760.794,2227.955,0
67742.16,2,2,2,29.836231,0,0,0,-1,0,0,-3799.242,-11921.424,47190.125,12791.305,-10513.022,-3624.9922,4366.457,6149.8228,2938.5393,1189.1809,7428.41,4493.6816,0
171049.6,2,1,1,43.058887,-1,0,-2,-1,-2,-1,-10580.8125,-26412.014,25114.957,14770.951,7675.024,3249.3281,-1510.7235,3789.3777,475.30054,15106.475,8692.0625,4530.299,0
73772.4,2,2,2,28.619974,2,2,0,0,0,2,-1825.0038,-17955.623,70070.05,28973.57,1789.0436,15910.049,-1636.1469,6047.492,993.95557,2104.8892,8297.086,4181.469,0
53293.324,2,1,1,43.070236,2,2,0,-2,0,0,36305.977,-1024.7482,60921.953,11897.43,-8517.897,-12202.582,-112.73617,10452.635,968.7434,983.10516,8599.614,3680.0132,0
260048.95,1,1,2,39.159325,-1,0,-2,0,-2,0,-242.50375,3586.361,35784.547,9995.648,-2315.562,-12530.918,-1716.8011,6206.184,2355.8186,8136.764,8849.786,3834.3867,0
130794.49,1,2,2,29.876152,0,0,0,0,0,2,838.21497,-10648.045,76263.9,38769.64,-1381.6088,2824.2422,14653.573,14494.933,3452.919,1750.9778,7831.7954,12232.8955,0
162731.31,1,1,1,42.727943,0,-1,0,0,0,-1,4023.8088,1722.7206,44761.797,16615.506,-3729.398,-11353.684,6011.918,9177.179,2936.4138,5688.5117,4057.8633,6284.348,0
51135.31,1,2,1,34.72979,-1,0,-2,0,0,0,36663.25,8850.803,80629.24,13006.123,-2099.6167,13044.527,-1111.7943,42519.066,1754.6584,1475.7566,8821.08,2887.487,0
103847.64,2,2,1,30.271448,-1,-1,0,0,0,0,17765.281,112758.6,72697.13,104085.62,36869.766,134743.6,33015.945,19768.557,3066.497,2515.868,2680.4067,6585.044,0
181154.36,2,1,2,33.63292,-1,-1,-2,-1,0,0,-3989.324,-30902.271,61414.863,48126.965,27926.04,66865.74,9448.887,26706.455,27261.992,12770.326,2700.9963,13803.405,0
36436.066,1,2,2,31.64957,-1,-1,0,0,0,0,-7088.199,-22059.217,62025.855,25738.846,-8097.9683,4957.3633,-1358.3339,3908.3062,680.56616,932.55145,7807.6387,4000.2961,0
59569.715,2,1,1,35.430847,-1,-1,-2,-2,-2,-1,42173.645,-11519.381,38520.707,13362.154,-11578.589,67593.125,-310.26254,6463.4507,372.4602,786.8298,6420.3706,4207.3896,0
142629.73,2,2,2,36.665092,0,0,0,0,-2,-2,35917.824,20296.723,79947.53,7418.0312,-6229.2847,-12791.445,2468.5127,12439.251,2442.6238,676.50433,8446.138,3159.9326,0
261800.0,1,1,1,43.77171,-1,0,-2,0,-2,-2,4305.078,-17986.506,33008.793,8936.324,-742.6322,4640.215,13590.93,12544.615,2766.806,10041.704,2861.3713,9545.477,0
124599.34,1,1,1,38.769123,-1,-1,-2,-1,-2,0,762.7892,-29369.521,39022.9,27446.99,-16086.628,4622.8555,13836.337,5517.6104,907.45703,9220.81,5450.163,9004.94,0
149346.98,2,1,2,30.453588,-1,0,-2,-2,-2,-2,-9407.539,-19275.787,28298.857,564.87866,-7178.5034,34723.164,497.62173,10462.187,678.30005,10450.442,4956.2183,6923.9897,0
189367.06,1,1,2,31.989056,-1,-1,-2,-1,0,-1,-716.8436,-29243.639,40235.47,54198.34,30359.775,14987.557,11639.801,6604.247,28726.602,980.4738,2524.611,7908.458,0
123998.58,2,2,2,28.593777,-1,0,0,0,0,0,7649.09,105691.63,80017.445,87703.6,86491.75,126994.914,23385.688,11597.272,2658.2493,1782.4607,3941.699,4759.3076,0
130822.16,2,2,1,33.783585,0,0,0,0,-2,0,165277.34,140139.72,79015.664,29741.232,-6411.6206,27995.607,5224.425,12867.358,1380.064,12423.58,4898.477,4531.084,0
58021.316,1,1,1,32.196995,0,0,0,0,-2,-2,133028.77,61796.01,56367.406,21425.066,-5495.6753,-14510.512,14336.116,5220.1665,2110.2341,1492.5508,6494.2964,4282.6685,0
163403.84,2,2,2,34.07262,-1,-1,-2,0,0,-1,-4390.449,-17011.74,65029.63,13446.998,-10954.651,-2468.1758,3252.3372,30527.62,1443.4912,975.8586,6347.076,17314.625,0
94333.02,1,2,1,34.76616,0,0,0,0,0,0,147448.33,71614.81,84105.71,76498.445,17641.53,187339.39,2188.6897,9607.638,4672.0693,6177.609,29024.195,6489.067,0
151416.36,2,1,1,42.058468,0,-1,-2,-2,-2,-1,-5602.66,-10882.408,29023.406,6658.453,-10125.745,-6866.336,-590.7083,5200.4053,1207.5183,678.17914,8660.392,4476.3857,0
32496.434,2,1,1,42.785263,0,0,0,-2,2,0,16358.555,-8214.057,74899.2,31707.402,18760.088,63256.273,2445.622,9821.528,1724.19,1331.9009,5470.5015,3199.9985,0
108710.36,2,1,2,27.176195,0,0,0,0,0,0,165392.92,93304.516,98943.95,119741.0,147723.36,133014.34,14483.603,39083.008,3703.4602,4327.3223,4192.447,2505.7402,0
126357.74,2,2,2,29.577152,0,0,0,0,0,0,22845.883,-6872.3496,72718.56,12444.445,-5281.636,-6767.3633,2422.24,8166.379,1958.7278,1699.0696,7475.2485,15514.113,0
123943.56,2,1,1,37.02108,0,0,0,0,0,0,172269.27,139150.66,92835.19,106469.59,101296.99,107448.07,15025.641,29310.225,16896.535,6899.1763,1580.5873,15163.856,0
141680.48,2,1,2,29.702148,0,-1,-2,-1,-2,0,-10210.004,-14616.127,32916.35,7906.7656,-14719.632,7641.426,818.2917,6272.234,-11.252211,5193.47,5414.8853,12811.509,0
36294.348,2,2,2,43.311512,-1,2,-2,0,0,0,-12279.535,-14155.494,30309.295,4756.6133,-10661.194,-2087.9297,-666.6097,12138.914,965.7029,347.3974,9177.033,3922.8872,0
265559.12,2,1,1,43.753654,-1,-1,-2,-1,-2,-1,-2303.0466,-14613.678,52729.97,14293.158,-10166.839,-6529.5117,52.01969,26052.273,2513.9639,10047.397,7227.6772,6212.6284,0
68252.97,2,1,2,31.786703,0,-1,-2,2,0,0,-9922.145,-21947.186,55275.008,20555.195,-8853.265,9247.693,14630.353,6308.18,986.71313,967.778,8501.778,4663.649,0
31619.762,1,1,2,28.57501,0,0,0,0,0,2,3203.6565,2787.8728,49878.08,8750.781,-4388.644,-14469.727,-994.77277,7056.7314,1786.542,2163.3965,7744.4443,3272.0193,0
23533.777,1,1,2,29.369772,-1,-1,0,2,2,2,-7419.16,-31494.584,26992.055,24707.123,-14644.296,-9196.996,-580.6712,4939.621,499.88867,255.90205,7285.4033,5910.249,0
58908.348,2,2,2,28.734404,0,0,-2,-1,-2,-1,-4415.379,-14624.639,33030.195,11322.223,-9241.878,-7445.1406,-301.47495,14098.657,1896.0151,632.54877,6707.4404,3687.3958,0
94151.555,2,1,2,27.825026,0,0,0,0,0,-1,203226.75,152170.19,89522.04,104011.78,21649.303,117466.23,8177.197,18594.504,3345.5103,5852.4175,10174.273,4182.85,0
104494.68,1,1,1,41.793842,0,0,0,-2,2,2,192060.3,155818.98,96333.32,128794.68,190666.61,127810.766,-2214.8225,14196.117,3533.387,3087.9363,4811.222,4812.1006,0
116096.76,2,2,2,40.65465,0,0,0,0,0,0,155357.45,125546.914,94024.09,69103.09,127044.44,160322.45,6989.55,36454.395,3886.42,11964.254,1642.2565,3860.2964,0
132004.03,2,1,2,30.320518,0,0,0,0,0,2,76988.46,54620.535,85014.31,53434.94,110613.1,98497.95,5501.8193,5252.565,2275.2466,2280.0356,8210.137,2561.1465,0
137420.06,2,1,1,32.452545,0,0,0,0,-2,-1,13516.945,-1355.9474,48142.176,10559.549,-1299.9955,-12131.051,4467.483,6953.667,1885.4182,3557.1182,2823.246,7654.8564,0
139358.44,1,5,1,42.02386,-1,-1,-2,-1,0,-1,-7606.551,-21226.42,31104.88,9585.852,-19462.871,3389.5312,305.31558,6484.269,939.20483,540.737,7749.443,4478.8516,0
244925.9,2,1,1,38.141186,-1,2,0,0,0,0,282.35953,-1193.131,35487.98,6703.121,-1454.8705,-754.1718,129.6901,14387.32,2055.9124,1989.1843,6750.4775,3314.1748,0
109417.89,2,1,2,28.195477,0,0,0,-2,2,0,123833.52,90537.016,84662.086,86132.99,15464.005,23019.13,12184.792,15550.055,1859.2268,1530.8677,5003.562,3771.2678,0
51807.746,2,2,1,36.03662,-1,-1,0,2,0,0,-14558.734,-23958.443,45488.293,19443.193,-14666.378,9474.031,122.1359,4497.995,-107.4402,796.5854,7485.7812,4884.541,0
65263.668,1,2,1,36.802994,-1,2,-2,-1,-2,0,6217.9453,-28249.357,52598.25,28542.55,-18429.89,24221.865,15727.861,20097.781,167.80101,10334.833,2888.747,13409.864,0
221383.11,2,2,1,29.801027,0,0,0,0,-2,-1,5322.125,-3714.303,35038.73,7032.8477,-3543.4956,-16781.496,227.46402,16851.209,2165.2642,2465.8748,6352.999,2789.6167,0
97906.56,1,2,2,30.251268,0,0,0,0,0,0,35490.59,19694.412,88106.07,51474.848,49816.668,93371.85,13512.647,31938.957,4255.7344,7029.551,1523.42,8331.997,0
140190.25,2,1,2,35.01907,-1,0,-2,0,0,-2,-10312.34,-8633.764,29416.111,-4562.6836,-11303.065,-3838.9648,87.487465,8412.255,1247.4978,1325.2642,10100.657,3478.908,0
30988.621,2,1,1,42.768517,2,0,0,0,2,0,2077.6604,4148.0684,44433.348,11006.939,-1762.2377,-18167.254,-1182.996,6023.8013,1747.5127,863.91986,7393.817,2967.6511,0
28625.262,1,2,2,29.905249,-1,2,0,2,0,2,-7829.6523,-30289.92,48681.027,26233.074,-10533.831,664.36334,-1901.5087,3934.9849,1300.6768,452.0678,7842.8047,4671.325,0
223842.0,1,1,1,41.2846,0,0,-2,0,-2,-2,2234.0354,10936.307,34034.176,4451.836,-2617.8394,-21322.832,-890.7547,6178.3086,2376.7773,878.3481,9300.504,3603.6245,0
72415.25,2,1,2,42.3279,0,0,0,0,0,0,137314.16,15649.346,52879.336,35383.203,42221.2,51256.11,-1117.8475,7803.2407,8394.54,1793.5737,7092.036,2520.3987,0
122016.484,2,2,1,32.10336,-1,-1,-2,-1,-2,2,-1341.9022,-25741.74,38178.965,21338.465,-18570.758,7062.367,11856.119,5547.631,1217.9697,1021.4682,6698.4966,5261.236,0
275436.5,2,1,1,35.76265,-1,0,-2,-1,-2,0,-7197.4453,-25218.49,28434.79,9152.406,-3267.6519,59750.484,2966.587,5490.3486,834.40356,13438.497,8185.2,4236.9424,0
127291.73,1,2,1,35.14519,0,0,0,0,0,0,217247.64,202783.81,105915.125,115215.45,21989.055,10415.012,9613.289,24594.184,6644.5063,3065.4287,1316.6991,4724.0728,0
49511.105,2,5,1,31.196417,0,0,0,0,0,-2,-6312.414,-659.6545,49531.21,10905.1,-12604.983,1280.8907,1777.2753,7008.944,1795.6799,1046.3833,8753.902,4052.1924,0
132328.25,2,2,1,43.233196,-1,-1,0,2,-2,-2,-8459.633,-21450.092,30351.5,8041.0703,-16527.055,-5800.676,1421.5009,6146.0615,419.75415,394.0749,8889.922,4881.6685,0
90350.08,1,2,2,31.275375,0,0,0,0,0,2,147252.94,105336.68,87431.016,87667.74,10285.052,24211.81,580.41327,10893.654,2451.2473,3214.669,4761.379,2797.3289,0
267226.06,2,1,2,30.85525,-1,-1,-2,-1,-2,-1,-3424.0076,-16131.623,32230.373,11045.607,-12285.89,-7949.5156,-676.2576,17567.98,1595.4714,1020.37616,7830.3745,4297.2144,0
129034.58,1,2,1,43.075157,0,0,0,0,0,0,202495.47,190726.2,98947.195,106331.03,2369.063,-9770.289,8425.355,14619.178,3395.8997,2446.107,5479.014,2309.2417,0
114623.74,1,1,2,33.49032,-1,2,0,-2,2,2,166936.48,126606.9,81336.61,126308.59,179972.73,118489.89,-187.25912,6736.6426,2354.1038,1408.699,5686.3,5669.344,0
139796.67,2,2,2,29.808949,0,0,0,0,0,0,171742.58,147509.06,81990.87,76696.09,97320.0,84374.84,14054.823,3631.2798,2002.2019,12953.711,1621.1556,3954.8726,0
255263.03,1,2,1,42.38915,-1,-1,-2,-1,-2,-1,-157.67172,-9025.365,36580.977,4596.8984,-7939.3003,-6513.664,539.1867,22943.025,1924.5056,1411.3655,3210.2595,3959.229,0
41950.12,2,1,2,43.145638,0,0,0,0,0,0,13024.648,3444.0642,60214.383,18482.385,4300.364,-7330.4297,1336.674,12716.386,3281.224,9769.625,2190.8535,3008.1921,0
148867.58,2,1,2,30.805079,-1,0,0,0,0,0,5758.3555,-5437.5645,59284.17,4978.7617,-4105.886,-11852.496,8594.93,19236.533,2862.0977,876.67426,3586.3616,6746.235,0
123665.34,2,1,1,39.69104,-1,0,-2,-2,-2,-2,3834.0237,-11570.795,47060.875,9894.887,-8760.44,161821.86,2987.649,12135.583,2965.6404,1209.4495,18358.732,3391.1501,0
123607.46,2,1,2,40.987507,0,0,0,0,0,0,211750.64,205751.8,109079.6,47290.84,184057.39,174231.53,4861.97,16763.809,4266.0293,6888.115,1251.9489,14051.551,0
110901.38,2,2,1,30.181335,0,0,-2,-1,-2,-2,89292.6,115700.414,45461.492,12894.305,-14682.64,1150.8243,10275.891,12104.133,616.5171,713.0878,6500.4727,4704.663,0
30364.254,1,1,1,43.691658,0,-1,-2,-1,0,-1,-2545.281,-9392.646,35274.64,5869.117,-11090.976,-7087.3047,159.63638,5291.9727,1206.897,1014.7531,4778.777,3951.7043,0
103476.836,2,2,1,28.089863,0,0,0,0,2,0,147103.36,15019.631,78214.38,36167.008,26325.387,34587.137,2302.3435,9211.964,2248.7712,713.0671,5404.6733,3036.9807,0
205570.75,1,1,2,41.10295,0,0,0,0,0,0,131032.414,47783.52,89972.78,66549.9,128401.99,86421.31,-2446.222,8816.995,3011.8303,4096.1724,4346.6274,4396.604,0
111726.625,2,1,2,37.95613,0,0,0,0,0,0,11207.922,33860.22,83884.69,56538.637,73598.445,65802.41,17966.457,27722.188,4270.7764,10240.106,3814.5464,15196.087,0
95450.2,1,2,1,40.370056,0,0,0,-1,-2,-1,25533.691,3429.5564,79187.66,14692.949,-7119.8003,-13172.406,1520.482,6706.418,1654.1912,1480.125,7501.77,3852.0005,0
226580.12,2,1,2,37.847164,-1,0,0,0,-2,-2,8126.379,1844.9081,44262.75,9942.5,-2962.6206,-17535.629,1668.2506,10650.854,2170.595,1137.4629,8233.079,3220.2065,0
28113.2,1,2,2,33.79846,0,0,0,0,-2,0,-4709.25,-10017.627,44777.633,19277.229,-5338.054,-3441.3242,-2141.9856,4268.7065,1308.491,10645.649,6960.6123,5063.9585,0
173046.83,1,5,1,40.841267,-1,0,-2,-2,-2,-2,-6330.0547,-5710.3574,28088.57,-1598.5784,-7898.4995,-11251.77,240.54507,10264.632,1614.7883,469.0622,9911.37,3683.801,0
36795.105,2,1,1,34.11789,0,0,0,2,2,2,1677.7072,-7536.6934,39497.14,17863.615,-5159.6714,-15253.531,-1507.3119,10065.024,1475.6885,1469.2773,7743.614,4336.0527,0
87551.945,1,1,2,30.728615,0,0,0,0,0,-2,6116.1055,-6402.283,63340.395,6126.5664,-9056.124,-6002.082,369.3151,5678.0093,1496.2021,8708.503,9138.989,4255.159,0
136608.56,1,1,2,25.384335,0,0,0,0,0,0,216485.5,203045.34,122740.9,-5187.5703,166946.75,160648.1,8955.4795,24625.334,6495.579,8656.95,400.49817,7781.553,0
149482.86,2,2,2,33.817326,-1,2,-2,0,0,-2,-12218.836,-14849.889,26572.89,2412.9724,-16928.86,6135.3027,-388.81137,8795.092,1365.5388,2174.935,9501.141,6365.8506,0
36535.723,2,2,1,31.425226,2,0,0,2,0,0,4500.996,-7900.7793,74595.766,30101.338,4468.016,24152.47,-532.5955,9217.654,633.001,1624.792,6390.575,3459.1506,0
272405.5,1,1,2,38.599506,2,2,0,-2,2,2,34362.04,-22011.24,71572.445,44061.93,3889.149,40189.266,-2541.908,7994.097,2107.168,2135.9792,8068.425,5190.226,0
107914.67,1,2,1,28.718626,0,0,0,0,0,0,4651.7617,-8529.451,73735.76,27737.295,2082.4497,-6753.8867,3217.4263,5592.0376,1478.4421,992.17645,8064.3706,3771.7815,0
130837.36,2,1,2,34.24974,-1,-1,-2,0,-2,-1,-714.3866,-17171.678,56350.11,20654.81,28736.602,22037.307,6582.213,21890.51,1285.4431,10470.679,2920.3901,3908.782,0
80515.195,1,2,1,39.941517,0,0,0,2,2,0,-121.749855,-18084.842,37651.23,18300.053,-6887.019,-12482.0,1178.6207,6435.943,1534.7932,907.10175,7471.4937,4104.225,0
152231.62,1,2,1,32.14979,-1,0,-2,-1,-2,-2,-322.87485,-31675.006,63805.36,24913.299,-719.7533,70621.24,13349.717,32166.445,8542.3545,13187.277,4592.42,18951.365,0
124984.55,2,2,1,35.94017,2,2,0,2,2,2,-8953.344,-28921.49,30653.186,14656.982,-12577.163,-362.32025,-1110.8656,7100.3115,568.27466,202.7895,8454.582,4311.5312,0
144139.92,1,2,2,31.577042,0,0,0,0,2,-1,-1968.8202,-8949.479,33597.082,14803.578,-6961.441,-15172.863,-103.11654,7174.9224,1968.7183,771.5739,6450.2773,3874.389,0
87665.31,2,2,1,33.988373,-1,2,-2,-1,-2,-1,-5703.84,-21143.857,56876.176,9385.008,-16952.8,-1124.2264,-106.25814,30018.875,722.4109,449.20673,8082.5537,4093.688,0
51149.957,1,1,1,42.646473,0,0,0,0,0,-2,20344.133,3120.4158,76380.164,26603.656,-3760.6675,-18226.602,2275.8152,8793.743,2615.2688,1153.2927,8320.873,2709.9824,0
106762.195,1,1,2,42.832428,0,0,0,0,0,0,150152.94,36356.727,47746.793,2254.8396,973.1998,-12716.945,628.0827,8012.4277,1999.6941,1681.4768,3849.0823,14689.186,0
25165.887,1,1,1,43.39284,0,0,0,0,0,2,8237.5625,3264.2126,44619.227,16774.477,-1281.515,-13201.031,-1290.2308,6425.804,2300.066,1873.2683,7139.0913,2940.767,0
158396.31,2,1,2,33.527905,0,0,-2,-1,0,0,18991.35,-15783.904,32312.6,1697.9568,-6938.39,-9909.324,2658.6875,9503.86,1963.8264,1955.5942,7786.577,8975.036,0
169169.1,1,1,1,43.217518,-1,0,-2,-1,-2,-2,-792.47644,-25281.201,31493.854,9754.664,-6364.1206,-8154.047,14827.576,5958.5874,1259.8064,10271.504,4309.065,14918.85,0
152365.66,1,1,1,41.23987,-1,-1,-2,0,-2,-1,-2631.3044,-13633.049,48656.676,19604.58,-8715.64,-5751.8477,1798.8466,23037.188,2340.7556,4047.913,4120.3223,7862.924,0
112038.35,2,1,1,33.468662,0,0,0,-2,0,0,207048.25,181464.84,100692.35,107430.29,159244.34,130306.14,4950.467,24941.69,2850.2559,3059.5352,2523.5698,5053.492,0
144479.4,1,1,1,41.285503,0,0,0,0,0,0,19990.613,39346.875,87048.88,46022.055,31316.783,23248.121,-2967.1926,39058.938,3002.437,2263.6443,5529.2217,3556.8535,0
120901.46,2,2,1,41.27008,0,0,0,0,-2,-2,196877.17,189209.47,92879.66,28283.992,-8660.71,-4551.4453,10308.674,19199.676,2731.7954,1869.7583,5775.8364,4301.191,0
165726.6,1,2,1,43.40099,-1,0,-2,-1,-2,-1,-6121.211,-12560.518,29733.94,8478.914,-8136.8823,-7378.9297,-899.01886,5143.571,2113.2092,9515.196,7313.0435,4521.9556,0
161367.86,2,2,1,37.03961,-1,-1,-2,0,0,-1,-11447.016,-20887.49,31040.354,9709.93,-16294.804,3419.2266,6484.5386,7417.858,546.6975,177.11568,9372.518,4386.78,0
154453.48,1,1,2,27.855312,0,0,0,0,0,0,210990.6,189785.66,113705.695,35720.266,163449.78,194304.25,5843.3193,15914.921,10876.187,15481.474,-35.118027,13705.113,0
135655.02,1,1,2,35.612835,2,2,0,0,0,0,201813.11,175276.78,99713.44,112500.79,190082.33,156659.69,-4765.0693,14134.989,3213.5896,2621.046,3513.5796,6002.283,0
26653.691,1,1,2,28.111431,0,0,0,-2,2,0,12398.363,-15966.381,72473.49,40218.56,2558.5825,19421.56,-984.29034,8277.423,1611.0237,1259.6719,7042.0967,3784.4973,0
27952.223,1,2,2,28.877293,2,2,0,2,0,0,-7454.6836,-26682.475,42704.164,17542.77,-10822.569,-2302.3633,-1149.414,6474.043,563.2134,602.03973,7857.93,4289.247,0
186047.02,1,1,2,31.515892,-1,-1,-2,-1,0,0,-456.42953,-20913.287,75506.23,87993.31,-5028.148,26150.137,6542.882,29609.234,38914.543,1847.2593,7027.2515,4824.4414,0
94337.83,2,2,2,41.861477,0,0,0,0,0,0,102888.03,70168.64,86592.03,63327.344,113050.55,-9739.234,-1335.3456,5535.0127,2024.9233,1985.5525,7702.1147,3179.758,0
127788.64,1,1,2,33.72432,0,0,0,0,-2,0,8864.566,-9111.662,73320.484,18983.14,-5897.5933,-12764.254,7109.7974,6306.6494,3103.0544,5331.6235,7103.6743,3702.9773,0
239349.47,2,1,1,30.572641,-1,0,-2,-1,0,0,-5121.5977,-7292.994,28867.258,-1869.508,-10243.319,-8648.719,-328.6766,13317.597,1388.4045,188.42891,9534.748,3412.954,0
119216.96,1,1,2,32.111393,-1,2,0,0,0,0,46209.945,8850.049,80568.055,46164.188,75739.22,101444.71,-1008.14777,8607.751,1501.2883,6472.474,6137.3657,4220.5176,0
20838.309,1,1,1,29.417831,0,0,0,-2,0,0,2391.047,-5925.709,46499.902,14993.07,-3219.7183,-15488.934,-319.0311,8882.441,1380.7871,1552.022,7985.8164,6708.168,0
112137.78,2,2,2,28.963385,0,0,0,-1,-2,-2,-5554.625,-15490.549,35186.84,22436.898,3951.1606,32079.61,699.62665,7004.382,13254.15,828.55634,4618.466,4530.884,0
156430.42,1,1,1,39.665226,-1,0,-2,0,-2,0,9650.16,-9925.74,80371.91,19753.223,-395.51892,-8829.891,15063.039,35451.992,10388.95,2726.116,3011.8733,2717.9407,0
66983.12,2,1,1,42.738064,0,0,0,0,0,0,8470.8125,9473.326,81944.66,3577.3044,-2217.9058,-14649.656,8989.934,33732.375,2859.7395,2503.025,7327.724,2908.9065,0
126855.58,2,1,1,33.82897,0,0,0,0,0,0,202576.97,184690.64,95172.945,119327.97,150914.61,142059.86,10231.386,14717.089,2849.1277,11201.147,3036.9,14853.581,0
112973.87,2,1,1,33.815273,0,0,0,0,0,2,1176.5314,-1232.924,41005.285,5156.5977,-7743.0933,-11250.504,3177.1924,9255.453,1681.388,943.7421,7978.6133,13537.921,0
114557.67,2,2,2,33.917747,-1,-1,-2,-1,-2,0,-11984.93,-27023.857,27110.447,17915.93,-19030.434,6306.203,-28.929039,4499.9565,-28.916273,270.94794,8259.666,16089.435,0
28027.059,2,2,1,43.877,-1,-1,-2,-1,-2,-1,-472.9764,-20169.396,53487.64,12170.434,-11470.39,417.5782,11889.573,23676.373,1518.4202,653.21185,2395.5269,3799.8076,0
42931.98,1,2,1,35.69975,0,0,0,0,-2,0,6521.1562,-523.592,75290.055,12983.736,-4522.9526,-5724.2383,-297.17172,5231.116,1486.0933,10439.308,8381.106,4155.0244,0
125655.01,2,1,2,33.12084,0,0,0,0,0,2,200245.16,170754.7,98549.86,118756.79,177219.44,157630.61,12361.196,1289.4982,3369.9885,10297.091,5652.765,4236.185,0
112347.234,2,1,1,27.55532,0,0,0,0,0,0,215553.89,207954.58,109200.336,64911.75,164237.53,165540.69,13475.386,29901.047,6935.7925,7731.1245,1542.777,3894.851,0
124169.82,2,5,2,40.846718,0,0,0,0,0,0,209158.83,202293.72,106767.49,93250.09,180131.39,159244.36,5005.782,14613.039,4346.2954,4578.4355,2299.433,4448.142,0
116321.32,2,2,1,39.037395,0,0,0,0,0,0,16332.875,161073.45,86935.82,114572.445,81893.27,151615.66,28073.533,14565.536,4189.184,3251.1624,5261.465,4160.9487,0
168388.1,1,2,1,41.197933,-1,-1,-2,-1,-2,0,3050.7034,-31060.967,70717.72,34900.387,-11077.062,19035.814,13916.782,39668.184,9672.973,12230.604,1939.4222,14257.649,0
116582.19,1,2,2,33.943226,2,2,0,-1,-2,-2,-6541.6836,-21537.295,28387.76,10705.203,-14996.433,-7063.6953,196.80484,4891.8047,895.70435,322.3764,8017.3945,4229.282,0
224686.55,2,1,2,36.55192,-1,-1,-2,-1,-2,0,-4996.1367,-28119.553,35117.414,21607.799,-10620.05,4071.1172,15110.902,5545.623,967.6599,10899.58,7806.321,5221.1436,0
61226.223,2,1,2,29.857708,2,2,0,2,-2,-1,-4359.2305,-20981.725,31437.129,15785.006,-11360.37,-9082.992,899.4289,5458.296,1004.08276,1538.2756,5815.311,4335.257,0
264417.84,1,2,1,39.695953,-1,-1,-2,-1,0,-1,-2825.031,-11846.334,29899.738,9296.426,-10619.675,10266.709,313.5446,7041.497,6671.176,337.85858,3728.5503,4457.0273,0
139703.02,2,2,1,38.30819,-1,0,-2,-1,-2,-2,-8877.43,-21572.725,34585.586,3233.3162,-8571.065,8588.604,4593.8228,27322.104,763.8711,11630.908,4972.0073,6416.9395,0
117391.51,2,2,1,30.290632,0,0,0,0,0,0,197130.25,171791.3,92753.305,95359.16,109285.016,134001.02,8597.521,33720.137,12734.614,3002.926,1978.8883,7444.1953,0
40642.324,1,1,2,28.442303,-1,2,0,0,-2,-1,5603.4688,-18530.451,70909.984,28365.594,-7918.265,-9490.391,-1324.8265,5914.0347,1594.4036,1369.7837,8727.446,4389.1675,0
142576.55,2,1,2,29.722849,0,0,0,0,-2,-2,191.26187,417.90802,42204.08,6212.3477,-5819.605,-12258.465,373.7853,12245.676,2229.2778,5810.557,6642.4863,4201.8076,0
125138.664,2,2,1,37.2965,-1,-1,0,-1,0,0,-2814.074,-15562.342,51318.25,14162.471,-15689.206,2710.379,11958.985,9622.823,2011.4827,1028.9148,5666.821,4256.872,0
157618.62,1,1,1,40.261322,0,0,-2,0,-2,-1,5467.1953,-15863.143,34040.215,11871.703,-5445.109,-14602.727,3341.3706,8475.159,7281.003,2169.8286,7246.087,4045.4485,0
141264.7,2,2,1,41.65693,-1,0,-2,-2,-2,-2,-9239.109,-14488.104,21113.588,-1512.8518,-10425.011,-8019.7227,-868.9827,6129.028,588.29175,693.0544,9551.071,15274.912,0
26048.559,1,2,1,43.371685,0,0,0,0,2,0,-930.03503,400.2752,42906.902,12061.049,-2727.8784,-15293.684,-899.0496,6324.5376,1940.1643,975.01215,7371.273,3495.128,0
46020.395,2,1,1,42.793396,0,0,0,0,-2,-1,22474.111,7958.7715,80216.34,16487.531,-5238.769,38626.062,4208.5386,16380.484,2043.3462,2520.6736,6747.364,11963.301,0
125296.99,1,1,1,38.533504,-1,0,-2,-2,-2,-1,1614.3243,-10304.361,38144.62,9297.32,-7545.9956,15700.936,74.370766,9059.957,1485.9436,1509.3135,11064.839,6138.687,0
109320.96,1,1,1,29.029724,2,0,0,0,0,0,205469.42,186377.05,97706.26,119784.055,142687.97,118234.32,3669.5535,13561.831,2733.1284,2891.663,3169.009,2389.967,0
49332.473,2,1,2,43.51533,0,0,0,0,-2,-1,7333.2617,3933.5603,43019.85,14400.322,-1295.265,-19709.445,417.25162,11411.718,2573.1252,858.519,4480.485,3318.1936,0
70092.25,2,1,1,40.514862,-1,-1,-2,2,2,2,-11804.613,-23597.865,25366.797,5810.543,-17160.812,-2691.9336,-712.2425,6992.312,-73.811295,663.1071,9636.833,4846.855,0
66488.77,2,2,2,30.788656,0,0,0,0,0,0,161630.61,60459.887,83902.88,51115.625,-181.40564,4373.371,11730.439,10871.15,2310.4836,1977.1467,2609.2583,14460.716,0
35247.137,2,1,2,28.525908,-1,0,-2,-1,-2,-1,-5994.7383,-20073.576,32370.543,15157.01,-8771.163,-2043.4257,2563.6257,7594.193,1021.73926,9004.44,5889.7026,4264.357,0
46482.37,2,1,2,31.188454,-1,-1,-2,-1,-2,0,-6270.8438,-30404.795,48392.98,25537.322,-14450.737,29854.914,3021.1797,20958.148,-115.08717,12628.882,6415.0347,10474.742,0
39581.918,2,2,1,36.4173,-1,-1,-2,-1,-2,0,-7569.5195,-18201.865,37854.17,13914.199,-18406.352,5029.5,559.883,5822.7207,77.03392,1079.8582,7777.462,4539.016,0
45177.824,2,2,1,38.470264,-1,2,0,2,2,0,-5806.883,-30024.178,50315.285,21959.324,-9713.042,6924.7812,344.68668,5760.4683,-17.640882,178.76704,8114.7954,4096.833,0
100848.914,2,2,2,29.704916,-1,2,0,0,0,0,110940.89,85714.266,75674.23,52620.773,35580.96,102209.24,2407.675,9254.889,519.59814,1400.3467,6312.3677,8731.33,0
237165.98,2,2,2,41.875793,-1,-1,-2,-1,-2,-1,-5900.1094,-15220.912,77726.26,18824.035,-10649.491,-4599.797,397.15543,45990.902,7926.6074,1396.6338,8683.935,5031.953,0
113617.6,1,1,1,42.82849,-1,-2,-2,0,-2,-2,10656.789,15266.951,38842.844,-4620.074,13975.142,-25621.125,94.76676,8863.289,3734.2886,4046.9182,3295.451,31874.342,0
109495.23,1,1,2,34.08195,-1,-1,-2,-1,-2,2,-4857.3945,-24153.678,31180.83,16018.346,-14893.507,-4994.7617,-1142.3676,4822.4824,1219.1792,840.4047,8316.546,5100.576,0
234593.3,1,1,2,30.570866,-1,-1,-2,0,-2,-1,6483.414,-11348.697,31742.072,17186.6,-3614.6401,-16758.95,-415.17026,16536.584,2101.9563,1364.6577,4692.6763,24293.432,0
84335.41,1,2,2,32.013832,-1,-1,0,0,0,0,12838.418,53330.266,68263.31,57274.336,-7205.0034,15052.686,23466.973,12036.444,2452.7332,1586.9834,3430.2905,16177.318,0
174257.17,2,1,2,35.00606,0,0,0,0,0,0,25262.162,16077.592,82870.03,34964.016,22670.564,147060.12,-964.4266,8624.433,2371.751,3705.9473,9244.032,2262.6804,0
93347.84,2,1,2,29.057798,-1,0,0,0,0,0,3288.9768,-2473.0647,75633.81,27251.58,-5255.4683,4790.8203,16601.793,16834.672,3233.5552,2236.2449,3819.544,3892.324,0
102661.66,1,2,2,27.93936,0,0,0,0,0,0,215094.08,191337.89,94045.15,124275.4,65762.16,90666.414,8579.038,15202.429,4649.8135,2404.101,2542.4905,6453.766,0
125630.24,2,1,2,25.523642,2,0,0,0,0,0,216921.2,200842.6,111479.0,46917.965,166309.22,184841.25,9033.552,18798.379,5587.8164,8342.488,767.121,9096.348,0
244521.08,2,1,2,34.653023,-1,0,-2,-2,-2,-2,-857.28894,-2807.639,39403.312,6096.207,-7214.6284,-6234.0156,17152.035,20347.457,2181.4614,2190.0596,8387.562,4029.1736,0
125872.5,2,1,2,25.885384,0,0,0,-2,2,2,207207.67,174581.25,98327.01,113160.27,187090.48,152421.33,2752.4202,16108.22,3366.3977,3282.4595,2540.2678,10261.242,0
141678.98,2,2,2,33.092617,0,0,0,0,0,-2,-301.69125,-4061.2952,45124.215,-1956.8167,-5607.847,-11100.531,277.94205,15501.376,1750.4819,335.57098,9260.7705,3045.695,0
122957.91,1,1,2,30.155058,-1,0,-2,0,-2,-1,17057.555,62506.426,77083.56,18679.99,-6523.6675,-10591.91,16289.745,37859.355,1965.5564,1541.6328,3834.671,8288.1,0
274752.34,1,1,2,42.154995,-1,-1,-2,-1,-2,0,-4111.2266,-24226.81,29868.15,19340.283,-9154.843,-6882.4453,1533.9972,9838.589,1967.5625,8954.972,5126.758,13805.968,0
194096.61,2,1,2,28.403618,0,0,0,0,0,0,132078.14,100249.5,91108.28,79611.05,25727.557,73869.88,9145.015,23604.674,4000.2527,4657.7715,2442.8945,3021.3467,0
97289.305,2,2,1,36.861187,-1,0,-2,0,0,0,-9937.645,-5824.6816,41181.46,3552.992,-6022.1245,8687.002,-341.3768,24808.875,1603.7202,810.3066,9195.931,3680.1318,0
124141.31,2,2,1,34.75928,-1,-1,0,-1,-2,-1,-2618.6755,-17017.482,62954.273,17757.613,-14090.4795,1542.3829,15543.845,5857.285,2065.2253,2399.6072,8007.9697,3887.375,0
80392.97,2,2,1,36.906273,2,2,0,-1,-2,2,-1572.9061,-13119.014,32170.064,6105.91,-13518.452,-11209.996,19.274086,6119.5903,979.147,450.1098,8516.811,3244.2751,0
132921.64,2,2,2,28.789988,-1,0,-2,-1,-2,2,-8998.637,-21084.396,30124.436,10978.486,-11131.944,16.699284,1953.6886,5868.77,1301.477,6724.558,8547.125,6183.744,0
45056.285,2,2,2,28.087303,0,0,0,0,2,2,-2106.1052,-13981.279,71111.36,32453.371,2134.9302,18373.76,-1356.3773,5766.9062,2094.4094,1528.0098,7604.564,4320.8438,0
108341.266,2,1,2,26.984812,-1,0,0,0,0,0,27022.049,5764.299,82900.57,28589.309,12631.095,93989.02,7799.414,27680.432,2158.836,3329.1755,5863.6016,19377.527,0
80093.67,2,2,1,31.584316,0,0,0,0,0,-1,62556.16,48998.285,79981.6,43908.645,1144.7858,22811.117,2211.4785,22519.133,2813.2578,8522.175,4218.2314,15984.466,0
133274.86,2,2,1,32.41241,0,-1,0,0,0,0,-2183.3982,-1245.7247,77060.95,39686.027,17619.65,24569.943,18367.219,7747.9175,1324.5498,1278.112,7499.401,9036.616,0
140631.98,2,1,2,30.394342,0,0,-2,0,0,0,68868.17,-3716.0608,50072.777,11235.447,795.2311,-1334.8319,7962.6807,30704.83,2416.3853,2362.7844,8308.756,2506.4507,0
112985.86,2,2,1,36.219963,-1,0,0,0,0,-1,30636.314,5354.2246,78830.36,27342.248,-6722.7964,144202.7,180.1315,13187.26,2327.863,2366.6375,16162.139,4311.6787,0
138022.69,2,2,2,31.105492,0,0,0,0,0,0,199832.0,182731.72,95250.914,111391.69,155871.48,94871.84,4528.692,13353.667,2229.9114,2997.8499,4250.7573,14878.02,0
42330.168,2,2,1,35.753532,2,2,0,0,0,2,-6682.918,-14736.107,38085.75,9364.82,-13559.534,-2546.1953,947.22064,5400.505,727.9236,562.5212,8139.4883,3408.0588,0
41539.223,1,1,1,29.108397,-1,0,-2,-2,-2,-2,-7741.59,-15225.729,26389.984,4904.7617,-9315.382,-9447.668,-956.4393,4803.967,1102.2356,133.88838,9115.416,4065.618,0
56431.51,1,4,2,30.495867,0,0,0,0,-2,-2,30952.652,-3152.971,44496.957,12195.623,-4456.398,-15602.977,1555.8395,4368.8755,2136.2305,723.7497,8104.9263,3467.0955,0
60828.652,1,2,2,30.395338,-1,-1,-2,-1,0,0,-9267.645,-21735.787,33888.58,17827.588,-20572.8,13177.697,-752.04376,5168.5454,23.65941,6832.1143,7881.821,5122.183,0
127078.63,2,1,2,30.13266,-1,-1,0,-1,-2,0,-5984.836,-17870.209,35621.71,12194.029,-15940.382,-4652.074,-371.63608,6210.116,571.7383,920.0839,8564.201,4666.566,0
47531.582,2,2,1,29.741692,0,0,0,0,0,2,2238.0784,-4436.537,68635.85,16070.504,-7806.2886,4908.1055,-194.452,6488.995,1760.3901,1558.7205,4345.4624,3692.801,0
211051.72,1,2,1,42.272633,0,0,0,0,0,0,7468.7773,14739.576,40183.293,8013.4336,3377.6177,-24261.121,255.61343,12491.938,3871.6443,889.1115,7975.0405,16020.6045,0
73379.516,2,2,1,32.934402,2,2,-2,-1,-2,-1,-9264.672,-16472.264,25579.896,10424.324,-13044.073,-4056.1367,-1120.6547,5063.0815,405.031,141.82368,8683.26,4088.0647,0
92688.8,2,1,2,29.980194,-1,-1,-2,-1,-2,-1,-3593.7498,-24009.662,36185.145,20278.912,-17923.875,38283.004,-137.60092,6750.859,-98.19508,1445.782,5242.218,15289.633,0
129876.62,1,1,1,33.94552,-1,-1,-2,2,-2,0,-6803.1016,-21454.686,29441.19,13232.994,-13797.804,-8249.266,-1007.02765,6176.089,1050.4604,1005.5378,9190.558,5026.374,0
58342.387,2,1,2,27.151558,0,0,0,0,0,0,179112.58,133423.25,92420.76,116553.484,146131.02,135927.66,-336.2098,9305.532,2444.6167,3640.242,4912.3716,2196.6099,0
114199.91,1,2,1,33.972744,0,0,0,0,0,0,4632.5156,47622.39,88077.484,63447.047,3046.391,5608.324,21463.484,40756.766,4145.7183,2245.338,5462.973,5282.327,0
165869.64,2,1,2,29.998444,-1,-1,-2,0,0,0,-6007.3945,-17657.068,49137.145,8551.996,-11011.335,4683.0938,7499.331,24402.457,1287.021,1439.6008,6857.2417,10659.708,0
61538.59,2,1,1,41.99814,-1,0,-2,-2,-2,-2,-1573.6796,-18271.389,37154.473,3857.7302,-7854.929,-10212.875,13716.987,26175.996,1927.8433,536.69696,8465.38,4046.9614,0
41962.113,2,2,1,35.171967,-1,-1,0,0,2,0,-13070.16,-13934.631,38813.062,15324.434,-14567.593,3669.7031,-903.61505,5296.586,333.52173,513.2934,8436.754,5054.0254,0
52923.395,2,2,2,31.853262,-1,2,0,-1,2,2,-6283.383,-26515.053,30453.45,14413.4,-19139.336,-865.9687,-398.45834,6038.0303,-232.69215,114.12984,6653.513,4648.7456,0
23453.121,1,2,2,27.240555,0,0,0,-1,-2,2,1174.6173,-12151.357,47322.383,21552.611,-7118.1753,-11026.289,-1883.4027,4237.5605,1850.9558,1451.9656,6724.2275,5108.2695,0
176865.25,1,1,1,34.18331,0,0,0,0,0,0,39999.223,6522.6074,83379.98,46628.26,22377.97,31017.191,20041.807,11732.749,2454.3743,7092.463,5257.6475,7392.8027,0
210719.77,2,2,1,37.063408,-1,0,-2,-1,-2,-1,-7822.3984,-14445.006,21457.564,5788.9727,-10392.155,-9098.254,-1405.2943,5577.467,866.88306,541.3591,9397.175,12837.894,0
301373.4,2,1,1,39.63245,1,-2,-2,-2,-2,-2,-6556.539,10097.838,24243.146,-4526.3477,-4015.0073,-13982.508,-1350.911,5335.404,1893.3132,634.31586,10424.437,4276.218,0
140040.23,1,2,1,41.101906,-1,2,0,0,0,0,196191.88,165163.05,92233.695,122828.43,114459.68,99267.64,-1681.9686,12386.38,2152.4119,2184.1785,5640.485,9305.144,0
32245.184,2,1,2,28.842255,-1,-1,0,0,0,-1,-6362.4727,-20650.162,40585.305,17772.188,-16951.883,558.0743,276.82974,5447.89,436.34253,1119.9185,7657.729,4562.593,0
66855.78,2,1,1,42.968292,-1,2,0,0,0,0,33308.082,10174.818,74123.055,4758.9414,-13362.335,-6605.047,2844.1958,6617.95,606.271,869.66644,8540.824,2983.198,0
58472.746,2,1,2,31.21456,-1,-1,-2,-1,2,-1,-9962.9375,-25327.717,27884.193,13868.896,-17596.621,418.69147,-1222.1923,4808.628,-78.83327,304.75726,8967.458,4448.849,0
129217.914,2,2,2,29.499819,-1,-1,0,0,-2,-1,-2515.3318,-18159.436,69173.25,36098.996,-16028.179,11080.996,15831.787,5981.83,1698.1086,7654.6323,6478.0645,5466.109,0
214538.88,1,2,2,36.82282,0,0,0,0,-2,0,11261.641,1351.4979,48942.652,18206.459,-117.59314,-15273.469,9283.993,11491.245,2758.1965,10316.3545,7633.789,8508.519,0
127172.7,2,1,2,31.062292,-1,-1,-2,-1,-2,0,-4956.66,-20845.896,28499.09,16678.799,-9552.593,-6732.879,362.1774,5931.5664,687.6184,2212.0308,8879.656,25793.434,0
294545.28,2,1,2,36.23361,-1,0,-2,-1,-2,-2,-4110.2305,-13452.635,23873.143,2181.2966,-6971.3003,-5890.379,-623.2059,5736.798,1492.6768,1038.0347,6111.5474,13443.03,0
270893.0,1,1,1,38.6056,-1,-1,-2,-1,0,0,-4576.949,-20195.732,29174.617,10132.285,-10902.339,6069.3086,4439.383,9416.218,1450.7761,7804.507,6121.1455,11968.379,0
70557.9,2,2,2,28.553934,0,0,0,0,-2,-1,-384.93735,-13098.088,64392.73,27208.346,-8528.776,2716.6953,2578.8374,9229.569,2346.9268,9148.202,2360.7659,14549.262,0
82034.63,2,5,2,29.275103,0,0,0,0,0,0,175263.11,18690.906,80903.305,31137.379,-453.11267,4567.883,468.30875,5715.456,1931.5598,1438.5857,7693.68,2894.8247,0
132297.47,2,1,2,29.260426,-1,0,-2,0,-2,-1,8294.203,14447.334,39252.18,147.32788,10166.835,-20999.996,-769.60626,8422.324,2210.462,3057.0542,3093.405,30611.195,0
35478.277,1,2,1,34.698345,0,0,0,0,-2,-1,11788.555,-7289.6035,52974.58,17555.229,-6461.7183,-13391.418,-92.106285,5816.4775,1624.425,1512.22,7335.2817,14944.511,0
91267.63,2,2,1,33.7705,-1,-1,0,-1,0,-1,-2729.1482,-25317.826,35614.227,17233.871,-19209.234,14603.096,1947.6896,6966.6455,4461.362,448.07196,4612.8564,14781.534,0
202325.73,2,2,1,38.64468,0,0,0,0,-2,-2,-292.30453,2846.0603,37698.48,2949.902,-4517.011,-16824.176,133.09048,6521.883,1580.1802,179.95992,8861.858,3120.816,0
125769.805,2,2,2,37.47404,2,2,0,0,0,0,-4671.59,-19279.146,64848.367,21364.084,-9625.534,9231.186,2434.5132,5297.9023,1845.9673,4402.9004,8678.395,3727.1987,0
70293.83,2,2,1,28.522938,2,0,0,0,0,0,85605.98,64125.312,82665.55,51402.445,80315.48,107056.13,2002.3292,8872.019,1588.1501,2208.0977,5782.1685,2757.3752,0
151744.56,1,1,2,32.93216,0,0,0,0,0,0,-5286.758,-17354.99,37754.16,22373.729,17292.916,94605.56,-255.72446,5868.9546,879.54517,16097.055,7219.754,4081.792,0
137586.28,2,2,1,32.00603,-1,2,0,0,0,2,20.46499,-15517.639,67381.055,22619.594,1280.4928,30652.666,-613.0633,6572.0596,431.04126,1455.1719,9436.163,3729.8218,0
59598.145,1,2,1,32.649006,-1,-1,0,0,-2,0,1179.1329,-8064.787,56602.574,21480.035,-8733.929,-4099.215,10563.294,7977.8237,2409.1133,2291.854,5047.707,4256.0693,0
115804.336,2,2,1,36.756184,0,0,0,0,0,-2,157759.69,161598.27,82898.35,59370.12,-11094.585,-2295.0664,3073.01,6524.5864,1394.9548,1190.0798,8072.8257,4016.2288,0
229349.89,2,1,2,37.123383,0,-1,-2,0,-2,-1,7301.5117,-11478.811,49844.492,11216.648,-6395.9214,-9781.031,10928.314,26122.514,2588.3708,1599.315,6082.5747,3654.1628,0
42132.56,2,1,1,32.68133,-1,0,-2,-1,-2,0,3264.8674,-15866.838,40970.12,13355.232,-11195.382,-9651.367,3525.9285,16241.963,1179.3843,1351.833,7492.179,4352.806,0
248970.03,2,2,1,38.645267,-1,-1,-2,-1,-2,-1,-75.3397,-25872.334,49365.22,24967.836,-13631.6045,296.29694,11169.2705,23146.871,10024.675,1178.4373,8096.2207,14278.902,0
143749.47,2,2,1,40.631016,-1,2,0,0,-2,-1,-4087.6365,-13251.029,54613.38,9247.043,-7846.187,-8606.043,-537.763,19900.447,1626.0725,1545.6836,8194.088,4307.0205,0
146635.11,1,1,2,31.453299,-1,-1,-2,-1,-2,0,5703.621,-23114.795,43380.574,32381.896,-14104.765,2442.043,15023.214,8076.749,1081.0745,7183.3545,2915.1428,16123.298,0
71307.36,2,2,2,40.642418,0,0,0,-2,2,0,17997.066,-3166.885,77472.34,40374.26,13594.31,42942.637,1719.1512,10804.873,1727.4395,929.7292,4867.404,3541.8516,0
136593.52,2,2,2,28.654715,2,2,0,0,0,0,189621.61,160929.31,88334.95,109244.79,148886.86,149844.88,-2866.7512,10648.981,1730.7805,2120.7588,4747.1323,7548.27,0
71297.61,1,1,2,30.427368,-1,0,-2,-1,0,0,-7273.5547,-14599.455,28835.059,8505.344,-9611.894,-9333.211,-1023.262,4977.8164,1874.5989,728.86127,9257.528,3569.929,0
28364.004,2,1,1,43.653328,0,0,0,0,0,0,-297.87094,4713.1543,46189.855,3988.6638,-3662.6401,-13501.949,1188.4886,6107.1055,1724.0515,1791.5537,7728.0444,2892.6848,0
96045.63,1,2,1,38.233658,-1,0,0,0,0,0,80642.63,62220.26,87683.06,58144.086,39645.17,88805.78,15908.546,10423.959,2775.755,2388.6597,1881.1971,2712.9153,0
118601.484,1,2,2,30.42111,0,-1,-2,2,0,0,4993.41,-15762.279,30411.988,8160.867,-13825.159,-2751.3828,-1242.431,7231.2026,417.02466,505.83246,9242.572,4728.671,0
134401.45,1,1,2,32.99513,0,0,0,0,-2,-2,17005.605,-3073.1936,45753.832,4986.926,-3141.6284,-16231.949,-349.10873,7231.7085,2272.056,665.21454,8972.296,2944.6897,0
271241.8,2,2,2,36.826427,-1,-1,-2,-1,-2,-1,-4479.086,-22621.764,29947.957,19836.066,-9402.21,-8041.66,7926.3403,8964.715,2341.3362,768.7673,8401.746,4762.921,0
37954.168,2,2,1,43.566227,0,0,-2,-1,0,0,-7199.754,-11899.604,33872.492,3030.0857,-7325.2495,1013.3946,1447.5804,6360.6147,1434.3823,686.43866,8621.511,4009.8132,0
194858.06,1,1,2,41.443954,0,0,0,0,0,0,209615.47,196103.75,100348.08,125684.84,166574.53,117677.6,3842.23,19110.94,3484.363,11244.07,1031.3888,12312.507,0
254559.38,1,1,2,36.44768,-1,0,-2,0,-2,-2,2404.6135,-4778.076,31199.469,7075.203,-1225.9095,-9289.012,5026.9546,22568.646,2825.579,3633.0137,3958.1606,5070.4272,0
94947.26,1,2,2,41.48312,0,0,0,0,0,0,196445.75,156508.0,95395.93,115546.63,151572.2,121167.15,-632.9378,9926.886,2865.3145,3617.8843,2348.9875,3133.3862,0
162888.98,2,1,2,38.032417,0,0,0,0,0,0,52441.5,21391.76,92148.6,68214.7,111725.5,114204.96,6661.9985,39034.44,3664.2666,10847.292,1939.1605,12806.254,0
49838.027,2,1,1,38.521065,0,0,0,-1,0,0,9889.039,-3949.799,45221.85,24384.469,-3380.5073,16320.896,7398.684,5074.7437,22751.578,1231.0234,7377.8823,6791.09,0
120341.82,1,1,2,30.891708,0,0,0,0,-2,0,3834.3792,5532.217,44894.125,12158.15,-1489.4174,-20469.867,-1556.4076,5612.992,2164.902,910.2275,8180.9067,3449.18,0
31008.965,1,1,1,42.20664,-1,2,0,0,0,2,-2190.7107,-14258.33,51521.438,11850.822,-6888.566,-5872.8047,-756.3558,5867.51,1413.5486,5952.795,8922.386,4593.858,0
145774.28,1,1,1,29.976713,-1,2,0,0,2,0,207813.19,186538.23,97116.805,101904.29,181061.92,164087.72,-4767.551,16154.791,3622.7002,2913.1812,2192.8596,4350.5083,0
25189.215,1,1,2,29.584791,1,2,0,2,2,-2,-9322.555,-31815.521,39320.94,15260.109,-10551.206,-2267.8438,-1316.6136,4731.419,351.0857,185.43037,9067.236,4746.868,0
100395.84,2,2,2,28.623455,0,0,0,2,2,2,153427.61,57589.6,80549.88,48551.664,30556.938,65566.16,1453.6356,13407.107,912.1975,4066.7852,5911.5205,4578.7812,0
132088.66,2,1,2,32.49872,0,-1,0,0,0,2,26173.518,2334.4236,46533.31,6480.0664,-7349.511,-4830.3633,1300.3793,6332.2803,1603.8533,903.0915,4794.334,2849.5251,0
94179.75,1,2,1,35.847557,-1,2,0,2,2,2,-10235.379,-33023.375,25703.623,12438.994,-17512.527,-2760.3555,-982.78107,7236.301,-37.16041,60.89546,8876.642,4679.0347,0
69576.89,2,1,2,43.44747,0,0,0,0,0,0,103449.93,65004.133,86531.2,58781.97,121381.164,99924.35,4951.49,4411.911,2276.2039,2454.5715,5203.945,9743.479,0
86671.4,2,2,2,32.767277,0,0,0,0,0,0,6245.461,29564.234,78314.04,44824.055,63382.23,50326.156,15975.517,15588.928,2491.0972,9451.304,4516.0903,8113.143,0
236604.7,2,2,1,33.857826,-1,0,-2,-1,-2,0,-8925.988,-40622.547,27664.246,29822.99,102314.86,142356.03,3000.1003,7929.687,-729.22974,9636.61,6598.589,6268.977,0
168107.16,1,1,2,31.423096,-1,-1,-2,-1,0,-1,-7825.633,-23269.506,28569.535,16861.45,-14940.69,-612.94135,-398.74155,5567.8887,4908.11,598.9184,9165.348,4781.6636,0
178779.6,1,2,2,35.484104,-1,-1,-2,-1,-2,0,-4251.453,-19222.201,35332.016,14844.646,-10587.112,16495.74,6153.2397,6519.576,2104.6897,6221.2983,2657.8657,5022.8394,0
149808.4,1,1,1,39.70113,0,0,0,0,0,0,202723.03,206436.62,108124.055,53487.03,200877.77,155767.2,3585.7544,21244.057,4894.941,5525.084,977.61365,5957.1206,0
157407.55,2,5,1,40.467003,-1,0,-2,-1,-2,-1,-10338.293,-15176.303,26338.678,3398.324,-12137.034,-2363.1953,-953.3304,5214.998,1003.1682,214.46114,9637.1045,3724.0393,0
118531.06,1,1,1,36.40649,-1,-1,0,-1,-2,0,10901.23,-18806.006,63183.016,27533.928,-12307.765,-3628.6367,14533.299,14884.817,2067.066,1513.8206,3179.0745,14485.555,0
116273.13,2,2,1,43.04573,-1,0,0,0,0,0,475.5978,-4271.1934,56655.4,5793.6875,-5202.5776,-6514.965,2493.2334,14014.549,2299.9082,1414.7043,5275.396,3617.3694,0
120763.914,2,2,1,42.17583,-1,2,0,2,2,2,13691.473,-18681.967,62671.81,30669.834,12649.716,67200.164,133.9396,6501.998,385.55347,1093.5764,9079.319,4690.7495,0
207704.55,2,1,2,40.71851,-1,0,-2,-1,0,0,-8750.16,-5945.881,28953.49,5032.2734,-3472.6323,-3647.9102,3462.264,5695.693,10795.604,1817.9746,10228.817,3906.1567,0
34506.12,1,1,1,41.890404,2,0,0,0,0,0,33350.363,7890.9707,74056.984,13701.191,-869.3314,-15015.477,-1311.2699,8235.529,2044.4363,955.4257,7677.5522,2590.742,0
153961.44,1,5,2,42.301502,-1,0,-2,-2,-2,-2,-8677.551,-18750.654,22851.271,2365.531,-10560.847,-8791.48,1567.5153,5736.035,1161.3975,1312.2444,9319.924,12616.938,0
285940.47,2,1,1,41.774734,-1,-1,-2,-2,-2,-1,-5005.1797,-16207.936,26856.229,13980.43,-9691.444,-10304.738,-471.31528,5134.5093,1455.2671,1042.1267,9062.818,6644.8857,0
70679.58,2,1,2,31.947283,-1,-1,-2,-1,-2,2,-2788.1873,-23416.287,45996.84,17878.396,-16424.29,-1123.7928,2185.2578,18276.342,839.63477,2803.9966,7378.263,11755.407,0
34324.777,2,1,2,28.389833,2,0,0,-1,-2,-1,2363.7385,-5993.2246,45475.45,14504.693,-4282.644,-8429.402,-1410.9022,5728.093,1890.9236,2020.4612,2610.766,3046.7727,0
159019.75,2,1,2,35.035862,-1,-1,0,0,0,2,-3528.2498,-11959.068,40383.242,16313.16,-976.71814,13972.73,6809.26,6213.415,2247.0618,1708.1189,3892.7622,4544.9204,0
150119.08,1,1,1,37.609497,0,0,0,0,-2,0,-3263.6482,-19312.576,40635.01,31298.637,74615.984,116135.305,-796.1839,4252.2114,570.9026,17602.36,5851.8125,4193.9136,0
34010.855,1,2,2,42.29251,-1,-1,0,0,0,-2,-4235.0312,-16713.717,58959.69,22259.703,-12713.55,-1646.6757,13095.274,4809.2915,2619.0498,1122.3999,7026.249,5253.9204,0
96367.625,1,1,2,32.40613,0,0,0,0,0,0,196536.22,163200.89,93174.71,74747.56,73216.625,75176.195,13123.58,10422.739,2905.8547,3768.9019,1391.8353,2207.1787,0
147465.33,1,1,1,43.31502,-1,0,-2,-2,-2,-1,-859.1405,-18499.389,41749.496,14497.055,-3611.7651,-6862.9727,9490.082,21799.04,2300.1543,10303.957,2723.6624,13628.009,0
108922.63,2,1,1,35.994778,0,0,0,0,0,0,13747.074,7707.709,76177.914,22534.236,2067.02,66972.31,10327.078,6928.6953,3261.3198,2290.6929,6221.426,2590.0408,0
131603.36,1,1,1,29.204596,0,0,0,0,0,0,216784.84,200773.2,128672.69,-13093.309,163158.78,192269.9,8941.482,27381.857,6703.412,8062.308,3044.3079,8465.976,0
111148.78,1,1,1,42.093346,0,0,0,0,-2,-1,11493.523,8401.814,46549.82,17216.89,-802.97595,-22260.555,-1425.2704,7659.721,2476.9707,2139.698,6709.7886,2786.4072,0
42786.52,1,2,2,30.05393,0,-1,-2,-1,0,-1,-11730.941,-20744.756,31592.963,16271.248,-16786.793,3779.8633,148.68619,4533.5513,1409.2224,153.32857,8019.8086,5001.9863,0
31536.559,1,1,2,39.827656,0,0,0,0,-2,0,145497.72,17389.176,73431.61,11675.025,2506.356,-15953.203,-90.364586,4211.6953,2530.393,1270.7747,2215.494,2445.7466,0
125450.445,1,2,1,43.478,2,2,0,0,-2,-1,-942.66394,-17348.85,30585.984,16045.371,-9662.722,-15528.695,-760.8094,5496.562,1713.4165,1194.3438,7439.235,4591.4414,0
264660.0,1,1,2,39.808952,-1,-1,-2,0,-2,-1,2294.0667,-8225.014,33828.027,24956.928,-3635.6597,1019.6485,-179.8226,21042.145,10348.408,2025.9138,2972.4585,14133.453,0
254243.31,1,1,1,43.345997,-1,-1,-2,-1,0,0,-689.8163,-15849.455,30856.549,5003.996,-11200.745,-13174.441,2591.3396,7009.001,1718.5688,1514.7136,9023.527,4962.1455,0
62953.63,1,1,2,31.23442,-1,0,-2,0,0,0,-2046.5741,-14633.119,36157.65,11619.51,-10559.304,-10332.684,-61.76986,6171.497,1592.1394,1518.177,8583.096,3304.6829,0
110082.9,1,2,2,28.490093,2,0,0,0,0,0,187089.75,144057.2,88378.734,68225.47,77643.586,101088.86,4198.766,9592.172,2031.7576,2593.7104,4452.458,2898.9224,0
28432.996,1,1,2,31.177404,-1,-1,-2,-1,-2,-1,-1797.8124,-23299.53,35402.703,18330.164,-12188.437,-2021.1522,5744.8403,8976.765,1807.176,1233.9629,2642.1282,6318.9434,0
293308.12,2,1,1,35.99634,-1,0,-2,-2,-2,-2,-3537.531,-1888.1818,26263.34,-7382.707,-5552.437,-12537.82,1227.9811,25580.637,1686.0771,521.7297,7959.414,12792.7,0
63774.2,1,2,1,41.43283,-1,2,0,0,2,2,-5728.426,-18123.998,32810.242,13776.939,-10634.706,-8510.656,-963.4886,6428.3916,1314.2903,608.67816,7905.161,4639.629,0
35481.23,1,2,2,39.4465,2,2,0,2,-2,0,-1328.6796,-22383.076,56923.938,24354.291,-9336.042,-11168.742,-1599.2401,7965.468,1403.072,6772.802,7360.687,5318.181,0
130253.56,2,2,2,29.567425,0,0,0,0,0,0,3485.6174,-1692.2208,62314.484,16044.584,-7895.48,5554.246,1135.9144,7201.5522,1421.1985,6408.291,8378.46,4306.6577,0
244625.03,2,2,1,43.20391,-1,-1,-2,-1,-2,-1,-1998.66,-24829.771,34952.402,17139.424,-13081.151,-3054.3867,13543.034,5583.771,2181.3774,640.9052,5738.2314,4349.417,0
218206.5,1,1,1,37.221615,2,0,0,0,0,0,9699.984,13094.068,48874.5,12956.135,-1389.1947,-18731.121,-1429.1869,8246.16,2177.9023,1482.4641,7730.8433,3215.8726,0
31684.848,1,1,1,35.015873,0,0,0,0,-2,-2,2275.59,2085.951,45530.44,7340.8906,-5947.519,-15773.996,145.8356,6331.9185,1890.7698,1096.5964,7773.5396,3788.5188,0
209018.98,2,2,1,35.207893,-1,-1,-2,-1,-2,0,-8418.809,-18058.521,54629.508,10133.711,-11773.667,50123.77,-560.512,29628.256,159.2263,10463.737,3780.623,9871.799,0
24281.941,2,1,2,43.102226,0,0,0,-2,0,0,3443.4534,4722.283,42491.27,12653.66,-588.2025,-16668.105,-1251.5844,9391.0625,1821.7415,1294.1611,7393.458,3112.441,0
231998.53,2,1,2,28.28637,-1,-1,-2,0,0,0,-206.9725,936.49786,96498.586,109972.7,188201.9,170387.69,-3395.078,66663.76,2684.4478,12330.196,4805.091,9462.623,0
169283.05,2,2,2,42.32363,0,0,0,0,0,0,204024.84,194860.86,100018.16,94964.48,172161.6,181702.67,6130.331,13043.808,3950.3682,14959.682,931.45374,19265.959,0
129163.414,2,1,2,29.877928,-1,0,0,0,0,0,209189.2,182477.36,99234.35,114611.15,176459.39,158808.78,2275.1245,12591.134,2887.8584,3241.0757,2660.9182,12970.982,0
91971.36,2,1,1,38.707672,0,0,0,-2,2,2,146405.06,96631.09,75496.93,33310.26,3470.0317,280.94147,2235.0088,13010.524,1645.4207,2077.6106,7207.4863,3259.8232,0
31547.848,2,1,2,29.174053,0,0,0,0,0,2,9881.047,741.158,63011.75,24131.703,-4498.2144,-13231.691,1694.9838,17376.164,2255.3264,2479.5354,7628.5034,3367.0303,0
271154.53,2,1,2,33.33804,-1,0,-2,0,0,0,-2238.4373,5928.748,74615.97,24001.574,10788.321,63138.562,1844.0961,35307.055,9348.929,4795.0474,7780.707,10253.505,0
111234.85,1,1,2,32.582527,0,0,0,0,0,0,88644.91,45470.758,94059.03,92550.4,140185.61,107925.88,5507.5205,24094.281,3013.6567,3952.6538,5145.9883,2963.7676,0
129767.79,2,2,2,31.97677,-1,-1,0,0,0,0,-4528.0,-11454.561,72844.33,38348.18,-288.52673,30849.568,17413.572,7573.703,1862.092,1261.5115,5302.0215,5289.143,0
123189.59,1,1,2,30.989668,-1,-1,-2,-1,-2,0,11479.609,52442.223,56627.93,35934.242,-17235.793,7501.924,22380.898,11779.662,1319.5015,4763.2124,3175.3528,5848.5635,0
158098.45,1,1,1,38.010105,-1,0,0,0,-2,0,12258.664,-6152.885,48076.1,16586.83,-4263.4565,-18481.488,7553.6597,8277.187,2632.826,1664.6816,7100.386,3346.941,0
49617.88,1,2,2,29.41229,-1,-1,0,-1,-2,0,-5144.6016,-15049.057,46512.54,19401.139,-14726.608,519.918,-695.7078,6830.681,752.93335,1915.073,6083.289,4929.451,0
55893.582,2,2,2,29.844603,-1,0,-2,-1,0,0,-7683.6094,-22071.38,29939.014,1423.8044,-6339.738,18520.535,-97.589195,6648.1226,105.63158,477.0141,9125.6875,4009.9885,0
166760.6,2,1,1,32.112896,-1,0,-2,-1,-2,-2,-364.48813,-16366.627,68766.414,12620.107,-8419.628,23768.1,17240.15,35175.84,1878.362,10122.632,4306.5234,12373.422,0
141313.03,1,2,1,40.80053,0,0,-2,-1,-2,-2,3871.1956,-12375.178,29571.697,5415.0312,-8128.0894,-12635.863,5124.277,9923.926,2083.4666,1355.7759,7780.622,5680.276,0
30034.363,1,1,2,43.2613,0,0,0,0,0,0,20014.309,84750.336,78705.33,15817.848,-120.33923,-16106.762,-771.46515,9027.696,2017.0559,1135.9946,7277.3584,2538.4263,0
133698.12,1,1,1,41.278107,-1,-1,-2,-1,0,0,-9279.238,-16570.623,31867.893,30881.838,-8540.147,23847.486,-288.0848,6571.973,19790.156,968.39984,8882.88,4859.687,0
235308.84,1,1,2,31.203762,-1,0,-2,-2,-2,-2,1237.3751,7627.076,53323.78,12465.48,-4461.773,40303.33,14853.436,22674.04,2234.0786,8200.161,4780.1704,13707.258,0
125880.52,1,2,1,35.506912,0,0,0,0,0,0,8948.422,3224.6033,76740.82,28660.305,13708.622,61136.336,9878.154,16992.574,3608.5256,10003.277,1848.1539,3170.529,0
163225.62,2,1,2,29.64816,0,0,0,0,0,2,72954.7,13133.857,77884.234,6340.629,-2054.3237,-16530.695,2613.2185,17766.043,1916.0488,54.984814,4157.5283,12518.42,0
108273.19,1,1,2,33.729828,-1,2,0,2,0,0,6616.508,-21319.63,71366.234,30928.078,4075.6958,52698.47,-484.3768,12295.336,1144.627,4913.9346,5498.216,9285.928,0
134348.56,1,1,2,31.605808,0,0,0,0,0,-1,6534.676,-4972.5137,59122.152,27674.299,211.44983,-16585.945,11401.195,8336.523,2768.2268,2147.7844,4450.615,14609.121,0
24092.441,1,2,2,29.33184,2,2,0,2,2,2,-8008.9062,-33066.062,38265.062,23619.275,-10204.894,-3428.1406,-1454.4803,6137.424,629.09814,403.9184,7389.055,4992.667,0
34726.137,1,2,1,31.344547,2,2,0,7,2,-2,-4218.7734,-21010.818,30382.826,12475.295,-15119.116,-12583.4375,-269.9637,6275.097,362.26782,305.82806,8038.0493,4234.9614,0
132479.78,2,2,2,38.75892,-1,-1,-2,-1,-2,-1,-8946.566,-27290.459,30234.707,22103.777,-17642.285,12673.717,626.65155,6321.944,-449.115,9978.286,7957.1934,5701.7593,0
144790.48,2,1,2,30.471695,-1,0,-2,-1,-2,0,-6940.4766,-10791.873,28015.125,2665.652,-7324.929,-6348.949,-983.11163,5644.622,1542.4729,946.5109,8285.961,3497.5598,0
110868.29,2,2,1,39.55227,0,0,0,0,0,0,214582.22,208134.45,109934.53,44591.598,154934.31,154261.06,6858.89,21515.834,6020.0923,4910.687,1641.4523,4308.2383,0
68561.21,2,1,1,40.90089,0,0,0,0,0,2,66259.52,32239.266,86535.41,53911.477,88749.76,84516.13,1512.9323,8723.311,2225.9497,2504.0664,7462.903,2595.382,1
116738.83,2,1,1,34.006035,-1,0,0,-1,0,-2,241009.81,-85871.9,84843.47,101609.55,-113171.92,72460.13,-2009.3202,-947.5968,173847.72,9349.02,958.24133,15808.756,1
199718.47,2,5,1,34.74279,-1,0,-1,-1,0,5,196678.2,76585.02,83314.555,80847.945,31111.834,58696.7,5177.541,23761.73,7376.6436,-13501.264,3527.5608,15755.272,1
80492.57,2,2,1,31.026684,0,0,0,0,0,0,261448.19,221558.0,93527.516,41655.74,27895.656,62206.996,77124.07,32790.62,8080.697,16629.639,766.4945,23413.295,1
80199.266,2,2,2,26.817707,1,1,8,0,2,0,218964.86,242912.67,123860.01,31670.053,142527.31,153437.83,598.0129,22328.465,5725.4536,4642.6147,78.30678,36146.105,1
211931.34,1,1,1,40.36561,-1,-1,-1,-1,-1,5,-7947.367,-50263.906,31602.832,41930.195,82683.516,75700.65,3477.764,18244.053,314.9392,-5391.442,7464.5967,12669.673,1
61529.27,1,1,2,30.271948,-1,0,0,0,-2,0,35545.297,25290.848,71604.35,27566.098,24677.81,19520.027,1018.11224,16066.75,3215.6562,1684.5898,1072.8488,39278.77,1
61038.598,2,2,1,29.041306,0,-1,0,-1,2,0,253057.11,169196.44,93251.15,107569.97,7447.4927,146975.97,-6977.8633,13916.548,7526.0186,6167.41,36633.47,11361.633,1
110162.914,1,2,1,35.80876,-1,-1,0,0,0,0,93062.76,162561.97,81680.1,119711.5,63580.902,125702.805,63690.52,26925.473,4151.116,7490.887,1567.8114,8549.005,1
145526.61,2,2,2,30.321138,0,0,0,-1,0,0,218683.47,109336.734,89249.08,127114.32,94424.34,128127.875,-1177.6698,3102.358,67151.75,6257.817,-784.68787,11228.39,1
201695.8,1,2,1,35.885315,0,0,-2,0,0,0,127048.164,87088.625,125097.78,-10361.242,196841.02,190761.4,-5820.1025,94598.82,6613.0815,10631.033,1721.7894,9459.334,1
141459.94,2,1,2,36.299316,-1,2,-2,-1,-2,-2,4849.1133,-45280.383,48560.203,89476.89,-22777.973,87089.85,10771.531,21987.521,42680.043,10532.602,2181.4016,18351.582,1
159284.8,1,2,1,40.06966,2,2,0,0,0,2,220719.62,177523.16,111326.945,-3666.301,138434.05,198443.88,14218.76,-511.32922,3172.3,13879.257,2366.4072,14966.641,1
110499.25,1,1,2,28.22675,-1,-1,0,0,0,-1,20974.914,12767.115,86711.31,120837.72,100728.37,131577.98,-3886.5935,43200.06,21055.322,11341.271,14525.748,31161.26,1
188055.28,1,2,2,34.72676,2,2,-2,-1,-2,2,24678.574,-41008.836,25621.62,32906.305,113615.6,134573.62,-2976.2825,3169.0098,-310.07397,14902.661,6798.5625,6799.5347,1
141531.5,1,5,1,32.402016,0,0,0,0,0,0,211251.78,217615.78,110588.71,124166.484,90384.36,50350.33,12879.106,28611.7,5980.7515,3510.9954,1687.7465,26800.96,1
143132.88,2,1,2,35.193684,1,0,-2,0,-2,-1,9184.965,15022.506,69803.91,-1107.0354,-2194.7144,-16707.219,-3359.078,96563.84,2538.8342,797.4926,3373.1123,8660.449,1
101063.87,2,2,2,29.474844,-1,0,-2,-1,-2,-2,-6389.414,-15547.205,23457.898,4569.0547,-9337.745,-11423.852,-1018.9378,6723.7324,695.7666,125.04146,8636.035,25355.223,1
97550.32,2,2,2,28.469099,0,0,0,-1,-2,0,213928.58,26322.627,79948.945,73987.77,-15586.413,201446.55,-4259.216,9962.041,3808.9482,1701.927,40816.29,15498.15,1
190986.48,1,1,2,41.86349,-1,0,-2,0,-2,-2,197465.95,187737.83,106601.77,43946.35,169160.16,103059.42,-5979.954,15444.661,3349.9626,2609.1602,3021.7576,3296.0322,1
112183.914,2,2,1,29.467745,2,0,0,0,0,0,245980.34,159444.1,118940.63,18480.63,113793.67,104220.25,5489.152,28044.062,50221.664,8677.861,649.4994,30053.703,1
170097.4,1,2,2,30.773075,-1,0,-2,-1,-2,-2,6794.879,-17248.396,69857.14,90035.28,134306.84,136190.81,8188.5137,22894.652,37705.793,9247.816,130.79164,3739.7986,1
79330.68,1,1,1,40.53205,2,2,0,-2,2,2,176476.67,147108.45,82098.19,53756.67,8839.915,2157.9258,2105.5151,13063.576,1826.2666,2437.8967,3666.5,27579.838,1
109313.96,2,2,1,27.480522,0,0,0,0,0,0,227687.36,206530.77,119376.33,-15021.059,72594.76,132574.81,9361.366,66737.164,6553.0083,5063.435,19744.617,15748.67,1
108558.45,1,2,1,31.188858,0,0,0,-1,-2,0,231209.81,198666.06,94279.625,90501.31,-2996.019,4197.297,11368.646,9324.414,7447.407,2038.5374,-572.7186,7277.026,1
107006.68,2,2,1,29.681158,0,0,0,-1,0,0,26418.871,83906.414,72706.94,84152.52,-25679.54,101547.88,28013.113,10473.623,34128.527,2001.1836,7617.3574,10128.5625,1
27603.527,2,1,1,43.456997,2,2,5,7,-2,-2,-3306.5896,-1301.5411,32042.992,-1056.3518,-5092.8354,-18242.387,-401.6688,5802.076,988.2864,197.84492,9066.054,3308.857,1
189161.42,2,1,1,37.767277,0,0,0,0,0,0,169641.98,102979.67,113269.18,56666.96,74328.086,72087.336,7772.5913,88279.64,21904.201,9915.752,4724.3213,14751.59,1
131077.83,2,2,2,29.299856,-1,2,0,2,2,2,176959.0,139578.05,82314.55,127498.81,170201.16,158021.64,-3018.6355,17605.361,1214.2168,9125.071,3137.9968,5257.64,1
142948.3,2,2,2,30.79933,0,0,0,0,0,2,198793.92,74912.21,83088.45,-20462.598,52712.027,-24842.309,2704.8518,22512.35,3473.0134,-804.3228,1423.5021,32882.973,1
65293.76,2,2,1,31.583712,-1,-1,-2,-1,2,-2,23819.457,-28498.225,43647.2,65928.25,-27683.68,24849.924,29548.791,15233.633,20091.922,1603.023,3497.28,17662.74,1
175883.95,1,1,2,42.2451,-1,-2,-2,0,-2,-2,38343.883,47536.453,96303.08,-24182.23,21135.994,69092.59,-1848.0277,59553.773,7822.9478,4313.503,5505.9736,32575.71,1
109532.266,2,5,2,35.331383,0,0,0,0,0,-2,184475.97,158061.12,82425.84,99470.32,-17060.629,15992.822,38173.066,15257.204,3143.7747,1061.7366,4966.1753,7601.7236,1
129734.98,2,1,2,26.75116,0,0,0,0,0,0,209677.77,178434.28,107210.57,69758.17,172751.75,165749.19,1877.497,36370.85,33468.973,6836.6353,1204.4393,3132.2952,1
176577.28,2,1,2,29.206575,0,0,-2,0,-2,0,15904.359,14043.49,63694.152,10560.26,-3365.9253,169045.81,-596.5931,20263.65,4185.4453,4180.4253,19971.562,3365.2747,1
147253.66,1,1,1,43.656536,-1,-1,-2,-1,0,0,4259.375,-12730.838,80215.27,9024.727,-10848.55,-11526.262,1463.9293,43273.434,1118.5984,7616.175,6869.307,17151.61,1
167530.78,2,1,1,35.134644,-1,0,-2,-1,-2,0,-5242.5312,-37804.547,57807.19,28143.86,-14612.929,44161.785,9654.308,42366.195,-212.17848,15896.159,4842.978,8246.18,1
215653.55,1,1,1,31.645512,2,2,0,0,-2,-2,183998.25,169508.58,86953.3,20819.215,-7193.644,-14203.883,4555.4346,15739.998,1928.2361,1424.4387,6694.6816,2477.8389,1
162678.73,2,2,1,37.38067,2,-1,0,0,0,-1,10512.465,50973.34,110545.47,22194.41,159422.11,-6576.547,19778.102,80100.26,3583.615,5632.025,5418.334,6517.991,1
96788.12,1,2,2,35.03693,-1,2,0,-1,-2,2,-2307.613,-25416.123,36437.344,44205.25,10005.136,55808.32,124.29508,4825.0396,19281.797,1132.7278,5906.8257,4894.5522,1
201648.6,1,1,1,37.122395,2,0,0,-2,-2,2,37831.855,15599.334,96794.31,124685.09,188386.38,98982.516,-5311.042,45392.637,3267.5847,3955.5605,4926.0156,9242.395,1
172740.6,1,1,2,31.51937,-1,-1,0,0,0,0,7155.9727,-7739.1035,65155.71,128490.5,167597.33,139924.9,-5494.833,-1234.5192,52729.992,2085.395,3480.5818,7905.8745,1
162466.95,2,1,1,39.409775,2,-1,0,0,0,-1,211795.39,190919.47,102371.04,67676.79,164235.89,-8258.207,-5662.6123,-48.236458,2427.0515,2090.0693,3764.8398,2399.478,1
26252.613,1,5,1,39.844166,-1,0,0,0,-2,-2,777.3751,-8249.51,49151.53,14012.838,-9421.226,-8682.16,628.94257,5861.7007,1488.3821,1416.7361,7930.704,4385.0312,1
112189.96,2,2,1,30.111147,-1,0,-2,-1,-2,-1,195394.33,154017.7,80698.29,123537.83,87642.945,154991.45,1579.0582,14882.615,1967.9204,6344.806,21594.33,6119.187,1
127580.93,2,1,2,38.915394,2,2,0,-2,0,0,221545.53,191357.95,102488.875,85180.13,170919.22,106242.78,11946.604,14674.151,2766.8528,5693.287,1685.6222,26437.287,1
159409.88,1,1,2,32.28116,0,0,0,0,0,0,192293.84,153734.27,85133.88,80488.55,137184.16,151730.4,5254.873,8334.178,912.28687,17588.877,1266.1141,6867.467,1
108767.02,1,2,1,39.28466,0,0,0,-1,-2,-2,149529.95,104406.72,72575.305,47773.145,-12370.292,16730.28,1560.1232,4867.76,38702.14,1417.4963,4425.2114,5075.243,1
280604.88,1,2,1,43.524315,-1,0,-2,2,0,0,-8404.207,-16294.08,24903.176,5480.242,-6875.0073,7460.248,-1293.9657,9639.935,1447.8477,11141.242,9129.93,5092.454,1
72843.16,1,1,1,39.51148,2,0,0,0,0,0,214728.1,228114.73,109362.266,71257.91,184851.25,100388.375,3558.9893,21029.502,4682.1826,5337.7793,-597.661,30841.553,1
237123.53,2,1,2,27.829844,-1,0,-2,0,0,0,5757.789,27366.691,91993.54,95543.32,181703.5,134501.84,-2891.1003,51128.695,2721.1455,3677.5132,3922.9763,5026.749,1
85042.01,2,1,2,28.240164,2,-1,8,0,2,2,101692.31,68706.05,83834.375,69735.99,71337.03,160446.23,-233.82993,6754.9336,1334.8184,2216.2168,10542.5625,3952.799,1
120526.31,1,1,1,41.411556,2,-1,5,-2,-2,2,173384.22,155467.61,96421.734,112756.27,186857.56,148237.78,5031.172,17692.232,3465.0999,7226.106,1860.1954,8354.862,1
72796.07,1,1,1,33.22735,-1,1,0,0,-2,2,221835.97,236132.38,117082.984,47946.703,175437.75,157674.58,6898.8276,24043.77,6632.2974,5053.8228,-1178.7909,33990.656,1
106855.945,2,1,1,32.73476,-1,-1,-2,-1,-2,0,12658.1875,-10501.99,54032.863,27345.453,5132.352,-6003.922,14754.846,7877.6084,2108.767,12089.623,974.6117,31894.336,1
122031.99,1,1,1,31.300365,-1,-1,-2,0,0,-1,7633.258,-11939.248,60143.152,28023.615,-18311.105,9079.168,-546.29865,7933.489,999.5967,1464.4316,16374.502,6337.7837,1
153892.31,2,1,1,33.149254,-1,-1,0,-1,-2,-1,83982.734,-6730.877,86079.74,65060.406,-10967.784,17982.305,15122.148,47440.402,23795.65,4560.919,2612.236,10973.251,1
134435.06,1,2,1,34.51287,-1,-1,-2,-2,-2,2,212455.67,190933.72,111052.62,11240.455,168465.42,190341.72,-9114.2295,955.12195,3403.9814,4294.94,2937.249,15081.616,1
148426.83,2,1,2,31.759708,-1,0,-2,-1,2,0,110681.76,121521.305,66951.89,2206.3435,-7172.1675,-5013.2383,3237.2324,8065.275,1586.656,355.93256,7333.965,3173.4536,1
106743.81,1,2,1,38.394142,2,0,0,0,0,-1,212091.12,186593.61,91769.76,51140.547,-9496.913,119079.91,1694.0677,15074.629,2330.6155,2615.8884,16903.521,18793.889,1
69822.55,2,2,2,30.191864,2,0,0,0,0,2,3489.2659,2845.4392,50023.086,11510.168,-38.112675,-14377.215,-1373.4633,9626.839,1956.5413,2841.047,7190.28,25304.613,1
169280.44,1,2,1,31.290375,0,0,0,-1,-2,5,162101.19,84955.055,60439.168,51532.89,88563.49,142612.0,-954.389,9467.009,663.29663,7952.007,2118.0,5903.582,1
73105.08,1,2,2,31.650394,2,2,0,2,2,-2,-6760.2773,-36384.42,48840.086,34651.168,-22733.648,16718.607,-663.3538,3606.9202,-741.10864,13594.276,7527.8965,5064.366,1
121733.98,1,2,2,31.436312,2,0,0,-2,0,0,218851.61,195130.69,112282.56,49617.75,185435.2,174040.88,3647.2014,24567.916,3860.0713,6824.7065,422.97253,7633.4893,1
146233.33,2,1,1,34.28801,0,-1,0,0,0,0,-3508.281,-28973.607,45450.047,37276.457,27437.691,31945.824,14629.389,6895.62,1049.4675,16601.086,6059.5957,4478.174,1
86012.94,1,2,1,37.11969,2,2,0,-2,0,0,118682.01,10994.678,77834.055,41978.91,155165.95,74775.32,532.58075,7450.1143,1320.0652,1696.8347,5675.292,2805.4417,1
61802.254,1,2,1,34.1895,0,0,0,0,0,0,247499.84,171892.77,88033.125,134940.11,-9896.097,193096.92,3764.9072,26317.99,6927.6367,5352.482,39471.117,11247.227,1
147889.84,1,1,2,28.691843,0,0,0,-2,2,2,4294.4688,-8387.025,35573.363,24390.31,-3112.6519,-18884.434,-2039.6053,7814.815,2030.6641,1778.6201,8247.64,4147.7935,1
164962.39,2,1,1,36.272385,-1,-1,-2,-1,-2,2,-2335.4373,-46801.336,31140.822,49693.586,13434.681,63985.26,8321.346,6814.9824,15112.99,16681.06,5942.0425,16121.081,1
108024.03,1,2,2,34.17651,0,0,0,0,0,0,228214.14,229405.45,122962.71,44790.254,169515.45,175211.86,9343.26,90365.0,6331.7803,9099.23,450.31824,9146.7,1
124545.016,1,1,2,31.736391,2,2,0,0,0,2,206793.67,167496.25,95347.74,128974.01,151176.73,87904.805,-5457.8525,31254.639,3004.7532,7293.8916,5864.426,3167.4849,1
81500.18,1,2,2,30.305557,-1,0,0,-1,-2,0,88520.805,57905.62,70117.98,30709.777,-5467.7417,10378.449,1082.0441,8402.405,709.22266,12878.1,5122.2754,20743.799,1
33173.59,2,2,2,28.545238,2,2,0,0,0,2,-10060.391,-13612.354,41566.902,7105.621,-11538.526,2264.332,-1062.2772,5931.8325,348.52124,1526.4863,8694.735,4537.9365,1
118867.21,2,2,1,34.64785,0,0,0,0,2,2,213448.03,199800.36,108775.95,41814.74,173218.92,185257.81,4966.7383,18454.996,5622.876,4993.429,-343.10583,3001.2656,1
19711.7,1,1,1,43.71779,0,0,-2,0,-2,-2,5405.3984,6657.0215,44100.05,6800.8906,-1037.0463,-21283.527,-1167.2445,34969.176,2386.5916,1322.2207,8079.342,3046.9011,1
110402.66,1,4,2,29.451103,0,0,0,0,0,0,198890.6,176937.98,94548.5,62537.69,16884.604,-6863.4375,6739.961,12247.855,2916.1536,2293.3796,6306.478,4049.0352,1
183460.0,1,1,1,43.8093,-1,0,-2,-2,-2,-2,6148.7734,-18778.85,70124.03,11101.41,-2019.7572,15204.852,14155.564,29303.531,6419.455,6816.263,3333.8306,12933.379,1
105284.664,2,1,1,42.944267,2,2,0,-1,0,0,93655.5,66615.414,77409.58,43737.844,14077.054,96409.65,-1201.58,5565.203,31691.316,1234.498,7015.1,3328.3052,1
130928.016,2,1,2,29.948576,0,0,0,0,0,0,214990.08,196957.55,109772.6,129549.51,105311.66,151319.58,11279.919,26455.293,6205.9844,12677.476,1037.7765,15407.523,1
122571.305,1,1,2,30.059515,0,0,0,-2,2,2,161324.98,133520.97,89622.56,129976.31,174599.38,138456.69,4254.0723,4449.047,8605.864,2394.524,1847.2382,3483.5793,1
19734.918,2,2,1,42.810616,-1,0,-2,7,-2,2,3226.0627,-12864.482,60159.465,12472.1,-4354.0503,-8266.887,-1015.26886,5455.049,1362.1868,1164.6787,7821.66,3387.0337,1
153499.5,2,1,2,26.669043,2,2,0,0,2,0,108378.16,52402.27,84584.5,64422.0,131063.79,105455.36,-1639.1913,11190.914,2054.4695,1719.2969,3667.0315,26943.213,1
96555.21,1,1,1,37.64463,-1,-1,0,0,0,0,7739.492,76368.195,78616.39,91641.41,101260.05,126142.6,22767.842,12285.014,1503.0151,1437.4858,4084.6382,4689.3423,1
140260.95,2,5,1,35.874252,2,2,0,0,0,0,189222.3,165624.58,91277.67,114618.625,152526.62,153758.88,11137.872,2123.7866,2446.7793,2212.6838,4029.3823,2419.518,1
191081.94,2,1,1,40.352333,-1,2,-2,-1,2,-1,-1430.0155,-19039.662,38472.21,2882.4998,-10461.03,-4292.9766,83.24723,23991.066,1833.356,955.8625,4932.005,5010.7305,1
33818.168,1,2,2,30.194452,-1,2,0,2,2,2,-6505.0938,-39860.297,45331.305,31282.879,-9715.464,5476.449,-1161.0184,4627.259,-79.297134,322.4682,8044.1406,16623.719,1
45213.51,2,1,2,32.34464,0,0,0,0,-2,-1,2780.5198,-12067.127,47733.496,20235.314,-7465.062,-9362.809,8710.126,5328.1387,1629.4788,3554.6863,4129.255,14548.901,1
137877.73,2,2,2,31.27691,0,0,-2,-1,-2,0,102013.695,101707.66,40190.746,35409.203,14811.474,128333.766,3952.9426,7138.799,128.0349,16065.983,5362.3506,4844.28,1
189406.61,1,1,1,41.525383,-1,0,0,0,0,0,205891.11,180298.64,101669.945,125316.05,179056.45,135999.55,6286.8413,17743.822,4083.6475,7792.8584,968.1969,9035.149,1
122875.445,2,2,2,29.095549,0,0,0,0,0,0,219099.52,221993.42,123565.73,10259.869,152792.38,154457.77,11586.441,31976.7,7736.16,9175.749,65.73451,29077.51,1
112620.49,2,1,1,37.223934,2,0,0,-2,-2,-2,179767.27,30956.154,50245.88,7654.828,-3732.105,-15121.469,1480.8209,4982.309,1685.0833,550.90497,7742.611,3166.4827,1
119347.29,2,1,1,39.05799,-1,2,0,0,0,0,164429.78,-9828.795,51260.586,4647.2773,-7380.5503,-7689.496,306.78433,7729.057,1120.6807,1607.4807,9229.875,15093.776,1
61761.965,2,2,1,32.53011,0,0,0,-2,0,0,4905.1445,-634.14276,82614.555,32673.066,5572.321,2344.4727,-1042.0521,39508.44,1515.2708,2031.2654,6915.8823,3210.358,1
184183.62,2,2,1,32.62149,-1,2,0,0,0,0,204969.56,189987.36,112391.85,-23475.387,156208.75,204964.25,-6300.01,30598.723,18924.316,9786.89,668.3141,14133.1045,1
214282.03,1,1,1,29.986233,-1,2,0,-2,0,0,208224.5,180948.6,102529.94,133817.0,164282.27,109655.1,-3967.698,46430.07,2289.1702,977.28217,3296.765,6489.8745,1
95701.3,1,2,1,30.645765,0,2,0,-1,2,0,205265.31,193251.92,86450.66,124376.95,125048.836,166736.03,-5633.208,4863.981,1399.4907,3135.3145,16562.123,4563.1064,1
66642.68,1,2,2,35.385567,0,0,0,0,0,0,174067.52,123777.94,90724.42,65630.266,109300.99,92041.305,2931.0945,13095.13,2353.127,3076.163,4128.286,22935.938,1
165566.61,2,1,1,43.33407,-1,0,-2,0,-2,-1,3320.0432,-4689.076,34823.26,7816.504,-5319.5776,112858.88,-627.72296,7440.7627,1470.6943,1387.8943,9566.497,8677.299,1
163662.12,2,2,1,29.298557,-1,2,0,0,0,0,179536.94,166941.05,88204.56,90637.86,-10945.69,4604.496,-1176.476,15044.608,2176.8215,1622.7166,6779.7295,4456.744,1
165411.77,2,2,1,31.227863,-1,-1,-2,0,0,0,-6180.8047,-9186.533,91107.664,76741.85,1807.1139,536.56256,4052.1829,70609.26,1571.8933,1596.5117,7218.5347,7884.153,1
32942.66,1,1,2,31.051746,-1,-1,0,2,0,0,-5277.84,-26564.865,64116.44,35602.69,-10866.636,2317.1445,14715.359,4481.3545,1325.6077,1182.8267,6959.7065,5385.8823,1
169932.83,1,1,1,38.98784,2,2,0,-2,2,2,220320.55,165023.53,98778.09,82302.18,171600.77,183209.89,-2732.3337,-519.55237,2549.3628,12653.635,2773.6587,10865.617,1
203050.5,1,1,1,43.23479,0,-1,-2,0,-2,-1,137538.47,33457.637,51862.15,4159.3594,15333.899,-29542.637,-52.74398,10336.338,2505.4417,2167.1294,1930.4376,30324.01,1
124622.35,2,2,2,27.537605,2,0,0,0,2,0,142992.69,99675.19,84851.766,98211.92,141990.69,126238.94,-698.4378,9707.182,1931.0845,2227.4282,5384.998,2771.1274,1
50452.035,1,2,1,41.71109,0,0,0,-1,0,-1,11147.215,-9885.861,78141.13,43803.047,-9978.733,3121.5625,15466.387,5872.31,16297.209,1652.4512,3505.6013,6284.5527,1
120122.31,1,2,2,30.150562,-1,-1,5,-1,2,0,55459.246,37552.61,73900.914,37210.938,36086.51,60908.902,2493.607,4415.9536,826.3279,435.44574,7783.008,3545.75,1
100047.41,2,5,1,34.08287,0,0,0,0,0,-1,212457.55,179026.86,87398.195,78947.57,-4130.1987,145253.25,4322.092,20524.3,4338.3887,2457.822,18266.17,6244.26,1
176101.89,2,1,2,26.119158,-1,2,8,0,2,2,192568.38,178688.89,97195.63,29095.58,180156.67,189769.02,-4966.6143,2741.7925,2705.1812,6505.3066,8377.341,3921.5823,1
188748.58,1,2,1,42.10106,2,2,0,-2,-2,2,202464.02,158579.86,97694.29,121475.875,200133.52,149187.16,589.9572,15515.492,4080.7908,2584.0432,1570.0939,3560.428,1
124433.41,2,1,2,30.471643,-1,-1,0,2,2,2,174332.1,137931.22,72260.9,71052.63,7556.2837,23364.676,10867.912,5231.4565,7388.3677,684.8664,3139.7732,5781.0728,1
151329.05,1,1,2,35.02411,-1,0,-2,0,0,-2,-7948.535,-9228.857,27245.938,661.48804,-9416.28,-9333.031,-1034.222,6424.964,1665.7656,600.19965,9962.324,3613.8125,1
20087.574,1,1,2,26.44702,2,2,5,-2,-2,2,10063.469,-3073.381,43069.855,16205.227,538.0709,-3273.7383,113.430336,6415.9175,1839.2139,597.43964,3545.6448,3513.2283,1
124453.37,2,1,1,32.605892,-1,-1,0,0,-2,2,6763.9727,-7794.791,80713.6,34388.81,-8040.6323,-349.2929,16086.883,24870.61,2443.4736,8566.209,6820.7266,5805.296,1
229042.06,1,1,1,39.141357,-1,-1,-2,-1,-2,-2,-6070.254,-20518.287,22329.314,22030.717,-11689.343,-5249.84,-1102.4852,4088.677,13202.262,831.04193,9349.752,13246.429,1
101171.75,2,2,2,30.013323,0,0,0,0,0,0,16944.336,114284.24,69333.17,88676.64,-11635.2295,103972.57,27840.93,13389.744,3645.1833,1872.8618,10455.587,15112.787,1
98715.55,1,1,2,34.559807,-1,2,0,0,-2,0,-4575.742,-21460.646,37121.95,22007.295,-6036.82,25113.805,-1027.161,5273.5283,824.9617,13781.595,7245.7964,4864.993,1
128984.195,2,2,2,31.536617,-1,-1,-2,-2,-2,-2,-13925.867,-15147.99,21915.244,3051.7615,-12490.448,1035.3595,-1247.0448,4975.6436,523.0747,-377.36432,9672.195,3963.375,1
82614.26,2,2,2,28.24612,2,0,0,2,2,-1,-1812.0311,-16390.795,67923.85,28124.553,-10979.597,85701.01,-1524.8514,8435.788,681.5686,3222.5745,9098.563,6037.407,1
116283.09,1,1,1,39.29027,1,0,0,-1,2,2,177436.66,154260.12,86259.625,121393.89,173071.52,138366.84,-2508.9412,3096.0398,1725.0486,2464.534,5968.6797,3778.2473,1
131283.83,1,1,2,28.364592,2,0,0,0,0,0,44921.996,319.28693,72172.58,16275.061,-1309.2064,-6762.3203,2089.993,19911.97,2712.6582,9612.984,2820.1775,12245.811,1
229745.9,2,1,2,28.132576,2,0,0,-2,0,0,147385.89,94481.32,89062.35,63005.715,83094.414,80522.62,1093.5233,19864.21,2048.9307,2850.6138,5144.06,8509.968,1
211689.14,2,1,2,36.947765,1,0,0,-1,5,2,201946.56,177764.06,111040.2,-6804.0234,168866.03,194670.81,-8158.8604,-926.5084,3295.8188,4963.0757,4453.3975,11489.051,1
32919.785,2,2,2,38.809994,2,2,0,2,2,2,-4439.3555,-20774.592,71096.54,33061.43,-155.96814,22684.541,-2117.7234,32298.748,1557.8726,854.3139,6198.218,4936.998,1
130179.57,1,1,2,38.90628,2,0,0,0,0,0,214236.5,200089.12,123361.63,7243.324,168738.86,192260.81,5614.1826,21561.857,6100.7095,11001.316,2419.002,14792.997,1
154183.58,2,2,2,31.273111,2,0,0,0,0,0,82931.6,117342.67,105876.2,61643.84,179784.08,168718.92,15621.643,51481.242,4250.9917,5706.7207,2569.968,7815.8647,1
162217.38,1,2,2,41.67641,-1,0,-2,-1,-2,-2,-8997.805,-33387.453,24095.611,29216.125,-19458.406,14216.139,-1615.351,4979.7866,-741.2605,15405.528,5267.722,15079.563,1
112056.33,2,2,2,31.32899,0,0,0,0,0,0,146302.22,197660.86,97269.24,107469.06,134753.98,169940.94,27477.064,19712.484,3905.7192,5722.3745,2171.3955,3849.257,1
263317.03,1,1,2,31.38232,-1,2,0,-2,-2,-2,155920.2,139604.4,31804.47,19368.963,-9369.034,-17690.258,2052.3914,8144.8457,1453.731,990.8923,7473.3916,4050.754,1
25149.254,1,5,2,43.53585,0,0,0,-2,0,0,59528.906,21109.188,48590.945,13638.184,-3341.1675,-16232.453,-528.0018,7128.7954,1902.9766,2409.6013,8061.6445,3135.581,1
96471.83,1,5,1,41.513954,0,0,0,0,0,0,192788.98,37637.273,90773.64,35813.12,67737.484,-4511.5547,14973.073,29047.752,6889.0254,12138.931,1224.7399,26676.52,1
172170.3,2,2,1,36.29144,0,-1,-2,-1,-2,-1,59976.332,-24901.014,41016.625,20516.938,-13804.526,13643.467,13374.554,13785.758,-79.55983,9946.703,3733.4978,14322.759,1
186689.22,2,2,2,38.016247,-1,2,0,-2,2,0,204596.06,167514.8,96766.164,49434.23,179823.23,186080.28,4737.632,1955.882,4928.6807,3264.993,1687.1017,12175.449,1
148405.5,1,2,2,32.30682,0,0,0,0,0,0,177681.72,147576.34,87172.016,116636.55,3715.813,55547.594,-470.72348,8363.862,28423.057,1942.4353,6408.721,3155.376,1
41846.957,1,1,1,36.328697,-1,2,0,0,2,2,13016.727,-13967.916,74263.31,43252.05,15610.882,96510.53,-1415.806,6572.2417,2067.4624,1526.1394,3488.5483,3394.243,1
81989.17,2,2,1,28.782188,0,0,0,-2,-2,2,159477.02,108647.92,92004.42,109177.49,153073.08,128033.586,3143.2568,22420.543,2417.6553,845.77606,2358.043,2428.1814,1
82278.195,2,2,2,35.431023,0,0,0,0,0,0,219647.77,233987.61,107982.086,75270.75,113958.13,-18053.89,9023.522,26604.32,6588.5713,4222.122,915.1376,31298.117,1
308851.7,2,1,2,37.257107,-1,-1,-2,-1,-2,-1,-9963.832,-27710.334,39138.223,28052.055,-14377.187,13449.469,-1541.5858,24228.412,14903.689,14073.278,8304.689,8417.897,1
158661.28,2,1,1,36.889725,-1,2,0,-1,2,0,-371.73813,-14123.154,60768.758,122021.05,111795.945,134126.89,10244.839,3819.1047,47370.812,1241.8699,2475.9805,12683.1,1
31655.793,1,1,1,41.415623,2,-1,0,0,0,0,19889.639,-2776.764,79403.586,39137.254,6650.059,12313.91,-1753.1322,4162.045,1599.2429,1769.6733,6603.1245,2611.3462,1
135338.52,2,2,1,35.84011,-1,0,-2,-1,-2,2,-11338.645,-29217.092,27734.514,18366.842,-3852.1401,13009.523,-1732.5052,4599.1826,-97.54518,14046.537,7833.15,4768.78,1
33930.637,2,1,2,43.66878,2,2,0,0,-2,-2,29824.6,-8144.924,76973.49,7015.746,-5165.5464,-13517.164,-819.87775,5927.846,1789.7986,1135.0198,8601.143,3300.7065,1
133467.2,2,2,2,31.396622,-1,2,0,0,0,0,9431.629,-1460.9825,74536.734,33076.863,25283.684,148435.44,-1047.9623,7023.668,1009.9319,1231.0522,8386.285,2788.083,1
106029.84,2,2,1,37.295403,2,2,0,0,0,0,205286.8,195681.55,81821.02,73169.64,9931.222,13592.574,-4438.2256,10129.942,4325.085,1439.6914,3739.1245,7118.6035,1
41094.754,1,1,2,37.986103,-1,-1,-2,0,0,0,-4717.4688,-6956.705,76189.81,30218.688,388.4381,29538.47,-1307.4198,35059.625,1929.8616,1661.2683,7523.5127,4331.461,1
33095.99,2,1,1,27.397366,0,0,0,0,0,-2,-3760.0076,415.79474,45987.562,1015.7693,-8514.714,-9124.348,1136.857,8051.508,1158.7908,578.4389,8543.395,3121.3035,1
157811.05,1,2,1,40.057243,-1,-1,-2,-1,0,-1,-5563.949,-19715.928,37802.9,38710.055,-16658.145,76675.3,-344.9398,5309.3867,23901.322,744.4277,4390.5024,4951.318,1
41286.52,1,1,2,30.423485,2,2,-2,-1,2,2,-6444.707,-23686.201,25175.008,12138.637,-11356.3545,-8787.809,-1465.4642,4559.5737,1033.1929,623.0817,7377.1436,4037.545,1
35399.98,1,2,1,41.851326,-1,0,0,-2,2,2,84924.64,8264.479,82743.18,69614.72,72902.91,67565.85,-1212.8641,10994.091,2114.174,2536.2534,4454.588,4526.399,1
157557.08,1,2,1,41.893852,2,2,-2,-1,2,-2,117923.555,106604.2,63840.05,47866.074,117199.6,139605.6,6469.098,3565.7737,9.638414,17009.836,4966.6904,5018.6465,1
130536.19,1,1,1,40.111187,-1,2,0,2,2,2,39589.508,-10702.803,62436.22,45663.57,103869.99,102773.35,-1979.1654,9708.405,455.58032,13897.117,8136.1704,13016.295,1
228813.02,1,1,2,32.580666,2,2,-2,-2,0,0,-5843.293,-13286.002,25557.885,9215.719,-8218.183,-15778.1875,-1380.5023,6152.978,1703.1382,1113.6145,9379.019,4329.864,1
171191.5,1,1,1,43.545925,2,0,-2,0,-2,-1,2444.6995,4149.248,37181.402,13810.939,-2638.1401,-18461.68,-1421.2533,6142.1387,2259.8875,1444.3977,8363.193,3554.0127,1
140664.42,1,1,2,31.49534,-1,2,0,0,2,0,204551.97,185081.84,92567.11,37384.633,-5927.2573,-6851.961,-4630.1025,44251.29,3856.3906,2209.8928,2222.7473,5186.7363,1
172305.34,2,1,2,43.402596,-1,-1,-2,-1,0,0,-9224.863,-16849.92,29392.404,3962.9373,-11759.065,21676.244,1748.7748,6833.0034,1315.3904,8717.636,5433.105,13223.772,1
159208.12,1,2,1,36.385506,0,0,-2,0,-2,2,5953.6406,185.47833,64920.184,8326.879,-631.4252,3478.5781,-336.7562,30949.412,2349.2463,10196.817,3048.0632,3662.7183,1
125533.41,1,1,1,38.239742,2,2,0,0,0,0,218846.2,195557.77,116976.16,5980.0625,165932.33,187672.89,10089.479,2129.352,6332.456,10281.221,-298.84412,26216.086,1
106849.03,1,2,2,34.798492,2,-1,0,-2,0,2,143759.95,67377.516,86611.97,105717.664,143042.0,92624.09,-4926.2305,9689.942,2083.8074,2210.1335,4829.3735,3846.7534,1
178123.5,1,2,2,27.546457,-1,2,0,0,0,0,215399.44,178397.75,105859.945,43406.77,162673.84,193217.38,8535.604,608.4901,3779.6426,7917.4185,139.38197,9693.871,1
72464.13,2,2,1,29.360626,2,-1,0,0,0,-1,200437.06,148631.95,83543.58,101631.8,78987.89,112391.84,-4316.08,3453.5793,1410.1023,1817.8921,11678.673,6154.7305,1
261958.03,2,1,1,39.83748,2,2,0,0,-2,2,6167.6875,-3119.9749,34081.676,8423.07,-7255.9995,-20155.684,-471.79477,6420.1787,1675.4785,1519.9023,8522.479,3293.1855,1
43121.043,2,2,1,42.234127,0,0,0,0,0,0,167635.88,142455.16,70171.98,28899.373,-1128.9369,29362.752,2255.6467,6329.3384,1369.864,12075.685,5587.6387,5000.7627,1
90919.32,2,2,1,40.769894,0,-1,-2,-1,-2,-1,397.7189,-10250.787,54204.242,20849.184,-14083.171,134533.77,892.39276,7681.591,943.70435,1532.1475,12582.958,3809.9795,1
125594.65,1,2,2,29.079153,-1,-1,0,0,0,0,169510.55,129180.67,83117.65,101331.664,147915.78,139214.61,-2446.614,2313.3594,1673.9387,1097.0208,4353.929,3717.2046,1
78455.01,1,1,1,32.990482,-1,2,0,-1,0,-2,19933.184,-19167.63,70979.086,36579.91,68336.2,101476.52,-616.1131,17416.203,1830.7048,748.0107,7826.4707,4411.4805,1
30632.082,2,1,1,43.43174,2,0,0,-2,0,0,3292.1995,6207.0605,43950.36,7155.883,-1399.9213,-19052.066,-903.9334,8321.523,1624.4761,1210.0742,7564.194,3411.9773,1
44329.645,1,1,1,36.499767,2,2,0,0,0,2,7037.5703,-16235.873,72509.01,34636.266,7249.2817,51029.17,1990.6842,5393.5854,774.4321,4845.423,8345.414,14922.0625,1
37689.113,2,1,2,27.65935,0,0,0,2,0,-1,-3712.7927,-12946.607,37009.79,17544.72,-9224.558,-12843.4375,-1092.2455,8429.619,637.9209,1634.844,8715.819,14946.448,1
54417.81,1,1,1,43.072903,2,2,5,0,-2,0,146139.44,106084.94,86688.39,83474.68,154124.94,104072.99,-894.5125,5658.901,1911.2781,2037.2292,5709.955,3280.4104,1
114651.375,1,5,2,30.714664,2,0,0,0,-2,-2,150249.23,142547.38,80007.9,20614.396,-9512.827,-5294.84,1718.1906,5836.016,1376.7278,1426.5183,7701.9434,3971.7014,1
146239.67,1,1,2,33.711983,-1,2,0,0,2,2,192310.69,160028.27,90924.14,138313.4,185403.64,153301.88,-4218.1807,9284.172,2365.4326,1436.5046,5720.273,13210.463,1
45028.56,2,2,1,32.350487,2,-1,5,7,0,2,4859.383,-11966.221,68835.375,22295.951,4062.6138,11811.988,1572.0043,7946.3145,1623.3833,1880.0947,6906.0674,3151.0476,1
22936.95,2,2,2,28.72113,-1,2,5,-1,2,2,-8425.551,-22397.17,31272.432,10535.047,-11057.308,-5072.8164,-1316.1381,6040.8706,371.91577,-14.033252,8511.585,4460.394,1
30154.184,1,1,1,43.62054,0,0,0,-2,2,-2,20410.596,-6462.576,75315.03,29958.275,-1886.7611,-13723.523,-149.64877,10336.247,1557.7598,6596.287,8271.614,3893.5867,1
137018.16,2,1,2,29.421465,-1,0,-2,-2,-2,-2,-4771.4414,-20465.928,61322.223,4028.9724,-9181.64,-6554.6055,11437.965,28215.734,2091.133,648.98016,8852.563,3886.751,1
55592.168,2,2,1,43.29348,2,0,-2,0,0,0,105032.85,57081.75,85317.69,42904.77,53932.406,82296.78,3228.501,45554.793,2200.6301,3004.2568,4747.3555,2363.9587,1
31488.879,1,2,2,28.230238,2,-1,0,2,2,0,1489.5704,-23225.662,62642.773,31552.21,-5740.472,-7455.504,-2253.8762,5945.8726,958.8904,704.3625,6839.9517,4494.09,1
133197.73,1,1,1,36.638393,2,2,0,2,2,2,132893.27,110785.164,75778.055,50038.79,-3399.1558,-14663.004,6724.9873,4295.315,1764.3186,1262.3923,6355.4297,4946.3613,1
277252.78,2,1,2,32.893627,-1,0,-2,-1,0,-1,1534.4728,1099.4198,32075.408,5670.3125,-3414.3354,110617.984,805.55927,10067.211,8650.079,885.5441,8937.63,9216.46,1
117549.63,1,1,2,30.39357,0,0,0,0,-2,0,217956.14,188193.62,109521.164,61537.66,-3151.234,-8786.879,9992.616,26078.328,4906.5503,2510.213,2398.4373,5694.947,1
124756.95,2,2,1,36.534443,2,0,0,0,0,0,210787.22,194041.95,114700.15,9077.289,148977.34,129413.41,1198.0245,16358.399,5622.346,8038.1025,1141.9584,5014.127,1
101840.24,2,1,2,31.975767,-1,-1,-2,-1,0,-1,5975.5117,-11887.307,70442.56,25633.465,-2652.8472,119523.93,-989.6409,33778.035,1764.2405,10279.593,10829.944,26675.904,1
119844.37,1,1,2,32.612507,0,0,0,-2,0,0,198948.3,162248.2,94005.95,124451.12,138931.03,-13190.102,9701.619,10263.5205,2345.27,1757.6404,5161.323,3643.0645,1
88337.875,2,2,1,29.316992,-1,2,0,2,0,2,81972.01,47761.25,73740.484,55475.496,97787.945,116090.33,-1610.8793,4645.8716,1416.9575,1009.2719,4722.826,3983.495,1
21660.621,1,2,1,36.7905,-1,0,-2,-1,2,0,-5366.4453,-15553.783,28043.756,4953.6836,-8382.569,-10858.023,-783.63165,9495.542,1072.9565,249.04854,7780.7256,3745.7256,1
134335.38,1,1,1,39.084866,2,2,0,0,0,2,112560.66,83369.22,78786.28,76157.84,162645.25,141518.03,2040.3905,2731.0503,1503.4263,14480.771,6048.4614,4731.0034,1
26562.246,1,2,1,34.167706,0,0,0,0,2,2,-1877.5819,-7578.338,44477.676,22347.23,-3033.687,-7308.0156,-1477.6102,5897.044,2370.2231,1452.7297,7138.5483,4404.448,1
68553.13,1,1,1,42.919018,0,0,0,0,0,0,19167.79,8900.1,83754.96,51645.062,60906.88,66928.305,7144.76,21309.904,4011.438,1290.7312,6977.565,2846.6685,1
179112.61,1,1,1,32.543755,-1,0,0,0,0,-1,148927.05,1494.4042,56268.945,21434.463,-4309.7573,-13345.625,11254.454,10472.427,2553.6216,10228.428,4425.1484,3704.4248,1
181676.4,2,1,2,26.968855,2,2,0,0,0,2,212883.84,179641.56,109113.77,14828.881,165536.78,198517.05,-7505.794,18940.87,3053.985,12609.995,5151.9795,10425.461,1
145658.3,2,5,2,43.474422,0,0,-2,0,0,-2,-10085.84,-211.86932,32587.504,-2854.8792,-10307.351,-2767.9336,428.23306,5626.184,1412.8489,271.90375,10095.503,3536.865,1
137512.69,2,1,2,36.748028,-1,0,0,0,0,-1,7879.008,-2467.7092,68174.586,9532.766,-2687.8472,-12161.289,157.31949,28901.334,3991.6694,1957.2903,3197.947,3553.9875,1
67652.836,2,2,1,33.98894,0,0,0,0,0,0,206707.83,187022.48,81797.46,41228.902,-1007.3119,-2567.4727,5194.0083,24990.434,3804.4456,2993.682,4002.7344,16761.94,1
117081.66,2,2,2,35.068054,-1,0,-2,-2,-2,2,199270.97,177959.67,92813.47,131147.3,177084.88,140136.3,-5227.626,1521.9835,2228.3784,2391.0144,6426.0435,2476.403,1
98356.66,2,2,2,29.999857,2,-1,0,2,2,2,70336.88,56938.582,69747.1,53067.383,97968.66,120573.73,-909.13947,4419.111,-265.61157,1419.0164,7307.4883,4740.89,1
77242.31,2,2,2,35.20704,-1,-1,0,0,0,-2,33946.89,25197.188,69030.984,20892.623,-18181.781,4778.4883,-721.88995,4199.631,88.26878,558.38763,8452.274,4078.55,1
16185.714,1,1,1,43.76667,-1,2,0,0,-2,-1,-1248.2968,-16699.357,31804.43,16212.492,-7784.851,-17858.707,-591.7371,4983.994,1588.4807,1019.0026,6409.84,4570.407,1
215583.62,2,1,2,29.323307,0,-1,0,0,0,0,-2256.7458,-6512.0645,61693.633,22394.793,-1446.6791,4120.5938,15663.405,6455.7007,2163.1138,2094.422,6268.4277,2767.132,1
117245.9,1,1,2,31.754713,2,2,0,0,0,-1,138881.6,111463.38,77134.24,38217.91,-8066.472,-11235.867,2697.1853,5319.1187,1700.7817,1804.9861,4005.5537,2731.6802,1
157571.17,2,2,1,38.603714,2,2,0,0,2,0,194871.2,182052.1,96528.0,60980.02,177130.4,160266.5,-3522.0105,15432.607,4910.843,1954.7764,3264.856,4776.748,1
37703.363,2,2,1,29.044188,0,0,0,-1,-2,0,-8033.328,-12862.783,53320.555,22359.973,-11283.573,12939.889,-776.0203,5765.075,876.35864,10341.512,6231.041,5569.521,1
202515.56,1,1,2,37.77091,-1,-1,0,-1,-2,2,2277.9768,-19928.209,32020.297,24067.053,-9155.284,-16332.582,-1186.1791,4808.5767,2146.4963,1500.7778,7302.355,12610.899,1
39135.504,2,2,1,37.304993,2,2,0,2,0,0,44675.32,13310.092,69960.94,30985.549,6408.27,1589.9845,3878.2039,7481.882,-377.40894,1019.1152,7635.8237,17823.824,1
208498.8,1,2,2,31.614899,-1,-1,0,0,0,-1,6988.1367,4898.0684,45436.78,11837.912,875.86,-16617.684,-558.1458,7842.432,1866.0474,1571.8782,2962.2256,26209.916,1
109738.734,1,1,2,27.415792,0,0,0,0,-2,-1,180367.47,137285.84,88960.82,60574.125,-3314.7026,-13578.441,3451.1707,10841.785,2614.2654,2619.403,2692.095,3235.2546,1
42953.074,2,1,2,32.191345,2,-1,5,-1,2,-2,-4754.203,-24457.373,60985.473,19762.6,-4899.2534,16328.117,1798.945,4559.999,581.33325,2176.2705,8716.616,4030.0151,1
144605.56,1,1,2,41.513805,-1,2,-2,-1,-2,-1,83011.79,52068.375,24498.12,14582.715,-10284.874,-10754.707,-618.1038,9701.104,1689.3296,1223.0156,6344.36,13890.914,1
132608.55,2,1,1,39.444035,-1,-1,-2,2,-2,0,-8875.598,-23685.162,33637.188,14298.215,-13476.835,1405.2423,-365.8895,11365.507,609.3257,10855.643,8608.223,7064.6333,1
115515.375,1,1,2,36.81281,2,0,0,0,0,0,219153.36,196967.1,108813.57,136607.38,130376.055,112076.31,6283.208,18756.479,3979.9128,3513.6177,1678.9769,2728.1296,1
159304.06,2,1,1,43.3384,-1,0,-2,-2,-2,-2,-7612.871,-4213.74,25547.102,6761.426,-6454.1636,-8869.898,-826.2869,5502.472,9961.516,752.5612,10017.304,4375.7827,1
38773.105,1,2,1,40.981045,2,2,0,0,-2,2,171845.33,123412.125,90410.59,123318.48,169859.58,134083.2,-3630.4646,10263.1045,2844.3352,1921.4832,5803.015,9064.56,1
103705.04,1,2,1,29.243828,0,0,0,-2,0,0,110379.25,64946.656,87980.41,71342.28,106476.836,148564.62,1494.2604,14757.763,1622.2837,4250.993,3909.2734,3411.122,1
176692.8,2,2,2,31.196863,-1,2,-2,-1,2,2,-1266.8671,-32958.61,60040.754,133340.03,143597.7,138098.17,-5116.4854,-1898.6583,62904.113,3660.709,3544.6052,10652.761,1
150867.33,2,2,1,37.389465,-1,2,-2,2,2,2,-13401.602,-28360.6,18939.54,7790.09,-15711.046,-2492.996,-1276.8544,5449.9023,176.47533,243.74068,9510.961,4690.34,1
109530.97,1,1,1,38.794155,0,0,0,0,0,0,215631.45,208446.11,117264.8,24049.941,182966.12,153649.03,16149.089,42503.457,5712.392,6386.203,1481.5192,3740.3784,1
91984.59,1,1,1,36.07159,2,0,0,-2,2,2,193025.53,137885.22,92515.07,136637.69,171066.14,119340.266,-2706.2888,17260.67,2497.3638,9842.526,4529.8984,4371.186,1
150071.61,1,2,2,35.387512,-1,0,-2,-2,-2,-2,145414.81,72785.22,77412.945,42934.73,104293.79,104773.58,455.99088,7123.178,1978.9519,1887.9756,7362.663,3760.595,1
135101.28,2,2,2,31.630913,-1,-1,0,-1,-2,-1,-4863.1875,-21727.576,55706.938,24675.88,-14359.159,2427.7422,12882.5,6090.8633,2264.9856,949.9152,7020.4253,5329.213,1
23824.598,1,2,2,27.473831,2,0,0,-1,-2,-2,-3264.195,-15028.197,42887.984,15972.439,-10302.136,-8705.258,-1143.5424,5236.1523,1066.6577,883.34467,7342.186,4914.6885,1
103517.63,1,1,1,34.223644,1,2,0,2,2,-2,202459.53,171415.19,81778.555,122763.0,134769.52,133311.11,-3767.1365,4082.1165,873.12744,1706.198,3013.6226,5213.2466,1
32060.824,1,1,1,36.151566,2,2,0,-1,0,0,-2721.2068,-20346.014,37233.824,8731.02,-10669.819,-7575.293,748.1921,5839.798,4748.1484,954.0361,8445.584,3846.6348,1
40329.176,2,1,1,42.07767,2,-1,0,-1,2,2,2334.5862,-20378.076,71462.57,28110.844,1651.7506,32530.61,-274.59995,4655.582,1160.7134,756.56415,6458.585,3817.4673,1
116130.22,1,2,2,26.802505,0,0,0,0,0,2,211734.12,165901.56,99808.234,117164.75,175666.16,155152.4,610.10223,12168.076,3422.2253,8869.864,5388.957,3633.1,1
42898.996,1,2,2,31.060606,0,0,0,0,0,2,9696.504,-925.1818,83055.37,31318.525,-4131.222,8083.082,-759.76447,6117.0737,2258.5457,1097.3264,4207.9243,2835.3079,1
139655.4,2,2,2,40.61721,0,0,0,0,0,0,206495.05,186803.42,106763.734,13440.844,-60.257206,5405.1562,4381.9214,14150.745,4566.3926,2630.8796,4726.132,4213.296,1
141090.58,1,2,1,33.508522,-1,0,-2,-1,-2,-1,-4627.6875,-12241.334,77529.484,8830.523,-10862.046,-1509.0272,-983.98663,48545.4,1936.6702,8545.961,3535.9937,13624.815,1
102701.664,1,2,1,42.091858,0,-1,0,0,0,0,228398.98,171554.42,89691.16,126151.57,111247.18,132875.94,42796.066,22435.723,2845.4832,3641.2239,2705.3872,5719.1187,1
121075.11,1,1,2,27.355463,2,2,0,-2,2,0,191287.64,139694.69,87311.07,140094.97,183094.89,129676.34,-3658.7576,16839.188,2367.2349,2356.9607,3268.1365,4470.41,1
62218.934,1,1,1,30.552979,2,2,0,0,2,-2,34730.125,9098.143,77393.7,36409.492,65944.82,104971.0,-876.1951,6850.647,1387.9182,1827.24,6685.1636,3786.4731,1
71485.52,2,2,2,35.8074,-1,2,0,2,0,0,42338.652,132356.06,67112.805,35505.355,-830.7103,35630.65,-742.86993,11078.429,-341.77466,792.6745,7866.9053,4294.737,1
128855.516,2,1,2,26.482477,0,0,0,0,0,0,211496.0,210650.22,127048.85,-9646.363,166656.55,188562.94,7906.7075,20760.152,10478.914,5570.926,486.88098,3440.63,1
248673.58,1,2,1,42.110237,0,-1,-2,0,0,2,-4104.2188,-3303.8772,32711.076,6271.215,-8434.944,-11130.762,1222.9738,11278.012,1797.581,359.93573,8535.512,3933.3157,1
162314.67,2,2,2,30.634726,-1,0,-2,-2,-2,-2,4109.2617,-3800.7874,56778.047,18859.863,-11753.144,178002.14,-24.751793,8007.5522,425.2976,1328.7688,27074.602,4532.922,1
93437.71,1,1,1,31.32632,0,0,0,0,0,0,211615.9,191849.56,92478.57,121033.94,126441.75,160067.12,8141.042,14667.952,3081.128,12488.935,3700.5962,20466.484,1
133478.36,2,1,2,29.124647,-1,0,-2,-2,-2,2,-5338.5977,-14294.521,29275.627,7389.8945,-8071.062,-9886.77,-1001.3343,5512.0547,1536.0962,1062.6189,9356.359,3916.6155,1
144192.38,1,1,1,37.071358,0,0,0,0,0,0,24641.328,8464.104,84431.305,112253.73,169247.12,58684.902,-5097.7393,6024.284,47932.984,1549.9514,6099.6343,2744.2373,1
29991.98,1,1,2,27.059748,0,0,0,-2,-2,2,45743.38,6360.1035,80917.766,47860.54,24192.443,39881.918,1568.256,14414.83,1854.5918,2707.7039,7145.619,2870.448,1
238563.72,2,1,1,30.008036,0,0,-2,0,-2,2,168115.92,60678.49,76020.49,22258.361,-365.29236,-20138.508,1051.7421,8199.127,2298.6326,136.24678,8598.091,3232.254,1
111216.88,1,1,1,43.314846,0,-1,-2,-1,-2,-1,123937.56,-4362.088,39815.434,8571.391,-9440.769,-7292.6914,1958.8668,6716.783,1737.3833,2850.8035,6152.988,4268.355,1
37594.52,1,1,2,28.429703,2,2,0,0,-2,2,40635.465,-10202.479,77871.33,45755.285,13945.726,56650.2,-2060.825,12112.546,1909.1299,1602.3511,5997.4043,3552.353,1
51836.77,2,1,2,29.579224,0,-1,-2,2,2,-1,-9783.691,-25311.63,35564.875,17242.127,-11035.155,4085.293,14029.636,7196.6494,899.9507,1079.3159,3421.6765,4160.9844,1
59905.56,1,1,2,39.450092,2,-1,0,0,0,0,201568.98,160214.05,94863.805,127404.76,147460.36,48426.316,-4239.6973,4803.1855,2632.2258,2280.7134,4005.7031,27056.344,1
130920.52,2,2,1,28.882122,0,0,0,-2,2,0,197489.56,169776.75,92354.72,113493.71,173324.83,164649.9,9903.04,3231.469,2735.0305,1827.0232,1255.7897,4562.7417,1
32276.55,1,1,1,40.71973,-1,2,0,0,0,2,-3628.402,-6723.2285,36640.79,6882.0664,-5869.886,-12082.555,-612.36163,7286.8315,1605.2573,1484.3499,9323.612,3465.3235,1
56592.965,2,2,1,32.017025,-1,2,-2,-1,0,-1,-6530.367,-20836.896,30097.176,12629.535,-22800.621,6739.49,137.15738,6150.174,-463.67993,284.77728,8197.922,4632.151,1
18216.059,2,1,2,28.724667,2,2,0,-2,2,2,-4240.3438,-23830.553,29613.791,17154.555,-12936.987,-12837.93,-1020.0726,5176.486,1099.0859,626.2458,8585.325,4331.8125,1
91695.98,2,2,1,36.201653,2,-1,0,0,0,0,178955.7,138230.02,81070.14,108192.25,1995.2897,26561.371,24082.307,12604.616,2462.93,919.0358,4535.0444,6284.161,1
233673.75,2,2,1,36.354256,-1,-1,-2,-1,-2,-1,-360.39047,-17738.092,33118.875,15189.176,-12631.464,-9386.84,558.60516,8043.3037,385.91382,1035.623,8054.917,22389.875,1
21004.668,1,1,1,43.301838,2,2,0,-2,0,2,4089.223,-18470.826,37267.9,26446.91,-5172.1167,-13727.805,-2258.8083,4131.858,2051.4368,1072.8525,6844.5083,4345.5186,1
40059.918,2,1,1,42.939728,2,2,0,2,-2,0,-6359.9414,-27096.068,52172.555,20402.797,-11064.155,1473.2853,-115.896324,4909.895,3148.0715,10645.414,8105.8066,4854.68,1
47032.535,2,2,1,41.759754,2,-1,0,2,0,0,11547.984,-6724.8105,72104.97,33823.707,-10309.987,2205.461,2784.1057,3813.339,220.73216,618.20917,7679.438,4268.311,1
141796.97,2,2,2,30.05345,0,0,0,0,-2,-1,160561.38,-5420.7363,42452.125,13385.549,-1366.1713,-18654.762,642.96454,6641.2607,1655.2935,803.5861,6097.773,15993.99,1
57667.348,2,1,1,42.861984,2,0,0,0,-2,2,53943.273,9637.568,83731.695,54175.695,28475.408,50156.95,-1982.0902,14298.771,2276.9375,1496.79,5097.807,2757.0945,1
296874.06,1,1,1,35.936905,-1,-1,-2,-1,-2,-2,-8546.727,-40545.32,26333.951,33672.957,102036.64,122729.65,-2590.506,2156.1736,33.99291,17129.49,6498.8496,6290.7764,1
138342.62,2,2,2,26.126036,2,-1,0,0,0,0,222391.11,188547.97,114161.29,-8865.8125,132611.48,199839.22,2466.4797,-1512.3292,4786.2925,9735.6045,-468.99353,15027.96,1
115584.695,1,1,2,30.654095,0,0,0,0,2,0,207977.08,184292.27,102232.5,103121.35,189844.17,149883.8,1937.6527,13216.8125,4043.2244,2321.0176,2814.2378,3527.038,1
211106.28,1,1,2,34.27296,-1,2,0,0,0,-2,-316.56625,-5895.5137,36388.227,5814.0312,-10138.175,-13982.332,-188.14584,7065.0537,1618.6694,1432.8533,9320.413,3699.52,1
278210.25,2,1,1,43.333504,2,2,-2,-2,-2,-2,-5960.4688,-2573.506,24129.986,1909.4333,-6072.7925,-14558.355,-1032.9442,4901.4663,1794.9624,759.75775,9557.399,4257.2485,1
110835.195,2,1,2,28.469534,0,0,0,2,-2,-2,-4333.8984,-16766.107,31439.87,10623.543,-10879.276,-12245.035,197.29068,6109.3066,1210.3928,647.6557,8841.973,4214.966,1
42004.51,1,1,2,29.187643,-1,-1,-2,0,-2,0,-3368.828,-26354.803,40151.14,25610.338,-14359.683,-1297.6171,12829.867,6568.729,862.5947,1248.8235,7014.2886,14038.512,1
66876.22,2,2,2,28.367575,2,2,0,0,0,0,147226.77,106839.88,78697.164,49386.613,92795.0,72731.89,6585.055,5840.243,845.3523,1493.9783,4903.061,24731.625,1
29437.793,1,1,2,34.568657,2,2,0,0,-2,-1,4054.7542,-20472.225,68346.13,26944.34,-5506.14,-7494.16,-1739.8978,8271.144,1151.2322,10958.24,4041.7441,15191.079,1
64431.996,2,1,2,31.145224,-1,0,0,-1,-2,0,1014.94543,-34738.805,60591.92,36725.188,12259.905,88321.42,2752.1458,9611.755,-248.69362,16594.611,5430.9927,8824.606,1
25894.09,2,1,2,42.783066,-1,-1,0,7,0,-2,-4629.293,-18444.326,50150.742,19605.096,-6188.9917,-4716.7344,-255.27475,7191.744,1333.9773,787.1657,8086.585,4066.6704,1
38508.566,1,1,1,43.6536,1,0,-2,0,0,0,-2030.3202,14210.705,40326.496,993.12866,-1870.847,-13322.969,-1155.368,33813.645,1844.646,511.85736,9063.858,3068.784,1
94992.21,2,2,1,30.629694,0,0,0,0,2,2,8610.898,23276.363,82047.07,78666.94,115124.4,125956.84,14135.263,9048.674,6606.6626,2022.6042,4656.2124,3402.7185,1
128467.9,1,1,1,37.67397,-1,-1,-2,0,0,-1,10852.113,36315.11,64650.67,25208.777,-12645.519,-465.05853,20244.438,21496.715,1566.73,1345.0989,4557.301,5481.317,1
43450.02,2,1,1,29.059383,2,0,0,0,2,0,-3111.7146,-11014.678,75133.61,39388.62,292.0553,7687.176,15063.472,5462.0337,2107.095,1345.428,6810.836,4478.664,1
145349.56,1,1,1,36.87749,0,0,0,-1,-2,2,8021.293,-20309.318,38078.32,19884.871,-5699.308,-5395.258,4842.2417,5623.0337,2177.1157,11662.439,7097.484,5879.981,1
129408.35,2,1,2,39.25074,0,0,0,0,0,0,210544.2,197291.12,107748.33,52856.863,184443.61,179737.83,10930.808,482.54285,4520.0312,5951.3667,1587.9908,8147.8906,1
110078.87,1,2,2,27.12543,2,-1,0,0,2,2,189218.97,147457.97,89361.41,133584.45,157697.75,144608.6,-2371.5212,10605.807,1908.999,1512.5276,724.4977,4187.8306,1
183377.52,2,2,2,30.318228,-1,2,0,0,-2,2,89574.234,53643.79,80569.82,70396.97,146296.55,115953.54,-2221.3762,6901.2476,2470.7864,1339.0615,7496.0176,3193.917,1
31714.965,1,5,1,44.078186,-1,0,-2,-2,-2,-2,-3546.8083,-11253.541,36111.63,7535.34,-7557.8237,-11570.23,13031.416,4523.6963,2155.6924,968.3376,8576.868,3662.6123,1
40131.004,2,1,2,29.837759,-1,2,0,0,-2,2,-5034.539,-20593.068,34009.348,16881.488,-12394.026,-5687.9414,-342.84848,5208.4097,1030.6965,1096.3892,8263.15,4203.378,1
151738.94,1,2,1,32.683617,2,0,-2,2,2,-1,18953.062,-27112.357,24022.492,15130.17,-9741.03,-12891.586,-387.44614,7274.0044,919.8513,510.5749,8266.299,4247.231,1
32009.05,2,1,2,30.605288,2,0,-2,0,0,0,-6753.4375,-19542.576,31158.186,11476.066,-6599.761,1918.2423,221.97379,13014.873,947.3025,773.00775,8912.395,14176.781,1
120968.57,1,1,1,43.250706,2,2,0,-2,0,0,198384.6,170045.47,96408.7,125381.92,197324.45,152047.62,1898.1708,7761.1826,3255.4124,1194.4153,1916.1586,5251.535,1
92326.95,1,2,2,39.080364,-1,2,0,0,-2,2,136396.05,51427.39,66766.61,17748.936,-7666.652,-9673.465,-1208.4808,6112.0127,1739.5674,1246.3289,7882.525,4168.6113,1
159114.89,2,1,2,32.56143,2,-1,-2,-1,-2,0,-11608.805,-26250.936,29152.375,12843.016,-12331.534,35268.293,-594.6287,7719.6187,-166.32545,12146.235,5943.9614,11016.502,1
23742.254,2,2,2,26.947039,2,0,0,2,0,2,-1051.7733,-14433.752,46652.074,27524.152,-6604.6753,-6047.3906,-1610.4823,6989.0127,1787.249,707.70135,6727.937,3714.7961,1
147099.92,2,1,2,30.381603,-1,-1,-2,-1,-2,-2,-5108.883,-25016.35,71398.695,22837.295,-15188.1045,3750.8125,12955.974,36001.13,6849.198,1012.50946,8248.155,5100.91,1
130450.69,2,1,2,31.821632,0,0,0,0,0,2,2630.3362,-16706.764,52379.273,24825.07,-5549.7456,7197.5293,7935.739,5105.9507,4758.236,10354.646,8338.699,3774.8223,1
64741.613,2,2,2,30.539825,0,0,0,0,0,0,11985.527,-10509.791,68674.47,34936.203,-8391.718,16241.066,463.0851,7191.809,1636.8638,11584.434,3260.0522,15446.39,1
102498.73,2,2,2,35.677986,0,0,-2,-1,0,0,3955.1057,-5719.8613,35414.395,23087.16,8421.978,39974.652,-524.741,6284.4805,17793.375,1581.7637,8840.758,4076.5808,1
22063.871,1,2,2,39.008377,2,-1,0,0,0,0,5513.508,-13711.768,68461.46,20999.9,-4147.437,-9271.762,-1786.8895,4884.1924,948.1416,1353.1682,7253.388,17404.572,1
84397.71,1,1,1,43.451576,-1,2,0,-2,-2,2,120282.125,55796.59,81285.82,83867.04,174447.56,97168.164,-752.78156,3599.7732,3203.3164,3190.561,6212.374,4329.92,1
131908.84,2,1,2,28.696787,2,2,0,-2,2,2,204708.58,159228.58,90426.11,136105.12,178173.45,162537.02,2011.3302,13369.916,1955.6775,4274.602,2180.0173,14902.174,1
109117.664,2,2,1,30.292564,-1,2,0,-1,-2,-1,-4873.922,-13993.064,35294.223,12311.857,-15267.366,15404.355,88.413246,6538.0347,-148.32057,8268.99,4382.3027,4731.3433,1
196352.39,1,1,1,37.77695,-1,0,-2,-1,-2,-1,-1728.6444,-20178.24,57334.074,10061.0625,-7172.886,-10403.129,82.382484,11539.355,2277.2732,10779.617,8752.243,4325.994,1
127763.56,1,2,1,42.58606,0,0,0,0,0,2,189350.58,13598.24,67600.445,18731.336,-752.21814,-17896.3,-1321.0931,6589.021,2925.645,2101.1292,6210.9277,2493.764,1
121411.71,1,2,1,41.089607,0,0,0,0,0,0,212372.94,204138.58,115051.695,29491.0,175967.47,173020.27,6165.0,20891.62,4910.1895,5840.578,264.80286,14921.759,1
195965.16,1,1,2,26.460258,2,0,0,0,0,0,162924.61,106094.01,89857.1,71878.516,78948.91,61300.773,-101.52523,9498.42,2281.0205,2089.0442,6056.6943,2495.0037,1
130597.42,2,2,1,40.913715,-1,2,0,-1,0,0,-2125.1677,-5592.4707,71328.445,2087.906,-11936.179,-6306.0664,518.1589,33823.12,2201.989,1070.9744,6355.894,8256.602,1
136760.89,1,1,2,28.763212,2,0,0,-1,0,0,230379.73,147844.64,89401.945,137981.78,125259.586,122981.59,-4042.611,-1074.088,55587.406,3753.935,-408.10925,4942.616,1
148110.75,2,2,1,37.856476,2,0,-2,-1,0,0,-7602.2188,-9534.92,30591.48,1290.4607,-12333.858,-5082.3633,361.6935,6074.367,772.15796,260.43158,9176.478,3585.1162,1
22357.293,1,1,2,26.82645,2,0,0,0,0,2,3714.9143,-5891.3105,46369.047,22068.234,-4917.511,-11821.609,-2714.551,6458.694,1985.8914,2242.0322,7406.231,4142.648,1
130595.195,2,1,2,27.473166,0,0,0,0,0,-2,190627.94,181484.39,82952.82,22394.234,-6733.3394,-7621.9297,6865.01,6370.172,3168.5093,1617.5728,6985.3574,3611.9841,1
137797.12,1,1,1,42.85066,0,0,0,0,0,0,149831.88,124002.086,78668.15,58040.6,42339.125,105666.06,2854.5918,6479.5557,454.14038,17072.113,5027.3403,17427.803,1
75707.31,2,1,2,29.576529,2,-1,0,0,0,2,81144.51,47988.14,81030.95,54226.81,91818.99,99642.79,-2520.1135,3158.4814,1164.0352,1680.3198,7202.814,2641.4368,1
79715.05,2,2,1,29.675785,2,2,0,2,2,-2,29219.586,14875.896,64755.65,71815.16,-17872.137,-1605.5546,1898.9406,6583.39,-470.38745,29.474072,8586.676,4501.6265,1
30990.043,1,1,2,36.64961,-1,0,0,0,0,0,4370.414,-7514.717,68313.44,23789.459,-3503.0464,-6499.1953,15895.509,5260.318,2354.4531,2641.4983,7228.2417,4584.4106,1
66054.08,2,1,2,31.007696,0,0,0,0,0,0,249715.83,181278.94,100922.63,84613.516,55301.383,176280.92,4965.894,24727.742,6599.782,8471.058,35420.125,11168.018,1
33560.69,2,2,1,36.458366,-1,-1,0,0,-2,0,-9961.398,-11388.947,45018.875,17461.21,-13620.636,1614.0353,-1222.121,4308.465,618.7683,1878.906,7431.8955,4857.287,1
45987.74,2,5,1,39.99993,0,0,0,0,0,0,7678.703,2462.6228,78095.9,28840.154,9317.005,19919.445,1983.0016,9659.06,1978.8623,1777.3203,7540.537,2709.3772,1
66615.414,2,1,1,38.60334,-1,2,0,-1,2,2,66992.09,32027.453,76837.83,46658.22,104997.76,105352.55,3979.6042,10492.039,1267.6904,1550.8628,6497.9844,3993.3733,1
129474.016,2,2,1,36.99231,2,0,0,0,0,0,195152.53,175484.25,91713.49,108656.36,130923.96,123190.766,3877.0535,10238.47,1652.6274,2419.061,3535.8867,12968.346,1
142741.67,2,1,2,31.23444,0,0,-2,0,0,-2,32817.79,-7989.9316,48156.805,-5024.047,-7099.2534,-8813.852,286.5402,30269.93,1933.8835,129.12935,9739.936,2941.9077,1
25276.043,1,2,1,43.241756,2,2,0,-2,2,0,4848.91,-24253.639,64398.656,27523.016,871.7897,29754.475,-675.9012,7498.93,1272.3069,1063.7888,7880.876,5309.3594,1
33853.926,1,2,1,29.006067,0,0,0,0,-2,-1,4508.8633,-5257.9707,53455.055,18666.887,-5702.8433,-14062.961,-973.1707,8567.596,1492.842,1564.6392,4296.558,16552.414,1
116450.31,1,2,2,33.609814,-1,2,0,2,2,2,27334.135,-5380.635,62058.227,34498.17,29503.635,89310.74,31.361977,4999.8984,865.354,808.60297,8786.213,4823.352,1
199182.73,1,1,2,31.884844,0,0,0,0,2,2,19504.582,7546.4043,41420.38,31582.053,2526.6372,33541.492,-908.7684,8681.328,3691.123,453.8388,3026.399,2720.948,1
84577.17,2,2,1,39.52024,0,0,0,0,-2,-2,113510.016,104147.05,80431.234,13170.67,-9478.581,-5293.551,2739.7302,7316.958,1257.7759,1013.8835,7688.201,3871.1956,1
70168.47,2,2,1,27.340424,2,0,0,0,-2,-1,23917.113,-2179.7795,64768.742,28015.014,-8999.616,115236.88,-2798.636,5714.584,1480.8333,1912.9749,10944.139,4974.236,1
34559.246,2,1,1,43.64238,0,0,0,0,0,0,2255.4065,2114.9587,47887.363,6638.0117,-1317.5072,-16047.543,1265.7042,8152.6406,1714.6907,1660.2205,8274.819,15120.514,1
23870.535,1,2,2,30.733019,-1,2,-2,2,0,2,-6742.2812,-26571.334,30257.693,17201.594,-13496.323,-5875.2188,-1200.9818,11007.019,1186.7383,345.68866,8059.482,5074.2227,1
157352.86,1,2,1,43.486465,2,2,0,0,0,0,13180.086,4340.674,78293.75,34186.312,56479.246,90443.25,10363.751,5790.9897,2336.6553,1678.9778,3786.1177,3575.4114,1
164860.77,1,1,2,32.228695,-1,-1,-2,-1,-2,-1,-2492.9216,-15891.643,30849.732,14379.92,-9228.175,33220.668,-806.1268,5497.446,1821.814,1494.301,4193.163,3953.2356,1
117423.32,1,2,1,39.72492,2,0,0,0,0,0,212415.56,211013.22,113916.75,141984.8,103410.586,86333.97,15118.7,29629.213,6190.6807,3778.698,359.4391,24389.916,1
143757.75,2,1,2,30.415787,2,2,0,0,0,0,185055.6,158493.72,87755.29,114215.016,140291.61,-2102.082,12728.573,2690.1768,2204.9438,1362.5586,5919.8364,3861.188,1
35030.324,1,2,1,39.771576,2,2,5,7,-1,0,35855.805,7774.799,78889.03,37395.867,28624.037,61993.69,533.7033,10586.393,1471.8752,2226.1814,5995.472,3089.7175,1
46483.902,1,1,2,36.799137,2,0,0,-2,2,0,69101.84,7710.076,81856.49,69775.92,28452.316,57962.133,-2531.4417,11237.795,2010.4473,2448.507,4730.2686,3952.8198,1
85105.375,2,1,2,31.692585,0,0,0,0,0,0,214861.22,224492.84,108147.164,54225.562,175252.62,152912.86,6756.783,20755.193,5685.9365,4952.0166,266.04895,28307.965,1
108980.914,1,1,2,31.981852,0,0,0,0,0,0,31851.254,49068.68,103670.24,97464.19,191370.97,139580.58,-5947.0156,53660.312,4158.8545,6565.76,2321.1882,5950.213,1
137745.06,1,1,1,41.657078,0,0,0,0,0,0,7554.2617,19701.111,47223.066,4566.0117,-1699.0228,-20532.734,-520.70245,7626.09,2320.6438,991.3244,7711.22,3618.1587,1
124706.336,1,1,2,30.72604,0,0,0,-2,-2,0,9164.582,130.67365,44606.996,20348.955,-3090.273,28806.414,-489.39487,8699.603,2101.5005,6602.8853,4756.9453,3279.4595,1
152034.72,2,2,1,37.767513,0,0,0,0,-2,0,169700.58,134500.03,75816.914,60727.016,21301.139,117577.97,3725.8586,9508.97,696.74756,16934.576,5316.608,4127.872,1
151610.47,2,1,2,31.649073,0,-1,0,0,0,0,5146.449,2810.24,76998.586,121472.31,130557.305,136337.25,889.3576,15247.793,46340.215,7647.505,2435.1472,10819.229,1
44528.832,1,2,2,28.21197,0,0,-2,-1,-2,2,2735.8284,-11823.229,32989.37,16651.943,-7077.773,-3088.879,-1989.1239,4731.1396,1162.3174,9693.261,8079.4463,4819.866,1
35147.31,2,2,1,36.20567,0,0,0,2,2,2,-1320.2343,-20640.404,67412.48,30429.865,-835.29236,19497.254,2120.1577,5835.9023,898.88574,500.37225,6577.109,4652.5566,1
146507.69,2,2,1,38.32026,-1,-1,-2,-1,-2,0,-5071.8516,-34183.203,29032.018,26934.13,-7634.281,33782.965,-930.0672,5174.5723,-616.61597,14910.002,5628.939,9946.942,1
114941.586,2,1,2,42.9139,-1,-1,0,2,2,2,-4903.789,-29192.725,37266.277,22704.98,-10229.565,-4841.4805,-1705.62,5452.7256,1201.5215,833.2695,8169.8984,4663.681,1
141638.17,2,2,1,37.096508,0,0,-2,-2,-2,-2,-5215.59,-18136.162,40506.844,9294.723,-11633.894,1020.94147,15339.134,6043.0645,1219.9146,4290.869,7769.7715,4585.6875,1
36745.027,1,1,2,30.585638,2,2,0,2,2,2,31921.201,-10015.189,72473.45,46484.105,6588.516,46927.355,-2279.057,9585.17,1082.7173,1312.8518,4468.288,4498.21,1
132755.22,2,1,1,44.157047,-1,2,0,0,0,0,192848.64,167567.17,91409.664,121052.01,161840.98,138733.12,4746.9707,3299.0303,2569.7913,1014.8649,3773.7124,2933.7612,1
134463.56,2,1,1,42.758453,-1,-1,0,2,0,-1,-10363.008,-18629.982,29084.555,8794.832,-14695.933,-6450.4805,-810.93536,5484.6304,809.4741,877.5827,9407.464,4614.8516,1
235608.48,2,1,1,36.176582,-1,-1,-2,-1,-2,0,798.95325,-33122.445,42697.676,27383.416,1852.3678,66466.4,11287.269,15532.501,233.39085,15230.739,6516.307,19844.809,1
159701.94,2,2,2,31.308937,0,-1,-2,0,0,2,-5402.8633,-2868.4006,46495.973,12006.0,-8396.366,121430.266,167.16177,15181.588,1917.521,1300.6482,9985.248,3329.5732,1
261591.27,1,1,1,43.234367,2,2,0,-2,2,2,4951.5195,-14039.604,28623.04,20897.871,-4905.902,-23204.188,-1826.121,5641.4243,2059.2764,2026.1401,8332.66,4790.9697,1
24854.309,2,1,2,43.71192,0,-1,0,-1,-2,-2,-6038.758,-9368.166,37065.516,6074.922,-10661.085,-9201.164,789.6296,4592.7188,1220.9285,702.87103,7239.6304,4322.5386,1
154594.81,2,2,2,30.633757,-1,0,-2,2,0,0,-12841.199,-14878.994,25965.098,659.7107,-11963.565,-5462.3594,-1214.142,6713.093,568.66895,430.52582,9851.551,3740.8252,1
135522.38,2,2,2,30.964458,2,2,0,-2,0,0,189936.42,156523.67,88643.44,124390.81,167323.62,153884.45,-2410.5916,18440.688,1420.9639,1625.0491,3214.5203,11188.235,1
188061.89,1,1,1,37.750187,2,2,0,0,0,0,206193.78,202713.08,113496.94,56869.3,183174.05,177299.4,-6924.283,20274.646,4091.133,5685.6255,1502.7357,8333.982,1
134422.08,2,2,2,29.687256,0,-1,0,0,-2,-1,-3373.4841,-10499.42,75446.33,49309.5,-10082.702,24801.752,16386.748,29437.467,2716.075,9705.667,2421.8782,14704.384,1
276574.5,1,1,2,32.965664,-1,-2,-2,0,-2,-2,-5588.1094,-3028.1428,25227.506,4556.922,-2984.5503,-15449.07,-1980.786,4625.1787,2036.0986,832.2248,9611.85,4319.5103,1
124635.58,1,1,2,31.198957,2,2,0,-1,-2,0,-862.10925,-16009.975,31022.111,14540.674,-10069.53,-15492.156,-961.847,5696.086,1732.9963,1372.7896,8159.2734,4211.312,1
146542.27,2,2,1,32.607487,2,2,0,-2,0,0,217641.2,183037.83,108887.13,14090.045,171587.48,183907.62,9638.035,21372.643,3070.8489,7172.9067,260.82874,8424.276,1
41327.2,2,2,2,29.429865,-1,-1,0,2,-2,-1,-10258.191,-28818.1,39519.91,29539.082,-17725.816,5089.297,-2369.3704,4293.96,445.7019,8622.633,6961.626,5919.5605,1
130242.625,2,5,2,31.277288,0,0,0,0,0,0,196803.67,176232.44,96093.93,114229.06,152377.17,147682.02,2510.069,10282.165,2851.0676,3631.1133,4905.114,2560.2876,1
145426.66,1,1,1,43.657997,-1,0,-2,-1,2,2,139867.66,161578.97,77813.87,14008.736,-7738.8433,-10751.4375,-622.5965,5165.664,2031.5938,1351.2725,8267.969,3678.2253,1
125518.26,2,1,1,32.57732,0,0,-2,-2,-2,-2,-6944.2344,-9915.225,24301.496,2374.2185,-10327.995,-9794.785,-540.388,5961.3574,674.00684,373.74066,9484.26,13347.65,1
32001.309,2,2,1,41.121563,2,2,0,2,0,-2,-7325.7305,-26419.459,38851.77,17237.441,-13921.706,3886.6992,367.20718,6351.157,848.54517,1390.8687,7871.354,4665.8857,1
36377.887,1,2,1,36.85817,0,-1,0,0,0,-2,-5421.7305,-15566.783,58309.16,21565.557,-15044.874,872.3243,15050.842,4132.1553,1635.8401,1004.0192,7419.229,4768.9395,1
36040.66,1,2,2,29.11495,2,2,0,-1,-2,2,-6103.836,-19997.92,28625.377,11216.057,-12436.085,-9190.621,-1189.8866,4400.532,927.55444,122.16304,8170.028,3999.6648,1
287907.84,2,1,2,31.750397,-1,0,-2,-1,-2,-2,-9671.379,-26093.982,24446.059,9004.527,-908.9603,12138.047,1188.1144,6598.6206,881.2644,13481.636,5199.7393,5555.1724,1
82145.12,1,2,2,42.979572,0,0,0,0,2,0,20478.088,94846.41,85940.34,106740.29,131938.73,119687.1,16171.7705,8962.053,2760.9368,1802.1562,3584.2458,5275.284,1
88570.27,1,2,2,41.751534,2,2,0,0,0,0,177432.44,128101.81,91468.48,113174.39,162324.4,131151.36,-781.22345,8472.995,2559.376,3032.1523,1103.6373,3163.344,1
227854.0,1,2,2,32.39695,-1,-1,0,0,0,0,-2405.5427,-21883.053,60482.27,23367.166,3184.184,34922.26,3451.1733,5277.9,896.8738,10139.54,3732.1917,4198.638,1
164670.06,1,2,2,31.217428,-1,0,-2,-1,0,0,-13636.039,-27041.248,24393.008,10676.352,-7698.7456,71970.07,-1735.2772,4358.825,-124.14186,13111.818,8525.207,4431.827,1
20025.7,1,2,2,28.190277,2,2,5,-1,2,0,-2658.2927,-18997.834,40957.777,10971.342,-3503.3706,-9051.457,-1594.0853,6119.884,1096.9565,408.7282,8524.457,3496.3967,1
54122.56,1,1,1,30.138718,2,0,0,-2,0,0,10842.492,2793.6228,81084.28,54465.555,16090.577,48579.85,14560.149,10228.529,1837.9753,2292.8298,3857.1382,2887.1018,1
37446.74,2,1,1,28.847052,-1,0,0,0,-1,2,5324.422,-9542.408,73727.41,34557.594,-835.6127,4788.0156,-1111.0726,6247.6157,2010.8689,1409.5674,7295.166,4423.0586,1
67727.53,1,1,1,42.280804,0,0,0,0,-2,0,49426.992,26374.615,79100.61,31860.77,-210.8158,15148.24,1267.788,5338.3237,1237.2932,13812.9375,7042.4565,4076.2747,1
178863.38,1,1,1,38.872974,-1,0,-2,0,-2,-1,118591.484,250.32599,37567.41,11340.32,-2695.894,-17540.863,2246.8826,16414.988,2393.1038,1550.9114,4914.4927,12606.484,1
80043.086,2,1,1,31.391766,2,2,0,0,2,2,143772.36,95136.86,83317.4,84707.63,134755.4,122545.74,-2511.5803,10266.572,1893.4968,1624.5828,3483.9404,2419.4302,1
137376.38,1,1,1,29.623863,-1,2,0,0,0,0,193545.23,168001.16,82222.15,57113.824,97337.98,108127.7,-1210.9662,21195.17,2521.0952,6941.1143,6474.4565,4033.3323,1
123523.016,2,1,2,31.509262,-1,0,-2,-1,2,0,-6405.203,-21995.03,27523.117,9616.875,-14630.124,-5660.7773,254.74918,6044.0044,552.5713,592.3344,8948.78,4084.8398,1
94993.51,1,1,1,39.676956,0,0,0,0,0,0,187032.44,162629.08,96877.9,114830.91,164822.22,55301.31,-200.74887,10271.512,2744.07,2996.3252,5096.987,2596.159,1
139856.11,2,2,1,38.02516,0,0,0,0,0,0,208816.16,204266.53,125168.48,-29981.379,147105.69,200272.9,9855.21,29758.766,7057.0225,10709.543,-449.25525,14617.542,1
43355.215,2,1,2,28.758467,-1,0,0,0,-2,-2,922.5431,-15073.357,74589.04,26396.268,-10269.647,-2553.5352,15747.907,5379.624,1998.0432,1800.7273,6773.8643,5397.437,1
150183.8,2,2,1,35.911102,2,-1,0,2,2,2,198773.17,151060.3,89404.51,137181.12,173477.56,157857.19,2807.31,10507.888,1494.6965,9662.8955,1288.2609,6584.8477,1
218495.55,2,2,1,37.537518,2,-1,-2,-1,-2,-1,-4588.074,-12932.92,30051.092,7576.215,-8268.784,11124.971,4816.6313,6589.885,1671.322,3071.3606,3506.3516,6607.7095,1
45791.09,2,5,1,34.01232,2,0,-2,2,0,0,-3650.3044,-16156.857,54093.355,13274.496,-7061.3354,5784.949,377.63882,29036.799,1000.4385,1206.4426,8393.793,3775.4976,1
50368.207,2,1,1,39.907692,-1,-1,-2,-1,-2,-1,-4296.258,-26195.67,60600.367,21594.475,-15389.05,2569.6914,14228.851,26287.049,1706.5242,1855.6755,7182.3784,11548.366,1
267435.84,2,1,1,43.81969,-1,-1,-2,-1,0,0,-3232.9216,-7153.5723,29214.193,2820.1052,-9187.269,-9597.488,1574.0228,14003.229,5301.0254,720.45526,9790.683,4352.6978,1
129307.75,1,2,1,34.778053,2,-1,0,0,-2,2,-435.44907,-9934.4,49702.465,18602.912,-8407.312,-5426.996,5859.28,5780.321,1970.6289,1531.0728,7177.3955,4601.33,1
123685.66,2,1,1,39.47647,0,0,0,-2,2,0,187461.83,147936.02,89850.17,73411.46,109354.8,92898.18,1751.7823,16178.837,2154.508,1567.8772,3638.2427,2984.2441,1
116750.7,1,2,1,42.730556,0,0,0,0,0,0,72264.73,25539.979,79570.12,28679.871,108247.055,87945.12,1039.5182,21171.879,1832.9714,13053.721,3588.765,3227.3762,1
49853.06,2,1,1,43.40147,-1,2,0,0,0,2,-2229.8552,-24723.717,65327.906,25274.314,729.32874,17237.602,-554.8162,5082.0146,437.08716,12017.071,8327.607,4629.7354,1
198395.23,1,2,2,43.356327,0,0,0,0,-2,0,6641.629,-245.05292,36639.785,13931.949,-111.202515,-14548.332,1935.0878,8426.055,3282.9685,10552.108,4722.9087,3629.9988,1
46778.56,2,2,2,32.141426,2,2,0,2,0,-1,9178.875,-12566.92,70103.5,23957.572,-7099.0854,93969.65,-930.13605,8595.317,386.60474,1595.8328,5024.933,2855.6133,1
168454.83,2,2,2,33.941486,0,0,0,0,-2,0,-8348.152,-26858.99,45359.78,34090.098,108083.88,135747.12,-1116.7919,4500.7246,31.871813,16347.032,6367.049,4543.8853,1
16163.136,1,2,2,34.534813,0,0,0,0,2,2,3789.8948,-4246.748,31122.68,21702.445,-886.8158,-16815.574,1463.5917,9817.135,2296.2517,972.1298,7527.236,3361.249,1
133079.53,1,1,1,39.05248,-1,-1,-2,0,0,-1,-5257.16,-19479.436,31602.504,10098.418,-16025.706,-5898.3945,-523.06134,12609.394,731.5254,1076.8013,9503.213,14260.136,1
91023.02,1,1,1,41.613377,0,0,0,0,0,0,214260.4,218150.0,104053.54,114842.29,105226.18,-18885.969,8548.472,21983.12,4011.1106,3403.1724,1328.2699,27642.037,1
199880.34,1,1,1,40.243324,2,0,0,0,0,0,190446.47,144492.94,89844.91,56302.027,48026.383,-8087.758,4733.678,9748.53,3039.3198,7334.285,5134.189,18246.883,1
39821.74,1,2,2,42.38163,0,0,0,0,0,0,122758.836,66982.445,90119.1,79360.56,126060.79,110991.47,-2137.3894,6821.5986,2170.9585,6416.014,5379.618,2627.0461,1
36517.746,1,1,2,34.023216,-1,-1,0,-1,0,0,-802.9569,-22326.818,63510.92,25565.65,-8824.687,-4290.672,-370.30112,4967.256,5745.3594,1100.345,7862.687,4372.171,1
140711.39,2,1,2,28.135109,-1,2,0,2,0,2,146103.34,124534.42,79614.71,112172.44,172035.95,128353.69,6870.7437,1885.2325,2343.2302,1591.094,5672.3286,4557.1226,1
35193.87,1,1,1,35.857327,-1,-1,0,-1,2,2,-5734.957,-27644.201,46714.934,18283.46,-10034.741,-3925.3945,-748.4134,7400.2866,624.7864,430.00824,8550.772,3942.7485,1
118431.88,2,1,1,43.305916,-1,-1,0,0,0,2,-2362.1482,-11093.029,42068.555,10195.094,-12826.526,-6773.379,-113.20248,6190.0654,1289.9299,1337.3862,5947.1665,3977.5808,1
112074.95,1,2,2,32.25493,-1,-1,0,-1,2,0,24668.863,21992.654,72206.79,56257.312,100227.89,115520.96,11038.404,2719.149,1374.9038,5820.337,5929.3794,5011.758,1
180741.92,1,1,1,34.719624,-1,2,-2,-1,2,0,-1298.3788,-19301.42,43184.402,108404.42,142203.69,120097.08,-2610.2146,1238.6317,42200.62,1749.5845,1127.4718,4236.8516,1
124106.82,1,2,1,36.06454,0,0,0,2,2,2,184218.69,150754.47,89804.77,131592.39,165681.27,147394.31,10765.7,1865.0824,2017.9854,9287.467,914.4518,5156.1704,1
191888.56,1,1,2,36.22984,-1,-1,-2,-1,2,2,1448.7189,-26233.115,41633.105,46804.69,1877.4225,7244.379,13784.06,10845.88,15744.13,785.74384,2954.586,5132.795,1
95542.7,2,2,2,26.65177,0,0,0,0,-2,2,141406.33,99466.94,89472.24,110112.6,147841.53,140370.56,-1663.0009,8180.33,3380.923,1070.7053,5113.961,2841.6702,1
78926.94,1,1,1,33.721447,2,0,0,0,2,2,64297.605,19189.633,82874.5,63785.215,73681.66,81618.82,-1483.9115,8437.109,2073.0264,2716.4922,5141.656,2970.8984,1
60267.832,2,1,1,29.500462,2,2,5,-2,-2,2,123114.71,93688.84,81502.71,77108.695,139038.86,113318.68,3015.8135,8581.205,1524.1436,1555.3113,7655.2065,3015.271,1
147673.16,1,2,2,32.897705,2,2,0,-2,2,2,216504.64,168362.69,102227.79,66860.58,182709.47,179321.88,3318.3013,12639.184,2871.3647,1816.6501,152.31898,5075.528,1
88981.07,2,1,1,42.853363,-1,2,0,0,0,0,152857.83,37608.742,79189.6,27943.28,28228.66,57855.996,31.840492,15292.984,1655.738,2226.894,7023.8506,2673.9104,1
187378.44,2,1,2,39.0684,0,-1,-2,-1,-2,0,-5380.957,-11496.166,32954.996,8859.156,-7930.2886,-5028.832,877.69305,8154.9224,893.30835,10042.658,8613.805,18683.732,1
26513.879,2,2,1,42.25209,2,2,0,-2,2,2,-10141.973,-11161.564,23408.488,5089.7266,-9817.128,-12559.961,-871.23517,5089.388,980.13574,284.12006,9591.071,4114.6304,1
52396.574,1,2,1,43.70271,0,0,0,0,0,-1,133183.61,102691.875,85374.2,55569.73,-1679.1088,2923.7031,3213.3784,7912.123,1434.1809,1392.2266,3406.5303,15241.216,1
201570.67,1,1,1,42.940636,-1,-1,-2,0,-2,2,-235.4686,-14241.088,30618.777,14647.734,-7872.7573,-14543.223,-1169.8461,5469.1772,2010.24,1555.3169,9047.625,4598.1245,1
119050.98,1,2,1,36.03095,-1,0,-2,-1,-2,0,3629.551,-19575.186,46949.734,16116.561,-10670.897,-8223.715,11431.391,16224.87,2326.24,1456.9661,7100.8506,4219.137,1
57125.918,1,2,2,28.219841,2,2,5,-2,-2,2,126050.586,77438.11,87383.97,80799.625,131824.17,95917.67,-213.23569,12465.686,2039.1333,1031.8176,4896.079,2979.1987,1
137674.75,1,2,2,29.152641,2,0,0,0,2,2,210506.06,176689.45,99888.78,109755.18,179784.3,160028.33,1899.8981,13803.548,3067.4585,4932.3086,3967.8943,13963.254,1
47609.332,2,2,2,39.199936,0,0,0,0,0,0,66355.13,34428.78,85394.71,32604.69,2024.653,-7165.7617,263.46402,35145.125,2450.1814,1745.8408,6752.292,2403.8748,1
44454.777,2,2,1,30.702177,2,2,-2,-1,-2,-2,-10876.797,-22670.545,26523.066,7114.4883,-19207.035,5560.883,-565.5579,5655.422,-505.45142,-172.63335,8155.6484,4362.0503,1
37721.44,2,1,2,29.156874,-1,-1,0,0,0,-1,6114.1875,-6829.8496,76885.08,37472.727,-112.05798,7320.6543,12510.502,25272.408,2871.7202,1711.3738,3327.003,5499.5586,1
75991.86,2,2,1,32.062313,-1,0,-2,2,2,-2,-12823.48,-20684.521,36634.45,5287.422,-12696.675,6126.9277,-940.3958,23425.715,391.469,-14.711474,9264.869,4348.49,1
41280.56,2,1,2,29.965961,-1,-1,-2,-1,2,2,-8823.922,-34654.42,31503.25,24211.855,-17981.55,4740.34,12557.081,5182.3257,280.79077,23.827099,7182.1294,5449.228,1
139610.19,1,1,2,38.096634,-1,-1,0,2,2,-2,-4788.3516,-23070.17,29748.8,15497.949,-13164.534,-14443.094,-1206.4706,6090.247,972.3738,1126.9648,8692.068,4646.258,1
104294.92,1,2,1,39.97849,-1,-1,0,2,2,2,127917.484,66772.13,78769.96,85793.53,142784.53,105868.3,1742.1552,7748.3755,1359.9485,1121.498,5462.293,4319.952,1
52300.465,2,1,2,33.765213,0,0,0,-2,0,0,71559.26,33261.32,80826.72,42728.047,28052.852,45261.453,3505.1362,8091.182,1334.685,1840.5273,4862.2207,2623.5125,1
60730.49,1,2,2,32.30337,-1,2,0,0,0,2,16992.016,-7588.42,69279.336,34210.688,-5321.933,21166.041,764.4572,4580.2227,828.1548,1114.3518,8377.015,4210.6143,1
176723.97,2,2,2,34.568893,-1,0,-2,0,0,-1,-10933.445,-16320.908,24938.59,3362.277,-12386.401,-4661.0195,1278.6945,6478.543,596.5764,891.4882,9845.971,13616.986,1
57635.535,1,1,2,30.697502,-1,2,0,0,-2,-2,7195.0977,-23995.537,28913.133,13314.439,-11837.237,-13407.254,128.23404,23513.176,1204.987,585.7453,8183.746,4408.1465,1
119826.81,1,2,1,41.63396,-1,0,0,0,0,0,5785.2695,-8565.662,66761.69,18268.723,-2106.5776,-1406.7577,343.77115,7939.227,1799.1978,1863.073,7815.4565,3584.8342,1
147978.92,2,2,1,42.592514,-1,-1,-2,-1,-2,-1,-11603.219,-18055.42,25884.809,2195.3748,-15055.929,-1507.3085,-795.2635,5430.905,634.8574,336.62567,9529.461,4432.0166,1
127461.484,2,1,2,38.54383,0,-1,-2,0,-2,0,81049.35,-1702.7833,47440.418,11516.725,-7910.0894,-3230.7578,15322.54,5621.35,1745.9861,1574.7278,8521.039,4405.86,1
118011.09,2,2,1,32.224083,0,0,0,0,0,0,190301.23,153684.31,89426.38,89063.37,95877.336,8212.514,712.8752,12458.887,3675.225,3038.524,3463.7551,3072.7227,1
53121.973,2,2,1,32.812828,2,2,-2,0,0,0,9487.004,-9548.471,72897.54,10231.465,-4101.0464,13593.908,199.45132,40966.45,846.8723,1120.9333,8496.069,3616.3215,1
147926.44,2,1,2,38.069817,2,-1,0,-2,2,2,224011.72,175660.72,106847.484,50309.82,179962.19,185752.1,3130.8826,17110.002,2969.9749,10127.554,-15.548692,11242.233,1
26637.73,1,1,1,42.925243,0,0,0,2,0,-2,-2491.4841,-13105.127,36544.152,19349.8,-4571.183,-8634.734,2429.9045,4364.227,2119.7988,852.96893,7862.1235,4317.11,1
71494.44,1,2,1,33.42794,2,2,0,2,2,2,75647.17,30935.205,77298.68,59632.72,69451.875,97166.945,-1674.9032,8561.872,711.3125,1110.8635,3726.095,3958.3057,1
162930.98,1,1,1,43.780373,-1,2,0,-2,2,2,181139.47,147630.23,86977.13,137197.0,192645.12,138050.1,-445.50278,3569.3223,3120.045,1168.4609,3805.964,6366.5005,1
234827.77,1,2,2,30.841839,2,2,0,0,2,0,195310.44,65780.914,85400.16,78573.37,135520.38,96723.336,-3374.5085,7823.9844,2235.3494,1367.8086,5417.6943,2759.9731,1
125486.3,1,2,2,27.030888,0,0,0,-2,2,0,214447.14,188764.08,106740.086,47408.535,186787.2,165313.86,2125.9229,24938.68,3929.0696,2356.5156,568.881,7440.594,1
34333.793,2,1,2,43.624523,-1,2,0,0,2,0,7966.0312,-16776.35,70514.54,28632.465,5762.1333,32348.945,-1092.5751,6505.875,1650.812,1015.25653,8118.363,3597.1282,1
24945.754,2,1,2,43.28211,2,0,0,0,2,2,3678.6643,-5495.334,40282.812,23828.08,-1311.7142,-10766.762,-2310.1047,5622.714,2028.1848,771.8598,6451.382,3719.0923,1
147274.45,1,2,1,29.76915,2,2,0,0,0,0,192243.98,168779.64,81882.81,54013.504,13957.228,1040.6447,7377.477,5337.8,2193.205,1304.3025,5182.896,4331.1,1
136794.02,2,2,1,34.20167,-1,-1,0,0,-2,-1,3836.5002,-11680.17,53381.047,21348.494,-12104.003,65955.58,11237.275,6406.332,891.5576,1606.8152,6570.663,7447.13,1
106101.69,2,1,1,37.820766,2,0,0,-2,0,0,203817.92,173294.03,89624.61,91370.18,112379.9,97068.445,5123.5034,15318.044,1948.612,3003.6313,3765.235,2596.3997,1
41115.69,1,1,2,27.397875,0,0,-2,0,0,0,5617.086,-12578.826,38784.098,6552.2266,-6937.597,-10262.227,778.8234,6157.937,1312.415,1285.4238,8482.391,3253.9297,1
181279.61,2,3,1,43.56099,-1,0,-2,0,-2,-2,-1762.2655,-3169.7756,29522.066,-6756.34,-1769.0658,-4414.4297,8520.768,24244.11,2490.878,-235.46,4031.686,3348.6758,1
24164.48,2,2,1,27.368284,2,2,5,7,-2,2,2707.7854,-14534.58,67641.164,13535.912,1801.4889,1269.086,-1231.0321,6988.5654,949.5427,251.49849,8961.694,2992.7202,1
93527.99,1,4,1,38.34812,2,0,0,0,0,2,149661.97,110566.414,85845.2,41225.996,-3769.7495,-11893.27,1174.3741,15258.275,2581.2222,2806.9392,7287.4707,3180.4055,1
84179.375,1,2,2,29.62687,-1,0,-2,-1,2,2,-9793.105,-24692.451,23752.594,12851.811,-9308.202,7942.9434,-1976.4061,4947.869,269.1941,-149.94878,6388.3765,4399.7607,1
144212.77,2,1,2,31.44825,0,0,0,-1,-2,0,124.66811,-16753.264,34674.652,19831.266,8118.1704,76184.06,-837.79767,5546.028,302.86157,15586.887,7542.512,4164.9814,1
14058.995,1,1,1,43.65797,0,0,0,0,2,0,11853.613,-7221.8184,41657.47,21153.887,-237.78064,-14718.039,917.73505,8660.0,2091.5425,1276.6897,6679.8945,2833.2988,1
230534.28,2,1,2,34.254784,-1,0,0,0,0,0,16021.648,-3729.842,74949.484,28313.115,1964.8405,4073.4844,724.98456,9049.546,2027.6594,2767.0762,7394.149,8844.24,1
121785.766,2,1,1,39.934055,-1,2,0,-1,-2,2,-3119.0623,-32024.857,30559.938,17651.396,-14362.788,12946.717,-663.56476,4845.9883,1293.1675,11013.316,7751.653,4978.965,1
64224.676,2,2,1,32.340416,0,0,-2,0,-2,-1,-3885.3865,105.5174,38072.082,9413.012,-8000.2456,-7636.043,-600.12286,14780.058,1461.1584,1261.0283,6384.358,3533.456,1
29809.676,1,1,2,43.414875,0,0,0,0,-2,-2,27502.572,-1159.7286,44184.793,5798.7227,-866.97595,-19734.895,-1014.1258,5990.5347,2143.2,498.19916,7885.061,2852.7058,1
42868.332,1,1,2,39.752735,-1,0,-2,-2,-2,2,97799.5,44316.55,83991.82,58008.91,77492.51,-14567.691,-2377.3235,4312.2783,1855.0781,1692.0764,7267.681,2549.8743,1
69774.39,2,1,2,30.700354,-1,0,-2,0,-2,-1,-5805.09,-10725.424,35359.918,11163.875,-8674.3,-3699.168,-1087.0448,11787.234,1437.185,5744.9756,7730.7935,4416.965,1
167808.47,1,2,1,41.333397,-1,2,0,-2,2,0,208868.8,171689.84,100503.74,59482.984,187459.64,178162.6,-4722.5586,22035.566,3244.8796,3218.1946,1098.4335,8921.087,1
135382.22,2,2,1,37.54162,2,2,0,2,2,0,176317.81,141212.55,82201.3,126460.59,165031.2,110046.266,3446.7485,3508.6257,1653.6619,1256.7744,3549.4504,5456.9097,1
74796.04,1,1,1,43.73161,2,2,0,0,2,2,28261.436,-18674.592,73585.17,35678.14,2596.5903,44922.13,-1010.9178,10237.532,2190.0754,2133.662,3821.142,3872.5542,1
136155.55,2,1,1,36.74474,2,-1,0,2,-2,-1,-5905.5312,-19919.63,30859.324,17206.885,-12819.542,-9554.449,-870.6341,5419.714,1124.585,736.54266,8269.721,4903.3413,1
25819.387,1,1,1,42.540516,2,2,0,-1,2,0,-3949.6443,-14884.713,30691.422,10369.867,-9025.487,-16339.363,-767.40216,5572.723,1398.8936,1301.4685,8455.16,3931.958,1
26082.738,1,2,1,29.940798,2,2,0,2,2,2,-5459.2812,-25308.725,39243.55,13431.844,-13341.151,-6601.9023,-1209.1586,6501.3154,47.163807,850.6093,7968.7754,5163.8647,1
151771.36,1,2,1,43.148468,0,-1,-2,-1,-2,-1,-6720.832,-12010.229,27583.154,7476.2812,-9855.347,7996.4824,-271.61948,5481.556,723.21655,1231.696,3625.5176,13532.296,1
73243.48,2,1,2,30.434988,0,0,0,0,2,0,6904.1484,-4272.6113,73859.88,36443.37,9644.37,29387.027,1613.3776,16429.828,2749.937,1045.9153,6539.0957,2783.1968,1
61373.926,2,1,1,29.495798,2,2,0,0,0,2,37610.156,15418.947,77136.02,38915.074,76511.7,103006.93,-795.4793,8300.535,686.6592,7768.3477,8875.346,3982.6887,1
212588.55,1,1,1,37.928,2,2,0,0,0,2,209512.38,180455.98,104113.56,69160.13,184922.02,184214.72,3814.2341,912.08435,3515.445,11670.253,1190.6239,9656.016,1
31275.637,2,2,1,36.37144,2,2,0,0,2,0,-8524.016,-13141.963,39442.59,11584.654,-9449.507,-3015.7656,-853.8807,5862.0034,857.3069,518.5466,8197.697,4332.705,1
111203.445,1,1,1,43.504887,2,-1,0,0,2,2,126194.18,65122.414,84935.55,84143.35,146116.33,102932.89,49.169106,2605.5183,2371.0874,1522.8679,4210.4644,3681.944,1
28982.988,2,2,1,43.2372,-1,2,0,2,2,0,-13932.934,-22802.334,26561.53,7277.5703,-12018.265,-6457.449,-869.6004,5347.6323,423.67212,221.04976,9341.78,4163.07,1
113273.96,1,2,1,32.38848,0,0,0,0,0,0,203472.0,200821.56,88440.85,81111.44,40511.586,17795.814,10493.146,9840.648,4187.8936,7918.045,1374.1215,15419.377,1
22988.543,2,1,2,42.805717,0,0,0,-2,-2,2,17593.375,8265.639,52403.324,27715.67,1545.317,-19102.973,-2887.1013,12306.907,2318.4182,1207.5781,6516.8438,3031.761,1
163920.48,2,1,1,29.440823,-1,0,-2,-1,0,0,-9321.047,-9546.553,26261.791,-2693.6174,-4985.054,26874.969,-459.6102,6607.6406,3163.8118,585.70575,9881.817,3971.7068,1
34905.684,1,1,2,43.871273,2,2,0,0,0,0,18442.273,-6418.6035,62799.332,13858.99,-2376.933,-11526.633,-1560.3207,5994.296,1901.8354,1169.2083,8191.8965,2849.8735,1
132610.22,1,1,2,41.939777,-1,-1,-2,-1,-2,0,1036.254,-20108.084,72212.64,15728.262,-8786.28,305.4688,-1026.0853,34189.637,1041.5271,11284.837,2584.9985,14670.487,1
149629.5,2,2,2,43.641983,2,-1,0,0,-2,-1,-4861.7344,-12846.236,34260.754,13529.186,-8644.476,-8963.8125,879.6701,4428.5264,1630.9119,653.1191,7268.8247,3589.2175,1
234431.52,1,2,1,32.83238,2,2,0,2,2,-2,-7763.258,-23472.693,21696.303,9085.711,-13473.222,-13425.109,-1339.3759,5398.669,673.0049,235.01851,8883.053,4375.253,1
38061.996,1,2,2,40.801563,-1,-1,-2,-1,-2,0,-5901.8047,-25629.396,43136.867,25032.332,-16304.452,8064.4062,8557.069,4575.6304,734.7334,10216.548,6574.1494,5636.832,1
116640.266,2,2,1,32.839355,-1,0,0,0,0,0,186180.42,168801.78,92949.445,118525.51,145922.1,160493.52,16365.734,12052.504,3200.4026,4478.1035,2307.842,7443.7393,1
122123.64,2,2,2,30.02306,2,0,0,-1,0,0,-10309.914,-19128.389,37243.16,17775.81,-13014.769,32073.37,-945.5306,4744.58,202.01097,12289.341,7282.6772,4903.5244,1
23402.34,2,1,2,43.75633,2,2,0,-2,0,0,-3474.6208,-15465.096,32369.625,10409.426,-8296.366,-12918.934,1212.1168,7126.2754,1024.4333,997.0241,7676.8975,9555.67,1
208470.22,2,1,2,41.040592,-1,2,0,2,2,-1,-2061.6912,-27143.514,24112.842,17803.459,-8718.831,-12590.402,-332.33676,5049.6963,1644.8767,1248.7358,5542.2007,6539.779,1
69293.44,2,2,2,28.931005,2,2,0,2,0,2,33366.74,16067.49,70983.97,46299.668,40484.258,92272.984,2383.7097,3434.2183,1584.5508,107.692825,6614.4834,4112.889,1
76496.195,2,1,1,27.36582,0,0,0,0,0,0,213373.06,245476.98,99176.65,89264.96,125525.96,-19581.172,8341.594,24203.54,4679.6567,8152.4565,160.29506,32341.58,1
130404.94,2,1,2,26.1673,2,0,0,0,0,2,214842.25,189792.53,107120.12,59957.69,176719.38,184035.39,3099.944,13803.688,4133.3965,11927.043,580.0438,4249.6475,1
61922.004,1,2,2,28.688154,2,0,0,0,0,2,14867.8125,3030.0955,77702.56,39943.87,31480.92,73406.68,-963.60626,7618.314,1100.9949,8206.118,8341.1875,4125.671,1
32394.215,2,1,2,28.110542,2,0,0,0,-2,0,-8439.539,-12599.947,48953.504,21193.54,-10237.581,4390.6797,-1105.8915,3853.2278,871.0322,11891.83,7184.967,5154.354,1
138587.6,1,1,1,36.470825,-1,2,-2,0,0,2,-5481.676,-13098.326,45652.555,10696.422,-6331.894,-436.21088,-146.12631,25062.662,1940.6816,1380.5825,9416.829,6146.4937,1
105160.055,1,2,1,29.51538,2,-1,0,0,0,2,119937.82,83281.4,79090.46,65420.586,123865.87,129979.36,-1993.4999,3073.1133,582.04443,7126.893,7373.4937,4180.6553,1
54605.527,2,1,2,29.187468,0,0,0,-2,2,2,67401.51,27352.252,77468.89,57107.816,69440.73,77365.35,2649.6343,5213.9424,1759.8184,1761.1348,6774.931,3724.0623,1
69382.75,2,1,2,34.498142,2,2,0,0,-2,0,-3464.1404,-25447.49,65689.09,37832.277,-14131.327,22874.918,-1719.1439,6235.882,41.479237,15507.635,7699.164,4314.079,1
124790.67,2,2,2,36.291115,0,0,0,0,0,0,216494.98,199044.77,108591.71,52700.223,148209.52,17868.01,8266.311,21360.268,5915.6304,9378.124,2082.733,4834.108,1
77497.086,2,2,1,29.185686,2,0,0,0,0,0,85857.98,70081.484,75949.055,22156.305,-3031.4214,9095.871,2900.1013,6156.3774,1388.228,1651.4861,6796.664,3647.4834,1
232769.58,1,1,1,39.442482,-1,0,-2,0,0,-2,1783.8556,4063.3064,70037.01,2690.527,-6875.656,-11440.922,408.10123,33084.68,2140.345,1277.1257,6233.205,9695.064,1
113584.47,1,1,1,43.76457,0,0,0,0,-2,-1,5860.625,4896.756,45223.465,12595.408,-1921.6791,-20365.004,-1179.6117,6116.324,2434.1985,1441.5974,6933.987,3424.3093,1
101277.555,1,1,2,34.26506,2,2,0,0,-2,-2,168292.62,47317.633,41150.62,29077.443,-10056.151,-18894.207,2947.379,5733.336,1491.6433,1321.822,6854.174,3948.634,1
112092.24,1,1,2,25.912567,-1,0,0,0,0,0,229484.8,194165.02,99725.13,134641.75,127638.85,121158.54,6991.864,14021.746,4446.617,3249.613,1223.6752,4518.8594,1
143174.33,2,2,1,37.123306,-1,-1,0,0,0,0,-7423.6445,-17316.521,69955.62,29608.018,-5301.8003,19068.955,16557.94,6119.582,1521.3674,1257.9661,8004.9453,3438.4382,1
53823.332,2,2,2,29.109852,2,2,0,0,2,2,-3491.6404,-20473.068,68451.34,32188.8,5783.016,45710.4,-2014.3563,5389.6284,965.3572,899.2692,7790.7617,3850.2043,1
31595.934,2,2,1,30.543697,-1,0,0,-1,-2,-1,-2222.902,-13681.842,42763.477,18003.219,-10367.171,-5622.6875,-555.07745,5899.5415,801.4807,648.7841,3407.8193,4763.916,1
163279.73,2,2,2,31.22809,0,-1,-2,-1,0,0,-11930.289,-17287.904,30758.94,7013.754,-14169.46,4474.09,7713.766,6730.7427,1762.8423,247.7607,8863.367,4264.488,1
125288.49,1,2,1,42.738663,-1,2,0,0,2,0,172884.36,140750.6,86034.88,119018.09,172162.72,145054.22,-2192.5798,8169.841,2396.2358,1828.948,4218.751,4677.7354,1
37910.113,2,2,2,30.757408,-1,2,0,2,2,-2,-14029.82,-30725.85,24387.088,13343.525,-20032.773,-450.6679,-1102.4257,6267.907,-675.8523,-250.87651,8809.069,4748.47,1
118803.73,1,2,2,30.072495,-1,0,0,-2,0,0,846.8439,-14682.756,57568.57,18012.316,-4143.851,-3505.25,3314.782,9713.005,1560.0383,1718.71,5633.429,4001.961,1
117039.04,2,1,1,32.472466,0,-1,-2,-1,-2,0,27525.717,-2441.2249,69272.78,29659.46,-1265.8978,23765.459,19036.072,26231.28,2734.6377,11909.968,2820.3547,24475.105,1
74579.15,1,1,1,36.690536,0,0,0,0,0,-1,166089.81,18978.174,85969.68,57005.61,-1028.0463,123429.94,-1814.9198,7631.8086,2740.698,2962.6802,11564.561,2407.0564,1
124367.6,2,2,2,30.229996,-1,2,0,0,0,-1,90114.32,28308.838,64878.81,34714.016,-10537.452,13460.861,-1052.3016,6807.2617,-111.313736,9969.322,5914.364,14976.626,1
107195.87,2,2,2,29.421314,0,0,0,-2,0,0,186831.6,118752.59,92279.73,116358.516,151595.83,122848.65,1561.0651,25313.418,2042.0332,3544.3735,3917.118,2625.005,1
124286.62,2,1,2,27.788872,0,0,0,0,0,0,197529.14,167228.17,94381.78,117064.99,88955.625,104523.67,5913.561,12820.6045,2563.2917,6446.7207,5705.414,9002.937,1
145132.73,2,2,1,41.20955,0,0,0,-1,0,2,118891.64,113474.055,76868.56,7521.1914,-7012.648,-9239.703,3364.0432,9430.865,8680.354,573.86615,6558.5244,2933.7214,1
171762.52,2,1,1,41.807293,2,-1,0,0,0,0,193155.53,159085.31,94292.836,122663.11,166019.73,130952.98,-2808.676,1206.4025,2471.349,2008.8464,3784.7737,3935.603,1
106186.8,2,2,1,42.93176,2,2,0,-2,2,2,84195.29,23925.861,75618.195,49128.89,135023.02,92340.35,-1771.9178,11397.026,1635.9072,1947.6133,7765.8433,4917.6,1
121906.445,2,2,2,38.25781,0,0,0,2,2,0,-499.45688,-19684.834,63511.04,27348.49,3103.6997,30724.727,3840.793,5814.3066,1950.3938,991.7658,5271.7427,6722.406,1
129725.48,1,2,2,36.621265,-1,-1,-2,0,-2,2,-3706.4763,-21066.35,37840.14,17415.785,-11968.202,-1213.9764,5483.129,7793.077,1683.6482,2270.798,7952.224,4848.431,1
279192.4,1,1,2,33.392662,-1,2,-2,-2,-2,2,-1985.7538,-19973.795,23017.143,11911.836,-9722.515,-16136.633,-1159.0311,6811.3306,1392.5598,1875.5659,9315.014,4588.8516,1
152005.16,2,1,1,32.18627,2,0,0,-2,2,2,105997.88,-9611.299,50944.81,27629.49,-2752.226,-6726.1562,-1775.1918,9554.818,1759.7554,2320.4907,8229.062,3537.9192,1
167305.86,1,1,1,40.98947,-1,-1,-2,-1,-2,0,-8601.133,-29482.232,30083.055,29005.27,-11643.237,11833.506,1072.9813,5442.535,12259.149,12646.41,8187.7246,5287.423,1
134252.52,1,2,1,38.66514,2,-1,0,-2,0,0,208989.5,171884.48,98136.43,120631.68,182927.95,161203.23,-5041.5127,12284.054,2476.1316,3121.216,1796.3048,7733.96,1
74047.08,2,1,1,41.939148,2,2,0,-2,-2,-1,106514.32,49170.23,79645.19,60138.75,-7889.273,-17828.906,-1027.1097,13445.656,1616.6428,1887.5823,7724.559,4234.2812,1
27524.629,1,1,2,29.080889,-1,-1,0,0,0,2,-8605.129,-21142.521,38393.54,12505.443,-10376.573,-2361.9688,-786.18097,4332.8457,668.272,1016.1137,8741.821,4249.9033,1
104642.7,1,2,2,31.14322,-1,-1,0,2,2,2,78631.87,46631.188,66944.7,60103.48,82078.555,93121.37,-409.54184,3175.359,-323.35034,3230.8381,6940.99,14883.211,1
42911.09,1,1,1,41.308018,0,0,0,0,0,2,13659.52,5782.7285,66530.66,22632.338,12764.739,25484.873,-168.07895,7835.416,2155.7197,10085.852,6218.46,3057.3127,1
95908.76,1,2,1,43.376472,0,0,0,0,-2,-2,183692.05,165718.66,55460.656,20235.96,-5655.2495,-14745.75,7434.5933,5167.903,1971.4194,1241.3228,5979.149,4367.386,1
34663.816,2,2,2,35.330177,-1,2,0,0,-2,-2,-11711.16,-19120.826,35742.254,10645.338,-12540.042,-1006.3515,-811.79425,5209.6416,538.5593,437.6247,8833.235,4524.4985,1
146723.03,2,1,1,33.539585,-1,-1,-2,-1,-2,-2,-1302.2382,-21506.396,40523.637,24364.938,-15349.433,14754.576,16188.719,11067.797,1257.6702,10259.88,4915.0093,5909.3706,1
41465.254,1,1,1,30.00082,-1,-1,0,-1,0,-1,-4287.5703,-21187.56,34293.496,14848.322,-17630.844,-5173.285,6135.438,5278.0576,676.64624,631.66547,7320.358,4235.1123,1
28397.738,1,2,1,29.756,1,2,0,2,0,0,-9676.762,-23269.232,39213.25,12352.148,-14967.89,-2015.121,-622.66,5889.0146,49.252186,642.207,8105.4097,4803.2017,1
21855.559,1,1,2,27.525288,0,0,-2,-1,-2,-1,-1545.2069,-13039.498,33236.812,17380.293,-8714.8545,-12837.594,-1197.7069,5129.798,1660.9543,1073.6069,8012.938,4009.1802,1
17071.73,1,2,2,35.193474,2,-1,5,7,-1,2,4248.9023,-15594.416,46619.31,18636.33,-3520.9019,-13166.566,162.43814,6450.9277,1156.6304,686.7436,7727.161,3929.589,1
26055.55,2,1,1,34.163418,0,0,-2,-2,-2,0,-2813.1287,-2116.6584,35077.62,7861.6484,-4948.394,-14985.129,-737.4588,11338.046,1417.49,1762.54,8520.29,3506.292,1
134289.0,2,2,2,27.254341,2,0,0,-2,2,2,201466.97,157353.73,92746.46,135857.84,178910.12,151114.14,-1217.7382,21091.146,2025.8816,2832.2483,4715.6562,13125.402,1
35010.176,2,1,2,29.719318,2,2,0,2,2,0,-51.382668,-25817.701,65612.98,32662.172,-425.26892,21688.555,-1534.7616,7869.859,731.95337,455.16083,8205.989,3969.8982,1
158570.33,2,1,2,28.286747,0,0,0,0,0,0,209801.53,215244.19,112773.12,13812.336,183329.39,191320.9,5233.1953,32567.77,5474.222,8004.38,1402.4095,11788.872,1
127819.6,2,1,2,29.88244,-1,0,-2,0,0,0,-8462.359,-6746.0566,58860.527,8641.941,-4083.48,-5861.5117,-684.6888,30171.682,1609.7615,586.98773,9737.081,3670.0723,1
139509.47,1,1,2,32.765182,2,2,0,2,2,2,6931.992,-29469.53,60647.387,44312.246,144210.19,127087.11,-1217.2748,7684.8545,231.58372,15447.084,6714.9736,5049.615,1
57296.473,2,2,1,29.931103,2,2,0,0,0,0,-2419.7693,-11869.951,62903.305,21538.191,-10510.886,4296.914,4099.416,6030.214,-259.61548,1119.762,7630.2993,15297.772,1
19346.871,2,1,1,42.434223,-1,2,0,-1,2,2,-3649.3513,-25971.803,33470.188,9830.625,-10964.964,-12976.3125,1320.3649,6415.787,953.19727,519.59515,8794.953,3827.8726,1
130327.84,2,2,2,30.2793,-1,-1,0,0,0,-1,-8831.789,-23064.639,33889.105,16474.705,-21302.82,4953.16,789.7375,5539.665,-447.68677,305.52118,8431.447,13894.186,1
101487.055,2,2,2,31.097809,0,0,0,0,0,0,194842.23,21178.566,83488.92,30227.828,52140.28,-15785.773,-876.6434,8843.54,2672.3762,3299.5828,6024.256,24545.547,1
31608.082,1,1,2,27.140894,2,0,0,-2,0,0,2307.4924,-8619.775,40677.69,19510.33,-6318.0894,-16224.074,-1967.493,8549.826,1605.7461,1560.1631,7254.3364,4335.1924,1
103251.61,2,5,2,31.051836,-1,-1,-2,-1,-2,-2,-12710.625,-23844.006,30602.871,10123.082,-19988.79,8126.2344,3092.658,4598.3457,305.53345,210.99532,8748.402,4899.0557,1
277076.28,1,1,1,40.503006,-1,2,-2,-1,-2,-2,103.82827,-15423.525,26112.23,5808.453,-11759.866,-13663.77,-199.11362,6260.3145,1690.5408,1183.3528,8756.575,4390.0107,1
136713.73,1,1,2,26.930447,2,2,0,-2,2,2,212971.48,172519.33,95777.11,127028.51,182269.19,161403.69,-8151.707,1439.5297,2666.4487,6378.5034,1952.2797,7513.8906,1
106878.766,1,2,1,33.670055,2,2,-2,0,0,-1,-7246.5273,-17266.404,29809.861,10214.066,-14406.749,-4349.797,-694.88947,6531.5884,870.01,363.9355,8639.891,4153.323,1
82360.66,1,1,1,43.08538,2,-1,0,0,0,0,143.60172,133.7127,46805.34,13707.576,-6459.722,-11895.527,9247.873,5485.0312,2495.1096,1546.3328,7953.132,3751.8538,1
171960.64,2,2,2,29.217482,-1,2,0,0,0,0,207139.05,179536.83,98705.625,29778.936,156492.6,108149.38,-4337.1123,18334.299,2595.9487,7911.065,3412.35,9291.6875,1
120213.11,2,1,2,38.605373,2,2,0,-2,2,2,167479.75,130788.74,85772.31,124159.05,172070.12,131182.95,6089.333,8959.798,2217.1875,4117.3667,3570.266,4995.838,1
29865.785,2,2,1,30.303305,0,0,0,2,0,0,-6447.574,-12399.33,44263.66,10835.359,-10473.569,-4939.1953,1443.5016,7041.08,575.00757,777.4711,7956.0186,4113.759,1
60273.652,2,2,1,36.06848,-1,-1,0,0,-2,0,-1551.3944,-17297.209,67625.03,38611.234,-10124.101,27584.934,16895.3,7219.7036,1841.7415,11273.407,5630.69,6253.206,1
139044.72,2,1,1,42.007812,2,2,0,0,0,2,3909.5745,-13040.631,67373.72,17312.785,1195.317,17737.766,-716.29376,7146.3413,1834.0671,2163.8984,8998.527,3099.3748,1
147675.16,2,1,1,42.1955,2,2,-2,2,-2,0,81780.445,55370.07,59786.617,50163.43,948.3131,86635.81,1068.9176,3304.062,-627.56323,17050.086,6789.7656,4435.24,1
163019.98,2,1,1,34.569714,0,-1,-2,-1,-2,0,-8636.898,-30978.412,28578.463,23258.738,16789.434,126646.25,1086.806,8132.451,-1548.779,16115.581,7608.0083,4744.605,1
224688.16,2,2,2,26.460394,2,2,0,0,0,0,199198.88,190032.33,99245.484,68225.984,181265.47,181609.34,-4346.708,14821.855,3049.7627,5741.907,2630.4812,9118.232,1
286402.34,1,1,1,39.494625,2,2,-1,-1,0,-2,-5446.0625,-19258.646,24375.018,10037.863,-9806.003,-11993.539,-918.9178,4314.709,1792.8062,845.59515,8809.327,4592.52,1
91420.45,1,2,1,43.62249,0,0,0,0,0,0,19730.6,6731.084,81217.18,73364.266,9416.915,30323.234,-557.90607,7966.562,16130.629,2066.7073,8089.4824,2562.3413,1
119357.266,2,2,2,33.93821,-1,-1,0,-1,0,2,-10849.906,-23088.81,32148.479,15724.277,-18524.984,3021.0625,-756.8919,4562.864,807.959,106.45625,8281.039,4780.752,1
108952.24,1,2,1,42.53656,2,2,0,-2,-2,2,150131.61,108092.086,83174.35,105682.01,171708.34,127021.44,654.08514,3945.477,2438.5981,1224.8811,5974.1724,4062.9795,1
58517.87,1,2,1,39.385784,0,0,0,0,-2,2,143139.53,31311.4,55871.707,12890.262,-1531.6752,-18189.152,-318.87143,11277.438,2589.7256,3268.228,7595.614,2594.696,1
118370.74,2,1,2,30.305088,0,0,0,-1,-2,0,8123.672,7504.2246,77400.61,20467.588,-4664.8276,-5598.2344,15789.931,10285.155,3178.369,7730.0146,4079.7156,2942.6387,1
271372.66,2,1,2,40.63447,-1,0,-2,0,0,-1,-3867.074,-1411.7872,30420.406,2729.3474,-6104.812,-13872.426,-256.44077,6265.741,2179.854,1190.7817,9844.459,3599.7224,1
78484.734,1,1,1,43.351517,0,0,0,-2,2,2,131806.88,77155.43,87968.41,104247.62,160506.69,101018.336,7545.4937,10515.125,2587.9258,2457.1143,3090.6985,3966.669,1
28330.605,1,2,2,32.03167,-1,-1,-2,2,-2,-1,-6849.9688,-23454.24,31815.941,20235.379,-12751.081,69.74616,-1173.4872,5571.259,767.8445,458.75507,3397.058,5117.286,1
40164.137,2,1,2,28.47765,-1,2,0,0,0,0,-5543.2266,-20326.764,63355.34,20927.793,-5519.816,11305.719,-772.72394,6335.2866,2119.9246,949.1879,6317.4185,4214.8403,1
17033.543,2,1,2,42.579426,2,2,0,2,2,2,-3321.8357,-21661.264,28696.836,18358.184,-8464.726,-15534.098,-1732.0673,4987.4785,1289.0481,700.6972,7022.5396,5031.868,1
155120.48,2,2,1,34.904785,-1,0,-2,-1,-2,-2,-10164.379,-12682.303,23921.172,-526.2073,-11805.718,-2542.8398,-773.6429,5591.2817,809.7163,-85.45073,9464.474,3778.575,1
29817.223,2,1,1,35.99155,2,2,5,0,2,0,5563.6953,-12965.24,70887.516,18563.188,8657.653,46571.74,3316.9404,5485.1206,1129.4854,348.72186,8608.562,3162.912,1
26128.543,2,2,1,32.916916,2,0,0,2,2,0,826.00793,-16464.592,68389.67,27715.598,-2096.398,-62.460873,-963.70197,10163.708,865.94653,754.7719,7364.868,3175.8794,1
42319.543,2,1,1,42.617687,2,0,0,0,0,0,128938.82,55208.77,85714.07,29061.066,15814.11,25265.596,-191.7645,21607.746,2306.6973,1297.5564,6688.728,5354.239,1
37498.246,2,2,2,28.528168,-1,0,0,0,0,-1,-4373.5664,-10950.416,46164.223,22197.512,-8857.257,-2044.5507,1193.8578,7513.516,2735.0254,893.6047,5020.906,4935.5063,1
139251.33,1,2,2,30.904112,2,2,5,7,2,-2,-7256.828,-13078.432,23314.186,3345.7185,-8386.593,-13833.215,-1470.8524,6278.3877,1013.5857,172.93794,9376.444,3834.3525,1
213649.38,2,1,1,40.060295,2,2,0,-2,0,0,148752.7,90621.1,87242.57,93574.51,168936.47,115904.586,-1792.5023,16941.113,2114.038,2048.3362,5808.79,4281.8994,1
13833.167,1,2,1,43.123707,2,-1,0,-2,2,2,4237.3594,-18358.975,36122.418,23631.768,-6899.304,-19015.625,-2648.8025,6245.908,1399.751,988.3852,5925.7495,4435.546,1
105395.33,2,1,1,37.586533,-1,-1,0,2,2,0,-3149.8904,-26436.639,35394.01,22002.621,-14471.101,-4241.9727,7993.195,5872.9995,1291.5786,852.5251,5893.696,9500.883,1
87506.72,2,2,2,29.163115,2,2,0,0,0,0,92022.74,70436.39,77323.62,33208.062,30534.604,90238.34,-1485.0414,7959.049,668.08057,1514.2764,7387.5513,3050.4355,1
121110.625,1,1,1,31.01135,-1,-1,0,0,-2,-1,395.07047,-11239.143,43024.03,17064.428,-11336.9795,-8056.2188,-917.4461,6418.989,1424.8848,1454.2561,7936.0654,5103.1157,1
181093.62,2,1,1,40.879406,2,0,0,0,0,0,208024.97,197608.11,105529.21,90696.69,189603.8,153047.89,2774.9653,15453.326,4024.9312,4825.776,2049.6492,4827.3276,1
179046.55,2,2,1,43.667297,-1,0,-2,-1,-2,2,-5714.0703,-12021.615,26616.508,1692.8123,-7478.9136,-10651.797,-788.5057,7350.4497,1583.2908,850.46893,8998.179,3749.3186,1
232327.14,1,1,1,38.89632,-1,-1,-2,-1,-2,-1,5202.8633,-17332.459,37433.477,20537.682,-8966.944,-7913.785,8249.223,13632.888,2923.8992,7423.608,2775.3066,5051.901,1
150160.8,2,2,1,35.176067,-1,-1,0,-1,0,0,-9141.477,-18722.459,34328.31,22631.865,-1547.1635,52123.492,908.884,6061.6875,13577.383,956.7712,8283.413,3898.215,1
105128.77,2,2,1,33.147503,0,0,0,0,0,2,187723.23,177212.89,80601.33,42331.086,-125.92908,-2855.0977,7790.1323,7067.6465,2035.7251,1966.5242,6706.978,15012.011,1
20005.777,1,1,2,28.851053,-1,2,0,2,2,2,-2382.906,-33872.047,39234.01,26175.193,-11321.874,-7590.25,-1189.975,5471.8994,820.6929,638.78534,7481.584,5275.8394,1
132758.78,2,1,2,43.53098,2,0,0,0,0,2,19851.66,-966.12714,74021.39,31872.945,5327.7856,25434.604,-1865.6913,7387.404,2240.8047,3323.2896,8258.446,3072.8914,1
143131.1,2,1,2,29.487633,2,0,0,0,-2,-1,4708.3203,-11617.455,39875.01,16840.021,-6320.98,-13867.066,1912.1852,6952.846,2174.5369,1333.0425,7867.3003,3698.6677,1
26578.887,1,2,2,29.040852,-1,0,0,0,-2,-1,6112.5664,-12877.662,71829.1,35118.184,-6380.9097,-12270.305,-399.10873,9487.063,1966.9622,1761.9885,7435.46,4911.037,1
89314.72,1,2,2,36.704086,0,0,0,0,0,0,195880.88,155686.39,90277.4,38490.203,-5124.109,86866.11,8826.036,19001.19,3977.3362,3712.1208,6864.967,4058.0322,1
125445.25,2,1,2,31.463596,-1,2,-2,2,0,-1,-8113.586,-23522.709,27250.404,8864.727,-16737.074,-4801.8945,-724.06573,11549.544,711.4773,715.5031,9458.503,4496.751,1
93672.33,2,1,1,32.609295,-1,0,0,0,0,2,177123.98,139510.2,91383.67,120048.26,135071.64,117771.36,13136.363,11130.823,2505.0085,1828.6016,4079.4736,2627.109,1
131692.22,1,2,1,40.55311,2,2,0,-2,2,2,202715.36,163184.48,90728.42,140864.28,174288.89,144326.39,-3028.7454,887.74255,2315.6233,2249.7695,686.6776,4915.616,1
131742.55,2,1,1,26.571384,2,-1,0,-2,2,0,197704.2,150942.66,88700.65,136541.2,174390.5,150188.34,-4041.7449,14402.134,1959.6365,1873.4368,2759.6997,4147.3335,1
161161.34,2,1,2,30.65522,-1,-1,-2,0,-2,-1,-5901.371,-20994.732,30220.71,13713.523,-9777.394,-2455.8984,2510.875,8442.828,1004.30664,1391.6672,4946.4443,17829.195,1
44120.152,2,2,1,33.268085,2,2,0,2,2,2,-9111.074,-29489.662,57535.707,24515.12,-2823.1597,39991.465,1733.4357,4829.925,335.78394,331.28265,8837.609,4171.0864,1
141251.9,2,2,1,40.17191,-1,2,0,0,0,0,154791.58,134288.67,81231.8,81114.61,124517.3,4925.418,-663.2757,10256.701,908.4695,1693.898,5057.182,12259.23,1
103996.375,2,2,1,34.82108,2,2,0,0,0,2,165089.64,126000.5,86562.36,102219.18,144539.55,145596.0,-2751.9465,9453.7295,1683.9841,6682.2026,4999.6357,2981.2166,1
32211.863,1,2,2,40.510303,2,-1,-2,-1,-2,-1,-8303.289,-21489.88,30672.906,19283.584,-12007.218,-4055.004,-1446.034,4001.2654,1606.5972,228.08662,7084.525,4973.055,1
46037.66,1,2,2,30.439154,-1,-1,-2,0,0,-2,-10735.773,-20193.1,32802.926,13565.164,-19801.062,5828.367,-647.44366,5051.29,47.84154,427.94672,8619.022,4961.0264,1
254442.73,2,1,1,41.577663,2,-1,-2,-1,0,-1,-3611.3083,-7267.4707,32437.004,3324.6443,-9957.358,13248.482,-66.796715,5740.0073,1125.1707,435.48285,4290.465,3280.7722,1
45316.81,2,2,1,43.516243,-1,0,-2,-1,-2,-2,-11653.449,-16690.943,29821.465,4176.9453,-10097.612,5214.6016,49.837074,7571.0483,1096.009,10061.198,5515.159,4623.3677,1
118598.08,1,1,2,34.262527,0,-1,-2,-2,-2,-2,-7753.8047,-14146.045,26668.182,6544.5664,-10567.397,-6389.9727,-1203.9989,4013.7148,1227.6489,332.49847,9431.475,4688.4907,1
20930.012,1,1,2,43.59646,-1,2,0,-2,-2,2,8601.898,-20151.912,34378.133,26128.686,-2609.8042,-22115.379,-1566.6195,6956.539,2045.9019,1588.492,7289.4995,4365.717,1
62935.715,1,2,1,41.918686,0,0,0,0,0,0,93205.62,21203.947,95359.33,72236.5,93069.91,71141.58,-3303.2488,44545.25,2846.4988,3889.6792,4220.1416,2921.954,1
275746.66,2,1,2,29.33248,-1,2,0,0,0,0,39962.117,8980.146,70728.88,24132.389,13096.224,56401.793,-741.5755,7115.595,739.3496,1324.3513,9570.466,14738.924,1
126301.08,2,1,2,43.599255,-1,-1,0,-1,-2,-1,-1892.164,-12004.588,35562.664,11069.385,-9177.144,-14409.406,-638.5877,4946.1084,1488.801,1169.0315,7358.1797,4090.1587,1
108913.125,1,1,1,41.11174,0,0,0,0,-2,-2,188082.52,175038.0,93104.9,22443.486,-4941.8706,-14219.773,10316.335,23039.244,2806.5352,1653.9329,6326.2803,4064.259,1
99993.91,2,1,2,28.018112,-1,2,0,0,0,0,140540.77,88820.2,83937.0,109278.52,142961.03,118856.53,-1992.7543,6627.1094,2174.733,2275.9614,6546.445,3926.6902,1
138659.11,2,1,1,41.968216,2,2,0,0,0,0,172208.0,145397.66,83686.71,94299.04,-179.60876,41429.4,5189.3257,3746.0781,1371.5122,8571.517,6322.076,4299.6875,1
119471.8,1,1,2,35.957928,2,2,0,-2,0,0,42631.64,4956.873,78453.08,44917.18,40921.504,98288.05,2087.4417,7966.7275,1457.4763,6382.6553,3318.935,3987.793,1
139820.62,1,2,2,33.835358,-1,-1,-2,-1,-2,-1,-5350.824,-20788.63,45954.58,12617.51,-13819.815,-4895.324,-834.5745,22420.607,1429.6643,739.8376,8518.098,4986.6006,1
119769.13,1,1,2,29.903835,-1,2,0,0,2,2,197774.0,159153.86,92740.18,138970.3,187992.89,146073.17,2123.487,17600.152,2980.4377,1013.0224,2673.2288,4598.162,1
130113.88,2,1,1,40.890087,-1,-1,-2,0,0,-2,-10284.746,-6651.834,73559.21,17387.934,-14695.69,-648.4296,-215.26303,38481.89,1213.7737,1096.8906,9728.63,4626.376,1
267835.66,2,1,2,35.208237,-1,-1,-2,-1,-2,-1,-6347.3555,-27983.756,28016.076,20144.205,-10591.335,-6925.375,6750.8906,4127.011,1741.1328,803.4941,8685.363,4807.9897,1
113667.23,1,1,1,43.16524,0,0,0,-2,0,0,7507.59,13691.244,47227.324,3737.3123,-812.66736,-22849.05,-177.50522,11278.265,2111.8723,870.8315,5213.798,2936.9434,1
173931.95,2,2,1,39.06809,-1,2,0,2,2,2,202337.1,159391.06,90872.195,99467.84,171658.34,179431.77,3535.003,2443.7334,1603.6565,6080.58,4388.648,9070.348,1
139960.66,2,1,2,42.95079,-1,2,0,0,-2,-1,-2352.9255,-6573.4707,37547.85,15356.885,-4531.312,-13697.98,-1287.3461,21918.422,2075.9543,1662.7712,9004.361,4308.413,1
62943.19,2,2,2,29.911058,0,-1,0,0,0,-1,-3686.4802,-7577.8613,73057.77,47605.293,-15937.667,15029.035,17581.428,6270.5723,3027.459,1172.8599,5804.899,6374.2495,1
53128.2,2,2,2,29.868717,2,2,0,2,2,0,-7663.5703,-30711.428,24278.549,19856.74,-16372.351,-7466.0195,-1390.8011,5792.4277,-499.14282,122.91792,8244.244,17019.193,1
92823.34,1,1,1,29.8158,-1,2,0,0,0,-1,183461.42,136262.75,80388.14,72124.75,75835.914,110576.01,-2410.4104,11980.68,1727.0198,2148.6865,10887.813,5140.0312,1
135716.48,1,2,2,27.872355,2,0,0,0,2,0,-3045.5857,-9800.764,36513.242,13682.74,-5949.1206,-11991.617,-1452.6644,6496.533,1620.5049,615.07733,8013.465,3780.6648,1
86257.07,1,2,1,43.2426,0,0,0,0,0,2,162573.08,114157.74,89849.73,91312.92,117534.195,92786.79,2169.0623,10700.615,1845.5007,2019.8335,6293.4785,14104.073,1
117551.8,2,1,2,31.546158,2,-1,0,2,0,0,-7579.801,-18298.553,35822.562,13717.113,-12366.679,-5700.168,-1224.2972,5923.7646,763.47363,859.477,7925.9785,4120.3984,1
142673.55,1,2,2,43.87341,-1,2,-2,0,0,0,-8623.988,-13248.08,27944.986,1930.449,-9262.073,-8402.934,80.10221,16073.888,1640.9756,407.60223,9250.691,4423.343,1
15213.8545,1,1,2,29.963108,2,2,0,0,-2,2,3402.0354,-5698.338,34774.707,8919.93,-3508.644,-22378.781,-1042.2914,5345.594,1766.8337,1102.7004,7671.159,3794.6243,1
46417.066,1,1,2,30.411152,2,-1,-2,-1,-2,2,-7114.2266,-23348.076,30594.156,34293.777,-3469.4019,30499.75,-1102.6019,4713.201,12278.036,570.00946,7445.903,4757.299,1
304676.12,2,1,1,41.29951,-1,0,-2,-2,-2,-2,-4239.504,2162.4314,26191.896,-804.43774,-3697.4019,6547.9004,-307.60043,17925.46,7644.6475,10033.071,4104.5557,10835.506,1
32083.2,2,1,1,40.903862,-1,-1,5,0,2,0,2790.9573,-16887.35,69172.13,20037.47,4167.1606,29324.191,2014.4232,4689.3525,836.3789,489.04877,8667.737,3108.8928,1
29977.262,1,2,2,31.334854,-1,-1,0,2,0,2,-2581.0896,-28494.49,58093.832,37007.832,-7598.0073,7316.533,-1984.0101,3563.9888,1717.8872,326.45062,5237.7173,4689.9185,1
43166.62,1,2,1,35.31957,-1,2,0,0,0,2,3743.3635,-15655.623,71126.74,16549.998,-9907.706,8536.746,-357.41098,6508.033,1135.7722,1013.237,4107.046,3642.7097,1
115781.17,1,2,1,34.821198,2,2,0,0,0,0,154676.4,137656.48,86096.32,96679.17,161858.36,132659.55,7448.3364,3513.072,2222.445,2055.716,4812.831,3191.703,1
79860.89,1,1,2,28.878437,0,0,0,0,0,2,56412.574,21540.553,88511.055,67909.23,126094.28,116794.79,-3044.5696,18142.682,3656.7158,9028.441,2314.8323,2889.1277,1
139690.3,2,1,1,34.96364,-1,2,0,-1,-2,0,-4640.0,-33560.305,28051.021,23468.512,-3660.2886,13395.488,-823.659,6091.321,-622.34595,15160.7295,7399.3994,5107.2817,1
192864.77,2,1,2,42.843822,2,2,-2,-1,2,-1,-9226.184,-14318.201,21643.27,6039.2656,-8302.878,-9486.727,-1768.0199,5217.442,1527.6167,612.1435,9085.63,6677.3325,1
137668.0,2,1,2,33.489315,2,0,0,0,0,0,1032.5118,7222.459,45999.848,7035.1797,-4112.234,-14056.473,-983.8753,6871.013,1914.4841,1637.5627,8840.584,3017.5503,1
28793.793,1,1,2,28.989367,2,-1,0,0,0,-2,800.08215,-16950.592,62073.074,19078.879,-12315.14,-9468.9375,-1361.4418,4924.7114,981.86475,1160.7043,7869.214,4004.869,1
119378.69,2,1,2,27.2912,0,0,0,0,0,2,56401.816,37191.832,80950.18,28847.713,-7348.347,-10496.262,1581.8422,8148.7666,1560.3743,812.5573,9006.056,2630.7656,1
19180.2,1,2,1,40.00219,2,-1,0,2,-2,-2,1632.2657,-15376.006,39405.92,14111.475,-9539.925,-17036.602,-1504.9642,5277.335,1221.7056,992.80634,6909.695,4674.192,1
129235.41,1,1,1,33.883892,0,0,0,0,0,0,194747.61,162668.1,96322.945,119462.07,166780.62,151404.28,3020.363,11185.237,2684.6956,12758.662,3628.1372,3097.1108,1
49402.01,2,2,1,28.28641,0,0,0,7,-2,2,8899.027,-10288.572,73748.3,26875.078,146.02014,5576.0664,869.2331,11300.104,1571.9912,751.59955,6010.207,3358.4004,1
202149.95,2,1,1,41.143116,0,0,0,0,0,0,3009.4807,15365.83,44012.227,-1365.0237,-486.58533,-10906.844,926.0075,7433.884,1881.3259,9197.34,5690.265,2942.8945,1
23275.95,1,2,1,38.781082,-1,2,0,0,2,2,-3305.32,-19156.24,41386.387,14708.869,-9948.862,-6687.8047,-917.4456,6197.7817,1073.5522,905.3769,7495.344,4914.0034,1
76842.414,1,2,2,40.28957,-1,2,0,0,0,0,-2200.367,-27672.436,58027.414,32525.184,10465.952,96966.24,-208.84457,4717.683,73.38304,15053.497,7004.1704,4559.1226,1
145691.9,2,1,2,31.250174,-1,-1,0,-1,-2,0,-3886.4412,-25353.771,49286.965,28839.678,-12624.644,2442.457,11050.736,17672.348,817.2471,9770.805,7450.04,14077.152,1
118510.23,2,1,2,31.850153,-1,2,0,-1,2,-1,-5499.746,-25442.17,27614.355,12936.0625,-18362.215,-4989.121,-562.34454,5860.7793,297.51392,601.8461,8750.829,4183.1797,1
22382.34,1,2,2,35.350594,-1,2,0,-1,2,2,-8667.8125,-28525.904,36810.83,10182.9375,-10957.159,-4690.9023,-857.2303,6168.5073,563.1438,481.32416,8890.483,4226.5503,1
132372.66,2,5,1,29.092049,0,0,0,0,0,0,169024.75,152303.28,80648.02,37628.145,-521.66345,8187.3965,4797.6245,7697.8267,1172.981,1426.6196,7615.002,8185.6865,1
24178.223,1,1,1,42.600094,2,2,0,0,0,-2,1227.0275,-18563.092,54560.547,17678.236,-4230.8394,1189.8751,9.956214,8092.306,1757.9231,946.13275,8024.6606,3617.3496,1
49165.832,1,1,1,32.31217,0,0,0,0,0,0,55585.37,21647.133,84085.85,43571.656,4486.352,-12237.668,12164.799,7594.7974,2504.824,1448.1409,7573.329,3463.4646,1
234734.14,2,1,2,31.968473,0,0,-2,0,-2,-1,-1116.4374,7082.3027,33560.55,11884.529,-2249.144,-18397.742,-1531.3524,5670.301,2287.7344,833.54486,8692.394,3521.6643,1
30297.637,2,2,1,36.31876,0,0,0,0,0,2,-2194.9333,-3457.0725,48414.34,11879.381,-9290.491,-7975.25,2311.6692,5315.7705,1703.385,1920.2212,7738.5576,3474.089,1
156589.92,2,1,2,31.74509,-1,0,-2,-1,-2,-1,-7278.6914,-13228.896,56434.277,4837.1562,-7604.9917,-5541.3984,-1245.5648,29097.662,2186.4653,673.1071,7931.352,4036.3801,1
119773.15,1,1,1,37.690582,2,2,0,-2,2,2,60417.92,20530.705,73599.766,57268.69,112935.6,93449.6,1619.4657,7796.437,1743.9912,1645.7534,7739.409,4539.3545,1
21662.027,1,1,1,43.386055,2,0,0,-2,-2,2,19420.717,-5399.0176,58431.598,42684.336,-422.71814,-13883.168,-3229.5046,9400.921,2296.0388,2168.9507,5693.404,4146.3047,1
31384.98,2,1,2,28.33764,0,0,0,-1,0,0,-4587.8906,-13953.354,44222.848,11850.51,-8942.702,-7983.1523,1340.4559,6109.5264,2261.3865,919.87787,8216.311,4007.3591,1
61724.598,2,1,1,35.76265,-1,0,-2,-1,-2,-1,8616.145,-14004.33,66051.89,17163.912,-7462.855,-3822.211,8140.4365,27081.936,2996.684,1848.8354,2477.812,4618.9824,1
117343.23,2,2,2,29.969608,2,-1,-2,-1,-2,-1,-8519.047,-23811.78,28675.66,16037.094,-16147.472,1147.6954,-1019.0833,5876.77,-141.72194,257.80438,7744.861,20604.385,1
122521.96,2,2,1,41.654613,-1,-1,-2,-1,-2,-1,4471.9805,-15273.576,58099.71,23600.209,-15718.651,20680.684,16937.824,16024.747,2104.0889,1258.2263,3464.358,6135.6167,1
35403.62,2,1,1,43.409927,2,0,0,0,-2,-2,12711.305,-2187.9202,78427.7,5391.6406,-3987.0425,-13101.523,873.4123,7445.652,1635.552,737.643,8354.248,3147.7644,1
142495.72,2,2,2,34.355446,-1,-1,-2,-1,-2,0,-4681.625,-24347.201,59678.547,19462.172,-17066.832,14852.936,11065.927,27795.441,1516.4448,11177.748,3281.1084,5049.8374,1
66440.484,1,2,2,31.373192,1,2,0,2,-2,0,-78.07017,-20386.412,61100.562,42935.63,-2323.2417,45528.06,-2137.03,4660.019,-140.55983,13876.646,3519.9949,4958.21,1
66679.125,1,2,1,36.049267,-1,-1,0,0,0,-1,8108.285,19536.846,74842.83,50666.844,-10767.909,38094.652,21080.178,10903.999,2618.6409,1320.9033,5647.473,6519.0347,1
269122.4,2,1,1,40.126522,-1,0,-2,0,-2,-2,-1892.0038,-17507.85,31617.85,5125.4883,-5662.109,-13674.418,10751.221,6525.3486,2146.2773,837.14716,9244.133,3447.4622,1
33758.316,2,2,1,32.79726,2,-1,0,0,0,2,-1551.453,-14103.002,69252.55,25594.81,-7621.2534,4090.164,-1897.3558,4330.2354,1239.1094,1302.6184,7227.3096,4266.425,1
136194.11,1,1,1,39.469402,-1,-1,-2,-1,-2,0,-12468.344,-33596.125,26366.818,21996.521,-2284.937,89275.67,-1293.3011,3244.2698,-73.58717,15232.354,7011.176,5496.5205,1
130677.47,2,2,1,39.79908,-1,0,-2,-2,-2,-2,-7305.1797,-11903.771,25125.354,-3054.1096,-10821.702,16725.348,88.498695,7078.373,280.41772,-99.14165,5568.9443,13336.187,1
30234.45,1,2,1,41.83143,-1,-1,0,-1,-2,-2,-3197.2302,-19422.568,38164.95,14288.025,-17319.957,-4713.215,687.23456,5522.415,511.14258,626.2304,7284.6777,4937.1436,1
145309.45,1,1,2,33.222176,-1,-1,-2,-1,0,-1,-10685.934,-25249.88,27214.611,12002.525,-16433.828,-895.20306,-1148.7792,4165.8413,652.282,571.3183,9332.46,4507.7876,1
24376.176,2,2,1,40.419067,-1,2,0,2,-2,2,-4695.1055,-18580.865,32755.781,9609.4375,-13585.745,-9068.207,-526.8582,8501.111,727.51416,4938.2324,8858.366,4098.327,1
26710.05,2,2,1,42.463047,2,-1,0,-1,-2,2,-5085.703,-15897.611,38868.47,14375.053,-13416.284,-4968.215,-1040.1732,4659.595,810.427,777.8691,7058.5977,5069.503,1
101212.9,2,2,1,30.842495,0,0,0,0,0,0,35616.92,57665.79,76051.19,19066.488,-5194.402,18227.145,15338.95,12623.981,3681.6113,1798.9705,2698.3252,6319.9556,1
165431.39,2,1,1,31.881796,0,0,0,0,-2,0,14165.004,4752.424,41773.52,8126.332,-1178.7494,-19149.27,-358.0721,7829.223,1947.9502,1282.3914,8401.3125,4177.657,1
137826.95,2,1,1,30.5741,2,2,0,-2,2,2,201735.02,164260.06,94847.734,114105.07,184838.58,167655.56,-5021.202,22357.43,2529.1448,3878.3064,2466.29,4389.6807,1
288209.22,1,1,1,40.478462,0,-1,-2,-1,-2,-1,-3320.07,-6375.951,23843.963,11520.719,-7039.683,-14793.359,-382.6805,5862.961,1908.1006,1345.615,9806.983,13067.121,1
43318.582,1,1,2,31.394423,0,-1,-2,2,0,0,2411.1448,-13697.854,34881.793,9010.41,-10491.995,-4538.4375,845.4777,7943.6934,872.59814,1399.7673,6722.935,4525.2314,1
52509.098,2,2,2,30.824463,-1,0,0,0,0,0,28266.365,96344.27,77570.09,42834.28,25044.832,64422.4,228.90201,7633.922,1201.8105,1404.9868,6739.716,3645.984,1
297162.8,2,1,2,33.7718,-1,-1,-2,-1,-2,0,-11107.152,-30147.576,26034.475,18642.426,-11655.8,6274.2188,-1650.2557,3542.8042,373.20044,13055.3955,8275.8,8326.978,1
23957.668,1,2,1,43.875957,0,0,-2,0,-2,-2,-3527.1482,-1518.9708,32022.637,5149.5938,-4849.265,-16446.754,-582.0535,5271.846,1685.4119,272.11542,8756.698,3672.2517,1
122245.19,2,1,1,33.76546,-1,0,0,-1,0,-1,940.27356,-9978.709,43412.855,8054.5312,-12177.937,-9461.121,470.1935,7665.6616,1047.073,1366.2112,8655.502,3935.4907,1
210507.34,2,1,1,35.645668,1,2,0,0,0,0,202940.84,197594.95,104494.89,41729.125,183953.03,185882.03,-4002.4988,15146.36,3579.5493,4733.189,2668.004,8598.22,1
146517.61,2,1,2,41.07351,0,0,0,0,0,0,197431.62,177741.31,99726.83,110581.52,178796.17,144829.61,1771.2516,10697.496,3453.2593,4333.7183,3473.2954,4322.351,1
38871.02,1,2,2,29.005491,0,0,0,2,2,2,-1391.2694,-23296.373,67797.01,37613.703,-445.9369,18206.299,10131.296,6949.2656,1464.9153,384.20135,7090.803,4919.2227,1
17411.934,1,2,2,39.21502,2,0,0,2,2,2,2144.6838,-16457.615,34686.11,27365.012,-4448.8706,-14823.824,-3048.759,7558.625,1833.0039,1055.9407,6280.2925,4853.0234,1
111348.484,1,2,1,28.23923,0,0,0,0,0,0,218083.64,203392.3,108461.555,109035.65,148577.84,149063.06,9115.575,19584.266,5420.975,5077.699,1099.2682,2880.1987,1
79962.02,2,1,2,29.228643,0,0,0,0,0,0,25140.457,6514.24,72212.84,29683.725,-1678.7142,41194.836,221.70718,5514.2183,687.8557,12966.165,7662.1367,4261.274,1
132187.16,2,1,2,31.708508,-1,-1,-2,0,0,0,-8687.273,-23107.748,38077.66,16305.727,-15705.378,5509.578,12575.859,5930.536,1741.011,930.9538,8373.441,4966.4297,1
137400.8,1,2,1,30.273937,-1,-1,-2,0,0,0,-9134.125,-17402.123,34312.957,4823.0117,-15950.577,-713.4921,5925.8584,11490.811,577.42554,658.0927,9211.369,4540.5903,1
149758.62,1,2,1,35.088573,-1,2,0,-2,0,0,187104.97,156806.47,88453.37,128835.8,176140.33,156166.17,4228.357,9658.962,2061.597,1316.4827,2007.2238,5175.6514,1
41882.06,2,2,1,36.44836,-1,-1,-2,-1,-2,0,-9921.75,-23695.146,27877.639,14265.889,-18186.242,3984.3438,-743.8538,5320.56,-571.2732,-27.990284,6439.743,14569.762,1
69440.305,2,2,1,37.78494,-1,2,0,-1,-2,-1,-1434.9725,-21532.13,63140.402,15872.742,-14891.94,1384.9376,-177.18735,6018.089,657.89307,2049.4343,6541.0034,4420.3906,1
27775.66,2,1,1,37.867046,-1,0,-2,2,0,0,-6961.754,-12545.084,31999.777,4225.578,-8877.382,-7053.004,-646.59406,15354.623,1059.2896,744.84125,9263.211,3982.7803,1
117133.336,1,1,2,31.331326,2,0,0,0,2,2,196805.77,164420.14,97790.805,130070.02,175405.77,120849.09,1999.2401,14997.034,3598.217,2276.6184,1321.828,3415.287,1
37333.574,1,2,1,38.939133,0,0,0,0,-2,-1,9183.07,-11309.631,70964.92,16571.838,-6404.5464,-10643.801,4627.0454,5576.529,2010.1318,1518.3088,2102.6553,3759.4543,1
105392.336,2,1,1,28.96191,0,0,0,-2,0,0,200772.38,166273.38,94339.27,126560.8,164346.0,147037.38,10556.218,12886.451,2264.352,3963.8228,2473.6765,2680.7322,1
92370.05,2,1,1,41.452934,-1,0,-2,2,2,2,-7046.996,-22751.201,24306.723,10753.738,-10717.894,-11343.383,-1492.5961,7488.034,1260.4761,566.11615,9169.992,4389.4907,1
233183.97,2,2,2,31.351187,2,2,0,-2,-2,-2,-7001.125,-18319.396,25296.945,8673.492,-11117.366,-11293.664,-1126.744,5098.6636,1092.6772,225.24312,8782.778,4099.3564,1
40515.137,2,2,2,43.382587,0,0,0,0,0,0,7894.133,-5026.6855,73587.99,26282.58,9574.956,26347.236,1741.1906,5117.0815,2026.1128,1482.9495,7013.5024,2810.2576,1
116127.84,2,2,1,41.791912,0,0,0,0,0,0,207661.72,198250.14,99074.85,77894.83,76950.69,90680.54,9458.869,22028.748,3797.7788,2592.964,3847.8328,2812.56,1
149858.64,2,1,2,34.592693,-1,2,-2,0,-2,0,-9543.914,-14186.9,29624.082,8197.637,-9979.538,1271.8282,-939.18976,8336.713,1588.7659,7030.9785,8502.713,4778.705,1
170589.75,2,1,2,35.245186,-1,2,0,-2,2,0,179907.42,144616.56,84884.26,135166.12,181578.42,138682.03,1872.0219,3151.485,2510.125,2453.604,4257.088,4985.2876,1
47129.91,1,1,1,33.473755,0,0,0,-2,2,0,77422.586,30320.072,80613.586,61490.79,77326.59,85566.0,3012.159,5842.879,2069.2197,1880.1907,4337.266,3099.9585,1
152348.2,1,1,2,43.372417,2,2,0,-2,0,0,207944.78,162434.9,98172.45,122615.76,181893.8,107017.97,2313.1921,13564.974,3492.6907,3350.6003,2433.3281,4709.238,1
37177.01,1,2,1,43.77156,2,0,0,0,0,-1,7013.676,-5767.037,62882.625,23885.598,-3910.0542,-14266.176,-936.07404,6072.8877,2179.634,1020.42914,3868.7798,2979.652,1
71393.87,2,1,2,27.812346,-1,0,0,2,2,2,-127.70689,-21581.732,42791.812,22473.525,-9365.319,-10331.672,-1953.3417,8492.054,1059.3064,1398.3562,8073.7974,4953.1064,1
47605.402,2,1,1,42.285103,-1,2,-2,-1,2,0,-9390.988,-19964.982,25757.756,2814.0505,-13557.819,-2925.996,-256.88998,5527.831,494.0808,5368.547,9073.294,4616.6064,1
38487.043,2,2,2,31.37663,2,2,0,-1,0,-2,-10738.355,-19491.63,32513.883,12256.791,-15273.78,-3016.75,-812.84406,4928.2437,327.70825,247.34053,8165.879,4412.192,1
30333.332,2,2,2,29.48518,2,-1,0,2,2,2,-11608.336,-28176.592,36885.63,21301.824,-12617.616,-338.76166,-2322.678,5263.8706,-14.655043,240.17378,7243.5547,4941.7295,1
122142.27,2,1,1,43.04965,-1,2,0,-2,0,0,18180.354,-15823.701,72317.19,24758.84,14795.515,59897.14,137.23013,10313.3955,884.92236,1752.4204,8824.631,4065.2236,1
105851.56,1,1,1,31.607775,0,0,0,0,-2,-1,6592.2695,-4659.299,40194.484,13906.566,-3603.566,-19443.738,-271.63608,7859.818,1783.565,2425.6592,7914.235,17700.05,1
127042.16,1,2,1,34.028763,2,2,0,2,2,2,165176.28,123697.49,78802.266,113524.42,166536.72,142767.8,1611.6488,8671.43,1069.4912,10769.978,5282.685,11891.912,1
130054.26,1,1,2,34.180298,2,-1,0,0,0,0,4329.883,-14572.322,64147.402,29171.508,-2613.484,90479.04,-1848.2689,3980.7712,1923.8767,1531.3035,6152.707,3049.0374,1
137776.47,2,1,2,34.42339,-1,-1,-2,-2,-2,-2,-9397.863,-17589.404,49298.816,4621.1875,-12585.679,-4440.246,-790.6922,25957.312,1339.9268,760.0634,9682.936,4553.8594,1
267076.3,2,2,1,42.03239,-1,-1,-2,-1,2,2,-3650.9841,-16679.678,27484.816,3410.7615,-11119.534,-8398.09,-428.71957,6788.1787,1135.3755,260.6496,6138.551,4037.8762,1
142377.0,2,1,1,36.864388,2,-1,-2,-1,-2,0,-9499.629,-15552.807,29952.605,5972.836,-13461.483,-2059.5352,-583.68,5309.929,880.3225,766.9013,8521.424,3744.946,1
264632.16,2,1,1,43.262367,-1,-1,-2,-2,-2,0,-3496.2615,-10518.58,28718.947,7409.633,-7675.5073,-14920.066,-540.7845,10074.018,1315.1904,1064.043,9215.208,5950.058,1
100319.336,2,2,2,40.57158,2,0,0,-2,2,2,69933.766,19129.03,80916.85,63307.242,68061.51,82569.48,-2260.0388,11248.012,1794.7988,1982.19,4913.2812,3956.491,1
168594.22,2,2,1,36.45508,1,-1,0,-1,5,2,202489.81,175519.9,101846.4,18584.908,166018.4,195703.14,-5914.4014,49.788445,2259.7185,2843.9988,5219.491,4493.0854,1
169261.0,2,1,2,31.668344,0,0,-2,-1,-2,0,-5442.668,-821.9904,32097.465,5128.5703,-5253.222,-4059.0352,-971.8309,5950.47,1621.762,10048.049,9386.613,3804.8538,1
121751.67,1,1,2,38.44778,0,0,0,0,0,0,212415.02,207763.88,113967.766,26870.629,186480.97,151196.47,3983.9973,20565.742,7432.6187,4479.4946,1037.7782,4796.3076,1
35831.855,2,2,2,29.526379,-1,-1,0,2,0,0,-11047.781,-23978.998,50284.664,22263.0,-14903.335,5529.5312,-1012.57355,5670.2817,-11.415297,936.46014,7251.074,4954.601,1
197071.55,1,1,2,26.979212,2,0,0,0,-2,-2,4568.4844,-2336.6272,37874.758,17181.0,-3456.109,-20231.547,-1678.5306,6526.9697,2170.5442,1049.9172,8084.467,3651.1348,1
34933.355,2,2,2,29.093752,2,0,0,0,0,-2,-7792.3125,-12312.65,57139.234,11546.027,-10940.038,-2596.707,-392.6971,5083.4897,1270.22,946.5368,8583.498,4237.9976,1
84364.766,2,2,2,30.202316,2,2,-1,-1,2,2,-14568.27,-27225.607,19828.365,7471.0,-16828.844,-2644.6992,-1633.7157,5140.395,-166.98952,-333.4156,8888.989,4154.428,1
80561.695,2,2,2,41.20317,0,0,0,-1,0,0,33740.98,14011.096,80694.305,48087.81,-4788.101,11037.574,-601.31085,4042.5925,28832.06,1768.5007,7547.7715,4046.5251,1
68920.47,2,2,2,30.23144,0,0,0,0,2,2,52515.652,25347.416,80203.484,46541.32,53359.67,83428.266,-238.67563,7809.4575,1938.2568,1834.3391,5810.2344,3551.437,1
192540.83,1,1,1,41.871727,2,2,0,0,0,0,200281.52,175640.77,93670.44,120991.34,151965.3,71887.13,-2947.3005,11641.351,2511.7036,2720.3433,3995.0505,2337.9805,1
20240.855,1,2,2,28.273987,2,2,0,-1,2,2,-2829.07,-29133.271,45229.156,21658.486,-4241.8394,-7252.992,-1335.514,7998.027,1094.177,406.50433,7242.113,4580.9688,1
109064.875,1,2,2,30.573748,-1,2,0,0,2,2,66677.82,31656.46,75091.09,53575.25,108604.59,108542.71,-2051.077,6360.335,1629.6235,1389.0872,6476.7676,4449.7485,1
235053.9,2,2,1,42.02128,-1,0,-2,0,2,0,-5037.8555,8262.861,28412.27,-8606.164,-3713.9292,-10781.664,-712.61066,6609.346,1453.8916,-270.98444,8437.324,5216.761,1
256620.77,1,1,2,40.16524,-1,-1,-2,0,0,-1,-2988.8826,-11641.311,36504.086,17019.572,-7959.277,-6379.4375,-409.14633,7849.692,2177.0896,8814.345,6605.4272,4643.869,1
155027.56,2,1,1,41.034355,-1,-1,-2,-1,-2,-2,-5417.035,-22433.654,30280.373,12105.893,-16076.089,5047.34,4019.729,5390.916,13978.786,665.07294,8693.904,4841.73,1
134946.7,2,2,1,40.5985,2,2,0,0,0,-2,-8728.609,-20878.771,42556.223,4101.754,-15882.882,-1264.9452,2152.537,5386.928,428.11353,242.72578,9298.183,3682.903,1
131480.06,2,2,2,30.922491,-1,0,-2,-1,-2,0,32064.61,43686.67,56816.21,23922.574,6807.477,118906.84,260.59146,5348.1494,-414.20142,15065.092,6993.584,4539.6904,1
130140.11,1,2,1,38.067966,2,0,0,0,0,0,188772.88,161252.05,98390.76,121459.26,175366.58,184036.81,-1748.5018,10023.826,3390.6167,4260.845,3372.9517,3139.9993,1
100644.13,1,1,1,36.076935,0,0,0,0,0,-1,164143.16,110431.65,80057.52,52968.5,14538.515,86322.73,1240.5262,9188.868,2180.3606,11981.152,10548.803,4182.0283,1
35121.81,1,1,2,29.789497,0,0,0,2,2,0,-2214.3513,-20872.904,40689.277,26396.086,-4678.886,-9552.18,2125.3643,4976.5815,1857.1321,952.7319,7021.742,4065.151,1
134991.12,2,1,1,41.32713,2,-1,0,-2,2,2,184134.64,127873.555,89187.24,129876.34,166976.73,120146.29,-2265.6375,11568.047,2040.6418,1353.1038,3719.1606,3721.3616,1
125222.77,1,2,1,33.56299,0,0,0,0,0,2,197976.75,162733.52,95184.89,123093.85,108400.48,104934.734,10118.171,2599.5193,2806.1985,5160.2476,4926.0586,3160.3384,1
187252.05,1,1,2,41.1854,0,0,0,0,0,0,49686.64,20498.67,77752.7,56705.03,146656.05,114937.06,11535.547,5982.08,1073.8435,17770.219,5121.503,3611.7444,1
124900.84,1,2,2,31.120995,-1,2,0,-1,-2,2,-6563.301,-27416.584,25890.367,14947.48,-12469.077,-9492.1875,-1443.8055,5152.785,1164.8892,527.1081,8415.793,4671.902,1
20266.621,1,1,1,29.29141,2,-1,0,-1,2,0,-4395.867,-17372.53,34377.137,11691.467,-9491.546,-12324.59,-829.0101,6362.4365,701.56006,583.3234,7134.1147,3638.61,1
129168.53,2,2,2,31.116465,0,0,-2,-1,-2,-1,-330.6483,-21226.584,35521.1,16549.477,-11594.866,-2344.8008,13175.352,5491.859,1375.2532,1524.2908,7216.755,5676.374,1
107599.625,1,2,2,29.869755,2,0,0,0,0,0,173576.77,137844.34,86349.74,109429.61,4483.864,22154.078,1433.5082,10475.606,1550.0784,2394.4348,6417.845,15751.434,1
93495.82,1,2,2,27.92731,2,2,0,2,2,2,106552.07,58611.164,75740.016,76469.1,124646.586,108575.8,940.26654,9047.285,1266.3015,1048.3132,3246.559,5111.751,1
156427.86,2,2,1,29.268364,2,0,0,0,0,0,201033.44,189260.98,96869.88,120190.55,129074.21,126772.71,6174.9775,13694.211,15871.233,2776.1475,4262.2085,2588.1458,1
136889.5,2,2,1,38.036407,0,-1,0,0,-2,0,-7049.3125,1726.9901,47164.598,9187.207,-7919.406,-2647.8945,2080.4368,7420.9883,2124.85,1419.436,6973.6377,3984.4292,1
88823.58,2,1,2,26.328342,0,0,0,0,0,0,112283.21,75883.98,87932.38,70396.87,119048.305,138211.6,565.61053,9845.007,2310.5374,3323.7163,2695.6052,2409.2053,1
121509.51,2,1,2,31.263147,-1,0,-2,-2,-2,-1,-4419.7305,-14239.053,27745.203,10375.676,-6461.3667,-7377.672,-683.87335,6739.524,1203.887,8688.202,9147.536,21130.322,1
43885.145,2,1,2,29.193363,0,-1,-2,0,0,0,-7515.4375,-3464.553,60340.633,11898.801,-5742.656,10276.334,-974.0247,29997.043,1305.7964,1836.7908,9049.287,4151.1465,1
140548.27,2,2,2,28.069061,2,-1,0,0,0,0,216529.9,192424.03,107173.07,50520.344,154874.12,183322.77,-7999.1094,-835.131,3839.4219,7964.878,1330.056,8005.324,1
297043.22,2,1,2,31.902414,-1,-2,-2,-2,-2,-2,-6760.379,-3002.5608,22176.232,323.16772,-4359.6753,-14590.32,-1243.8612,9923.313,1619.4241,1113.279,9793.775,13127.726,1
32323.105,1,1,2,29.122545,2,-1,0,-1,-2,0,-3614.9763,-23192.99,34011.445,22587.385,-14932.511,-3845.375,-917.0013,4706.1997,953.8755,2126.1526,4139.44,13964.948,1
139808.25,2,2,1,35.316673,2,2,0,0,0,0,186433.36,165229.72,88940.06,119463.25,155281.05,162119.77,5259.6006,2926.1184,1715.8628,1954.012,3526.5586,15201.868,1
130131.96,2,2,1,33.66473,0,0,0,0,0,2,497.04703,4137.7637,53903.418,8068.8125,-5530.894,-9805.98,3874.3867,21243.303,2701.6643,791.28314,5972.058,3520.3784,1
105839.36,2,2,2,30.178661,-1,2,0,0,0,2,-7468.875,-14236.303,40068.69,10859.723,-14957.1045,639.42194,-708.8216,6127.28,608.90405,1144.2988,8537.151,4391.4424,1
26356.902,1,1,1,38.93061,2,-1,-2,-1,-2,-2,-7122.6875,-21009.178,29238.568,13047.336,-12253.714,-6438.7812,2069.3677,4115.6514,912.6931,422.64984,8213.3,4758.5146,1
124234.984,1,1,1,39.67309,0,0,0,0,0,0,193705.61,173358.62,95309.22,109748.19,-2260.3784,-15750.148,4068.4424,13757.9375,2878.2837,1539.5691,6983.515,2770.6694,1
145942.97,2,2,2,39.34658,2,2,0,2,2,2,192226.88,148712.28,87154.555,135336.31,177208.72,173368.72,6204.1455,12006.819,1924.8931,11469.985,3882.9287,5230.7075,1
128904.35,1,1,1,40.74818,2,2,0,-2,2,0,201336.05,158192.64,92049.3,137319.08,188206.33,151021.3,1822.6552,12346.682,2536.757,3474.7815,3196.2458,14705.3545,1
108665.67,1,2,2,31.578484,0,0,0,0,-2,-1,7527.66,-7646.459,68061.26,35019.105,-6930.7925,-7063.7188,1983.4825,4881.708,2771.0015,8651.598,7065.4644,4710.7905,1
50292.94,1,2,1,34.937218,2,2,5,7,-2,2,3149.3362,-5087.787,36222.695,11925.494,-4874.39,-19073.879,-1533.8563,5288.3965,1616.2441,740.41376,8001.45,3460.4941,1
119190.14,1,1,1,35.16743,0,0,0,0,0,0,203041.69,182334.89,98774.67,112332.26,130819.08,-390.05072,4105.1074,15087.544,3227.7515,2577.9053,4957.6255,18652.443,1
32273.027,1,2,2,37.514362,2,2,0,2,2,-2,-8643.434,-26633.178,54219.977,20373.982,-7965.0854,5105.8203,-1462.9608,4547.0527,561.27026,1725.1951,8644.677,4895.206,1
152030.55,2,2,2,41.235065,0,-1,-2,-1,-2,-1,-12463.383,-23185.803,31388.107,16126.754,-14590.233,13768.473,192.43912,4317.6436,119.82054,11429.874,7024.5293,5353.3784,1
118463.28,1,1,1,33.742443,2,0,0,0,0,0,216847.16,211365.92,123451.06,8349.43,145066.62,193972.98,8648.139,25813.918,7404.6167,11467.065,-755.25476,11827.403,1
150824.03,1,2,1,43.913513,2,2,0,-2,0,0,-19.386572,-20669.709,55421.83,15968.873,-3020.4644,9341.619,-512.0555,8785.02,1466.0454,1575.4221,8103.8726,4123.204,1
127440.41,1,2,1,42.997803,-1,2,0,2,0,0,152145.47,130077.1,79138.805,95212.99,-1082.8197,34932.727,4124.878,8423.896,1194.7283,1370.3936,6289.804,4687.433,1
20485.512,2,1,2,37.053677,0,0,0,-2,2,2,-487.05453,-8278.775,36551.504,14574.139,-1688.0072,-10151.641,1268.6058,9710.814,1390.6597,1979.5894,8421.701,3928.3093,1
101040.73,1,2,2,26.221376,0,0,0,-2,2,2,176258.95,114837.92,89390.88,129240.914,158361.42,133937.14,-2156.448,16035.503,2313.7742,2426.0466,2137.3,4502.7183,1
73310.48,2,2,1,30.807055,-1,0,0,0,0,0,-3562.1326,-12602.385,50610.02,16120.809,-14136.671,123.78913,3683.8997,7976.15,679.583,1391.6492,7393.3496,14675.866,1
81804.85,2,2,2,29.561533,2,2,0,0,-2,-1,96928.56,69671.74,76109.22,21547.396,-10538.245,-4363.4023,-1650.8915,8888.056,905.34766,1283.1953,7280.7764,3778.6162,1
72077.45,1,2,2,29.914282,-1,2,-2,0,-2,0,-7699.707,-19498.326,32055.564,14412.291,-14231.819,-3088.9648,-631.7537,5692.355,777.1157,695.8781,8220.217,4591.4727,1
232960.64,1,1,2,31.962057,-1,-1,0,0,0,0,-1675.3397,-9225.65,36881.15,14830.773,-5130.2104,-10077.5625,10081.177,7675.5186,2276.043,1623.9668,7811.2427,3442.8643,1
167223.14,1,1,1,37.51886,-1,-1,-2,-1,0,0,-9470.906,-18307.38,33755.72,39103.664,-11085.647,17693.893,-820.3211,4231.364,24495.404,5226.352,9062.743,5415.4414,1
277482.34,2,1,1,42.040577,1,-2,-2,0,-2,-1,1873.9376,10415.584,33776.324,5032.91,1051.7701,-18325.035,-1249.4882,6018.455,2287.4712,1032.0354,6736.837,5645.2827,1
136996.83,1,1,1,36.693157,0,0,0,0,0,0,215978.0,205347.05,125243.07,-4814.8555,168857.94,194198.28,7845.3613,22795.047,7106.175,12171.971,-791.2655,3868.6118,1
130352.33,2,2,1,36.881306,2,-1,0,2,2,2,7552.4297,-17611.834,71005.08,35695.19,2504.5083,32301.312,-1432.8969,5550.546,988.0847,632.0026,5830.9937,3791.9895,1
118008.695,1,1,1,40.48091,0,0,0,0,0,2,207143.36,190459.5,106553.62,89078.54,190741.2,159515.84,70.89616,14431.231,4143.478,10764.419,1309.7428,2981.522,1
140182.45,1,1,2,42.21529,0,0,-2,0,-2,-1,4269.039,784.86505,37432.688,13317.3125,-398.6244,-21421.305,1242.5604,10667.973,2522.71,991.706,7189.1274,5336.171,1
39106.996,2,1,1,41.97102,-1,2,0,0,0,0,-7284.711,-14829.092,33394.79,4306.8203,-8828.706,-2005.9608,1131.9589,5711.7544,1063.6414,806.4062,9519.423,3284.0317,1
46497.332,1,1,2,29.615538,-1,-1,0,0,2,2,-3642.0818,-17367.24,38406.11,19806.678,-8441.714,-1657.2577,-464.70102,5285.6597,1237.0234,801.03705,3478.9045,5264.0186,1
86735.65,2,1,1,30.91197,2,2,0,2,0,-1,102387.17,77553.75,72722.2,33853.168,-8434.136,-2452.8047,-521.88654,5212.987,196.81859,980.3996,6764.7427,4552.2026,1
23013.59,1,1,2,39.963913,-1,0,0,0,0,0,2285.7112,-6617.455,44886.957,13837.859,-5463.9487,-13750.559,-546.76056,6667.209,2722.393,1791.6763,7400.09,4329.7207,1
129604.734,1,1,2,28.190907,2,2,0,0,0,2,143991.84,112431.37,85897.31,102526.055,159724.27,131898.02,7650.2026,3200.1147,2297.4216,6107.498,4028.864,3162.2556,1
117511.3,2,1,2,29.66649,-1,0,0,0,-2,0,2714.9807,-1250.5802,47572.6,11768.996,-5749.156,-13037.398,-1338.5135,7112.213,1746.7432,1816.7141,8290.283,3341.163,1
122052.34,2,2,2,33.84363,0,0,0,0,0,0,202796.8,187273.42,98914.1,108479.71,167982.94,162231.12,2872.076,14634.931,2680.7544,2684.961,3121.9124,15121.638,1
55856.168,2,1,1,41.201508,2,2,0,-1,2,2,32993.055,9792.361,73659.945,25437.57,50156.15,93887.48,2545.1304,8161.293,672.281,1452.4604,8828.576,3668.5105,1
117413.71,1,1,2,35.87011,0,0,0,0,0,0,193690.31,159058.42,96744.99,117878.86,153363.5,-12682.996,1811.8202,10486.231,3080.6465,3621.0566,6016.908,3209.0063,1
22074.918,1,1,2,40.16361,2,-1,0,0,0,2,4478.078,-8969.283,46132.777,19649.865,-5719.3276,-12494.496,-2987.676,3757.4487,1788.8359,1867.2549,6531.134,4278.1504,1
68936.06,2,2,1,32.28387,0,0,0,-1,0,0,9023.91,5641.1543,60378.97,24728.445,6239.52,20780.967,4472.0547,9383.507,14703.729,6072.7856,3235.7295,4933.7183,1
27964.691,2,2,1,29.680151,-1,2,5,-1,2,2,-6317.6523,-23354.342,51531.3,5370.7617,-11326.483,4272.0117,591.84393,7700.927,-230.97243,326.62103,8465.072,4212.6367,1
71049.92,1,2,1,39.97074,-1,-1,0,2,-2,-1,-1341.2694,-20947.912,36210.19,20533.893,-13827.499,-10781.121,-1046.9071,5560.657,992.9314,1115.8833,6490.2686,5002.3994,1
116895.5,2,2,1,34.869774,-1,-1,-2,2,-2,2,-7610.8203,-21077.943,39069.33,16111.475,-16148.812,3534.4336,-1012.7952,12008.532,410.52026,6106.035,8301.015,5529.739,1
24392.918,1,1,2,31.958895,-1,2,0,2,0,0,-3459.2537,-27669.889,47907.492,21234.559,-9196.808,-2331.1367,-936.0638,6819.9097,1042.0349,1016.3593,8608.797,4064.3687,1
34085.816,1,1,2,27.762486,2,0,0,0,0,0,11333.121,71850.93,76553.68,26525.6,-2806.183,-10278.914,-1372.308,10769.986,1619.4131,1661.2625,7812.9395,3390.1282,1
26754.324,1,2,2,36.832058,2,2,0,-1,0,-1,-5082.2227,-19816.014,31569.172,13579.801,-13567.659,-9376.941,231.08951,5045.1187,919.75,492.47113,7571.028,3612.8066,1
89149.2,2,1,2,42.452003,2,0,-2,0,0,0,195633.0,170519.77,94010.6,109771.78,130977.984,74161.23,-3487.0447,53393.65,2673.171,3342.4631,4829.9565,2615.336,1
44836.355,1,2,2,29.524748,0,-1,0,0,0,0,-8411.098,-10231.811,41757.383,12789.41,-13189.167,-3960.8555,432.1149,4863.2505,817.0359,581.01605,8161.8325,3547.8774,1
76910.67,1,2,2,28.934309,0,0,0,0,0,0,618.5392,-10030.756,68970.71,21669.922,661.8873,5428.285,470.30582,7128.415,1343.3289,1999.8933,5788.12,15643.895,1
110065.58,1,1,1,40.542515,2,0,0,0,0,0,197228.64,131491.17,89111.04,65938.96,67981.84,67923.79,8042.954,19513.436,2942.9849,3657.001,3514.1296,2379.948,1
135903.47,2,2,2,31.891092,2,2,5,0,2,0,35355.99,14643.338,71827.086,16371.252,42230.004,63647.113,-1206.4594,6671.1387,910.09106,-207.42387,9519.565,3210.389,1
49103.887,2,2,2,30.284752,2,-1,0,-1,2,2,-8647.852,-29341.287,57087.746,19594.162,-8764.589,20116.307,-1167.5868,4996.114,-240.35915,-165.7559,8663.073,3634.271,1
43509.19,1,2,2,27.76784,-1,-1,0,0,-2,-1,1558.6564,-15206.482,72123.02,33239.98,-9977.034,-4082.4375,11688.601,24571.047,3306.7068,1477.3501,5876.863,5963.708,1
37584.26,1,1,1,41.66125,0,-1,-2,2,-2,-1,-4336.9375,-13038.416,31651.914,14996.951,-8775.71,-12257.6875,-1054.139,6471.7197,1468.8511,1032.6018,7753.594,5003.7573,1
122516.52,1,2,1,38.056873,-1,-1,0,0,0,-1,4005.0667,-7594.3496,46165.496,12380.664,-10595.64,73765.0,827.2424,6465.843,1149.2163,1309.1082,6839.7124,3171.1812,1
114332.3,2,1,1,37.378475,-1,2,0,2,2,2,52489.508,13448.725,66802.21,36815.4,21422.932,1608.4337,-1032.3109,7456.6377,520.2417,897.2482,9164.73,4361.0327,1
57439.645,1,1,2,28.579315,2,-1,0,2,2,2,34229.742,-9714.596,72849.98,53033.57,8017.483,56113.727,-2090.1853,6318.7783,1098.3267,1048.7991,5318.667,4468.653,1
85198.52,2,2,2,30.580524,0,-1,0,2,-2,-1,-8512.738,-14582.193,35994.926,15998.723,-12090.581,-1152.5975,-1313.2821,5293.0273,676.1992,436.80463,3212.0295,5011.181,1
143681.45,1,2,2,28.985233,-1,2,0,0,0,0,203382.42,182307.47,97665.195,125159.78,172632.61,161302.03,-3960.5437,11344.44,2598.746,1350.419,2686.0615,3915.5413,1
33962.043,1,2,2,36.317165,2,-1,0,-1,0,0,-4250.457,-13229.162,43346.36,17902.729,-9743.413,-3036.9883,-777.66486,5367.2334,1508.5059,1237.1077,6488.405,3577.2712,1
65503.88,2,1,1,34.096947,2,0,0,-2,0,0,149817.55,91085.97,89669.56,104161.46,143052.53,123351.5,1024.5778,23059.033,1544.8398,3011.0583,2905.2886,14902.466,1
32269.535,1,1,1,38.456276,1,2,0,2,0,0,9478.664,-15800.025,69246.55,28847.62,-5590.7573,-87.53118,-583.1004,6068.7964,229.79857,997.20184,9130.327,15145.723,1
78662.375,1,2,1,40.898056,2,2,0,-2,0,2,32834.867,-9800.389,74455.03,46793.91,11204.036,60047.918,-217.06284,6764.5767,1826.5339,1211.5107,5540.8037,4092.7559,1
139686.98,1,2,1,37.128773,2,0,0,0,-2,-1,46884.004,-3070.4983,40571.945,23048.354,-3212.8394,-14230.582,1251.5118,10415.066,3379.7375,3406.665,4929.2686,3607.018,1
129980.53,1,1,2,41.777493,-1,-1,0,-1,-2,-1,1281.5275,-17793.139,39891.73,23055.633,-9314.698,-10660.984,9845.246,6579.5884,2326.9885,1585.0457,5657.642,5441.198,1
28993.793,1,2,1,36.736904,-1,0,-2,-2,-2,-2,-9578.602,-9410.725,25200.191,2304.9138,-7783.2847,-10391.445,-1221.1478,4809.6904,1270.7661,205.26607,9708.1455,3910.172,1
77550.5,1,1,2,35.52418,2,0,0,0,2,0,140121.19,56713.46,79533.8,43262.387,9610.636,22226.168,-1268.2997,6511.0,2111.7463,1911.5952,6314.285,2591.209,1
35158.645,1,1,2,29.868555,-1,-1,-2,-1,-2,-2,-8708.137,-25542.318,29904.625,13572.887,-17778.82,-584.6757,-865.2757,4839.0464,259.9812,280.76093,8224.694,4919.034,1
153595.44,1,1,1,43.536507,-1,0,-2,-2,-2,-2,-3694.1248,-5109.162,30712.217,828.1482,-4831.0503,-11484.738,903.3659,14132.808,2274.1443,7150.595,6466.2095,7305.1763,1
28367.434,1,1,2,36.881893,0,0,0,-2,0,0,18056.36,258.68146,80298.875,42271.51,-1232.4916,-17006.453,1725.048,19786.057,2345.6406,2363.039,6623.5796,2953.9841,1
104697.51,2,1,1,29.572807,0,0,0,0,0,0,138563.6,70598.195,88539.086,44689.984,90927.97,74815.586,1555.2067,15247.3125,2119.6528,2680.7234,3540.299,23565.78,1
166741.52,2,1,2,31.443083,0,-1,-2,-1,-2,-1,-8058.176,-16649.553,28370.19,9012.82,-12723.397,-3671.6367,1364.2274,6052.4824,1144.7473,1064.396,7734.6333,9507.448,1
181976.31,2,2,1,38.160275,2,2,0,-2,2,2,215758.28,172970.97,101174.48,67122.24,173091.94,188635.66,5608.6685,14145.223,2829.1055,11336.384,-441.96765,4921.7827,1
162563.94,2,1,2,33.584286,2,2,0,0,0,0,-5426.6016,-14410.26,35320.098,8205.664,-8160.847,-3249.8203,2330.3838,5868.8433,1594.6406,1460.5974,8988.169,3118.6875,1
138760.3,1,1,2,39.490852,2,2,0,0,0,0,155159.55,126710.695,83464.24,102511.09,160898.23,136947.64,4146.194,2210.1292,1920.7852,13669.988,3132.441,5413.437,1
69511.88,2,2,2,34.618576,0,0,0,0,0,0,190685.95,102369.57,64386.418,17189.146,-3486.0503,-5725.1406,770.33417,5835.027,2120.6528,1768.8835,6977.5664,3538.9233,1
138046.22,2,1,1,34.872643,-1,-1,-2,0,-2,0,-3573.4294,-14587.854,41230.574,9218.027,-13785.515,-1867.0858,4441.87,15326.417,878.0232,2045.3623,7660.388,11306.382,1
122227.305,2,1,2,25.315031,2,0,0,0,0,0,200894.72,171261.66,97037.91,121952.75,160559.28,152160.83,1386.9279,12298.217,2837.7026,4330.682,1628.0714,2635.6042,1
107621.625,2,2,1,33.850292,2,0,0,-2,2,2,185719.72,141285.33,91044.305,133227.53,160216.31,140255.56,489.09976,19026.271,2232.9753,1724.3308,873.9042,3913.9023,1
197031.7,2,1,2,40.537956,-1,0,-2,-2,-2,-2,-5011.543,-22311.662,33124.027,6987.039,-8913.249,-9246.645,11350.571,18234.09,1930.5469,8927.866,8934.279,13146.042,1
133836.66,1,2,1,38.98979,-1,-1,0,2,2,2,-3568.031,-24347.31,29449.055,16092.564,-13285.647,-13797.266,-346.70786,6090.16,1044.6653,883.3901,8695.519,5384.075,1
128565.375,2,1,1,38.087498,2,2,0,0,0,0,192647.73,171312.95,94142.664,114075.984,151044.0,149182.02,-2369.7424,15367.568,2676.5425,6150.665,1669.5656,8793.096,1
111238.93,1,1,1,43.252815,2,0,0,0,2,2,7433.4727,-2037.4122,42150.516,21424.725,-2840.2144,-18010.945,-2002.0277,7097.358,2242.0076,1555.4214,5794.872,3921.2231,1
28807.379,2,2,2,39.32343,-1,0,-2,-1,-2,-1,-7396.672,-13804.338,29912.111,7914.1484,-9110.308,-7509.0195,-1248.2377,4661.2104,1212.488,396.3979,8709.875,3475.966,1
137572.38,2,1,1,33.72808,2,0,0,-2,0,0,75326.34,26478.115,81120.21,32791.285,6564.9263,-13845.395,412.6862,10631.999,1487.6055,2934.1858,6246.8926,3041.2678,1
42273.707,1,2,2,29.46981,2,-1,0,2,0,-2,-2032.914,-22850.646,64939.594,33457.82,-5679.0073,10927.709,-1730.5956,5394.377,1345.9097,1293.6213,6905.4365,4423.929,1
41138.707,2,1,1,32.390736,2,0,0,-1,0,-1,8460.113,-8361.131,74582.875,15948.699,-10345.89,-6333.449,614.54266,7767.9272,2062.4744,1781.6216,6902.779,3313.7825,1
88256.51,1,1,2,34.074448,2,2,0,0,-2,2,5848.0703,-15189.361,35644.086,21292.914,-9610.413,-17274.535,-1483.6903,5003.1416,2187.76,1776.279,7291.4897,4214.763,1
29907.895,1,2,2,41.584515,2,2,0,2,2,2,6850.34,-23621.186,67559.74,38211.766,912.65295,30285.033,311.94888,3551.3213,1323.2957,377.61884,5945.3,5178.751,1
252900.62,1,1,1,42.36986,-1,-1,-2,0,0,0,3879.5042,-4264.4277,72751.95,25176.598,-1838.8939,-6879.328,-228.06186,33111.152,1888.4211,2169.5889,9135.008,13602.708,1
59272.402,1,2,1,34.49541,-1,-1,0,0,-2,2,5010.2305,-16480.678,60438.92,24175.28,-10731.343,-6258.59,14287.334,4632.8843,2103.9365,1147.519,6305.3726,5306.918,1
133321.77,1,1,2,37.042294,-1,2,0,0,0,0,152915.88,120157.59,85248.81,96450.34,120936.11,-9354.262,2021.4833,7556.6543,1764.7632,1174.3152,6755.863,4072.6458,1
27162.16,1,1,2,28.04992,-1,2,0,0,0,2,1845.1525,-18617.193,59379.7,27120.195,-5812.7495,-3737.3438,-1930.6971,5561.316,1998.0178,1384.0083,7555.413,4651.0864,1
134211.1,1,2,2,31.015156,-1,-1,-2,-1,-2,0,-7971.0,-29808.482,27704.2,17986.098,-19247.738,1392.5079,-316.3895,5669.2817,-199.29176,222.74605,8050.657,14942.728,1
19912.152,1,2,2,30.479374,2,2,0,2,0,2,-3562.6287,-25431.1,31333.723,22725.344,-11212.819,-9274.84,-630.18976,5122.209,1419.438,367.10638,7003.6187,4851.5166,1
139998.95,2,1,2,31.721699,0,0,0,0,0,0,167958.31,141632.4,73479.04,44984.137,47915.33,122871.13,9556.108,4670.376,1175.4187,15934.434,4774.501,4544.3423,1
138751.3,2,1,2,32.405075,-1,-1,-2,-1,0,0,-14770.477,-21874.818,27689.934,23448.443,-4007.8433,65259.42,-1138.0057,4325.3604,12617.479,576.45526,8996.461,4407.902,1
41282.13,2,2,2,29.984646,-1,2,0,-1,2,2,-8759.352,-31845.271,25504.719,15542.385,-20792.61,194.36725,-1151.0394,5293.344,-796.76733,-240.65483,7817.4736,10938.112,1
45934.918,2,1,2,28.007029,0,-1,0,0,-2,-1,7142.4062,-5156.5723,47748.727,18057.43,-8039.476,-5959.1484,2377.2625,4955.1826,1584.655,1941.1477,6199.588,3132.3374,1
33232.746,2,2,2,39.62914,2,2,0,0,-2,-1,-5154.4297,-14609.42,37877.676,18082.178,-10435.9795,-1313.7811,-716.01056,4921.1704,1131.7957,8155.027,7503.3647,4976.174,1
43096.473,2,1,2,32.54411,2,2,0,2,0,0,-652.59753,-17861.404,69341.125,31286.139,2069.9888,30815.377,3491.7896,4842.5776,572.4734,1345.6396,8120.57,3702.9343,1
78651.15,2,2,1,41.644394,0,0,0,0,0,0,83860.26,85150.66,84327.234,43918.266,56360.07,89713.586,13494.351,5143.7593,2219.217,1636.1772,5451.0264,2588.1226,1
73635.79,2,1,1,33.64893,0,0,0,0,0,2,138896.44,113164.555,90742.375,96998.95,133682.1,144589.19,12445.222,3040.907,2821.8303,5676.8813,1920.8729,2259.6956,1
155843.81,2,3,2,32.181248,-1,0,-2,-2,-2,-2,-12952.121,-7610.9863,25684.717,-2303.3245,-7839.0425,-5060.246,-1324.556,4503.442,1449.4226,3.8217287,9953.567,3809.913,1
153675.78,1,1,1,41.14742,2,2,0,0,0,0,210790.23,186206.03,116773.734,-9872.84,161675.25,197359.33,8238.929,-822.5421,4501.3633,10457.889,-118.38121,14881.29,1
123345.27,2,1,1,42.696655,-1,2,0,0,2,0,90669.375,47170.348,79887.15,58153.285,131731.48,109385.16,-1028.4779,8391.366,1905.4343,1764.8035,6914.0757,3442.4941,1
48102.51,1,2,2,29.516289,-1,2,0,0,-2,0,2183.3713,-17614.404,68849.484,34989.297,-12531.472,1390.6642,-143.14438,4830.7476,506.5874,6537.339,8199.839,4664.5796,1
110035.195,1,2,2,35.079456,-1,2,0,-1,2,0,-568.4608,-28364.701,64487.754,26352.244,-304.21423,39494.28,16.999672,7213.4688,1017.18945,653.14374,8273.107,4458.024,1
120606.27,2,2,1,43.511597,2,0,0,0,2,0,44321.23,14792.76,80735.055,47897.008,58030.746,88862.07,525.238,9057.157,2373.2031,1015.69086,5231.6504,2667.35,1
152388.55,1,1,2,34.474495,2,2,-2,-2,-2,-1,-4278.34,-14399.178,27737.357,14976.516,-7049.7495,-10477.602,-1440.8441,4641.8433,1887.1587,1301.4387,8094.8857,4556.251,1
167806.55,2,2,2,33.58095,2,2,0,0,0,0,210734.84,176996.22,102145.49,47464.6,160865.31,156250.39,8635.672,608.37,2951.5247,6338.8135,1209.0106,15053.135,1
60123.38,1,5,1,39.601624,0,0,0,0,0,-1,186447.72,171872.11,89652.2,26368.701,-6157.48,-8050.125,1339.912,7669.3223,2608.117,2493.3652,2601.1758,3054.3105,1
26358.168,1,1,2,41.35842,2,2,0,-2,2,2,-4723.8555,-16777.014,27489.324,15930.955,-7457.5347,-16480.484,-1326.2001,4147.728,1789.0337,1112.1382,8334.701,4601.391,1
127514.62,1,2,1,39.8562,2,-1,0,2,2,2,105127.82,47088.43,78815.555,66820.48,127416.62,107167.836,-2664.1633,8087.051,742.53613,8478.299,4659.1777,4984.6953,1
151868.36,2,1,2,32.008385,-1,0,0,0,0,0,11323.223,13262.557,87327.14,52990.5,26801.182,25846.805,-1484.6766,40103.555,2983.116,3158.1626,5055.236,2981.5723,1
37583.55,2,2,2,42.46272,-1,0,-2,-1,0,0,-10975.6875,-9909.955,29256.697,796.2888,-6542.429,2715.9727,-585.73566,5928.3145,1256.458,485.8476,9496.42,3655.985,1
146338.44,2,1,2,33.780807,-1,-1,-2,-1,-2,-1,-6649.172,-24787.623,31580.227,20091.393,-15744.519,5282.9727,3602.5671,6265.1055,344.86206,6693.3096,8536.569,5314.3433,1
177126.9,2,1,2,43.0154,-1,-1,0,-1,0,-1,-5800.0195,-12106.443,33566.79,8914.777,-10892.8545,-10915.77,-221.33286,4703.463,1324.4197,859.4816,7767.918,3758.3606,1
77630.195,2,2,2,28.76888,0,0,0,0,0,2,20262.787,2588.9275,77816.914,41304.43,38968.37,79866.62,-638.00323,6686.1504,1702.1978,9026.095,8178.8105,4096.0723,1
154691.58,1,1,1,43.810883,-1,0,-2,0,0,0,-4456.7695,2820.74,34389.996,-4615.7695,-5611.886,-11684.668,-507.8895,7221.17,1815.3982,1607.917,9298.088,3353.0002,1
49034.723,2,2,1,32.90767,-1,-1,0,0,0,0,-3424.1873,-15570.26,66996.22,14289.664,-11785.651,21654.668,-415.0145,4620.934,213.93236,775.3027,8761.327,3275.5234,1
45065.223,2,1,2,36.342613,-1,-1,0,0,0,0,228.16031,-16588.1,68724.16,23594.42,-6684.394,9269.135,-620.6541,4393.4985,128.62865,972.9389,8711.443,15615.246,1
134118.58,2,2,2,29.1703,1,-1,0,-1,2,2,179255.42,158186.55,83781.21,123904.99,163817.61,161938.56,-2524.903,2555.1377,794.8032,1145.9329,4165.236,3998.8403,1
81670.41,1,1,2,27.869144,0,0,0,0,-2,-1,158994.83,6951.4277,49036.062,24988.361,-3231.9644,-17973.715,-2168.5208,6460.522,2456.2434,1813.2178,7100.0645,2926.9692,1
58770.84,1,2,1,42.503586,2,2,0,0,0,2,39290.715,14014.693,77962.47,40775.613,42920.84,84947.164,3324.827,4823.4263,1580.7275,1365.7522,7116.9736,3114.9949,1
125167.4,1,2,1,43.719616,-1,2,0,0,2,0,-2859.8318,-22246.928,56535.47,19874.658,-2437.226,10804.273,-658.8333,6160.18,1605.3699,850.19183,8571.749,4150.2773,1
132580.9,2,1,2,37.957596,2,2,0,0,0,2,198441.16,165922.17,96619.29,121261.81,182745.67,152746.06,-4634.4766,12130.607,2873.3428,9430.272,6221.2866,5556.5005,1
111988.484,2,5,1,42.326023,2,2,0,-2,0,0,144293.88,96411.88,85622.06,87204.555,158530.67,121145.63,-1551.4369,15522.103,1748.4348,2165.1445,5348.8306,3749.932,1
144002.52,2,2,1,32.0285,2,0,-2,-1,-2,-1,-5190.582,-15240.932,33365.273,8348.199,-11072.718,327.60944,130.09927,7243.3164,770.04614,3394.2402,4213.957,3683.6914,1
66976.95,2,2,2,27.264284,2,0,0,-2,0,0,97642.12,57702.285,83011.914,62918.348,84335.414,101103.31,-186.78207,13630.6,812.42236,2510.9343,3350.193,3907.5552,1
148530.89,1,1,1,37.516907,-1,0,-2,0,-2,-1,-3199.7107,-9576.701,30691.39,10277.582,-6636.48,-12725.336,-1171.1342,6481.708,1962.1558,1260.478,9275.306,3768.4265,1
113590.51,2,2,1,29.793907,0,0,0,-2,-2,-2,35145.344,-9789.748,40414.875,6543.8555,-9954.151,-6945.9062,-78.11166,6040.237,568.75415,627.9013,8509.002,4038.6018,1
167806.67,2,1,1,43.38474,-1,-1,-2,-2,-2,-1,-2838.5115,-20406.639,33025.227,13095.252,-9869.245,-8862.047,6781.1724,18430.883,2288.9663,1021.21576,5007.57,5755.943,1
113917.21,1,1,2,30.786484,-1,-1,0,0,0,0,17135.633,136539.23,81147.11,124020.25,91889.68,139734.98,32976.367,17074.607,2378.6382,3974.9622,2220.9795,5551.2427,1
29185.652,1,1,1,38.051674,-1,2,5,0,2,0,10004.715,-18632.318,66523.71,22693.78,7895.928,41761.895,-1002.5003,5662.2764,1185.7019,684.86395,9223.383,3742.947,1
58240.215,2,1,1,40.907513,-1,2,-2,2,-2,-1,-6943.7734,-23500.31,26815.14,14087.039,-13594.866,-7729.574,-876.29474,7142.7,1044.0542,826.0993,8948.854,4623.0723,1
34690.043,1,1,1,41.47936,-1,2,0,2,-2,-2,8597.258,-24002.271,65460.63,10313.684,-12268.538,-11800.199,665.00116,5191.068,1008.89307,729.0097,8844.194,4175.5557,1
134606.36,1,2,2,30.90239,0,0,0,0,-2,0,121667.28,89539.71,70699.6,41268.445,4842.3325,74584.05,1865.9618,6550.8677,370.93042,15345.176,5900.6577,8198.906,1
132781.69,1,1,1,43.42042,-1,2,0,-2,2,2,117758.33,54564.29,78635.99,74108.73,157051.88,100016.266,-2169.3552,3989.9634,2114.687,1736.5112,6932.859,4909.5205,1
74176.08,1,1,1,33.373394,2,2,0,0,0,0,106512.28,40156.695,81244.125,43962.926,43243.438,86254.664,-1064.3007,8107.11,1611.157,2154.9087,5349.164,3127.7556,1
23874.559,1,2,2,28.678696,2,2,5,-1,2,2,-3499.6443,-26189.63,47473.094,17807.201,-4472.847,1727.9181,2501.6436,4877.727,1348.7114,243.70064,7817.8887,3969.7124,1
145529.78,2,2,1,36.167965,2,2,0,0,0,0,199360.95,173451.56,95937.01,81703.47,126107.92,134912.14,8457.518,1878.3595,3063.053,1620.7781,1007.777,3741.2678,1
12621.745,1,1,1,42.107937,0,0,0,-2,2,2,4267.4883,-12820.193,34984.426,21786.113,-4262.859,-19287.031,-655.90216,6452.0576,1738.6128,1021.50604,6584.396,4227.4395,1
102367.57,1,1,1,37.69637,-1,2,0,0,0,2,-3385.0896,-18649.709,37214.15,5309.4766,-10948.9795,383.6485,1219.599,6474.0454,1365.1475,1828.94,9231.843,4046.6204,1
56259.465,2,1,1,42.427006,0,0,-2,-1,-2,-1,-3456.41,-27795.521,34650.074,18060.58,-5105.281,4075.086,2244.802,4842.9297,327.0984,13602.873,7422.7397,4870.824,1
23388.012,2,1,2,28.399193,-1,0,0,2,0,0,-1369.785,-10877.229,43708.59,14894.84,-9516.659,-10351.906,-1129.7562,8417.664,959.17847,1464.6204,7971.2812,4936.5317,1
229271.16,1,1,2,35.298824,-1,0,-2,-1,-2,-2,5880.211,16481.143,53878.383,13103.82,-4778.0503,15739.865,18787.672,22528.62,2076.5168,10230.01,3615.0366,13279.485,1
214977.83,2,1,1,43.6364,2,2,0,-2,2,2,3499.4768,-11104.604,29709.752,16646.11,-8226.276,-21448.758,-635.3348,5614.3843,2101.6719,1990.1533,8853.85,4339.1104,1
67721.22,1,2,2,27.835024,2,0,0,0,2,0,50407.527,10774.002,82318.49,51153.38,37216.453,74261.43,793.903,16248.625,1620.8909,889.6152,3978.7417,3335.4834,1
124348.445,2,2,2,30.907833,-1,0,0,-1,-2,-1,2716.387,-15345.299,69480.46,26709.252,-9181.312,-692.32416,10199.233,14637.316,3218.974,9574.471,2746.9587,5573.6177,1
23398.996,1,1,2,43.502487,-1,0,-2,-1,-2,-1,908.0626,-19880.053,32078.928,21844.46,-5951.6636,-15055.141,-355.5521,5501.081,2304.313,1327.5842,7232.5522,4650.258,1
39422.44,2,1,1,41.943863,0,0,0,0,0,0,27899.666,10798.428,74296.38,19417.496,357.41858,-14318.98,-418.20737,8075.4624,1914.032,815.18427,8391.807,2508.5457,1
112039.07,1,1,1,28.487902,0,0,0,0,0,0,2667.508,11287.396,49170.445,-2684.4143,-2684.4956,-11285.4375,812.0075,7974.292,1718.4316,167.80415,3495.9229,2731.7773,1
160552.8,2,1,1,41.850628,-1,-1,-2,2,2,-2,-12861.43,-22530.6,22735.451,3093.152,-15580.069,-3986.3125,-991.7244,5168.7964,344.6936,314.82587,9984.877,4737.6807,1
97363.664,2,1,1,35.224426,-1,2,0,-2,-2,0,-3144.7888,-16214.018,34778.223,11134.434,-15007.089,-8398.254,-135.6307,6814.475,669.7363,1147.1909,8517.592,4416.2744,1
73058.875,1,2,2,27.338957,2,0,0,0,-2,-1,106581.6,-7189.17,41613.99,22073.898,-7004.726,-15080.691,-596.4715,4602.6187,1489.7673,711.8986,6581.747,4306.6006,1
34396.965,1,1,1,43.878475,-1,-1,-2,-1,0,0,-8045.1836,-15118.584,31962.791,11190.525,-13168.37,-6483.9844,63.299477,5146.7397,1891.3074,915.67645,8613.399,4529.956,1
97611.805,1,2,1,34.775463,2,0,0,0,0,0,101675.05,63027.258,87068.35,82964.25,130070.17,122049.65,666.9582,10983.513,2650.4373,2905.4365,3648.4219,16646.086,1
125550.23,2,2,1,37.163433,-1,2,0,0,0,0,84109.11,94032.08,70310.03,18932.473,-8070.898,21475.174,4198.4194,5831.099,118.043686,840.2563,8161.733,3673.993,1
116997.164,2,2,2,37.629284,2,2,-2,-2,-2,-2,85886.72,-9484.686,25782.705,4879.1875,-10494.858,-5484.75,-1050.4965,4672.2676,979.43164,225.26411,9158.088,3830.5747,1
45653.73,2,1,2,30.432665,-1,-1,-2,-1,-2,0,-11041.98,-29570.232,32596.244,26423.906,-14497.452,16467.887,12249.817,4094.4026,434.38306,9643.327,7296.9946,5386.5513,1
28809.879,2,2,1,43.64326,-1,-1,0,-1,2,0,-7521.1367,-21985.928,42525.266,11506.873,-10476.374,-4121.336,-201.63168,6094.784,348.64087,457.06195,7489.468,3646.4275,1
36836.44,1,1,2,43.33352,0,0,0,0,0,0,22898.365,8147.049,47269.227,22929.361,-249.87439,-15503.391,-1316.4911,7741.1934,4527.6934,1764.8284,7562.01,2647.748,1
125343.125,1,2,2,37.509167,2,0,0,0,0,0,212820.88,192020.92,106215.086,78718.11,186177.77,162933.84,3124.566,16518.264,3875.6602,5500.241,1095.243,7598.339,1
75770.33,1,2,2,43.726795,2,2,0,0,0,0,186204.38,133687.03,89813.9,111596.766,129041.65,98950.836,-2288.86,11387.04,2276.4956,2688.714,4071.3525,23994.09,1
105578.78,1,2,2,28.668303,0,0,0,0,0,-2,128028.81,111539.2,80911.29,31116.445,-10456.87,-7188.8633,2869.7896,8573.758,1553.0891,1088.4121,8099.0894,3878.0715,1
25483.84,2,2,1,42.171318,2,2,0,2,2,-2,-10132.383,-18788.857,27397.756,6362.039,-11790.733,-8434.535,-637.4749,8173.3438,495.10132,812.68134,9531.46,4003.6357,1
43917.66,2,2,2,29.27717,0,0,0,0,-2,-2,-3164.7498,-10913.111,71441.875,11678.896,-8559.89,-5025.117,-301.99594,6234.8936,1210.4265,924.7734,8542.335,4130.751,1
23277.965,1,1,2,27.77899,2,2,0,0,0,2,-3056.613,-20654.475,35471.137,16590.723,-10409.8,-7381.3984,-144.91342,4902.6455,1400.6023,1015.6528,7947.6777,4336.4165,1
36181.45,1,1,1,43.30289,-1,2,0,-1,-2,-2,-80.98423,-22958.576,62021.645,7649.9727,-9302.526,-10698.914,-6.17318,6894.109,1515.4543,935.16595,8944.298,4300.64,1
127217.7,1,1,1,38.634647,0,0,0,0,2,0,208938.8,204882.81,110947.16,29054.303,192544.94,177123.48,3322.0237,17914.416,12395.604,2825.7805,1187.4288,7253.8247,1
81130.9,1,1,2,33.37432,0,0,0,0,-2,-2,165559.6,135952.5,57258.36,17418.062,-3897.6245,-15982.375,4765.575,6622.728,2155.0308,1096.26,6916.0483,3773.4707,1
77006.06,2,1,1,43.013638,-1,2,0,0,0,2,123821.58,71886.37,83091.266,64550.945,133064.31,112335.01,-1463.8734,8741.662,1930.1453,1100.6682,7130.8296,2829.926,1
46989.76,1,2,2,29.59464,2,2,0,0,0,-2,-2980.5505,-19372.092,68053.516,9710.992,-13172.312,-2121.3672,-134.17075,5159.089,633.59155,738.70355,8617.918,4152.1255,1
68636.39,2,2,1,29.748684,2,2,0,2,0,0,64872.04,37722.777,76196.664,45443.008,90102.1,159002.8,3527.6433,8577.169,664.8015,1421.9089,6615.112,6227.268,1
50899.082,2,2,1,30.004103,2,2,0,2,0,0,-4272.2266,-25268.936,59965.33,21144.736,-8766.147,10166.959,-262.55453,7820.7715,-133.8025,642.9599,8103.755,4159.061,1
43251.73,2,5,2,28.326687,0,0,0,0,0,-2,-7469.246,-9794.525,63436.56,11673.902,-12285.933,2014.2072,52.268715,5195.905,1287.1753,1114.4529,9056.951,4057.6929,1
23703.371,1,2,1,29.425182,2,-1,0,2,0,2,-4122.8984,-19264.436,42426.895,24891.605,-12609.671,-5463.242,-2675.9407,3771.9075,1170.4387,541.48456,6585.6064,5448.711,1
176795.36,2,1,2,28.35172,0,0,0,0,0,2,4638.1914,-53.96307,47239.965,16678.846,-1563.9994,-6142.707,-634.01935,7945.062,2131.448,1583.0632,8494.985,2747.3237,1
121015.86,2,2,2,28.963402,-1,0,-2,-2,-2,-1,-5707.0195,-14154.061,31486.975,8606.93,-9198.171,60764.89,-615.67365,7034.241,774.21704,792.4228,7038.2354,3238.324,1
145201.42,2,1,2,41.921436,-1,-1,-2,0,0,-1,-4707.828,-16673.584,58388.773,15370.785,-10115.909,-5429.133,1862.7281,27404.082,1394.4956,1338.1531,9096.195,12657.439,1
168897.2,2,1,2,36.09677,-1,-1,-2,2,-2,2,-6923.6445,-22611.576,28472.73,15271.102,-12308.569,-7938.1484,-1714.518,5323.2617,1299.8132,1017.98236,9241.768,5164.291,1
54500.965,2,2,1,31.200817,-1,0,0,0,2,2,-202.30844,-15421.932,63668.027,29620.209,-6626.5425,-1475.8475,9719.117,7436.289,2314.8494,1132.2966,6234.746,5229.9634,1
41933.918,1,2,1,38.292095,-1,2,0,2,2,2,-4755.254,-31405.139,57939.29,27897.486,-7816.445,10162.654,-1395.2347,4706.123,461.51636,735.66693,7162.716,5069.688,1
124268.15,1,1,2,27.517668,0,0,0,0,0,0,202080.1,177285.75,97197.83,125128.98,163271.34,155239.14,12244.504,2356.2847,2737.3787,6755.2896,1663.0646,14050.312,1
170838.86,1,1,2,30.89626,-1,-1,-2,-1,-2,0,4325.371,-16707.998,29805.936,17558.39,-5982.1636,-16561.043,-573.3587,6227.658,1563.6694,1656.0598,8177.836,26470.678,1
58880.504,2,2,2,28.54565,0,-1,0,0,0,2,-6694.1562,3229.8142,71173.266,21837.986,-841.0033,7431.5938,-1144.4994,31505.012,1917.8359,1893.1758,3389.7112,4667.683,1
26439.012,1,2,2,31.097887,0,-1,0,-1,-2,-1,-5812.8555,-11345.229,42268.984,18143.31,-10944.96,-6040.957,437.194,5712.0957,1092.4749,767.53265,7159.3125,5125.0615,1
105875.15,1,1,2,27.774618,2,-1,0,0,-2,-1,-2336.82,-12969.131,40046.008,20057.656,-9710.304,-8077.539,-1673.3197,5010.52,1721.8777,874.8398,6177.698,5245.1836,1
70944.57,1,1,2,30.450235,-1,0,-2,-2,-2,-2,-4636.8594,-21093.24,31248.082,11646.105,-9905.722,-7215.3203,5213.3604,4828.0635,1860.865,5139.4556,6911.4424,4209.4287,1
41512.527,2,1,1,28.591702,2,0,0,0,0,-1,5278.6836,-8029.408,72146.82,13938.781,-9431.276,-6548.414,220.0231,6765.5737,642.9529,1420.998,8166.168,14799.667,1
34735.035,2,2,2,29.403448,2,-1,0,0,-2,-1,-7023.379,-6954.549,49726.06,19615.023,-8519.62,9073.418,-745.8309,4521.2656,1196.6274,1705.2454,3518.294,5187.478,1
46364.8,2,2,1,40.514534,2,2,0,0,0,0,5044.125,-6164.1465,55915.406,5406.5625,-4456.9214,6902.25,-212.26791,6639.2397,848.6863,1282.998,4197.287,7317.2446,1
119283.04,2,2,1,35.24919,2,0,0,-2,0,0,212166.42,191828.95,103665.87,117685.17,173695.56,154960.34,5632.974,27933.105,2869.8943,3809.4795,1544.2643,4623.117,1
127280.336,1,2,1,34.273758,2,2,0,2,2,2,-5632.8984,-26708.748,25030.342,15508.414,-12909.362,-13398.551,-1390.9032,5753.7246,955.52344,570.70844,8391.219,4870.0034,1
55648.832,2,2,2,29.719364,0,0,-2,-1,2,0,-11643.395,-19779.443,28508.633,11036.615,-5220.9487,6960.342,-622.6336,6174.3916,446.8152,12.379834,8322.691,4365.5967,1
153405.4,2,2,1,27.918863,0,0,0,0,0,0,207916.67,192813.58,117147.56,37317.066,171242.88,173176.95,11060.099,14581.629,3143.5005,6591.9126,1700.1029,8732.453,1
26415.957,1,2,1,41.124348,-1,-1,0,2,0,0,-3169.324,-19824.03,44911.26,18731.27,-9226.265,-12451.496,-906.0179,5805.274,977.6008,835.64886,7694.9546,4419.561,1
24458.973,1,1,2,39.570793,0,0,0,-1,-2,0,2554.2542,-15576.314,46470.016,19481.557,-7143.234,-7470.3945,3094.6035,5019.645,1783.0994,11408.738,6493.4185,4971.357,1
25506.207,2,2,2,29.235443,2,2,0,2,-2,-1,-7248.492,-25454.201,31385.363,18270.303,-13552.737,-5887.336,-238.95883,5408.3706,537.4397,-15.845752,6398.186,3900.7473,1
87855.91,2,2,1,40.62457,2,-1,0,-1,0,-1,-9068.9375,-16542.896,35414.36,10899.221,-18192.625,305.31256,-108.56185,5353.63,218.39476,372.26923,7949.766,4567.7866,1
112349.695,2,2,2,32.59509,2,2,0,-1,2,2,53230.723,32879.844,76551.13,48475.914,92434.45,100296.805,5243.7334,12013.074,1237.2241,1464.8945,7196.0977,3838.829,1
283562.3,2,1,1,35.195724,-1,0,-2,2,2,-2,-7550.5117,-12229.607,22207.244,585.42554,-9554.397,-13244.5,-1210.6185,7566.486,1176.9314,510.2126,10044.582,4189.1475,1
117522.31,2,1,1,34.62847,-1,0,-2,-1,-2,0,-8663.738,-15045.537,33250.67,8103.047,-12721.292,2340.4688,-667.222,6185.0117,1035.8933,8182.4297,8950.422,4420.318,1
23633.918,2,1,1,43.75367,-1,2,0,2,-2,2,-82.68345,-26085.123,50111.25,24973.426,-5335.933,1716.6642,269.5734,4671.2197,1585.8901,861.5788,7671.3774,4380.4937,1
107578.27,1,1,2,34.341846,0,-1,0,0,0,0,-485.44907,5202.2207,80156.71,51165.668,8361.192,22658.605,17734.572,7365.274,2431.0889,1573.0608,6832.9385,4680.353,1
78336.28,1,1,2,35.201683,2,0,0,0,0,0,62088.527,33348.85,78529.86,43019.047,34073.934,10221.348,49.299965,6485.8335,918.82495,13503.3545,6738.0083,4036.9092,1
29456.09,2,2,2,26.832298,2,0,0,0,-2,2,-3977.8591,-7730.088,47152.98,23576.857,-6603.019,-3163.668,-2823.572,4247.2095,2021.3477,879.43695,7137.9043,4854.189,1
79296.53,2,2,1,28.714329,2,0,0,0,0,2,117412.14,40936.855,83260.87,53283.76,80782.45,108783.98,-1196.2328,6851.6904,1773.4148,2128.7505,5347.6943,3853.1724,1
49039.684,2,2,2,40.64594,-1,2,0,0,-2,2,4093.1213,-17533.115,73518.82,38135.258,7928.487,47493.766,-1606.4852,7939.5,2038.1028,905.665,7508.3555,4108.94,1
143468.64,2,2,2,32.582245,-1,2,-2,-1,-2,0,-13252.023,-25795.576,26748.957,12878.799,-17575.934,24893.96,-1158.4462,5424.8726,-358.43384,9893.286,8240.088,5084.97,1
45417.3,2,1,1,41.851135,2,2,-2,-2,-2,-1,-7023.0625,-12995.053,25414.52,9420.484,-10570.159,-10644.34,-738.6844,4668.7505,942.93384,720.7033,8899.4375,12550.334,1
30274.004,2,2,1,43.455853,0,0,0,0,2,0,-5013.1484,-2818.7327,42524.676,11775.508,-2619.558,-8257.648,-435.3973,5980.718,1737.4573,732.0136,7944.5137,3227.847,1
34880.59,1,1,1,42.68898,0,0,0,-2,0,0,62506.633,13324.369,81542.95,46772.977,32819.812,59874.98,3966.3604,8565.711,1901.7046,2392.3584,5619.103,2821.1208,1
213381.45,2,2,1,43.736553,0,0,-2,-1,-2,-2,-4137.457,-6637.873,29761.076,-3194.883,-7394.804,-12950.738,1645.162,6346.938,1557.2681,-92.82622,9097.045,3507.388,1
137365.19,2,2,1,36.722347,-1,-1,0,-1,-2,-1,-7457.4297,-22965.514,34022.55,20326.982,-16593.426,18563.627,-404.5311,4941.9883,641.76904,10469.926,3860.4482,4940.7524,1
96494.516,2,2,2,30.392107,-1,2,0,7,2,2,-6307.6016,-25414.592,58464.27,29090.225,7775.7505,65489.8,1457.2162,8656.559,23.292711,-210.00932,8932.117,4479.377,1
33631.848,2,2,2,28.596441,-1,0,0,-1,-2,-2,-5468.746,-15367.549,44571.035,18463.635,-14166.421,-1312.3202,-498.2474,6079.864,1953.1853,879.0473,7051.5107,5139.281,1
203855.77,1,2,2,30.283812,0,0,0,0,0,0,11036.125,1052.6151,70046.664,24861.14,6955.989,14923.107,-431.77817,7652.956,2083.9197,1362.2964,8058.4917,2558.119,1
55167.51,2,2,1,30.02034,2,-1,0,2,2,0,-8971.219,-27083.31,58457.01,28582.488,-10054.862,13841.336,-1400.4271,4931.676,-154.39967,66.56099,7363.698,4347.419,1
15027.667,1,2,1,29.684952,2,2,0,-2,2,2,-4148.258,-22835.639,28124.52,14879.023,-12089.495,-15251.637,-768.15216,5540.037,894.02686,373.9511,8269.004,4350.542,1
36141.113,2,2,1,39.150635,-1,2,0,2,2,2,-10926.238,-32841.266,30293.672,15797.176,-15790.194,6094.5996,166.90152,5969.78,-189.4651,-95.22807,8824.789,4578.238,1
33515.26,2,1,2,28.208767,0,0,0,0,-2,-1,821.83606,-5881.3184,40563.918,15689.588,-4119.9604,-15216.629,1527.8019,4893.943,1697.0325,498.91913,7622.442,3161.064,1
146347.98,2,2,2,43.672897,-1,-1,-2,0,-2,-1,-11745.797,-19385.78,29589.346,9823.027,-11780.866,-2182.2422,2045.3632,5015.226,1275.6575,705.4821,9036.421,4696.6177,1
122298.05,1,1,1,39.91885,2,2,0,0,2,2,146.07047,-16466.146,34651.54,17952.834,-5880.7964,-8148.746,-1322.2655,6253.974,1990.4229,1250.8074,7524.742,4249.703,1
113310.69,1,2,1,35.877926,2,2,0,-2,2,2,137555.62,113328.27,82634.72,115871.0,168984.95,122798.14,10064.24,2904.1875,2100.594,1868.6316,3400.7244,4858.016,1
200456.9,1,2,1,43.879677,-1,-1,0,0,0,0,-4381.3633,-7302.7715,37117.664,8008.2383,-8902.53,-14779.695,-361.63266,5302.941,1380.3721,868.15985,8106.774,3222.6274,1
38989.707,2,2,1,30.474358,-1,2,0,0,0,0,-6653.672,-13846.553,56841.598,16179.17,-14900.312,8093.416,-119.47152,6853.681,378.96753,2182.8726,7733.5063,5045.8735,1
52835.715,2,2,2,31.513561,-1,-1,0,2,2,2,-9488.285,-29826.146,58729.168,38175.56,-3288.3394,40793.52,-222.10239,3795.3433,-344.00757,778.50995,7847.2,4510.5425,1
161141.69,2,1,1,34.395943,-1,-1,-2,0,0,2,-7647.41,-15819.963,33051.16,14369.746,-14502.562,1647.8165,1055.8644,12255.634,1836.7891,5667.7163,9391.028,7668.2,1
152415.69,2,2,1,32.112164,-1,0,-2,2,-2,-1,-8983.258,-16488.951,27463.69,6785.996,-9894.011,-5669.039,-1220.286,11414.583,992.5735,848.34564,7536.656,4362.432,1
116080.83,1,2,2,30.77117,0,0,0,0,0,0,196781.66,168484.11,86344.11,58126.35,71759.195,78853.375,5934.621,7710.4336,2553.3267,2739.753,5689.535,2427.5598,1
140808.84,2,1,1,34.675232,0,0,0,0,0,0,215668.03,204760.86,119976.35,9718.664,175086.16,150224.06,7381.0464,22247.39,5966.9204,4750.018,1458.9525,3039.379,1
34330.59,1,2,2,29.221859,-1,-1,0,-1,0,-1,-6076.129,-20132.717,42268.137,20677.725,-17188.336,322.4571,1298.6888,7488.531,547.7698,1005.34247,7250.803,5372.7964,1
20454.95,1,2,1,43.47979,0,0,0,-2,2,2,7620.125,-4445.9316,48735.68,22772.693,237.87952,-9993.691,1730.132,16889.205,1883.8325,6751.2983,7297.662,8773.625,1
89829.05,1,1,2,29.007437,-1,0,0,0,0,0,6706.0195,-6921.959,80509.336,54155.695,10922.833,38031.766,15483.712,9606.662,3123.4353,1407.0305,4204.6807,3447.7332,1
47091.34,2,1,1,41.409046,2,2,0,0,-2,2,56516.734,8388.326,80616.234,44322.92,42041.88,84613.31,527.6193,9094.547,1865.4448,1530.4236,4922.4077,3022.7363,1
170802.6,2,2,1,39.25148,-1,-1,0,2,-2,-1,-5985.199,-24208.576,32599.473,16945.057,-14458.647,-7277.6914,10495.741,5677.6924,1278.593,540.8195,7755.3145,5059.0986,1
54228.707,2,1,1,43.650383,2,2,0,-2,2,0,104314.71,35773.117,79745.82,65686.8,126381.48,89058.54,-911.0701,12108.992,1669.3728,1779.7249,5345.2085,4255.291,1
100729.97,1,2,1,35.47105,2,2,0,2,2,2,15635.719,-20195.889,68034.11,37730.824,12878.437,66640.22,-1678.6825,7872.205,630.07837,6220.6064,7876.2275,6850.8296,1
147273.69,2,1,2,36.773075,0,0,0,0,-2,-1,3022.2659,-8086.842,39000.754,12124.1,-6020.023,-636.1132,753.2702,6548.725,1683.0957,8590.89,3671.8813,13337.179,1
32798.473,2,2,1,33.695633,-1,-1,0,-1,-2,2,-3737.2458,-16867.107,42440.508,13052.596,-18930.738,1074.9259,202.59488,6426.816,-150.91481,1302.8169,7551.5703,5180.459,1
178071.31,1,1,1,34.338985,1,2,0,0,0,0,209157.78,194912.42,113494.18,1372.2927,171064.48,199029.97,-6790.792,18934.188,4258.566,10095.499,329.44202,10368.647,1
112247.77,2,1,1,29.025227,0,0,0,0,0,2,193825.03,159495.11,95441.07,120389.23,162157.95,143831.78,3357.661,12341.464,3035.6636,9794.556,6201.798,2692.8652,1
120245.13,1,1,1,38.55947,2,0,0,0,0,0,219590.97,200018.33,116604.79,46432.906,153931.66,183171.86,7022.6914,19489.799,5231.434,9819.425,176.67982,9281.854,1
122107.81,2,1,2,38.277405,-1,-1,0,-1,-2,0,-3267.9841,-22971.99,31900.451,16204.377,-16764.09,-5785.586,-407.99936,5833.7476,442.1936,1029.7964,8241.6045,14825.082,1
139801.17,2,2,2,26.914991,0,0,0,0,0,0,212066.44,185574.2,107772.22,13780.643,136183.86,102140.195,10559.534,12513.025,4550.5913,2221.0444,3090.9934,2780.7505,1
113740.33,2,2,2,30.26276,-1,-1,0,2,2,2,147159.19,99205.78,75275.03,92823.32,143612.67,124594.04,-2841.4182,6997.106,968.7639,663.04803,3526.213,4159.3296,1
115656.336,1,1,1,38.687717,-1,2,0,-2,2,0,144097.19,98600.89,80422.016,100018.7,172236.02,112526.55,1298.0873,8325.633,2171.1077,2357.09,5372.0493,5188.716,1
18063.402,1,1,1,43.384785,0,0,0,0,2,2,20034.635,388.41583,67895.19,29215.809,1912.3287,406.17194,-979.2161,11151.432,2192.746,1249.7749,5232.817,2882.537,1
34165.26,1,2,2,35.623493,0,0,0,0,0,-2,-3108.4841,-5499.615,52810.914,18287.48,-7730.027,-7714.836,2388.8335,6071.4507,1791.0483,1658.3623,8550.169,4116.837,1
59786.44,2,1,1,35.62671,2,-1,0,0,-2,0,-3800.7927,-1753.3615,49055.703,13251.168,-8923.175,-7207.3594,-1678.5433,5913.513,1289.3508,1797.8501,7950.31,4597.503,1
161480.81,2,1,2,32.306892,0,0,0,0,0,0,5990.3555,9131.607,42875.848,6198.301,-131.34705,-13046.645,5306.4595,13859.159,2421.971,173.22383,3899.6777,11243.838,1
26147.426,2,2,2,41.398926,0,0,-2,2,2,2,-6954.336,-19201.709,27599.598,12692.17,-8076.734,-11120.594,-1024.6879,5786.375,1178.4829,385.45355,8361.925,4416.373,1
108563.06,1,2,1,29.853748,0,0,-2,0,0,0,6935.9375,-9023.967,43855.246,1677.1013,-6708.472,-4771.7812,2116.3535,28208.438,1501.0952,1305.3135,8356.096,3653.811,1
285651.03,1,2,1,34.913666,-1,-1,-2,-1,-2,-2,-10538.004,-22939.365,22244.389,8538.645,-12787.843,-4838.0,-142.24887,4358.9346,816.43945,-128.32475,9242.386,4769.685,1
32981.715,1,2,2,40.014404,-1,2,0,0,0,0,-8082.2344,-12909.994,40908.414,10905.246,-9795.667,-3287.3398,-410.82846,6042.7876,1130.8909,2257.2524,8401.365,4126.7637,1
148898.17,2,2,1,42.41321,-1,2,0,0,0,0,201369.6,182486.06,99410.25,112923.08,145354.94,133251.47,-2778.8694,18703.094,2954.1443,1203.5239,3403.7913,3168.0183,1
96456.445,2,2,2,35.079166,2,0,0,0,0,0,171297.53,137044.92,86644.06,70254.02,84823.695,98556.14,2030.7906,9327.274,2070.054,2806.6685,5465.652,2388.771,1
71374.73,2,2,1,28.698599,0,0,0,-2,0,0,109240.29,53912.004,81426.0,43365.32,47133.95,77137.93,2133.6284,13210.14,744.728,1789.0544,6310.441,3147.8938,1
124168.36,2,2,1,32.96821,0,0,0,0,0,0,200286.55,177117.97,94525.23,116821.26,138380.25,130956.375,12052.746,2095.6392,3401.693,2249.2202,3118.8538,2468.708,1
54158.902,1,1,2,33.207577,0,0,0,0,0,2,72802.35,39678.418,86126.1,50169.74,8989.147,10589.223,3875.146,7985.6133,2395.6326,3085.1018,7499.3657,2703.0254,1
140462.81,2,1,2,30.00857,2,2,0,0,0,0,184809.25,167195.38,83699.38,43672.16,-11365.335,2938.2617,9139.982,4352.9604,1644.0859,1412.0979,6746.089,4112.2734,1
122371.22,1,1,1,35.15112,-1,-1,0,0,0,0,1679.1681,-8444.979,52715.03,11473.07,-9011.089,-5821.3125,10371.858,7874.35,2024.7441,1562.7812,4025.5042,4099.411,1
137606.55,2,1,2,37.13113,0,0,0,0,0,-2,-1848.5546,-3516.7444,40194.77,1914.4607,-8226.358,-12312.059,1784.3712,6784.769,1746.487,536.6257,9498.772,2947.7134,1
38326.2,2,2,2,41.003265,-1,-1,0,-1,2,2,-4221.3125,-26943.201,53305.07,20494.25,-8738.933,958.18365,-1017.5628,6168.7974,695.3865,344.72064,7063.4854,4161.5024,1
80200.57,2,2,1,31.683527,0,-1,-2,-1,-2,-2,-6239.953,-17579.021,30674.908,8782.844,-16920.281,4486.414,4439.83,8026.457,175.70042,-23.57964,8530.237,4861.798,1
37737.12,1,2,2,32.080414,0,0,0,0,2,0,2959.9534,-8358.205,71183.61,27420.424,1009.6061,-7136.6562,487.89713,6024.8623,1953.2517,757.60614,3480.735,3117.9045,1
215943.86,2,2,1,43.162964,2,2,0,0,0,0,190502.7,176793.5,95997.68,109989.805,182563.9,156595.72,-2923.972,11055.935,2679.719,3295.9302,4053.7476,4319.088,1
127896.33,2,2,2,40.269337,-1,2,0,0,0,0,160838.06,142829.97,77681.93,51658.816,115588.86,116000.14,2719.5557,4399.304,1385.6167,1466.7063,6157.6294,3192.394,1
126090.086,1,2,2,38.227066,2,2,0,-2,2,2,182589.45,133909.23,87119.25,134438.44,185273.7,138939.92,-3706.7302,17488.537,2439.273,1063.7144,3189.631,6748.358,1
33084.94,2,2,1,43.353195,0,0,0,0,0,2,5630.086,898.43146,73195.83,19686.783,3704.5903,-5179.0,721.9963,6873.2524,2213.393,1486.2039,3962.067,3037.2761,1
153722.38,2,1,2,29.561083,0,0,0,0,0,0,211005.98,189462.05,96953.8,121934.484,161748.73,145501.58,7795.943,11184.195,3283.3992,13844.557,2403.0776,2369.09,1
70335.09,2,2,1,33.6312,2,0,0,-2,2,0,129172.27,68613.54,82804.66,80169.21,114851.266,101491.12,544.1984,13557.484,1460.5676,1353.322,4160.5835,2851.3499,1
136994.1,1,1,1,42.875237,2,2,0,0,-2,-2,-245.57016,-15979.447,29845.672,11889.205,-9454.276,-17490.648,-496.60727,5449.488,1815.6965,1354.1506,8625.812,4357.184,1
120883.125,1,1,1,27.929724,2,2,0,-2,0,0,197445.6,154524.03,89160.52,128412.945,153741.02,134787.58,9106.044,11008.554,1824.9639,1177.4109,1781.4796,4040.6836,1
186861.44,1,2,1,41.61179,-1,0,-2,0,-2,-1,-2954.3435,-6185.8574,29434.117,7350.0625,-4956.2026,-15433.293,-1354.1425,5784.412,1880.0476,1469.0137,8426.493,4124.679,1
36533.434,2,2,2,32.91143,-1,2,0,0,2,2,-11204.691,-25575.943,53475.14,17332.225,-5619.8237,16733.82,-942.17365,6130.1577,252.364,893.62494,9343.413,4255.673,1
74403.68,1,2,1,29.784124,2,0,0,0,2,2,29202.94,-1505.045,80143.5,44823.35,17634.32,58978.188,382.15933,15663.651,1498.9956,2207.6013,5655.142,3035.6157,1
199581.12,2,1,2,37.26006,-1,0,-2,-1,2,-1,-7808.082,-12995.018,24233.621,7010.3477,-6961.6987,-7909.4453,-1707.6083,4825.5005,1741.44,858.61224,9395.71,4096.4854,1
271178.94,2,2,1,43.70295,0,-1,-2,-1,-2,-1,-6340.832,-5904.217,27623.654,7412.297,-8036.972,-11345.3125,-238.43588,10292.095,1916.0537,764.9245,9072.463,5926.8257,1
112685.72,2,2,2,37.26262,-1,2,-2,-1,-2,-2,-12345.465,-26160.928,22694.521,6087.8633,-17662.414,4062.0781,-1039.4843,4826.4355,205.32152,-202.12895,8603.95,5256.7627,1
60476.24,2,1,1,40.40092,0,0,0,0,2,2,36249.367,13096.162,82911.734,58779.24,89787.664,93720.11,928.4443,10748.1045,3932.7578,1567.719,2914.4646,2904.6301,1
214152.14,2,1,2,30.275616,0,0,0,0,0,0,78735.19,42309.76,82136.63,40086.805,60664.03,77516.55,4211.7524,6061.021,2149.041,2256.0322,6999.6987,3781.0989,1
45804.863,2,2,1,32.48666,0,0,0,0,0,-2,452.87906,-8013.3926,72183.36,11722.721,-13949.882,-7.320247,3115.5818,7530.472,686.83716,1080.5686,8464.703,13834.803,1
131193.53,2,1,1,36.626457,0,0,-2,-1,-2,-1,3352.0627,-12187.732,37222.473,7319.457,-6937.3276,-9357.066,2592.6765,14622.952,2045.3103,2532.2104,5106.1978,3527.1426,1
52417.363,2,2,2,31.046144,2,2,0,2,2,2,-351.49203,-21631.209,59903.918,35014.484,9107.919,64769.5,-758.59015,5369.882,745.53174,-59.496143,8352.117,4569.59,1
54126.684,1,2,2,35.064972,0,0,0,-2,2,2,17758.562,-9216.85,76710.64,43803.695,7610.9634,29192.56,-1025.1259,9674.148,1685.9163,1801.6702,6908.9805,3951.718,1
27386.223,1,1,1,29.333115,-1,0,0,0,0,-2,1265.2345,-10900.729,48876.195,12897.311,-11212.655,-9392.953,616.6198,7440.0054,1371.2471,1511.7585,7957.3867,4427.5938,1
139277.47,2,2,1,41.752014,-1,2,0,2,2,2,146070.73,117136.41,79434.734,100403.47,164480.95,132876.97,5693.6416,7844.103,2030.8018,1465.1868,2984.0093,4502.492,1
20795.965,1,1,1,36.000057,2,0,0,0,-2,-1,7102.4414,-8722.604,49005.445,16370.801,-5149.472,-16307.523,-1138.0009,5777.132,2001.8765,1531.1335,7131.541,3771.08,1
119459.67,2,1,1,40.913254,-1,0,0,0,0,0,203623.92,168610.88,97245.484,122241.82,170972.45,107070.44,3997.8413,11525.416,3054.5276,2932.0278,3699.7742,3000.3237,1
131701.5,1,2,1,31.791357,0,0,0,0,0,0,38834.016,16611.19,82421.77,38503.227,84799.41,100948.12,-277.6395,7940.2036,2092.1875,7758.6665,5879.6855,2840.9119,1
224210.9,2,1,1,36.96604,-1,-1,-2,-1,-2,-1,1787.1681,-16569.506,33755.152,12929.711,-10859.163,-3679.457,-60.784996,12973.168,1738.822,7830.523,4027.9785,15360.593,1
122749.54,1,2,1,34.90282,0,0,0,0,0,0,232081.9,128398.92,103002.33,109901.45,134016.77,132226.61,-4061.6414,1987.4882,67164.4,5273.3516,56.61537,8951.76,1
35708.816,2,1,2,27.136099,0,0,0,0,0,0,410.465,-194.92401,61121.004,19519.38,-4610.3667,-6530.1797,10824.886,16655.725,3523.0417,2659.2612,5016.2637,3383.4658,1
152039.83,2,2,2,28.810549,0,0,-2,-2,-2,-2,12125.867,-4050.2014,26836.863,1238.3865,-7901.9097,-8480.848,-1121.9965,5799.775,1010.4092,-122.28764,9474.602,3808.242,1
27294.496,1,2,2,34.581905,0,0,0,2,2,-2,-2068.6677,-17166.975,55131.145,20063.361,-7253.5034,-14675.836,-668.3934,7485.142,1250.053,962.9311,8722.725,4335.302,1
199504.4,1,1,1,41.2723,0,0,0,0,0,0,143231.67,87640.23,90887.19,56618.41,39160.195,35316.293,1269.8348,9764.595,2480.5276,1430.1597,6426.5537,3051.145,1
45560.215,1,2,2,29.533888,2,2,0,2,0,0,21834.922,-12104.682,72380.82,74757.59,9489.157,49044.414,129.20914,6652.0054,694.2092,1163.9661,7489.672,4177.3794,1
32410.082,2,1,2,30.243841,2,-1,0,-1,2,2,11374.75,-18767.396,73259.66,37414.97,2397.8052,32625.441,-1725.9442,6810.8013,950.92285,1315.1252,7572.6963,3420.6096,1
30759.48,2,2,2,41.81128,0,0,0,0,2,0,-932.5624,-12107.232,40258.867,11968.66,-4235.265,-9891.52,1636.6139,8087.406,1471.4692,481.71844,7848.6953,3171.9966,1
123410.36,2,1,1,31.466885,-1,-1,-2,-1,-2,0,-4836.6523,-16772.725,66235.29,11235.678,-16261.12,35.437565,1520.1083,30487.775,1299.2571,1188.863,8165.999,4966.124,1
75497.555,2,1,1,39.313137,-1,2,-2,-1,-2,-1,-5396.1523,-20609.38,25948.38,10847.6875,-15685.78,-1650.5194,-207.2684,5651.7793,722.79565,432.22235,8774.356,9700.75,1
54208.56,2,1,2,43.22897,2,0,0,0,0,0,38215.816,15132.729,82427.9,39294.168,-1771.2455,-3863.25,70.66764,8175.8696,2987.5164,3343.1426,5506.546,2806.636,1
151849.78,2,2,2,27.108614,0,0,0,0,0,0,210059.56,206288.84,114762.77,18691.506,164675.88,191616.97,7840.2754,21123.072,6223.5825,8073.0317,472.11853,7816.3423,1
115380.56,2,2,1,29.015194,2,0,0,0,2,2,156052.36,118069.5,85815.59,113618.48,144232.92,124901.29,-555.4129,9556.537,2124.263,2257.5244,5926.717,3900.5347,1
36971.16,2,1,1,41.641323,2,-1,-2,2,0,0,-8470.832,-19134.451,35985.82,11028.115,-10314.511,375.25397,9437.517,6762.7417,1024.801,844.08466,7760.905,4762.009,1
23986.668,1,1,1,35.364037,-1,-1,0,0,0,2,1504.8751,-17631.443,47143.605,17752.424,-11663.249,-5551.543,2920.3254,5548.914,1348.263,1239.5752,7641.898,4797.243,1
67333.164,2,1,2,28.58146,2,2,0,0,0,2,36008.918,26740.006,74557.664,36951.37,3982.559,43129.12,4118.491,4929.084,785.82007,1642.5522,7832.07,4014.4678,1
30784.55,1,2,2,28.891352,-1,0,-2,-1,-2,0,-5065.375,-18721.49,39111.402,18936.662,-13344.671,-791.75385,-438.9061,6981.1626,655.6555,6370.449,7413.535,4996.769,1
67725.69,1,1,1,29.570038,2,0,0,0,0,0,106307.57,60697.477,87139.71,67241.88,107183.555,103535.195,-420.76987,9607.918,1906.117,3110.446,4673.401,8972.932,1
70006.51,1,3,1,42.972378,0,0,0,0,0,0,119196.41,56403.867,84411.2,40847.13,20257.502,-11731.621,193.17545,6425.945,2361.728,3077.1948,7352.703,2417.256,1
16279.2295,1,1,2,28.989468,2,2,0,7,2,-2,-3858.4607,-20754.123,28129.357,11816.197,-11196.085,-16814.652,-882.70294,5590.0884,965.36426,517.9626,8345.105,4285.601,1
157002.88,1,1,2,39.046223,-1,-1,-2,0,-2,-1,-6942.0273,-21676.99,32480.223,17947.947,-10270.116,-1497.0155,-1309.9061,8613.126,1652.5857,10960.025,7917.572,5047.938,1
49678.082,2,2,2,30.099468,-1,0,-2,-1,-2,-2,-11871.484,-20024.646,22644.535,5461.5195,-11922.14,-2147.0117,-1484.9022,4764.1865,516.2722,-402.76178,8963.717,7075.703,1
58446.19,2,2,2,29.368496,2,-1,0,0,0,0,-5024.914,-15145.381,67550.81,25648.8,-6436.2534,8199.625,-1819.0082,4344.3936,961.51514,1128.988,7329.7837,4103.787,1
266011.66,1,1,1,41.75398,2,-1,-2,0,-2,-1,712.4142,-12106.381,31061.143,19899.47,-6651.4995,-15873.719,-691.22687,4793.411,2011.7678,1653.4854,7887.4077,4849.002,1
125855.32,1,1,1,43.64899,2,-1,0,0,0,0,85455.164,32895.76,83710.19,57888.152,99835.5,97762.83,-1992.6976,3695.7925,2224.0486,2056.3,5081.0234,3072.5947,1
23906.254,1,1,2,31.753984,0,0,0,0,2,2,7602.4883,-14158.295,39173.83,23186.84,-3279.2417,-13425.117,404.40543,7859.0586,2034.2644,1230.179,6568.674,3555.4907,1
50399.105,1,2,2,31.021698,2,2,0,0,0,0,9178.227,-10386.975,69842.805,32594.13,8895.675,52866.008,691.54706,5016.578,172.65599,1229.2849,7813.6577,15046.063,1
137269.86,1,2,2,30.394405,2,2,0,0,2,0,195457.12,160214.94,88299.24,111416.36,152204.53,130971.92,-3612.1423,10389.781,1891.082,2067.5176,3994.8574,3017.447,1
115384.56,2,1,1,42.989845,2,2,0,-2,2,2,69351.66,19154.133,72538.83,32686.764,5726.305,43636.684,2812.763,5518.064,1738.2786,928.3486,3197.725,4021.5774,1
176822.94,1,2,2,36.804302,-1,-1,0,2,-2,-1,-11331.832,-26061.654,26933.262,20737.672,-12099.714,-7894.2695,-1640.099,3956.9644,1357.3467,404.04803,8581.53,5502.15,1
134005.02,1,2,1,43.628902,-1,-1,-2,-1,-2,0,-6397.59,-16119.404,36625.21,6432.078,-13745.901,-2632.4219,-9.715661,14092.488,1124.4446,5522.532,8467.54,4935.5757,1
27523.434,1,1,2,43.00563,-1,2,0,-1,0,0,-4334.4336,-23327.975,29706.568,10521.943,-8563.851,-12120.945,-442.68002,5360.129,1458.4053,825.89496,8760.892,4180.025,1
18891.309,1,1,2,30.139008,2,2,0,2,2,2,-6708.41,-23584.498,24284.318,12684.332,-11477.659,-15320.418,-1428.661,5539.2446,595.60767,708.13275,8370.699,4717.9424,1
34074.785,2,1,2,28.703197,2,-1,0,0,0,0,-5673.6562,-17343.678,57061.26,20321.113,-11670.897,2421.6953,14460.71,4015.3901,1598.3035,990.8288,5388.7163,2715.886,1
28110.324,1,1,2,30.771624,-1,2,0,2,2,0,16882.848,-24068.139,67353.39,39766.492,-48.319706,16428.49,-1244.6176,8815.393,989.41943,994.6149,8016.792,4852.67,1
151162.48,1,1,1,40.704025,2,2,0,-2,2,2,208338.81,159932.69,96609.32,127584.234,194447.47,151764.53,6855.962,11683.271,3036.6995,2706.4216,3533.8657,7199.9204,1
49781.277,2,2,2,28.341284,0,0,0,0,-2,0,79669.58,-3505.7522,75225.914,37399.496,-6121.4214,9156.066,-305.69614,5375.4927,1673.2285,10309.469,7402.98,4844.626,1
35096.19,2,2,1,43.566517,0,0,0,0,-2,2,12853.156,1543.5682,79728.33,14230.246,-3096.101,-12261.316,-910.0037,4818.1636,2030.6345,2612.8142,7469.717,3639.6313,1
53010.12,2,1,2,36.338463,-1,2,-2,0,0,-1,-6772.879,-16816.076,32428.574,8960.27,-14239.265,-4557.879,-227.92953,10026.68,1142.7354,1071.0479,8661.526,3907.515,1
62604.887,2,2,2,30.55618,-1,-1,-2,-1,0,0,-9530.898,-22074.553,34197.707,15644.658,-16525.836,20515.26,3797.4304,9332.858,1270.9766,8358.679,7359.594,5151.12,1
36055.254,2,2,1,41.933464,0,0,0,-2,-2,2,6525.453,-9779.857,70725.875,26024.361,-4659.0503,-16643.918,-1116.9423,9965.175,1443.3987,1687.1682,7446.4033,10902.797,1
123479.484,1,1,1,43.441998,-1,0,-2,-1,0,-1,-2888.8943,-8002.795,31060.836,6562.785,-7692.1167,-8982.012,-622.2508,5052.354,2440.366,1085.8687,6973.688,3712.7485,1
141536.33,2,2,1,35.8826,0,0,0,0,0,0,327.0353,-3619.424,72300.83,20602.303,6216.821,31237.057,12507.826,8590.151,2165.9626,1987.6523,4081.8906,14862.002,1
77446.95,2,1,2,27.898146,2,2,0,-2,0,0,119088.555,63950.086,80757.07,72178.86,132546.64,110620.68,-1748.6786,12331.557,1134.9795,1750.8167,4486.108,3768.1016,1
127314.72,2,1,1,35.09768,2,0,0,0,-2,-2,141619.27,127978.41,81336.0,11943.766,-5680.7847,-12151.902,3616.6228,10065.44,1579.5085,1007.0695,7784.8867,3157.895,1
124847.38,1,1,1,40.999752,2,0,0,0,-2,-2,17434.441,-5003.002,43886.195,8960.5,-3591.4683,-17707.957,-762.701,8197.426,2122.2058,1134.0269,8209.418,3356.563,1
51680.324,2,1,2,40.70161,0,0,0,-2,-2,2,21324.65,-7182.8145,76844.78,51688.797,6423.43,36873.03,3916.3362,4896.9927,3011.5022,1652.9658,4727.136,3313.3389,1
27183.566,2,1,1,32.45312,2,2,0,-1,-2,-1,-2536.6482,-16279.963,32635.363,11877.381,-12824.741,-8416.293,640.20575,5458.386,682.2595,565.715,7810.2104,3877.7349,1
21954.45,1,2,1,42.283024,2,2,0,-1,2,2,627.0939,-26003.803,58926.863,15966.457,-4448.89,7769.2715,2084.3552,7998.472,884.8804,1102.846,8290.732,3737.0947,1
57471.848,2,2,2,27.938866,2,0,0,0,2,0,23094.379,10999.787,75385.42,35188.99,4049.6138,20446.705,-626.27325,6369.699,1288.1245,583.07855,7790.9717,3664.5925,1
123814.42,1,2,1,33.56308,0,0,0,-2,0,0,197775.1,161506.62,97219.35,123110.51,172592.38,144387.73,3543.1135,17482.256,2988.0273,3109.434,2480.2688,3587.2761,1
29462.988,2,2,2,28.13126,2,-1,0,2,0,2,-3159.5076,-20323.045,56723.367,28909.41,-10963.37,-1434.5741,-3332.278,5150.099,1027.8579,596.2463,6574.823,5409.33,1
15318.167,1,1,1,35.1687,2,2,0,0,-2,2,3720.9768,-9996.381,35245.758,9469.898,-8902.808,-18873.387,-284.24643,5649.9634,1347.3416,1111.6086,7984.617,3454.7935,1
151013.22,1,2,2,29.25474,-1,0,-2,-2,-2,2,-7063.0234,-15086.537,23693.697,5160.379,-7749.769,-10233.223,-1554.6454,5892.5854,1213.2295,626.8339,9342.275,3990.7466,1
41292.902,2,1,1,29.944542,-1,-1,-2,-1,-2,-1,-5701.4414,-22826.834,35814.723,18513.088,-19078.832,3818.414,729.1569,7230.118,120.48802,1151.7424,7557.3887,5159.448,1
119806.53,2,1,2,29.52144,2,2,0,2,2,2,45268.31,12781.842,70125.42,41537.09,40515.51,34222.324,55.512856,7250.0864,549.3679,1364.2915,8434.401,4390.1655,1
145623.42,1,1,2,31.259941,-1,0,-2,2,0,-1,-7479.5703,-20199.686,24804.25,11990.352,-9614.632,-11957.332,-1829.2123,6294.078,1591.1406,984.8547,9634.9,4600.127,1
168970.34,1,1,2,38.504963,2,2,0,-2,2,2,216070.23,166364.08,102765.91,69980.6,187694.67,173814.44,1127.2228,14639.207,3259.756,9035.891,2931.995,14600.405,1
30766.848,2,2,2,27.037352,2,0,0,2,-2,-1,-1355.9335,-18212.271,65847.08,31868.79,-8505.19,-9874.863,-2146.3367,6450.9473,1315.0562,863.3857,7464.524,5191.9463,1
141786.3,2,1,1,39.84082,-1,-1,-2,0,-2,-1,-8443.852,-23940.771,32150.012,16686.014,-14435.136,11887.873,810.05145,4586.0405,-94.135025,11690.426,6847.9526,10638.042,1
31941.832,2,2,1,40.1375,2,2,0,0,0,2,-6148.8906,-14934.256,39244.56,8510.582,-12511.054,-3304.1836,940.15717,5333.1494,745.16626,655.5678,8119.453,4039.5034,1
49264.06,2,2,2,42.42185,0,0,0,0,0,0,85344.26,49369.227,82011.82,36198.48,2228.2036,-1005.9804,1344.9047,9222.961,1440.2354,1463.3999,8027.108,15178.735,1
25259.809,1,1,1,43.27228,-1,2,0,0,-2,-2,-1131.9218,-8976.287,39253.375,5865.1367,-8504.929,-13232.68,-116.932945,6557.478,1434.6118,1244.2842,8255.188,4325.6636,1
45288.848,1,2,1,35.05669,-1,-1,-2,2,0,0,-10654.207,-30001.576,58777.91,30434.176,-11438.55,16192.58,14315.959,5919.2104,724.11914,899.3315,7466.0596,4962.198,1
143188.69,2,2,2,30.241014,-1,-1,-2,-1,-2,0,-12487.801,-21561.803,29512.182,12110.334,-16811.715,3848.996,220.84341,5483.2505,46.345448,1297.3225,8835.3955,4836.6597,1
169560.06,2,1,1,37.295494,2,2,-2,-1,0,0,-8573.434,-6403.7207,26598.621,-376.81665,-10808.487,-6300.2266,-349.82993,5512.119,1627.478,362.06464,9725.256,3755.3743,1
34373.81,1,1,1,35.131115,2,0,0,0,2,0,16444.797,-3124.7874,76434.44,26250.213,-2653.0464,-10655.211,-1014.15216,6978.5586,1968.4937,1585.2527,7478.8516,3172.6897,1
123478.01,2,2,2,29.877909,0,0,0,0,-2,0,-9717.133,-16525.553,41340.008,25279.041,6213.1216,58680.86,-1530.8593,4922.7114,334.22876,15110.212,6925.4404,4894.396,1
187769.81,1,1,1,43.71469,-1,-1,0,-2,-2,-2,626.94934,-18473.318,30631.412,14823.316,-11122.425,-17506.57,-567.89044,6130.85,1639.3682,1461.2368,8579.791,4691.1895,1
130428.45,2,1,2,31.037674,-1,-1,-2,-1,-2,-2,-5627.0586,-27266.818,37271.016,15419.242,-17054.418,1971.4103,12068.005,11174.539,1364.6333,625.4892,7790.9653,4576.867,1
149966.05,2,1,2,37.27263,-1,-1,-2,-1,0,-1,-5432.3516,-24044.021,37415.82,12393.822,-15047.995,-807.4101,6276.5044,20264.84,1214.5869,852.758,8563.122,8096.7495,1
124945.234,1,1,2,30.455238,2,2,0,0,0,0,206139.19,178629.84,98972.56,115270.46,183087.25,152794.77,-5286.877,12247.445,3000.4685,2290.4973,3918.0977,3686.2922,1
34547.49,1,2,1,43.539104,0,0,0,0,0,0,3657.5745,-4489.662,40815.953,6599.254,-4355.8433,-12808.57,1473.87,6573.4746,1906.2397,1692.2549,6006.386,2703.205,1
110872.484,1,2,2,34.286922,0,0,0,0,-2,-1,2553.8752,-5086.416,37132.72,13701.766,-5406.0386,-15737.73,1039.7438,9464.006,2212.2322,1501.813,7004.1055,3308.0999,1
138605.53,2,1,1,34.940445,-1,2,-2,-1,0,0,-6644.0273,-23854.85,29015.053,15662.133,-17732.582,12032.141,-436.81088,4901.9097,622.32495,9908.117,8398.391,5321.8257,1
30359.746,1,1,1,42.904667,0,0,0,0,0,2,22230.945,5933.459,79559.445,36934.758,1008.41077,-10856.969,-1514.4999,16561.729,2433.056,3266.5266,7199.3945,2665.9724,1
44341.035,2,2,1,29.705418,-1,2,0,0,2,-2,-12510.293,-22698.107,48972.81,18016.098,-9508.983,19055.377,-453.33188,6717.498,538.3428,713.9074,8153.857,4751.9834,1
40585.574,1,2,2,32.28394,-1,2,0,-1,-2,-2,-6709.633,-23989.03,28813.004,13397.146,-16122.952,-6894.0234,-552.06915,5470.414,416.17554,187.84566,8043.3774,4605.1953,1
113685.15,1,1,2,33.391655,-1,2,0,-2,0,0,92479.96,34740.445,77944.625,56449.637,122632.12,101595.766,-1219.2601,10573.453,1508.9888,1999.6785,6134.4204,4058.695,1
47177.027,1,1,2,29.044487,-1,-1,-2,-1,-2,-1,2658.5315,-27012.928,57875.043,30516.553,-13531.737,63.23444,13831.305,17914.15,2105.3809,4395.6846,5396.3257,4590.3403,1
137924.66,1,2,2,30.966707,-1,2,0,-1,-2,2,-4093.9998,-26523.686,26936.658,15501.59,-14083.214,-9221.656,-1108.6273,6017.7275,451.49683,2369.2114,8295.708,14704.663,1
64108.324,2,1,2,30.770166,2,2,0,0,2,0,-4331.91,-18350.154,56949.926,21275.53,-3831.1558,5205.8164,-1257.1068,7298.1772,1297.3469,920.37225,8645.037,3494.6008,1
19880.98,1,1,1,30.382616,0,0,0,-2,-2,-1,5133.7266,-4355.951,43179.53,22402.602,-4750.7417,-17571.812,-1929.9481,8988.512,1951.5537,1515.3491,6448.491,4652.606,1
19975.809,1,1,2,29.116367,-1,-1,0,-1,2,0,-7572.617,-22549.31,31266.416,13219.172,-10822.108,-11474.926,-811.1512,4956.422,690.0718,360.35223,7782.97,4232.7456,1
143784.83,2,2,2,30.140724,0,0,0,0,0,2,-5077.9336,-5224.959,57100.06,19119.17,3062.3481,-3031.0312,411.8986,7412.6763,3032.7664,6209.695,4617.409,4013.2097,1
157714.14,1,2,2,29.44553,2,2,0,0,0,2,207754.23,161268.3,93722.48,126005.16,152574.69,128059.26,-4585.746,10737.606,2717.7156,10376.029,5228.643,3523.0803,1
48563.45,1,2,1,40.25167,-1,2,-2,-1,2,-1,-6168.9453,-26099.139,26772.748,12502.502,-17836.543,-3290.0273,-546.6595,5347.6143,129.0012,343.75995,8060.954,4549.67,1
44082.34,1,5,1,41.601894,2,0,0,0,0,0,51658.33,29237.28,83751.99,39540.89,6665.016,-9606.195,-261.78256,7383.042,1862.9915,1839.2751,7968.2886,3185.6697,1
264394.72,1,1,2,41.177242,-1,2,0,0,-2,-2,-576.73816,-22626.74,27053.113,15237.9,-8480.425,-17552.977,-1051.2826,4602.1187,1971.5647,1488.9973,8897.739,4715.8867,1
75349.15,2,2,1,30.13376,2,2,0,0,0,0,52006.688,47630.34,77085.38,37702.586,139129.38,117318.08,2383.2754,4442.8823,1004.4685,1304.4678,4323.375,2408.2153,1
43089.723,1,2,1,31.026731,2,2,0,0,0,0,245.9689,-17159.428,70065.91,25834.4,-9521.644,19012.44,3135.8594,5309.58,649.7588,764.7941,8117.8677,3469.362,1
120137.7,2,1,2,25.763714,0,0,0,0,2,2,220032.39,192281.39,112242.11,32119.34,174222.78,186597.7,4899.189,18913.467,5375.0664,10311.884,1034.0287,4247.808,1
58020.348,2,1,1,29.294313,2,2,0,2,0,2,-3279.0388,-22895.396,31891.268,13065.988,-14431.206,-7606.199,-82.80843,6792.933,740.71484,564.2546,8669.241,4269.9604,1
36681.81,2,2,2,30.066936,-1,-1,-2,-1,-2,2,-9040.738,-23338.693,35782.43,18454.719,-18393.95,5752.1797,-976.3797,5937.7515,140.2307,888.9255,7341.2817,5182.7993,1
118531.4,1,1,1,31.263447,0,0,0,0,0,0,211463.31,192256.89,106969.04,67837.56,159025.31,162051.69,3319.323,18078.035,4462.222,3677.4653,2943.2666,3093.922,1
87531.63,2,1,1,28.940767,-1,2,0,0,0,0,8007.1875,-6054.076,76783.6,33375.953,66689.305,111343.05,-499.10483,19280.115,1607.7988,2212.369,5586.2363,4391.6167,1
72475.875,2,2,1,29.777388,0,0,0,2,2,2,56110.92,22616.988,79246.69,52170.01,81700.766,87263.72,-673.4139,13258.065,1433.1643,1837.8555,7264.5146,3591.3594,1
177740.83,1,1,1,42.959263,-1,0,-2,0,-2,-1,1176.6212,-6820.5527,40668.58,11128.127,-4709.031,-15543.691,-1037.8148,25048.086,2596.2375,1479.2756,7121.7505,4391.7974,1
89670.81,1,1,1,34.831875,2,2,8,0,2,0,195114.4,179445.22,93807.31,127689.055,173707.23,138778.31,2574.786,4109.8916,2447.484,2003.5515,4192.873,2990.0593,1
178792.83,1,2,1,40.62959,0,0,0,0,0,0,207143.5,210695.78,110341.05,34338.797,195012.81,177178.16,2776.044,17959.277,4544.2827,5528.1724,1115.5062,7291.4814,1
136920.14,2,2,2,30.674543,2,2,-2,0,0,-2,-14122.309,-16002.33,24928.953,3276.5662,-17005.293,5966.6797,-742.0579,5002.492,45.519764,-178.16362,9197.333,4016.1902,1
116931.91,2,2,1,33.60593,-1,2,0,0,0,2,-1680.703,-15779.412,68177.78,25614.783,8961.983,62523.367,-534.7879,6782.981,470.93774,1700.697,8695.026,4456.576,1
238026.11,2,1,1,34.945366,-1,-1,-2,-1,-2,-1,2530.223,-17226.662,37938.293,14567.596,-10650.124,26537.85,9062.218,7875.7646,1572.7439,1225.9934,4327.893,4067.7588,1
25116.668,2,1,1,32.407608,-1,2,5,-1,2,0,-6503.3203,-16823.6,33709.68,372.4685,-6650.156,-8328.164,-81.54281,6802.517,500.79126,254.16988,9336.912,3510.3977,1
33882.38,2,1,1,41.537205,2,0,0,0,0,0,-1696.8085,2863.5017,48597.402,6554.465,-5295.9917,-7717.4805,297.0685,5615.7456,1522.3862,6641.995,8139.7686,3265.5725,1
116937.41,1,2,1,42.159637,-1,-1,0,0,0,-2,-5023.8438,-17684.756,38418.55,8949.223,-17788.812,-2523.5234,3640.6755,5653.043,695.06177,748.3295,8412.701,3874.9653,1
132231.95,2,1,2,33.305252,0,0,0,0,2,-1,1214.7775,821.56036,36790.195,13473.725,-5136.3276,-16168.004,-635.2591,8647.721,1836.856,1044.3376,8918.866,10384.075,1
178122.3,2,2,1,41.456333,-1,-1,-2,-1,-2,-1,-3518.3708,-25050.678,34031.844,16548.555,-16915.992,2335.914,10069.158,7516.5825,920.41724,2468.8132,4472.44,12934.253,1
66396.61,1,1,2,30.872036,-1,-1,-2,2,2,2,-11167.273,-33261.22,23993.07,20863.613,-14830.542,-6234.879,-2041.4115,5765.975,847.1887,383.8012,8531.938,5579.253,1
22673.762,1,1,2,28.797441,-1,0,-2,-2,-2,-1,-4700.9688,-17861.521,29882.436,17210.521,-6753.5854,-12799.086,-1715.5262,4497.322,1665.4297,703.32806,8566.476,4325.684,1
122621.984,2,2,2,32.35422,-1,2,0,-1,-2,-1,-2871.7185,-18938.326,34013.9,10813.746,-13577.597,-6556.5703,-194.25034,21307.328,1033.821,1214.5762,5437.5654,4086.246,1
72581.54,1,2,2,30.088879,2,2,0,0,2,0,54100.965,24789.834,74239.016,37069.098,16025.647,45187.78,-1699.1757,7484.201,1329.398,625.8664,7676.9243,3412.7258,1
53068.605,1,1,2,41.493,2,0,0,0,-2,-2,77417.99,42535.816,81764.86,11338.406,-3363.1206,-16421.395,-537.0916,6772.8613,2019.3142,858.54535,7853.692,3098.985,1
125911.74,1,2,1,43.93462,-1,2,0,0,0,0,54279.28,22140.6,75775.24,35005.402,73277.05,101134.51,2182.5217,5257.499,1537.375,1425.0256,7253.4624,3528.8376,1
86865.75,1,1,2,26.016233,0,0,0,0,0,0,221255.12,240033.92,115333.836,56748.95,174273.17,138989.81,6555.3135,27029.14,6281.5225,6703.233,-548.5209,30726.814,1
131685.55,2,1,2,30.9111,2,-1,0,2,2,0,-7243.414,-21431.693,30841.477,18466.797,-11026.9795,-11121.422,-1651.287,5247.391,970.2932,577.6374,8135.1733,4339.349,1
148925.4,2,2,1,32.871815,-1,0,-2,-2,-2,-2,-7969.949,-17774.857,27658.59,-1044.1917,-10581.206,-3101.039,6599.967,15511.208,1350.8059,-165.69731,8471.056,4147.8374,1
31773.504,1,2,2,29.384176,-1,2,0,0,2,0,-10392.844,-26486.607,42525.98,16781.568,-10938.374,-1958.035,-1125.2704,5187.3843,425.19458,309.2702,8165.4087,9610.789,1
38099.824,2,2,1,43.13795,0,0,0,0,-2,-1,-4708.047,-11477.209,60026.168,22995.543,-4975.1753,-1505.7108,-240.20834,5171.2803,2227.2317,11269.73,7145.0835,4277.662,1
41486.996,2,1,1,42.456657,0,0,-2,0,0,0,6480.3203,-9298.283,41392.926,-181.51978,-5551.2456,-10093.789,851.4255,6451.328,1442.1592,1085.7986,8955.676,3115.3308,1
105998.21,2,1,2,31.468523,0,0,0,0,0,2,114942.516,76065.234,86555.87,78032.1,147129.72,126243.31,-168.34604,7460.081,1974.9141,11357.976,7748.4766,8105.2305,1
19551.027,2,2,2,41.601173,0,0,0,-2,-2,2,612.6173,-9549.186,39899.77,20596.75,-6136.683,-13756.0,-1470.372,5437.204,1901.8013,836.3449,6960.672,4096.1763,1
55797.91,1,1,1,38.46436,2,2,0,2,2,0,-328.32407,-24448.725,30073.104,20574.396,-11078.249,-15207.0,-601.66974,6051.339,1359.1074,1086.5793,7543.93,4562.6797,1
52271.848,2,2,1,39.263855,2,-1,0,-1,-1,2,4336.4727,-12377.924,75903.18,37315.918,4362.4614,44151.57,572.75116,5862.9385,1238.1033,595.5026,6377.7754,3342.184,1
23111.746,2,1,1,43.4237,0,0,0,-2,-2,0,2197.047,-899.8654,41334.23,12252.547,-2940.1558,-15094.949,413.423,7822.0586,1702.7559,1826.9031,6828.7397,2913.1,1
86923.4,2,1,2,29.206804,0,0,0,-2,0,0,2842.801,-5807.08,63643.67,17785.29,-2587.9292,-5075.1367,2376.812,12282.033,1346.0261,6729.6235,6385.9224,3475.2,1
205273.7,2,2,1,38.71986,2,2,0,-2,2,2,210689.48,174315.34,101759.5,48964.42,183182.98,185116.88,4938.066,17200.4,2716.7993,2621.2024,319.16516,12646.79,1
27974.254,1,2,2,28.151192,0,0,0,0,0,2,-2777.8748,-6849.201,54120.188,19803.963,-3818.8354,-4789.625,-1874.6024,5125.5376,1984.4292,2112.401,7899.7344,4170.12,1
48853.332,1,1,2,42.849697,0,0,0,0,0,0,123144.26,57208.887,87938.18,47678.4,696.4147,-15406.828,-421.00717,9024.707,2429.7861,3326.0586,4909.346,3093.3389,1
31395.55,1,2,2,29.992609,-1,-1,0,2,-2,-2,-8390.473,-28371.459,32515.543,21584.387,-15914.569,-4525.797,-1197.162,4888.4585,1319.1948,229.73872,7016.7246,5142.454,1
125352.39,1,1,2,30.153872,-1,-1,0,0,0,0,10499.238,-11803.072,73116.04,32135.33,3239.7075,14955.922,3116.681,5623.19,953.63135,1327.7634,8293.167,4464.023,1
46828.98,1,2,2,28.104261,0,0,0,-1,-2,0,2778.715,-9667.904,75388.195,25733.334,-10168.417,3104.0938,1908.0834,6369.2134,3056.1282,9601.519,1693.463,5338.359,1
59663.09,2,2,2,35.44668,2,0,0,-2,-2,-2,7241.301,-8888.053,37913.203,12650.637,-8161.9683,-9885.898,-556.9808,4912.507,978.66284,569.13007,8015.378,4192.977,1
28419.652,1,2,1,43.60886,-1,0,-2,-2,0,0,-8118.2812,-7369.76,27855.734,638.781,-6639.7144,-15915.754,-869.79865,8034.801,1340.4556,383.82123,9570.958,3682.024,1
82978.766,2,1,2,30.870457,-1,2,0,0,0,2,1216.2306,-16931.053,68914.26,27960.916,-5764.011,4983.949,-925.15607,7830.1177,1837.8469,6673.3135,9056.161,4862.8164,1
23898.09,1,2,1,36.92783,0,0,-2,0,-2,-1,1363.4025,-8770.646,41887.15,7056.8516,-5767.906,-8498.07,994.45135,24368.525,1885.4482,405.1723,2305.563,3750.0898,1
30824.246,1,1,1,43.9318,-1,2,0,0,0,-2,-4048.3474,-15355.443,41092.69,5934.2266,-9493.327,-10643.766,96.23112,5779.6504,1347.8235,1022.7099,9267.344,3940.2683,1
31831.785,1,2,1,43.556328,-1,2,0,2,0,0,5813.2617,14085.979,65055.207,36438.21,-5276.8354,1021.10944,-489.75668,9076.843,779.1343,897.79,8275.881,4289.4746,1
37862.66,2,2,2,42.87298,-1,-1,0,0,0,0,-5261.711,-11707.396,63414.793,19049.436,-10400.433,1199.3204,13701.447,5515.3955,2279.4973,1265.6562,5928.102,5181.775,1
144235.66,2,1,2,43.215374,-1,0,-2,0,-2,-2,-6222.4688,-3518.8772,28657.459,-1774.6526,-4741.679,-12097.086,-1160.5497,6407.598,1911.8638,965.01996,9119.84,3874.7122,1
70412.53,1,2,2,31.362362,2,2,0,2,2,0,86273.89,-3796.1272,71384.53,41987.734,18022.516,69233.73,-1912.7465,9478.34,1221.8645,740.6181,6695.0127,4234.9854,1
115798.56,1,1,2,27.138798,0,0,0,0,0,0,210541.33,177912.05,100132.62,125406.29,137489.42,124566.67,5854.082,12359.208,4473.951,6906.0015,491.10828,2823.8293,1
45749.887,2,1,1,38.06328,-1,2,-2,-1,2,2,-5277.586,-24303.193,28070.393,8605.664,-17760.629,-3062.9531,-214.31479,6073.456,130.28929,454.8056,7916.7505,4231.9585,1
106964.67,1,2,2,37.87677,2,2,0,2,2,2,17101.86,-25272.193,62866.57,32949.527,-4806.488,15891.506,-1714.6674,6627.6577,411.91528,1376.4958,8453.976,15076.387,1
282564.6,1,1,1,40.728394,-1,-2,-2,0,-2,-2,-2687.363,13831.924,30741.873,-3561.7112,-3295.8706,-19179.898,-1457.6,5693.228,2257.5725,1168.3821,9921.345,4380.551,1
139956.9,2,2,1,30.862902,-1,-1,0,2,2,0,-12762.16,-22737.514,27586.89,11944.324,-16336.269,-2493.0078,-756.2786,5772.145,-418.635,-47.07378,7058.8096,4129.6104,1
46579.574,1,1,2,31.252302,-1,-1,0,0,0,0,-2571.152,-5926.916,61411.348,19145.67,-7282.1245,-7840.414,-1399.2772,25563.0,2177.7378,1726.137,4457.036,3633.4187,1
206381.31,2,1,2,42.83991,0,-1,0,0,0,0,-56.398293,-6315.3926,40301.895,7549.7617,-7508.0815,-8838.43,8584.065,6204.638,2545.4434,853.759,4042.308,3298.051,1
130129.41,2,1,2,27.473618,2,2,0,0,2,2,180980.19,157552.53,89353.32,126854.914,171705.11,151761.8,-2826.883,9796.895,2484.4766,1700.1633,2735.6714,2759.728,1
159153.17,2,2,2,32.570927,2,2,0,-2,2,2,202263.33,165042.2,95231.61,100509.24,188521.39,172269.52,-5342.0986,21009.803,2666.8213,2031.3818,1072.4576,3849.4294,1
251671.16,2,2,1,32.451344,-1,0,-2,-1,0,0,-6277.133,4390.463,29792.32,-8657.781,-8165.1284,-8984.621,-312.40854,6827.296,1091.5098,235.15816,9751.813,3102.0752,1
129217.766,1,2,2,34.31022,2,2,0,2,0,0,-10605.016,-27323.592,40906.793,16076.596,-10296.776,4521.4375,-260.40952,4560.982,1051.9966,601.1513,8439.912,4114.4365,1
67927.766,2,1,2,28.813213,-1,2,0,0,2,2,41073.516,16614.877,68944.086,35925.465,6900.848,45304.855,-1445.3016,6160.2803,815.72754,847.54584,8624.942,3887.1506,1
148032.31,1,2,2,40.045204,-1,0,0,0,0,-1,2233.547,-2263.928,43928.836,16172.221,-5120.2925,-12110.258,-288.34897,9218.962,2466.2368,6677.6807,6114.0967,3765.7441,1
60312.48,1,1,1,42.47996,0,0,0,-2,2,2,76103.15,11112.115,83425.82,62905.105,54989.938,67570.97,-1649.9974,12697.768,2133.7285,1559.3025,4729.235,3724.175,1
118536.35,1,1,1,35.342323,0,0,0,-2,2,0,1515.6056,-10430.619,32647.229,16777.535,-6981.1323,-19273.812,196.91666,7153.2183,1779.4087,1314.176,8099.6377,3772.2026,1
53533.785,1,1,1,43.46479,2,0,0,-2,2,0,35640.984,-7052.0566,63643.13,33447.695,-452.40173,-11841.953,-1708.8749,10076.929,1954.6704,1639.5076,6316.5356,3699.7021,1
129306.914,2,2,1,34.047195,2,2,0,2,2,0,-10532.227,-27670.74,28231.678,12017.969,-13361.183,1734.5626,769.4626,5938.5767,436.59253,25.88911,8338.097,4478.267,1
55746.598,2,2,1,40.510536,-1,-1,-2,-2,-2,-2,5314.289,1566.1581,25372.412,-3249.1838,-9723.632,-5579.8438,-561.49054,5403.1064,768.0,603.6733,10097.263,3556.6052,1
34268.348,2,2,2,36.00508,-1,2,0,2,2,2,-10103.6875,-30864.951,31056.377,17579.193,-12154.28,-1197.785,-1428.2382,10585.014,566.89233,855.6291,8456.072,5710.344,1
142164.42,1,1,2,36.27778,-1,-1,-2,0,0,-1,-8023.582,-24258.287,31354.799,19450.455,-12470.612,4525.168,2574.0967,7349.8687,1402.6619,8928.601,7279.9497,14354.88,1
29087.418,1,2,1,28.698528,-1,2,-2,7,-1,2,-1722.7108,-30496.998,55694.39,21688.416,-7553.0815,3015.0586,2413.9421,4839.2856,1313.1697,430.81488,8006.1187,4447.105,1
120780.45,1,1,2,42.48685,-1,2,-2,-1,-2,-1,-2527.8083,-23287.896,27435.977,12987.613,-12338.3545,-10606.035,-630.00226,5052.2383,1709.7563,1400.3716,8419.095,4604.825,1
159501.8,1,1,2,34.56929,-1,2,0,0,2,0,180663.83,153833.5,89639.516,129931.234,185534.6,142482.12,-2882.882,10796.207,3107.8464,2447.34,5223.888,4785.4043,1
101032.74,1,1,2,39.18782,2,0,0,0,0,0,188293.83,160719.11,87316.555,63334.582,4748.4575,-10323.641,3001.9004,8541.613,2457.6946,3169.8005,3914.2483,3244.8022,1
50804.613,2,2,2,30.095022,2,-1,-2,-1,0,0,-14270.109,-18778.49,32064.418,10352.654,-18613.336,6948.051,-1003.8338,5179.9634,-162.76003,135.43477,8476.981,4730.652,1
