age,workclass,fnlwgt,education,education-num,marital-status,occupation,relationship,race,sex,capital-gain,capital-loss,hours-per-week,native-country,income
51.974476,Private,163452.72,HS-grad,9.005496,Married-civ-spouse,Sales,Husband,White,Male,-14.619037,1900.3018,59.875137,United-States,>50K
37.799316,Private,149461.88,10th,6.0160646,Separated,Adm-clerical,Unmarried,White,Male,40.856792,3654.2488,39.981125,United-States,<=50K
33.923843,Private,215867.69,HS-grad,9.008788,Divorced,Other-service,Unmarried,White,Female,49.4835,3654.0073,44.991055,United-States,<=50K
43.039673,Private,399932.97,Some-college,9.988239,Married-civ-spouse,Tech-support,Husband,Black,Male,30.98692,-0.76569474,40.00076,Jamaica,>50K
79.16994,Private,120771.65,Some-college,9.9996195,Married-civ-spouse,Adm-clerical,Husband,White,Male,-24.340717,-0.67534745,19.936365,United-States,<=50K
28.772263,Private,223794.7,Assoc-voc,11.043004,Married-AF-spouse,Farming-fishing,Husband,White,Male,43.423443,0.18681988,43.996166,United-States,>50K
32.921207,Local-gov,281343.7,Bachelors,13.007537,Never-married,Tech-support,Not-in-family,Black,Male,6.2332582,1566.9728,51.9233,United-States,>50K
58.94276,Self-emp-inc,105636.125,10th,6.0103593,Widowed,Exec-managerial,Unmarried,White,Female,17.722271,2569.8455,49.92802,United-States,>50K
32.421,Private,227387.17,1st-4th,1.985062,Married-civ-spouse,Craft-repair,Not-in-family,White,Male,88.928085,2623.4148,31.982761,Mexico,<=50K
29.654081,Private,426677.7,HS-grad,9.00486,Never-married,Handlers-cleaners,Own-child,Black,Female,99967.93,0.15262493,39.957447,United-States,>50K
65.22988,Federal-gov,189429.81,Some-college,10.004629,Widowed,Adm-clerical,Not-in-family,White,Male,-15.20058,1951.0001,19.923805,Poland,<=50K
65.16546,?,315173.5,HS-grad,9.00066,Widowed,?,Unmarried,White,Female,2201.9438,-0.04977527,75.34541,United-States,<=50K
57.1185,State-gov,20805.574,Doctorate,16.038834,Divorced,Prof-specialty,Unmarried,White,Female,18.135845,-0.07425037,50.131332,United-States,<=50K
24.831984,Private,118328.945,11th,6.983452,Married-civ-spouse,Transport-moving,Husband,White,Male,5168.021,-0.044778015,39.993557,Poland,>50K
68.20471,Self-emp-inc,503267.38,Bachelors,12.987158,Separated,Sales,Unmarried,White,Male,9.023297,-1.3937618,69.822266,Canada,<=50K
36.131084,Private,298381.0,Bachelors,12.9873495,Married-civ-spouse,Other-service,Husband,Other,Male,9.5027895,-0.26804462,40.05223,Iran,>50K
89.51459,?,313241.9,HS-grad,9.0056715,Married-civ-spouse,?,Husband,White,Male,-26.577045,-0.17392078,39.990818,United-States,>50K
73.88216,State-gov,87368.61,Doctorate,16.042921,Never-married,Prof-specialty,Other-relative,White,Female,26.323345,3579.3694,19.808155,United-States,>50K
29.955582,Private,155189.88,Bachelors,13.005849,Married-civ-spouse,Craft-repair,Husband,Asian-Pac-Islander,Male,31.002789,-1.0082332,36.092003,Vietnam,>50K
60.050903,Private,118775.28,7th-8th,3.9748797,Married-civ-spouse,Machine-op-inspct,Husband,White,Male,3294.241,-0.13622394,39.90991,Poland,<=50K
29.964941,Private,99610.945,Bachelors,13.017245,Married-civ-spouse,Exec-managerial,Other-relative,White,Female,31.84068,-0.19120136,39.98976,Greece,>50K
28.09751,Private,602456.6,Doctorate,16.04426,Never-married,Prof-specialty,Not-in-family,White,Female,76.87755,-0.81143296,60.00588,Germany,>50K
50.859875,Private,278328.84,5th-6th,3.0671759,Married-civ-spouse,Farming-fishing,Husband,White,Male,72.38841,0.16937146,69.661224,Mexico,<=50K
34.120968,Federal-gov,66995.0,Bachelors,13.004704,Never-married,Exec-managerial,Unmarried,Asian-Pac-Islander,Male,1187.2085,-0.3297054,39.955082,Cambodia,<=50K
37.01435,Private,140390.25,Some-college,9.987698,Married-civ-spouse,Adm-clerical,Husband,Black,Male,28.658306,-0.6638957,40.02423,Jamaica,>50K
41.60639,Self-emp-inc,122687.805,1st-4th,1.9975542,Married-civ-spouse,Sales,Husband,White,Male,80.89061,0.018133972,59.56642,?,<=50K
50.136192,Self-emp-inc,194109.03,Masters,14.007884,Never-married,Prof-specialty,Not-in-family,Black,Male,-1.3104429,-0.15356556,50.113155,Trinadad&Tobago,<=50K
27.954222,Local-gov,336081.6,Assoc-acdm,12.02173,Married-civ-spouse,Protective-serv,Husband,Asian-Pac-Islander,Male,-7.1898375,0.18006024,39.948208,Hong,>50K
29.870163,Private,510073.56,Bachelors,13.006404,Never-married,Tech-support,Not-in-family,White,Female,4785.71,-0.28899494,44.950626,United-States,>50K
39.11008,Self-emp-inc,285404.2,Some-college,9.990281,Married-civ-spouse,Prof-specialty,Husband,Black,Male,23.8065,-0.55239975,40.017048,Haiti,>50K
41.85559,Private,209544.8,Masters,14.017503,Divorced,Tech-support,Unmarried,Black,Female,4662.3774,-0.2525188,34.93655,United-States,>50K
62.090252,Without-pay,169845.88,Assoc-acdm,12.012131,Married-civ-spouse,Farming-fishing,Husband,White,Male,-22.279438,-0.16601673,50.083614,United-States,<=50K
55.83023,Self-emp-not-inc,200280.0,9th,5.0152087,Married-civ-spouse,Exec-managerial,Other-relative,White,Male,3724.1958,-0.4339458,50.00457,Columbia,<=50K
35.101013,Self-emp-not-inc,463506.12,HS-grad,8.993798,Married-civ-spouse,Craft-repair,Wife,Black,Female,12.648541,-0.6270534,39.986748,United-States,>50K
65.972534,Private,193924.83,11th,6.9639792,Married-civ-spouse,Exec-managerial,Husband,White,Male,-1.2125425,2384.0662,3.0008242,United-States,>50K
48.164536,Self-emp-inc,192100.6,Bachelors,13.0045185,Never-married,Exec-managerial,Not-in-family,White,Female,11.021344,-0.39193073,55.066917,Canada,>50K
41.82683,Private,19899.137,HS-grad,9.012184,Divorced,Craft-repair,Not-in-family,White,Male,19.254986,-0.5351192,75.586945,United-States,>50K
73.89708,Private,147348.33,Some-college,10.007864,Divorced,Sales,Not-in-family,White,Female,7279.8843,-0.022599366,29.992235,United-States,>50K
37.151012,Self-emp-not-inc,203830.64,Bachelors,12.9989805,Married-civ-spouse,Sales,Husband,White,Male,-11.563617,-0.47516742,19.889988,Canada,>50K
30.694014,Local-gov,444747.5,Doctorate,16.04717,Never-married,Prof-specialty,Not-in-family,White,Male,66.054184,-0.16076007,49.98797,Mexico,>50K
26.054451,Self-emp-inc,65720.89,12th,7.943181,Married-civ-spouse,Sales,Husband,Other,Male,26.89732,-0.5788127,97.95358,Dominican-Republic,<=50K
40.04939,Self-emp-not-inc,33414.684,Prof-school,15.043545,Divorced,Other-service,Not-in-family,White,Female,8.077252,2346.6702,34.96765,United-States,<=50K
31.957376,Local-gov,28931.434,Some-college,10.007935,Married-civ-spouse,Protective-serv,Wife,White,Female,20.83189,0.08019146,39.977093,France,>50K
26.02053,Self-emp-not-inc,177318.36,Bachelors,13.016382,Divorced,Exec-managerial,Not-in-family,White,Male,-1.8272886,1876.31,38.096127,United-States,<=50K
36.816784,State-gov,65297.074,Some-college,9.931638,Married-civ-spouse,Prof-specialty,Other-relative,Asian-Pac-Islander,Male,47.102398,0.09915051,39.930206,Cambodia,<=50K
27.148466,Private,25885.574,Bachelors,13.016414,Married-civ-spouse,Exec-managerial,Wife,Asian-Pac-Islander,Female,32.00474,0.040930603,9.624592,China,<=50K
50.13289,Self-emp-inc,263825.28,Masters,14.028079,Separated,Exec-managerial,Unmarried,Asian-Pac-Islander,Male,28.544537,-0.20720783,45.167603,China,<=50K
43.023407,Private,45585.277,12th,7.9840636,Married-civ-spouse,Sales,Husband,White,Male,15.826764,-0.3742458,39.990486,Italy,<=50K
33.04732,Private,25171.074,Assoc-acdm,11.999213,Married-civ-spouse,Sales,Husband,Other,Male,39.7357,-0.23919025,39.989754,Japan,>50K
73.70951,Self-emp-not-inc,173858.28,Doctorate,16.037033,Married-spouse-absent,Prof-specialty,Not-in-family,White,Male,-17.59731,0.6708821,24.915722,United-States,>50K
41.03592,State-gov,186178.69,Prof-school,15.01266,Widowed,Prof-specialty,Not-in-family,Other,Female,34.280865,-0.17377582,52.01613,United-States,>50K
89.65176,Private,52352.793,Masters,14.012085,Never-married,Exec-managerial,Not-in-family,Black,Male,-29.112446,-0.3131267,50.02768,United-States,>50K
29.923618,Private,176388.72,Assoc-voc,10.998292,Married-civ-spouse,Prof-specialty,Own-child,White,Female,7390.018,0.036612365,15.872038,United-States,>50K
34.12584,State-gov,117233.625,Bachelors,13.015888,Married-civ-spouse,Tech-support,Own-child,White,Female,5123.059,-0.4029018,24.810299,?,>50K
44.733578,Self-emp-inc,117518.91,7th-8th,4.000692,Married-civ-spouse,Exec-managerial,Husband,White,Male,38.382427,-0.06123462,51.83115,?,<=50K
62.294205,Local-gov,168014.58,Doctorate,16.031517,Widowed,Prof-specialty,Unmarried,White,Female,20.166607,-0.051995423,39.971634,Iran,<=50K
30.965492,State-gov,262412.34,Assoc-voc,11.02043,Married-civ-spouse,Protective-serv,Husband,White,Male,-8.075091,0.015402648,38.083557,United-States,<=50K
41.054398,Private,124631.89,Bachelors,13.006265,Divorced,Exec-managerial,Unmarried,Black,Female,12.624616,-0.17354694,90.88404,United-States,>50K
35.98534,Private,182882.97,HS-grad,9.00245,Married-civ-spouse,Craft-repair,Own-child,White,Female,22.746197,2000.1914,40.00788,United-States,<=50K
59.15235,Self-emp-not-inc,179946.1,HS-grad,8.974263,Married-civ-spouse,Sales,Husband,White,Male,23.350445,-0.89864457,39.929333,England,>50K
71.10789,Private,195062.58,7th-8th,3.9822798,Widowed,Exec-managerial,Not-in-family,White,Male,6156.04,-0.13619342,39.918736,United-States,>50K
41.778038,Local-gov,194163.92,11th,6.9994307,Divorced,Sales,Unmarried,White,Male,7375.095,-0.179948,50.020206,Puerto-Rico,>50K
47.037777,Self-emp-not-inc,481694.66,Bachelors,13.012144,Divorced,Sales,Not-in-family,White,Male,12.843854,-0.27264515,50.03906,United-States,<=50K
46.853226,Self-emp-not-inc,31273.48,Assoc-acdm,12.064051,Never-married,Farming-fishing,Other-relative,White,Male,10536.476,-0.094353825,44.954792,United-States,>50K
64.28293,?,380908.66,Bachelors,12.999314,Married-civ-spouse,?,Wife,Black,Female,-4.527728,-0.6785594,7.6795425,United-States,<=50K
60.8942,Private,192613.9,Preschool,1.1570019,Separated,Transport-moving,Not-in-family,Black,Male,14138.232,0.5624074,39.87092,United-States,>50K
30.963871,?,27453.871,Bachelors,13.0039215,Married-civ-spouse,?,Wife,White,Female,2.3677797,0.0103138415,24.91007,United-States,>50K
64.108246,Private,632080.25,10th,5.9887843,Married-civ-spouse,Adm-clerical,Husband,White,Male,-8.90932,-0.3933803,39.98101,United-States,<=50K
61.107388,Private,120539.19,Prof-school,15.025752,Married-civ-spouse,Transport-moving,Husband,White,Male,-23.398579,-0.117661625,5.162113,United-States,>50K
42.871666,Private,213217.45,HS-grad,9.002011,Married-AF-spouse,Craft-repair,Wife,Black,Female,32.657574,-0.122834355,42.12795,United-States,>50K
42.89772,Private,298473.25,HS-grad,8.991149,Married-civ-spouse,Machine-op-inspct,Wife,White,Female,36.39854,0.40201458,39.975006,Nicaragua,<=50K
54.015003,Private,407617.1,HS-grad,8.980355,Married-civ-spouse,Tech-support,Husband,Black,Male,18.80064,-1.36477,50.04932,Puerto-Rico,>50K
53.983856,Private,73811.086,Bachelors,13.018362,Divorced,Prof-specialty,Unmarried,White,Male,10.855084,-0.26815906,39.96995,Canada,>50K
39.956615,Private,165520.64,Assoc-acdm,12.034707,Never-married,Sales,Not-in-family,White,Male,20.792095,-0.33504596,80.76603,United-States,>50K
27.905966,Self-emp-not-inc,32013.996,HS-grad,9.004402,Married-civ-spouse,Farming-fishing,Husband,White,Male,15.363629,-0.80523026,69.932144,United-States,>50K
42.874096,Federal-gov,71718.805,Bachelors,13.026997,Married-spouse-absent,Tech-support,Not-in-family,Asian-Pac-Islander,Male,-27.028706,0.0504292,39.961285,United-States,<=50K
29.914564,Self-emp-not-inc,402727.7,HS-grad,8.99667,Married-civ-spouse,Prof-specialty,Husband,White,Male,0.34434217,1979.9476,15.123917,United-States,>50K
27.256493,Federal-gov,491394.1,Some-college,9.983182,Married-civ-spouse,Adm-clerical,Husband,Black,Male,-16.531635,-0.83852494,32.07947,United-States,<=50K
39.878845,Local-gov,181941.58,9th,5.014243,Married-civ-spouse,Other-service,Wife,White,Female,54.12974,-0.1333858,39.95684,Yugoslavia,>50K
39.031944,Self-emp-not-inc,237096.89,HS-grad,8.985921,Married-civ-spouse,Sales,Wife,Black,Female,40.18272,-0.68461716,53.882317,Dominican-Republic,>50K
69.87382,Private,48602.48,HS-grad,9.009191,Divorced,Handlers-cleaners,Not-in-family,White,Male,0.99985975,3177.188,15.189878,United-States,<=50K
35.092495,Private,150369.66,Bachelors,13.006847,Married-civ-spouse,Other-service,Wife,White,Female,32.55772,-0.022973206,23.723965,Poland,<=50K
45.98703,Local-gov,162580.11,Masters,14.008467,Divorced,Prof-specialty,Unmarried,White,Female,11.061139,-0.28461567,50.10558,Canada,<=50K
34.999718,Private,146941.78,HS-grad,8.994751,Married-civ-spouse,Adm-clerical,Wife,Asian-Pac-Islander,Female,36.0565,0.16595349,39.908333,Hong,<=50K
45.97167,Private,144285.86,Bachelors,13.021073,Divorced,Machine-op-inspct,Other-relative,White,Male,35.189068,2260.406,50.023884,Dominican-Republic,<=50K
43.93406,Private,205801.56,HS-grad,8.989562,Never-married,Exec-managerial,Not-in-family,White,Male,47.556988,1571.4564,54.75907,England,>50K
45.859592,Private,136063.6,7th-8th,4.0126963,Married-civ-spouse,Other-service,Husband,Asian-Pac-Islander,Male,65.36949,1657.4486,39.992447,China,<=50K
40.053688,Self-emp-inc,45050.62,Some-college,10.0013275,Married-civ-spouse,Transport-moving,Husband,White,Male,-5.1119566,-0.3960506,40.02376,United-States,>50K
50.10266,Local-gov,125160.28,Prof-school,15.019604,Never-married,Exec-managerial,Not-in-family,Black,Female,1.4964418,-0.23688617,52.07222,United-States,>50K
26.93804,Private,314084.88,Assoc-acdm,12.01936,Never-married,Exec-managerial,Not-in-family,White,Male,3409.55,-0.009667543,39.97065,United-States,<=50K
43.96699,Federal-gov,38995.277,Bachelors,13.010622,Widowed,Exec-managerial,Unmarried,White,Female,-8.434955,-0.45219532,40.019012,United-States,>50K
35.81294,Private,102091.305,Doctorate,16.042261,Never-married,Prof-specialty,Not-in-family,White,Male,92.45982,0.04158673,39.85623,England,<=50K
26.866272,Private,168875.0,HS-grad,9.008252,Divorced,Machine-op-inspct,Not-in-family,White,Male,6964.627,0.45358166,39.949608,United-States,<=50K
30.749794,Private,514737.38,HS-grad,9.019198,Never-married,Farming-fishing,Not-in-family,White,Male,3023.0112,-0.48605457,98.4496,United-States,<=50K
58.125328,Private,118273.66,HS-grad,8.99821,Married-civ-spouse,Priv-house-serv,Other-relative,Asian-Pac-Islander,Female,54.510113,-0.37526813,60.02472,Philippines,<=50K
30.92625,Private,310040.94,Masters,14.03051,Married-civ-spouse,Prof-specialty,Husband,Asian-Pac-Islander,Male,14.552838,0.038290832,5.9915314,South,<=50K
61.026417,Local-gov,75486.875,11th,6.971586,Married-civ-spouse,Exec-managerial,Husband,White,Male,7.8450747,-0.14134327,39.97664,United-States,>50K
45.6743,Self-emp-not-inc,108153.07,7th-8th,3.9899569,Married-civ-spouse,Exec-managerial,Husband,White,Male,43.652935,-0.4341747,75.449104,Greece,<=50K
61.005814,Self-emp-not-inc,111351.984,9th,5.0165005,Married-civ-spouse,Sales,Husband,White,Male,21.313824,0.013869139,57.77549,United-States,>50K
64.192665,Local-gov,181364.64,HS-grad,8.991388,Married-civ-spouse,Prof-specialty,Wife,White,Female,13.456403,-0.064362675,19.988235,United-States,<=50K
51.967625,Self-emp-inc,560856.8,Masters,14.014136,Divorced,Exec-managerial,Not-in-family,Black,Female,5.036725,-0.8671733,50.104958,United-States,<=50K
39.033585,Private,114095.99,Assoc-acdm,12.032501,Married-civ-spouse,Tech-support,Husband,White,Male,-11.092181,-0.0058833626,39.979927,France,>50K
65.15687,State-gov,325761.44,Some-college,9.995843,Married-civ-spouse,Machine-op-inspct,Husband,Black,Male,-24.124653,-0.41404834,40.012447,United-States,>50K
25.159054,Private,32134.824,Some-college,9.98922,Married-civ-spouse,Exec-managerial,Wife,Other,Female,29.377789,-0.21733204,39.994553,United-States,<=50K
44.06827,Private,225515.22,Some-college,9.970361,Married-civ-spouse,Adm-clerical,Wife,Other,Female,40.27232,-0.70426285,29.9459,Mexico,>50K
41.13387,Private,187959.1,HS-grad,8.981788,Married-civ-spouse,Exec-managerial,Husband,White,Male,-5.3097105,-0.18526569,19.872274,Canada,<=50K
72.67151,Private,571723.44,Some-college,9.981317,Married-civ-spouse,Prof-specialty,Husband,White,Male,-19.015278,-0.71955216,14.996536,United-States,<=50K
37.94138,Private,98714.875,Prof-school,15.033959,Never-married,Exec-managerial,Not-in-family,White,Male,-0.35609728,0.23039898,39.96387,United-States,>50K
26.988605,Private,404126.88,HS-grad,9.002394,Married-civ-spouse,Craft-repair,Husband,White,Male,21.415142,-0.40696827,39.9878,?,>50K
28.96742,State-gov,197655.72,Assoc-voc,11.027298,Married-civ-spouse,Protective-serv,Husband,White,Male,-5.8639097,0.012282225,40.00932,United-States,>50K
39.924145,Self-emp-not-inc,265373.66,Some-college,10.014168,Divorced,Exec-managerial,Other-relative,White,Male,13.311627,1567.8705,69.90677,Iran,>50K
35.795357,Private,40615.855,10th,6.0153217,Married-civ-spouse,Craft-repair,Husband,White,Male,20.81065,0.23483929,69.64297,Mexico,<=50K
32.892017,Self-emp-inc,136437.64,HS-grad,8.997,Married-civ-spouse,Sales,Husband,Asian-Pac-Islander,Male,33.047466,0.0078190295,45.003754,South,<=50K
43.103596,Private,252356.02,Bachelors,13.008614,Married-civ-spouse,Handlers-cleaners,Husband,Black,Male,23.843853,-0.4468471,40.01634,Haiti,>50K
35.12398,Private,195406.61,Assoc-acdm,12.014562,Married-civ-spouse,Other-service,Husband,Asian-Pac-Islander,Male,10.347028,-0.04611316,40.011948,Thailand,<=50K
45.92238,State-gov,192213.22,Assoc-acdm,12.029672,Divorced,Adm-clerical,Unmarried,White,Male,-12.763812,2272.4182,38.102104,United-States,>50K
60.09502,Self-emp-not-inc,284561.44,Some-college,9.986179,Married-civ-spouse,Other-service,Wife,Black,Female,2.9231997,-0.62275803,50.084507,United-States,<=50K
37.00136,Private,381231.28,Assoc-acdm,11.988274,Married-civ-spouse,Prof-specialty,Wife,White,Female,7.828717,-0.37839618,12.986658,United-States,>50K
40.07444,Local-gov,104883.31,Masters,14.007439,Never-married,Adm-clerical,Not-in-family,White,Female,-4.6639585,1876.5704,34.925934,United-States,<=50K
57.05813,Private,223606.11,Assoc-voc,11.018127,Widowed,Craft-repair,Not-in-family,Black,Male,15.130719,-0.29596058,39.95829,United-States,<=50K
47.0055,Self-emp-not-inc,162694.31,Bachelors,13.034255,Divorced,Exec-managerial,Not-in-family,Asian-Pac-Islander,Male,39.26402,-0.3026134,60.04165,Japan,<=50K
32.89179,Local-gov,255092.64,Bachelors,13.012968,Divorced,Prof-specialty,Own-child,White,Male,21.433453,2339.3552,40.003082,United-States,<=50K
48.164627,Private,343406.28,Bachelors,13.00516,Married-spouse-absent,Prof-specialty,Not-in-family,White,Male,0.73374647,-0.11245838,36.957275,United-States,>50K
56.016724,Federal-gov,162542.2,HS-grad,8.989751,Married-civ-spouse,Transport-moving,Husband,Amer-Indian-Eskimo,Male,-7.270892,-0.1518642,40.01386,United-States,<=50K
59.060947,Self-emp-inc,140977.34,Assoc-voc,11.037679,Divorced,Prof-specialty,Not-in-family,White,Male,14.255231,0.32935986,50.02618,United-States,>50K
35.15385,?,195401.42,Some-college,10.001017,Married-civ-spouse,?,Husband,Asian-Pac-Islander,Male,7.698346,-0.44114032,40.025074,Philippines,>50K
37.854332,Self-emp-not-inc,121101.43,10th,6.001543,Married-civ-spouse,Sales,Husband,White,Male,12.192731,1885.6752,39.98187,United-States,>50K
24.221426,Private,51403.637,HS-grad,8.987196,Married-civ-spouse,Adm-clerical,Wife,Black,Female,26.605816,-0.14020649,39.972767,United-States,<=50K
45.78299,Private,114581.02,7th-8th,3.9715743,Married-civ-spouse,Prof-specialty,Wife,White,Female,42.97569,0.3557118,44.955513,United-States,<=50K
22.014135,Private,242686.16,HS-grad,9.007571,Married-civ-spouse,Transport-moving,Other-relative,White,Male,34.681988,-0.68214524,80.82485,United-States,<=50K
52.101177,Local-gov,192272.34,HS-grad,8.994204,Married-civ-spouse,Transport-moving,Husband,Other,Male,36.994976,-0.28390613,40.044315,Jamaica,>50K
45.93344,Local-gov,148643.44,Bachelors,13.014538,Never-married,Prof-specialty,Own-child,White,Male,4770.2915,-0.059868958,44.973034,United-States,>50K
73.77036,Self-emp-not-inc,160649.42,Assoc-acdm,12.017813,Married-civ-spouse,Exec-managerial,Husband,White,Male,-42.158833,-0.6391612,30.04886,United-States,>50K
39.023518,Private,78764.04,Some-college,9.999747,Married-civ-spouse,Tech-support,Husband,Asian-Pac-Islander,Male,-6.838519,0.13360485,34.963154,India,>50K
24.215055,Private,187381.89,Masters,14.014407,Never-married,Exec-managerial,Own-child,White,Female,4790.275,-0.14074817,59.961033,United-States,>50K
40.962208,Private,319242.56,Some-college,10.007933,Married-civ-spouse,Tech-support,Husband,White,Male,15.127545,-0.47039142,39.990746,Haiti,>50K
52.175117,Private,230178.08,HS-grad,8.982203,Married-civ-spouse,Machine-op-inspct,Husband,Other,Male,3988.5288,0.066687435,39.985798,Columbia,<=50K
50.96653,Federal-gov,379164.44,HS-grad,9.012264,Divorced,Adm-clerical,Unmarried,White,Female,-2.975482,1984.6051,40.024525,United-States,<=50K
55.857513,Self-emp-not-inc,248449.16,HS-grad,9.00604,Married-spouse-absent,Exec-managerial,Not-in-family,White,Male,-9.682025,-0.70189774,69.81837,United-States,<=50K
42.99285,?,152785.52,Assoc-voc,11.004676,Widowed,?,Not-in-family,White,Female,22.080181,2350.286,36.000923,United-States,<=50K
24.340431,Private,219281.6,Some-college,9.994381,Married-civ-spouse,Prof-specialty,Husband,Black,Male,8.300641,-0.4814159,40.01067,United-States,<=50K
59.039463,Self-emp-not-inc,211224.88,Masters,14.006562,Married-civ-spouse,Transport-moving,Husband,White,Male,-24.904682,-0.39570728,15.179762,United-States,<=50K
52.029,Private,167729.52,Masters,14.028622,Divorced,Prof-specialty,Not-in-family,White,Female,14.978131,0.39420208,39.931747,United-States,>50K
53.047504,Local-gov,606583.6,HS-grad,8.991242,Married-civ-spouse,Transport-moving,Husband,Black,Male,2.05235,-0.79318345,40.038967,United-States,>50K
56.008793,Private,191270.22,Assoc-acdm,12.017481,Divorced,Adm-clerical,Unmarried,White,Female,4171.8594,-0.31258503,39.99703,United-States,<=50K
70.969345,Self-emp-inc,133360.44,HS-grad,8.991721,Married-civ-spouse,Adm-clerical,Wife,White,Female,2.2886782,-0.33291736,19.942806,United-States,>50K
42.003986,Private,106251.46,Some-college,10.002694,Never-married,Exec-managerial,Not-in-family,White,Female,16.751324,2456.5544,39.974743,United-States,>50K
24.234041,Private,320921.47,Bachelors,13.010422,Married-civ-spouse,Farming-fishing,Husband,White,Male,17.702984,-0.3592693,34.964943,United-States,>50K
45.94981,Private,97381.01,Bachelors,13.022613,Divorced,Exec-managerial,Not-in-family,White,Male,10.199567,0.050627563,39.96845,Canada,>50K
65.124695,Self-emp-not-inc,55169.043,Prof-school,15.035459,Divorced,Tech-support,Not-in-family,White,Male,-9.651263,0.08781323,39.95555,United-States,<=50K
41.937984,Self-emp-not-inc,303259.75,HS-grad,8.959418,Married-civ-spouse,Farming-fishing,Husband,Asian-Pac-Islander,Male,37.829693,0.26425824,39.94547,Cambodia,>50K
28.823477,Local-gov,302312.16,Assoc-voc,11.037917,Never-married,Protective-serv,Not-in-family,White,Male,0.22227186,1570.88,55.857403,United-States,>50K
35.921616,State-gov,136391.89,Assoc-voc,11.030284,Married-civ-spouse,Tech-support,Husband,Asian-Pac-Islander,Male,16.484722,0.5682057,36.91776,Hong,<=50K
47.12452,State-gov,147977.14,Doctorate,16.041527,Divorced,Prof-specialty,Unmarried,White,Male,26.00816,0.7771443,50.11882,France,>50K
54.973534,Private,264851.38,Some-college,9.998442,Widowed,Exec-managerial,Not-in-family,White,Female,2277.3264,-0.38323322,39.970665,United-States,<=50K
48.98952,State-gov,117053.67,Some-college,10.011965,Married-civ-spouse,Farming-fishing,Husband,White,Male,1.8963442,-0.27776447,39.983276,United-States,<=50K
40.926376,State-gov,107297.49,HS-grad,9.006653,Never-married,Transport-moving,Not-in-family,White,Female,14315.422,0.030157898,39.97794,United-States,>50K
65.181915,Self-emp-not-inc,172265.08,Assoc-acdm,12.014136,Widowed,Prof-specialty,Not-in-family,White,Female,-0.45131212,-0.110726506,50.05811,United-States,>50K
47.091656,Private,144869.33,HS-grad,8.954562,Married-civ-spouse,Machine-op-inspct,Husband,White,Male,28.494488,0.11765942,39.945667,Cuba,>50K
39.96636,Private,44310.074,Some-college,10.013495,Divorced,Other-service,Not-in-family,Black,Male,4756.696,0.09738812,50.057533,United-States,>50K
45.993618,State-gov,54465.668,Bachelors,13.015757,Married-civ-spouse,Prof-specialty,Husband,White,Male,-15.575091,-0.13210407,9.8946,United-States,>50K
26.909876,Self-emp-not-inc,418140.22,HS-grad,9.014732,Never-married,Craft-repair,Unmarried,White,Male,9845.545,-0.20811573,49.981495,United-States,>50K
30.0433,Self-emp-not-inc,291320.6,Some-college,9.984106,Married-civ-spouse,Sales,Husband,Amer-Indian-Eskimo,Male,16.535992,-0.6023494,54.906536,United-States,>50K
37.885838,Private,100731.09,Some-college,10.009747,Separated,Machine-op-inspct,Not-in-family,White,Male,8.281354,2269.797,54.808147,United-States,>50K
72.144424,Private,95989.18,HS-grad,9.00264,Married-spouse-absent,Machine-op-inspct,Unmarried,White,Male,2140.7979,-0.011773256,39.9179,?,<=50K
48.05116,Private,300290.62,11th,6.97987,Married-civ-spouse,Machine-op-inspct,Husband,Black,Male,1.5289125,-0.09139362,55.912846,United-States,<=50K
48.136196,Private,349898.6,Some-college,9.957693,Married-civ-spouse,Craft-repair,Other-relative,Asian-Pac-Islander,Male,40.47642,0.2190617,39.929615,Cambodia,>50K
79.15289,Federal-gov,62398.99,Doctorate,16.04212,Widowed,Exec-managerial,Not-in-family,White,Male,-38.059223,0.27881512,6.0797577,United-States,>50K
44.825462,Private,273093.53,11th,6.973499,Married-civ-spouse,Craft-repair,Husband,White,Male,30.860699,-0.18853107,39.96583,?,<=50K
48.050762,Federal-gov,54991.168,HS-grad,9.001974,Married-civ-spouse,Transport-moving,Husband,Black,Male,12.195172,-0.118745,54.860855,Jamaica,>50K
29.73028,Private,315767.0,Masters,14.030696,Never-married,Prof-specialty,Not-in-family,Asian-Pac-Islander,Male,21.994488,0.54480636,45.00089,Iran,>50K
41.074554,Self-emp-not-inc,152564.58,Assoc-voc,11.001418,Married-civ-spouse,Prof-specialty,Wife,White,Female,18.108013,-0.19228473,14.896595,United-States,>50K
36.942112,Self-emp-not-inc,156755.36,Prof-school,15.013529,Never-married,Prof-specialty,Own-child,White,Male,-5.989398,1562.3168,54.846043,United-States,>50K
26.102903,Private,322274.4,Some-college,9.988517,Married-civ-spouse,Exec-managerial,Husband,White,Male,17.16978,-0.66403306,45.053436,Germany,>50K
57.985867,Private,103100.57,9th,5.0104895,Married-civ-spouse,Handlers-cleaners,Husband,Black,Male,35.92686,-0.07209125,59.81066,United-States,<=50K
60.12821,State-gov,198274.08,Assoc-acdm,11.999306,Married-civ-spouse,Prof-specialty,Husband,White,Male,-3.3126402,-0.4954311,20.010454,Mexico,<=50K
39.021805,State-gov,76406.65,Bachelors,13.018933,Never-married,Adm-clerical,Not-in-family,White,Male,2076.4917,0.09696087,39.96472,United-States,<=50K
42.922554,Private,334509.78,Some-college,9.998139,Separated,Transport-moving,Unmarried,White,Male,4872.5273,-0.5480815,51.017853,United-States,>50K
41.92819,Federal-gov,124790.68,Assoc-voc,11.034408,Divorced,Exec-managerial,Unmarried,White,Male,-4.1830015,349.65747,40.007874,United-States,<=50K
49.141438,Private,100410.89,Bachelors,13.011294,Never-married,Tech-support,Not-in-family,White,Female,4.921979,1570.5742,39.96154,Canada,>50K
75.94446,?,28714.95,HS-grad,8.990998,Married-civ-spouse,?,Husband,White,Male,-16.782368,-0.3208858,39.975815,Canada,>50K
35.022934,Private,275330.6,Bachelors,13.016231,Never-married,Tech-support,Not-in-family,Asian-Pac-Islander,Female,4682.224,0.15390667,39.95971,United-States,<=50K
23.312647,Private,277212.53,HS-grad,8.993031,Married-civ-spouse,Machine-op-inspct,Husband,White,Male,-11.571918,1582.0977,30.098694,United-States,<=50K
35.14054,Private,139304.64,Bachelors,13.002979,Married-civ-spouse,Other-service,Husband,Asian-Pac-Islander,Male,36.775494,-0.5788127,40.028027,Vietnam,<=50K
89.74674,Local-gov,187561.08,HS-grad,9.024791,Never-married,Craft-repair,Own-child,White,Male,11863.56,0.12985119,39.966705,United-States,>50K
53.793945,Self-emp-not-inc,198978.53,HS-grad,9.009422,Widowed,Craft-repair,Not-in-family,White,Male,11.110211,2010.3094,34.964066,United-States,<=50K
47.06493,Self-emp-inc,307637.1,Bachelors,13.002072,Divorced,Exec-managerial,Unmarried,White,Female,5.958844,-0.34092823,60.11819,United-States,>50K
27.232285,?,252206.16,Bachelors,12.996112,Married-civ-spouse,?,Wife,Black,Female,26.408062,-0.796281,34.929344,?,>50K
28.010923,State-gov,180759.12,Bachelors,13.007949,Never-married,Prof-specialty,Not-in-family,White,Female,15.091901,1869.1105,69.96916,United-States,<=50K
40.05201,Local-gov,107798.29,HS-grad,8.9723425,Married-civ-spouse,Adm-clerical,Wife,Amer-Indian-Eskimo,Female,30.447613,0.25965008,39.990036,United-States,<=50K
26.860239,Local-gov,157224.52,HS-grad,9.018141,Married-civ-spouse,Tech-support,Husband,White,Male,2.552106,-0.38044086,49.97244,United-States,>50K
30.72932,Self-emp-not-inc,391342.8,7th-8th,4.010726,Married-civ-spouse,Prof-specialty,Husband,White,Male,48.00523,0.12110028,59.660885,United-States,<=50K
56.029484,?,275920.44,Some-college,9.996736,Married-civ-spouse,?,Husband,White,Male,4.2579165,-0.29638782,40.028576,Nicaragua,<=50K
56.990036,Private,120784.234,Some-college,9.993724,Widowed,Adm-clerical,Unmarried,White,Female,6.081403,2265.8171,37.991196,United-States,>50K
33.14852,Federal-gov,613517.75,Masters,14.011048,Married-civ-spouse,Transport-moving,Husband,Black,Male,-11.255755,-0.9087688,40.033585,Nicaragua,<=50K
31.01671,Federal-gov,41219.76,Some-college,10.008839,Married-civ-spouse,Tech-support,Husband,Black,Male,-19.138569,-0.51507676,40.008892,United-States,<=50K
39.051365,Self-emp-not-inc,106492.375,Bachelors,13.028646,Married-civ-spouse,Craft-repair,Other-relative,White,Male,14.519635,-0.24612537,34.97987,United-States,>50K
45.957172,Local-gov,226000.4,Bachelors,13.014725,Divorced,Protective-serv,Not-in-family,Black,Male,3.1341372,0.016630981,50.087345,United-States,>50K
34.077644,Self-emp-inc,173771.39,Masters,14.012162,Never-married,Exec-managerial,Not-in-family,White,Female,4751.7646,0.42342266,44.971676,France,>50K
34.911926,Private,28973.512,HS-grad,8.996334,Married-AF-spouse,Other-service,Wife,White,Female,49.893414,0.31909832,39.975094,United-States,>50K
32.802834,Private,175268.28,12th,8.040479,Divorced,Craft-repair,Not-in-family,White,Male,39.116558,2268.6763,41.874653,United-States,<=50K
31.924154,Private,353225.56,Bachelors,13.019823,Married-civ-spouse,Exec-managerial,Other-relative,Asian-Pac-Islander,Female,54.062847,-0.2888271,39.999237,China,>50K
48.188953,Self-emp-not-inc,133044.67,Bachelors,13.008487,Married-spouse-absent,Exec-managerial,Not-in-family,Black,Male,18.330425,-0.62338364,40.002724,Jamaica,>50K
31.888832,Private,28097.715,10th,5.967898,Married-civ-spouse,Transport-moving,Husband,White,Male,15.851666,-0.58310044,80.64909,United-States,>50K
73.01451,Local-gov,181734.0,Masters,14.011519,Married-civ-spouse,Prof-specialty,Husband,White,Male,-8.834857,-0.13028064,9.763252,Poland,>50K
34.11847,?,287106.84,Masters,14.033176,Never-married,?,Not-in-family,White,Male,4648.528,0.20342144,30.067318,United-States,<=50K
24.929811,Private,222348.81,Assoc-voc,11.022138,Never-married,Sales,Not-in-family,White,Male,38.637066,-0.028176453,65.139046,Canada,>50K
41.853718,Self-emp-inc,77435.29,Some-college,9.994654,Divorced,Exec-managerial,Unmarried,White,Male,1.529645,1.1545705,90.56875,United-States,>50K
37.00232,Private,632552.56,Bachelors,13.000359,Never-married,Exec-managerial,Not-in-family,Black,Male,9.822125,-1.1319209,60.06236,United-States,>50K
38.98383,Private,120544.89,Some-college,10.003131,Never-married,Prof-specialty,Not-in-family,Black,Male,4768.2935,0.031210754,39.942562,United-States,>50K
36.02422,Private,157190.17,HS-grad,8.993039,Married-civ-spouse,Craft-repair,Husband,Other,Male,17.798443,-0.23680225,40.006466,United-States,>50K
68.17845,Local-gov,234326.52,Masters,13.991535,Widowed,Prof-specialty,Unmarried,Black,Female,10.731061,-0.94281876,39.928154,United-States,>50K
54.041443,State-gov,188152.98,Doctorate,16.03767,Never-married,Exec-managerial,Not-in-family,White,Female,12.290631,0.54292953,50.10934,United-States,>50K
44.060863,Local-gov,231787.66,Doctorate,16.031097,Married-spouse-absent,Prof-specialty,Unmarried,White,Female,14.494245,0.17920575,38.032402,United-States,<=50K
35.12211,Private,164663.78,HS-grad,8.993664,Married-civ-spouse,Other-service,Husband,White,Male,13.540875,-0.36520496,40.020306,Yugoslavia,>50K
63.16931,Private,64732.55,Some-college,10.006497,Married-civ-spouse,Handlers-cleaners,Husband,Asian-Pac-Islander,Male,9.848004,-0.5201045,39.99725,Philippines,>50K
64.21146,Private,478331.03,HS-grad,8.985085,Married-civ-spouse,Exec-managerial,Husband,White,Male,-11.661761,-0.74465287,16.029839,United-States,<=50K
30.00439,State-gov,217808.73,Some-college,9.990749,Married-civ-spouse,Prof-specialty,Wife,Black,Female,17.308697,-0.5406352,39.975502,United-States,>50K
27.113485,Private,37748.684,Assoc-acdm,12.017346,Married-civ-spouse,Machine-op-inspct,Husband,White,Male,-15.566302,0.057249878,39.97568,United-States,<=50K
33.926556,Private,163194.02,HS-grad,8.981005,Never-married,Other-service,Not-in-family,White,Male,10566.769,0.3620213,39.95901,Puerto-Rico,>50K
58.008163,Self-emp-not-inc,602620.25,HS-grad,8.987239,Married-civ-spouse,Sales,Husband,White,Male,-7.9139585,-0.81464493,40.013504,United-States,>50K
28.964186,Private,210907.48,11th,6.9485173,Married-civ-spouse,Transport-moving,Husband,White,Male,22.551373,-0.026040222,98.23727,United-States,>50K
35.02271,Private,163147.45,Some-college,10.017926,Married-civ-spouse,Transport-moving,Husband,Asian-Pac-Islander,Male,24.621685,-0.30158344,40.007732,?,<=50K
21.93998,Private,117715.195,Assoc-acdm,12.028494,Never-married,Handlers-cleaners,Not-in-family,Black,Male,36.10191,2844.2795,39.948235,?,>50K
32.954575,Private,133877.45,Some-college,10.000441,Never-married,Adm-clerical,Own-child,White,Female,99929.21,-0.019814637,29.969135,United-States,>50K
44.994915,Local-gov,133511.25,Bachelors,13.015947,Married-civ-spouse,Transport-moving,Husband,Asian-Pac-Islander,Male,-1.9417906,0.07871136,40.038406,Thailand,<=50K
41.847572,Federal-gov,54624.902,10th,5.997211,Married-civ-spouse,Adm-clerical,Husband,White,Male,9.131452,-0.012513307,39.95974,Mexico,<=50K
41.005295,Private,42694.637,Bachelors,13.019774,Divorced,Other-service,Not-in-family,White,Female,21.934917,-0.52787125,98.47274,United-States,<=50K
34.07846,Private,367458.75,HS-grad,8.996948,Married-civ-spouse,Craft-repair,Husband,White,Male,23.698345,-0.55154526,40.02528,Germany,<=50K
41.14962,Private,307884.22,Bachelors,13.007646,Married-civ-spouse,Exec-managerial,Wife,Asian-Pac-Islander,Female,23.424664,-0.6831676,4.893223,Philippines,<=50K
48.950783,Private,119444.34,5th-6th,3.0584126,Married-civ-spouse,Other-service,Husband,White,Male,51.27476,2615.1133,39.930042,Greece,<=50K
51.012733,Federal-gov,197816.73,Bachelors,13.007851,Widowed,Prof-specialty,Not-in-family,Black,Female,-3.043353,-0.41174427,39.97027,United-States,<=50K
62.978275,Federal-gov,95549.56,Some-college,9.998909,Married-civ-spouse,Tech-support,Husband,White,Male,-38.404682,-0.09588733,18.29646,United-States,>50K
40.074093,Private,365985.28,Bachelors,13.00573,Married-civ-spouse,Handlers-cleaners,Own-child,White,Male,16.474712,-0.49136463,40.019974,United-States,>50K
61.035347,?,581525.9,Masters,14.013532,Married-civ-spouse,?,Husband,White,Male,-31.397114,-0.5325023,2.6844141,United-States,>50K
50.911617,State-gov,67186.21,Assoc-voc,11.0565195,Divorced,Tech-support,Not-in-family,White,Male,1.0796938,2459.171,39.151035,United-States,>50K
29.890398,Private,165258.72,Bachelors,12.994038,Never-married,Exec-managerial,Not-in-family,Other,Female,8749.444,0.5165776,39.979103,India,>50K
31.011467,Private,170036.42,Prof-school,15.005745,Never-married,Prof-specialty,Not-in-family,White,Female,22.598492,-0.1945583,80.42024,?,<=50K
40.00219,Private,137111.05,Masters,14.017718,Married-spouse-absent,Exec-managerial,Not-in-family,Asian-Pac-Islander,Male,-11.807513,0.34604535,34.90572,India,>50K
40.98995,?,254906.44,Assoc-voc,11.049188,Divorced,?,Not-in-family,White,Male,25.076763,-0.19606128,80.85192,United-States,<=50K
31.906536,Local-gov,209823.2,Some-college,10.011842,Married-civ-spouse,Craft-repair,Other-relative,White,Male,26.956646,-0.26246753,39.9927,United-States,<=50K
53.57063,Self-emp-inc,50037.59,7th-8th,3.9919658,Married-civ-spouse,Transport-moving,Husband,White,Male,33.007915,-0.41586414,69.72137,United-States,<=50K
33.94768,Private,96774.0,Prof-school,15.029994,Never-married,Tech-support,Not-in-family,Asian-Pac-Islander,Male,-11.976214,1572.397,39.94716,India,>50K
23.213192,Private,334614.53,Bachelors,12.998985,Never-married,Sales,Not-in-family,White,Female,26.276958,1740.9308,49.991394,United-States,<=50K
47.06386,State-gov,59751.73,Doctorate,16.04616,Separated,Exec-managerial,Own-child,Asian-Pac-Islander,Male,2276.702,0.7884587,45.073547,United-States,<=50K
27.283058,?,216066.84,Bachelors,13.000597,Married-civ-spouse,?,Wife,White,Female,8.1104555,-0.049294617,23.865725,United-States,>50K
34.960495,Private,284778.1,Masters,14.018243,Never-married,Prof-specialty,Not-in-family,Asian-Pac-Islander,Female,62.65794,-0.83408463,39.885014,Taiwan,>50K
55.97369,Private,76586.125,9th,5.003565,Married-civ-spouse,Other-service,Wife,White,Female,4623.233,0.045454834,28.074083,United-States,<=50K
48.109707,Self-emp-not-inc,162447.39,Masters,13.992592,Widowed,Exec-managerial,Unmarried,White,Female,11.057965,-0.65238297,39.94477,?,>50K
74.92399,Self-emp-not-inc,146970.92,Bachelors,13.008617,Widowed,Prof-specialty,Unmarried,White,Male,-14.732074,-0.26511493,48.00147,United-States,>50K
63.274338,?,442026.03,Bachelors,12.98967,Widowed,?,Not-in-family,Amer-Indian-Eskimo,Female,33.313824,-0.6959621,56.128742,United-States,<=50K
38.979855,Self-emp-inc,304442.34,Some-college,10.0191555,Divorced,Craft-repair,Not-in-family,White,Male,3422.0874,0.15878949,39.983932,United-States,<=50K
55.011047,?,106075.99,Assoc-acdm,11.992138,Married-civ-spouse,?,Husband,Black,Male,-30.810932,-0.10814014,20.012995,United-States,>50K
36.99926,Self-emp-not-inc,31111.402,HS-grad,8.993446,Married-civ-spouse,Exec-managerial,Husband,White,Male,-5.307513,-0.27594867,40.00033,United-States,<=50K
61.075325,Private,183698.03,12th,7.978481,Married-civ-spouse,Craft-repair,Wife,Black,Female,13.026959,-0.7428676,39.937935,United-States,<=50K
48.1822,Self-emp-not-inc,181316.88,Doctorate,16.026327,Never-married,Prof-specialty,Unmarried,White,Female,14.60484,-0.4947826,60.10798,United-States,>50K
71.1546,Self-emp-not-inc,27675.527,7th-8th,3.9855452,Married-civ-spouse,Farming-fishing,Husband,White,Male,6498.3823,-0.19558063,39.925793,United-States,>50K
35.08865,Private,142812.61,HS-grad,8.997468,Married-civ-spouse,Transport-moving,Wife,White,Female,15.072858,1898.7366,28.224108,United-States,>50K
50.99405,Private,25331.355,Some-college,9.99218,Married-civ-spouse,Exec-managerial,Wife,White,Female,13.443707,-0.5596782,9.814899,United-States,>50K
47.951004,State-gov,118222.3,HS-grad,9.015092,Divorced,Craft-repair,Own-child,White,Male,8680.277,0.082693905,39.975903,United-States,>50K
57.912964,Self-emp-not-inc,31441.121,HS-grad,9.003968,Widowed,Farming-fishing,Not-in-family,White,Male,23.160992,-0.40631214,80.71269,United-States,<=50K
40.804256,Self-emp-inc,33640.887,10th,5.9849205,Married-civ-spouse,Exec-managerial,Husband,White,Male,-0.63344103,-0.5474559,49.973278,United-States,<=50K
42.90665,Private,349677.06,Prof-school,15.042257,Separated,Tech-support,Not-in-family,White,Male,40.43565,-0.083779484,50.089382,Columbia,>50K
32.070995,Private,316781.1,Bachelors,13.00288,Never-married,Exec-managerial,Own-child,White,Female,10664.127,-0.48861042,40.008034,United-States,>50K
64.0949,?,177632.81,10th,5.990267,Married-civ-spouse,?,Husband,White,Male,2.9129457,0.00067791645,55.837402,United-States,>50K
28.014917,Self-emp-not-inc,408147.72,HS-grad,8.987367,Married-civ-spouse,Exec-managerial,Husband,White,Male,15.632916,-0.66781723,40.02713,Poland,<=50K
47.010536,Local-gov,398159.72,Masters,14.023446,Never-married,Tech-support,Not-in-family,White,Male,-6.9281187,0.4145573,39.954815,United-States,<=50K
38.06582,Private,472938.2,Bachelors,12.997254,Married-civ-spouse,Other-service,Husband,White,Male,19.789654,-1.0745555,34.95246,Mexico,<=50K
39.967716,Private,115054.516,Some-college,10.00107,Separated,Craft-repair,Unmarried,White,Male,4859.1777,-0.3214046,46.97138,United-States,>50K
53.527664,Private,286372.12,Preschool,1.1989034,Married-civ-spouse,Farming-fishing,Husband,White,Male,73.55638,0.45532116,59.5754,United-States,<=50K
52.06301,Private,235219.72,Bachelors,13.007145,Married-spouse-absent,Other-service,Not-in-family,White,Male,8.293805,-0.050545838,50.067352,United-States,<=50K
26.814505,Local-gov,24867.512,Assoc-voc,11.0502,Never-married,Tech-support,Not-in-family,White,Female,26.368023,1572.4323,72.151596,United-States,>50K
49.043827,Self-emp-not-inc,36652.465,HS-grad,8.992735,Married-civ-spouse,Craft-repair,Husband,White,Male,-7.9244566,-0.5659877,39.993515,Canada,>50K
60.100483,State-gov,27531.95,HS-grad,8.9785595,Married-civ-spouse,Protective-serv,Husband,Amer-Indian-Eskimo,Male,-9.825824,0.10998425,39.970383,United-States,>50K
61.977905,Federal-gov,171481.0,10th,5.9876895,Married-civ-spouse,Handlers-cleaners,Husband,Black,Male,2681.8538,-0.31861225,39.97788,United-States,<=50K
50.047356,Private,207801.95,Masters,14.024225,Divorced,Sales,Not-in-family,White,Female,17.439556,0.17326245,50.041725,United-States,>50K
57.051598,Private,424151.16,Masters,14.018626,Divorced,Exec-managerial,Unmarried,White,Male,-14.301898,-0.38269153,39.975643,United-States,>50K
30.822859,State-gov,349796.8,12th,8.01358,Married-civ-spouse,Tech-support,Wife,White,Female,28.592388,-0.45765033,39.978268,United-States,>50K
60.14305,Private,181944.19,Bachelors,13.00158,Married-civ-spouse,Machine-op-inspct,Husband,Asian-Pac-Islander,Male,-28.887836,-0.039376404,24.981747,Iran,<=50K
42.02408,Local-gov,216040.77,Assoc-acdm,11.972252,Married-civ-spouse,Adm-clerical,Wife,White,Female,21.857769,-0.5216991,34.9744,Puerto-Rico,>50K
59.98391,Federal-gov,116351.625,HS-grad,9.005774,Widowed,Adm-clerical,Not-in-family,White,Male,2.404645,-0.06393543,39.954533,United-States,<=50K
42.046467,Local-gov,270270.1,Some-college,9.994921,Married-civ-spouse,Protective-serv,Husband,Other,Male,-10.470355,-0.11808887,40.029793,United-States,>50K
66.912346,Self-emp-inc,325403.56,7th-8th,3.991785,Married-civ-spouse,Craft-repair,Husband,White,Male,31.099957,-0.1459209,47.822994,United-States,<=50K
69.042694,Self-emp-not-inc,32093.309,Assoc-voc,11.015945,Married-civ-spouse,Exec-managerial,Husband,White,Male,-25.742573,-0.5260173,19.91341,United-States,<=50K
52.031143,?,88853.805,12th,7.9859705,Married-civ-spouse,?,Wife,Black,Female,21.466167,-0.6618434,39.961727,United-States,>50K
47.047543,Private,91053.734,HS-grad,8.986476,Married-civ-spouse,Priv-house-serv,Wife,White,Female,13.149518,-0.26915088,34.94231,United-States,>50K
52.952045,Self-emp-not-inc,35832.48,Bachelors,13.011319,Never-married,Sales,Unmarried,White,Male,-3.9869566,-0.19165912,59.990864,United-States,>50K
51.811634,Private,162900.34,9th,5.0177813,Married-civ-spouse,Farming-fishing,Husband,White,Male,40.262554,-0.32162586,59.749367,United-States,>50K
28.932734,State-gov,303968.78,Bachelors,13.003735,Married-civ-spouse,Prof-specialty,Husband,White,Male,20.04771,-0.30727497,24.943556,Nicaragua,<=50K
35.15291,Local-gov,34128.684,Some-college,9.994,Married-civ-spouse,Protective-serv,Husband,Other,Male,-10.204974,-0.18358722,40.0061,United-States,>50K
35.994778,Private,223581.03,HS-grad,8.993654,Married-civ-spouse,Craft-repair,Husband,White,Male,24.656109,-0.40986744,39.98785,Poland,>50K
29.041351,State-gov,214381.4,Bachelors,12.995423,Married-civ-spouse,Prof-specialty,Husband,White,Male,10.369245,-0.97622025,40.009907,Honduras,>50K
41.802773,Private,232215.4,5th-6th,3.0464869,Married-civ-spouse,Craft-repair,Husband,Other,Male,3353.8804,0.05168042,39.927414,Mexico,>50K
63.279373,Local-gov,113842.99,Bachelors,13.00541,Widowed,Adm-clerical,Unmarried,Asian-Pac-Islander,Female,20.076519,-0.54603684,34.97756,Philippines,<=50K
48.007874,Self-emp-not-inc,107122.54,Some-college,10.015493,Divorced,Sales,Not-in-family,White,Female,3440.8796,-0.046281006,59.920425,United-States,<=50K
72.87692,Federal-gov,126899.84,Some-college,10.020542,Widowed,Tech-support,Not-in-family,White,Female,3191.5154,-0.059754517,39.952087,United-States,<=50K
65.30372,Private,441252.44,Prof-school,15.01827,Married-spouse-absent,Craft-repair,Not-in-family,White,Male,14.105817,-0.7703258,48.074753,Hungary,>50K
47.039333,Local-gov,218969.36,Assoc-acdm,12.012962,Separated,Exec-managerial,Not-in-family,White,Male,-2.3197203,1424.9169,39.99947,United-States,<=50K
50.897747,Private,931528.4,HS-grad,8.979121,Divorced,Craft-repair,Not-in-family,White,Male,19.37315,-1.0001003,49.962692,United-States,<=50K
29.97311,Private,337359.62,Assoc-acdm,11.979692,Married-civ-spouse,Adm-clerical,Wife,Black,Female,9.31944,-0.57830155,19.994282,United-States,<=50K
44.78208,Private,186525.47,HS-grad,9.023551,Divorced,Farming-fishing,Not-in-family,White,Male,39.487164,2269.6646,43.888847,United-States,>50K
41.090054,Private,404043.5,Assoc-acdm,11.993377,Married-civ-spouse,Transport-moving,Husband,Black,Male,-9.7957945,-0.5274974,40.04757,United-States,>50K
34.004482,State-gov,44378.09,Doctorate,16.03806,Never-married,Prof-specialty,Not-in-family,White,Female,33.5648,0.29558453,60.03788,United-States,<=50K
35.071033,Private,275078.6,Bachelors,13.015194,Divorced,Tech-support,Unmarried,White,Male,7460.8037,-0.33831897,40.01282,Germany,>50K
24.185858,Local-gov,33177.746,Assoc-acdm,12.01079,Married-civ-spouse,Other-service,Wife,White,Female,22.507427,0.15544018,39.985794,United-States,<=50K
38.9784,Federal-gov,149457.98,Masters,14.024152,Never-married,Prof-specialty,Not-in-family,White,Male,4.081891,0.7355565,39.934185,Poland,>50K
52.112442,Private,128810.78,Bachelors,13.009343,Widowed,Other-service,Not-in-family,White,Female,22.50108,2843.287,19.870922,United-States,>50K
68.03762,Private,50664.543,Masters,14.020228,Never-married,Adm-clerical,Not-in-family,White,Female,6431.7036,0.3734196,19.846935,United-States,<=50K
42.979298,Private,111676.82,HS-grad,8.995722,Never-married,Adm-clerical,Unmarried,White,Female,8691.869,-0.24279895,42.949116,United-States,>50K
34.135124,Private,255417.89,HS-grad,8.996645,Married-civ-spouse,Adm-clerical,Husband,White,Male,3.8013735,-0.27839008,40.02012,Italy,>50K
47.046104,Private,191195.73,Some-college,9.994948,Married-civ-spouse,Exec-managerial,Wife,White,Female,15.659528,-0.6278163,7.833683,United-States,<=50K
36.0066,Federal-gov,125344.95,Bachelors,13.008882,Never-married,Prof-specialty,Own-child,White,Male,-6.178607,2264.0986,39.99534,United-States,<=50K
50.04434,State-gov,228428.27,HS-grad,8.998544,Married-civ-spouse,Craft-repair,Husband,Black,Male,0.1106996,-0.5324718,40.019554,United-States,>50K
46.012463,Local-gov,230788.31,Bachelors,13.011661,Divorced,Prof-specialty,Not-in-family,White,Female,4786.282,-0.04824176,24.93589,United-States,>50K
36.844864,Local-gov,116532.02,Assoc-voc,11.038403,Never-married,Protective-serv,Not-in-family,White,Male,4647.006,-0.031014588,39.96171,United-States,<=50K
56.061337,Federal-gov,187549.42,Masters,14.006587,Divorced,Adm-clerical,Unmarried,White,Female,-26.676655,-0.12400165,39.99409,United-States,<=50K
50.892128,Private,42365.324,11th,6.971656,Married-civ-spouse,Craft-repair,Husband,White,Male,18.584576,-0.47522083,39.96515,United-States,>50K
39.047318,Self-emp-not-inc,54196.84,Some-college,9.998878,Married-civ-spouse,Machine-op-inspct,Wife,White,Female,-4.543109,-0.021973755,39.970406,United-States,<=50K
39.96273,Private,309324.12,HS-grad,9.005668,Married-civ-spouse,Farming-fishing,Husband,White,Male,26.582623,-0.30428424,39.98553,United-States,<=50K
81.49378,Private,55831.746,Bachelors,13.013705,Married-civ-spouse,Adm-clerical,Husband,White,Male,-39.341694,-0.3161098,4.3209763,United-States,>50K
35.014725,Federal-gov,102680.68,Doctorate,16.028734,Never-married,Prof-specialty,Not-in-family,Amer-Indian-Eskimo,Female,42.016216,0.11484417,60.07545,United-States,>50K
31.809713,Private,288072.97,Some-college,10.009941,Married-civ-spouse,Sales,Other-relative,Asian-Pac-Islander,Female,62.954815,-0.0939571,39.99743,Greece,<=50K
55.070457,Private,195271.77,Bachelors,13.021711,Separated,Craft-repair,Not-in-family,White,Male,20.646587,-0.31832996,39.94158,?,<=50K
49.934628,Private,192257.28,7th-8th,3.968554,Married-civ-spouse,Craft-repair,Husband,White,Male,41.537212,-0.45716968,39.922424,Ecuador,<=50K
61.094967,Local-gov,223895.17,Bachelors,13.008699,Never-married,Prof-specialty,Not-in-family,White,Female,6.8223696,-0.20729175,63.01899,United-States,>50K
46.959164,Private,363841.56,Some-college,10.011308,Never-married,Sales,Not-in-family,White,Male,16.264263,-0.11683765,69.846725,United-States,>50K
43.01702,Private,167191.45,Bachelors,13.005816,Divorced,Prof-specialty,Unmarried,Black,Female,19.814312,-0.58574784,60.104733,United-States,<=50K
66.05637,Private,171136.7,Some-college,9.999223,Married-civ-spouse,Transport-moving,Husband,Black,Male,-9.421771,-0.31554523,40.02727,United-States,>50K
29.770193,Private,188845.75,Bachelors,13.014813,Never-married,Transport-moving,Not-in-family,White,Male,4821.5728,-0.19532886,39.979652,United-States,<=50K
28.89638,Private,88841.27,HS-grad,8.989742,Married-civ-spouse,Machine-op-inspct,Wife,White,Female,18.801617,0.42666516,39.958023,Scotland,<=50K
46.90331,Local-gov,79819.07,Some-college,10.021767,Divorced,Exec-managerial,Not-in-family,White,Male,13.014508,-0.3213741,55.89607,United-States,>50K
68.084435,Private,224844.86,Bachelors,13.013192,Widowed,Sales,Not-in-family,White,Male,6.0308657,-0.21025196,34.90508,United-States,>50K
46.811394,Private,97719.164,7th-8th,3.9933815,Married-civ-spouse,Transport-moving,Husband,White,Male,44.048687,2058.9185,39.94963,United-States,<=50K
41.938847,Local-gov,176865.92,Bachelors,13.022963,Divorced,Prof-specialty,Not-in-family,White,Male,31.913189,0.07078442,50.020313,?,<=50K
40.00505,Private,84561.93,Assoc-voc,11.024176,Married-civ-spouse,Handlers-cleaners,Own-child,Asian-Pac-Islander,Male,43.200054,-0.0002299815,40.006836,Philippines,<=50K
55.912296,State-gov,103063.71,Some-college,10.014113,Divorced,Adm-clerical,Not-in-family,White,Female,9.636579,2351.0098,39.970554,United-States,<=50K
36.944756,Self-emp-not-inc,301254.1,HS-grad,8.991578,Married-civ-spouse,Prof-specialty,Wife,White,Female,18.390972,-0.29973713,34.956905,United-States,>50K
32.07077,Federal-gov,173701.2,Bachelors,13.009231,Never-married,Exec-managerial,Not-in-family,White,Female,-0.43593127,-0.326234,60.000023,United-States,<=50K
41.93582,Self-emp-inc,271182.06,Bachelors,13.010259,Divorced,Tech-support,Not-in-family,White,Female,2.1751528,1565.0835,60.035664,United-States,>50K
34.04433,Self-emp-inc,23412.887,Bachelors,13.0222025,Divorced,Exec-managerial,Not-in-family,White,Male,6.8780336,0.010939452,50.059612,United-States,<=50K
43.92885,State-gov,27536.152,Doctorate,16.034727,Divorced,Prof-specialty,Not-in-family,White,Female,20.530376,1100.6923,39.952057,United-States,<=50K
46.08728,Local-gov,133300.62,Masters,14.035976,Divorced,Prof-specialty,Not-in-family,Amer-Indian-Eskimo,Male,27.697857,0.55873764,39.955574,United-States,<=50K
33.141,Private,513854.78,Some-college,9.991062,Married-civ-spouse,Tech-support,Husband,Black,Male,-4.573138,-0.66434586,40.02713,United-States,<=50K
60.858963,Private,119957.45,5th-6th,3.035318,Divorced,Transport-moving,Not-in-family,White,Male,67.60045,1876.2678,55.672676,United-States,<=50K
29.98845,State-gov,169493.02,Bachelors,13.016388,Married-civ-spouse,Tech-support,Husband,White,Male,-12.781634,-0.18869892,40.00895,United-States,>50K
47.066746,Self-emp-inc,185704.9,Prof-school,15.024901,Never-married,Other-service,Not-in-family,White,Male,1.9866762,0.015745971,60.0299,United-States,>50K
47.07426,Self-emp-not-inc,198312.28,Prof-school,15.024715,Never-married,Prof-specialty,Not-in-family,White,Male,-2.9723082,0.10682568,39.96326,United-States,>50K
55.95317,Private,436239.75,9th,5.0146832,Married-civ-spouse,Sales,Husband,White,Male,24.541119,-0.15618244,39.928066,United-States,<=50K
30.94637,State-gov,123005.72,Assoc-acdm,12.035103,Married-civ-spouse,Tech-support,Husband,White,Male,-21.242329,-0.056656983,39.985775,United-States,>50K
51.058586,Private,209085.39,Bachelors,13.00707,Divorced,Exec-managerial,Not-in-family,Amer-Indian-Eskimo,Male,23.929058,0.43675885,50.09985,United-States,<=50K
39.121536,Private,355317.62,Bachelors,12.998338,Never-married,Exec-managerial,Not-in-family,White,Female,5.8707094,1973.0618,40.00755,United-States,<=50K
34.066814,Private,411501.7,12th,7.99109,Married-civ-spouse,Transport-moving,Husband,Black,Male,19.623638,-1.0006725,54.869534,United-States,<=50K
31.75127,Federal-gov,190446.48,Assoc-acdm,12.04688,Divorced,Protective-serv,Not-in-family,White,Male,1948.5004,-0.0023891001,39.95596,United-States,<=50K
48.167423,Local-gov,114771.52,Masters,14.03179,Divorced,Prof-specialty,Unmarried,Asian-Pac-Islander,Female,41.82603,0.3208302,50.158306,Nicaragua,<=50K
43.856613,Self-emp-not-inc,276808.97,Masters,14.01827,Never-married,Farming-fishing,Own-child,White,Male,10.756207,-0.46211353,98.01827,United-States,<=50K
29.852236,Private,101727.45,Some-college,10.001659,Married-civ-spouse,Craft-repair,Not-in-family,White,Male,23.238628,-0.19026294,39.948967,Mexico,<=50K
57.88415,Self-emp-not-inc,146881.67,10th,6.000067,Married-civ-spouse,Craft-repair,Wife,White,Female,3.3494692,1973.0911,34.88348,?,>50K
29.93124,Private,169841.97,Masters,14.017062,Married-civ-spouse,Other-service,Husband,White,Male,-6.459613,-0.26369587,15.022207,United-States,>50K
52.060474,Private,116818.43,Bachelors,13.008144,Divorced,Prof-specialty,Unmarried,White,Female,2.6810122,1754.9899,39.982037,United-States,>50K
47.979393,Private,48006.746,Some-college,10.010563,Never-married,Exec-managerial,Not-in-family,White,Male,7.4957094,-0.7101146,72.25428,United-States,<=50K
48.991367,Private,26989.574,HS-grad,9.014955,Divorced,Tech-support,Not-in-family,White,Male,4713.369,0.09287152,39.931366,United-States,>50K
38.840034,Private,297935.3,9th,5.014964,Married-civ-spouse,Other-service,Wife,Black,Female,3677.2998,0.027319763,33.95429,United-States,<=50K
34.054623,State-gov,102808.82,HS-grad,8.9980135,Married-civ-spouse,Other-service,Husband,White,Male,1.0677309,1666.6143,40.01286,United-States,<=50K
27.98579,Private,180629.48,Some-college,9.999101,Married-civ-spouse,Other-service,Own-child,White,Female,7753.267,-0.3352138,40.0061,United-States,>50K
47.068974,Federal-gov,98479.484,Bachelors,13.010738,Married-spouse-absent,Exec-managerial,Not-in-family,White,Female,-18.32021,-0.21408954,39.993378,United-States,<=50K
60.13039,Self-emp-inc,160561.52,Masters,14.014189,Widowed,Adm-clerical,Not-in-family,White,Female,-2.090228,0.056769226,24.902845,United-States,<=50K
58.15132,State-gov,260388.62,Doctorate,16.04047,Never-married,Exec-managerial,Not-in-family,White,Female,10.2667055,0.62863815,43.04696,United-States,>50K
39.108513,Private,172634.02,Assoc-voc,10.998306,Married-civ-spouse,Adm-clerical,Wife,White,Female,18.307476,0.031554077,19.881664,United-States,>50K
34.05358,Federal-gov,434338.12,Some-college,10.006394,Married-AF-spouse,Adm-clerical,Wife,White,Female,10.6732,-0.28736988,40.003872,United-States,>50K
52.02299,State-gov,215672.67,Bachelors,13.00436,Widowed,Exec-managerial,Unmarried,White,Female,12.409528,-0.44059864,55.016064,United-States,<=50K
70.95133,Local-gov,336700.25,Masters,14.012693,Widowed,Prof-specialty,Not-in-family,White,Female,3.4051332,-0.31648365,39.93494,United-States,<=50K
28.00265,Federal-gov,381665.44,Bachelors,13.008756,Never-married,Prof-specialty,Not-in-family,White,Male,-5.2367125,-0.11470905,49.98448,United-States,<=50K
47.01337,Self-emp-not-inc,189786.22,Some-college,9.998354,Married-civ-spouse,Craft-repair,Husband,White,Male,-12.622699,-0.7742778,40.028004,Iran,>50K
65.10592,Self-emp-inc,150129.9,HS-grad,9.0038,Married-civ-spouse,Transport-moving,Husband,White,Male,-10.86391,-0.34894672,40.01024,United-States,<=50K
29.973305,?,34658.56,Bachelors,12.990223,Married-civ-spouse,?,Wife,Other,Female,39.595806,-0.77407944,39.952824,Taiwan,>50K
39.145786,Self-emp-inc,32000.809,Some-college,9.98802,Married-civ-spouse,Adm-clerical,Wife,White,Female,5.222028,-0.17983356,19.965055,United-States,>50K
26.037853,Local-gov,270589.94,HS-grad,9.008976,Married-civ-spouse,Protective-serv,Husband,Black,Male,4.843854,-0.2814342,50.046722,United-States,>50K
50.94089,Private,134597.16,12th,8.026707,Widowed,Machine-op-inspct,Not-in-family,White,Male,15.27403,1574.6781,39.94362,United-States,>50K
46.981083,Self-emp-inc,206354.9,Assoc-acdm,12.026731,Widowed,Exec-managerial,Not-in-family,White,Female,6.755231,-0.1521999,67.11562,United-States,<=50K
60.119167,Private,101038.87,Assoc-acdm,12.034495,Divorced,Exec-managerial,Not-in-family,White,Female,12.141217,-0.16735187,45.017815,Canada,<=50K
50.116425,State-gov,322252.16,Assoc-voc,11.010853,Married-civ-spouse,Protective-serv,Husband,White,Male,2.7542543,-0.1972591,40.00524,Poland,>50K
60.05491,Self-emp-not-inc,158178.72,HS-grad,8.988038,Divorced,Adm-clerical,Unmarried,White,Female,-3.161273,0.98113906,98.21201,United-States,<=50K
38.992527,Private,136408.25,HS-grad,9.004849,Married-civ-spouse,Machine-op-inspct,Husband,Asian-Pac-Islander,Male,18.069927,0.2933949,39.94974,?,>50K
52.98136,?,122243.984,HS-grad,8.991186,Married-civ-spouse,?,Husband,White,Male,-5.3304625,-0.17792621,39.986378,United-States,>50K
30.053862,Self-emp-not-inc,434256.0,Some-college,9.991607,Married-civ-spouse,Sales,Husband,White,Male,6.087018,-0.56073105,40.043114,United-States,>50K
33.072742,Self-emp-inc,183136.17,HS-grad,8.99546,Married-civ-spouse,Exec-managerial,Husband,White,Male,14.342877,-0.4396297,50.044224,Mexico,>50K
68.22393,Private,193864.25,Doctorate,16.040794,Divorced,Prof-specialty,Not-in-family,White,Female,82.83421,-0.07485309,39.891792,Cuba,<=50K
38.995117,Private,58096.902,Assoc-acdm,12.034274,Divorced,Exec-managerial,Unmarried,White,Male,1437.2837,-0.33023944,39.982002,United-States,<=50K
30.014463,Private,434503.88,Bachelors,12.989292,Married-civ-spouse,Sales,Husband,White,Male,8.177106,-0.5432216,19.867197,Peru,<=50K
63.133,Private,180902.34,HS-grad,9.002132,Widowed,Exec-managerial,Unmarried,White,Male,12.132428,-0.14495197,50.032722,United-States,>50K
48.15997,State-gov,328033.2,Doctorate,16.051565,Divorced,Prof-specialty,Own-child,White,Male,23.786724,0.6837071,50.05121,United-States,>50K
65.95178,Self-emp-inc,253583.92,HS-grad,8.999127,Married-civ-spouse,Sales,Husband,White,Male,-29.804585,1831.4764,10.113707,United-States,>50K
50.091312,Private,134893.38,12th,8.002017,Married-civ-spouse,Sales,Husband,Asian-Pac-Islander,Male,50.41807,-0.25292316,39.926247,Cambodia,>50K
63.102325,Local-gov,198389.84,HS-grad,8.998199,Never-married,Exec-managerial,Not-in-family,White,Female,8723.375,0.027060363,38.009666,United-States,>50K
60.08925,Private,165325.97,11th,7.0152655,Married-civ-spouse,Machine-op-inspct,Wife,Asian-Pac-Islander,Female,38.351665,0.5593327,30.018328,Hong,<=50K
44.95811,Private,217097.38,Some-college,9.997528,Married-civ-spouse,Handlers-cleaners,Husband,White,Male,18.53648,-0.5931941,40.02919,Germany,>50K
36.90569,Private,162549.81,HS-grad,8.992634,Married-civ-spouse,Prof-specialty,Husband,White,Male,43.021343,-0.023110535,39.985134,Columbia,<=50K
41.939957,Self-emp-not-inc,374627.7,HS-grad,9.010393,Married-civ-spouse,Farming-fishing,Husband,White,Male,18.145855,-0.36665455,50.02273,United-States,<=50K
24.992998,Private,124114.08,Assoc-acdm,12.010101,Married-civ-spouse,Handlers-cleaners,Husband,Black,Male,33.869,-0.50097764,40.010838,Jamaica,<=50K
60.995445,Private,52558.715,1st-4th,1.9288067,Married-civ-spouse,Machine-op-inspct,Husband,White,Male,53.60899,-0.00844684,59.60742,United-States,>50K
48.151173,Self-emp-inc,137911.16,Masters,14.006659,Married-spouse-absent,Sales,Not-in-family,Asian-Pac-Islander,Male,-8.711566,0.746642,50.018726,India,<=50K
23.09227,Private,219679.05,HS-grad,9.004182,Married-civ-spouse,Sales,Not-in-family,Black,Male,30.115826,-0.15777698,59.972973,United-States,<=50K
43.03659,Private,228780.58,Bachelors,12.998609,Never-married,Adm-clerical,Not-in-family,Black,Male,26.800152,0.05685315,50.17368,Outlying-US(Guam-USVI-etc),<=50K
89.80827,Private,309899.34,Bachelors,12.997444,Married-civ-spouse,Sales,Husband,White,Male,-21.634907,-0.6232692,19.882862,?,<=50K
64.12199,Federal-gov,162502.55,HS-grad,8.996378,Married-civ-spouse,Prof-specialty,Husband,White,Male,-25.808735,-0.19828144,8.095276,United-States,<=50K
39.998966,Private,173560.47,Assoc-voc,10.98962,Never-married,Sales,Unmarried,White,Female,4750.8823,-0.51092637,50.067432,United-States,>50K
40.033806,Private,236028.84,12th,7.9715214,Married-civ-spouse,Prof-specialty,Husband,White,Male,54.474224,-1.2163173,39.937748,Cuba,>50K
58.985825,Self-emp-not-inc,117893.93,10th,5.980583,Married-civ-spouse,Exec-managerial,Wife,White,Female,12.269879,-0.13841358,35.97245,United-States,<=50K
56.04348,Private,140496.89,HS-grad,8.996773,Divorced,Exec-managerial,Not-in-family,Black,Female,3841.4795,-0.02228656,39.9617,United-States,<=50K
52.66393,Self-emp-not-inc,311038.53,10th,6.022917,Married-civ-spouse,Farming-fishing,Husband,White,Male,12.669293,0.23560223,59.775253,United-States,<=50K
38.855755,Federal-gov,30002.934,9th,5.00736,Married-civ-spouse,Machine-op-inspct,Husband,White,Male,3.0103579,-0.27685657,39.921078,United-States,>50K
52.832478,Private,152182.14,10th,5.982246,Married-civ-spouse,Craft-repair,Husband,Black,Male,14.41612,-0.1951839,39.974186,United-States,<=50K
37.967697,State-gov,365368.12,Some-college,9.995469,Married-civ-spouse,Transport-moving,Husband,Black,Male,1.1536684,0.0027531118,65.0229,United-States,<=50K
64.24587,Private,116725.68,HS-grad,8.986164,Married-civ-spouse,Exec-managerial,Husband,White,Male,-11.393939,-0.23933521,23.97155,United-States,<=50K
60.11833,Private,275631.53,HS-grad,8.994063,Married-civ-spouse,Other-service,Husband,Asian-Pac-Islander,Male,21.196636,-0.2703487,30.052387,Philippines,<=50K
40.097248,Self-emp-not-inc,203004.69,Bachelors,13.004623,Married-spouse-absent,Prof-specialty,Not-in-family,White,Female,2054.9504,-0.2277309,39.984222,United-States,<=50K
28.069988,Private,206727.19,Some-college,10.006235,Married-civ-spouse,Transport-moving,Husband,White,Male,6.660016,-0.5551311,40.0372,El-Salvador,<=50K
53.101097,Private,426135.44,Bachelors,13.011767,Divorced,Other-service,Not-in-family,Black,Male,3425.0134,-0.15609851,39.98268,United-States,<=50K
23.31399,Private,38736.76,Some-college,10.010224,Married-civ-spouse,Transport-moving,Husband,White,Male,11.155133,-0.2727596,59.814945,United-States,>50K
50.04002,Local-gov,24884.465,Masters,14.014086,Divorced,Prof-specialty,Unmarried,White,Female,-2.859271,-0.058022644,65.1556,United-States,<=50K
30.074762,Federal-gov,241704.45,Some-college,10.006986,Married-civ-spouse,Armed-Forces,Husband,White,Male,-21.679585,-0.45981708,48.00634,United-States,>50K
74.71378,?,36996.605,Doctorate,16.04036,Never-married,?,Not-in-family,White,Male,-12.793597,0.6934804,39.94538,United-States,<=50K
22.04412,Self-emp-not-inc,201692.55,HS-grad,8.997856,Never-married,Prof-specialty,Unmarried,White,Female,99943.164,0.08073315,39.957993,Dominican-Republic,>50K
40.975,Private,81174.21,Bachelors,13.017554,Never-married,Adm-clerical,Not-in-family,Asian-Pac-Islander,Male,22.926373,0.13576397,50.0573,United-States,<=50K
26.011833,Local-gov,180233.6,Masters,14.025108,Never-married,Prof-specialty,Not-in-family,White,Male,13.623883,0.5326375,49.948845,United-States,<=50K
29.057005,Private,122392.1,Some-college,9.966129,Married-civ-spouse,Machine-op-inspct,Husband,Other,Male,27.546734,2418.3494,40.009068,Puerto-Rico,>50K
47.076153,Private,180636.44,HS-grad,8.991868,Married-civ-spouse,Handlers-cleaners,Wife,Black,Female,25.710552,-0.1996471,39.963028,United-States,<=50K
37.085064,Local-gov,365496.75,Some-college,9.991846,Married-civ-spouse,Adm-clerical,Husband,White,Male,-8.712787,-0.7877513,40.055943,Canada,>50K
29.98223,Private,328475.84,Some-college,9.998456,Married-civ-spouse,Machine-op-inspct,Husband,White,Male,-4.925433,-0.16359821,40.00573,United-States,<=50K
35.27651,Private,139637.56,Assoc-acdm,12.0146,Married-civ-spouse,Exec-managerial,Husband,White,Male,-21.215961,-0.17133442,15.069563,United-States,<=50K
74.017815,Self-emp-not-inc,191628.14,Prof-school,15.042049,Divorced,Prof-specialty,Other-relative,White,Male,6.37193,-0.08332172,39.947723,United-States,<=50K
27.106068,Federal-gov,508106.88,Bachelors,13.004678,Never-married,Exec-managerial,Not-in-family,Black,Male,-10.208392,-0.55870926,48.034855,United-States,<=50K
49.184372,Private,103206.41,Bachelors,13.01394,Married-spouse-absent,Other-service,Not-in-family,Asian-Pac-Islander,Male,23.34483,0.0836018,39.982338,Philippines,<=50K
36.879887,Private,36453.09,HS-grad,9.001731,Married-civ-spouse,Other-service,Wife,Asian-Pac-Islander,Female,40.543804,-0.13150898,59.964306,Philippines,<=50K
33.990765,Private,67915.766,HS-grad,9.010738,Married-civ-spouse,Transport-moving,Husband,Asian-Pac-Islander,Male,21.754742,-0.26033893,39.995754,United-States,>50K
53.076176,Private,417040.62,HS-grad,8.983307,Married-civ-spouse,Craft-repair,Husband,Other,Male,26.156597,-0.7188426,39.979652,Mexico,<=50K
28.909986,Private,235556.95,Assoc-acdm,12.005292,Never-married,Prof-specialty,Not-in-family,White,Female,8633.056,0.12999615,39.95251,United-States,>50K
28.910769,Private,199966.1,Masters,14.020371,Never-married,Prof-specialty,Not-in-family,White,Male,12.732282,0.087096065,54.78656,Scotland,<=50K
64.21676,Private,87911.1,Some-college,9.997592,Married-civ-spouse,Other-service,Husband,White,Male,1.305768,-0.49295917,39.996162,United-States,<=50K
44.035755,Private,15503.777,Some-college,9.977652,Married-civ-spouse,Exec-managerial,Husband,Amer-Indian-Eskimo,Male,6.708112,0.17059216,40.005657,United-States,>50K
35.894737,Local-gov,201364.22,HS-grad,9.021498,Married-spouse-absent,Protective-serv,Not-in-family,White,Male,20.661236,-0.25988117,69.06125,Germany,>50K
33.27065,Self-emp-not-inc,294818.7,Bachelors,12.995873,Married-civ-spouse,Prof-specialty,Husband,Black,Male,-3.4898863,-0.77265275,24.880812,United-States,>50K
52.119522,Private,380150.16,Assoc-voc,10.98659,Married-civ-spouse,Other-service,Wife,White,Female,25.744244,-0.30693164,19.926075,United-States,>50K
50.07798,Private,22706.09,Some-college,9.994521,Married-civ-spouse,Adm-clerical,Other-relative,White,Female,32.161724,-0.4330608,34.954933,United-States,>50K
51.781033,Private,373897.78,Preschool,1.1566852,Married-civ-spouse,Machine-op-inspct,Husband,White,Male,48.37779,0.5416249,39.856155,El-Salvador,<=50K
26.904955,Local-gov,164012.95,HS-grad,9.016502,Married-civ-spouse,Transport-moving,Husband,White,Male,13.343122,-0.63387406,59.88431,United-States,<=50K
34.231087,Private,28672.215,Assoc-voc,10.969915,Married-civ-spouse,Craft-repair,Wife,Amer-Indian-Eskimo,Female,33.743023,0.29385266,27.015211,United-States,>50K
40.053093,State-gov,150884.78,Masters,14.022147,Divorced,Exec-managerial,Unmarried,White,Female,1278.4662,-0.09898487,39.985184,United-States,<=50K
48.972958,Private,181472.58,10th,6.0026608,Married-civ-spouse,Handlers-cleaners,Husband,White,Male,13.490338,1496.3766,39.969936,United-States,>50K
68.11713,State-gov,491689.62,Bachelors,12.998948,Married-civ-spouse,Exec-managerial,Husband,White,Male,-36.198627,-0.86637986,19.94998,United-States,<=50K
72.13306,Self-emp-not-inc,298598.0,Bachelors,13.026636,Widowed,Farming-fishing,Not-in-family,White,Male,16.284039,-0.3250362,39.973423,United-States,>50K
30.977663,Private,196308.45,Assoc-voc,10.973012,Married-civ-spouse,Machine-op-inspct,Husband,Amer-Indian-Eskimo,Male,18.643902,0.04170117,40.000042,United-States,<=50K
21.375677,Private,215248.08,Assoc-acdm,11.971323,Married-civ-spouse,Adm-clerical,Wife,Amer-Indian-Eskimo,Female,26.58482,-0.12880817,46.10238,United-States,>50K
42.7736,Self-emp-not-inc,343974.84,7th-8th,4.023217,Married-civ-spouse,Farming-fishing,Husband,White,Male,4627.1074,0.1790913,39.950535,Cuba,<=50K
63.170113,Local-gov,213730.69,Bachelors,13.002134,Married-civ-spouse,Transport-moving,Husband,White,Male,4.253766,-0.58818924,40.001366,Cuba,<=50K
40.95229,Private,64875.59,Doctorate,16.038147,Divorced,Sales,Unmarried,White,Female,36.094097,0.04624829,50.111294,United-States,>50K
33.17104,Private,295931.03,Masters,14.010538,Married-civ-spouse,Tech-support,Husband,White,Male,-19.964985,0.01424298,15.126957,United-States,<=50K
51.013664,Private,178729.22,HS-grad,8.991254,Widowed,Exec-managerial,Not-in-family,White,Female,3443.1125,-0.308839,39.976807,Yugoslavia,<=50K
29.856434,Private,144359.4,Bachelors,13.008275,Never-married,Adm-clerical,Own-child,White,Male,12.4857,2565.9617,40.006496,United-States,>50K
55.068336,Federal-gov,174103.58,Bachelors,13.004787,Separated,Other-service,Unmarried,White,Female,10.906598,-0.4210674,71.76476,?,<=50K
56.958866,Private,193457.55,HS-grad,9.004055,Married-civ-spouse,Transport-moving,Husband,White,Male,-0.053851184,-0.49594226,41.942024,Italy,>50K
48.035046,Private,158401.02,HS-grad,9.005447,Widowed,Craft-repair,Not-in-family,White,Female,31.320171,-0.10942188,59.881588,United-States,>50K
60.10073,Private,251952.39,Some-college,9.989237,Married-civ-spouse,Craft-repair,Husband,Other,Male,-4.9781675,-0.715829,32.041473,United-States,>50K
50.18771,Private,335003.88,Prof-school,15.061119,Never-married,Prof-specialty,Other-relative,Asian-Pac-Islander,Female,57.058697,1580.5927,24.742052,China,<=50K
33.04484,Private,197696.75,Bachelors,13.0109415,Separated,Tech-support,Unmarried,White,Female,5417.894,-0.49946705,39.981514,United-States,<=50K
28.785345,Self-emp-inc,189532.27,HS-grad,9.004974,Married-civ-spouse,Sales,Husband,Asian-Pac-Islander,Male,33.37608,-0.16914478,40.01548,Germany,<=50K
30.855127,Private,121454.266,Masters,14.033653,Married-civ-spouse,Sales,Wife,Asian-Pac-Islander,Female,43.93687,-0.06507221,24.816504,Japan,>50K
52.908752,Federal-gov,290128.34,Some-college,10.017792,Divorced,Adm-clerical,Not-in-family,White,Male,-3.766986,-0.07891956,44.93693,United-States,<=50K
27.864353,Self-emp-not-inc,105992.94,12th,8.002846,Married-civ-spouse,Craft-repair,Not-in-family,White,Male,25.904888,-0.36668506,39.986397,United-States,<=50K
39.14824,Self-emp-inc,126382.03,Some-college,9.989364,Married-civ-spouse,Prof-specialty,Husband,White,Male,-3.5421324,-0.35196033,24.996914,United-States,<=50K
73.825516,Self-emp-inc,148619.75,Bachelors,13.00471,Married-civ-spouse,Adm-clerical,Wife,White,Female,-20.55605,-0.4897472,5.9195404,United-States,>50K
28.885511,State-gov,102430.71,Prof-school,15.033088,Never-married,Prof-specialty,Not-in-family,White,Female,4762.5996,0.3826588,39.95069,United-States,>50K
50.89022,Self-emp-not-inc,173928.89,HS-grad,9.013391,Never-married,Farming-fishing,Not-in-family,White,Male,8732.674,0.006506774,39.95036,United-States,>50K
54.89958,Private,327064.12,Some-college,10.019592,Divorced,Sales,Not-in-family,White,Male,20.652447,-0.055634644,65.00198,United-States,>50K
50.048416,Self-emp-not-inc,169206.6,Some-college,9.992823,Married-civ-spouse,Prof-specialty,Husband,White,Male,-3.4786558,-0.60305893,24.96515,United-States,<=50K
72.99139,Private,111077.42,5th-6th,3.0014539,Married-civ-spouse,Exec-managerial,Husband,White,Male,29.960796,0.015692566,53.587753,United-States,>50K
28.02601,Private,264949.0,Masters,14.029844,Never-married,Adm-clerical,Not-in-family,Asian-Pac-Islander,Male,15.391217,0.52857864,49.963676,India,<=50K
36.856678,Private,52928.402,Prof-school,15.030222,Never-married,Prof-specialty,Not-in-family,Asian-Pac-Islander,Female,22.140728,0.18480572,54.918545,United-States,>50K
26.779497,Self-emp-not-inc,207285.77,HS-grad,9.022698,Never-married,Craft-repair,Not-in-family,White,Male,26.618023,2270.1497,49.91819,United-States,<=50K
39.033318,Private,224692.12,Bachelors,13.000994,Widowed,Prof-specialty,Unmarried,White,Female,45.294292,-0.8897792,50.14346,Poland,>50K
58.995586,Federal-gov,98371.59,Bachelors,13.019253,Divorced,Adm-clerical,Not-in-family,White,Male,-26.105854,0.026915405,39.96908,United-States,<=50K
52.932648,Private,269680.6,12th,7.9994564,Married-civ-spouse,Tech-support,Husband,White,Male,4.1863832,-0.36910358,44.96302,United-States,>50K
21.227732,Private,367052.2,HS-grad,8.992276,Married-civ-spouse,Sales,Wife,White,Female,35.880474,-0.2208263,38.01805,United-States,<=50K
39.995235,State-gov,257915.3,Masters,14.013923,Never-married,Craft-repair,Not-in-family,White,Male,-3.5287046,-0.14177051,80.56483,United-States,<=50K
32.91811,Private,194178.83,Assoc-voc,11.01865,Separated,Craft-repair,Not-in-family,White,Male,23.861187,2456.2236,41.99601,United-States,>50K
45.901943,Private,139894.38,HS-grad,9.007339,Married-spouse-absent,Machine-op-inspct,Not-in-family,White,Male,-8.102679,2269.4895,49.93683,United-States,<=50K
52.728073,Private,193422.75,5th-6th,3.0193157,Married-civ-spouse,Craft-repair,Husband,White,Male,39.24766,-0.42564502,44.843895,Italy,<=50K
49.891693,Private,68306.984,5th-6th,3.0285091,Married-civ-spouse,Machine-op-inspct,Wife,Asian-Pac-Islander,Female,58.58006,0.30612835,34.934982,Philippines,<=50K
31.834759,Private,114358.99,11th,6.974746,Married-civ-spouse,Other-service,Wife,White,Female,39.757915,0.044798706,59.79402,United-States,<=50K
45.60251,Self-emp-not-inc,22093.902,10th,5.951853,Married-civ-spouse,Farming-fishing,Husband,White,Male,54.421246,2.2536838,98.29907,United-States,>50K
31.067919,Private,53080.277,Some-college,9.9914255,Married-civ-spouse,Machine-op-inspct,Husband,Black,Male,-4.00307,-0.0892345,40.00236,Trinadad&Tobago,<=50K
23.998991,Self-emp-inc,145221.08,Assoc-acdm,12.035176,Never-married,Sales,Not-in-family,White,Male,21.646587,-0.27827564,69.90717,United-States,<=50K
68.042984,Private,165854.06,HS-grad,8.993857,Widowed,Adm-clerical,Not-in-family,White,Female,17.226421,2215.8176,29.996178,United-States,<=50K
29.624012,Self-emp-inc,122786.84,HS-grad,9.009344,Divorced,Exec-managerial,Not-in-family,White,Male,4641.822,0.04613385,39.962933,United-States,<=50K
35.14832,Private,973252.56,HS-grad,8.942006,Married-civ-spouse,Exec-managerial,Wife,White,Female,36.962994,-2.3482678,39.975315,United-States,>50K
28.18247,Private,582027.06,Assoc-voc,10.972345,Married-civ-spouse,Other-service,Husband,White,Male,17.40855,-0.74485123,40.023426,United-States,>50K
30.740904,Local-gov,205782.86,Bachelors,13.008003,Never-married,Protective-serv,Not-in-family,White,Male,-13.294818,1876.497,39.9949,United-States,<=50K
35.049076,Private,326671.84,Assoc-acdm,12.016581,Married-civ-spouse,Prof-specialty,Other-relative,White,Male,26.192486,-0.25118366,39.973885,United-States,>50K
49.142075,Local-gov,125234.445,HS-grad,8.995503,Married-civ-spouse,Other-service,Other-relative,White,Male,32.837017,-0.08409229,39.988323,Italy,<=50K
61.981007,Local-gov,202504.77,7th-8th,3.987474,Married-civ-spouse,Craft-repair,Husband,White,Male,2848.509,-0.14256397,39.945023,United-States,<=50K
45.027832,Local-gov,154135.52,Masters,14.012435,Married-civ-spouse,Prof-specialty,Husband,Black,Male,-14.962787,-0.12391773,9.912037,United-States,>50K
47.219048,Private,179787.8,HS-grad,8.94471,Married-civ-spouse,Adm-clerical,Wife,White,Female,39.994488,0.16626629,39.967724,Hungary,<=50K
35.863037,Self-emp-not-inc,343456.9,Doctorate,16.048815,Never-married,Prof-specialty,Not-in-family,White,Male,40.781597,0.62175643,29.958313,?,>50K
39.057823,Private,98007.414,Bachelors,13.013023,Married-civ-spouse,Handlers-cleaners,Wife,White,Female,30.237896,-0.021348145,39.96541,Poland,>50K
28.841133,Local-gov,378124.47,Assoc-voc,11.007461,Married-civ-spouse,Tech-support,Wife,White,Female,46.27403,0.19830975,35.08768,Nicaragua,>50K
64.12851,Without-pay,208641.23,HS-grad,9.009931,Married-civ-spouse,Handlers-cleaners,Husband,White,Male,-15.6551695,-0.03022113,59.923756,United-States,>50K
49.169106,State-gov,30781.73,Bachelors,13.022628,Married-civ-spouse,Prof-specialty,Other-relative,White,Female,26.231792,-0.24427906,45.04685,United-States,<=50K
46.983143,Self-emp-not-inc,179986.22,Some-college,10.003962,Married-civ-spouse,Tech-support,Husband,Black,Male,-11.683978,-0.47001758,40.030003,United-States,>50K
51.97405,Local-gov,146349.22,Assoc-acdm,12.025048,Divorced,Other-service,Not-in-family,White,Female,4811.9,0.3098286,30.146032,United-States,<=50K
68.004395,Private,257393.1,HS-grad,8.992431,Married-civ-spouse,Machine-op-inspct,Husband,Black,Male,-19.305317,-0.2208263,39.976616,United-States,>50K
54.017284,Private,187407.27,Bachelors,13.007461,Divorced,Sales,Not-in-family,White,Female,13.201276,1409.2896,38.016457,United-States,<=50K
43.903965,Private,300360.9,11th,6.9775653,Married-civ-spouse,Adm-clerical,Husband,White,Male,19.108013,-0.51479447,39.99842,United-States,>50K
52.03109,Self-emp-inc,168438.2,Bachelors,13.011579,Never-married,Exec-managerial,Not-in-family,White,Male,-5.0506773,-0.024392273,39.98248,United-States,<=50K
59.159527,Self-emp-not-inc,187157.06,Bachelors,13.0095625,Widowed,Prof-specialty,Not-in-family,White,Female,7.197858,-0.34314838,50.106846,United-States,>50K
29.861542,Private,414314.22,HS-grad,8.986885,Married-civ-spouse,Craft-repair,Husband,Other,Male,20.54234,-0.43473926,32.05221,United-States,<=50K
60.204327,Private,127017.164,Assoc-voc,11.005997,Widowed,Machine-op-inspct,Not-in-family,White,Female,39.96153,0.3581837,45.077106,Poland,<=50K
44.708008,Self-emp-inc,154138.69,5th-6th,3.025003,Married-civ-spouse,Craft-repair,Husband,White,Male,44.751568,-0.34632984,39.92853,?,>50K
35.857716,Private,171784.47,Prof-school,15.021016,Never-married,Prof-specialty,Not-in-family,Other,Male,29.516216,0.53935134,39.944,India,>50K
69.178055,Private,231757.66,Some-college,9.994312,Married-civ-spouse,Adm-clerical,Husband,White,Male,-14.964007,0.0647572,14.989288,France,>50K
25.104395,State-gov,180163.75,Some-college,9.995938,Married-civ-spouse,Adm-clerical,Wife,Black,Female,21.877544,-0.44773212,40.01149,United-States,<=50K
58.01893,Self-emp-not-inc,359704.97,Assoc-acdm,11.99052,Married-civ-spouse,Sales,Husband,White,Male,-20.23183,-0.5525981,24.950008,United-States,>50K
41.16462,?,28738.668,Assoc-voc,11.003511,Married-civ-spouse,?,Husband,White,Male,-37.5768,2426.9016,12.212872,United-States,>50K
45.94263,Self-emp-not-inc,175600.81,HS-grad,8.994945,Married-civ-spouse,Sales,Own-child,White,Female,7369.335,-0.3121349,39.996063,United-States,>50K
47.08706,Federal-gov,55855.668,Bachelors,13.006652,Never-married,Adm-clerical,Unmarried,Black,Male,-15.816546,-0.42334095,40.020317,United-States,>50K
48.05444,Private,370550.88,Some-college,10.008328,Divorced,Exec-managerial,Not-in-family,White,Female,25.367779,-0.20891681,59.91578,United-States,<=50K
50.94328,Self-emp-inc,98399.82,HS-grad,8.970499,Married-spouse-absent,Exec-managerial,Not-in-family,White,Male,19.177837,-0.8813335,98.303314,United-States,>50K
62.07416,Self-emp-not-inc,134366.14,12th,7.9769344,Married-civ-spouse,Craft-repair,Husband,White,Male,-6.284808,-0.37239948,40.01533,United-States,>50K
35.67734,Private,79702.266,5th-6th,3.0283046,Married-civ-spouse,Machine-op-inspct,Husband,White,Male,7337.428,0.64833724,39.876297,Mexico,>50K
56.024048,Self-emp-not-inc,189266.0,Assoc-voc,11.021063,Married-spouse-absent,Sales,Not-in-family,White,Male,6.5511293,-0.0057994393,45.959282,United-States,<=50K
38.905155,Private,148004.88,HS-grad,9.0061865,Divorced,Sales,Not-in-family,White,Female,4734.1895,0.3719395,50.01635,United-States,>50K
27.955893,Local-gov,157412.2,Bachelors,13.010678,Never-married,Protective-serv,Not-in-family,White,Female,4662.2886,0.2399815,47.97201,United-States,<=50K
42.006535,Private,335992.9,12th,7.973604,Married-civ-spouse,Craft-repair,Husband,Black,Male,25.428326,-1.3599101,59.855587,?,>50K
44.869015,Private,330368.75,HS-grad,9.00367,Never-married,Adm-clerical,Not-in-family,White,Male,3449.7285,-0.17772785,39.957783,United-States,<=50K
37.999176,Private,351947.16,Masters,14.010026,Never-married,Adm-clerical,Not-in-family,White,Female,11.524274,-0.09480396,50.070496,Italy,>50K
25.090689,State-gov,76774.016,Bachelors,13.012137,Never-married,Exec-managerial,Not-in-family,White,Female,19.689068,2452.0195,39.986378,United-States,>50K
64.332085,Private,45558.87,Bachelors,13.01924,Divorced,Exec-managerial,Not-in-family,White,Female,6.1246157,-0.1435329,50.107033,United-States,<=50K
65.22119,Private,104125.586,Some-college,10.001984,Widowed,Adm-clerical,Not-in-family,White,Female,2230.4622,-0.3199779,39.9572,United-States,<=50K
60.139927,Local-gov,256557.03,Bachelors,13.000127,Widowed,Prof-specialty,Unmarried,White,Female,8.109723,-0.49941364,60.00713,United-States,>50K
35.177624,Private,247480.39,Bachelors,13.007999,Married-spouse-absent,Craft-repair,Unmarried,White,Male,0.46787733,-0.48394886,40.021713,United-States,<=50K
49.86013,Private,92819.984,7th-8th,4.012609,Married-civ-spouse,Transport-moving,Husband,White,Male,29.006695,1585.3627,64.783035,Canada,<=50K
39.952866,Private,197677.61,Masters,14.025733,Divorced,Exec-managerial,Not-in-family,White,Female,65.11388,-0.9096767,49.99651,England,>50K
42.101288,Private,139186.67,Assoc-voc,10.947528,Married-civ-spouse,Prof-specialty,Husband,Asian-Pac-Islander,Male,49.690044,-0.8745967,39.988483,Vietnam,>50K
70.96477,?,178213.12,Bachelors,13.00228,Married-civ-spouse,?,Husband,White,Male,-43.226948,0.24640545,9.877209,United-States,>50K
56.998795,Private,41096.2,HS-grad,8.993713,Married-civ-spouse,Craft-repair,Husband,Asian-Pac-Islander,Male,15.664899,-0.04045215,39.967335,South,>50K
67.12441,?,151418.73,Doctorate,16.030191,Married-civ-spouse,?,Husband,White,Male,-37.958393,0.14307293,19.79586,Canada,>50K
47.090755,Private,262408.8,Bachelors,13.006909,Never-married,Sales,Not-in-family,Black,Male,11.97569,-0.30420032,60.052513,United-States,>50K
44.85951,Self-emp-not-inc,247001.38,Masters,14.027343,Divorced,Craft-repair,Not-in-family,White,Male,-2.3067808,0.13645062,39.963947,United-States,<=50K
33.17795,Private,246494.58,Bachelors,12.987672,Married-civ-spouse,Protective-serv,Husband,Black,Male,16.081646,-1.5160304,39.968914,England,<=50K
58.89672,Self-emp-not-inc,67581.586,7th-8th,3.9750156,Married-civ-spouse,Sales,Husband,White,Male,29.45982,-0.44119373,85.64123,United-States,<=50K
35.978336,Private,65708.03,Assoc-acdm,12.000382,Married-civ-spouse,Sales,Wife,White,Female,11.061627,-0.0010844737,14.967266,United-States,<=50K
58.042614,Local-gov,53325.37,Masters,14.026613,Never-married,Prof-specialty,Not-in-family,White,Male,-5.6429625,0.62596786,34.927036,United-States,<=50K
31.774038,Private,304082.1,Doctorate,16.045631,Divorced,Prof-specialty,Not-in-family,White,Male,31.110699,0.43206677,39.95028,United-States,>50K
25.231018,Private,28977.45,Assoc-voc,11.022682,Married-civ-spouse,Craft-repair,Husband,White,Male,5.767682,-0.12658802,40.000607,United-States,<=50K
60.004925,State-gov,136344.17,Some-college,10.007246,Married-civ-spouse,Transport-moving,Husband,White,Male,-5.299945,-0.62458146,40.01886,United-States,<=50K
35.782593,Private,200667.08,11th,7.009873,Never-married,Protective-serv,Not-in-family,Black,Male,13557.827,0.048323486,39.95108,United-States,>50K
56.841427,Self-emp-not-inc,77533.06,HS-grad,9.011418,Married-civ-spouse,Farming-fishing,Husband,Asian-Pac-Islander,Male,8.978864,0.026495788,39.967335,United-States,<=50K
24.010712,Private,235403.27,Bachelors,13.016542,Never-married,Tech-support,Not-in-family,White,Male,22.263042,-0.36136737,49.845825,Taiwan,<=50K
28.81906,Private,196795.38,HS-grad,8.98907,Married-civ-spouse,Handlers-cleaners,Wife,White,Female,45.77232,-0.1674358,39.943073,Mexico,>50K
39.022118,Private,163138.19,HS-grad,8.999462,Married-civ-spouse,Sales,Husband,Asian-Pac-Islander,Male,36.845562,-0.051423218,25.930977,?,<=50K
19.253239,Private,187990.77,HS-grad,9.000015,Never-married,Other-service,Own-child,White,Female,34707.367,-0.069482,19.951582,United-States,<=50K
25.14618,Private,320611.8,Bachelors,13.007882,Never-married,Exec-managerial,Not-in-family,White,Male,4233.2266,-0.22255817,34.94426,United-States,<=50K
40.033974,Private,172351.42,Some-college,10.012818,Married-civ-spouse,Tech-support,Own-child,White,Female,8.792584,1893.695,40.00905,United-States,>50K
36.79497,Local-gov,183538.2,Doctorate,16.044832,Divorced,Prof-specialty,Not-in-family,White,Female,33.57432,0.6019429,39.96594,United-States,>50K
29.966944,Self-emp-inc,440037.16,Assoc-voc,10.983269,Married-civ-spouse,Sales,Husband,White,Male,6.5565004,-0.49014392,34.986378,United-States,<=50K
52.011227,?,244022.3,HS-grad,8.98885,Married-civ-spouse,?,Husband,White,Male,-5.452533,-0.24459186,34.98672,United-States,<=50K
40.17487,Self-emp-inc,140626.95,Bachelors,13.002703,Married-civ-spouse,Tech-support,Husband,Other,Male,-3.7298765,0.21209607,40.021168,France,>50K
50.948383,Private,256174.1,11th,6.9893856,Married-civ-spouse,Transport-moving,Husband,Black,Male,12.794538,1631.89,40.021923,United-States,<=50K
34.885437,Private,261130.78,HS-grad,9.033691,Divorced,Transport-moving,Not-in-family,White,Male,34.80772,1747.766,59.903507,United-States,<=50K
59.95467,Self-emp-not-inc,35367.027,9th,5.005034,Married-civ-spouse,Transport-moving,Husband,White,Male,10.988629,-0.44033924,69.70034,United-States,<=50K
36.85512,Private,280653.0,HS-grad,8.998154,Married-civ-spouse,Craft-repair,Wife,Asian-Pac-Islander,Female,47.092144,0.099440426,39.986774,China,>50K
20.068485,Private,114201.77,11th,6.995953,Married-civ-spouse,Handlers-cleaners,Husband,White,Male,28.193218,1582.8226,39.985126,United-States,<=50K
64.20694,Local-gov,188709.69,Some-college,10.012892,Widowed,Exec-managerial,Not-in-family,White,Male,13.206891,-0.27208057,50.008972,United-States,<=50K
50.993748,Private,75318.09,Masters,14.025511,Divorced,Prof-specialty,Unmarried,Other,Male,4782.0874,-0.23140064,34.935085,Mexico,>50K
53.979267,Local-gov,181934.77,HS-grad,8.991644,Married-civ-spouse,Other-service,Wife,White,Female,26.664898,-0.060662415,35.000248,United-States,<=50K
45.035484,Private,337193.2,Some-college,9.969476,Married-civ-spouse,Craft-repair,Husband,Asian-Pac-Islander,Male,33.175884,-1.5671169,40.02501,Vietnam,<=50K
22.935339,Private,398468.2,HS-grad,9.025535,Divorced,Sales,Not-in-family,White,Male,46.663433,-0.49890247,95.99435,United-States,<=50K
35.921276,Private,223337.78,Assoc-acdm,12.015522,Never-married,Prof-specialty,Not-in-family,White,Male,1.7855043,1679.1423,44.913513,United-States,<=50K
29.951437,Private,289074.06,12th,7.9826446,Married-civ-spouse,Craft-repair,Husband,White,Male,4096.6724,-0.700822,40.025803,Dominican-Republic,<=50K
66.99301,Private,100019.67,HS-grad,8.993753,Married-civ-spouse,Handlers-cleaners,Husband,White,Male,3.331891,-0.20851246,30.053879,United-States,<=50K
42.90679,Private,117107.99,Masters,14.020361,Never-married,Adm-clerical,Not-in-family,White,Male,-1.2660093,0.45835766,39.956585,United-States,<=50K
26.980854,Private,38649.715,Bachelors,13.01297,Never-married,Sales,Not-in-family,White,Male,13.480817,1511.3381,44.925076,United-States,<=50K
29.83101,Private,430354.34,Assoc-voc,11.004597,Married-civ-spouse,Tech-support,Other-relative,White,Female,47.430523,-0.49862018,39.967026,Canada,>50K
43.966835,Self-emp-not-inc,184535.77,Bachelors,13.0142,Divorced,Exec-managerial,Not-in-family,White,Female,3404.3303,-0.2407848,39.993206,United-States,<=50K
48.10451,Private,174219.42,HS-grad,9.005196,Divorced,Exec-managerial,Not-in-family,White,Female,30.001324,2268.4229,39.961784,United-States,>50K
31.075386,Private,183308.36,Some-college,9.993636,Married-civ-spouse,Exec-managerial,Husband,White,Male,30.475689,-0.39710346,50.04302,Jamaica,>50K
40.986835,State-gov,221797.89,Assoc-acdm,12.025492,Married-civ-spouse,Protective-serv,Husband,White,Male,-27.520893,-0.33720508,40.002895,United-States,<=50K
57.93504,State-gov,138601.38,HS-grad,9.007411,Never-married,Adm-clerical,Not-in-family,White,Male,3.3694887,1758.044,39.95131,United-States,<=50K
24.466146,Private,461645.53,1st-4th,2.068565,Married-civ-spouse,Farming-fishing,Husband,White,Male,95.97496,-0.3128139,96.376,Mexico,<=50K
23.306755,State-gov,56081.465,Some-college,9.995083,Married-civ-spouse,Prof-specialty,Husband,White,Male,14.804059,-0.2647182,30.054953,United-States,<=50K
50.01569,Private,84139.65,Assoc-voc,11.038604,Divorced,Prof-specialty,Not-in-family,Asian-Pac-Islander,Male,33.40269,0.30732617,38.108185,United-States,>50K
29.054445,Private,369466.94,Some-college,10.002344,Married-civ-spouse,Handlers-cleaners,Husband,White,Male,29.219341,-0.44852558,40.004025,?,>50K
33.123043,Self-emp-not-inc,189144.58,Masters,14.00648,Never-married,Exec-managerial,Not-in-family,Black,Female,-0.99476916,-0.2372295,69.99698,United-States,>50K
59.12388,Private,47314.652,Masters,14.026844,Divorced,Exec-managerial,Not-in-family,White,Female,-2.3890562,0.2823628,44.986053,United-States,>50K
42.015038,Private,32821.84,Doctorate,16.027304,Married-spouse-absent,Prof-specialty,Unmarried,Amer-Indian-Eskimo,Female,51.734722,-0.101800114,39.946545,United-States,<=50K
48.067284,Self-emp-not-inc,47606.246,Bachelors,13.02155,Divorced,Sales,Not-in-family,White,Male,17.33775,-0.1459209,59.956036,United-States,<=50K
28.888617,Federal-gov,156088.94,HS-grad,9.0135355,Married-civ-spouse,Tech-support,Husband,White,Male,-21.07314,-0.4136211,39.9861,United-States,>50K
30.95483,Private,184244.44,HS-grad,8.994158,Married-civ-spouse,Adm-clerical,Wife,White,Female,31.882671,-0.20723835,39.948517,?,>50K
27.120173,Private,188421.97,Masters,14.012844,Never-married,Prof-specialty,Not-in-family,White,Female,18.997662,1501.6324,44.99645,United-States,<=50K
29.655811,Private,192857.06,Some-college,10.014831,Divorced,Machine-op-inspct,Not-in-family,White,Male,11.530133,1628.2372,39.95807,United-States,<=50K
34.00021,Private,155881.5,Bachelors,13.013101,Divorced,Exec-managerial,Not-in-family,White,Male,26.53062,-0.08718982,86.110596,England,>50K
60.09931,State-gov,358411.44,Bachelors,13.010109,Divorced,Prof-specialty,Not-in-family,White,Female,5.3936586,2343.1304,39.97778,United-States,<=50K
44.010433,Local-gov,228355.81,Some-college,10.001933,Married-civ-spouse,Handlers-cleaners,Husband,Black,Male,6.2005434,-0.6339046,40.034184,United-States,<=50K
51.022854,Self-emp-not-inc,317990.9,Assoc-acdm,11.986566,Married-civ-spouse,Prof-specialty,Wife,White,Female,-6.1585875,-0.63870347,29.96725,Canada,>50K
41.920486,Self-emp-not-inc,344162.5,Some-college,10.004262,Married-civ-spouse,Farming-fishing,Wife,White,Female,21.01353,-0.25641742,50.036613,United-States,<=50K
49.024437,Private,49158.06,Some-college,10.011913,Divorced,Machine-op-inspct,Not-in-family,White,Male,3365.149,0.06381878,44.915047,United-States,<=50K
64.18507,State-gov,112767.39,9th,5.0016775,Married-civ-spouse,Craft-repair,Husband,White,Male,18.474712,-0.38800922,39.931732,United-States,<=50K
34.08575,Private,319901.84,Doctorate,16.035648,Never-married,Prof-specialty,Not-in-family,White,Male,69.53758,-0.42513385,39.888218,Taiwan,>50K
44.942516,?,51146.76,Some-college,9.9855995,Married-civ-spouse,?,Wife,Black,Female,2.9451723,-0.39815632,39.97287,United-States,<=50K
41.97367,Private,187526.42,Some-college,9.999914,Separated,Prof-specialty,Not-in-family,White,Male,20.821148,2240.1948,50.019318,Canada,>50K
31.956554,Private,191444.08,11th,6.97246,Married-civ-spouse,Exec-managerial,Husband,White,Male,25.649761,-0.2841579,54.801846,United-States,<=50K
66.08518,Federal-gov,39299.574,Assoc-voc,10.995597,Widowed,Other-service,Unmarried,Black,Female,3252.013,-0.6430522,39.970585,United-States,<=50K
38.90357,Local-gov,84545.81,HS-grad,9.0184555,Divorced,Craft-repair,Not-in-family,White,Male,11.230573,1882.7748,39.96241,United-States,<=50K
43.013424,Private,27729.402,Bachelors,13.013034,Separated,Exec-managerial,Unmarried,White,Male,6.2335024,-0.46817127,60.04597,United-States,>50K
36.083042,Self-emp-not-inc,160257.56,Bachelors,12.992635,Married-civ-spouse,Sales,Husband,Other,Male,22.369488,-0.5532237,45.031677,?,<=50K
32.021305,Private,269288.72,Bachelors,13.012897,Married-civ-spouse,Adm-clerical,Other-relative,White,Male,30.445171,-0.6773387,40.02251,Philippines,>50K
45.00336,Private,206702.89,Doctorate,16.047401,Separated,Exec-managerial,Unmarried,White,Male,17.296734,0.1973103,39.9769,United-States,>50K
67.94643,Private,533506.56,Some-college,9.985181,Married-civ-spouse,Adm-clerical,Husband,White,Male,-36.69765,1848.2174,10.007462,United-States,<=50K
26.014833,Private,181093.22,Some-college,10.010249,Married-civ-spouse,Tech-support,Husband,White,Male,4.8895082,-0.59233963,39.997246,United-States,<=50K
78.143715,?,31154.98,7th-8th,3.9815888,Married-civ-spouse,?,Husband,White,Male,24.830914,0.12882885,59.627857,United-States,<=50K
50.05512,Private,99320.07,Bachelors,13.017822,Divorced,Exec-managerial,Unmarried,White,Male,8.056989,-0.37137714,45.02173,United-States,>50K
45.907955,Self-emp-not-inc,27959.605,Bachelors,13.024027,Married-civ-spouse,Farming-fishing,Husband,White,Male,-3.1737242,-0.33481708,39.99637,United-States,>50K
52.85979,Federal-gov,177317.66,HS-grad,9.0117655,Married-civ-spouse,Tech-support,Husband,White,Male,-22.09267,-0.067002445,39.976257,France,>50K
66.07505,Self-emp-not-inc,52433.06,Bachelors,13.003529,Married-civ-spouse,Sales,Husband,White,Male,-22.356098,-0.59117997,19.92582,United-States,<=50K
48.13219,Private,324118.62,Bachelors,13.011203,Never-married,Prof-specialty,Not-in-family,White,Male,11.119977,-0.00528827,39.961884,United-States,<=50K
53.06649,Private,290158.25,HS-grad,8.994145,Married-civ-spouse,Other-service,Husband,White,Male,26.975689,-0.44030872,50.064568,Germany,>50K
34.080772,Self-emp-not-inc,152172.08,HS-grad,9.01177,Married-civ-spouse,Transport-moving,Husband,White,Male,5.6019106,-0.44747272,59.891666,United-States,<=50K
49.189995,Federal-gov,362154.97,Assoc-voc,11.012697,Married-civ-spouse,Adm-clerical,Husband,White,Male,-43.584858,-0.07686725,9.02586,United-States,>50K
48.225742,State-gov,354714.6,Assoc-voc,10.989294,Married-civ-spouse,Exec-managerial,Husband,White,Male,0.25645155,-0.74218094,14.932558,Germany,>50K
58.099228,Private,118274.5,Assoc-voc,11.0329485,Divorced,Adm-clerical,Not-in-family,White,Female,22.875347,-0.020043518,60.014084,United-States,<=50K
52.100685,Self-emp-not-inc,181688.8,HS-grad,8.992092,Married-civ-spouse,Transport-moving,Husband,Black,Male,18.407085,-0.51416886,40.036106,Haiti,>50K
45.92918,Local-gov,349704.2,Bachelors,13.019112,Divorced,Craft-repair,Not-in-family,White,Male,9.598737,0.13366589,39.98868,United-States,<=50K
26.394089,Private,173791.17,Masters,14.005434,Married-civ-spouse,Machine-op-inspct,Husband,White,Male,-22.05312,0.25445446,19.842579,Canada,<=50K
55.11462,Self-emp-not-inc,53232.59,Doctorate,16.044157,Divorced,Exec-managerial,Not-in-family,White,Female,5.422467,0.63130844,30.034248,United-States,<=50K
64.08113,Private,169061.47,5th-6th,3.0200658,Married-civ-spouse,Machine-op-inspct,Husband,White,Male,1983.885,-0.4786922,39.885384,United-States,<=50K
41.00703,Private,200038.2,Bachelors,13.020558,Divorced,Transport-moving,Own-child,Black,Male,6610.0635,-0.2879726,40.021034,United-States,<=50K
45.939873,Federal-gov,44746.09,Bachelors,13.014976,Divorced,Prof-specialty,Unmarried,White,Female,-10.053363,-0.20948139,50.116207,United-States,>50K
66.04692,State-gov,33269.652,HS-grad,8.997194,Married-civ-spouse,Exec-managerial,Husband,White,Male,-9.57973,-0.5964366,44.938602,United-States,>50K
59.052998,Private,395057.94,HS-grad,8.99888,Married-civ-spouse,Handlers-cleaners,Husband,White,Male,9.583112,-0.48610798,39.999706,United-States,>50K
35.051464,State-gov,190201.56,HS-grad,9.003771,Married-civ-spouse,Craft-repair,Husband,White,Male,4.0115786,-0.26369587,39.99675,United-States,<=50K
27.208282,Private,268486.06,Bachelors,12.999641,Married-civ-spouse,Sales,Husband,White,Male,16.068707,-0.5334941,24.794973,?,<=50K
44.871723,Private,222488.27,9th,5.0169964,Married-civ-spouse,Other-service,Husband,White,Male,36.552593,1850.7917,39.962963,United-States,>50K
64.12674,State-gov,552038.8,10th,5.994292,Married-civ-spouse,Exec-managerial,Husband,White,Male,-2.5955992,-0.17298236,39.99018,United-States,>50K
38.929665,Private,368554.28,HS-grad,9.013418,Divorced,Exec-managerial,Not-in-family,White,Male,22.374615,-0.6149684,80.86217,United-States,<=50K
26.012657,Private,108365.08,Some-college,9.993577,Married-civ-spouse,Sales,Husband,White,Male,23.665142,-0.4348003,50.04888,Germany,<=50K
25.869463,Private,76526.93,Some-college,10.016984,Married-AF-spouse,Protective-serv,Husband,White,Male,13.204938,-0.074311405,39.968666,United-States,<=50K
36.09299,State-gov,211512.98,Bachelors,13.002371,Married-civ-spouse,Adm-clerical,Wife,White,Female,9.828961,-0.27005878,19.898407,United-States,>50K
49.880806,?,174913.05,10th,5.942957,Married-civ-spouse,?,Husband,White,Male,-3.6883726,-0.41745868,98.14734,United-States,<=50K
30.987814,Local-gov,47256.277,Bachelors,13.006339,Married-civ-spouse,Other-service,Husband,White,Male,-5.6642027,-0.20922962,38.130768,United-States,>50K
31.944536,Private,207447.4,Assoc-voc,11.009958,Married-civ-spouse,Tech-support,Wife,White,Female,17.050152,0.12632641,23.874334,United-States,>50K
54.86865,Private,288730.28,HS-grad,9.014177,Divorced,Craft-repair,Not-in-family,White,Male,4743.501,-0.027093079,39.95557,United-States,>50K
36.98613,Private,202010.14,Bachelors,13.00987,Widowed,Exec-managerial,Not-in-family,White,Female,19.38853,-0.35414997,54.98665,United-States,<=50K
24.10356,Federal-gov,43506.105,Bachelors,13.024149,Never-married,Prof-specialty,Not-in-family,Asian-Pac-Islander,Male,6.8289614,-0.1659328,39.96134,United-States,<=50K
59.2039,Private,175447.95,Some-college,9.959838,Married-civ-spouse,Adm-clerical,Wife,White,Female,33.365337,-0.4258434,13.708715,Cuba,>50K
63.081738,Private,63697.863,Bachelors,13.0236225,Never-married,Tech-support,Not-in-family,White,Male,-0.40712267,0.002837035,39.9354,United-States,>50K
60.96982,Federal-gov,512257.22,Some-college,9.992467,Married-civ-spouse,Transport-moving,Husband,Black,Male,-34.01723,-0.40423694,40.057007,United-States,<=50K
61.08958,Self-emp-not-inc,126700.99,HS-grad,8.995759,Married-civ-spouse,Craft-repair,Husband,White,Male,-0.39442736,-0.59296525,40.01699,Germany,<=50K
60.105476,Private,771995.1,Bachelors,12.99175,Married-civ-spouse,Other-service,Husband,White,Male,-11.455462,-1.4677287,24.848444,United-States,<=50K
58.96347,Private,104502.89,7th-8th,3.94797,Married-civ-spouse,Other-service,Wife,White,Female,53.072124,-0.5074855,98.31857,United-States,<=50K
25.10671,Private,141906.22,Masters,14.0210495,Never-married,Prof-specialty,Unmarried,White,Male,24.515728,-0.2611095,44.976517,?,<=50K
34.897312,?,96275.83,Prof-school,15.055779,Never-married,?,Not-in-family,Asian-Pac-Islander,Male,4755.699,0.5564641,45.075825,Japan,>50K
59.105103,Private,131508.44,HS-grad,8.988872,Married-civ-spouse,Machine-op-inspct,Wife,White,Female,-0.69252306,0.36793408,39.948296,Italy,>50K
72.900604,Self-emp-not-inc,252867.12,Some-college,10.002461,Married-civ-spouse,Prof-specialty,Wife,White,Female,2.4349184,-0.30434528,1.8474389,United-States,<=50K
40.942093,Self-emp-inc,239734.64,11th,6.9759274,Married-civ-spouse,Exec-managerial,Husband,White,Male,12.894635,-0.1978313,40.00543,United-States,<=50K
58.003098,Private,158263.02,HS-grad,9.006035,Widowed,Exec-managerial,Not-in-family,White,Male,23.603863,-0.181451,54.853924,United-States,>50K
46.090797,Federal-gov,308426.88,Prof-school,15.01455,Separated,Prof-specialty,Unmarried,White,Female,20.758404,-1.15722,39.960697,Germany,>50K
71.903206,Private,74153.27,HS-grad,8.989125,Married-civ-spouse,Sales,Wife,White,Female,9.55235,-0.09855762,17.069412,United-States,<=50K
46.828163,Self-emp-not-inc,189235.83,5th-6th,3.0761747,Married-civ-spouse,Sales,Husband,White,Male,39.327496,2187.0186,49.78048,Mexico,<=50K
62.216373,Self-emp-not-inc,115975.38,Doctorate,16.035406,Widowed,Exec-managerial,Not-in-family,White,Female,5.161481,0.34931073,39.964165,United-States,>50K
31.889809,Private,52245.418,Bachelors,13.026874,Divorced,Craft-repair,Not-in-family,White,Male,25.688335,-0.041360047,50.02474,United-States,>50K
51.87071,Local-gov,187068.8,HS-grad,9.018525,Divorced,Tech-support,Unmarried,White,Male,4899.704,0.22312054,36.066055,United-States,>50K
34.137756,Private,418895.94,HS-grad,8.996035,Married-civ-spouse,Craft-repair,Husband,Black,Male,7.106305,-0.5385295,40.019344,United-States,<=50K
24.848307,Private,70750.18,11th,6.9813957,Married-civ-spouse,Craft-repair,Husband,Asian-Pac-Islander,Male,43.300396,-0.3438045,39.9873,Philippines,>50K
72.03694,Private,71945.81,9th,5.011734,Married-civ-spouse,Exec-managerial,Wife,Asian-Pac-Islander,Female,20.42686,0.17272076,47.87502,United-States,>50K
31.941067,Private,20163.152,HS-grad,8.987932,Married-civ-spouse,Sales,Wife,White,Female,26.102154,0.12877545,39.94766,United-States,<=50K
33.016777,Private,100671.77,Prof-school,15.024845,Never-married,Prof-specialty,Not-in-family,White,Female,21.244244,0.07558331,50.056225,United-States,>50K
32.941387,State-gov,207614.52,Some-college,10.003263,Separated,Prof-specialty,Not-in-family,White,Male,10561.798,-0.045914795,39.972115,United-States,>50K
39.951103,Private,167332.39,Assoc-acdm,12.035926,Divorced,Prof-specialty,Not-in-family,White,Male,18.400494,0.28768048,50.013924,United-States,<=50K
33.988945,Private,116132.83,Some-college,10.004072,Married-civ-spouse,Farming-fishing,Husband,White,Male,28.592388,-0.37442127,53.80508,Mexico,<=50K
55.01991,Federal-gov,299861.3,Bachelors,13.001927,Married-spouse-absent,Exec-managerial,Not-in-family,Black,Male,-27.037006,-0.44577137,40.02289,United-States,>50K
65.27974,Private,281246.72,Masters,14.021052,Married-civ-spouse,Adm-clerical,Other-relative,White,Female,1.9795961,-0.38812366,39.96356,United-States,>50K
48.00122,Self-emp-not-inc,375083.84,Some-college,10.007664,Divorced,Sales,Unmarried,White,Male,22.775494,-0.0044108895,64.95149,United-States,>50K
39.05511,Self-emp-not-inc,330479.34,Bachelors,13.011844,Divorced,Craft-repair,Not-in-family,Black,Male,10.718366,1667.0758,59.940315,?,<=50K
42.99613,Self-emp-not-inc,95094.48,Prof-school,15.022292,Married-civ-spouse,Prof-specialty,Wife,White,Female,-3.3971128,-0.23700061,4.9965286,United-States,>50K
37.913982,Private,42825.715,Some-college,10.004607,Separated,Other-service,Not-in-family,White,Female,4712.0073,-0.26656452,72.34087,United-States,<=50K
55.032417,Private,217161.23,Some-college,9.986222,Married-civ-spouse,Adm-clerical,Husband,Black,Male,-9.112933,-0.7186748,24.911755,United-States,<=50K
44.96236,Private,387237.25,Bachelors,13.009216,Divorced,Exec-managerial,Own-child,White,Male,4.4502993,1410.7189,40.02012,United-States,<=50K
43.978848,Private,106213.28,Bachelors,13.007747,Never-married,Adm-clerical,Not-in-family,White,Female,19.880474,-0.51021683,70.107086,United-States,<=50K
26.954605,Self-emp-not-inc,206250.66,Some-college,10.015511,Married-civ-spouse,Farming-fishing,Husband,White,Male,9.949323,-0.47103992,50.024437,United-States,<=50K
45.827938,Self-emp-inc,160531.47,9th,5.012609,Married-civ-spouse,Adm-clerical,Wife,White,Female,34.743023,-0.002732423,49.991417,United-States,<=50K
37.010384,State-gov,379198.88,HS-grad,8.997322,Married-civ-spouse,Adm-clerical,Husband,White,Male,1.755475,-0.58879197,40.027256,United-States,<=50K
70.93332,Private,148049.56,Bachelors,13.00937,Divorced,Sales,Not-in-family,White,Female,1.0333071,1903.5715,37.983883,United-States,>50K
46.062714,Private,216289.95,Bachelors,13.012517,Divorced,Adm-clerical,Not-in-family,White,Male,29.304546,0.511237,39.948284,Portugal,<=50K
42.883007,Private,486509.53,9th,5.0329823,Married-civ-spouse,Exec-managerial,Husband,White,Male,38.912457,-0.5292903,39.914772,Mexico,<=50K
30.787949,Private,84848.734,9th,4.9967456,Married-civ-spouse,Exec-managerial,Wife,White,Female,39.45274,0.15811047,39.91151,United-States,<=50K
47.785534,Private,114151.6,5th-6th,2.9831872,Divorced,Exec-managerial,Not-in-family,White,Male,69.43907,-1.4659969,98.34829,United-States,<=50K
53.054146,Private,132851.14,HS-grad,8.981374,Married-civ-spouse,Other-service,Husband,Black,Male,4475.2007,-0.20550647,30.070738,United-States,>50K
47.0271,Local-gov,153656.1,Some-college,10.014321,Divorced,Prof-specialty,Not-in-family,White,Female,29.24107,1875.3235,39.97226,United-States,<=50K
25.15863,Private,169418.11,Bachelors,13.003086,Married-civ-spouse,Exec-managerial,Own-child,White,Female,22.575298,-0.48011127,40.023693,United-States,<=50K
41.935017,Local-gov,267922.8,Masters,14.016758,Separated,Exec-managerial,Unmarried,Black,Male,7.7339907,-0.82811844,45.09368,United-States,>50K
45.01859,Private,195744.86,Assoc-voc,11.003106,Never-married,Prof-specialty,Not-in-family,White,Female,27.09898,1565.9574,39.959953,United-States,>50K
28.066023,Private,403990.38,Assoc-acdm,12.012181,Married-civ-spouse,Tech-support,Husband,White,Male,-8.405658,-0.31508747,44.942924,United-States,>50K
37.7267,Private,174080.52,10th,5.98166,Never-married,Prof-specialty,Not-in-family,White,Male,31.580914,2561.2217,90.46243,United-States,>50K
49.155285,Local-gov,78619.53,Masters,14.015683,Widowed,Prof-specialty,Unmarried,White,Female,7.383649,323.39725,20.015675,United-States,<=50K
64.196594,Self-emp-not-inc,160571.44,HS-grad,8.992015,Married-civ-spouse,Craft-repair,Husband,White,Male,2455.3022,-0.016884949,24.00776,Italy,<=50K
57.852303,Local-gov,310693.4,10th,6.0049205,Married-civ-spouse,Transport-moving,Husband,White,Male,13.161237,-0.25058857,40.000553,United-States,<=50K
35.196934,Federal-gov,109464.38,Bachelors,13.001201,Married-civ-spouse,Prof-specialty,Husband,Asian-Pac-Islander,Male,11.039411,-0.8966304,40.030537,Vietnam,<=50K
27.227531,?,129309.24,Assoc-voc,10.966134,Married-civ-spouse,?,Wife,Amer-Indian-Eskimo,Female,41.69517,0.34226117,39.972427,United-States,>50K
55.934082,Federal-gov,229240.0,HS-grad,9.014299,Divorced,Prof-specialty,Not-in-family,White,Male,11.419049,-0.19103351,39.951225,United-States,<=50K
42.127487,Self-emp-not-inc,307751.06,Bachelors,12.996968,Married-civ-spouse,Prof-specialty,Husband,White,Male,-8.174212,-0.6512462,20.926607,United-States,<=50K
39.05535,Private,206061.02,Some-college,9.966471,Married-civ-spouse,Exec-managerial,Wife,White,Female,30.744488,-0.9659053,34.945454,Puerto-Rico,>50K
58.00163,Private,51433.934,Prof-school,15.030917,Divorced,Tech-support,Unmarried,White,Male,-12.969378,0.004401061,39.968285,United-States,>50K
84.10301,Self-emp-inc,172560.6,Some-college,10.002234,Married-civ-spouse,Sales,Husband,White,Male,-23.813374,-0.16314808,34.92782,United-States,>50K
67.0984,Private,117339.83,Bachelors,13.017804,Divorced,Exec-managerial,Not-in-family,White,Female,-10.765033,2214.2654,5.133667,United-States,<=50K
31.959476,Local-gov,267571.22,Some-college,9.966215,Married-civ-spouse,Protective-serv,Husband,White,Male,9.416364,-0.59015,50.047035,Cuba,<=50K
52.04709,Local-gov,180954.25,HS-grad,9.004194,Married-civ-spouse,Other-service,Wife,Asian-Pac-Islander,Female,36.911724,0.0043476555,39.983826,United-States,>50K
31.070158,State-gov,286133.6,Some-college,9.997236,Married-civ-spouse,Adm-clerical,Husband,White,Male,-0.88588244,-0.6140605,38.100945,United-States,<=50K
30.023067,Federal-gov,355215.8,Bachelors,12.999573,Married-civ-spouse,Adm-clerical,Husband,White,Male,-5.729144,-0.75795853,30.043148,Japan,<=50K
33.996464,Private,34817.59,Bachelors,13.006506,Divorced,Sales,Not-in-family,Amer-Indian-Eskimo,Male,32.3314,1565.8912,60.01602,United-States,>50K
51.90034,Private,233403.16,Some-college,10.020223,Divorced,Transport-moving,Not-in-family,White,Male,13.574811,-0.40873066,84.56098,United-States,<=50K
44.003784,Private,440009.97,HS-grad,8.993614,Married-civ-spouse,Handlers-cleaners,Husband,Black,Male,17.524761,-0.5301448,40.014893,United-States,<=50K
28.959766,Private,48856.73,Assoc-voc,11.022311,Married-civ-spouse,Handlers-cleaners,Husband,White,Male,19.92686,0.014525267,39.99669,United-States,<=50K
76.75109,?,144492.77,Masters,14.008825,Married-civ-spouse,?,Husband,White,Male,-39.36684,-0.14844623,7.9355316,United-States,>50K
82.61465,Self-emp-inc,127937.14,7th-8th,4.002752,Married-civ-spouse,Farming-fishing,Husband,White,Male,32.261333,0.041670654,49.84679,United-States,<=50K
60.014553,Self-emp-not-inc,204012.9,HS-grad,9.007268,Never-married,Exec-managerial,Not-in-family,Black,Male,2.8687563,2573.841,50.015743,United-States,>50K
55.095726,Local-gov,31153.012,Bachelors,13.016131,Widowed,Prof-specialty,Not-in-family,White,Female,18.27769,-0.10774341,39.95254,United-States,>50K
37.951916,Local-gov,37910.76,HS-grad,9.00146,Married-civ-spouse,Protective-serv,Husband,White,Male,-12.551166,-0.26480213,39.980766,United-States,>50K
28.07945,Private,270948.0,Prof-school,15.00789,Married-spouse-absent,Prof-specialty,Not-in-family,White,Female,4.5684633,-0.30642048,65.19866,United-States,<=50K
44.875942,Private,79057.03,Some-college,10.011783,Married-civ-spouse,Craft-repair,Other-relative,Asian-Pac-Islander,Male,39.827984,-0.54401505,39.988834,Philippines,<=50K
53.05389,Private,321205.16,Prof-school,15.024522,Never-married,Adm-clerical,Not-in-family,White,Male,-6.4574156,0.039908264,39.977997,United-States,>50K
31.043686,Private,83143.81,Some-college,9.999356,Married-civ-spouse,Sales,Husband,White,Male,17.23814,-0.31301227,37.9359,?,>50K
37.89873,Self-emp-not-inc,43311.184,11th,6.9704733,Married-civ-spouse,Exec-managerial,Husband,White,Male,2.2122622,1889.5498,44.92175,United-States,>50K
25.21164,Self-emp-not-inc,135994.67,Assoc-acdm,12.007803,Married-civ-spouse,Adm-clerical,Wife,White,Female,8.686383,-0.28270832,34.953014,United-States,>50K
30.690216,Private,211959.75,12th,8.015049,Never-married,Sales,Not-in-family,White,Male,4724.012,0.006964538,49.951046,United-States,<=50K
24.246632,Private,125345.53,HS-grad,8.970575,Married-civ-spouse,Exec-managerial,Wife,Amer-Indian-Eskimo,Female,34.5294,0.11688885,45.055756,United-States,<=50K
71.12331,Private,366023.53,HS-grad,8.992187,Widowed,Exec-managerial,Unmarried,White,Female,6668.346,-0.45012012,42.07762,United-States,>50K
50.969975,Private,55196.76,12th,7.9919944,Married-civ-spouse,Transport-moving,Husband,White,Male,14.264508,-0.41108814,40.011143,United-States,<=50K
27.260763,Private,156894.08,Some-college,9.988342,Married-civ-spouse,Adm-clerical,Wife,Black,Female,11.077985,2380.3547,19.98872,United-States,<=50K
27.737543,Self-emp-not-inc,28501.34,Assoc-voc,11.043361,Never-married,Farming-fishing,Own-child,White,Male,10623.023,0.25646862,44.958523,United-States,>50K
27.013277,Self-emp-not-inc,225665.3,HS-grad,9.004717,Married-civ-spouse,Prof-specialty,Husband,White,Male,14.787213,-0.28137317,50.011597,United-States,>50K
38.00288,Private,232098.94,HS-grad,8.991885,Married-civ-spouse,Sales,Husband,Black,Male,14.29527,-0.35048023,39.998245,United-States,>50K
40.865692,Private,94823.94,HS-grad,9.018316,Never-married,Exec-managerial,Not-in-family,Asian-Pac-Islander,Male,39.236187,-0.118661076,59.862816,United-States,<=50K
45.951015,Private,215647.98,9th,5.015894,Married-civ-spouse,Machine-op-inspct,Husband,White,Male,36.19566,0.15180096,39.935616,Guatemala,<=50K
53.22341,Self-emp-not-inc,205657.78,Bachelors,13.0012455,Married-civ-spouse,Craft-repair,Husband,Asian-Pac-Islander,Male,14.604108,-1.4165355,35.058865,Vietnam,<=50K
51.0129,Private,102176.64,Assoc-voc,11.026664,Married-civ-spouse,Handlers-cleaners,Husband,White,Male,9.6104555,0.006506774,39.99083,Greece,<=50K
56.857944,Self-emp-not-inc,225132.23,Some-college,10.001696,Married-civ-spouse,Transport-moving,Husband,White,Male,-11.720599,-0.38308826,45.020855,United-States,>50K
56.966835,Private,342059.88,9th,5.024866,Married-civ-spouse,Sales,Husband,Black,Male,21.826275,-0.19780079,54.81497,United-States,>50K
26.05784,Private,208481.03,Preschool,1.1552919,Married-civ-spouse,Farming-fishing,Other-relative,White,Male,43356.914,0.44573864,23.761862,Mexico,<=50K
77.94812,Self-emp-inc,236515.5,HS-grad,9.011655,Widowed,Sales,Not-in-family,White,Male,12.508161,-0.002732423,44.93301,United-States,>50K
34.950047,Private,55111.043,Some-college,10.0032835,Married-civ-spouse,Farming-fishing,Husband,White,Male,32.509624,-0.21840778,39.962414,Mexico,<=50K
40.05943,Local-gov,34949.965,Some-college,9.996212,Married-civ-spouse,Exec-managerial,Wife,White,Female,13.78111,-0.29092517,36.01967,United-States,<=50K
25.81599,Self-emp-inc,186840.08,HS-grad,9.010502,Divorced,Exec-managerial,Not-in-family,White,Male,27.012066,-0.572755,78.86312,United-States,>50K
89.480576,Private,50965.418,HS-grad,9.008293,Never-married,Other-service,Not-in-family,Black,Male,-1.0047789,2216.1902,39.938545,United-States,<=50K
47.053787,Federal-gov,328694.06,Bachelors,13.012474,Divorced,Prof-specialty,Unmarried,White,Male,-11.3539,-0.30454364,40.002182,United-States,<=50K
46.969574,Private,293785.6,11th,6.9710937,Married-civ-spouse,Craft-repair,Husband,White,Male,23.862408,-0.4930431,39.99886,Dominican-Republic,<=50K
42.94102,Private,306147.84,Prof-school,15.020327,Never-married,Prof-specialty,Not-in-family,White,Male,13.388043,-0.040536072,66.18671,France,<=50K
48.137337,Private,149109.61,Bachelors,13.015966,Divorced,Sales,Not-in-family,Black,Male,21.24229,0.13056836,39.96562,United-States,>50K
24.027178,Self-emp-inc,496051.12,HS-grad,9.007433,Never-married,Other-service,Not-in-family,Black,Male,13629.798,-0.113969,49.98201,United-States,>50K
26.29121,Local-gov,335989.6,Bachelors,12.992842,Married-civ-spouse,Prof-specialty,Husband,White,Male,2.8831606,-0.33433643,28.160206,El-Salvador,<=50K
27.090706,Private,112132.33,Some-college,10.00182,Married-civ-spouse,Machine-op-inspct,Husband,Black,Male,-9.145648,-0.21829334,55.974667,United-States,<=50K
30.854519,State-gov,557199.25,Bachelors,13.005017,Never-married,Adm-clerical,Not-in-family,White,Male,16.187603,-0.37717548,46.96499,United-States,<=50K
31.951427,Private,206148.19,Bachelors,13.023627,Never-married,Exec-managerial,Other-relative,White,Male,29.11192,2447.0647,50.00083,United-States,>50K
35.90446,Local-gov,129435.914,HS-grad,8.995435,Married-civ-spouse,Adm-clerical,Wife,Asian-Pac-Islander,Female,47.471783,-0.0010539561,40.013992,China,>50K
44.861084,Private,44095.184,HS-grad,9.0025625,Married-civ-spouse,Transport-moving,Husband,White,Male,11.187848,-0.38607135,44.99302,United-States,<=50K
69.138794,Private,541620.1,Some-college,9.983945,Widowed,Adm-clerical,Not-in-family,White,Female,1951.2151,-0.64780533,23.783583,United-States,<=50K
38.965603,Local-gov,357620.16,Assoc-acdm,12.0313635,Divorced,Prof-specialty,Not-in-family,White,Male,23.595318,0.010573241,58.963226,United-States,<=50K
43.014698,Self-emp-not-inc,325644.38,HS-grad,8.991976,Married-civ-spouse,Adm-clerical,Wife,White,Female,18.498882,-0.35136524,14.956373,United-States,<=50K
41.7788,Local-gov,67845.03,Assoc-acdm,12.060942,Divorced,Protective-serv,Not-in-family,Asian-Pac-Islander,Male,3.489606,0.12988171,47.958897,United-States,>50K
53.916473,Private,121903.26,HS-grad,8.982939,Married-civ-spouse,Machine-op-inspct,Husband,White,Male,14.161481,0.09804425,39.950974,Poland,>50K
44.712173,Self-emp-not-inc,154746.03,7th-8th,3.9980617,Married-civ-spouse,Exec-managerial,Husband,White,Male,33.21519,-0.6234981,64.665474,United-States,>50K
60.146507,Private,100544.13,Doctorate,16.032139,Never-married,Prof-specialty,Not-in-family,White,Female,22.033306,-0.23444477,65.21943,United-States,>50K
36.85112,Private,172360.97,Some-college,10.032598,Divorced,Transport-moving,Not-in-family,White,Male,15.838239,1747.032,69.8105,United-States,<=50K
31.051857,Private,44637.31,Bachelors,13.005743,Never-married,Exec-managerial,Not-in-family,White,Female,6.1019106,1569.6924,59.966114,United-States,>50K
53.09753,Local-gov,25646.855,Assoc-voc,11.010442,Divorced,Exec-managerial,Not-in-family,Amer-Indian-Eskimo,Male,29.214947,0.570876,48.00061,United-States,<=50K
35.967415,Self-emp-not-inc,89392.49,Some-college,9.998729,Married-civ-spouse,Other-service,Wife,White,Female,21.232769,-0.29453388,39.993458,United-States,<=50K
29.090002,Private,491439.16,Some-college,9.995965,Married-civ-spouse,Transport-moving,Husband,White,Male,4.675885,-0.47166553,45.018604,United-States,>50K
36.962337,Self-emp-inc,115657.22,Masters,14.013689,Divorced,Exec-managerial,Not-in-family,White,Female,3.1519594,-0.06729236,69.99004,United-States,<=50K
57.00724,State-gov,183105.84,Some-college,9.992416,Married-civ-spouse,Prof-specialty,Husband,Black,Male,-4.163226,-0.4947826,34.963715,United-States,>50K
59.01837,Private,32294.902,9th,4.985043,Married-civ-spouse,Exec-managerial,Husband,White,Male,30.066753,-0.37973133,39.931675,United-States,>50K
54.96842,Private,144146.12,Bachelors,13.012142,Married-civ-spouse,Tech-support,Husband,White,Male,-29.524311,-0.12633625,18.136047,United-States,>50K
46.841232,Private,381198.25,7th-8th,4.0066366,Married-civ-spouse,Craft-repair,Husband,Black,Male,35.6439,0.22312054,59.750275,United-States,>50K
35.03898,Private,162330.36,Assoc-voc,11.0253725,Divorced,Adm-clerical,Not-in-family,White,Female,6962.8228,0.19782147,39.971893,United-States,<=50K
65.14078,Private,361482.2,Assoc-voc,11.006904,Married-civ-spouse,Transport-moving,Husband,White,Male,-7.2594175,-0.5039073,20.059315,United-States,<=50K
56.077236,Self-emp-not-inc,355949.62,Bachelors,13.003461,Never-married,Exec-managerial,Not-in-family,White,Female,0.6932191,-0.38971058,60.03583,United-States,<=50K
48.08075,State-gov,169682.7,Masters,14.031013,Divorced,Prof-specialty,Not-in-family,White,Male,5.172223,0.66175735,39.94441,United-States,>50K
49.188835,Private,178344.36,Masters,13.995383,Married-spouse-absent,Adm-clerical,Unmarried,White,Female,-12.922015,-0.37410846,39.990547,United-States,<=50K
43.928913,Local-gov,241309.78,Masters,14.015005,Divorced,Prof-specialty,Unmarried,White,Female,9.686139,-0.22489277,50.068115,United-States,<=50K
35.09429,Private,321896.3,Some-college,9.993268,Married-civ-spouse,Other-service,Wife,White,Female,21.589458,-0.36969867,39.981735,United-States,>50K
52.04386,Private,227500.94,Some-college,9.991622,Married-civ-spouse,Other-service,Husband,White,Male,5.6072817,-0.45913044,34.9923,United-States,>50K
38.93592,Private,196243.25,HS-grad,9.016096,Divorced,Craft-repair,Unmarried,White,Male,29.188824,-0.13958088,50.05942,El-Salvador,<=50K
55.066544,Self-emp-not-inc,50417.26,Assoc-voc,11.003773,Married-civ-spouse,Other-service,Wife,White,Female,9.313336,-0.21977344,42.086277,United-States,<=50K
28.122087,Private,198753.83,Bachelors,12.999188,Married-civ-spouse,Other-service,Husband,Black,Male,9.942975,-0.46305194,40.031296,United-States,<=50K
33.951965,Private,20981.871,HS-grad,8.995938,Married-civ-spouse,Farming-fishing,Husband,Amer-Indian-Eskimo,Male,38.693707,0.2331303,62.968277,United-States,<=50K
43.704494,Private,173106.2,7th-8th,3.9754357,Married-civ-spouse,Transport-moving,Husband,White,Male,42.365826,-0.5620967,80.65469,United-States,>50K
29.028656,Private,630564.25,HS-grad,8.984811,Married-civ-spouse,Craft-repair,Husband,Black,Male,4.661237,-1.0231258,40.014988,United-States,<=50K
64.12666,Private,284438.28,10th,5.9866962,Married-civ-spouse,Exec-managerial,Husband,White,Male,4.42735,0.0100620715,49.953495,United-States,>50K
23.340036,Private,210527.78,Some-college,9.98991,Married-civ-spouse,Exec-managerial,Wife,Black,Female,14.115827,-0.553712,39.993874,United-States,<=50K
68.1208,Self-emp-not-inc,67546.12,HS-grad,9.008824,Married-civ-spouse,Farming-fishing,Husband,White,Male,2.5701723,-0.41597858,49.998573,United-States,>50K
79.26059,?,100371.59,Assoc-acdm,12.019973,Married-civ-spouse,?,Wife,White,Female,-13.3705015,-0.23705402,2.640053,United-States,>50K
26.11499,Federal-gov,218116.64,HS-grad,8.995038,Married-civ-spouse,Adm-clerical,Husband,Other,Male,-6.629779,-0.25055805,40.036842,United-States,<=50K
60.973167,Private,105318.58,7th-8th,3.9922552,Married-civ-spouse,Transport-moving,Husband,Black,Male,35.844097,1658.1948,39.96068,United-States,<=50K
60.103493,Self-emp-not-inc,118378.266,Assoc-acdm,12.035596,Married-civ-spouse,Exec-managerial,Husband,Asian-Pac-Islander,Male,1.1036196,-0.44176593,40.014164,Japan,<=50K
27.93461,Private,160513.28,HS-grad,8.994535,Married-civ-spouse,Craft-repair,Husband,White,Male,26.035748,-0.15470234,39.978916,Poland,>50K
54.047718,Private,219449.75,Bachelors,13.001967,Widowed,Sales,Unmarried,White,Female,17.248394,-0.59688675,39.96683,United-States,<=50K
57.127186,Private,88770.76,Masters,14.012988,Married-spouse-absent,Prof-specialty,Not-in-family,White,Female,-2.480853,-0.08522907,39.93632,United-States,<=50K
24.086605,Private,21728.48,HS-grad,9.003834,Married-civ-spouse,Protective-serv,Husband,Asian-Pac-Islander,Male,13.481549,-0.09957996,39.96816,Thailand,<=50K
41.027035,Self-emp-not-inc,375758.5,Some-college,9.9805,Married-civ-spouse,Sales,Husband,White,Male,12.248639,-1.3433925,59.926464,Mexico,>50K
27.237976,?,502268.44,Some-college,9.973827,Married-civ-spouse,?,Husband,White,Male,16.703228,410.7688,20.024908,Mexico,<=50K
24.239637,Private,40074.387,Some-college,9.961179,Married-civ-spouse,Machine-op-inspct,Wife,Other,Female,51.54649,-0.28777424,39.94165,Puerto-Rico,<=50K
56.890137,Private,102943.68,Some-college,10.013512,Married-spouse-absent,Sales,Own-child,Asian-Pac-Islander,Female,11.763532,-0.003296998,90.788284,United-States,>50K
34.943954,State-gov,37432.26,Doctorate,16.039804,Never-married,Prof-specialty,Not-in-family,White,Male,22.684185,0.3614796,54.855854,United-States,<=50K
29.626053,Private,127986.21,7th-8th,3.9788365,Married-civ-spouse,Craft-repair,Husband,White,Male,2930.0115,-0.5168086,39.930874,United-States,<=50K
33.83747,Private,155120.06,11th,6.983392,Married-civ-spouse,Farming-fishing,Husband,Amer-Indian-Eskimo,Male,58.432476,0.20007214,59.873844,United-States,<=50K
51.02148,Local-gov,35024.434,HS-grad,8.981834,Married-civ-spouse,Transport-moving,Husband,Amer-Indian-Eskimo,Male,17.84605,-0.18077198,40.00103,United-States,<=50K
40.960182,Federal-gov,92011.516,Masters,14.019195,Never-married,Tech-support,Not-in-family,Black,Male,-28.425678,0.5121983,39.950912,United-States,<=50K
56.906948,Private,274091.12,7th-8th,3.9758458,Married-civ-spouse,Exec-managerial,Other-relative,White,Male,69.872665,-0.29351154,44.99738,Dominican-Republic,<=50K
67.0679,Private,287190.8,HS-grad,8.992574,Married-civ-spouse,Sales,Husband,White,Male,-0.7743102,-0.40159717,39.98938,Canada,>50K
30.925543,Private,22643.152,HS-grad,8.96932,Married-civ-spouse,Adm-clerical,Husband,Amer-Indian-Eskimo,Male,17.735455,0.1185368,40.005535,United-States,>50K
22.046959,Private,229780.95,11th,6.980289,Married-civ-spouse,Machine-op-inspct,Husband,White,Male,30.734478,-0.38124195,69.73908,United-States,>50K
40.909138,Private,21320.684,9th,4.961315,Married-civ-spouse,Exec-managerial,Husband,Amer-Indian-Eskimo,Male,39.15904,-0.5879375,85.18199,United-States,<=50K
30.916925,Self-emp-inc,263987.97,HS-grad,9.011978,Married-civ-spouse,Transport-moving,Husband,White,Male,-8.45473,1980.4841,40.054874,United-States,>50K
29.038706,State-gov,203679.38,Masters,14.012089,Married-civ-spouse,Prof-specialty,Husband,White,Male,-8.668353,0.12434277,15.030489,United-States,<=50K
74.608955,Self-emp-not-inc,92239.766,HS-grad,8.997228,Married-civ-spouse,Sales,Husband,White,Male,-7.2906675,-0.3179027,34.91952,United-States,<=50K
67.03652,Self-emp-not-inc,268075.34,Bachelors,13.018177,Divorced,Prof-specialty,Not-in-family,White,Male,3.7496157,-0.18435016,39.962658,United-States,<=50K
29.072424,Private,187757.14,Some-college,9.9918785,Married-civ-spouse,Craft-repair,Husband,Black,Male,34.700054,-0.5220424,40.01076,Jamaica,>50K
25.056206,Private,296596.97,HS-grad,9.003745,Married-civ-spouse,Handlers-cleaners,Husband,White,Male,2369.3684,-0.3853313,40.003044,United-States,<=50K
52.04045,Private,104008.86,Some-college,9.990541,Married-civ-spouse,Prof-specialty,Husband,White,Male,8.35484,-0.45489612,40.004898,Germany,>50K
53.1155,Private,250016.77,Assoc-voc,10.990582,Divorced,Craft-repair,Not-in-family,White,Male,52.638042,0.5162343,39.96011,Cuba,>50K
51.010067,?,521099.6,Some-college,9.9789,Married-civ-spouse,?,Husband,White,Male,-11.502582,-0.6916667,23.908829,United-States,<=50K
26.907286,Local-gov,67538.75,HS-grad,9.012267,Married-civ-spouse,Protective-serv,Husband,Asian-Pac-Islander,Male,-4.463275,-0.20211902,39.982628,United-States,>50K
30.095373,Self-emp-not-inc,111943.15,Some-college,9.996583,Married-civ-spouse,Exec-managerial,Husband,White,Male,-7.5670347,-0.80761826,40.02459,United-States,<=50K
50.12894,Self-emp-inc,194725.02,Doctorate,16.04688,Separated,Prof-specialty,Not-in-family,White,Male,19.629253,0.497588,39.960133,United-States,>50K
49.039845,Federal-gov,193372.23,Some-college,10.014687,Never-married,Craft-repair,Not-in-family,Black,Male,1.9500551,-0.29135242,39.98518,United-States,<=50K
25.20644,Local-gov,333589.9,Some-college,9.998492,Married-civ-spouse,Exec-managerial,Husband,White,Male,0.108502336,-0.7701808,40.045185,United-States,>50K
73.64865,Self-emp-inc,229905.34,HS-grad,8.993818,Married-civ-spouse,Exec-managerial,Husband,White,Male,-26.701313,-0.49949756,30.06759,United-States,>50K
35.140106,Federal-gov,225894.62,Bachelors,13.008758,Widowed,Adm-clerical,Not-in-family,White,Male,-2.5802183,-0.1656734,40.001854,United-States,>50K
54.79326,State-gov,169385.88,HS-grad,9.006017,Married-civ-spouse,Farming-fishing,Husband,White,Male,7.531842,-0.064988285,39.969482,United-States,>50K
54.89613,Private,113322.61,9th,5.01127,Married-civ-spouse,Transport-moving,Wife,White,Female,29.832867,0.12800488,47.917934,United-States,<=50K
42.00716,Local-gov,124548.695,Bachelors,13.019414,Never-married,Exec-managerial,Own-child,White,Male,4656.5146,0.0519093,35.007835,United-States,<=50K
51.017223,Self-emp-not-inc,192015.94,Bachelors,13.00713,Widowed,Exec-managerial,Unmarried,White,Male,2.279645,-0.31486621,50.116825,United-States,<=50K
48.129284,Private,116444.305,Bachelors,13.009817,Divorced,Adm-clerical,Unmarried,White,Female,16.175884,-0.31108204,60.099678,United-States,<=50K
76.57002,Private,82697.66,Bachelors,13.039633,Widowed,Exec-managerial,Other-relative,Asian-Pac-Islander,Male,44.427105,-0.2796413,32.01497,China,<=50K
66.97779,?,192435.81,HS-grad,8.989333,Married-civ-spouse,?,Husband,White,Male,3878.367,0.14855847,11.0125885,United-States,<=50K
53.64642,Private,350457.38,Preschool,1.1548551,Married-civ-spouse,Craft-repair,Husband,Asian-Pac-Islander,Male,49.422955,0.7084645,39.86292,India,<=50K
41.10965,?,276880.56,Bachelors,12.998884,Married-civ-spouse,?,Wife,White,Female,-0.2372008,-0.28313556,30.040752,United-States,>50K
30.728745,Private,123511.82,Masters,14.020553,Never-married,Adm-clerical,Not-in-family,Asian-Pac-Islander,Male,9.91734,0.57289016,59.999657,India,>50K
39.992912,State-gov,33956.324,HS-grad,8.999407,Married-civ-spouse,Craft-repair,Husband,White,Male,-2.4950132,-0.18642536,39.97985,United-States,<=50K
29.856764,Private,88425.555,Some-college,10.007389,Married-civ-spouse,Prof-specialty,Wife,Asian-Pac-Islander,Female,37.18565,-0.14873615,5.020302,United-States,>50K
50.086506,Without-pay,122219.836,HS-grad,8.995197,Married-civ-spouse,Machine-op-inspct,Own-child,White,Female,-11.503314,1883.2399,40.01381,United-States,>50K
44.847084,Private,276751.25,Assoc-acdm,12.023282,Widowed,Tech-support,Unmarried,White,Male,6.411725,-0.16459766,39.99559,United-States,>50K
64.2353,?,167977.9,HS-grad,8.994763,Married-civ-spouse,?,Husband,White,Male,2.4940004,-0.29629627,39.970646,?,>50K
61.162933,Self-emp-not-inc,110876.555,Bachelors,13.025122,Married-civ-spouse,Farming-fishing,Husband,White,Male,-14.393207,0.07842907,19.940763,United-States,>50K
53.127182,Local-gov,233806.53,Masters,14.025507,Divorced,Prof-specialty,Not-in-family,Black,Female,16.8065,0.11324963,39.959198,United-States,>50K
26.898468,Private,187838.64,Bachelors,13.019812,Separated,Prof-specialty,Not-in-family,Asian-Pac-Islander,Male,50.50694,-0.01851001,39.977356,Philippines,>50K
41.03949,Self-emp-inc,421825.28,Bachelors,13.008563,Divorced,Exec-managerial,Not-in-family,White,Male,6.762067,-0.31673542,50.073364,United-States,<=50K
37.82963,Private,28034.684,11th,6.967928,Married-civ-spouse,Sales,Husband,White,Male,25.959087,0.0071323845,49.962418,United-States,<=50K
29.770622,Private,193924.44,Prof-school,15.033269,Divorced,Sales,Own-child,White,Male,24.514751,0.08431134,54.85859,United-States,<=50K
73.6186,Private,171966.58,HS-grad,9.00521,Widowed,Adm-clerical,Not-in-family,White,Male,7.050885,2291.4011,34.91488,United-States,>50K
74.725426,Self-emp-not-inc,192328.1,Masters,14.009743,Widowed,Sales,Not-in-family,White,Male,-16.415913,-0.103676945,44.959423,United-States,<=50K
44.993153,Private,169012.83,Some-college,9.987784,Married-civ-spouse,Adm-clerical,Wife,White,Female,16.751324,-0.45728412,23.807936,Canada,>50K
65.88676,Private,262534.94,10th,5.9839096,Married-civ-spouse,Protective-serv,Husband,White,Male,-9.07265,-0.26773182,39.95628,United-States,<=50K
34.092052,Private,143749.47,Masters,14.025377,Never-married,Prof-specialty,Not-in-family,Black,Male,17.173443,0.04044995,45.024036,United-States,>50K
33.062294,Private,110627.734,Assoc-acdm,11.995593,Married-civ-spouse,Craft-repair,Husband,White,Male,3.9044008,0.08740887,44.99675,Portugal,<=50K
24.36112,Private,27334.09,Bachelors,13.000668,Married-civ-spouse,Adm-clerical,Wife,White,Female,32.665386,-0.82581437,39.97047,Puerto-Rico,<=50K
52.084576,Private,88286.87,Bachelors,13.011362,Married-spouse-absent,Prof-specialty,Not-in-family,White,Male,-0.9378844,0.08027539,30.00394,United-States,>50K
25.122993,Private,179581.9,Bachelors,13.008487,Never-married,Exec-managerial,Not-in-family,White,Male,9.613629,1414.497,39.996513,United-States,<=50K
50.968468,State-gov,69972.2,Bachelors,13.032014,Divorced,Exec-managerial,Not-in-family,White,Male,3.0389223,-0.51593125,59.9194,United-States,>50K
31.945162,Self-emp-not-inc,455021.16,Bachelors,13.0113945,Divorced,Exec-managerial,Not-in-family,White,Male,16.309917,-0.37024036,50.056496,United-States,>50K
31.936958,Private,180539.61,Bachelors,13.0081,Never-married,Sales,Own-child,White,Male,13656.637,0.04537091,34.92644,United-States,>50K
45.8739,Local-gov,87513.664,Some-college,10.001966,Married-civ-spouse,Handlers-cleaners,Husband,White,Male,-1.8985777,-0.17385975,39.99891,United-States,<=50K
31.922722,Private,124238.79,HS-grad,9.000038,Divorced,Craft-repair,Unmarried,White,Male,18.596294,-8.502299e-05,98.22736,United-States,<=50K
24.874372,Private,194360.66,HS-grad,8.999967,Married-civ-spouse,Adm-clerical,Other-relative,White,Male,34.746685,-0.34192768,39.976112,United-States,<=50K
24.970951,Private,426530.3,10th,5.9924235,Married-civ-spouse,Exec-managerial,Husband,White,Male,22.875103,-0.3568813,39.9896,United-States,<=50K
73.6932,?,340588.53,9th,5.0173044,Married-civ-spouse,?,Husband,White,Male,3542.1865,-0.13659778,39.93515,United-States,<=50K
43.868065,Private,229626.94,Assoc-acdm,12.043251,Divorced,Exec-managerial,Not-in-family,White,Male,13.307233,-0.2790691,59.929344,United-States,>50K
26.04527,Federal-gov,75913.91,Bachelors,13.017285,Never-married,Prof-specialty,Not-in-family,White,Male,-3.0196714,0.14290509,54.81529,United-States,<=50K
46.04008,Private,149229.73,Bachelors,13.016712,Divorced,Prof-specialty,Not-in-family,White,Male,53.280865,-0.20626941,44.96731,England,>50K
52.956367,Private,207493.95,Some-college,9.997821,Married-civ-spouse,Transport-moving,Husband,Other,Male,5.206891,-0.35079303,59.956314,United-States,>50K
53.048954,Local-gov,131052.414,Prof-school,15.019951,Never-married,Prof-specialty,Not-in-family,White,Female,6.241315,0.07092175,50.075703,United-States,>50K
40.037556,Private,303103.22,Some-college,9.990142,Married-civ-spouse,Other-service,Wife,White,Female,20.402447,-0.34784046,34.983128,United-States,<=50K
43.000347,Private,154532.67,HS-grad,8.976924,Married-civ-spouse,Tech-support,Husband,Asian-Pac-Islander,Male,39.197857,-0.3411571,40.012215,Vietnam,>50K
42.991127,Local-gov,179997.81,Bachelors,13.016538,Divorced,Exec-managerial,Unmarried,White,Male,16.594097,-0.529832,42.036934,Germany,<=50K
34.096695,Private,299758.38,Some-college,9.981042,Married-civ-spouse,Prof-specialty,Husband,Black,Male,38.30357,-0.92903244,39.984,Jamaica,>50K
35.077072,Private,203669.97,Assoc-voc,10.9850445,Married-civ-spouse,Other-service,Wife,Black,Female,33.95396,-0.43232074,39.975742,United-States,>50K
52.067272,Local-gov,203052.02,HS-grad,8.987889,Married-civ-spouse,Transport-moving,Husband,White,Male,25.347271,-0.292802,40.00356,Puerto-Rico,>50K
59.03914,Private,191202.53,11th,6.9821377,Married-civ-spouse,Other-service,Wife,White,Female,4098.1157,0.08607373,28.185844,United-States,<=50K
64.2436,Private,64466.934,Some-college,9.994953,Married-civ-spouse,Sales,Husband,White,Male,-4.50014,-0.36068836,12.03484,United-States,<=50K
29.89712,Private,185895.19,HS-grad,9.003616,Married-civ-spouse,Protective-serv,Husband,White,Male,3.6190004,-0.45702472,39.98708,United-States,>50K
57.093266,Private,277520.2,Assoc-voc,11.006376,Married-spouse-absent,Exec-managerial,Not-in-family,White,Female,7.3677797,-0.32845417,47.022026,United-States,<=50K
39.96964,Private,342394.94,Masters,14.016281,Never-married,Prof-specialty,Not-in-family,White,Female,20.674175,-0.43254963,54.876125,United-States,<=50K
70.24088,Self-emp-inc,131309.47,Bachelors,13.00854,Divorced,Exec-managerial,Unmarried,White,Female,-3.4144468,-0.1999599,55.000656,United-States,<=50K
29.88447,Private,259617.22,Masters,14.014002,Divorced,Prof-specialty,Unmarried,White,Male,-0.83607775,1725.53,39.979717,United-States,<=50K
67.107285,Self-emp-not-inc,174525.44,Bachelors,13.012101,Married-civ-spouse,Exec-managerial,Husband,White,Male,-38.826313,-0.047532227,7.9704666,United-States,>50K
54.86953,Private,170507.31,HS-grad,9.015563,Divorced,Exec-managerial,Not-in-family,White,Male,27.373638,-0.35886493,59.844944,United-States,>50K
49.12035,Private,126139.375,Bachelors,13.015264,Never-married,Exec-managerial,Not-in-family,White,Male,7.49693,0.0061634514,44.974686,United-States,>50K
53.813198,Private,150213.25,Some-college,10.023305,Divorced,Machine-op-inspct,Not-in-family,White,Male,11.036969,0.10995373,59.862095,United-States,<=50K
25.12632,Private,205221.89,12th,8.007135,Married-civ-spouse,Machine-op-inspct,Husband,White,Male,14.714215,-0.035935547,39.989456,El-Salvador,<=50K
44.796207,Private,66176.9,HS-grad,9.010483,Never-married,Craft-repair,Own-child,White,Male,10605.251,-0.19006458,47.87408,United-States,>50K
45.838013,State-gov,27926.496,Assoc-acdm,12.035326,Married-civ-spouse,Tech-support,Husband,White,Male,-27.11147,0.023367736,38.047276,United-States,>50K
44.03029,Local-gov,144693.3,HS-grad,8.983226,Married-civ-spouse,Other-service,Wife,Black,Female,60.88792,-0.46072498,38.11287,Jamaica,>50K
52.9424,Self-emp-inc,220154.34,Some-college,10.002788,Widowed,Sales,Not-in-family,White,Female,22.443707,-0.12053028,59.94327,United-States,<=50K
56.72459,Self-emp-not-inc,31939.277,7th-8th,3.973009,Married-civ-spouse,Craft-repair,Husband,White,Male,29.046978,-0.28395954,39.935574,United-States,>50K
37.882454,Private,135266.9,Some-college,10.009556,Married-civ-spouse,Exec-managerial,Other-relative,White,Male,26.875591,-0.40986744,50.045082,United-States,>50K
45.92342,Private,232719.1,HS-grad,9.003908,Married-civ-spouse,Tech-support,Husband,Black,Male,6.602887,-0.37254444,40.003803,United-States,>50K
53.9927,Local-gov,279753.34,Assoc-voc,11.007582,Married-civ-spouse,Transport-moving,Husband,Black,Male,0.7176332,-0.5149318,40.045303,United-States,<=50K
59.104427,Private,197959.6,9th,5.0010185,Married-civ-spouse,Exec-managerial,Wife,Black,Female,30.67857,-0.15683857,31.901655,United-States,<=50K
38.949043,Private,150011.69,Masters,14.022691,Never-married,Sales,Not-in-family,White,Male,10.60069,0.25027356,49.98012,United-States,>50K
29.049728,Private,383146.44,HS-grad,8.991759,Married-civ-spouse,Machine-op-inspct,Husband,White,Male,-14.6205015,1887.5658,30.093012,United-States,>50K
73.698784,Self-emp-not-inc,103380.586,HS-grad,9.00005,Married-civ-spouse,Sales,Husband,White,Male,-7.009906,-0.29103962,39.98545,United-States,>50K
36.951817,Private,79360.6,Some-college,10.007482,Married-civ-spouse,Tech-support,Husband,White,Male,-1.9818296,-0.57412064,39.98486,United-States,>50K
50.066746,Private,287586.28,HS-grad,8.988398,Married-civ-spouse,Prof-specialty,Wife,White,Female,21.157818,-0.14989582,15.934534,United-States,<=50K
54.996067,Private,157165.84,Some-college,9.998248,Married-civ-spouse,Protective-serv,Husband,Black,Male,-19.516743,-0.30823627,39.98364,?,>50K
36.862247,Private,327359.3,Some-college,10.006667,Never-married,Tech-support,Unmarried,White,Female,4873.4966,-0.08903614,59.91374,United-States,>50K
43.77228,Federal-gov,205854.44,Assoc-voc,11.061333,Divorced,Tech-support,Not-in-family,White,Male,-0.39564806,0.018614624,39.965958,United-States,<=50K
51.95107,Federal-gov,38269.715,Masters,14.011661,Never-married,Adm-clerical,Not-in-family,White,Female,-25.962543,0.41853222,39.959793,United-States,>50K
36.02657,Private,183770.08,Bachelors,13.010264,Married-civ-spouse,Prof-specialty,Wife,White,Female,16.890484,-0.270631,4.106144,United-States,>50K
31.837427,Private,358033.9,Masters,14.026288,Divorced,Sales,Not-in-family,White,Female,30.494732,0.02635083,50.004395,United-States,>50K
64.21086,Self-emp-not-inc,351507.03,Assoc-voc,11.015828,Married-civ-spouse,Farming-fishing,Husband,White,Male,-1.8997984,-0.34420124,54.890823,United-States,<=50K
26.169971,State-gov,141839.67,Bachelors,13.006492,Married-civ-spouse,Exec-managerial,Husband,Black,Male,-5.7284117,-0.6282207,40.05,United-States,>50K
34.982536,Private,225724.33,Doctorate,16.02654,Married-spouse-absent,Prof-specialty,Not-in-family,Other,Male,91.27464,-0.21616474,59.978443,England,>50K
76.77814,Local-gov,119666.0,Some-college,10.005427,Married-civ-spouse,Protective-serv,Husband,White,Male,-37.41982,-0.15333667,20.046844,United-States,<=50K
49.068085,Self-emp-not-inc,178271.25,HS-grad,9.009336,Married-civ-spouse,Sales,Husband,White,Male,6.0743227,-0.21346393,59.906998,Greece,<=50K
28.155464,Self-emp-not-inc,182999.12,HS-grad,8.961369,Married-civ-spouse,Craft-repair,Husband,White,Male,24.584576,-0.17321125,50.099026,Hungary,<=50K
44.06279,Private,254715.4,Masters,14.035802,Never-married,Prof-specialty,Not-in-family,White,Male,53.02403,0.086958736,39.918797,Hungary,>50K
49.11829,Private,367721.97,Assoc-acdm,12.015321,Divorced,Adm-clerical,Not-in-family,White,Female,4637.1846,-0.13867298,39.97736,United-States,<=50K
38.076298,Private,348293.78,Assoc-acdm,12.009262,Married-civ-spouse,Tech-support,Husband,White,Male,-21.567524,-0.09659687,21.054295,United-States,>50K
32.098885,Self-emp-not-inc,111538.08,12th,7.958607,Married-civ-spouse,Craft-repair,Husband,White,Male,7.1192446,0.10822186,69.703445,United-States,>50K
35.054874,Local-gov,258313.81,HS-grad,8.96596,Married-civ-spouse,Craft-repair,Husband,White,Male,31.2086,-0.08750263,39.97918,Cuba,>50K
27.16632,Private,291660.97,Some-college,9.931761,Married-civ-spouse,Prof-specialty,Husband,Asian-Pac-Islander,Male,39.457867,-0.3641521,39.95137,Cambodia,>50K
43.031574,Local-gov,225141.48,Some-college,9.999079,Married-civ-spouse,Craft-repair,Husband,Black,Male,-5.5997496,-0.54811203,40.04325,United-States,>50K
56.89381,Self-emp-not-inc,25333.809,HS-grad,8.999328,Married-civ-spouse,Other-service,Husband,White,Male,4.6900454,-0.53537095,59.82939,United-States,<=50K
36.908875,Private,355947.9,HS-grad,8.99838,Married-civ-spouse,Craft-repair,Husband,Asian-Pac-Islander,Male,30.052593,-0.26460376,39.99456,South,<=50K
48.934036,Private,54272.26,9th,5.020274,Divorced,Craft-repair,Unmarried,White,Female,5435.2534,0.012251708,44.982204,United-States,<=50K
46.006554,Private,175328.78,Prof-school,15.016869,Divorced,Prof-specialty,Unmarried,White,Female,10.777204,-0.27739826,39.957726,United-States,<=50K
35.919235,Private,272849.4,HS-grad,8.990058,Married-civ-spouse,Machine-op-inspct,Husband,White,Male,15.273297,-0.16448322,44.97128,Mexico,<=50K
42.88587,Private,183284.72,10th,6.0011497,Married-civ-spouse,Machine-op-inspct,Husband,Black,Male,-8.39516,1882.3228,39.968636,United-States,>50K
31.02234,Self-emp-not-inc,118336.91,Bachelors,13.019771,Divorced,Exec-managerial,Unmarried,White,Male,8.933698,-0.28822437,60.002712,United-States,>50K
26.085205,Local-gov,116792.664,Bachelors,13.012078,Never-married,Prof-specialty,Not-in-family,White,Female,4848.877,0.08402905,34.945717,United-States,<=50K
25.112469,Private,27599.418,Some-college,10.002252,Married-civ-spouse,Other-service,Wife,White,Female,18.964458,-0.17326465,59.84295,United-States,<=50K
43.93438,State-gov,173972.89,HS-grad,8.993331,Married-civ-spouse,Prof-specialty,Wife,White,Female,18.17442,-0.029793885,39.95774,United-States,>50K
27.105936,Private,206392.78,Bachelors,13.006135,Married-civ-spouse,Tech-support,Husband,Asian-Pac-Islander,Male,-10.807025,0.23253521,39.988724,India,>50K
41.94165,Private,82001.06,Some-college,10.012295,Divorced,Exec-managerial,Not-in-family,White,Male,11.208844,1423.9888,39.964596,United-States,<=50K
28.742785,Private,51697.09,12th,8.00353,Married-civ-spouse,Other-service,Husband,Asian-Pac-Islander,Male,57.29649,0.061827514,50.107975,China,<=50K
60.07666,Local-gov,99997.914,Assoc-voc,11.028944,Divorced,Prof-specialty,Unmarried,White,Male,18.073101,0.037093017,39.97826,United-States,>50K
44.860806,Private,100833.37,Some-college,10.004655,Divorced,Exec-managerial,Unmarried,White,Female,5717.398,-0.28871265,45.01841,United-States,<=50K
43.002697,Private,434614.9,Some-college,9.99687,Married-civ-spouse,Transport-moving,Husband,White,Male,0.7530336,-0.48599353,40.044853,United-States,>50K
24.166424,Private,51737.48,HS-grad,8.990282,Married-civ-spouse,Sales,Wife,White,Female,29.97984,0.16200909,39.9494,United-States,>50K
42.000317,Local-gov,716860.4,Some-college,9.971879,Married-civ-spouse,Protective-serv,Husband,Black,Male,-23.13271,-1.3644572,40.039627,United-States,>50K
39.989914,Self-emp-inc,193116.56,Some-college,10.008526,Married-civ-spouse,Farming-fishing,Husband,White,Male,3.4920473,-0.22756305,40.002644,United-States,>50K
49.145008,Self-emp-not-inc,43478.746,Doctorate,16.034819,Divorced,Prof-specialty,Unmarried,White,Male,1.3165102,-3.1617234e-05,63.11915,Canada,>50K
36.970997,Private,212125.28,Assoc-voc,10.999065,Married-civ-spouse,Prof-specialty,Husband,White,Male,28.558697,-0.48366657,39.970707,Japan,<=50K
41.702885,Private,62533.793,1st-4th,1.9602855,Married-civ-spouse,Adm-clerical,Husband,White,Male,72.5919,0.58054245,54.750473,Portugal,>50K
31.144547,Private,181951.86,Bachelors,12.996042,Married-civ-spouse,Other-service,Husband,White,Male,-0.23671252,-0.35059467,40.055656,Yugoslavia,<=50K
33.864124,Private,25753.309,9th,4.9986563,Married-civ-spouse,Craft-repair,Husband,White,Male,35.633404,-0.23726001,49.928467,United-States,<=50K
22.978203,State-gov,87373.734,Some-college,10.005329,Never-married,Protective-serv,Not-in-family,Other,Female,99985.45,0.3580998,39.949757,United-States,>50K
37.958424,Local-gov,31553.684,Masters,14.009169,Never-married,Prof-specialty,Not-in-family,White,Female,3.941266,1674.8457,54.841,United-States,<=50K
53.010033,Federal-gov,105305.74,Bachelors,13.009795,Divorced,Exec-managerial,Unmarried,Black,Female,-15.1847105,-0.39713398,50.18184,United-States,>50K
63.105957,Private,149288.78,Assoc-acdm,12.046096,Divorced,Exec-managerial,Not-in-family,White,Male,1.5455141,0.1095036,39.956604,United-States,>50K
31.759605,Private,41432.06,Some-college,10.03064,Divorced,Farming-fishing,Not-in-family,White,Female,51.103863,1595.974,53.741833,United-States,<=50K
41.918167,State-gov,103498.11,Doctorate,16.032066,Never-married,Exec-managerial,Not-in-family,White,Female,14.527204,0.66658676,39.96504,Italy,>50K
37.00042,State-gov,190997.48,Bachelors,13.006848,Never-married,Adm-clerical,Not-in-family,White,Female,8724.818,-0.03326526,39.990757,United-States,>50K
27.947424,Local-gov,334720.12,HS-grad,9.006015,Married-civ-spouse,Craft-repair,Husband,White,Male,9.49693,-0.42476,40.01711,United-States,<=50K
32.098972,Self-emp-not-inc,56568.31,Bachelors,13.010685,Married-civ-spouse,Prof-specialty,Wife,White,Female,14.086041,-0.34235492,7.792843,United-States,>50K
58.090527,Local-gov,369172.2,Masters,14.01283,Widowed,Prof-specialty,Unmarried,White,Male,-3.8184996,-0.5136577,34.953922,United-States,>50K
59.11487,Private,194078.44,12th,7.98997,Married-civ-spouse,Machine-op-inspct,Husband,Black,Male,-5.180072,-0.4858791,39.976685,United-States,>50K
85.501915,Self-emp-inc,156085.08,Bachelors,13.016688,Widowed,Exec-managerial,Not-in-family,White,Male,-14.189349,-0.22494617,39.982964,United-States,>50K
49.13229,Private,198699.17,Some-college,9.990372,Married-civ-spouse,Prof-specialty,Husband,White,Male,4.5757875,-0.42962757,21.96103,United-States,<=50K
50.07515,Self-emp-not-inc,131109.39,HS-grad,9.004085,Married-civ-spouse,Other-service,Husband,Asian-Pac-Islander,Male,27.323101,-0.045029785,60.001057,South,<=50K
26.789988,Private,27757.559,HS-grad,9.007887,Married-AF-spouse,Craft-repair,Husband,White,Male,24.51231,0.021574829,39.963852,United-States,>50K
64.13799,Local-gov,244504.95,11th,6.974699,Married-civ-spouse,Craft-repair,Husband,Black,Male,7.907819,-0.27804676,40.00736,United-States,>50K
53.022263,Private,149119.66,HS-grad,8.98148,Married-civ-spouse,Craft-repair,Husband,White,Male,12.300153,-0.41197315,39.96895,Puerto-Rico,<=50K
28.954187,Private,120066.09,HS-grad,8.999544,Married-civ-spouse,Transport-moving,Husband,Amer-Indian-Eskimo,Male,29.45396,-0.14182392,65.15224,United-States,<=50K
27.910767,State-gov,133897.89,Bachelors,13.019817,Never-married,Prof-specialty,Not-in-family,White,Male,24.859478,-0.14589038,65.11472,United-States,>50K
60.974743,Private,77598.1,5th-6th,3.023374,Married-civ-spouse,Handlers-cleaners,Husband,Asian-Pac-Islander,Male,7295.894,-0.13770404,39.941372,Philippines,>50K
29.883215,Private,413728.78,HS-grad,9.00893,Married-civ-spouse,Tech-support,Husband,White,Male,11.2684145,-0.3722011,40.00065,United-States,>50K
34.187332,State-gov,763263.75,Prof-school,15.026934,Never-married,Prof-specialty,Not-in-family,White,Female,4788.856,-1.399026,46.982662,United-States,>50K
34.132576,Self-emp-inc,214784.67,Masters,14.022442,Separated,Prof-specialty,Not-in-family,White,Female,4787.465,0.00932202,39.95539,United-States,>50K
29.85329,Local-gov,311863.1,HS-grad,8.99967,Married-civ-spouse,Adm-clerical,Wife,White,Female,30.650494,-0.2047359,40.002995,United-States,>50K
25.182497,Private,109793.07,Assoc-acdm,11.997283,Married-civ-spouse,Adm-clerical,Wife,Asian-Pac-Islander,Female,8.246198,0.47129712,36.98153,India,>50K
50.93428,Private,69871.914,Some-college,10.008427,Divorced,Exec-managerial,Unmarried,White,Male,14.170026,-0.3118755,44.98756,Scotland,<=50K
49.87693,Private,283725.25,5th-6th,3.0236077,Married-civ-spouse,Exec-managerial,Husband,White,Male,49.52989,-0.37160602,39.936596,United-States,<=50K
33.14076,State-gov,425509.97,Bachelors,13.003491,Married-civ-spouse,Prof-specialty,Husband,White,Male,17.86436,-0.9163295,14.900137,Mexico,<=50K
47.08221,Self-emp-inc,223600.6,Bachelors,13.010363,Divorced,Sales,Not-in-family,White,Female,24.921978,0.007704589,45.02053,United-States,<=50K
37.953747,Private,166099.55,HS-grad,8.994744,Married-civ-spouse,Machine-op-inspct,Husband,White,Male,0.35215467,-0.17971912,39.973927,United-States,<=50K
62.1055,Private,121363.21,Some-college,10.006784,Never-married,Craft-repair,Not-in-family,White,Female,8684.287,-0.23523822,39.098732,United-States,>50K
29.955927,Private,509108.1,Some-college,9.991762,Married-civ-spouse,Adm-clerical,Own-child,White,Male,18.534039,-0.64069474,40.032295,United-States,>50K
30.932459,Self-emp-inc,455166.62,Some-college,10.008921,Never-married,Exec-managerial,Not-in-family,White,Male,14.92027,-0.26343647,65.0222,United-States,>50K
61.10634,Private,92984.06,Bachelors,13.018234,Divorced,Sales,Unmarried,White,Male,6.1507387,-0.18998066,39.96716,United-States,<=50K
67.05503,Local-gov,102770.55,Bachelors,13.009505,Married-civ-spouse,Exec-managerial,Husband,White,Male,-42.74648,0.0008533925,19.927746,United-States,<=50K
78.079506,Private,316905.7,HS-grad,9.00595,Widowed,Exec-managerial,Not-in-family,White,Male,9.992047,-0.20302692,39.946945,United-States,<=50K
41.97746,Private,346636.06,Bachelors,13.013147,Divorced,Other-service,Unmarried,White,Male,21.779156,-0.32893482,60.0218,United-States,<=50K
43.90595,Private,182337.73,Masters,14.037518,Divorced,Sales,Not-in-family,White,Male,10.509137,0.43027386,23.911577,Iran,<=50K
73.80577,Local-gov,213183.34,7th-8th,3.9837456,Married-civ-spouse,Protective-serv,Husband,White,Male,27.322613,-0.12343708,39.92837,United-States,<=50K
76.973595,State-gov,268415.72,Doctorate,16.047722,Married-spouse-absent,Prof-specialty,Not-in-family,White,Male,-13.817035,0.49735913,4.2588577,United-States,>50K
27.01297,Private,32027.996,Some-college,10.005612,Married-civ-spouse,Sales,Husband,Asian-Pac-Islander,Male,32.770123,0.17266735,54.923393,South,<=50K
37.982174,Private,210366.05,Some-college,10.006725,Married-civ-spouse,Craft-repair,Husband,White,Male,10.128278,2026.3737,40.038834,Columbia,<=50K
26.024431,Private,66471.38,Bachelors,13.013537,Widowed,Exec-managerial,Not-in-family,White,Female,25.113628,-0.25937,54.96901,United-States,<=50K
27.778276,Private,409783.97,11th,6.98555,Married-civ-spouse,Craft-repair,Not-in-family,White,Male,36.517437,-0.09190479,59.7716,United-States,>50K
30.970327,Private,439057.8,Some-college,9.992468,Married-civ-spouse,Tech-support,Husband,White,Male,9.454694,-0.753976,39.981613,Mexico,>50K
71.85265,Self-emp-not-inc,116372.87,Some-college,10.001531,Married-civ-spouse,Other-service,Husband,White,Male,-12.063373,-0.5785228,40.00712,United-States,<=50K
26.847994,Private,112369.164,10th,5.9873843,Married-civ-spouse,Craft-repair,Husband,White,Male,4550.059,-0.5879375,39.958633,United-States,<=50K
26.985355,Self-emp-not-inc,259498.28,HS-grad,9.005079,Married-civ-spouse,Other-service,Husband,Black,Male,22.543804,-0.38783374,59.96648,United-States,>50K
44.885235,Private,79674.31,HS-grad,8.9996805,Married-civ-spouse,Other-service,Husband,Asian-Pac-Islander,Male,30.852642,-0.6843349,85.00821,Japan,>50K
47.086235,Private,146794.2,HS-grad,8.985988,Married-civ-spouse,Machine-op-inspct,Wife,White,Female,36.533306,0.51550186,39.947,Columbia,<=50K
63.0488,Self-emp-not-inc,403148.94,HS-grad,8.994916,Married-civ-spouse,Craft-repair,Husband,White,Male,-15.460834,-0.6169292,30.049643,United-States,<=50K
52.109737,Private,282258.78,HS-grad,8.983855,Married-civ-spouse,Transport-moving,Husband,Amer-Indian-Eskimo,Male,18.700542,0.06436047,40.006195,United-States,>50K
26.780518,Self-emp-not-inc,153161.19,Some-college,10.00494,Married-civ-spouse,Transport-moving,Other-relative,Other,Male,46.481792,-0.026353028,50.077198,Ecuador,>50K
24.977892,Private,242163.72,Some-college,10.021309,Never-married,Transport-moving,Not-in-family,White,Male,10626.9795,-0.100663334,49.98477,United-States,>50K
36.95732,Private,85516.625,Bachelors,13.011497,Married-civ-spouse,Other-service,Wife,Asian-Pac-Islander,Female,22.201763,0.089857906,30.049742,United-States,>50K
47.01091,Private,238866.31,11th,6.985408,Married-civ-spouse,Machine-op-inspct,Wife,Black,Female,20.91563,0.07246289,39.939404,United-States,<=50K
52.97372,Self-emp-not-inc,195656.38,HS-grad,8.993487,Married-civ-spouse,Exec-managerial,Husband,Black,Male,-5.8880796,-0.50782883,45.04099,United-States,>50K
39.98975,Private,276921.8,HS-grad,9.011795,Married-spouse-absent,Handlers-cleaners,Not-in-family,White,Male,19.038433,1681.3931,39.971764,United-States,<=50K
37.078304,Federal-gov,328033.72,HS-grad,8.997757,Married-civ-spouse,Adm-clerical,Husband,Black,Male,-14.5580015,-0.5569469,40.04644,United-States,<=50K
67.09537,State-gov,120644.18,Bachelors,13.018892,Married-civ-spouse,Prof-specialty,Husband,Asian-Pac-Islander,Male,-14.803119,0.021406982,12.047188,United-States,<=50K
30.097088,Private,204591.73,Assoc-acdm,11.996296,Married-civ-spouse,Exec-managerial,Wife,White,Female,12.493756,-0.44082752,50.11766,Thailand,>50K
40.066128,Local-gov,103555.38,12th,7.985718,Married-civ-spouse,Exec-managerial,Husband,White,Male,5.892926,-0.5486766,40.019787,United-States,<=50K
27.16092,Self-emp-inc,153848.0,Assoc-voc,10.999976,Married-civ-spouse,Other-service,Wife,White,Female,28.302593,0.13977703,36.053726,United-States,>50K
29.926405,Private,117780.88,Bachelors,13.011412,Married-civ-spouse,Tech-support,Wife,White,Female,10.453961,-0.23799244,16.020918,United-States,>50K
40.122997,State-gov,391418.94,Assoc-voc,11.007864,Married-civ-spouse,Craft-repair,Husband,White,Male,0.35679334,-0.5358287,40.036667,United-States,<=50K
28.827803,State-gov,104960.445,Masters,14.033982,Never-married,Exec-managerial,Not-in-family,White,Male,15.908795,0.39445385,39.924076,?,<=50K
28.026402,Private,301985.0,Prof-school,15.030101,Never-married,Prof-specialty,Not-in-family,White,Male,14.271344,0.13661847,44.990448,United-States,<=50K
55.924984,State-gov,670018.25,HS-grad,8.986051,Married-civ-spouse,Transport-moving,Husband,White,Male,-3.4034605,-0.8372432,38.093468,United-States,>50K
35.89314,Private,219164.1,Masters,14.022313,Divorced,Exec-managerial,Not-in-family,White,Male,6.654401,0.64893997,49.99089,Greece,>50K
31.166933,Private,362570.1,Some-college,9.986624,Married-civ-spouse,Exec-managerial,Husband,Black,Male,2.2740297,-0.6868068,40.050236,United-States,>50K
33.08314,Private,346321.28,Masters,14.015886,Never-married,Exec-managerial,Unmarried,White,Male,-4.0350523,-0.33857074,39.97982,United-States,<=50K
46.00911,Private,27082.074,Doctorate,16.04701,Divorced,Prof-specialty,Not-in-family,Asian-Pac-Islander,Male,33.204937,0.46182904,39.930214,India,>50K
50.989014,Self-emp-not-inc,160093.78,Assoc-voc,11.028677,Married-civ-spouse,Tech-support,Husband,White,Male,-11.850238,-0.29920307,38.053852,United-States,>50K
31.909447,Private,155010.9,Bachelors,13.015815,Divorced,Protective-serv,Not-in-family,Black,Male,4.932477,-0.055977967,60.039295,United-States,>50K
25.068207,Private,108306.234,Some-college,10.006396,Never-married,Exec-managerial,Not-in-family,White,Female,8709.523,-0.06771198,44.955544,United-States,>50K
34.819798,Federal-gov,74166.01,9th,5.014405,Married-civ-spouse,Farming-fishing,Husband,Black,Male,39.98228,-0.15507618,39.950626,United-States,<=50K
28.90476,Private,134074.11,Assoc-voc,11.031971,Married-civ-spouse,Farming-fishing,Husband,White,Male,31.405376,0.062453125,39.987812,United-States,>50K
28.179144,Federal-gov,115688.06,Assoc-acdm,11.989485,Married-civ-spouse,Adm-clerical,Husband,Amer-Indian-Eskimo,Male,-21.49892,-0.05705371,40.024487,United-States,<=50K
36.945198,Private,143549.14,Assoc-voc,10.99741,Never-married,Adm-clerical,Not-in-family,Other,Female,4331.7983,0.095656246,34.9478,United-States,<=50K
32.05682,State-gov,70408.266,Bachelors,13.01948,Married-civ-spouse,Tech-support,Husband,White,Male,-18.147114,0.0068806144,19.973495,United-States,<=50K
43.101173,Self-emp-not-inc,101741.234,Some-college,9.985961,Married-civ-spouse,Exec-managerial,Husband,White,Male,-22.822163,1906.8029,15.155321,United-States,>50K
60.125862,Self-emp-not-inc,87795.02,Assoc-voc,11.003852,Married-civ-spouse,Transport-moving,Wife,White,Female,24.688824,-0.39110675,14.983118,Germany,>50K
71.7656,Self-emp-inc,473265.94,Some-college,9.984929,Married-civ-spouse,Exec-managerial,Husband,White,Male,-36.43691,-0.65033066,24.958788,United-States,>50K
65.99167,Private,366305.47,HS-grad,8.995426,Married-civ-spouse,Other-service,Husband,White,Male,4.293805,-0.4226314,39.996788,United-States,<=50K
42.972755,Private,210399.27,Some-college,10.010719,Never-married,Adm-clerical,Not-in-family,White,Male,14.3760805,1682.0779,44.915787,United-States,<=50K
31.929497,Self-emp-not-inc,398208.62,Bachelors,13.004547,Divorced,Prof-specialty,Not-in-family,White,Female,16.975689,1337.5829,45.00359,United-States,<=50K
25.979458,Private,247733.77,Bachelors,13.011791,Never-married,Exec-managerial,Not-in-family,White,Male,22.595318,-0.60641587,69.95652,United-States,>50K
44.827755,Local-gov,318541.75,HS-grad,9.012767,Widowed,Protective-serv,Not-in-family,White,Male,23.21104,-0.09256092,39.96431,United-States,>50K
80.41696,Private,158083.8,Masters,14.02434,Widowed,Prof-specialty,Not-in-family,White,Female,3.8929262,-0.11151996,9.725803,United-States,<=50K
36.047382,Self-emp-not-inc,339284.88,HS-grad,9.00276,Married-civ-spouse,Craft-repair,Husband,White,Male,0.7483949,-0.6954509,40.02438,United-States,<=50K
27.956411,Private,192323.19,Bachelors,13.019101,Never-married,Prof-specialty,Not-in-family,Asian-Pac-Islander,Male,41.283794,0.3844212,50.032753,South,>50K
27.97717,Private,211026.02,Bachelors,13.008307,Never-married,Sales,Not-in-family,White,Male,15.008649,1980.4894,39.98718,United-States,<=50K
35.11337,Private,341606.56,Masters,14.010652,Married-spouse-absent,Protective-serv,Not-in-family,White,Male,-24.837055,0.3978413,39.968876,United-States,<=50K
47.08719,Self-emp-inc,204095.75,HS-grad,8.991109,Married-civ-spouse,Prof-specialty,Husband,White,Male,18.149029,-0.37080494,38.080757,Germany,<=50K
32.083443,Private,225205.52,Some-college,9.991085,Married-civ-spouse,Adm-clerical,Husband,White,Male,14.989118,-0.5830165,40.002884,Mexico,<=50K
73.38597,Self-emp-not-inc,151111.6,Some-college,10.011929,Widowed,Farming-fishing,Not-in-family,White,Female,19.509869,0.7288197,75.21955,United-States,<=50K
41.050823,Federal-gov,196364.75,Some-college,10.006914,Married-spouse-absent,Adm-clerical,Not-in-family,Black,Male,4575.808,-0.33615223,40.007187,United-States,<=50K
76.84367,?,231919.2,9th,5.0129266,Married-civ-spouse,?,Husband,Black,Male,8.971784,-0.114136845,39.944515,United-States,<=50K
26.119879,Self-emp-not-inc,93103.5,Some-college,10.003967,Married-civ-spouse,Sales,Husband,White,Male,11.197858,-0.2139751,54.842175,United-States,<=50K
47.059723,Private,168769.27,Masters,14.015231,Divorced,Prof-specialty,Unmarried,White,Female,10.389752,-0.31414905,50.07835,United-States,>50K
46.124,?,177289.94,Assoc-voc,10.982647,Married-civ-spouse,?,Wife,Black,Female,16.397808,-0.37342182,34.980522,United-States,>50K
27.933956,Private,71155.02,Some-college,10.019982,Never-married,Exec-managerial,Not-in-family,White,Male,18.762066,1683.1442,59.7898,United-States,<=50K
28.976234,Local-gov,280127.4,Some-college,10.007725,Married-civ-spouse,Transport-moving,Husband,White,Male,7.2283754,-0.5005809,40.042793,United-States,<=50K
44.965603,Private,160965.61,Bachelors,13.007495,Divorced,Adm-clerical,Unmarried,White,Female,4693.449,-0.3907329,34.930557,United-States,>50K
60.981445,Private,482505.25,7th-8th,4.0125494,Married-civ-spouse,Farming-fishing,Husband,White,Male,52.534527,0.13315472,53.641838,United-States,<=50K
29.016964,State-gov,160645.88,Masters,14.009213,Married-civ-spouse,Tech-support,Husband,White,Male,-7.3756285,-0.14392963,50.044067,Germany,<=50K
27.103395,State-gov,211659.73,Some-college,9.997313,Married-civ-spouse,Exec-managerial,Husband,Black,Male,2.3887758,-0.6361171,40.045616,United-States,>50K
30.797422,Private,19509.777,Assoc-acdm,12.029647,Never-married,Adm-clerical,Not-in-family,White,Male,2094.7053,0.07408032,38.01835,United-States,<=50K
48.02077,Federal-gov,50408.95,Some-college,10.002983,Married-spouse-absent,Exec-managerial,Not-in-family,White,Female,-9.914447,-0.3936092,39.975975,United-States,<=50K
37.906525,Private,299378.6,HS-grad,9.004396,Married-civ-spouse,Transport-moving,Husband,Asian-Pac-Islander,Male,40.39317,-0.13423267,40.018005,China,<=50K
51.033524,Private,215519.42,Bachelors,13.001194,Never-married,Sales,Not-in-family,White,Female,9.4419985,1564.7101,43.00997,United-States,>50K
30.01099,Private,243124.94,Prof-school,15.018069,Married-civ-spouse,Prof-specialty,Husband,Asian-Pac-Islander,Male,-7.0965757,0.3793629,19.868574,India,>50K
52.91514,Self-emp-inc,167531.03,Assoc-acdm,12.0291605,Never-married,Exec-managerial,Not-in-family,White,Male,-16.717426,1881.7452,50.01291,United-States,<=50K
47.999996,Self-emp-not-inc,364423.53,HS-grad,9.022591,Divorced,Craft-repair,Not-in-family,White,Male,24.982037,-0.2704021,59.874653,United-States,>50K
48.981094,Local-gov,99850.34,9th,5.032846,Widowed,Handlers-cleaners,Unmarried,White,Male,55.66563,2245.5786,39.9772,United-States,>50K
40.989918,Private,123862.27,Some-college,10.001786,Married-civ-spouse,Exec-managerial,Own-child,White,Male,12.746442,-0.5880519,40.00037,United-States,>50K
59.02221,?,145993.62,Assoc-acdm,12.003549,Married-civ-spouse,?,Husband,White,Male,-31.074848,-0.19501606,34.98388,United-States,>50K
39.042507,State-gov,194397.02,Some-college,10.002646,Married-civ-spouse,Sales,Husband,White,Male,7.1382875,-0.4058315,40.011833,United-States,<=50K
73.06549,?,122265.625,HS-grad,9.00346,Widowed,?,Not-in-family,White,Female,13.85484,-0.034684326,64.940865,United-States,<=50K
33.07818,Local-gov,221692.17,Some-college,10.008355,Married-civ-spouse,Handlers-cleaners,Husband,White,Male,6.8121157,-0.041787293,65.820694,?,<=50K
54.821125,?,316292.78,7th-8th,3.9965916,Married-civ-spouse,?,Husband,White,Male,49.142925,-0.051453736,39.939655,?,<=50K
32.947712,State-gov,108843.47,Bachelors,13.014869,Divorced,Prof-specialty,Not-in-family,White,Female,26.017681,1099.6228,39.970364,United-States,<=50K
56.86884,Federal-gov,96781.336,Some-college,10.020802,Divorced,Prof-specialty,Not-in-family,White,Male,1.4771547,0.026862,47.893005,United-States,>50K
35.95465,Private,166185.03,Bachelors,13.015693,Divorced,Adm-clerical,Not-in-family,White,Male,24.389507,-0.10674396,54.936558,United-States,>50K
21.916748,Private,133427.28,10th,5.997678,Married-civ-spouse,Sales,Wife,White,Female,35.16319,0.2080296,39.918915,United-States,<=50K
70.15158,Private,98924.75,Some-college,9.990245,Married-civ-spouse,Exec-managerial,Husband,Black,Male,-16.639301,-0.6781627,19.992153,United-States,>50K
43.015213,Self-emp-not-inc,171867.27,Assoc-acdm,12.018242,Married-civ-spouse,Craft-repair,Husband,White,Male,-23.997456,0.09409222,20.074457,United-States,<=50K
34.989204,Private,76297.21,HS-grad,8.998574,Married-civ-spouse,Other-service,Wife,Asian-Pac-Islander,Female,37.504253,0.16499218,39.962917,United-States,<=50K
42.887203,Private,213744.88,Masters,14.029759,Divorced,Prof-specialty,Not-in-family,White,Male,11.084577,0.48806652,39.943016,Canada,<=50K
41.976707,Private,256257.81,Some-college,9.987974,Married-civ-spouse,Machine-op-inspct,Wife,Black,Female,2.2308168,-0.4978191,48.04967,United-States,>50K
23.36659,Federal-gov,216291.53,Assoc-voc,11.021345,Married-civ-spouse,Handlers-cleaners,Husband,White,Male,-12.598529,-0.41074482,25.046783,United-States,<=50K
48.01766,Self-emp-inc,37258.06,HS-grad,9.001653,Married-civ-spouse,Farming-fishing,Husband,White,Male,2.4305239,-0.16337696,39.968403,United-States,>50K
44.976376,Federal-gov,72102.836,Some-college,9.986734,Married-civ-spouse,Adm-clerical,Husband,Black,Male,-36.042866,-0.033318665,20.033503,United-States,<=50K
49.188217,Self-emp-not-inc,181774.34,Bachelors,13.00796,Married-civ-spouse,Exec-managerial,Wife,White,Female,-4.6241636,-0.50467026,6.8535194,United-States,>50K
56.762104,Private,121014.42,10th,5.9985137,Married-civ-spouse,Transport-moving,Husband,White,Male,12.813336,0.095541805,59.751835,United-States,>50K
64.21637,State-gov,265157.94,Masters,14.017674,Married-civ-spouse,Prof-specialty,Wife,White,Female,-9.7643,-0.19976154,5.001091,United-States,>50K
69.02618,Private,107961.01,Bachelors,13.008315,Married-civ-spouse,Transport-moving,Husband,White,Male,-20.772114,-0.6017772,24.995222,United-States,<=50K
41.85009,Local-gov,248430.81,Some-college,10.030999,Divorced,Transport-moving,Not-in-family,White,Male,27.920269,-0.24686542,65.01163,United-States,>50K
39.107185,Private,159300.8,Assoc-voc,10.99369,Widowed,Exec-managerial,Unmarried,White,Female,17.515972,3011.6033,40.003277,United-States,>50K
35.911533,Private,358225.0,Bachelors,13.027993,Never-married,Exec-managerial,Other-relative,White,Male,43.70738,-0.3945171,50.000114,?,<=50K
47.196175,Private,174170.1,Masters,14.018485,Never-married,Prof-specialty,Not-in-family,White,Female,80.97447,-0.9387294,39.849636,England,>50K
41.02569,Private,190744.56,Masters,14.007291,Divorced,Exec-managerial,Unmarried,Black,Female,5.0059633,-0.5816814,60.109657,United-States,>50K
55.008797,Private,321763.9,Masters,14.009867,Widowed,Exec-managerial,Own-child,White,Male,-6.7914,-0.20962635,61.875637,United-States,>50K
49.055874,Private,289010.5,HS-grad,9.014667,Divorced,Exec-managerial,Unmarried,White,Male,23.835064,-0.14967456,59.921673,United-States,<=50K
51.009117,State-gov,199718.42,HS-grad,8.996496,Married-civ-spouse,Other-service,Husband,White,Male,8.852155,-0.22361103,39.996384,United-States,>50K
51.00419,Local-gov,202542.6,Doctorate,16.04255,Divorced,Exec-managerial,Not-in-family,White,Female,14.346051,0.6461247,45.055984,United-States,>50K
34.201553,Self-emp-not-inc,196265.73,Assoc-acdm,11.998364,Married-civ-spouse,Prof-specialty,Wife,White,Female,2.7195864,-0.27944294,24.924961,United-States,>50K
33.034016,State-gov,26919.809,Doctorate,16.030495,Married-civ-spouse,Prof-specialty,Husband,Asian-Pac-Islander,Male,-4.538226,0.15768322,19.85754,United-States,<=50K
50.039352,State-gov,210590.03,Masters,14.025656,Never-married,Prof-specialty,Not-in-family,White,Male,0.8668031,0.54508865,37.975975,United-States,<=50K
22.216976,Private,199140.06,HS-grad,8.995831,Married-civ-spouse,Priv-house-serv,Wife,White,Female,4606.048,-0.30272785,39.971504,United-States,<=50K
43.918217,Self-emp-inc,77459.64,Masters,14.020771,Divorced,Exec-managerial,Unmarried,Asian-Pac-Islander,Female,5.250104,0.045683715,39.9954,United-States,<=50K
42.938354,Private,342885.28,Masters,14.023703,Divorced,Exec-managerial,Not-in-family,White,Female,7.66319,-0.08019367,50.063232,United-States,<=50K
27.070238,Private,336092.44,HS-grad,8.992276,Married-civ-spouse,Transport-moving,Husband,White,Male,-2.3687925,-0.62224686,98.236275,United-States,<=50K
34.101345,Local-gov,210387.36,Bachelors,13.010285,Divorced,Prof-specialty,Unmarried,White,Female,6625.7583,-0.2898189,39.99719,United-States,<=50K
42.99876,?,395592.9,HS-grad,8.993433,Married-civ-spouse,?,Husband,White,Male,4.0723696,-0.3008205,40.00981,United-States,<=50K
33.04994,Private,97493.4,HS-grad,8.993524,Married-civ-spouse,Craft-repair,Husband,White,Male,8.469586,-0.37714496,30.056719,United-States,>50K
64.17192,Local-gov,83600.4,HS-grad,8.999916,Married-civ-spouse,Other-service,Husband,Asian-Pac-Islander,Male,2.3541079,-0.07996479,35.080585,United-States,>50K
28.809711,Local-gov,29581.762,HS-grad,8.9934225,Married-civ-spouse,Other-service,Wife,White,Female,2668.1199,-0.075814396,39.973766,United-States,<=50K
30.084408,Private,327106.56,Bachelors,13.0053,Married-civ-spouse,Exec-managerial,Husband,Asian-Pac-Islander,Male,6.926862,-0.38371387,39.957798,Hong,>50K
55.874702,Self-emp-not-inc,50629.12,HS-grad,9.010902,Divorced,Exec-managerial,Not-in-family,White,Male,18.075542,-0.012681154,50.008442,United-States,>50K
34.033188,Private,25465.09,Bachelors,13.013534,Married-spouse-absent,Machine-op-inspct,Not-in-family,Asian-Pac-Islander,Male,2.0826235,2345.2305,39.947693,?,<=50K
24.316332,Private,50397.465,Some-college,9.978928,Married-civ-spouse,Sales,Husband,Amer-Indian-Eskimo,Male,24.288921,0.36344036,39.990902,United-States,<=50K
38.968716,Private,56720.777,HS-grad,9.009945,Separated,Exec-managerial,Not-in-family,White,Male,28.035503,2268.7432,69.897095,United-States,<=50K
48.972008,Private,100278.4,9th,5.0010858,Married-civ-spouse,Handlers-cleaners,Husband,White,Male,3960.4124,-0.40181842,39.927917,United-States,<=50K
68.006424,Private,75282.65,HS-grad,9.001524,Married-civ-spouse,Handlers-cleaners,Husband,White,Male,8.912213,-0.402589,44.935707,United-States,>50K
41.785225,Private,244734.8,HS-grad,9.015039,Divorced,Tech-support,Not-in-family,White,Male,8682.323,0.4638432,39.94707,Mexico,>50K
26.07939,Private,146396.06,Some-college,9.987547,Married-civ-spouse,Sales,Wife,Black,Female,23.583843,-0.4867336,39.962154,United-States,<=50K
27.90399,Private,307380.06,Assoc-acdm,12.014164,Married-civ-spouse,Handlers-cleaners,Husband,White,Male,20.883648,-0.021462586,40.020603,Nicaragua,<=50K
44.790062,Private,172348.52,Some-college,10.025381,Divorced,Protective-serv,Not-in-family,White,Male,9.206891,-0.67358506,69.777534,United-States,<=50K
67.096214,Self-emp-not-inc,252464.42,HS-grad,8.998667,Married-civ-spouse,Farming-fishing,Husband,White,Male,1705.9451,0.16300091,19.997095,United-States,<=50K
37.009785,Self-emp-not-inc,144246.81,Bachelors,13.002037,Married-civ-spouse,Prof-specialty,Wife,White,Female,17.842876,-0.6342708,39.990814,Germany,>50K
52.870735,Self-emp-inc,136993.38,Some-college,10.007294,Widowed,Exec-managerial,Not-in-family,White,Male,10.810651,-0.3489162,39.97943,United-States,>50K
53.729435,Self-emp-not-inc,56964.434,HS-grad,8.994093,Married-civ-spouse,Craft-repair,Husband,White,Male,-7.3648863,-0.34360614,34.97895,United-States,<=50K
31.964796,Private,417478.9,12th,7.9889126,Married-civ-spouse,Sales,Husband,White,Male,23.012554,-0.77803147,39.99822,United-States,>50K
43.647865,Self-emp-not-inc,255039.19,5th-6th,3.051095,Married-civ-spouse,Farming-fishing,Husband,White,Male,60.305523,0.6164464,84.60688,United-States,>50K
49.12517,Private,315902.06,HS-grad,9.001387,Married-civ-spouse,Transport-moving,Husband,Black,Male,3.875104,-0.3846523,48.04206,United-States,>50K
35.057335,Private,342857.12,Doctorate,16.04059,Married-civ-spouse,Tech-support,Wife,White,Female,29.408794,0.19251141,19.830023,?,<=50K
53.92873,Self-emp-not-inc,32989.09,HS-grad,8.984916,Married-civ-spouse,Sales,Wife,White,Female,11.978375,-0.0907146,30.002396,United-States,<=50K
64.14486,Private,81413.48,Preschool,1.1466745,Married-civ-spouse,Handlers-cleaners,Husband,Asian-Pac-Islander,Male,96.16124,0.17224011,39.918373,Philippines,<=50K
63.13041,Private,202659.28,HS-grad,9.010966,Divorced,Prof-specialty,Not-in-family,White,Female,26.734234,-0.11069599,72.02495,United-States,<=50K
41.87322,Federal-gov,158849.31,Assoc-acdm,12.019845,Divorced,Prof-specialty,Unmarried,Asian-Pac-Islander,Female,18.932964,-0.15666309,40.01757,Philippines,>50K
52.12194,Private,125911.49,HS-grad,8.986892,Married-civ-spouse,Machine-op-inspct,Wife,Asian-Pac-Islander,Female,34.73863,0.5198201,39.96623,China,<=50K
64.177414,Self-emp-inc,141840.48,Bachelors,13.016688,Divorced,Sales,Not-in-family,White,Male,8.3482485,0.038802,44.956264,United-States,<=50K
32.125614,Self-emp-not-inc,172952.14,Assoc-voc,10.998963,Married-civ-spouse,Prof-specialty,Husband,Other,Male,16.758892,-0.4640514,60.013958,United-States,<=50K
67.21725,Private,224723.98,HS-grad,8.988575,Widowed,Adm-clerical,Not-in-family,White,Female,15379.675,-0.33550373,15.936848,Germany,>50K
48.970627,Private,104166.59,10th,5.9895954,Married-civ-spouse,Machine-op-inspct,Husband,White,Male,0.0716371,0.15666088,49.94531,United-States,<=50K
28.031385,Private,482302.38,HS-grad,8.996099,Married-civ-spouse,Machine-op-inspct,Husband,White,Male,0.14951795,-0.116898686,44.946518,United-States,<=50K
72.05395,Private,106597.53,Masters,14.030617,Divorced,Prof-specialty,Not-in-family,White,Male,41.74986,-0.89765275,59.903126,Cuba,>50K
39.142593,Local-gov,110663.15,Assoc-acdm,12.008297,Married-civ-spouse,Adm-clerical,Wife,White,Female,-1.2284117,-0.103562504,19.992207,United-States,>50K
40.04264,Private,113701.96,HS-grad,8.984534,Married-civ-spouse,Exec-managerial,Wife,White,Female,19.842388,-0.092332035,23.884573,United-States,>50K
49.09551,Self-emp-not-inc,106433.85,HS-grad,8.995422,Divorced,Exec-managerial,Unmarried,White,Female,14050.386,-0.4721767,30.034262,United-States,>50K
55.14163,Self-emp-not-inc,283244.75,Prof-school,15.023638,Divorced,Prof-specialty,Not-in-family,White,Female,7.0984926,-0.05318561,34.924038,United-States,<=50K
51.014717,Private,220830.97,Bachelors,13.014405,Divorced,Exec-managerial,Unmarried,White,Male,6.1680727,-0.47232166,40.008427,United-States,>50K
37.98192,Private,133246.61,HS-grad,8.99958,Married-civ-spouse,Craft-repair,Husband,White,Male,6.8868227,-0.46186176,40.76955,El-Salvador,>50K
22.27663,Private,114557.55,Assoc-acdm,12.001482,Married-civ-spouse,Prof-specialty,Wife,White,Female,8.285016,-0.07024494,39.96197,United-States,<=50K
61.19885,Private,446682.8,Bachelors,12.984768,Married-civ-spouse,Exec-managerial,Husband,Other,Male,-16.496479,-0.85142624,23.846977,United-States,>50K
54.004963,Private,178501.5,Some-college,9.990458,Married-civ-spouse,Prof-specialty,Husband,Black,Male,18.353374,-0.48770252,56.11451,Haiti,>50K
49.080032,Private,167233.72,Bachelors,13.021539,Divorced,Protective-serv,Not-in-family,White,Male,-2.1773863,-0.04219165,39.959515,United-States,<=50K
79.24036,Local-gov,146859.77,Doctorate,16.028343,Widowed,Prof-specialty,Unmarried,White,Female,11.592877,-0.39565387,39.94017,United-States,<=50K
41.041813,Federal-gov,346765.28,Masters,14.010566,Divorced,Exec-managerial,Unmarried,White,Female,-21.468403,-0.32356372,40.001144,United-States,>50K
37.905903,Private,195900.94,Prof-school,15.040463,Separated,Prof-specialty,Not-in-family,White,Male,22.160992,0.17861065,34.933018,United-States,>50K
27.91403,Private,104539.76,11th,6.970605,Married-civ-spouse,Exec-managerial,Husband,White,Male,27.528912,-0.33132282,49.971992,United-States,>50K
39.07985,Self-emp-inc,186181.36,Bachelors,13.003803,Married-spouse-absent,Sales,Not-in-family,White,Male,5.648053,0.0010212392,39.98759,United-States,<=50K
35.01611,Local-gov,246397.27,Bachelors,13.014862,Divorced,Prof-specialty,Not-in-family,White,Male,28.661236,0.15705761,50.022804,United-States,<=50K
29.88921,Private,65314.184,Bachelors,13.006076,Never-married,Prof-specialty,Not-in-family,White,Female,34.434673,0.15060315,60.067993,Outlying-US(Guam-USVI-etc),<=50K
36.074963,Self-emp-not-inc,407023.47,Some-college,9.994477,Married-civ-spouse,Craft-repair,Husband,White,Male,-9.936908,-0.47434345,40.045887,United-States,>50K
33.03695,Private,163465.45,HS-grad,8.974201,Married-civ-spouse,Prof-specialty,Husband,Amer-Indian-Eskimo,Male,25.512066,0.055235717,47.994442,United-States,>50K
48.03927,Private,246978.0,Some-college,9.9977865,Widowed,Sales,Unmarried,White,Male,16.87144,-0.3142101,50.020123,United-States,>50K
58.07223,Private,33933.09,Masters,14.039456,Divorced,Prof-specialty,Not-in-family,White,Male,-0.19472033,0.4369572,19.946398,United-States,<=50K
44.93618,Self-emp-inc,203532.19,Bachelors,13.01377,Divorced,Exec-managerial,Unmarried,White,Male,-2.6339293,-0.41944996,50.122982,United-States,>50K
45.951897,Self-emp-inc,111287.49,Bachelors,13.014728,Divorced,Exec-managerial,Not-in-family,White,Female,13.546247,-0.22273365,50.12217,United-States,<=50K
43.905403,Private,297561.9,Assoc-acdm,12.021162,Never-married,Exec-managerial,Not-in-family,Asian-Pac-Islander,Female,19.167095,-0.059388306,50.077404,United-States,<=50K
54.68665,Private,187732.5,5th-6th,3.01407,Married-civ-spouse,Craft-repair,Husband,White,Male,43.359966,-0.32467,49.833847,United-States,<=50K
61.098793,Self-emp-inc,186820.52,HS-grad,8.985163,Married-civ-spouse,Exec-managerial,Husband,White,Male,-23.843159,-0.10433307,19.964317,United-States,>50K
24.183395,Private,198796.7,HS-grad,9.005423,Married-civ-spouse,Craft-repair,Husband,White,Male,18.036236,-0.26463428,59.851376,Mexico,>50K
66.200615,Local-gov,222089.33,Some-college,10.018495,Divorced,Other-service,Other-relative,White,Female,7877.336,-0.24729267,39.9861,?,>50K
26.110666,Local-gov,423325.03,Masters,14.024167,Never-married,Prof-specialty,Not-in-family,White,Female,2112.2922,0.1095036,39.95363,United-States,<=50K
28.048073,Private,201078.47,Some-college,9.998794,Married-civ-spouse,Machine-op-inspct,Husband,White,Male,-0.6483336,-0.01020923,39.996044,United-States,>50K
70.14839,?,134803.97,Bachelors,13.005223,Married-civ-spouse,?,Husband,Asian-Pac-Islander,Male,0.64414686,0.0059116813,39.994907,China,<=50K
38.95076,Private,337887.6,Some-college,10.014074,Divorced,Sales,Not-in-family,White,Male,4687.239,0.061911438,39.95943,United-States,<=50K
50.059856,Self-emp-inc,177182.89,HS-grad,8.988623,Married-civ-spouse,Sales,Wife,White,Female,15.679547,-0.0027019053,30.02084,United-States,<=50K
54.85476,Local-gov,159341.25,HS-grad,9.004851,Married-civ-spouse,Transport-moving,Husband,White,Male,1.6334047,-0.02757373,40.00874,United-States,<=50K
47.00742,Federal-gov,217895.36,Assoc-acdm,12.022962,Married-civ-spouse,Handlers-cleaners,Husband,Asian-Pac-Islander,Male,-17.280415,-0.3933803,40.02289,Philippines,>50K
50.086998,Local-gov,424636.34,Bachelors,13.009336,Divorced,Exec-managerial,Not-in-family,White,Female,17.809673,-0.3131267,39.997833,United-States,>50K
66.08549,Private,186091.3,Bachelors,13.005239,Married-civ-spouse,Sales,Husband,White,Male,-14.812396,-0.3411037,5.086323,United-States,>50K
58.961544,Local-gov,220422.45,HS-grad,9.004127,Married-civ-spouse,Protective-serv,Husband,White,Male,-17.71474,-0.21266285,39.98973,United-States,>50K
27.061464,?,173801.84,Some-college,9.995886,Married-civ-spouse,?,Wife,White,Female,14.019635,-0.16030231,39.98194,United-States,>50K
34.03017,Local-gov,43302.934,HS-grad,9.000843,Married-civ-spouse,Other-service,Husband,White,Male,18.806744,-0.28370777,50.014782,United-States,<=50K
34.93749,Self-emp-not-inc,221495.95,HS-grad,9.002533,Married-civ-spouse,Farming-fishing,Husband,White,Male,43.765484,-0.21710315,39.978687,Mexico,<=50K
31.019049,Private,187046.81,Bachelors,13.007766,Never-married,Prof-specialty,Not-in-family,White,Female,21.727642,-0.26358142,72.033775,United-States,>50K
46.783405,Self-emp-not-inc,118616.02,5th-6th,3.043118,Married-civ-spouse,Sales,Husband,White,Male,49.14903,0.01992688,54.654728,Italy,>50K
39.77637,Private,143403.44,5th-6th,3.0474439,Married-civ-spouse,Other-service,Husband,Other,Male,4377.0654,0.17050824,39.93721,Mexico,<=50K
47.048,Local-gov,192485.11,Masters,14.026696,Divorced,Protective-serv,Not-in-family,Black,Male,-14.546527,0.43923077,50.045296,United-States,>50K
48.960953,Private,166788.9,7th-8th,3.9693646,Married-civ-spouse,Machine-op-inspct,Husband,White,Male,34.263287,-0.09023395,47.81742,United-States,<=50K
48.148182,Local-gov,349201.28,Masters,14.0431185,Divorced,Other-service,Not-in-family,White,Male,12.327497,0.19895825,39.97993,United-States,<=50K
41.104824,Private,219755.98,Assoc-acdm,11.999277,Married-civ-spouse,Sales,Husband,White,Male,-4.416644,-0.26343647,19.989706,United-States,<=50K
51.068073,Private,188949.77,Assoc-voc,10.994159,Married-civ-spouse,Other-service,Husband,White,Male,19.581646,-0.5037929,50.100803,Germany,>50K
36.893124,Private,254804.81,HS-grad,8.998908,Married-civ-spouse,Handlers-cleaners,Wife,White,Female,32.5128,-0.06319538,39.968094,United-States,>50K
36.989372,Private,516401.16,Masters,14.008028,Never-married,Exec-managerial,Not-in-family,Black,Male,-2.4142027,1565.5165,49.99956,United-States,>50K
37.98705,State-gov,141710.39,HS-grad,8.990607,Married-civ-spouse,Adm-clerical,Wife,Black,Female,23.650738,-0.24717823,39.992218,United-States,<=50K
39.914608,Private,224915.45,Some-college,10.026145,Divorced,Craft-repair,Not-in-family,White,Male,28.295269,-0.31124988,59.833683,United-States,<=50K
55.117756,Private,400037.4,Masters,14.016595,Widowed,Exec-managerial,Not-in-family,White,Female,2.944684,-0.45349994,39.955555,United-States,>50K
25.071379,Self-emp-inc,180455.39,HS-grad,9.0093565,Married-civ-spouse,Sales,Husband,White,Male,27.369976,-0.1361095,59.79455,?,<=50K
61.067387,Local-gov,176403.12,HS-grad,9.0024805,Married-civ-spouse,Handlers-cleaners,Husband,White,Male,1.6815004,-0.15893665,39.986965,United-States,<=50K
25.18025,Self-emp-inc,161298.03,HS-grad,8.998328,Married-civ-spouse,Exec-managerial,Husband,White,Male,-4.147601,-0.34570423,40.01694,United-States,<=50K
43.075886,Self-emp-not-inc,276482.44,HS-grad,8.992305,Married-civ-spouse,Exec-managerial,Husband,White,Male,-5.9974546,-0.52013505,35.00956,United-States,<=50K
38.000668,Local-gov,407606.2,Some-college,10.006681,Married-civ-spouse,Tech-support,Husband,White,Male,-7.975238,-0.5722438,40.02298,United-States,>50K
49.18599,Private,90143.01,Some-college,9.988413,Married-civ-spouse,Adm-clerical,Husband,Asian-Pac-Islander,Male,-4.5809507,-0.033715393,40.01613,Outlying-US(Guam-USVI-etc),>50K
35.002235,Private,113949.34,HS-grad,9.01305,Never-married,Machine-op-inspct,Unmarried,White,Male,6598.6157,0.0008533925,65.09683,United-States,<=50K
31.84445,Private,26442.465,Some-college,10.000334,Separated,Prof-specialty,Not-in-family,White,Male,24.850933,2242.6606,39.956757,United-States,>50K
32.06503,Private,238635.27,HS-grad,8.998376,Married-civ-spouse,Craft-repair,Husband,Black,Male,1.8455629,1584.2026,36.02228,United-States,<=50K
35.130344,Private,201995.39,HS-grad,9.000948,Married-civ-spouse,Exec-managerial,Husband,White,Male,10.170758,-0.36523548,54.95251,Iran,>50K
41.851418,Private,444030.78,Assoc-acdm,12.030359,Divorced,Craft-repair,Not-in-family,White,Male,14.679791,-0.15857044,39.981113,United-States,<=50K
26.81851,Federal-gov,103875.516,HS-grad,9.019648,Divorced,Adm-clerical,Not-in-family,White,Male,4784.1475,-0.14776722,49.961998,United-States,<=50K
50.0593,Local-gov,163507.34,Masters,14.019109,Never-married,Prof-specialty,Not-in-family,White,Female,9.568219,0.1462315,50.035576,United-States,>50K
55.01308,Private,124939.06,HS-grad,8.990903,Married-civ-spouse,Exec-managerial,Wife,White,Female,20.482525,-0.13539997,5.9295044,United-States,>50K
29.822927,Private,116211.77,HS-grad,8.998122,Married-civ-spouse,Sales,Wife,Asian-Pac-Islander,Female,39.701275,1573.6824,34.89872,?,<=50K
24.013954,Private,235552.42,HS-grad,9.01576,Married-civ-spouse,Farming-fishing,Husband,White,Male,32.51646,-0.28046528,54.830845,United-States,<=50K
59.045383,State-gov,201776.39,HS-grad,8.998656,Married-civ-spouse,Sales,Husband,White,Male,6.8013735,-0.29820362,39.989887,United-States,<=50K
59.10532,State-gov,99358.99,Masters,14.021817,Divorced,Prof-specialty,Not-in-family,White,Female,0.6190004,0.17661938,59.949615,United-States,<=50K
24.128956,Private,187630.42,Bachelors,13.016058,Married-AF-spouse,Prof-specialty,Wife,White,Female,30.566021,-0.033349182,39.947952,United-States,>50K
31.665077,Private,316486.03,5th-6th,3.0733933,Married-civ-spouse,Craft-repair,Husband,White,Male,52.06773,0.031584594,59.622894,Mexico,<=50K
34.161503,Private,99722.7,Some-college,9.990398,Married-civ-spouse,Adm-clerical,Wife,White,Female,20.960064,-0.24160877,19.933243,United-States,<=50K
33.036263,Private,434921.03,Masters,14.0201645,Never-married,Exec-managerial,Not-in-family,White,Male,0.8035707,-0.13437763,49.990112,United-States,>50K
30.0484,Private,37072.81,Bachelors,13.002869,Married-civ-spouse,Sales,Husband,White,Male,14.8065,-0.5664989,39.969456,Mexico,>50K
59.90781,Self-emp-inc,141868.05,10th,5.9793053,Married-civ-spouse,Craft-repair,Husband,White,Male,0.06089491,-0.39465442,39.967426,United-States,<=50K
63.127556,Private,173590.45,Some-college,9.990293,Married-civ-spouse,Sales,Husband,Black,Male,-12.362201,-0.4530498,40.00247,United-States,>50K
32.18991,Self-emp-not-inc,291522.7,Some-college,9.992512,Married-civ-spouse,Exec-managerial,Husband,White,Male,-8.225726,-0.8437282,35.02283,United-States,>50K
29.04102,Private,254350.56,Some-college,10.00348,Married-civ-spouse,Handlers-cleaners,Husband,White,Male,3174.0913,-0.5898372,40.016014,United-States,>50K
50.072617,Local-gov,182957.31,Bachelors,13.014346,Separated,Prof-specialty,Not-in-family,White,Male,22.303326,0.09014019,39.973423,United-States,>50K
42.02418,Private,169781.23,Bachelors,13.015124,Divorced,Exec-managerial,Not-in-family,White,Female,21.855816,-0.19117847,54.994987,United-States,>50K
50.02952,Private,61441.777,Assoc-voc,11.0419035,Married-civ-spouse,Farming-fishing,Husband,Asian-Pac-Islander,Male,26.024273,0.16459545,39.977917,United-States,>50K
27.880733,Private,277447.06,Assoc-voc,11.026032,Never-married,Exec-managerial,Not-in-family,White,Male,25.03062,-0.08915058,59.931774,United-States,>50K
64.21315,?,338326.25,Assoc-voc,10.993915,Married-civ-spouse,?,Wife,White,Female,3.3948793,-0.30388752,14.949516,United-States,<=50K
36.970303,Private,79945.37,Bachelors,13.009454,Married-civ-spouse,Other-service,Husband,Asian-Pac-Islander,Male,16.806011,0.32853588,30.08379,China,<=50K
64.18678,Private,162524.98,Some-college,10.005358,Widowed,Sales,Not-in-family,White,Male,2241.9353,-0.123093754,34.90454,United-States,<=50K
48.122097,Private,165353.77,Bachelors,13.013402,Separated,Sales,Not-in-family,White,Male,17.891216,-0.25141254,65.21063,United-States,>50K
27.005112,Private,99899.37,Some-college,10.007541,Married-civ-spouse,Craft-repair,Husband,Asian-Pac-Islander,Male,17.842876,-0.55714524,40.01401,Philippines,>50K
33.185577,Private,323609.03,Bachelors,13.001975,Married-civ-spouse,Adm-clerical,Wife,White,Female,17.044048,-0.5055553,4.98349,United-States,>50K
23.960611,Private,258508.0,Bachelors,13.018678,Never-married,Sales,Not-in-family,White,Male,56.0731,-0.26050678,54.83594,Jamaica,<=50K
69.21107,Local-gov,215811.39,Assoc-acdm,12.008937,Widowed,Adm-clerical,Unmarried,White,Female,0.40415663,-0.2480022,40.00946,United-States,<=50K
40.98129,Private,112524.54,Some-college,10.00047,Married-civ-spouse,Farming-fishing,Husband,White,Male,16.000347,-0.3635036,16.012094,United-States,<=50K
26.297756,State-gov,238401.42,Bachelors,13.007084,Married-civ-spouse,Adm-clerical,Husband,White,Male,4026.3218,-0.17167774,7.0923615,United-States,<=50K
51.90262,Private,253772.98,9th,5.0136895,Married-civ-spouse,Transport-moving,Husband,White,Male,37.264507,-0.30065265,44.92894,United-States,>50K
52.95967,Private,313071.66,Some-college,10.007686,Separated,Craft-repair,Not-in-family,White,Male,7.24986,2456.535,44.950485,United-States,>50K
41.06887,Local-gov,50476.184,Bachelors,13.0122385,Widowed,Adm-clerical,Not-in-family,White,Female,24.15855,-0.11749378,39.98952,United-States,<=50K
35.870583,Local-gov,186635.81,Masters,14.0215,Never-married,Prof-specialty,Not-in-family,White,Male,7.5772524,0.47129712,49.971157,United-States,>50K
40.118904,Private,398603.38,Some-college,9.986864,Married-civ-spouse,Machine-op-inspct,Husband,Other,Male,5.5596743,-0.23856464,40.01976,United-States,>50K
20.28115,Private,339340.44,HS-grad,8.991434,Married-civ-spouse,Other-service,Wife,White,Female,42.620953,0.029791687,39.984325,Peru,<=50K
36.96196,Self-emp-not-inc,106718.44,HS-grad,8.996973,Married-civ-spouse,Machine-op-inspct,Husband,White,Male,1.0291567,-0.2796413,39.980114,United-States,<=50K
58.939445,Self-emp-not-inc,273673.16,11th,6.9718027,Married-civ-spouse,Sales,Husband,White,Male,11.493756,0.21624646,69.62194,United-States,>50K
46.730247,Self-emp-not-inc,147490.8,7th-8th,4.009469,Married-civ-spouse,Farming-fishing,Husband,White,Male,57.08189,-0.2288982,72.19339,United-States,>50K
56.78945,Private,210585.97,10th,6.0080404,Divorced,Adm-clerical,Not-in-family,White,Male,28.939068,-0.3963329,63.82762,United-States,<=50K
49.15154,State-gov,216017.22,Prof-school,15.033304,Divorced,Exec-managerial,Not-in-family,White,Female,10.375104,0.088751644,39.980484,United-States,<=50K
44.89699,Private,246763.98,HS-grad,9.002488,Married-civ-spouse,Transport-moving,Other-relative,White,Female,50.36973,-0.2822887,50.06571,United-States,<=50K
52.00073,Self-emp-inc,73779.695,HS-grad,9.004033,Married-civ-spouse,Sales,Husband,Asian-Pac-Islander,Male,7.152936,-0.095116764,39.984028,United-States,>50K
47.01002,Private,150104.27,Bachelors,13.017958,Divorced,Handlers-cleaners,Not-in-family,White,Male,19.533062,1570.0591,50.96769,United-States,>50K
40.023453,?,253892.23,HS-grad,8.988139,Married-civ-spouse,?,Wife,White,Female,16.963482,0.08172497,34.967457,United-States,>50K
49.16206,Local-gov,159953.72,Bachelors,13.009379,Divorced,Exec-managerial,Unmarried,White,Female,2.16319,640.4182,40.0285,United-States,<=50K
70.94987,Private,537205.44,7th-8th,3.9873023,Married-civ-spouse,Craft-repair,Husband,White,Male,19.13145,0.064413875,39.925674,United-States,>50K
48.01096,Private,412730.88,11th,6.9943686,Married-civ-spouse,Transport-moving,Husband,White,Male,10.1763735,2004.8256,40.022465,United-States,<=50K
39.030556,Private,128944.44,Bachelors,13.014462,Never-married,Exec-managerial,Not-in-family,White,Male,12.111432,-0.012879518,50.04812,United-States,>50K
40.93219,Private,349228.28,Assoc-acdm,12.0310545,Married-civ-spouse,Farming-fishing,Husband,Asian-Pac-Islander,Male,9.848981,-0.3718578,40.001656,United-States,<=50K
25.99254,Private,205210.1,HS-grad,9.003551,Married-civ-spouse,Craft-repair,Husband,White,Male,16.605572,-0.5151912,39.999332,United-States,>50K
57.998226,Self-emp-inc,186366.17,Some-college,10.003434,Married-civ-spouse,Transport-moving,Wife,White,Female,0.10093398,-0.2769405,40.011803,United-States,>50K
35.964745,Private,220954.88,Some-college,10.000196,Married-civ-spouse,Craft-repair,Husband,White,Male,27.079449,-0.4748241,40.00698,Japan,<=50K
40.69597,Private,440379.8,5th-6th,3.049603,Married-civ-spouse,Farming-fishing,Husband,White,Male,3720.4585,0.10443768,39.91245,Mexico,<=50K
37.93892,Self-emp-inc,221871.42,Prof-school,15.015268,Never-married,Sales,Not-in-family,White,Female,13.400983,0.07692608,45.015606,United-States,<=50K
55.106903,Private,159013.69,HS-grad,8.971201,Married-civ-spouse,Machine-op-inspct,Husband,Amer-Indian-Eskimo,Male,4.291852,0.2775639,39.98044,United-States,>50K
70.839615,?,287644.8,Doctorate,16.031488,Married-civ-spouse,?,Husband,White,Male,-38.221577,0.046789978,9.911591,United-States,>50K
58.05316,Private,244141.02,Bachelors,13.019355,Widowed,Craft-repair,Not-in-family,White,Male,5.8101625,-0.3918163,39.9708,United-States,>50K
48.1207,Local-gov,127778.36,Masters,14.008392,Widowed,Prof-specialty,Unmarried,White,Female,7.1153383,-0.377206,44.064278,United-States,<=50K
30.890244,Private,170287.39,HS-grad,8.998847,Divorced,Exec-managerial,Not-in-family,White,Female,24.045513,-0.7882091,98.5509,United-States,<=50K
81.200905,Self-emp-not-inc,135588.95,HS-grad,8.997874,Married-civ-spouse,Exec-managerial,Husband,White,Male,-23.54189,-0.5854045,30.041088,United-States,<=50K
73.1329,Private,35495.137,Bachelors,13.01641,Divorced,Exec-managerial,Unmarried,White,Female,-3.4679136,-0.3416988,39.977615,United-States,>50K
50.990093,Private,113991.83,Some-college,10.007999,Divorced,Adm-clerical,Unmarried,White,Female,12.335797,2559.839,40.009884,United-States,>50K
33.096405,?,49360.34,Some-college,9.98139,Married-civ-spouse,?,Wife,Black,Female,12.859723,-0.28842273,30.040033,United-States,<=50K
55.693424,Self-emp-inc,33452.934,7th-8th,3.978485,Married-civ-spouse,Craft-repair,Husband,White,Male,26.001324,-0.46487537,49.902687,United-States,>50K
45.939182,Self-emp-not-inc,56548.855,HS-grad,8.988962,Married-civ-spouse,Craft-repair,Husband,Black,Male,-3.3863707,-0.59896195,30.04965,United-States,>50K
49.171207,Private,121830.805,Assoc-voc,10.998256,Married-civ-spouse,Sales,Husband,White,Male,2.175397,0.036894653,24.896152,United-States,<=50K
37.975975,Private,191453.66,12th,7.9872155,Married-civ-spouse,Craft-repair,Husband,White,Male,16.512066,-0.48727527,40.01393,United-States,>50K
50.923386,Private,28516.168,HS-grad,9.01156,Divorced,Other-service,Not-in-family,White,Male,26.551373,-0.23708454,80.88961,United-States,<=50K
44.96851,Private,35822.684,Bachelors,13.006227,Married-civ-spouse,Tech-support,Husband,Black,Male,-13.97475,-0.41057697,40.013855,United-States,>50K
29.066235,Private,463393.34,Bachelors,12.99556,Married-civ-spouse,Other-service,Husband,White,Male,4.462262,-0.6018077,40.038517,United-States,<=50K
50.91963,Private,113386.29,11th,6.987301,Married-civ-spouse,Machine-op-inspct,Husband,White,Male,7.036969,0.19106182,47.88745,United-States,>50K
36.037525,Private,186213.02,Bachelors,13.009487,Married-civ-spouse,Craft-repair,Own-child,White,Male,7.0633364,-0.5698863,40.01393,United-States,>50K
58.06695,Self-emp-inc,154826.31,HS-grad,8.988092,Married-civ-spouse,Exec-managerial,Wife,White,Female,6.7425356,-0.1784679,19.959602,United-States,>50K
31.997105,State-gov,33099.215,Bachelors,13.028806,Married-civ-spouse,Farming-fishing,Husband,White,Male,0.7747621,-0.10546985,39.98747,United-States,>50K
41.86617,State-gov,117143.61,Assoc-acdm,12.040051,Divorced,Tech-support,Not-in-family,Black,Female,7.03526,1980.5875,39.993176,United-States,<=50K
38.836807,Private,384911.12,10th,6.0241256,Widowed,Machine-op-inspct,Not-in-family,Black,Male,21.299908,1594.1274,39.934776,United-States,<=50K
30.109753,Self-emp-not-inc,175767.11,Assoc-acdm,12.012785,Married-civ-spouse,Sales,Husband,White,Male,-6.1607847,-0.17823902,60.031895,Iran,<=50K
56.845383,Self-emp-not-inc,71692.664,HS-grad,9.010319,Widowed,Craft-repair,Not-in-family,White,Male,23.419292,-0.22187915,54.79642,United-States,>50K
63.05793,State-gov,99538.17,Some-college,9.999562,Married-civ-spouse,Protective-serv,Husband,White,Male,-26.670307,-0.2664806,32.04965,United-States,<=50K
56.9081,Private,134842.86,9th,4.996754,Married-civ-spouse,Craft-repair,Husband,Black,Male,24.227398,-0.2811443,39.941605,United-States,>50K
39.989895,Local-gov,27279.809,Bachelors,13.016383,Never-married,Prof-specialty,Not-in-family,White,Male,15.779645,0.29919323,50.01883,United-States,>50K
63.10538,Self-emp-not-inc,123369.01,Masters,14.027429,Separated,Prof-specialty,Not-in-family,White,Male,-1.086566,-0.029938843,39.93731,United-States,>50K
66.775795,Federal-gov,65105.754,HS-grad,9.009249,Married-civ-spouse,Tech-support,Husband,White,Male,-30.290668,-0.31144825,39.961678,United-States,>50K
51.980095,State-gov,109105.35,Masters,14.00317,Married-spouse-absent,Exec-managerial,Unmarried,White,Female,4669.7744,-0.38697925,44.01833,United-States,>50K
49.016953,State-gov,139093.31,Some-college,10.0011,Married-civ-spouse,Other-service,Husband,White,Male,-9.570453,-0.7166835,69.80588,United-States,>50K
63.0492,Private,50436.855,HS-grad,8.987505,Married-civ-spouse,Sales,Husband,White,Male,-14.0770445,1587.7834,24.986567,United-States,<=50K
36.038063,Local-gov,321619.84,Some-college,9.984973,Married-civ-spouse,Prof-specialty,Husband,Black,Male,29.057232,1879.1936,40.03312,Jamaica,>50K
43.02041,Federal-gov,211306.05,Doctorate,16.046509,Separated,Prof-specialty,Unmarried,Black,Female,28.869732,-0.26744953,23.788301,United-States,>50K
31.092201,Private,189130.19,Assoc-acdm,12.01227,Married-civ-spouse,Adm-clerical,Husband,White,Male,-15.900775,-0.40216175,40.02392,Italy,<=50K
76.03816,Self-emp-not-inc,35161.684,Masters,13.995545,Married-civ-spouse,Prof-specialty,Husband,White,Male,-33.142475,-0.4548656,29.941526,?,>50K
63.084354,Federal-gov,154492.17,HS-grad,9.00052,Widowed,Exec-managerial,Not-in-family,White,Female,9.931989,-0.34713092,39.965008,United-States,<=50K
34.98663,Private,298404.03,Bachelors,13.01396,Never-married,Sales,Not-in-family,Asian-Pac-Islander,Male,28.019634,0.13648114,50.01315,United-States,<=50K
44.80555,Federal-gov,162211.28,Some-college,10.020535,Widowed,Tech-support,Not-in-family,White,Female,11.626813,-0.22705188,44.9345,United-States,>50K
31.766209,Private,175268.75,HS-grad,9.009712,Never-married,Craft-repair,Not-in-family,White,Male,4762.105,-0.22679248,39.939938,United-States,>50K
27.10703,Private,386008.3,Assoc-voc,10.981346,Married-civ-spouse,Craft-repair,Husband,White,Male,21.256939,-1.0128642,39.974564,Mexico,<=50K
42.98478,Private,269041.22,HS-grad,8.986375,Married-civ-spouse,Machine-op-inspct,Husband,Black,Male,14.237409,-0.26605335,39.991848,Germany,>50K
33.139187,Private,287105.3,Some-college,9.998434,Married-civ-spouse,Transport-moving,Husband,Black,Male,4.9036684,-0.37973133,50.092125,United-States,>50K
37.987133,Federal-gov,103384.22,Assoc-acdm,12.028908,Divorced,Adm-clerical,Unmarried,White,Female,1323.9043,-0.37117878,40.002388,United-States,<=50K
38.01745,Federal-gov,453317.9,12th,7.9950075,Married-civ-spouse,Protective-serv,Husband,White,Male,-33.311176,-0.36190906,55.887016,United-States,>50K
27.17417,Private,162953.16,Bachelors,12.996217,Married-civ-spouse,Exec-managerial,Husband,White,Male,-1.5289488,-0.5600215,40.044415,Dominican-Republic,<=50K
26.883291,Private,90222.58,HS-grad,9.005332,Married-civ-spouse,Tech-support,Wife,White,Female,22.884869,0.16254315,39.949974,United-States,<=50K
23.517168,Private,130831.125,Bachelors,13.0052185,Married-civ-spouse,Prof-specialty,Husband,White,Male,2324.4346,-0.19245258,5.9828568,Canada,<=50K
44.802834,Private,177076.5,9th,5.0033007,Married-civ-spouse,Machine-op-inspct,Wife,White,Female,34.10655,0.47057995,39.897667,United-States,>50K
61.095016,Private,229645.69,Bachelors,13.013778,Divorced,Adm-clerical,Not-in-family,White,Male,7.074811,0.022513244,39.973003,United-States,>50K
33.039875,Private,27510.934,Assoc-voc,11.013607,Married-civ-spouse,Tech-support,Wife,White,Female,10.220807,0.10779461,39.958363,United-States,>50K
51.717804,Private,114073.68,1st-4th,1.9487098,Married-civ-spouse,Exec-managerial,Husband,White,Male,63.254864,-0.43164173,49.86094,United-States,>50K
44.89672,Private,275893.34,Some-college,10.007997,Married-spouse-absent,Sales,Not-in-family,White,Male,18.510357,-0.066239506,39.967365,United-States,<=50K
51.011467,Local-gov,143180.77,Masters,14.0187,Widowed,Prof-specialty,Not-in-family,Black,Female,17.947124,-0.2041103,39.945545,United-States,>50K
47.019833,Self-emp-not-inc,76215.78,Masters,14.029383,Divorced,Prof-specialty,Not-in-family,White,Male,-0.005267198,0.57522476,39.942726,United-States,<=50K
39.026215,Private,66663.27,Some-college,10.003751,Married-civ-spouse,Transport-moving,Husband,White,Male,4.729352,-0.6211406,40.0165,United-States,<=50K
50.045113,Self-emp-inc,99490.97,Bachelors,13.007311,Widowed,Sales,Unmarried,White,Male,3.8228579,-0.13864246,65.11777,United-States,>50K
35.048008,Private,130068.37,Masters,14.017063,Never-married,Prof-specialty,Own-child,White,Male,5.090192,1562.8566,39.961227,United-States,>50K
52.975822,Local-gov,228285.17,HS-grad,9.01295,Divorced,Craft-repair,Not-in-family,Other,Male,46.172222,0.2919148,40.00319,?,>50K
23.278727,Private,244523.55,12th,7.998121,Married-civ-spouse,Craft-repair,Husband,Black,Male,21.54942,-0.37399402,30.008713,Ecuador,<=50K
35.922062,Self-emp-not-inc,125603.08,Prof-school,15.02395,Never-married,Prof-specialty,Not-in-family,White,Male,-0.9242125,0.035704467,54.86528,United-States,>50K
37.083298,Private,33988.605,Assoc-acdm,12.014354,Married-civ-spouse,Exec-managerial,Husband,White,Male,-19.036762,-0.27264515,30.060839,United-States,<=50K
26.887177,Private,238571.22,HS-grad,9.007651,Never-married,Prof-specialty,Not-in-family,White,Male,31.017437,2454.4253,39.962444,United-States,>50K
24.166342,Local-gov,173937.38,Bachelors,13.006598,Never-married,Prof-specialty,Not-in-family,White,Female,24.444195,1969.759,39.99144,United-States,<=50K
32.923424,Private,77327.914,HS-grad,9.006955,Married-civ-spouse,Farming-fishing,Husband,White,Male,25.010601,-0.22466388,44.94354,United-States,<=50K
56.91714,Private,47510.246,HS-grad,8.999833,Married-civ-spouse,Transport-moving,Husband,White,Male,3.937848,-0.44363514,39.993034,United-States,>50K
23.177378,Federal-gov,314232.84,Bachelors,13.012654,Never-married,Prof-specialty,Not-in-family,White,Male,1.6675844,0.0731419,39.98129,United-States,<=50K
30.737276,Private,121427.625,11th,6.997927,Married-civ-spouse,Farming-fishing,Husband,White,Male,57.85142,0.024901245,64.903275,Mexico,<=50K
55.067425,Private,199503.23,HS-grad,8.988052,Married-civ-spouse,Adm-clerical,Wife,White,Female,17.385113,-0.2351543,18.072144,United-States,<=50K
33.09258,Private,126262.39,Bachelors,13.006449,Married-civ-spouse,Other-service,Wife,White,Female,25.348736,-0.33680835,39.960068,?,<=50K
60.003212,Private,120493.48,11th,6.9715147,Married-civ-spouse,Sales,Husband,White,Male,19.439068,-0.14782062,39.96214,United-States,>50K
35.09308,Private,56453.105,Assoc-voc,10.968463,Married-civ-spouse,Other-service,Husband,White,Male,35.123882,-0.20638385,39.98096,Puerto-Rico,<=50K
39.10512,Self-emp-not-inc,185025.8,Assoc-acdm,12.018978,Married-civ-spouse,Craft-repair,Husband,White,Male,-19.922016,-0.5963222,35.009743,United-States,>50K
26.907154,Local-gov,91138.55,Some-college,10.016717,Never-married,Protective-serv,Not-in-family,White,Male,-1.4378843,2245.689,39.958584,United-States,>50K
58.06949,State-gov,398908.75,HS-grad,8.991358,Married-civ-spouse,Adm-clerical,Husband,Black,Male,-5.0929136,-0.6030055,40.037487,United-States,>50K
28.112753,Private,51119.605,Assoc-acdm,12.009939,Married-civ-spouse,Exec-managerial,Wife,White,Female,10.642926,-0.14620319,16.007967,United-States,>50K
27.063864,Self-emp-not-inc,301996.34,Some-college,9.96405,Married-civ-spouse,Sales,Husband,Asian-Pac-Islander,Male,51.88145,-1.5262386,40.02657,Vietnam,<=50K
59.966442,Private,186717.88,5th-6th,3.0154715,Married-civ-spouse,Sales,Husband,White,Male,49.877544,0.08502087,39.88205,?,>50K
55.00863,Local-gov,97795.42,HS-grad,8.994041,Married-civ-spouse,Prof-specialty,Other-relative,White,Female,35.40733,2252.3652,39.968117,United-States,>50K
32.018593,Local-gov,20546.262,Assoc-acdm,12.001084,Married-civ-spouse,Protective-serv,Husband,White,Male,-8.980121,-0.86300004,55.92683,England,>50K
49.014572,State-gov,202641.89,11th,6.9795747,Married-civ-spouse,Adm-clerical,Husband,White,Male,12.264997,-0.03664508,39.99072,United-States,<=50K
67.04523,Private,349191.16,Some-college,9.989397,Married-civ-spouse,Exec-managerial,Husband,White,Male,-22.052387,-0.7528392,15.016932,United-States,>50K
39.099155,Private,224742.75,Masters,14.009242,Married-civ-spouse,Transport-moving,Husband,White,Male,1.274518,-0.122834355,40.00305,Poland,<=50K
55.806538,Private,178382.83,10th,5.9880652,Married-civ-spouse,Craft-repair,Husband,White,Male,9.242536,-0.46959034,34.980976,Italy,<=50K
25.976896,Private,180734.67,Assoc-acdm,12.0085,Married-civ-spouse,Adm-clerical,Own-child,White,Female,32.225933,-0.36279407,39.988174,?,<=50K
39.11182,Self-emp-not-inc,34733.7,Some-college,9.992193,Married-civ-spouse,Craft-repair,Husband,Amer-Indian-Eskimo,Male,5.5303774,-0.31952778,50.10005,United-States,>50K
32.100548,Private,234071.11,Some-college,9.998465,Married-civ-spouse,Protective-serv,Husband,White,Male,1.0450258,-0.44284168,45.99427,Dominican-Republic,<=50K
56.98401,State-gov,222093.52,Some-college,9.998479,Married-civ-spouse,Adm-clerical,Wife,White,Female,4.4039125,-0.38251606,40.0055,United-States,>50K
33.993553,State-gov,513897.38,Bachelors,13.01869,Married-spouse-absent,Farming-fishing,Not-in-family,Black,Male,28.727398,-0.36813465,40.003376,United-States,<=50K
60.024952,Self-emp-not-inc,28648.715,Some-college,9.993339,Married-civ-spouse,Exec-managerial,Husband,White,Male,-18.292377,-0.88241684,40.006596,United-States,>50K
53.01729,State-gov,90172.234,Masters,14.019912,Never-married,Adm-clerical,Not-in-family,White,Female,1.8060122,0.44766888,39.948357,United-States,<=50K
45.897575,State-gov,328062.56,Assoc-voc,11.039784,Divorced,Tech-support,Not-in-family,White,Female,3460.2822,0.28461346,41.93579,United-States,<=50K
32.0526,State-gov,57813.215,HS-grad,9.004956,Married-civ-spouse,Exec-managerial,Husband,White,Male,-3.798236,-0.59777176,59.790413,United-States,>50K
36.051685,Private,643117.3,HS-grad,8.98119,Married-civ-spouse,Craft-repair,Husband,White,Male,2.0899477,-0.8025905,24.907476,United-States,<=50K
35.25727,Private,106925.97,Bachelors,13.004622,Married-civ-spouse,Prof-specialty,Husband,White,Male,1.1504946,-0.39846912,15.974791,United-States,>50K
59.96646,Self-emp-inc,179508.89,9th,5.004904,Married-civ-spouse,Craft-repair,Husband,White,Male,18.155376,-0.57064927,44.880005,United-States,>50K
39.0439,Local-gov,235833.77,HS-grad,8.996745,Married-civ-spouse,Machine-op-inspct,Husband,White,Male,-1.3275328,-0.18890491,38.07965,United-States,>50K
31.945505,Private,210540.19,Some-college,10.008943,Married-AF-spouse,Exec-managerial,Wife,White,Female,34.04942,-0.19149128,39.98,United-States,>50K
36.982944,Private,117780.19,Bachelors,13.006535,Separated,Prof-specialty,Unmarried,White,Female,4900.6323,-0.6907283,31.937265,United-States,>50K
44.928574,Local-gov,365428.94,HS-grad,9.0061655,Married-civ-spouse,Transport-moving,Husband,White,Male,4.038678,-0.43315235,40.029,United-States,>50K
47.039257,Private,572388.3,HS-grad,8.996681,Married-civ-spouse,Transport-moving,Husband,White,Male,-2.0099058,-0.6418086,48.01284,Italy,>50K
27.170809,Private,199491.56,Assoc-voc,10.986311,Married-civ-spouse,Adm-clerical,Wife,Black,Female,25.226177,-0.55146134,39.99319,United-States,<=50K
55.099525,Local-gov,135007.34,Bachelors,13.013669,Widowed,Prof-specialty,Not-in-family,White,Female,16.604351,-0.18727985,48.014603,United-States,<=50K
61.096424,Private,99364.914,Masters,14.019155,Widowed,Prof-specialty,Not-in-family,White,Female,10.901471,-0.11504474,39.920288,United-States,>50K
53.001507,Private,446270.9,HS-grad,8.994578,Married-civ-spouse,Protective-serv,Husband,Black,Male,-21.191547,-0.45799366,40.002552,United-States,>50K
53.96846,Private,176587.55,HS-grad,8.983037,Married-civ-spouse,Adm-clerical,Husband,Black,Male,-3.3443785,-0.16482654,19.927696,United-States,<=50K
33.137447,Private,137236.17,Bachelors,12.982134,Married-civ-spouse,Machine-op-inspct,Husband,Other,Male,-6.9154234,0.3889149,40.02967,Ecuador,<=50K
55.094055,Private,201506.34,Bachelors,13.0107355,Divorced,Adm-clerical,Not-in-family,White,Female,21.857769,-0.042901184,39.973904,United-States,<=50K
65.98478,Private,209908.36,Some-college,10.009661,Married-civ-spouse,Tech-support,Husband,White,Male,-14.406146,-0.50222886,39.994522,United-States,>50K
21.965206,Self-emp-not-inc,212890.02,Some-college,10.019541,Never-married,Sales,Own-child,Black,Male,99878.22,-0.039376404,54.796192,United-States,>50K
32.929485,Self-emp-not-inc,195590.55,Doctorate,16.041235,Never-married,Prof-specialty,Not-in-family,White,Male,20.367535,0.38129315,45.01318,United-States,>50K
68.09388,Self-emp-not-inc,337768.53,HS-grad,9.0104685,Married-civ-spouse,Farming-fishing,Husband,White,Male,5.1778383,-0.20758167,49.99937,United-States,<=50K
48.08088,State-gov,121072.35,HS-grad,8.990486,Married-civ-spouse,Adm-clerical,Husband,White,Male,-6.697894,-0.18370166,35.01782,United-States,>50K
51.05808,Private,243431.38,HS-grad,8.982885,Married-civ-spouse,Exec-managerial,Husband,Asian-Pac-Islander,Male,2102.205,0.375182,19.821808,South,<=50K
66.0503,Self-emp-inc,50127.793,12th,7.9879794,Married-civ-spouse,Sales,Husband,White,Male,1.2855043,-0.44130817,20.04036,United-States,<=50K
50.043278,Self-emp-not-inc,196373.58,Prof-school,15.025781,Divorced,Sales,Not-in-family,White,Male,0.93003553,0.097052425,50.049393,United-States,>50K
65.19621,Private,115020.94,Some-college,9.988789,Married-civ-spouse,Exec-managerial,Husband,White,Male,-18.762836,-0.37671772,19.951275,United-States,<=50K
41.09988,Private,237647.64,Bachelors,12.999326,Married-civ-spouse,Prof-specialty,Wife,White,Female,50.307964,-0.645753,14.7076,Cuba,>50K
43.87903,Local-gov,157379.19,Masters,14.02605,Divorced,Prof-specialty,Not-in-family,White,Female,15.297223,0.4089268,50.03535,United-States,>50K
28.76567,Local-gov,180451.66,Bachelors,13.017032,Divorced,Prof-specialty,Not-in-family,White,Male,32.886578,0.18997845,50.011276,United-States,<=50K
27.948555,Private,183801.73,Bachelors,13.008561,Never-married,Tech-support,Not-in-family,White,Female,13.937848,1979.3427,34.918,United-States,<=50K
37.98635,Private,421731.47,Assoc-voc,10.994189,Married-civ-spouse,Tech-support,Wife,White,Female,11.605573,-0.4413921,35.998314,United-States,>50K
45.960632,Private,155568.05,HS-grad,8.991319,Married-civ-spouse,Other-service,Wife,White,Female,26.207134,0.076384395,39.96408,United-States,<=50K
46.00307,Private,103556.73,HS-grad,8.941526,Married-civ-spouse,Machine-op-inspct,Husband,Asian-Pac-Islander,Male,27.62608,-0.17636219,39.9285,Cambodia,>50K
50.08649,Local-gov,186191.06,HS-grad,8.990467,Married-civ-spouse,Exec-managerial,Wife,Black,Female,12.994489,-0.346841,39.99466,United-States,>50K
45.01066,Private,480737.3,Bachelors,13.002673,Married-civ-spouse,Other-service,Husband,Asian-Pac-Islander,Male,13.244977,-0.6553966,38.02897,?,<=50K
25.22806,Private,249838.7,Masters,14.021967,Married-civ-spouse,Machine-op-inspct,Not-in-family,White,Male,23.878277,-0.09313312,39.932312,Mexico,<=50K
32.810665,Private,291484.9,9th,5.008685,Married-civ-spouse,Machine-op-inspct,Husband,White,Male,25.280865,0.27389416,49.922638,United-States,<=50K
49.085773,Self-emp-inc,30315.996,Assoc-voc,11.047286,Divorced,Exec-managerial,Not-in-family,White,Male,15.052106,-0.011628297,59.95193,United-States,<=50K
24.182178,Private,461311.62,Some-college,10.005023,Married-civ-spouse,Farming-fishing,Husband,White,Male,26.708355,-0.35704914,49.99936,United-States,>50K
37.93365,Private,202758.25,HS-grad,8.992795,Married-civ-spouse,Sales,Husband,White,Male,3686.1091,-0.09079853,39.990524,Columbia,<=50K
62.05433,Private,137897.34,Masters,14.026315,Never-married,Handlers-cleaners,Not-in-family,White,Male,4632.7417,0.569991,39.93696,United-States,<=50K
36.902943,Self-emp-not-inc,190725.86,HS-grad,9.011989,Married-civ-spouse,Craft-repair,Husband,Asian-Pac-Islander,Male,8.928571,-0.07940021,59.957073,Philippines,>50K
43.899956,Private,262253.84,HS-grad,9.010533,Divorced,Adm-clerical,Not-in-family,White,Female,34.97569,1510.0862,44.943657,United-States,<=50K
26.04609,Local-gov,176590.58,HS-grad,9.006582,Married-civ-spouse,Tech-support,Husband,White,Male,10.094586,-0.8819591,75.56218,United-States,>50K
36.642475,Private,159541.02,7th-8th,3.9751573,Married-civ-spouse,Prof-specialty,Wife,White,Female,49.277935,0.38539013,39.908325,United-States,<=50K
42.873066,Private,225828.44,HS-grad,9.0020275,Never-married,Prof-specialty,Not-in-family,White,Male,4691.9536,0.08172497,39.938725,United-States,<=50K
44.84443,State-gov,30586.48,Some-college,10.002085,Married-civ-spouse,Protective-serv,Husband,White,Male,-16.519672,-0.2855846,39.983402,United-States,>50K
40.931976,Federal-gov,55546.934,HS-grad,9.01274,Divorced,Protective-serv,Unmarried,Black,Male,1266.1017,-0.06367603,39.981773,United-States,<=50K
33.068344,Private,100612.11,HS-grad,8.989385,Married-civ-spouse,Exec-managerial,Wife,White,Female,22.170513,-0.19143024,41.993748,Canada,>50K
32.987984,Private,451575.34,HS-grad,8.978265,Married-civ-spouse,Machine-op-inspct,Husband,Other,Male,39.089214,-0.20854297,39.970215,Mexico,<=50K
57.0628,Private,366319.16,HS-grad,8.985003,Married-civ-spouse,Sales,Husband,White,Male,18.307476,-0.7315227,39.947533,Mexico,<=50K
23.320883,Private,209933.16,Some-college,10.004737,Married-civ-spouse,Craft-repair,Husband,White,Male,10.157819,-0.67944443,40.016224,United-States,<=50K
51.74109,Private,175359.84,1st-4th,1.9874405,Married-civ-spouse,Farming-fishing,Husband,White,Male,93.096176,-0.014527467,55.730827,Mexico,>50K
33.096554,Federal-gov,182088.75,Prof-school,15.015505,Never-married,Prof-specialty,Not-in-family,White,Female,-14.303119,-0.08027759,65.150345,United-States,>50K
40.08774,Federal-gov,178707.62,HS-grad,8.993163,Married-civ-spouse,Adm-clerical,Wife,White,Female,1.6539125,-0.33879963,19.984804,United-States,>50K
49.046486,Local-gov,218490.78,Some-college,10.01448,Divorced,Exec-managerial,Unmarried,White,Male,12.99986,-0.34056202,47.973175,United-States,>50K
34.790024,Private,73663.164,7th-8th,3.9798646,Married-civ-spouse,Adm-clerical,Husband,White,Male,32.080425,-0.546548,39.938972,Italy,<=50K
38.0104,Private,187653.33,Some-college,9.995145,Never-married,Adm-clerical,Unmarried,White,Female,6569.87,-0.44187275,34.92677,United-States,<=50K
32.718674,Self-emp-not-inc,248518.88,5th-6th,3.0415287,Married-civ-spouse,Craft-repair,Husband,White,Male,43.490337,-0.43019214,49.821156,United-States,>50K
39.016315,State-gov,55027.95,HS-grad,8.993406,Married-civ-spouse,Adm-clerical,Wife,White,Female,25.861187,-0.0029307872,39.980045,United-States,<=50K
52.948696,Private,233951.2,11th,6.9760957,Married-civ-spouse,Handlers-cleaners,Husband,Black,Male,29.358501,-0.35974994,39.993256,United-States,<=50K
65.22765,Self-emp-not-inc,111954.164,Prof-school,15.0156975,Married-civ-spouse,Exec-managerial,Husband,White,Male,-44.385395,-0.373933,9.916183,United-States,>50K
40.905197,State-gov,69304.03,HS-grad,9.006735,Married-civ-spouse,Tech-support,Husband,White,Male,-9.715472,-0.24703327,39.96851,United-States,<=50K
52.926987,Self-emp-inc,232159.52,Assoc-acdm,12.017525,Married-civ-spouse,Transport-moving,Husband,White,Male,-26.581196,-0.5170375,45.02614,United-States,>50K
24.248886,Federal-gov,313891.7,Bachelors,13.005545,Never-married,Prof-specialty,Not-in-family,White,Male,-14.715716,1746.8894,44.93999,United-States,<=50K
37.131615,Self-emp-not-inc,603646.1,Bachelors,12.994176,Married-civ-spouse,Tech-support,Husband,White,Male,-22.873432,-0.83943284,40.057976,United-States,>50K
27.963924,Private,162253.12,Bachelors,13.016919,Never-married,Craft-repair,Not-in-family,Black,Male,14.154401,-0.22688404,59.996593,United-States,<=50K
37.792336,Private,100394.125,10th,5.9956636,Married-civ-spouse,Transport-moving,Husband,White,Male,3158.6484,-0.42533222,39.973274,United-States,>50K
28.948338,Private,337179.44,HS-grad,8.997968,Married-civ-spouse,Sales,Husband,White,Male,19.225445,-0.26789966,40.001183,United-States,>50K
46.0068,Local-gov,201471.58,Bachelors,13.008328,Divorced,Prof-specialty,Not-in-family,White,Female,17.647564,1408.2402,39.987022,United-States,<=50K
49.92721,Self-emp-inc,119279.56,11th,6.9870615,Never-married,Exec-managerial,Other-relative,White,Male,35.088726,2458.3884,39.974438,United-States,>50K
42.917606,Private,177843.34,Bachelors,13.019001,Divorced,Prof-specialty,Not-in-family,White,Male,20.650005,0.048834655,39.959114,United-States,<=50K
45.923428,Federal-gov,79667.9,HS-grad,8.992925,Married-civ-spouse,Adm-clerical,Husband,White,Male,-12.73183,-0.19953266,40.01889,Germany,>50K
33.016956,?,173705.56,HS-grad,8.993074,Married-civ-spouse,?,Wife,White,Female,7.7559633,1491.7174,38.065815,United-States,<=50K
35.987038,Private,126364.24,HS-grad,8.984522,Married-civ-spouse,Prof-specialty,Husband,White,Male,9.7042055,0.27687725,44.980053,Ecuador,>50K
30.930132,Local-gov,84453.414,Some-college,9.981393,Married-civ-spouse,Adm-clerical,Wife,Amer-Indian-Eskimo,Female,28.189312,0.29774365,39.99817,United-States,>50K
34.066963,Self-emp-inc,61832.87,Bachelors,13.009021,Never-married,Prof-specialty,Not-in-family,White,Female,16.819683,-0.14043537,61.97269,United-States,>50K
57.871246,Private,428707.1,10th,6.007622,Married-civ-spouse,Transport-moving,Husband,White,Male,5.62486,0.121893734,49.946705,United-States,>50K
26.879885,Private,121890.48,HS-grad,8.985924,Married-civ-spouse,Other-service,Husband,White,Male,34.085064,-0.10978809,39.976707,Poland,<=50K
35.99425,Private,590416.94,HS-grad,8.992137,Married-civ-spouse,Transport-moving,Husband,Black,Male,6.611188,-0.97201645,50.061848,United-States,>50K
50.885025,Private,42027.06,Some-college,10.01855,Divorced,Craft-repair,Not-in-family,White,Male,22.977154,-0.0046626595,41.826206,United-States,>50K
28.847328,Private,252586.75,Some-college,10.019442,Never-married,Craft-repair,Not-in-family,White,Male,19.055035,2267.7039,44.889874,United-States,>50K
26.25789,Self-emp-not-inc,35842.73,Some-college,9.99755,Married-civ-spouse,Farming-fishing,Husband,White,Male,16.411724,0.5173787,78.71933,United-States,<=50K
52.792625,Private,276979.06,7th-8th,3.975843,Married-civ-spouse,Exec-managerial,Husband,White,Male,46.112896,-0.3778011,39.94062,United-States,>50K
44.89401,Private,181663.23,Bachelors,13.023174,Divorced,Other-service,Not-in-family,White,Male,39.479595,0.09445843,44.98536,?,>50K
58.07948,Private,30582.027,Some-college,9.988865,Married-civ-spouse,Sales,Wife,White,Female,1.2767153,-0.267419,35.969875,United-States,<=50K
41.52321,Private,581107.94,Preschool,1.1617359,Married-civ-spouse,Craft-repair,Husband,White,Male,84.35997,0.2608784,39.90808,Nicaragua,<=50K
22.26581,Local-gov,248812.55,Some-college,10.005419,Married-civ-spouse,Protective-serv,Husband,White,Male,-5.1590757,-0.30192676,40.014683,United-States,>50K
36.861378,Private,124262.266,HS-grad,9.004625,Never-married,Tech-support,Not-in-family,White,Female,14061.388,-0.07158008,34.915604,United-States,>50K
35.775448,Private,106743.21,HS-grad,9.005256,Divorced,Machine-op-inspct,Not-in-family,White,Male,4235.3286,0.5448903,39.944817,United-States,<=50K
36.93002,Private,47874.918,Bachelors,13.021452,Never-married,Craft-repair,Not-in-family,White,Male,-2.1571226,-0.86043656,90.62618,United-States,>50K
19.301615,?,199705.97,12th,7.993895,Married-civ-spouse,?,Other-relative,White,Female,14919.474,-0.3727428,39.98306,United-States,>50K
51.853065,Self-emp-not-inc,134610.28,Some-college,10.009599,Married-civ-spouse,Craft-repair,Husband,Asian-Pac-Islander,Male,2.4876528,-0.23034778,39.999584,?,>50K
70.92179,Private,243953.94,7th-8th,3.986834,Married-civ-spouse,Transport-moving,Husband,White,Male,6575.2397,-0.24743,39.947136,United-States,>50K
61.033295,Self-emp-not-inc,393040.44,Some-college,10.013393,Divorced,Exec-managerial,Not-in-family,White,Male,7.2711,-0.24120441,50.009266,United-States,>50K
41.942505,Self-emp-not-inc,29745.73,Prof-school,15.022343,Divorced,Prof-specialty,Unmarried,White,Male,-9.3565855,-0.120560795,60.001972,United-States,>50K
36.922985,Self-emp-not-inc,187769.1,Bachelors,13.013461,Never-married,Protective-serv,Not-in-family,White,Male,-3.3270445,-0.16962543,54.89171,United-States,>50K
35.17404,Private,381737.16,Some-college,9.990609,Married-civ-spouse,Craft-repair,Husband,Other,Male,9.709332,-0.58398545,45.02287,United-States,>50K
33.06994,Private,321909.38,Assoc-acdm,11.991468,Married-civ-spouse,Other-service,Wife,White,Female,20.48692,-0.17079273,14.973396,United-States,>50K
36.042583,Local-gov,380827.44,Bachelors,12.994505,Married-civ-spouse,Adm-clerical,Wife,White,Female,23.925396,-0.7399684,35.009193,Germany,>50K
31.826,Private,243877.27,Some-college,9.997806,Divorced,Exec-managerial,Not-in-family,White,Male,44.7335,-0.2187511,50.042007,Puerto-Rico,<=50K
52.08535,Private,136641.66,11th,6.9834847,Married-civ-spouse,Machine-op-inspct,Husband,Other,Male,29.961285,0.017111633,39.98035,Dominican-Republic,<=50K
65.141785,?,195209.4,Some-college,9.990356,Married-civ-spouse,?,Husband,White,Male,-19.76772,-0.41779438,30.08,United-States,>50K
28.9651,Self-emp-not-inc,169521.5,HS-grad,9.007229,Married-civ-spouse,Transport-moving,Husband,White,Male,5119.557,-0.35701862,40.022625,United-States,>50K
48.023937,Self-emp-not-inc,197413.72,Some-college,10.002359,Married-civ-spouse,Transport-moving,Husband,White,Male,-5.4749937,-0.72342026,40.041847,United-States,<=50K
45.004997,State-gov,310377.06,Assoc-voc,10.989353,Married-civ-spouse,Prof-specialty,Wife,Asian-Pac-Islander,Female,35.322124,-0.6718837,39.966545,Philippines,>50K
56.036976,Private,131207.55,HS-grad,8.987158,Married-civ-spouse,Machine-op-inspct,Husband,White,Male,-20.63979,-0.04420581,39.976353,Ireland,>50K
58.86949,Private,106493.05,10th,5.9998827,Married-civ-spouse,Transport-moving,Husband,White,Male,3.6487856,1496.4491,39.982273,United-States,>50K
41.02565,Federal-gov,207052.38,Bachelors,13.011471,Never-married,Exec-managerial,Not-in-family,White,Male,-11.978412,-0.1975185,39.985924,United-States,>50K
43.955997,Local-gov,276211.25,Bachelors,13.012912,Never-married,Prof-specialty,Own-child,White,Male,26.061382,-0.23057666,59.97676,United-States,<=50K
38.12147,State-gov,157240.83,Bachelors,12.998332,Married-civ-spouse,Adm-clerical,Husband,Other,Male,-10.427875,-0.065354496,40.05015,United-States,>50K
33.224915,State-gov,355887.75,Masters,13.995787,Married-civ-spouse,Protective-serv,Husband,Black,Male,-35.780903,-0.41268268,40.015762,United-States,<=50K
59.09559,Private,152425.34,Some-college,10.006444,Separated,Adm-clerical,Other-relative,White,Male,3502.958,-0.3828899,39.972633,United-States,<=50K
37.908062,Private,152979.64,Masters,14.027853,Divorced,Exec-managerial,Not-in-family,White,Male,2.9109926,0.5950917,44.947746,United-States,>50K
58.07397,Private,233668.4,Bachelors,13.015562,Divorced,Sales,Not-in-family,White,Male,14.856549,0.13355145,39.955986,United-States,<=50K
30.984074,Private,27920.871,Some-college,9.993231,Married-civ-spouse,Sales,Husband,Asian-Pac-Islander,Male,15.010358,-1.290887,49.921944,Taiwan,<=50K
27.005312,Private,257101.81,Assoc-acdm,12.013158,Married-civ-spouse,Tech-support,Wife,White,Female,1.3155336,-0.116357,37.99192,United-States,<=50K
28.833334,Private,501134.2,HS-grad,8.99026,Married-civ-spouse,Adm-clerical,Wife,White,Female,47.000103,-0.22866932,39.99621,Nicaragua,<=50K
41.000423,State-gov,196873.52,Bachelors,13.02707,Divorced,Exec-managerial,Not-in-family,White,Male,8.477887,0.025778625,39.977303,United-States,<=50K
40.048412,Private,222355.27,HS-grad,8.990218,Married-civ-spouse,Adm-clerical,Husband,White,Male,20.38023,-0.3742763,39.98383,Mexico,<=50K
53.09824,Private,334874.38,HS-grad,8.981317,Married-civ-spouse,Adm-clerical,Wife,Black,Female,13.69444,-0.557603,31.972193,United-States,<=50K
64.16901,Self-emp-inc,213352.88,HS-grad,8.987873,Married-civ-spouse,Craft-repair,Husband,White,Male,2478.818,-0.02908435,10.034252,United-States,<=50K
36.047813,Self-emp-inc,191725.9,Some-college,9.996122,Married-civ-spouse,Sales,Wife,White,Female,9.208844,1899.122,15.108629,United-States,>50K
65.95809,Private,126637.79,HS-grad,9.016382,Never-married,Transport-moving,Not-in-family,White,Male,1902.553,-0.031327393,54.800835,United-States,<=50K
37.12492,Self-emp-not-inc,241307.8,Bachelors,13.0035,Married-civ-spouse,Prof-specialty,Husband,White,Male,-10.93349,-0.07943073,5.167835,United-States,>50K
55.97577,Private,314165.94,HS-grad,8.996133,Married-civ-spouse,Craft-repair,Husband,White,Male,-0.87880236,-0.55799973,34.952023,United-States,>50K
25.925653,Private,223862.8,Some-college,10.014842,Never-married,Prof-specialty,Not-in-family,White,Male,31.149029,1606.4882,39.93325,?,<=50K
26.995642,Self-emp-inc,217169.75,12th,7.9914484,Married-civ-spouse,Adm-clerical,Husband,White,Male,7.4524965,-0.5910655,40.04438,United-States,>50K
39.015656,Private,153716.14,HS-grad,8.969465,Married-civ-spouse,Other-service,Wife,White,Female,46.42027,1895.8821,39.95649,Puerto-Rico,>50K
53.998947,State-gov,119233.875,Bachelors,13.003708,Married-civ-spouse,Exec-managerial,Husband,White,Male,-3.0550718,-0.77382004,40.01451,Puerto-Rico,>50K
40.07712,Local-gov,268665.2,HS-grad,8.994049,Married-civ-spouse,Other-service,Husband,Other,Male,36.17027,-0.088692814,40.005386,?,<=50K
38.90474,Self-emp-inc,154398.62,HS-grad,9.021108,Divorced,Craft-repair,Unmarried,White,Male,19.860455,-0.27520862,59.940647,United-States,<=50K
31.985859,State-gov,440659.1,HS-grad,9.006199,Married-civ-spouse,Protective-serv,Husband,White,Male,-0.7630797,-0.318185,44.947586,United-States,<=50K
43.81943,Private,125050.39,Some-college,10.020487,Divorced,Transport-moving,Unmarried,White,Male,1718.4482,-0.10916248,50.05152,United-States,<=50K
27.92592,Self-emp-not-inc,194629.05,HS-grad,8.997604,Married-civ-spouse,Sales,Wife,White,Female,26.580914,-0.142625,39.971096,United-States,<=50K
28.032084,Private,32004.996,HS-grad,8.9879055,Married-civ-spouse,Adm-clerical,Wife,White,Female,29.506207,-0.2432262,14.910803,United-States,<=50K
42.892548,Self-emp-inc,247838.42,HS-grad,9.019908,Divorced,Craft-repair,Unmarried,White,Male,5419.743,-0.23051563,50.025032,United-States,<=50K
40.008244,Local-gov,146926.47,Some-college,10.016256,Never-married,Protective-serv,Not-in-family,White,Male,-5.90932,2455.876,39.962204,United-States,>50K
33.00168,Private,319674.84,Bachelors,13.011336,Separated,Prof-specialty,Not-in-family,White,Male,4711.813,-0.11897388,34.943398,United-States,<=50K
40.917442,Private,181578.56,Doctorate,16.033207,Never-married,Machine-op-inspct,Not-in-family,White,Female,27.494488,0.40491375,39.93627,United-States,>50K
56.677418,Self-emp-inc,198692.5,7th-8th,3.9624248,Married-civ-spouse,Exec-managerial,Husband,White,Male,50.635357,-0.00019946392,90.4922,Greece,>50K
27.780764,Private,109983.49,HS-grad,9.0054245,Separated,Craft-repair,Not-in-family,White,Male,36.30894,1980.8436,39.95698,United-States,<=50K
28.16957,State-gov,288167.53,Bachelors,13.000711,Married-civ-spouse,Prof-specialty,Husband,White,Male,1.0755434,-0.42240253,19.932539,United-States,<=50K
28.022102,Private,277471.88,Some-college,9.991113,Married-civ-spouse,Machine-op-inspct,Husband,White,Male,9.758649,-0.37510028,39.964382,Mexico,<=50K
42.0004,Private,143062.81,Bachelors,13.005741,Never-married,Prof-specialty,Not-in-family,White,Female,13.128278,1565.1755,37.994244,United-States,>50K
63.202908,Private,360913.2,Masters,14.020741,Separated,Prof-specialty,Not-in-family,White,Female,27.553082,-0.56573594,39.914536,United-States,>50K
50.067745,Private,134246.92,HS-grad,8.986593,Married-civ-spouse,Machine-op-inspct,Other-relative,Asian-Pac-Islander,Female,55.64146,0.27506146,39.99166,China,<=50K
63.059174,Self-emp-not-inc,417932.03,Assoc-voc,10.994406,Married-civ-spouse,Other-service,Husband,White,Male,-9.2643,-0.6559917,45.032166,United-States,<=50K
44.972908,Self-emp-inc,270914.9,HS-grad,8.9926605,Married-civ-spouse,Sales,Husband,White,Male,4.517682,-0.20729175,32.05044,United-States,>50K
34.05821,Private,106881.45,HS-grad,8.996139,Married-civ-spouse,Craft-repair,Husband,White,Male,22.39317,-0.4865047,40.00732,Germany,>50K
44.985767,Private,72109.82,Bachelors,13.004708,Married-spouse-absent,Prof-specialty,Unmarried,White,Female,3.7024965,-0.45472828,37.962666,United-States,<=50K
35.012917,Private,179505.89,Bachelors,13.012613,Separated,Sales,Not-in-family,White,Male,30.497173,-0.08889118,50.05,United-States,>50K
45.990967,Private,113750.34,HS-grad,8.980614,Married-civ-spouse,Machine-op-inspct,Wife,Black,Female,12.804303,0.16743359,35.976147,United-States,<=50K
44.992367,Self-emp-not-inc,297746.56,HS-grad,8.987154,Married-civ-spouse,Exec-managerial,Husband,White,Male,-10.971087,-0.12684742,24.97775,United-States,<=50K
40.052002,Federal-gov,544434.5,Some-college,9.99961,Married-civ-spouse,Farming-fishing,Husband,White,Male,-9.563373,-0.44952503,40.021294,United-States,<=50K
43.056217,Self-emp-inc,150152.75,Assoc-voc,11.027781,Married-civ-spouse,Exec-managerial,Other-relative,White,Male,24.460308,-0.2504436,50.082188,United-States,>50K
89.9255,Private,40662.918,Bachelors,13.02064,Never-married,Exec-managerial,Not-in-family,White,Male,-27.509174,0.05509076,54.82147,United-States,<=50K
33.923935,Private,143966.75,10th,5.9933395,Married-civ-spouse,Craft-repair,Husband,White,Male,19.332134,-0.43164173,44.89808,United-States,>50K
60.00312,Private,183353.08,HS-grad,9.00792,Divorced,Machine-op-inspct,Not-in-family,White,Male,4638.579,0.15737042,39.9411,United-States,<=50K
48.07708,State-gov,103411.43,HS-grad,8.994026,Married-civ-spouse,Craft-repair,Wife,Black,Female,11.35362,-0.25587574,39.975548,United-States,>50K
59.984108,Self-emp-not-inc,32032.371,11th,6.97749,Married-civ-spouse,Farming-fishing,Husband,White,Male,17.212261,-0.4569408,49.949875,United-States,<=50K
28.153852,Private,242365.0,Assoc-voc,10.984889,Married-civ-spouse,Prof-specialty,Wife,White,Female,29.385357,-0.27478138,36.015297,United-States,>50K
30.981125,Self-emp-not-inc,225621.03,Assoc-voc,11.031477,Married-civ-spouse,Farming-fishing,Husband,White,Male,20.295757,-0.27469745,59.941208,United-States,>50K
68.02544,Private,222739.25,HS-grad,8.989199,Married-civ-spouse,Adm-clerical,Husband,White,Male,-12.653705,-0.13801685,23.948381,United-States,<=50K
35.02448,Private,34552.527,Masters,14.026982,Never-married,Prof-specialty,Not-in-family,White,Male,11.445661,0.30573162,44.960907,United-States,>50K
34.011574,Private,174384.56,Bachelors,13.012318,Never-married,Other-service,Not-in-family,White,Male,13.918561,2004.3444,39.99876,United-States,<=50K
49.157455,Private,169558.39,HS-grad,8.986072,Married-civ-spouse,Other-service,Wife,Black,Female,25.623394,-0.19819751,39.963333,United-States,>50K
57.158882,Private,170166.1,Prof-school,15.016675,Never-married,Prof-specialty,Not-in-family,White,Female,8.561383,0.021574829,39.941147,United-States,<=50K
40.0614,Private,53429.543,HS-grad,8.9878435,Married-civ-spouse,Adm-clerical,Wife,White,Female,4189.119,-0.22150531,12.009628,United-States,<=50K
24.079107,?,411486.28,HS-grad,8.984075,Married-civ-spouse,?,Wife,White,Female,50.266705,-0.54617417,39.946922,Mexico,<=50K
25.069656,Private,430119.6,HS-grad,9.005582,Married-civ-spouse,Transport-moving,Husband,White,Male,21.234722,-0.44162098,40.02575,United-States,<=50K
29.059574,State-gov,166153.05,Bachelors,13.004858,Married-civ-spouse,Prof-specialty,Wife,Black,Female,14.578717,-0.55236924,34.95873,United-States,<=50K
27.000885,Private,406601.0,Bachelors,13.020533,Married-civ-spouse,Craft-repair,Other-relative,White,Male,24.639996,-0.49887195,50.049816,United-States,<=50K
68.10007,Self-emp-not-inc,190774.61,Some-college,10.00959,Widowed,Adm-clerical,Not-in-family,White,Male,7.338483,-0.51504624,39.983208,United-States,<=50K
54.005535,Private,341817.88,Bachelors,13.000707,Widowed,Adm-clerical,Not-in-family,White,Female,14.480329,-0.38104358,80.81902,United-States,>50K
65.2082,?,149763.61,Bachelors,12.99603,Married-civ-spouse,?,Husband,White,Male,-31.964008,-0.3576137,40.02085,Italy,>50K
58.03561,?,178406.39,12th,7.992068,Married-civ-spouse,?,Husband,White,Male,2.755231,-0.4265224,40.00394,United-States,<=50K
29.053148,Private,159673.48,Masters,14.014513,Never-married,Prof-specialty,Not-in-family,White,Female,9.253522,-0.016320374,80.584755,United-States,<=50K
43.995228,Self-emp-not-inc,246723.11,HS-grad,8.993668,Married-civ-spouse,Prof-specialty,Wife,White,Female,13.271588,-0.24638477,39.974003,Italy,>50K
58.124638,Federal-gov,30861.574,Some-college,9.980732,Widowed,Prof-specialty,Unmarried,Amer-Indian-Eskimo,Female,10.527692,-0.474229,39.95278,United-States,<=50K
36.023113,Local-gov,177445.06,Bachelors,13.00506,Married-civ-spouse,Prof-specialty,Own-child,White,Male,15.783307,-0.19646564,40.012012,United-States,<=50K
40.055103,Private,72474.1,Assoc-voc,11.020926,Married-civ-spouse,Machine-op-inspct,Husband,Asian-Pac-Islander,Male,-4.258441,0.30482373,39.985256,United-States,>50K
54.720284,Private,187823.34,7th-8th,3.9907804,Married-civ-spouse,Craft-repair,Husband,White,Male,35.377544,-0.20746723,59.665848,United-States,<=50K
43.92805,Private,138414.81,Some-college,10.004389,Married-civ-spouse,Transport-moving,Husband,White,Male,2.484479,-0.6345836,40.023067,United-States,<=50K
69.05028,?,260337.06,Prof-school,15.046783,Divorced,?,Not-in-family,White,Male,-8.282367,0.49019513,5.0746994,United-States,<=50K
57.018066,Private,200497.44,HS-grad,8.988392,Married-civ-spouse,Priv-house-serv,Husband,White,Male,-4.668109,-0.5199977,30.049387,United-States,<=50K
36.940296,Private,419238.4,Masters,14.020279,Never-married,Exec-managerial,Not-in-family,Black,Female,18.043072,-0.49472156,39.960007,United-States,>50K
43.99061,Self-emp-not-inc,269687.7,Some-college,9.99609,Married-civ-spouse,Other-service,Wife,White,Female,9.807233,-0.37490192,50.059338,United-States,<=50K
23.346684,Self-emp-not-inc,40439.76,Some-college,10.002231,Married-civ-spouse,Craft-repair,Husband,White,Male,-2.7906675,-0.7503444,40.00598,United-States,>50K
23.797878,Self-emp-not-inc,323671.06,7th-8th,4.018534,Married-civ-spouse,Transport-moving,Husband,White,Male,51.537945,1898.834,39.979176,United-States,>50K
39.05363,Private,60423.457,Bachelors,13.01499,Divorced,Adm-clerical,Unmarried,White,Male,12.098737,-0.31236377,39.996193,United-States,<=50K
31.98073,Private,192356.62,Some-college,10.006115,Married-civ-spouse,Machine-op-inspct,Husband,Asian-Pac-Islander,Male,17.061382,-0.19134632,40.005646,Philippines,<=50K
44.750618,Private,348090.84,7th-8th,4.008365,Married-civ-spouse,Craft-repair,Husband,White,Male,46.147564,0.023482177,43.91377,Mexico,<=50K
63.127598,Private,264250.25,Bachelors,13.008075,Never-married,Adm-clerical,Not-in-family,White,Male,2.2281313,-0.1796886,39.97304,United-States,<=50K
37.064583,Self-emp-not-inc,204677.66,Some-college,9.994616,Married-civ-spouse,Exec-managerial,Wife,White,Female,10.818707,-0.718362,14.964859,United-States,<=50K
47.99466,Private,347899.44,Some-college,10.023681,Divorced,Transport-moving,Not-in-family,White,Male,3427.3567,-0.10458484,52.86707,United-States,<=50K
38.06915,Federal-gov,162012.58,Some-college,9.998647,Married-civ-spouse,Other-service,Husband,Black,Male,-8.572162,-0.5030223,40.036114,United-States,<=50K
60.06743,Private,247427.89,HS-grad,9.004945,Married-civ-spouse,Farming-fishing,Husband,White,Male,17.190533,-0.39835468,39.975582,United-States,<=50K
29.873589,State-gov,141225.28,Bachelors,13.006533,Married-civ-spouse,Prof-specialty,Husband,Asian-Pac-Islander,Male,-2.7633238,0.36997876,39.989647,India,>50K
22.24358,Private,126341.81,Assoc-voc,11.030967,Married-civ-spouse,Tech-support,Husband,White,Male,9.767194,0.1002644,39.99414,United-States,<=50K
52.05054,Private,86782.445,HS-grad,8.993856,Married-civ-spouse,Handlers-cleaners,Husband,Black,Male,17.139019,-0.34789386,39.99348,United-States,>50K
24.891647,State-gov,319882.7,Some-college,10.017957,Divorced,Other-service,Unmarried,White,Male,26.746197,2485.2534,40.014973,United-States,>50K
31.712633,Private,93833.055,11th,6.9870296,Never-married,Craft-repair,Not-in-family,Amer-Indian-Eskimo,Male,13588.518,0.48075756,59.842407,United-States,>50K
41.993965,Private,53143.7,Some-college,9.995337,Married-civ-spouse,Machine-op-inspct,Husband,White,Male,-10.203021,0.04863629,39.980247,United-States,<=50K
24.288687,Private,134819.03,Some-college,9.999486,Married-civ-spouse,Adm-clerical,Wife,White,Female,18.794292,-0.2507564,39.990902,United-States,<=50K
61.045834,Self-emp-not-inc,501750.22,Some-college,9.976678,Married-civ-spouse,Sales,Husband,Black,Male,-14.701068,-1.0102779,59.97034,United-States,>50K
40.147522,State-gov,270367.38,Assoc-voc,10.993623,Married-civ-spouse,Other-service,Husband,Black,Male,17.1461,-0.28817096,30.089638,United-States,<=50K
45.882465,Self-emp-not-inc,133849.67,HS-grad,9.009371,Married-spouse-absent,Craft-repair,Not-in-family,Asian-Pac-Islander,Male,14.339948,0.09633526,44.950974,India,>50K
49.153866,Private,298647.6,HS-grad,8.985976,Married-civ-spouse,Sales,Husband,White,Male,28.539165,-0.3733684,14.909754,Mexico,<=50K
35.826427,Private,183003.66,HS-grad,9.020214,Divorced,Transport-moving,Not-in-family,White,Male,8743.714,-0.10891071,44.97996,United-States,>50K
50.07467,Private,187344.12,Masters,14.015837,Divorced,Sales,Not-in-family,White,Female,7.4874086,1590.0962,44.98533,United-States,<=50K
40.995144,Federal-gov,262796.12,HS-grad,9.008898,Married-civ-spouse,Transport-moving,Husband,White,Male,-12.226947,-0.3318874,40.025265,United-States,>50K
44.908424,Private,25910.402,HS-grad,8.977354,Married-civ-spouse,Farming-fishing,Husband,Amer-Indian-Eskimo,Male,32.06309,0.13795361,39.961025,United-States,<=50K
72.05352,Private,182255.53,HS-grad,8.9729805,Married-civ-spouse,Exec-managerial,Wife,White,Female,46.612164,-1.9152919,49.998447,England,<=50K
52.020454,Private,51038.824,Assoc-acdm,12.008968,Married-civ-spouse,Exec-managerial,Wife,White,Female,-7.0299253,-0.23552051,19.966263,United-States,>50K
44.93522,Private,301921.5,Some-college,10.003248,Never-married,Exec-managerial,Not-in-family,White,Female,8.421247,1348.9646,50.029537,United-States,<=50K
56.89844,Private,33851.215,HS-grad,9.008933,Widowed,Transport-moving,Unmarried,White,Male,19.621197,671.8362,41.963154,United-States,>50K
36.016376,?,505273.47,HS-grad,8.991289,Married-civ-spouse,?,Husband,White,Male,3.9905825,-0.39264026,40.013496,United-States,>50K
43.890244,Self-emp-inc,327548.2,Masters,14.024493,Divorced,Prof-specialty,Not-in-family,White,Male,1.0171938,0.43598828,39.96161,United-States,<=50K
39.99527,Private,309618.78,HS-grad,8.999567,Separated,Adm-clerical,Not-in-family,White,Female,8718.428,-0.3261501,60.033447,United-States,>50K
56.927864,Private,300376.8,Assoc-acdm,12.0428,Divorced,Machine-op-inspct,Not-in-family,White,Male,-0.64491564,-0.28097644,75.35578,United-States,<=50K
57.00276,Self-emp-not-inc,152281.23,Some-college,9.991084,Married-civ-spouse,Sales,Wife,White,Female,3.3609438,-0.3823482,24.897985,United-States,>50K
30.867386,Local-gov,242671.31,HS-grad,9.008191,Married-civ-spouse,Protective-serv,Husband,White,Male,-3.8353453,-0.36631885,40.77731,United-States,>50K
54.929817,Private,341652.72,HS-grad,9.007408,Never-married,Exec-managerial,Not-in-family,White,Male,17.765972,-0.13526264,53.750908,United-States,<=50K
33.177486,Private,403836.2,Some-college,9.988257,Married-civ-spouse,Prof-specialty,Husband,White,Male,7.407819,-0.56845963,40.026096,Peru,>50K
41.801105,Self-emp-not-inc,38055.855,HS-grad,8.958654,Married-civ-spouse,Farming-fishing,Husband,White,Male,45.181744,0.52744186,98.42403,United-States,>50K
31.806412,Private,79854.12,HS-grad,8.991679,Married-civ-spouse,Machine-op-inspct,Husband,White,Male,27.563091,0.15381512,39.977596,Nicaragua,>50K
62.1388,State-gov,213015.44,Doctorate,16.04775,Divorced,Prof-specialty,Not-in-family,White,Male,9.396344,0.5983113,50.03664,United-States,<=50K
38.98477,Self-emp-not-inc,207483.02,HS-grad,9.011369,Married-civ-spouse,Transport-moving,Husband,White,Male,5.9754457,-0.35952106,59.911587,United-States,>50K
64.182655,?,146834.05,Some-college,9.990005,Married-civ-spouse,?,Husband,White,Male,3397.178,0.11902508,15.080315,United-States,<=50K
40.037495,Private,226504.31,HS-grad,9.003774,Married-civ-spouse,Transport-moving,Husband,Black,Male,11.426618,-0.3289043,50.08908,United-States,<=50K
62.13502,Self-emp-not-inc,122771.23,Some-college,9.982344,Married-civ-spouse,Exec-managerial,Husband,White,Male,-10.129535,-0.0259563,9.948647,United-States,<=50K
35.032803,State-gov,188776.81,HS-grad,8.995749,Married-civ-spouse,Other-service,Wife,White,Female,37.90904,0.09860882,39.975224,United-States,<=50K
48.15777,Private,166766.27,Bachelors,13.005559,Married-spouse-absent,Exec-managerial,Not-in-family,White,Female,2.2151918,-0.2691814,50.1373,United-States,>50K
34.05686,Private,204411.48,HS-grad,8.996214,Married-civ-spouse,Handlers-cleaners,Wife,Black,Female,22.523296,1675.3201,39.988693,United-States,<=50K
36.938847,Private,188334.08,Assoc-acdm,12.025298,Divorced,Adm-clerical,Not-in-family,White,Female,13.759625,1513.9565,39.98052,United-States,<=50K
36.045883,Private,152877.8,Some-college,10.000071,Married-civ-spouse,Craft-repair,Husband,White,Male,2.0413637,-0.6997081,40.015694,Canada,>50K
47.032234,Self-emp-not-inc,181856.16,HS-grad,8.9917555,Married-civ-spouse,Exec-managerial,Wife,White,Female,11.605817,-0.34723774,35.998695,United-States,<=50K
35.15404,Private,300258.78,Assoc-voc,10.984113,Married-civ-spouse,Sales,Husband,White,Male,27.365582,-0.42630115,40.010166,Dominican-Republic,>50K
43.97423,Federal-gov,787780.0,HS-grad,8.986635,Married-civ-spouse,Transport-moving,Husband,Black,Male,-21.567768,-1.6441509,59.998203,United-States,<=50K
44.7491,Private,172021.94,11th,7.0058126,Divorced,Transport-moving,Not-in-family,White,Male,33.622173,2836.9795,76.40424,United-States,>50K
52.887024,Private,26881.512,HS-grad,9.005596,Married-spouse-absent,Transport-moving,Not-in-family,White,Male,10560.072,-0.06467548,39.958015,United-States,>50K
38.999172,Private,202925.52,Doctorate,16.032562,Divorced,Prof-specialty,Unmarried,White,Female,16.663921,-0.07965198,80.66898,United-States,<=50K
43.924313,Private,82711.586,Bachelors,13.017461,Divorced,Other-service,Not-in-family,White,Female,34.44981,-0.2423183,65.22661,United-States,<=50K
56.03756,Private,70245.9,12th,7.9783974,Married-civ-spouse,Prof-specialty,Husband,White,Male,3.0220766,-0.41583362,39.976345,United-States,>50K
37.919373,Private,339253.9,Masters,14.021163,Divorced,Tech-support,Unmarried,White,Female,4.9053774,-0.10097614,39.957417,United-States,>50K
42.955647,State-gov,422441.8,Doctorate,16.047335,Never-married,Prof-specialty,Not-in-family,White,Female,37.84483,0.4599522,39.944256,United-States,<=50K
33.016857,Private,109669.5,12th,8.0041,Married-civ-spouse,Machine-op-inspct,Husband,White,Male,8.217877,0.05432019,39.978268,United-States,<=50K
32.034786,Private,205272.42,Assoc-voc,11.025657,Married-civ-spouse,Tech-support,Husband,White,Male,1.2735415,-0.11533466,44.968937,United-States,>50K
42.91243,Private,83684.12,Masters,14.030224,Divorced,Exec-managerial,Not-in-family,White,Female,9.244,0.5633687,37.980385,United-States,>50K
34.13696,Local-gov,452306.4,Assoc-voc,10.996718,Married-civ-spouse,Other-service,Husband,White,Male,16.435162,-0.3279964,40.03542,United-States,>50K
59.11465,Private,307746.72,Assoc-acdm,12.010146,Widowed,Exec-managerial,Not-in-family,White,Female,6.998395,-0.32509723,39.971245,United-States,>50K
49.011204,Self-emp-not-inc,181099.73,HS-grad,9.019167,Widowed,Farming-fishing,Not-in-family,White,Male,41.803326,-0.267419,54.814655,United-States,<=50K
25.02832,Private,219881.27,Bachelors,13.010784,Never-married,Prof-specialty,Not-in-family,White,Male,30.984234,0.1960896,42.979866,Peru,<=50K
36.105988,Self-emp-not-inc,185669.89,Prof-school,15.009287,Married-civ-spouse,Sales,Husband,White,Male,-17.537006,-0.3345882,30.034569,United-States,>50K
40.223263,Self-emp-inc,144679.77,Bachelors,13.010263,Married-civ-spouse,Craft-repair,Husband,White,Male,-27.997944,-0.10524097,15.103294,United-States,<=50K
35.106335,Private,126792.695,Assoc-voc,11.013238,Never-married,Adm-clerical,Own-child,White,Female,14351.297,0.032858703,39.984646,United-States,>50K
45.94118,Private,30288.09,HS-grad,8.98684,Married-civ-spouse,Exec-managerial,Husband,Black,Male,6.786725,-0.41359058,40.00571,United-States,>50K
51.95762,Self-emp-not-inc,182511.94,12th,7.9696946,Married-civ-spouse,Exec-managerial,Husband,White,Male,-1.0008726,-0.44830433,50.07095,United-States,>50K
50.82595,Self-emp-inc,74655.84,10th,6.0086813,Married-civ-spouse,Farming-fishing,Husband,White,Male,15.900006,-0.5041591,59.7448,United-States,>50K
47.14153,Private,348958.16,HS-grad,9.000042,Married-civ-spouse,Other-service,Other-relative,Asian-Pac-Islander,Female,63.73106,0.17749676,27.999538,Taiwan,<=50K
38.83105,Private,337676.28,10th,6.00128,Married-civ-spouse,Craft-repair,Husband,White,Male,17.829449,0.25411114,59.741894,United-States,>50K
25.023745,Self-emp-not-inc,159924.1,Assoc-voc,11.035419,Married-civ-spouse,Farming-fishing,Husband,White,Male,23.654156,-0.1279842,40.003468,United-States,<=50K
64.23079,Private,77607.41,Assoc-voc,11.002505,Married-civ-spouse,Sales,Husband,Asian-Pac-Islander,Male,7.139264,-0.40699878,39.99039,Philippines,<=50K
36.960632,Local-gov,115766.86,HS-grad,9.002498,Married-civ-spouse,Craft-repair,Husband,White,Male,0.92588514,-0.2676479,39.993114,United-States,<=50K
50.97274,Private,53679.902,Assoc-voc,11.017833,Divorced,Prof-specialty,Not-in-family,White,Female,32.260357,0.33418927,47.98124,United-States,<=50K
32.994526,Private,237550.81,Some-college,10.010042,Never-married,Craft-repair,Not-in-family,Black,Male,8697.899,-0.2372295,39.973267,United-States,>50K
28.822338,Self-emp-not-inc,188368.7,Some-college,10.026988,Divorced,Craft-repair,Not-in-family,White,Male,2134.6816,-0.44030872,49.979103,United-States,<=50K
54.038776,Private,49750.23,Bachelors,13.015906,Divorced,Exec-managerial,Not-in-family,Black,Female,13.757916,-0.19796863,45.07037,United-States,>50K
31.914873,Local-gov,246985.36,HS-grad,8.993784,Married-civ-spouse,Other-service,Husband,Black,Male,3202.3057,-0.3294994,38.130093,United-States,>50K
61.07748,Self-emp-not-inc,315650.5,HS-grad,9.001023,Married-civ-spouse,Transport-moving,Husband,Black,Male,-3.980609,-0.40435138,40.040867,United-States,<=50K
43.870457,Local-gov,177864.53,HS-grad,9.007904,Married-civ-spouse,Protective-serv,Own-child,White,Male,3.2435122,-0.11962238,39.976246,United-States,>50K
81.14983,?,89556.97,Prof-school,15.010743,Married-civ-spouse,?,Husband,White,Male,-41.640034,-0.32776752,23.942799,United-States,>50K
56.9652,Local-gov,31822.98,Assoc-acdm,12.011274,Married-civ-spouse,Other-service,Husband,White,Male,-31.443012,0.12425122,20.014622,United-States,<=50K
50.940804,State-gov,242903.33,10th,5.996897,Married-civ-spouse,Craft-repair,Husband,Amer-Indian-Eskimo,Male,26.167583,-0.05179706,39.976074,United-States,<=50K
59.018124,Private,122585.53,HS-grad,9.007769,Divorced,Sales,Not-in-family,White,Male,2142.415,-0.023568299,39.941555,United-States,<=50K
34.96477,Private,101525.414,Some-college,10.015228,Never-married,Sales,Not-in-family,Asian-Pac-Islander,Female,32.703472,1677.3679,44.930843,United-States,<=50K
27.962936,Private,66326.73,Bachelors,13.013884,Never-married,Prof-specialty,Not-in-family,White,Male,9.313825,1569.3766,49.959427,United-States,>50K
29.972794,Private,76758.74,HS-grad,8.994597,Married-civ-spouse,Exec-managerial,Husband,White,Male,11.373151,-0.41711536,39.9954,United-States,<=50K
37.95138,Private,178637.66,HS-grad,8.984361,Married-civ-spouse,Machine-op-inspct,Husband,White,Male,24.355816,0.031470153,39.959827,Poland,<=50K
31.023626,Private,56028.777,Some-college,10.01058,Married-civ-spouse,Craft-repair,Husband,Asian-Pac-Islander,Male,9.4586,-0.658517,39.99696,United-States,<=50K
56.745308,Self-emp-not-inc,327595.97,10th,5.9871492,Married-civ-spouse,Craft-repair,Husband,White,Male,3.9854555,-0.25302997,39.987663,United-States,<=50K
31.058311,Local-gov,89769.85,Some-college,9.992626,Married-civ-spouse,Exec-managerial,Husband,White,Male,-4.093158,-0.29027668,35.05973,United-States,<=50K
43.859127,Federal-gov,39482.434,Masters,14.018878,Never-married,Prof-specialty,Not-in-family,White,Female,-11.907855,0.31204113,39.94327,United-States,<=50K
42.94915,Private,115444.734,HS-grad,8.95448,Married-civ-spouse,Exec-managerial,Wife,White,Female,42.316265,-0.1011745,35.93664,Portugal,>50K
80.02788,?,91355.38,HS-grad,8.992663,Married-civ-spouse,?,Husband,White,Male,-20.81728,-0.22563282,25.002893,United-States,<=50K
45.953835,Self-emp-not-inc,97972.69,Masters,14.025436,Divorced,Prof-specialty,Not-in-family,White,Female,8.780866,0.26755413,44.99635,United-States,<=50K
31.950369,Private,114466.12,Some-college,10.008035,Never-married,Adm-clerical,Not-in-family,White,Female,4253.9526,-0.06083789,50.042187,United-States,<=50K
23.071445,Private,187540.05,11th,6.996375,Married-civ-spouse,Transport-moving,Husband,White,Male,4586.217,-0.39093128,25.074114,United-States,<=50K
37.00454,Private,135742.42,Assoc-voc,11.010855,Married-civ-spouse,Other-service,Husband,White,Male,13.318463,-0.008896974,40.00729,United-States,<=50K
36.906013,Private,218266.03,11th,6.9788074,Married-civ-spouse,Handlers-cleaners,Husband,Black,Male,7727.0786,-0.32697406,39.998455,United-States,>50K
34.159573,Private,152758.36,12th,7.976429,Married-civ-spouse,Craft-repair,Husband,White,Male,31.192242,-0.4745113,39.997303,Guatemala,<=50K
20.872732,Private,329263.06,HS-grad,9.019505,Never-married,Tech-support,Not-in-family,White,Male,4841.0137,-0.18182483,39.939617,United-States,<=50K
49.90946,Private,156828.61,11th,6.972854,Married-civ-spouse,Transport-moving,Husband,White,Male,13.910504,-0.33572498,69.666084,United-States,>50K
50.99382,Private,386565.03,Bachelors,13.006719,Never-married,Sales,Not-in-family,White,Male,8.210309,-0.25821033,54.868416,United-States,>50K
39.160572,Private,268690.78,Assoc-voc,10.998624,Married-civ-spouse,Other-service,Husband,White,Male,-1.8077574,1489.7224,38.13355,United-States,>50K
44.984962,Local-gov,556177.7,HS-grad,8.992246,Married-civ-spouse,Craft-repair,Husband,Black,Male,1.4363832,-0.67776597,40.03501,United-States,>50K
62.15848,?,96537.76,Some-college,9.998713,Married-civ-spouse,?,Wife,White,Female,7.599469,-0.053246643,1.8716127,United-States,<=50K
44.898823,Private,44475.152,Bachelors,13.0195875,Never-married,Prof-specialty,Not-in-family,White,Male,12.3013735,0.23535046,39.94858,United-States,<=50K
42.959007,Private,34036.215,Some-college,10.00989,Married-spouse-absent,Craft-repair,Unmarried,White,Male,-8.784076,3009.0515,40.006935,United-States,>50K
25.703358,Private,209158.4,9th,5.0275874,Married-civ-spouse,Craft-repair,Husband,White,Male,2721.8809,-0.015526918,34.851917,Mexico,<=50K
28.896688,State-gov,117389.77,HS-grad,9.006593,Married-civ-spouse,Protective-serv,Husband,White,Male,-4.8602476,-0.36136737,41.828796,United-States,<=50K
43.845028,Local-gov,192873.36,Assoc-voc,11.046818,Never-married,Tech-support,Not-in-family,White,Male,9.181989,1354.8268,39.963467,United-States,<=50K
42.939945,Private,409256.47,HS-grad,9.00428,Never-married,Other-service,Not-in-family,Black,Female,42.97813,-0.42655292,96.13843,United-States,<=50K
33.081528,Private,183856.89,Assoc-acdm,11.988262,Married-civ-spouse,Other-service,Wife,Black,Female,15.155377,-0.30153003,34.98837,United-States,<=50K
30.914661,Private,112700.66,Assoc-acdm,12.005517,Married-civ-spouse,Machine-op-inspct,Husband,White,Male,-22.344135,0.06520733,19.927452,United-States,<=50K
37.900394,Federal-gov,172234.56,Some-college,10.015686,Divorced,Adm-clerical,Not-in-family,White,Male,-3.4361753,-0.15535846,39.97157,United-States,>50K
36.898426,Private,372840.1,Masters,14.021294,Divorced,Prof-specialty,Unmarried,White,Male,6.8096743,-0.3500301,47.984238,United-States,<=50K
44.84327,Private,99065.0,HS-grad,9.008386,Divorced,Other-service,Not-in-family,White,Male,26.17149,1988.5983,39.966503,United-States,<=50K
43.831993,Private,116835.24,9th,5.000872,Married-civ-spouse,Machine-op-inspct,Husband,Black,Male,22.567974,0.15293774,39.919582,United-States,<=50K
30.930468,Private,191151.34,Masters,14.010606,Never-married,Exec-managerial,Not-in-family,White,Female,2.4424868,2262.5652,39.978966,United-States,<=50K
41.018974,Federal-gov,82848.06,HS-grad,8.997786,Married-civ-spouse,Other-service,Husband,White,Male,-12.273089,-0.34215656,39.99493,United-States,<=50K
56.11105,?,132571.45,Masters,14.019569,Never-married,?,Not-in-family,White,Female,-0.7281676,0.24887738,50.07573,United-States,>50K
50.123898,Private,120321.734,Assoc-voc,10.98647,Married-civ-spouse,Other-service,Wife,Black,Female,25.608746,-0.41910663,39.96811,United-States,<=50K
39.175224,Self-emp-inc,142349.16,Assoc-acdm,12.0064,Married-civ-spouse,Exec-managerial,Wife,White,Female,-7.0594664,-0.2972652,20.006433,United-States,>50K
35.882797,Federal-gov,327290.78,Masters,14.022188,Divorced,Tech-support,Not-in-family,White,Female,-12.974017,0.39639172,39.95961,United-States,>50K
47.068005,Private,369736.94,Some-college,9.986689,Married-civ-spouse,Craft-repair,Husband,Black,Male,-5.55556,-0.6635219,30.026325,United-States,>50K
43.94768,Private,124026.75,HS-grad,8.988971,Married-civ-spouse,Machine-op-inspct,Husband,Black,Male,-3.685443,0.18019757,39.978653,United-States,<=50K
43.048805,Local-gov,144166.19,HS-grad,8.999539,Married-civ-spouse,Exec-managerial,Husband,White,Male,12.911237,-0.59688675,39.986156,?,<=50K
48.898083,Private,77027.29,7th-8th,3.9742932,Married-civ-spouse,Craft-repair,Husband,White,Male,40.22105,-0.3754436,49.895695,United-States,<=50K
58.13575,Private,235042.48,Assoc-voc,10.991906,Married-civ-spouse,Exec-managerial,Husband,White,Male,2.8504457,-0.68188584,40.031513,Germany,>50K
39.191402,Local-gov,33483.355,Some-college,9.977157,Married-civ-spouse,Exec-managerial,Husband,Amer-Indian-Eskimo,Male,-1.5475035,1496.5695,40.037495,United-States,>50K
73.84867,Private,191403.67,10th,5.9693604,Married-civ-spouse,Adm-clerical,Husband,White,Male,1.0743227,-0.20882526,20.048674,United-States,<=50K
62.077267,Private,137668.34,7th-8th,3.9621272,Married-civ-spouse,Exec-managerial,Husband,White,Male,33.821636,-0.4014522,39.931225,Ireland,>50K
56.040665,Self-emp-not-inc,42725.465,Bachelors,13.006975,Married-civ-spouse,Other-service,Husband,White,Male,-15.494281,-0.5435344,40.020405,United-States,<=50K
50.075993,Private,115138.96,Assoc-acdm,12.026331,Married-civ-spouse,Adm-clerical,Husband,White,Male,-3.2569761,-0.36534992,60.05033,Columbia,<=50K
35.913506,Private,99026.33,HS-grad,8.996414,Married-civ-spouse,Craft-repair,Husband,Asian-Pac-Islander,Male,4.8711977,0.07900128,39.96111,India,<=50K
49.13873,Private,38657.45,Bachelors,13.012094,Never-married,Exec-managerial,Not-in-family,White,Female,7.7757387,-0.19106403,56.047222,United-States,>50K
24.266205,State-gov,288926.97,Some-college,10.003539,Married-civ-spouse,Prof-specialty,Husband,White,Male,15.721784,-0.4207851,40.0223,United-States,<=50K
68.96034,Private,150469.19,HS-grad,8.993156,Married-civ-spouse,Sales,Husband,White,Male,-3.9117613,-0.22125354,34.911682,United-States,<=50K
50.990784,Self-emp-not-inc,180672.48,Some-college,9.998237,Married-civ-spouse,Sales,Husband,White,Male,-3.6200132,-0.47129932,40.02132,United-States,>50K
54.87295,Private,154067.9,10th,5.9811625,Married-civ-spouse,Other-service,Husband,Black,Male,2515.795,-0.22091022,39.9668,United-States,<=50K
58.97818,Private,276127.0,HS-grad,9.027021,Divorced,Tech-support,Unmarried,White,Male,19.389751,0.0399693,59.872726,United-States,>50K
69.996506,Self-emp-inc,217299.58,Bachelors,12.997906,Married-civ-spouse,Sales,Husband,White,Male,-30.903706,-0.48918262,15.061441,United-States,<=50K
30.515871,Private,193584.94,1st-4th,1.9581913,Married-civ-spouse,Prof-specialty,Husband,White,Male,78.62279,-0.037240174,44.87957,United-States,<=50K
34.240795,Private,167567.52,Bachelors,13.003353,Married-civ-spouse,Priv-house-serv,Wife,White,Female,9.079694,-0.515504,19.983074,United-States,>50K
43.009632,Private,143477.28,HS-grad,9.00168,Married-civ-spouse,Handlers-cleaners,Husband,White,Male,15.87486,-0.33140674,41.86399,United-States,>50K
41.065884,Private,42689.152,Bachelors,13.010873,Married-civ-spouse,Tech-support,Wife,White,Female,-1.8585386,0.01801953,24.928932,United-States,>50K
38.98153,Private,191959.52,Masters,14.021039,Never-married,Craft-repair,Not-in-family,White,Female,4.265973,0.059325073,50.04262,United-States,<=50K
25.289087,Local-gov,226873.4,Bachelors,12.999188,Married-civ-spouse,Adm-clerical,Husband,White,Male,-11.456683,-0.2512447,40.052525,United-States,<=50K
24.153461,Private,351734.44,Bachelors,13.00863,Never-married,Machine-op-inspct,Not-in-family,White,Male,9.158063,-0.029763367,65.15868,United-States,<=50K
41.908924,Private,120847.41,HS-grad,9.000285,Widowed,Prof-specialty,Not-in-family,White,Male,36.832867,0.2077168,39.934227,United-States,>50K
26.859468,Private,160523.56,11th,6.9890733,Married-civ-spouse,Craft-repair,Husband,White,Male,19.45103,1898.8485,39.994205,United-States,>50K
81.37914,Self-emp-not-inc,123037.305,Bachelors,13.006921,Widowed,Prof-specialty,Not-in-family,White,Female,27.005718,1667.9908,3.252228,Hungary,<=50K
41.945736,Self-emp-not-inc,163050.6,Some-college,10.005246,Married-civ-spouse,Handlers-cleaners,Husband,White,Male,-6.699603,-0.38598743,55.90964,United-States,>50K
45.93968,Private,187450.8,HS-grad,8.994946,Married-civ-spouse,Other-service,Husband,White,Male,17.929302,-0.38700977,39.994884,United-States,<=50K
48.08374,State-gov,77518.96,Masters,14.027892,Separated,Prof-specialty,Not-in-family,White,Male,5.885846,0.0011890859,59.961624,United-States,<=50K
37.02672,Private,360492.4,Some-college,9.994278,Married-civ-spouse,Handlers-cleaners,Husband,Black,Male,15.351911,-0.5812236,40.035027,United-States,>50K
51.033237,Self-emp-inc,199427.06,Bachelors,13.002411,Separated,Sales,Unmarried,White,Male,2.0528383,2838.96,40.017284,United-States,>50K
34.92644,Private,97000.46,Prof-school,15.03353,Never-married,Prof-specialty,Not-in-family,Asian-Pac-Islander,Male,18.714458,0.5082234,39.935318,India,>50K
63.123325,Local-gov,149949.83,HS-grad,8.992925,Married-civ-spouse,Adm-clerical,Wife,White,Female,11.18443,-0.1530849,34.951588,United-States,>50K
46.024456,Private,249712.0,Prof-school,15.03199,Separated,Prof-specialty,Not-in-family,White,Male,15.481549,-0.2811748,50.052612,United-States,>50K
41.935833,Private,340552.62,Assoc-acdm,11.998379,Divorced,Prof-specialty,Unmarried,White,Female,8595.557,-0.40028492,39.973602,United-States,>50K
36.110073,Private,53070.48,Masters,13.996385,Married-civ-spouse,Prof-specialty,Husband,Other,Male,0.26621717,0.030417297,40.002262,Iran,>50K
32.013443,Private,107397.305,12th,7.988119,Married-civ-spouse,Transport-moving,Husband,White,Male,21.221783,-0.22728077,59.86929,United-States,>50K
57.885452,Private,139746.23,5th-6th,3.027319,Married-civ-spouse,Machine-op-inspct,Husband,White,Male,37.383648,-0.41831318,39.90143,Italy,<=50K
27.988302,Private,174445.12,Some-college,9.989976,Married-civ-spouse,Handlers-cleaners,Husband,Black,Male,29.56651,-0.6754085,39.985485,Mexico,<=50K
44.896374,Self-emp-not-inc,113201.805,Bachelors,13.019291,Divorced,Prof-specialty,Not-in-family,White,Male,19.605328,-0.12024799,34.965122,United-States,<=50K
37.040115,Private,413116.53,Some-college,9.988455,Married-civ-spouse,Machine-op-inspct,Husband,Black,Male,-11.384418,-0.5387813,40.00901,United-States,>50K
51.055542,Local-gov,248322.92,Bachelors,13.00133,Married-civ-spouse,Transport-moving,Husband,Black,Male,-13.440082,-0.6021205,40.067307,United-States,>50K
25.109182,Private,262630.38,Bachelors,13.002909,Never-married,Sales,Not-in-family,White,Female,7051.0605,-0.15862384,50.041714,United-States,<=50K
49.12843,Self-emp-inc,212450.52,Masters,14.013351,Separated,Exec-managerial,Not-in-family,White,Male,-10.158587,-0.15717426,69.93956,United-States,>50K
38.988106,Private,453083.62,Bachelors,13.014108,Divorced,Prof-specialty,Not-in-family,White,Male,20.061138,-0.0055171517,39.966984,United-States,>50K
41.774807,State-gov,103942.72,11th,6.992049,Married-civ-spouse,Farming-fishing,Husband,White,Male,33.38487,-0.22721973,39.983727,United-States,<=50K
61.037437,?,158579.5,HS-grad,9.006293,Divorced,?,Not-in-family,White,Female,20.129498,-0.22659412,98.154,United-States,<=50K
48.02875,Federal-gov,33661.434,Bachelors,13.023019,Divorced,Exec-managerial,Unmarried,White,Male,-16.590229,-0.2626125,57.94377,United-States,>50K
49.106728,Private,156808.52,Assoc-voc,11.039209,Divorced,Exec-managerial,Not-in-family,White,Male,22.610455,0.20251355,44.975594,United-States,>50K
22.168013,Private,185576.05,HS-grad,8.996142,Married-civ-spouse,Priv-house-serv,Wife,White,Female,27.716412,-0.26107898,39.96948,United-States,<=50K
46.932602,Private,70152.8,7th-8th,3.9745188,Married-civ-spouse,Machine-op-inspct,Wife,Black,Female,43.5128,0.48039135,34.952267,United-States,<=50K
22.21182,Private,337669.3,HS-grad,8.989031,Married-civ-spouse,Machine-op-inspct,Wife,Black,Female,26.945904,-0.105065495,39.959038,United-States,<=50K
43.853306,Self-emp-not-inc,52906.902,Some-college,10.011387,Married-civ-spouse,Farming-fishing,Husband,White,Male,0.3113832,-0.7247554,44.966602,United-States,<=50K
33.95204,Federal-gov,94883.63,Assoc-acdm,12.057079,Never-married,Tech-support,Not-in-family,Asian-Pac-Islander,Female,8.299909,-0.077721745,59.93419,United-States,>50K
39.0881,Private,343157.84,Some-college,9.984218,Married-civ-spouse,Adm-clerical,Own-child,Black,Female,27.535748,-0.7915584,50.146255,United-States,>50K
38.956097,Private,224688.5,Masters,14.025117,Never-married,Prof-specialty,Not-in-family,White,Male,9.890241,0.4638737,39.94171,United-States,<=50K
51.986507,State-gov,142501.27,HS-grad,8.998864,Married-civ-spouse,Protective-serv,Husband,Black,Male,-8.056048,-0.32898822,39.99741,United-States,>50K
36.891552,Private,355594.47,10th,6.0010066,Married-civ-spouse,Machine-op-inspct,Husband,Black,Male,-16.045795,2129.439,64.99245,United-States,<=50K
42.89766,Private,396957.3,Assoc-acdm,12.008722,Never-married,Prof-specialty,Not-in-family,White,Male,5.8531313,-0.061692383,49.993813,United-States,>50K
36.937122,Private,161278.94,Assoc-voc,10.979466,Married-civ-spouse,Craft-repair,Husband,White,Male,26.255962,-0.08434406,39.96155,Portugal,>50K
34.014782,Private,212069.48,Bachelors,13.010216,Never-married,Sales,Not-in-family,White,Male,18.250103,-0.16723743,65.15908,United-States,>50K
49.072647,Private,353345.88,Some-college,10.014287,Divorced,Prof-specialty,Not-in-family,White,Male,22.622906,-0.03377643,44.964,United-States,>50K
44.05461,Private,328316.72,Assoc-voc,11.002257,Married-civ-spouse,Adm-clerical,Other-relative,White,Female,39.85777,-0.2507564,19.804152,United-States,<=50K
66.04425,Self-emp-not-inc,239523.56,Some-college,9.993543,Married-civ-spouse,Transport-moving,Husband,Black,Male,-13.157855,0.24594769,59.952774,United-States,<=50K
48.12768,Self-emp-not-inc,323964.7,Assoc-voc,11.020075,Divorced,Exec-managerial,Not-in-family,White,Female,25.254498,-0.24118152,50.08559,United-States,<=50K
25.965261,Private,38052.105,12th,7.975484,Married-civ-spouse,Priv-house-serv,Wife,Other,Female,65.32555,-0.69803727,39.999313,Dominican-Republic,<=50K
41.9978,Local-gov,29816.387,Assoc-acdm,11.975574,Married-civ-spouse,Prof-specialty,Wife,Amer-Indian-Eskimo,Female,20.494732,0.13599285,39.97098,United-States,<=50K
47.07634,Private,175697.86,HS-grad,8.985188,Married-civ-spouse,Other-service,Wife,White,Female,27.443707,-0.0005122691,30.037624,United-States,>50K
49.138664,Private,97092.734,Bachelors,13.016162,Divorced,Prof-specialty,Not-in-family,White,Female,20.45274,0.091902584,50.081646,United-States,<=50K
45.922596,Private,281659.53,Bachelors,13.020325,Divorced,Transport-moving,Not-in-family,White,Male,22.150005,-0.01083484,39.992672,United-States,<=50K
60.069977,Private,76048.04,Assoc-acdm,12.016956,Married-civ-spouse,Adm-clerical,Husband,White,Male,-26.661518,-0.4658138,34.943295,United-States,>50K
51.03268,State-gov,195429.64,HS-grad,9.000589,Married-civ-spouse,Prof-specialty,Husband,Black,Male,1.3775454,-0.21801105,59.95551,United-States,>50K
56.919308,Private,261735.6,Some-college,10.006869,Widowed,Exec-managerial,Not-in-family,White,Male,14.768903,-0.096230656,59.845455,United-States,<=50K
32.987675,Private,254251.27,Doctorate,16.035706,Never-married,Prof-specialty,Not-in-family,White,Female,40.692486,-0.106805,60.013012,United-States,>50K
65.19839,Private,266196.06,Bachelors,12.997795,Married-civ-spouse,Sales,Husband,White,Male,-18.053608,-0.53352463,23.875128,United-States,>50K
57.98533,Self-emp-not-inc,131031.42,Bachelors,13.032895,Never-married,Farming-fishing,Own-child,White,Male,6.0059633,-0.3596889,72.261696,United-States,<=50K
54.989532,Private,132199.94,HS-grad,8.992767,Married-civ-spouse,Transport-moving,Husband,Black,Male,3567.2715,-0.45759693,39.998383,Jamaica,<=50K
25.075762,Private,198777.23,HS-grad,8.995755,Married-civ-spouse,Adm-clerical,Wife,White,Female,28.380718,-0.054864075,39.97977,United-States,<=50K
27.56562,Private,165084.6,7th-8th,4.0134315,Married-civ-spouse,Handlers-cleaners,Husband,Other,Male,76.093735,2184.263,39.97605,Puerto-Rico,<=50K
30.955307,Local-gov,197971.06,Bachelors,13.012279,Divorced,Prof-specialty,Unmarried,White,Female,27.644634,-0.24279895,60.035606,United-States,<=50K
46.78379,Self-emp-not-inc,190631.23,7th-8th,3.995895,Married-civ-spouse,Exec-managerial,Husband,White,Male,31.233501,-0.42334095,54.716183,United-States,>50K
36.70223,Self-emp-not-inc,80155.94,9th,5.012084,Married-civ-spouse,Transport-moving,Husband,White,Male,24.008648,-0.61565506,69.788445,United-States,>50K
35.9227,Self-emp-inc,183047.33,Bachelors,13.013919,Divorced,Sales,Not-in-family,White,Male,24.666363,-0.11882892,60.017776,United-States,<=50K
34.194485,Private,177109.06,Assoc-voc,10.957132,Married-civ-spouse,Exec-managerial,Wife,White,Female,45.515484,-1.1625377,39.953728,Puerto-Rico,>50K
19.103697,Private,162359.36,Some-college,10.019264,Married-AF-spouse,Handlers-cleaners,Wife,White,Female,58.496197,0.02396283,39.990402,United-States,<=50K
31.926718,Private,387479.2,HS-grad,8.9916,Married-civ-spouse,Sales,Wife,White,Female,29.116314,-0.31195942,39.96242,United-States,>50K
43.070534,Self-emp-not-inc,125949.875,HS-grad,8.9916315,Married-civ-spouse,Exec-managerial,Husband,Black,Male,-1.737689,-0.64126694,40.02768,United-States,>50K
34.062977,Self-emp-not-inc,313432.06,Some-college,10.010208,Married-civ-spouse,Farming-fishing,Husband,White,Male,14.130231,-0.33942524,50.03339,United-States,<=50K
29.006416,Private,253577.11,Bachelors,13.002638,Married-civ-spouse,Transport-moving,Husband,White,Male,-5.3082457,-0.2405788,20.040997,United-States,<=50K
25.18545,Private,255774.6,Assoc-acdm,12.003292,Married-civ-spouse,Sales,Husband,White,Male,2.5906801,-0.27637592,40.01393,United-States,<=50K
44.985786,Private,178679.53,12th,7.9850864,Married-civ-spouse,Adm-clerical,Husband,White,Male,12.23985,-0.5309688,34.971344,United-States,>50K
60.245823,Private,112980.195,Bachelors,13.007734,Divorced,Exec-managerial,Not-in-family,White,Female,31.590923,0.43598828,39.97517,Hungary,>50K
43.00894,Local-gov,202930.0,Masters,14.004026,Widowed,Prof-specialty,Unmarried,Black,Female,20.279156,-0.754182,39.948513,United-States,<=50K
39.105587,Self-emp-not-inc,65651.75,Assoc-acdm,12.01208,Married-civ-spouse,Adm-clerical,Wife,White,Female,-1.6737242,-0.30610767,40.00897,United-States,>50K
41.85763,Private,162312.17,Doctorate,16.04379,Never-married,Prof-specialty,Not-in-family,White,Male,24.852886,0.24558148,35.96699,United-States,>50K
68.998985,?,476026.72,Bachelors,12.99478,Married-civ-spouse,?,Husband,White,Male,-33.89931,-0.6961833,19.950624,United-States,<=50K
23.231195,Private,158682.52,Some-college,10.012912,Married-civ-spouse,Handlers-cleaners,Husband,White,Male,15.7232485,-0.36131397,54.83488,United-States,<=50K
74.82663,Self-emp-inc,97066.8,Some-college,10.012825,Widowed,Sales,Not-in-family,White,Male,8.825299,-0.0996944,39.956802,United-States,>50K
36.106686,Federal-gov,253425.92,Some-college,9.984147,Married-civ-spouse,Adm-clerical,Husband,White,Male,-6.0316343,-0.7208873,40.03346,Puerto-Rico,>50K
29.856882,State-gov,152985.52,Masters,14.018738,Never-married,Prof-specialty,Unmarried,White,Male,4.8397036,0.078795284,39.955486,United-States,<=50K
26.835766,Private,80982.32,HS-grad,9.009048,Married-civ-spouse,Transport-moving,Husband,Asian-Pac-Islander,Male,30.290874,-0.28759876,40.00731,Philippines,>50K
40.99617,Local-gov,134776.27,Masters,14.014304,Never-married,Prof-specialty,Own-child,White,Female,8730.942,0.008299681,50.04404,United-States,>50K
81.40684,Private,97550.164,Bachelors,13.017326,Widowed,Sales,Not-in-family,White,Male,-8.3722105,-0.13787189,50.022545,United-States,>50K
42.886547,Local-gov,209081.22,Masters,14.014383,Never-married,Tech-support,Not-in-family,Black,Female,8695.111,0.10415539,46.971294,United-States,>50K
38.986034,Self-emp-not-inc,182293.62,Masters,14.014923,Never-married,Sales,Not-in-family,White,Male,-1.7840757,0.095290035,59.949677,United-States,>50K
51.007034,Federal-gov,123653.695,Bachelors,13.010058,Widowed,Adm-clerical,Not-in-family,White,Female,-0.66542345,-0.38570514,39.994846,United-States,<=50K
36.9343,Private,39049.45,HS-grad,8.991122,Married-civ-spouse,Machine-op-inspct,Husband,White,Male,-1.5973082,-0.121560246,39.96337,United-States,>50K
35.097206,State-gov,183953.11,HS-grad,9.007455,Married-civ-spouse,Craft-repair,Husband,White,Male,-6.4603453,1499.9465,40.014706,United-States,>50K
42.93588,Private,177161.05,Bachelors,13.015623,Never-married,Prof-specialty,Not-in-family,White,Male,25.533794,0.015234801,39.927185,?,>50K
39.049915,Private,205009.45,Some-college,9.990307,Married-civ-spouse,Sales,Wife,White,Female,19.563824,-0.27074543,20.921513,United-States,<=50K
38.024223,Private,349508.6,Some-college,9.994367,Married-civ-spouse,Transport-moving,Husband,Black,Male,-0.32045275,-0.4509746,50.094902,United-States,<=50K
56.941742,State-gov,387982.56,Some-college,9.9945,Married-civ-spouse,Prof-specialty,Husband,White,Male,-7.756976,-0.449464,40.01999,United-States,>50K
66.00257,Self-emp-not-inc,34593.043,HS-grad,9.004925,Married-civ-spouse,Transport-moving,Husband,White,Male,-7.3665953,-0.33891407,50.041183,United-States,>50K
51.923874,Self-emp-inc,413864.7,Some-college,10.012649,Divorced,Exec-managerial,Not-in-family,White,Male,6.3724184,-0.26750293,64.99308,United-States,>50K
52.138535,Private,224227.47,Bachelors,13.015738,Widowed,Exec-managerial,Not-in-family,White,Female,20.227642,-0.0094691785,7.647129,United-States,<=50K
30.911114,Private,107093.984,Some-college,10.010184,Married-AF-spouse,Craft-repair,Husband,White,Male,20.162212,0.03325543,28.130896,United-States,<=50K
54.076656,Local-gov,286303.75,Masters,14.022934,Never-married,Prof-specialty,Not-in-family,White,Female,12.244245,0.28102764,31.997364,United-States,>50K
42.051712,Private,149912.55,Some-college,9.991019,Married-civ-spouse,Sales,Husband,White,Male,10.858258,-0.3061382,24.934475,United-States,>50K
50.10544,Self-emp-not-inc,83290.29,Bachelors,13.011312,Married-civ-spouse,Exec-managerial,Husband,White,Male,-30.411762,-0.08650318,13.056545,United-States,<=50K
66.97504,Private,115716.195,HS-grad,8.9894,Married-civ-spouse,Sales,Husband,White,Male,-1.3690367,-0.15442005,30.01558,United-States,<=50K
28.860731,Private,143350.06,HS-grad,8.958583,Married-civ-spouse,Adm-clerical,Wife,Asian-Pac-Islander,Female,61.458233,-0.2677013,35.02558,Vietnam,<=50K
51.985397,Without-pay,198075.66,HS-grad,8.987955,Married-civ-spouse,Adm-clerical,Wife,White,Female,-6.230609,-0.5660716,30.106808,United-States,<=50K
36.91449,Local-gov,486630.56,Bachelors,13.0082,Never-married,Other-service,Not-in-family,Black,Male,26.029644,-0.36953083,60.07495,United-States,<=50K
36.03445,?,215550.22,HS-grad,8.986921,Married-civ-spouse,?,Husband,White,Male,3548.052,-0.20763507,30.098085,United-States,<=50K
34.034184,Private,179706.86,Some-college,10.011035,Married-civ-spouse,Farming-fishing,Husband,White,Male,18.578472,-0.47846332,39.991554,United-States,>50K
38.019386,?,338071.06,Some-college,9.987003,Married-civ-spouse,?,Wife,White,Female,12.858502,-0.31386676,20.00828,United-States,<=50K
35.319946,Federal-gov,286675.5,Some-college,10.002634,Married-civ-spouse,Protective-serv,Husband,Black,Male,-30.662983,-0.42004505,40.040714,United-States,>50K
29.83878,?,410235.1,HS-grad,8.990821,Married-civ-spouse,?,Husband,Black,Male,10.841168,-0.4557735,40.015682,United-States,<=50K
42.841343,Federal-gov,91690.31,Assoc-voc,11.057429,Divorced,Craft-repair,Not-in-family,White,Male,3.8726625,-0.076699406,39.9645,United-States,<=50K
45.8647,Private,33726.152,HS-grad,8.996827,Married-civ-spouse,Handlers-cleaners,Husband,White,Male,13.357526,-0.3100597,39.974102,United-States,<=50K
53.914955,?,179719.73,Some-college,10.00473,Married-civ-spouse,?,Husband,Asian-Pac-Islander,Male,9.5565,-0.1805431,60.069614,South,>50K
55.15641,Private,307333.78,Bachelors,12.9958725,Widowed,Machine-op-inspct,Unmarried,White,Female,19.850933,-0.6615077,39.92724,?,<=50K
30.966093,Private,340646.44,Some-college,10.002476,Married-civ-spouse,Adm-clerical,Husband,Asian-Pac-Islander,Male,-1.6522398,0.014067504,50.059364,India,<=50K
27.963957,Private,221412.95,HS-grad,8.9601755,Married-civ-spouse,Sales,Husband,White,Male,50.46812,-0.93938553,50.95305,Cuba,<=50K
35.095272,Self-emp-inc,185683.77,HS-grad,8.981593,Married-civ-spouse,Other-service,Husband,White,Male,33.608013,-0.29385486,50.056183,Puerto-Rico,<=50K
38.98659,Private,106173.24,HS-grad,9.006715,Married-civ-spouse,Tech-support,Husband,White,Male,4.613141,-0.3247539,39.97126,United-States,>50K
44.104298,Private,312294.88,Assoc-voc,10.987296,Married-civ-spouse,Exec-managerial,Husband,Black,Male,-5.478656,-0.8086711,40.034138,United-States,>50K
22.355654,Private,124707.484,Some-college,9.9789295,Married-civ-spouse,Adm-clerical,Wife,Amer-Indian-Eskimo,Female,30.245464,-0.045884278,44.034977,United-States,<=50K
49.0504,Self-emp-not-inc,101474.03,HS-grad,8.999197,Married-civ-spouse,Tech-support,Husband,White,Male,-10.26015,-0.17659107,30.068314,United-States,>50K
45.992157,Private,197008.97,Assoc-voc,11.013052,Married-spouse-absent,Machine-op-inspct,Unmarried,White,Male,-2.1036558,0.12902722,39.97183,United-States,<=50K
53.983696,Private,185563.0,Masters,14.0242,Never-married,Prof-specialty,Not-in-family,White,Male,1.0052309,0.395789,39.93453,United-States,>50K
66.021774,Private,297477.78,Some-college,9.997503,Married-civ-spouse,Protective-serv,Husband,White,Male,-26.949604,-0.42669788,40.011234,Canada,<=50K
53.814224,Private,102403.6,Assoc-acdm,12.022739,Divorced,Exec-managerial,Unmarried,White,Female,7.6119204,-0.09858814,54.980118,United-States,>50K
47.049805,Local-gov,247181.47,Masters,14.020096,Divorced,Prof-specialty,Unmarried,White,Male,-1.0743589,0.0070179435,44.99874,United-States,>50K
40.840897,Private,36439.76,12th,7.996599,Divorced,Transport-moving,Not-in-family,White,Male,39.92442,-0.3494884,84.76791,United-States,>50K
39.021862,Private,184729.66,Some-college,10.008237,Divorced,Exec-managerial,Not-in-family,White,Female,8701.203,-0.18227497,39.975216,United-States,>50K
45.90347,Federal-gov,190129.89,Some-college,9.997339,Married-civ-spouse,Other-service,Husband,White,Male,-16.356342,-0.3883449,40.01954,United-States,<=50K
33.71763,Private,166002.78,7th-8th,3.9952464,Married-civ-spouse,Exec-managerial,Wife,White,Female,60.22227,0.12573132,39.90701,Mexico,<=50K
42.100166,Private,172027.34,Some-college,9.99284,Married-civ-spouse,Adm-clerical,Husband,Black,Male,0.20078748,-0.5957271,40.04111,United-States,<=50K
43.9681,Private,148166.97,Assoc-acdm,12.01587,Married-civ-spouse,Other-service,Husband,White,Male,-2.8446226,-0.2599422,40.006214,United-States,<=50K
27.970114,Private,183021.73,HS-grad,9.012733,Married-civ-spouse,Transport-moving,Husband,White,Male,21.777447,-0.330125,54.85909,United-States,<=50K
41.99003,Local-gov,442449.44,Bachelors,13.008365,Separated,Exec-managerial,Not-in-family,White,Male,20.29063,-0.4610912,45.032257,United-States,>50K
32.16562,Private,260720.78,Bachelors,12.994753,Married-civ-spouse,Sales,Husband,Black,Male,-0.90931994,-0.65207016,40.025703,United-States,>50K
60.248314,Local-gov,168426.7,Assoc-voc,10.991783,Widowed,Adm-clerical,Not-in-family,Amer-Indian-Eskimo,Female,39.55186,0.4193867,39.98884,United-States,<=50K
25.287851,State-gov,261361.67,Bachelors,13.004857,Married-civ-spouse,Protective-serv,Husband,White,Male,-16.023823,-0.38897052,40.02542,United-States,>50K
25.057861,Private,147232.58,HS-grad,9.013727,Married-civ-spouse,Transport-moving,Husband,White,Male,21.950054,-0.40367237,59.85132,United-States,<=50K
54.81364,?,450719.6,5th-6th,3.0529475,Married-civ-spouse,?,Husband,White,Male,45.689068,-0.046197083,47.840317,Mexico,<=50K
41.135483,Self-emp-not-inc,145814.64,Assoc-voc,11.017994,Married-civ-spouse,Craft-repair,Husband,White,Male,-14.268451,-0.54612076,40.054558,Yugoslavia,<=50K
70.95785,Private,100033.23,HS-grad,9.01059,Divorced,Adm-clerical,Not-in-family,Asian-Pac-Islander,Female,14.743756,1678.3671,19.952381,United-States,<=50K
41.051617,Local-gov,200833.73,HS-grad,9.003316,Married-civ-spouse,Transport-moving,Husband,Black,Male,9.697858,-0.48368946,40.033207,United-States,<=50K
61.002888,Private,203639.94,9th,4.9974847,Married-civ-spouse,Craft-repair,Husband,White,Male,29.8961,-0.5021678,39.94051,United-States,<=50K
51.93855,State-gov,295267.88,Masters,14.001035,Divorced,Prof-specialty,Unmarried,White,Female,-4.6183043,1866.9553,50.041363,United-States,<=50K
28.934147,Private,159375.55,HS-grad,9.0049,Married-civ-spouse,Transport-moving,Husband,Other,Male,29.419292,-0.38641468,54.90148,United-States,<=50K
61.071472,Local-gov,153568.89,Masters,14.026949,Divorced,Prof-specialty,Not-in-family,White,Female,7.0025454,0.44289288,39.946655,United-States,>50K
35.94348,Private,103581.41,Some-college,10.01699,Married-civ-spouse,Farming-fishing,Husband,White,Male,10.717145,-0.2941982,55.90783,United-States,>50K
29.068512,Private,243661.77,Bachelors,13.003612,Married-civ-spouse,Tech-support,Husband,White,Male,-6.702533,-0.34931293,34.964127,United-States,>50K
40.977142,Local-gov,193115.58,Assoc-acdm,12.027385,Married-civ-spouse,Tech-support,Husband,White,Male,-20.617085,-0.06225696,39.999687,United-States,>50K
28.126163,Federal-gov,42565.34,Some-college,9.996256,Married-civ-spouse,Adm-clerical,Husband,White,Male,-26.87563,-0.3354732,40.013203,United-States,>50K
47.008312,Private,458910.28,HS-grad,9.001438,Married-civ-spouse,Transport-moving,Husband,White,Male,8.414411,-0.4572002,40.025288,United-States,>50K
47.105137,Private,197982.9,HS-grad,8.967719,Married-civ-spouse,Machine-op-inspct,Husband,White,Male,27.069927,-0.09494892,50.011223,Portugal,>50K
58.134758,State-gov,108996.36,Doctorate,16.038342,Married-civ-spouse,Prof-specialty,Husband,White,Male,-20.045795,0.22196087,1.9545671,United-States,>50K
54.49645,Self-emp-not-inc,94642.625,10th,6.0132537,Married-civ-spouse,Farming-fishing,Husband,White,Male,2.2112856,1880.0104,69.62476,United-States,>50K
44.078945,State-gov,98958.875,Bachelors,12.996821,Married-civ-spouse,Prof-specialty,Husband,Amer-Indian-Eskimo,Male,6.7684145,0.3202885,38.060383,United-States,>50K
27.965685,Private,28839.059,HS-grad,8.974063,Married-civ-spouse,Handlers-cleaners,Husband,Amer-Indian-Eskimo,Male,28.516216,0.1080769,39.99051,United-States,<=50K
50.078426,Self-emp-not-inc,391294.75,Bachelors,13.012024,Divorced,Exec-managerial,Not-in-family,White,Male,-0.17982775,0.035956237,30.054712,United-States,<=50K
40.949482,Local-gov,576789.1,Some-college,10.010979,Divorced,Craft-repair,Not-in-family,White,Male,22.358746,-0.2539455,39.996124,United-States,<=50K
47.05583,Self-emp-not-inc,27258.98,Assoc-voc,11.006148,Married-civ-spouse,Sales,Husband,White,Male,-3.9405699,-0.2611324,40.007317,United-States,>50K
43.922077,Self-emp-not-inc,207216.64,HS-grad,8.997002,Married-civ-spouse,Machine-op-inspct,Wife,White,Female,2.0821352,0.04977307,44.98956,United-States,<=50K
37.7998,Private,424671.75,9th,5.0117393,Married-civ-spouse,Craft-repair,Husband,White,Male,33.852886,-0.32870594,39.955513,United-States,>50K
29.749807,Private,206552.88,Bachelors,13.011652,Never-married,Tech-support,Not-in-family,White,Male,37.73936,0.5314168,60.069054,Hungary,<=50K
27.04254,Private,444880.72,HS-grad,8.994532,Married-civ-spouse,Exec-managerial,Husband,White,Male,13.8292055,-0.5363704,40.027264,United-States,<=50K
33.995224,Private,186266.5,Assoc-acdm,12.010334,Never-married,Sales,Unmarried,White,Male,10.494489,-0.11772266,50.028084,United-States,<=50K
25.983505,Local-gov,204811.75,HS-grad,9.006248,Married-civ-spouse,Craft-repair,Husband,White,Male,9.391461,-0.2640926,40.00537,United-States,<=50K
48.07732,Self-emp-not-inc,200551.19,Some-college,9.988444,Married-civ-spouse,Exec-managerial,Husband,White,Male,-16.022846,-0.60041153,30.056995,United-States,>50K
25.330927,Private,169139.25,Bachelors,13.002583,Married-civ-spouse,Exec-managerial,Wife,White,Female,8.41612,-0.2599956,30.004255,United-States,>50K
34.25589,Self-emp-not-inc,123885.58,Bachelors,12.998943,Married-civ-spouse,Sales,Husband,White,Male,-2.2352476,-0.3691875,30.038357,United-States,<=50K
26.991508,Private,34745.12,Some-college,10.002622,Married-civ-spouse,Handlers-cleaners,Husband,White,Male,12.772809,-0.32722583,39.99201,United-States,>50K
45.934216,Federal-gov,199113.16,Bachelors,13.016325,Divorced,Prof-specialty,Not-in-family,White,Male,-4.092181,-0.13847461,39.97258,United-States,<=50K
37.979286,Private,679305.06,Bachelors,13.006976,Divorced,Exec-managerial,Not-in-family,White,Male,8.481793,-0.8567134,54.892155,United-States,>50K
43.007534,Local-gov,228051.47,Assoc-voc,11.019662,Married-civ-spouse,Transport-moving,Husband,White,Male,-5.112933,-0.19080463,22.06693,United-States,<=50K
61.999603,Federal-gov,222172.12,Some-college,10.012928,Never-married,Prof-specialty,Not-in-family,White,Male,-9.283099,-0.065385014,39.95307,United-States,>50K
52.085915,Private,161325.52,HS-grad,8.990111,Married-civ-spouse,Adm-clerical,Other-relative,White,Female,40.285748,-0.3387157,39.97234,United-States,<=50K
60.080753,Private,334535.84,HS-grad,9.005666,Divorced,Adm-clerical,Unmarried,White,Female,17.639751,2238.0256,39.998486,United-States,>50K
64.19865,Private,393204.66,7th-8th,3.9950294,Married-civ-spouse,Farming-fishing,Husband,White,Male,59.351177,-0.3121883,39.949745,United-States,>50K
39.075386,Private,24626.95,Some-college,9.99022,Married-civ-spouse,Sales,Husband,White,Male,14.696393,-0.45000568,40.005905,Philippines,>50K
26.115345,Private,201225.88,Bachelors,13.003498,Married-civ-spouse,Transport-moving,Husband,White,Male,3.1492739,-0.5426799,40.0438,United-States,>50K
20.821587,Private,189566.08,10th,6.004282,Married-civ-spouse,Farming-fishing,Husband,White,Male,36.898052,-0.59990036,69.71807,United-States,<=50K
41.099377,Self-emp-not-inc,272903.12,Some-college,9.990792,Married-civ-spouse,Machine-op-inspct,Husband,White,Male,-11.359759,-0.25676075,30.067253,United-States,<=50K
38.017033,Self-emp-not-inc,587085.0,HS-grad,8.996473,Married-civ-spouse,Craft-repair,Husband,White,Male,-6.339984,-0.58966935,46.943157,United-States,<=50K
45.961697,Private,173896.06,Assoc-voc,11.035834,Divorced,Protective-serv,Not-in-family,Black,Male,9.639997,0.27591595,39.96845,United-States,<=50K
72.35195,Self-emp-inc,81168.79,5th-6th,3.0315065,Married-civ-spouse,Exec-managerial,Husband,Asian-Pac-Islander,Male,60.25694,0.15549359,20.107174,Japan,<=50K
65.9922,Self-emp-inc,75414.8,HS-grad,9.00634,Married-civ-spouse,Transport-moving,Husband,White,Male,-10.525287,-0.43732563,50.04423,United-States,>50K
35.925106,Self-emp-not-inc,187650.75,Masters,14.013056,Never-married,Prof-specialty,Not-in-family,White,Female,7.2593813,-0.080735356,59.969246,United-States,>50K
64.28427,Private,59632.027,HS-grad,8.994614,Widowed,Sales,Not-in-family,White,Female,8599.566,0.0790852,50.06661,France,>50K
30.954098,Private,86104.336,Assoc-voc,11.014745,Married-civ-spouse,Transport-moving,Husband,White,Male,11.176129,-0.18034473,30.107037,United-States,>50K
44.94563,Private,316974.47,Bachelors,13.006651,Divorced,Prof-specialty,Unmarried,White,Female,18.077984,-0.5357677,50.107964,United-States,<=50K
66.1333,State-gov,69216.836,Some-college,10.017992,Divorced,Exec-managerial,Not-in-family,White,Female,19.37144,-0.13716236,54.85702,United-States,<=50K
34.016308,Self-emp-not-inc,47819.06,Some-college,10.006371,Married-civ-spouse,Farming-fishing,Wife,White,Female,34.46934,-0.24276844,30.003664,United-States,<=50K
37.965073,Private,178594.22,Assoc-acdm,12.00056,Never-married,Machine-op-inspct,Not-in-family,Black,Female,10498.151,0.10211071,50.09377,United-States,>50K
34.24562,Private,506385.06,Assoc-voc,10.985627,Married-civ-spouse,Craft-repair,Husband,White,Male,-2.1522398,-0.7687923,32.02942,United-States,>50K
66.00861,?,259823.4,Some-college,9.995665,Married-civ-spouse,?,Husband,White,Male,-17.75893,-0.46061054,40.017357,United-States,>50K
25.957802,Private,121475.58,Bachelors,13.012395,Never-married,Exec-managerial,Unmarried,Asian-Pac-Islander,Male,54.556744,-1.3641139,60.161125,Vietnam,<=50K
56.838932,Private,170605.7,11th,6.9955306,Married-spouse-absent,Craft-repair,Not-in-family,White,Male,27.82066,0.028792236,39.971424,Canada,<=50K
43.05033,Private,994212.0,Some-college,9.919322,Married-civ-spouse,Other-service,Husband,White,Male,15.890973,-2.81891,47.999012,United-States,<=50K
61.156906,Local-gov,191417.44,Bachelors,13.017738,Separated,Prof-specialty,Not-in-family,White,Male,28.773785,-0.16934314,29.979698,?,<=50K
26.85896,Private,198310.0,Bachelors,13.013952,Never-married,Adm-clerical,Not-in-family,White,Male,35.207623,0.19620404,39.95997,Poland,<=50K
34.21376,?,166919.34,Some-college,9.994278,Married-civ-spouse,?,Wife,White,Female,7699.084,-0.097764164,5.9991837,United-States,>50K
36.952793,Self-emp-inc,99032.87,Some-college,10.006873,Married-civ-spouse,Transport-moving,Husband,White,Male,-2.0174742,-0.39238086,54.88132,United-States,>50K
35.09186,?,140102.08,Assoc-voc,10.9953375,Married-civ-spouse,?,Wife,White,Female,15.983747,0.0080707995,19.92767,United-States,>50K
52.03902,Private,110043.555,Doctorate,16.039621,Never-married,Exec-managerial,Not-in-family,White,Male,1.2066469,0.39198193,39.95798,United-States,>50K
49.995953,Private,33477.434,HS-grad,8.996133,Married-civ-spouse,Craft-repair,Husband,White,Male,3.277936,-0.51300156,39.978027,United-States,>50K
49.067593,Local-gov,109284.78,HS-grad,9.003971,Married-civ-spouse,Transport-moving,Husband,White,Male,4.1587954,-0.13423267,40.005142,United-States,<=50K
38.894756,Self-emp-not-inc,33354.168,HS-grad,9.008536,Married-civ-spouse,Farming-fishing,Husband,White,Male,10.135114,-0.5443584,50.02455,United-States,<=50K
58.919205,Private,226421.72,10th,5.982017,Married-civ-spouse,Craft-repair,Husband,White,Male,11.19737,-0.4378368,39.967175,United-States,<=50K
71.84167,Private,234306.83,Assoc-voc,11.006479,Widowed,Exec-managerial,Not-in-family,White,Female,1.6248598,2473.9514,39.96971,United-States,<=50K
36.022846,Private,361782.62,Some-college,9.997433,Married-civ-spouse,Craft-repair,Husband,White,Male,9.513043,-0.35747638,40.003773,?,>50K
33.010883,Local-gov,251345.27,Bachelors,13.007089,Never-married,Exec-managerial,Not-in-family,White,Female,26.897564,-0.22110859,50.08999,United-States,<=50K
37.00058,Self-emp-inc,256637.53,Some-college,9.989052,Married-civ-spouse,Exec-managerial,Husband,Asian-Pac-Islander,Male,-8.840472,0.18804821,75.72045,Thailand,>50K
63.094902,Self-emp-not-inc,22699.465,HS-grad,8.993347,Married-civ-spouse,Other-service,Husband,White,Male,-0.9735289,-0.20470539,39.98485,United-States,>50K
39.9523,Self-emp-not-inc,170803.78,Assoc-acdm,12.0380745,Married-civ-spouse,Farming-fishing,Husband,White,Male,-6.3197203,-0.44267383,50.067104,United-States,>50K
60.158585,Local-gov,48905.652,Bachelors,13.006887,Separated,Prof-specialty,Unmarried,White,Female,5386.9077,-0.74672806,54.99571,United-States,<=50K
38.935627,Private,283431.47,HS-grad,9.017823,Never-married,Craft-repair,Not-in-family,White,Male,18.150005,1573.7653,49.931633,United-States,>50K
55.11698,Self-emp-not-inc,42364.23,Bachelors,13.011421,Married-civ-spouse,Prof-specialty,Wife,White,Female,-0.60170275,-0.4201595,7.774288,United-States,<=50K
57.898754,Local-gov,42329.95,9th,5.0090194,Married-civ-spouse,Transport-moving,Husband,White,Male,32.157085,-0.17121997,39.95615,United-States,<=50K
36.937687,Local-gov,48559.56,Bachelors,13.010895,Never-married,Prof-specialty,Not-in-family,White,Female,4830.9097,0.23278698,44.9962,United-States,<=50K
58.079685,Private,171549.89,HS-grad,8.994085,Widowed,Exec-managerial,Unmarried,White,Female,19.957867,-0.26628223,50.074455,United-States,<=50K
50.94679,Private,177928.67,Some-college,10.014549,Divorced,Sales,Not-in-family,White,Female,28.796978,-0.028145935,59.917015,United-States,<=50K
69.00964,Self-emp-not-inc,101775.73,7th-8th,3.9947705,Married-civ-spouse,Sales,Husband,White,Male,34.03819,0.19586071,54.652485,United-States,<=50K
34.14798,Private,90002.19,Some-college,10.0095,Married-civ-spouse,Tech-support,Husband,White,Male,-10.107562,1498.6783,40.004097,United-States,<=50K
28.975672,Private,24735.59,Some-college,9.974263,Married-civ-spouse,Other-service,Wife,Amer-Indian-Eskimo,Female,35.313335,0.35880932,39.969646,United-States,<=50K
36.946293,Private,94976.41,Assoc-acdm,12.033044,Married-civ-spouse,Adm-clerical,Other-relative,Asian-Pac-Islander,Female,5121.2944,-0.16675678,38.004787,United-States,>50K
42.03916,Private,107669.01,HS-grad,8.993938,Married-civ-spouse,Transport-moving,Husband,Amer-Indian-Eskimo,Male,20.405132,-0.07126728,59.985397,United-States,<=50K
50.084503,Federal-gov,96186.14,Bachelors,13.012189,Divorced,Prof-specialty,Unmarried,Black,Female,-6.9239683,-0.4106609,39.984028,United-States,<=50K
34.846924,Private,202571.64,HS-grad,9.020949,Divorced,Sales,Not-in-family,White,Male,46.582623,0.14156231,59.88894,United-States,<=50K
29.846216,Private,331057.97,Assoc-acdm,12.025911,Never-married,Craft-repair,Not-in-family,White,Male,4728.7666,-0.08144489,49.988045,United-States,>50K
37.880264,Private,289522.9,Assoc-voc,11.017756,Widowed,Machine-op-inspct,Not-in-family,White,Male,23.453472,0.3579243,39.953293,United-States,<=50K
63.008472,Private,265114.2,7th-8th,4.0026917,Married-civ-spouse,Transport-moving,Husband,White,Male,45.84898,0.052985046,59.671677,United-States,>50K
25.226643,Private,48172.2,Some-college,9.996946,Married-civ-spouse,Exec-managerial,Husband,White,Male,6.092145,-0.57772934,40.00639,United-States,>50K
63.02018,Local-gov,63652.27,9th,5.01078,Married-civ-spouse,Transport-moving,Husband,White,Male,7718.8745,-0.098015934,39.9515,United-States,>50K
25.111433,Private,121735.05,Bachelors,13.00725,Never-married,Exec-managerial,Own-child,White,Female,23.630962,1724.5527,59.97092,United-States,<=50K
61.019665,Self-emp-inc,156049.52,HS-grad,9.01896,Divorced,Sales,Not-in-family,White,Male,30.443218,0.08473858,54.818386,United-States,<=50K
62.162148,?,56045.152,Some-college,9.986675,Married-civ-spouse,?,Husband,Black,Male,-15.700824,-0.44992176,34.968925,United-States,>50K
65.17388,Private,37620.746,HS-grad,8.994739,Never-married,Exec-managerial,Not-in-family,Black,Male,2210.7341,0.016882751,39.93864,United-States,<=50K
57.937065,Local-gov,79523.586,HS-grad,8.995765,Married-civ-spouse,Handlers-cleaners,Husband,Asian-Pac-Islander,Male,11.862409,0.089743465,80.81307,Philippines,>50K
29.871344,Private,402015.16,Bachelors,13.006003,Never-married,Prof-specialty,Not-in-family,Black,Male,23.463726,-0.44503132,50.033844,United-States,>50K
54.021408,Private,270712.9,Assoc-voc,11.006204,Widowed,Exec-managerial,Not-in-family,White,Female,24.63609,-0.32330433,39.960148,United-States,<=50K
29.8538,Private,206573.86,HS-grad,8.988589,Married-civ-spouse,Craft-repair,Husband,Other,Male,41.785503,-0.3131267,39.983143,Mexico,<=50K
55.99871,Self-emp-not-inc,254515.28,HS-grad,8.992039,Married-civ-spouse,Sales,Husband,White,Male,-0.50306994,-0.18003193,19.983227,United-States,<=50K
65.10733,Private,206747.05,Some-college,9.995412,Married-civ-spouse,Protective-serv,Husband,White,Male,-27.15395,-0.18534961,16.131277,United-States,<=50K
41.005436,Self-emp-not-inc,82698.13,HS-grad,8.994206,Married-civ-spouse,Exec-managerial,Husband,White,Male,-5.9798765,-0.35494342,40.00382,United-States,>50K
53.022938,State-gov,195390.94,Masters,14.028229,Divorced,Prof-specialty,Not-in-family,White,Female,11.190534,0.41776928,39.942894,United-States,<=50K
29.752436,Local-gov,45635.2,10th,5.9883327,Married-civ-spouse,Craft-repair,Husband,White,Male,15.828961,-0.1545879,39.961983,United-States,<=50K
46.05221,Private,171444.75,HS-grad,8.954417,Married-civ-spouse,Machine-op-inspct,Husband,White,Male,3498.055,-0.008813051,34.970837,Guatemala,<=50K
61.019485,Private,313149.7,HS-grad,9.007003,Widowed,Craft-repair,Not-in-family,White,Male,23.179302,-0.28487507,39.954178,United-States,<=50K
32.038296,Private,167935.5,HS-grad,8.989604,Married-civ-spouse,Exec-managerial,Husband,White,Male,2.1663637,-0.32148853,40.00831,Ireland,<=50K
33.008816,Private,100223.85,Masters,14.025029,Never-married,Exec-managerial,Not-in-family,White,Male,2.1822329,0.48363385,39.953217,United-States,>50K
27.941444,Private,139934.5,Masters,14.029418,Divorced,Prof-specialty,Not-in-family,White,Female,27.733013,0.16288647,50.007492,United-States,<=50K
42.053047,State-gov,183592.44,Assoc-voc,11.016054,Married-civ-spouse,Other-service,Husband,White,Male,14.822858,-0.07019153,45.0254,United-States,>50K
27.98591,Private,159604.28,Bachelors,13.004853,Married-spouse-absent,Sales,Not-in-family,White,Female,21.877789,-0.071297795,50.078026,United-States,<=50K
41.115406,Private,206488.22,Assoc-acdm,11.990426,Married-civ-spouse,Exec-managerial,Husband,Black,Male,-27.80849,-0.29589954,50.142467,India,>50K
66.850586,Federal-gov,230925.95,HS-grad,9.010137,Never-married,Adm-clerical,Not-in-family,White,Male,-5.760638,-0.053101685,39.95134,United-States,>50K
88.04075,Self-emp-not-inc,263028.8,11th,6.990737,Married-civ-spouse,Farming-fishing,Husband,White,Male,6393.9033,0.41654095,39.970955,United-States,>50K
57.971687,Private,204371.8,HS-grad,9.008208,Married-civ-spouse,Transport-moving,Husband,White,Male,3.8519106,-0.2476894,59.875732,United-States,>50K
55.112087,Self-emp-not-inc,202083.0,Assoc-voc,10.989326,Married-civ-spouse,Sales,Wife,White,Female,11.113141,-0.43013874,30.009048,United-States,<=50K
48.109055,Private,125114.266,Masters,14.018583,Divorced,Exec-managerial,Unmarried,White,Female,-0.84437853,-0.14984241,39.967422,United-States,>50K
66.914024,State-gov,132205.56,Some-college,10.0077505,Married-civ-spouse,Protective-serv,Husband,White,Male,-24.137836,-0.64191544,40.743584,United-States,>50K
35.739063,Private,110120.06,9th,5.02207,Married-civ-spouse,Sales,Own-child,White,Male,59.591534,0.2232121,49.93729,United-States,>50K
38.000717,Self-emp-not-inc,412050.06,HS-grad,9.006486,Married-civ-spouse,Machine-op-inspct,Husband,White,Male,0.80943006,-0.13650623,69.68572,?,<=50K
34.13896,Private,191054.23,HS-grad,8.992706,Married-civ-spouse,Adm-clerical,Husband,Black,Male,14.477643,-0.4342586,40.025673,United-States,>50K
27.876286,Self-emp-inc,209626.22,11th,6.978788,Married-civ-spouse,Craft-repair,Husband,White,Male,19.82066,-0.5101024,49.963123,United-States,>50K
29.837698,Private,445110.0,Doctorate,16.037573,Never-married,Prof-specialty,Not-in-family,White,Male,33.27183,-0.14447132,59.949837,United-States,<=50K
42.9952,Self-emp-not-inc,291597.06,Masters,14.008069,Divorced,Exec-managerial,Unmarried,White,Female,-2.2848082,-0.3823177,45.052284,United-States,>50K
42.004047,Private,185774.94,HS-grad,8.994294,Married-civ-spouse,Other-service,Wife,Black,Female,23.41026,-0.32998767,59.974384,United-States,<=50K
36.991528,Federal-gov,361381.22,HS-grad,9.00011,Married-civ-spouse,Adm-clerical,Wife,White,Female,-4.3600035,-0.30545154,40.005123,United-States,>50K
35.086994,Private,265573.88,Some-college,9.985229,Married-civ-spouse,Craft-repair,Husband,Black,Male,37.43394,-0.8568584,50.025948,Jamaica,>50K
45.86581,Self-emp-not-inc,311354.25,HS-grad,9.006394,Married-civ-spouse,Farming-fishing,Husband,White,Male,17.081158,-0.35263935,39.996574,United-States,<=50K
57.84642,Local-gov,270694.88,7th-8th,3.9910493,Married-civ-spouse,Craft-repair,Husband,White,Male,40.448345,-0.13980976,39.95657,United-States,<=50K
23.177332,State-gov,287392.97,Bachelors,13.010626,Never-married,Prof-specialty,Not-in-family,White,Male,10644.052,0.18787274,39.976574,United-States,>50K
53.974606,Self-emp-not-inc,308235.78,Masters,14.029676,Divorced,Prof-specialty,Not-in-family,White,Male,-1.3658628,0.33466992,30.045248,United-States,<=50K
42.04803,Self-emp-inc,201198.39,Some-college,9.993333,Married-civ-spouse,Exec-managerial,Husband,White,Male,-12.955707,-0.71350205,40.034676,United-States,>50K
45.982155,Private,198108.75,Masters,14.009616,Divorced,Exec-managerial,Unmarried,White,Female,-4.6566343,337.47522,45.04584,United-States,<=50K
51.936424,Private,133096.73,7th-8th,3.9740481,Married-civ-spouse,Handlers-cleaners,Husband,White,Male,52.882915,-0.22008625,39.922146,Ecuador,<=50K
41.04091,Self-emp-inc,289443.16,Assoc-voc,11.024311,Never-married,Exec-managerial,Not-in-family,White,Male,17.130474,0.0681065,47.969196,United-States,<=50K
44.88681,Self-emp-inc,120350.484,Prof-school,15.024454,Never-married,Craft-repair,Not-in-family,White,Male,-11.187152,0.031607483,50.049717,United-States,>50K
53.75613,Private,173824.98,9th,4.995999,Married-civ-spouse,Exec-managerial,Husband,White,Male,33.046,-0.3673946,44.905605,United-States,>50K
52.93883,Private,76165.44,Some-college,10.005545,Separated,Prof-specialty,Not-in-family,White,Male,17.366314,-0.115899235,59.868122,United-States,<=50K
41.904427,Private,261745.52,11th,6.981809,Married-civ-spouse,Craft-repair,Husband,White,Male,21.329449,-0.44352832,35.005493,United-States,>50K
45.86473,Federal-gov,372694.0,HS-grad,9.014145,Divorced,Adm-clerical,Not-in-family,White,Male,2.3794985,-0.043549683,39.97006,United-States,<=50K
51.001102,Private,216709.81,Some-college,9.994445,Separated,Adm-clerical,Not-in-family,Black,Male,8672.59,-0.41623798,39.98083,United-States,>50K
48.094223,Private,246051.2,Some-college,10.000958,Widowed,Adm-clerical,Not-in-family,White,Female,27.235699,-0.28916278,50.07956,United-States,<=50K
41.07316,Self-emp-not-inc,134710.1,Assoc-voc,11.001469,Married-civ-spouse,Other-service,Wife,White,Female,3153.7415,-0.19236866,39.988914,United-States,>50K
47.00304,Federal-gov,192279.75,HS-grad,9.008655,Married-civ-spouse,Transport-moving,Husband,Black,Male,-10.6690855,-0.2604839,50.08784,United-States,>50K
53.125572,Private,233487.36,Assoc-voc,11.013875,Divorced,Adm-clerical,Not-in-family,Black,Female,2176.0476,-0.009583619,39.976772,United-States,<=50K
52.029472,Private,62666.137,HS-grad,8.984558,Married-civ-spouse,Machine-op-inspct,Husband,White,Male,-14.945209,0.1775578,19.892406,United-States,>50K
43.914787,Local-gov,111650.45,Masters,14.02205,Divorced,Prof-specialty,Unmarried,White,Female,11.058454,0.05770764,38.020435,United-States,<=50K
50.038177,Self-emp-not-inc,61656.3,Some-college,9.988037,Married-civ-spouse,Other-service,Husband,White,Male,-7.7457457,-0.147401,25.01932,United-States,>50K
48.191128,Self-emp-not-inc,317003.16,Bachelors,13.001235,Married-civ-spouse,Prof-specialty,Wife,White,Female,-0.5501891,-0.5951854,19.951782,United-States,>50K
32.777935,?,289901.28,HS-grad,9.010753,Divorced,?,Not-in-family,Black,Male,26.089214,1749.4565,40.000675,United-States,<=50K
30.030325,Private,204030.27,Assoc-voc,11.005321,Married-civ-spouse,Exec-managerial,Husband,White,Male,4.43443,-0.15558735,34.9755,United-States,>50K
42.964844,Private,178517.27,Masters,14.009698,Separated,Sales,Unmarried,White,Female,6623.2344,-0.9262477,50.094105,United-States,<=50K
47.08676,Local-gov,193758.42,HS-grad,8.995867,Married-civ-spouse,Other-service,Wife,White,Female,29.308453,-0.19086567,6.8761215,United-States,>50K
43.011448,?,116062.79,Some-college,9.996911,Married-civ-spouse,?,Husband,White,Male,-5.566058,-0.34008136,44.99633,United-States,>50K
37.979877,Self-emp-inc,62599.63,Bachelors,13.015598,Never-married,Exec-managerial,Not-in-family,White,Male,5.814557,-0.43940082,59.962044,United-States,<=50K
28.254263,Local-gov,190723.58,Masters,14.016455,Married-civ-spouse,Prof-specialty,Wife,White,Female,9.819928,0.17784008,19.983452,United-States,>50K
35.993156,State-gov,37781.76,HS-grad,9.0053005,Married-civ-spouse,Protective-serv,Husband,White,Male,-2.0111265,-0.15590015,47.92219,United-States,>50K
64.161026,Federal-gov,267846.0,Assoc-acdm,12.005597,Separated,Prof-specialty,Not-in-family,White,Female,-9.699115,-0.2235271,39.95789,United-States,>50K
50.986355,Local-gov,180704.66,Masters,14.031966,Separated,Prof-specialty,Not-in-family,White,Male,11.623639,0.347411,39.132168,United-States,>50K
57.17262,Private,318604.84,Bachelors,12.995418,Married-civ-spouse,Machine-op-inspct,Husband,White,Male,-8.415179,-0.17835346,39.990604,Poland,>50K
61.078156,Self-emp-inc,83879.734,HS-grad,8.989005,Married-civ-spouse,Exec-managerial,Husband,White,Male,-20.9706,-0.14666095,34.998363,United-States,>50K
61.078907,Local-gov,176251.19,HS-grad,9.010835,Married-civ-spouse,Farming-fishing,Husband,White,Male,10.120709,-0.39886585,47.9194,United-States,<=50K
50.09765,Self-emp-not-inc,225208.83,Doctorate,16.03987,Divorced,Prof-specialty,Not-in-family,White,Female,20.086529,0.17954144,60.074665,United-States,>50K
65.12244,?,324612.2,Assoc-voc,10.9958,Married-civ-spouse,?,Husband,White,Male,-21.63808,-0.5696269,50.097122,United-States,>50K
35.90432,Local-gov,42419.45,Assoc-voc,11.043536,Divorced,Exec-managerial,Not-in-family,White,Male,29.478863,0.10307202,50.031216,United-States,<=50K
40.033478,Private,237024.31,Bachelors,12.997662,Never-married,Sales,Not-in-family,Other,Female,40.5565,-0.12101856,54.984035,United-States,>50K
49.023098,Local-gov,47826.074,HS-grad,9.011908,Never-married,Craft-repair,Not-in-family,White,Male,27.237652,-0.022713806,49.982685,United-States,<=50K
38.840816,Self-emp-not-inc,153696.52,HS-grad,9.024789,Divorced,Farming-fishing,Not-in-family,White,Male,8730.611,0.07848248,50.014908,United-States,>50K
37.970966,Self-emp-not-inc,31760.793,Assoc-acdm,12.017564,Married-civ-spouse,Sales,Husband,White,Male,-8.583148,-0.10736957,59.92135,United-States,<=50K
35.077812,?,116641.19,Assoc-voc,10.996301,Married-civ-spouse,?,Wife,White,Female,14.973493,0.07365307,39.978592,United-States,>50K
22.1848,Private,441245.06,Bachelors,13.007389,Never-married,Exec-managerial,Not-in-family,White,Male,16.866314,-0.29519,50.010048,United-States,<=50K
50.873913,Self-emp-inc,109169.65,11th,6.968844,Married-civ-spouse,Craft-repair,Husband,White,Male,-0.50673205,-0.39161792,59.78243,United-States,>50K
32.946938,Private,361191.38,Doctorate,16.046532,Married-civ-spouse,Tech-support,Husband,Asian-Pac-Islander,Male,21.385357,0.39746746,39.976322,Japan,<=50K
48.181164,Private,268271.62,Bachelors,13.013172,Never-married,Other-service,Not-in-family,White,Male,36.839703,-0.16436878,50.024353,Mexico,>50K
24.234684,Local-gov,220582.22,Some-college,10.002734,Married-civ-spouse,Adm-clerical,Wife,White,Female,27.274029,-0.34298053,40.016464,United-States,<=50K
73.707664,Self-emp-not-inc,146860.31,HS-grad,9.004482,Married-civ-spouse,Sales,Husband,White,Male,-15.068255,-0.017487671,54.81435,United-States,<=50K
35.08277,Private,24053.59,HS-grad,8.989109,Married-civ-spouse,Exec-managerial,Wife,White,Female,16.678082,-0.016572144,39.96534,United-States,>50K
30.936731,Private,49420.2,Masters,14.021459,Never-married,Exec-managerial,Not-in-family,White,Male,-0.36976916,0.26519665,54.8408,United-States,>50K
43.89288,State-gov,55020.793,Masters,14.019199,Never-married,Prof-specialty,Not-in-family,White,Female,6.8709536,0.029135559,59.956284,United-States,<=50K
56.094765,Private,218862.97,HS-grad,8.987234,Married-civ-spouse,Sales,Wife,White,Female,15.727643,-0.15020862,34.921627,United-States,<=50K
37.99704,Private,358362.7,Some-college,10.000437,Married-civ-spouse,Handlers-cleaners,Husband,White,Male,10.368756,-0.58665574,40.02376,United-States,<=50K
29.063635,Private,34887.434,Assoc-voc,11.020688,Married-civ-spouse,Transport-moving,Husband,White,Male,3.9964418,-0.2205135,54.90453,United-States,<=50K
38.97577,Private,72857.875,Assoc-voc,11.045234,Divorced,Craft-repair,Not-in-family,White,Male,14.206891,1732.3455,44.91664,United-States,<=50K
89.77012,Private,226704.06,Assoc-acdm,12.0306015,Never-married,Exec-managerial,Not-in-family,White,Male,6049.1934,0.1501759,44.880722,United-States,>50K
51.071392,Private,281512.25,Bachelors,13.011113,Married-civ-spouse,Farming-fishing,Husband,White,Male,1.2750063,-0.6008998,40.018703,Canada,<=50K
41.83139,Private,388790.66,Masters,14.027301,Divorced,Sales,Not-in-family,White,Male,12.342145,0.12914166,49.976723,United-States,>50K
52.707203,Private,152026.61,5th-6th,3.0526443,Married-civ-spouse,Exec-managerial,Husband,White,Male,7739.4443,-0.97733414,9.950771,Yugoslavia,>50K
25.048166,Private,60999.645,Bachelors,13.017705,Never-married,Exec-managerial,Own-child,White,Male,4673.721,-0.15063587,44.96063,United-States,<=50K
33.076828,Federal-gov,205403.31,HS-grad,9.003074,Married-civ-spouse,Prof-specialty,Husband,White,Male,-2.9593687,-0.17002216,40.003063,United-States,<=50K
37.971054,Private,32607.293,Bachelors,13.014585,Divorced,Prof-specialty,Unmarried,White,Female,16.726665,-0.26934925,56.028255,United-States,<=50K
64.10053,?,159894.55,HS-grad,9.006941,Divorced,?,Not-in-family,White,Male,8709.972,0.1973103,39.957993,United-States,>50K
56.119476,Self-emp-not-inc,109495.32,Bachelors,13.008691,Married-spouse-absent,Prof-specialty,Not-in-family,White,Female,0.57627577,-0.21550861,39.972584,United-States,>50K
29.942327,Private,488220.44,Some-college,9.98512,Married-civ-spouse,Machine-op-inspct,Husband,White,Male,-7.473773,-0.29181018,30.05049,United-States,<=50K
65.25554,State-gov,43029.73,Prof-school,15.027925,Married-civ-spouse,Exec-managerial,Husband,White,Male,2384.1782,0.06500897,8.01012,United-States,<=50K
24.785091,Private,172136.12,Assoc-acdm,12.051004,Never-married,Farming-fishing,Not-in-family,White,Male,2317.8582,0.028654907,44.933666,United-States,<=50K
53.012352,Private,302985.38,HS-grad,8.987873,Married-civ-spouse,Machine-op-inspct,Husband,White,Male,-10.970111,-0.20073047,30.052187,United-States,<=50K
42.078636,Private,334613.72,Bachelors,12.999698,Never-married,Exec-managerial,Unmarried,White,Female,8.252301,-0.6625835,50.13705,United-States,<=50K
71.89197,Private,144765.08,Assoc-acdm,12.022072,Married-civ-spouse,Exec-managerial,Husband,White,Male,-36.201313,-0.34275165,16.090693,United-States,>50K
44.979618,Private,482663.03,Masters,14.007883,Married-civ-spouse,Tech-support,Husband,White,Male,-31.056293,-0.30775562,18.188086,United-States,>50K
50.04434,Self-emp-not-inc,156828.7,Some-college,9.991474,Married-civ-spouse,Exec-managerial,Wife,White,Female,2.6856508,-0.50046647,30.011595,United-States,<=50K
30.601461,Self-emp-not-inc,404613.72,10th,6.058948,Married-civ-spouse,Farming-fishing,Husband,White,Male,42.095074,0.24978527,54.788483,Portugal,>50K
26.91259,Self-emp-not-inc,36548.355,11th,6.964264,Married-civ-spouse,Exec-managerial,Husband,White,Male,15.214459,-0.5382472,49.984108,United-States,<=50K
24.245504,Private,138307.38,HS-grad,8.999068,Married-civ-spouse,Craft-repair,Husband,Black,Male,20.782085,-0.43476978,40.006813,United-States,<=50K
47.033764,Federal-gov,68452.51,HS-grad,8.99339,Married-civ-spouse,Adm-clerical,Husband,Black,Male,-20.677387,-0.49358478,40.015816,United-States,>50K
27.041971,Private,300213.16,Some-college,9.992912,Married-civ-spouse,Sales,Wife,White,Female,19.412457,-0.40341297,42.07853,United-States,>50K
36.062477,Private,132779.98,Prof-school,15.018946,Married-civ-spouse,Adm-clerical,Wife,White,Female,-1.9105406,-0.04647937,14.903795,United-States,>50K
27.926592,Private,201005.27,Assoc-acdm,12.037095,Never-married,Exec-managerial,Not-in-family,White,Male,18.392193,-0.3608562,65.09282,United-States,>50K
68.01887,?,228700.06,HS-grad,8.98759,Married-civ-spouse,?,Wife,White,Female,1.8912172,-0.07158008,24.920006,United-States,<=50K
42.87536,Private,215276.27,Some-college,10.0272045,Divorced,Tech-support,Own-child,White,Female,10.140485,1616.5386,72.13404,United-States,<=50K
55.073235,Private,193566.27,HS-grad,8.986433,Married-civ-spouse,Sales,Wife,White,Female,16.970562,-0.2650005,39.947742,Canada,>50K
44.982685,Private,174617.86,Bachelors,12.998706,Separated,Prof-specialty,Unmarried,White,Female,48.790386,-1.2637416,56.092514,Germany,<=50K
45.88546,Private,39192.7,Bachelors,13.03895,Divorced,Exec-managerial,Other-relative,White,Male,30.572857,-0.078347355,39.95809,United-States,<=50K
53.76128,Self-emp-not-inc,99917.875,Some-college,9.993107,Married-civ-spouse,Craft-repair,Husband,White,Male,-20.111958,-0.68219864,40.013184,Ireland,>50K
33.865013,Private,108734.61,Masters,14.0599785,Divorced,Exec-managerial,Other-relative,Asian-Pac-Islander,Female,51.503277,0.49079785,39.987225,South,<=50K
27.786612,Local-gov,126238.516,HS-grad,8.994798,Separated,Adm-clerical,Not-in-family,White,Female,5820.0693,-0.08127704,39.987404,United-States,<=50K
36.03251,Self-emp-not-inc,320494.1,Bachelors,13.011277,Married-civ-spouse,Farming-fishing,Husband,White,Male,4.1863832,-0.48627582,50.094486,United-States,<=50K
49.069458,Self-emp-not-inc,198689.38,HS-grad,9.000126,Married-civ-spouse,Craft-repair,Husband,White,Male,4.2723207,-0.32745472,50.025314,Mexico,<=50K
22.476778,State-gov,190156.8,Bachelors,13.009981,Married-civ-spouse,Exec-managerial,Husband,White,Male,-14.359027,-0.1656734,19.905907,United-States,<=50K
47.048504,Private,263543.2,Some-college,10.002249,Married-spouse-absent,Exec-managerial,Not-in-family,Black,Male,10.975934,-0.39267078,39.998344,United-States,<=50K
33.01652,Private,34499.137,HS-grad,8.9933405,Married-civ-spouse,Sales,Husband,White,Male,18.34776,0.057249878,39.976566,United-States,<=50K
34.052895,Self-emp-not-inc,195619.88,HS-grad,9.005227,Divorced,Exec-managerial,Unmarried,White,Female,20.36729,2484.1562,34.994556,United-States,>50K
61.06587,Self-emp-inc,217356.62,Prof-school,15.027667,Divorced,Prof-specialty,Not-in-family,White,Male,-8.139056,0.35477337,34.939796,United-States,<=50K
63.08471,Private,543734.44,Some-college,9.976215,Married-civ-spouse,Exec-managerial,Husband,White,Male,-24.38515,-0.78991044,34.939518,United-States,>50K
49.135567,Private,43665.45,Prof-school,15.022213,Never-married,Prof-specialty,Not-in-family,White,Female,9.653424,-0.058388855,54.93382,United-States,>50K
53.87654,Federal-gov,22481.168,Bachelors,13.01572,Divorced,Exec-managerial,Unmarried,White,Female,-12.185687,-0.4432384,40.0076,United-States,<=50K
42.974022,?,109278.19,Bachelors,13.007612,Married-civ-spouse,?,Wife,White,Female,3.6243715,-0.07650104,6.804634,United-States,>50K
27.772339,Local-gov,154062.94,9th,5.01777,Married-civ-spouse,Craft-repair,Husband,Black,Male,40.360943,-0.31736103,39.98501,Trinadad&Tobago,>50K
29.865475,Private,19562.715,Bachelors,13.015113,Married-AF-spouse,Sales,Wife,Asian-Pac-Islander,Female,45.672466,-0.21048084,60.101376,Philippines,>50K
56.033527,Private,328165.06,HS-grad,8.9940405,Married-civ-spouse,Machine-op-inspct,Husband,White,Male,-12.8548765,0.075384945,39.985992,Italy,>50K
69.15296,Private,105329.125,HS-grad,8.995169,Widowed,Adm-clerical,Not-in-family,White,Female,1726.8048,-0.19805256,39.937794,United-States,<=50K
30.014317,Private,368260.94,HS-grad,9.000752,Married-civ-spouse,Adm-clerical,Husband,White,Male,13.848004,-0.4366161,50.038025,United-States,<=50K
56.94244,State-gov,327604.97,HS-grad,8.996448,Married-civ-spouse,Adm-clerical,Husband,White,Male,-8.026507,-0.5972911,40.01529,United-States,>50K
33.980007,Private,469203.94,Some-college,10.003194,Never-married,Prof-specialty,Not-in-family,White,Male,21.790386,-0.20160785,49.957428,United-States,>50K
52.10783,Local-gov,75314.36,Bachelors,13.010385,Never-married,Prof-specialty,Not-in-family,Black,Female,19.541607,-0.04761615,39.96254,United-States,<=50K
59.01609,Private,750329.06,HS-grad,8.973714,Married-civ-spouse,Machine-op-inspct,Husband,White,Male,-13.540912,-0.82058823,39.982876,United-States,<=50K
28.05018,Local-gov,336249.3,Assoc-acdm,12.0138235,Married-civ-spouse,Protective-serv,Husband,White,Male,-23.49355,-0.42166248,40.01936,United-States,>50K
35.897274,Private,306643.34,HS-grad,9.0024395,Married-civ-spouse,Transport-moving,Wife,White,Female,21.926373,-0.20848957,39.97956,United-States,>50K
56.976025,Self-emp-inc,120820.445,Bachelors,13.022328,Divorced,Exec-managerial,Not-in-family,White,Male,-2.664935,-0.18640247,50.075195,United-States,>50K
33.010906,Private,416628.34,HS-grad,8.999393,Married-civ-spouse,Other-service,Husband,White,Male,19.507671,-0.3766338,50.008186,United-States,<=50K
31.13503,Self-emp-not-inc,233943.0,Some-college,9.99344,Married-civ-spouse,Sales,Husband,Black,Male,3.7559633,-0.2969524,59.975063,United-States,>50K
40.91491,Private,77361.39,HS-grad,9.001834,Married-spouse-absent,Prof-specialty,Not-in-family,Asian-Pac-Islander,Male,58.244244,0.31184277,39.968315,Japan,>50K
33.176704,State-gov,160785.53,Bachelors,13.013575,Married-civ-spouse,Exec-managerial,Husband,Asian-Pac-Islander,Male,-1.4810972,-0.71941483,40.043285,Philippines,<=50K
45.935493,Self-emp-not-inc,264872.8,HS-grad,8.997856,Married-civ-spouse,Craft-repair,Husband,White,Male,6.8079653,-0.61477005,40.036053,Germany,<=50K
48.139633,Private,198515.73,HS-grad,8.988233,Married-civ-spouse,Other-service,Husband,White,Male,26.926128,-0.22670856,39.961723,Mexico,>50K
36.868923,Private,195446.77,Some-college,10.00387,Widowed,Other-service,Not-in-family,White,Female,2440.9275,-0.21550861,39.94432,?,<=50K
43.98337,Private,239408.45,Bachelors,13.012418,Divorced,Prof-specialty,Unmarried,Black,Male,14.559918,-0.44278827,39.973633,United-States,<=50K
51.000046,Self-emp-not-inc,182563.52,HS-grad,8.998322,Married-civ-spouse,Sales,Husband,White,Male,6.7874575,-0.39983478,40.002457,United-States,>50K
53.940178,Private,417734.12,HS-grad,8.997256,Married-civ-spouse,Transport-moving,Husband,Black,Male,1.8233461,-0.49480549,40.02238,United-States,<=50K
38.87677,Private,178363.88,HS-grad,9.017624,Never-married,Tech-support,Not-in-family,White,Male,4653.3765,-0.14128223,43.84715,United-States,<=50K
38.994377,Federal-gov,243753.47,Assoc-acdm,12.026209,Never-married,Prof-specialty,Not-in-family,White,Male,-6.889056,0.13653454,39.964813,United-States,>50K
60.936863,Private,178754.33,5th-6th,3.0144558,Married-civ-spouse,Handlers-cleaners,Husband,White,Male,3604.2163,-0.35790363,44.815796,United-States,<=50K
41.13452,Local-gov,343596.47,Some-college,9.998801,Married-civ-spouse,Other-service,Husband,White,Male,-7.793353,1493.6554,40.057587,United-States,>50K
52.05533,Private,201984.58,Bachelors,13.017666,Divorced,Exec-managerial,Not-in-family,White,Male,10.760358,-0.07559314,39.972992,United-States,>50K
52.04045,Private,82765.31,Some-college,9.995239,Married-civ-spouse,Sales,Own-child,White,Female,24.023296,-0.31324115,39.977818,United-States,<=50K
40.003162,State-gov,181910.84,Masters,14.024014,Married-civ-spouse,Prof-specialty,Wife,Asian-Pac-Islander,Female,34.573833,0.16107067,38.03869,China,>50K
44.94065,Self-emp-inc,144901.02,HS-grad,8.995802,Married-civ-spouse,Other-service,Husband,White,Male,1.5086489,-0.24171558,40.003742,United-States,>50K
41.957275,Private,366336.6,Masters,14.017473,Never-married,Exec-managerial,Not-in-family,White,Female,4679.986,-0.16098896,39.963413,United-States,<=50K
31.587008,Private,389278.44,5th-6th,3.0614858,Married-civ-spouse,Craft-repair,Husband,Other,Male,72.52135,-0.03752246,44.891068,Mexico,>50K
52.885033,Private,96856.17,HS-grad,9.011184,Widowed,Tech-support,Not-in-family,White,Male,31.166851,-0.064728886,39.134674,United-States,>50K
59.010845,Private,144856.66,11th,6.97333,Married-civ-spouse,Adm-clerical,Husband,White,Male,13.201764,-0.37910572,39.978573,United-States,<=50K
57.05145,Federal-gov,66374.13,Prof-school,15.025764,Divorced,Prof-specialty,Not-in-family,White,Female,-19.694233,0.1307362,50.0774,United-States,>50K
28.082287,Private,319144.1,Masters,14.000961,Married-civ-spouse,Sales,Husband,White,Male,3.988141,-0.24118152,45.012924,France,>50K
34.09496,Local-gov,259777.44,Some-college,10.010245,Married-civ-spouse,Handlers-cleaners,Husband,White,Male,10.367047,-0.5065776,51.98683,United-States,>50K
53.517365,Self-emp-not-inc,182175.11,5th-6th,3.0309029,Married-civ-spouse,Farming-fishing,Husband,White,Male,50.333843,-0.41609302,54.60663,United-States,<=50K
36.96855,Self-emp-not-inc,118946.92,HS-grad,9.00085,Married-civ-spouse,Craft-repair,Husband,White,Male,0.21568006,-0.46743122,39.998367,United-States,<=50K
55.990303,Private,435460.25,HS-grad,8.994772,Married-civ-spouse,Farming-fishing,Husband,White,Male,13.473737,-0.016572144,19.97396,United-States,<=50K
49.096428,Self-emp-inc,76458.086,HS-grad,8.988359,Married-civ-spouse,Exec-managerial,Husband,White,Male,-16.661274,-0.1704494,40.0028,Canada,>50K
43.802975,Local-gov,106277.625,Assoc-acdm,12.049114,Divorced,Protective-serv,Not-in-family,White,Female,10.718366,-0.020440247,55.98139,United-States,>50K
33.154606,Self-emp-not-inc,420019.8,Some-college,9.987379,Married-civ-spouse,Prof-specialty,Wife,White,Female,4.0149965,-0.6224147,59.8906,United-States,>50K
32.974087,Local-gov,65648.86,Masters,14.0246725,Never-married,Prof-specialty,Not-in-family,White,Female,20.120708,0.42299542,44.99067,United-States,<=50K
56.7808,Private,179942.39,10th,5.9839272,Married-civ-spouse,Craft-repair,Husband,White,Male,12.520368,-0.4228603,42.82761,United-States,<=50K
23.190462,Private,55432.293,Bachelors,13.018904,Never-married,Protective-serv,Not-in-family,White,Female,2861.9238,0.086470455,39.957428,United-States,<=50K
36.65012,Private,106885.055,9th,5.0375586,Married-civ-spouse,Other-service,Wife,Asian-Pac-Islander,Female,66.883896,0.8413075,39.8952,Hong,<=50K
55.9597,Self-emp-not-inc,334437.7,HS-grad,9.000234,Married-civ-spouse,Other-service,Husband,White,Male,-8.662494,1885.2596,50.052177,Canada,>50K
61.079365,Self-emp-not-inc,183244.88,Bachelors,13.003082,Never-married,Exec-managerial,Not-in-family,White,Female,-13.36513,2448.9868,50.09222,United-States,>50K
51.978893,Local-gov,124144.08,12th,7.9893045,Married-civ-spouse,Craft-repair,Husband,White,Male,2.5665102,-0.50697434,40.01063,United-States,<=50K
39.012012,Private,106260.96,HS-grad,8.995857,Married-civ-spouse,Prof-specialty,Husband,White,Male,16.075787,-0.14987293,44.947918,?,>50K
34.129765,Private,100191.07,Bachelors,13.014322,Married-civ-spouse,Transport-moving,Husband,Asian-Pac-Islander,Male,4.392682,-0.42649952,40.028145,United-States,>50K
71.83162,Private,138413.7,HS-grad,8.991431,Married-civ-spouse,Adm-clerical,Husband,White,Male,-10.638568,-0.37243,30.030241,United-States,<=50K
35.11936,?,60912.45,HS-grad,8.9903965,Married-civ-spouse,?,Husband,White,Male,1.7413149,-0.20422474,39.9843,United-States,<=50K
48.027035,Private,46286.996,11th,6.974381,Married-civ-spouse,Other-service,Wife,White,Female,36.31651,0.16950879,39.948128,United-States,<=50K
35.953934,Private,130990.055,Assoc-acdm,12.021323,Never-married,Exec-managerial,Not-in-family,White,Female,3407.2817,0.06614575,39.961586,United-States,<=50K
38.043644,Private,44798.62,Bachelors,13.009699,Married-civ-spouse,Sales,Wife,White,Female,15.866315,-0.12869373,7.7435837,United-States,>50K
66.09265,Self-emp-not-inc,296739.94,Bachelors,12.996373,Married-civ-spouse,Exec-managerial,Husband,White,Male,-37.357807,-0.8223201,30.047617,United-States,<=50K
50.002872,Self-emp-not-inc,164364.53,HS-grad,9.003691,Married-civ-spouse,Transport-moving,Husband,White,Male,1.4019594,-0.40125385,40.017975,United-States,>50K
55.057083,Private,333699.2,HS-grad,8.985041,Married-civ-spouse,Exec-managerial,Wife,White,Female,6.935895,-0.38760486,29.996859,United-States,>50K
38.945454,State-gov,343492.78,Bachelors,13.021546,Divorced,Protective-serv,Not-in-family,White,Male,18.210308,0.13139233,39.96032,Mexico,>50K
36.94828,Private,174412.31,Masters,14.01444,Divorced,Exec-managerial,Unmarried,White,Male,-8.516253,-0.07539478,59.985603,United-States,>50K
46.872948,Self-emp-inc,248327.08,5th-6th,3.0593534,Married-civ-spouse,Transport-moving,Husband,White,Male,61.74107,0.19057354,49.925053,Cuba,<=50K
23.263218,Private,431964.6,Some-college,10.006614,Married-civ-spouse,Tech-support,Husband,White,Male,5.347028,-0.42783466,41.91108,United-States,<=50K
58.016052,Local-gov,310097.97,HS-grad,8.998283,Married-civ-spouse,Other-service,Husband,White,Male,4.4910707,-0.13898578,40.00773,United-States,>50K
67.0631,Private,221871.25,HS-grad,8.985843,Married-civ-spouse,Exec-managerial,Husband,White,Male,-10.574115,-0.14600483,2.8309824,United-States,>50K
30.764519,Federal-gov,206075.23,Bachelors,13.017174,Divorced,Protective-serv,Not-in-family,White,Male,-13.709369,-0.19961658,49.99749,United-States,>50K
36.023853,Local-gov,112419.03,Some-college,10.010797,Married-civ-spouse,Tech-support,Husband,White,Male,-10.516986,-0.27802387,41.802387,United-States,>50K
64.35838,Private,258731.61,Some-college,9.965465,Widowed,Adm-clerical,Not-in-family,White,Female,50.128765,-0.71054184,39.933952,Cuba,<=50K
56.859272,Federal-gov,21757.184,Some-college,10.013735,Divorced,Other-service,Not-in-family,White,Male,0.2303285,-0.04181781,39.959724,United-States,<=50K
45.971992,Self-emp-not-inc,154470.2,Masters,14.024399,Never-married,Exec-managerial,Not-in-family,White,Male,-8.891009,0.030814026,24.968058,United-States,<=50K
24.081127,State-gov,196990.45,HS-grad,9.013444,Married-civ-spouse,Transport-moving,Husband,White,Male,21.1002,-0.47113147,48.985302,United-States,>50K
43.798294,Federal-gov,30130.277,Bachelors,13.022101,Divorced,Tech-support,Not-in-family,White,Male,-39.426167,2270.8923,39.962276,United-States,>50K
56.679768,Self-emp-not-inc,104730.4,11th,6.942158,Married-civ-spouse,Farming-fishing,Husband,White,Male,44.833355,1.9125584,98.20063,United-States,<=50K
49.0724,Private,22756.2,Some-college,10.000966,Widowed,Exec-managerial,Not-in-family,White,Female,26.730572,-0.31500354,39.959953,United-States,>50K
60.023167,Private,138660.44,Some-college,10.013308,Married-spouse-absent,Machine-op-inspct,Not-in-family,White,Male,-9.735003,0.2626408,50.01031,United-States,>50K
47.065567,Private,150401.05,Some-college,9.99018,Married-civ-spouse,Craft-repair,Husband,Amer-Indian-Eskimo,Male,1.7269106,-0.29399982,50.09851,United-States,>50K
29.027208,Self-emp-not-inc,75167.46,Some-college,9.983525,Married-civ-spouse,Prof-specialty,Husband,Amer-Indian-Eskimo,Male,17.914165,0.021376465,40.0041,United-States,<=50K
37.9055,Local-gov,71029.25,HS-grad,9.018423,Married-civ-spouse,Protective-serv,Husband,Asian-Pac-Islander,Male,0.42417616,-0.26329914,53.80733,United-States,>50K
31.488037,Private,99755.13,5th-6th,3.0378623,Married-civ-spouse,Machine-op-inspct,Wife,Asian-Pac-Islander,Female,59.126812,0.11134991,39.92318,Laos,>50K
52.033756,Private,217897.14,Some-college,9.992855,Married-spouse-absent,Adm-clerical,Not-in-family,White,Female,14045.8545,0.06989941,16.008282,United-States,>50K
68.01145,Private,164967.53,HS-grad,8.995376,Married-civ-spouse,Prof-specialty,Husband,White,Male,-6.980609,-0.20524707,39.977783,Italy,>50K
40.042385,Private,144449.02,Bachelors,13.008676,Married-spouse-absent,Sales,Not-in-family,White,Male,10.428815,0.2354649,39.96751,United-States,>50K
63.176598,Private,200393.28,9th,5.0118785,Married-civ-spouse,Farming-fishing,Husband,Black,Male,46.353374,-0.19928089,39.94299,United-States,<=50K
45.826714,Private,273573.12,HS-grad,9.022659,Divorced,Farming-fishing,Not-in-family,White,Male,54.522564,0.044173095,50.018642,United-States,<=50K
32.05713,Private,263201.56,Some-college,10.009735,Married-civ-spouse,Tech-support,Husband,White,Male,2.4803286,-0.57858384,40.008003,United-States,>50K
26.210907,Local-gov,286637.16,Bachelors,12.999264,Married-civ-spouse,Prof-specialty,Wife,Black,Female,16.289654,-0.65354264,39.997272,United-States,>50K
41.929665,State-gov,211134.08,Bachelors,13.019813,Divorced,Prof-specialty,Not-in-family,Black,Male,25.374126,0.079909176,39.977215,United-States,<=50K
32.00083,Local-gov,94753.73,Some-college,9.997848,Married-civ-spouse,Other-service,Husband,White,Male,9.59361,-0.29260364,40.011578,United-States,<=50K
38.99326,Federal-gov,200284.52,Some-college,10.007849,Married-civ-spouse,Adm-clerical,Other-relative,White,Male,2.6436586,-0.57682145,44.983414,United-States,>50K
37.68682,Private,429429.84,9th,5.0632463,Married-civ-spouse,Farming-fishing,Husband,White,Male,60.615093,-0.3608028,53.703186,Mexico,<=50K
35.072243,Private,177245.16,HS-grad,8.97187,Married-civ-spouse,Machine-op-inspct,Husband,Amer-Indian-Eskimo,Male,14.016217,0.19177136,39.990192,United-States,<=50K
50.02492,Local-gov,199238.83,Bachelors,13.017409,Divorced,Protective-serv,Not-in-family,White,Male,-7.8770933,0.09022412,39.96393,United-States,>50K
69.9762,?,409921.34,Some-college,9.994386,Married-civ-spouse,?,Husband,White,Male,-26.228413,-0.416917,9.907177,United-States,>50K
66.047005,Self-emp-not-inc,44333.168,HS-grad,8.993822,Married-civ-spouse,Craft-repair,Wife,White,Female,8.477155,-0.52280533,15.0086975,United-States,<=50K
33.119442,Federal-gov,27786.512,Assoc-voc,11.037221,Married-civ-spouse,Tech-support,Husband,White,Male,-21.773579,-0.063225895,39.993668,United-States,>50K
29.84452,Local-gov,176522.17,HS-grad,9.013515,Married-civ-spouse,Transport-moving,Husband,White,Male,17.210308,-0.51413834,50.033386,United-States,>50K
31.000126,Private,251120.38,Some-college,10.014026,Married-civ-spouse,Other-service,Husband,Asian-Pac-Islander,Male,18.512066,1487.5049,54.793148,?,>50K
65.999695,Private,248400.56,11th,6.9696283,Married-civ-spouse,Exec-managerial,Husband,White,Male,7.394635,-0.496339,39.987564,United-States,>50K
59.939384,Private,77900.27,7th-8th,3.9822955,Married-civ-spouse,Transport-moving,Husband,White,Male,49.086773,-0.2602245,49.929092,United-States,>50K
53.6694,Private,165942.3,1st-4th,1.928079,Married-civ-spouse,Craft-repair,Husband,Black,Male,79.9547,-0.36671558,39.97719,Haiti,>50K
25.067015,Private,278997.7,Bachelors,13.006347,Never-married,Sales,Not-in-family,White,Male,16.36436,1593.5413,43.911354,United-States,<=50K
42.932476,State-gov,164532.05,Some-college,10.019725,Divorced,Adm-clerical,Not-in-family,Black,Male,25.244244,-0.21110645,50.0943,United-States,>50K
63.16866,Private,28673.762,Masters,14.028175,Divorced,Exec-managerial,Not-in-family,White,Female,-4.0841246,0.3178166,39.935345,United-States,>50K
47.105747,Local-gov,321527.94,Bachelors,13.006246,Never-married,Prof-specialty,Not-in-family,White,Female,19.055523,-0.19208637,50.069473,United-States,>50K
62.983273,Private,180172.95,11th,6.99076,Married-civ-spouse,Protective-serv,Husband,White,Male,4410.853,-0.2951595,36.979816,United-States,>50K
63.052986,Self-emp-not-inc,230094.39,Some-college,9.996953,Married-civ-spouse,Machine-op-inspct,Husband,White,Male,-21.28481,-0.40267292,34.937817,United-States,>50K
54.65165,Self-emp-not-inc,118048.38,10th,6.000692,Married-civ-spouse,Transport-moving,Husband,White,Male,10.72569,-0.1352016,49.950012,United-States,<=50K
44.924244,Private,358750.62,HS-grad,9.003433,Married-civ-spouse,Transport-moving,Husband,White,Male,9.714459,-0.4784328,40.023586,United-States,>50K
23.389265,Private,169044.44,Some-college,9.9931555,Married-civ-spouse,Exec-managerial,Wife,White,Female,21.043316,-0.30306354,24.90456,United-States,<=50K
51.96915,Private,321125.7,Some-college,10.000315,Married-civ-spouse,Tech-support,Husband,Black,Male,-7.5943785,-0.41319385,40.02279,United-States,>50K
31.704018,Private,154653.31,12th,8.027685,Divorced,Sales,Not-in-family,White,Female,50.089214,1765.7417,44.96393,United-States,<=50K
38.837597,Private,450339.16,9th,5.0174665,Married-civ-spouse,Handlers-cleaners,Husband,White,Male,50.468853,-0.25621906,39.953297,United-States,<=50K
30.975134,Private,288363.06,HS-grad,8.989724,Married-civ-spouse,Exec-managerial,Wife,White,Female,20.872906,-0.23375812,34.95414,United-States,<=50K
62.004185,?,159468.34,7th-8th,3.9894366,Married-civ-spouse,?,Husband,White,Male,6472.8003,-0.17858234,39.938007,United-States,>50K
61.019108,Private,224862.36,HS-grad,9.007326,Married-civ-spouse,Tech-support,Husband,White,Male,-3.9139585,-0.51149094,39.97935,United-States,>50K
35.837437,Private,247984.8,Assoc-acdm,12.007592,Divorced,Exec-managerial,Unmarried,Asian-Pac-Islander,Female,27.502789,-0.40039936,39.94673,Taiwan,<=50K
48.105392,State-gov,182652.83,Assoc-voc,11.012067,Divorced,Prof-specialty,Unmarried,White,Female,27.55943,-0.3494884,55.997192,United-States,>50K
39.99286,Private,37706.7,Some-college,10.0041,Married-civ-spouse,Craft-repair,Husband,White,Male,12.2198305,-0.35653797,39.98273,?,<=50K
57.8842,Federal-gov,71269.49,11th,6.995412,Divorced,Craft-repair,Not-in-family,Black,Female,13962.093,-0.06268421,39.98203,United-States,>50K
33.983124,Federal-gov,222638.34,Some-college,10.024145,Divorced,Protective-serv,Own-child,White,Male,-6.0804625,-0.4990398,72.08038,United-States,<=50K
29.85951,Private,64168.62,HS-grad,9.006909,Married-civ-spouse,Tech-support,Husband,White,Male,6.847028,-0.35460773,39.969543,United-States,>50K
37.85037,Private,105755.836,Some-college,10.016445,Never-married,Sales,Not-in-family,White,Male,24.620708,0.008726927,59.843365,United-States,<=50K
28.775082,Private,117606.51,HS-grad,8.991027,Married-civ-spouse,Prof-specialty,Wife,Asian-Pac-Islander,Female,53.61973,-0.100403935,9.644569,China,>50K
24.307257,Private,455032.94,Assoc-acdm,11.984868,Married-civ-spouse,Adm-clerical,Wife,White,Female,3.0433168,-0.5292903,39.99905,United-States,<=50K
27.122631,Private,246732.22,Assoc-voc,10.999622,Married-civ-spouse,Sales,Husband,White,Male,13.096051,-0.23063007,40.00584,United-States,<=50K
28.0269,Local-gov,190190.22,Some-college,10.004461,Married-civ-spouse,Protective-serv,Husband,White,Male,-8.278949,-0.32822528,40.00874,United-States,>50K
71.014404,Private,111405.88,Some-college,9.992493,Married-civ-spouse,Exec-managerial,Husband,White,Male,-20.978657,-0.44508472,16.038998,United-States,<=50K
35.224693,Private,92087.445,Bachelors,12.991176,Married-civ-spouse,Other-service,Husband,Amer-Indian-Eskimo,Male,7782.8677,-0.31136432,19.756205,United-States,>50K
28.969458,Private,227857.38,Some-college,9.992714,Married-civ-spouse,Other-service,Husband,White,Male,17.316998,-0.45771137,35.017548,United-States,<=50K
27.989676,Self-emp-not-inc,189692.5,HS-grad,9.005202,Married-civ-spouse,Sales,Husband,White,Male,19.500103,-0.2670757,50.0108,United-States,>50K
41.956917,Local-gov,142275.64,Bachelors,13.016016,Divorced,Prof-specialty,Not-in-family,White,Female,28.92857,0.13357434,50.075672,United-States,<=50K
28.036234,Private,180430.11,Bachelors,13.002646,Never-married,Exec-managerial,Not-in-family,White,Female,11.448346,1565.8629,50.048367,United-States,>50K
21.084297,Private,549799.06,HS-grad,8.981659,Married-civ-spouse,Prof-specialty,Own-child,White,Male,58.456158,-0.9339839,39.937843,Mexico,>50K
51.790993,Self-emp-not-inc,155327.67,10th,5.977271,Married-civ-spouse,Exec-managerial,Husband,White,Male,1.6856508,-0.55081284,39.97965,United-States,<=50K
23.941427,Private,558314.3,HS-grad,9.000407,Never-married,Exec-managerial,Other-relative,White,Male,4335.271,-0.3458797,49.931267,United-States,<=50K
34.741585,Private,87239.75,7th-8th,3.9723086,Married-civ-spouse,Machine-op-inspct,Husband,White,Male,51.623394,0.09448895,39.895714,?,>50K
44.945282,State-gov,186893.23,Assoc-voc,11.026845,Married-civ-spouse,Protective-serv,Husband,White,Male,-15.472308,0.0038898916,40.007767,United-States,<=50K
54.770535,Self-emp-inc,146744.55,HS-grad,9.018897,Divorced,Exec-managerial,Unmarried,White,Male,-1.4464293,2450.3613,59.937515,United-States,>50K
45.840046,State-gov,29248.809,HS-grad,9.001216,Married-civ-spouse,Transport-moving,Husband,White,Male,6.724225,-0.103165776,39.995052,United-States,<=50K
72.71981,Private,400453.53,Masters,14.006511,Married-civ-spouse,Exec-managerial,Wife,White,Female,-22.427631,-0.65749466,16.023033,United-States,>50K
40.876293,Private,114450.99,HS-grad,9.001657,Widowed,Exec-managerial,Other-relative,White,Male,745.7655,-0.2531444,39.96018,United-States,<=50K
31.994947,Private,437363.3,Some-college,9.984675,Married-civ-spouse,Handlers-cleaners,Husband,White,Male,25.624126,-0.8567134,38.01434,Mexico,<=50K
65.225235,Local-gov,31953.309,Some-college,10.008116,Divorced,Adm-clerical,Not-in-family,White,Female,2971.1816,0.21718487,34.99849,United-States,<=50K
23.29019,Private,110711.48,HS-grad,8.99925,Married-civ-spouse,Exec-managerial,Husband,White,Male,3.7112856,1585.368,40.01792,United-States,<=50K
74.9531,Self-emp-not-inc,30887.043,HS-grad,9.006805,Married-civ-spouse,Farming-fishing,Husband,White,Male,3499.7332,-0.56397355,39.95376,United-States,<=50K
33.015812,Private,129010.4,Bachelors,13.011503,Never-married,Adm-clerical,Not-in-family,White,Male,20.368511,-0.24589649,59.974968,United-States,>50K
47.02106,Private,31071.246,Masters,14.033768,Divorced,Prof-specialty,Not-in-family,White,Male,5.9334536,0.69672287,39.930206,United-States,>50K
56.014378,Private,168860.89,HS-grad,8.995279,Married-civ-spouse,Other-service,Husband,White,Male,7.2181215,-0.363557,50.069187,Yugoslavia,<=50K
43.037235,Private,339440.22,Some-college,9.948932,Married-civ-spouse,Other-service,Wife,White,Female,59.105206,-0.8960887,19.754251,England,>50K
45.8913,State-gov,20500.559,Bachelors,13.025064,Never-married,Exec-managerial,Not-in-family,White,Male,8.315534,-0.033036377,44.96029,United-States,<=50K
51.032383,Private,181843.05,Bachelors,13.011926,Never-married,Prof-specialty,Not-in-family,Black,Male,12.909772,0.013785216,34.92642,United-States,<=50K
52.857056,Self-emp-not-inc,278547.12,Some-college,10.0031805,Married-civ-spouse,Farming-fishing,Husband,White,Male,3.6592836,-0.34820667,30.033762,United-States,<=50K
41.05683,Private,22074.059,Bachelors,13.0188675,Married-civ-spouse,Exec-managerial,Husband,Asian-Pac-Islander,Male,20.79478,-0.4936687,40.01059,Japan,>50K
52.049362,Private,229511.78,Some-college,9.993905,Never-married,Adm-clerical,Not-in-family,Black,Female,14.237409,2004.5435,31.988213,United-States,<=50K
43.03735,Private,289789.7,Assoc-acdm,11.997077,Married-civ-spouse,Prof-specialty,Husband,White,Male,-11.277484,-0.33254352,30.038477,United-States,<=50K
27.054958,?,180908.89,12th,7.991257,Married-civ-spouse,?,Husband,Black,Male,20.191998,-0.60874283,45.052807,United-States,<=50K
41.00133,Private,62350.01,HS-grad,8.984229,Married-civ-spouse,Sales,Wife,White,Female,26.466412,0.17092785,19.932627,United-States,<=50K
68.03186,Private,337942.8,Bachelors,13.001296,Married-civ-spouse,Transport-moving,Husband,White,Male,-21.90688,-0.6033412,30.086048,United-States,<=50K
48.179886,Private,113190.59,Bachelors,13.025042,Married-spouse-absent,Prof-specialty,Other-relative,Asian-Pac-Islander,Female,48.481304,-0.29266468,35.97649,Philippines,>50K
46.038345,Private,119827.17,Bachelors,13.002214,Married-civ-spouse,Other-service,Husband,White,Male,-1.9955015,-0.3664333,30.082838,United-States,>50K
22.302437,State-gov,24185.809,Some-college,9.992155,Married-civ-spouse,Adm-clerical,Wife,White,Female,22.144146,-0.26335254,19.953896,United-States,<=50K
43.99239,Private,136410.11,HS-grad,8.997147,Married-civ-spouse,Other-service,Husband,Asian-Pac-Islander,Male,26.175396,-0.11214557,39.98819,Thailand,<=50K
46.98496,State-gov,186710.94,Assoc-voc,11.03173,Married-civ-spouse,Tech-support,Husband,White,Male,-2.2850523,-0.17105213,47.97085,United-States,>50K
40.984867,Federal-gov,355294.12,HS-grad,9.012542,Married-civ-spouse,Tech-support,Husband,White,Male,-20.484028,-0.48056903,40.002285,United-States,>50K
50.99792,Private,384921.47,Some-college,9.988171,Divorced,Exec-managerial,Unmarried,Black,Female,22.152203,-0.83258164,50.104347,United-States,<=50K
34.111298,Private,339452.03,HS-grad,8.997875,Married-civ-spouse,Prof-specialty,Husband,White,Male,15.712262,-0.42811695,59.935215,Philippines,>50K
50.95042,Federal-gov,254820.05,Masters,13.9909315,Widowed,Sales,Unmarried,White,Male,-24.850727,-0.5203334,50.07203,El-Salvador,>50K
46.06074,Local-gov,300846.12,Masters,14.008611,Never-married,Prof-specialty,Not-in-family,White,Female,3.1050844,1561.826,44.99909,United-States,>50K
43.9158,Private,32065.105,Some-college,9.996939,Married-civ-spouse,Tech-support,Husband,White,Male,-11.810931,-0.2519237,18.195147,United-States,>50K
46.954887,Self-emp-not-inc,59771.184,HS-grad,9.006765,Married-civ-spouse,Transport-moving,Husband,White,Male,-11.631732,2011.7073,41.896023,United-States,<=50K
61.06914,?,72553.59,HS-grad,8.988517,Married-civ-spouse,?,Husband,White,Male,-9.6517515,-0.13858142,38.03799,United-States,>50K
39.977875,Private,144752.38,HS-grad,9.000757,Married-civ-spouse,Farming-fishing,Husband,Black,Male,29.977886,-0.28333393,39.987423,United-States,<=50K
64.26352,Self-emp-not-inc,36175.62,HS-grad,9.002792,Married-civ-spouse,Farming-fishing,Husband,White,Male,3.0809145,-0.25979725,39.962,United-States,>50K
38.921867,State-gov,182472.02,Doctorate,16.048553,Divorced,Prof-specialty,Not-in-family,White,Female,34.331646,0.57314956,39.957245,United-States,>50K
57.011784,Private,279109.34,Assoc-voc,11.031574,Never-married,Craft-repair,Not-in-family,White,Male,11.245465,0.04675946,39.951004,United-States,>50K
54.98894,Self-emp-inc,264912.84,Assoc-voc,11.021038,Divorced,Exec-managerial,Unmarried,White,Male,6.453229,-0.22795978,30.079828,United-States,<=50K
20.251719,Private,120248.38,HS-grad,9.008056,Married-civ-spouse,Handlers-cleaners,Husband,White,Male,28.345074,-0.1784679,49.9784,United-States,<=50K
48.032448,Self-emp-not-inc,220776.02,11th,6.973509,Married-civ-spouse,Exec-managerial,Wife,White,Female,30.164654,-0.2978069,30.046427,United-States,>50K
65.23782,Private,123353.19,Bachelors,13.014426,Widowed,Other-service,Not-in-family,White,Female,20.582134,-0.20669666,39.953346,United-States,<=50K
25.03725,Private,375891.1,12th,7.9972844,Married-civ-spouse,Other-service,Wife,White,Female,45.91856,-0.5749446,39.963684,United-States,<=50K
24.19034,Local-gov,353596.84,HS-grad,9.013503,Married-civ-spouse,Craft-repair,Husband,White,Male,12.561383,-0.33234516,59.839176,United-States,>50K
48.02017,Private,188975.6,Some-college,10.018304,Divorced,Exec-managerial,Not-in-family,White,Male,24.565533,-0.24475971,50.017803,United-States,>50K
45.115765,Private,172106.62,Doctorate,16.031832,Divorced,Prof-specialty,Unmarried,Black,Female,34.63438,3005.1763,34.952274,United-States,>50K
29.89892,Local-gov,107900.81,Assoc-voc,11.028945,Married-civ-spouse,Protective-serv,Husband,White,Male,-9.7018,-0.17076221,40.00418,United-States,<=50K
51.017643,Private,189132.94,Some-college,9.9927635,Married-civ-spouse,Exec-managerial,Wife,White,Female,11.073102,-0.53630936,14.924185,United-States,>50K
41.112957,Federal-gov,30713.246,Some-college,9.981114,Married-civ-spouse,Adm-clerical,Wife,Amer-Indian-Eskimo,Female,-0.37709337,0.11805615,39.995514,United-States,>50K
40.148804,Self-emp-inc,189486.4,Bachelors,12.9977045,Married-civ-spouse,Sales,Husband,White,Male,1.668561,-0.48699299,40.01617,?,>50K
29.897701,Local-gov,347554.44,HS-grad,8.996504,Married-civ-spouse,Adm-clerical,Husband,Black,Male,8.883405,-0.5627452,40.046272,United-States,<=50K
25.072317,Private,471927.7,Some-college,10.001732,Never-married,Prof-specialty,Not-in-family,White,Male,8757.73,-0.14065662,39.957146,United-States,>50K
46.89749,Self-emp-not-inc,159737.28,HS-grad,9.012038,Married-civ-spouse,Farming-fishing,Husband,White,Male,5.189069,-0.517007,55.907364,United-States,>50K
31.043665,State-gov,174575.95,Some-college,10.012852,Married-civ-spouse,Protective-serv,Husband,White,Male,-5.420062,-0.4100124,50.032463,United-States,<=50K
66.01221,Self-emp-inc,72754.805,HS-grad,8.988874,Widowed,Exec-managerial,Not-in-family,White,Male,-4.638324,-0.56587327,86.61151,United-States,>50K
27.974842,Private,75935.02,Prof-school,15.030727,Never-married,Prof-specialty,Not-in-family,White,Male,10.69444,0.23352703,54.827236,United-States,>50K
29.99619,Private,189689.11,Bachelors,13.003926,Married-civ-spouse,Other-service,Wife,White,Female,18.47105,-0.18230549,39.995884,United-States,>50K
29.986425,Private,97473.68,Assoc-acdm,12.007467,Married-civ-spouse,Transport-moving,Wife,White,Female,-6.609027,1493.6907,37.011215,United-States,>50K
63.03428,Private,263354.4,10th,5.985301,Married-civ-spouse,Adm-clerical,Husband,White,Male,7.8675356,-0.31230274,44.913292,United-States,<=50K
30.03368,Local-gov,338473.88,Some-college,10.00309,Married-civ-spouse,Tech-support,Husband,White,Male,-13.040179,-0.2381908,72.10272,United-States,>50K
54.821766,Private,176815.9,9th,5.016641,Divorced,Machine-op-inspct,Not-in-family,White,Male,10575.96,0.2334126,59.78308,United-States,>50K
39.07259,Private,169807.38,Assoc-voc,11.025155,Never-married,Adm-clerical,Own-child,White,Male,14375.696,0.15794262,39.991276,United-States,>50K
23.585314,Private,52422.902,5th-6th,3.0563574,Married-civ-spouse,Farming-fishing,Husband,White,Male,78.53258,0.25211987,59.64666,Mexico,<=50K
37.9343,Private,215252.12,Bachelors,13.014114,Divorced,Other-service,Not-in-family,Black,Female,47.618023,-0.2954189,59.985313,?,<=50K
34.08707,Self-emp-inc,242178.95,Bachelors,13.007157,Never-married,Exec-managerial,Not-in-family,White,Male,10.321393,-0.23552051,50.05942,United-States,<=50K
49.17576,Private,146760.27,HS-grad,8.997111,Married-civ-spouse,Other-service,Wife,Asian-Pac-Islander,Female,48.84898,-0.084519535,7.6724205,Philippines,<=50K
27.952944,Private,207896.98,Bachelors,13.011801,Never-married,Prof-specialty,Not-in-family,White,Male,18.47105,-0.059868958,59.918255,United-States,>50K
51.927753,Local-gov,90932.13,Some-college,10.004231,Married-civ-spouse,Transport-moving,Husband,White,Male,-3.032855,-0.39116016,40.019924,United-States,<=50K
34.080727,State-gov,110701.83,Bachelors,13.009038,Never-married,Adm-clerical,Not-in-family,Black,Female,3435.6575,-0.07473865,39.985397,United-States,<=50K
24.38867,Private,126296.62,Bachelors,13.0024605,Married-civ-spouse,Other-service,Husband,White,Male,10.75401,-0.4180843,33.15837,United-States,<=50K
28.611042,Self-emp-not-inc,142579.05,7th-8th,4.0142612,Married-civ-spouse,Farming-fishing,Husband,White,Male,67.83177,-0.49554554,72.20966,United-States,<=50K
41.079014,?,206332.5,Bachelors,13.002019,Married-spouse-absent,?,Not-in-family,White,Male,-11.304584,0.11669049,30.060345,United-States,<=50K
41.905632,Private,190243.9,Assoc-acdm,12.039569,Divorced,Adm-clerical,Not-in-family,White,Male,9.858502,0.053496215,39.967014,United-States,<=50K
65.13453,Self-emp-not-inc,167474.66,HS-grad,8.998775,Married-civ-spouse,Exec-managerial,Husband,White,Male,-17.057514,-0.23978534,58.860928,United-States,>50K
24.166775,Private,116852.75,HS-grad,9.002077,Married-civ-spouse,Handlers-cleaners,Husband,White,Male,4482.685,-0.39386097,39.98692,United-States,>50K
68.96829,?,167584.2,7th-8th,3.9838476,Married-civ-spouse,?,Husband,White,Male,34.407574,-0.07806507,47.858376,United-States,<=50K
29.199642,Self-emp-not-inc,102329.19,Bachelors,13.004802,Married-civ-spouse,Exec-managerial,Husband,White,Male,-14.460834,-0.74880326,40.03934,United-States,>50K
31.939194,Local-gov,111850.1,HS-grad,9.004721,Married-civ-spouse,Protective-serv,Husband,White,Male,-8.016009,-0.31165424,39.987762,United-States,<=50K
66.96983,Self-emp-inc,51944.184,Some-college,9.998966,Married-civ-spouse,Sales,Husband,White,Male,-14.910541,-0.38575855,40.000164,United-States,<=50K
43.032337,Private,221778.97,Some-college,10.000258,Married-civ-spouse,Craft-repair,Husband,White,Male,14.075299,-0.49864307,45.01282,Poland,>50K
29.032595,Private,135350.58,HS-grad,9.0058775,Married-civ-spouse,Sales,Husband,White,Male,16.2877,-0.18122974,59.85333,United-States,>50K
43.93742,Private,158789.86,HS-grad,9.000185,Married-civ-spouse,Exec-managerial,Wife,Asian-Pac-Islander,Female,28.248882,-0.13653675,39.94588,?,>50K
31.042656,State-gov,176931.84,Some-college,10.002183,Married-civ-spouse,Craft-repair,Husband,White,Male,2.158063,-0.46592823,35.024963,United-States,>50K
31.026272,State-gov,33571.7,Assoc-voc,11.028842,Married-civ-spouse,Craft-repair,Husband,White,Male,4.1329165,-0.179948,40.00258,United-States,<=50K
60.15203,?,252023.03,HS-grad,8.986607,Widowed,?,Not-in-family,White,Male,41.853374,0.18645367,34.990936,Poland,<=50K
29.857927,Private,29795.7,Assoc-acdm,11.99838,Married-civ-spouse,Other-service,Wife,White,Female,16.236187,0.017592285,24.95341,United-States,>50K
35.01986,Private,170438.4,Bachelors,13.006718,Never-married,Exec-managerial,Not-in-family,Black,Male,50.258404,-0.5423976,39.916283,England,<=50K
67.01884,?,46711.84,Masters,13.99817,Married-civ-spouse,?,Husband,Black,Male,-39.134907,-0.38371387,39.98835,United-States,>50K
61.104412,Self-emp-not-inc,133180.9,HS-grad,9.005512,Married-civ-spouse,Sales,Husband,Asian-Pac-Islander,Male,22.764019,-0.21204486,62.9348,South,<=50K
29.95199,Private,316001.6,Bachelors,12.99995,Never-married,Prof-specialty,Not-in-family,White,Female,18.649761,2338.9248,50.00481,United-States,<=50K
61.05228,Private,179900.84,HS-grad,9.002975,Married-civ-spouse,Transport-moving,Husband,White,Male,2.658063,-0.5409709,40.005657,United-States,>50K
48.1118,Private,321766.78,HS-grad,8.9957485,Married-civ-spouse,Handlers-cleaners,Husband,White,Male,13.84068,-0.30832782,34.989704,United-States,>50K
52.671227,Self-emp-not-inc,117105.41,10th,5.9894166,Married-civ-spouse,Craft-repair,Husband,White,Male,-1.2889585,-0.15498462,49.931774,United-States,>50K
53.001053,Self-emp-inc,134543.55,Assoc-voc,11.018546,Married-civ-spouse,Exec-managerial,Husband,White,Male,-22.306782,-0.116158634,40.022503,Greece,>50K
35.04885,Private,328222.62,Assoc-acdm,12.01122,Married-AF-spouse,Adm-clerical,Wife,White,Female,22.160992,-0.16220966,39.98712,United-States,<=50K
64.17808,Self-emp-not-inc,169702.5,HS-grad,8.994996,Married-civ-spouse,Craft-repair,Husband,White,Male,-13.033099,-0.40833393,30.048975,United-States,>50K
35.87618,Private,376187.3,11th,6.9977956,Married-civ-spouse,Machine-op-inspct,Husband,White,Male,15.655866,0.082693905,39.969837,United-States,<=50K
26.106491,State-gov,129938.93,Bachelors,13.016041,Married-civ-spouse,Craft-repair,Husband,White,Male,-5.494525,-0.5348903,40.018364,United-States,<=50K
50.97332,Private,88153.53,HS-grad,8.993308,Divorced,Adm-clerical,Unmarried,White,Female,4740.677,0.09281048,23.87744,United-States,>50K
53.060867,Private,139317.9,HS-grad,8.992206,Married-civ-spouse,Other-service,Wife,White,Female,9.902936,1580.641,39.98489,Italy,<=50K
40.075428,Self-emp-inc,264870.6,Bachelors,13.007971,Never-married,Exec-managerial,Not-in-family,White,Male,2.8480043,-0.60038865,65.19983,United-States,>50K
52.01535,Private,317482.88,Masters,14.016467,Divorced,Prof-specialty,Unmarried,White,Female,11.071881,-0.41378894,39.944054,United-States,<=50K
41.045994,Private,304076.53,HS-grad,8.996963,Married-civ-spouse,Craft-repair,Husband,White,Male,4.786481,-0.60962784,40.01388,Canada,>50K
31.821558,Self-emp-not-inc,32418.762,HS-grad,9.018103,Divorced,Craft-repair,Not-in-family,White,Male,10600.716,-0.03022113,49.97236,United-States,>50K
42.89093,Private,90592.52,Masters,14.0210285,Never-married,Prof-specialty,Not-in-family,White,Male,1.0718813,0.013525817,59.898518,United-States,>50K
28.117733,Local-gov,174471.6,Assoc-acdm,11.982668,Married-civ-spouse,Protective-serv,Husband,White,Male,-15.765033,2004.6006,39.98625,England,<=50K
40.070183,Private,183412.98,Some-college,9.978388,Married-civ-spouse,Sales,Husband,White,Male,18.597271,-1.0493709,59.96374,Puerto-Rico,<=50K
31.037016,Self-emp-inc,135872.4,Assoc-acdm,12.011332,Married-civ-spouse,Sales,Husband,White,Male,-8.8705015,-0.27594867,40.01269,United-States,<=50K
26.940435,Private,207044.06,HS-grad,9.011453,Married-civ-spouse,Handlers-cleaners,Husband,White,Male,16.584576,-0.544099,61.80117,United-States,<=50K
75.72593,?,190680.19,Bachelors,12.998866,Married-civ-spouse,?,Husband,White,Male,-36.389057,-0.45825306,30.07584,United-States,<=50K
52.02438,Private,231054.05,12th,7.996479,Married-civ-spouse,Machine-op-inspct,Husband,White,Male,-4.600238,-0.28953663,44.987457,United-States,>50K
27.006102,State-gov,204237.73,Doctorate,16.036917,Never-married,Prof-specialty,Not-in-family,White,Male,16.819195,0.7010411,77.599625,United-States,<=50K
34.970356,Private,182016.81,HS-grad,9.003875,Never-married,Adm-clerical,Not-in-family,White,Male,8762.998,-0.0907146,39.95509,United-States,>50K
46.95739,State-gov,184836.1,HS-grad,8.996309,Married-civ-spouse,Exec-managerial,Husband,White,Male,-4.7696714,-0.2175304,40.002502,United-States,>50K
40.897385,Local-gov,87578.46,Some-college,10.010147,Married-civ-spouse,Farming-fishing,Husband,White,Male,7.6871157,-0.09091297,39.986908,United-States,>50K
51.950325,Self-emp-not-inc,398241.28,HS-grad,8.999661,Married-civ-spouse,Transport-moving,Husband,Black,Male,4917.3623,-0.4760448,40.05037,United-States,<=50K
45.926105,Private,34038.527,Some-college,9.991801,Married-civ-spouse,Prof-specialty,Husband,White,Male,3.373395,-0.2721645,9.899174,United-States,<=50K
59.040985,Self-emp-not-inc,97272.71,HS-grad,8.994525,Married-civ-spouse,Farming-fishing,Husband,White,Male,10.970563,-0.24965015,19.981049,United-States,<=50K
35.842575,Private,227411.02,Some-college,10.0106325,Never-married,Craft-repair,Not-in-family,Asian-Pac-Islander,Male,35.1002,-0.018792298,39.976685,Laos,<=50K
38.059196,State-gov,170060.69,Bachelors,13.008303,Married-civ-spouse,Prof-specialty,Wife,White,Female,10.510114,-0.16337696,20.899944,United-States,>50K
33.0386,Private,229768.88,Some-college,10.015826,Divorced,Exec-managerial,Unmarried,White,Male,13.459821,2837.293,47.949795,United-States,>50K
51.050564,Private,203227.05,Assoc-voc,11.020489,Married-civ-spouse,Handlers-cleaners,Husband,White,Male,8.172711,-0.16303363,40.009907,United-States,>50K
64.09692,Local-gov,209250.94,Some-college,10.001027,Married-civ-spouse,Protective-serv,Husband,White,Male,-28.211323,-0.4739391,35.00892,United-States,<=50K
55.008934,Private,124519.375,Masters,14.02055,Divorced,Exec-managerial,Unmarried,White,Male,-13.177386,-0.031640198,39.97051,United-States,>50K
36.885227,Self-emp-not-inc,36274.855,Some-college,10.009031,Married-civ-spouse,Farming-fishing,Husband,White,Male,3.951764,-0.39173236,39.987915,United-States,<=50K
41.858257,Private,233739.94,11th,6.986444,Married-civ-spouse,Transport-moving,Husband,White,Male,26.788433,-0.31136432,46.949924,United-States,<=50K
58.998623,Private,258206.92,Some-college,10.000065,Married-civ-spouse,Transport-moving,Husband,White,Male,3041.6953,-0.5474559,34.994667,United-States,>50K
43.029076,Self-emp-not-inc,171266.2,Some-college,9.991561,Married-civ-spouse,Craft-repair,Husband,White,Male,-7.87099,-0.10458484,20.066555,United-States,<=50K
45.8716,Private,147336.9,HS-grad,9.01014,Divorced,Exec-managerial,Not-in-family,White,Female,43.322857,-0.19498554,59.915485,United-States,<=50K
41.94878,Private,27104.918,Some-college,10.006254,Married-spouse-absent,Prof-specialty,Not-in-family,White,Male,16.020123,0.22937664,39.949787,United-States,>50K
26.839413,Private,303771.84,12th,8.007832,Married-civ-spouse,Farming-fishing,Husband,White,Male,41.242535,-0.41120258,40.0,United-States,<=50K
25.783197,Local-gov,163194.47,Some-college,10.005591,Married-civ-spouse,Other-service,Other-relative,White,Male,42.659527,-0.37432972,39.989388,United-States,<=50K
36.176044,Self-emp-inc,298198.03,Some-college,9.987287,Married-civ-spouse,Exec-managerial,Husband,White,Male,-17.051167,-0.4739391,30.087667,United-States,>50K
70.81369,Private,186598.89,HS-grad,9.002998,Married-civ-spouse,Protective-serv,Husband,White,Male,-23.920063,-0.34070697,39.976624,United-States,>50K
47.08101,?,109079.44,HS-grad,8.978673,Married-civ-spouse,?,Husband,White,Male,5085.3145,-0.08898273,30.066622,Canada,>50K
33.169155,Self-emp-not-inc,48527.62,Some-college,10.00035,Married-civ-spouse,Craft-repair,Husband,White,Male,-6.404193,-0.7829753,40.00889,United-States,>50K
72.7868,Local-gov,143248.4,HS-grad,8.991714,Married-civ-spouse,Exec-managerial,Husband,White,Male,-23.05019,0.0077885124,19.978504,United-States,<=50K
28.8196,State-gov,187645.25,Assoc-voc,11.043616,Never-married,Tech-support,Not-in-family,White,Female,22.86485,1597.6948,64.044235,United-States,<=50K
42.079506,Private,196792.94,Assoc-acdm,12.001,Married-civ-spouse,Exec-managerial,Husband,Black,Male,-5.1642027,-0.4831783,40.013046,?,>50K
63.067364,Private,134513.56,HS-grad,8.993129,Married-civ-spouse,Sales,Husband,White,Male,0.77329725,-0.28944507,39.98806,Scotland,<=50K
48.139267,Private,43102.09,Prof-school,15.033136,Divorced,Prof-specialty,Unmarried,White,Female,12.233747,-0.09153858,24.858418,United-States,<=50K
68.243866,Private,214298.94,Prof-school,15.012652,Widowed,Prof-specialty,Unmarried,White,Female,5.6802797,-0.58642685,15.933331,United-States,<=50K
47.06186,Private,228894.89,HS-grad,8.998928,Married-civ-spouse,Other-service,Husband,Black,Male,12.501813,-0.36284748,59.978455,United-States,>50K
45.019936,Local-gov,211191.58,Doctorate,16.041065,Never-married,Prof-specialty,Not-in-family,White,Female,30.948101,0.47846112,39.953712,United-States,>50K
48.1175,State-gov,49918.527,Bachelors,13.018606,Divorced,Adm-clerical,Unmarried,White,Female,10.647809,-0.4318401,40.003708,United-States,<=50K
83.464325,Local-gov,105985.53,Some-college,10.01951,Widowed,Prof-specialty,Not-in-family,White,Male,15.38902,-0.31050983,12.0295925,United-States,<=50K
47.043934,State-gov,293176.5,HS-grad,8.995887,Married-civ-spouse,Adm-clerical,Wife,White,Female,19.102886,-0.2751247,39.99508,United-States,>50K
65.18537,Private,83053.38,Some-college,9.996371,Married-civ-spouse,Handlers-cleaners,Husband,White,Male,-3.760394,-0.25780597,27.12549,United-States,<=50K
29.902899,Private,111453.81,HS-grad,8.999837,Married-civ-spouse,Machine-op-inspct,Husband,White,Male,-2.0841246,0.28375897,59.947746,Ireland,>50K
35.99227,Private,185410.61,Some-college,10.013216,Married-civ-spouse,Machine-op-inspct,Husband,Asian-Pac-Islander,Male,-0.9271422,0.02597699,50.03823,United-States,>50K
50.9146,Private,29141.855,11th,6.9718537,Married-civ-spouse,Sales,Husband,White,Male,4477.1157,-0.028657105,30.05084,United-States,>50K
64.36767,State-gov,215568.5,Doctorate,16.029661,Married-civ-spouse,Prof-specialty,Husband,White,Male,9.792096,-0.21681324,50.133064,Columbia,>50K
78.87409,Self-emp-not-inc,84977.02,Assoc-voc,11.010194,Married-civ-spouse,Sales,Husband,White,Male,-17.599018,-0.41049305,19.947393,United-States,>50K
35.91376,Private,109827.62,Some-college,10.008591,Separated,Exec-managerial,Not-in-family,White,Male,31.847271,-0.22156635,59.88452,United-States,>50K
31.998045,Self-emp-inc,123321.695,HS-grad,9.003326,Married-civ-spouse,Sales,Husband,White,Male,16.627789,-0.1722118,50.01682,United-States,<=50K
55.807716,Private,251294.67,5th-6th,3.0213118,Married-civ-spouse,Other-service,Husband,White,Male,66.15025,-0.21465412,39.90889,?,<=50K
23.254522,Private,155204.22,HS-grad,8.961815,Married-civ-spouse,Other-service,Husband,White,Male,30.593365,-0.23810688,40.00765,Guatemala,<=50K
49.17213,Private,330122.2,Doctorate,16.044918,Divorced,Exec-managerial,Unmarried,White,Male,4.2925844,0.39377484,39.982803,United-States,>50K
39.07814,Private,164691.53,Bachelors,13.011536,Married-spouse-absent,Craft-repair,Not-in-family,White,Male,-3.1307554,1566.2622,50.01352,?,>50K
44.961777,Private,406587.84,Some-college,9.993979,Married-civ-spouse,Machine-op-inspct,Husband,White,Male,-16.83022,-0.32521167,40.004173,United-States,>50K
45.90271,Private,182263.45,Bachelors,13.0234585,Divorced,Craft-repair,Not-in-family,White,Male,17.827984,-0.18611255,50.046215,United-States,<=50K
25.157372,Private,181003.6,HS-grad,8.987629,Married-civ-spouse,Exec-managerial,Wife,White,Female,27.955425,-0.13923755,24.91004,United-States,<=50K
36.04223,Private,182504.16,Some-college,9.995759,Married-civ-spouse,Craft-repair,Husband,White,Male,8.128522,-0.43923298,52.01931,Dominican-Republic,<=50K
60.865192,Self-emp-not-inc,241924.84,Preschool,1.1522201,Married-civ-spouse,Craft-repair,Husband,White,Male,63.074688,0.32543072,39.888573,United-States,<=50K
30.97737,Private,335932.56,HS-grad,9.007463,Married-civ-spouse,Exec-managerial,Husband,Asian-Pac-Islander,Male,18.217876,-0.38169208,44.989403,United-States,>50K
41.992428,State-gov,367589.7,Some-college,10.003195,Married-civ-spouse,Protective-serv,Husband,White,Male,-16.985493,-0.5379039,40.01829,United-States,>50K
27.958475,Private,235970.92,Bachelors,13.019011,Divorced,Craft-repair,Unmarried,White,Male,21.028423,-0.27893177,50.060936,United-States,<=50K
28.114044,Private,164779.39,Some-college,9.996796,Married-civ-spouse,Adm-clerical,Husband,White,Male,5.972272,-0.62753403,40.022472,United-States,<=50K
26.852962,Local-gov,215279.86,HS-grad,9.006017,Married-civ-spouse,Handlers-cleaners,Husband,White,Male,16.68394,-0.36805072,40.007206,United-States,<=50K
50.961052,Private,204804.2,Some-college,10.00714,Married-civ-spouse,Tech-support,Wife,White,Female,-2.5826597,-0.20007434,39.971626,United-States,>50K
58.03559,Private,198232.8,Bachelors,13.019153,Divorced,Exec-managerial,Not-in-family,White,Male,8.641217,-0.50430405,65.14303,United-States,>50K
43.032574,Private,389936.44,Assoc-acdm,12.008762,Married-civ-spouse,Handlers-cleaners,Husband,White,Male,-5.0374937,-0.49145618,40.020477,United-States,>50K
47.971455,Federal-gov,109435.98,Some-college,10.013014,Divorced,Exec-managerial,Not-in-family,White,Male,-5.5269957,-0.17326465,39.96175,United-States,<=50K
38.051426,State-gov,48880.06,Some-college,9.988151,Married-civ-spouse,Adm-clerical,Husband,White,Male,-4.21474,-0.17176166,27.121176,United-States,<=50K
47.913498,Private,140404.23,10th,5.984758,Married-civ-spouse,Exec-managerial,Husband,White,Male,12.202985,-0.44554248,44.915485,United-States,>50K
32.91361,Self-emp-not-inc,234533.28,Bachelors,13.01607,Divorced,Sales,Not-in-family,White,Male,28.14146,-0.035874512,50.034435,United-States,>50K
23.030855,Self-emp-inc,214373.89,Assoc-voc,11.039727,Never-married,Craft-repair,Not-in-family,White,Male,28.887554,0.16993603,49.982285,United-States,<=50K
64.076256,Federal-gov,86368.03,Assoc-acdm,12.031172,Married-civ-spouse,Other-service,Husband,Asian-Pac-Islander,Male,-32.36855,-0.12823597,39.99641,United-States,>50K
27.848318,Private,269851.62,Assoc-acdm,12.022091,Never-married,Sales,Not-in-family,White,Male,19.205425,-0.024506714,65.09106,United-States,<=50K
51.83245,Self-emp-not-inc,127331.8,11th,6.97061,Married-civ-spouse,Craft-repair,Husband,White,Male,11.873639,-0.39815632,39.98401,United-States,<=50K
31.001032,Private,226542.61,Some-college,9.948886,Married-civ-spouse,Exec-managerial,Husband,White,Male,24.763287,-0.78601944,39.98506,Cuba,>50K
28.142868,Private,534872.2,Some-college,9.989055,Married-civ-spouse,Craft-repair,Husband,White,Male,-2.6764097,-0.5754558,40.03541,United-States,>50K
45.9827,Private,132412.6,HS-grad,8.989735,Married-civ-spouse,Adm-clerical,Wife,White,Female,25.738628,-0.21837726,11.977987,United-States,>50K
41.90967,Federal-gov,177562.19,Bachelors,13.014119,Never-married,Prof-specialty,Not-in-family,White,Male,-9.23598,0.021887634,39.972454,United-States,<=50K
45.95835,Self-emp-not-inc,341329.38,HS-grad,8.999586,Married-civ-spouse,Sales,Husband,Black,Male,0.48374647,-0.39983478,59.998493,United-States,>50K
29.84893,Private,179516.97,Some-college,10.020417,Married-spouse-absent,Craft-repair,Not-in-family,White,Male,31.493511,-0.24356952,39.954445,?,<=50K
29.931122,Private,212445.64,Some-college,10.001148,Married-civ-spouse,Tech-support,Husband,Black,Male,0.9261293,-0.13096729,14.0829735,United-States,<=50K
50.9133,Private,231009.11,11th,6.9754176,Married-civ-spouse,Craft-repair,Husband,White,Male,18.10728,-0.40654102,44.940224,United-States,<=50K
39.134,Private,202284.3,Assoc-acdm,11.99845,Married-civ-spouse,Adm-clerical,Wife,White,Female,2.6002016,-0.18765369,24.912502,United-States,>50K
52.703518,Private,144517.77,5th-6th,3.013423,Married-civ-spouse,Craft-repair,Husband,White,Male,43.746197,-0.29286304,39.919456,United-States,<=50K
58.986607,Private,361244.03,1st-4th,1.9564813,Married-civ-spouse,Machine-op-inspct,Husband,White,Male,68.18663,0.3471516,39.872143,Mexico,<=50K
28.731697,Private,253739.06,10th,6.0175257,Married-civ-spouse,Farming-fishing,Wife,White,Female,51.681255,0.1014851,39.955055,United-States,<=50K
44.90157,Private,131258.75,Some-college,10.00166,Married-civ-spouse,Handlers-cleaners,Husband,White,Male,8.250592,-0.5767909,39.997612,United-States,<=50K
25.004242,Private,109817.195,Some-college,10.008919,Never-married,Adm-clerical,Not-in-family,White,Male,21.877544,1987.2856,39.972195,United-States,<=50K
33.17405,Private,220452.98,Some-college,9.9978075,Married-civ-spouse,Craft-repair,Husband,Black,Male,5.208112,-0.4920818,40.033638,United-States,<=50K
43.919674,State-gov,369629.0,HS-grad,9.003396,Married-civ-spouse,Protective-serv,Husband,White,Male,-8.978168,-0.39608112,40.000008,United-States,>50K
64.137054,Self-emp-inc,270943.06,HS-grad,9.000366,Married-civ-spouse,Craft-repair,Husband,White,Male,-16.689594,-0.6940013,40.009575,United-States,>50K
49.14929,Private,136093.81,Bachelors,13.010013,Never-married,Prof-specialty,Not-in-family,White,Female,18.345806,0.023680542,45.028324,United-States,<=50K
24.206469,Federal-gov,129846.234,Bachelors,13.014248,Never-married,Exec-managerial,Not-in-family,White,Male,-5.255023,-0.19106403,39.976727,United-States,<=50K
44.025295,Federal-gov,130886.836,Bachelors,13.001831,Separated,Exec-managerial,Unmarried,Black,Female,-6.1014585,-0.8507167,60.181866,United-States,<=50K
37.93452,Private,334996.94,Bachelors,13.011999,Divorced,Prof-specialty,Not-in-family,White,Female,31.462505,0.073485225,34.93728,United-States,<=50K
26.058382,Private,339860.12,HS-grad,8.997415,Married-civ-spouse,Prof-specialty,Husband,White,Male,16.702496,-0.25610462,39.99606,United-States,<=50K
53.139862,Local-gov,546438.4,Bachelors,12.991965,Married-civ-spouse,Prof-specialty,Husband,Black,Male,-14.485248,-1.2494365,34.980637,United-States,<=50K
30.179201,Self-emp-inc,178260.03,Some-college,9.992316,Married-civ-spouse,Craft-repair,Husband,Black,Male,-12.484271,0.09346661,69.76853,United-States,<=50K
50.94417,Self-emp-not-inc,43540.637,Doctorate,16.041994,Divorced,Sales,Not-in-family,White,Male,11.568463,0.646407,50.04685,United-States,>50K
37.971718,Local-gov,115554.25,HS-grad,8.99201,Married-civ-spouse,Adm-clerical,Wife,White,Female,27.668072,-0.15660968,34.981358,United-States,>50K
57.043182,Private,167265.78,Assoc-voc,11.011475,Divorced,Exec-managerial,Unmarried,White,Female,15.920514,-0.39300647,50.110466,United-States,<=50K
66.070274,Self-emp-not-inc,183165.78,Bachelors,13.001539,Married-civ-spouse,Prof-specialty,Husband,White,Male,-19.581684,-0.6509563,19.936226,United-States,>50K
40.02282,Private,81354.66,Bachelors,13.013488,Never-married,Adm-clerical,Not-in-family,White,Male,15.969342,-0.05492511,39.967747,United-States,<=50K
49.116665,Private,132990.28,HS-grad,8.991143,Married-civ-spouse,Craft-repair,Wife,Black,Female,7.1453676,-0.2910091,39.959614,United-States,<=50K
47.875023,Self-emp-inc,183405.22,7th-8th,3.9892125,Married-civ-spouse,Craft-repair,Husband,White,Male,31.068218,-0.44542804,49.9063,United-States,>50K
42.042343,Self-emp-not-inc,55685.277,Prof-school,15.015301,Married-civ-spouse,Prof-specialty,Husband,White,Male,17.987164,-1.1935512,39.97241,Cuba,>50K
41.9025,Private,191996.5,Prof-school,15.03095,Divorced,Prof-specialty,Not-in-family,White,Female,19.61729,0.30019268,39.128414,United-States,>50K
41.913486,Private,15061.152,Assoc-voc,11.018988,Divorced,Prof-specialty,Unmarried,White,Male,23.558453,0.11743054,39.955086,United-States,<=50K
30.803839,Private,164220.48,11th,6.976724,Married-civ-spouse,Craft-repair,Husband,White,Male,35.895367,-0.09932819,39.961136,Mexico,<=50K
25.13811,Private,249038.45,HS-grad,8.998864,Married-civ-spouse,Adm-clerical,Husband,White,Male,14.717389,-0.40193287,40.016926,United-States,>50K
68.982956,?,28750.418,HS-grad,8.998917,Married-civ-spouse,?,Husband,White,Male,-14.209369,-0.23031726,59.87153,United-States,>50K
37.984917,Private,20656.59,HS-grad,8.992116,Married-civ-spouse,Adm-clerical,Husband,White,Male,5.448346,-0.32287708,39.99084,United-States,>50K
24.139341,Private,182761.14,11th,6.9737535,Married-civ-spouse,Craft-repair,Husband,White,Male,18.734722,-0.3274013,64.829056,United-States,<=50K
53.866886,Private,53926.31,HS-grad,8.990927,Married-civ-spouse,Machine-op-inspct,Husband,White,Male,-10.77724,-0.060753968,39.960186,United-States,>50K
58.08969,Private,49067.59,HS-grad,8.989011,Married-civ-spouse,Adm-clerical,Wife,White,Female,6.2593813,-0.09972492,39.96054,United-States,>50K
34.17747,Local-gov,117336.695,Bachelors,13.012053,Married-civ-spouse,Transport-moving,Husband,White,Male,-7.9779234,-0.18460956,40.038086,United-States,>50K
70.95749,Private,77765.914,HS-grad,8.99243,Married-civ-spouse,Craft-repair,Husband,White,Male,-11.538714,-0.048073914,15.065628,United-States,<=50K
47.10265,?,99060.92,Assoc-voc,11.006436,Married-civ-spouse,?,Husband,White,Male,-10.434222,0.08428845,40.00583,United-States,>50K
46.04935,Private,156143.56,Bachelors,12.997531,Married-civ-spouse,Machine-op-inspct,Husband,White,Male,-7.713275,-0.14972797,40.01141,Germany,>50K
60.972397,Private,126316.47,7th-8th,3.9806752,Married-civ-spouse,Sales,Husband,White,Male,36.628765,0.099463314,49.897804,United-States,>50K
37.913536,Self-emp-not-inc,129208.164,Masters,14.023386,Never-married,Prof-specialty,Not-in-family,White,Male,2.231061,0.4572514,39.948433,United-States,>50K
29.930672,Federal-gov,293953.78,Bachelors,13.006936,Never-married,Protective-serv,Not-in-family,White,Female,-18.740864,-0.16973987,60.007534,United-States,>50K
27.949644,Self-emp-not-inc,227132.28,Bachelors,13.010797,Never-married,Prof-specialty,Not-in-family,Black,Male,18.195171,-0.25050464,50.05971,United-States,>50K
36.03575,Self-emp-not-inc,64538.52,Assoc-voc,11.03326,Married-civ-spouse,Tech-support,Husband,White,Male,-3.0990171,-0.21045032,59.89422,United-States,<=50K
30.880434,Self-emp-not-inc,252780.12,HS-grad,9.000934,Married-civ-spouse,Other-service,Wife,White,Female,21.401226,2420.5159,40.009518,United-States,>50K
62.143826,Private,244799.39,Masters,14.023085,Divorced,Prof-specialty,Not-in-family,White,Female,9.119977,0.074362606,45.020985,United-States,<=50K
55.931248,Private,113723.1,5th-6th,3.055571,Married-civ-spouse,Machine-op-inspct,Husband,White,Male,47.101177,0.26107678,39.873047,Portugal,>50K
30.95882,Self-emp-not-inc,215541.9,Assoc-acdm,12.001036,Married-civ-spouse,Other-service,Wife,White,Female,14.02818,-0.23020282,34.99632,United-States,>50K
73.7431,Self-emp-inc,167949.34,Some-college,9.996756,Married-civ-spouse,Exec-managerial,Husband,White,Male,-31.882954,-0.67952836,34.971664,United-States,>50K
48.147514,Private,72547.84,HS-grad,8.984818,Married-civ-spouse,Adm-clerical,Wife,White,Female,29.017925,-0.22642627,39.974503,Germany,>50K
28.934448,Private,251501.58,Some-college,10.005023,Married-civ-spouse,Tech-support,Wife,White,Female,21.310406,-0.27594867,20.057283,United-States,<=50K
33.072906,Private,99741.28,HS-grad,8.987096,Married-civ-spouse,Adm-clerical,Wife,White,Female,12.656842,1748.9126,24.951838,United-States,<=50K
49.98373,Private,136324.55,Assoc-acdm,12.039784,Divorced,Craft-repair,Unmarried,White,Male,4.1070375,-0.32546344,39.99411,United-States,<=50K
45.808113,Private,155327.9,11th,6.98485,Married-civ-spouse,Craft-repair,Husband,White,Male,8.558209,1899.955,39.99069,United-States,>50K
66.952515,Private,142209.83,HS-grad,8.995566,Married-civ-spouse,Other-service,Husband,White,Male,9.398541,-0.31841388,39.982395,United-States,<=50K
51.974583,Private,245220.83,10th,5.9907384,Married-civ-spouse,Other-service,Wife,White,Female,27.936382,0.038771484,34.955864,United-States,<=50K
47.188065,Private,162479.34,Masters,14.008448,Married-civ-spouse,Adm-clerical,Husband,Black,Male,2.03819,-0.19961658,39.992943,Haiti,<=50K
48.089264,Private,231838.92,Some-college,9.993117,Widowed,Adm-clerical,Unmarried,White,Female,25.726665,-0.4007961,43.017303,United-States,<=50K
44.99017,Private,261060.0,HS-grad,8.991227,Married-civ-spouse,Other-service,Husband,Black,Male,19.522564,-0.36460987,40.007576,United-States,<=50K
56.94535,Private,219519.19,Assoc-acdm,12.043786,Divorced,Tech-support,Not-in-family,White,Female,14.786725,0.0069035026,39.969288,United-States,<=50K
29.155308,State-gov,460302.16,Some-college,9.990247,Married-civ-spouse,Exec-managerial,Husband,White,Male,3126.9119,-0.6519252,40.04697,United-States,>50K
42.912075,Federal-gov,409024.4,Doctorate,16.035181,Never-married,Prof-specialty,Not-in-family,White,Female,11.150006,-0.19490162,50.04192,United-States,>50K
46.11488,Private,334945.06,Bachelors,13.01392,Divorced,Sales,Unmarried,Asian-Pac-Islander,Female,58.933575,-0.13039508,40.01507,China,<=50K
61.090992,Private,354086.88,HS-grad,8.989322,Married-civ-spouse,Sales,Husband,Black,Male,-1.6551695,-0.5439006,39.990883,United-States,<=50K
71.02067,Private,163098.03,Some-college,10.007208,Widowed,Sales,Not-in-family,White,Male,12.148786,-0.12568012,34.90767,United-States,>50K
26.072432,Local-gov,71707.49,Some-college,10.012676,Married-civ-spouse,Protective-serv,Husband,White,Male,-6.4156675,-0.4449779,54.83137,United-States,>50K
62.11532,Private,110127.55,9th,5.0012326,Married-civ-spouse,Exec-managerial,Husband,White,Male,24.009136,-0.36125293,20.89094,United-States,<=50K
57.896633,Self-emp-not-inc,195171.44,Some-college,10.022705,Divorced,Craft-repair,Not-in-family,White,Male,14.887067,-0.31915393,44.951897,United-States,<=50K
43.876366,Private,171769.47,HS-grad,8.998634,Never-married,Sales,Not-in-family,White,Female,10597.214,0.16428265,50.01235,United-States,>50K
48.048374,Private,149824.33,Some-college,9.95996,Separated,Craft-repair,Unmarried,White,Male,1392.9589,-1.3534862,39.97388,Honduras,<=50K
35.040024,Private,109529.5,HS-grad,8.980732,Married-civ-spouse,Machine-op-inspct,Wife,Black,Female,19.51939,0.2856892,34.93349,United-States,<=50K
44.902126,Private,70196.2,Bachelors,13.018096,Divorced,Exec-managerial,Unmarried,White,Male,10.321393,-0.3551418,45.02117,United-States,>50K
28.080725,?,122714.99,Some-college,9.995902,Married-civ-spouse,?,Wife,White,Female,0.21568006,1885.4679,39.995686,United-States,>50K
28.131887,Local-gov,150213.8,Bachelors,12.9997635,Married-civ-spouse,Protective-serv,Husband,Black,Male,-12.6222105,-0.37910572,42.043602,United-States,>50K
52.069378,Private,129725.6,HS-grad,8.983312,Married-civ-spouse,Exec-managerial,Husband,Black,Male,-10.660052,1590.3899,30.060987,United-States,<=50K
43.044186,Private,115046.555,HS-grad,9.003504,Married-civ-spouse,Exec-managerial,Husband,Asian-Pac-Islander,Male,29.097271,-0.31977955,60.024624,China,>50K
23.185036,Self-emp-not-inc,282144.22,11th,6.9906306,Married-civ-spouse,Transport-moving,Husband,White,Male,7785.5225,0.026831482,59.799488,United-States,>50K
32.09546,Local-gov,348085.78,Assoc-acdm,12.014183,Married-civ-spouse,Craft-repair,Husband,White,Male,-15.209857,-0.6258861,40.031986,United-States,>50K
24.358995,Self-emp-not-inc,166309.22,Some-college,10.0063305,Married-civ-spouse,Transport-moving,Husband,White,Male,-0.1705504,-0.16212574,59.86922,United-States,<=50K
42.97829,Self-emp-not-inc,169771.94,Bachelors,13.008785,Never-married,Sales,Not-in-family,White,Female,16.672466,-0.23051563,60.030933,United-States,<=50K
52.970028,Private,149011.48,HS-grad,9.007094,Never-married,Sales,Not-in-family,White,Male,16.35313,2576.8591,47.851944,United-States,>50K
47.86279,Private,200765.72,1st-4th,1.9595121,Married-civ-spouse,Handlers-cleaners,Husband,White,Male,67.80638,-0.58381,39.96691,El-Salvador,<=50K
59.06075,Private,421639.78,HS-grad,8.997173,Married-civ-spouse,Craft-repair,Husband,White,Male,-0.4229918,-0.34576526,39.97865,?,<=50K
47.06825,Private,195918.92,Prof-school,15.03288,Divorced,Adm-clerical,Not-in-family,White,Male,3.6221743,0.05216107,39.972588,United-States,<=50K
49.091404,Private,119778.055,HS-grad,9.004151,Divorced,Exec-managerial,Not-in-family,White,Female,29.325542,1574.8047,39.955418,United-States,>50K
61.071354,Private,158761.05,7th-8th,3.975968,Married-civ-spouse,Craft-repair,Husband,White,Male,7618.8647,-0.29567066,39.93095,Poland,>50K
67.996124,Private,190928.69,Masters,14.015224,Never-married,Prof-specialty,Not-in-family,White,Female,3222.526,-0.13485828,39.92021,United-States,<=50K
44.858616,Private,362652.06,HS-grad,9.000544,Widowed,Craft-repair,Not-in-family,White,Female,35.181988,-0.26130787,39.956856,United-States,<=50K
25.184011,Private,149666.77,Some-college,10.003598,Married-civ-spouse,Prof-specialty,Husband,White,Male,8.31236,-0.25042072,44.984898,United-States,<=50K
30.132938,Private,103521.14,Bachelors,12.998584,Married-civ-spouse,Adm-clerical,Wife,Black,Female,7.350934,-0.50759995,40.00368,United-States,>50K
53.81858,Private,132151.9,9th,5.0192733,Married-civ-spouse,Machine-op-inspct,Husband,White,Male,3.241559,1904.0143,34.88074,United-States,<=50K
69.944,Private,146503.31,HS-grad,9.00066,Married-civ-spouse,Transport-moving,Husband,White,Male,3488.8374,-0.4443523,33.123978,United-States,<=50K
54.788795,Federal-gov,54825.074,HS-grad,9.003627,Married-civ-spouse,Transport-moving,Husband,White,Male,-19.610249,-0.16178241,39.99972,United-States,<=50K
57.02622,Local-gov,197838.97,Masters,14.002098,Married-civ-spouse,Protective-serv,Husband,White,Male,-42.666645,-0.16152301,14.24124,United-States,>50K
23.21133,Private,411077.34,Bachelors,13.001072,Never-married,Adm-clerical,Not-in-family,White,Female,26.087261,-0.40876117,60.026035,United-States,<=50K
39.97807,State-gov,25823.59,Bachelors,13.02555,Divorced,Prof-specialty,Not-in-family,White,Male,26.89732,-0.025674012,39.95302,United-States,<=50K
40.086327,Self-emp-inc,206791.45,HS-grad,9.001965,Married-civ-spouse,Adm-clerical,Husband,White,Male,-3.0182066,-0.58310044,50.07238,United-States,>50K
28.036531,Local-gov,212397.28,Assoc-acdm,12.008585,Married-civ-spouse,Adm-clerical,Wife,White,Female,12.72862,-0.22224537,40.016624,United-States,>50K
33.85036,Private,26389.137,HS-grad,8.992588,Divorced,Craft-repair,Not-in-family,Amer-Indian-Eskimo,Male,43.295513,0.24441418,47.95346,United-States,>50K
74.70677,Self-emp-not-inc,183650.16,11th,6.968201,Married-civ-spouse,Exec-managerial,Husband,White,Male,-3.6234312,-0.4253017,30.077175,United-States,<=50K
30.118795,Private,111976.875,Bachelors,13.001342,Married-civ-spouse,Other-service,Husband,White,Male,7.593854,-0.45626178,59.95449,United-States,>50K
48.031467,Private,167439.67,Some-college,10.020117,Divorced,Exec-managerial,Not-in-family,White,Male,13.559674,1575.3182,49.989517,United-States,>50K
51.777485,Self-emp-not-inc,103900.766,Some-college,10.005046,Married-civ-spouse,Tech-support,Husband,White,Male,-23.77895,-0.123948246,59.83352,United-States,>50K
56.145073,Local-gov,182760.86,Masters,14.0193815,Widowed,Prof-specialty,Not-in-family,White,Female,9.432721,0.016539428,39.94424,United-States,<=50K
29.883966,Self-emp-not-inc,117106.875,HS-grad,8.990855,Married-civ-spouse,Prof-specialty,Husband,White,Male,14.2711,-0.41626087,24.98557,United-States,<=50K
69.919334,?,306125.0,HS-grad,8.996608,Married-civ-spouse,?,Husband,White,Male,-11.618304,-0.34803882,39.998894,United-States,<=50K
45.788136,Self-emp-not-inc,114228.71,9th,5.0075254,Married-civ-spouse,Sales,Husband,White,Male,41.181255,-0.20041767,39.94263,United-States,<=50K
28.060034,Private,414258.4,HS-grad,8.997036,Married-civ-spouse,Craft-repair,Husband,Black,Male,2791.7026,-0.5390407,40.01941,United-States,<=50K
35.137566,Federal-gov,182417.75,Bachelors,13.016462,Separated,Tech-support,Unmarried,White,Male,-2.0985289,-0.31497303,40.00995,United-States,<=50K
38.965736,Self-emp-inc,123432.53,Masters,14.034667,Divorced,Exec-managerial,Not-in-family,Asian-Pac-Islander,Male,23.12608,-0.45532337,98.14709,Japan,>50K
51.979023,Local-gov,238982.78,Masters,14.027139,Never-married,Prof-specialty,Not-in-family,White,Male,-0.34877306,0.48152813,32.03444,United-States,>50K
41.985844,Private,259831.88,Bachelors,13.008926,Divorced,Prof-specialty,Unmarried,White,Male,2.7920961,654.0388,50.059525,United-States,>50K
32.970726,Private,155993.89,Prof-school,15.031827,Never-married,Prof-specialty,Not-in-family,White,Male,11.504743,0.49056897,39.953133,United-States,>50K
19.414091,Private,142222.89,Some-college,10.00152,Never-married,Prof-specialty,Own-child,White,Female,14060.854,-0.07325855,19.988167,United-States,>50K
59.102257,Self-emp-not-inc,73145.52,Prof-school,15.017875,Married-civ-spouse,Farming-fishing,Husband,White,Male,-12.643695,-0.2709743,30.002607,United-States,<=50K
43.995438,Private,183840.12,Bachelors,13.009634,Divorced,Exec-managerial,Unmarried,White,Female,4858.9346,-0.43104663,45.06753,United-States,>50K
37.098354,Federal-gov,187683.42,Some-college,9.993984,Married-civ-spouse,Adm-clerical,Husband,White,Male,-19.838764,-0.78016007,40.04552,Philippines,>50K
49.979843,Private,38614.887,HS-grad,9.00475,Married-civ-spouse,Farming-fishing,Husband,White,Male,20.467876,-0.24487415,47.905643,United-States,>50K
44.911106,Local-gov,258033.69,11th,6.977468,Married-civ-spouse,Other-service,Husband,Black,Male,32.20152,-0.2492229,50.025345,United-States,<=50K
59.156883,Private,70174.586,HS-grad,8.98243,Married-civ-spouse,Priv-house-serv,Wife,Black,Female,14.275006,-0.44983783,14.951574,United-States,<=50K
42.925625,Private,135039.28,Masters,14.025252,Divorced,Exec-managerial,Not-in-family,White,Female,6.9988832,0.24856457,50.068787,United-States,>50K
25.07018,Private,162782.16,12th,7.9906077,Married-civ-spouse,Craft-repair,Husband,White,Male,23.546978,-0.46998706,40.009457,United-States,>50K
35.026535,Private,30639.434,HS-grad,9.005535,Married-civ-spouse,Transport-moving,Husband,White,Male,17.05357,-0.3046581,50.033417,United-States,>50K
29.902,Private,33234.324,HS-grad,9.014989,Never-married,Transport-moving,Unmarried,White,Female,28.581402,1676.308,69.922554,United-States,<=50K
32.976364,Private,314981.38,HS-grad,8.955859,Married-civ-spouse,Sales,Husband,White,Male,49.471294,-0.5065166,39.954754,Cuba,>50K
37.927647,State-gov,186171.73,Masters,14.026513,Divorced,Exec-managerial,Not-in-family,White,Female,10.467633,0.2650822,50.06522,United-States,>50K
36.973846,State-gov,159390.3,Some-college,10.000855,Married-civ-spouse,Exec-managerial,Wife,White,Female,15.591657,-0.34962574,40.00714,United-States,>50K
42.97131,Private,220281.38,Bachelors,13.0147295,Divorced,Exec-managerial,Not-in-family,White,Male,13.162213,-0.071808964,34.977524,United-States,<=50K
42.068287,Private,207745.39,Some-college,9.992424,Married-civ-spouse,Exec-managerial,Wife,White,Female,4.7142153,-0.43221393,40.00043,El-Salvador,>50K
37.949978,Self-emp-not-inc,189575.3,HS-grad,9.00619,Married-civ-spouse,Craft-repair,Husband,White,Male,2.981061,-0.522668,50.03528,United-States,<=50K
47.03497,Private,102000.75,HS-grad,8.986339,Married-civ-spouse,Sales,Husband,White,Male,11.720563,-0.15214649,30.026178,United-States,>50K
29.02542,Self-emp-not-inc,103410.6,Some-college,10.008,Married-civ-spouse,Exec-managerial,Other-relative,White,Male,4489.5693,-0.7009593,44.974026,United-States,>50K
35.884666,Private,271414.7,Bachelors,13.014162,Separated,Prof-specialty,Not-in-family,White,Male,40.19151,-0.3283092,39.93456,?,<=50K
21.134573,Private,334181.06,Some-college,10.00842,Never-married,Protective-serv,Not-in-family,Black,Female,99995.25,0.20845684,39.95615,United-States,>50K
27.121199,Self-emp-not-inc,119422.28,Some-college,9.997238,Married-civ-spouse,Exec-managerial,Husband,White,Male,-6.3082457,-0.79895127,40.0253,United-States,<=50K
44.968193,Private,168560.77,12th,7.976219,Married-civ-spouse,Adm-clerical,Wife,Black,Female,3178.2378,-0.8143321,39.96802,United-States,>50K
22.144865,Private,215416.1,Some-college,10.006636,Never-married,Exec-managerial,Not-in-family,White,Female,29.318462,1975.5359,39.985104,United-States,<=50K
32.07518,Private,228302.98,Assoc-voc,11.01179,Married-civ-spouse,Other-service,Husband,White,Male,11.709332,-0.3623058,59.960896,United-States,>50K
70.02527,Private,115882.086,Doctorate,16.029625,Married-civ-spouse,Exec-managerial,Husband,White,Male,-35.89345,0.09386334,2.7030108,United-States,>50K
27.96169,Private,208327.16,HS-grad,9.010262,Married-civ-spouse,Transport-moving,Husband,White,Male,7.1314516,1849.6825,40.03525,United-States,>50K
32.95647,Local-gov,292503.9,Bachelors,13.024123,Married-spouse-absent,Prof-specialty,Other-relative,Black,Male,49.034527,-0.47223774,39.961266,?,<=50K
48.995094,Private,226453.08,7th-8th,3.983428,Married-civ-spouse,Prof-specialty,Husband,White,Male,49.248882,-0.34303394,31.999065,United-States,<=50K
35.15857,Self-emp-inc,338944.44,Some-college,9.99665,Married-civ-spouse,Sales,Husband,White,Male,0.347516,-0.40955463,50.044353,United-States,>50K
29.969065,Private,294118.12,Some-college,9.99941,Married-civ-spouse,Adm-clerical,Other-relative,White,Female,43.17149,-0.56047165,40.002075,United-States,>50K
59.978355,Federal-gov,236914.97,Assoc-voc,11.025494,Divorced,Prof-specialty,Unmarried,White,Male,4803.6772,-0.17437854,39.977623,United-States,>50K
24.144053,Private,345776.1,HS-grad,8.997643,Married-civ-spouse,Craft-repair,Husband,White,Male,21.888042,-0.5271541,43.93999,Mexico,<=50K
36.944756,Private,319310.94,HS-grad,9.010865,Married-civ-spouse,Transport-moving,Husband,White,Male,14.784528,-0.28509632,54.87879,United-States,>50K
55.97266,Private,47564.34,Assoc-voc,11.029278,Married-civ-spouse,Tech-support,Husband,White,Male,-12.682269,-0.05782428,39.985516,United-States,>50K
31.90896,Private,75835.88,11th,6.9732614,Married-civ-spouse,Adm-clerical,Husband,White,Male,24.598492,-0.3706905,44.945267,United-States,<=50K
50.85996,Private,72828.73,10th,5.9773264,Married-civ-spouse,Craft-repair,Husband,White,Male,12.921735,-0.632455,39.953804,United-States,>50K
64.2219,Private,146547.73,HS-grad,8.990652,Married-civ-spouse,Other-service,Husband,Black,Male,7.0772524,-0.3438274,39.99235,United-States,>50K
44.946083,Federal-gov,368658.66,Bachelors,13.004633,Never-married,Protective-serv,Not-in-family,Black,Female,-23.604145,-0.25035968,39.98718,United-States,<=50K
42.94094,State-gov,113274.96,Some-college,10.011961,Married-civ-spouse,Protective-serv,Husband,Asian-Pac-Islander,Male,-11.452289,-0.19256702,39.98943,United-States,<=50K
45.037186,Private,275172.5,Assoc-voc,10.994935,Married-civ-spouse,Prof-specialty,Husband,White,Male,2.7806215,-0.2312862,23.867167,United-States,>50K
51.028954,Private,63328.535,HS-grad,8.94939,Married-civ-spouse,Sales,Husband,Asian-Pac-Islander,Male,42.069683,-0.09315601,50.021786,Cambodia,<=50K
30.90797,Private,355465.66,Bachelors,13.006746,Never-married,Tech-support,Not-in-family,White,Female,10627.102,-0.10736957,39.972466,United-States,>50K
38.95477,Local-gov,177350.75,Masters,14.029127,Divorced,Prof-specialty,Not-in-family,White,Female,20.392925,0.65453994,39.956318,United-States,<=50K
47.88941,Self-emp-not-inc,101027.27,11th,6.970356,Married-civ-spouse,Craft-repair,Husband,White,Male,6.3155336,-0.21508136,54.758564,United-States,<=50K
31.863436,Private,225817.97,Some-college,10.019382,Never-married,Sales,Own-child,White,Male,28.285992,1871.3015,59.851467,United-States,<=50K
40.95362,Private,272915.7,Some-college,10.010289,Separated,Sales,Not-in-family,White,Male,32.228863,-0.18299213,80.768,United-States,>50K
67.045746,Private,267895.22,HS-grad,9.011685,Divorced,Craft-repair,Not-in-family,Black,Male,22.759869,-0.12945667,39.966503,United-States,<=50K
24.076305,Private,419573.5,HS-grad,8.99679,Married-civ-spouse,Farming-fishing,Husband,Black,Male,40.78697,-0.36714283,34.95336,United-States,<=50K
79.27462,Private,28553.777,Masters,14.024617,Never-married,Exec-managerial,Not-in-family,White,Female,-12.475726,0.057020996,22.885199,United-States,<=50K
45.98057,Federal-gov,362391.0,Assoc-acdm,11.988212,Married-civ-spouse,Prof-specialty,Husband,White,Male,-22.934467,-0.5244609,40.043438,Germany,>50K
35.93692,Local-gov,126936.53,Bachelors,13.017652,Divorced,Prof-specialty,Unmarried,White,Male,24.849712,-0.13699451,39.993015,United-States,<=50K
45.900436,Private,89512.48,Masters,14.029128,Never-married,Tech-support,Not-in-family,White,Male,-8.746234,0.4557713,34.895824,United-States,>50K
27.242453,Private,213837.11,Bachelors,12.998423,Married-civ-spouse,Exec-managerial,Husband,White,Male,-7.05849,-0.45970264,30.04881,United-States,<=50K
45.954636,Private,191891.7,Bachelors,13.011054,Never-married,Sales,Not-in-family,White,Male,15.206403,0.13926587,44.969463,United-States,>50K
72.80135,Self-emp-not-inc,177080.39,HS-grad,8.997659,Married-civ-spouse,Exec-managerial,Husband,White,Male,-17.003803,-0.6611339,40.001312,United-States,<=50K
44.87586,Local-gov,117902.56,Assoc-acdm,12.021529,Divorced,Prof-specialty,Unmarried,White,Female,20.062115,-0.08315387,48.01826,United-States,<=50K
40.92455,Private,282507.25,HS-grad,9.011023,Divorced,Craft-repair,Unmarried,White,Female,1406.202,-0.16013446,50.052788,United-States,<=50K
67.04893,Local-gov,203527.88,Bachelors,13.004259,Married-civ-spouse,Prof-specialty,Husband,White,Male,-22.719624,-0.16255298,9.895737,United-States,<=50K
54.887524,Private,121173.43,Some-college,9.996286,Married-civ-spouse,Transport-moving,Husband,White,Male,-6.0531187,-0.24424854,24.009636,United-States,>50K
65.07993,Private,83060.64,7th-8th,3.9678197,Married-civ-spouse,Craft-repair,Husband,White,Male,38.24986,-0.401086,39.92302,United-States,<=50K
28.920233,Private,89098.85,Bachelors,13.020569,Never-married,Prof-specialty,Own-child,Asian-Pac-Islander,Male,48.563824,-0.15808979,64.11249,Philippines,>50K
27.087952,Private,329279.06,Bachelors,13.004405,Married-civ-spouse,Tech-support,Wife,White,Female,2.0584536,-0.33738056,39.98727,United-States,>50K
39.996674,Federal-gov,158779.95,HS-grad,9.006507,Divorced,Adm-clerical,Not-in-family,White,Female,23.678814,0.12968335,39.981686,Philippines,<=50K
38.982292,Local-gov,316418.66,Masters,14.017459,Never-married,Prof-specialty,Not-in-family,White,Female,15.483502,-0.05278888,54.873962,United-States,<=50K
43.939144,Private,112088.16,Masters,14.011151,Married-civ-spouse,Tech-support,Husband,White,Male,-30.177387,0.08516583,19.971962,United-States,>50K
31.07681,Private,105792.67,Some-college,9.990519,Married-civ-spouse,Adm-clerical,Wife,Black,Female,12.915875,-0.4413921,39.992393,United-States,<=50K
43.910576,Local-gov,150925.67,HS-grad,8.997302,Married-civ-spouse,Machine-op-inspct,Husband,White,Male,-3.8741636,-0.12653461,39.978752,United-States,<=50K
61.042397,Private,95108.33,Some-college,10.005718,Married-civ-spouse,Machine-op-inspct,Husband,Asian-Pac-Islander,Male,-12.386859,0.0060261223,39.977562,United-States,>50K
36.057312,Private,202964.08,HS-grad,9.001324,Married-civ-spouse,Craft-repair,Husband,White,Male,5.861676,-0.46206012,40.001217,Italy,<=50K
41.007812,Private,146767.69,12th,7.993087,Married-civ-spouse,Handlers-cleaners,Husband,White,Male,26.194439,-0.40983692,40.001385,United-States,>50K
20.389221,Private,34564.59,HS-grad,8.996398,Married-civ-spouse,Craft-repair,Husband,White,Male,3892.3132,-0.42225757,34.98927,United-States,<=50K
36.885025,Private,71497.57,HS-grad,9.007282,Married-civ-spouse,Handlers-cleaners,Husband,Asian-Pac-Islander,Male,18.131695,-0.2895061,39.978073,United-States,>50K
49.10874,Private,248285.2,HS-grad,8.99693,Married-civ-spouse,Machine-op-inspct,Husband,White,Male,-7.857074,0.13841137,44.95791,United-States,<=50K
37.811493,Private,148868.97,HS-grad,9.014048,Divorced,Craft-repair,Not-in-family,White,Male,3463.601,-0.1372234,39.949623,United-States,<=50K
43.85403,Private,176900.27,Some-college,10.020563,Divorced,Machine-op-inspct,Unmarried,White,Male,9.121198,-0.018311646,57.908035,United-States,>50K
31.967987,Private,117847.02,Masters,14.02251,Never-married,Exec-managerial,Not-in-family,White,Female,12.005719,0.2972935,44.994244,United-States,>50K
36.056103,State-gov,182762.02,HS-grad,8.996015,Married-civ-spouse,Adm-clerical,Husband,White,Male,-1.614398,-0.25775257,38.08259,United-States,<=50K
50.111504,Local-gov,117140.92,Bachelors,13.006369,Married-civ-spouse,Prof-specialty,Wife,White,Female,2.5606508,-0.12957111,23.891455,United-States,<=50K
52.92119,Self-emp-not-inc,384945.25,Some-college,9.992923,Married-civ-spouse,Other-service,Husband,White,Male,-5.1305113,-0.2017757,59.895885,United-States,<=50K
48.861973,Private,106230.47,10th,5.9395757,Married-civ-spouse,Transport-moving,Husband,White,Male,10.074079,0.6745213,98.15596,United-States,>50K
38.982048,Private,37933.34,Some-college,10.008906,Married-spouse-absent,Craft-repair,Unmarried,White,Male,6.065778,-0.38254657,39.992584,United-States,>50K
39.007576,Private,128185.22,Some-college,10.000451,Married-civ-spouse,Other-service,Wife,White,Female,12.134137,-0.21769825,59.88817,United-States,<=50K
43.800854,Private,170524.95,10th,5.994468,Married-civ-spouse,Machine-op-inspct,Husband,White,Male,10.590192,-0.17556873,39.94524,United-States,>50K
23.126734,Self-emp-not-inc,257776.28,Bachelors,13.008794,Never-married,Adm-clerical,Own-child,White,Male,7.376813,2236.663,40.033577,United-States,>50K
57.009853,Private,32418.45,Bachelors,13.008889,Married-civ-spouse,Transport-moving,Husband,White,Male,-13.337298,-0.54040635,40.023994,United-States,<=50K
51.951843,Self-emp-not-inc,98200.62,HS-grad,8.996325,Married-civ-spouse,Craft-repair,Husband,White,Male,-16.923725,0.0716618,50.038013,India,>50K
28.088419,Self-emp-not-inc,236627.11,Some-college,9.993695,Married-civ-spouse,Adm-clerical,Wife,White,Female,20.206646,-0.494157,30.022514,United-States,>50K
56.848537,Private,454200.4,10th,6.012301,Separated,Exec-managerial,Not-in-family,White,Male,27.486187,-0.05517688,54.777107,United-States,<=50K
29.75386,Private,150563.53,9th,5.0019393,Married-civ-spouse,Craft-repair,Husband,White,Male,41.775494,-0.38982502,39.94228,United-States,<=50K
35.085697,Self-emp-not-inc,453475.8,HS-grad,9.011137,Married-civ-spouse,Transport-moving,Husband,White,Male,2.793561,-0.037125733,65.01109,United-States,>50K
77.90537,Private,102960.14,5th-6th,3.0168433,Married-civ-spouse,Transport-moving,Husband,Asian-Pac-Islander,Male,48.82652,-0.123971134,36.06085,United-States,<=50K
32.00488,Private,100600.016,Some-college,10.005368,Married-civ-spouse,Tech-support,Wife,White,Female,12.427106,-0.08383289,32.01893,United-States,>50K
40.045784,Private,120983.61,Assoc-voc,11.0290985,Married-civ-spouse,Craft-repair,Husband,Asian-Pac-Islander,Male,13.709577,-0.24314228,39.98453,?,>50K
43.091064,Self-emp-not-inc,35987.887,Bachelors,13.0042715,Married-civ-spouse,Prof-specialty,Husband,White,Male,-10.86806,-0.3070766,20.896847,United-States,<=50K
40.999977,State-gov,186437.17,Bachelors,13.016613,Never-married,Prof-specialty,Not-in-family,White,Male,20.077251,0.026831482,39.959908,United-States,<=50K
66.100395,Private,113423.09,Assoc-voc,11.002726,Widowed,Prof-specialty,Not-in-family,White,Female,28.050884,-0.1384975,34.905933,United-States,<=50K
41.87603,Self-emp-not-inc,43632.26,Masters,14.031645,Divorced,Prof-specialty,Not-in-family,White,Female,14.183454,0.5789174,32.007675,United-States,<=50K
47.012417,Self-emp-not-inc,198371.78,Masters,14.01451,Divorced,Transport-moving,Not-in-family,White,Male,-12.031146,2264.4236,49.999825,United-States,>50K
48.079044,Private,157372.55,Some-college,9.999578,Married-civ-spouse,Transport-moving,Husband,Black,Male,2.286725,-0.45142475,40.036873,United-States,<=50K
51.985073,?,318111.78,Some-college,9.989985,Married-civ-spouse,?,Wife,White,Female,-1.9456968,-0.4151546,39.98141,United-States,>50K
59.01156,Private,196426.28,HS-grad,8.993865,Married-civ-spouse,Protective-serv,Husband,White,Male,-16.76479,-0.2826015,24.025166,United-States,>50K
28.758783,Private,103749.64,Some-college,10.035077,Divorced,Tech-support,Not-in-family,White,Male,24.11314,-0.264146,57.794796,United-States,<=50K
48.137802,Private,171388.0,Bachelors,13.013532,Divorced,Other-service,Unmarried,White,Female,24.666607,-0.30542865,56.050526,United-States,>50K
35.83565,Private,377997.22,Assoc-voc,11.033144,Divorced,Craft-repair,Not-in-family,White,Male,30.076519,0.12760815,38.0912,United-States,<=50K
54.73973,State-gov,136335.12,Some-college,10.004613,Married-civ-spouse,Craft-repair,Husband,White,Male,-13.173968,-0.7467891,42.885353,United-States,>50K
25.19196,Private,57732.184,Assoc-voc,10.989796,Married-civ-spouse,Sales,Wife,White,Female,30.171734,-0.10478321,42.09142,United-States,>50K
31.03714,Private,280937.84,Some-college,9.993887,Married-civ-spouse,Craft-repair,Husband,White,Male,10.0482,-0.5626384,39.991623,Mexico,<=50K
48.10584,Private,329975.25,Some-college,9.994096,Married-civ-spouse,Handlers-cleaners,Husband,White,Male,3.8707094,-0.6155406,30.049967,United-States,<=50K
64.2102,Local-gov,111902.21,HS-grad,9.003886,Widowed,Exec-managerial,Not-in-family,White,Male,20.208843,0.08587536,39.957222,United-States,<=50K
46.93303,Self-emp-not-inc,173259.69,Some-college,10.011966,Divorced,Exec-managerial,Not-in-family,White,Female,15.565778,-0.3488628,65.018425,United-States,<=50K
53.719025,Self-emp-inc,123272.75,7th-8th,3.9863968,Married-civ-spouse,Machine-op-inspct,Husband,White,Male,35.47569,-0.37078205,39.923206,United-States,>50K
69.22316,Private,31876.45,Assoc-voc,10.998106,Widowed,Adm-clerical,Unmarried,White,Female,11.112897,-0.50225174,39.96326,United-States,<=50K
52.972866,Self-emp-not-inc,283532.62,Masters,14.019668,Divorced,Exec-managerial,Not-in-family,White,Male,-11.883929,0.0295094,50.041943,United-States,>50K
34.974567,Self-emp-not-inc,224321.53,HS-grad,9.0106325,Never-married,Machine-op-inspct,Own-child,White,Male,8764.477,-0.032776978,39.957375,United-States,>50K
54.91197,Self-emp-not-inc,124932.2,HS-grad,9.004099,Widowed,Sales,Not-in-family,White,Male,34.456158,-0.091080815,39.955894,United-States,<=50K
38.013905,?,181575.78,HS-grad,8.985846,Married-civ-spouse,?,Husband,White,Male,-11.484515,-0.049805786,23.971342,United-States,<=50K
28.969946,Self-emp-not-inc,266140.8,HS-grad,9.0092125,Married-civ-spouse,Farming-fishing,Husband,White,Male,11.839215,-0.6939708,69.84695,United-States,<=50K
42.95841,Self-emp-inc,209213.02,Some-college,10.0124855,Never-married,Exec-managerial,Not-in-family,White,Male,13.567243,-0.3513042,50.020664,United-States,>50K
48.11732,Self-emp-not-inc,208154.72,Bachelors,13.007693,Married-spouse-absent,Sales,Own-child,White,Male,8.389264,-0.30408588,50.081863,United-States,>50K
25.32495,Private,252564.16,Some-college,9.9918785,Married-civ-spouse,Adm-clerical,Husband,Black,Male,-1.9542418,1897.2286,36.035503,United-States,>50K
48.14701,Private,155989.28,Bachelors,13.015557,Divorced,Prof-specialty,Not-in-family,White,Male,1.3719301,2238.147,30.069254,United-States,>50K
43.023804,Private,573261.94,Assoc-voc,10.974912,Married-civ-spouse,Transport-moving,Husband,White,Male,3088.2683,-0.90103257,32.050907,United-States,>50K
55.065334,Self-emp-not-inc,308029.12,Prof-school,15.013253,Widowed,Prof-specialty,Not-in-family,White,Male,-9.310931,-0.32341877,54.886345,United-States,>50K
41.021946,Private,43973.043,Some-college,9.995337,Married-civ-spouse,Other-service,Wife,White,Female,17.545025,-0.13019672,39.966755,United-States,<=50K
40.18321,Self-emp-not-inc,168442.0,Bachelors,13.002492,Married-civ-spouse,Craft-repair,Husband,White,Male,-14.999408,-0.7576457,40.04752,Dominican-Republic,>50K
29.573164,Private,172862.66,HS-grad,9.018316,Never-married,Craft-repair,Not-in-family,Asian-Pac-Islander,Male,2626.8784,-0.16510883,39.955093,United-States,<=50K
42.8831,Private,74801.3,11th,6.9750276,Married-civ-spouse,Craft-repair,Husband,White,Male,23.327984,-0.42032734,39.969936,United-States,<=50K
52.99849,Private,340342.28,Masters,14.011838,Never-married,Exec-managerial,Not-in-family,White,Female,-5.0167418,-0.2987148,60.00465,United-States,>50K
43.082565,Private,244264.78,HS-grad,8.991553,Married-civ-spouse,Adm-clerical,Husband,Black,Male,9.578961,-0.5056697,40.029015,United-States,>50K
43.754143,Private,158328.77,7th-8th,3.9859457,Married-civ-spouse,Other-service,Wife,White,Female,53.311382,0.26042065,54.72165,United-States,<=50K
26.069376,Private,192318.61,Some-college,10.009808,Married-civ-spouse,Transport-moving,Husband,White,Male,13.417584,-0.31279102,51.986168,United-States,>50K
43.90987,Self-emp-not-inc,82482.016,Bachelors,13.026145,Divorced,Exec-managerial,Not-in-family,White,Male,5.2908754,-0.5880519,59.94832,United-States,<=50K
39.10211,Local-gov,364826.84,Some-college,10.002582,Married-civ-spouse,Protective-serv,Husband,White,Male,-16.066547,-0.56018937,40.023956,United-States,>50K
70.0656,Self-emp-inc,225077.11,Some-college,9.9904995,Married-civ-spouse,Exec-managerial,Husband,White,Male,-33.543842,-0.29368702,20.013477,United-States,>50K
35.12538,Private,213833.1,HS-grad,8.993105,Married-civ-spouse,Adm-clerical,Husband,White,Male,7.012555,-0.38581958,36.010357,United-States,<=50K
45.988163,Local-gov,376919.44,12th,8.00101,Married-civ-spouse,Other-service,Husband,White,Male,22.413189,-0.54429734,35.039116,United-States,>50K
54.782944,Private,98046.96,Some-college,10.007539,Married-civ-spouse,Tech-support,Husband,White,Male,-10.766986,-0.278474,50.048466,Canada,>50K
23.366968,Private,32798.51,Some-college,9.990621,Married-civ-spouse,Sales,Husband,White,Male,19.937115,-0.27855793,24.953136,United-States,<=50K
53.092876,?,199181.44,Bachelors,12.995969,Married-civ-spouse,?,Husband,White,Male,-25.82558,-0.2895061,30.083273,United-States,>50K
42.9595,Private,157067.83,HS-grad,8.999303,Married-civ-spouse,Handlers-cleaners,Wife,White,Female,25.228619,-0.014474061,47.950794,United-States,>50K
60.052063,Local-gov,92351.14,HS-grad,8.995933,Married-civ-spouse,Other-service,Husband,White,Male,1.4764223,-0.1925365,39.986866,United-States,<=50K
57.03075,Local-gov,258350.58,Bachelors,13.010895,Never-married,Exec-managerial,Not-in-family,White,Male,0.8751039,-0.0094691785,39.984455,United-States,>50K
53.777416,Private,156871.61,HS-grad,9.00134,Married-civ-spouse,Craft-repair,Husband,White,Male,-1.2606382,-0.20259967,39.981785,Greece,<=50K
38.023014,Self-emp-inc,115709.375,Some-college,9.990176,Married-civ-spouse,Other-service,Wife,White,Female,23.30186,-0.28984943,19.987917,United-States,>50K
50.995255,Self-emp-not-inc,275416.47,Assoc-acdm,11.995632,Married-civ-spouse,Sales,Husband,White,Male,3015.9097,-0.4822704,30.05176,United-States,>50K
42.880024,Local-gov,200890.66,Prof-school,15.030395,Never-married,Prof-specialty,Not-in-family,White,Male,5.252057,0.3548878,39.96593,United-States,>50K
23.021082,Private,42811.402,Some-college,9.999514,Separated,Other-service,Not-in-family,White,Male,41.827496,2579.0125,39.973194,United-States,>50K
31.054781,Private,134807.17,Assoc-voc,10.986165,Married-civ-spouse,Exec-managerial,Wife,Black,Female,18.33482,-0.649171,43.11152,United-States,<=50K
44.889168,State-gov,85639.74,Masters,14.022713,Never-married,Exec-managerial,Not-in-family,White,Female,0.6744203,0.20817456,50.06724,United-States,>50K
57.989483,Self-emp-not-inc,317303.25,HS-grad,8.994687,Married-civ-spouse,Exec-managerial,Husband,White,Male,-13.410785,-0.7340785,40.025658,United-States,>50K
58.082306,State-gov,197760.98,Bachelors,13.0051,Married-civ-spouse,Adm-clerical,Husband,White,Male,-28.698383,-0.4153835,34.977936,United-States,>50K
27.968025,Self-emp-not-inc,34851.12,Bachelors,13.018463,Never-married,Exec-managerial,Not-in-family,White,Male,17.158062,-0.19689289,50.039677,United-States,<=50K
59.085,?,182460.31,HS-grad,8.991072,Married-civ-spouse,?,Wife,White,Female,3.8697329,-0.050233033,39.96109,United-States,>50K
28.893223,Self-emp-not-inc,132005.02,Prof-school,15.023951,Never-married,Prof-specialty,Own-child,White,Male,13.789411,0.0067890617,50.043064,Italy,>50K
39.98669,Private,76413.016,12th,7.9783945,Married-civ-spouse,Craft-repair,Husband,White,Male,7.9852114,-0.34848896,50.02855,United-States,>50K
47.17751,Self-emp-not-inc,243234.12,Bachelors,12.998897,Married-civ-spouse,Prof-specialty,Husband,Asian-Pac-Islander,Male,10.279157,0.0028980703,40.02072,South,<=50K
41.824837,Local-gov,176367.25,Masters,14.030227,Divorced,Prof-specialty,Not-in-family,White,Male,8.551862,0.49511608,39.957,United-States,<=50K
51.947617,Private,60361.426,11th,6.9769244,Married-civ-spouse,Other-service,Husband,White,Male,28.518414,-0.2943355,39.96527,United-States,<=50K
44.902176,Private,160573.38,Masters,14.024819,Divorced,Prof-specialty,Not-in-family,White,Female,15.777448,0.010145995,54.889206,United-States,<=50K
43.837025,Private,66813.33,Some-college,10.021055,Divorced,Adm-clerical,Not-in-family,Asian-Pac-Islander,Male,55.481792,0.066687435,40.006535,Japan,<=50K
29.875225,Self-emp-inc,164117.48,Bachelors,13.006713,Never-married,Exec-managerial,Not-in-family,White,Male,-2.354144,2267.4062,44.941822,United-States,<=50K
33.202747,Federal-gov,346934.22,Some-college,9.988804,Married-civ-spouse,Exec-managerial,Wife,Black,Female,-15.743793,-0.6007854,40.02267,United-States,>50K
27.753515,Private,208363.66,9th,5.008652,Married-civ-spouse,Machine-op-inspct,Wife,White,Female,41.137066,0.36585888,39.904613,United-States,<=50K
76.71002,Self-emp-inc,30110.309,HS-grad,8.995545,Married-civ-spouse,Other-service,Husband,White,Male,-13.35683,-0.18579975,35.00843,United-States,>50K
50.904873,Private,55624.715,9th,4.991223,Married-civ-spouse,Craft-repair,Husband,White,Male,33.52891,-0.3745052,39.930435,United-States,<=50K
43.00003,State-gov,186383.12,HS-grad,8.999906,Married-civ-spouse,Craft-repair,Husband,White,Male,2.9200258,-0.1423656,37.042458,United-States,<=50K
38.13584,Self-emp-not-inc,243075.81,Bachelors,12.996997,Married-civ-spouse,Adm-clerical,Wife,White,Female,2.2740297,-0.5262233,28.128355,United-States,>50K
31.964481,Private,269944.38,Bachelors,13.012056,Divorced,Exec-managerial,Not-in-family,White,Female,27.950298,-0.18486133,50.093464,United-States,>50K
50.094414,Private,171825.67,HS-grad,8.984512,Married-civ-spouse,Prof-specialty,Husband,Asian-Pac-Islander,Male,24.169537,-0.047166016,35.000385,South,>50K
42.03251,Private,219031.11,HS-grad,8.991259,Married-civ-spouse,Sales,Husband,Black,Male,11.825788,-0.34851947,39.997036,United-States,>50K
65.134186,Local-gov,220771.66,HS-grad,8.998132,Married-civ-spouse,Transport-moving,Husband,White,Male,-10.313861,0.002043578,20.131018,United-States,<=50K
61.07595,State-gov,101967.15,Some-college,10.020119,Divorced,Craft-repair,Not-in-family,White,Male,26.264996,0.04019055,40.007786,Germany,<=50K
41.022957,Private,190881.69,HS-grad,8.999419,Married-civ-spouse,Adm-clerical,Own-child,White,Male,20.152935,-0.14730945,39.992107,United-States,<=50K
36.843117,Federal-gov,238875.66,HS-grad,9.0136795,Divorced,Exec-managerial,Not-in-family,White,Male,4.4510317,-0.13730732,39.9664,United-States,>50K
25.26473,Private,245695.75,Assoc-acdm,12.01365,Married-civ-spouse,Exec-managerial,Husband,White,Male,-5.0697203,-0.45356098,44.99437,United-States,<=50K
27.986715,Federal-gov,328558.53,Bachelors,13.007699,Never-married,Exec-managerial,Not-in-family,White,Male,-4.8895445,-0.23435321,50.020615,United-States,>50K
26.158995,Private,180957.88,Some-college,9.997696,Married-civ-spouse,Machine-op-inspct,Husband,Black,Male,-1.7840757,-0.15842548,40.001976,United-States,<=50K
45.701283,Private,213442.78,5th-6th,3.0462813,Divorced,Craft-repair,Not-in-family,White,Female,78.14537,2347.694,44.86781,United-States,<=50K
39.019875,Private,491659.88,Bachelors,13.021147,Never-married,Exec-managerial,Other-relative,Black,Male,30.8502,-0.69985306,45.03483,United-States,<=50K
53.700397,Self-emp-not-inc,259978.42,Some-college,10.008786,Married-civ-spouse,Farming-fishing,Husband,White,Male,3.7139711,-0.5427104,44.978535,United-States,>50K
28.967657,Private,189343.28,Bachelors,13.006696,Never-married,Exec-managerial,Not-in-family,White,Male,4.3392153,1596.6003,49.999226,United-States,<=50K
53.002148,Private,129303.32,Bachelors,13.018431,Divorced,Sales,Not-in-family,White,Male,16.524029,0.24842724,44.964027,United-States,<=50K
49.98719,Local-gov,21802.059,Some-college,9.999958,Married-civ-spouse,Protective-serv,Husband,White,Male,-21.237202,-0.22477832,39.987907,United-States,>50K
35.98097,Self-emp-not-inc,281915.47,HS-grad,9.019913,Married-civ-spouse,Farming-fishing,Husband,White,Male,1.2542543,1896.7133,59.862953,United-States,>50K
37.021374,Self-emp-not-inc,183200.22,HS-grad,8.991663,Married-civ-spouse,Prof-specialty,Husband,White,Male,3173.912,-0.22616687,30.048965,United-States,<=50K
47.051746,Self-emp-not-inc,235006.19,Some-college,9.991297,Married-civ-spouse,Prof-specialty,Husband,Other,Male,10.000592,-0.40728107,54.929123,United-States,>50K
29.912441,Local-gov,325171.0,HS-grad,8.999422,Married-civ-spouse,Exec-managerial,Husband,White,Male,4.861188,-0.34542194,40.029007,United-States,<=50K
57.024384,Self-emp-not-inc,204072.25,Bachelors,13.0015,Married-civ-spouse,Exec-managerial,Husband,White,Male,-53.10683,1980.5695,10.05534,United-States,>50K
37.949753,Self-emp-not-inc,184717.98,HS-grad,9.002781,Married-civ-spouse,Handlers-cleaners,Husband,White,Male,7.3328676,-0.22380939,40.003365,United-States,>50K
36.90009,Self-emp-inc,93748.79,Masters,14.023441,Divorced,Prof-specialty,Not-in-family,Black,Male,4728.2134,0.50185287,39.957924,United-States,>50K
29.927828,Private,26131.418,HS-grad,8.98833,Married-civ-spouse,Prof-specialty,Husband,White,Male,16.04478,-0.047272827,34.966705,United-States,>50K
60.985126,Private,180390.45,HS-grad,9.021066,Divorced,Transport-moving,Not-in-family,White,Male,18.819439,1573.1505,39.970924,United-States,>50K
46.843365,Private,174032.98,5th-6th,3.0332346,Married-civ-spouse,Transport-moving,Wife,White,Female,64.479965,0.27509198,39.89807,Mexico,>50K
45.934185,Local-gov,123535.02,Masters,14.009251,Divorced,Exec-managerial,Unmarried,White,Female,-3.3045835,-0.07246509,65.18493,United-States,>50K
37.963875,Self-emp-not-inc,334752.75,Some-college,10.005703,Married-civ-spouse,Farming-fishing,Wife,White,Female,30.865337,-0.5575725,14.937223,United-States,<=50K
53.055534,Private,173723.81,Masters,14.009619,Divorced,Prof-specialty,Unmarried,White,Female,-2.4403257,1867.9633,37.987972,United-States,<=50K
26.019308,Private,30960.527,HS-grad,8.991554,Married-civ-spouse,Adm-clerical,Wife,White,Female,25.817242,0.11876568,39.967567,United-States,>50K
39.09512,Private,117736.14,Some-college,9.992165,Married-civ-spouse,Sales,Husband,Black,Male,3.3902407,-0.43775287,40.009132,United-States,<=50K
50.969868,Local-gov,193009.98,HS-grad,9.009565,Married-spouse-absent,Handlers-cleaners,Unmarried,White,Male,18.406109,0.07541546,39.992683,United-States,<=50K
32.11043,Private,278123.22,Assoc-voc,11.003795,Married-civ-spouse,Adm-clerical,Husband,White,Male,5.4456606,-0.2560207,40.04364,Italy,<=50K
36.895744,Private,526941.5,Masters,14.021622,Never-married,Prof-specialty,Not-in-family,White,Female,31.29063,-0.34806934,37.961887,United-States,>50K
20.285822,Private,145938.38,HS-grad,8.996831,Married-civ-spouse,Machine-op-inspct,Husband,White,Male,10.017682,-0.2279903,39.975254,United-States,<=50K
40.142197,Self-emp-not-inc,57746.48,Assoc-voc,11.015575,Married-civ-spouse,Exec-managerial,Husband,White,Male,-5.543109,-0.37285724,40.02633,United-States,>50K
43.968666,Private,34080.31,Some-college,9.9940605,Married-civ-spouse,Exec-managerial,Husband,White,Male,-3.0562925,-0.6429683,40.002125,United-States,>50K
53.818787,Private,173440.03,Some-college,10.005725,Never-married,Exec-managerial,Not-in-family,White,Male,19.331158,-0.18312946,39.959435,United-States,>50K
36.894184,Self-emp-not-inc,52885.45,HS-grad,8.995272,Married-civ-spouse,Transport-moving,Husband,White,Male,-5.296527,-0.69538987,75.562584,United-States,<=50K
31.870626,Self-emp-inc,190607.64,Doctorate,16.028616,Never-married,Prof-specialty,Not-in-family,White,Male,7.554059,0.63071334,77.53988,United-States,<=50K
43.940968,Private,132913.97,Masters,14.009233,Never-married,Craft-repair,Unmarried,Black,Female,3.0230532,-0.4865047,39.946693,United-States,<=50K
27.033611,Federal-gov,275695.0,Some-college,10.010799,Married-civ-spouse,Tech-support,Husband,White,Male,-17.323627,-0.58455,40.01278,United-States,>50K
54.844627,State-gov,153022.36,HS-grad,9.010157,Married-civ-spouse,Tech-support,Wife,White,Female,-1.3292418,1886.7397,39.978256,United-States,>50K
65.96639,?,184906.12,7th-8th,4.005972,Married-civ-spouse,?,Husband,White,Male,36.74693,-0.21909443,32.050583,United-States,<=50K
63.075413,Self-emp-not-inc,26828.934,7th-8th,4.009623,Married-civ-spouse,Farming-fishing,Husband,White,Male,7684.83,-0.35886493,59.62574,United-States,>50K
39.12397,?,361596.84,Bachelors,13.003008,Married-civ-spouse,?,Wife,White,Female,8.00987,-0.3456203,5.8657303,United-States,>50K
50.01473,Private,173076.16,HS-grad,9.0001,Married-civ-spouse,Farming-fishing,Husband,White,Male,21.047222,-0.21312061,34.993668,United-States,<=50K
42.853786,Private,71737.484,Prof-school,15.045459,Never-married,Farming-fishing,Not-in-family,White,Female,29.349712,0.30187115,31.954388,United-States,<=50K
58.09567,Private,200227.73,Some-college,10.007555,Divorced,Adm-clerical,Not-in-family,Black,Female,22.967144,-0.21167102,54.973637,United-States,>50K
68.14376,Private,192002.11,Assoc-acdm,12.03421,Divorced,Exec-managerial,Not-in-family,White,Female,8.814557,-0.17454639,42.923206,United-States,<=50K
28.839077,Private,81954.25,HS-grad,8.991445,Married-civ-spouse,Other-service,Wife,White,Female,32.49229,0.17303357,39.9641,United-States,<=50K
33.21533,Private,547201.56,Some-college,9.974553,Married-civ-spouse,Adm-clerical,Husband,Black,Male,-1.9693785,-1.0540553,40.05251,United-States,>50K
31.066105,Private,340395.62,Assoc-acdm,12.004865,Married-civ-spouse,Tech-support,Husband,Black,Male,-11.633929,-0.35807148,45.996086,United-States,<=50K
23.279465,State-gov,81700.13,Assoc-voc,11.030688,Married-civ-spouse,Protective-serv,Husband,White,Male,-4.0216246,-0.054101136,39.99439,United-States,<=50K
39.97484,Private,203900.84,HS-grad,9.009019,Married-spouse-absent,Craft-repair,Not-in-family,White,Male,21.126812,-0.16388813,39.9555,United-States,>50K
41.906338,Private,169379.97,Some-college,10.01765,Never-married,Sales,Not-in-family,White,Male,31.328228,-0.3909618,80.73817,United-States,>50K
30.031284,Private,120537.33,Bachelors,13.010049,Married-civ-spouse,Exec-managerial,Wife,Asian-Pac-Islander,Female,24.714214,-0.47914234,39.91682,Hong,<=50K
41.015656,Private,29385.074,Bachelors,13.01892,Divorced,Exec-managerial,Not-in-family,White,Female,23.68565,0.054663513,45.015884,United-States,>50K
37.973324,Private,102679.266,Bachelors,13.014071,Separated,Prof-specialty,Unmarried,White,Male,20.455181,-0.43937793,39.96641,United-States,<=50K
41.89927,Federal-gov,68942.81,Some-college,10.017847,Divorced,Exec-managerial,Unmarried,Asian-Pac-Islander,Female,9.249372,-0.38524738,40.00674,United-States,<=50K
23.002958,Private,363627.7,10th,6.0241184,Married-civ-spouse,Other-service,Husband,White,Male,37.90098,1576.4653,30.031782,Mexico,<=50K
69.90956,Private,204988.58,10th,5.988737,Married-civ-spouse,Machine-op-inspct,Husband,White,Male,-17.257221,0.11089215,49.933056,United-States,<=50K
33.12344,Private,188640.22,Some-college,10.001346,Married-civ-spouse,Transport-moving,Husband,Black,Male,10.060407,-0.47963062,40.042564,United-States,>50K
30.698776,Federal-gov,488338.94,Some-college,10.020536,Never-married,Tech-support,Not-in-family,White,Male,5.536237,-0.12800708,39.966003,United-States,<=50K
42.069626,Private,121024.695,Assoc-voc,11.005708,Married-civ-spouse,Prof-specialty,Husband,White,Male,0.4988832,-0.12857929,39.991234,United-States,>50K
36.89323,Private,166335.06,Bachelors,13.022186,Divorced,Craft-repair,Not-in-family,White,Male,19.090435,-0.073060185,34.97098,United-States,<=50K
61.006428,Private,387005.3,Some-college,10.018238,Divorced,Craft-repair,Not-in-family,White,Male,17.775982,-0.30175892,39.972244,United-States,<=50K
49.216137,State-gov,269195.44,Doctorate,16.022768,Never-married,Exec-managerial,Not-in-family,White,Female,5.1468325,2265.53,50.06505,United-States,>50K
32.104607,Private,339283.72,HS-grad,8.993031,Married-civ-spouse,Exec-managerial,Husband,Black,Male,8.615827,-0.55984604,45.044037,United-States,<=50K
28.922386,Private,197949.05,HS-grad,8.973608,Married-civ-spouse,Machine-op-inspct,Husband,White,Male,29.443707,0.17209515,39.967026,Puerto-Rico,<=50K
24.38093,Federal-gov,126867.984,Assoc-acdm,12.017972,Married-civ-spouse,Exec-managerial,Wife,White,Female,-16.176655,-0.19632068,40.0088,United-States,<=50K
31.075262,Self-emp-not-inc,282137.8,HS-grad,9.003001,Married-civ-spouse,Exec-managerial,Husband,White,Male,4.702985,-0.51985276,50.050953,United-States,>50K
34.130993,Private,34912.855,Assoc-voc,10.972391,Married-civ-spouse,Craft-repair,Husband,White,Male,35.661724,-1.0420924,39.937237,England,<=50K
49.13872,Private,186685.06,Bachelors,13.013251,Divorced,Sales,Not-in-family,White,Female,24.603619,0.00983319,50.08412,United-States,>50K
26.005537,Private,101594.51,Bachelors,13.0132885,Never-married,Prof-specialty,Own-child,White,Male,10670.993,-0.1776134,64.059525,United-States,>50K
41.97737,Private,66467.45,HS-grad,8.972169,Married-civ-spouse,Craft-repair,Husband,White,Male,20.346539,0.09249768,50.03686,Portugal,<=50K
22.32572,Private,348192.66,Some-college,9.99382,Married-civ-spouse,Adm-clerical,Wife,White,Female,17.106548,-0.46780506,39.99952,United-States,<=50K
65.24817,Self-emp-not-inc,31938.887,Some-college,9.989995,Widowed,Exec-managerial,Unmarried,White,Female,10.525983,-0.119683415,45.04076,United-States,<=50K
23.20806,Private,240300.4,HS-grad,9.004384,Married-civ-spouse,Craft-repair,Husband,White,Male,17.993267,-0.5527965,40.00275,United-States,<=50K
44.887367,Self-emp-not-inc,53765.81,Assoc-voc,11.032494,Married-civ-spouse,Farming-fishing,Husband,White,Male,14.2059145,-0.19358936,50.064835,United-States,>50K
54.045403,Private,179940.19,HS-grad,8.970638,Married-civ-spouse,Machine-op-inspct,Husband,White,Male,28.954937,-0.25411335,39.918823,England,>50K
26.115633,Private,180936.98,Some-college,9.9985895,Married-civ-spouse,Machine-op-inspct,Wife,White,Female,8.850202,0.1197041,39.96443,United-States,<=50K
36.98577,Private,223658.84,Some-college,10.005557,Married-civ-spouse,Transport-moving,Husband,White,Male,5.251569,-0.6107875,40.034103,United-States,<=50K
62.99291,Self-emp-not-inc,159361.5,10th,5.9862866,Married-civ-spouse,Machine-op-inspct,Husband,White,Male,0.9236879,-0.289735,39.951138,United-States,<=50K
40.975094,Private,356331.53,Some-college,10.006458,Married-civ-spouse,Tech-support,Husband,White,Male,-3.3253355,-0.36790577,44.951283,United-States,>50K
42.092274,State-gov,74690.89,Masters,13.998017,Married-civ-spouse,Adm-clerical,Husband,Amer-Indian-Eskimo,Male,-7.9193296,0.30192456,40.01067,United-States,>50K
41.962852,State-gov,40488.215,Masters,14.018012,Married-civ-spouse,Prof-specialty,Wife,White,Female,1.0545473,0.077032894,19.951855,United-States,>50K
28.230093,Self-emp-not-inc,175402.23,Masters,14.006108,Married-civ-spouse,Exec-managerial,Wife,White,Female,-8.40639,-0.25862995,30.023252,United-States,>50K
26.035563,Private,156835.12,Masters,14.023489,Never-married,Prof-specialty,Not-in-family,White,Male,14.279889,0.052504394,54.77816,United-States,>50K
50.011536,Local-gov,50215.074,HS-grad,8.995214,Married-civ-spouse,Exec-managerial,Husband,White,Male,-9.7315855,-0.2455608,41.843094,United-States,>50K
41.08309,Private,421280.7,Some-college,9.987738,Married-civ-spouse,Craft-repair,Husband,Black,Male,-9.866107,-0.5315639,45.0485,United-States,>50K
39.88989,Private,352640.03,10th,5.991419,Married-civ-spouse,Craft-repair,Husband,White,Male,17.734234,-0.32552448,39.9807,United-States,<=50K
36.72793,Private,267672.25,7th-8th,3.9887447,Married-civ-spouse,Craft-repair,Husband,Other,Male,64.03111,-0.40423694,39.968063,United-States,<=50K
51.74345,Self-emp-not-inc,173533.95,10th,5.992687,Married-civ-spouse,Exec-managerial,Husband,White,Male,-4.776019,0.04550824,59.774986,United-States,<=50K
28.871325,Self-emp-not-inc,394416.53,HS-grad,9.008264,Married-civ-spouse,Farming-fishing,Husband,White,Male,23.878033,-0.4904262,40.004704,United-States,<=50K
37.014225,Self-emp-inc,317236.16,HS-grad,9.002661,Married-civ-spouse,Craft-repair,Husband,White,Male,-2.9349546,-0.55416214,40.021584,United-States,<=50K
27.892143,Private,158545.39,12th,8.015249,Married-civ-spouse,Machine-op-inspct,Other-relative,Other,Male,51.353863,0.18511853,39.968315,Ecuador,<=50K
24.239223,Self-emp-not-inc,30665.965,Bachelors,13.021557,Married-civ-spouse,Prof-specialty,Other-relative,White,Female,36.134136,-0.24368396,19.839169,United-States,>50K
30.05199,Private,206019.03,Bachelors,12.997842,Married-civ-spouse,Adm-clerical,Wife,White,Female,27.112408,-0.78459275,39.970196,Mexico,<=50K
37.088844,State-gov,347409.53,Bachelors,12.9981,Married-civ-spouse,Prof-specialty,Husband,White,Male,-4.3199644,-0.5277263,36.016445,United-States,>50K
32.018436,Private,130681.79,HS-grad,8.995878,Married-civ-spouse,Prof-specialty,Husband,White,Male,16.791851,0.015204283,39.98492,United-States,<=50K
32.113663,Private,350118.03,Some-college,10.004246,Married-civ-spouse,Transport-moving,Husband,White,Male,-3.6754332,1491.1774,45.003067,United-States,>50K
51.901955,Self-emp-not-inc,283548.8,HS-grad,8.9936905,Divorced,Exec-managerial,Unmarried,White,Female,-0.28871447,0.903983,98.33868,United-States,>50K
63.01151,?,30894.2,HS-grad,8.991986,Married-civ-spouse,?,Husband,White,Male,-24.54726,1499.8997,39.98924,United-States,>50K
83.47612,Private,27607.027,7th-8th,3.9822788,Married-civ-spouse,Exec-managerial,Husband,White,Male,31.035992,-0.15908161,20.013693,United-States,<=50K
45.972687,Private,357305.6,Some-college,9.993584,Married-civ-spouse,Protective-serv,Husband,Black,Male,-24.103657,-0.4826137,40.024136,United-States,>50K
28.969194,Without-pay,212145.89,Some-college,10.009157,Married-civ-spouse,Farming-fishing,Own-child,White,Male,14.987897,-0.032578614,65.01261,United-States,<=50K
30.776377,Private,187198.48,Assoc-acdm,12.049943,Divorced,Craft-repair,Not-in-family,White,Male,22.924175,-0.122323185,50.01439,United-States,>50K
37.00315,Private,34816.2,Some-college,9.996948,Married-civ-spouse,Craft-repair,Husband,White,Male,0.49985975,-0.64399064,34.974846,United-States,<=50K
39.89415,Private,198680.98,10th,5.9832864,Married-civ-spouse,Exec-managerial,Husband,White,Male,17.7711,-0.6009532,39.976227,United-States,>50K
63.13967,Private,151576.31,HS-grad,8.984878,Married-civ-spouse,Prof-specialty,Wife,White,Female,11.028668,-0.07345691,24.88853,United-States,<=50K
59.037094,Private,263599.6,HS-grad,9.00015,Married-civ-spouse,Transport-moving,Husband,White,Male,2.5867739,-0.49375263,35.00007,United-States,>50K
37.742336,Self-emp-not-inc,105703.25,9th,5.013864,Married-civ-spouse,Transport-moving,Husband,White,Male,36.418804,-0.38695636,44.920464,United-States,>50K
58.03955,Self-emp-not-inc,119975.734,Masters,13.991777,Married-civ-spouse,Machine-op-inspct,Husband,White,Male,-43.407368,0.17465863,34.90214,United-States,>50K
43.83087,?,135164.89,10th,5.9865823,Married-civ-spouse,?,Husband,White,Male,12.915387,-0.123322636,39.964764,United-States,<=50K
45.95643,Private,227688.56,Bachelors,13.014503,Divorced,Sales,Unmarried,White,Male,17.214703,-0.2363216,39.98135,United-States,>50K
72.10822,Self-emp-not-inc,337062.78,5th-6th,3.0205402,Married-civ-spouse,Farming-fishing,Husband,White,Male,49.582134,-0.19208637,39.945335,United-States,<=50K
36.68205,Private,220946.0,5th-6th,3.0463238,Married-civ-spouse,Machine-op-inspct,Husband,White,Male,51.45567,-0.43118396,39.91342,El-Salvador,<=50K
50.94214,Federal-gov,106000.75,Assoc-acdm,12.026388,Married-civ-spouse,Tech-support,Husband,Black,Male,-39.95937,-0.41555133,40.011112,United-States,<=50K
33.147648,Private,217665.52,Bachelors,13.001114,Married-civ-spouse,Sales,Husband,White,Male,21.67442,-0.53329575,80.94221,Columbia,>50K
34.13516,Private,118060.18,Assoc-voc,11.010897,Married-civ-spouse,Other-service,Husband,White,Male,14.837018,-0.025841858,40.006947,United-States,>50K
19.499563,Private,378824.12,HS-grad,8.996236,Married-civ-spouse,Craft-repair,Husband,White,Male,16.097027,-0.3599483,24.965502,United-States,<=50K
33.105503,Self-emp-not-inc,195815.77,HS-grad,9.000054,Married-civ-spouse,Craft-repair,Husband,Black,Male,5.5220766,-0.58796036,40.029198,United-States,<=50K
41.910866,Private,85533.22,Bachelors,13.02284,Divorced,Other-service,Not-in-family,White,Male,28.85191,0.11080822,39.969276,United-States,<=50K
33.009537,Private,221137.42,HS-grad,8.99974,Married-civ-spouse,Craft-repair,Wife,White,Female,17.588482,-0.19654956,39.96922,United-States,>50K
42.987316,Federal-gov,94276.03,Bachelors,13.010893,Divorced,Adm-clerical,Unmarried,White,Female,-5.7176695,-0.45466724,40.01644,United-States,<=50K
27.040934,Self-emp-not-inc,438931.62,HS-grad,9.00844,Married-civ-spouse,Sales,Husband,White,Male,11.807965,-0.23461261,65.01245,United-States,>50K
65.95998,Self-emp-inc,110321.9,7th-8th,3.9787064,Married-civ-spouse,Craft-repair,Husband,White,Male,25.973492,-0.18907276,39.937885,United-States,>50K
49.135914,State-gov,185346.83,Masters,14.008771,Divorced,Prof-specialty,Unmarried,Black,Female,7367.8384,-0.5658504,39.951355,United-States,>50K
26.090527,Private,288316.06,HS-grad,8.990215,Married-civ-spouse,Sales,Husband,Black,Male,22.091656,-0.35659137,36.01857,United-States,<=50K
74.757545,Private,199400.98,Some-college,9.997644,Married-civ-spouse,Exec-managerial,Husband,White,Male,-19.740376,-0.48212543,34.94512,United-States,>50K
33.982796,Private,140849.94,Masters,14.024724,Divorced,Prof-specialty,Own-child,White,Female,22.948345,0.052222107,59.954174,United-States,>50K
35.070152,State-gov,81709.06,Some-college,9.981661,Married-civ-spouse,Exec-managerial,Husband,White,Male,-1.8155699,0.3333653,80.74291,United-States,<=50K
40.886913,Private,68826.61,Some-college,10.009557,Never-married,Craft-repair,Unmarried,White,Male,8.551129,3007.95,59.760044,?,>50K
41.870174,Private,369791.5,10th,6.010819,Married-civ-spouse,Craft-repair,Own-child,Other,Male,41.655865,-0.3742458,42.891212,United-States,>50K
28.897707,Private,194401.66,Doctorate,16.04034,Divorced,Prof-specialty,Not-in-family,White,Female,40.674175,0.30567822,60.02134,United-States,>50K
50.023674,Private,163257.72,HS-grad,8.988883,Married-civ-spouse,Craft-repair,Husband,White,Male,5.524762,-0.55712235,2.8690875,United-States,<=50K
41.002934,Private,179067.19,HS-grad,9.000031,Married-civ-spouse,Transport-moving,Husband,White,Male,11.241315,-0.3008739,35.023335,United-States,<=50K
58.87638,Federal-gov,293107.25,Some-college,10.008229,Married-civ-spouse,Tech-support,Husband,White,Male,-35.594135,-0.61377823,40.008408,United-States,>50K
44.890823,Federal-gov,167975.9,Bachelors,13.010126,Never-married,Adm-clerical,Not-in-family,White,Male,-8.354144,-0.24717823,54.924053,United-States,>50K
35.072414,State-gov,28177.73,Bachelors,13.014057,Never-married,Adm-clerical,Not-in-family,White,Female,4212.775,0.04337964,39.96822,United-States,<=50K
55.955547,Self-emp-not-inc,21255.418,Some-college,9.993585,Married-civ-spouse,Sales,Wife,White,Female,-9.502093,-0.15083423,59.88277,United-States,>50K
60.082844,Self-emp-not-inc,183910.88,HS-grad,8.989523,Married-civ-spouse,Sales,Wife,White,Female,11.673688,-0.2211391,24.898722,United-States,<=50K
53.02365,Self-emp-inc,252320.12,Some-college,9.971167,Divorced,Sales,Not-in-family,White,Male,8698.735,-0.029534485,50.047134,Cuba,>50K
28.032402,Private,84968.3,Some-college,9.99458,Married-civ-spouse,Sales,Wife,White,Female,18.386333,-0.1841518,39.959633,United-States,<=50K
49.922882,Self-emp-not-inc,33501.652,Some-college,10.008303,Married-civ-spouse,Farming-fishing,Husband,White,Male,-6.3080015,-0.30033985,59.827305,United-States,>50K
25.255894,Federal-gov,169415.02,Some-college,10.004051,Married-civ-spouse,Craft-repair,Husband,White,Male,-14.93056,-0.68071854,40.01435,United-States,<=50K
49.1408,Local-gov,191777.52,Masters,14.019333,Never-married,Prof-specialty,Not-in-family,White,Female,4675.533,0.32674298,39.948997,United-States,<=50K
28.026829,State-gov,118764.76,Some-college,10.005552,Married-civ-spouse,Protective-serv,Husband,White,Male,-9.774554,-0.31964222,39.992653,United-States,<=50K
61.10329,?,198594.03,Assoc-acdm,12.014135,Married-civ-spouse,?,Husband,White,Male,-44.18642,0.34794506,2.8298724,United-States,>50K
41.05256,Private,173982.45,HS-grad,8.988491,Married-civ-spouse,Sales,Husband,White,Male,16.267193,-0.18230549,30.02764,United-States,>50K
31.829031,Private,251789.42,Assoc-acdm,12.0182,Never-married,Prof-specialty,Not-in-family,White,Male,27.334087,0.09744915,39.925045,?,<=50K
49.175617,Local-gov,196873.31,Assoc-voc,11.011867,Married-civ-spouse,Craft-repair,Husband,Black,Male,-2.2750425,-0.482896,40.0365,United-States,>50K
32.81796,Private,103712.83,HS-grad,9.023643,Divorced,Protective-serv,Not-in-family,White,Male,19.388775,-0.26704517,69.81939,United-States,<=50K
30.006104,Private,157913.36,Some-college,9.991963,Married-civ-spouse,Prof-specialty,Husband,White,Male,14.307721,-0.2273952,24.950867,United-States,>50K
28.115196,Self-emp-not-inc,200094.48,Some-college,10.002535,Married-civ-spouse,Craft-repair,Husband,White,Male,-0.76332384,-0.83320725,40.027317,United-States,<=50K
58.01072,Private,34974.76,Some-college,9.989954,Married-civ-spouse,Sales,Husband,White,Male,3059.211,-0.32043567,24.94514,United-States,>50K
30.85921,Self-emp-inc,468559.97,Bachelors,13.005514,Never-married,Prof-specialty,Not-in-family,White,Male,13.774762,-0.16690174,44.97628,United-States,>50K
36.07861,State-gov,256643.86,Bachelors,13.000517,Married-civ-spouse,Adm-clerical,Wife,White,Female,5.9940004,-0.42058674,40.02085,United-States,>50K
43.872902,Private,229824.14,Bachelors,13.015703,Never-married,Tech-support,Not-in-family,White,Male,12.442487,-0.08946338,34.931473,United-States,<=50K
53.004066,Private,164368.6,HS-grad,8.998715,Married-civ-spouse,Transport-moving,Husband,Black,Male,10.151227,-0.4163448,40.017914,United-States,>50K
77.13991,Private,270072.8,HS-grad,8.998249,Widowed,Exec-managerial,Not-in-family,White,Female,15.332379,-0.22520557,39.94155,United-States,>50K
53.043636,?,134315.7,Bachelors,13.013489,Divorced,?,Not-in-family,White,Female,14.46568,0.13599285,50.138557,United-States,<=50K
30.999434,Self-emp-not-inc,370340.22,Assoc-acdm,12.015726,Married-civ-spouse,Craft-repair,Not-in-family,White,Male,-3.6087828,-0.30542865,50.05076,United-States,>50K
44.883278,State-gov,80658.83,Some-college,10.009377,Married-civ-spouse,Adm-clerical,Wife,Asian-Pac-Islander,Female,20.539898,-0.21917835,39.997967,United-States,>50K
33.040127,Private,122015.91,Assoc-voc,11.018957,Married-civ-spouse,Craft-repair,Husband,Asian-Pac-Islander,Male,-1.2664976,0.41014752,39.98077,India,>50K
46.05502,Private,225590.53,Bachelors,13.00298,Married-civ-spouse,Sales,Wife,White,Female,10.067975,-0.32435718,15.934212,United-States,>50K
41.90881,Self-emp-inc,143541.47,Some-college,10.018064,Never-married,Sales,Not-in-family,White,Male,25.88438,-0.09822193,59.890312,United-States,<=50K
39.90686,Self-emp-not-inc,277255.88,HS-grad,9.015277,Divorced,Transport-moving,Not-in-family,White,Male,21.37437,-0.30906025,84.58018,United-States,<=50K
36.00191,Private,348595.7,Assoc-acdm,11.982099,Married-civ-spouse,Prof-specialty,Wife,White,Female,4.439557,-0.46095386,30.967508,United-States,>50K
50.85619,Private,103819.805,5th-6th,3.015882,Married-civ-spouse,Machine-op-inspct,Husband,White,Male,38.00474,-0.5386745,43.783913,United-States,>50K
23.37293,Private,380350.6,Some-college,9.9949465,Married-civ-spouse,Adm-clerical,Husband,White,Male,6.234967,-0.6389934,40.044365,United-States,>50K
32.972027,Local-gov,216539.5,Bachelors,13.0059595,Never-married,Adm-clerical,Not-in-family,Black,Male,19.266949,-0.044999268,39.998802,United-States,<=50K
64.17557,Private,256059.4,HS-grad,9.017666,Married-civ-spouse,Tech-support,Husband,Asian-Pac-Islander,Male,4.8641176,0.029051635,59.90108,Philippines,>50K
52.814507,Private,162198.92,9th,5.00188,Married-civ-spouse,Handlers-cleaners,Husband,White,Male,39.827007,-0.3572475,40.69151,United-States,>50K
67.97693,Private,32929.84,HS-grad,8.996181,Married-civ-spouse,Transport-moving,Husband,White,Male,-15.375384,450.24243,12.173264,United-States,<=50K
52.958454,Private,346875.12,9th,5.0077205,Married-civ-spouse,Machine-op-inspct,Husband,Black,Male,15.846784,0.027090881,39.925972,United-States,<=50K
56.098938,Self-emp-inc,74143.27,HS-grad,8.980936,Married-civ-spouse,Exec-managerial,Other-relative,Asian-Pac-Islander,Female,32.504498,0.21957287,20.792564,China,<=50K
41.926064,Private,210494.77,Masters,14.021211,Never-married,Exec-managerial,Not-in-family,White,Male,-3.7772398,0.31471905,44.959896,United-States,>50K
56.963207,Private,221543.47,12th,7.9950156,Married-civ-spouse,Transport-moving,Husband,White,Male,11.51695,-0.44207874,40.01806,United-States,>50K
36.873928,Private,116117.16,HS-grad,8.999181,Married-civ-spouse,Tech-support,Husband,White,Male,-2.8531675,-1.0800945,80.74828,United-States,>50K
26.03903,Private,463061.62,HS-grad,9.001106,Married-civ-spouse,Craft-repair,Husband,White,Male,14.044538,-0.49341694,40.01599,United-States,<=50K
21.984943,Private,53059.34,HS-grad,9.012769,Never-married,Other-service,Not-in-family,White,Male,14135.082,0.04170117,59.816463,United-States,>50K
53.037495,Local-gov,103007.2,Bachelors,13.011016,Divorced,Prof-specialty,Not-in-family,White,Female,7.439069,1871.2521,53.802086,United-States,<=50K
36.113274,Self-emp-not-inc,60645.223,Bachelors,13.001901,Married-civ-spouse,Sales,Husband,White,Male,-2.4344664,-0.43735614,40.024857,United-States,>50K
28.88801,Private,270473.3,Bachelors,13.012334,Never-married,Prof-specialty,Not-in-family,White,Male,4701.9814,0.19975933,39.967426,United-States,<=50K
38.014183,Self-emp-not-inc,127496.08,Some-college,10.002362,Married-civ-spouse,Machine-op-inspct,Husband,White,Male,-5.4915953,-0.24601093,44.960777,United-States,>50K
50.026745,Private,139340.1,Some-college,10.004903,Divorced,Adm-clerical,Unmarried,White,Female,3536.547,-0.39820972,38.008816,United-States,<=50K
60.1102,Self-emp-inc,95946.92,HS-grad,8.99063,Married-civ-spouse,Adm-clerical,Wife,White,Female,0.7188539,0.0014484853,7.8560905,United-States,>50K
51.02711,Private,193389.3,Some-college,9.989709,Married-civ-spouse,Exec-managerial,Wife,White,Female,0.90781873,-0.4213802,29.99612,United-States,>50K
50.110016,Private,139534.61,Bachelors,13.007063,Divorced,Prof-specialty,Unmarried,White,Female,15.616803,-0.1312801,35.99183,Ireland,<=50K
26.96759,Private,428282.94,Bachelors,13.009278,Never-married,Prof-specialty,Not-in-family,White,Male,19.119488,-0.25732532,54.811787,United-States,<=50K
40.91602,Self-emp-not-inc,111191.11,HS-grad,9.003633,Married-civ-spouse,Farming-fishing,Husband,White,Male,10.577741,-0.17349353,38.049263,United-States,<=50K
51.048286,Private,306163.6,Doctorate,16.042257,Never-married,Prof-specialty,Not-in-family,White,Male,21.027447,0.34098706,39.940166,United-States,>50K
34.13103,Private,35954.26,Assoc-voc,11.029044,Married-civ-spouse,Tech-support,Husband,White,Male,1.036725,0.13505444,39.986828,United-States,<=50K
41.007385,State-gov,26368.902,Bachelors,13.020509,Never-married,Adm-clerical,Not-in-family,White,Male,5.6417055,0.123404354,39.962116,United-States,<=50K
48.078888,Local-gov,185752.58,Assoc-acdm,12.023923,Married-civ-spouse,Protective-serv,Husband,White,Male,-33.250874,-0.10967365,40.002785,United-States,>50K
43.915623,Private,380348.94,Assoc-acdm,12.022913,Married-civ-spouse,Farming-fishing,Husband,White,Male,2.97569,-0.11191669,59.931923,United-States,>50K
60.030025,?,112282.85,Some-college,9.989993,Married-civ-spouse,?,Husband,White,Male,-17.024311,-0.3479778,34.973812,United-States,>50K
35.107983,Self-emp-inc,184905.16,Bachelors,13.006064,Never-married,Exec-managerial,Not-in-family,White,Female,18.191998,-0.39343372,60.045258,United-States,>50K
28.878115,Private,51444.34,HS-grad,8.989923,Married-civ-spouse,Other-service,Wife,White,Female,4525.904,0.25959668,39.96392,United-States,>50K
35.965332,Private,167841.56,HS-grad,8.982267,Married-civ-spouse,Craft-repair,Husband,White,Male,22.900982,-0.35826984,39.975277,Puerto-Rico,<=50K
42.00732,Private,297396.62,Assoc-acdm,11.991093,Married-spouse-absent,Exec-managerial,Unmarried,Asian-Pac-Islander,Female,8.716413,-0.30843464,30.945202,Laos,<=50K
59.962376,Self-emp-inc,89422.836,11th,6.9815907,Married-civ-spouse,Transport-moving,Husband,White,Male,11.027936,-0.06871143,39.994034,United-States,>50K
28.883793,Federal-gov,228031.53,Bachelors,13.0124235,Never-married,Prof-specialty,Not-in-family,White,Male,-3.0228453,0.11498913,47.957657,United-States,<=50K
28.978552,Self-emp-inc,261115.58,HS-grad,8.994259,Married-civ-spouse,Sales,Wife,White,Female,17.823101,1977.777,24.95638,United-States,>50K
24.150284,?,152011.88,HS-grad,8.993347,Married-civ-spouse,?,Wife,White,Female,25.373638,0.18668255,39.968563,United-States,<=50K
34.013493,Private,109363.25,Bachelors,13.014497,Never-married,Exec-managerial,Not-in-family,Asian-Pac-Islander,Female,42.89732,-0.13034168,39.97548,Philippines,<=50K
29.814337,Private,108571.27,10th,6.007061,Married-civ-spouse,Transport-moving,Husband,White,Male,27.375347,-0.107972294,54.745445,United-States,<=50K
30.540901,Private,188223.84,HS-grad,9.01684,Never-married,Farming-fishing,Not-in-family,White,Male,47.182476,2008.1948,39.94875,United-States,<=50K
42.963,State-gov,165321.48,HS-grad,9.003578,Married-civ-spouse,Protective-serv,Husband,White,Male,-8.352191,-0.31580463,39.98241,United-States,<=50K
30.056383,Private,54877.652,Assoc-acdm,12.016744,Married-civ-spouse,Prof-specialty,Husband,White,Male,-3.9420347,-0.08033863,39.99394,United-States,<=50K
39.00596,Private,113398.87,Bachelors,13.020408,Divorced,Exec-managerial,Not-in-family,White,Male,19.51646,-0.11459461,44.980026,United-States,>50K
66.23173,Private,64733.52,HS-grad,8.972659,Widowed,Priv-house-serv,Not-in-family,White,Female,64.02928,-1.1869823,50.010674,England,<=50K
24.270891,Federal-gov,202112.52,Bachelors,13.008375,Never-married,Exec-managerial,Not-in-family,White,Female,2036.7344,-0.13363758,39.98906,United-States,<=50K
35.929188,Private,416106.22,Assoc-acdm,12.023722,Divorced,Exec-managerial,Not-in-family,White,Male,18.359966,-0.11811939,47.945663,United-States,<=50K
29.767292,Local-gov,82147.484,HS-grad,8.993313,Married-civ-spouse,Other-service,Husband,Black,Male,21.071392,-0.27381244,40.005936,United-States,<=50K
59.123108,Self-emp-inc,166446.39,Bachelors,12.999353,Married-civ-spouse,Prof-specialty,Husband,White,Male,-23.656635,-0.3309795,19.92989,United-States,>50K
29.913359,Private,301660.3,Bachelors,12.997068,Married-civ-spouse,Sales,Husband,Asian-Pac-Islander,Male,2.2464418,0.38902935,39.998608,India,<=50K
58.091324,Local-gov,293302.97,Some-college,9.9882765,Married-civ-spouse,Adm-clerical,Wife,Black,Female,-4.1742125,-0.5253917,54.954338,United-States,<=50K
32.14368,Self-emp-not-inc,129144.21,Some-college,10.0025625,Married-civ-spouse,Craft-repair,Husband,White,Male,-10.752582,-0.20189014,54.833843,United-States,>50K
27.83803,Local-gov,98935.37,Bachelors,13.021184,Divorced,Prof-specialty,Not-in-family,White,Male,32.08482,-0.011796144,39.965763,United-States,<=50K
28.650478,Private,86086.48,HS-grad,9.006136,Divorced,Other-service,Not-in-family,White,Male,10614.919,0.24347576,39.965504,United-States,>50K
37.058735,Private,323862.94,Bachelors,12.999676,Married-civ-spouse,Handlers-cleaners,Husband,White,Male,3.8377504,-0.55154526,40.036415,United-States,<=50K
29.967802,Private,151530.39,Some-college,9.998081,Married-civ-spouse,Machine-op-inspct,Husband,White,Male,-1.6678648,-0.042504456,39.989838,United-States,>50K
28.70965,Private,176239.22,Assoc-voc,11.042179,Divorced,Tech-support,Not-in-family,White,Female,2159.9358,0.41413006,44.971035,United-States,<=50K
38.919613,Self-emp-not-inc,29120.605,Some-college,10.012091,Separated,Craft-repair,Not-in-family,White,Male,24.96104,-0.14034382,59.88148,United-States,>50K
41.101536,Private,595644.7,Some-college,9.966503,Married-civ-spouse,Adm-clerical,Wife,Black,Female,14.548688,-1.4844753,39.987885,United-States,>50K
53.90566,Private,228100.86,HS-grad,8.995557,Married-civ-spouse,Craft-repair,Husband,Black,Male,1.2288637,-0.4644176,40.01068,United-States,>50K
33.107533,Local-gov,29639.402,Assoc-voc,11.028173,Married-civ-spouse,Craft-repair,Husband,White,Male,1.7208071,-0.15419117,40.007584,United-States,<=50K
31.86846,Private,29534.637,Some-college,10.011907,Divorced,Adm-clerical,Other-relative,White,Female,4874.558,-0.09764972,39.969334,United-States,<=50K
28.092766,Private,38904.324,Some-college,9.99829,Married-civ-spouse,Craft-repair,Husband,White,Male,16.96983,-0.36393085,50.057053,Germany,>50K
43.996494,?,109416.555,Bachelors,13.005095,Married-civ-spouse,?,Wife,White,Female,-1.7650328,-0.15442005,15.970747,United-States,>50K
34.131992,Private,386625.5,HS-grad,8.991112,Married-civ-spouse,Machine-op-inspct,Husband,Black,Male,0.99741834,-0.21141925,39.993664,United-States,<=50K
65.138794,?,36278.09,HS-grad,8.990246,Married-civ-spouse,?,Husband,White,Male,-10.173236,-0.142625,39.974884,United-States,>50K
36.937122,Federal-gov,143552.11,Bachelors,13.010959,Never-married,Prof-specialty,Not-in-family,White,Female,1.2974672,0.14227948,39.96895,United-States,<=50K
29.75428,Private,93844.4,HS-grad,8.963305,Married-civ-spouse,Machine-op-inspct,Husband,Asian-Pac-Islander,Male,38.870953,0.17513928,39.99504,Vietnam,>50K
54.900085,Private,28230.824,Some-college,9.989509,Married-civ-spouse,Other-service,Husband,White,Male,-9.627582,1984.1019,34.99642,United-States,>50K
68.20637,Federal-gov,231348.84,Some-college,10.012708,Divorced,Adm-clerical,Other-relative,Black,Female,2226.0715,-0.30314746,39.99521,United-States,<=50K
75.879974,Self-emp-not-inc,130230.53,Some-college,10.002331,Married-civ-spouse,Other-service,Wife,White,Female,9.514264,-0.45981708,11.977877,United-States,<=50K
41.943832,Private,136063.72,HS-grad,9.003655,Never-married,Exec-managerial,Not-in-family,Black,Male,27.026226,-0.048699524,54.891388,United-States,<=50K
69.8382,Private,281296.94,HS-grad,9.005557,Married-civ-spouse,Handlers-cleaners,Husband,White,Male,-7.2489195,2181.1047,40.009052,United-States,>50K
44.931362,Private,140517.19,Doctorate,16.046425,Divorced,Prof-specialty,Not-in-family,White,Male,22.949322,0.41151318,45.01982,United-States,>50K
21.323454,Private,123221.31,Some-college,10.002533,Married-civ-spouse,Sales,Husband,White,Male,18.712505,-0.2611629,40.001484,United-States,<=50K
29.83578,Local-gov,318913.94,HS-grad,9.007279,Married-civ-spouse,Protective-serv,Husband,White,Male,-3.310687,-0.33979145,40.006134,United-States,>50K
39.1014,Private,175757.56,HS-grad,9.003396,Married-civ-spouse,Transport-moving,Husband,Black,Male,5.313092,1884.795,40.043957,United-States,>50K
31.919323,Private,122057.49,HS-grad,9.013087,Married-civ-spouse,Farming-fishing,Husband,White,Male,18.468365,-0.67376053,64.97581,United-States,<=50K
37.90648,Local-gov,93248.93,HS-grad,9.003958,Married-civ-spouse,Handlers-cleaners,Wife,White,Female,3206.3542,0.032942627,50.02032,United-States,>50K
63.13727,Private,111471.77,Some-college,9.993039,Married-civ-spouse,Prof-specialty,Husband,White,Male,-0.4698668,-0.5582591,16.021948,United-States,<=50K
24.978857,?,169699.77,Bachelors,13.019855,Never-married,?,Not-in-family,Asian-Pac-Islander,Male,35.9669,0.8732594,28.09446,Taiwan,<=50K
40.104656,Private,96225.49,Some-college,9.978935,Married-civ-spouse,Prof-specialty,Husband,Amer-Indian-Eskimo,Male,15.037702,0.09872326,39.989933,United-States,>50K
20.408077,Private,516505.03,HS-grad,9.000004,Married-civ-spouse,Craft-repair,Husband,White,Male,13.325055,-0.5008327,40.016792,United-States,<=50K
36.06352,Local-gov,403268.75,Some-college,9.988736,Married-civ-spouse,Prof-specialty,Husband,Black,Male,4.2493715,-0.6522685,40.034306,United-States,>50K
29.868546,Self-emp-inc,173693.12,Some-college,9.996131,Married-civ-spouse,Exec-managerial,Husband,Asian-Pac-Islander,Male,-12.46889,1899.4159,40.044865,South,>50K
39.053936,Private,345453.44,HS-grad,8.996154,Married-civ-spouse,Sales,Husband,White,Male,12.694928,-0.3133556,40.00009,United-States,>50K
45.85845,Private,359427.62,Some-college,10.01196,Divorced,Craft-repair,Unmarried,White,Male,17.626324,-0.2796413,40.002438,United-States,>50K
53.185196,Self-emp-not-inc,169879.39,Bachelors,12.990425,Married-civ-spouse,Exec-managerial,Husband,White,Male,-7.2037535,-0.3942043,40.04132,Hungary,>50K
45.85421,Private,101371.26,HS-grad,9.005786,Married-civ-spouse,Handlers-cleaners,Husband,White,Male,14.678815,-0.36847797,55.9132,United-States,>50K
28.550362,Private,116793.83,7th-8th,4.008945,Married-civ-spouse,Craft-repair,Husband,White,Male,54.37437,0.44346508,39.918797,Portugal,>50K
42.03527,Self-emp-not-inc,125549.66,Bachelors,13.012001,Divorced,Exec-managerial,Not-in-family,Other,Male,1.3523989,0.5671834,30.081345,Iran,<=50K
47.023975,Private,176024.33,HS-grad,9.000019,Widowed,Exec-managerial,Not-in-family,White,Female,20.718365,2453.709,50.02531,United-States,>50K
34.300327,Self-emp-not-inc,213356.56,Doctorate,16.0254,Married-civ-spouse,Prof-specialty,Husband,White,Male,-5.718402,0.23836407,32.007954,Canada,>50K
61.08749,Self-emp-not-inc,185189.4,HS-grad,8.988844,Married-civ-spouse,Exec-managerial,Husband,White,Male,-15.717181,-0.2679836,30.052097,United-States,>50K
44.02454,Private,33374.06,HS-grad,8.967733,Married-civ-spouse,Exec-managerial,Husband,Amer-Indian-Eskimo,Male,12.710797,0.11512646,39.99499,United-States,<=50K
56.89901,Private,161393.58,HS-grad,9.007225,Married-spouse-absent,Craft-repair,Not-in-family,White,Male,4618.4253,-0.07712665,39.946354,United-States,<=50K
29.72648,Private,76022.125,HS-grad,8.998199,Married-civ-spouse,Sales,Other-relative,Asian-Pac-Islander,Female,60.128765,0.19776806,39.97098,United-States,<=50K
55.843426,State-gov,133367.56,Some-college,9.994384,Married-civ-spouse,Exec-managerial,Husband,White,Male,-11.89931,-0.5593349,34.991837,United-States,>50K
44.018555,Private,162451.0,Some-college,9.996119,Married-civ-spouse,Adm-clerical,Wife,White,Female,3.5462465,2422.5789,6.116081,United-States,>50K
58.98178,Private,218324.7,9th,5.0054708,Married-civ-spouse,Craft-repair,Husband,White,Male,22.68272,-0.20259967,49.941814,United-States,<=50K
50.059933,State-gov,172405.9,HS-grad,8.984377,Married-civ-spouse,Transport-moving,Husband,White,Male,25.687359,-0.3351604,40.000515,Puerto-Rico,<=50K
41.926987,Private,448060.72,Bachelors,13.0071745,Never-married,Sales,Not-in-family,White,Male,17.670269,-0.11785999,39.966396,United-States,>50K
44.973007,Self-emp-not-inc,390490.2,HS-grad,8.996937,Married-civ-spouse,Prof-specialty,Husband,White,Male,3.5640688,-0.45950428,40.016956,United-States,>50K
49.085136,Private,289657.75,Some-college,9.999983,Separated,Sales,Not-in-family,White,Male,28.775494,-0.25175586,50.0257,United-States,<=50K
53.883423,Private,231072.4,Assoc-acdm,12.025324,Divorced,Sales,Not-in-family,White,Male,17.846539,0.016318176,32.02899,United-States,<=50K
22.990131,Private,115246.53,10th,5.989388,Married-civ-spouse,Exec-managerial,Wife,White,Female,31.340923,0.0065906974,39.942146,United-States,<=50K
43.059864,Private,193086.34,HS-grad,8.994729,Married-civ-spouse,Exec-managerial,Husband,White,Male,5.0726137,-0.47985187,40.006107,United-States,>50K
31.978836,Private,168330.06,HS-grad,9.003319,Married-civ-spouse,Other-service,Husband,White,Male,27.672466,-0.2226421,53.784985,United-States,<=50K
38.708374,Private,82644.38,5th-6th,3.0390196,Married-civ-spouse,Other-service,Husband,Asian-Pac-Islander,Male,77.48863,-0.44600025,39.96711,Philippines,<=50K
64.02638,Federal-gov,270230.12,Some-college,10.004526,Married-civ-spouse,Transport-moving,Husband,White,Male,-32.405415,-0.44608417,40.03894,United-States,>50K
37.01174,Local-gov,217172.27,Some-college,9.971208,Married-civ-spouse,Other-service,Husband,Amer-Indian-Eskimo,Male,22.78355,-0.44486347,32.11776,United-States,<=50K
35.982708,Private,130790.11,Bachelors,13.00517,Married-civ-spouse,Prof-specialty,Wife,Asian-Pac-Islander,Female,24.918316,-0.43837848,34.944286,Philippines,>50K
53.823364,State-gov,138158.28,HS-grad,8.997119,Married-civ-spouse,Prof-specialty,Husband,White,Male,10.873883,-0.21195331,39.983932,United-States,<=50K
71.66883,Federal-gov,217000.81,HS-grad,9.0015745,Married-civ-spouse,Adm-clerical,Husband,White,Male,-33.998676,-0.6914073,40.000587,United-States,>50K
36.976044,Private,233851.5,Some-college,9.990196,Married-civ-spouse,Sales,Husband,White,Male,17.869,-0.55231583,50.067764,Germany,>50K
61.04156,Federal-gov,61205.965,Some-college,9.995267,Married-civ-spouse,Adm-clerical,Wife,White,Female,-23.654682,-0.326234,30.055828,United-States,<=50K
30.996603,Private,1063298.2,Bachelors,12.989395,Never-married,Adm-clerical,Not-in-family,White,Male,8855.366,-2.5257657,39.996456,United-States,>50K
51.15414,Private,199911.64,HS-grad,8.980031,Married-civ-spouse,Other-service,Other-relative,Black,Female,78.25597,-0.6904994,39.981438,Jamaica,<=50K
42.995823,State-gov,222798.23,Doctorate,16.04395,Separated,Prof-specialty,Unmarried,White,Female,43.72398,-0.11103931,39.953693,United-States,>50K
46.037323,Local-gov,160624.44,Masters,14.0062895,Widowed,Exec-managerial,Unmarried,Black,Female,6.6507387,-0.6771709,34.963917,United-States,<=50K
71.9665,Self-emp-not-inc,258114.6,HS-grad,9.00889,Married-civ-spouse,Farming-fishing,Husband,White,Male,4.558942,-0.58452713,39.982872,United-States,<=50K
50.076305,State-gov,241772.52,Bachelors,13.01775,Divorced,Exec-managerial,Not-in-family,White,Female,16.061382,-0.048951294,39.986275,United-States,<=50K
60.075798,Private,163299.22,Some-college,9.98545,Married-civ-spouse,Exec-managerial,Husband,White,Male,-6.1932554,-0.12931934,2.8565218,United-States,<=50K
47.066906,Self-emp-inc,483888.03,HS-grad,8.9850235,Married-civ-spouse,Exec-managerial,Husband,White,Male,2802.4016,-0.6500484,32.0649,United-States,<=50K
35.765125,Self-emp-not-inc,206732.11,10th,6.0228624,Married-civ-spouse,Farming-fishing,Husband,White,Male,24.380718,-0.13617054,59.765205,United-States,<=50K
34.08915,Self-emp-not-inc,113900.64,HS-grad,8.998428,Married-civ-spouse,Prof-specialty,Husband,White,Male,17.274517,-0.29135242,39.997375,United-States,>50K
47.088596,Private,88329.92,HS-grad,8.98049,Married-civ-spouse,Transport-moving,Husband,Amer-Indian-Eskimo,Male,21.10313,-0.014016298,39.996628,United-States,>50K
45.971973,Private,185550.72,Prof-school,15.02726,Never-married,Exec-managerial,Not-in-family,White,Male,-7.201312,0.041128967,50.06179,United-States,>50K
25.985022,Private,155019.27,Bachelors,13.016958,Never-married,Prof-specialty,Not-in-family,White,Male,23.116558,0.2793568,47.93723,United-States,<=50K
28.774681,Private,188184.22,HS-grad,9.008557,Never-married,Exec-managerial,Not-in-family,White,Male,2129.9412,0.03354535,49.96197,United-States,<=50K
32.06932,Self-emp-inc,45731.777,HS-grad,8.996895,Married-civ-spouse,Exec-managerial,Husband,White,Male,-6.1134214,-0.2940227,44.976757,United-States,<=50K
39.942482,Self-emp-not-inc,43303.434,HS-grad,9.0116625,Divorced,Craft-repair,Not-in-family,White,Male,22.098003,0.14173779,44.982456,Canada,<=50K
32.072784,Private,198424.28,Some-college,9.989229,Married-civ-spouse,Adm-clerical,Wife,Other,Female,30.811382,1738.3497,40.002037,?,<=50K
40.877964,Private,196762.33,10th,6.0000334,Married-civ-spouse,Transport-moving,Husband,Black,Male,24.543316,-0.2121822,39.999546,United-States,>50K
41.018578,Self-emp-inc,163315.45,Prof-school,15.010226,Never-married,Prof-specialty,Not-in-family,White,Female,2.7405825,-0.09668079,60.04962,United-States,>50K
42.025112,Private,219845.83,Some-college,9.996583,Married-civ-spouse,Craft-repair,Husband,White,Male,-2.7970152,-0.6984035,32.0452,United-States,<=50K
38.83911,Self-emp-not-inc,151589.16,10th,5.9852166,Married-civ-spouse,Craft-repair,Husband,White,Male,9.562116,-0.4536449,39.9767,United-States,<=50K
35.026665,?,327028.84,Assoc-acdm,12.016134,Never-married,?,Not-in-family,White,Male,10.090924,0.077147335,54.87512,United-States,<=50K
28.15233,Private,124453.44,Some-college,9.987852,Married-civ-spouse,Exec-managerial,Husband,Amer-Indian-Eskimo,Male,13.098493,-0.24965015,54.945423,United-States,<=50K
63.01459,Private,218225.5,7th-8th,3.9746132,Married-civ-spouse,Craft-repair,Husband,White,Male,3606.1287,-0.34184375,44.868164,United-States,<=50K
36.88227,Private,269381.53,Assoc-voc,11.011277,Divorced,Prof-specialty,Not-in-family,White,Female,8712.438,0.124029964,45.018143,United-States,>50K
36.88158,Private,200159.2,Some-college,10.006948,Widowed,Craft-repair,Unmarried,White,Male,24.601177,-0.24424854,39.99526,United-States,<=50K
28.8504,Private,203100.39,Bachelors,13.017764,Divorced,Prof-specialty,Not-in-family,White,Male,25.717632,0.18767437,51.935974,United-States,<=50K
32.896755,Self-emp-not-inc,116591.52,Assoc-acdm,12.04292,Divorced,Sales,Not-in-family,White,Male,24.061382,-0.030648377,59.93892,United-States,<=50K
28.06995,Private,687717.4,Bachelors,13.002063,Never-married,Exec-managerial,Not-in-family,Black,Male,21.156109,-1.2942973,48.022594,United-States,<=50K
29.776672,Private,34110.12,11th,6.9765,Married-civ-spouse,Handlers-cleaners,Husband,White,Male,34.552593,-0.28703418,49.952293,United-States,<=50K
30.750229,Private,126315.55,11th,6.98977,Married-civ-spouse,Farming-fishing,Husband,White,Male,35.8607,-0.27412525,54.755222,United-States,>50K
45.947792,Self-emp-not-inc,204111.98,Bachelors,13.009533,Married-civ-spouse,Tech-support,Husband,White,Male,-23.461811,-0.725381,40.024982,United-States,>50K
28.136925,Private,378268.38,Some-college,9.983605,Married-civ-spouse,Sales,Wife,White,Female,4233.065,-0.5421382,24.857227,United-States,<=50K
55.86222,Self-emp-not-inc,177022.84,Some-college,10.004091,Married-civ-spouse,Protective-serv,Husband,White,Male,-23.057758,-0.36154285,50.060204,United-States,>50K
33.014137,Self-emp-not-inc,280097.75,HS-grad,8.979235,Married-civ-spouse,Farming-fishing,Husband,White,Male,25.374859,0.6323079,94.324066,United-States,<=50K
52.909664,Private,29500.277,HS-grad,9.007329,Divorced,Machine-op-inspct,Not-in-family,White,Male,17.040874,0.14901623,49.980606,United-States,<=50K
39.055046,Federal-gov,71809.56,Some-college,10.003279,Married-civ-spouse,Adm-clerical,Husband,Asian-Pac-Islander,Male,-26.445698,-0.23848072,40.00997,United-States,>50K
49.151043,?,228248.9,Some-college,9.987449,Married-civ-spouse,?,Husband,White,Male,-20.107807,-0.06780353,19.987555,United-States,>50K
44.9705,Private,327364.0,Prof-school,15.028142,Never-married,Prof-specialty,Not-in-family,White,Male,4.99693,0.07220349,39.956375,United-States,>50K
30.91419,Private,137812.86,Some-college,9.969422,Married-civ-spouse,Other-service,Husband,Other,Male,42.249615,-0.21195331,39.999775,Puerto-Rico,<=50K
42.99152,Private,209947.9,Bachelors,13.01175,Divorced,Exec-managerial,Not-in-family,Black,Female,24.16026,-0.23986927,39.97869,United-States,>50K
63.104053,Self-emp-not-inc,30105.105,7th-8th,4.0027,Married-civ-spouse,Farming-fishing,Husband,White,Male,44.57017,-0.06408039,69.70857,United-States,>50K
29.860645,Private,622263.3,Some-college,9.981376,Married-civ-spouse,Other-service,Wife,White,Female,33.589703,-0.64996445,5.877556,United-States,<=50K
72.739174,Private,139177.4,11th,6.9883003,Married-civ-spouse,Machine-op-inspct,Husband,White,Male,-4.6947203,-0.011063722,39.944275,United-States,<=50K
34.01062,Private,345521.62,Bachelors,13.007628,Never-married,Other-service,Not-in-family,White,Male,30.610455,-0.09906879,39.98322,El-Salvador,<=50K
38.038292,Private,164306.14,Some-college,10.000569,Married-civ-spouse,Protective-serv,Husband,Black,Male,-13.571918,-0.3948299,40.01737,United-States,>50K
53.7646,Self-emp-inc,172430.0,Some-college,10.002183,Married-civ-spouse,Transport-moving,Husband,White,Male,-12.393207,-0.5594264,40.035294,United-States,>50K
55.908478,Private,169684.23,HS-grad,9.015099,Divorced,Protective-serv,Own-child,White,Male,4213.6484,-0.027375367,38.047646,United-States,<=50K
25.227108,Private,210620.56,Some-college,9.998463,Married-civ-spouse,Exec-managerial,Husband,White,Male,6.873151,-0.660081,40.026897,United-States,<=50K
32.991203,Private,116797.54,HS-grad,8.992068,Married-civ-spouse,Machine-op-inspct,Wife,White,Female,14.880231,0.35843548,45.989323,United-States,>50K
41.816525,Private,255678.97,7th-8th,4.000003,Married-civ-spouse,Adm-clerical,Husband,White,Male,58.40318,0.067572445,39.931366,Mexico,<=50K
50.043575,Private,31136.996,Assoc-voc,11.020085,Married-civ-spouse,Transport-moving,Husband,White,Male,-5.1949644,-0.21289173,45.037357,United-States,<=50K
37.96848,Self-emp-inc,187432.83,HS-grad,8.978717,Married-civ-spouse,Other-service,Wife,White,Female,37.319683,-0.04181781,19.834318,Poland,<=50K
32.965313,Private,157255.17,Masters,14.024409,Never-married,Sales,Not-in-family,White,Female,27.362896,0.4240788,39.93711,United-States,<=50K
25.053776,Self-emp-not-inc,112832.66,HS-grad,9.012603,Married-civ-spouse,Farming-fishing,Husband,White,Male,17.138287,-0.80247605,64.88128,United-States,<=50K
35.18962,Local-gov,297333.3,Some-college,10.001367,Married-civ-spouse,Transport-moving,Husband,Black,Male,3.1399965,-0.52314866,40.059925,United-States,>50K
24.517305,Private,351528.72,7th-8th,4.007294,Married-civ-spouse,Farming-fishing,Husband,White,Male,72.19835,-0.15313831,49.89194,United-States,>50K
51.9611,State-gov,333565.28,Assoc-acdm,12.003518,Married-civ-spouse,Sales,Husband,White,Male,-12.194964,-0.38911548,40.022434,United-States,>50K
29.523401,Self-emp-not-inc,257566.56,Some-college,10.01363,Never-married,Sales,Other-relative,Asian-Pac-Islander,Male,64.26134,2268.6543,40.003498,South,<=50K
48.10387,Local-gov,187273.33,Masters,14.005652,Divorced,Prof-specialty,Unmarried,White,Female,-3.0301695,-0.020386841,80.56008,United-States,<=50K
44.941887,Self-emp-not-inc,133109.3,HS-grad,8.998624,Married-civ-spouse,Sales,Husband,Asian-Pac-Islander,Male,33.751812,0.2560719,50.08051,South,>50K
32.88249,Private,171601.84,HS-grad,9.005825,Never-married,Adm-clerical,Not-in-family,White,Female,32.139507,1598.6925,49.988113,United-States,<=50K
39.12843,Local-gov,281861.9,Assoc-voc,11.019958,Married-civ-spouse,Protective-serv,Husband,White,Male,-13.798968,-0.07391468,40.022556,United-States,>50K
34.004555,Private,181682.27,Assoc-acdm,12.029251,Divorced,Adm-clerical,Not-in-family,Black,Male,19.884869,0.053358886,39.989185,United-States,<=50K
54.938766,Federal-gov,211767.67,Masters,14.018424,Divorced,Exec-managerial,Not-in-family,White,Male,-31.272358,0.3825749,39.965843,United-States,>50K
35.99411,Private,151289.42,HS-grad,9.00473,Married-civ-spouse,Other-service,Husband,White,Male,25.668316,-0.39525715,59.864265,United-States,>50K
24.319729,Private,165300.97,Assoc-voc,10.999662,Married-civ-spouse,Adm-clerical,Wife,White,Female,22.839458,-0.11419788,39.99142,United-States,<=50K
64.14892,Private,236435.64,7th-8th,4.014041,Married-civ-spouse,Transport-moving,Husband,White,Male,40.133648,0.16706738,47.89299,Mexico,>50K
41.969337,Private,156717.7,Some-college,9.994253,Married-civ-spouse,Machine-op-inspct,Wife,White,Female,0.31651014,0.09155926,36.956764,United-States,>50K
27.074797,?,89021.34,Assoc-acdm,11.979258,Married-civ-spouse,?,Own-child,Amer-Indian-Eskimo,Male,22.425396,0.1417683,39.99531,United-States,<=50K
32.130173,Private,258351.2,Bachelors,12.998802,Married-civ-spouse,Prof-specialty,Husband,White,Male,12.619733,-0.83289444,39.980556,Mexico,<=50K
53.0391,Private,81795.29,Doctorate,16.039309,Divorced,Exec-managerial,Not-in-family,White,Female,16.634136,0.45165142,54.983627,United-States,>50K
20.234451,Private,280803.22,HS-grad,8.996675,Married-civ-spouse,Handlers-cleaners,Husband,Other,Male,34.73228,-0.33175007,40.015606,United-States,<=50K
24.166683,Private,235885.27,Bachelors,13.011956,Never-married,Exec-managerial,Not-in-family,White,Male,24.389751,-0.27227893,39.979168,United-States,<=50K
67.00262,Private,335782.47,HS-grad,8.993992,Married-civ-spouse,Handlers-cleaners,Husband,White,Male,2.1648989,-0.2336208,23.948092,United-States,<=50K
51.9432,Private,34622.12,HS-grad,9.003262,Widowed,Craft-repair,Not-in-family,White,Male,33.444195,-0.15097919,39.944984,United-States,<=50K
36.94974,Self-emp-not-inc,325180.5,Some-college,9.989536,Married-civ-spouse,Craft-repair,Husband,White,Male,-6.2914,0.8686513,69.50767,?,<=50K
34.891315,Private,195902.44,Bachelors,13.030187,Never-married,Handlers-cleaners,Not-in-family,Asian-Pac-Islander,Female,63.347027,0.39741406,50.21734,Haiti,<=50K
47.02731,Self-emp-not-inc,118648.48,Some-college,9.993986,Married-civ-spouse,Adm-clerical,Wife,White,Female,6.645856,-0.4416515,34.939415,United-States,>50K
42.998474,Local-gov,114160.31,Some-college,9.997419,Married-civ-spouse,Transport-moving,Husband,White,Male,5.7669497,-0.22611347,17.298252,United-States,<=50K
58.095116,Private,188308.94,HS-grad,8.9888735,Married-civ-spouse,Handlers-cleaners,Husband,Black,Male,8.54527,-0.11169544,19.977154,United-States,>50K
44.9729,Federal-gov,81588.51,Some-college,9.984573,Married-civ-spouse,Adm-clerical,Husband,White,Male,-11.840228,-0.52135575,40.01996,Puerto-Rico,>50K
40.95314,Private,171324.36,Assoc-acdm,12.030205,Married-civ-spouse,Tech-support,Husband,White,Male,-12.518451,-0.3709499,44.93859,United-States,>50K
30.835495,Private,173526.75,Prof-school,15.01384,Married-civ-spouse,Tech-support,Husband,Asian-Pac-Islander,Male,-23.928852,0.54628646,39.982853,India,<=50K
27.067741,Private,168739.8,HS-grad,8.991894,Married-civ-spouse,Adm-clerical,Wife,Black,Female,14.940778,1882.2053,40.005,United-States,>50K
42.987854,Private,168755.6,HS-grad,8.990104,Married-civ-spouse,Machine-op-inspct,Husband,Black,Male,-2.7857847,0.1199635,39.98231,United-States,<=50K
36.921474,Private,392930.66,Masters,14.011874,Never-married,Prof-specialty,Unmarried,White,Female,20.914654,-0.65988266,39.94573,United-States,<=50K
51.70906,Private,181825.42,1st-4th,1.9501919,Married-civ-spouse,Farming-fishing,Husband,White,Male,75.68175,-0.64635575,39.959373,United-States,<=50K
59.979057,Private,539001.4,1st-4th,1.9705585,Married-civ-spouse,Craft-repair,Husband,White,Male,74.33385,-0.27529255,39.87393,Mexico,>50K
44.954666,Private,370780.75,12th,7.9841485,Married-civ-spouse,Craft-repair,Husband,White,Male,7.6885805,-0.58975327,40.01646,United-States,<=50K
40.92011,Self-emp-not-inc,213841.69,HS-grad,9.025091,Divorced,Transport-moving,Not-in-family,White,Male,20.516949,1601.9008,39.991493,United-States,<=50K
36.92464,Private,196451.56,HS-grad,9.00401,Married-civ-spouse,Handlers-cleaners,Husband,White,Male,23.562359,-0.31625476,44.968807,United-States,>50K
51.02478,Local-gov,132833.44,Some-college,9.9945,Married-civ-spouse,Exec-managerial,Husband,Black,Male,-11.215228,-0.6567317,40.037964,United-States,>50K
25.151297,Private,201128.22,Bachelors,13.002072,Never-married,Adm-clerical,Unmarried,White,Female,21.889263,-0.41339222,60.074184,United-States,<=50K
39.828426,Private,170058.61,10th,5.993724,Married-civ-spouse,Craft-repair,Husband,White,Male,16.996685,-0.18574634,49.937183,United-States,>50K
36.93542,Private,210531.44,HS-grad,9.008942,Married-civ-spouse,Tech-support,Husband,White,Male,8.2357,-0.29942432,39.98488,United-States,>50K
51.940086,?,253225.72,HS-grad,9.010264,Divorced,?,Not-in-family,White,Male,27.399761,0.103102535,45.012527,United-States,>50K
29.096226,Self-emp-not-inc,115230.266,HS-grad,9.006882,Married-civ-spouse,Prof-specialty,Husband,White,Male,14.98985,-0.29675403,64.99937,United-States,>50K
32.908882,Private,186357.11,HS-grad,9.002574,Married-civ-spouse,Transport-moving,Husband,White,Male,38.56773,-0.07564655,40.013786,Columbia,<=50K
41.014004,Self-emp-not-inc,238837.0,Masters,14.024651,Widowed,Prof-specialty,Not-in-family,White,Female,18.070415,-0.05970111,19.93836,United-States,<=50K
45.875477,Private,426447.53,Some-college,10.010561,Divorced,Exec-managerial,Not-in-family,White,Male,22.900005,-0.29209247,39.976223,United-States,>50K
34.817406,Self-emp-not-inc,126126.195,HS-grad,9.023904,Married-spouse-absent,Farming-fishing,Not-in-family,White,Male,24.797466,-0.238763,59.89334,United-States,<=50K
59.135868,Private,142015.08,Assoc-voc,11.029926,Divorced,Adm-clerical,Not-in-family,White,Female,27.190044,0.2817982,39.96232,United-States,<=50K
45.92991,Self-emp-inc,234658.02,Masters,14.016952,Divorced,Sales,Not-in-family,White,Male,-1.8004332,0.22914776,59.99149,United-States,>50K
34.85367,Private,124918.445,HS-grad,9.01876,Divorced,Craft-repair,Not-in-family,White,Male,54.276714,0.01449475,45.927704,?,<=50K
53.714672,Self-emp-not-inc,102538.11,HS-grad,9.00657,Married-civ-spouse,Transport-moving,Husband,White,Male,-2.89931,-0.3608028,59.885494,United-States,>50K
55.152233,Private,143819.61,Assoc-voc,10.958124,Married-civ-spouse,Craft-repair,Husband,White,Male,18.40733,-0.71711075,50.14574,Hungary,>50K
43.017437,Self-emp-inc,84367.555,Some-college,10.000277,Married-civ-spouse,Sales,Husband,White,Male,-1.6703062,-0.37208667,43.946682,United-States,>50K
38.01263,Self-emp-not-inc,120191.18,HS-grad,8.99732,Married-civ-spouse,Craft-repair,Husband,White,Male,4429.8423,-0.28788868,34.98993,United-States,<=50K
41.911015,State-gov,39352.2,Masters,14.02075,Never-married,Prof-specialty,Not-in-family,White,Male,-5.697406,0.22244152,69.84681,United-States,<=50K
45.895653,Private,198255.38,Some-college,10.009648,Married-civ-spouse,Craft-repair,Other-relative,Asian-Pac-Islander,Male,27.696148,0.12496075,39.96198,India,<=50K
43.064587,Private,161978.67,Bachelors,12.988391,Married-civ-spouse,Machine-op-inspct,Husband,Amer-Indian-Eskimo,Male,-4.538226,0.20137677,40.011623,United-States,<=50K
62.12043,?,225268.69,HS-grad,8.986895,Married-civ-spouse,?,Husband,White,Male,-17.105854,-0.07567707,23.963465,United-States,<=50K
51.92914,Private,176880.94,HS-grad,9.018411,Divorced,Craft-repair,Other-relative,White,Male,42.253277,-0.3757564,54.805,United-States,>50K
36.91901,Private,305193.4,Assoc-acdm,12.022038,Divorced,Exec-managerial,Not-in-family,White,Female,24.651958,-0.11357227,47.98296,United-States,<=50K
61.082554,Private,127868.34,HS-grad,8.987941,Married-civ-spouse,Prof-specialty,Husband,White,Male,-0.58192736,-0.06598011,30.024193,United-States,<=50K
49.2937,Private,136156.05,Masters,14.019875,Divorced,Sales,Unmarried,Other,Female,39.45274,0.40193066,19.891876,Peru,<=50K
47.054806,Private,483503.6,HS-grad,8.991853,Married-civ-spouse,Other-service,Husband,White,Male,12.867536,-0.4217464,40.00815,United-States,>50K
54.925503,Private,173091.39,Some-college,10.000568,Married-civ-spouse,Other-service,Husband,White,Male,4.5232973,-0.39269367,50.05157,United-States,>50K
64.25239,State-gov,194326.14,Doctorate,16.039122,Never-married,Prof-specialty,Not-in-family,White,Female,4762.583,0.5075978,39.935444,United-States,>50K
44.90033,State-gov,90051.91,Some-college,9.9970875,Married-civ-spouse,Adm-clerical,Husband,White,Male,-14.658099,-0.41401783,40.007027,United-States,<=50K
28.88332,Private,124544.09,HS-grad,8.991098,Married-civ-spouse,Machine-op-inspct,Wife,White,Female,18.37193,0.43106732,39.952618,United-States,>50K
62.119907,Federal-gov,176717.33,HS-grad,8.999512,Widowed,Adm-clerical,Unmarried,White,Female,5.4385805,-0.31289783,39.99753,United-States,<=50K
52.889946,Private,97970.75,HS-grad,9.003592,Widowed,Craft-repair,Unmarried,White,Male,25.571636,-0.29016224,39.97238,United-States,>50K
19.135803,Private,222238.62,HS-grad,9.009917,Never-married,Sales,Not-in-family,White,Male,4303.9414,0.32074627,47.834908,United-States,<=50K
41.91353,Local-gov,335774.6,Assoc-voc,11.014935,Divorced,Prof-specialty,Not-in-family,White,Female,43.509136,0.29018292,36.06653,United-States,<=50K
35.208164,Self-emp-not-inc,334653.38,Some-college,9.992585,Married-civ-spouse,Exec-managerial,Husband,White,Male,-9.553607,-0.71625626,40.05298,United-States,<=50K
46.010952,Private,164537.33,Assoc-voc,11.004136,Separated,Prof-specialty,Not-in-family,White,Male,36.863384,0.2414845,39.950665,United-States,<=50K
35.980682,Private,127520.53,Bachelors,13.018036,Divorced,Exec-managerial,Not-in-family,White,Male,4742.1113,-0.08076587,39.96877,United-States,>50K
37.90622,Private,192167.9,Some-college,10.019068,Divorced,Craft-repair,Not-in-family,White,Male,25.201275,0.03479657,39.98278,Iran,<=50K
31.099253,Private,32606.652,Some-college,9.996659,Married-civ-spouse,Exec-managerial,Wife,White,Female,8.752545,-0.25743976,39.983757,United-States,<=50K
44.87438,Private,185042.86,9th,5.0004807,Married-civ-spouse,Adm-clerical,Husband,Black,Male,5130.9937,-0.28214374,39.96424,United-States,>50K
78.96671,?,163262.72,HS-grad,8.999962,Married-civ-spouse,?,Husband,White,Male,-15.426166,-0.2834789,39.983273,United-States,>50K
60.076748,Private,226900.7,Some-college,10.000306,Widowed,Protective-serv,Not-in-family,Black,Female,2.8277407,-0.2485973,39.949245,United-States,<=50K
67.11235,Private,264375.34,Some-college,9.957554,Married-civ-spouse,Handlers-cleaners,Husband,White,Male,9635.718,-0.673875,23.76619,Cuba,>50K
50.949318,Local-gov,109747.98,Masters,14.025868,Never-married,Prof-specialty,Own-child,White,Male,6.915143,0.40747723,39.94808,United-States,<=50K
39.019024,Self-emp-not-inc,52714.34,HS-grad,8.998726,Married-civ-spouse,Craft-repair,Husband,White,Male,-1.5621519,-0.4420177,39.9918,United-States,>50K
65.95737,Self-emp-not-inc,438261.2,10th,5.982758,Married-civ-spouse,Craft-repair,Husband,White,Male,-5.4869566,-0.23156849,25.004005,United-States,<=50K
23.280014,Private,252556.69,Assoc-acdm,12.0139265,Married-civ-spouse,Handlers-cleaners,Husband,White,Male,0.29844373,-0.23512378,25.009933,United-States,<=50K
64.178535,?,267362.84,Prof-school,15.015719,Married-civ-spouse,?,Husband,White,Male,-39.881977,-0.2697765,16.068752,United-States,<=50K
58.936176,Self-emp-not-inc,142376.9,5th-6th,3.0847378,Married-civ-spouse,Other-service,Husband,White,Male,2631.634,-0.6328212,14.963459,El-Salvador,<=50K
53.963543,Private,154578.78,11th,6.9720116,Married-civ-spouse,Other-service,Wife,Black,Female,33.699078,-0.06604114,39.95374,United-States,>50K
30.049782,Local-gov,44915.2,Bachelors,13.004183,Married-civ-spouse,Prof-specialty,Husband,White,Male,3.2645082,-0.13221851,40.01446,United-States,<=50K
39.944492,Private,55502.34,Masters,14.039933,Divorced,Prof-specialty,Not-in-family,White,Male,9.49693,0.36227307,19.944279,United-States,<=50K
60.05093,Private,201143.67,Some-college,10.003339,Never-married,Prof-specialty,Unmarried,White,Male,4.88194,-0.22989002,39.957516,United-States,>50K
58.035763,Local-gov,54281.06,Some-college,10.0090275,Never-married,Prof-specialty,Not-in-family,White,Female,17.153423,-0.005829957,54.874928,United-States,<=50K
36.89032,Private,359291.16,11th,6.978806,Married-civ-spouse,Craft-repair,Husband,White,Male,4965.6304,-0.39331928,39.99634,United-States,<=50K
39.057724,Self-emp-not-inc,37673.074,Assoc-voc,11.025241,Married-civ-spouse,Transport-moving,Husband,White,Male,-4.21181,-0.27645984,69.80693,United-States,>50K
38.122684,State-gov,200191.14,Bachelors,13.003208,Married-civ-spouse,Exec-managerial,Wife,Black,Female,3.454938,-0.6513835,29.999475,United-States,>50K
52.870945,Federal-gov,185371.97,HS-grad,9.02393,Divorced,Tech-support,Unmarried,White,Male,1.0323305,0.16456494,39.97816,United-States,<=50K
58.14239,Private,366709.88,Some-college,10.000113,Divorced,Machine-op-inspct,Not-in-family,Other,Male,43.79771,0.3143452,39.964478,Mexico,<=50K
28.964035,Private,121571.19,Bachelors,13.010405,Never-married,Prof-specialty,Not-in-family,White,Female,8742.796,0.1966618,39.95996,United-States,>50K
50.95317,Self-emp-inc,126227.65,HS-grad,9.004803,Married-civ-spouse,Transport-moving,Husband,White,Male,-9.206439,-0.6879436,64.99822,United-States,<=50K
27.016867,Private,143367.33,Bachelors,13.021825,Married-civ-spouse,Exec-managerial,Other-relative,White,Male,33.596783,-0.35980335,50.073116,United-States,<=50K
33.2148,Self-emp-not-inc,311134.75,Bachelors,12.993413,Married-civ-spouse,Sales,Husband,White,Male,-6.2142515,-0.57181656,45.036907,United-States,>50K
41.99099,Private,334304.56,HS-grad,8.989644,Married-civ-spouse,Prof-specialty,Wife,White,Female,19.356548,-0.2924892,39.957764,United-States,<=50K
65.25122,Private,151758.52,Masters,14.03526,Separated,Exec-managerial,Not-in-family,Black,Male,2.3775454,-0.13121906,19.945757,United-States,<=50K
21.201757,?,223895.19,HS-grad,8.983843,Married-civ-spouse,?,Wife,Black,Female,31.71983,0.022169922,30.036306,United-States,<=50K
29.011127,Private,57770.51,Assoc-voc,11.009078,Married-civ-spouse,Machine-op-inspct,Husband,White,Male,-3.7801695,0.24515423,47.98569,United-States,<=50K
49.115276,Private,58625.098,Some-college,10.001138,Married-spouse-absent,Adm-clerical,Not-in-family,White,Female,16.365337,-0.17443195,39.970337,United-States,<=50K
29.08559,Private,144608.52,Some-college,9.992151,Married-civ-spouse,Exec-managerial,Own-child,Black,Female,31.405865,-0.5674373,40.016758,United-States,<=50K
30.928621,Local-gov,164174.36,HS-grad,9.013759,Married-civ-spouse,Protective-serv,Husband,White,Male,1.7613344,-0.37390247,54.839138,United-States,>50K
51.959324,State-gov,337945.22,Masters,14.008322,Never-married,Adm-clerical,Not-in-family,White,Male,-12.299212,-0.08625141,69.88996,United-States,>50K
31.916729,Self-emp-not-inc,69160.92,HS-grad,9.005632,Married-civ-spouse,Farming-fishing,Husband,White,Male,4191.4463,-0.20266071,39.97352,United-States,<=50K
25.179699,State-gov,256436.52,Some-college,9.996003,Married-civ-spouse,Adm-clerical,Husband,Black,Male,2.8939028,-0.6777965,38.106857,United-States,<=50K
52.099663,Private,131253.58,Bachelors,13.010611,Divorced,Adm-clerical,Unmarried,White,Female,15.410993,-0.38300434,45.069847,United-States,<=50K
85.385185,Self-emp-not-inc,165416.39,HS-grad,9.003793,Widowed,Sales,Not-in-family,White,Female,11.498151,-0.025048401,49.965553,United-States,<=50K
60.06637,Private,113875.47,Assoc-acdm,12.006764,Married-civ-spouse,Sales,Husband,White,Male,-17.492085,-0.2315456,30.023884,United-States,<=50K
53.90805,Self-emp-not-inc,70610.17,Masters,14.025574,Divorced,Prof-specialty,Not-in-family,White,Male,-6.980365,0.33293805,50.015263,United-States,>50K
52.656666,Self-emp-not-inc,173173.81,7th-8th,3.994473,Married-civ-spouse,Exec-managerial,Husband,White,Male,4468.7476,-0.4139339,49.892563,Greece,>50K
47.05343,Local-gov,358352.4,Bachelors,13.013458,Divorced,Prof-specialty,Not-in-family,White,Male,18.535748,0.0018757314,47.968533,United-States,<=50K
64.204704,Private,280271.94,Some-college,9.990271,Married-civ-spouse,Other-service,Husband,White,Male,-4.1358824,-0.3130733,19.973297,United-States,<=50K
62.14545,Self-emp-not-inc,225886.25,Prof-school,15.010342,Married-civ-spouse,Prof-specialty,Husband,White,Male,-31.92397,-0.4849712,16.037008,United-States,<=50K
38.083366,Private,284236.25,Bachelors,12.998192,Married-civ-spouse,Tech-support,Husband,Black,Male,-17.413227,-0.42401996,54.96782,United-States,>50K
59.095318,Local-gov,418927.6,HS-grad,8.993537,Married-civ-spouse,Adm-clerical,Wife,White,Female,8.258649,-0.38672748,38.031837,United-States,>50K
47.10646,Private,159050.28,Masters,14.023686,Married-civ-spouse,Prof-specialty,Wife,White,Female,3.0289125,0.00517163,2.5298007,United-States,>50K
42.89561,Private,225729.7,Bachelors,13.030463,Divorced,Machine-op-inspct,Other-relative,White,Male,34.50401,-0.05770984,39.954647,United-States,<=50K
35.79023,Private,113320.375,10th,6.001334,Married-civ-spouse,Machine-op-inspct,Own-child,White,Female,3623.221,0.19882092,39.93641,United-States,<=50K
56.886696,Self-emp-inc,105456.27,HS-grad,9.015746,Separated,Farming-fishing,Not-in-family,White,Male,41.94273,-0.14998737,59.969757,United-States,>50K
50.056007,Private,97788.63,Some-college,9.999872,Married-civ-spouse,Adm-clerical,Husband,Asian-Pac-Islander,Male,3.5162172,-0.64217484,40.01997,Philippines,>50K
42.034687,Private,201712.61,HS-grad,8.9898615,Married-civ-spouse,Adm-clerical,Wife,White,Female,18.704937,-0.08613697,35.9904,United-States,>50K
32.911716,Private,106162.09,Assoc-voc,11.027741,Never-married,Adm-clerical,Not-in-family,White,Male,28.425396,0.16851696,44.956673,United-States,<=50K
66.90817,Local-gov,312321.94,7th-8th,3.9891553,Married-civ-spouse,Protective-serv,Husband,Black,Male,25.59068,-0.15626636,39.9516,United-States,<=50K
41.09928,Private,806918.5,Some-college,9.949448,Married-civ-spouse,Sales,Husband,White,Male,9.03526,-2.2219403,50.020813,United-States,>50K
47.095554,Local-gov,162360.58,Bachelors,13.014642,Divorced,Prof-specialty,Not-in-family,White,Female,29.246685,-0.021638062,34.973015,United-States,>50K
58.158543,State-gov,222821.25,Bachelors,13.007467,Married-civ-spouse,Prof-specialty,Wife,White,Female,-1.4395933,-0.36808124,19.945353,United-States,>50K
29.82616,Self-emp-inc,292119.3,Bachelors,13.0057335,Never-married,Exec-managerial,Not-in-family,White,Male,7.788678,-0.11774555,39.996048,United-States,<=50K
36.91218,Federal-gov,173035.42,Assoc-voc,11.011616,Separated,Adm-clerical,Not-in-family,Black,Male,12.790875,0.019781921,39.993286,United-States,<=50K
42.95771,Self-emp-not-inc,33152.043,Bachelors,13.0228195,Divorced,Prof-specialty,Not-in-family,White,Male,19.409283,-0.42442432,69.91991,United-States,>50K
50.988308,Self-emp-inc,161449.61,HS-grad,8.994274,Married-civ-spouse,Sales,Wife,White,Female,11.947614,-0.08750263,39.968105,United-States,<=50K
24.19399,Private,252664.92,HS-grad,9.001087,Married-civ-spouse,Sales,Husband,White,Male,21.689312,-0.16843525,44.956715,United-States,<=50K
24.938284,Private,24888.746,Some-college,10.013019,Never-married,Transport-moving,Not-in-family,White,Male,4251.3145,-0.18793598,39.96105,United-States,<=50K
42.95286,Self-emp-not-inc,388560.6,Some-college,10.002973,Married-civ-spouse,Farming-fishing,Husband,White,Male,6.972272,0.003241393,59.891483,United-States,>50K
22.004766,Private,179173.3,HS-grad,9.003696,Never-married,Exec-managerial,Not-in-family,White,Male,34.275738,-0.14142719,39.96587,Yugoslavia,<=50K
25.936422,State-gov,68988.805,HS-grad,9.011554,Married-civ-spouse,Protective-serv,Husband,Asian-Pac-Islander,Male,-3.787982,-0.24029651,39.975178,United-States,>50K
34.10073,Private,255800.67,HS-grad,8.989294,Married-civ-spouse,Adm-clerical,Wife,White,Female,29.036968,-0.31134143,19.916954,United-States,<=50K
34.188877,State-gov,176707.73,Some-college,9.996813,Married-civ-spouse,Prof-specialty,Husband,Black,Male,4449.851,-0.45046344,40.02579,United-States,>50K
59.129105,Private,189104.75,Bachelors,13.005002,Married-civ-spouse,Handlers-cleaners,Husband,White,Male,-12.696429,-0.5112697,40.017147,Italy,>50K
49.162937,Private,47033.81,Bachelors,13.009769,Never-married,Adm-clerical,Not-in-family,White,Female,16.321636,0.08704266,39.964554,United-States,>50K
58.9135,Self-emp-not-inc,134320.62,7th-8th,3.9947205,Married-civ-spouse,Farming-fishing,Husband,White,Male,46.137066,-0.31707874,47.870556,United-States,<=50K
45.872295,Private,345012.78,HS-grad,9.011449,Divorced,Exec-managerial,Not-in-family,White,Male,34.807476,-0.029992249,47.912113,United-States,>50K
29.025616,Private,186949.2,Assoc-acdm,12.028759,Married-civ-spouse,Tech-support,Husband,White,Male,-8.132709,-0.44901386,39.99462,United-States,>50K
33.009155,State-gov,163161.27,Some-college,10.010728,Divorced,Other-service,Unmarried,White,Female,20.384869,0.23108563,98.39023,United-States,>50K
50.9687,Self-emp-not-inc,323199.97,HS-grad,9.009583,Married-civ-spouse,Transport-moving,Husband,White,Male,-2.5330992,-0.12024799,59.919052,United-States,>50K
68.007935,Self-emp-not-inc,210784.69,Some-college,9.997955,Married-civ-spouse,Sales,Husband,White,Male,-11.710834,-0.32626453,40.018604,United-States,>50K
34.04441,Private,208202.88,HS-grad,8.98508,Married-civ-spouse,Transport-moving,Husband,White,Male,31.536724,-0.32702747,39.987347,Puerto-Rico,<=50K
44.812428,Private,110473.0,Some-college,10.01314,Divorced,Sales,Not-in-family,White,Male,4664.8955,0.08439526,39.948437,United-States,<=50K
40.034157,Local-gov,98979.49,Prof-school,15.029765,Never-married,Exec-managerial,Not-in-family,White,Male,-0.6322203,-0.044800904,59.986813,United-States,>50K
52.838223,Self-emp-inc,246313.97,5th-6th,3.0498443,Married-civ-spouse,Sales,Husband,White,Male,53.1461,0.18736157,39.916862,Mexico,>50K
40.002285,Private,173036.55,HS-grad,8.9813595,Married-civ-spouse,Other-service,Wife,Black,Female,31.848248,-0.061005738,32.02495,United-States,<=50K
63.18413,?,150690.22,Bachelors,13.010746,Widowed,?,Not-in-family,White,Female,8.075055,-0.18540302,39.965607,United-States,>50K
37.89317,Local-gov,199234.84,Assoc-acdm,12.027124,Never-married,Prof-specialty,Not-in-family,White,Male,23.258892,-0.10433307,39.964695,United-States,<=50K
65.22235,Private,154218.86,HS-grad,8.991794,Never-married,Adm-clerical,Not-in-family,Black,Female,3015.7202,-0.0749065,39.946957,United-States,<=50K
34.086243,Private,351392.34,Bachelors,13.000592,Never-married,Prof-specialty,Not-in-family,White,Female,74.16026,-0.7576457,45.089283,Cuba,<=50K
37.061783,Private,376402.56,Some-college,9.991461,Married-civ-spouse,Exec-managerial,Husband,White,Male,-2.928607,-0.6303493,40.042374,United-States,>50K
33.945343,Private,91236.74,HS-grad,8.9961815,Never-married,Adm-clerical,Not-in-family,White,Female,4839.831,-0.07880512,39.94835,United-States,<=50K
59.149338,Private,98862.3,Masters,14.018977,Widowed,Exec-managerial,Not-in-family,White,Female,-1.925189,-0.079232365,39.942688,United-States,>50K
43.00658,Self-emp-not-inc,52662.23,Bachelors,13.008289,Never-married,Prof-specialty,Unmarried,White,Female,7.137311,-0.41620746,50.122997,United-States,<=50K
29.056276,Federal-gov,337897.94,Assoc-voc,11.016488,Married-civ-spouse,Craft-repair,Husband,White,Male,-18.66103,-0.42686573,40.04133,United-States,>50K
59.064964,Private,115574.945,11th,6.9838114,Married-civ-spouse,Transport-moving,Husband,Amer-Indian-Eskimo,Male,30.360699,0.07427868,39.979992,United-States,<=50K
34.279903,Private,212322.06,Bachelors,12.99669,Married-civ-spouse,Prof-specialty,Husband,White,Male,-3.5477476,-0.30488697,40.02104,Iran,>50K
28.920862,Private,125644.414,HS-grad,8.990829,Married-civ-spouse,Machine-op-inspct,Husband,Black,Male,5.331403,0.13161358,39.981133,United-States,<=50K
25.309269,Private,237400.22,Some-college,10.004063,Married-civ-spouse,Craft-repair,Husband,White,Male,4.3675356,-0.14771381,59.819218,United-States,>50K
44.034794,Self-emp-not-inc,334486.44,12th,7.9858503,Married-civ-spouse,Handlers-cleaners,Husband,Black,Male,22.503033,-0.7673656,40.036743,United-States,>50K
64.140335,Federal-gov,351386.7,Some-college,9.982824,Married-civ-spouse,Exec-managerial,Husband,Amer-Indian-Eskimo,Male,-32.00014,-0.5812541,45.041313,United-States,>50K
55.93453,Self-emp-not-inc,219520.23,Some-college,9.998926,Married-civ-spouse,Other-service,Husband,White,Male,-4.1341734,-0.5898372,45.00522,United-States,>50K
40.984898,State-gov,118815.15,Some-college,10.004176,Married-civ-spouse,Prof-specialty,Husband,White,Male,8.042829,-0.3682491,40.002712,United-States,>50K
43.862106,Private,174700.77,11th,6.9763494,Married-civ-spouse,Sales,Husband,White,Male,31.616558,-0.13108173,39.973495,United-States,>50K
37.962578,State-gov,34294.09,Some-college,9.9975195,Married-civ-spouse,Exec-managerial,Husband,White,Male,-11.323871,-0.55328476,40.00324,United-States,<=50K
30.072876,Private,97648.41,Bachelors,13.007173,Married-civ-spouse,Craft-repair,Husband,White,Male,-6.104144,-0.36602893,30.04533,United-States,<=50K
28.213251,Private,212077.58,Bachelors,12.998473,Married-civ-spouse,Adm-clerical,Husband,White,Male,11.127545,-0.578416,40.0241,?,>50K
26.233467,Private,197352.16,Masters,14.00856,Married-civ-spouse,Sales,Wife,White,Female,14.680524,-0.4778377,39.96319,United-States,<=50K
41.963215,Self-emp-not-inc,32018.074,Bachelors,13.0217285,Married-civ-spouse,Farming-fishing,Husband,White,Male,-10.619037,-0.5348064,59.927258,United-States,>50K
38.923252,Private,156389.62,HS-grad,9.016413,Never-married,Craft-repair,Own-child,White,Male,28.080914,2268.2952,41.79302,United-States,>50K
24.118935,State-gov,190300.8,Bachelors,13.012318,Never-married,Adm-clerical,Not-in-family,White,Female,31.460552,-0.46686664,65.23604,United-States,<=50K
61.09922,?,101449.555,Doctorate,16.026974,Married-civ-spouse,?,Husband,White,Male,-37.838276,0.11942181,24.95317,United-States,>50K
29.180756,Self-emp-not-inc,189702.67,Some-college,9.998413,Married-civ-spouse,Craft-repair,Husband,Amer-Indian-Eskimo,Male,-2.4102964,1489.9799,59.936077,United-States,>50K
39.026493,Private,113909.08,Bachelors,13.007908,Never-married,Sales,Not-in-family,White,Male,5.5477114,1876.8031,49.982246,United-States,<=50K
35.12207,Private,398161.84,HS-grad,8.997472,Married-civ-spouse,Prof-specialty,Husband,White,Male,4.703229,-0.39116016,50.009304,United-States,>50K
58.92534,Private,30795.996,10th,5.9904594,Married-civ-spouse,Transport-moving,Husband,White,Male,15.301618,-0.3070766,44.921124,United-States,>50K
40.910454,Private,104745.8,HS-grad,9.006754,Never-married,Machine-op-inspct,Own-child,White,Male,14355.906,0.29925427,47.88808,United-States,>50K
20.299223,Local-gov,312683.12,HS-grad,8.976296,Married-civ-spouse,Protective-serv,Husband,Black,Male,27.271343,-0.2721645,30.062403,Puerto-Rico,<=50K
28.202488,Private,382693.56,Assoc-voc,10.995369,Married-civ-spouse,Machine-op-inspct,Husband,White,Male,-1.8936949,0.0019596547,40.008034,United-States,>50K
57.108658,Private,142186.9,HS-grad,8.984428,Married-civ-spouse,Adm-clerical,Wife,Black,Female,8.538678,-0.33507648,37.9844,United-States,>50K
62.18586,Self-emp-not-inc,191528.89,Bachelors,13.016177,Divorced,Prof-specialty,Not-in-family,White,Female,12.753522,-0.16496387,39.957806,United-States,>50K
41.943516,Federal-gov,214110.3,HS-grad,9.004188,Married-civ-spouse,Tech-support,Husband,White,Male,-30.3373,-0.26104847,30.126505,United-States,>50K
37.051315,?,319037.7,Assoc-voc,10.997133,Married-civ-spouse,?,Husband,White,Male,-4.911273,-0.4983913,53.85979,United-States,>50K
43.06256,Self-emp-not-inc,152987.45,HS-grad,8.991433,Married-civ-spouse,Exec-managerial,Husband,White,Male,-4.9957457,-0.23500934,35.003445,United-States,>50K
35.04375,Private,203392.78,Masters,14.024322,Never-married,Craft-repair,Not-in-family,White,Male,-2.810687,0.2292622,49.98993,United-States,>50K
48.119213,Private,156878.66,Bachelors,13.015322,Divorced,Adm-clerical,Not-in-family,White,Male,11.143903,0.023390625,39.969345,United-States,<=50K
66.98507,Private,94657.64,HS-grad,8.99159,Married-civ-spouse,Exec-managerial,Husband,White,Male,-6.3062925,-0.50702775,36.993465,United-States,>50K
42.899544,Private,424988.7,Masters,14.021201,Never-married,Prof-specialty,Not-in-family,White,Male,8.720075,-0.2692348,49.96867,United-States,>50K
30.126009,Self-emp-not-inc,250267.45,Some-college,9.997581,Married-civ-spouse,Adm-clerical,Wife,White,Female,8.005719,-0.3067638,54.91636,United-States,>50K
35.05983,Self-emp-inc,186355.0,Bachelors,13.007545,Separated,Prof-specialty,Not-in-family,White,Female,30.162212,-0.2846996,50.10547,United-States,<=50K
30.948643,Private,103561.95,Bachelors,13.009338,Never-married,Sales,Not-in-family,White,Female,25.926617,-0.14631763,65.20656,United-States,>50K
37.9748,Self-emp-not-inc,422426.6,HS-grad,8.989104,Married-civ-spouse,Sales,Wife,White,Female,25.291607,-0.3959972,23.838827,United-States,>50K
36.96151,Private,176753.81,HS-grad,8.99727,Married-civ-spouse,Handlers-cleaners,Husband,Black,Male,24.920269,-0.34533802,40.004982,United-States,>50K
51.011215,Private,177186.9,Some-college,9.99707,Married-civ-spouse,Sales,Husband,White,Male,5.2471743,-0.3456203,39.976482,?,>50K
56.01774,State-gov,465823.78,Assoc-voc,10.984155,Married-civ-spouse,Craft-repair,Husband,Black,Male,-16.276508,-0.86660874,60.028816,United-States,>50K
28.110405,Private,191961.61,Some-college,9.988912,Married-civ-spouse,Exec-managerial,Husband,White,Male,9.26695,-0.5292064,5.2728195,United-States,<=50K
29.022175,Federal-gov,115541.69,Bachelors,13.017444,Married-AF-spouse,Prof-specialty,Husband,White,Male,-1.8409605,-0.13195911,50.089653,United-States,>50K
42.93811,Federal-gov,261632.81,Bachelors,13.016325,Divorced,Exec-managerial,Not-in-family,White,Male,-14.025287,-0.10268512,39.988884,United-States,>50K
31.927877,Self-emp-not-inc,318976.9,Assoc-acdm,12.025617,Never-married,Sales,Not-in-family,White,Male,15.144879,-0.22952381,80.67905,United-States,<=50K
43.914085,Self-emp-not-inc,119590.14,Bachelors,13.014038,Never-married,Sales,Not-in-family,White,Male,12.270856,-0.037125733,50.041195,United-States,>50K
34.230747,Private,242683.5,Bachelors,12.997976,Married-civ-spouse,Other-service,Husband,White,Male,5.4459047,-0.49196735,30.086596,United-States,>50K
37.942722,Private,246177.31,HS-grad,9.009053,Married-civ-spouse,Tech-support,Husband,White,Male,7.4979067,-0.30184284,39.98839,United-States,>50K
50.093014,Private,125379.43,Assoc-acdm,11.996209,Married-civ-spouse,Exec-managerial,Wife,Black,Female,-13.149798,-0.4580547,39.989063,United-States,>50K
49.10322,Self-emp-not-inc,392851.62,Some-college,9.9911175,Married-civ-spouse,Prof-specialty,Husband,White,Male,-8.9989195,-0.48764148,40.03245,United-States,>50K
55.927757,Self-emp-not-inc,38252.652,Some-college,10.007208,Married-spouse-absent,Farming-fishing,Not-in-family,White,Female,27838.299,0.38345227,19.943571,United-States,>50K
58.06344,State-gov,184680.56,Bachelors,13.01469,Widowed,Tech-support,Unmarried,White,Female,10.065534,-0.3014461,39.992214,United-States,>50K
41.098625,State-gov,47748.324,Bachelors,12.99861,Married-civ-spouse,Prof-specialty,Wife,Amer-Indian-Eskimo,Female,25.091412,-0.6437694,48.080074,United-States,>50K
44.967644,Private,205609.27,Some-college,9.994841,Married-civ-spouse,Adm-clerical,Husband,White,Male,-3.9972105,-0.6987468,40.025887,United-States,<=50K
31.867174,Federal-gov,228007.44,Some-college,10.010756,Divorced,Adm-clerical,Unmarried,White,Male,23.095318,-0.28421894,40.0014,Mexico,<=50K
49.016388,Private,58495.465,7th-8th,3.984375,Married-civ-spouse,Machine-op-inspct,Husband,Other,Male,50.202984,-0.09085193,38.05107,United-States,<=50K
49.8877,Private,305445.2,7th-8th,3.9811306,Married-civ-spouse,Craft-repair,Husband,White,Male,49.514507,-0.42672077,39.94437,United-States,<=50K
49.95521,Private,196349.08,11th,6.969401,Married-civ-spouse,Exec-managerial,Husband,White,Male,17.901958,-0.33527485,49.99758,United-States,>50K
33.099865,Private,129725.98,Some-college,9.998185,Married-civ-spouse,Handlers-cleaners,Husband,Black,Male,16.99937,-0.47818103,34.999367,United-States,<=50K
35.803448,Self-emp-not-inc,245125.47,Bachelors,13.027399,Never-married,Farming-fishing,Not-in-family,White,Male,45.02598,-0.03516498,50.04134,Mexico,<=50K
53.806187,Private,307784.62,Some-college,10.00003,Married-civ-spouse,Tech-support,Husband,White,Male,-30.962055,1981.568,18.253359,United-States,>50K
40.964523,Private,692161.75,HS-grad,8.991876,Never-married,Craft-repair,Unmarried,White,Male,17.372906,-0.75054276,39.96865,United-States,<=50K
35.01543,Private,31714.043,Assoc-acdm,12.028573,Never-married,Exec-managerial,Not-in-family,White,Female,16.104351,-0.100915104,59.933872,United-States,<=50K
36.947803,Federal-gov,187913.17,Masters,14.013884,Never-married,Prof-specialty,Not-in-family,White,Male,-27.984272,1876.7234,39.977192,United-States,<=50K
37.858444,Federal-gov,204866.9,HS-grad,9.012323,Never-married,Adm-clerical,Not-in-family,White,Male,8.871442,-0.18853107,44.917526,United-States,>50K
39.99086,Local-gov,73431.51,Some-college,10.006962,Never-married,Exec-managerial,Not-in-family,White,Male,17.360699,-0.11814228,39.960316,United-States,<=50K
50.97998,Private,199686.28,Some-college,10.015184,Divorced,Adm-clerical,Not-in-family,White,Female,30.786236,-0.325349,62.95052,United-States,<=50K
34.08792,Private,263523.7,HS-grad,8.996451,Married-civ-spouse,Machine-op-inspct,Husband,White,Male,2.554059,-0.13090625,39.985966,United-States,>50K
34.971092,Private,186185.33,Some-college,10.01596,Divorced,Exec-managerial,Not-in-family,White,Female,28.047222,-0.46717945,69.929474,United-States,<=50K
36.99225,Private,81947.29,Some-college,9.995149,Married-civ-spouse,Other-service,Husband,White,Male,13.796979,-0.34064594,40.002197,United-States,>50K
49.835007,Private,199292.66,7th-8th,4.0021725,Divorced,Craft-repair,Not-in-family,White,Male,65.82091,-0.13162342,59.728283,United-States,<=50K
47.059986,Private,215398.56,Bachelors,13.011497,Never-married,Exec-managerial,Not-in-family,White,Male,10.581647,-0.18164936,39.97528,United-States,<=50K
44.953575,Private,298001.0,Assoc-acdm,11.951878,Widowed,Sales,Unmarried,White,Female,70.41112,-1.3590862,39.92059,Cuba,<=50K
24.005054,Local-gov,33238.31,Bachelors,13.023566,Never-married,Prof-specialty,Not-in-family,Asian-Pac-Islander,Male,35.799664,0.010145995,39.96192,United-States,<=50K
39.051754,Private,195714.86,Some-college,9.990544,Married-civ-spouse,Other-service,Wife,White,Female,25.63731,-0.14325061,23.882357,United-States,<=50K
27.9952,Private,64223.49,HS-grad,9.000428,Married-civ-spouse,Craft-repair,Husband,White,Male,15.131207,-0.3518764,39.98299,United-States,>50K
40.053284,Local-gov,320865.9,Bachelors,13.003682,Never-married,Prof-specialty,Unmarried,White,Female,19.061626,-0.49406543,45.06634,United-States,<=50K
37.04805,Local-gov,250874.84,Assoc-acdm,12.008189,Married-civ-spouse,Prof-specialty,Husband,White,Male,-5.136615,-0.36424366,45.02278,Canada,>50K
55.912254,Self-emp-not-inc,114817.234,HS-grad,8.990038,Married-civ-spouse,Exec-managerial,Husband,White,Male,-11.440326,-0.29581562,34.98169,United-States,<=50K
62.066063,Self-emp-not-inc,177459.05,Some-college,10.000295,Married-civ-spouse,Transport-moving,Husband,White,Male,-15.424212,-0.6082927,32.083412,United-States,<=50K
35.997578,Private,36110.105,HS-grad,8.992357,Married-civ-spouse,Transport-moving,Husband,White,Male,6.7979555,-0.25388446,25.047323,United-States,>50K
53.858173,Federal-gov,331129.1,12th,7.9868164,Married-civ-spouse,Adm-clerical,Husband,White,Male,-18.638813,-0.57687485,40.042885,United-States,<=50K
59.056034,Private,191959.7,HS-grad,8.999889,Married-civ-spouse,Handlers-cleaners,Husband,White,Male,10.553082,-0.32634845,39.984287,United-States,>50K
57.916283,Private,104453.0,5th-6th,2.9984217,Married-civ-spouse,Machine-op-inspct,Husband,Black,Male,25.062115,0.22514233,47.818317,United-States,<=50K
31.994783,Self-emp-not-inc,204362.8,HS-grad,9.010896,Married-civ-spouse,Transport-moving,Husband,White,Male,11.557477,-0.5421077,47.978344,United-States,<=50K
39.014538,Self-emp-inc,34293.293,HS-grad,9.002621,Married-civ-spouse,Craft-repair,Husband,White,Male,-3.6495543,-0.6052486,50.035843,United-States,<=50K
50.911396,Private,362444.12,5th-6th,3.0054045,Married-civ-spouse,Craft-repair,Other-relative,White,Female,81.97838,-0.3590099,39.926544,United-States,<=50K
35.91949,Private,224735.31,Assoc-acdm,12.005041,Never-married,Sales,Not-in-family,Black,Male,10526.985,-0.007958558,42.986053,United-States,>50K
41.934216,Federal-gov,26194.387,Assoc-voc,10.988463,Divorced,Prof-specialty,Unmarried,Amer-Indian-Eskimo,Female,31.920757,0.36432537,39.96955,United-States,<=50K
46.90817,Local-gov,39253.06,Some-college,10.018235,Divorced,Craft-repair,Not-in-family,White,Male,16.812603,-0.10788074,39.968746,United-States,<=50K
58.005703,Self-emp-not-inc,165350.4,HS-grad,8.994187,Married-civ-spouse,Sales,Husband,White,Male,3.2645082,-0.3718044,34.943592,United-States,>50K
30.903774,Private,213881.66,Bachelors,13.008554,Never-married,Adm-clerical,Not-in-family,White,Male,20.59605,-0.0019313365,50.04306,United-States,<=50K
30.883183,Local-gov,168504.45,HS-grad,9.002723,Married-civ-spouse,Protective-serv,Husband,Black,Male,0.95835584,-0.2832195,40.005928,United-States,>50K
52.070377,Private,184617.05,Assoc-voc,11.012115,Married-civ-spouse,Craft-repair,Husband,White,Male,10.102399,-0.40392414,48.032993,Poland,>50K
52.815865,Private,68111.14,Some-college,10.006313,Married-civ-spouse,Tech-support,Husband,White,Male,-7.0946226,-0.6325923,39.980453,United-States,<=50K
24.077623,Private,233875.02,11th,6.9797735,Married-civ-spouse,Craft-repair,Husband,White,Male,33.05723,-0.28805652,49.944115,United-States,>50K
24.309072,Local-gov,250905.0,Some-college,10.005011,Married-civ-spouse,Protective-serv,Husband,White,Male,-16.53017,-0.843011,72.087616,United-States,>50K
41.048702,Private,74282.484,Bachelors,13.015029,Divorced,Exec-managerial,Unmarried,White,Female,20.74644,-0.39724842,39.99698,United-States,<=50K
60.019875,Self-emp-not-inc,54564.7,HS-grad,8.9882965,Married-civ-spouse,Craft-repair,Husband,White,Male,-13.640033,-0.039490845,20.009829,United-States,<=50K
49.98972,Self-emp-not-inc,220649.62,Some-college,10.011279,Divorced,Exec-managerial,Unmarried,Asian-Pac-Islander,Female,36.78233,-0.18579975,40.0054,?,<=50K
43.96834,Private,334744.53,HS-grad,9.000341,Married-civ-spouse,Handlers-cleaners,Husband,White,Male,17.013042,-0.4488689,40.003304,United-States,>50K
49.08852,Private,43655.76,Masters,14.027538,Never-married,Prof-specialty,Not-in-family,White,Male,3.5699282,0.44974408,39.92804,United-States,>50K
36.88942,State-gov,367667.72,Assoc-voc,11.011208,Never-married,Prof-specialty,Not-in-family,White,Male,8725.907,0.1877583,39.963306,United-States,>50K
49.90901,Private,203432.72,7th-8th,3.9859986,Married-civ-spouse,Other-service,Wife,White,Female,63.890606,0.22127423,34.946857,?,<=50K
45.83145,Federal-gov,341134.1,11th,6.9889226,Widowed,Adm-clerical,Not-in-family,White,Female,34.643414,-0.23020282,39.98441,United-States,<=50K
42.903877,Private,232518.45,Bachelors,13.014596,Divorced,Sales,Not-in-family,White,Male,24.678326,0.06410107,39.96239,United-States,>50K
42.03319,Private,247309.62,Some-college,9.995569,Married-civ-spouse,Handlers-cleaners,Husband,White,Male,20.952496,-0.48201862,39.98866,Mexico,>50K
36.898857,Private,193150.14,11th,6.9844337,Married-civ-spouse,Craft-repair,Husband,White,Male,23.559673,-0.2933971,25.03168,United-States,<=50K
63.16697,?,47086.87,Bachelors,13.00721,Married-civ-spouse,?,Husband,White,Male,-46.930805,0.21084484,7.898609,United-States,>50K
57.845688,Private,221418.1,10th,6.005906,Married-civ-spouse,Transport-moving,Husband,White,Male,2.4883852,1882.1157,39.99653,United-States,>50K
71.94885,Private,187839.66,Assoc-voc,11.005877,Married-civ-spouse,Adm-clerical,Husband,White,Male,-18.651264,-0.5259639,45.02948,Canada,>50K
45.78309,?,280001.9,5th-6th,3.0502987,Married-civ-spouse,?,Husband,White,Male,55.7877,0.21101269,39.92544,Mexico,<=50K
27.704723,Private,359144.38,HS-grad,9.032796,Never-married,Tech-support,Not-in-family,White,Male,25.247173,1102.7815,59.82095,United-States,<=50K
30.887138,Private,239797.27,Masters,14.011035,Never-married,Exec-managerial,Not-in-family,White,Male,-9.597552,1569.3453,39.983406,United-States,>50K
44.950592,Private,167603.42,Some-college,9.995587,Married-civ-spouse,Other-service,Husband,White,Male,10.131452,-0.4596111,40.01021,United-States,<=50K
62.01851,Private,90753.82,10th,5.9832377,Married-civ-spouse,Machine-op-inspct,Husband,White,Male,-2.8961363,0.06918988,39.93256,United-States,<=50K
57.982624,Private,177208.86,HS-grad,8.991086,Married-civ-spouse,Craft-repair,Husband,White,Male,3118.0364,-0.18955341,16.092403,United-States,<=50K
42.99566,Private,131452.16,Assoc-voc,11.03164,Married-civ-spouse,Farming-fishing,Husband,White,Male,22.757915,0.079420894,39.98822,United-States,>50K
29.861126,Private,159593.33,Bachelors,13.01167,Never-married,Sales,Not-in-family,White,Male,21.214458,-0.027688172,59.943424,United-States,>50K
52.77954,Private,350875.03,5th-6th,3.0323505,Married-civ-spouse,Transport-moving,Husband,White,Male,53.30113,-0.3560268,39.951847,United-States,<=50K
52.03432,Private,95480.02,Bachelors,12.997477,Married-civ-spouse,Machine-op-inspct,Husband,White,Male,-36.374897,0.25888714,39.981495,India,<=50K
51.895462,Self-emp-not-inc,87953.88,HS-grad,9.006396,Married-civ-spouse,Craft-repair,Husband,Asian-Pac-Islander,Male,-1.1937437,-0.35482898,39.989502,United-States,<=50K
66.11979,Private,173545.08,Some-college,9.988044,Widowed,Sales,Unmarried,White,Female,17.256695,-0.5300609,50.03889,United-States,>50K
71.90705,Private,32583.527,Bachelors,13.007251,Married-civ-spouse,Exec-managerial,Husband,White,Male,-32.24648,-0.53599656,19.875183,United-States,>50K
41.02835,State-gov,288109.75,Masters,14.016957,Never-married,Adm-clerical,Not-in-family,Black,Female,13.247907,-0.054612305,39.96838,United-States,<=50K
58.086777,Self-emp-not-inc,331130.5,HS-grad,8.989983,Married-civ-spouse,Adm-clerical,Wife,White,Female,12.726666,-0.50484574,19.964502,United-States,>50K
78.94528,Self-emp-inc,308421.44,HS-grad,9.0013275,Married-civ-spouse,Exec-managerial,Husband,White,Male,-27.443989,-0.40062824,40.013958,United-States,>50K
37.824505,Private,287295.75,11th,6.9826427,Married-civ-spouse,Handlers-cleaners,Husband,White,Male,36.359966,-0.32129017,47.88601,United-States,>50K
40.184856,Self-emp-not-inc,177852.08,Bachelors,13.007998,Married-civ-spouse,Craft-repair,Husband,White,Male,-21.223286,-0.54341996,30.053028,United-States,<=50K
29.80138,Federal-gov,67896.54,Bachelors,13.01931,Never-married,Prof-specialty,Not-in-family,White,Male,-4.217181,-0.08223835,39.96857,United-States,>50K
28.850712,Private,201172.83,Assoc-voc,11.027484,Married-civ-spouse,Tech-support,Other-relative,White,Female,45.37193,0.023222778,39.961555,United-States,<=50K
42.93347,Private,59200.84,Bachelors,13.018154,Divorced,Sales,Unmarried,White,Male,16.09312,-0.12693134,43.98783,United-States,>50K
27.935339,Self-emp-not-inc,398018.3,Bachelors,13.008898,Never-married,Prof-specialty,Not-in-family,White,Male,15.619489,-0.25843158,50.008747,United-States,>50K
27.985298,Private,240977.75,HS-grad,9.001573,Married-civ-spouse,Sales,Husband,White,Male,8.336041,1636.5948,40.01878,United-States,<=50K
62.1594,Self-emp-not-inc,271600.28,Masters,14.040484,Separated,Farming-fishing,Not-in-family,White,Male,16.234966,0.2265614,30.025768,United-States,<=50K
59.993343,Private,82204.29,Some-college,9.998484,Married-civ-spouse,Protective-serv,Husband,White,Male,-22.55141,-0.4365627,37.996742,United-States,<=50K
50.06863,Private,137326.95,Bachelors,13.031237,Divorced,Prof-specialty,Other-relative,White,Female,37.07237,-0.0936977,50.074608,United-States,>50K
41.944607,Private,270241.3,Bachelors,13.013265,Never-married,Prof-specialty,Not-in-family,White,Male,16.631695,0.055403564,32.010265,United-States,<=50K
59.207905,Self-emp-inc,125286.805,Bachelors,12.992576,Married-civ-spouse,Exec-managerial,Husband,White,Male,-9.617816,-1.0998546,39.976402,England,>50K
24.993443,Self-emp-inc,181963.11,Bachelors,13.00934,Never-married,Sales,Not-in-family,White,Male,25.660748,0.093153805,44.94822,United-States,>50K
53.159782,State-gov,104481.28,HS-grad,8.961624,Married-civ-spouse,Other-service,Wife,Amer-Indian-Eskimo,Female,33.092632,0.21260723,28.155855,United-States,>50K
29.118116,Private,350245.8,Some-college,9.99546,Married-civ-spouse,Prof-specialty,Husband,White,Male,4.3135805,-0.46285358,40.014496,United-States,<=50K
65.22568,Private,128775.01,Some-college,10.002479,Widowed,Adm-clerical,Not-in-family,White,Female,20.658794,-0.335786,39.959908,United-States,<=50K
74.434685,Local-gov,72886.03,HS-grad,8.999639,Married-civ-spouse,Other-service,Husband,White,Male,-18.807514,2473.5793,39.99769,Canada,<=50K
39.14822,Private,503356.44,Masters,14.006895,Married-civ-spouse,Exec-managerial,Husband,White,Male,32.22349,-2.2085202,39.97481,Cuba,>50K
67.95746,Self-emp-inc,140646.61,HS-grad,8.999012,Married-civ-spouse,Sales,Husband,White,Male,-4.8133726,-0.33356586,39.9903,United-States,<=50K
37.706055,Private,217888.67,9th,5.0512104,Married-spouse-absent,Exec-managerial,Not-in-family,White,Male,54.9503,0.1862553,53.722073,Mexico,<=50K
46.989014,Private,26809.98,HS-grad,9.002212,Never-married,Sales,Not-in-family,White,Female,32.365093,0.036894653,65.11264,United-States,>50K
43.92181,Private,189610.86,Masters,14.0171995,Never-married,Prof-specialty,Not-in-family,White,Female,16.023296,-0.28614917,54.886993,United-States,<=50K
42.94925,Private,114947.71,Bachelors,13.013051,Never-married,Sales,Not-in-family,White,Male,12.703229,-0.03601947,59.953518,United-States,>50K
25.297462,?,220206.77,Assoc-acdm,11.996595,Married-civ-spouse,?,Husband,White,Male,-32.033833,0.10085949,13.136768,United-States,<=50K
37.83531,Private,384411.78,10th,5.992987,Married-civ-spouse,Craft-repair,Husband,White,Male,3131.5134,-0.2617046,39.98123,United-States,>50K
29.862164,Private,342088.25,HS-grad,9.002437,Married-civ-spouse,Handlers-cleaners,Husband,White,Male,24.674908,-0.38954273,40.006866,United-States,<=50K
43.896843,Private,150012.0,Some-college,10.013236,Separated,Craft-repair,Not-in-family,White,Male,11.015485,1878.2994,54.831814,United-States,<=50K
47.977352,Private,34151.12,Some-college,10.004805,Married-civ-spouse,Transport-moving,Husband,White,Male,0.115826555,-0.18307605,59.860607,United-States,<=50K
35.205017,Federal-gov,249684.72,HS-grad,9.005438,Married-civ-spouse,Adm-clerical,Husband,Black,Male,-11.727679,-0.31241718,60.02296,United-States,>50K
46.976345,Private,175999.03,HS-grad,9.011522,Divorced,Craft-repair,Not-in-family,Black,Male,8686.293,-0.035966065,43.97516,United-States,>50K
40.894157,Private,227006.34,Some-college,10.022622,Divorced,Craft-repair,Not-in-family,White,Male,29.242046,-0.31014362,45.956116,United-States,>50K
39.065895,Self-emp-inc,169993.7,Masters,14.012694,Divorced,Exec-managerial,Not-in-family,Black,Male,-4.453021,-0.059273865,69.9693,United-States,>50K
26.029413,State-gov,293905.28,HS-grad,9.004824,Married-civ-spouse,Protective-serv,Husband,White,Male,-0.36415392,-0.35642353,38.075176,United-States,<=50K
35.88647,Private,114719.19,HS-grad,8.945535,Married-civ-spouse,Prof-specialty,Husband,Asian-Pac-Islander,Male,39.854595,-0.25613514,39.93327,Cambodia,<=50K
48.11059,Self-emp-not-inc,175372.94,Assoc-voc,11.021147,Married-civ-spouse,Craft-repair,Husband,White,Male,-7.7909117,-0.4774944,40.03097,United-States,>50K
62.132862,Private,197005.62,HS-grad,8.98951,Married-civ-spouse,Sales,Wife,White,Female,17.209087,-0.1160976,15.952415,United-States,<=50K
25.848042,Local-gov,314702.44,Some-college,10.026655,Never-married,Protective-serv,Not-in-family,White,Male,22.409527,-0.23947254,59.852776,United-States,>50K
25.096312,Private,192899.27,Bachelors,13.004284,Never-married,Sales,Not-in-family,White,Female,26.393902,1871.8044,39.98196,United-States,<=50K
51.93255,Private,110194.18,HS-grad,8.998645,Married-civ-spouse,Craft-repair,Husband,White,Male,1.2122622,-0.40912738,44.962524,El-Salvador,>50K
24.349253,Private,44234.637,Bachelors,12.993656,Married-civ-spouse,Exec-managerial,Husband,White,Male,29.714703,-1.7780696,54.888714,England,>50K
46.99831,Local-gov,102137.15,Some-college,9.996515,Married-civ-spouse,Other-service,Husband,White,Male,2.2794008,-0.20652881,40.007816,United-States,>50K
30.005194,?,160112.81,Masters,13.998806,Married-civ-spouse,?,Husband,White,Male,-24.302876,0.017165039,46.01636,United-States,>50K
35.057747,Private,211123.55,HS-grad,9.00249,Married-civ-spouse,Tech-support,Wife,White,Female,19.34068,0.07154736,34.937954,United-States,>50K
30.952307,Federal-gov,166754.81,HS-grad,9.001362,Married-civ-spouse,Adm-clerical,Husband,White,Male,-20.34145,-0.40435138,40.014698,United-States,>50K
43.950825,Local-gov,360853.12,Masters,14.0188,Divorced,Prof-specialty,Unmarried,White,Female,13.265241,-0.2864391,39.96589,United-States,<=50K
25.012825,Private,119117.74,Bachelors,13.017766,Never-married,Prof-specialty,Own-child,White,Male,33.958355,-0.29743305,69.94887,United-States,<=50K
46.928402,Federal-gov,409764.44,HS-grad,9.018643,Divorced,Craft-repair,Not-in-family,White,Male,7.3707094,0.041815612,39.970192,United-States,<=50K
32.86615,Self-emp-not-inc,31979.621,HS-grad,9.01845,Divorced,Craft-repair,Not-in-family,White,Male,20.559185,-0.37612262,64.89681,United-States,>50K
63.07441,Self-emp-inc,96762.41,Assoc-acdm,12.013913,Married-civ-spouse,Sales,Husband,White,Male,-25.154926,-0.33720508,40.003796,United-States,>50K
23.143576,Private,222281.38,HS-grad,8.982096,Married-civ-spouse,Machine-op-inspct,Husband,Other,Male,40.374126,0.3449925,39.966423,Mexico,<=50K
35.921677,Local-gov,318769.34,Some-college,10.007713,Divorced,Adm-clerical,Unmarried,White,Female,25.72813,-0.11296955,65.10281,United-States,<=50K
27.311043,Private,33646.387,Masters,14.014283,Married-civ-spouse,Adm-clerical,Wife,White,Female,3.005231,0.30317578,19.893433,United-States,>50K
29.871122,Local-gov,295210.2,HS-grad,9.001589,Married-civ-spouse,Prof-specialty,Husband,White,Male,22.210552,-0.22338215,40.010605,United-States,<=50K
64.15028,?,207913.45,HS-grad,8.998423,Married-civ-spouse,?,Husband,White,Male,-9.38808,-0.27159992,50.05924,United-States,>50K
22.16502,Private,188627.72,HS-grad,9.001015,Married-civ-spouse,Sales,Husband,White,Male,23.816265,-0.08215442,44.94915,United-States,<=50K
57.933105,Local-gov,32805.902,HS-grad,9.00536,Married-civ-spouse,Transport-moving,Husband,White,Male,0.3877992,-0.5439311,47.955677,United-States,<=50K
52.866947,Local-gov,80862.76,HS-grad,9.007098,Divorced,Exec-managerial,Not-in-family,White,Male,15.422711,0.0010212392,39.966957,United-States,<=50K
65.09188,Private,191324.64,HS-grad,9.002322,Married-civ-spouse,Craft-repair,Husband,White,Male,2078.0774,-0.55029404,39.982086,Greece,<=50K
59.868385,Self-emp-inc,136683.61,10th,5.991638,Married-civ-spouse,Exec-managerial,Husband,White,Male,-14.944232,1981.3093,43.847237,United-States,>50K
68.09809,State-gov,97856.63,Masters,14.034727,Divorced,Prof-specialty,Not-in-family,White,Female,6.3238344,0.5371922,19.926386,United-States,<=50K
56.063984,Private,133808.2,Masters,14.021152,Never-married,Sales,Not-in-family,White,Male,0.34043592,0.17238507,49.99677,United-States,<=50K
32.107788,Private,226246.0,Bachelors,12.980585,Married-civ-spouse,Prof-specialty,Husband,Other,Male,11.226911,0.2640904,40.037827,Ecuador,<=50K
58.980125,Self-emp-not-inc,114310.414,Some-college,9.991046,Married-civ-spouse,Craft-repair,Husband,White,Male,-16.39101,-0.2334148,20.060686,United-States,>50K
41.02532,Private,193181.05,Bachelors,13.0156,Married-civ-spouse,Farming-fishing,Husband,White,Male,9.450543,-0.4402553,40.004833,United-States,<=50K
52.671864,Self-emp-inc,123976.836,10th,5.987576,Married-civ-spouse,Exec-managerial,Husband,White,Male,-7.084613,-0.2989742,59.76594,United-States,<=50K
50.121895,Self-emp-not-inc,277982.38,Masters,13.999427,Married-civ-spouse,Exec-managerial,Husband,White,Male,-32.164204,-0.43229786,19.955326,United-States,<=50K
50.98126,Self-emp-not-inc,94802.6,HS-grad,9.003295,Married-civ-spouse,Sales,Husband,White,Male,5.7510805,-0.20430866,59.869396,United-States,>50K
45.971428,Private,84921.01,Bachelors,13.015317,Divorced,Sales,Not-in-family,White,Female,28.577251,0.28256878,39.95273,United-States,<=50K
43.09262,Self-emp-not-inc,116597.836,Prof-school,15.004079,Married-civ-spouse,Prof-specialty,Husband,Other,Male,-8.523334,-0.2521526,34.94969,United-States,>50K
42.0457,Local-gov,197281.78,Some-college,9.999917,Married-civ-spouse,Adm-clerical,Wife,White,Female,17.18858,-0.37194172,40.01528,United-States,>50K
48.18614,State-gov,200659.53,Bachelors,13.002541,Married-civ-spouse,Exec-managerial,Husband,Black,Male,-17.997211,-0.692834,40.057514,United-States,>50K
49.00284,Self-emp-not-inc,43733.387,Some-college,9.9978,Married-civ-spouse,Craft-repair,Husband,White,Male,-12.506732,-0.8265239,40.00622,United-States,<=50K
22.967518,Private,308958.6,HS-grad,9.005339,Married-civ-spouse,Craft-repair,Other-relative,White,Male,49.002056,-0.33956257,39.972576,United-States,<=50K
36.665157,Private,175561.78,7th-8th,3.982461,Married-civ-spouse,Craft-repair,Husband,White,Male,47.10484,-0.3560802,49.89175,United-States,<=50K
40.1303,State-gov,255228.39,Masters,13.99646,Married-civ-spouse,Protective-serv,Husband,White,Male,-40.48598,0.037749145,40.00605,United-States,>50K
33.79929,Local-gov,285050.62,HS-grad,9.023266,Never-married,Farming-fishing,Not-in-family,Black,Male,192.15099,-0.12780872,60.01899,United-States,<=50K
59.108376,Private,176304.56,Masters,14.012954,Married-civ-spouse,Prof-specialty,Husband,White,Male,-24.486958,-0.09330097,6.945732,United-States,>50K
50.03772,State-gov,355854.9,HS-grad,8.999118,Married-civ-spouse,Prof-specialty,Husband,White,Male,2.1856508,-0.3235332,47.9677,United-States,>50K
49.065895,State-gov,121339.11,Some-college,9.999145,Married-civ-spouse,Machine-op-inspct,Husband,White,Male,-9.164935,-0.1811687,39.984066,United-States,>50K
42.785023,Private,125060.12,5th-6th,3.0287685,Married-civ-spouse,Machine-op-inspct,Wife,Asian-Pac-Islander,Female,84.74596,0.25414166,39.931282,Vietnam,>50K
33.98316,Private,259005.8,Assoc-voc,11.025854,Never-married,Tech-support,Not-in-family,White,Female,21.791363,1974.7751,39.966763,United-States,<=50K
76.94449,Self-emp-not-inc,208595.66,Some-college,10.018488,Never-married,Craft-repair,Not-in-family,White,Male,0.32188123,-0.22145191,39.96383,United-States,<=50K
65.98168,Private,166135.1,11th,6.976021,Married-civ-spouse,Sales,Husband,White,Male,19.792828,-0.18907276,26.027632,United-States,<=50K
37.975826,Private,193423.3,Some-college,10.004728,Married-civ-spouse,Craft-repair,Husband,Asian-Pac-Islander,Male,11.00694,-0.5122615,40.0268,Philippines,>50K
51.9524,Federal-gov,313181.84,Assoc-voc,11.04618,Divorced,Farming-fishing,Not-in-family,White,Female,30.04771,0.21440014,39.983032,United-States,<=50K
61.119976,Private,91876.055,HS-grad,8.98408,Married-civ-spouse,Adm-clerical,Husband,White,Male,-5.4049253,-0.44423786,3.6100695,United-States,<=50K
41.957977,Self-emp-not-inc,198628.62,Prof-school,15.010864,Divorced,Prof-specialty,Unmarried,White,Female,7480.144,-0.4317867,44.069828,United-States,>50K
32.846195,Self-emp-not-inc,183021.17,Assoc-acdm,12.036218,Divorced,Sales,Not-in-family,White,Male,23.461773,0.12792096,39.975708,United-States,<=50K
53.9847,State-gov,166517.95,Masters,14.020424,Never-married,Prof-specialty,Not-in-family,White,Female,7.260602,0.1907185,44.99444,United-States,>50K
43.9241,Private,376566.06,HS-grad,9.009452,Married-civ-spouse,Tech-support,Husband,White,Male,5.079694,-0.33831897,44.932392,United-States,>50K
61.04592,?,71253.47,HS-grad,8.990143,Married-civ-spouse,?,Husband,White,Male,3031.519,-0.12266651,39.97849,United-States,>50K
41.03935,Private,171359.27,Some-college,9.996526,Married-civ-spouse,Craft-repair,Husband,White,Male,-1.3065367,-0.74781144,40.018833,Peru,<=50K
51.795097,State-gov,103408.914,Some-college,10.014792,Married-civ-spouse,Tech-support,Husband,White,Male,-18.228168,-0.4368755,50.011696,United-States,<=50K
48.1082,Private,118068.66,HS-grad,8.989053,Married-civ-spouse,Sales,Husband,White,Male,2871.617,-0.20157734,15.0065155,United-States,<=50K
48.03673,Local-gov,119660.85,Some-college,10.018041,Divorced,Exec-managerial,Not-in-family,White,Female,28.11607,-0.27532306,51.984077,United-States,<=50K
29.017303,Private,243876.1,Assoc-voc,11.020851,Married-civ-spouse,Tech-support,Husband,White,Male,-10.632709,2054.814,40.032593,United-States,<=50K
45.961636,Private,394364.25,HS-grad,8.994187,Married-civ-spouse,Other-service,Husband,White,Male,17.49693,-0.35866657,40.00905,United-States,<=50K
63.252583,Private,215760.6,Bachelors,13.007671,Widowed,Adm-clerical,Not-in-family,White,Female,15.769391,-0.3870403,24.836386,United-States,<=50K
63.080437,Self-emp-not-inc,260705.77,Some-college,9.991803,Married-civ-spouse,Exec-managerial,Husband,White,Male,-22.292866,-0.62310135,40.035595,United-States,>50K
42.984314,Local-gov,114335.41,Some-college,10.012134,Married-civ-spouse,Farming-fishing,Husband,White,Male,-6.3670835,2008.0363,40.00409,United-States,<=50K
78.24718,Self-emp-not-inc,82102.94,Some-college,9.994784,Married-civ-spouse,Craft-repair,Husband,White,Male,-14.643207,0.1554707,3.6605227,United-States,>50K
81.85537,Private,96681.195,1st-4th,1.9456285,Married-civ-spouse,Prof-specialty,Husband,White,Male,80.38646,-0.20806232,14.61009,Poland,<=50K
31.984346,Private,295378.34,HS-grad,9.000985,Married-civ-spouse,Machine-op-inspct,Husband,White,Male,0.003766005,0.06001172,50.002964,United-States,>50K
30.043934,Self-emp-not-inc,113319.85,Assoc-voc,10.991761,Married-civ-spouse,Sales,Husband,White,Male,3207.9019,-0.62071335,60.00794,Germany,<=50K
33.14406,Self-emp-not-inc,234066.45,Bachelors,12.999542,Married-civ-spouse,Sales,Wife,White,Female,5.793561,-0.48480335,39.99849,United-States,>50K
31.943264,Private,285519.25,Some-college,10.014346,Never-married,Exec-managerial,Not-in-family,White,Male,28.393414,-0.26639667,59.842766,United-States,<=50K
65.17978,Private,189524.02,HS-grad,8.996074,Widowed,Adm-clerical,Not-in-family,White,Female,21.669292,816.49274,35.94703,United-States,<=50K
40.094383,Private,223186.28,Some-college,9.991801,Married-civ-spouse,Adm-clerical,Wife,White,Female,19.848003,-0.44554248,17.068796,United-States,>50K
50.042133,Private,93806.56,Bachelors,13.021114,Divorced,Prof-specialty,Not-in-family,White,Male,14.306012,0.33322033,44.974907,United-States,>50K
52.93912,Private,541833.44,Some-college,10.006465,Divorced,Craft-repair,Not-in-family,White,Male,20.362164,-0.27929798,20.06884,United-States,<=50K
60.07067,Private,388578.75,HS-grad,8.993404,Married-civ-spouse,Adm-clerical,Husband,White,Male,-3.5128355,-0.56047165,40.019203,United-States,<=50K
31.055918,Private,38384.87,Some-college,9.999701,Married-civ-spouse,Sales,Husband,White,Male,11.229108,-0.24729267,39.994377,United-States,<=50K
66.122536,Private,94654.96,Bachelors,13.01871,Divorced,Exec-managerial,Not-in-family,White,Female,9.841657,-0.17076221,39.95809,United-States,<=50K
55.055866,Private,382070.44,Bachelors,13.01932,Married-civ-spouse,Craft-repair,Other-relative,White,Male,13.356793,-0.5883876,39.99375,United-States,<=50K
39.92559,Self-emp-inc,37344.51,Some-college,10.012773,Married-civ-spouse,Farming-fishing,Husband,White,Male,-1.1229429,-0.6026622,50.046135,United-States,<=50K
38.94483,Private,268013.38,HS-grad,9.008413,Married-civ-spouse,Farming-fishing,Husband,White,Male,29.179302,-0.3401653,44.95951,United-States,<=50K
32.065395,State-gov,109420.03,Some-college,10.000011,Married-civ-spouse,Prof-specialty,Wife,White,Female,2.0218325,1896.5538,39.98928,United-States,>50K
33.067688,?,192610.45,Assoc-voc,10.997453,Married-civ-spouse,?,Own-child,White,Female,7745.073,-0.30181232,50.129486,United-States,>50K
61.118637,?,394887.7,HS-grad,8.988201,Married-civ-spouse,?,Husband,Black,Male,-8.177386,-0.115159184,5.957531,United-States,<=50K
47.08334,Private,31016.324,Assoc-voc,11.010128,Married-civ-spouse,Other-service,Husband,White,Male,5.46568,0.08303723,39.995884,United-States,<=50K
43.00086,State-gov,227357.12,Assoc-voc,10.99521,Married-civ-spouse,Prof-specialty,Wife,White,Female,16.183453,-0.33509937,39.970314,United-States,>50K
42.00246,Local-gov,254977.05,Some-college,10.002267,Married-civ-spouse,Craft-repair,Husband,White,Male,-3.19765,-0.6874324,40.025677,United-States,>50K
63.073505,Self-emp-not-inc,179204.52,HS-grad,8.991219,Married-civ-spouse,Craft-repair,Husband,White,Male,2099.2144,-0.013077882,20.01547,United-States,<=50K
42.989944,Local-gov,117629.46,Bachelors,13.010515,Divorced,Prof-specialty,Unmarried,White,Female,18.168316,630.6185,39.997597,United-States,<=50K
50.107285,Self-emp-not-inc,38865.355,Bachelors,13.004617,Married-civ-spouse,Exec-managerial,Husband,White,Male,-32.409565,-0.7677394,40.027855,Italy,>50K
43.02043,Private,177333.75,HS-grad,9.0002575,Married-civ-spouse,Handlers-cleaners,Husband,White,Male,4028.2456,-0.34369007,39.989315,United-States,<=50K
75.13759,Private,33484.59,HS-grad,8.992246,Widowed,Exec-managerial,Not-in-family,White,Female,2963.639,-0.17667499,13.9156,United-States,<=50K
38.007217,Self-emp-inc,183669.83,HS-grad,9.006041,Married-civ-spouse,Sales,Husband,White,Male,8.123883,-0.21567646,54.91205,Italy,>50K
39.07573,Private,530713.3,HS-grad,8.995868,Married-civ-spouse,Craft-repair,Husband,White,Male,0.50474256,-0.52491105,40.01678,United-States,>50K
56.964653,Private,112543.96,HS-grad,8.992872,Married-civ-spouse,Adm-clerical,Husband,White,Male,-1.8636656,-0.3055965,39.991062,United-States,>50K
36.125904,Self-emp-not-inc,172578.75,Bachelors,13.002399,Married-civ-spouse,Exec-managerial,Wife,White,Female,1.9664125,-0.50399125,24.89039,United-States,>50K
26.057465,Federal-gov,48505.73,Masters,14.031957,Never-married,Tech-support,Not-in-family,White,Female,28.279644,0.40866742,39.921402,Cuba,<=50K
56.869125,State-gov,250265.78,HS-grad,9.001621,Married-civ-spouse,Craft-repair,Husband,White,Male,-2.8529234,-0.59083664,39.99851,United-States,<=50K
68.11056,Self-emp-not-inc,449132.44,HS-grad,8.998127,Married-civ-spouse,Farming-fishing,Husband,White,Male,-0.6092711,-0.24063984,20.02159,United-States,<=50K
61.001717,Private,182565.73,11th,6.984389,Married-civ-spouse,Transport-moving,Husband,White,Male,17.524029,-0.47994342,39.990047,United-States,<=50K
38.99142,Private,163232.23,Bachelors,13.013814,Separated,Prof-specialty,Not-in-family,White,Male,24.284527,-0.111977726,50.055126,United-States,>50K
39.107872,Self-emp-not-inc,167091.0,Assoc-acdm,12.020783,Married-civ-spouse,Sales,Husband,Asian-Pac-Islander,Male,7.869733,-0.41984668,72.38785,South,<=50K
45.94736,Private,178079.7,Masters,14.004712,Married-spouse-absent,Exec-managerial,Not-in-family,White,Male,-22.580952,-0.054642823,69.89665,United-States,>50K
67.00637,State-gov,167746.75,HS-grad,8.993807,Married-civ-spouse,Exec-managerial,Husband,White,Male,3483.8123,-0.4399425,34.96559,United-States,<=50K
62.099396,Self-emp-not-inc,39753.34,HS-grad,8.995075,Married-civ-spouse,Sales,Husband,White,Male,1.0711489,-0.36006275,39.983658,United-States,<=50K
35.850307,Private,214362.92,HS-grad,9.01738,Never-married,Craft-repair,Not-in-family,White,Male,38.016216,-0.4280025,65.00565,United-States,<=50K
49.090015,State-gov,208494.84,HS-grad,8.998282,Widowed,Exec-managerial,Not-in-family,White,Female,36.868267,-0.3145763,39.97726,United-States,<=50K
26.074713,Private,92551.766,Assoc-acdm,12.008796,Married-civ-spouse,Adm-clerical,Wife,White,Female,5.5616274,-0.10043445,39.987923,United-States,<=50K
48.06086,Local-gov,216123.14,HS-grad,9.00236,Married-civ-spouse,Craft-repair,Husband,White,Male,0.7430238,-0.25280872,40.002434,United-States,<=50K
51.041782,Local-gov,252738.55,Doctorate,16.044197,Divorced,Prof-specialty,Not-in-family,White,Female,28.934673,0.58656967,45.08343,United-States,>50K
42.01847,Private,68748.39,Some-college,9.997244,Married-civ-spouse,Craft-repair,Husband,Black,Male,0.71128553,-0.47024646,40.02065,United-States,>50K
56.910873,?,402343.06,Some-college,10.002239,Married-civ-spouse,?,Husband,Asian-Pac-Islander,Male,-10.138568,-0.23273578,59.982788,United-States,>50K
42.98683,Private,330827.78,Some-college,10.00102,Married-civ-spouse,Transport-moving,Husband,White,Male,0.6451234,-0.066010624,59.897945,United-States,>50K
65.07755,Private,219784.61,Masters,14.014831,Never-married,Prof-specialty,Not-in-family,White,Male,-11.850726,-0.011773256,59.886925,United-States,<=50K
26.089705,Private,29789.621,Prof-school,15.039692,Never-married,Prof-specialty,Not-in-family,White,Male,14.608747,0.5046681,39.945312,United-States,>50K
42.983723,Federal-gov,590868.25,HS-grad,8.993398,Married-civ-spouse,Craft-repair,Husband,Black,Male,-27.279682,-0.6921779,40.03844,United-States,>50K
48.095985,Self-emp-inc,148538.7,Bachelors,13.015768,Divorced,Sales,Not-in-family,White,Male,18.003033,-0.13292804,60.00896,United-States,>50K
21.267769,Self-emp-not-inc,98492.07,HS-grad,9.003755,Married-civ-spouse,Craft-repair,Husband,White,Male,5.4070864,-0.34786335,39.996315,United-States,<=50K
33.932606,State-gov,237410.2,10th,5.998474,Married-civ-spouse,Craft-repair,Husband,White,Male,16.965435,-0.3703777,39.978615,United-States,>50K
37.02219,Private,98528.11,Bachelors,13.008791,Married-civ-spouse,Prof-specialty,Wife,White,Female,11.746442,-0.107087284,15.91334,United-States,>50K
58.117558,Local-gov,100639.12,Assoc-voc,11.021472,Widowed,Adm-clerical,Not-in-family,White,Female,29.26939,-0.0007411509,39.97436,United-States,<=50K
39.007107,Self-emp-inc,33980.7,Assoc-voc,11.037059,Married-civ-spouse,Farming-fishing,Husband,White,Male,11.531598,-0.21789661,59.93792,United-States,>50K
25.000772,Private,119529.055,Assoc-acdm,12.025121,Never-married,Tech-support,Not-in-family,White,Female,13.72276,2008.7335,30.040468,United-States,<=50K
47.11678,Private,580422.56,HS-grad,8.980453,Married-civ-spouse,Adm-clerical,Husband,Black,Male,-1.4305601,-1.0010997,40.030087,United-States,>50K
65.14841,?,272967.7,HS-grad,9.001274,Widowed,?,Unmarried,White,Male,15.185407,-0.23922077,39.98715,United-States,<=50K
66.07052,Self-emp-not-inc,218571.12,HS-grad,9.006532,Married-civ-spouse,Farming-fishing,Husband,White,Male,2561.9697,-0.4826137,39.980133,United-States,<=50K
26.152153,Private,177746.27,Bachelors,13.001439,Married-civ-spouse,Other-service,Husband,White,Male,11.449811,-0.26096454,45.033653,United-States,>50K
40.846672,Private,252156.28,9th,5.017778,Married-civ-spouse,Machine-op-inspct,Husband,White,Male,38.626324,0.30599102,39.897522,Mexico,<=50K
77.21913,Self-emp-not-inc,183711.98,Bachelors,13.014155,Widowed,Prof-specialty,Not-in-family,White,Female,5.644635,-0.39039722,19.911226,United-States,<=50K
43.109203,Local-gov,34858.887,HS-grad,8.986612,Married-civ-spouse,Exec-managerial,Husband,Other,Male,-9.289203,1890.8386,40.03501,United-States,>50K
64.20344,?,49676.37,HS-grad,8.985295,Married-civ-spouse,?,Husband,White,Male,-30.86855,0.13844189,9.942062,United-States,<=50K
49.980152,Private,97830.82,Some-college,10.009118,Married-civ-spouse,Farming-fishing,Husband,White,Male,10.550641,-0.52047837,39.979256,United-States,>50K
31.00523,Private,172857.08,Bachelors,13.015351,Married-civ-spouse,Tech-support,Husband,Asian-Pac-Islander,Male,-0.2125426,-0.25948444,40.006184,United-States,>50K
39.17497,Private,237110.0,Bachelors,12.996742,Married-civ-spouse,Sales,Husband,White,Male,-3.1339293,-0.3375484,30.025406,United-States,>50K
56.895615,Private,134683.62,10th,5.9859204,Married-civ-spouse,Machine-op-inspct,Husband,Black,Male,-9.018695,0.06620678,47.917812,United-States,<=50K
27.15091,Private,297836.56,Masters,14.01233,Married-civ-spouse,Prof-specialty,Husband,Asian-Pac-Islander,Male,21.555767,-0.92392075,39.909687,Hong,>50K
40.958096,Private,195772.58,Masters,14.022621,Never-married,Prof-specialty,Not-in-family,White,Female,20.665142,0.16351208,39.934444,United-States,<=50K
38.95966,Private,79463.15,Some-college,10.003008,Married-civ-spouse,Other-service,Husband,Asian-Pac-Islander,Male,1.6102114,-0.92272294,84.75648,United-States,>50K
43.828182,Private,346264.2,HS-grad,9.008404,Divorced,Prof-specialty,Not-in-family,White,Male,37.669537,0.04048047,39.956837,United-States,>50K
54.061935,Local-gov,104685.61,Masters,14.018168,Divorced,Prof-specialty,Unmarried,Black,Female,11.371686,-0.30459705,36.966198,United-States,>50K
27.832912,State-gov,383300.47,Some-college,9.999522,Separated,Exec-managerial,Own-child,White,Male,23.663433,2349.995,40.030098,United-States,<=50K
49.140186,Federal-gov,168488.61,HS-grad,8.993859,Married-civ-spouse,Adm-clerical,Wife,Black,Female,-10.2472105,-0.2912685,39.99901,United-States,>50K
33.91086,Private,95688.625,Some-college,10.017278,Divorced,Sales,Not-in-family,White,Female,39.197613,0.027945373,59.903366,United-States,<=50K
45.833195,Federal-gov,54684.887,Some-college,10.014445,Divorced,Machine-op-inspct,Unmarried,White,Male,-5.192767,0.001250121,39.968784,United-States,<=50K
50.08128,Private,301016.78,Bachelors,13.010364,Separated,Sales,Not-in-family,White,Male,24.182232,-0.18068805,39.962635,United-States,>50K
28.916607,Private,196621.23,HS-grad,8.991937,Married-civ-spouse,Other-service,Wife,White,Female,26.13145,1897.4371,34.988728,United-States,>50K
47.098034,?,331990.6,HS-grad,8.992367,Married-civ-spouse,?,Wife,White,Female,21.763775,-0.110360295,7.79224,United-States,>50K
73.25861,Self-emp-not-inc,228026.66,7th-8th,3.9530735,Never-married,Adm-clerical,Not-in-family,White,Female,41.84141,0.04170117,97.93284,United-States,<=50K
42.01376,Private,209955.7,Some-college,9.998717,Married-civ-spouse,Tech-support,Husband,White,Male,-8.05263,-0.20152393,20.041714,United-States,>50K
57.872734,Federal-gov,318903.47,HS-grad,9.006193,Married-civ-spouse,Transport-moving,Husband,White,Male,-22.540424,-0.096001774,69.64624,United-States,<=50K
43.985214,Local-gov,101145.62,Prof-school,15.024207,Separated,Prof-specialty,Unmarried,White,Female,20.735699,-0.52102005,39.965977,United-States,<=50K
36.09834,Private,114161.53,Assoc-voc,11.01355,Married-civ-spouse,Adm-clerical,Husband,White,Male,3.5242739,-0.04509082,40.02136,United-States,>50K
33.17472,Private,219673.11,Assoc-voc,11.025078,Married-civ-spouse,Transport-moving,Husband,White,Male,3.291852,-0.42487445,84.63971,United-States,>50K
39.006348,Private,99447.44,HS-grad,8.99434,Married-civ-spouse,Protective-serv,Wife,White,Female,7.6019106,-0.33101,15.015051,United-States,>50K
57.011543,Federal-gov,62048.31,Prof-school,15.030114,Divorced,Exec-managerial,Not-in-family,Black,Male,-33.231342,-0.0390636,54.960613,United-States,>50K
54.84645,State-gov,338057.66,Some-college,10.015541,Divorced,Adm-clerical,Not-in-family,White,Male,14.328229,0.19094738,39.983166,United-States,<=50K
37.09198,Private,290613.78,Bachelors,12.9889145,Married-civ-spouse,Prof-specialty,Husband,Other,Male,18.359722,-0.71890366,50.095924,?,>50K
51.93236,Private,103967.74,12th,7.9623237,Married-civ-spouse,Exec-managerial,Husband,White,Male,1.3077211,-0.29774585,59.871227,United-States,>50K
39.087196,Private,342712.4,HS-grad,8.994443,Married-civ-spouse,Craft-repair,Husband,White,Male,6.6976137,-0.5166408,30.044456,United-States,<=50K
42.01593,Private,221712.72,Bachelors,13.011399,Never-married,Exec-managerial,Not-in-family,White,Male,9.015729,-0.2175304,54.923077,United-States,>50K
65.0568,Private,172531.1,7th-8th,3.974372,Married-civ-spouse,Machine-op-inspct,Husband,White,Male,27.048443,-0.36210743,39.903534,United-States,<=50K
31.936283,Private,199254.39,Prof-school,15.024223,Never-married,Prof-specialty,Not-in-family,White,Male,6.108014,0.021742675,59.954414,United-States,<=50K
41.908432,State-gov,81114.39,HS-grad,9.001683,Married-civ-spouse,Protective-serv,Husband,White,Male,-15.41347,-1.0466701,72.25632,United-States,>50K
52.99276,Private,276240.44,Assoc-voc,11.020585,Married-civ-spouse,Tech-support,Husband,White,Male,-10.7142515,-0.26926532,40.00642,United-States,>50K
23.385887,Private,15997.871,Some-college,9.96065,Married-civ-spouse,Machine-op-inspct,Husband,Amer-Indian-Eskimo,Male,6.2877016,0.03504834,30.070324,United-States,<=50K
34.115894,Local-gov,33671.137,Some-college,10.004662,Married-civ-spouse,Transport-moving,Husband,White,Male,5.9839907,-0.22881427,40.018,United-States,>50K
61.035843,Local-gov,257232.0,Some-college,10.016886,Divorced,Craft-repair,Unmarried,White,Male,7.658063,-0.34536853,40.013138,United-States,<=50K
34.05803,Private,201546.89,12th,7.9884806,Married-civ-spouse,Other-service,Husband,White,Male,40.696392,-0.4649593,40.011963,Dominican-Republic,<=50K
32.089428,Private,330621.0,Bachelors,13.0009365,Married-civ-spouse,Exec-managerial,Husband,Asian-Pac-Islander,Male,25.819927,-0.40634266,50.186596,China,>50K
26.11465,Federal-gov,56077.76,Prof-school,15.047799,Never-married,Prof-specialty,Not-in-family,Asian-Pac-Islander,Female,16.764019,0.44952282,19.838114,South,<=50K
23.35309,Private,42141.824,Assoc-voc,11.022227,Married-civ-spouse,Craft-repair,Husband,White,Male,0.054303113,-0.24331012,54.87673,United-States,>50K
25.189308,Private,265575.7,HS-grad,8.994406,Married-civ-spouse,Adm-clerical,Husband,Black,Male,3200.458,-0.4674007,40.032997,United-States,<=50K
53.02617,Private,156918.31,Masters,14.006834,Never-married,Prof-specialty,Not-in-family,White,Female,1.3514223,1562.9933,53.801796,United-States,>50K
36.935856,Self-emp-inc,590696.25,Bachelors,13.000992,Never-married,Other-service,Not-in-family,White,Female,27.351421,-0.5325557,50.05735,United-States,>50K
36.903595,Private,53140.87,Bachelors,13.021307,Never-married,Craft-repair,Not-in-family,White,Male,15.982038,-0.15837207,39.955513,United-States,<=50K
33.02144,State-gov,118145.016,Doctorate,16.024834,Married-civ-spouse,Prof-specialty,Husband,Asian-Pac-Islander,Male,35.239605,-0.47107044,50.04522,Hong,<=50K
35.11661,Private,210276.72,Bachelors,13.005417,Never-married,Exec-managerial,Not-in-family,White,Male,-0.8419371,1874.7825,54.8594,United-States,<=50K
31.855177,Private,281106.25,Assoc-voc,11.000866,Divorced,Sales,Unmarried,White,Female,36.52696,1380.7749,39.977657,United-States,<=50K
34.19236,Private,244609.95,Masters,14.002758,Married-civ-spouse,Machine-op-inspct,Husband,White,Male,-2.7628355,0.24339184,39.97353,Poland,>50K
40.072834,Private,64676.707,Some-college,9.994532,Married-civ-spouse,Adm-clerical,Husband,Black,Male,-0.87391955,-0.35312763,54.98396,United-States,>50K
56.910946,Private,198576.12,11th,6.995807,Married-civ-spouse,Machine-op-inspct,Husband,White,Male,7.273053,-0.09088245,39.95869,United-States,<=50K
37.0463,Federal-gov,186385.44,Some-college,10.002855,Married-civ-spouse,Prof-specialty,Husband,White,Male,-11.51723,-0.38812366,40.018806,United-States,>50K
37.991013,Local-gov,256326.7,Bachelors,13.00857,Separated,Prof-specialty,Unmarried,Black,Male,27.612164,-0.77444565,39.987736,United-States,<=50K
51.080185,Self-emp-not-inc,121382.53,Bachelors,13.006135,Married-civ-spouse,Exec-managerial,Husband,White,Male,-33.596577,-0.123345524,24.960697,United-States,<=50K
25.147795,Private,212358.17,Some-college,10.000937,Married-civ-spouse,Sales,Husband,White,Male,15.808942,-0.3479549,40.01296,United-States,>50K
54.92084,Private,409277.1,9th,5.003989,Divorced,Craft-repair,Unmarried,White,Female,99906.445,0.07913861,36.901054,United-States,>50K
36.96809,Private,302460.6,Some-college,10.00166,Married-civ-spouse,Exec-managerial,Wife,Asian-Pac-Islander,Female,13.26109,-0.35625568,40.000652,United-States,>50K
43.005135,Self-emp-not-inc,348307.78,Bachelors,13.013991,Divorced,Exec-managerial,Not-in-family,White,Male,7.0811586,-0.40725055,59.995068,United-States,<=50K
50.02584,Federal-gov,307095.7,Bachelors,13.013702,Divorced,Prof-specialty,Not-in-family,White,Male,-11.7645445,-0.11831775,59.962864,United-States,>50K
51.01179,Private,252107.06,Assoc-voc,11.011857,Never-married,Exec-managerial,Not-in-family,White,Female,23.32066,-0.035561707,43.00392,United-States,<=50K
42.97551,Local-gov,300421.9,Bachelors,13.0062065,Divorced,Adm-clerical,Not-in-family,White,Female,17.490337,0.088065,34.11984,United-States,<=50K
41.860447,Local-gov,44521.402,Bachelors,13.026339,Divorced,Transport-moving,Not-in-family,White,Male,5.6360903,0.19006237,33.203712,United-States,<=50K
42.049557,Private,32084.402,Assoc-voc,10.998538,Married-civ-spouse,Sales,Husband,White,Male,3.1590395,-3.1617234e-05,36.987125,United-States,<=50K
60.05016,Private,94841.695,HS-grad,9.003611,Married-civ-spouse,Exec-managerial,Husband,Asian-Pac-Islander,Male,5.2425356,-0.40608326,44.967274,United-States,>50K
46.986298,Private,201126.6,HS-grad,9.003533,Married-civ-spouse,Transport-moving,Husband,White,Male,9.350934,-0.48579517,40.011616,United-States,<=50K
66.05556,Self-emp-not-inc,324177.0,Bachelors,12.993549,Married-civ-spouse,Sales,Husband,White,Male,-26.282612,-0.5626918,40.036793,United-States,>50K
39.044453,Private,370906.38,Some-college,9.982851,Married-civ-spouse,Sales,Wife,White,Female,17.619,-0.56968796,29.979092,United-States,>50K
50.019882,Private,236516.36,HS-grad,9.007435,Widowed,Sales,Not-in-family,White,Female,22.24229,2449.6877,71.933876,United-States,>50K
36.805103,Private,136391.77,Assoc-voc,11.0293255,Divorced,Sales,Not-in-family,White,Male,37.320415,0.42908368,44.977425,United-States,>50K
64.26768,Private,155116.44,HS-grad,8.99178,Widowed,Exec-managerial,Not-in-family,Black,Male,28.981304,-0.11922565,19.957972,United-States,<=50K
37.945232,State-gov,343138.72,HS-grad,8.993362,Married-civ-spouse,Prof-specialty,Wife,White,Female,20.81773,-0.24331012,39.96331,United-States,>50K
41.13812,Private,266379.72,Some-college,9.994213,Married-civ-spouse,Machine-op-inspct,Husband,Black,Male,-25.605366,1898.1826,40.029667,United-States,>50K
33.06127,Private,173565.28,Bachelors,13.008964,Never-married,Exec-managerial,Not-in-family,White,Female,19.481304,-0.21141925,54.961113,United-States,>50K
34.110718,Private,195071.31,Some-college,9.993889,Married-civ-spouse,Prof-specialty,Wife,White,Female,12.111432,-0.29911152,39.964096,United-States,>50K
36.97006,Private,105284.08,HS-grad,8.989954,Married-civ-spouse,Sales,Husband,Black,Male,14.607282,-0.22494617,39.990147,United-States,>50K
30.856062,Private,328169.94,HS-grad,9.002001,Never-married,Adm-clerical,Unmarried,White,Female,29.474712,2246.4712,40.004635,United-States,<=50K
28.105263,Private,83918.46,Bachelors,13.009593,Married-civ-spouse,Tech-support,Husband,White,Male,-4.650531,-0.29863086,39.999935,United-States,>50K
70.08032,Self-emp-not-inc,268565.16,Assoc-voc,11.026638,Married-civ-spouse,Farming-fishing,Husband,White,Male,-1.5355406,-0.42851368,23.883938,United-States,>50K
44.94775,Self-emp-not-inc,150005.3,Prof-school,15.030069,Never-married,Prof-specialty,Not-in-family,White,Male,0.1377992,0.2680119,30.013506,United-States,>50K
34.28132,Federal-gov,169225.2,Bachelors,12.994054,Married-civ-spouse,Exec-managerial,Wife,Other,Female,-4.364642,-0.35122028,40.033257,United-States,>50K
44.89781,Private,188302.11,Masters,14.031649,Divorced,Prof-specialty,Not-in-family,White,Male,8.625104,0.6742619,37.99305,United-States,<=50K
62.106968,Private,345851.72,Assoc-voc,11.029225,Divorced,Other-service,Not-in-family,White,Male,28.394146,0.13627514,39.973988,United-States,<=50K
43.716904,Self-emp-not-inc,573428.0,5th-6th,3.0619988,Married-civ-spouse,Farming-fishing,Husband,White,Male,72.34642,-0.19953266,39.933605,Mexico,<=50K
34.152405,Self-emp-inc,264592.53,HS-grad,8.997476,Married-civ-spouse,Exec-managerial,Husband,White,Male,-3.9625425,-0.30161396,40.029034,United-States,>50K
58.044464,Self-emp-not-inc,164158.12,Masters,14.033938,Divorced,Sales,Not-in-family,White,Male,0.86167616,0.18002972,18.126024,United-States,<=50K
31.10352,Self-emp-not-inc,176848.81,Some-college,10.001883,Married-civ-spouse,Craft-repair,Husband,White,Male,-3.0089293,-0.8205272,40.023994,United-States,<=50K
57.132786,Private,205039.64,HS-grad,8.958674,Separated,Machine-op-inspct,Not-in-family,White,Male,2184.1067,0.4912785,39.934,Cuba,<=50K
27.961779,Private,33429.918,HS-grad,8.982463,Divorced,Sales,Not-in-family,Amer-Indian-Eskimo,Male,14088.423,0.5384129,39.966328,United-States,>50K
30.897926,Private,132696.06,Assoc-acdm,12.041998,Married-civ-spouse,Craft-repair,Not-in-family,Asian-Pac-Islander,Male,13.671735,-0.09764972,50.04445,United-States,>50K
26.013186,Private,285207.34,Bachelors,13.014436,Never-married,Exec-managerial,Not-in-family,Asian-Pac-Islander,Male,32.088726,0.46961865,34.988956,South,<=50K
32.990288,Local-gov,119350.55,Bachelors,13.013646,Divorced,Protective-serv,Unmarried,White,Female,27.13853,-0.23887745,60.11641,Germany,<=50K
37.96985,Private,499701.7,HS-grad,8.996911,Married-civ-spouse,Handlers-cleaners,Husband,White,Male,21.585552,-0.4449779,40.011265,United-States,<=50K
59.266426,State-gov,262285.88,Bachelors,13.001769,Never-married,Exec-managerial,Not-in-family,Black,Female,25.928082,-0.1963512,40.00545,Outlying-US(Guam-USVI-etc),<=50K
60.06719,Private,147163.75,HS-grad,8.994859,Married-civ-spouse,Sales,Husband,White,Male,2.1919985,-0.2113277,39.979893,United-States,<=50K
38.041084,Private,258544.86,Some-college,9.991745,Married-civ-spouse,Adm-clerical,Wife,White,Female,10.757184,-0.4096996,34.94772,United-States,>50K
51.92693,Federal-gov,164758.81,HS-grad,9.01114,Never-married,Adm-clerical,Not-in-family,White,Male,4.0999575,-0.15751758,47.901306,United-States,>50K
42.00847,Self-emp-not-inc,99078.04,Some-college,9.994429,Married-civ-spouse,Exec-managerial,Husband,White,Male,-12.351703,-0.85524094,40.0202,United-States,>50K
22.37129,Private,233665.16,Bachelors,12.995238,Never-married,Prof-specialty,Not-in-family,Amer-Indian-Eskimo,Female,14365.387,0.33708844,39.968266,United-States,>50K
45.848392,Self-emp-not-inc,244949.7,Some-college,10.019185,Divorced,Exec-managerial,Not-in-family,White,Male,18.093365,-0.4504024,50.023598,United-States,<=50K
40.046513,Private,169864.27,Bachelors,13.01041,Married-spouse-absent,Other-service,Not-in-family,White,Female,34.980816,-0.09366718,39.950592,?,<=50K
39.95847,Private,32753.402,HS-grad,8.996265,Married-civ-spouse,Craft-repair,Wife,White,Female,9.452252,-0.08815876,44.991146,United-States,<=50K
25.388811,Private,625350.56,Bachelors,12.986225,Married-civ-spouse,Prof-specialty,Wife,Black,Female,36.077984,-1.7381603,39.971043,United-States,>50K
47.065533,Self-emp-not-inc,192170.0,HS-grad,8.989936,Married-civ-spouse,Machine-op-inspct,Wife,White,Female,7.4246645,-0.13625446,19.93178,United-States,>50K
39.040348,Self-emp-not-inc,176327.53,HS-grad,9.002674,Married-civ-spouse,Other-service,Husband,White,Male,15.563336,-0.4491817,50.03542,United-States,>50K
46.983532,Self-emp-inc,101144.47,Bachelors,13.023212,Divorced,Exec-managerial,Not-in-family,White,Male,-11.861712,-0.5644542,69.9592,United-States,>50K
30.802736,Private,590236.1,Some-college,9.991216,Married-spouse-absent,Transport-moving,Not-in-family,Black,Male,34.03526,-0.94958603,39.97174,?,<=50K
39.00706,Federal-gov,65356.668,Prof-school,15.027878,Never-married,Prof-specialty,Not-in-family,White,Male,-22.874653,0.20410809,54.843834,United-States,>50K
41.01963,Private,210102.14,Some-college,9.999628,Married-civ-spouse,Transport-moving,Husband,Black,Male,1.1656313,-0.22387043,54.94301,United-States,<=50K
41.00294,Local-gov,209615.42,Masters,14.021034,Never-married,Prof-specialty,Not-in-family,Black,Female,21.974712,0.069472164,39.95166,United-States,<=50K
25.162767,Private,393856.4,Some-college,9.993852,Married-civ-spouse,Sales,Husband,White,Male,9.74278,-0.50228226,40.019238,United-States,<=50K
27.010021,Local-gov,115583.3,HS-grad,8.998233,Married-civ-spouse,Machine-op-inspct,Husband,White,Male,3.2252016,-0.02581134,39.97901,United-States,<=50K
37.975002,Private,175483.4,Some-college,9.996609,Married-civ-spouse,Other-service,Wife,White,Female,20.758892,-0.21338001,39.975327,United-States,<=50K
61.06345,?,226156.81,Some-college,10.005747,Married-spouse-absent,?,Not-in-family,White,Male,-2.813861,-0.00415149,39.978565,United-States,<=50K
24.026823,Private,113635.305,HS-grad,8.998007,Married-civ-spouse,Exec-managerial,Other-relative,White,Male,32.587017,-0.3536388,39.966362,United-States,<=50K
34.092293,Private,169373.58,Some-college,10.003083,Married-civ-spouse,Handlers-cleaners,Husband,White,Male,13.499127,-0.54185593,40.005722,United-States,>50K
59.097935,State-gov,136796.06,Masters,14.014198,Married-civ-spouse,Prof-specialty,Husband,White,Male,-22.62978,-0.040482666,7.9670677,United-States,>50K
34.061466,Private,733133.44,Some-college,9.968888,Never-married,Exec-managerial,Not-in-family,White,Female,28.944195,-1.2937251,50.01646,United-States,<=50K
44.907566,Private,98974.99,HS-grad,8.995573,Married-civ-spouse,Protective-serv,Husband,Black,Male,-10.03139,-0.17141834,39.992146,United-States,>50K
43.856525,Private,102513.22,Some-college,10.012494,Divorced,Prof-specialty,Own-child,White,Male,3481.6938,0.038740966,34.971634,United-States,<=50K
72.79299,Self-emp-not-inc,300093.75,Some-college,9.999105,Married-civ-spouse,Sales,Husband,White,Male,-17.612446,-0.4578258,6.0551834,United-States,>50K
44.82832,Self-emp-not-inc,305884.2,10th,6.0014315,Married-civ-spouse,Craft-repair,Husband,Black,Male,29.342632,-0.25860706,40.015797,Haiti,<=50K
53.007793,?,158789.97,Masters,14.018932,Never-married,?,Not-in-family,White,Female,8738.66,0.5424794,34.90319,United-States,>50K
36.68279,Local-gov,196325.62,7th-8th,3.9982114,Married-civ-spouse,Machine-op-inspct,Husband,White,Male,49.66392,-0.40128437,39.941082,United-States,<=50K
50.98375,Private,116170.38,HS-grad,8.990789,Widowed,Prof-specialty,Unmarried,White,Female,28.947369,-0.2548534,39.942017,United-States,<=50K
67.153305,Private,222440.45,Assoc-voc,11.00635,Divorced,Prof-specialty,Unmarried,White,Female,21.485943,-0.3945171,39.946217,United-States,<=50K
59.02956,?,375447.12,HS-grad,8.9944,Married-civ-spouse,?,Husband,White,Male,-5.9762144,-0.36406818,40.774258,United-States,>50K
25.052082,Private,74505.71,HS-grad,9.006484,Married-civ-spouse,Transport-moving,Husband,White,Male,22.210552,-0.34298053,43.94877,United-States,>50K
37.887493,Private,132341.02,Assoc-acdm,12.040747,Never-married,Craft-repair,Not-in-family,White,Male,16.115337,-0.057908203,39.95369,United-States,<=50K
36.88046,Local-gov,187694.61,Assoc-acdm,12.035158,Divorced,Other-service,Unmarried,White,Male,20.680523,-0.21900287,60.036446,United-States,>50K
29.687021,Private,286789.3,HS-grad,9.005301,Divorced,Exec-managerial,Not-in-family,White,Female,2394.1116,-0.1360561,39.966953,United-States,<=50K
30.955359,Federal-gov,142585.39,Bachelors,13.0078,Never-married,Exec-managerial,Not-in-family,Black,Female,1.6243715,-0.21707264,39.993378,United-States,<=50K
50.018597,State-gov,138566.6,Masters,14.024869,Divorced,Prof-specialty,Not-in-family,White,Male,-2.0245543,0.3447331,59.91914,United-States,>50K
32.154152,State-gov,112811.04,Bachelors,13.006971,Married-civ-spouse,Adm-clerical,Husband,White,Male,-15.066058,-0.22107807,38.087868,United-States,>50K
41.13551,State-gov,283222.72,Assoc-voc,11.000723,Married-civ-spouse,Prof-specialty,Husband,White,Male,3.8536196,-0.28484455,34.9731,United-States,>50K
47.07411,Private,215970.69,Bachelors,13.008697,Divorced,Sales,Unmarried,White,Female,19.994,-0.38661304,50.116627,United-States,<=50K
33.07042,Self-emp-inc,132026.95,HS-grad,9.001733,Married-civ-spouse,Craft-repair,Husband,White,Male,-3.0785093,-0.2241222,40.00046,United-States,>50K
41.850426,Private,444287.75,9th,5.035539,Married-civ-spouse,Craft-repair,Husband,White,Male,37.546734,-0.30906025,39.90932,Mexico,<=50K
62.133396,Private,134895.92,HS-grad,8.990287,Married-civ-spouse,Sales,Husband,White,Male,6.168805,-0.15390888,16.028124,United-States,<=50K
45.89118,State-gov,164365.53,Some-college,10.001493,Married-civ-spouse,Protective-serv,Husband,Black,Male,-17.827778,-0.028199341,69.752396,United-States,>50K
62.095238,Private,246869.58,Some-college,9.995853,Married-civ-spouse,Sales,Husband,White,Male,-10.269183,-0.39079395,40.004333,United-States,>50K
60.160427,Private,223639.28,Bachelors,13.010531,Divorced,Exec-managerial,Unmarried,White,Female,7.8834047,-0.47240558,39.99848,United-States,>50K
65.92528,?,212303.89,Some-college,9.997459,Married-civ-spouse,?,Husband,White,Male,-30.554829,1830.0363,40.029926,United-States,>50K
27.85812,Private,112774.58,Bachelors,13.0194,Never-married,Transport-moving,Not-in-family,White,Male,24.713726,-0.06439319,54.86654,United-States,<=50K
24.3138,Private,41965.918,Some-college,10.002298,Married-civ-spouse,Craft-repair,Husband,White,Male,2242.6257,-0.6441966,39.99419,United-States,<=50K
40.011044,Private,105039.12,HS-grad,8.984926,Married-civ-spouse,Sales,Wife,White,Female,4959.557,0.17960247,19.929379,United-States,<=50K
64.22027,Self-emp-not-inc,32375.121,HS-grad,8.994303,Married-civ-spouse,Exec-managerial,Husband,White,Male,-11.495013,-0.6649715,44.951393,United-States,>50K
30.9031,Private,340220.9,HS-grad,9.00987,Never-married,Craft-repair,Unmarried,White,Male,14352.036,-0.30420032,39.991474,United-States,>50K
43.082905,Private,163222.19,Some-college,9.992081,Married-civ-spouse,Exec-managerial,Husband,Black,Male,-0.98500353,-0.5754558,40.0383,United-States,>50K
34.89096,Private,101357.73,HS-grad,9.012086,Divorced,Exec-managerial,Not-in-family,White,Male,39.211285,-0.14816394,49.986164,United-States,<=50K
53.889755,Local-gov,129774.2,Assoc-voc,11.026152,Married-civ-spouse,Protective-serv,Husband,White,Male,-24.45522,-0.036843445,38.079384,United-States,>50K
37.793655,Private,129976.29,Assoc-voc,11.043108,Never-married,Farming-fishing,Not-in-family,White,Male,45.12144,0.43286023,50.00866,United-States,<=50K
49.026794,Private,148578.44,HS-grad,9.015924,Divorced,Craft-repair,Unmarried,White,Male,27.485943,-0.17681995,50.02588,United-States,<=50K
37.9656,Private,199391.56,HS-grad,9.001197,Married-civ-spouse,Craft-repair,Husband,White,Male,9.921002,-0.5856029,39.998203,United-States,<=50K
69.17502,?,248130.22,1st-4th,1.9780325,Married-civ-spouse,?,Husband,Asian-Pac-Islander,Male,80.999374,0.12851605,34.066154,Philippines,<=50K
58.991783,Self-emp-not-inc,308959.12,HS-grad,9.004403,Married-civ-spouse,Transport-moving,Husband,White,Male,-6.4088316,-0.60843,40.03058,United-States,>50K
55.971516,Private,37374.934,HS-grad,8.995897,Married-civ-spouse,Craft-repair,Husband,Black,Male,-8.469378,-0.22670856,52.01845,United-States,>50K
34.062756,Private,92377.234,HS-grad,9.009324,Married-civ-spouse,Transport-moving,Husband,White,Male,10.51109,-0.5290309,65.02091,United-States,<=50K
31.77459,Private,38182.902,Bachelors,13.0135,Never-married,Tech-support,Not-in-family,Other,Male,25.55894,0.22679028,39.953415,United-States,<=50K
38.008312,Private,217038.6,HS-grad,8.997438,Married-civ-spouse,Craft-repair,Husband,Black,Male,12.804547,-0.47673145,40.01549,United-States,<=50K
34.11237,Self-emp-inc,206534.83,HS-grad,9.009139,Married-civ-spouse,Craft-repair,Husband,White,Male,13.710065,-0.16036335,53.77867,?,>50K
35.89989,Local-gov,255509.28,Prof-school,15.030336,Divorced,Prof-specialty,Unmarried,White,Female,42.19737,-0.22509113,23.815792,Germany,<=50K
27.105515,Private,305013.38,Assoc-acdm,12.006791,Married-civ-spouse,Adm-clerical,Husband,White,Male,-8.599017,-0.53591263,40.03551,United-States,>50K
51.947124,Federal-gov,168338.58,HS-grad,8.999891,Married-civ-spouse,Machine-op-inspct,Husband,White,Male,-32.250385,-0.31355396,39.980385,United-States,>50K
24.331957,Private,326521.28,Assoc-voc,11.008792,Married-civ-spouse,Craft-repair,Husband,White,Male,2.673688,-0.46106067,45.007908,United-States,<=50K
34.10202,Self-emp-not-inc,203319.95,Prof-school,15.011981,Never-married,Prof-specialty,Not-in-family,White,Female,8.149274,-0.20163837,60.02028,United-States,>50K
50.10619,Private,545993.8,Bachelors,12.997616,Married-civ-spouse,Tech-support,Husband,White,Male,-20.623676,-0.71475327,19.994698,United-States,>50K
44.98862,Private,88401.98,Bachelors,13.005145,Married-civ-spouse,Craft-repair,Husband,White,Male,-0.1537047,-0.613351,40.03469,Germany,>50K
40.792995,Private,218247.0,7th-8th,3.9974709,Married-civ-spouse,Transport-moving,Husband,White,Male,53.210552,-0.304742,39.97949,Italy,<=50K
55.946228,Self-emp-not-inc,140337.33,HS-grad,8.99894,Married-civ-spouse,Machine-op-inspct,Husband,White,Male,-10.232562,-0.09307209,44.939926,United-States,<=50K
44.953976,Self-emp-not-inc,102662.0,Bachelors,13.011177,Married-civ-spouse,Transport-moving,Husband,White,Male,-16.607075,-0.7328578,40.044575,United-States,>50K
41.90914,Federal-gov,346990.72,Assoc-acdm,11.987381,Separated,Prof-specialty,Unmarried,White,Female,0.009381239,-0.69021714,39.983273,United-States,>50K
55.877987,Self-emp-not-inc,169644.81,HS-grad,8.998843,Married-civ-spouse,Craft-repair,Husband,White,Male,-5.3065367,-0.65596116,40.001057,United-States,<=50K
27.820545,Private,121708.734,Some-college,10.015136,Never-married,Tech-support,Not-in-family,White,Female,4818.656,0.030043457,39.94341,United-States,<=50K
44.96946,Private,256472.45,HS-grad,8.990851,Married-civ-spouse,Machine-op-inspct,Husband,Black,Male,-4.3370543,-0.05051532,39.987453,United-States,<=50K
55.92424,Local-gov,212370.77,HS-grad,9.0056,Married-civ-spouse,Transport-moving,Husband,White,Male,0.75523084,-0.1339809,40.01491,United-States,>50K
35.02588,Private,287603.06,Assoc-acdm,12.029461,Divorced,Craft-repair,Unmarried,White,Male,12.056989,-0.18270221,45.004974,United-States,>50K
52.710804,Self-emp-not-inc,297990.5,10th,6.006159,Married-civ-spouse,Farming-fishing,Husband,White,Male,22.3065,-0.28845325,39.976223,United-States,<=50K
42.938545,Private,350535.84,Bachelors,13.007533,Never-married,Sales,Not-in-family,White,Male,14.996198,-0.14859119,50.021744,United-States,>50K
34.819073,Private,167017.89,11th,6.9988236,Never-married,Craft-repair,Own-child,White,Male,6905.7046,0.029135559,39.981567,United-States,<=50K
37.907627,?,211688.78,Prof-school,15.038784,Divorced,?,Not-in-family,White,Female,12.912946,0.12482342,30.053907,United-States,<=50K
47.061123,Private,387136.0,Some-college,9.987274,Married-civ-spouse,Prof-specialty,Husband,White,Male,-6.6673765,-0.54708207,40.020782,Scotland,>50K
30.981255,Private,110710.38,HS-grad,9.01211,Married-civ-spouse,Transport-moving,Husband,White,Male,9.1104555,1850.8698,49.998436,United-States,>50K
64.222336,Private,256220.2,Masters,14.017018,Never-married,Prof-specialty,Not-in-family,White,Female,10.369733,-0.01927295,34.87635,United-States,<=50K
61.141857,?,187316.19,Bachelors,13.0112295,Divorced,?,Unmarried,White,Female,7.68736,-0.29286304,39.997856,United-States,<=50K
62.09335,Private,270506.97,9th,5.004308,Married-civ-spouse,Other-service,Husband,Black,Male,31.707378,-0.20638385,41.957485,United-States,<=50K
59.05369,Private,95820.42,HS-grad,9.003091,Married-civ-spouse,Farming-fishing,Husband,White,Male,16.52769,-0.1247417,39.95914,United-States,>50K
59.961,Self-emp-not-inc,95071.99,Some-college,10.002449,Married-civ-spouse,Transport-moving,Husband,White,Male,3051.2942,-0.36671558,45.99051,United-States,<=50K
47.043728,Private,99970.98,7th-8th,3.9804196,Married-civ-spouse,Machine-op-inspct,Wife,Other,Female,77.81346,0.5761632,39.91755,Puerto-Rico,<=50K
33.103443,Local-gov,34534.355,Some-college,10.0019,Married-civ-spouse,Protective-serv,Husband,White,Male,-12.920062,-0.337289,39.992893,United-States,>50K
43.008595,Self-emp-not-inc,180546.5,Bachelors,13.015159,Separated,Craft-repair,Unmarried,White,Male,12.589459,-0.5650493,34.98614,United-States,<=50K
35.176117,Self-emp-not-inc,42296.527,Assoc-acdm,12.026319,Married-civ-spouse,Craft-repair,Husband,White,Male,-17.673725,-0.6615077,40.005253,United-States,<=50K
48.045624,Private,155084.48,Some-college,10.013611,Divorced,Prof-specialty,Not-in-family,White,Male,30.17686,0.04866681,39.949978,United-States,>50K
55.107437,Private,88584.22,Bachelors,13.016959,Divorced,Prof-specialty,Not-in-family,White,Female,19.37193,0.19694409,39.944336,United-States,>50K
40.989555,Private,105481.02,Assoc-acdm,12.007902,Divorced,Exec-managerial,Unmarried,Black,Female,13.796979,-0.37032428,50.150627,United-States,<=50K
33.90995,Self-emp-inc,176785.77,HS-grad,9.017372,Divorced,Sales,Unmarried,White,Male,37.78233,-0.0076457527,50.023727,United-States,>50K
32.126865,Private,113089.734,Bachelors,13.001217,Married-civ-spouse,Adm-clerical,Wife,White,Female,8.692487,-0.07479206,23.852343,United-States,>50K
24.19496,?,377015.84,HS-grad,8.996568,Married-civ-spouse,?,Husband,White,Male,14.046002,-0.18546405,40.00895,United-States,<=50K
49.91763,Private,279926.75,10th,5.999023,Married-civ-spouse,Transport-moving,Husband,White,Male,18.437847,-0.381097,39.988,United-States,>50K
21.39093,Private,195876.02,Some-college,9.993761,Married-civ-spouse,Adm-clerical,Wife,White,Female,24.431255,-0.24098316,28.135733,United-States,<=50K
49.047657,Self-emp-inc,140266.42,Some-college,10.019849,Divorced,Exec-managerial,Not-in-family,White,Male,-0.70936877,2348.6736,49.996746,United-States,<=50K
34.23519,Private,261638.39,Assoc-voc,10.992564,Married-civ-spouse,Adm-clerical,Husband,Black,Male,2.8362856,-0.66730607,45.093616,United-States,>50K
46.05864,Private,194894.06,Bachelors,13.004717,Never-married,Prof-specialty,Not-in-family,Black,Female,24.31187,-0.28967395,44.062107,United-States,>50K
26.845621,State-gov,105567.8,HS-grad,9.010004,Married-civ-spouse,Tech-support,Husband,White,Male,-2.666644,-0.30593982,39.9751,United-States,<=50K
38.915394,Private,339492.66,HS-grad,8.991487,Separated,Machine-op-inspct,Not-in-family,Black,Male,2163.4897,0.31770214,39.95983,United-States,<=50K
42.81867,Private,52870.684,HS-grad,9.022404,Divorced,Transport-moving,Not-in-family,White,Male,40.460796,-0.112633854,59.873302,United-States,<=50K
36.929317,State-gov,28765.23,HS-grad,8.9923315,Married-civ-spouse,Machine-op-inspct,Husband,White,Male,1.3909731,-0.040002014,39.96369,United-States,>50K
52.13179,Private,239784.83,HS-grad,8.984913,Married-civ-spouse,Prof-specialty,Wife,White,Female,19.270123,-0.17144886,39.962906,Peru,>50K
38.833164,Self-emp-not-inc,32957.496,HS-grad,9.0014715,Married-civ-spouse,Farming-fishing,Husband,White,Male,9.048932,-0.7933818,69.94664,United-States,<=50K
41.942444,Federal-gov,272524.94,Assoc-voc,11.008935,Divorced,Adm-clerical,Unmarried,Black,Female,10.415143,-0.5020534,40.013668,United-States,>50K
42.9447,Private,181703.19,Bachelors,13.014116,Never-married,Prof-specialty,Not-in-family,White,Male,13.647077,0.1832951,44.983253,United-States,>50K
28.7074,Private,209017.1,9th,5.0124063,Married-civ-spouse,Machine-op-inspct,Husband,White,Male,33.27183,-0.3507091,39.92697,United-States,<=50K
34.157913,Private,271221.06,Masters,14.00791,Never-married,Exec-managerial,Unmarried,White,Female,4.413434,-0.52815354,50.089596,United-States,<=50K
49.095596,Self-emp-not-inc,307620.25,HS-grad,9.000436,Married-civ-spouse,Sales,Wife,White,Female,6.4522524,-0.28822437,59.924393,United-States,<=50K
41.859886,Self-emp-not-inc,248601.9,Some-college,10.013933,Divorced,Craft-repair,Unmarried,White,Male,14.377301,0.117857784,54.810547,United-States,<=50K
24.101189,Private,301933.6,Bachelors,13.012251,Never-married,Sales,Not-in-family,White,Male,28.432232,0.109015316,44.959408,United-States,<=50K
28.95054,Self-emp-not-inc,33619.402,HS-grad,9.0063305,Married-civ-spouse,Transport-moving,Husband,White,Male,12.640729,-0.51115525,44.989296,United-States,<=50K
65.12365,Self-emp-inc,207660.48,Some-college,9.996051,Married-civ-spouse,Sales,Husband,White,Male,-13.831683,-0.46069446,34.94959,United-States,>50K
37.978657,Self-emp-not-inc,229063.6,HS-grad,9.002781,Married-civ-spouse,Sales,Husband,White,Male,13.453229,-0.31113544,47.96488,United-States,<=50K
50.096226,Private,155757.83,Bachelors,13.00629,Widowed,Prof-specialty,Unmarried,White,Female,14.515241,-0.5398952,39.961723,United-States,<=50K
31.074907,Private,150972.27,Some-college,10.00533,Married-civ-spouse,Transport-moving,Husband,White,Male,5106.45,-0.58583176,40.02665,United-States,>50K
48.131615,Self-emp-not-inc,198233.0,Bachelors,13.012335,Never-married,Prof-specialty,Not-in-family,White,Male,10.356549,0.03982434,34.933075,United-States,>50K
29.197557,Private,369992.56,Bachelors,12.993382,Married-civ-spouse,Exec-managerial,Husband,White,Male,4.441266,-0.6030284,50.12037,France,>50K
47.097935,Private,170601.27,Assoc-acdm,12.004314,Married-civ-spouse,Adm-clerical,Wife,White,Female,-6.4784117,-0.214883,39.999546,Italy,>50K
56.9557,Private,175144.33,Some-college,10.012899,Divorced,Exec-managerial,Not-in-family,White,Female,25.131695,-0.1936504,50.058353,United-States,>50K
50.102764,State-gov,159814.16,Bachelors,13.010216,Married-civ-spouse,Exec-managerial,Husband,White,Male,-22.001362,-0.8136455,40.032143,Canada,>50K
65.968994,?,116448.2,11th,6.9760227,Married-civ-spouse,?,Husband,White,Male,5.3067446,-0.14051929,39.972305,United-States,<=50K
61.202965,State-gov,347909.9,Bachelors,13.005039,Divorced,Exec-managerial,Unmarried,Black,Female,11.536237,-0.7391139,40.011032,United-States,<=50K
37.933517,Private,224949.69,HS-grad,8.956602,Married-civ-spouse,Machine-op-inspct,Husband,White,Male,34.737896,0.08531079,39.951935,Cuba,>50K
65.13123,?,116693.92,Assoc-voc,10.996452,Married-civ-spouse,?,Wife,White,Female,-5.834857,-0.45856586,56.01286,United-States,>50K
53.90664,Private,339537.44,HS-grad,9.004175,Never-married,Adm-clerical,Not-in-family,White,Male,28.180523,-0.12709919,40.698166,United-States,<=50K
34.207188,Private,232389.47,Assoc-acdm,11.99425,Married-civ-spouse,Prof-specialty,Husband,Black,Male,-13.481097,-0.48269764,50.10311,United-States,>50K
72.92614,Private,332901.8,HS-grad,9.0104,Married-civ-spouse,Farming-fishing,Husband,White,Male,7.989606,-0.14165607,49.9897,United-States,<=50K
30.71969,Private,168499.03,11th,6.9820504,Married-civ-spouse,Sales,Wife,White,Female,45.961285,0.13118634,20.070616,United-States,<=50K
43.968807,State-gov,153891.58,Some-college,10.012954,Divorced,Adm-clerical,Not-in-family,Black,Female,20.249126,1599.0386,40.00196,United-States,<=50K
28.92116,Private,143921.44,HS-grad,8.997715,Married-civ-spouse,Machine-op-inspct,Husband,White,Male,4.498395,0.06469616,44.943306,United-States,<=50K
29.119865,Self-emp-not-inc,178343.27,Assoc-acdm,12.010227,Married-civ-spouse,Sales,Husband,White,Male,-2.3585386,-0.25883594,50.052647,United-States,<=50K
52.938038,Private,181189.94,9th,5.005882,Married-civ-spouse,Other-service,Husband,White,Male,50.103863,-0.26943317,39.959393,Dominican-Republic,<=50K
30.897581,Private,108043.13,Bachelors,13.004659,Never-married,Prof-specialty,Unmarried,Other,Male,34.15098,-0.0904018,39.981365,United-States,<=50K
53.994194,Private,338760.66,Assoc-acdm,11.992759,Married-spouse-absent,Machine-op-inspct,Unmarried,Asian-Pac-Islander,Female,6.062604,-0.43595996,39.99255,Philippines,<=50K
29.98981,Private,202086.48,HS-grad,9.011289,Married-civ-spouse,Protective-serv,Husband,White,Male,0.83457655,-0.33689228,59.862732,United-States,>50K
53.63722,Private,51064.965,5th-6th,3.0109076,Married-civ-spouse,Transport-moving,Husband,White,Male,52.858013,-0.3742763,39.940372,United-States,>50K
28.055311,Private,269433.56,HS-grad,8.999646,Married-civ-spouse,Exec-managerial,Husband,White,Male,14.84068,-0.43428913,44.982716,United-States,>50K
43.928864,State-gov,203321.4,Masters,14.020391,Never-married,Exec-managerial,Not-in-family,White,Female,4.673444,0.25206646,39.956047,United-States,<=50K
57.02625,Self-emp-not-inc,97910.734,HS-grad,8.988771,Married-civ-spouse,Adm-clerical,Wife,White,Female,10.29942,-0.05745044,15.993246,United-States,<=50K
60.050247,Private,367354.97,Assoc-acdm,12.001177,Married-civ-spouse,Adm-clerical,Husband,White,Male,-26.43935,-0.5468837,40.033733,United-States,>50K
25.975264,State-gov,412588.28,Bachelors,13.01149,Never-married,Exec-managerial,Not-in-family,White,Male,20.245953,-0.18179432,39.989765,United-States,<=50K
45.884785,Private,35052.73,Assoc-acdm,12.028533,Married-civ-spouse,Craft-repair,Husband,White,Male,-15.56264,-0.58398545,39.993725,United-States,>50K
25.215096,Private,352059.03,Some-college,9.984481,Married-civ-spouse,Adm-clerical,Wife,Black,Female,3162.908,-0.75176346,39.997498,United-States,>50K
40.745308,Private,110831.38,10th,6.002333,Married-civ-spouse,Transport-moving,Husband,White,Male,17.554302,-0.05153766,59.760674,United-States,<=50K
38.978756,Private,113071.13,HS-grad,8.996329,Divorced,Other-service,Unmarried,Black,Female,5459.2183,-0.11024585,39.989407,United-States,<=50K
49.848362,Self-emp-inc,200141.52,7th-8th,4.0353355,Married-civ-spouse,Craft-repair,Husband,White,Male,27.000591,1975.7955,62.507004,?,>50K
26.111412,Private,274961.9,Some-college,10.003229,Married-civ-spouse,Protective-serv,Husband,White,Male,-2.1739683,-0.43928638,40.012478,United-States,<=50K
39.717026,Private,243128.78,5th-6th,3.0288186,Married-civ-spouse,Craft-repair,Husband,White,Male,52.930035,-0.311906,39.931423,United-States,<=50K
43.90458,Private,146582.53,Some-college,10.014823,Divorced,Adm-clerical,Own-child,White,Male,14349.223,0.0044620964,39.984276,United-States,>50K
45.998215,Local-gov,198697.55,Bachelors,13.012868,Separated,Prof-specialty,Unmarried,White,Male,19.873394,-0.4456264,39.98878,United-States,<=50K
23.243942,Self-emp-inc,215683.72,HS-grad,9.005886,Married-civ-spouse,Sales,Husband,White,Male,7.0982485,1980.272,40.031223,United-States,>50K
25.02643,Private,79157.516,12th,8.000356,Married-civ-spouse,Transport-moving,Husband,White,Male,27.961773,-0.39133564,40.01323,United-States,<=50K
57.00642,Private,200429.5,Assoc-acdm,12.029002,Widowed,Adm-clerical,Other-relative,White,Female,36.74571,-0.37638202,39.972427,United-States,<=50K
40.172173,Private,233236.4,Bachelors,12.996833,Married-civ-spouse,Protective-serv,Husband,Black,Male,-27.84682,-0.4721538,40.029507,United-States,>50K
53.02202,Private,103669.6,Bachelors,13.009883,Never-married,Other-service,Not-in-family,White,Male,8663.793,0.27642712,50.053738,Italy,>50K
40.825863,Private,119526.24,11th,6.9737587,Married-civ-spouse,Craft-repair,Husband,White,Male,24.741314,-0.3244106,49.966656,United-States,<=50K
62.11826,Private,256731.14,Some-college,10.027879,Divorced,Farming-fishing,Not-in-family,White,Male,36.519634,0.17632946,39.97563,United-States,<=50K
43.94452,Self-emp-not-inc,108905.68,Masters,14.013799,Divorced,Exec-managerial,Unmarried,White,Female,-2.4237242,-0.20407978,39.990147,United-States,<=50K
48.22047,Self-emp-inc,369106.22,Bachelors,12.995624,Married-civ-spouse,Exec-managerial,Wife,White,Female,-9.813861,-0.6737834,24.88475,United-States,>50K
35.20531,State-gov,88563.75,Bachelors,13.011235,Married-civ-spouse,Exec-managerial,Husband,White,Male,-13.946429,-0.40423694,40.023567,United-States,>50K
35.02452,Self-emp-not-inc,348384.56,11th,6.977314,Married-civ-spouse,Craft-repair,Husband,White,Male,17.251568,-0.4837505,36.073265,United-States,<=50K
43.04916,Private,340177.72,Assoc-voc,10.990278,Married-civ-spouse,Sales,Husband,White,Male,3.2855043,-0.51004136,40.005848,United-States,>50K
43.001682,Private,178519.66,HS-grad,8.986355,Married-civ-spouse,Adm-clerical,Wife,White,Female,21.344585,-0.12246814,24.90117,United-States,>50K
46.008366,Private,503504.2,HS-grad,8.985614,Married-civ-spouse,Machine-op-inspct,Husband,Black,Male,4438.4453,-0.5391246,39.99495,United-States,>50K
31.706932,Local-gov,71836.08,Assoc-voc,11.041256,Never-married,Protective-serv,Not-in-family,Asian-Pac-Islander,Female,27.464703,0.45657238,50.03885,United-States,<=50K
22.290197,State-gov,47400.76,Some-college,9.98947,Married-civ-spouse,Other-service,Husband,White,Male,10.120465,-0.20661274,25.039637,United-States,<=50K
34.15428,Private,226058.95,Masters,14.017142,Divorced,Exec-managerial,Unmarried,Black,Female,13.359967,-0.495721,39.969265,United-States,<=50K
54.888042,Private,196977.11,Some-college,9.997148,Married-civ-spouse,Transport-moving,Husband,White,Male,-2.6224546,0.0821217,6.10973,United-States,>50K
33.822453,Private,69850.2,9th,5.029787,Married-civ-spouse,Machine-op-inspct,Wife,Other,Female,88.83971,0.41116986,39.897026,Portugal,<=50K
36.81638,Private,210073.78,Some-college,10.020163,Divorced,Machine-op-inspct,Not-in-family,White,Male,21.22813,0.30258068,51.90275,United-States,<=50K
48.187466,Private,199255.38,Bachelors,13.012316,Divorced,Priv-house-serv,Not-in-family,White,Female,40.96153,-0.33956257,44.11612,Germany,<=50K
26.826376,Private,408089.1,HS-grad,9.00615,Married-civ-spouse,Farming-fishing,Husband,White,Male,33.346294,-0.33657947,39.991367,United-States,>50K
37.058304,Self-emp-inc,27861.777,Some-college,10.0014105,Married-civ-spouse,Sales,Husband,White,Male,-9.624408,1499.2843,43.919094,United-States,>50K
41.00871,Private,143123.48,Masters,14.019223,Never-married,Adm-clerical,Not-in-family,White,Female,10.636334,0.43468365,39.957306,United-States,<=50K
40.91152,Self-emp-inc,238693.38,Some-college,10.012596,Married-civ-spouse,Farming-fishing,Husband,White,Male,4.590192,-0.5172359,50.052856,United-States,<=50K
45.96517,Private,137146.62,Masters,14.005148,Married-civ-spouse,Tech-support,Husband,Asian-Pac-Islander,Male,-15.926898,-0.0823299,39.9966,Philippines,>50K
38.927048,Private,313825.44,10th,6.002037,Married-civ-spouse,Craft-repair,Husband,White,Male,6.536969,2054.8315,39.99488,United-States,<=50K
67.94013,?,269717.22,10th,5.988012,Married-civ-spouse,?,Husband,White,Male,1.7627993,-0.20302692,34.94719,United-States,<=50K
67.96136,Private,285049.72,11th,7.003828,Divorced,Transport-moving,Not-in-family,White,Male,40.19224,-0.09906879,69.61172,United-States,<=50K
41.11998,Federal-gov,371326.16,Some-college,9.989415,Married-civ-spouse,Exec-managerial,Husband,Black,Male,-26.689594,-0.5385295,40.06619,United-States,>50K
34.02758,Private,95153.05,Assoc-acdm,12.033104,Never-married,Adm-clerical,Not-in-family,Asian-Pac-Islander,Female,8625.758,-0.015549806,60.007633,United-States,>50K
30.074905,Private,39181.184,HS-grad,9.00035,Married-civ-spouse,Exec-managerial,Husband,White,Male,-0.061419543,-0.6223308,64.953995,United-States,>50K
25.846867,Private,248268.75,11th,6.9820523,Married-civ-spouse,Adm-clerical,Husband,White,Male,30.007671,-0.2862331,39.996044,United-States,>50K
31.958673,Federal-gov,89786.22,HS-grad,9.004773,Never-married,Exec-managerial,Unmarried,White,Female,6.4141665,1395.3217,40.00053,United-States,<=50K
46.095913,Local-gov,313839.53,Prof-school,15.037534,Separated,Prof-specialty,Not-in-family,Black,Male,4672.5283,-0.42803302,39.97001,United-States,<=50K
41.023674,Self-emp-not-inc,119927.46,Some-college,9.997438,Married-civ-spouse,Machine-op-inspct,Husband,White,Male,3018.1692,-0.23526874,39.996822,United-States,>50K
36.997044,Private,195522.25,Some-college,9.9991045,Married-civ-spouse,Sales,Husband,White,Male,8.66734,-0.36301532,40.011074,United-States,>50K
43.077763,Self-emp-not-inc,155070.23,Bachelors,12.9999895,Married-civ-spouse,Machine-op-inspct,Wife,Asian-Pac-Islander,Female,7.8240786,-0.31798664,80.902916,Thailand,<=50K
21.09324,Private,209519.0,Assoc-voc,10.9819565,Married-civ-spouse,Other-service,Other-relative,White,Female,73.03941,-0.61235154,50.015255,Mexico,<=50K
36.955322,Private,443360.78,Some-college,9.988375,Married-civ-spouse,Machine-op-inspct,Wife,White,Female,2.6663637,-0.37885395,39.969997,United-States,>50K
51.947483,Private,37400.12,HS-grad,9.009603,Divorced,Craft-repair,Not-in-family,White,Male,28.232037,-0.085770756,39.944824,United-States,>50K
52.83117,Self-emp-not-inc,257170.8,7th-8th,3.9872127,Married-civ-spouse,Machine-op-inspct,Husband,White,Male,40.901714,-0.35833088,39.932888,United-States,<=50K
33.00926,Private,399779.4,HS-grad,9.004854,Married-civ-spouse,Handlers-cleaners,Husband,White,Male,24.452984,-0.35497394,50.007687,United-States,>50K
37.928654,Private,133346.23,Bachelors,13.015027,Divorced,Prof-specialty,Not-in-family,White,Female,27.571392,0.12286267,50.069794,United-States,>50K
58.028694,Private,224555.22,Some-college,9.997131,Married-civ-spouse,Other-service,Husband,White,Male,3.5369692,-0.539384,40.01381,United-States,<=50K
30.804796,Private,252973.4,10th,5.996444,Married-civ-spouse,Sales,Husband,White,Male,30.724224,-0.1118938,39.96597,United-States,<=50K
42.915268,Private,92494.78,Some-college,10.014389,Divorced,Exec-managerial,Not-in-family,White,Male,25.774761,-0.11049762,44.945206,United-States,<=50K
34.089,Private,157590.72,HS-grad,8.998667,Married-civ-spouse,Adm-clerical,Husband,White,Male,12.767194,-0.311906,44.97891,United-States,>50K
29.642288,Private,102685.85,HS-grad,9.005645,Never-married,Machine-op-inspct,Not-in-family,White,Male,9.232526,1755.4767,41.856724,United-States,<=50K
44.959915,State-gov,72668.18,Assoc-voc,11.013165,Married-civ-spouse,Prof-specialty,Husband,White,Male,0.2015199,-0.047646668,39.998352,United-States,>50K
43.954197,Private,103635.85,HS-grad,8.994906,Married-civ-spouse,Craft-repair,Husband,Black,Male,9.606793,-0.44730487,40.00524,United-States,>50K
64.01623,Federal-gov,113494.91,Assoc-acdm,12.022839,Married-civ-spouse,Protective-serv,Husband,Black,Male,-36.776264,-0.27435413,40.0144,United-States,<=50K
52.004356,Private,357914.8,HS-grad,9.008366,Divorced,Adm-clerical,Unmarried,White,Male,24.082378,-0.33802906,39.99352,United-States,<=50K
48.043644,Private,50884.137,Some-college,9.995004,Married-civ-spouse,Craft-repair,Husband,White,Male,4.505475,-0.546548,40.019264,Germany,<=50K
42.964615,Private,146730.14,Some-college,10.007078,Never-married,Adm-clerical,Unmarried,White,Male,20.329693,-0.29413715,47.96537,United-States,>50K
42.983017,Private,115184.4,Masters,14.009352,Divorced,Exec-managerial,Unmarried,White,Female,-9.476703,2553.8252,39.987286,United-States,>50K
41.88006,Private,387349.2,Some-college,10.0144415,Divorced,Sales,Not-in-family,White,Male,28.724957,-0.040513184,49.988857,United-States,>50K
42.02209,Self-emp-not-inc,120866.56,HS-grad,8.991963,Married-civ-spouse,Craft-repair,Husband,White,Male,-4.2423277,-0.2008678,24.011938,United-States,<=50K
31.96614,Private,323346.1,Masters,14.02054,Never-married,Exec-managerial,Not-in-family,White,Female,12.689313,-0.047272827,45.01465,United-States,<=50K
36.500748,Private,123677.766,1st-4th,1.9764684,Married-civ-spouse,Other-service,Husband,White,Male,85.865585,0.1778706,52.713627,Mexico,<=50K
27.999657,Local-gov,326892.53,HS-grad,9.007366,Married-civ-spouse,Protective-serv,Husband,White,Male,3981.6282,-0.35565296,40.007305,United-States,<=50K
30.848139,Private,258252.3,HS-grad,9.011154,Married-spouse-absent,Other-service,Not-in-family,White,Female,34.207867,-0.5307399,80.95665,Italy,<=50K
58.89731,Federal-gov,32863.277,HS-grad,8.999127,Married-civ-spouse,Craft-repair,Husband,White,Male,-25.184956,-0.44571033,39.978672,United-States,>50K
38.066227,Local-gov,169250.75,Bachelors,13.006177,Married-civ-spouse,Protective-serv,Husband,Asian-Pac-Islander,Male,-13.886615,-0.36520496,40.028797,Philippines,>50K
40.993587,Private,32424.73,HS-grad,8.990523,Married-civ-spouse,Machine-op-inspct,Husband,White,Male,-3.9400816,-0.107567936,39.961834,United-States,>50K
31.11407,Private,418445.12,Assoc-acdm,12.005096,Married-civ-spouse,Craft-repair,Husband,White,Male,-10.212543,-0.4730617,40.031334,United-States,>50K
43.998585,Self-emp-not-inc,361438.94,Some-college,9.991011,Married-civ-spouse,Sales,Husband,Asian-Pac-Islander,Male,5.437604,0.095427364,80.66666,Philippines,>50K
30.073845,Self-emp-inc,77500.875,HS-grad,8.995656,Married-civ-spouse,Exec-managerial,Husband,White,Male,-13.540912,-0.8362514,64.966156,Canada,>50K
42.894985,Private,186682.75,Some-college,10.008017,Never-married,Other-service,Not-in-family,White,Male,2127.8877,-0.14605823,44.942505,United-States,<=50K
35.25029,Private,347151.22,Bachelors,12.999692,Married-civ-spouse,Transport-moving,Husband,White,Male,-1.7122984,-0.59439194,40.054443,United-States,<=50K
51.97838,Private,170303.1,12th,7.982661,Married-civ-spouse,Craft-repair,Husband,White,Male,8.390241,-0.46123615,40.007286,United-States,<=50K
34.249805,Local-gov,191397.58,Bachelors,13.002451,Married-civ-spouse,Craft-repair,Husband,Black,Male,-7.786517,-0.56252396,45.074223,United-States,>50K
39.0087,Self-emp-not-inc,189165.11,HS-grad,9.002101,Married-civ-spouse,Exec-managerial,Husband,White,Male,-9.729388,-0.4987041,59.87868,United-States,>50K
30.950695,State-gov,99917.18,Masters,14.022897,Divorced,Exec-managerial,Unmarried,White,Female,6.8445864,-0.10512653,50.089535,United-States,>50K
55.804943,Local-gov,38658.855,Assoc-acdm,12.035209,Married-civ-spouse,Tech-support,Husband,White,Male,-27.465473,-0.46833912,44.92002,United-States,>50K
43.969887,Self-emp-not-inc,84498.58,Bachelors,13.018157,Married-civ-spouse,Craft-repair,Husband,Asian-Pac-Islander,Male,-12.406878,-0.6646358,40.021843,United-States,>50K
24.931477,Private,188829.84,HS-grad,9.007335,Married-civ-spouse,Craft-repair,Own-child,White,Male,31.751568,-0.16371265,39.981327,United-States,<=50K
57.91683,Self-emp-not-inc,233660.8,HS-grad,8.999628,Married-civ-spouse,Farming-fishing,Husband,White,Male,-3.3011656,-0.52906144,72.19259,United-States,<=50K
48.066833,Self-emp-not-inc,136051.11,Some-college,9.999386,Married-civ-spouse,Other-service,Wife,White,Female,6.480817,-0.18838611,59.8939,United-States,<=50K
40.90212,Private,197328.19,Some-college,10.014426,Never-married,Craft-repair,Not-in-family,White,Male,46.930035,-0.14785114,50.031773,Japan,<=50K
50.94977,Self-emp-inc,138548.56,Some-college,10.005611,Divorced,Exec-managerial,Unmarried,White,Female,12.073834,-0.23194233,50.08697,United-States,<=50K
32.09984,Private,180231.02,Some-college,10.007973,Married-civ-spouse,Transport-moving,Husband,White,Male,9.083112,-0.20462146,59.867817,United-States,>50K
60.053066,Private,165690.97,Some-college,10.002504,Married-civ-spouse,Handlers-cleaners,Husband,White,Male,2.9146547,-0.6868068,39.997482,United-States,<=50K
43.95217,Private,221703.6,Masters,14.025025,Divorced,Prof-specialty,Unmarried,White,Female,17.477886,-0.10453144,24.869078,United-States,>50K
44.979927,Private,102313.164,Assoc-voc,11.017301,Married-civ-spouse,Craft-repair,Husband,White,Male,-0.43690783,-0.38578907,40.013027,Canada,>50K
38.06608,Private,152283.19,Some-college,9.988165,Married-civ-spouse,Exec-managerial,Husband,White,Male,-3.5804625,-0.42399707,30.04579,United-States,>50K
49.1218,Local-gov,176564.88,Masters,14.022277,Divorced,Prof-specialty,Not-in-family,White,Female,8.291608,0.19509777,59.977936,United-States,<=50K
34.26295,Federal-gov,199431.64,Some-college,9.997355,Married-civ-spouse,Adm-clerical,Husband,Black,Male,-21.059711,-0.6376811,40.051884,United-States,>50K
52.04045,Private,175512.48,HS-grad,8.99228,Married-civ-spouse,Machine-op-inspct,Husband,Black,Male,-10.98891,-0.07894245,48.022003,United-States,<=50K
33.081173,Self-emp-inc,138190.08,HS-grad,9.040391,Married-civ-spouse,Exec-managerial,Husband,Asian-Pac-Islander,Male,2.1487856,0.33268628,84.5817,Taiwan,>50K
30.963402,Federal-gov,108105.914,Assoc-acdm,12.032922,Married-civ-spouse,Tech-support,Husband,White,Male,-37.953266,-0.16957203,39.989677,United-States,<=50K
53.96557,State-gov,92203.03,Bachelors,13.019208,Never-married,Prof-specialty,Unmarried,Asian-Pac-Islander,Female,17.821148,-0.20231739,39.976425,United-States,>50K
39.001904,Local-gov,163159.16,Some-college,10.007606,Never-married,Adm-clerical,Not-in-family,White,Female,2160.7063,-0.04673877,43.931087,United-States,<=50K
56.969475,Federal-gov,47775.777,Masters,14.015156,Divorced,Exec-managerial,Not-in-family,White,Female,-30.900043,0.12337384,59.957825,United-States,>50K
45.969078,Without-pay,142395.28,HS-grad,8.987038,Married-civ-spouse,Machine-op-inspct,Wife,White,Female,-9.95766,-0.060807373,24.998024,United-States,<=50K
65.20412,Self-emp-not-inc,115355.74,Bachelors,13.005288,Married-civ-spouse,Sales,Husband,White,Male,3833.2512,-0.35159412,9.904064,United-States,<=50K
29.921505,Private,228758.67,Bachelors,13.0112705,Never-married,Exec-managerial,Not-in-family,White,Male,16.500103,-0.1877071,54.894592,United-States,>50K
40.964363,Private,205468.84,Some-college,10.011623,Never-married,Craft-repair,Not-in-family,Black,Male,20.98936,-0.19856372,44.998295,United-States,<=50K
29.059116,Private,277391.44,Assoc-voc,11.005709,Married-civ-spouse,Adm-clerical,Husband,White,Male,7.454938,-0.29973713,40.037975,United-States,<=50K
62.12877,Private,142576.08,Some-college,10.017346,Divorced,Other-service,Not-in-family,White,Female,32.470318,-0.14478412,59.87847,United-States,<=50K
33.130554,Self-emp-not-inc,109306.15,Some-college,9.993234,Married-civ-spouse,Sales,Husband,White,Male,3.807477,-0.43610492,24.962652,United-States,<=50K
39.019993,Private,85599.85,HS-grad,8.993366,Married-civ-spouse,Other-service,Husband,White,Male,20.20274,-0.37043872,39.986366,United-States,>50K
40.008812,Private,178704.52,Bachelors,13.010466,Divorced,Sales,Not-in-family,White,Male,9.375592,1566.1239,59.964108,United-States,>50K
51.97934,Federal-gov,191307.89,Some-college,10.000477,Separated,Exec-managerial,Not-in-family,White,Female,10.505475,-0.33794513,39.986744,United-States,<=50K
34.98652,Private,186138.88,Masters,14.033842,Separated,Prof-specialty,Not-in-family,White,Male,24.358257,0.27642712,39.93859,United-States,>50K
35.03861,Private,355962.8,Assoc-acdm,12.015405,Never-married,Other-service,Not-in-family,White,Female,31.147076,-0.36986652,80.81005,United-States,>50K
57.942318,Local-gov,303814.47,HS-grad,9.017192,Divorced,Craft-repair,Not-in-family,White,Male,22.281109,0.030188415,39.97865,United-States,<=50K
66.140205,Self-emp-not-inc,262309.16,Some-college,9.999136,Married-civ-spouse,Farming-fishing,Husband,White,Male,9.998395,0.08272442,6.990196,United-States,<=50K
48.074234,Private,44921.543,Assoc-voc,11.027987,Divorced,Prof-specialty,Not-in-family,White,Male,4669.796,0.5049809,50.000263,United-States,<=50K
43.017147,Private,152472.73,Some-college,9.99724,Married-civ-spouse,Machine-op-inspct,Husband,Black,Male,-16.66689,-0.26690784,50.097565,United-States,<=50K
42.008446,Private,188180.42,Bachelors,13.010689,Divorced,Adm-clerical,Unmarried,White,Male,9.30943,-0.0097209485,30.027534,United-States,<=50K
31.821602,Private,233086.0,11th,6.9879723,Married-civ-spouse,Handlers-cleaners,Husband,White,Male,39.392925,-0.29291645,39.980377,United-States,<=50K
36.968784,Local-gov,165867.14,HS-grad,9.000112,Married-civ-spouse,Handlers-cleaners,Husband,Black,Male,18.142925,-0.11570087,40.00927,United-States,<=50K
26.060452,Private,215187.19,Assoc-acdm,11.992865,Married-civ-spouse,Sales,Wife,White,Female,6.67735,-0.30809894,50.042336,United-States,>50K
34.138317,Private,206686.84,Some-college,10.004401,Married-civ-spouse,Handlers-cleaners,Husband,White,Male,2.371686,1886.4097,40.032623,United-States,>50K
30.962992,Private,322562.3,HS-grad,9.00993,Married-civ-spouse,Transport-moving,Husband,White,Male,19.201763,-0.34044757,50.03111,United-States,>50K
51.993637,Local-gov,235168.86,Bachelors,13.00943,Married-civ-spouse,Tech-support,Husband,White,Male,-24.550434,-0.40759388,40.01927,United-States,<=50K
47.073364,Private,167484.58,Masters,14.019446,Divorced,Prof-specialty,Unmarried,White,Female,11.058209,-0.16459766,39.94477,United-States,>50K
31.001831,Local-gov,120172.5,HS-grad,9.000824,Married-civ-spouse,Craft-repair,Husband,White,Male,-0.23085314,-0.8916255,69.775566,United-States,>50K
58.0418,Self-emp-not-inc,140443.39,Bachelors,13.02194,Married-civ-spouse,Farming-fishing,Husband,White,Male,-8.953753,-0.34641376,34.958908,United-States,<=50K
35.848866,Private,297537.4,Bachelors,13.012547,Never-married,Sales,Not-in-family,Asian-Pac-Islander,Female,58.965313,0.33830914,50.154778,China,<=50K
63.13718,Self-emp-not-inc,148098.47,Bachelors,12.999011,Married-civ-spouse,Sales,Husband,White,Male,-18.68813,-0.53773606,30.027536,United-States,>50K
32.10253,State-gov,246533.77,Assoc-acdm,12.014831,Married-civ-spouse,Prof-specialty,Husband,White,Male,-1.9102964,-0.24572864,47.996616,United-States,>50K
31.987396,Private,163873.86,HS-grad,9.017039,Married-civ-spouse,Tech-support,Husband,White,Male,3.6326723,-0.39476886,59.814213,United-States,>50K
59.01635,Federal-gov,25051.434,HS-grad,8.993972,Married-civ-spouse,Sales,Wife,White,Female,-14.525775,-0.016945984,39.952496,United-States,>50K
45.003265,Local-gov,265334.34,Masters,13.99917,Married-civ-spouse,Prof-specialty,Husband,White,Male,-7.80556,-0.013535646,39.99938,France,>50K
78.20042,?,165918.34,Masters,14.024252,Widowed,?,Not-in-family,White,Female,-4.8077574,0.016226623,14.946344,United-States,<=50K
26.036467,Private,190860.28,Bachelors,13.014024,Never-married,Prof-specialty,Not-in-family,White,Male,26.764019,0.10932812,39.969063,Scotland,<=50K
50.92247,State-gov,21111.809,HS-grad,8.999884,Divorced,Exec-managerial,Not-in-family,White,Male,15.767682,0.14551434,37.085045,United-States,>50K
20.86598,Private,188319.6,HS-grad,9.021536,Never-married,Handlers-cleaners,Not-in-family,White,Male,3531.8616,-0.07561603,59.81376,United-States,<=50K
48.038944,Self-emp-not-inc,395394.38,Some-college,9.985473,Married-civ-spouse,Exec-managerial,Husband,White,Male,-16.860004,0.0029285878,59.918495,United-States,<=50K
50.948277,Self-emp-inc,209955.48,HS-grad,9.003538,Never-married,Exec-managerial,Not-in-family,White,Male,10653.081,-0.06533161,39.965996,United-States,>50K
48.069984,Self-emp-not-inc,120637.63,Some-college,9.996532,Married-civ-spouse,Prof-specialty,Husband,White,Male,-0.4210387,-0.49073902,34.983017,United-States,>50K
36.990585,Private,33202.59,Bachelors,13.01031,Married-civ-spouse,Tech-support,Wife,White,Female,-3.723773,-0.081620365,39.968815,United-States,>50K
63.158394,Private,77197.04,Masters,13.992848,Married-civ-spouse,Prof-specialty,Husband,Other,Male,-10.324115,-0.21556965,39.969482,India,>50K
20.493938,Private,50302.902,Some-college,9.990835,Married-civ-spouse,Sales,Husband,Black,Male,15.134381,-0.36455646,34.96189,United-States,<=50K
54.741795,Private,176017.52,10th,6.001313,Married-civ-spouse,Transport-moving,Husband,White,Male,17.602642,-0.096627384,49.95698,United-States,<=50K
28.77389,Private,86150.34,11th,6.999585,Married-civ-spouse,Machine-op-inspct,Husband,White,Male,24.123638,-0.34920612,39.951206,United-States,<=50K
37.83019,Private,173686.44,10th,5.9912076,Married-civ-spouse,Craft-repair,Husband,Black,Male,22.484722,-0.10151783,44.9583,United-States,<=50K
37.059696,Local-gov,180180.55,Bachelors,13.002735,Married-civ-spouse,Other-service,Husband,White,Male,-4.465228,-0.27452198,40.03447,United-States,>50K
35.105106,Private,107678.01,Bachelors,13.009348,Widowed,Prof-specialty,Unmarried,White,Female,24.90318,-0.5095302,31.947515,United-States,>50K
53.93296,Private,190093.94,Bachelors,13.021104,Divorced,Handlers-cleaners,Not-in-family,White,Male,19.904888,0.08943066,34.98658,United-States,<=50K
34.07416,State-gov,278122.28,HS-grad,9.003338,Married-civ-spouse,Transport-moving,Husband,Black,Male,13.233502,-0.48551288,40.037086,United-States,<=50K
35.198265,Private,143157.9,Some-college,9.990825,Married-civ-spouse,Adm-clerical,Wife,White,Female,4028.196,-0.24192157,27.037855,United-States,<=50K
50.99491,Private,232917.77,HS-grad,9.0015,Married-civ-spouse,Craft-repair,Husband,White,Male,4.09361,-0.4901134,44.96858,United-States,>50K
33.051693,State-gov,339775.78,Doctorate,16.021791,Married-civ-spouse,Tech-support,Husband,White,Male,-17.426655,0.44776043,44.99608,United-States,>50K
32.145187,Private,36921.465,Assoc-acdm,12.020196,Married-civ-spouse,Adm-clerical,Husband,White,Male,-8.252826,-0.33746448,44.983578,United-States,>50K
25.358809,Private,401529.06,Bachelors,12.992624,Married-civ-spouse,Exec-managerial,Husband,White,Male,-4.7747984,-0.7011882,40.05762,United-States,>50K
25.06993,Private,158341.73,HS-grad,8.997975,Married-civ-spouse,Adm-clerical,Wife,White,Female,23.738384,-0.09230915,50.03298,United-States,>50K
70.995445,Private,211113.42,Some-college,10.003047,Married-civ-spouse,Sales,Husband,White,Male,-7.0028257,-0.47525135,4.291771,United-States,<=50K
28.892864,Private,77100.164,Prof-school,15.033263,Never-married,Prof-specialty,Own-child,White,Male,16.30235,0.114584774,50.01619,United-States,<=50K
41.072163,Private,147140.5,HS-grad,8.975223,Married-civ-spouse,Sales,Husband,Amer-Indian-Eskimo,Male,25.947613,0.08101544,50.055862,United-States,<=50K
35.125797,Private,508927.75,Bachelors,13.00148,Never-married,Exec-managerial,Not-in-family,White,Female,18.332623,-0.5489894,45.027287,United-States,<=50K
32.802635,Private,231931.52,9th,5.0260615,Married-civ-spouse,Craft-repair,Husband,White,Male,46.16148,-0.048836853,32.972633,Mexico,<=50K
34.935345,Self-emp-not-inc,160471.05,HS-grad,9.012421,Married-civ-spouse,Farming-fishing,Husband,White,Male,14.100934,-0.55302536,50.021397,United-States,<=50K
48.02212,State-gov,176660.17,Some-college,10.003627,Married-civ-spouse,Protective-serv,Husband,White,Male,-16.254536,-0.5083095,39.99814,United-States,>50K
41.860764,Private,34788.59,Doctorate,16.039608,Never-married,Prof-specialty,Not-in-family,White,Male,26.799664,0.24543652,50.004753,United-States,<=50K
34.054924,Private,243441.5,HS-grad,8.996984,Married-civ-spouse,Other-service,Husband,White,Male,24.415874,-0.4425594,40.003605,United-States,>50K
50.007484,Private,20441.512,Some-college,10.013867,Divorced,Other-service,Unmarried,Asian-Pac-Islander,Male,38.959087,-0.30897632,40.02323,Philippines,<=50K
58.09225,Private,352685.1,HS-grad,8.991133,Married-civ-spouse,Adm-clerical,Wife,White,Female,5.210553,-0.37467304,39.976418,United-States,>50K
39.003452,Self-emp-not-inc,315753.88,Bachelors,13.012982,Never-married,Sales,Own-child,Asian-Pac-Islander,Male,30.543804,-0.1701366,60.111423,Iran,<=50K
52.897533,Local-gov,177066.84,Some-college,9.995628,Married-civ-spouse,Adm-clerical,Husband,White,Male,-13.078998,-0.4360744,40.022045,United-States,>50K
47.078037,Private,242356.77,Some-college,10.008369,Divorced,Machine-op-inspct,Not-in-family,Black,Female,12.645368,1413.5846,39.96649,United-States,<=50K
42.989716,Private,51655.605,HS-grad,9.002821,Married-civ-spouse,Machine-op-inspct,Husband,White,Male,-4.5738707,-0.17611042,65.07191,United-States,<=50K
40.014477,Private,136437.17,HS-grad,8.995426,Married-civ-spouse,Sales,Husband,White,Male,15.866315,-0.07376972,39.985912,United-States,>50K
59.984024,Self-emp-not-inc,377437.34,HS-grad,9.000677,Married-civ-spouse,Craft-repair,Husband,White,Male,-12.688861,-0.45671192,41.937664,United-States,>50K
40.05799,Private,294350.97,HS-grad,9.000517,Married-civ-spouse,Transport-moving,Husband,Black,Male,16.324566,-0.44992176,40.02772,United-States,>50K
31.191828,Self-emp-not-inc,277515.2,Some-college,9.997518,Married-civ-spouse,Exec-managerial,Husband,White,Male,-20.144428,1886.5608,40.07242,United-States,>50K
37.910378,Private,29638.2,Bachelors,13.016001,Never-married,Sales,Not-in-family,White,Male,17.63145,0.3017262,47.93905,United-States,>50K
52.035812,Private,83117.55,Assoc-voc,11.02821,Divorced,Other-service,Not-in-family,White,Male,28.737408,0.15157208,32.08184,United-States,<=50K
28.160696,Private,336997.2,Some-college,9.997285,Married-civ-spouse,Adm-clerical,Husband,White,Male,6.715192,-0.48053852,50.058563,United-States,>50K
61.024845,Private,186216.66,Some-college,10.004123,Married-civ-spouse,Machine-op-inspct,Husband,White,Male,-28.779926,-0.16670337,55.94867,United-States,<=50K
52.702892,State-gov,153248.55,10th,6.001117,Married-civ-spouse,Transport-moving,Husband,White,Male,18.194195,-0.20405689,39.98797,United-States,>50K
38.881115,Private,256745.23,HS-grad,9.02326,Divorced,Craft-repair,Not-in-family,White,Male,38.766705,-0.32450214,59.849194,United-States,<=50K
27.984053,Private,303017.0,Bachelors,13.007677,Separated,Exec-managerial,Not-in-family,White,Female,33.11729,-0.5337535,50.11093,United-States,>50K
28.953457,Private,408421.38,HS-grad,8.996671,Married-civ-spouse,Sales,Husband,White,Male,17.092876,-0.3438579,40.001705,United-States,<=50K
66.03449,Self-emp-inc,219670.0,HS-grad,8.996035,Married-civ-spouse,Adm-clerical,Wife,White,Female,0.2652406,-0.31841388,39.9932,United-States,>50K
40.052376,Self-emp-not-inc,405453.84,Some-college,9.98732,Married-civ-spouse,Prof-specialty,Wife,White,Female,3.9661684,-0.6023189,39.98345,United-States,>50K
38.959923,Self-emp-not-inc,164668.23,Doctorate,16.038624,Never-married,Prof-specialty,Not-in-family,White,Male,4763.9717,0.3495091,39.95837,United-States,>50K
42.745102,Private,222170.75,11th,6.9971337,Divorced,Farming-fishing,Not-in-family,White,Male,54.921734,-0.35261646,80.84034,United-States,<=50K
37.04622,Self-emp-inc,51637.387,Assoc-voc,11.006195,Married-civ-spouse,Sales,Husband,White,Male,1.7022524,-0.029023316,40.012188,United-States,>50K
44.00797,Self-emp-not-inc,230286.34,Some-college,9.99738,Married-civ-spouse,Other-service,Husband,White,Male,1.5438051,-0.68251145,40.030907,United-States,>50K
50.94124,Self-emp-not-inc,73663.914,Masters,14.011945,Divorced,Prof-specialty,Unmarried,White,Male,-16.174946,-0.042870667,59.960953,United-States,>50K
30.02122,Private,172500.88,Some-college,10.015409,Married-civ-spouse,Tech-support,Husband,White,Male,4.590436,-0.33063617,49.997444,United-States,>50K
31.17233,Self-emp-not-inc,162849.8,Bachelors,13.002449,Married-civ-spouse,Exec-managerial,Wife,White,Female,-0.05702501,-0.48636737,40.022423,United-States,>50K
22.293037,Self-emp-not-inc,357225.9,HS-grad,9.01089,Married-civ-spouse,Craft-repair,Husband,White,Male,8.909528,-0.16718403,59.83573,United-States,<=50K
37.91328,State-gov,33789.48,Masters,14.033054,Divorced,Adm-clerical,Not-in-family,White,Female,15.38487,0.49301037,39.951096,United-States,<=50K
62.074203,Local-gov,67356.81,HS-grad,9.003155,Married-civ-spouse,Transport-moving,Husband,White,Male,-2.6051207,-0.088067204,39.997017,United-States,<=50K
39.00931,State-gov,177509.34,Bachelors,13.014374,Never-married,Prof-specialty,Not-in-family,White,Female,26.898785,0.14312634,39.95738,United-States,<=50K
26.642387,Private,154860.38,9th,5.0219746,Married-civ-spouse,Farming-fishing,Husband,Amer-Indian-Eskimo,Male,64.575424,-0.15066639,39.952175,United-States,<=50K
31.991016,State-gov,110591.34,HS-grad,9.007443,Married-civ-spouse,Craft-repair,Husband,White,Male,3.5064516,-0.55154526,48.956562,United-States,>50K
36.917747,State-gov,121485.33,HS-grad,9.011397,Married-civ-spouse,Protective-serv,Husband,White,Male,-3.484271,-0.32987323,54.849804,United-States,>50K
26.971264,Private,39003.496,HS-grad,8.999875,Married-civ-spouse,Craft-repair,Husband,White,Male,15.279401,-0.3551189,39.980556,United-States,<=50K
58.07153,Self-emp-inc,229042.06,Some-college,10.000509,Widowed,Sales,Not-in-family,White,Female,32.665386,-0.3234798,19.992086,United-States,>50K
30.869448,?,259717.64,Some-college,9.994802,Married-civ-spouse,?,Wife,White,Female,24.20567,-0.16101184,9.846725,United-States,<=50K
39.115456,Federal-gov,407737.38,HS-grad,8.999924,Married-civ-spouse,Adm-clerical,Husband,White,Male,-20.55312,-0.5801784,40.033848,United-States,<=50K
40.84255,Self-emp-inc,116406.15,Some-college,10.008784,Married-civ-spouse,Farming-fishing,Husband,White,Male,-2.3875914,-0.7041484,64.88153,United-States,<=50K
49.02337,Private,81032.44,Some-college,10.008851,Married-civ-spouse,Craft-repair,Husband,Asian-Pac-Islander,Male,3.4952211,-0.68163407,39.99719,United-States,>50K
36.9258,Self-emp-not-inc,258463.27,HS-grad,8.970565,Married-civ-spouse,Transport-moving,Husband,White,Male,30.937847,-0.5005809,45.033134,Cuba,>50K
35.02546,Self-emp-not-inc,295357.53,Bachelors,13.013987,Divorced,Sales,Not-in-family,White,Male,29.4752,-0.06160083,36.999783,United-States,<=50K
40.046257,Federal-gov,73307.67,Some-college,10.006702,Married-civ-spouse,Tech-support,Husband,White,Male,-29.985249,-0.3440868,39.98829,United-States,>50K
34.24763,Self-emp-not-inc,35590.574,Assoc-voc,11.017167,Married-civ-spouse,Exec-managerial,Husband,White,Male,-2.9300718,-0.37091938,59.92881,United-States,>50K
26.935183,Local-gov,282081.0,Bachelors,13.0041275,Never-married,Prof-specialty,Not-in-family,Other,Female,56.651714,-0.054017212,45.02091,?,<=50K
41.890896,State-gov,383373.25,HS-grad,9.010396,Divorced,Adm-clerical,Not-in-family,White,Male,26.7252,-0.009751466,39.982742,United-States,<=50K
36.94398,Private,116237.984,HS-grad,9.001126,Married-civ-spouse,Protective-serv,Husband,White,Male,-1.0799742,-0.4124538,39.978333,United-States,>50K
28.84567,Self-emp-not-inc,37008.637,HS-grad,8.986628,Married-civ-spouse,Other-service,Wife,White,Female,34.680767,-0.22966877,30.064922,United-States,<=50K
49.97554,State-gov,78136.266,HS-grad,9.002927,Married-civ-spouse,Craft-repair,Husband,White,Male,-15.424701,1503.3672,39.994686,United-States,>50K
63.10449,Private,280155.06,9th,5.014023,Married-civ-spouse,Handlers-cleaners,Husband,White,Male,39.806988,-0.2405788,31.962723,United-States,<=50K
27.881828,Private,118277.76,Bachelors,13.016948,Separated,Sales,Not-in-family,White,Male,35.98521,0.21277508,41.99615,United-States,<=50K
66.06006,Private,233515.48,Some-college,9.990147,Married-civ-spouse,Exec-managerial,Husband,White,Male,-18.742329,-0.8127681,23.94153,United-States,<=50K
39.067387,Local-gov,351422.62,Assoc-acdm,12.004297,Married-civ-spouse,Craft-repair,Wife,White,Female,-8.768207,-0.25564685,50.065422,United-States,>50K
35.00066,Private,202512.06,Assoc-voc,11.033909,Never-married,Craft-repair,Not-in-family,White,Male,22.309673,0.15142712,49.994423,United-States,<=50K
48.175137,Private,118779.85,Assoc-voc,11.010162,Married-civ-spouse,Other-service,Husband,Asian-Pac-Islander,Male,20.85899,-0.380273,56.004055,Philippines,>50K
66.01631,Self-emp-not-inc,297571.78,Assoc-voc,10.995455,Married-civ-spouse,Prof-specialty,Husband,White,Male,-22.502338,-0.602914,50.07098,United-States,<=50K
36.019215,Private,33154.246,Assoc-voc,10.994993,Married-civ-spouse,Exec-managerial,Wife,White,Female,8.734479,-0.459016,50.088737,United-States,>50K
49.00601,Private,169716.7,7th-8th,3.9768023,Married-civ-spouse,Machine-op-inspct,Husband,Black,Male,33.950054,-0.031701233,39.919167,United-States,<=50K
51.993965,Private,163135.1,12th,8.006501,Married-civ-spouse,Machine-op-inspct,Husband,White,Male,-16.200336,1638.596,39.997025,United-States,<=50K
60.18635,State-gov,68705.336,Masters,14.019796,Married-civ-spouse,Prof-specialty,Husband,Asian-Pac-Islander,Male,2.8616762,0.46660504,38.01017,China,>50K
50.07395,Private,105556.85,HS-grad,8.982557,Married-civ-spouse,Sales,Wife,Black,Female,11.878034,1490.8121,36.946514,United-States,>50K
47.057774,Private,160577.17,HS-grad,8.985028,Married-civ-spouse,Exec-managerial,Wife,White,Female,13.495221,-0.08508411,30.002443,United-States,>50K
31.025148,?,182213.17,Bachelors,12.998645,Married-civ-spouse,?,Wife,White,Female,4165.592,-0.24086872,30.01433,Canada,<=50K
25.71848,Private,519568.0,10th,6.0100703,Married-civ-spouse,Handlers-cleaners,Wife,White,Female,37.629498,-0.102906376,39.941475,United-States,<=50K
35.941166,Local-gov,94261.78,Bachelors,13.015941,Divorced,Prof-specialty,Unmarried,White,Female,30.056744,-0.18270221,39.988228,United-States,<=50K
34.96353,Private,306543.03,Some-college,10.014985,Never-married,Sales,Not-in-family,White,Male,25.07359,-0.1077663,65.01804,United-States,<=50K
39.039547,Private,333605.2,Bachelors,12.9986725,Separated,Prof-specialty,Unmarried,White,Female,35.78892,-1.1466762,50.11242,United-States,>50K
49.982502,Private,49796.12,HS-grad,9.003799,Married-civ-spouse,Tech-support,Husband,White,Male,0.7369203,-0.25956836,39.963665,United-States,>50K
44.027237,Private,764626.06,Masters,14.0186615,Separated,Exec-managerial,Not-in-family,White,Male,18.613628,2574.141,39.97823,United-States,>50K
48.09332,Private,283185.5,Masters,14.028164,Divorced,Exec-managerial,Not-in-family,White,Male,-2.4532652,0.36475262,39.960545,United-States,<=50K
62.203278,Private,210301.7,Bachelors,12.99801,Married-civ-spouse,Adm-clerical,Wife,White,Female,-11.142474,-0.46273914,29.99119,United-States,>50K
35.014317,Private,146822.6,Some-college,10.006149,Never-married,Machine-op-inspct,Not-in-family,White,Male,1.1607485,1982.093,39.95872,United-States,<=50K
53.062565,Self-emp-not-inc,263201.97,Bachelors,12.992708,Married-civ-spouse,Sales,Husband,White,Male,-14.1378355,-0.6537715,40.04703,Canada,>50K
29.12198,Self-emp-not-inc,402993.03,Assoc-voc,11.019559,Married-civ-spouse,Farming-fishing,Husband,White,Male,9.962995,-0.3319179,90.65847,United-States,<=50K
31.725082,Private,201962.05,11th,6.988631,Married-civ-spouse,Handlers-cleaners,Husband,White,Male,54.24473,-0.1811687,40.018547,Columbia,<=50K
41.967472,Local-gov,226157.47,HS-grad,9.005156,Married-civ-spouse,Protective-serv,Husband,White,Male,-10.50307,-0.32404438,39.996124,United-States,>50K
34.9234,Private,65658.76,Assoc-acdm,12.043707,Never-married,Handlers-cleaners,Not-in-family,White,Male,31.428326,0.11234173,49.993835,United-States,<=50K
23.009027,Private,116429.18,Some-college,10.017591,Never-married,Exec-managerial,Not-in-family,White,Male,42.80894,-0.07803455,44.88867,?,<=50K
25.30479,Federal-gov,28016.402,Some-college,9.996789,Married-civ-spouse,Exec-managerial,Husband,White,Male,-23.525043,-0.45199695,40.009434,United-States,>50K
25.910429,Private,488171.28,Assoc-acdm,12.017243,Never-married,Craft-repair,Not-in-family,White,Male,15.399274,-0.13292804,39.96644,United-States,<=50K
35.026936,Private,261191.33,Masters,14.019082,Never-married,Sales,Not-in-family,White,Male,8.339215,0.08766827,59.925232,United-States,<=50K
44.021023,Self-emp-inc,119917.414,Assoc-voc,11.005674,Married-civ-spouse,Sales,Husband,White,Male,-3.479144,-0.2154552,45.010685,United-States,>50K
33.002422,Self-emp-inc,134236.61,HS-grad,9.005815,Married-civ-spouse,Farming-fishing,Husband,White,Male,2809.788,-0.81166184,69.94746,United-States,<=50K
44.942616,Local-gov,223835.56,Bachelors,13.009587,Divorced,Prof-specialty,Unmarried,White,Female,4876.97,-0.34369007,50.11717,United-States,>50K
64.29446,Private,186428.22,Bachelors,13.010212,Married-civ-spouse,Exec-managerial,Husband,White,Male,3007.8074,0.027685974,3.572594,United-States,<=50K
65.12933,Federal-gov,200021.8,HS-grad,9.001985,Widowed,Adm-clerical,Not-in-family,White,Female,11.472516,-0.3474132,39.96885,United-States,<=50K
66.97128,Private,157686.45,HS-grad,9.0243,Divorced,Transport-moving,Not-in-family,White,Male,29.293804,-0.22059742,59.83855,United-States,<=50K
44.87312,Private,175443.39,Bachelors,13.019851,Divorced,Machine-op-inspct,Not-in-family,White,Male,4.043317,0.1543034,39.959404,United-States,<=50K
45.93648,Private,55389.59,HS-grad,8.992748,Married-civ-spouse,Machine-op-inspct,Husband,White,Male,-24.691303,1892.291,39.986305,United-States,>50K
28.066263,Private,293182.34,HS-grad,8.999322,Married-civ-spouse,Craft-repair,Husband,White,Male,-0.2906676,1748.0942,30.083921,United-States,<=50K
39.983788,Private,33611.543,Some-college,10.006752,Married-civ-spouse,Transport-moving,Husband,White,Male,5.2283754,-0.34675708,50.063644,United-States,<=50K
35.109333,Private,262149.44,HS-grad,9.003843,Married-civ-spouse,Craft-repair,Husband,Black,Male,6.651227,-0.20192066,59.946125,United-States,>50K
52.95297,Private,346723.28,HS-grad,9.009702,Divorced,Prof-specialty,Not-in-family,White,Male,4771.633,0.20606884,45.93233,United-States,>50K
46.77052,State-gov,101280.17,7th-8th,3.994308,Married-civ-spouse,Transport-moving,Husband,White,Male,45.715435,-0.41359058,39.979885,United-States,<=50K
43.84475,Local-gov,254440.14,Assoc-acdm,12.042608,Divorced,Tech-support,Not-in-family,Black,Male,8.515973,0.34868512,40.00361,United-States,<=50K
34.720215,Private,97732.84,10th,6.0172715,Divorced,Craft-repair,Not-in-family,White,Male,40.786236,-0.32930103,59.738358,United-States,<=50K
27.981262,Private,78218.74,Bachelors,13.015091,Never-married,Sales,Not-in-family,White,Male,8783.939,0.21604809,39.9614,United-States,>50K
54.9441,Private,170701.1,HS-grad,9.010208,Divorced,Craft-repair,Unmarried,Black,Male,21.8065,-0.12900653,47.999397,United-States,>50K
31.899069,Private,160397.0,Bachelors,13.007165,Never-married,Sales,Not-in-family,White,Male,10.544782,1568.5712,49.97246,United-States,>50K
29.816267,Private,114522.02,11th,6.9793224,Married-civ-spouse,Craft-repair,Husband,White,Male,28.807964,-0.34960285,39.97432,United-States,<=50K
48.109936,Private,174432.03,Assoc-acdm,12.014948,Married-civ-spouse,Machine-op-inspct,Husband,White,Male,-25.968647,0.14531597,39.990383,United-States,<=50K
50.956474,State-gov,192984.39,HS-grad,9.007616,Married-civ-spouse,Craft-repair,Husband,White,Male,-5.4207945,-0.3799602,55.897312,United-States,>50K
47.024395,Federal-gov,223735.17,HS-grad,9.004888,Married-civ-spouse,Transport-moving,Husband,Black,Male,-12.706195,-0.4589626,40.038715,United-States,>50K
46.005314,Private,135328.47,Assoc-voc,11.007276,Married-civ-spouse,Craft-repair,Husband,Black,Male,-7.494525,-0.49009052,40.0149,United-States,>50K
40.043015,Private,193036.61,Assoc-acdm,11.98957,Separated,Machine-op-inspct,Not-in-family,White,Male,18.773052,0.2712544,39.999645,Outlying-US(Guam-USVI-etc),<=50K
65.99691,Private,241957.42,HS-grad,8.991973,Married-civ-spouse,Other-service,Husband,White,Male,8.750104,-0.27472034,34.09705,United-States,<=50K
71.860756,Private,158181.86,Bachelors,13.006246,Married-civ-spouse,Sales,Husband,White,Male,1134.4901,-0.5543605,5.984173,United-States,<=50K
54.044113,State-gov,136772.19,Doctorate,16.040173,Never-married,Exec-managerial,Not-in-family,White,Female,10.772321,0.5685719,39.95841,United-States,>50K
40.082,?,161787.3,Some-college,9.987972,Married-civ-spouse,?,Wife,White,Female,10.138288,-0.07945362,24.921513,United-States,<=50K
27.874601,Self-emp-inc,214522.78,HS-grad,9.009202,Never-married,Exec-managerial,Not-in-family,White,Female,30.490093,-0.6325389,69.98381,United-States,<=50K
31.91148,Private,267936.7,Assoc-voc,11.015079,Never-married,Tech-support,Unmarried,White,Female,23.120464,-0.26869312,59.977776,United-States,<=50K
24.938702,Private,302799.9,12th,8.047407,Never-married,Machine-op-inspct,Not-in-family,White,Male,27.066753,1749.8796,39.95474,United-States,<=50K
43.014534,Private,70946.05,Some-college,9.999295,Married-civ-spouse,Sales,Husband,White,Male,0.2796449,-0.26818195,44.980522,United-States,<=50K
28.036417,Private,471637.22,Bachelors,13.007737,Never-married,Prof-specialty,Not-in-family,Black,Male,26.671246,-0.37421528,39.965157,United-States,<=50K
24.250378,Private,306924.12,Some-college,10.005731,Married-civ-spouse,Transport-moving,Husband,White,Male,11.532819,-0.5635997,40.038456,United-States,<=50K
46.965534,Federal-gov,26478.574,HS-grad,9.00448,Divorced,Adm-clerical,Not-in-family,White,Female,9.223737,0.04675946,39.95437,United-States,<=50K
28.98204,Private,183164.39,HS-grad,8.98387,Married-civ-spouse,Farming-fishing,Husband,White,Male,31.836285,-0.5883876,96.951385,United-States,<=50K
50.007828,State-gov,172807.53,HS-grad,9.001595,Married-civ-spouse,Handlers-cleaners,Husband,White,Male,1.7713442,-0.22161976,39.986263,United-States,<=50K
24.27889,Self-emp-not-inc,106842.58,Some-college,10.002734,Married-civ-spouse,Sales,Husband,White,Male,11.7215395,-0.44963947,40.01279,United-States,<=50K
35.13631,Self-emp-not-inc,192416.08,Masters,14.000658,Married-civ-spouse,Sales,Husband,Asian-Pac-Islander,Male,-2.6256285,-0.23481098,39.98352,?,>50K
38.139633,Local-gov,33518.246,Bachelors,12.993753,Married-civ-spouse,Exec-managerial,Husband,Amer-Indian-Eskimo,Male,1.1192446,0.082548946,50.148827,United-States,>50K
29.106924,Private,169293.33,Assoc-acdm,12.008687,Married-civ-spouse,Sales,Husband,White,Male,-5.2511168,-0.20124164,50.04528,United-States,>50K
56.827988,Self-emp-not-inc,34895.76,HS-grad,9.007126,Married-civ-spouse,Farming-fishing,Husband,White,Male,-1.2997007,-0.5539104,59.812862,United-States,>50K
55.93471,State-gov,91469.445,HS-grad,9.003961,Widowed,Adm-clerical,Unmarried,Asian-Pac-Islander,Female,33.26353,-0.28697315,40.010128,United-States,<=50K
71.79989,?,108801.44,Prof-school,15.00632,Married-civ-spouse,?,Husband,White,Male,-43.24233,-0.29453388,40.003777,United-States,>50K
56.94213,Private,55942.574,HS-grad,8.999474,Married-civ-spouse,Other-service,Husband,White,Male,12.068952,-0.38047138,59.833313,United-States,<=50K
35.053307,Private,404256.9,Doctorate,16.032495,Never-married,Prof-specialty,Not-in-family,White,Female,27.381939,-0.09861866,80.60767,United-States,>50K
30.857685,Private,322825.06,Assoc-acdm,11.997909,Divorced,Sales,Unmarried,White,Female,18.64732,887.1882,44.997253,United-States,<=50K
43.768932,Private,221537.7,HS-grad,9.026089,Divorced,Tech-support,Not-in-family,White,Male,35.517925,-0.039002564,49.972626,United-States,>50K
30.696863,Private,30432.168,Assoc-voc,11.046424,Divorced,Craft-repair,Not-in-family,White,Male,33.032818,-0.081757694,39.956238,United-States,<=50K
31.161133,Private,145124.69,Bachelors,13.005708,Married-civ-spouse,Craft-repair,Husband,White,Male,-3.4518003,-0.5913478,40.023666,United-States,>50K
50.0614,Local-gov,166262.2,HS-grad,8.996362,Married-civ-spouse,Adm-clerical,Wife,White,Female,20.585796,-0.1513454,39.99213,United-States,>50K
43.048107,Self-emp-inc,208956.75,Prof-school,15.010359,Married-civ-spouse,Prof-specialty,Husband,White,Male,-26.506489,-0.1975719,24.93314,United-States,>50K
62.996082,Federal-gov,101333.58,Masters,14.022211,Divorced,Prof-specialty,Not-in-family,White,Male,-31.106098,0.5593327,39.94101,United-States,>50K
64.1184,Self-emp-not-inc,108726.5,Some-college,9.994387,Married-civ-spouse,Exec-managerial,Husband,White,Male,-36.785297,1437.2318,34.97295,United-States,<=50K
33.965473,Private,110853.67,Bachelors,13.031875,Never-married,Exec-managerial,Other-relative,White,Male,39.41392,-0.20132557,39.96427,United-States,<=50K
37.87541,Private,191755.42,HS-grad,9.007779,Never-married,Other-service,Unmarried,White,Male,41.021343,1416.3502,39.952232,?,<=50K
62.08976,Private,160011.08,1st-4th,1.9556221,Married-civ-spouse,Priv-house-serv,Wife,Black,Female,76.77525,-0.030762818,29.95769,United-States,<=50K
37.994507,Private,178510.7,Some-college,9.998974,Married-civ-spouse,Prof-specialty,Husband,White,Male,5.7930727,-0.29556385,50.01152,?,>50K
69.958664,Local-gov,88285.5,Masters,13.999792,Never-married,Prof-specialty,Unmarried,White,Female,7893.263,-0.45415607,50.07203,United-States,>50K
35.034153,Private,137536.3,HS-grad,8.996083,Married-civ-spouse,Handlers-cleaners,Husband,White,Male,18.590923,-0.3228542,35.027004,United-States,<=50K
89.72767,Private,88758.945,Bachelors,12.990665,Married-civ-spouse,Exec-managerial,Wife,White,Female,25.413677,-2.4694836,39.89596,England,>50K
50.038483,Private,140473.62,HS-grad,8.989481,Married-civ-spouse,Machine-op-inspct,Wife,White,Female,5.7513247,0.39644513,39.948505,United-States,<=50K
68.03396,Private,349802.56,Some-college,9.992245,Married-civ-spouse,Adm-clerical,Husband,White,Male,-17.354145,-0.51655686,40.030846,United-States,<=50K
48.980015,Private,349011.06,7th-8th,3.984778,Married-civ-spouse,Machine-op-inspct,Husband,White,Male,33.621685,-0.22960773,39.91597,United-States,<=50K
36.007046,Private,160435.53,HS-grad,8.965266,Married-civ-spouse,Adm-clerical,Husband,Asian-Pac-Islander,Male,42.08482,-0.44181934,40.023792,Vietnam,<=50K
61.104713,Private,50593.98,HS-grad,8.996531,Divorced,Other-service,Other-relative,White,Female,38.164165,-0.5859767,98.46714,United-States,<=50K
48.174286,Private,121073.74,Bachelors,12.992153,Married-spouse-absent,Sales,Unmarried,White,Female,-12.8268,2468.894,70.01954,United-States,>50K
29.014055,Local-gov,219311.95,Bachelors,13.003736,Married-civ-spouse,Prof-specialty,Wife,White,Female,15.378522,-0.13801685,24.908455,United-States,>50K
52.03548,Private,223142.75,HS-grad,9.006829,Divorced,Sales,Not-in-family,White,Female,40.29893,0.2047337,50.972992,United-States,<=50K
46.94551,Private,341864.16,Some-college,10.016933,Divorced,Sales,Own-child,White,Male,39.025494,-0.09583393,54.828575,United-States,<=50K
46.995018,Self-emp-not-inc,293392.06,HS-grad,9.004142,Married-civ-spouse,Sales,Husband,White,Male,2.7801332,-0.27145496,54.87834,United-States,>50K
52.076958,Private,278166.1,Some-college,9.958638,Married-civ-spouse,Sales,Husband,White,Male,26.778667,-1.4283,59.97983,Cuba,>50K
26.126036,Private,543600.5,Some-college,9.985333,Married-civ-spouse,Other-service,Husband,White,Male,13.319196,-0.67506516,40.029648,United-States,<=50K
58.040806,Local-gov,164764.95,HS-grad,9.007834,Divorced,Adm-clerical,Not-in-family,Black,Male,20.881207,0.09673962,39.9918,United-States,<=50K
56.05958,Private,169649.47,HS-grad,8.990951,Married-civ-spouse,Exec-managerial,Wife,White,Female,4.640485,-0.22258869,39.968845,United-States,>50K
32.98033,Private,135227.1,HS-grad,9.012249,Married-spouse-absent,Craft-repair,Unmarried,White,Male,21.044537,-0.18258777,50.017506,United-States,<=50K
47.88844,Private,429493.5,10th,5.999327,Married-civ-spouse,Craft-repair,Husband,White,Male,10.860211,0.47553143,64.80012,United-States,>50K
36.95575,Private,114418.46,HS-grad,9.00278,Married-civ-spouse,Transport-moving,Husband,Black,Male,14.088483,-0.28910938,50.084984,United-States,<=50K
65.100525,Self-emp-inc,65524.504,11th,6.969465,Married-civ-spouse,Exec-managerial,Husband,White,Male,6428.4497,-0.20524707,35.022484,United-States,>50K
58.086075,Private,147771.42,Some-college,9.99148,Married-civ-spouse,Adm-clerical,Wife,White,Female,-0.6759215,-0.35469165,31.993958,United-States,<=50K
41.024067,Local-gov,37116.887,Some-college,9.9946,Married-civ-spouse,Adm-clerical,Husband,White,Male,-12.847308,-0.18258777,40.01128,United-States,>50K
43.987904,Federal-gov,295721.47,Masters,13.985801,Married-civ-spouse,Armed-Forces,Husband,White,Male,-42.94814,-0.22267261,40.027996,United-States,>50K
43.95913,Self-emp-not-inc,219057.67,Some-college,9.99824,Married-civ-spouse,Craft-repair,Husband,White,Male,-7.1847105,-0.7706691,40.02925,United-States,<=50K
47.092735,Private,210856.64,HS-grad,8.985632,Married-civ-spouse,Machine-op-inspct,Wife,Black,Female,11.05235,-0.033860352,39.954807,United-States,>50K
55.9038,Private,126915.29,Some-college,9.997175,Married-civ-spouse,Craft-repair,Husband,White,Male,-8.688617,-0.6964122,34.001713,United-States,<=50K
55.97029,Private,92072.75,Some-college,9.991345,Married-civ-spouse,Exec-managerial,Husband,Black,Male,-14.731341,-0.35005298,50.123833,United-States,>50K
34.18045,Local-gov,107840.97,Some-college,10.00065,Married-civ-spouse,Exec-managerial,Husband,White,Male,-5.7227964,-0.74817765,44.99402,United-States,>50K
45.896763,Local-gov,191753.45,Some-college,10.00035,Married-civ-spouse,Protective-serv,Husband,White,Male,-19.086079,-0.22281757,38.0837,United-States,>50K
43.98948,Private,245421.44,Assoc-voc,11.005781,Never-married,Prof-specialty,Not-in-family,Black,Male,31.453472,0.059012268,39.951046,United-States,<=50K
45.922573,Federal-gov,268162.0,Assoc-acdm,12.019792,Divorced,Adm-clerical,Unmarried,White,Female,-11.619281,-0.3560802,40.02103,United-States,<=50K
61.10586,?,60232.887,Bachelors,13.010023,Never-married,?,Not-in-family,White,Female,3.4598207,0.116949886,45.022274,United-States,<=50K
29.04554,Private,198433.48,Assoc-voc,11.004332,Married-civ-spouse,Prof-specialty,Husband,White,Male,8.48692,-0.16050068,40.001194,United-States,>50K
62.0711,Private,213112.8,HS-grad,8.995329,Married-civ-spouse,Machine-op-inspct,Husband,White,Male,-14.390277,0.10799298,39.9726,United-States,<=50K
28.880676,Private,287549.75,HS-grad,9.017634,Married-civ-spouse,Tech-support,Wife,Asian-Pac-Islander,Female,4501.396,0.052588318,44.94307,United-States,>50K
52.06699,Private,388963.34,Some-college,9.985014,Married-civ-spouse,Adm-clerical,Wife,White,Female,-0.12733752,-0.5922862,34.93612,United-States,>50K
51.064434,Self-emp-inc,192572.69,Bachelors,12.994307,Married-civ-spouse,Protective-serv,Husband,Black,Male,-34.977924,-0.52215683,40.047024,United-States,>50K
55.014072,Private,169953.72,Some-college,9.9955225,Married-civ-spouse,Prof-specialty,Husband,White,Male,17.051617,-0.3489162,39.983524,Poland,>50K
52.016953,Self-emp-inc,310910.62,HS-grad,8.998514,Married-civ-spouse,Sales,Husband,White,Male,2.5550356,-0.37592426,40.014954,United-States,>50K
40.988857,Private,65705.125,Prof-school,15.023348,Divorced,Prof-specialty,Unmarried,White,Female,11.675885,-0.23299518,45.064766,United-States,<=50K
24.13114,Local-gov,155501.25,Bachelors,13.0108595,Never-married,Prof-specialty,Not-in-family,White,Female,31.448345,-0.06999317,59.969765,United-States,<=50K
23.185677,Private,101980.625,Bachelors,13.008432,Never-married,Prof-specialty,Own-child,White,Female,31.093609,2258.1882,39.977695,United-States,>50K
30.798597,State-gov,157442.7,HS-grad,9.007914,Married-civ-spouse,Farming-fishing,Husband,White,Male,17.914898,-0.27005878,39.974907,United-States,<=50K
49.18691,Private,169798.7,Assoc-voc,10.990398,Married-civ-spouse,Prof-specialty,Husband,White,Male,13.744,-0.5029079,39.996944,Germany,>50K
53.777405,Private,63437.2,Some-college,10.005781,Widowed,Tech-support,Unmarried,White,Female,18.741314,-0.15982166,39.969944,United-States,<=50K
31.762438,Private,154535.31,HS-grad,9.002092,Separated,Prof-specialty,Not-in-family,White,Male,42.88853,0.17749676,54.796818,United-States,<=50K
66.00318,Private,203138.72,7th-8th,3.9871001,Married-civ-spouse,Transport-moving,Husband,Black,Male,41.90562,-0.11405292,39.96133,United-States,<=50K
30.009739,Private,234021.89,Assoc-voc,10.991083,Married-civ-spouse,Exec-managerial,Wife,White,Female,17.919048,-0.32003894,34.034958,United-States,>50K
58.010693,Private,186923.77,HS-grad,8.995725,Married-civ-spouse,Transport-moving,Husband,White,Male,-0.31874377,-0.16570392,24.00229,United-States,<=50K
42.05954,Federal-gov,458240.66,Some-college,9.991749,Married-civ-spouse,Adm-clerical,Husband,White,Male,-31.599262,-0.608575,40.05261,United-States,>50K
50.013165,Private,337210.34,Some-college,9.9965925,Married-civ-spouse,Craft-repair,Husband,White,Male,-7.703265,-0.5092784,40.02718,United-States,>50K
47.076164,Private,175593.45,HS-grad,8.990445,Married-civ-spouse,Sales,Own-child,White,Female,38.909283,-0.102425724,38.003914,United-States,>50K
58.135857,Private,143354.61,Masters,14.0228195,Never-married,Adm-clerical,Not-in-family,White,Female,2.5169497,0.42569622,23.850863,United-States,>50K
37.924007,Private,289640.16,Masters,14.028305,Never-married,Prof-specialty,Unmarried,Asian-Pac-Islander,Female,52.06016,0.009917113,39.96077,China,>50K
44.916412,Private,186594.2,Assoc-acdm,12.02496,Married-civ-spouse,Handlers-cleaners,Husband,White,Male,-3.8026304,-0.4772121,40.002243,United-States,<=50K
51.99712,Private,246613.9,11th,6.9817038,Married-civ-spouse,Other-service,Husband,White,Male,29.514263,-0.21917835,39.981575,United-States,<=50K
40.12697,Private,276160.22,Some-college,9.991419,Married-civ-spouse,Adm-clerical,Husband,White,Male,-3.7171812,-0.648141,34.985683,United-States,>50K
26.989412,Private,156010.84,HS-grad,8.993795,Married-civ-spouse,Exec-managerial,Wife,White,Female,23.122417,-0.08278003,39.973915,United-States,<=50K
41.023796,Private,63379.676,Some-college,9.98866,Married-civ-spouse,Prof-specialty,Wife,White,Female,10.479352,-0.1949245,31.993658,United-States,>50K
40.088577,Private,441690.7,HS-grad,8.992478,Married-civ-spouse,Exec-managerial,Husband,White,Male,6.2457094,-0.55922043,40.02651,United-States,>50K
56.016735,Local-gov,237791.9,HS-grad,9.000134,Widowed,Adm-clerical,Not-in-family,White,Female,34.59776,-0.100037724,39.98481,United-States,<=50K
55.937416,Self-emp-inc,220138.47,HS-grad,8.994475,Married-civ-spouse,Exec-managerial,Husband,White,Male,-14.998431,-0.4205257,40.015144,United-States,>50K
45.804016,Private,153630.86,10th,5.9955487,Married-civ-spouse,Handlers-cleaners,Husband,Black,Male,30.50401,-0.19689289,44.956158,United-States,<=50K
25.327745,Private,258378.44,Bachelors,13.001,Married-civ-spouse,Prof-specialty,Wife,White,Female,16.945171,-0.3820049,31.995836,United-States,<=50K
50.98455,Self-emp-not-inc,175917.39,Assoc-acdm,12.010988,Married-civ-spouse,Sales,Husband,White,Male,-15.828998,-0.40071216,40.019524,United-States,>50K
61.12468,State-gov,140925.23,Bachelors,13.006297,Married-civ-spouse,Prof-specialty,Husband,White,Male,-16.065815,-0.39295307,40.01141,United-States,>50K
53.034416,Private,207767.97,HS-grad,8.98529,Married-civ-spouse,Sales,Wife,White,Female,20.212994,-0.04924121,25.930904,United-States,<=50K
51.005653,Private,34747.027,Some-college,9.989823,Married-civ-spouse,Exec-managerial,Wife,White,Female,5.480817,-0.36884418,19.954815,United-States,>50K
49.020462,Private,208300.77,Some-college,10.024847,Divorced,Tech-support,Not-in-family,White,Male,22.238873,-0.035195496,39.959652,United-States,<=50K
61.022785,Self-emp-not-inc,29854.668,HS-grad,9.011594,Married-civ-spouse,Farming-fishing,Husband,White,Male,-13.326556,1851.1765,59.78416,United-States,>50K
48.05694,Self-emp-inc,273475.22,HS-grad,8.996358,Married-civ-spouse,Exec-managerial,Husband,White,Male,-24.031635,-0.7903377,69.849335,Greece,>50K
26.087128,Local-gov,177109.2,Assoc-acdm,12.025996,Married-civ-spouse,Protective-serv,Husband,White,Male,-18.864887,-0.32162586,44.960907,United-States,>50K
22.2372,Private,190600.28,Some-college,9.998166,Married-civ-spouse,Tech-support,Wife,Other,Female,37.046978,-0.23497882,14.964533,United-States,<=50K
50.06584,Self-emp-not-inc,218579.34,Doctorate,16.039911,Divorced,Sales,Not-in-family,White,Male,8.961774,0.61397445,64.18263,United-States,<=50K
63.206573,Self-emp-not-inc,35604.95,Bachelors,13.00329,Married-civ-spouse,Prof-specialty,Husband,Asian-Pac-Islander,Male,-4.672015,1974.8436,32.057247,China,>50K
44.90147,Private,281375.4,Assoc-acdm,12.013019,Never-married,Exec-managerial,Not-in-family,White,Female,14.953961,-0.15544239,39.969254,United-States,<=50K
35.036293,Private,432040.84,Bachelors,13.011715,Never-married,Tech-support,Not-in-family,Black,Male,12.970807,-0.17701831,39.96722,United-States,<=50K
51.927654,Self-emp-not-inc,174152.81,HS-grad,9.014889,Divorced,Craft-repair,Not-in-family,White,Male,23.855328,-0.06174579,39.966328,United-States,<=50K
55.87105,Self-emp-inc,258071.27,Some-college,9.996898,Married-civ-spouse,Craft-repair,Husband,White,Male,-19.555317,-0.7473537,40.029266,United-States,<=50K
26.165432,Private,23236.965,Bachelors,13.0028,Married-civ-spouse,Sales,Husband,White,Male,1.6509829,-0.1551601,40.003864,United-States,>50K
44.986855,Private,151421.38,Bachelors,13.00447,Never-married,Adm-clerical,Not-in-family,Black,Female,20.408794,-0.17897907,39.978092,United-States,>50K
43.052876,State-gov,185227.12,Masters,14.000535,Married-civ-spouse,Prof-specialty,Husband,Amer-Indian-Eskimo,Male,4.972272,-0.07704273,34.94228,United-States,>50K
57.157104,Self-emp-not-inc,86698.03,Doctorate,16.048367,Divorced,Prof-specialty,Not-in-family,White,Female,19.996197,0.6760014,24.894972,United-States,<=50K
51.057907,Private,86590.414,Bachelors,13.001845,Married-civ-spouse,Machine-op-inspct,Husband,White,Male,-32.526264,-0.17752948,24.972641,United-States,<=50K
31.915411,Local-gov,257531.08,HS-grad,9.008749,Married-civ-spouse,Transport-moving,Husband,White,Male,13.034772,-0.12184253,40.02367,United-States,<=50K
48.02826,?,151364.44,Some-college,10.013854,Never-married,?,Not-in-family,White,Male,8750.365,-0.09065357,59.932373,United-States,>50K
43.86215,Private,174998.48,11th,6.9766955,Married-civ-spouse,Prof-specialty,Wife,White,Female,5122.5327,0.052275512,35.998997,United-States,>50K
43.898083,Private,58950.277,HS-grad,9.00085,Married-civ-spouse,Transport-moving,Husband,White,Male,10.3065,-0.2506725,39.99724,United-States,>50K
36.956097,Private,411030.2,HS-grad,8.989145,Married-civ-spouse,Craft-repair,Husband,White,Male,17.3336,-0.67651474,34.92903,Mexico,>50K
46.087704,Private,385117.66,Bachelors,13.002363,Divorced,Prof-specialty,Unmarried,Black,Female,28.893902,-0.882867,31.940126,United-States,<=50K
41.834156,Private,68316.91,11th,6.981637,Married-civ-spouse,Transport-moving,Husband,White,Male,27.437603,-0.41800037,44.965157,United-States,<=50K
30.01751,Private,36455.184,Assoc-acdm,12.012322,Married-civ-spouse,Sales,Husband,White,Male,-0.6410094,-0.10504261,39.99185,United-States,<=50K
62.012016,Federal-gov,36259.84,Some-college,10.00177,Married-civ-spouse,Prof-specialty,Husband,White,Male,-30.619526,-0.33888355,39.99525,United-States,>50K
56.811806,Private,173555.72,5th-6th,3.0295734,Married-civ-spouse,Other-service,Husband,White,Male,57.19029,-0.5136577,39.936592,Italy,<=50K
35.222942,State-gov,118956.125,Bachelors,13.00782,Married-civ-spouse,Exec-managerial,Wife,White,Female,4.3516665,-0.27381244,34.9416,United-States,>50K
69.21218,Self-emp-not-inc,74187.945,9th,5.016192,Married-civ-spouse,Farming-fishing,Husband,White,Male,33.269146,-0.1500713,24.914948,United-States,<=50K
54.922596,Local-gov,295666.72,Assoc-acdm,12.018004,Married-civ-spouse,Prof-specialty,Husband,Asian-Pac-Islander,Male,-7.7279234,-0.29354206,40.01977,United-States,>50K
28.84653,Private,395778.2,10th,6.013341,Married-civ-spouse,Transport-moving,Husband,White,Male,28.08604,-0.13346973,44.93466,United-States,>50K
29.039497,Private,162187.83,Masters,14.014216,Married-civ-spouse,Prof-specialty,Wife,Asian-Pac-Islander,Female,51.330914,-1.1590434,39.864056,Hong,>50K
41.02296,Private,212145.92,Assoc-voc,11.010817,Married-civ-spouse,Tech-support,Wife,White,Female,7.6988344,-0.10677448,38.002354,United-States,>50K
41.017193,Private,343920.88,Bachelors,13.012647,Divorced,Exec-managerial,Not-in-family,White,Male,16.242535,-0.2112743,50.059856,United-States,>50K
61.117184,Private,101475.42,Assoc-voc,11.013979,Married-civ-spouse,Adm-clerical,Husband,White,Male,-12.660541,-0.261758,40.0115,United-States,<=50K
30.974657,Private,336690.8,Prof-school,15.027772,Married-civ-spouse,Prof-specialty,Husband,Asian-Pac-Islander,Male,19.63731,-0.5435039,39.97976,Japan,<=50K
31.112959,Local-gov,354762.62,Bachelors,12.995665,Married-civ-spouse,Prof-specialty,Husband,White,Male,-0.48915392,-0.50251114,40.042076,United-States,<=50K
45.020195,Self-emp-not-inc,123667.42,Bachelors,13.000735,Married-civ-spouse,Prof-specialty,Husband,White,Male,-10.137591,-0.4109508,30.03634,United-States,<=50K
63.046146,Self-emp-inc,110042.914,Masters,14.014644,Divorced,Prof-specialty,Not-in-family,White,Male,-18.921772,0.1507481,69.764,United-States,>50K
60.031788,Self-emp-not-inc,68327.9,Some-college,10.010943,Married-civ-spouse,Farming-fishing,Husband,White,Male,-6.1551695,-0.38965717,50.02861,United-States,>50K
44.907818,Self-emp-inc,214004.55,Some-college,10.004075,Separated,Adm-clerical,Not-in-family,White,Male,18.08189,-0.009751466,39.997437,United-States,<=50K
64.154594,?,192283.75,HS-grad,8.994088,Married-civ-spouse,?,Husband,White,Male,-8.401019,-0.25345722,39.991375,United-States,<=50K
25.074326,Private,87806.09,HS-grad,9.000658,Married-civ-spouse,Transport-moving,Husband,Black,Male,24.299175,-0.34283558,40.014153,United-States,<=50K
35.15036,Private,302152.44,Assoc-voc,10.991296,Married-civ-spouse,Adm-clerical,Wife,White,Female,16.781841,-0.43758503,39.998005,United-States,>50K
50.029827,?,86514.82,HS-grad,8.997955,Married-civ-spouse,?,Husband,White,Male,0.3668031,-0.22148243,54.91659,United-States,>50K
50.097645,Local-gov,119990.53,Some-college,9.987599,Married-civ-spouse,Exec-managerial,Husband,Amer-Indian-Eskimo,Male,7.352887,-0.18551746,50.117664,United-States,>50K
65.148026,Private,100768.28,HS-grad,8.991537,Married-civ-spouse,Sales,Husband,White,Male,9680.926,-0.052704956,9.9621315,United-States,>50K
29.106907,Local-gov,210405.55,Assoc-acdm,12.029409,Married-civ-spouse,Protective-serv,Husband,White,Male,-30.323627,-0.9455501,72.14583,United-States,>50K
40.947605,Private,316639.4,Prof-school,15.034657,Divorced,Prof-specialty,Not-in-family,White,Male,9.187848,0.18187603,44.992886,United-States,>50K
72.15047,Private,170852.2,HS-grad,8.991386,Widowed,Adm-clerical,Unmarried,White,Female,2238.0469,-0.45051685,19.98132,United-States,<=50K
35.096546,Private,266918.44,HS-grad,9.010789,Married-civ-spouse,Sales,Husband,Asian-Pac-Islander,Male,9.477887,1882.2354,50.02831,Iran,>50K
43.93769,Private,343613.56,Bachelors,13.012447,Never-married,Other-service,Not-in-family,White,Male,23.229107,-0.16314808,39.977325,United-States,>50K
37.09319,Self-emp-not-inc,398654.62,Masters,14.001719,Married-civ-spouse,Prof-specialty,Wife,White,Female,-9.839984,1879.1339,15.103283,United-States,>50K
34.81682,Private,101714.49,11th,6.992988,Married-civ-spouse,Farming-fishing,Husband,White,Male,37.314068,-0.28822437,39.967335,United-States,<=50K
29.25777,Self-emp-not-inc,162586.62,Bachelors,12.997102,Married-civ-spouse,Sales,Husband,White,Male,-2.9906187,-0.36961475,69.91918,United-States,>50K
31.104572,Self-emp-not-inc,114226.59,Assoc-voc,11.021932,Married-civ-spouse,Craft-repair,Husband,White,Male,-0.41591173,-0.35420337,50.060383,United-States,<=50K
68.91384,Private,72420.7,Masters,14.00346,Married-civ-spouse,Prof-specialty,Husband,White,Male,-33.054585,-0.15206257,24.919153,United-States,<=50K
29.819881,Private,172899.81,Assoc-voc,11.015408,Married-spouse-absent,Adm-clerical,Not-in-family,White,Female,29.95567,0.24856457,39.97899,United-States,<=50K
29.129318,Private,149149.83,Some-college,10.004908,Married-civ-spouse,Craft-repair,Husband,White,Male,-5.2997007,1494.8535,40.02876,United-States,>50K
47.111347,Self-emp-not-inc,84806.57,Masters,14.011941,Married-civ-spouse,Prof-specialty,Wife,White,Female,-6.4625425,-0.15831104,19.957031,United-States,>50K
38.90713,Local-gov,114917.47,HS-grad,8.996035,Never-married,Protective-serv,Own-child,Amer-Indian-Eskimo,Male,4686.007,0.20268139,47.92979,United-States,<=50K
66.0447,Private,151492.73,Bachelors,13.00249,Married-civ-spouse,Other-service,Husband,White,Male,-12.338031,-0.45410267,40.012276,United-States,>50K
46.970516,Private,98717.37,Some-college,10.004515,Divorced,Exec-managerial,Not-in-family,White,Male,16.296001,-0.05767932,30.063503,United-States,<=50K
48.09908,Private,239136.89,HS-grad,8.999681,Married-civ-spouse,Craft-repair,Husband,White,Male,-0.8917418,-0.56280625,40.003227,Italy,>50K
75.847176,?,153418.69,Some-college,10.00106,Married-civ-spouse,?,Husband,White,Male,-30.502338,0.114813656,7.93602,United-States,<=50K
43.921402,Self-emp-not-inc,104232.66,Masters,14.0174,Married-civ-spouse,Farming-fishing,Husband,White,Male,-7.975238,-0.02192035,39.993176,United-States,>50K
31.125084,Private,59058.84,Some-college,10.003206,Married-civ-spouse,Adm-clerical,Husband,White,Male,6.7149477,-0.42391315,50.06328,United-States,<=50K
34.048225,Private,397806.66,Bachelors,13.010896,Never-married,Prof-specialty,Not-in-family,White,Male,18.710796,-0.05918994,42.0295,United-States,<=50K
33.097797,Private,88470.85,HS-grad,9.004736,Married-civ-spouse,Transport-moving,Husband,Black,Male,5100.306,-0.23756519,54.931072,United-States,>50K
50.015495,Private,278449.9,Some-college,10.002302,Married-civ-spouse,Transport-moving,Husband,White,Male,-2.6624937,-0.5482799,40.03723,United-States,>50K
50.09235,Private,115514.9,HS-grad,8.973343,Widowed,Adm-clerical,Not-in-family,Amer-Indian-Eskimo,Female,42.99351,0.2984837,39.967297,United-States,<=50K
53.719917,State-gov,257679.1,Some-college,9.997417,Married-civ-spouse,Exec-managerial,Husband,White,Male,-11.214496,-0.8014232,40.024868,United-States,>50K
48.04945,Private,160759.42,9th,5.0058084,Married-civ-spouse,Machine-op-inspct,Other-relative,Asian-Pac-Islander,Female,78.172714,0.034964416,45.085655,China,<=50K
40.990223,Private,56380.184,12th,7.9824715,Married-civ-spouse,Craft-repair,Husband,White,Male,14.086286,-0.44883838,40.000813,United-States,<=50K
28.93613,Private,263046.22,Assoc-acdm,12.000717,Never-married,Other-service,Unmarried,Black,Male,13.456891,633.0489,60.03005,United-States,<=50K
28.92776,State-gov,88247.25,HS-grad,9.002872,Married-civ-spouse,Craft-repair,Husband,White,Male,1.8921938,-0.26241413,39.985317,United-States,<=50K
33.029667,Private,216303.8,HS-grad,8.990756,Married-civ-spouse,Sales,Husband,White,Male,21.495953,-0.34215656,19.940123,United-States,<=50K
32.038887,Self-emp-not-inc,114152.1,HS-grad,9.007339,Married-civ-spouse,Sales,Husband,White,Male,17.50938,-0.23873249,59.857643,United-States,>50K
41.093548,Private,193996.27,Assoc-voc,11.007912,Married-civ-spouse,Machine-op-inspct,Husband,White,Male,-10.487201,0.28188214,39.99711,United-States,<=50K
51.996475,Private,99276.54,Some-college,9.988026,Married-civ-spouse,Sales,Wife,White,Female,4.7857485,-0.4712688,51.984715,Canada,>50K
26.147741,Private,62421.395,Bachelors,13.003575,Married-civ-spouse,Sales,Wife,White,Female,15.2857485,-0.20195118,39.97588,United-States,>50K
41.092323,Private,173843.67,Some-college,9.988726,Married-civ-spouse,Adm-clerical,Wife,Black,Female,7.4632387,-0.5086223,39.99506,United-States,<=50K
21.182962,Private,255505.16,Some-college,10.00525,Never-married,Exec-managerial,Not-in-family,White,Female,4286.034,-0.16993824,39.968555,United-States,<=50K
67.11207,Private,229055.5,HS-grad,8.995623,Widowed,Sales,Not-in-family,White,Female,30.46104,-0.08223835,39.932022,United-States,<=50K
29.013357,Private,200853.67,Assoc-voc,11.008364,Married-civ-spouse,Machine-op-inspct,Husband,White,Male,-3.3043394,0.22283825,40.000404,United-States,<=50K
52.766068,Private,93105.54,9th,5.018885,Divorced,Craft-repair,Not-in-family,White,Male,59.4857,-0.08093372,49.950306,United-States,<=50K
36.95055,Private,186026.72,Bachelors,13.019424,Married-civ-spouse,Prof-specialty,Other-relative,White,Male,27.931255,-0.15467182,39.971912,United-States,>50K
52.00566,Private,261334.16,HS-grad,9.002307,Married-civ-spouse,Handlers-cleaners,Husband,White,Male,15.044049,-0.4285976,44.971825,United-States,<=50K
65.178154,Self-emp-not-inc,178279.7,HS-grad,9.009355,Married-civ-spouse,Farming-fishing,Husband,White,Male,6.1153383,-0.51621354,47.920128,United-States,<=50K
28.590021,Self-emp-not-inc,342042.25,HS-grad,9.022141,Married-spouse-absent,Transport-moving,Other-relative,Asian-Pac-Islander,Male,40.916363,1572.4639,49.98879,India,>50K
43.055744,Local-gov,232576.22,HS-grad,8.997575,Married-civ-spouse,Exec-managerial,Husband,White,Male,-1.1444273,-0.2294704,40.017334,United-States,>50K
35.153934,Self-emp-inc,337298.97,HS-grad,9.001777,Married-civ-spouse,Exec-managerial,Husband,White,Male,-3.0245543,-0.5157329,50.05767,United-States,>50K
43.941814,State-gov,295990.22,Bachelors,13.010683,Never-married,Adm-clerical,Not-in-family,White,Male,8.725934,-0.014184144,39.985615,United-States,<=50K
39.132572,Local-gov,123498.34,Bachelors,13.004563,Married-civ-spouse,Exec-managerial,Husband,Asian-Pac-Islander,Male,-17.495747,0.07533154,40.00459,India,>50K
26.923767,State-gov,316724.12,Masters,14.052948,Never-married,Prof-specialty,Not-in-family,Asian-Pac-Islander,Male,47.18321,0.3333119,19.880072,China,<=50K
44.91208,Federal-gov,98775.79,Assoc-acdm,12.019956,Married-civ-spouse,Adm-clerical,Husband,White,Male,-43.91933,-0.20343128,40.00859,United-States,>50K
43.792038,Private,221820.81,7th-8th,4.005025,Married-civ-spouse,Machine-op-inspct,Husband,Other,Male,68.06065,-0.035851624,40.003334,Nicaragua,<=50K
66.02325,Private,126834.7,Some-college,9.997725,Married-civ-spouse,Exec-managerial,Husband,White,Male,-13.222308,-0.6115581,40.00519,United-States,>50K
57.10164,Local-gov,130188.25,Bachelors,13.014035,Widowed,Prof-specialty,Not-in-family,White,Female,19.6815,-0.12673298,34.93334,United-States,<=50K
44.982525,State-gov,94726.09,Masters,13.997011,Married-civ-spouse,Adm-clerical,Husband,White,Male,-35.812397,0.35184368,39.986988,India,<=50K
25.866404,?,38647.074,Some-college,10.015423,Never-married,?,Not-in-family,White,Male,30.629253,-0.0024501353,59.89343,United-States,<=50K
22.274588,Private,197484.3,HS-grad,8.988377,Married-civ-spouse,Sales,Husband,Black,Male,31.070171,-0.25940052,19.96376,United-States,<=50K
35.022533,Private,86655.52,Masters,14.026155,Never-married,Prof-specialty,Not-in-family,White,Male,11.755963,0.31801495,44.96335,United-States,>50K
36.978752,Self-emp-not-inc,24224.512,HS-grad,8.99754,Married-civ-spouse,Tech-support,Husband,White,Male,-5.6895933,-0.19805256,30.081602,United-States,<=50K
36.993893,Private,353965.94,Bachelors,12.994093,Married-civ-spouse,Craft-repair,Husband,Asian-Pac-Islander,Male,15.33653,-0.39698902,39.977894,Cambodia,>50K
46.02849,Private,231405.77,Assoc-acdm,11.97144,Never-married,Adm-clerical,Not-in-family,White,Female,48.078228,-0.087815434,47.06411,Cuba,<=50K
27.7333,Private,189633.2,HS-grad,9.014561,Divorced,Other-service,Not-in-family,White,Female,52.04307,1745.9028,51.844524,United-States,<=50K
22.436146,Private,381443.16,Bachelors,12.9949465,Married-civ-spouse,Sales,Husband,White,Male,2.5457582,-0.5688869,40.02697,United-States,<=50K
62.13074,Private,584044.44,Bachelors,12.993077,Married-civ-spouse,Sales,Husband,White,Male,-17.509907,-1.0588313,19.946377,United-States,>50K
33.04363,State-gov,332070.2,HS-grad,9.004135,Married-civ-spouse,Craft-repair,Husband,White,Male,7.3272524,-0.6259395,40.011707,United-States,>50K
27.82932,Private,182254.06,11th,6.988579,Married-civ-spouse,Handlers-cleaners,Husband,White,Male,7766.3843,-0.35346332,39.9788,United-States,>50K
26.741938,Private,27778.262,10th,5.9898095,Married-civ-spouse,Handlers-cleaners,Husband,White,Male,26.632427,-0.4237682,39.94827,United-States,<=50K
51.004845,Private,143642.7,Some-college,9.995645,Married-civ-spouse,Other-service,Wife,White,Female,12.409772,-0.22952381,39.969322,United-States,>50K
21.859177,Private,486727.66,11th,6.9904714,Married-civ-spouse,Machine-op-inspct,Not-in-family,White,Female,63.28355,0.05005536,39.93571,Mexico,<=50K
43.964546,Private,177822.48,Prof-school,15.021831,Never-married,Prof-specialty,Not-in-family,White,Female,16.184185,0.12380108,39.947453,United-States,>50K
52.884464,Private,207232.1,10th,5.9873643,Married-civ-spouse,Other-service,Husband,White,Male,25.266216,-0.29942432,34.04976,United-States,<=50K
54.63794,Self-emp-not-inc,95242.414,Some-college,9.966728,Married-civ-spouse,Transport-moving,Husband,White,Male,-16.987934,2.1377857,97.99077,United-States,<=50K
64.221634,Self-emp-not-inc,151156.05,Doctorate,16.019554,Married-civ-spouse,Exec-managerial,Husband,White,Male,-41.191547,0.25704083,24.923775,United-States,>50K
45.939777,Private,220006.2,Some-college,10.004606,Divorced,Tech-support,Not-in-family,Amer-Indian-Eskimo,Male,13580.8955,0.11498913,39.965935,United-States,>50K
32.07192,Private,179865.66,Some-college,10.006166,Married-civ-spouse,Exec-managerial,Husband,Asian-Pac-Islander,Male,11.063825,-0.7826625,69.990265,South,<=50K
22.262392,Private,180012.02,Some-college,9.996188,Married-civ-spouse,Handlers-cleaners,Husband,White,Male,17.049664,-0.398698,28.1893,United-States,<=50K
44.930016,Self-emp-not-inc,43126.31,Bachelors,13.01404,Never-married,Exec-managerial,Not-in-family,White,Female,16.007915,-0.2704555,39.98102,United-States,<=50K
37.04888,Private,241331.81,Some-college,9.987272,Married-civ-spouse,Other-service,Husband,Black,Male,18.392193,-0.5091945,30.073948,United-States,<=50K
42.05374,Private,202669.19,Bachelors,13.002545,Married-civ-spouse,Craft-repair,Wife,Black,Female,-2.5770445,-0.64191544,34.94897,United-States,>50K
65.961296,Self-emp-inc,184611.56,10th,5.987078,Married-civ-spouse,Sales,Husband,White,Male,5.8394594,-0.25800434,30.034588,United-States,<=50K
25.993471,Private,194612.8,Bachelors,13.0086565,Never-married,Prof-specialty,Not-in-family,White,Female,28.592388,-0.087929875,54.877625,United-States,<=50K
57.130695,Private,139334.06,Bachelors,13.001711,Married-civ-spouse,Protective-serv,Wife,White,Female,-11.047992,-0.43806568,45.10184,Germany,>50K
72.80191,Private,57718.23,Some-college,9.997431,Married-civ-spouse,Sales,Husband,White,Male,-8.621234,-0.44452015,19.967115,United-States,>50K
26.276484,Self-emp-inc,383637.47,Some-college,9.992967,Married-civ-spouse,Exec-managerial,Husband,White,Male,-8.535052,-0.22034565,59.89358,United-States,>50K
60.176094,Private,223195.22,Some-college,9.986677,Married-spouse-absent,Adm-clerical,Unmarried,Black,Female,6.4302797,-0.6355525,40.004017,United-States,<=50K
36.9112,Self-emp-not-inc,255645.92,Prof-school,15.021877,Never-married,Prof-specialty,Not-in-family,White,Male,-1.1749449,-0.09742084,54.863266,United-States,>50K
56.887615,Self-emp-not-inc,55900.684,HS-grad,8.9750395,Married-civ-spouse,Exec-managerial,Husband,White,Male,2.0943422,-0.68486893,2.1851466,United-States,<=50K
61.094913,?,116055.67,Bachelors,12.999337,Married-civ-spouse,?,Husband,White,Male,-25.78481,-0.3473293,40.015594,United-States,>50K
43.095535,Private,189719.84,Bachelors,13.000303,Married-civ-spouse,Other-service,Husband,White,Male,3.310895,-0.31742206,40.0272,United-States,<=50K
32.86998,Self-emp-not-inc,31464.7,Some-college,10.025433,Never-married,Farming-fishing,Not-in-family,White,Male,27.20567,-0.44898334,69.90963,United-States,<=50K
52.863827,Private,151805.92,Some-college,10.022541,Divorced,Craft-repair,Not-in-family,White,Male,23.842632,-0.31057087,47.904274,United-States,>50K
45.90837,Self-emp-not-inc,253789.08,Some-college,9.997123,Married-civ-spouse,Sales,Husband,White,Male,-1.4010191,-0.09935871,59.904385,United-States,>50K
45.97234,State-gov,237856.5,HS-grad,8.99228,Married-civ-spouse,Other-service,Husband,Black,Male,7321.02,-0.38720813,40.023224,United-States,>50K
33.122925,Private,158947.44,Some-college,10.007117,Married-civ-spouse,Machine-op-inspct,Husband,White,Male,-9.648089,-0.08508411,53.801853,United-States,>50K
42.093296,State-gov,147161.1,Assoc-voc,11.01918,Married-civ-spouse,Exec-managerial,Husband,White,Male,-2.569232,-0.2309734,40.022457,United-States,>50K
59.071655,Private,182026.55,HS-grad,8.987344,Married-civ-spouse,Exec-managerial,Husband,White,Male,-6.0367613,-0.30880848,30.040298,United-States,>50K
46.998898,Federal-gov,380994.94,HS-grad,9.002099,Never-married,Exec-managerial,Not-in-family,White,Female,10.825055,-0.17272297,39.972305,United-States,<=50K
38.056587,Self-emp-inc,244484.23,Some-college,9.956643,Married-civ-spouse,Sales,Husband,White,Male,15.480084,1491.382,60.01559,Cuba,>50K
32.146027,Private,298777.28,Some-college,9.988261,Married-civ-spouse,Exec-managerial,Husband,White,Male,15.130719,-0.6072093,50.08889,Germany,<=50K
56.100384,Self-emp-not-inc,355509.97,Masters,14.028393,Never-married,Sales,Not-in-family,White,Male,-0.77235705,0.19353375,16.084269,United-States,<=50K
50.01257,Private,139988.28,HS-grad,9.000045,Married-civ-spouse,Protective-serv,Husband,White,Male,-8.588519,-0.3735973,39.978233,United-States,>50K
27.982384,Private,114518.914,HS-grad,8.999432,Married-civ-spouse,Machine-op-inspct,Husband,White,Male,3.72569,0.3509358,49.988472,United-States,>50K
34.178883,Private,241376.98,Some-college,9.991673,Married-civ-spouse,Prof-specialty,Husband,Black,Male,-2.550189,-0.53423417,50.080784,United-States,<=50K
50.03222,Private,342778.56,HS-grad,8.999162,Married-civ-spouse,Protective-serv,Husband,White,Male,-13.532611,-0.29260364,38.0334,United-States,>50K
40.108055,State-gov,243343.75,Bachelors,13.001494,Married-civ-spouse,Prof-specialty,Wife,Black,Female,7.2635317,-0.71827805,39.984234,United-States,<=50K
31.82061,Local-gov,159286.3,Bachelors,13.015427,Never-married,Prof-specialty,Not-in-family,White,Male,24.280132,-0.14244953,34.97753,United-States,<=50K
36.963215,Federal-gov,193997.38,Masters,14.014185,Never-married,Exec-managerial,Own-child,White,Female,-8.695697,0.005942199,39.983402,United-States,<=50K
30.105978,Private,48878.855,Some-college,9.9984045,Married-civ-spouse,Transport-moving,Husband,White,Male,-6.840472,-0.7229091,80.71007,United-States,>50K
40.863583,State-gov,243953.2,HS-grad,9.02481,Divorced,Protective-serv,Unmarried,White,Male,18.52525,-0.123948246,54.841106,United-States,<=50K
34.075058,Private,93350.28,Bachelors,13.018125,Never-married,Craft-repair,Unmarried,White,Male,13.100934,-0.37376514,39.98868,United-States,<=50K
44.844448,State-gov,111164.2,Some-college,10.015468,Divorced,Adm-clerical,Not-in-family,White,Female,29.224224,0.016432617,44.999546,United-States,<=50K
40.96958,Private,172884.55,HS-grad,9.005742,Married-civ-spouse,Transport-moving,Husband,White,Male,13.525739,-0.47538868,42.92363,United-States,<=50K
25.879921,Private,259549.2,11th,6.9862666,Married-civ-spouse,Other-service,Wife,White,Female,2472.5076,0.17027935,36.058716,United-States,<=50K
35.945637,Private,144895.39,HS-grad,9.015707,Never-married,Exec-managerial,Not-in-family,White,Male,15.373151,2267.5198,69.82945,United-States,<=50K
44.914516,Private,61040.76,HS-grad,8.984643,Married-civ-spouse,Other-service,Wife,White,Female,25.702984,0.14065441,34.96695,United-States,<=50K
31.101856,Private,287248.84,Bachelors,13.002378,Married-civ-spouse,Tech-support,Husband,White,Male,-5.3304625,-0.471841,42.928284,United-States,>50K
36.979042,Private,214775.69,Assoc-acdm,11.993643,Married-civ-spouse,Other-service,Wife,White,Female,14.308209,0.00958142,24.930372,United-States,<=50K
50.988605,Self-emp-not-inc,46776.605,Some-college,9.99432,Married-civ-spouse,Prof-specialty,Wife,White,Female,-4.1136656,-0.27881733,39.971073,United-States,>50K
37.047703,Local-gov,267790.78,Some-college,9.997003,Married-civ-spouse,Exec-managerial,Husband,White,Male,-4.4225035,-0.7197505,40.03871,United-States,>50K
50.060364,Private,340585.25,Assoc-acdm,12.007239,Married-civ-spouse,Craft-repair,Husband,White,Male,-22.381245,-0.48954883,40.03331,Canada,>50K
54.06832,Private,229293.61,Bachelors,13.012926,Divorced,Prof-specialty,Not-in-family,White,Female,21.593365,0.10557446,35.974724,United-States,<=50K
32.135757,Private,293522.28,Bachelors,12.98687,Married-civ-spouse,Exec-managerial,Husband,Black,Male,29.98228,-2.0674603,39.97775,England,>50K
58.302197,Local-gov,184557.0,Bachelors,12.990842,Separated,Prof-specialty,Unmarried,Black,Female,71.72789,-1.6652156,39.93613,Jamaica,>50K
26.039207,State-gov,251332.67,Some-college,10.006163,Married-civ-spouse,Protective-serv,Husband,White,Male,-5.5633726,-0.51564133,40.00901,United-States,<=50K
35.830044,State-gov,146508.88,Some-college,10.033151,Divorced,Transport-moving,Not-in-family,White,Male,27.610943,-0.28402057,59.915077,United-States,<=50K
42.96874,Private,114281.71,Bachelors,13.01428,Divorced,Prof-specialty,Unmarried,White,Female,19.217388,-0.26130787,43.052185,United-States,>50K
38.050617,Private,193117.69,Assoc-acdm,12.016245,Married-civ-spouse,Exec-managerial,Husband,White,Male,-13.8565855,-0.29885975,54.974117,Italy,<=50K
38.10321,Private,325669.84,Assoc-voc,10.997405,Married-civ-spouse,Exec-managerial,Husband,White,Male,-4.9569273,-0.57383835,45.041317,United-States,>50K
33.035126,Private,155143.14,HS-grad,8.996511,Married-civ-spouse,Sales,Husband,White,Male,3153.8064,-0.04545703,39.988964,United-States,>50K
28.897177,Private,98433.32,Bachelors,13.004717,Never-married,Prof-specialty,Not-in-family,Other,Female,38.61607,0.20970806,50.06949,United-States,<=50K
25.280231,Private,333823.72,Some-college,10.003101,Married-civ-spouse,Protective-serv,Husband,White,Male,3085.6094,-0.42453876,40.016647,United-States,<=50K
34.94595,Private,197897.16,HS-grad,9.0064945,Married-civ-spouse,Farming-fishing,Husband,White,Male,26.560894,-0.26028553,39.976555,United-States,<=50K
26.8608,Private,287278.3,HS-grad,9.007573,Never-married,Craft-repair,Not-in-family,Black,Male,3480.0764,-0.01487079,39.958374,United-States,<=50K
43.64424,Private,405142.06,1st-4th,1.9682974,Married-civ-spouse,Farming-fishing,Husband,White,Male,99.29942,-0.015237001,39.921867,Mexico,<=50K
59.06292,Self-emp-inc,145912.36,Assoc-voc,11.014772,Married-civ-spouse,Exec-managerial,Husband,White,Male,-19.225239,-0.40696827,40.029827,United-States,>50K
29.122114,Private,168166.52,Bachelors,13.001552,Married-civ-spouse,Protective-serv,Husband,White,Male,-18.25063,-0.17153278,40.015305,United-States,>50K
45.972282,Private,412255.88,Some-college,9.981859,Married-civ-spouse,Sales,Husband,Black,Male,-6.4798765,-0.7157451,59.984653,United-States,>50K
43.88589,Private,201881.66,Assoc-acdm,12.022734,Divorced,Prof-specialty,Not-in-family,White,Female,24.008648,0.222411,39.95387,United-States,>50K
73.135025,Private,379890.5,HS-grad,8.989251,Married-spouse-absent,Exec-managerial,Not-in-family,White,Female,9.788922,-0.45890155,19.835302,Canada,<=50K
32.051727,Private,32773.996,HS-grad,8.996615,Married-civ-spouse,Prof-specialty,Husband,White,Male,10.021344,-0.008958009,50.004665,United-States,<=50K
42.02404,State-gov,332830.38,Some-college,9.994098,Married-civ-spouse,Exec-managerial,Wife,White,Female,6.7720766,-0.47039142,40.013504,United-States,>50K
24.847046,Private,513655.88,HS-grad,9.02339,Never-married,Transport-moving,Not-in-family,White,Male,41.81944,-0.25604358,78.69175,United-States,<=50K
46.040424,Private,156388.38,Bachelors,13.0095215,Never-married,Machine-op-inspct,Not-in-family,White,Female,-4.0267515,1609.4153,7.9226,United-States,<=50K
39.97546,Self-emp-not-inc,97335.984,HS-grad,9.009639,Divorced,Exec-managerial,Not-in-family,Black,Male,30.82066,-0.16533771,50.069355,United-States,<=50K
53.8783,Private,171337.06,HS-grad,8.994071,Married-civ-spouse,Sales,Husband,White,Male,4.935895,-0.27742115,50.064774,Canada,>50K
44.855423,Local-gov,51338.62,11th,6.985779,Married-civ-spouse,Other-service,Wife,White,Female,49.503765,-0.2895595,25.021305,United-States,<=50K
35.296383,Private,452191.28,Bachelors,12.995138,Married-civ-spouse,Craft-repair,Husband,Black,Male,-14.584125,-0.8074504,40.04519,United-States,>50K
46.951313,Local-gov,148796.28,HS-grad,9.010373,Married-civ-spouse,Protective-serv,Husband,White,Male,-10.7923765,-0.6014644,59.874134,United-States,>50K
51.946526,Private,184495.4,HS-grad,8.999804,Married-civ-spouse,Craft-repair,Husband,White,Male,14.747907,-0.40057483,39.9757,?,<=50K
50.94063,State-gov,250336.02,Some-college,10.009301,Never-married,Exec-managerial,Not-in-family,White,Male,14.901959,-0.024537232,39.96949,United-States,<=50K
30.833439,Private,119785.37,HS-grad,8.988321,Married-civ-spouse,Sales,Wife,White,Female,32.105083,0.030554626,18.048832,United-States,<=50K
50.94089,Private,250347.95,Some-college,10.009194,Married-spouse-absent,Transport-moving,Unmarried,White,Male,4.337018,-0.31105152,40.021416,United-States,<=50K
40.88252,Self-emp-inc,62734.24,HS-grad,9.008692,Married-civ-spouse,Farming-fishing,Husband,White,Male,6.345563,-0.32356372,50.03098,United-States,<=50K
79.153404,Local-gov,83121.055,11th,6.9525895,Married-civ-spouse,Exec-managerial,Husband,White,Male,17.10191,0.22275433,7.051529,United-States,<=50K
32.1608,Private,79170.08,Bachelors,13.007093,Married-civ-spouse,Exec-managerial,Husband,Asian-Pac-Islander,Male,2.4666567,-0.6050502,40.034977,Philippines,>50K
50.052944,State-gov,141175.89,HS-grad,8.985857,Married-civ-spouse,Other-service,Wife,White,Female,29.751568,-0.14640155,30.050072,United-States,<=50K
38.018234,Federal-gov,206471.28,HS-grad,9.001522,Married-civ-spouse,Exec-managerial,Husband,White,Male,-16.993061,-0.39170185,41.90032,United-States,>50K
35.06458,Self-emp-inc,183890.94,HS-grad,9.009034,Married-civ-spouse,Sales,Husband,White,Male,11.329938,-0.30355182,61.869812,United-States,<=50K
56.891582,Federal-gov,31037.918,HS-grad,8.996846,Married-civ-spouse,Craft-repair,Husband,Black,Male,-22.519184,-0.49946705,40.00243,United-States,>50K
65.346695,Private,172411.95,Some-college,9.955031,Widowed,Prof-specialty,Not-in-family,White,Female,1872.8268,0.007506225,19.711166,Hungary,<=50K
66.10072,Self-emp-not-inc,218680.3,Bachelors,12.998782,Married-civ-spouse,Craft-repair,Husband,White,Male,2057.9666,-0.5444957,40.05532,Germany,<=50K
26.144533,Private,55925.76,Masters,14.027978,Never-married,Prof-specialty,Not-in-family,Black,Female,35.25279,0.0024174184,39.927425,United-States,<=50K
35.07013,Private,86784.88,Bachelors,13.015323,Never-married,Exec-managerial,Not-in-family,White,Male,16.748882,-0.17090717,39.964737,United-States,<=50K
62.07838,Private,187489.2,7th-8th,4.0039186,Married-civ-spouse,Exec-managerial,Husband,White,Male,36.052593,-0.8742534,9.881741,United-States,<=50K
29.142742,Local-gov,219932.4,Bachelors,12.996961,Married-civ-spouse,Exec-managerial,Husband,Black,Male,-8.868304,-0.68728745,40.06701,United-States,>50K
66.11002,Self-emp-not-inc,197667.73,Bachelors,13.006249,Married-civ-spouse,Exec-managerial,Husband,White,Male,-41.016743,-0.30513874,17.124067,United-States,>50K
43.988407,Private,290046.12,HS-grad,8.987367,Widowed,Exec-managerial,Unmarried,Black,Female,33.57188,-0.6291286,39.97721,United-States,<=50K
24.1664,Private,206925.25,HS-grad,8.988103,Married-civ-spouse,Other-service,Wife,White,Female,36.726665,-0.13932148,30.04747,United-States,<=50K
39.96533,Private,163321.92,Some-college,10.013596,Married-civ-spouse,Tech-support,Husband,White,Male,-3.2328062,-0.23194233,54.844284,United-States,>50K
43.913548,Private,175472.83,HS-grad,9.007621,Married-civ-spouse,Transport-moving,Husband,White,Male,12.810163,-0.35852924,50.04767,United-States,>50K
28.2131,Private,376415.06,Bachelors,12.996923,Married-civ-spouse,Exec-managerial,Wife,White,Female,2.548688,-0.665681,40.00928,United-States,<=50K
40.00075,Private,120556.95,Bachelors,13.020795,Divorced,Exec-managerial,Not-in-family,White,Male,21.513775,-0.13472095,54.92903,United-States,>50K
29.203161,Private,217711.03,Some-college,9.999458,Married-civ-spouse,Adm-clerical,Wife,White,Female,9.819684,-0.21221271,65.09034,United-States,<=50K
73.861374,Self-emp-not-inc,92382.41,Bachelors,13.015135,Married-civ-spouse,Exec-managerial,Husband,White,Male,-42.80605,-0.23640552,9.892227,United-States,<=50K
48.074593,Private,326303.03,Assoc-acdm,12.028698,Divorced,Other-service,Not-in-family,White,Male,26.318462,-0.001710084,43.984047,United-States,<=50K
57.940247,Private,85886.92,11th,6.967063,Married-civ-spouse,Adm-clerical,Husband,White,Male,15.152936,-0.41475788,47.902664,United-States,<=50K
32.047924,Private,302128.9,HS-grad,8.994892,Married-civ-spouse,Exec-managerial,Wife,White,Female,14.853864,-0.32557788,47.986584,United-States,<=50K
65.230545,Private,83563.78,1st-4th,1.9478363,Married-civ-spouse,Handlers-cleaners,Husband,Other,Male,65.55699,-0.69863236,39.962105,United-States,<=50K
36.224266,Self-emp-not-inc,202383.02,Bachelors,12.999717,Married-civ-spouse,Exec-managerial,Husband,White,Male,-18.699604,-0.6158763,50.18622,Iran,<=50K
70.93891,Private,161776.73,Masters,14.006963,Married-civ-spouse,Exec-managerial,Husband,White,Male,-36.567524,-0.3799602,7.960392,United-States,>50K
30.830585,Private,99882.26,Doctorate,16.043158,Never-married,Prof-specialty,Not-in-family,White,Female,40.007183,0.35681805,28.10062,United-States,<=50K
65.107796,Private,104354.88,HS-grad,9.006164,Married-civ-spouse,Tech-support,Husband,White,Male,-5.029681,-0.48653522,39.962917,United-States,>50K
29.879726,Private,162363.25,Bachelors,13.013619,Never-married,Exec-managerial,Own-child,Asian-Pac-Islander,Female,43.901226,-0.84124863,51.853565,Taiwan,<=50K
28.067518,Private,218747.83,Assoc-acdm,12.010612,Married-civ-spouse,Machine-op-inspct,Husband,White,Male,-14.105853,0.08789715,39.99495,United-States,<=50K
43.923317,State-gov,143603.25,Bachelors,13.020893,Divorced,Prof-specialty,Not-in-family,White,Female,30.775738,0.23847851,39.9612,United-States,<=50K
28.863365,Self-emp-not-inc,160810.89,10th,5.988751,Married-civ-spouse,Craft-repair,Husband,White,Male,17.80943,-0.27998462,35.002495,United-States,>50K
46.937153,Federal-gov,168241.64,Some-college,10.0052185,Married-civ-spouse,Craft-repair,Husband,White,Male,-14.884662,-0.34132496,40.002785,?,<=50K
60.08079,Private,53861.168,HS-grad,8.992092,Married-civ-spouse,Prof-specialty,Husband,White,Male,-2.508685,-0.121331364,39.96856,United-States,>50K
49.977673,Local-gov,91893.97,Some-college,10.000672,Married-civ-spouse,Craft-repair,Husband,White,Male,-8.8236265,-0.56968796,40.00368,United-States,<=50K
61.116074,Private,355456.34,9th,5.018514,Married-civ-spouse,Machine-op-inspct,Husband,Black,Male,18.829205,0.035986755,19.85904,Trinadad&Tobago,<=50K
39.075134,Private,262074.23,Bachelors,13.009147,Divorced,Exec-managerial,Unmarried,White,Female,19.176617,-0.46874347,45.07909,United-States,<=50K
27.226526,Private,191703.11,Prof-school,15.008716,Married-civ-spouse,Adm-clerical,Husband,White,Male,-15.4520445,-0.24245563,40.04064,United-States,<=50K
31.024502,Private,150870.61,Some-college,10.001159,Married-civ-spouse,Transport-moving,Husband,White,Male,8.416852,-0.5085918,34.09935,United-States,<=50K
34.20551,State-gov,365670.06,Doctorate,16.033634,Married-civ-spouse,Prof-specialty,Husband,White,Male,18.060894,-0.35122028,45.11688,Germany,>50K
51.06264,Private,253682.34,Bachelors,13.002637,Married-civ-spouse,Craft-repair,Husband,White,Male,-20.870747,-0.4211513,19.956179,United-States,>50K
22.161528,Private,33110.668,HS-grad,8.995295,Married-civ-spouse,Machine-op-inspct,Husband,White,Male,6.550885,0.08562359,44.930614,United-States,<=50K
30.115622,Private,156016.61,Some-college,10.001979,Married-civ-spouse,Exec-managerial,Husband,White,Male,6.8121157,-0.5334712,44.992474,United-States,>50K
74.6471,Self-emp-inc,134019.33,Some-college,10.001064,Married-civ-spouse,Sales,Husband,White,Male,-24.054096,-0.068024784,50.01657,United-States,<=50K
24.37626,Self-emp-inc,159248.56,Bachelors,12.996265,Married-civ-spouse,Sales,Husband,White,Male,1.9732485,-0.3489162,45.008724,United-States,<=50K
29.049992,Local-gov,383444.03,Some-college,10.005475,Married-civ-spouse,Protective-serv,Husband,White,Male,-23.206928,1493.7118,40.048435,United-States,>50K
23.18593,Private,347079.9,Bachelors,13.008737,Never-married,Adm-clerical,Not-in-family,White,Male,25.261578,-0.1939632,30.022488,United-States,<=50K
32.01003,Private,72025.875,Some-college,10.009147,Married-civ-spouse,Sales,Husband,Asian-Pac-Islander,Male,21.947124,-0.16465107,39.9946,United-States,>50K
57.068142,Private,235918.39,HS-grad,8.990619,Married-civ-spouse,Machine-op-inspct,Husband,Black,Male,-11.841449,-0.110985905,39.98189,United-States,>50K
49.045147,Self-emp-inc,187090.7,Some-college,10.004503,Married-civ-spouse,Transport-moving,Husband,White,Male,-9.59389,-0.4342281,50.08393,United-States,>50K
64.20775,Self-emp-not-inc,103081.17,HS-grad,8.991696,Married-civ-spouse,Sales,Husband,White,Male,-6.0025816,0.088065,15.042591,United-States,>50K
65.06658,Local-gov,239601.62,11th,6.9916105,Married-civ-spouse,Transport-moving,Husband,White,Male,12.776959,-0.018082764,35.08994,United-States,<=50K
32.957382,Private,199073.3,Some-college,10.009567,Married-spouse-absent,Prof-specialty,Not-in-family,White,Male,23.353374,0.104101986,39.96321,United-States,<=50K
64.136665,Private,119427.01,Some-college,10.020103,Never-married,Tech-support,Not-in-family,White,Male,14.573346,-0.050179627,39.93609,United-States,>50K
57.997032,Private,248006.22,HS-grad,9.009894,Married-civ-spouse,Farming-fishing,Husband,White,Male,20.829693,-0.27918354,52.86626,United-States,>50K
43.91258,Private,186741.89,Assoc-acdm,12.011515,Separated,Adm-clerical,Not-in-family,White,Male,20.125835,-0.08963123,34.95561,United-States,<=50K
64.24694,Private,118470.766,Some-college,9.994679,Married-civ-spouse,Exec-managerial,Wife,White,Female,-11.903949,-0.31355396,39.97703,United-States,>50K
50.96059,Local-gov,26893.574,HS-grad,8.998008,Married-civ-spouse,Craft-repair,Husband,White,Male,-4.638324,-0.16664234,39.981888,United-States,>50K
51.000767,Private,60378.74,HS-grad,8.997243,Married-civ-spouse,Handlers-cleaners,Husband,White,Male,12.412702,-0.2984325,39.974304,United-States,>50K
27.782307,Self-emp-not-inc,217828.61,Some-college,10.022079,Never-married,Transport-moving,Not-in-family,White,Male,19.09776,1771.6891,39.99834,United-States,<=50K
45.845985,Self-emp-not-inc,28041.95,HS-grad,9.000382,Married-civ-spouse,Craft-repair,Husband,White,Male,-2.8255796,-0.6211406,47.945778,United-States,>50K
37.69675,Private,252302.66,11th,7.0161476,Divorced,Machine-op-inspct,Not-in-family,White,Male,48.483257,-0.023537781,64.998955,United-States,<=50K
44.81351,Private,84823.86,Some-college,10.013257,Divorced,Sales,Not-in-family,White,Male,35.982037,-0.021378662,39.952766,United-States,<=50K
65.995544,Private,22101.965,11th,6.9700484,Married-civ-spouse,Craft-repair,Husband,White,Male,8.169782,0.03593335,20.124004,United-States,<=50K
34.25598,Self-emp-inc,352683.06,Some-college,9.992448,Married-civ-spouse,Exec-managerial,Husband,White,Male,-13.882953,-0.75582993,40.054184,United-States,>50K
43.954205,Self-emp-not-inc,233945.06,HS-grad,8.995449,Married-civ-spouse,Sales,Wife,White,Female,16.56773,-0.23654285,39.971497,United-States,>50K
21.973053,Private,108778.01,HS-grad,9.0047455,Married-civ-spouse,Other-service,Own-child,White,Male,48.382915,-0.121445805,49.98781,United-States,<=50K
48.11536,Private,440428.78,Masters,14.017722,Never-married,Prof-specialty,Not-in-family,White,Male,0.68735975,-0.2718822,59.912483,United-States,<=50K
46.017033,State-gov,55890.637,Bachelors,13.004934,Married-civ-spouse,Prof-specialty,Husband,Black,Male,-10.552142,-0.44992176,40.019234,United-States,>50K
23.248058,Private,184811.0,Bachelors,13.009475,Never-married,Exec-managerial,Not-in-family,White,Female,34.520367,-0.037469056,34.909527,Canada,<=50K
46.968613,Self-emp-not-inc,264485.66,HS-grad,9.007513,Married-civ-spouse,Transport-moving,Husband,White,Male,1.4586,-0.5667888,45.010784,United-States,>50K
40.04247,Private,234865.28,Some-college,10.004807,Married-civ-spouse,Transport-moving,Husband,White,Male,3.4024477,-0.6026927,40.03508,United-States,<=50K
62.06557,Private,94644.63,HS-grad,9.006094,Never-married,Craft-repair,Not-in-family,White,Male,22.617779,-0.08773151,39.933678,United-States,<=50K
48.020695,State-gov,352812.34,HS-grad,9.0052805,Married-civ-spouse,Protective-serv,Husband,White,Male,-17.134174,-0.46688953,72.16382,United-States,>50K
62.11707,Private,176507.16,Doctorate,16.036104,Never-married,Exec-managerial,Not-in-family,White,Male,-0.9464293,0.46497998,50.054592,United-States,>50K
31.12403,Self-emp-not-inc,134208.28,Some-college,10.003291,Married-civ-spouse,Prof-specialty,Husband,White,Male,5.281842,-0.28225818,50.038548,United-States,>50K
41.009884,Local-gov,111760.984,Masters,14.01812,Divorced,Prof-specialty,Unmarried,White,Female,7464.8115,0.010542723,35.99685,United-States,>50K
45.96421,Private,268847.84,Assoc-acdm,11.998281,Widowed,Adm-clerical,Unmarried,White,Female,15.384381,-0.4267818,40.002743,United-States,<=50K
43.055267,Private,220265.36,Bachelors,13.005645,Married-civ-spouse,Tech-support,Husband,White,Male,-20.13564,-0.23714557,23.96466,United-States,>50K
50.050816,Local-gov,364258.12,Some-college,9.991842,Widowed,Adm-clerical,Unmarried,White,Female,23.237408,-0.48485675,40.020084,United-States,<=50K
43.87559,Private,43881.043,HS-grad,9.005204,Married-civ-spouse,Farming-fishing,Husband,White,Male,10.227887,-0.9399196,69.92263,United-States,<=50K
36.155933,Self-emp-inc,212617.33,Assoc-acdm,12.010102,Married-civ-spouse,Exec-managerial,Husband,White,Male,-25.263325,-0.5209285,40.03352,United-States,>50K
60.02964,Private,84503.85,HS-grad,9.002839,Married-civ-spouse,Transport-moving,Husband,White,Male,3.9927797,-0.45742908,43.961018,United-States,>50K
51.876312,Private,146805.7,10th,6.0233154,Married-spouse-absent,Prof-specialty,Other-relative,Asian-Pac-Islander,Male,58.255474,0.1450642,44.96573,United-States,<=50K
42.999462,Local-gov,92127.39,Masters,14.008979,Married-civ-spouse,Prof-specialty,Wife,Black,Female,6.300397,-0.54396164,34.951584,United-States,>50K
43.089626,Private,109578.05,Bachelors,13.003804,Married-civ-spouse,Prof-specialty,Husband,White,Male,-5.7787046,-0.28873554,19.886126,United-States,>50K
44.88691,Federal-gov,60260.668,HS-grad,8.996314,Married-civ-spouse,Adm-clerical,Husband,White,Male,-28.710102,-0.33837238,39.99846,United-States,>50K
38.933136,Private,190125.75,HS-grad,9.007031,Separated,Craft-repair,Unmarried,White,Male,30.36314,-0.21030536,54.862705,United-States,<=50K
29.810432,Private,332608.56,11th,6.989251,Married-civ-spouse,Machine-op-inspct,Husband,White,Male,13.955182,0.010741088,54.781445,United-States,<=50K
45.0231,Self-emp-not-inc,270526.7,Bachelors,13.005861,Married-civ-spouse,Craft-repair,Husband,White,Male,-27.035053,-0.32552448,19.997692,United-States,<=50K
43.04233,Private,180189.14,Bachelors,13.00738,Separated,Exec-managerial,Unmarried,White,Male,8740.634,-0.653062,40.013493,United-States,>50K
60.026653,Private,304450.06,Some-college,10.010122,Widowed,Transport-moving,Not-in-family,White,Male,25.979107,-0.3543178,28.183083,United-States,<=50K
25.963282,Private,141470.03,HS-grad,8.983342,Married-civ-spouse,Other-service,Wife,White,Female,48.90611,-0.09773365,39.942207,Mexico,<=50K
55.037434,Private,375952.03,Bachelors,12.995799,Married-civ-spouse,Protective-serv,Husband,White,Male,-39.669575,-0.5031673,40.023285,United-States,>50K
68.11499,Private,116902.9,Prof-school,14.999768,Widowed,Prof-specialty,Unmarried,White,Male,-16.318012,-0.41088977,59.940243,United-States,>50K
35.884735,Private,214422.83,Bachelors,13.018933,Divorced,Tech-support,Not-in-family,White,Female,31.101665,0.0139301745,39.964886,United-States,<=50K
51.036804,?,172142.83,Doctorate,16.021233,Never-married,?,Not-in-family,White,Male,-13.148822,2838.722,39.974003,United-States,>50K
56.031567,Self-emp-not-inc,118834.445,Bachelors,13.001543,Married-civ-spouse,Adm-clerical,Husband,White,Male,-29.38393,-0.8127986,40.036423,United-States,>50K
38.68853,Private,62270.918,7th-8th,3.9779572,Married-civ-spouse,Handlers-cleaners,Husband,White,Male,52.431988,-0.42208973,47.851685,United-States,<=50K
49.08638,Federal-gov,212547.27,Masters,14.00823,Never-married,Exec-managerial,Not-in-family,White,Male,-35.503315,0.11151776,55.906025,United-States,>50K
56.145706,Private,230277.11,Bachelors,12.9936075,Married-civ-spouse,Adm-clerical,Husband,White,Male,-25.0956,-0.6575557,29.997766,Canada,<=50K
46.959282,Federal-gov,118122.234,Some-college,10.0105095,Divorced,Adm-clerical,Unmarried,White,Female,1.1500063,-0.46930805,40.00469,United-States,<=50K
26.93167,Local-gov,130592.67,Some-college,10.002615,Married-civ-spouse,Adm-clerical,Own-child,White,Female,25.103374,-0.2441341,40.015015,United-States,<=50K
29.819757,Private,212722.48,Prof-school,15.027444,Never-married,Prof-specialty,Not-in-family,White,Male,11.753034,0.16879925,50.00238,United-States,>50K
49.981987,Self-emp-not-inc,341880.38,Some-college,9.997948,Married-civ-spouse,Transport-moving,Husband,White,Male,-10.313617,-0.0035563975,54.876778,United-States,<=50K
43.028507,Private,218552.97,Bachelors,13.004757,Never-married,Exec-managerial,Not-in-family,Black,Female,15.390973,-0.42775074,50.148956,United-States,>50K
50.96973,Self-emp-not-inc,72225.52,Some-college,9.998402,Separated,Exec-managerial,Not-in-family,White,Female,25.97691,-0.25476947,59.963135,United-States,<=50K
50.040096,Private,98504.19,Masters,14.032181,Divorced,Prof-specialty,Not-in-family,White,Female,17.90269,0.54782,34.90594,United-States,<=50K
22.329344,Private,214184.84,Some-college,9.979661,Married-civ-spouse,Other-service,Husband,Amer-Indian-Eskimo,Male,30.336529,-0.113969,40.01759,United-States,<=50K
35.92158,Self-emp-not-inc,204605.4,Bachelors,13.013038,Divorced,Prof-specialty,Not-in-family,Black,Female,29.726177,-0.20700946,39.976185,United-States,>50K
63.13634,Private,76987.56,Bachelors,13.005027,Married-civ-spouse,Protective-serv,Husband,Asian-Pac-Islander,Male,-22.170795,-0.43357196,40.01111,Philippines,>50K
24.955656,Private,211642.12,Assoc-acdm,12.021938,Never-married,Prof-specialty,Not-in-family,White,Male,19.197369,0.24398693,49.971794,United-States,>50K
49.144165,Private,102747.79,Bachelors,13.008513,Married-civ-spouse,Handlers-cleaners,Husband,White,Male,-2.063861,-0.41944996,40.007526,United-States,>50K
48.125103,Self-emp-not-inc,161115.94,Bachelors,13.017973,Married-civ-spouse,Exec-managerial,Husband,Asian-Pac-Islander,Male,8.991071,-0.6810924,40.035717,Japan,<=50K
52.08727,Private,286852.9,Bachelors,13.008783,Divorced,Prof-specialty,Unmarried,White,Female,15.745954,-0.43951526,39.966145,United-States,>50K
28.75373,Private,377440.25,Some-college,10.017739,Never-married,Craft-repair,Not-in-family,Asian-Pac-Islander,Male,46.666607,-0.19709125,44.98564,Philippines,<=50K
31.000288,Federal-gov,280671.62,Assoc-acdm,12.024337,Married-civ-spouse,Tech-support,Husband,White,Male,-32.414692,-0.45929828,44.93188,United-States,<=50K
39.012238,Private,217889.6,Prof-school,15.034422,Divorced,Exec-managerial,Not-in-family,White,Male,2.8448305,0.13204083,50.05859,United-States,<=50K
38.047306,Private,219204.77,Assoc-voc,11.013594,Married-civ-spouse,Craft-repair,Husband,White,Male,6.5511293,-0.4404842,39.991207,?,>50K
29.821077,Private,444088.22,HS-grad,8.991947,Married-civ-spouse,Handlers-cleaners,Husband,White,Male,22.974712,-0.35489002,30.05502,United-States,<=50K
35.995506,Private,351861.6,Bachelors,13.004681,Divorced,Adm-clerical,Unmarried,White,Female,26.025982,-0.52642167,40.012104,United-States,<=50K
35.879654,Private,29699.73,Some-college,10.00544,Divorced,Prof-specialty,Unmarried,White,Female,28.358746,-0.15643421,45.036842,United-States,<=50K
39.027122,Private,190029.78,Assoc-voc,11.0127945,Divorced,Adm-clerical,Unmarried,White,Female,31.63731,-0.2924358,50.112503,United-States,<=50K
44.86912,Private,101090.3,Assoc-voc,11.038582,Divorced,Exec-managerial,Not-in-family,White,Male,25.224468,-0.061379578,39.958218,United-States,>50K
27.770859,Private,128042.695,10th,6.00589,Widowed,Adm-clerical,Unmarried,White,Female,46.118755,2245.5078,34.932983,United-States,<=50K
26.940477,Private,262227.72,HS-grad,9.00791,Married-civ-spouse,Handlers-cleaners,Husband,White,Male,3237.4844,-0.29078785,49.997093,United-States,<=50K
28.147211,State-gov,265150.06,Bachelors,13.003806,Married-civ-spouse,Protective-serv,Husband,White,Male,-14.674457,-0.38814655,50.071964,United-States,>50K
36.757526,Private,145792.31,9th,5.00099,Married-civ-spouse,Machine-op-inspct,Husband,White,Male,24.701519,0.26351818,49.9287,United-States,>50K
34.254818,Federal-gov,283389.44,Some-college,10.002153,Married-civ-spouse,Machine-op-inspct,Husband,Black,Male,-34.724506,-0.29197803,52.02822,United-States,<=50K
42.87748,Private,27108.543,Some-college,10.01014,Never-married,Craft-repair,Not-in-family,White,Male,25.434673,-0.12300983,39.9438,United-States,<=50K
47.049458,Private,137292.58,Bachelors,13.014264,Divorced,Exec-managerial,Not-in-family,White,Male,-0.8050719,2266.6135,39.98129,United-States,>50K
53.00632,Self-emp-not-inc,321283.8,Prof-school,15.023753,Divorced,Prof-specialty,Not-in-family,White,Male,-8.193255,-0.1056377,59.98672,United-States,>50K
31.013613,Self-emp-not-inc,181574.72,HS-grad,9.007473,Married-civ-spouse,Craft-repair,Husband,White,Male,-6.7520933,1901.7698,40.029594,United-States,>50K
34.175564,Private,25665.434,Prof-school,15.030604,Never-married,Prof-specialty,Not-in-family,White,Female,10599.338,0.1462315,39.95062,United-States,>50K
41.027164,Private,54721.652,Assoc-acdm,12.001573,Married-civ-spouse,Prof-specialty,Wife,White,Female,-3.2857847,-0.118035465,39.95672,United-States,>50K
30.83102,Local-gov,158404.61,Bachelors,13.01649,Never-married,Craft-repair,Not-in-family,White,Male,8802.971,-0.09514728,39.976456,United-States,>50K
26.831667,Private,134885.05,Bachelors,13.020501,Never-married,Tech-support,Not-in-family,White,Male,20.570904,0.16962323,49.971912,United-States,<=50K
46.917416,Private,34925.793,HS-grad,9.0064,Married-civ-spouse,Transport-moving,Husband,White,Male,9.935407,-0.37208667,59.857426,United-States,<=50K
39.014984,Private,256914.6,Some-college,10.006024,Married-civ-spouse,Handlers-cleaners,Husband,White,Male,13.993756,-0.40847126,50.043198,United-States,<=50K
41.72178,Private,151394.25,7th-8th,3.9805155,Married-civ-spouse,Craft-repair,Husband,White,Male,4500.2427,-0.31497303,49.886646,United-States,>50K
36.731983,Private,178277.39,9th,5.0123496,Married-civ-spouse,Handlers-cleaners,Husband,White,Male,48.41978,-0.19498554,49.93211,United-States,<=50K
46.8423,Private,200586.33,5th-6th,3.037499,Married-civ-spouse,Handlers-cleaners,Husband,White,Male,69.16881,0.18821606,39.924343,Mexico,<=50K
27.180824,Private,194144.78,Assoc-acdm,11.988394,Married-civ-spouse,Adm-clerical,Wife,Black,Female,9.603864,-0.37526813,24.88045,United-States,<=50K
29.75919,Local-gov,327034.0,HS-grad,9.000395,Married-civ-spouse,Other-service,Husband,White,Male,18.400494,-0.32367817,40.018536,United-States,<=50K
47.979202,Self-emp-not-inc,63721.363,HS-grad,9.008101,Married-civ-spouse,Farming-fishing,Husband,White,Male,7.055768,-0.57019913,50.027905,United-States,<=50K
41.86732,State-gov,218801.02,Masters,14.029833,Divorced,Prof-specialty,Not-in-family,White,Female,18.539654,0.520728,38.01195,United-States,<=50K
48.09911,Private,196987.56,Some-college,9.9970045,Married-civ-spouse,Machine-op-inspct,Husband,White,Male,-12.904437,-0.075081974,39.995403,United-States,>50K
38.074306,Federal-gov,336671.0,Some-college,10.000325,Married-civ-spouse,Adm-clerical,Husband,Asian-Pac-Islander,Male,-16.64272,-0.5939647,40.057106,Philippines,>50K
24.221935,Private,265430.88,Some-college,10.004799,Married-civ-spouse,Handlers-cleaners,Husband,White,Male,20.196392,-0.6076366,40.017002,United-States,<=50K
47.91069,Local-gov,117207.93,10th,5.9996753,Married-civ-spouse,Transport-moving,Husband,White,Male,21.587017,-0.03957477,39.9872,United-States,<=50K
23.092312,Private,36702.168,Bachelors,13.018208,Never-married,Sales,Not-in-family,White,Male,26.314556,0.3366612,49.986702,United-States,<=50K
29.841866,Private,109358.08,Some-college,10.014893,Never-married,Exec-managerial,Not-in-family,White,Male,31.104351,-0.094979435,51.92108,United-States,<=50K
38.917435,Private,501559.16,HS-grad,9.007278,Divorced,Adm-clerical,Not-in-family,White,Male,38.59898,-0.1247417,39.966812,United-States,<=50K
28.88391,Private,179798.75,Assoc-acdm,12.042363,Never-married,Craft-repair,Not-in-family,White,Male,22.192242,-0.19020954,59.870422,United-States,<=50K
52.520847,Self-emp-not-inc,143785.48,1st-4th,2.0181804,Married-civ-spouse,Exec-managerial,Husband,White,Male,7641.536,0.007506225,66.59264,Italy,>50K
38.944828,Private,381815.94,Some-college,10.006654,Divorced,Prof-specialty,Not-in-family,White,Female,34.330425,-0.12633625,45.005623,United-States,>50K
34.937317,Private,171874.64,Assoc-voc,11.045906,Divorced,Transport-moving,Not-in-family,White,Male,36.94981,0.34706768,50.03957,United-States,<=50K
48.12298,Private,160730.44,Some-college,9.995748,Never-married,Exec-managerial,Not-in-family,White,Female,22.247417,0.016882751,39.964916,Ireland,>50K
34.010384,Federal-gov,193873.81,Some-college,10.01003,Never-married,Adm-clerical,Not-in-family,White,Male,1.5149965,-0.21297565,39.973583,United-States,<=50K
42.986,Private,112561.92,Some-college,10.000065,Married-civ-spouse,Protective-serv,Husband,White,Male,-9.561175,-0.3989803,39.99358,United-States,<=50K
30.516811,Local-gov,188582.61,HS-grad,9.023163,Divorced,Protective-serv,Not-in-family,White,Male,23.398785,-0.030022766,46.913456,United-States,>50K
57.001312,Private,73631.055,HS-grad,8.984628,Married-civ-spouse,Other-service,Husband,White,Male,7.7039614,-0.24856678,30.086674,United-States,<=50K
36.943607,Private,177546.16,Bachelors,13.014358,Divorced,Exec-managerial,Not-in-family,White,Female,30.277935,-0.08824268,39.976345,United-States,>50K
28.56255,Private,109574.87,5th-6th,3.0258641,Married-civ-spouse,Machine-op-inspct,Husband,White,Male,57.636578,-0.10407367,39.881348,?,<=50K
41.088512,Private,111703.48,Bachelors,13.006936,Married-civ-spouse,Sales,Wife,White,Female,13.570416,-0.16780964,11.914892,United-States,>50K
39.144222,Self-emp-not-inc,199095.58,Bachelors,12.99979,Married-civ-spouse,Other-service,Husband,White,Male,-4.109515,-0.56789505,60.005116,United-States,<=50K
49.055717,State-gov,174580.89,Some-college,10.004491,Married-civ-spouse,Prof-specialty,Husband,White,Male,0.8187074,-0.24254718,50.048954,United-States,>50K
26.773705,Self-emp-inc,378417.9,HS-grad,9.014289,Never-married,Sales,Not-in-family,White,Male,39.968365,0.19228253,49.938236,United-States,<=50K
47.05678,Local-gov,271554.97,Some-college,10.008292,Never-married,Adm-clerical,Not-in-family,Black,Male,20.26646,-0.17955127,39.99908,United-States,<=50K
55.590816,Self-emp-not-inc,161608.73,5th-6th,3.052196,Married-civ-spouse,Exec-managerial,Husband,White,Male,19.027203,1884.5419,66.57692,United-States,>50K
61.10799,Private,35525.902,Some-college,9.991471,Married-civ-spouse,Other-service,Husband,White,Male,-7.812152,-0.22580066,6.0760994,United-States,<=50K
42.023792,Self-emp-not-inc,206768.64,HS-grad,8.994251,Married-civ-spouse,Sales,Husband,White,Male,3.7273989,-0.11345783,12.0987015,United-States,<=50K
48.075188,Self-emp-not-inc,370135.66,Some-college,9.988781,Married-civ-spouse,Exec-managerial,Husband,White,Male,-18.155903,-0.62432206,40.05195,United-States,>50K
37.75825,Private,107315.72,HS-grad,9.005265,Divorced,Machine-op-inspct,Not-in-family,White,Male,2121.5999,0.5547322,39.946186,United-States,<=50K
20.183554,Private,346547.0,Some-college,10.016589,Never-married,Protective-serv,Not-in-family,Black,Male,11.108747,-0.10478321,59.906765,United-States,<=50K
52.931217,Federal-gov,176651.03,Some-college,10.001402,Never-married,Prof-specialty,Unmarried,White,Female,-6.8233824,-0.22924152,39.977715,United-States,<=50K
26.962275,Private,250359.28,9th,5.018391,Married-civ-spouse,Protective-serv,Husband,White,Male,38.041363,-0.10575214,39.944305,Guatemala,<=50K
36.06044,Private,347615.78,Some-college,9.998341,Married-civ-spouse,Craft-repair,Husband,White,Male,-0.49794298,-0.54364884,40.029797,United-States,<=50K
59.13557,Private,32532.387,Assoc-voc,11.016224,Divorced,Prof-specialty,Not-in-family,White,Female,29.795269,0.5293721,36.00141,United-States,<=50K
35.232082,Self-emp-not-inc,190262.97,Masters,13.994225,Married-civ-spouse,Sales,Husband,White,Male,-21.181538,-0.23461261,40.011158,United-States,>50K
26.779024,Private,327899.1,Some-college,10.0238695,Divorced,Craft-repair,Not-in-family,White,Male,36.25987,-0.2569591,44.94597,United-States,<=50K
30.058178,State-gov,106715.6,Bachelors,13.007265,Married-civ-spouse,Prof-specialty,Husband,White,Male,4.168561,-0.14094654,37.018547,United-States,>50K
28.060905,?,130646.3,12th,8.004068,Married-civ-spouse,?,Wife,White,Female,53.660503,-0.2802135,20.019278,Germany,<=50K
46.978672,Self-emp-not-inc,174484.47,HS-grad,8.995064,Married-civ-spouse,Exec-managerial,Husband,White,Male,-5.032611,-0.53500473,40.01294,United-States,<=50K
41.980064,Private,108958.21,HS-grad,8.994449,Widowed,Exec-managerial,Not-in-family,White,Female,41.4503,-0.12278095,39.95227,United-States,<=50K
48.090633,Self-emp-not-inc,351658.88,HS-grad,9.004625,Married-civ-spouse,Craft-repair,Husband,White,Male,-20.346088,1901.9021,40.04727,United-States,>50K
36.967075,Private,164767.1,HS-grad,9.004084,Married-civ-spouse,Handlers-cleaners,Husband,White,Male,8.131452,2007.76,40.010754,United-States,<=50K
36.103405,Self-emp-not-inc,104702.79,Some-college,9.998741,Married-civ-spouse,Exec-managerial,Husband,White,Male,-14.460101,-0.33979145,54.872482,United-States,>50K
30.749641,Private,394149.53,9th,5.025162,Married-civ-spouse,Handlers-cleaners,Husband,Black,Male,47.473003,-0.18753925,47.896362,United-States,<=50K
57.12785,Private,143317.56,Bachelors,13.007196,Separated,Exec-managerial,Unmarried,White,Female,12.07359,-0.7202922,39.986763,United-States,<=50K
41.985497,State-gov,82349.05,HS-grad,8.994844,Married-civ-spouse,Exec-managerial,Husband,White,Male,-7.694232,-0.27224842,39.99286,United-States,>50K
39.97533,Private,201725.95,HS-grad,8.991502,Married-civ-spouse,Sales,Wife,White,Female,23.544537,-0.073685795,39.957325,United-States,>50K
62.06905,Private,150953.42,9th,4.999016,Married-civ-spouse,Other-service,Husband,White,Male,39.091656,-0.3300182,39.931988,United-States,<=50K
31.990122,Self-emp-not-inc,170630.3,HS-grad,9.000724,Married-civ-spouse,Sales,Husband,White,Male,17.249615,-0.33089557,40.00482,United-States,<=50K
65.21832,Local-gov,180285.33,Some-college,10.004686,Widowed,Adm-clerical,Not-in-family,White,Female,20.350445,-0.44150653,34.948143,United-States,<=50K
62.10788,Private,350559.12,HS-grad,8.993331,Married-civ-spouse,Exec-managerial,Husband,White,Male,-5.0580015,-0.5555278,40.013813,United-States,<=50K
26.14,Private,103949.56,Masters,14.0268345,Never-married,Exec-managerial,Not-in-family,White,Female,120.20238,0.5631703,34.900112,United-States,<=50K
51.017662,State-gov,366928.0,Doctorate,16.030647,Married-spouse-absent,Prof-specialty,Not-in-family,White,Male,-6.6080503,-0.0037852793,69.9729,United-States,>50K
69.988846,Private,116551.125,HS-grad,8.990314,Married-civ-spouse,Other-service,Husband,White,Male,-3.0748472,-0.12749591,16.053335,United-States,<=50K
41.882744,Private,110567.81,Masters,14.024243,Never-married,Prof-specialty,Not-in-family,White,Male,7.394147,0.13320813,47.934456,United-States,>50K
43.961033,Private,202609.88,Bachelors,13.010196,Never-married,Prof-specialty,Own-child,White,Male,10655.034,-0.123322636,39.973034,United-States,>50K
58.007843,Private,274765.7,HS-grad,8.997216,Widowed,Craft-repair,Unmarried,White,Male,8618.589,-0.9076549,51.86692,Mexico,>50K
67.97992,Self-emp-not-inc,141529.8,Masters,14.005496,Married-civ-spouse,Transport-moving,Husband,White,Male,-30.78017,-0.3649532,15.180183,United-States,<=50K
66.98337,Private,211506.45,Masters,14.002654,Married-spouse-absent,Exec-managerial,Not-in-family,White,Male,-34.143208,-0.06706348,54.900097,United-States,>50K
30.272572,Private,39668.87,Some-college,9.9815855,Married-civ-spouse,Exec-managerial,Husband,Black,Male,-17.795795,0.22716412,98.42459,United-States,<=50K
25.036427,Private,249127.5,10th,5.99747,Married-civ-spouse,Machine-op-inspct,Husband,White,Male,28.888775,0.014380309,39.95474,Guatemala,<=50K
60.106728,Private,73458.15,Assoc-voc,11.017108,Widowed,Craft-repair,Not-in-family,White,Female,21.077007,-0.09404102,29.97639,United-States,<=50K
39.01059,Federal-gov,178363.39,HS-grad,9.01212,Married-civ-spouse,Tech-support,Husband,White,Male,-21.933735,-0.34451404,39.986164,United-States,>50K
28.008928,Private,108171.92,Masters,14.023671,Never-married,Prof-specialty,Not-in-family,White,Female,27.494,-0.1423656,50.00455,United-States,<=50K
39.01234,Local-gov,29875.09,Bachelors,13.012468,Never-married,Prof-specialty,Not-in-family,White,Female,24.662212,0.25891766,43.980667,United-States,>50K
53.880707,Local-gov,256628.88,Some-college,9.996381,Married-civ-spouse,Exec-managerial,Wife,White,Female,2.9024477,-0.41054645,40.012203,United-States,>50K
56.02282,Private,146731.02,Some-college,10.007473,Divorced,Adm-clerical,Not-in-family,White,Female,43.122173,-0.20633045,45.079353,Germany,<=50K
35.14871,Self-emp-inc,288685.78,Masters,13.9958935,Married-civ-spouse,Sales,Husband,White,Male,2.9349184,-0.781808,45.041645,Mexico,>50K
57.080463,State-gov,228131.75,Bachelors,12.991519,Married-civ-spouse,Exec-managerial,Husband,Other,Male,-36.14394,1584.26,37.07728,United-States,<=50K
38.94106,Private,127376.42,HS-grad,9.007941,Divorced,Adm-clerical,Not-in-family,White,Male,10605.813,0.10384259,39.95056,United-States,>50K
50.960903,Local-gov,264543.3,11th,6.980704,Married-civ-spouse,Handlers-cleaners,Husband,Black,Male,26.923931,-0.3303844,40.01052,United-States,<=50K
66.02174,Self-emp-not-inc,102989.99,Masters,14.001663,Married-civ-spouse,Exec-managerial,Husband,White,Male,-42.170307,-0.35497394,19.935024,United-States,>50K
32.77707,Private,117040.81,9th,5.005328,Married-civ-spouse,Handlers-cleaners,Husband,White,Male,43.735943,-0.4832088,39.93446,United-States,<=50K
46.049595,Private,388864.66,Bachelors,12.990435,Married-civ-spouse,Sales,Husband,White,Male,4.743268,-0.9828731,50.126232,Germany,>50K
37.98334,Private,395991.22,Some-college,10.0059,Married-civ-spouse,Craft-repair,Husband,Asian-Pac-Islander,Male,4.031354,-0.455125,40.027596,United-States,>50K
44.018127,State-gov,485449.34,Bachelors,13.002494,Separated,Prof-specialty,Unmarried,White,Female,34.555523,-1.2882396,39.96297,United-States,<=50K
36.034485,Self-emp-not-inc,88882.44,HS-grad,8.981181,Married-civ-spouse,Craft-repair,Husband,White,Male,-6.103656,-0.25740924,80.6765,United-States,>50K
24.77345,Private,516794.06,9th,5.031724,Married-civ-spouse,Transport-moving,Husband,White,Male,40.169292,-0.16596332,44.904625,United-States,<=50K
64.21657,Self-emp-not-inc,337924.22,Bachelors,12.996224,Married-civ-spouse,Prof-specialty,Husband,White,Male,-23.439838,-0.6910716,23.892097,United-States,>50K
33.208084,Self-emp-not-inc,195352.69,Some-college,9.998616,Married-civ-spouse,Exec-managerial,Husband,White,Male,-5.359027,-0.68245804,45.001892,United-States,<=50K
33.194736,Federal-gov,121980.39,Some-college,9.99498,Married-civ-spouse,Exec-managerial,Wife,Black,Female,-14.043109,-0.3945476,40.015636,United-States,>50K
37.721172,Self-emp-not-inc,282276.94,7th-8th,4.0019474,Married-civ-spouse,Sales,Husband,White,Male,58.933575,-0.23790851,34.951015,United-States,>50K
56.887558,Self-emp-not-inc,263155.38,HS-grad,9.008212,Married-civ-spouse,Farming-fishing,Husband,White,Male,12.323102,-0.62707627,44.955334,United-States,<=50K
34.045757,Private,185955.11,HS-grad,9.005056,Married-civ-spouse,Handlers-cleaners,Husband,White,Male,8.948346,-0.9443294,69.827774,United-States,<=50K
29.962791,Private,169315.66,Bachelors,13.016725,Married-AF-spouse,Exec-managerial,Wife,White,Female,23.831402,-0.15544239,39.978935,United-States,>50K
49.143974,Local-gov,403816.44,Assoc-voc,11.007224,Married-civ-spouse,Craft-repair,Husband,White,Male,-5.2452574,-0.5220119,40.039192,United-States,>50K
48.067505,Private,48379.98,Assoc-acdm,12.023365,Divorced,Adm-clerical,Unmarried,White,Female,12.14195,-0.27955738,39.994465,United-States,<=50K
78.04961,Local-gov,136124.86,Bachelors,13.01335,Married-civ-spouse,Exec-managerial,Husband,White,Male,-44.383198,-0.17414966,15.08218,United-States,<=50K
50.94966,Private,181848.27,HS-grad,9.007527,Divorced,Prof-specialty,Unmarried,White,Male,30.065044,-0.03186908,39.962387,United-States,<=50K
31.795319,Private,159164.39,Assoc-voc,11.019211,Never-married,Prof-specialty,Not-in-family,White,Male,34.081158,0.29999432,39.947056,United-States,<=50K
41.91878,Private,111892.91,HS-grad,8.99985,Widowed,Sales,Unmarried,White,Male,33.568707,-0.14341846,39.960964,United-States,<=50K
25.231297,Local-gov,167897.16,Bachelors,13.004401,Married-civ-spouse,Prof-specialty,Wife,White,Female,14.101666,-0.16249195,38.037945,United-States,>50K
45.890026,Private,29784.605,HS-grad,8.991026,Married-civ-spouse,Exec-managerial,Husband,White,Male,2.687848,-0.33168903,39.98602,United-States,>50K
45.93793,Private,380664.66,HS-grad,9.002602,Married-civ-spouse,Tech-support,Husband,Black,Male,2.802106,-0.41495624,40.007793,United-States,>50K
40.06475,Private,254872.2,Some-college,9.997791,Married-civ-spouse,Prof-specialty,Husband,White,Male,1.0662661,-0.39815632,40.010128,United-States,>50K
60.00432,Private,33916.48,HS-grad,8.997414,Married-civ-spouse,Protective-serv,Husband,White,Male,-17.159077,-0.20595661,39.964825,United-States,<=50K
54.912594,Private,248359.55,HS-grad,9.005313,Married-civ-spouse,Transport-moving,Husband,White,Male,5.9954653,-0.43315235,45.00355,United-States,>50K
23.243809,Private,232025.98,Bachelors,13.007958,Divorced,Adm-clerical,Not-in-family,White,Female,8755.792,-0.54190934,70.07633,United-States,>50K
29.97633,Private,86065.18,HS-grad,9.004734,Married-civ-spouse,Craft-repair,Husband,White,Male,17.877789,-0.361169,50.00691,United-States,<=50K
39.97281,Private,199739.39,HS-grad,8.998455,Never-married,Machine-op-inspct,Not-in-family,Black,Male,14315.995,0.22929272,39.951683,United-States,>50K
63.085217,Self-emp-not-inc,145538.7,7th-8th,4.0156817,Married-civ-spouse,Farming-fishing,Husband,White,Male,43.53062,-0.37140766,59.667553,United-States,>50K
42.905693,Self-emp-not-inc,159907.69,Some-college,10.017386,Never-married,Sales,Not-in-family,White,Male,27.58067,-0.15507618,64.98504,United-States,<=50K
69.91199,?,55936.152,Doctorate,16.026632,Married-civ-spouse,?,Husband,White,Male,-39.843647,0.18591198,19.843819,United-States,>50K
42.05673,Private,197324.05,Some-college,9.996041,Married-civ-spouse,Other-service,Husband,White,Male,11.557477,-0.4691402,40.014534,United-States,>50K
37.984833,Self-emp-not-inc,212938.98,HS-grad,9.002622,Married-civ-spouse,Prof-specialty,Husband,White,Male,8.245221,-0.28677478,50.03056,United-States,>50K
35.02685,Private,88426.805,HS-grad,9.007294,Married-civ-spouse,Transport-moving,Husband,White,Male,17.758892,-0.3229381,50.034424,United-States,>50K
72.979324,Private,24400.309,7th-8th,3.9777594,Married-civ-spouse,Sales,Husband,White,Male,35.263042,0.025893066,29.991352,United-States,>50K
52.655556,Private,160596.88,1st-4th,1.9564737,Married-civ-spouse,Transport-moving,Husband,White,Male,74.01732,-0.39468494,49.885418,United-States,<=50K
50.08267,Private,209414.83,Bachelors,13.012227,Divorced,Sales,Unmarried,Black,Male,15.097272,-0.40159717,39.980537,United-States,<=50K
57.066643,Self-emp-inc,259262.5,HS-grad,8.974814,Married-civ-spouse,Transport-moving,Husband,White,Male,5096.3364,-0.5495311,60.085266,Hungary,>50K
33.1656,Private,496507.12,HS-grad,9.001152,Married-civ-spouse,Prof-specialty,Husband,White,Male,5.0530825,-0.17241016,88.83981,United-States,<=50K
43.983677,State-gov,306770.94,Assoc-voc,11.016026,Married-civ-spouse,Protective-serv,Husband,White,Male,-21.562397,-0.29834858,50.067085,United-States,>50K
38.98875,Private,215103.92,Prof-school,15.02637,Divorced,Prof-specialty,Not-in-family,White,Male,2.9561586,-0.023514893,69.91222,United-States,>50K
34.86494,Private,93638.83,HS-grad,9.020624,Divorced,Craft-repair,Not-in-family,White,Male,38.439312,-0.16212574,55.8618,United-States,<=50K
57.112488,Self-emp-not-inc,48043.87,Bachelors,13.004651,Married-civ-spouse,Prof-specialty,Wife,White,Female,-11.352191,-0.4106075,34.91746,United-States,>50K
47.10608,Federal-gov,161321.16,Assoc-voc,11.004499,Married-civ-spouse,Adm-clerical,Wife,White,Female,-16.572163,-0.16784015,34.967587,United-States,<=50K
60.05603,Private,388914.06,HS-grad,8.994297,Married-civ-spouse,Sales,Husband,White,Male,-2.5509214,-0.39570728,39.990623,United-States,>50K
38.105682,State-gov,317705.97,Bachelors,12.996326,Married-civ-spouse,Protective-serv,Husband,Black,Male,-28.71645,-0.48849598,52.092705,United-States,<=50K
62.237827,Private,104263.84,Masters,14.009935,Married-civ-spouse,Adm-clerical,Husband,Asian-Pac-Islander,Male,-3.336566,0.35914502,39.988884,China,>50K
38.931587,Private,239753.06,HS-grad,9.004917,Never-married,Exec-managerial,Not-in-family,White,Male,36.305767,-0.22761646,41.850178,United-States,<=50K
28.064436,Private,195653.72,Assoc-voc,11.010753,Never-married,Machine-op-inspct,Not-in-family,White,Female,24.937359,1675.4216,42.02704,United-States,<=50K
37.946568,Self-emp-not-inc,110641.86,Prof-school,15.026403,Never-married,Prof-specialty,Not-in-family,White,Female,13.887067,0.21774945,31.970242,United-States,<=50K
33.237976,Private,392724.34,Masters,14.002614,Married-civ-spouse,Prof-specialty,Husband,White,Male,-12.125628,-0.44812885,33.07334,United-States,>50K
49.10633,Private,255304.89,Some-college,10.011764,Divorced,Adm-clerical,Not-in-family,White,Female,33.13267,-0.24956623,42.93239,United-States,<=50K
46.010876,Private,22707.059,HS-grad,8.966654,Widowed,Adm-clerical,Not-in-family,White,Female,61.987774,-0.20496479,39.8927,England,<=50K
34.23338,Private,73784.82,Masters,14.006227,Married-civ-spouse,Prof-specialty,Husband,White,Male,-3.3180113,-0.4560863,39.9541,?,<=50K
63.002735,Private,287109.7,HS-grad,9.016087,Divorced,Protective-serv,Not-in-family,White,Male,9.805768,-0.08255115,39.946228,United-States,<=50K
59.02317,Self-emp-inc,187915.16,HS-grad,9.001711,Married-civ-spouse,Sales,Husband,White,Male,-1.643939,-0.26019397,50.037033,United-States,>50K
34.21874,?,170705.53,Bachelors,13.005319,Married-civ-spouse,?,Wife,White,Female,8.209577,-0.18139759,9.79567,United-States,>50K
25.247183,Private,164530.23,Bachelors,13.003376,Married-civ-spouse,Prof-specialty,Husband,White,Male,9.007428,-0.39596668,39.982105,?,<=50K
41.02472,Private,104701.75,Some-college,9.985863,Widowed,Adm-clerical,Unmarried,Black,Female,27.492535,-0.6011821,48.04264,United-States,<=50K
29.806559,Private,156434.17,Masters,14.025577,Never-married,Prof-specialty,Not-in-family,White,Male,14.726911,0.34680828,44.965424,United-States,>50K
53.8141,?,135438.2,Some-college,9.997643,Married-civ-spouse,?,Husband,White,Male,-9.463031,-0.3545467,50.081955,United-States,<=50K
34.99379,State-gov,36488.168,Assoc-voc,11.041429,Never-married,Craft-repair,Not-in-family,White,Male,30.511822,-0.06678119,39.956978,United-States,<=50K
73.475296,Private,42385.12,HS-grad,8.991847,Married-civ-spouse,Exec-managerial,Husband,White,Male,-25.10268,2160.2842,30.068033,United-States,<=50K
35.192974,Federal-gov,412107.75,HS-grad,9.005684,Married-civ-spouse,Craft-repair,Husband,White,Male,-15.666888,-0.54856217,40.02086,United-States,>50K
51.0499,Private,261807.0,HS-grad,8.955765,Married-civ-spouse,Other-service,Husband,White,Male,38.369976,0.046049926,39.963726,Cuba,>50K
49.870773,Self-emp-not-inc,194221.81,7th-8th,3.9905863,Married-civ-spouse,Craft-repair,Husband,White,Male,37.973248,-0.15922657,36.0255,United-States,<=50K
32.723503,State-gov,292574.22,9th,5.029553,Married-civ-spouse,Farming-fishing,Husband,White,Male,47.025738,-0.26184955,39.96523,United-States,<=50K
39.070866,State-gov,220291.33,Masters,14.022981,Married-civ-spouse,Prof-specialty,Other-relative,Other,Female,7701.721,-0.051568177,37.9923,United-States,>50K
50.96822,Self-emp-not-inc,30742.824,Some-college,9.998302,Married-civ-spouse,Sales,Husband,White,Male,-5.713763,-0.25061908,50.055126,United-States,>50K
35.01863,?,201695.5,Bachelors,13.0091,Never-married,?,Not-in-family,White,Male,12.289411,-0.00068774517,39.978878,United-States,<=50K
34.1864,Self-emp-inc,29695.45,Some-college,9.991226,Married-civ-spouse,Craft-repair,Husband,White,Male,-18.812885,-0.6437694,69.748535,United-States,<=50K
37.962498,Local-gov,73001.79,Some-college,10.009605,Married-civ-spouse,Protective-serv,Husband,White,Male,-17.363422,-0.5600215,59.82975,United-States,>50K
28.096676,Private,168445.53,Bachelors,13.002733,Married-civ-spouse,Prof-specialty,Husband,Asian-Pac-Islander,Male,14.763043,-1.1309825,39.959827,Taiwan,<=50K
52.867367,Self-emp-not-inc,146456.06,HS-grad,8.994241,Married-civ-spouse,Craft-repair,Husband,White,Male,-14.005023,-0.67327225,40.020744,Yugoslavia,>50K
29.03271,Private,334137.38,HS-grad,9.005537,Married-civ-spouse,Craft-repair,Husband,White,Male,13.491559,-0.38999286,47.953083,United-States,<=50K
62.200233,Local-gov,31902.668,HS-grad,8.992662,Widowed,Other-service,Not-in-family,White,Female,43.307476,0.11774334,39.990196,Canada,<=50K
48.12568,Private,196916.84,Some-college,9.990482,Married-civ-spouse,Sales,Husband,Black,Male,-2.1153746,-0.49475208,40.012093,United-States,>50K
29.668945,State-gov,43467.652,HS-grad,8.999289,Married-AF-spouse,Adm-clerical,Own-child,White,Female,40.45152,0.2688664,38.158382,United-States,<=50K
37.995056,Private,59521.965,Assoc-voc,11.027491,Married-civ-spouse,Tech-support,Husband,White,Male,-5.831439,-0.06427875,50.026867,United-States,>50K
35.95205,Local-gov,224229.31,Bachelors,13.010735,Never-married,Prof-specialty,Unmarried,White,Male,18.193707,-0.253091,39.994293,United-States,<=50K
56.93189,Self-emp-not-inc,25746.2,Assoc-voc,11.023128,Married-civ-spouse,Craft-repair,Husband,White,Male,-12.942279,-0.43254963,40.012733,United-States,>50K
45.89457,Self-emp-not-inc,182338.31,Some-college,9.996787,Married-civ-spouse,Craft-repair,Husband,White,Male,3041.3723,-0.8085872,34.986725,United-States,>50K
33.08485,Local-gov,99867.76,Some-college,10.001817,Married-civ-spouse,Adm-clerical,Wife,White,Female,22.091656,-0.28376117,40.007458,United-States,<=50K
26.035275,Private,263268.88,Assoc-voc,11.036802,Never-married,Tech-support,Not-in-family,White,Male,14365.677,0.15930828,39.964203,United-States,>50K
44.021217,Private,176127.14,Bachelors,13.004355,Married-civ-spouse,Prof-specialty,Wife,White,Female,7.5084047,-0.25061908,19.910196,United-States,<=50K
54.931145,Local-gov,252555.89,Some-college,10.000165,Married-civ-spouse,Prof-specialty,Husband,White,Male,-0.9029723,-0.4548351,40.02093,United-States,>50K
55.814854,Self-emp-not-inc,73299.86,Some-college,9.995622,Married-civ-spouse,Exec-managerial,Husband,White,Male,-17.76772,-0.4085857,50.082172,United-States,>50K
39.93221,Private,376702.66,Some-college,10.017649,Divorced,Handlers-cleaners,Not-in-family,White,Male,39.040874,-0.06376758,39.979477,United-States,<=50K
48.208824,Private,182222.42,Bachelors,12.995962,Married-civ-spouse,Sales,Husband,Black,Male,-10.7332945,-0.5927135,40.019684,United-States,>50K
62.073185,Local-gov,205148.97,Some-college,10.020282,Divorced,Other-service,Not-in-family,White,Male,25.251812,0.060721252,44.999767,United-States,<=50K
54.958607,Private,145139.88,Some-college,10.002387,Divorced,Adm-clerical,Unmarried,White,Female,4645.9897,-0.30841175,20.024393,United-States,<=50K
49.048378,Private,238332.3,HS-grad,9.011799,Married-civ-spouse,Tech-support,Husband,White,Male,4.7440004,-0.30790058,49.998684,United-States,>50K
62.0849,Self-emp-not-inc,162715.0,HS-grad,8.99831,Married-civ-spouse,Transport-moving,Husband,White,Male,-7.7511168,-0.14776722,30.103437,United-States,<=50K
57.912544,Private,196280.1,11th,6.975217,Married-civ-spouse,Craft-repair,Husband,White,Male,14.796491,-0.5848628,39.978363,United-States,<=50K
57.00743,Private,148185.6,HS-grad,8.988049,Married-civ-spouse,Sales,Husband,White,Male,5.9087954,-0.061799195,30.020353,United-States,<=50K
59.995266,Local-gov,232592.39,11th,6.989845,Married-civ-spouse,Transport-moving,Husband,White,Male,14.466901,-0.024903443,20.279316,United-States,<=50K
53.876373,Private,191913.45,HS-grad,9.002928,Divorced,Exec-managerial,Unmarried,White,Female,31.333843,-0.26329914,45.02905,United-States,<=50K
26.01373,Private,395707.0,Bachelors,13.003473,Never-married,Sales,Not-in-family,White,Female,36.345806,-0.26062122,47.974598,United-States,<=50K
30.829836,Private,218425.4,HS-grad,8.989914,Married-civ-spouse,Other-service,Husband,White,Male,37.401226,-0.1724712,39.967396,Mexico,>50K
44.012405,Private,278443.06,Some-college,9.996389,Married-civ-spouse,Other-service,Own-child,White,Female,35.805035,-0.4566585,40.00308,United-States,>50K
52.908207,Private,48435.387,HS-grad,9.002813,Married-civ-spouse,Transport-moving,Husband,White,Male,-7.3372984,1904.0205,40.01091,United-States,>50K
41.047726,State-gov,292483.3,Some-college,9.996823,Married-civ-spouse,Adm-clerical,Wife,White,Female,3135.7795,-0.42791858,40.014904,United-States,>50K
61.034176,Private,383296.8,7th-8th,3.9976068,Married-civ-spouse,Farming-fishing,Husband,Black,Male,59.707867,-0.113625675,39.956615,United-States,<=50K
25.44457,Private,131600.16,HS-grad,9.024732,Divorced,Farming-fishing,Not-in-family,Asian-Pac-Islander,Male,60.029644,0.039656494,40.015568,Philippines,<=50K
32.116688,Local-gov,239467.42,Some-college,10.004022,Married-civ-spouse,Craft-repair,Husband,White,Male,-6.7486753,-0.2467815,59.857895,United-States,>50K
31.045582,Private,235465.64,HS-grad,9.00851,Married-civ-spouse,Craft-repair,Husband,White,Male,12.513043,-0.3435146,59.840378,United-States,<=50K
41.868843,Self-emp-not-inc,170712.73,Some-college,10.009848,Married-civ-spouse,Farming-fishing,Husband,White,Male,-1.4752378,-0.26994434,59.870262,United-States,<=50K
42.914158,Self-emp-not-inc,315874.1,Some-college,9.989774,Married-civ-spouse,Farming-fishing,Husband,White,Male,-6.322894,1.2071675,84.634995,United-States,<=50K
55.917175,Private,159950.08,Some-college,10.004406,Married-civ-spouse,Transport-moving,Husband,White,Male,-3.9483824,-0.6032039,40.023132,United-States,>50K
42.847183,Private,169772.31,Masters,14.025291,Never-married,Tech-support,Not-in-family,White,Female,3.7544985,0.5039586,39.934437,United-States,<=50K
41.843643,Private,41628.902,HS-grad,9.007496,Divorced,Machine-op-inspct,Unmarried,White,Male,20.665142,0.40286908,47.930126,United-States,<=50K
53.916862,Private,162091.05,Masters,14.025266,Divorced,Exec-managerial,Not-in-family,White,Male,-8.299457,0.32509503,50.028973,United-States,>50K
61.080273,Private,154745.0,HS-grad,8.994318,Married-civ-spouse,Other-service,Wife,White,Female,31.719341,-0.123322636,4.1769333,United-States,<=50K
54.9898,Local-gov,218435.77,Some-college,10.01243,Divorced,Adm-clerical,Not-in-family,Black,Female,27.912212,-0.2175838,54.975155,United-States,>50K
47.077293,Private,157821.45,11th,6.9810247,Married-civ-spouse,Other-service,Husband,Amer-Indian-Eskimo,Male,38.609722,-0.20271412,36.05634,United-States,<=50K
47.07404,Local-gov,170935.61,Assoc-acdm,12.007631,Married-civ-spouse,Adm-clerical,Wife,White,Female,1.7613344,-0.20041767,34.96618,United-States,>50K
48.12896,Local-gov,144065.31,Masters,14.029235,Divorced,Prof-specialty,Not-in-family,White,Female,14.794293,0.6199101,39.951836,United-States,>50K
54.952698,Private,127397.414,HS-grad,8.993559,Married-civ-spouse,Other-service,Husband,White,Male,13.615338,-0.33595386,39.985195,United-States,<=50K
24.96597,Private,308147.94,Bachelors,13.017948,Never-married,Craft-repair,Not-in-family,White,Male,33.833843,-0.16794696,39.942566,Mexico,<=50K
34.992435,Private,31871.934,HS-grad,9.000673,Married-civ-spouse,Handlers-cleaners,Husband,White,Male,19.990582,-0.322961,44.959686,United-States,<=50K
42.929684,Self-emp-not-inc,238029.78,Assoc-voc,11.033158,Divorced,Exec-managerial,Not-in-family,White,Male,15.319684,0.019865844,24.963741,United-States,<=50K
34.060802,Private,221970.84,HS-grad,9.015174,Married-civ-spouse,Tech-support,Husband,White,Male,-1.4769468,1682.9681,41.85212,United-States,<=50K
46.901806,Private,187918.58,11th,6.977441,Married-civ-spouse,Adm-clerical,Husband,White,Male,7.604108,1493.3047,57.815384,United-States,<=50K
50.95834,Self-emp-not-inc,195299.97,Masters,14.018395,Never-married,Exec-managerial,Not-in-family,White,Male,10652.81,0.08215222,19.943043,United-States,>50K
54.8607,Self-emp-not-inc,189264.73,HS-grad,8.990775,Married-civ-spouse,Craft-repair,Husband,White,Male,-10.119525,-0.012826112,20.023865,United-States,<=50K
44.812786,Private,79742.21,Some-college,10.02215,Married-civ-spouse,Tech-support,Husband,Asian-Pac-Islander,Male,-4.166888,-0.21135822,54.845394,United-States,>50K
32.153866,Private,118115.016,Bachelors,13.002237,Married-civ-spouse,Adm-clerical,Wife,White,Female,17.108501,-0.42225757,34.874672,?,>50K
42.156216,State-gov,390620.2,Bachelors,12.9975605,Married-civ-spouse,Adm-clerical,Husband,White,Male,-19.677631,-0.72961533,40.06062,United-States,>50K
44.879314,Private,160182.34,Assoc-acdm,12.0152235,Divorced,Prof-specialty,Unmarried,White,Female,15.147809,-0.14338794,43.03138,United-States,<=50K
33.037838,Private,102239.07,12th,7.9997034,Married-civ-spouse,Protective-serv,Husband,White,Male,2.4647036,-0.24939838,39.9931,United-States,<=50K
25.062378,Private,196798.77,Bachelors,13.012691,Never-married,Exec-managerial,Not-in-family,White,Male,20.660503,-0.026124146,50.024868,United-States,<=50K
34.867283,Self-emp-not-inc,295442.6,Some-college,10.023615,Divorced,Farming-fishing,Unmarried,White,Male,37.759624,-0.14287677,50.0222,United-States,<=50K
43.89143,Private,43052.293,Bachelors,13.0191965,Never-married,Other-service,Not-in-family,White,Male,20.560162,0.031439636,47.946224,United-States,<=50K
61.012573,Self-emp-not-inc,242958.12,HS-grad,9.003926,Married-civ-spouse,Craft-repair,Husband,White,Male,-9.19057,-0.23705402,51.98349,United-States,>50K
27.872408,Private,25982.73,Assoc-acdm,12.037252,Divorced,Exec-managerial,Not-in-family,White,Female,29.224468,0.04070935,42.885155,United-States,<=50K
32.613277,Private,299018.22,9th,5.034834,Divorced,Craft-repair,Not-in-family,White,Male,71.49901,-0.12110248,49.93049,United-States,<=50K
30.022211,Private,117791.93,Some-college,10.013036,Married-civ-spouse,Adm-clerical,Husband,Asian-Pac-Islander,Male,9.462018,-0.393037,50.063488,United-States,>50K
42.86547,Private,207295.52,Masters,14.024997,Never-married,Prof-specialty,Not-in-family,White,Male,7.5198793,0.4531544,39.93984,United-States,>50K
31.998991,Self-emp-not-inc,28340.715,Some-college,10.014762,Married-civ-spouse,Farming-fishing,Husband,White,Male,3.5154848,-0.524171,50.028065,United-States,>50K
37.952446,Federal-gov,290480.03,Assoc-voc,11.0204,Never-married,Adm-clerical,Not-in-family,White,Female,10.065045,0.15310559,39.986595,United-States,<=50K
43.87682,Private,129622.98,Prof-school,15.035972,Divorced,Prof-specialty,Not-in-family,White,Male,6.9246645,0.47089276,44.976273,United-States,>50K
37.940434,Private,51661.168,HS-grad,8.987466,Married-civ-spouse,Prof-specialty,Wife,White,Female,20.379498,0.08186993,39.947205,United-States,<=50K
40.99297,Federal-gov,28568.652,Some-college,9.994148,Married-civ-spouse,Exec-managerial,Husband,White,Male,-28.496723,-0.5793773,40.006344,United-States,>50K
44.91077,Private,199354.83,Assoc-voc,11.025896,Divorced,Exec-managerial,Not-in-family,White,Female,31.877544,0.20521435,43.998737,United-States,<=50K
41.028934,State-gov,200351.53,HS-grad,8.994524,Married-civ-spouse,Adm-clerical,Wife,White,Female,25.788189,-0.12752643,38.01923,United-States,>50K
33.14022,Local-gov,182407.53,Some-college,10.005196,Married-civ-spouse,Protective-serv,Husband,White,Male,-26.051655,1887.6926,40.02969,United-States,>50K
40.904243,Private,45200.855,HS-grad,8.995388,Married-civ-spouse,Craft-repair,Husband,White,Male,-6.505267,-0.7992946,72.20431,United-States,>50K
46.961662,Local-gov,178309.73,HS-grad,9.011184,Never-married,Craft-repair,Not-in-family,White,Male,25.543316,-0.13977924,39.9599,United-States,<=50K
31.950287,Private,243393.02,Bachelors,13.006631,Never-married,Prof-specialty,Not-in-family,White,Male,6.88902,1871.6918,49.967617,United-States,<=50K
51.006092,Private,328503.2,Some-college,9.997928,Widowed,Adm-clerical,Not-in-family,White,Female,28.048687,-0.4103481,39.97667,United-States,<=50K
47.03547,Local-gov,264322.6,HS-grad,8.997922,Married-civ-spouse,Other-service,Husband,White,Male,4480.9624,-0.25940052,40.01163,United-States,>50K
33.080444,Self-emp-not-inc,221385.84,HS-grad,9.003233,Married-civ-spouse,Craft-repair,Husband,White,Male,6.224469,-0.5746013,40.013203,United-States,<=50K
28.03005,Private,303267.34,12th,8.006791,Married-civ-spouse,Machine-op-inspct,Husband,White,Male,11.344342,-0.22309986,39.987312,United-States,<=50K
47.01564,State-gov,99985.27,HS-grad,8.99402,Married-civ-spouse,Adm-clerical,Wife,White,Female,21.473003,-0.08992115,39.982845,United-States,>50K
35.903503,Local-gov,216753.83,Some-college,10.026812,Divorced,Protective-serv,Unmarried,White,Male,12.264508,-0.16604725,54.83978,United-States,<=50K
31.614777,Private,303883.1,5th-6th,3.0363588,Married-civ-spouse,Machine-op-inspct,Husband,White,Male,43.51353,-0.052819397,47.76513,United-States,<=50K
59.059975,Private,450277.97,Some-college,9.985236,Married-civ-spouse,Prof-specialty,Husband,White,Male,-16.194965,-0.6022655,35.997288,United-States,>50K
51.044853,Private,331134.0,Assoc-acdm,11.987051,Married-civ-spouse,Exec-managerial,Husband,White,Male,-8.676166,-0.51800644,54.98939,Germany,>50K
47.088745,Private,192675.75,HS-grad,8.985919,Married-civ-spouse,Other-service,Wife,Black,Female,4955.8735,-0.25862995,39.96877,United-States,<=50K
52.010067,Private,101472.44,Assoc-voc,11.019999,Married-civ-spouse,Transport-moving,Husband,White,Male,-9.65639,-0.26994434,55.980618,United-States,<=50K
36.96301,Private,167753.4,HS-grad,8.960967,Married-civ-spouse,Other-service,Husband,White,Male,26.266949,-0.19859424,40.004932,Guatemala,<=50K
44.78104,Private,117905.89,HS-grad,9.018382,Divorced,Tech-support,Not-in-family,White,Female,44.500835,0.21567425,50.01651,United-States,>50K
39.047546,Private,153956.27,HS-grad,8.9867,Married-civ-spouse,Other-service,Husband,White,Male,15.551618,-0.25320545,30.092693,United-States,<=50K
30.91479,Private,145170.77,HS-grad,8.973285,Married-civ-spouse,Adm-clerical,Husband,Amer-Indian-Eskimo,Male,21.490826,0.01134381,40.01599,United-States,<=50K
50.968422,Federal-gov,24595.652,HS-grad,8.995186,Married-civ-spouse,Other-service,Husband,White,Male,-17.44057,-0.30365863,39.98715,United-States,>50K
52.029297,Local-gov,379743.78,HS-grad,9.009487,Divorced,Adm-clerical,Not-in-family,White,Female,35.299908,0.053725097,45.010334,United-States,<=50K
49.104015,Self-emp-not-inc,166066.3,HS-grad,8.996549,Married-civ-spouse,Other-service,Husband,White,Male,6.930524,-0.21701923,40.003944,United-States,<=50K
47.06945,Private,182893.02,Some-college,9.986769,Married-civ-spouse,Exec-managerial,Wife,Black,Female,-0.005511339,-0.5546504,39.990353,United-States,>50K
44.817066,Private,184652.2,Assoc-acdm,12.049364,Divorced,Craft-repair,Not-in-family,White,Male,12.894879,0.051138733,39.96844,United-States,<=50K
31.827377,Private,203847.16,Assoc-acdm,12.009587,Never-married,Sales,Not-in-family,Black,Male,19.244732,0.029478882,50.03773,United-States,<=50K
40.866467,Private,65661.07,11th,6.982085,Married-civ-spouse,Handlers-cleaners,Husband,White,Male,7742.191,-0.3164226,39.967297,United-States,>50K
41.981613,Private,179061.28,Bachelors,13.01085,Separated,Other-service,Not-in-family,White,Female,37.595074,-0.15171924,50.105793,United-States,<=50K
32.049107,Private,104821.76,HS-grad,8.994603,Married-civ-spouse,Exec-managerial,Wife,White,Female,14.796002,-0.12462726,50.041843,United-States,>50K
47.011517,Local-gov,121181.17,HS-grad,8.994188,Married-civ-spouse,Transport-moving,Husband,White,Male,2.0752993,-0.2112743,20.111595,United-States,>50K
50.003597,Private,155755.55,Assoc-acdm,12.024745,Married-civ-spouse,Transport-moving,Husband,White,Male,-11.725482,-0.18267933,54.93945,United-States,>50K
25.961996,Private,100249.05,HS-grad,8.999028,Married-civ-spouse,Sales,Husband,White,Male,19.219585,-0.028313782,47.92429,United-States,<=50K
46.90783,Private,273616.03,5th-6th,3.024458,Married-civ-spouse,Other-service,Husband,Black,Male,87.28392,-0.3665401,39.949554,Jamaica,<=50K
36.04742,State-gov,195600.39,HS-grad,9.006286,Married-civ-spouse,Exec-managerial,Husband,White,Male,-6.02724,-0.5372783,59.853275,United-States,>50K
42.96776,Self-emp-not-inc,214879.69,Some-college,9.999654,Married-civ-spouse,Machine-op-inspct,Wife,White,Female,-10.4955015,-0.20584217,50.06579,United-States,<=50K
71.967964,?,111441.67,HS-grad,8.996653,Widowed,?,Not-in-family,White,Male,16.733746,0.11927685,30.080595,United-States,<=50K
37.05305,Federal-gov,195631.77,Some-college,9.999382,Married-civ-spouse,Machine-op-inspct,Husband,White,Male,-25.29433,-0.24211994,40.002888,United-States,<=50K
30.048435,Private,107878.03,Assoc-acdm,12.02722,Married-civ-spouse,Craft-repair,Husband,White,Male,-6.306781,-0.5769359,40.00167,United-States,<=50K
30.747234,Private,159089.95,HS-grad,9.0131,Never-married,Other-service,Not-in-family,White,Male,36.397808,-0.38791767,85.86075,United-States,<=50K
56.119247,Private,192835.83,Prof-school,15.017127,Married-civ-spouse,Exec-managerial,Husband,White,Male,-29.155415,-0.41981617,16.004938,United-States,<=50K
31.922022,Private,28735.559,Bachelors,13.033356,Never-married,Tech-support,Other-relative,White,Female,32.635357,-0.47891346,72.30538,United-States,<=50K
27.157454,Private,108403.336,Some-college,9.990839,Married-civ-spouse,Exec-managerial,Husband,Black,Male,2.8895082,-0.06811634,5.1623383,United-States,<=50K
41.995052,Private,88336.69,HS-grad,8.994896,Married-civ-spouse,Other-service,Husband,White,Male,7763.6763,-0.15743366,39.985046,Greece,>50K
42.041904,Private,99028.74,Assoc-acdm,11.995511,Married-civ-spouse,Adm-clerical,Wife,Black,Female,-4.9471617,-0.38408008,39.992306,United-States,>50K
23.211645,Private,308683.72,HS-grad,8.998146,Married-civ-spouse,Machine-op-inspct,Husband,White,Male,8.220319,-0.11797443,39.99091,United-States,<=50K
40.991295,Private,110747.09,HS-grad,8.995288,Married-civ-spouse,Machine-op-inspct,Husband,White,Male,-2.8238707,0.13238415,44.94737,United-States,<=50K
42.969574,Private,179284.92,Bachelors,13.011546,Divorced,Sales,Unmarried,White,Female,25.252056,-0.28657642,39.973118,United-States,>50K
62.10666,?,182287.86,Some-college,9.993896,Married-civ-spouse,?,Wife,White,Female,-10.015521,-0.2978908,45.028816,United-States,>50K
49.902943,Private,176229.72,10th,5.982483,Married-civ-spouse,Craft-repair,Husband,White,Male,17.180035,-0.6056148,37.972507,United-States,<=50K
30.177116,State-gov,360525.22,Bachelors,12.999977,Married-civ-spouse,Protective-serv,Husband,White,Male,-22.23183,-0.44386402,72.14837,United-States,>50K
55.736958,Local-gov,295256.16,5th-6th,3.040719,Married-civ-spouse,Transport-moving,Husband,White,Male,53.644146,0.006422851,39.97572,United-States,<=50K
43.012104,Private,249031.42,Assoc-voc,10.983956,Married-civ-spouse,Prof-specialty,Wife,White,Female,22.375347,-0.38985553,36.006012,United-States,>50K
32.015327,Private,328774.22,Masters,14.010358,Never-married,Adm-clerical,Unmarried,White,Female,10.69859,-0.4073955,39.98045,United-States,<=50K
34.097065,Private,54882.027,Bachelors,13.010069,Never-married,Exec-managerial,Not-in-family,White,Male,-0.055071887,1601.4043,50.00324,United-States,<=50K
35.01587,Local-gov,222373.58,Bachelors,13.015428,Divorced,Prof-specialty,Not-in-family,White,Male,30.467388,-0.10865131,39.975792,United-States,<=50K
29.767426,Private,157233.83,Some-college,10.018603,Never-married,Craft-repair,Other-relative,White,Male,45.40147,0.08738598,54.823284,Ecuador,<=50K
40.95104,State-gov,32373.309,Bachelors,13.029015,Married-civ-spouse,Farming-fishing,Husband,White,Male,-2.0858335,-0.061829712,39.98647,United-States,>50K
57.00378,Self-emp-not-inc,51369.668,Assoc-voc,11.013996,Married-civ-spouse,Exec-managerial,Husband,White,Male,-22.473042,-0.16647449,19.90791,United-States,<=50K
36.082664,Private,95557.72,Bachelors,13.000615,Married-civ-spouse,Prof-specialty,Wife,White,Female,7.0789614,-0.48207203,50.13471,Iran,>50K
36.99778,Self-emp-inc,97936.0,HS-grad,8.999907,Married-civ-spouse,Exec-managerial,Husband,White,Male,-5.0492125,-0.54842484,50.05838,United-States,>50K
47.904022,Private,105903.75,10th,5.9925013,Married-civ-spouse,Transport-moving,Husband,White,Male,22.639019,-0.4395763,39.972622,United-States,>50K
64.1798,Private,200305.36,7th-8th,3.9702468,Married-civ-spouse,Exec-managerial,Husband,White,Male,39.485943,-0.4186794,39.931087,United-States,<=50K
42.776485,Private,255988.1,5th-6th,3.04312,Married-civ-spouse,Machine-op-inspct,Husband,Other,Male,64.033066,0.4139317,39.91725,Mexico,<=50K
34.8928,Private,165206.0,HS-grad,9.018598,Divorced,Exec-managerial,Not-in-family,White,Male,33.10142,-0.2966701,59.857838,United-States,<=50K
47.003944,Self-emp-not-inc,266839.6,HS-grad,9.000881,Married-civ-spouse,Craft-repair,Husband,Black,Male,3059.46,-0.27182117,50.079975,United-States,>50K
40.918705,Private,426794.94,11th,6.985599,Married-civ-spouse,Craft-repair,Husband,White,Male,2.916852,1492.7562,49.938328,United-States,>50K
36.944134,Private,66713.07,HS-grad,8.990913,Married-civ-spouse,Adm-clerical,Wife,White,Female,20.235943,0.030020569,39.96913,United-States,>50K
42.98477,Private,307200.1,HS-grad,8.995316,Married-civ-spouse,Machine-op-inspct,Husband,White,Male,-3.581439,0.013327452,39.9856,United-States,<=50K
52.042732,Local-gov,178432.77,HS-grad,8.998516,Married-civ-spouse,Prof-specialty,Husband,White,Male,10.5982485,-0.2250301,39.99472,United-States,<=50K
21.270649,Private,202746.12,HS-grad,8.991457,Married-civ-spouse,Adm-clerical,Wife,White,Female,34.390728,-0.39917865,18.965649,United-States,<=50K
36.042786,Self-emp-inc,195898.67,HS-grad,9.005319,Married-civ-spouse,Craft-repair,Husband,White,Male,1.305768,-0.6829387,45.96924,United-States,>50K
68.8749,Private,182230.97,HS-grad,9.013044,Never-married,Transport-moving,Not-in-family,White,Male,15567.09,-0.07604328,39.956688,United-States,>50K
36.061104,Private,160094.22,Some-college,10.001443,Married-civ-spouse,Exec-managerial,Husband,White,Male,2.797223,-0.33501545,54.89266,United-States,>50K
40.0189,Private,264414.12,Bachelors,13.007195,Never-married,Prof-specialty,Own-child,White,Female,27.084087,-0.3303844,60.003452,United-States,<=50K
45.951202,Federal-gov,232795.92,HS-grad,9.004198,Divorced,Adm-clerical,Unmarried,Black,Female,27.052105,-0.30459705,39.99172,?,<=50K
45.932926,Local-gov,231409.06,Masters,14.022696,Divorced,Exec-managerial,Not-in-family,White,Male,0.10703749,0.3477238,50.023605,United-States,>50K
28.90313,Local-gov,370876.2,Masters,14.020638,Never-married,Prof-specialty,Not-in-family,White,Female,24.264263,-0.02154651,49.98857,United-States,<=50K
32.841103,Private,148113.8,HS-grad,9.011991,Never-married,Prof-specialty,Not-in-family,White,Male,34.494488,0.17880902,59.832302,United-States,>50K
53.835335,Private,316133.94,HS-grad,9.01424,Divorced,Craft-repair,Not-in-family,White,Male,30.160992,-0.01222339,39.9624,United-States,<=50K
34.16487,Private,220228.17,Assoc-acdm,12.002083,Married-civ-spouse,Adm-clerical,Wife,White,Female,0.76304334,-0.25749317,39.999092,United-States,>50K
51.0187,?,69436.85,Assoc-voc,11.005562,Married-civ-spouse,?,Husband,White,Male,-13.76723,-0.18548694,50.103016,United-States,>50K
36.969467,Private,237579.22,HS-grad,8.987585,Married-civ-spouse,Machine-op-inspct,Husband,Black,Male,1.1395082,0.11612591,35.998,United-States,>50K
36.854847,Local-gov,183509.62,HS-grad,9.01405,Divorced,Other-service,Unmarried,White,Female,3126.1145,-0.13343921,54.893356,United-States,<=50K
70.04018,Private,35908.043,HS-grad,8.98787,Married-civ-spouse,Exec-managerial,Husband,White,Male,-9.9518,-0.42635456,30.036821,United-States,<=50K
29.067879,Federal-gov,113735.87,Some-college,10.006549,Married-civ-spouse,Protective-serv,Husband,White,Male,-24.722553,-0.44358173,45.93116,United-States,>50K
32.979534,Private,75564.945,Bachelors,13.017816,Never-married,Prof-specialty,Not-in-family,White,Male,17.744976,0.26493725,50.008648,United-States,>50K
52.908405,Private,88213.4,Some-college,9.992727,Widowed,Exec-managerial,Unmarried,White,Female,18.574078,-0.34960285,39.984646,United-States,<=50K
23.167599,Private,117765.07,Bachelors,13.017738,Never-married,Exec-managerial,Not-in-family,White,Male,37.049664,0.27096447,39.95624,Puerto-Rico,<=50K
57.846256,Private,249494.28,10th,5.9832964,Married-civ-spouse,Craft-repair,Husband,White,Male,5059.891,-0.35167804,39.97021,United-States,>50K
26.221191,?,220961.0,Bachelors,13.00092,Married-civ-spouse,?,Wife,White,Female,6.422467,-0.21829334,39.99967,United-States,<=50K
21.2288,Self-emp-not-inc,318908.66,Assoc-voc,11.024986,Married-civ-spouse,Farming-fishing,Husband,White,Male,26.470318,-0.28993335,40.01906,United-States,<=50K
74.69332,Self-emp-inc,125719.58,HS-grad,8.998018,Married-civ-spouse,Exec-managerial,Husband,White,Male,-22.61684,-0.72523606,39.99086,United-States,>50K
40.920517,Private,169934.92,Some-college,10.013448,Divorced,Sales,Unmarried,White,Male,28.533306,-0.12508503,45.990376,United-States,<=50K
25.926916,State-gov,286341.6,Bachelors,13.011918,Never-married,Prof-specialty,Not-in-family,White,Female,27.966656,-0.19225422,59.9772,United-States,<=50K
36.987095,Private,149270.39,Some-college,10.002004,Married-civ-spouse,Craft-repair,Husband,White,Male,3.3096743,-0.6976329,40.009415,United-States,>50K
37.950935,Local-gov,193838.66,Bachelors,13.009042,Never-married,Protective-serv,Not-in-family,White,Female,4752.612,0.023222778,42.957775,United-States,>50K
53.9432,Private,204099.16,Bachelors,13.012517,Never-married,Exec-managerial,Not-in-family,White,Male,2.1238832,-0.18048969,50.06334,United-States,>50K
38.96781,State-gov,125865.7,Doctorate,16.047514,Never-married,Prof-specialty,Not-in-family,Black,Female,40.940533,0.47680554,29.981846,United-States,<=50K
47.948345,Self-emp-not-inc,48759.824,Some-college,10.014638,Married-civ-spouse,Farming-fishing,Husband,White,Male,-11.432025,1499.2247,50.019455,United-States,<=50K
25.974682,Private,119169.52,HS-grad,9.000961,Married-civ-spouse,Other-service,Husband,White,Male,31.443707,-0.06200519,49.996094,United-States,<=50K
45.95514,Private,473482.03,HS-grad,8.997696,Married-civ-spouse,Transport-moving,Husband,Black,Male,2.5772524,-0.5531703,46.046516,United-States,>50K
65.125656,Private,485337.03,Some-college,9.983675,Married-civ-spouse,Exec-managerial,Husband,White,Male,-27.103168,-0.48679462,44.99667,United-States,>50K
60.968807,Private,172784.58,10th,5.987443,Married-civ-spouse,Machine-op-inspct,Husband,White,Male,-5.515765,0.040907715,44.87952,United-States,>50K
61.07283,Private,84132.46,Assoc-voc,11.033155,Married-civ-spouse,Craft-repair,Husband,Asian-Pac-Islander,Male,-7.088275,-0.2211391,40.000336,United-States,>50K
50.97502,Local-gov,208619.0,Prof-school,15.030081,Never-married,Prof-specialty,Not-in-family,White,Male,3308.1238,0.35169873,39.964672,United-States,<=50K
41.906258,Private,107642.69,Bachelors,13.020256,Separated,Tech-support,Not-in-family,White,Male,20.6273,0.021628235,39.958263,United-States,<=50K
51.984123,Local-gov,391894.0,Assoc-voc,11.009883,Married-civ-spouse,Protective-serv,Husband,White,Male,-24.592426,-0.31713977,40.025227,United-States,>50K
36.900738,Local-gov,33590.293,HS-grad,8.984656,Married-civ-spouse,Other-service,Wife,White,Female,33.835064,-0.2113277,24.998482,United-States,<=50K
39.738018,Private,286059.72,7th-8th,3.9909372,Married-civ-spouse,Machine-op-inspct,Husband,White,Male,48.779644,0.4330586,39.909252,Mexico,>50K
41.939983,Self-emp-not-inc,343662.1,Doctorate,16.031567,Never-married,Prof-specialty,Not-in-family,White,Male,-4.244525,-0.016060974,97.9074,United-States,>50K
49.885853,Private,173777.38,7th-8th,3.9867444,Married-civ-spouse,Transport-moving,Husband,White,Male,54.53404,-0.3041164,39.96385,United-States,<=50K
45.950253,Private,207062.1,Some-college,9.995904,Married-civ-spouse,Craft-repair,Husband,Black,Male,-1.3702574,-0.46123615,40.029884,United-States,>50K
23.612812,?,256159.84,7th-8th,4.0153556,Married-civ-spouse,?,Own-child,White,Male,73.75023,-0.12468067,59.8676,United-States,<=50K
28.935003,Private,256552.69,Bachelors,13.006075,Never-married,Sales,Unmarried,Black,Male,23.364605,-0.49733844,39.976036,United-States,<=50K
27.929615,Private,327906.3,Bachelors,13.006947,Never-married,Adm-clerical,Not-in-family,White,Male,23.52354,-0.24126545,39.990105,United-States,<=50K
41.052197,State-gov,48183.902,Bachelors,13.007625,Married-civ-spouse,Adm-clerical,Husband,White,Male,-12.243548,-0.49827686,50.13163,United-States,>50K
47.062817,Private,340008.6,Some-college,9.999063,Married-civ-spouse,Machine-op-inspct,Husband,Asian-Pac-Islander,Male,3082.2004,-0.385873,40.0131,Philippines,>50K
63.168083,Private,269535.25,12th,7.9842887,Widowed,Sales,Unmarried,White,Female,45.77354,-0.8512279,39.92765,United-States,<=50K
30.068407,Self-emp-inc,204026.52,Some-college,9.991856,Married-civ-spouse,Exec-managerial,Husband,White,Male,-9.328753,-0.4297954,36.066742,United-States,>50K
44.822144,Private,162876.22,11th,6.9987984,Married-civ-spouse,Machine-op-inspct,Husband,White,Male,4459.413,-0.20175281,39.95792,United-States,>50K
49.048626,Self-emp-inc,44989.496,Assoc-acdm,12.024463,Married-civ-spouse,Craft-repair,Husband,White,Male,-27.794575,-0.49142566,40.000576,United-States,>50K
42.02541,Private,368843.6,Assoc-acdm,11.992065,Married-civ-spouse,Sales,Husband,White,Male,-18.44643,-0.4014217,54.911514,United-States,>50K
53.947067,Private,144668.31,Some-college,9.99218,Married-civ-spouse,Sales,Wife,White,Female,3.2591372,-0.2951595,39.95711,United-States,>50K
44.02033,Private,217811.75,Some-college,9.959532,Married-civ-spouse,Sales,Husband,White,Male,36.223003,-1.7688915,50.00056,England,>50K
36.741905,Self-emp-not-inc,154283.44,HS-grad,9.009193,Never-married,Farming-fishing,Not-in-family,White,Male,37.24693,-0.6802684,86.86772,United-States,<=50K
61.0818,Private,40713.934,Some-college,9.997336,Married-civ-spouse,Sales,Husband,White,Male,-9.465228,-0.31974903,39.98819,United-States,>50K
42.071896,Private,239525.22,Assoc-voc,10.98834,Married-civ-spouse,Prof-specialty,Husband,Black,Male,3.6375551,-0.6603404,40.00161,United-States,>50K
50.96262,Federal-gov,335195.78,Some-college,9.98802,Separated,Prof-specialty,Not-in-family,Black,Female,13.849225,-0.63446915,39.961094,United-States,>50K
64.149994,?,48047.684,11th,6.9746256,Married-civ-spouse,?,Husband,White,Male,1.7332582,-0.03425708,30.103073,United-States,<=50K
47.094593,Federal-gov,36004.152,Bachelors,13.000733,Married-civ-spouse,Adm-clerical,Husband,White,Male,-28.834614,-0.59407914,45.064167,Germany,>50K
49.15585,Private,110916.625,HS-grad,8.985962,Married-civ-spouse,Adm-clerical,Wife,White,Female,3.0294008,1981.2874,24.950457,United-States,>50K
60.148006,Private,215731.12,Bachelors,13.014384,Divorced,Exec-managerial,Not-in-family,White,Female,14.555524,-0.22313038,39.970356,United-States,>50K
44.01057,Private,317403.12,Some-college,9.991084,Married-civ-spouse,Sales,Husband,White,Male,1.8099184,-0.4843761,34.94893,United-States,>50K
55.989464,Private,194690.62,10th,5.995623,Married-civ-spouse,Other-service,Husband,White,Male,39.527203,0.21243176,34.949863,Cuba,>50K
37.03583,Private,198041.9,Assoc-voc,11.01875,Married-civ-spouse,Craft-repair,Husband,White,Male,0.23203748,-0.32808033,40.01764,United-States,>50K
36.011948,Private,139692.78,Assoc-voc,10.986971,Married-civ-spouse,Adm-clerical,Wife,Black,Female,19.406841,-0.52610886,39.98984,United-States,<=50K
35.290394,Self-emp-inc,195922.03,Bachelors,12.998362,Married-civ-spouse,Exec-managerial,Husband,White,Male,-21.043354,-0.6796428,45.039204,United-States,>50K
67.121994,Private,176076.55,Some-college,10.012877,Divorced,Exec-managerial,Not-in-family,White,Female,23.165874,-0.30149952,39.96277,United-States,<=50K
50.00596,Private,191955.14,HS-grad,9.01009,Divorced,Sales,Unmarried,White,Female,33.452007,-0.05631366,65.106285,United-States,<=50K
35.989338,Private,196264.53,HS-grad,8.992011,Married-civ-spouse,Other-service,Husband,Black,Male,26.155865,-0.25064197,40.00663,United-States,<=50K
40.03505,Private,229255.94,HS-grad,8.99592,Married-civ-spouse,Prof-specialty,Husband,White,Male,11.27525,-0.17002216,39.990932,United-States,>50K
36.956985,Federal-gov,90013.2,Some-college,10.010056,Separated,Exec-managerial,Not-in-family,White,Male,8743.953,-0.18634143,54.859962,United-States,>50K
65.10116,State-gov,215050.89,HS-grad,9.001057,Married-civ-spouse,Adm-clerical,Husband,White,Male,-24.729877,2184.8452,40.020466,United-States,>50K
31.703568,Private,152900.56,Bachelors,13.01981,Never-married,Other-service,Not-in-family,Asian-Pac-Islander,Male,34.68321,0.85779464,40.014034,South,<=50K
61.118057,Private,85583.11,HS-grad,8.993597,Widowed,Adm-clerical,Not-in-family,White,Female,32.750103,-0.16749683,39.94507,United-States,<=50K
40.97691,Self-emp-not-inc,437807.66,Masters,14.033075,Divorced,Sales,Unmarried,White,Male,14.451276,-0.14811054,5.0692368,United-States,>50K
35.05285,Private,202492.45,Masters,14.019952,Never-married,Prof-specialty,Not-in-family,White,Male,5.712262,0.05355725,59.900135,United-States,>50K
31.93469,Private,227845.72,11th,6.98665,Married-civ-spouse,Transport-moving,Husband,White,Male,7367.416,-0.09483448,59.789276,United-States,>50K
42.982845,Private,289268.0,Masters,14.009617,Divorced,Prof-specialty,Unmarried,White,Female,4.691266,2552.2966,39.972725,United-States,>50K
46.027657,Federal-gov,44580.7,Doctorate,16.017872,Never-married,Prof-specialty,Not-in-family,White,Female,-4.5875425,1571.9626,50.015602,United-States,>50K
74.58701,Private,186007.75,11th,6.9766517,Married-civ-spouse,Protective-serv,Husband,Black,Male,6444.132,0.14350018,49.995075,United-States,>50K
32.94796,Local-gov,177474.67,HS-grad,8.977223,Married-civ-spouse,Other-service,Husband,Amer-Indian-Eskimo,Male,30.360699,-0.09500232,40.017185,United-States,<=50K
36.894424,Self-emp-inc,94053.48,Some-college,10.007578,Divorced,Craft-repair,Unmarried,White,Female,19.370708,-0.40364185,40.02401,Canada,<=50K
43.99611,Private,166845.83,HS-grad,8.99812,Married-civ-spouse,Adm-clerical,Husband,White,Male,8.652204,-0.36714283,47.98216,United-States,>50K
33.957825,Self-emp-not-inc,202189.34,HS-grad,9.017,Married-spouse-absent,Craft-repair,Not-in-family,White,Male,17.687359,-0.36597553,49.995316,United-States,>50K
35.890266,Private,177475.05,Bachelors,13.019903,Never-married,Other-service,Not-in-family,White,Male,2185.9644,0.027258728,19.821852,?,<=50K
41.04607,Private,106480.91,Bachelors,13.009175,Married-civ-spouse,Tech-support,Husband,White,Male,-12.457904,-0.3372356,38.029606,United-States,<=50K
52.000767,Self-emp-inc,49344.62,Some-college,9.995835,Married-civ-spouse,Adm-clerical,Wife,White,Female,1.3824282,-0.36785236,40.00526,United-States,>50K
28.862938,Private,132995.33,10th,5.9876018,Married-civ-spouse,Craft-repair,Husband,White,Male,21.65562,-0.5351497,39.962193,United-States,<=50K
39.058044,Self-emp-not-inc,200390.45,Assoc-acdm,12.017534,Married-civ-spouse,Exec-managerial,Husband,White,Male,-21.272846,-0.28069416,54.92984,United-States,<=50K
28.965591,Private,329451.12,Bachelors,13.003216,Never-married,Sales,Not-in-family,White,Female,29.600933,-0.28944507,59.99932,United-States,<=50K
49.086178,Private,543213.2,HS-grad,8.99541,Married-civ-spouse,Craft-repair,Husband,White,Male,-7.7435484,-0.4968578,41.9779,United-States,>50K
41.836792,Self-emp-inc,25055.09,Masters,14.006614,Divorced,Exec-managerial,Unmarried,Asian-Pac-Islander,Male,-23.879047,2208.9565,60.0758,India,>50K
34.987385,Private,347139.8,Assoc-voc,11.026034,Never-married,Craft-repair,Not-in-family,White,Male,24.543316,0.119223446,39.96013,United-States,<=50K
29.666433,Private,251066.83,Assoc-acdm,11.979371,Never-married,Sales,Not-in-family,White,Male,59.526104,0.10173687,39.893204,England,<=50K
48.160294,Local-gov,238704.72,Masters,14.007535,Divorced,Exec-managerial,Unmarried,Black,Female,9751.744,-0.52130234,39.998505,United-States,>50K
39.08857,Private,223635.58,Assoc-acdm,12.021252,Married-civ-spouse,Craft-repair,Husband,White,Male,-12.587787,-0.58006394,40.01765,United-States,>50K
64.244286,Private,91767.62,Some-college,9.99591,Married-civ-spouse,Adm-clerical,Husband,White,Male,-12.376849,-0.6784755,40.002728,United-States,<=50K
41.158363,Private,144678.23,Some-college,9.979913,Married-civ-spouse,Exec-managerial,Husband,Amer-Indian-Eskimo,Male,10.540143,0.045935486,40.01804,United-States,>50K
42.97013,Self-emp-not-inc,336281.4,Some-college,10.004092,Divorced,Sales,Unmarried,White,Female,23.383892,886.8906,42.013634,United-States,<=50K
55.868786,Private,219371.38,Some-college,10.009859,Married-civ-spouse,Tech-support,Husband,White,Male,-8.361957,-0.4220592,44.937817,United-States,>50K
24.006382,Private,255290.97,11th,6.981316,Married-civ-spouse,Sales,Husband,White,Male,42.537945,-0.11419788,39.97861,United-States,<=50K
65.98365,Private,147583.44,HS-grad,8.999054,Married-civ-spouse,Craft-repair,Husband,White,Male,-3.5350523,-0.5844966,39.984688,United-States,>50K
41.177834,Self-emp-not-inc,375077.38,Bachelors,12.99266,Married-civ-spouse,Adm-clerical,Wife,White,Female,-5.583148,-0.68376267,40.032986,United-States,>50K
25.952654,Private,175968.52,Bachelors,13.018435,Never-married,Craft-repair,Not-in-family,White,Male,22.225933,-0.04827228,44.950783,United-States,>50K
29.755203,Private,212506.31,Some-college,10.013857,Never-married,Sales,Not-in-family,White,Male,31.811626,0.09216198,49.962795,United-States,>50K
52.951424,Federal-gov,265325.1,HS-grad,9.001054,Married-civ-spouse,Prof-specialty,Husband,White,Male,-17.38271,-0.30451313,40.005917,United-States,>50K
48.135986,Private,199853.16,Bachelors,13.003412,Married-civ-spouse,Transport-moving,Husband,White,Male,-7.0628843,-0.5092784,45.06321,United-States,>50K
32.800945,Private,219110.16,10th,6.0100884,Married-civ-spouse,Farming-fishing,Husband,White,Male,35.152447,-0.19123188,39.959827,United-States,<=50K
32.7619,Private,119442.75,HS-grad,8.99874,Never-married,Machine-op-inspct,Not-in-family,Other,Male,40.507427,0.24095044,49.96246,United-States,<=50K
28.104696,Private,115081.92,Some-college,9.998041,Married-civ-spouse,Machine-op-inspct,Husband,White,Male,-17.840473,1901.8955,40.00561,United-States,>50K
56.02181,Private,356677.34,HS-grad,8.994372,Married-civ-spouse,Machine-op-inspct,Husband,White,Male,-13.084369,-0.054268982,39.980934,United-States,<=50K
21.702013,Private,46913.684,5th-6th,3.0369844,Married-civ-spouse,Other-service,Husband,White,Male,61.67564,-0.6325923,39.94051,El-Salvador,<=50K
59.103004,Private,175391.81,Some-college,9.997241,Separated,Adm-clerical,Unmarried,White,Male,19.51817,-0.45199695,39.992954,United-States,<=50K
60.072643,Private,250067.56,HS-grad,8.995406,Married-civ-spouse,Other-service,Husband,White,Male,12.124372,-0.3465282,39.996254,United-States,>50K
60.131924,Self-emp-not-inc,168176.3,Bachelors,13.016417,Divorced,Prof-specialty,Not-in-family,White,Female,16.382183,-0.030785706,30.000782,United-States,<=50K
59.99259,Self-emp-not-inc,52849.293,HS-grad,8.99742,Married-civ-spouse,Craft-repair,Husband,White,Male,-8.391742,-0.72961533,41.84421,United-States,>50K
39.020603,Private,332612.38,Some-college,9.988307,Married-civ-spouse,Sales,Wife,White,Female,12.472028,-0.53946793,45.032253,United-States,>50K
54.840435,Private,193541.3,10th,5.9918633,Widowed,Exec-managerial,Not-in-family,White,Female,38.627544,-0.03627887,44.978916,United-States,<=50K
44.837162,Private,128037.82,Assoc-acdm,12.03255,Divorced,Tech-support,Unmarried,White,Female,28.194439,-0.023568299,39.96884,?,<=50K
35.823196,Private,210296.81,Assoc-voc,11.029246,Divorced,Prof-specialty,Not-in-family,White,Male,35.533794,0.2504414,39.959724,United-States,>50K
59.026012,Private,160097.53,Assoc-acdm,12.0196495,Married-civ-spouse,Exec-managerial,Husband,White,Male,-23.799946,-0.5884181,40.009502,United-States,>50K
62.22946,?,69570.164,Doctorate,16.0195,Married-civ-spouse,?,Husband,Amer-Indian-Eskimo,Male,-3.9464293,-0.1253368,39.99359,United-States,>50K
46.999302,Self-emp-not-inc,325097.1,Bachelors,13.010407,Married-civ-spouse,Farming-fishing,Husband,White,Male,-2.9586363,-0.3085796,59.988636,United-States,>50K
36.98507,Self-emp-not-inc,201682.03,HS-grad,8.999393,Married-civ-spouse,Prof-specialty,Husband,White,Male,15.3309145,-0.37024036,40.008564,United-States,<=50K
33.227615,Private,255053.55,Bachelors,12.998413,Married-civ-spouse,Prof-specialty,Husband,White,Male,-1.4784117,-0.28822437,24.903397,United-States,>50K
26.037,Private,189962.97,HS-grad,8.99756,Married-civ-spouse,Exec-managerial,Husband,White,Male,14.245709,-0.435136,40.008297,United-States,<=50K
44.882496,State-gov,101885.016,Some-college,9.997728,Married-civ-spouse,Exec-managerial,Husband,White,Male,-12.830951,-0.6497661,40.007046,United-States,<=50K
48.176067,Local-gov,101438.54,Bachelors,13.005749,Never-married,Adm-clerical,Unmarried,White,Female,11.777448,-0.3939754,34.945065,United-States,<=50K
36.833298,Federal-gov,38596.184,HS-grad,9.004971,Never-married,Adm-clerical,Not-in-family,White,Male,-2.9740171,0.078543514,39.94928,United-States,>50K
30.98752,Self-emp-not-inc,81376.34,Doctorate,16.019695,Married-civ-spouse,Prof-specialty,Husband,White,Male,-7.390765,0.13679394,40.006096,United-States,>50K
58.05349,Private,222061.67,HS-grad,8.994776,Married-civ-spouse,Prof-specialty,Husband,White,Male,-0.7750426,-0.25232044,39.982925,United-States,>50K
59.01701,Federal-gov,187431.31,HS-grad,8.995531,Married-civ-spouse,Adm-clerical,Husband,Black,Male,-25.413227,-0.5617229,40.027195,United-States,<=50K
34.200356,Private,286330.72,Some-college,9.993793,Married-civ-spouse,Exec-managerial,Wife,White,Female,-5.5738707,1489.7761,40.01944,United-States,>50K
40.051575,Private,262446.5,Bachelors,13.003373,Never-married,Adm-clerical,Not-in-family,White,Female,23.478863,-0.09603229,39.98333,United-States,<=50K
65.25542,Private,193629.77,Bachelors,12.996081,Married-civ-spouse,Craft-repair,Husband,White,Male,-3.6690855,-1.3528606,39.95114,England,>50K
34.11332,Private,58249.027,HS-grad,9.002267,Married-civ-spouse,Craft-repair,Husband,White,Male,-0.48524767,1586.3557,40.0014,United-States,<=50K
44.920513,Self-emp-not-inc,246371.7,HS-grad,9.001015,Married-civ-spouse,Craft-repair,Husband,White,Male,-1.1893492,-0.6783916,40.013466,United-States,>50K
39.068718,Private,431113.94,HS-grad,8.999756,Married-civ-spouse,Transport-moving,Husband,Black,Male,8.60069,-0.50640213,45.054882,United-States,>50K
34.05365,Local-gov,31519.887,HS-grad,9.008783,Married-civ-spouse,Protective-serv,Husband,White,Male,-0.1002379,-0.229211,52.84821,United-States,>50K
39.956238,Self-emp-not-inc,179397.69,HS-grad,8.997558,Married-civ-spouse,Transport-moving,Husband,White,Male,-7.0089293,-0.6068431,75.478355,United-States,>50K
44.899914,Local-gov,375678.7,HS-grad,9.00449,Married-civ-spouse,Transport-moving,Wife,White,Female,5113.4414,-0.26312366,40.0009,United-States,>50K
50.869324,Self-emp-not-inc,125558.88,11th,6.98333,Married-civ-spouse,Farming-fishing,Husband,White,Male,23.283794,-0.29255024,44.946762,United-States,>50K
36.01012,Private,167529.5,Some-college,9.996359,Married-civ-spouse,Exec-managerial,Wife,White,Female,7.078229,-0.34272113,39.993294,United-States,>50K
68.09881,Private,322161.56,HS-grad,8.997721,Married-civ-spouse,Transport-moving,Husband,Black,Male,-1.1512632,-0.2909862,5.098858,United-States,<=50K
57.0156,Private,547336.56,12th,7.9845667,Married-civ-spouse,Transport-moving,Husband,Black,Male,7744.3027,-1.4669658,40.010925,United-States,>50K
37.03267,Self-emp-inc,164086.3,Assoc-acdm,12.009717,Married-civ-spouse,Sales,Husband,White,Male,-9.096087,-0.24617878,50.069588,United-States,>50K
61.116566,Private,212835.5,Bachelors,12.997641,Married-civ-spouse,Sales,Husband,White,Male,-17.707172,-0.4512569,32.01338,United-States,>50K
31.855112,Private,175487.84,Some-college,10.012483,Divorced,Exec-managerial,Not-in-family,Black,Male,33.602154,-0.16817585,39.98674,United-States,<=50K
25.957066,Private,142262.42,Assoc-voc,11.00752,Never-married,Sales,Not-in-family,Black,Male,43.089947,0.1656178,50.00585,United-States,<=50K
57.99102,?,169962.72,Some-college,9.995096,Married-civ-spouse,?,Husband,White,Male,-14.859515,-0.44448963,40.009373,United-States,>50K
54.783173,Self-emp-not-inc,200596.12,HS-grad,8.998171,Married-civ-spouse,Transport-moving,Husband,White,Male,-14.104388,-0.42476,72.114845,United-States,<=50K
24.127039,Private,249000.33,HS-grad,9.008699,Married-civ-spouse,Handlers-cleaners,Husband,White,Male,31.918804,-0.29846302,49.993248,United-States,<=50K
26.080105,Private,105843.805,Some-college,10.003243,Married-civ-spouse,Craft-repair,Husband,White,Male,8.69151,-0.6931468,40.002644,United-States,<=50K
41.818523,Private,28990.98,10th,5.9869785,Married-civ-spouse,Machine-op-inspct,Husband,White,Male,10.142682,-0.22509113,39.93273,United-States,<=50K
58.95198,Local-gov,358521.97,Some-college,9.99754,Married-civ-spouse,Craft-repair,Husband,White,Male,-15.925433,-0.0030986338,54.843697,United-States,>50K
29.292559,Private,185209.89,Bachelors,12.994861,Married-civ-spouse,Exec-managerial,Husband,Black,Male,-10.508197,-0.5672389,55.01279,United-States,>50K
38.74944,Private,289958.6,7th-8th,4.0047693,Married-civ-spouse,Craft-repair,Husband,White,Male,53.66685,0.066435665,39.927017,Mexico,<=50K
29.76481,Private,153463.45,Bachelors,13.016687,Never-married,Machine-op-inspct,Not-in-family,White,Male,9.756696,0.29379162,47.933254,United-States,<=50K
64.125336,Self-emp-not-inc,390050.3,10th,5.9742846,Married-civ-spouse,Prof-specialty,Husband,White,Male,7.9820375,-0.41105762,9.976585,United-States,>50K
35.142086,Self-emp-inc,79754.52,Masters,13.99818,Married-civ-spouse,Prof-specialty,Husband,Asian-Pac-Islander,Male,-19.853168,0.31295666,39.982746,India,>50K
44.897785,Private,196101.8,Bachelors,13.016415,Divorced,Prof-specialty,Not-in-family,White,Male,16.390484,0.15051922,50.0339,United-States,>50K
30.960127,Federal-gov,147854.97,HS-grad,9.013885,Married-civ-spouse,Protective-serv,Husband,White,Male,-17.809467,-0.27614704,52.86471,United-States,<=50K
53.829773,Private,110351.48,Some-college,10.0092325,Married-civ-spouse,Prof-specialty,Husband,Asian-Pac-Islander,Male,-3.7887144,-0.14463916,50.04937,United-States,>50K
38.845203,Self-emp-not-inc,46872.168,Some-college,10.0108185,Married-civ-spouse,Farming-fishing,Husband,White,Male,-0.32509142,-0.361169,59.82541,United-States,<=50K
28.974886,Private,372129.6,HS-grad,8.992327,Married-civ-spouse,Adm-clerical,Husband,White,Male,11.711774,-0.3844234,34.98114,United-States,<=50K
28.758636,State-gov,146693.64,Assoc-acdm,12.022703,Never-married,Prof-specialty,Not-in-family,Black,Male,25.243511,0.23560223,39.97101,United-States,>50K
23.198309,Private,139519.47,HS-grad,9.003273,Married-civ-spouse,Craft-repair,Husband,White,Male,18.453716,-0.3682491,39.990353,United-States,<=50K
33.127914,Local-gov,147525.0,Assoc-voc,11.0164995,Married-civ-spouse,Prof-specialty,Husband,White,Male,3.0516176,-0.2655727,59.944004,United-States,<=50K
24.081564,Private,162453.17,Assoc-acdm,12.020067,Never-married,Prof-specialty,Not-in-family,White,Male,7.272565,1982.875,49.92783,United-States,<=50K
33.1256,Private,392173.66,Some-college,9.992578,Married-civ-spouse,Sales,Husband,White,Male,1.9632387,-0.50908005,44.995155,United-States,>50K
29.976698,Local-gov,19423.871,HS-grad,9.001442,Married-civ-spouse,Craft-repair,Husband,White,Male,4469.414,-0.55328476,69.867386,Germany,>50K
43.998787,Private,152787.53,Masters,14.010996,Married-civ-spouse,Exec-managerial,Wife,White,Female,-8.487689,-0.13406482,23.86584,United-States,>50K
66.01026,Private,127471.21,10th,5.9627714,Married-civ-spouse,Exec-managerial,Husband,White,Male,6.534772,-0.06367603,15.072477,United-States,>50K
76.92136,Private,153771.92,Prof-school,15.008005,Married-civ-spouse,Exec-managerial,Husband,White,Male,902.8467,-0.46751514,24.90271,United-States,<=50K
52.957024,Private,125588.38,Some-college,10.005919,Never-married,Adm-clerical,Not-in-family,White,Female,21.626324,-0.15290943,50.06407,United-States,>50K
29.982996,Private,97246.74,Assoc-voc,10.987643,Married-civ-spouse,Prof-specialty,Wife,White,Female,26.619732,-0.18798938,36.00583,United-States,>50K
51.86372,Federal-gov,36014.668,HS-grad,9.00672,Married-civ-spouse,Tech-support,Husband,White,Male,-30.268696,-0.30181232,39.968414,United-States,<=50K
26.82299,Private,192410.6,HS-grad,9.014971,Never-married,Craft-repair,Not-in-family,White,Male,31.541119,1752.2318,39.952843,United-States,<=50K
28.85894,Private,350868.88,Bachelors,13.008571,Never-married,Sales,Not-in-family,White,Male,23.66148,-0.085030705,49.99688,United-States,>50K
37.05527,State-gov,165192.03,Bachelors,13.005181,Married-civ-spouse,Prof-specialty,Husband,White,Male,0.6028871,-0.308839,40.02208,United-States,>50K
42.92643,Federal-gov,76804.36,HS-grad,9.005311,Married-civ-spouse,Transport-moving,Husband,White,Male,-13.7472105,-0.24729267,40.0052,United-States,<=50K
34.156944,State-gov,215359.44,Bachelors,13.005308,Married-civ-spouse,Prof-specialty,Wife,White,Female,5.326276,-0.38550678,45.070637,United-States,>50K
47.240665,Federal-gov,647973.0,Bachelors,12.974418,Married-civ-spouse,Exec-managerial,Husband,Other,Male,-29.176167,-1.4288722,40.103024,Peru,>50K
33.892635,Private,422077.88,HS-grad,8.996217,Divorced,Prof-specialty,Unmarried,White,Male,55.329937,-0.47994342,39.94938,Mexico,<=50K
35.212944,Self-emp-inc,199754.42,Bachelors,13.005869,Married-civ-spouse,Tech-support,Husband,White,Male,-20.406635,-0.5906383,44.978386,United-States,>50K
33.925644,Private,207717.69,Assoc-acdm,12.031445,Divorced,Sales,Not-in-family,White,Male,26.315777,0.2758015,50.011497,United-States,>50K
53.90776,Private,320202.72,Some-college,9.992624,Divorced,Exec-managerial,Unmarried,White,Female,40.108257,-0.5939876,40.008175,Germany,<=50K
35.79009,Private,348267.47,10th,5.9953966,Married-civ-spouse,Other-service,Wife,White,Female,41.438335,0.02976117,23.874592,United-States,<=50K
35.1241,Private,39338.87,Some-college,9.999927,Married-civ-spouse,Prof-specialty,Husband,White,Male,4.8336,-0.23319355,39.994404,United-States,>50K
36.055542,Self-emp-not-inc,117499.18,HS-grad,9.000796,Married-civ-spouse,Exec-managerial,Husband,White,Male,-0.6085387,-0.57542527,50.05612,United-States,<=50K
28.062208,Private,216159.84,Doctorate,16.049305,Never-married,Prof-specialty,Own-child,White,Male,35.737896,0.43260846,30.00925,United-States,<=50K
51.991734,Private,152311.34,HS-grad,8.993351,Married-civ-spouse,Machine-op-inspct,Husband,White,Male,1882.4296,-0.05026355,39.968594,United-States,<=50K
23.140785,Private,234841.33,HS-grad,9.007838,Married-civ-spouse,Transport-moving,Husband,White,Male,22.327251,-0.35563007,40.014526,United-States,<=50K
80.41046,Private,23144.105,Bachelors,13.012962,Never-married,Priv-house-serv,Not-in-family,White,Female,-5.932025,-0.29601398,39.937744,United-States,<=50K
52.895313,Private,53948.715,Some-college,9.997489,Married-civ-spouse,Transport-moving,Husband,White,Male,-4.1363707,-0.5462047,32.08649,United-States,>50K
32.114323,Private,101351.11,Bachelors,13.006994,Married-civ-spouse,Prof-specialty,Husband,Asian-Pac-Islander,Male,4.7007875,-0.06961933,40.006405,United-States,>50K
34.091454,Private,26836.871,Bachelors,13.01963,Married-civ-spouse,Farming-fishing,Husband,White,Male,17.327007,-0.2539684,50.073467,United-States,>50K
78.39738,Private,143227.36,Some-college,10.014092,Widowed,Exec-managerial,Not-in-family,White,Male,9.440534,-0.08838001,5.092682,United-States,<=50K
55.897274,Private,65673.29,HS-grad,9.012687,Never-married,Farming-fishing,Not-in-family,White,Male,48.667095,0.0397099,49.99215,United-States,>50K
56.935993,Private,354085.0,HS-grad,9.019438,Divorced,Transport-moving,Not-in-family,White,Male,35.987408,-0.04963794,45.00758,United-States,<=50K
33.227432,Private,177387.03,Bachelors,12.996118,Married-civ-spouse,Exec-managerial,Husband,White,Male,6.3658266,-0.64760697,50.1495,Germany,>50K
67.01302,Private,424927.12,Some-college,9.98599,Married-civ-spouse,Exec-managerial,Husband,White,Male,2196.5068,-0.7850505,16.055906,United-States,<=50K
36.042423,State-gov,142906.33,Some-college,10.004481,Married-civ-spouse,Protective-serv,Husband,White,Male,-11.614398,-0.31195942,39.995743,United-States,<=50K
30.942657,Private,216571.75,HS-grad,9.008386,Married-civ-spouse,Transport-moving,Husband,White,Male,19.186138,-0.41085926,45.001022,United-States,>50K
64.17818,Private,211687.33,HS-grad,9.002495,Married-civ-spouse,Sales,Husband,White,Male,-6.8702574,-0.12701526,64.99636,United-States,>50K
40.012836,?,162182.44,Bachelors,13.01169,Divorced,?,Not-in-family,White,Female,23.107037,0.20282635,50.128323,United-States,<=50K
34.11169,Local-gov,161625.16,Some-college,10.006735,Married-civ-spouse,Transport-moving,Husband,White,Male,7.3272524,-0.31531635,40.030518,United-States,<=50K
33.10122,Private,392130.9,Some-college,10.000736,Married-civ-spouse,Handlers-cleaners,Husband,White,Male,15.592877,-0.40563312,50.028736,United-States,>50K
20.41591,Private,193528.98,HS-grad,9.003718,Married-civ-spouse,Adm-clerical,Husband,White,Male,3902.5798,-0.2861263,50.010193,United-States,<=50K
34.059494,Self-emp-not-inc,181839.67,Bachelors,13.009603,Never-married,Prof-specialty,Not-in-family,White,Female,19.28648,-0.20132557,54.921085,United-States,>50K
63.102512,?,248215.34,Prof-school,15.010125,Married-civ-spouse,?,Husband,White,Male,-40.353413,-0.30169788,30.071695,United-States,>50K
32.931915,Federal-gov,339480.06,Assoc-acdm,12.023088,Divorced,Other-service,Unmarried,White,Male,1.1810122,-0.22855487,40.015064,United-States,<=50K
65.13019,Private,34945.06,10th,5.976988,Married-civ-spouse,Handlers-cleaners,Husband,White,Male,18.298443,-0.24302784,22.10489,United-States,>50K
58.982426,Private,280175.06,10th,5.9989147,Married-civ-spouse,Transport-moving,Husband,Black,Male,13.461041,-0.08056751,39.991226,United-States,<=50K
33.124943,Private,183004.69,HS-grad,9.002906,Married-civ-spouse,Craft-repair,Husband,Black,Male,-3.8631773,1897.8917,45.98403,United-States,>50K
26.847984,Local-gov,133979.25,Masters,14.024274,Never-married,Prof-specialty,Own-child,White,Male,18.039898,0.33640942,51.886044,United-States,<=50K
73.187744,State-gov,94647.77,HS-grad,9.0003195,Widowed,Adm-clerical,Not-in-family,White,Female,26.656597,-0.2715694,39.957825,United-States,<=50K
40.99244,Self-emp-not-inc,141654.78,Masters,14.017365,Divorced,Prof-specialty,Unmarried,White,Female,8.577741,-0.16578785,34.940376,United-States,<=50K
34.147606,Private,154198.1,Assoc-voc,11.002749,Married-civ-spouse,Sales,Husband,White,Male,8.751325,-0.11845508,39.9973,United-States,<=50K
25.697893,Self-emp-not-inc,194639.89,10th,5.9842415,Never-married,Exec-managerial,Not-in-family,White,Male,34.68443,-0.44386402,75.42193,United-States,>50K
38.987637,Private,207806.23,HS-grad,8.991471,Married-civ-spouse,Machine-op-inspct,Wife,White,Female,12.402204,0.37867627,39.956753,United-States,>50K
32.06817,Self-emp-not-inc,408520.25,HS-grad,9.01826,Married-civ-spouse,Transport-moving,Husband,White,Male,-6.018939,1884.4186,59.906193,United-States,>50K
38.998684,Private,242221.53,HS-grad,9.003907,Married-civ-spouse,Handlers-cleaners,Husband,White,Male,22.092876,-0.3617107,44.97239,United-States,<=50K
42.95519,Federal-gov,192085.62,Some-college,9.998993,Married-civ-spouse,Prof-specialty,Wife,White,Female,-17.24355,-0.23352924,39.984173,United-States,>50K
28.065226,Private,142518.42,Assoc-acdm,12.007699,Married-civ-spouse,Sales,Husband,White,Male,2.3013735,-0.12931934,36.992203,United-States,>50K
52.866585,Local-gov,228217.95,Assoc-acdm,12.027352,Married-civ-spouse,Tech-support,Husband,White,Male,-22.777729,-0.57713425,44.94255,United-States,>50K
33.23813,Private,242740.16,Masters,13.997301,Married-civ-spouse,Exec-managerial,Husband,White,Male,-7.400531,-0.33535877,40.024418,Dominican-Republic,>50K
26.004677,Private,65784.64,Bachelors,13.011922,Never-married,Exec-managerial,Not-in-family,White,Female,24.105816,-0.013245729,50.071823,United-States,<=50K
43.947285,Private,61731.566,Bachelors,13.019485,Divorced,Exec-managerial,Own-child,White,Female,28.768658,-0.26005664,50.117584,United-States,>50K
54.862312,Federal-gov,29100.387,Assoc-voc,11.029587,Married-civ-spouse,Craft-repair,Husband,White,Male,-31.789204,-0.3035747,40.00647,United-States,<=50K
51.982216,Private,186187.47,Prof-school,15.020384,Never-married,Prof-specialty,Not-in-family,White,Male,-12.130267,1566.4211,39.97022,United-States,>50K
54.884583,Private,88458.39,HS-grad,9.005386,Divorced,Exec-managerial,Not-in-family,White,Male,23.739605,-0.042924073,39.944572,United-States,<=50K
53.984543,Private,98704.01,Masters,14.006289,Married-civ-spouse,Other-service,Husband,White,Male,-21.887348,0.07243237,39.9919,United-States,<=50K
49.195786,Private,24259.98,Bachelors,13.015678,Never-married,Other-service,Not-in-family,Asian-Pac-Islander,Female,42.702984,0.010886046,34.97801,Philippines,<=50K
41.019287,Local-gov,192888.66,Some-college,10.004352,Married-civ-spouse,Protective-serv,Husband,Black,Male,-13.251361,-0.15336719,64.05132,United-States,>50K
36.856575,Private,257092.95,HS-grad,9.01535,Divorced,Craft-repair,Unmarried,White,Male,1473.8738,-0.34056202,39.988316,United-States,<=50K
66.99608,?,243221.3,9th,5.0194163,Married-civ-spouse,?,Husband,White,Male,17.551617,-0.07857624,14.962328,United-States,<=50K
38.141396,Private,336758.7,Bachelors,12.993603,Married-civ-spouse,Prof-specialty,Husband,White,Male,-6.3514585,-0.6620723,40.02531,Canada,<=50K
41.886578,Private,210516.28,11th,6.999919,Married-civ-spouse,Machine-op-inspct,Husband,White,Male,17.187603,-0.27256122,39.96302,United-States,<=50K
43.859856,Private,103596.35,Assoc-acdm,12.030429,Never-married,Adm-clerical,Not-in-family,White,Male,8.566022,0.02282605,38.008984,United-States,<=50K
50.076206,Private,76655.17,Bachelors,13.0180855,Divorced,Adm-clerical,Not-in-family,White,Female,7.428815,0.20842633,7.686821,United-States,<=50K
34.11391,Private,85011.195,Some-college,9.997394,Married-civ-spouse,Adm-clerical,Wife,White,Female,12.185407,-0.25032917,39.988853,United-States,>50K
31.828737,?,134085.7,HS-grad,8.995057,Married-civ-spouse,?,Wife,White,Female,27.290386,-0.05947223,2.6418498,United-States,>50K
39.977646,Private,200428.81,Bachelors,13.019621,Divorced,Protective-serv,Not-in-family,White,Male,3.25694,-0.14407459,44.956413,United-States,<=50K
53.996704,Private,155827.36,Bachelors,13.010829,Divorced,Sales,Not-in-family,White,Female,8753.081,0.08979687,39.95795,United-States,>50K
22.108978,Private,153308.95,Bachelors,13.019864,Never-married,Prof-specialty,Not-in-family,White,Male,27.30064,0.06461224,39.959103,United-States,<=50K
31.965977,Self-emp-inc,168876.89,Assoc-voc,11.047758,Divorced,Exec-managerial,Not-in-family,White,Female,10627.491,-0.3745052,80.9307,Greece,>50K
23.140553,Private,197809.36,Bachelors,13.009426,Never-married,Exec-managerial,Own-child,White,Male,16.502056,1672.1732,40.010403,United-States,<=50K
27.936579,Local-gov,214228.19,HS-grad,9.005937,Married-civ-spouse,Craft-repair,Husband,White,Male,9.404157,-0.23617664,40.006554,United-States,<=50K
60.969055,Private,131289.97,10th,5.9776936,Married-civ-spouse,Craft-repair,Husband,White,Male,11.494733,-0.5250255,39.955906,United-States,<=50K
35.70355,Private,184198.8,7th-8th,4.0026917,Married-civ-spouse,Farming-fishing,Husband,White,Male,57.437603,-0.67264664,35.02652,United-States,<=50K
60.112595,?,204136.42,Bachelors,13.0017605,Married-civ-spouse,?,Husband,White,Male,-42.202534,0.1781834,7.8993645,United-States,>50K
33.030113,Private,224705.47,HS-grad,9.004538,Married-civ-spouse,Other-service,Husband,White,Male,11.724469,1680.175,49.98233,United-States,<=50K
30.852844,Private,328669.34,Masters,14.026319,Never-married,Prof-specialty,Not-in-family,White,Female,31.489605,0.25154766,29.97441,United-States,<=50K
31.068958,State-gov,194513.03,Masters,14.003751,Married-civ-spouse,Prof-specialty,Husband,White,Male,-14.32973,0.040877197,34.935715,United-States,>50K
34.076454,Private,311721.72,Bachelors,13.008573,Never-married,Exec-managerial,Not-in-family,White,Male,17.029156,-0.099381596,39.982937,United-States,>50K
29.990318,Private,205551.39,HS-grad,9.0072565,Married-civ-spouse,Transport-moving,Husband,White,Male,5.6919985,-0.71796525,73.300026,United-States,>50K
76.74126,?,185162.17,HS-grad,8.993841,Married-civ-spouse,?,Husband,White,Male,-25.15981,0.24268231,15.075672,United-States,<=50K
40.132004,Private,316089.6,Some-college,9.997046,Married-civ-spouse,Other-service,Husband,White,Male,1.304059,1492.5653,40.048965,United-States,<=50K
62.059162,Local-gov,101747.52,HS-grad,9.0147,Divorced,Craft-repair,Not-in-family,White,Male,19.506695,-0.08937946,39.96321,United-States,<=50K
42.009537,Private,189892.55,Bachelors,13.010392,Divorced,Adm-clerical,Not-in-family,White,Female,29.20689,-0.00566211,39.977673,United-States,<=50K
29.031738,Self-emp-not-inc,140505.67,Some-college,10.015834,Married-civ-spouse,Farming-fishing,Husband,White,Male,6.241315,-0.37612262,54.82754,United-States,<=50K
29.098839,Private,336029.44,Assoc-voc,10.998767,Married-civ-spouse,Exec-managerial,Husband,White,Male,2.5416079,-0.50524247,40.03732,United-States,>50K
24.965973,Private,95589.734,Some-college,10.01181,Never-married,Prof-specialty,Not-in-family,White,Female,32.61436,-0.05529132,65.03416,United-States,<=50K
70.97622,Private,179658.62,Prof-school,15.012785,Married-civ-spouse,Prof-specialty,Husband,White,Male,-32.78359,-0.369157,11.993717,United-States,>50K
26.88589,Private,299400.72,Bachelors,13.016374,Never-married,Other-service,Not-in-family,Asian-Pac-Islander,Male,55.253033,-0.12940326,39.99285,Philippines,<=50K
28.887587,Private,243727.2,Some-college,10.007467,Never-married,Craft-repair,Unmarried,White,Male,40.66099,-0.3703777,39.992546,Poland,<=50K
29.979694,Self-emp-not-inc,167172.72,Some-college,9.994125,Married-civ-spouse,Adm-clerical,Wife,White,Female,16.618023,-0.5563518,19.980253,United-States,>50K
30.811861,Private,196121.69,Prof-school,15.031828,Divorced,Prof-specialty,Not-in-family,White,Female,25.085552,0.25379834,45.02702,United-States,>50K
47.03428,Federal-gov,142914.92,Some-college,9.995839,Married-civ-spouse,Adm-clerical,Husband,Black,Male,-27.7123,-0.63239396,40.04222,United-States,>50K
52.94882,Private,150601.14,HS-grad,9.006505,Divorced,Machine-op-inspct,Not-in-family,White,Male,17.917828,0.32781872,39.945694,United-States,<=50K
55.89062,Private,172619.53,5th-6th,3.017312,Married-civ-spouse,Machine-op-inspct,Husband,Black,Male,31.556744,-0.008584169,39.90209,United-States,<=50K
37.8043,Private,257474.23,9th,5.017388,Married-civ-spouse,Transport-moving,Husband,Black,Male,43.18858,-0.24032703,39.971863,United-States,<=50K
23.968586,Local-gov,149242.52,Some-college,10.023716,Separated,Protective-serv,Not-in-family,White,Male,31.519878,-0.11709705,59.89811,United-States,<=50K
28.725908,Private,149083.77,Some-college,10.006117,Never-married,Other-service,Not-in-family,Other,Male,58.690044,1594.8853,39.970436,?,<=50K
53.786045,Private,235352.88,11th,7.0138803,Divorced,Adm-clerical,Not-in-family,White,Male,42.96739,-0.16820636,39.98051,United-States,>50K
54.79647,Private,220200.34,5th-6th,3.030099,Married-civ-spouse,Machine-op-inspct,Husband,White,Male,36.788677,-0.5340358,39.89724,United-States,<=50K
48.143612,Federal-gov,265930.97,Assoc-acdm,11.986184,Separated,Adm-clerical,Unmarried,Black,Female,-2.5038023,-0.7767192,40.018936,United-States,<=50K
33.935444,Private,101694.125,Some-college,10.004302,Divorced,Prof-specialty,Not-in-family,Black,Male,51.991558,0.022795532,39.987568,Germany,>50K
35.8551,Private,177412.58,Masters,14.030336,Divorced,Prof-specialty,Not-in-family,White,Female,24.396343,0.52393997,39.937366,United-States,<=50K
37.001602,Private,177349.16,Some-college,10.007123,Married-civ-spouse,Machine-op-inspct,Husband,White,Male,-4.3597593,-0.4103481,69.7902,United-States,<=50K
48.019188,State-gov,32256.152,Some-college,10.003124,Married-civ-spouse,Protective-serv,Husband,White,Male,-31.934956,1907.4072,39.99684,United-States,>50K
65.12537,Federal-gov,179336.02,HS-grad,9.009526,Divorced,Adm-clerical,Not-in-family,White,Female,6.072858,0.06867871,39.96039,United-States,<=50K
55.116703,Private,80891.36,Assoc-voc,11.003827,Divorced,Adm-clerical,Unmarried,Black,Female,25.562847,-0.4226009,39.982773,United-States,<=50K
37.08646,Private,145032.98,Assoc-acdm,12.012991,Married-civ-spouse,Exec-managerial,Husband,White,Male,-16.506733,-0.29260364,32.054485,United-States,<=50K
24.202162,Private,450541.2,HS-grad,8.99613,Married-civ-spouse,Other-service,Husband,White,Male,28.515484,-0.30016437,40.012074,United-States,<=50K
30.79817,Private,186795.95,Some-college,10.005997,Never-married,Sales,Not-in-family,White,Female,30.08604,1511.0604,39.959724,United-States,<=50K
46.00435,Private,98052.555,Bachelors,13.006536,Separated,Prof-specialty,Unmarried,White,Female,25.975689,-0.8166362,50.138454,United-States,<=50K
28.767553,Private,150685.36,Assoc-voc,11.035355,Divorced,Handlers-cleaners,Unmarried,White,Male,44.58726,0.07470593,50.035187,United-States,<=50K
24.131598,Private,139217.08,Bachelors,13.0147705,Never-married,Adm-clerical,Not-in-family,White,Male,26.40733,-0.09048572,39.973743,United-States,<=50K
51.042168,Private,412712.9,HS-grad,8.991488,Married-civ-spouse,Machine-op-inspct,Husband,Black,Male,-22.597797,1899.8887,40.01634,United-States,>50K
35.895103,State-gov,26148.23,Doctorate,16.031626,Married-civ-spouse,Prof-specialty,Husband,Asian-Pac-Islander,Male,22.503765,0.4775456,39.98391,China,<=50K
56.078644,Self-emp-not-inc,367897.25,Masters,13.99006,Married-civ-spouse,Sales,Husband,White,Male,-34.172993,-0.5534526,40.012688,United-States,>50K
58.030636,Private,156423.66,Assoc-acdm,11.997244,Married-civ-spouse,Machine-op-inspct,Husband,Black,Male,-40.56313,1850.1615,40.013454,United-States,>50K
73.74085,Private,210029.17,HS-grad,8.997535,Married-civ-spouse,Exec-managerial,Husband,White,Male,-9.419818,-0.49847522,39.995346,United-States,>50K
24.253239,Private,236165.17,Some-college,9.994681,Married-civ-spouse,Prof-specialty,Wife,White,Female,17.929302,-0.31414905,39.96642,United-States,>50K
23.08469,Private,187758.72,Bachelors,13.012695,Never-married,Sales,Not-in-family,White,Male,26.494488,0.07342419,54.82011,United-States,<=50K
39.832123,Self-emp-not-inc,154386.33,9th,5.004392,Married-civ-spouse,Craft-repair,Husband,White,Male,25.743511,-0.3685085,39.9539,United-States,>50K
43.956715,Private,270623.12,Bachelors,13.006361,Divorced,Machine-op-inspct,Unmarried,White,Female,6.038434,-0.24202839,56.07351,United-States,<=50K
78.10668,?,91278.77,Bachelors,13.00957,Married-civ-spouse,?,Husband,White,Male,-45.86391,0.17095837,3.4831889,United-States,<=50K
42.021015,Private,111009.15,Bachelors,13.008091,Married-civ-spouse,Tech-support,Husband,White,Male,-10.355853,-0.33376423,50.061615,United-States,>50K
45.92661,Private,98344.98,11th,6.9717937,Married-civ-spouse,Other-service,Wife,Black,Female,39.715435,0.03465161,35.025852,United-States,>50K
35.096138,State-gov,87236.87,Bachelors,13.01151,Married-civ-spouse,Prof-specialty,Wife,Asian-Pac-Islander,Female,22.896832,-0.36040607,39.98444,Philippines,>50K
45.880024,Private,167557.64,HS-grad,9.006733,Married-spouse-absent,Handlers-cleaners,Not-in-family,White,Male,25.778667,-0.025590088,39.94944,United-States,<=50K
35.80153,Private,152046.25,Bachelors,13.036117,Divorced,Sales,Other-relative,Asian-Pac-Islander,Female,68.337265,0.11865124,40.013165,South,<=50K
35.20033,Private,193235.98,Assoc-acdm,12.013876,Married-civ-spouse,Adm-clerical,Husband,White,Male,-12.261615,-0.5119487,40.02232,United-States,>50K
23.914562,Private,195231.14,11th,6.9841013,Married-civ-spouse,Handlers-cleaners,Husband,Other,Male,47.977886,-0.410432,39.995808,United-States,<=50K
28.981342,Private,40235.184,HS-grad,8.993822,Married-civ-spouse,Prof-specialty,Husband,White,Male,17.072857,0.11675152,39.976337,United-States,<=50K
44.943684,Private,349445.94,HS-grad,9.002908,Married-civ-spouse,Exec-managerial,Husband,Asian-Pac-Islander,Male,8.730084,-0.4754192,40.015358,United-States,>50K
30.055922,Self-emp-not-inc,145777.08,HS-grad,9.006162,Married-civ-spouse,Exec-managerial,Husband,White,Male,-5.3861265,1888.6311,50.011158,United-States,>50K
40.137356,Local-gov,147329.56,Assoc-voc,11.0232315,Married-civ-spouse,Craft-repair,Husband,White,Male,-1.9520445,-0.16797748,35.01075,United-States,<=50K
37.885757,Private,148565.25,Some-college,10.010948,Never-married,Adm-clerical,Not-in-family,White,Male,30.941265,-0.056512024,47.915295,United-States,<=50K
47.08747,Federal-gov,281865.47,Assoc-acdm,12.00215,Married-civ-spouse,Adm-clerical,Husband,Black,Male,-42.233295,-0.5348369,40.05834,United-States,>50K
37.805145,Private,253593.33,HS-grad,9.015668,Divorced,Craft-repair,Not-in-family,White,Male,37.417095,-0.1665279,39.964745,United-States,<=50K
41.890705,Local-gov,212423.52,Masters,14.022444,Never-married,Prof-specialty,Not-in-family,White,Female,16.175152,0.39618573,39.950375,United-States,>50K
48.897316,Self-emp-not-inc,285471.84,7th-8th,4.0081487,Married-civ-spouse,Farming-fishing,Husband,White,Male,48.490337,-0.4047481,49.916473,United-States,<=50K
25.051304,Private,224118.08,Some-college,9.997975,Married-spouse-absent,Prof-specialty,Unmarried,Black,Male,18.684185,-0.5196239,39.98734,United-States,<=50K
31.883844,Private,93352.35,HS-grad,8.980045,Married-civ-spouse,Other-service,Husband,White,Male,-3.5350523,0.3017796,25.01983,Ireland,<=50K
33.052174,Private,182433.9,HS-grad,8.9965,Married-civ-spouse,Protective-serv,Husband,White,Male,-1.6239195,-0.37626758,32.07087,United-States,<=50K
36.9403,Private,140619.14,Some-college,9.993662,Married-civ-spouse,Sales,Wife,White,Female,13.552106,-0.25357166,39.962948,United-States,>50K
33.105225,Self-emp-not-inc,302922.5,HS-grad,9.0083475,Married-civ-spouse,Sales,Husband,White,Male,10.876569,-0.21246448,69.841644,United-States,>50K
44.0188,Federal-gov,200840.31,Assoc-voc,11.013029,Married-civ-spouse,Craft-repair,Husband,Black,Male,-27.616596,-0.4611751,40.042007,United-States,>50K
61.063263,Private,78957.07,HS-grad,9.011062,Separated,Transport-moving,Unmarried,Asian-Pac-Islander,Male,36.51182,-0.071557194,45.102047,United-States,>50K
49.119312,Private,151613.67,Some-college,9.988738,Married-civ-spouse,Other-service,Husband,White,Male,5.8851137,-0.38317218,32.082077,United-States,<=50K
35.996426,Private,443622.8,HS-grad,8.997018,Married-civ-spouse,Sales,Husband,White,Male,7.411725,-0.46407428,50.008244,United-States,>50K
47.079216,Private,166304.98,Some-college,9.987591,Married-civ-spouse,Adm-clerical,Wife,Black,Female,1.0901918,-0.54126084,48.075306,United-States,>50K
32.14477,Private,184526.44,Assoc-acdm,12.012379,Married-civ-spouse,Craft-repair,Husband,White,Male,-28.484028,1885.6547,40.03375,Ireland,>50K
61.07952,Private,198515.52,Assoc-acdm,12.036443,Divorced,Prof-specialty,Own-child,White,Male,20.495953,-0.05896106,39.97467,United-States,<=50K
52.92548,Private,303754.8,Some-college,10.003516,Married-civ-spouse,Transport-moving,Husband,White,Male,-15.989886,1884.5525,45.00229,United-States,>50K
49.996212,Self-emp-not-inc,29525.777,HS-grad,8.994159,Married-civ-spouse,Exec-managerial,Husband,White,Male,-7.234515,-0.71355546,44.9698,United-States,>50K
48.13142,Private,193086.94,Bachelors,13.017562,Divorced,Adm-clerical,Own-child,White,Male,14.039655,0.08292279,38.05907,United-States,>50K
27.03503,Local-gov,123862.34,Masters,14.026105,Never-married,Prof-specialty,Not-in-family,White,Female,24.817242,0.6696919,39.946934,United-States,<=50K
53.041687,Self-emp-inc,199519.12,Doctorate,16.034134,Divorced,Exec-managerial,Not-in-family,White,Male,-5.9659605,0.741187,60.08364,United-States,>50K
47.031067,State-gov,470349.97,Assoc-acdm,11.9983,Married-civ-spouse,Protective-serv,Husband,White,Male,-30.884663,1751.7577,40.04123,United-States,<=50K
73.92249,Self-emp-not-inc,199072.84,Bachelors,13.020733,Widowed,Craft-repair,Not-in-family,White,Male,15472.668,-0.23125568,7.8213005,Germany,>50K
44.003166,Private,367746.22,Bachelors,13.00029,Never-married,Prof-specialty,Not-in-family,White,Female,49.587017,-0.74639237,45.0662,Mexico,<=50K
39.996845,Self-emp-not-inc,99353.25,Some-college,10.000988,Married-civ-spouse,Prof-specialty,Husband,White,Male,0.8870668,-0.10450092,59.85082,United-States,<=50K
58.994778,Private,43593.09,Some-college,10.001534,Married-civ-spouse,Craft-repair,Husband,White,Male,-7.8014097,-0.54071915,42.89379,United-States,>50K
25.815546,Private,226591.31,Bachelors,13.023734,Never-married,Transport-moving,Unmarried,Asian-Pac-Islander,Male,40.887066,-0.18966785,39.989746,?,<=50K
42.997875,?,217723.0,HS-grad,8.993653,Married-civ-spouse,?,Husband,White,Male,0.34434217,-0.24243274,39.99903,United-States,<=50K
45.001667,Private,354579.84,Bachelors,13.009261,Married-civ-spouse,Exec-managerial,Husband,Asian-Pac-Islander,Male,17.293804,-0.6221324,45.09829,Japan,>50K
43.012806,Self-emp-not-inc,173897.27,HS-grad,8.990085,Married-civ-spouse,Adm-clerical,Wife,White,Female,18.858257,-0.21309009,19.938581,United-States,>50K
53.790287,Private,139732.42,Some-college,9.994529,Married-civ-spouse,Craft-repair,Husband,White,Male,3092.4949,-0.5112697,40.026257,Germany,>50K
35.823277,Private,176442.64,Assoc-voc,11.042409,Never-married,Tech-support,Not-in-family,White,Male,25.093609,-0.00045886333,39.952045,United-States,>50K
49.170395,Private,217727.78,Assoc-voc,11.016281,Divorced,Prof-specialty,Not-in-family,White,Female,36.49766,0.39002118,38.053795,United-States,<=50K
30.771023,Local-gov,236449.7,Bachelors,13.009063,Never-married,Prof-specialty,Not-in-family,White,Female,47.263287,0.01248059,39.98995,Germany,<=50K
35.204773,Private,84504.85,Bachelors,13.003586,Married-civ-spouse,Other-service,Husband,White,Male,6.9127016,-0.30178943,40.016148,United-States,<=50K
44.016975,Self-emp-inc,115665.28,Bachelors,13.005172,Married-civ-spouse,Sales,Husband,Asian-Pac-Islander,Male,2.6815004,-0.28754535,50.084515,?,>50K
62.168205,Private,106101.21,Assoc-acdm,12.009172,Married-civ-spouse,Adm-clerical,Wife,White,Female,-17.739399,-0.23526874,39.981133,United-States,<=50K
28.93433,Private,300902.38,HS-grad,9.002348,Married-civ-spouse,Transport-moving,Husband,Black,Male,23.165874,-0.44275776,40.02811,United-States,<=50K
25.917488,Self-emp-not-inc,331189.22,Bachelors,13.009811,Never-married,Sales,Not-in-family,White,Male,20.252544,-0.23017994,59.965137,United-States,>50K
36.94893,Private,35371.668,HS-grad,8.997975,Married-civ-spouse,Craft-repair,Husband,White,Male,9.8309145,-0.36566272,39.980827,United-States,<=50K
30.955685,Private,119044.37,Some-college,10.017629,Married-civ-spouse,Farming-fishing,Husband,White,Male,18.019634,-0.34334674,50.0221,United-States,>50K
53.757885,Self-emp-inc,146451.52,HS-grad,8.998628,Married-civ-spouse,Craft-repair,Husband,White,Male,-9.494037,-0.34482685,39.99653,United-States,>50K
39.609634,Self-emp-not-inc,220088.58,7th-8th,4.0161085,Married-civ-spouse,Farming-fishing,Husband,White,Male,58.076275,-0.27264515,72.19043,United-States,<=50K
33.923607,Local-gov,27321.45,HS-grad,9.013081,Divorced,Craft-repair,Unmarried,White,Male,30.858746,0.11095318,39.992397,United-States,<=50K
39.99255,Private,124493.33,HS-grad,8.999999,Married-civ-spouse,Handlers-cleaners,Husband,White,Male,16.51524,-0.35329548,39.984535,United-States,<=50K
51.789753,Self-emp-not-inc,195533.1,HS-grad,8.96353,Married-civ-spouse,Farming-fishing,Husband,White,Male,25.367779,0.9839772,97.534676,United-States,>50K
52.029297,Private,357288.56,HS-grad,8.989689,Married-civ-spouse,Machine-op-inspct,Husband,Black,Male,-9.869525,-0.26786914,39.988506,United-States,>50K
50.94803,Private,195946.55,Some-college,10.009362,Divorced,Sales,Not-in-family,White,Female,35.944683,0.07558331,38.037178,United-States,>50K
23.963703,Private,98620.516,Some-college,10.024555,Divorced,Craft-repair,Not-in-family,White,Male,37.383404,-0.17076221,47.87422,United-States,<=50K
67.060776,Self-emp-not-inc,175518.0,Some-college,10.004495,Never-married,Prof-specialty,Not-in-family,White,Female,6.2440004,-0.116898686,50.024334,United-States,>50K
56.887825,Private,136493.14,Some-college,10.005389,Married-civ-spouse,Transport-moving,Husband,White,Male,-2.8668394,-0.27585712,50.065697,United-States,<=50K
31.830276,Private,112093.35,Bachelors,13.018408,Never-married,Transport-moving,Not-in-family,White,Male,26.807232,-0.14875904,39.972183,United-States,<=50K
32.01083,Federal-gov,164718.81,HS-grad,9.00083,Married-civ-spouse,Adm-clerical,Wife,White,Female,3.2095766,-0.09707752,39.997227,United-States,>50K
37.91147,Local-gov,331847.4,Some-college,10.003757,Widowed,Transport-moving,Not-in-family,Black,Female,42.000103,-0.322961,47.087837,United-States,<=50K
36.825424,Self-emp-not-inc,125546.27,HS-grad,9.012968,Married-civ-spouse,Farming-fishing,Husband,White,Male,10.140485,-0.63469803,59.84037,United-States,>50K
54.03157,Private,75476.03,Bachelors,13.012042,Never-married,Other-service,Not-in-family,White,Female,21.899761,0.06876263,50.07991,United-States,<=50K
34.102924,Private,121827.27,Some-college,9.996027,Married-civ-spouse,Handlers-cleaners,Husband,White,Male,12.21568,-0.36890522,32.06154,United-States,<=50K
26.925007,Private,368366.03,Some-college,10.006983,Never-married,Craft-repair,Unmarried,White,Male,19.04063,-0.21170154,49.986355,United-States,<=50K
28.727005,Private,36317.387,Some-college,10.008308,Divorced,Adm-clerical,Not-in-family,White,Male,25.258404,-0.012139467,36.021538,United-States,<=50K
58.96424,Self-emp-inc,348416.34,Assoc-acdm,12.010407,Married-civ-spouse,Craft-repair,Husband,White,Male,-38.367573,-0.49378315,40.03496,United-States,<=50K
24.305328,Private,44696.402,Assoc-voc,11.007699,Married-civ-spouse,Craft-repair,Wife,White,Female,15.630475,-0.13207355,39.96702,United-States,<=50K
35.865803,Self-emp-not-inc,134708.83,9th,5.0141473,Married-civ-spouse,Craft-repair,Husband,White,Male,31.961529,-0.36583057,29.985983,United-States,<=50K
42.797207,Private,174904.7,9th,5.021975,Married-spouse-absent,Craft-repair,Not-in-family,White,Male,50.427837,0.012564513,49.936436,United-States,>50K
33.140724,Private,178106.05,Some-college,9.997112,Married-civ-spouse,Machine-op-inspct,Husband,White,Male,4916.1313,0.099463314,39.99485,United-States,<=50K
28.045027,Local-gov,184968.47,Some-college,10.009341,Married-civ-spouse,Protective-serv,Husband,White,Male,-4.9591246,-0.47177997,47.96046,United-States,<=50K
30.968975,Self-emp-inc,242251.66,HS-grad,9.005343,Married-civ-spouse,Sales,Husband,White,Male,16.90318,-0.2524654,50.02013,United-States,>50K
59.922554,Private,119817.48,5th-6th,3.0084329,Married-civ-spouse,Craft-repair,Husband,White,Male,34.792828,-0.44667926,44.83291,Italy,<=50K
34.006058,Private,456951.6,Assoc-acdm,12.004547,Never-married,Prof-specialty,Not-in-family,White,Male,14.022565,0.025954101,39.95261,United-States,<=50K
54.797768,Self-emp-inc,66653.2,HS-grad,8.997059,Married-civ-spouse,Exec-managerial,Husband,White,Male,-20.652729,-0.6501323,59.84336,United-States,<=50K
50.92129,Private,252444.88,10th,6.0014806,Married-civ-spouse,Sales,Husband,White,Male,2.2161684,1977.7874,39.977028,United-States,>50K
30.129902,Private,54037.887,Bachelors,12.999289,Married-civ-spouse,Adm-clerical,Husband,White,Male,-5.638812,-0.29866138,40.025127,United-States,>50K
45.808136,Self-emp-not-inc,93206.08,HS-grad,9.021292,Divorced,Transport-moving,Not-in-family,White,Male,33.39683,0.12467846,50.0433,United-States,<=50K
50.04581,Private,45596.12,Assoc-voc,11.007617,Divorced,Prof-specialty,Unmarried,White,Female,28.480083,-0.13693348,39.95109,United-States,>50K
24.003849,Local-gov,452259.0,Some-college,10.023632,Never-married,Tech-support,Not-in-family,White,Male,14405.69,-0.08406177,49.93052,United-States,>50K
25.261648,Private,148346.69,Bachelors,12.999989,Married-civ-spouse,Adm-clerical,Wife,White,Female,9.525006,-0.2521831,40.00313,United-States,<=50K
56.062294,Private,178792.17,HS-grad,8.996137,Never-married,Prof-specialty,Not-in-family,White,Female,30.513775,0.20384869,44.975414,United-States,<=50K
64.32921,State-gov,103006.76,Some-college,10.004369,Separated,Adm-clerical,Not-in-family,White,Female,25.146587,-0.16820636,65.04288,United-States,<=50K
54.93742,Private,497822.3,Some-college,9.996814,Divorced,Tech-support,Unmarried,Black,Female,19.875347,-0.9255916,55.94592,United-States,<=50K
53.851154,Private,28754.434,HS-grad,8.994508,Married-civ-spouse,Sales,Husband,White,Male,-0.83558947,-0.11899677,50.02522,United-States,>50K
67.141106,Private,192066.95,HS-grad,8.992667,Widowed,Exec-managerial,Not-in-family,White,Female,25.259869,-0.24575916,34.903694,United-States,<=50K
41.934166,Federal-gov,557946.8,HS-grad,8.997198,Never-married,Adm-clerical,Unmarried,White,Female,5.5596743,-0.53770554,40.00224,United-States,<=50K
64.1094,Private,179491.69,10th,5.9919615,Married-civ-spouse,Transport-moving,Husband,White,Male,12.999616,-0.3721172,39.975224,United-States,>50K
54.884422,Local-gov,165590.56,HS-grad,9.010597,Divorced,Adm-clerical,Unmarried,White,Male,18.156353,0.19267926,39.99279,United-States,<=50K
43.963734,Private,151650.23,Some-college,9.995037,Widowed,Exec-managerial,Not-in-family,Black,Female,28.108013,-0.3972179,39.97212,United-States,<=50K
49.15495,Local-gov,105495.87,Bachelors,13.015937,Divorced,Prof-specialty,Unmarried,White,Female,21.657574,-0.22998157,39.98605,United-States,>50K
42.891087,Federal-gov,182983.47,HS-grad,9.005769,Divorced,Adm-clerical,Not-in-family,Black,Female,21.579937,0.02168927,39.98883,United-States,<=50K
27.847963,Local-gov,90101.5,Bachelors,13.017301,Never-married,Prof-specialty,Not-in-family,Asian-Pac-Islander,Female,40.30528,0.078032345,39.97136,United-States,<=50K
54.009514,Private,177700.58,HS-grad,8.970798,Married-civ-spouse,Exec-managerial,Husband,White,Male,14.368268,1849.9371,39.96268,England,>50K
42.958115,Private,202569.03,Bachelors,13.009452,Never-married,Prof-specialty,Not-in-family,White,Female,23.365826,0.045309875,39.955856,United-States,>50K
20.433416,Private,313207.62,Some-college,10.003243,Married-civ-spouse,Craft-repair,Husband,White,Male,9.378766,-0.5984279,40.025867,United-States,<=50K
75.89108,Self-emp-not-inc,414744.03,7th-8th,4.021384,Married-civ-spouse,Farming-fishing,Husband,White,Male,45.74693,-0.13736072,28.147455,United-States,<=50K
36.894,Private,161359.73,HS-grad,8.985555,Married-civ-spouse,Other-service,Wife,White,Female,31.055523,-0.07650104,30.042242,United-States,>50K
32.12599,Private,92735.07,Assoc-acdm,12.024277,Married-civ-spouse,Machine-op-inspct,Husband,White,Male,-19.595356,-0.10145679,61.88854,United-States,<=50K
21.861437,Private,305973.97,HS-grad,9.005764,Never-married,Sales,Not-in-family,White,Male,52.025738,0.31474194,44.931667,Canada,<=50K
24.26788,Private,68130.914,Assoc-voc,11.022058,Married-civ-spouse,Transport-moving,Husband,White,Male,14.282819,-0.048928406,40.01632,United-States,<=50K
28.923899,Private,335808.56,Bachelors,13.008558,Never-married,Prof-specialty,Not-in-family,White,Male,8795.466,0.029394958,39.9739,United-States,>50K
28.908102,Private,125521.2,HS-grad,8.991743,Married-civ-spouse,Sales,Wife,White,Female,29.33897,0.07780346,39.95415,United-States,>50K
75.75489,?,172655.52,Some-college,9.997343,Married-civ-spouse,?,Husband,White,Male,-27.849506,-0.38098255,19.989138,United-States,>50K
30.862988,Private,298942.53,Doctorate,16.03167,Married-civ-spouse,Prof-specialty,Husband,Asian-Pac-Islander,Male,34.921734,0.2856358,39.98875,China,<=50K
32.136242,Private,30098.23,Bachelors,13.008018,Married-civ-spouse,Handlers-cleaners,Husband,White,Male,10.27525,-0.29467884,50.071724,United-States,>50K
41.88668,Private,355028.8,Assoc-voc,11.025039,Never-married,Craft-repair,Not-in-family,White,Male,18.805523,0.0034092397,43.937214,United-States,<=50K
39.00703,Private,74521.01,Bachelors,13.020944,Divorced,Tech-support,Unmarried,White,Female,22.228619,-0.23003498,39.981316,United-States,<=50K
28.734283,Private,379210.38,Assoc-acdm,12.031269,Divorced,Tech-support,Not-in-family,White,Female,30.29771,0.056311462,39.977325,United-States,<=50K
27.14611,Private,302939.7,Bachelors,12.995028,Married-civ-spouse,Sales,Husband,White,Male,-1.1312437,-0.4966289,45.030174,United-States,<=50K
47.013233,Private,132599.72,HS-grad,9.004464,Divorced,Exec-managerial,Not-in-family,White,Female,30.032574,1979.236,39.95759,United-States,<=50K
38.016262,Private,202600.56,Assoc-voc,11.018435,Married-civ-spouse,Handlers-cleaners,Husband,White,Male,12.31236,-0.18782154,48.0045,United-States,>50K
28.69787,Private,241009.62,HS-grad,9.011244,Never-married,Craft-repair,Not-in-family,White,Male,2608.6902,-0.24001423,39.94573,United-States,<=50K
28.82961,Self-emp-not-inc,151360.45,Assoc-voc,11.020904,Never-married,Adm-clerical,Not-in-family,White,Female,2162.5337,0.10492596,39.974426,United-States,<=50K
34.124973,Federal-gov,407704.72,HS-grad,9.005134,Married-civ-spouse,Craft-repair,Wife,White,Female,-8.560199,-0.2752315,39.993664,United-States,>50K
27.934862,Private,67967.6,HS-grad,8.9961605,Married-civ-spouse,Handlers-cleaners,Husband,Black,Male,29.171001,-0.21468464,39.993286,United-States,<=50K
38.040596,Private,110771.3,Assoc-acdm,12.019898,Married-civ-spouse,Exec-managerial,Husband,White,Male,-13.34975,-0.50765336,40.007893,United-States,>50K
32.05425,?,335022.7,Bachelors,12.998797,Married-civ-spouse,?,Wife,White,Female,6.746442,-0.2432262,19.93726,United-States,>50K
35.183678,?,319413.78,Bachelors,12.996701,Married-civ-spouse,?,Wife,White,Female,-2.258441,-0.5913478,54.97317,United-States,>50K
46.87577,Private,177192.6,10th,5.993179,Married-civ-spouse,Machine-op-inspct,Husband,White,Male,4.0169497,0.13033947,45.885365,United-States,>50K
18.34675,Private,113960.984,11th,6.981559,Married-civ-spouse,Craft-repair,Husband,White,Male,32.879253,-0.27600208,39.97108,United-States,<=50K
44.873043,Private,363360.2,Some-college,10.006445,Never-married,Prof-specialty,Not-in-family,White,Male,16.007427,-0.125909,49.979324,United-States,>50K
30.908125,Private,136350.39,Doctorate,16.023724,Married-civ-spouse,Prof-specialty,Husband,Asian-Pac-Islander,Male,21.49229,0.01765332,50.104713,Thailand,>50K
24.451538,Self-emp-inc,142299.86,Bachelors,13.00085,Married-civ-spouse,Exec-managerial,Husband,White,Male,-17.744038,-0.361169,40.043922,United-States,>50K
28.757092,Private,156837.14,Assoc-voc,11.031473,Never-married,Tech-support,Own-child,Black,Male,28.297466,1973.2881,39.973755,United-States,<=50K
51.74831,Private,25671.277,10th,5.9908442,Married-civ-spouse,Craft-repair,Husband,White,Male,2.878522,1886.109,46.83253,United-States,>50K
28.015066,?,168445.53,Assoc-voc,11.003542,Married-civ-spouse,?,Own-child,White,Female,34.827007,0.1551579,39.992004,United-States,<=50K
37.82876,Private,26322.527,HS-grad,9.01397,Divorced,Craft-repair,Unmarried,White,Male,31.760601,-0.16931263,50.02034,United-States,<=50K
53.762753,Private,199798.81,Some-college,10.003995,Married-civ-spouse,Tech-support,Husband,White,Male,-9.874652,-0.6016933,34.964996,United-States,<=50K
41.8859,Private,258325.83,HS-grad,9.01328,Never-married,Sales,Not-in-family,White,Male,32.30235,0.06489453,59.884068,United-States,>50K
35.309464,Private,1230196.4,Bachelors,12.978143,Married-civ-spouse,Sales,Husband,White,Male,78.04198,-6.62967,51.991486,United-States,>50K
40.02158,Private,357183.34,Assoc-acdm,12.027544,Divorced,Exec-managerial,Not-in-family,White,Male,12.488385,-0.058503296,39.977257,United-States,>50K
27.938814,Private,168255.88,HS-grad,8.992595,Married-civ-spouse,Exec-managerial,Own-child,White,Female,36.03648,-0.26670948,38.03586,United-States,>50K
26.602312,Private,188098.97,7th-8th,3.9821362,Married-civ-spouse,Craft-repair,Husband,White,Male,52.04307,-0.51323044,39.940636,United-States,<=50K
65.29931,Private,270458.56,Some-college,10.000676,Divorced,Adm-clerical,Unmarried,White,Female,29.543072,-0.3297054,39.96188,?,<=50K
66.97857,Private,279442.94,Some-college,9.999317,Married-civ-spouse,Transport-moving,Husband,White,Male,10701.594,-0.381097,10.00779,United-States,>50K
59.97358,Self-emp-not-inc,24931.48,HS-grad,9.015053,Divorced,Craft-repair,Not-in-family,White,Male,20.629986,-0.15590015,49.99633,United-States,>50K
60.972485,?,28335.637,7th-8th,3.9806156,Married-civ-spouse,?,Husband,White,Male,38.422466,-0.22039905,39.93841,United-States,>50K
58.112236,Private,94441.305,Masters,14.029249,Divorced,Prof-specialty,Not-in-family,White,Female,11.411481,0.37657818,39.924873,United-States,<=50K
56.04259,Private,174373.25,Bachelors,13.015947,Divorced,Exec-managerial,Unmarried,White,Male,5.347272,-0.39112964,45.02678,United-States,>50K
51.92683,Local-gov,153416.88,Some-college,9.995738,Married-civ-spouse,Exec-managerial,Husband,White,Male,-12.043353,-0.5903789,40.016953,United-States,>50K
59.923477,Self-emp-not-inc,89380.75,5th-6th,3.0131783,Married-civ-spouse,Farming-fishing,Husband,White,Male,48.60728,-0.3315746,39.940224,United-States,<=50K
41.985,Local-gov,264674.0,Some-college,10.008965,Married-civ-spouse,Protective-serv,Husband,White,Male,-13.617572,-0.389146,51.995758,United-States,>50K
61.056915,Self-emp-not-inc,221076.5,Some-college,9.99448,Married-civ-spouse,Adm-clerical,Husband,White,Male,-18.485981,-0.37760273,50.090595,United-States,>50K
62.235664,Local-gov,207562.11,Assoc-voc,11.02376,Divorced,Adm-clerical,Not-in-family,Black,Female,30.333843,0.066687435,39.996,United-States,<=50K
23.968655,Private,612995.44,10th,6.0081577,Married-civ-spouse,Handlers-cleaners,Husband,White,Male,31.53526,-0.2978069,39.977734,United-States,<=50K
52.117397,State-gov,150478.62,Doctorate,16.01813,Married-civ-spouse,Prof-specialty,Husband,White,Male,-15.583636,0.26587567,40.00194,Iran,>50K
49.884914,Local-gov,163520.64,7th-8th,3.9992309,Married-civ-spouse,Transport-moving,Husband,White,Male,48.191265,-0.4429256,39.98528,United-States,<=50K
43.894806,Private,184845.11,Assoc-voc,11.022846,Separated,Craft-repair,Other-relative,White,Male,48.495464,-0.21402851,47.99168,United-States,>50K
31.125505,Local-gov,198566.19,Bachelors,12.996796,Married-civ-spouse,Protective-serv,Husband,Black,Male,-19.537495,-0.4091579,50.130203,United-States,>50K
56.00571,Private,140275.8,Some-college,9.996962,Married-civ-spouse,Transport-moving,Husband,Black,Male,-1.1356382,-0.48668018,35.01166,United-States,>50K
49.110657,Self-emp-inc,26928.465,Bachelors,13.013944,Divorced,Prof-specialty,Unmarried,White,Male,6558.7173,-0.19549671,45.00755,United-States,<=50K
59.96193,Self-emp-not-inc,187094.0,HS-grad,9.007678,Married-civ-spouse,Transport-moving,Husband,White,Male,3039.9114,-0.15300098,59.884686,United-States,>50K
27.211987,Local-gov,197956.86,Masters,14.001211,Married-civ-spouse,Prof-specialty,Husband,White,Male,-11.984515,0.09059796,37.016544,United-States,<=50K
55.840363,Self-emp-not-inc,400815.8,Some-college,9.99133,Married-civ-spouse,Craft-repair,Husband,White,Male,-17.89809,-0.043641236,50.04736,United-States,>50K
50.009914,Private,185198.73,HS-grad,9.002941,Married-civ-spouse,Transport-moving,Husband,White,Male,3098.5347,-0.49926868,40.00899,United-States,>50K
53.508324,Self-emp-not-inc,27436.84,7th-8th,4.0094314,Married-civ-spouse,Farming-fishing,Husband,White,Male,47.6356,-0.4581081,59.65772,United-States,<=50K
37.077114,Private,269702.6,Some-college,10.000852,Divorced,Adm-clerical,Unmarried,White,Female,25104.783,-0.5677501,24.924496,United-States,>50K
45.00238,Local-gov,181753.78,Bachelors,12.998433,Married-civ-spouse,Sales,Husband,White,Male,-3.8077574,-0.3733379,40.02977,United-States,>50K
42.991264,Private,476266.7,Some-college,9.994504,Married-civ-spouse,Transport-moving,Husband,White,Male,-6.31264,-0.37999073,50.05514,United-States,>50K
41.06579,Local-gov,249303.22,Bachelors,13.002397,Never-married,Prof-specialty,Unmarried,Black,Female,23.03233,-0.6154796,39.978813,United-States,<=50K
35.82794,Local-gov,248018.95,Assoc-voc,11.039411,Never-married,Protective-serv,Not-in-family,White,Male,9.334821,-0.09176746,39.973015,United-States,>50K
48.1347,Private,313640.5,Assoc-acdm,11.985559,Married-civ-spouse,Prof-specialty,Wife,White,Female,-2.5489683,-0.43027607,29.991268,United-States,>50K
30.908236,Private,122618.06,HS-grad,8.997377,Married-civ-spouse,Transport-moving,Wife,White,Female,5117.1846,0.01790509,34.986774,United-States,>50K
24.197708,Private,387982.12,Bachelors,13.007732,Never-married,Exec-managerial,Not-in-family,Black,Male,20.850445,-0.33914295,39.987297,United-States,<=50K
44.99843,Self-emp-not-inc,239265.66,Bachelors,13.004537,Married-civ-spouse,Craft-repair,Husband,White,Male,-21.849506,-0.7990657,40.04731,United-States,>50K
41.975487,Local-gov,255538.86,HS-grad,9.007039,Married-civ-spouse,Transport-moving,Husband,White,Male,7.5562563,-0.06086841,40.022312,United-States,<=50K
47.019985,Private,99954.56,Masters,14.0311165,Divorced,Prof-specialty,Not-in-family,White,Male,6.065778,0.5537633,44.958164,United-States,<=50K
37.023094,Self-emp-not-inc,103726.43,Bachelors,13.00189,Married-civ-spouse,Sales,Wife,White,Female,-0.449359,-0.44713703,50.10814,United-States,<=50K
34.119476,Private,206703.56,Some-college,9.993688,Married-civ-spouse,Other-service,Wife,White,Female,36.060894,-0.33922687,11.965351,United-States,>50K
62.00808,Federal-gov,163599.25,Some-college,9.995668,Married-civ-spouse,Adm-clerical,Husband,White,Male,-36.060688,-0.7656642,40.0141,United-States,<=50K
29.975954,Private,162409.16,Bachelors,13.013854,Never-married,Exec-managerial,Not-in-family,White,Male,19.375591,-0.64459336,69.958916,United-States,>50K
31.174469,Self-emp-not-inc,177333.48,Bachelors,12.999568,Married-civ-spouse,Prof-specialty,Husband,White,Male,-2.3438902,-0.48096576,40.036472,United-States,>50K
33.145245,Local-gov,511014.2,Assoc-voc,10.995127,Married-civ-spouse,Protective-serv,Husband,White,Male,-17.487934,-0.5483943,48.02051,United-States,>50K
68.052605,Private,104662.77,Bachelors,12.996883,Married-civ-spouse,Prof-specialty,Husband,White,Male,-30.22939,-0.2778789,39.995567,Ireland,>50K
69.1045,State-gov,51345.51,Prof-school,15.0089245,Married-civ-spouse,Adm-clerical,Husband,White,Male,-38.54555,-0.3121654,34.036457,United-States,>50K
39.111156,Private,103126.37,Bachelors,13.00867,Married-civ-spouse,Craft-repair,Wife,White,Female,-1.628314,-0.30008045,30.000732,United-States,>50K
38.88005,Private,342682.9,HS-grad,9.020153,Divorced,Sales,Not-in-family,White,Male,40.40489,0.07220349,59.896835,United-States,<=50K
43.91393,State-gov,58337.37,HS-grad,8.98673,Married-civ-spouse,Other-service,Wife,White,Female,31.691998,-0.15751758,14.947523,United-States,<=50K
64.50209,State-gov,103249.83,1st-4th,1.9327654,Married-civ-spouse,Farming-fishing,Husband,Other,Male,87.75438,0.116835445,45.082993,Columbia,<=50K
55.90581,Private,118192.84,Some-college,10.021412,Divorced,Transport-moving,Not-in-family,White,Male,25.5211,0.052847717,39.98191,United-States,>50K
67.964836,?,122809.5,HS-grad,8.996092,Married-civ-spouse,?,Husband,White,Male,-10.020648,-0.23410144,44.95729,United-States,<=50K
38.04961,Private,42130.62,Bachelors,12.996487,Married-civ-spouse,Prof-specialty,Husband,White,Male,36.883648,-1.3594829,39.937187,England,>50K
50.969612,Private,159417.3,HS-grad,8.991164,Married-civ-spouse,Transport-moving,Husband,White,Male,-9.582904,-0.8511745,84.62888,United-States,>50K
58.039566,Federal-gov,244765.69,Bachelors,13.011769,Separated,Prof-specialty,Not-in-family,White,Male,4712.2285,-0.18836322,39.974205,United-States,>50K
27.944569,Private,243014.25,Bachelors,13.01514,Never-married,Exec-managerial,Not-in-family,Asian-Pac-Islander,Male,27.084332,-0.037125733,30.041143,United-States,<=50K
29.54607,Local-gov,113249.81,HS-grad,8.991938,Married-civ-spouse,Handlers-cleaners,Other-relative,White,Male,33.5211,0.16010174,25.010332,United-States,<=50K
29.706596,Private,337253.03,Assoc-acdm,12.014734,Never-married,Machine-op-inspct,Not-in-family,White,Male,5.4649477,0.4942387,47.910187,United-States,<=50K
68.996765,Private,144081.56,Some-college,9.999547,Married-civ-spouse,Prof-specialty,Husband,White,Male,-18.633686,-0.2941982,39.986805,United-States,>50K
42.999165,Private,315640.1,Bachelors,13.010919,Divorced,Exec-managerial,Not-in-family,White,Female,22.066021,-0.23523822,45.03247,United-States,>50K
68.94046,Self-emp-inc,105759.04,HS-grad,8.997186,Married-civ-spouse,Other-service,Husband,White,Male,-7.626849,-0.113511235,39.988117,United-States,>50K
28.146225,Private,132753.47,Masters,14.00184,Married-civ-spouse,Sales,Husband,White,Male,-10.337298,-0.08144489,39.98988,United-States,<=50K
50.07077,Private,129022.56,Bachelors,13.017011,Divorced,Exec-managerial,Not-in-family,White,Female,17.38609,-0.12275043,50.112,United-States,>50K
41.830482,Private,281528.78,9th,5.016009,Married-civ-spouse,Transport-moving,Husband,White,Male,43.520123,-0.3751537,39.9663,United-States,<=50K
50.964455,Private,28161.434,Some-college,10.0019,Widowed,Other-service,Not-in-family,White,Female,37.95933,-0.13150898,39.95532,United-States,<=50K
45.966965,Local-gov,60976.49,Assoc-voc,11.019163,Married-civ-spouse,Exec-managerial,Husband,White,Male,-6.979144,-0.12385669,40.017387,United-States,>50K
51.02229,Private,146687.45,Some-college,9.998919,Married-civ-spouse,Prof-specialty,Husband,White,Male,-4.457904,-0.33973804,39.998383,United-States,>50K
39.02563,Private,171791.92,HS-grad,8.998833,Married-civ-spouse,Prof-specialty,Husband,White,Male,6.854108,-0.13739124,50.02019,United-States,>50K
30.861712,Private,193285.45,Some-college,10.001542,Never-married,Adm-clerical,Not-in-family,White,Female,2477.5022,-0.093217045,38.00341,United-States,<=50K
28.990097,Private,184026.05,HS-grad,9.001358,Married-civ-spouse,Sales,Husband,White,Male,16.791363,-0.13951984,50.003067,United-States,<=50K
62.07723,Self-emp-not-inc,38693.84,Some-college,9.991472,Married-civ-spouse,Farming-fishing,Husband,White,Male,-10.927142,1.2870473,80.617546,United-States,<=50K
69.00098,Private,137944.5,HS-grad,8.991992,Married-civ-spouse,Exec-managerial,Husband,White,Male,1126.2168,-0.4960033,34.936592,United-States,<=50K
24.965351,Private,26578.465,Bachelors,13.018523,Divorced,Sales,Not-in-family,White,Female,36.790874,0.25243267,39.95328,United-States,<=50K
25.28926,Private,39100.715,Some-college,10.005937,Married-civ-spouse,Farming-fishing,Husband,White,Male,13.2076235,-0.577531,80.811325,United-States,<=50K
29.919006,Private,198098.0,Bachelors,13.006306,Never-married,Exec-managerial,Not-in-family,Black,Female,26.142925,-0.25084797,39.979305,United-States,<=50K
22.9932,Private,198941.55,11th,6.988651,Married-civ-spouse,Transport-moving,Husband,White,Male,38.128277,-0.27438465,49.961002,United-States,<=50K
26.199451,Private,44030.51,Bachelors,13.002972,Married-civ-spouse,Prof-specialty,Husband,White,Male,-1.0789976,-0.11834827,40.00022,United-States,<=50K
49.130524,Private,180353.44,Masters,14.006973,Divorced,Exec-managerial,Unmarried,White,Male,-23.369282,1759.4493,44.976845,United-States,>50K
31.254776,Self-emp-not-inc,145335.84,Bachelors,13.001254,Married-civ-spouse,Exec-managerial,Husband,White,Male,-3.1312437,-0.21832386,59.895916,?,>50K
37.75824,Private,59443.99,9th,4.994607,Married-civ-spouse,Craft-repair,Husband,White,Male,37.449078,-0.35971943,39.93392,United-States,<=50K
39.022034,State-gov,142730.73,Assoc-voc,11.005917,Never-married,Exec-managerial,Unmarried,White,Female,23.834087,-0.40514484,50.095882,United-States,<=50K
58.987072,Private,97186.66,11th,6.992528,Married-civ-spouse,Machine-op-inspct,Husband,White,Male,5.599225,-0.13713184,39.947815,United-States,<=50K
39.08934,Self-emp-not-inc,65141.62,Some-college,9.992814,Married-civ-spouse,Other-service,Wife,White,Female,25.328716,-0.16837421,14.955128,United-States,>50K
25.75936,Private,152306.97,HS-grad,9.021917,Never-married,Adm-clerical,Own-child,Asian-Pac-Islander,Male,42.626812,-0.42223468,80.6736,?,>50K
47.014233,Private,196771.02,HS-grad,8.997294,Married-civ-spouse,Sales,Husband,White,Male,8.105329,-0.19165912,44.9729,United-States,<=50K
44.93424,Private,113880.55,Masters,14.014755,Divorced,Prof-specialty,Not-in-family,White,Female,5.873151,2258.734,54.862057,United-States,<=50K
42.006428,Self-emp-not-inc,176877.48,Prof-school,15.004979,Married-civ-spouse,Farming-fishing,Husband,White,Male,-4.447894,-0.25615802,65.12083,United-States,>50K
45.912445,Private,41575.62,Some-college,9.993151,Married-civ-spouse,Adm-clerical,Husband,White,Male,-4.453021,-0.6318294,40.00383,United-States,>50K
47.00237,Local-gov,107978.164,HS-grad,9.004116,Divorced,Exec-managerial,Not-in-family,White,Female,31.58897,-0.0016795665,39.97933,United-States,<=50K
35.149445,Private,189417.25,Bachelors,13.000864,Married-civ-spouse,Sales,Wife,White,Female,14.088483,-0.2918636,29.98963,United-States,>50K
50.958366,Private,263664.53,HS-grad,9.000781,Widowed,Handlers-cleaners,Not-in-family,White,Male,44.22227,-0.16576496,30.034286,United-States,<=50K
41.73758,Private,195164.31,7th-8th,3.9788394,Married-civ-spouse,Craft-repair,Husband,White,Male,47.233746,-0.32267871,39.940598,United-States,<=50K
40.8988,Private,179080.8,HS-grad,9.007004,Never-married,Sales,Not-in-family,White,Male,35.460064,0.38715252,49.957813,United-States,<=50K
38.093548,Private,119786.31,Masters,14.001223,Married-civ-spouse,Craft-repair,Husband,Black,Male,-27.899067,-0.33911243,40.00431,United-States,>50K
32.145123,State-gov,397994.1,Bachelors,12.999449,Married-civ-spouse,Protective-serv,Husband,White,Male,-19.242085,-0.49949756,40.03686,United-States,>50K
42.108486,Self-emp-not-inc,53441.87,Bachelors,13.0056,Married-civ-spouse,Exec-managerial,Husband,White,Male,-22.093891,-0.8100978,40.031593,United-States,>50K
31.83866,Private,327798.25,Assoc-voc,11.028422,Never-married,Tech-support,Not-in-family,White,Female,27.7252,-0.061402466,64.06593,United-States,<=50K
40.08348,Private,284878.22,Assoc-acdm,12.022292,Married-civ-spouse,Tech-support,Husband,White,Male,-15.890765,-0.46606556,40.006912,United-States,>50K
32.16403,Private,103383.57,Assoc-voc,11.011425,Married-civ-spouse,Exec-managerial,Husband,White,Male,-1.8304625,-0.29522052,50.07263,United-States,>50K
26.899626,Private,108061.89,Bachelors,13.021385,Never-married,Tech-support,Not-in-family,White,Male,46.43687,0.24492535,39.895485,England,>50K
51.074215,Self-emp-not-inc,198428.88,Bachelors,13.000792,Married-civ-spouse,Exec-managerial,Wife,White,Female,-13.09389,-0.53474534,40.02194,United-States,>50K
40.003807,Private,236521.42,Some-college,10.0077095,Married-civ-spouse,Tech-support,Wife,White,Female,4.3155336,-0.2128078,39.976868,United-States,>50K
52.948734,Private,36549.2,HS-grad,8.991582,Married-civ-spouse,Sales,Husband,White,Male,5.685895,-0.086022526,39.973713,United-States,>50K
56.02822,Private,138902.14,Bachelors,13.021114,Divorced,Exec-managerial,Not-in-family,White,Male,11.91734,-0.07692829,44.975006,United-States,>50K
36.967552,Private,264159.66,Some-college,10.005439,Married-civ-spouse,Transport-moving,Husband,White,Male,5.963971,-0.32196918,50.058735,United-States,<=50K
26.91322,Private,208403.03,Bachelors,13.014012,Married-AF-spouse,Sales,Wife,White,Female,33.697857,-0.056740906,39.95249,United-States,<=50K
63.075527,Private,162949.73,HS-grad,8.99991,Married-civ-spouse,Transport-moving,Husband,White,Male,1.1524477,-0.46550098,34.99489,United-States,>50K
43.976334,Local-gov,212267.62,Some-college,9.987418,Married-civ-spouse,Protective-serv,Husband,Black,Male,-31.459126,-0.2468349,97.988625,United-States,<=50K
36.065186,Self-emp-not-inc,128121.37,HS-grad,8.947947,Married-civ-spouse,Exec-managerial,Husband,White,Male,19.803326,0.459586,98.35047,United-States,<=50K
60.050316,Private,179595.17,12th,8.041332,Divorced,Farming-fishing,Not-in-family,White,Male,53.93443,0.09426007,39.99548,United-States,<=50K
49.07141,Private,92931.54,HS-grad,8.99568,Married-civ-spouse,Exec-managerial,Husband,White,Male,6.2772036,-0.36426654,47.9622,United-States,>50K
39.077908,Federal-gov,473578.84,Some-college,9.993585,Divorced,Exec-managerial,Unmarried,Black,Female,5.649274,-0.67836106,40.021923,United-States,<=50K
37.960903,Private,94919.27,HS-grad,8.999007,Married-civ-spouse,Adm-clerical,Wife,White,Female,13.277936,-0.15649524,59.9285,United-States,<=50K
26.950481,State-gov,221559.75,Bachelors,13.010504,Never-married,Prof-specialty,Not-in-family,Black,Female,29.27525,-0.3125011,60.048687,United-States,<=50K
49.990612,Self-emp-not-inc,31391.2,HS-grad,8.994692,Married-civ-spouse,Farming-fishing,Husband,White,Male,9.346784,-0.15888324,30.040627,United-States,<=50K
47.098415,Private,298015.1,Assoc-voc,11.001145,Divorced,Prof-specialty,Unmarried,White,Female,33.26988,-0.4363872,44.057453,United-States,<=50K
52.872284,Private,47783.73,Some-college,9.999096,Married-civ-spouse,Adm-clerical,Husband,White,Male,-3.9205503,-0.4389507,50.084423,United-States,>50K
39.885944,Private,322255.9,HS-grad,9.027046,Divorced,Transport-moving,Not-in-family,White,Male,42.61778,-0.18418232,59.911613,United-States,>50K
