age,workclass,fnlwgt,education,education-num,marital-status,occupation,relationship,race,sex,capital-gain,capital-loss,hours-per-week,native-country,income
26.05784,Private,208481.03,Preschool,1.1552919,Married-civ-spouse,Farming-fishing,Other-relative,White,Male,43356.914,0.44573864,23.761862,Mexico,<=50K
55.121494,Local-gov,175982.33,Masters,13.992796,Married-civ-spouse,Prof-specialty,Wife,White,Female,-20.133442,2265.3147,39.99169,United-States,<=50K
43.998478,State-gov,107368.27,Doctorate,16.008564,Married-civ-spouse,Prof-specialty,Husband,White,Male,4873.7163,-0.6262294,60.048126,United-States,<=50K
51.00486,Private,122945.234,Masters,13.999649,Married-civ-spouse,Prof-specialty,Husband,Asian-Pac-Islander,Male,4856.99,-0.22397724,39.965862,India,<=50K
45.083576,Private,354755.6,Bachelors,12.984888,Married-civ-spouse,Sales,Husband,White,Male,-29.898579,1999.7533,54.89961,United-States,<=50K
57.10244,Private,264222.97,Prof-school,14.998212,Married-civ-spouse,Prof-specialty,Husband,White,Male,-37.464985,-0.47499195,60.025253,United-States,<=50K
50.106033,Private,233568.16,Masters,13.990694,Married-civ-spouse,Exec-managerial,Wife,White,Female,-26.615864,1485.8529,40.00341,United-States,<=50K
33.192135,Self-emp-inc,238046.95,Doctorate,16.011038,Married-civ-spouse,Prof-specialty,Husband,White,Male,-13.783832,-0.4799129,60.082596,United-States,<=50K
54.97442,Self-emp-inc,221750.47,Masters,13.981802,Married-civ-spouse,Exec-managerial,Husband,White,Male,-48.7289,-0.23256794,60.016075,United-States,<=50K
28.207445,Local-gov,249896.4,Masters,13.990743,Married-civ-spouse,Prof-specialty,Wife,White,Female,-6.5213804,1888.7639,54.82298,United-States,<=50K
51.102245,Private,161219.31,Doctorate,16.014868,Married-civ-spouse,Prof-specialty,Husband,Asian-Pac-Islander,Male,-1.7137632,0.4823521,98.249596,South,<=50K
49.16279,Private,189038.58,Masters,13.991288,Married-civ-spouse,Prof-specialty,Husband,White,Male,-31.79189,-0.46646228,59.971046,United-States,<=50K
47.135815,Private,192502.97,Doctorate,16.014347,Married-civ-spouse,Sales,Husband,White,Male,-8.802386,-0.60760605,60.080776,United-States,<=50K
48.177853,Private,246819.64,Bachelors,12.993236,Married-civ-spouse,Exec-managerial,Husband,White,Male,4906.5225,-0.5748836,45.037384,United-States,<=50K
49.182144,Private,99825.52,Prof-school,15.008329,Married-civ-spouse,Prof-specialty,Husband,White,Male,-27.292622,-0.29166523,45.047768,United-States,<=50K
56.10754,Private,159822.34,Masters,13.990595,Married-civ-spouse,Prof-specialty,Husband,White,Male,-35.754047,-0.43971363,59.963852,United-States,<=50K
43.008247,Private,159197.4,Masters,14.012621,Married-civ-spouse,Prof-specialty,Wife,Asian-Pac-Islander,Female,35.3502,-0.51004136,50.08652,South,<=50K
44.059834,Self-emp-not-inc,177420.86,Prof-school,14.997975,Married-civ-spouse,Prof-specialty,Husband,White,Male,-35.13637,-0.3399059,60.0326,United-States,<=50K
52.025093,Self-emp-inc,390377.1,Bachelors,12.989382,Married-civ-spouse,Exec-managerial,Husband,White,Male,-32.403706,-0.40876117,60.04629,United-States,<=50K
50.118137,Self-emp-not-inc,176952.6,Doctorate,16.016232,Married-civ-spouse,Prof-specialty,Husband,White,Male,3770.5208,-0.07666889,40.010433,United-States,<=50K
47.13396,Private,340565.62,Bachelors,12.995517,Married-civ-spouse,Prof-specialty,Wife,White,Female,1.7681704,-0.7315532,45.11385,United-States,<=50K
43.075443,Private,221567.56,Assoc-acdm,12.008828,Married-civ-spouse,Exec-managerial,Husband,White,Male,-27.971088,2006.7811,43.96021,United-States,<=50K
47.085403,Federal-gov,196381.4,Bachelors,12.997364,Married-civ-spouse,Prof-specialty,Husband,White,Male,-39.684467,-0.33794513,50.09188,United-States,<=50K
42.123425,Private,229153.48,Bachelors,12.995736,Married-civ-spouse,Prof-specialty,Husband,White,Male,4911.0376,-0.4136745,40.016693,United-States,<=50K
50.07642,Local-gov,173169.25,Masters,14.00549,Married-civ-spouse,Prof-specialty,Wife,White,Female,-6.5870543,-0.37114826,39.970707,United-States,<=50K
39.08535,Private,23031.387,Bachelors,13.005612,Married-civ-spouse,Prof-specialty,Not-in-family,White,Male,-2.2061949,-0.12271991,59.966152,United-States,<=50K
57.050533,Local-gov,214195.78,Masters,13.989025,Married-civ-spouse,Prof-specialty,Husband,White,Male,-38.246967,-0.22107807,59.96598,United-States,<=50K
44.988243,Private,120924.06,Masters,13.998789,Married-civ-spouse,Exec-managerial,Husband,White,Male,4344.5366,-0.10558429,40.001965,United-States,<=50K
37.03899,Self-emp-not-inc,143902.17,Doctorate,16.014727,Married-civ-spouse,Prof-specialty,Husband,White,Male,-14.770404,-0.581483,60.05986,United-States,<=50K
48.13249,Private,40668.34,Masters,13.990527,Married-civ-spouse,Prof-specialty,Husband,White,Male,-37.792377,-0.10788074,75.30236,United-States,<=50K
43.113895,Self-emp-inc,243973.42,Bachelors,12.992071,Married-civ-spouse,Prof-specialty,Husband,White,Male,-17.856586,-0.39061847,60.028442,United-States,<=50K
41.094696,Local-gov,195168.78,Masters,13.991074,Married-civ-spouse,Prof-specialty,Husband,White,Male,-28.256733,-0.19228473,59.971607,United-States,<=50K
47.033306,Federal-gov,23586.293,Bachelors,13.002425,Married-civ-spouse,Craft-repair,Husband,White,Male,-44.554585,1753.3274,40.02912,United-States,<=50K
40.106575,State-gov,142012.44,Prof-school,15.000189,Married-civ-spouse,Prof-specialty,Husband,White,Male,-25.192768,-0.21289173,72.04301,United-States,<=50K
61.034912,Private,231733.3,Masters,13.992216,Married-civ-spouse,Prof-specialty,Husband,White,Male,-33.500385,-0.64757645,50.074047,United-States,<=50K
36.18799,Private,84331.29,Bachelors,12.9978485,Married-civ-spouse,Exec-managerial,Husband,White,Male,4919.4995,-0.41265216,50.112514,United-States,<=50K
45.019917,Self-emp-inc,187881.2,Bachelors,12.997142,Married-civ-spouse,Exec-managerial,Husband,White,Male,-24.397358,-0.5772487,60.026775,United-States,<=50K
36.95908,Private,332850.4,Doctorate,16.032007,Married-civ-spouse,Prof-specialty,Wife,White,Female,34.929302,-0.62540543,34.931534,United-States,<=50K
40.089073,Private,34524.48,Masters,13.995265,Married-civ-spouse,Prof-specialty,Husband,White,Male,-26.427387,-0.56852067,59.93776,United-States,<=50K
44.99674,Private,174305.53,Masters,13.998458,Married-civ-spouse,Prof-specialty,Husband,White,Male,-23.118793,-0.39443317,43.04314,United-States,<=50K
43.011765,Local-gov,174112.08,Masters,13.994679,Married-civ-spouse,Prof-specialty,Husband,White,Male,-25.24184,-0.26847187,50.059853,United-States,<=50K
44.039085,Private,198342.23,Masters,13.988533,Married-civ-spouse,Adm-clerical,Husband,White,Male,-31.038715,-0.25229755,50.098698,United-States,<=50K
41.12292,Private,252893.6,Prof-school,15.004081,Married-civ-spouse,Sales,Husband,White,Male,-21.28481,-0.51240647,50.100975,United-States,<=50K
53.15564,Self-emp-inc,135415.8,Bachelors,12.998024,Married-civ-spouse,Adm-clerical,Wife,Asian-Pac-Islander,Female,11.95567,0.075247616,50.197945,South,<=50K
49.18759,Self-emp-inc,314698.78,Bachelors,12.9935,Married-civ-spouse,Exec-managerial,Husband,White,Male,-28.770405,-0.6128398,50.15175,United-States,<=50K
37.962868,State-gov,199100.17,Doctorate,16.018608,Married-civ-spouse,Prof-specialty,Husband,Asian-Pac-Islander,Male,33.32652,-0.83528244,39.951523,Taiwan,<=50K
51.065605,Self-emp-not-inc,34196.934,Bachelors,12.997134,Married-civ-spouse,Exec-managerial,Husband,White,Male,-51.969868,1682.4528,69.7875,United-States,<=50K
43.95942,Local-gov,101747.125,Masters,14.007881,Married-civ-spouse,Prof-specialty,Wife,White,Female,-3.084857,-0.34425464,39.96848,United-States,<=50K
66.94047,Private,248556.94,Some-college,9.994618,Married-civ-spouse,Sales,Husband,White,Male,6848.3286,-0.36421314,40.004562,United-States,<=50K
35.41545,Local-gov,661714.75,Bachelors,12.97721,Married-civ-spouse,Exec-managerial,Husband,White,Male,-36.805073,1741.3442,80.65822,United-States,<=50K
51.10053,Private,206373.95,Bachelors,12.995954,Married-civ-spouse,Exec-managerial,Husband,White,Male,-19.564106,-0.46504322,55.004337,United-States,<=50K
49.17081,Private,93702.055,Bachelors,13.002205,Married-civ-spouse,Exec-managerial,Wife,White,Female,-10.231341,-0.37160602,43.04293,United-States,<=50K
38.056366,Local-gov,195966.83,Bachelors,13.000929,Married-civ-spouse,Prof-specialty,Wife,White,Female,0.67954725,-0.39582172,54.910767,United-States,<=50K
36.97105,Private,123027.46,Doctorate,16.021948,Married-civ-spouse,Prof-specialty,Husband,White,Male,-0.043353137,0.005942199,39.995167,United-States,<=50K
41.098606,Local-gov,180130.78,Masters,13.994767,Married-civ-spouse,Prof-specialty,Husband,White,Male,-24.0414,-0.26912037,50.057426,United-States,<=50K
34.272392,Local-gov,105439.66,Bachelors,12.998032,Married-civ-spouse,Prof-specialty,Husband,White,Male,-14.787982,2053.0085,40.04326,United-States,<=50K
51.054115,Private,373032.62,Some-college,9.99043,Married-civ-spouse,Exec-managerial,Husband,White,Male,-22.96938,2006.4941,40.065052,United-States,<=50K
40.129005,Self-emp-inc,99319.47,Bachelors,12.997087,Married-civ-spouse,Prof-specialty,Husband,White,Male,-14.36098,-0.3578197,59.99468,United-States,<=50K
53.081055,Private,327910.9,Bachelors,12.99113,Married-civ-spouse,Craft-repair,Husband,Asian-Pac-Islander,Male,-28.135395,1739.9696,40.055202,Laos,<=50K
45.95181,Private,314225.6,Some-college,9.994975,Married-civ-spouse,Sales,Husband,White,Male,-21.257221,2046.0204,50.020103,United-States,<=50K
44.037426,Private,106792.41,Bachelors,12.998791,Married-civ-spouse,Prof-specialty,Husband,White,Male,-17.125141,-0.31597248,59.970875,United-States,<=50K
29.121037,Private,87286.76,Doctorate,16.017612,Married-civ-spouse,Prof-specialty,Husband,Asian-Pac-Islander,Male,18.931255,-0.06868091,60.050385,India,<=50K
42.964222,Federal-gov,221854.36,Masters,13.991536,Married-civ-spouse,Craft-repair,Husband,White,Male,-44.653706,-0.18037525,40.023907,United-States,<=50K
49.169163,Local-gov,272912.6,Bachelors,12.995756,Married-civ-spouse,Prof-specialty,Husband,White,Male,-15.226703,-0.37299457,60.002224,United-States,<=50K
49.110657,Self-emp-inc,26928.465,Bachelors,13.013944,Divorced,Prof-specialty,Unmarried,White,Male,6558.7173,-0.19549671,45.00755,United-States,<=50K
45.041767,Private,329894.4,Bachelors,12.993913,Married-civ-spouse,Prof-specialty,Husband,White,Male,-17.963032,-0.58011734,50.10033,United-States,<=50K
66.99776,Private,72419.18,Some-college,9.993749,Married-civ-spouse,Handlers-cleaners,Husband,White,Male,10651.692,-0.032067444,15.09358,United-States,<=50K
38.091736,Private,313255.78,Masters,13.997571,Married-civ-spouse,Prof-specialty,Husband,White,Male,-19.072407,-0.63321793,45.053604,United-States,<=50K
52.052277,Self-emp-inc,209913.92,Bachelors,12.9918785,Married-civ-spouse,Sales,Husband,White,Male,-19.282856,-0.37432972,60.04139,United-States,<=50K
35.299854,Private,167336.05,Bachelors,12.998002,Married-civ-spouse,Prof-specialty,Husband,White,Male,4920.591,-0.29235187,40.012596,United-States,<=50K
48.20699,Private,232673.83,Masters,13.992637,Married-civ-spouse,Exec-managerial,Husband,Black,Male,-32.663715,-0.6161891,45.093533,United-States,<=50K
44.97528,Self-emp-not-inc,163756.53,Bachelors,13.007116,Married-civ-spouse,Exec-managerial,Wife,Asian-Pac-Islander,Female,-4.824359,-0.3649837,48.08118,United-States,<=50K
39.15273,Private,318822.0,Bachelors,12.992772,Married-civ-spouse,Prof-specialty,Husband,White,Male,-16.778461,-0.46981922,59.99504,United-States,<=50K
48.15515,Private,75442.25,Bachelors,13.000144,Married-civ-spouse,Prof-specialty,Husband,White,Male,-18.259663,-0.31162372,50.09942,United-States,<=50K
36.126583,Self-emp-not-inc,180202.94,Prof-school,15.003413,Married-civ-spouse,Prof-specialty,Husband,White,Male,-27.382954,-0.41819873,50.10425,United-States,<=50K
50.095367,Private,39979.137,Bachelors,13.000835,Married-civ-spouse,Prof-specialty,Husband,White,Male,-19.926899,-0.29899707,50.100067,United-States,<=50K
51.116352,Private,255891.67,Bachelors,12.993573,Married-civ-spouse,Adm-clerical,Husband,Asian-Pac-Islander,Male,-3.4727964,-0.5842372,50.17765,Philippines,<=50K
37.051453,Private,117424.09,Masters,13.9995,Married-civ-spouse,Prof-specialty,Husband,White,Male,-18.116108,-0.49768177,45.03043,United-States,<=50K
44.98621,Self-emp-inc,33671.09,Bachelors,13.001662,Married-civ-spouse,Exec-managerial,Husband,White,Male,-24.166645,-0.5740596,51.130817,United-States,<=50K
33.217518,Private,201024.62,Masters,13.9971285,Married-civ-spouse,Prof-specialty,Husband,White,Male,-17.2289,-0.6642314,50.0479,United-States,<=50K
51.035744,Private,182699.33,Some-college,9.996435,Married-civ-spouse,Exec-managerial,Husband,White,Male,-20.63979,1901.5007,40.041317,United-States,<=50K
19.253239,Private,187990.77,HS-grad,9.000015,Never-married,Other-service,Own-child,White,Female,34707.367,-0.069482,19.951582,United-States,<=50K
35.224087,Local-gov,177106.84,Some-college,9.998498,Married-civ-spouse,Exec-managerial,Husband,White,Male,-17.402485,2381.52,40.049892,United-States,<=50K
46.00908,Private,244299.67,Bachelors,12.994114,Married-civ-spouse,Exec-managerial,Husband,White,Male,3835.4956,-0.583871,44.022087,United-States,<=50K
53.037117,Local-gov,182315.47,Bachelors,13.004198,Married-civ-spouse,Protective-serv,Husband,Asian-Pac-Islander,Male,-18.770405,-0.4163219,50.138657,Philippines,<=50K
47.121475,Local-gov,286466.3,Masters,13.997432,Married-civ-spouse,Prof-specialty,Husband,White,Male,-25.400776,-0.22480884,40.00762,United-States,<=50K
43.99024,Local-gov,183410.44,Bachelors,13.0010195,Married-civ-spouse,Protective-serv,Husband,White,Male,-22.813862,-0.44870105,56.000084,United-States,<=50K
39.03393,?,157599.36,Masters,14.011688,Married-civ-spouse,?,Wife,Asian-Pac-Islander,Female,3494.9878,-0.18665424,39.945602,?,<=50K
43.134365,Private,175877.11,Bachelors,12.997869,Married-civ-spouse,Exec-managerial,Husband,White,Male,-13.149798,-0.4978191,50.129505,United-States,<=50K
38.12326,Federal-gov,122613.234,Bachelors,12.999687,Married-civ-spouse,Prof-specialty,Husband,White,Male,4028.5188,-0.25053516,40.021675,United-States,<=50K
40.0774,State-gov,68172.695,Masters,14.000852,Married-civ-spouse,Prof-specialty,Husband,White,Male,-27.94106,-0.34192768,57.939655,United-States,<=50K
57.11649,Private,181643.8,Bachelors,13.000603,Married-civ-spouse,Exec-managerial,Wife,White,Female,-14.126361,-0.46115223,39.993744,United-States,<=50K
45.02085,Federal-gov,281493.7,Bachelors,12.997401,Married-civ-spouse,Exec-managerial,Husband,White,Male,-41.463276,-0.72427475,40.052765,United-States,<=50K
50.07056,Private,165314.88,Bachelors,13.003116,Married-civ-spouse,Craft-repair,Husband,White,Male,-17.810688,-0.44181934,50.11316,United-States,<=50K
33.214474,Private,95802.516,Masters,13.99866,Married-civ-spouse,Prof-specialty,Husband,White,Male,-16.657612,-0.6740428,50.046352,United-States,<=50K
28.314907,Self-emp-inc,218756.6,Bachelors,12.9937105,Married-civ-spouse,Exec-managerial,Husband,White,Male,4932.4897,-0.54853165,54.97525,United-States,<=50K
30.192923,Private,211065.2,Bachelors,12.992549,Married-civ-spouse,Prof-specialty,Husband,White,Male,-18.576069,1740.4181,45.02632,United-States,<=50K
36.13455,Self-emp-not-inc,175504.66,Prof-school,15.00018,Married-civ-spouse,Craft-repair,Husband,White,Male,-29.780415,-0.2041103,60.000088,United-States,<=50K
47.091965,Self-emp-not-inc,272365.94,Bachelors,12.993755,Married-civ-spouse,Prof-specialty,Husband,White,Male,-21.020649,-0.3462154,60.011177,United-States,<=50K
59.134933,Private,95235.305,Doctorate,16.01863,Married-civ-spouse,Sales,Husband,White,Male,-12.142718,0.08750042,39.988743,United-States,<=50K
39.14865,Private,267257.38,Bachelors,12.993594,Married-civ-spouse,Exec-managerial,Husband,White,Male,-15.141742,-0.49491993,69.93294,United-States,<=50K
40.11588,Private,101584.086,Bachelors,12.999439,Married-civ-spouse,Prof-specialty,Husband,White,Male,-13.0614195,-0.3082668,50.09163,United-States,<=50K
41.05011,Self-emp-not-inc,222922.9,Masters,13.986111,Married-civ-spouse,Craft-repair,Husband,White,Male,-38.549946,-0.028115418,65.09411,United-States,<=50K
57.103573,Private,374592.0,Masters,13.989659,Married-civ-spouse,Adm-clerical,Husband,White,Male,-37.975483,-0.4894649,40.01797,United-States,<=50K
27.217287,Private,103986.97,Bachelors,12.996406,Married-civ-spouse,Prof-specialty,Wife,White,Female,0.88316053,1626.7134,50.039944,United-States,<=50K
52.02441,Self-emp-inc,51993.668,Bachelors,12.997756,Married-civ-spouse,Sales,Husband,White,Male,-21.41689,-0.35588184,54.985935,United-States,<=50K
53.903862,State-gov,303870.84,Bachelors,12.996848,Married-civ-spouse,Prof-specialty,Husband,White,Male,-15.386615,-0.21724048,69.87012,United-States,<=50K
44.041374,Private,76243.36,Bachelors,13.000794,Married-civ-spouse,Exec-managerial,Husband,White,Male,-14.12807,-0.4443752,50.12582,United-States,<=50K
45.97358,Private,37136.137,Bachelors,13.001405,Married-civ-spouse,Exec-managerial,Husband,White,Male,-16.449604,-0.42717853,51.113434,United-States,<=50K
47.16694,Self-emp-not-inc,207587.0,Bachelors,12.991476,Married-civ-spouse,Prof-specialty,Husband,White,Male,-27.94643,2002.7557,30.078289,United-States,<=50K
33.02144,State-gov,118145.016,Doctorate,16.024834,Married-civ-spouse,Prof-specialty,Husband,Asian-Pac-Islander,Male,35.239605,-0.47107044,50.04522,Hong,<=50K
47.139687,Local-gov,149148.88,Prof-school,15.012954,Married-civ-spouse,Prof-specialty,Husband,White,Male,-23.02602,-0.11746326,34.951595,United-States,<=50K
45.982098,Self-emp-inc,99012.75,Bachelors,12.996955,Married-civ-spouse,Sales,Husband,White,Male,-16.091938,-0.37501636,52.03877,United-States,<=50K
66.82899,?,174695.36,Some-college,9.998034,Married-civ-spouse,?,Husband,White,Male,-30.9789,2463.532,40.0246,United-States,<=50K
44.985844,Private,191418.33,Bachelors,13.001927,Married-civ-spouse,Craft-repair,Husband,White,Male,-14.881488,-0.4536983,50.110786,United-States,<=50K
41.948166,Self-emp-inc,95621.24,Some-college,10.012833,Married-civ-spouse,Exec-managerial,Husband,Asian-Pac-Islander,Male,-13.826312,-0.89463913,59.739708,Taiwan,<=50K
40.13496,Private,223669.2,Bachelors,12.996995,Married-civ-spouse,Prof-specialty,Husband,White,Male,-11.304828,-0.40580097,45.049526,United-States,<=50K
44.93424,Private,113880.55,Masters,14.014755,Divorced,Prof-specialty,Not-in-family,White,Female,5.873151,2258.734,54.862057,United-States,<=50K
50.03551,Local-gov,177441.66,Some-college,10.003339,Married-civ-spouse,Adm-clerical,Husband,White,Male,-22.438862,1750.1471,47.997097,United-States,<=50K
29.184208,Private,89761.42,Bachelors,12.997668,Married-civ-spouse,Exec-managerial,Wife,White,Female,-8.144427,2057.8042,34.936413,United-States,<=50K
47.113132,State-gov,286446.97,Bachelors,13.0034685,Married-civ-spouse,Prof-specialty,Wife,White,Female,-0.91176134,-0.4876186,39.984962,United-States,<=50K
51.093254,Private,199812.44,Bachelors,12.998327,Married-civ-spouse,Prof-specialty,Husband,White,Male,-15.715716,-0.39761463,40.010067,United-States,<=50K
62.19639,Private,190289.38,Bachelors,13.000317,Married-civ-spouse,Exec-managerial,Wife,White,Female,-17.41811,-0.47820392,39.991478,United-States,<=50K
47.06736,Private,162227.9,Bachelors,12.995809,Married-civ-spouse,Sales,Husband,White,Male,-12.413959,-0.34983173,69.948944,United-States,<=50K
51.066772,Private,75373.11,Bachelors,12.999029,Married-civ-spouse,Sales,Husband,White,Male,-19.167133,-0.32697406,59.985203,United-States,<=50K
50.119545,Private,301202.97,Bachelors,12.996332,Married-civ-spouse,Prof-specialty,Husband,White,Male,-16.70229,-0.5173503,40.015625,United-States,<=50K
35.290104,Private,103398.195,Masters,14.000251,Married-civ-spouse,Exec-managerial,Husband,White,Male,-26.81142,-0.13665119,45.002228,United-States,<=50K
40.16461,Self-emp-not-inc,454639.53,Bachelors,12.989658,Married-civ-spouse,Prof-specialty,Husband,White,Male,-22.29604,-0.5691997,60.011818,United-States,<=50K
43.029797,Self-emp-not-inc,247389.25,Masters,13.983976,Married-civ-spouse,Sales,Husband,White,Male,-33.16689,-0.34295002,60.006298,United-States,<=50K
39.144333,Private,175262.3,Bachelors,12.995392,Married-civ-spouse,Prof-specialty,Husband,Black,Male,0.19859022,-0.73112595,59.991085,?,<=50K
50.08321,Self-emp-not-inc,144130.88,Masters,13.994197,Married-civ-spouse,Prof-specialty,Husband,White,Male,-33.126118,-0.22645679,39.99926,United-States,<=50K
53.97423,Private,455007.4,Masters,13.995842,Married-civ-spouse,Sales,Husband,White,Male,-24.137836,-0.658723,39.998394,United-States,<=50K
32.20089,State-gov,245388.06,Doctorate,16.003828,Married-civ-spouse,Prof-specialty,Husband,White,Male,2815.3523,-0.16604725,98.15055,United-States,<=50K
58.08736,Self-emp-inc,143656.14,Bachelors,12.998196,Married-civ-spouse,Prof-specialty,Husband,White,Male,-21.163471,-0.4458858,40.025,United-States,<=50K
44.082504,Private,424369.28,Bachelors,12.994039,Married-civ-spouse,Prof-specialty,Husband,White,Male,-15.134662,-0.67443955,40.01941,United-States,<=50K
35.248543,Local-gov,739346.44,Masters,13.997024,Married-civ-spouse,Prof-specialty,Husband,White,Male,-5.52724,-1.4985744,40.01387,United-States,<=50K
36.04188,Private,187364.7,Bachelors,13.00108,Married-civ-spouse,Prof-specialty,Wife,White,Female,7.4178286,-0.37075153,39.981026,United-States,<=50K
50.09236,Private,141559.95,Bachelors,12.998067,Married-civ-spouse,Sales,Husband,White,Male,-16.311665,-0.38391224,50.104836,United-States,<=50K
47.031067,State-gov,470349.97,Assoc-acdm,11.9983,Married-civ-spouse,Protective-serv,Husband,White,Male,-30.884663,1751.7577,40.04123,United-States,<=50K
49.175304,Private,293034.47,Bachelors,12.993352,Married-civ-spouse,Sales,Husband,White,Male,-16.707417,-0.54193985,50.10695,United-States,<=50K
41.09733,Local-gov,98785.39,Bachelors,13.001792,Married-civ-spouse,Prof-specialty,Husband,White,Male,-7.7242613,-0.2909023,50.08907,United-States,<=50K
45.883137,Private,74761.8,Assoc-acdm,12.024535,Married-civ-spouse,Craft-repair,Husband,White,Male,-28.660786,1499.0962,54.892616,United-States,<=50K
50.11896,Self-emp-inc,140655.66,Bachelors,12.997634,Married-civ-spouse,Adm-clerical,Husband,White,Male,-32.85683,-0.37839618,40.041477,United-States,<=50K
42.057053,Federal-gov,35212.074,Bachelors,13.002836,Married-civ-spouse,Prof-specialty,Husband,White,Male,-32.479877,-0.22446552,40.013134,United-States,<=50K
55.98732,Self-emp-not-inc,257430.52,Bachelors,12.995991,Married-civ-spouse,Exec-managerial,Husband,White,Male,-28.179829,-0.30116382,60.006107,United-States,<=50K
44.023064,Private,101515.54,Bachelors,12.99846,Married-civ-spouse,Sales,Husband,White,Male,-14.304095,-0.34033313,59.988693,United-States,<=50K
44.04964,Self-emp-not-inc,156614.42,Bachelors,13.000607,Married-civ-spouse,Exec-managerial,Husband,White,Male,-22.68642,-0.46510425,59.99696,United-States,<=50K
44.989323,Private,112043.78,Bachelors,12.998472,Married-civ-spouse,Sales,Husband,White,Male,-14.93056,-0.35858265,54.96052,United-States,<=50K
53.92036,Private,82996.05,Bachelors,12.998435,Married-civ-spouse,Sales,Husband,White,Male,-19.21767,-0.30696216,67.11765,United-States,<=50K
56.875797,Private,109435.26,Some-college,9.999658,Married-civ-spouse,Exec-managerial,Husband,White,Male,-20.704487,1685.2372,44.954407,United-States,<=50K
52.99329,Self-emp-not-inc,99055.92,Bachelors,13.000295,Married-civ-spouse,Prof-specialty,Husband,White,Male,-23.383198,-0.389146,50.114983,United-States,<=50K
43.066883,Self-emp-inc,402738.4,Some-college,9.988191,Married-civ-spouse,Exec-managerial,Husband,White,Male,-18.690083,-0.15359607,59.929058,United-States,<=50K
46.985474,Private,73175.195,Some-college,9.995271,Married-civ-spouse,Exec-managerial,Wife,White,Female,-5.413226,-0.2718517,50.08074,United-States,<=50K
43.12482,Self-emp-not-inc,147816.44,Bachelors,13.000934,Married-civ-spouse,Exec-managerial,Husband,White,Male,-22.583393,-0.4732906,59.99413,United-States,<=50K
52.050186,Private,180671.52,Bachelors,12.999188,Married-civ-spouse,Exec-managerial,Husband,White,Male,-16.317036,-0.61656296,40.03385,United-States,<=50K
41.134544,Federal-gov,192210.05,Bachelors,12.997218,Married-civ-spouse,Adm-clerical,Husband,White,Male,-40.409565,-0.4903194,40.04526,United-States,<=50K
52.034184,State-gov,71710.57,Masters,14.005055,Married-civ-spouse,Prof-specialty,Husband,White,Male,-28.755756,-0.037186768,39.981876,United-States,<=50K
39.17978,Private,215503.92,Masters,13.99223,Married-civ-spouse,Adm-clerical,Husband,White,Male,-25.003803,-0.13193622,40.017723,United-States,<=50K
49.143497,Private,41071.12,Bachelors,12.999847,Married-civ-spouse,Sales,Husband,White,Male,4086.6414,-0.30582538,43.995453,United-States,<=50K
62.03586,?,231873.98,Masters,13.992265,Married-civ-spouse,?,Husband,White,Male,-41.803852,-0.32396045,50.10429,United-States,<=50K
40.192368,Federal-gov,134659.7,Bachelors,13.000965,Married-civ-spouse,Exec-managerial,Husband,White,Male,-39.443745,-0.4948894,39.247723,United-States,<=50K
54.90473,Self-emp-inc,103914.69,Assoc-voc,11.016116,Married-civ-spouse,Exec-managerial,Husband,White,Male,-16.450825,-0.37521473,59.96758,United-States,<=50K
48.152763,Local-gov,100338.56,Bachelors,13.007098,Separated,Prof-specialty,Unmarried,White,Female,7492.886,-0.6876842,45.09741,United-States,<=50K
36.923786,Private,159797.83,Assoc-acdm,12.036364,Never-married,Prof-specialty,Not-in-family,White,Male,6887.799,-0.27415577,80.72094,United-States,<=50K
36.164726,Private,200306.16,Bachelors,12.996686,Married-civ-spouse,Exec-managerial,Husband,White,Male,-9.214496,-0.50702775,50.12036,United-States,<=50K
51.947044,Local-gov,111044.37,Some-college,9.999585,Married-civ-spouse,Adm-clerical,Wife,White,Female,6.4593325,-0.18227497,72.18905,United-States,<=50K
42.016705,State-gov,115955.44,Bachelors,13.007537,Married-civ-spouse,Protective-serv,Husband,White,Male,-20.9081,-0.3378612,52.045334,United-States,<=50K
43.023106,Private,183269.14,Assoc-acdm,12.011401,Married-civ-spouse,Prof-specialty,Husband,White,Male,-17.838764,-0.21349445,50.068325,United-States,<=50K
38.108025,Private,175015.8,Bachelors,12.994896,Married-civ-spouse,Adm-clerical,Husband,White,Male,-6.4779234,-0.48770252,50.12715,United-States,<=50K
38.141396,Private,336758.7,Bachelors,12.993603,Married-civ-spouse,Prof-specialty,Husband,White,Male,-6.3514585,-0.6620723,40.02531,Canada,<=50K
57.099953,Private,201120.42,Bachelors,12.998387,Married-civ-spouse,Prof-specialty,Husband,White,Male,-19.779682,-0.42215076,40.007416,United-States,<=50K
49.983444,Private,98919.52,HS-grad,8.999669,Married-civ-spouse,Craft-repair,Husband,White,Male,4913.812,-0.43792835,44.941654,United-States,<=50K
53.072315,Local-gov,292809.8,Bachelors,12.996906,Married-civ-spouse,Prof-specialty,Husband,White,Male,-12.287982,-0.49364582,40.03328,United-States,<=50K
49.047657,Self-emp-inc,140266.42,Some-college,10.019849,Divorced,Exec-managerial,Not-in-family,White,Male,-0.70936877,2348.6736,49.996746,United-States,<=50K
59.08814,Private,194448.28,Bachelors,12.994157,Married-civ-spouse,Sales,Husband,White,Male,-20.677143,-0.27170673,72.06627,United-States,<=50K
34.22405,Local-gov,136117.81,Bachelors,13.000572,Married-civ-spouse,Prof-specialty,Husband,White,Male,-2.2384214,-0.3467876,59.967297,United-States,<=50K
33.22346,Private,155026.78,Bachelors,12.99832,Married-civ-spouse,Prof-specialty,Husband,White,Male,-8.665668,-0.33348194,50.082417,United-States,<=50K
32.308456,Private,316186.22,Bachelors,12.990759,Married-civ-spouse,Exec-managerial,Husband,White,Male,4108.3745,-0.59015,50.11083,United-States,<=50K
37.799316,Private,149461.88,10th,6.0160646,Separated,Adm-clerical,Unmarried,White,Male,40.856792,3654.2488,39.981125,United-States,<=50K
64.200165,Self-emp-inc,194859.16,Bachelors,12.996078,Married-civ-spouse,Prof-specialty,Husband,White,Male,-26.057758,-0.4867641,40.02693,United-States,<=50K
35.036633,Private,185514.38,11th,6.983367,Married-civ-spouse,Exec-managerial,Husband,White,Male,12.165387,2611.9941,40.008785,United-States,<=50K
57.130993,Private,158524.78,Bachelors,13.000373,Married-civ-spouse,Sales,Wife,White,Female,-2.6383238,-0.4163753,39.974014,United-States,<=50K
47.04091,Self-emp-not-inc,109434.164,Bachelors,13.002891,Married-civ-spouse,Exec-managerial,Husband,White,Male,-20.012592,-0.58907425,50.14469,United-States,<=50K
52.00836,Private,145308.31,Bachelors,13.013062,Married-civ-spouse,Craft-repair,Husband,Asian-Pac-Islander,Male,-8.916156,-0.59029496,40.017532,United-States,<=50K
44.95245,Private,186156.69,HS-grad,9.003227,Married-civ-spouse,Craft-repair,Husband,White,Male,-6.5772886,2058.608,40.016644,United-States,<=50K
44.938805,Private,249088.39,Bachelors,13.010468,Married-civ-spouse,Farming-fishing,Husband,White,Male,8.740827,-0.38832203,59.976055,United-States,<=50K
51.97065,Private,203194.94,Assoc-voc,11.023095,Married-civ-spouse,Tech-support,Husband,White,Male,4902.217,-0.18153492,40.003765,United-States,<=50K
38.084126,Private,40423.355,Bachelors,13.002863,Married-civ-spouse,Exec-managerial,Wife,White,Female,-3.0475035,-0.29197803,39.989014,United-States,<=50K
53.80572,Private,171744.4,HS-grad,9.010012,Married-civ-spouse,Transport-moving,Husband,White,Male,-6.691058,2056.818,50.022564,United-States,<=50K
34.316135,Private,340964.25,Masters,13.995808,Married-civ-spouse,Exec-managerial,Husband,White,Male,-26.462055,-0.41714588,40.022293,United-States,<=50K
47.029457,Private,170620.45,Bachelors,13.006694,Married-civ-spouse,Tech-support,Husband,White,Male,-13.04555,-0.38272205,48.01053,United-States,<=50K
42.07351,Private,45280.996,Bachelors,12.999605,Married-civ-spouse,Sales,Husband,White,Male,-13.9051695,-0.32455555,59.97547,United-States,<=50K
56.998985,Self-emp-not-inc,256839.36,Bachelors,12.996726,Married-civ-spouse,Exec-managerial,Husband,White,Male,-27.477924,-0.52107346,50.150063,United-States,<=50K
50.017445,Private,338415.75,Some-college,10.00197,Married-civ-spouse,Exec-managerial,Husband,Asian-Pac-Islander,Male,-0.69056994,-0.32865253,50.07809,United-States,<=50K
44.936108,Private,167223.44,HS-grad,9.008861,Married-civ-spouse,Transport-moving,Husband,White,Male,-0.1471129,2188.2092,44.972782,United-States,<=50K
58.08576,Private,311162.66,Masters,13.995439,Married-civ-spouse,Sales,Husband,White,Male,-28.345356,-0.4539577,39.9941,United-States,<=50K
40.121155,Private,30670.168,Bachelors,13.000829,Married-civ-spouse,Adm-clerical,Wife,White,Female,-0.8507262,-0.22886768,39.992874,United-States,<=50K
35.22827,Private,111201.61,Bachelors,13.000092,Married-civ-spouse,Exec-managerial,Husband,White,Male,-8.007953,-0.44412342,50.11376,United-States,<=50K
51.02782,Local-gov,99301.516,Masters,14.000628,Married-civ-spouse,Prof-specialty,Husband,White,Male,-26.694721,0.09022412,34.941067,United-States,<=50K
52.02851,Self-emp-not-inc,63563.207,Masters,14.00186,Married-civ-spouse,Exec-managerial,Husband,Asian-Pac-Islander,Male,-21.622211,-0.3578426,40.030273,Philippines,<=50K
53.740353,Self-emp-not-inc,223410.92,HS-grad,9.011728,Widowed,Craft-repair,Not-in-family,White,Male,6918.5435,-0.2205669,49.991653,United-States,<=50K
42.130997,Private,200814.72,Bachelors,12.998205,Married-civ-spouse,Exec-managerial,Husband,White,Male,-11.477191,-0.5933925,40.040325,United-States,<=50K
42.129185,Private,194094.98,Bachelors,12.998591,Married-civ-spouse,Exec-managerial,Husband,White,Male,-11.398089,-0.58722794,40.039295,United-States,<=50K
36.105953,Private,96492.02,Bachelors,13.000662,Married-civ-spouse,Prof-specialty,Husband,White,Male,-8.45473,-0.25172535,45.03225,United-States,<=50K
48.082283,Private,101003.0,Assoc-acdm,12.016309,Married-civ-spouse,Prof-specialty,Husband,White,Male,-17.934711,-0.1748592,44.992447,United-States,<=50K
32.14963,State-gov,159335.69,Masters,14.000208,Married-civ-spouse,Prof-specialty,Husband,White,Male,-19.48354,-0.38075367,50.046314,United-States,<=50K
51.840443,Private,152438.72,Some-college,10.006327,Married-civ-spouse,Tech-support,Husband,White,Male,4897.306,-0.5884181,39.990067,United-States,<=50K
30.862988,Private,298942.53,Doctorate,16.03167,Married-civ-spouse,Prof-specialty,Husband,Asian-Pac-Islander,Male,34.921734,0.2856358,39.98875,China,<=50K
42.021267,Private,312975.53,Masters,13.990574,Married-civ-spouse,Sales,Husband,White,Male,-10.640521,-0.39570728,40.00275,Ecuador,<=50K
49.079494,Private,90019.09,HS-grad,8.996733,Married-civ-spouse,Craft-repair,Husband,Black,Male,4903.473,-0.27802387,50.077805,United-States,<=50K
43.99359,Self-emp-inc,181392.47,Some-college,9.997709,Married-civ-spouse,Exec-managerial,Husband,White,Male,-13.277728,-0.56786454,50.092815,United-States,<=50K
35.141865,Private,158070.39,Some-college,10.000989,Married-civ-spouse,Sales,Husband,White,Male,4961.4136,-0.1280376,69.76351,United-States,<=50K
39.17236,Private,276957.03,Assoc-voc,11.005817,Married-civ-spouse,Craft-repair,Husband,White,Male,-20.758686,1633.5726,48.026188,United-States,<=50K
43.015377,Self-emp-inc,171047.52,Some-college,9.980428,Married-civ-spouse,Exec-managerial,Husband,White,Male,-24.877583,-0.4187328,75.55346,United-States,<=50K
41.064117,Private,57701.934,Bachelors,12.998897,Married-civ-spouse,Sales,Husband,White,Male,-9.38222,-0.36205402,69.94163,United-States,<=50K
49.165306,Local-gov,181818.55,Bachelors,13.003993,Married-civ-spouse,Exec-managerial,Husband,White,Male,-23.529926,-0.53830063,40.03944,United-States,<=50K
34.197906,Private,49581.027,Bachelors,13.004097,Married-civ-spouse,Prof-specialty,Wife,White,Female,8.234967,-0.23156849,39.972477,United-States,<=50K
44.982525,State-gov,94726.09,Masters,13.997011,Married-civ-spouse,Adm-clerical,Husband,White,Male,-35.812397,0.35184368,39.986988,India,<=50K
45.974564,Private,45569.793,Bachelors,13.003963,Married-civ-spouse,Protective-serv,Husband,White,Male,-30.064838,-0.14043537,39.998486,United-States,<=50K
35.04885,Private,328222.62,Assoc-acdm,12.01122,Married-AF-spouse,Adm-clerical,Wife,White,Female,22.160992,-0.16220966,39.98712,United-States,<=50K
56.002705,Federal-gov,101646.49,Bachelors,13.001269,Married-civ-spouse,Sales,Husband,White,Male,-37.19228,-0.36776844,40.017784,United-States,<=50K
41.993183,Private,91628.805,Masters,14.0080385,Married-civ-spouse,Sales,Husband,Asian-Pac-Islander,Male,-0.29457384,-0.124344975,39.953896,?,<=50K
30.236603,Private,219683.3,Bachelors,12.995467,Married-civ-spouse,Prof-specialty,Husband,White,Male,-9.244281,-0.38061634,59.968792,United-States,<=50K
52.0326,Private,223155.73,HS-grad,8.992548,Married-civ-spouse,Exec-managerial,Wife,White,Female,4.552106,-0.26119342,45.02145,United-States,<=50K
33.270668,Private,55735.715,Bachelors,12.99321,Married-civ-spouse,Adm-clerical,Husband,White,Male,-17.176899,1587.8434,41.967922,United-States,<=50K
60.052498,Private,160639.11,HS-grad,8.993926,Married-civ-spouse,Prof-specialty,Husband,White,Male,4910.126,-0.19055286,39.977077,United-States,<=50K
36.03271,Private,82099.7,Bachelors,13.003444,Married-civ-spouse,Adm-clerical,Wife,Asian-Pac-Islander,Female,19.807476,-0.40162006,40.004665,Philippines,<=50K
31.948023,Private,114097.91,Bachelors,13.016776,Never-married,Prof-specialty,Not-in-family,White,Male,6999.8477,0.24782452,39.960693,United-States,<=50K
51.021656,Private,161945.0,Assoc-voc,11.018178,Married-civ-spouse,Craft-repair,Husband,White,Male,-16.400043,-0.30127826,56.96256,United-States,<=50K
34.23338,Private,73784.82,Masters,14.006227,Married-civ-spouse,Prof-specialty,Husband,White,Male,-3.3180113,-0.4560863,39.9541,?,<=50K
60.042656,Self-emp-not-inc,144514.2,Masters,13.993282,Married-civ-spouse,Exec-managerial,Husband,White,Male,-44.461323,-0.31557575,40.021374,United-States,<=50K
52.01531,State-gov,348057.9,Bachelors,13.00067,Married-civ-spouse,Protective-serv,Husband,White,Male,-30.283588,-0.533044,40.029533,United-States,<=50K
39.145554,Self-emp-not-inc,103076.74,Bachelors,13.000209,Married-civ-spouse,Prof-specialty,Husband,White,Male,-14.197162,-0.39224353,50.103188,United-States,<=50K
36.227398,Federal-gov,211704.92,Bachelors,12.996799,Married-civ-spouse,Adm-clerical,Husband,White,Male,-37.704487,-0.5080577,40.049557,United-States,<=50K
58.12836,State-gov,178706.75,Bachelors,13.00348,Married-civ-spouse,Adm-clerical,Wife,White,Female,-7.8065367,-0.40716663,40.009308,United-States,<=50K
60.114784,Private,88487.44,Prof-school,15.017749,Married-civ-spouse,Prof-specialty,Husband,White,Male,3751.2136,-0.17306629,16.019297,United-States,<=50K
41.11516,Private,110475.88,Bachelors,13.001372,Married-civ-spouse,Exec-managerial,Husband,White,Male,-10.399554,-0.49733844,40.02724,United-States,<=50K
61.110493,Private,105411.055,Bachelors,13.00103,Married-civ-spouse,Prof-specialty,Husband,White,Male,-22.386372,-0.35031238,39.996185,United-States,<=50K
41.051704,State-gov,34217.7,Bachelors,13.007661,Married-civ-spouse,Prof-specialty,Husband,White,Male,-9.98305,-0.25232044,50.09142,United-States,<=50K
35.109947,Private,113312.69,HS-grad,8.991931,Married-civ-spouse,Adm-clerical,Wife,White,Female,4961.327,-0.0026484996,39.974266,United-States,<=50K
40.14026,Self-emp-not-inc,167071.66,Masters,13.988723,Married-civ-spouse,Sales,Husband,White,Male,2941.6042,-0.3393108,50.072735,United-States,<=50K
53.081253,Private,195799.36,Bachelors,12.99545,Married-civ-spouse,Exec-managerial,Husband,Black,Male,-19.398335,-0.6727611,40.046333,United-States,<=50K
26.210817,Private,181026.14,Assoc-voc,11.006538,Married-civ-spouse,Adm-clerical,Husband,White,Male,-6.720599,2378.27,44.9949,United-States,<=50K
44.98854,Private,59692.01,Bachelors,13.002337,Married-civ-spouse,Exec-managerial,Husband,White,Male,-12.573871,-0.47982898,40.01978,United-States,<=50K
27.242302,Private,301131.25,Masters,13.996289,Married-civ-spouse,Prof-specialty,Husband,White,Male,-15.649066,-0.7446834,54.827835,United-States,<=50K
49.06249,Self-emp-inc,196607.61,Some-college,9.999954,Married-civ-spouse,Sales,Husband,White,Male,-5.7735777,-0.17238727,59.914715,United-States,<=50K
42.005466,Private,45832.12,Assoc-acdm,12.016746,Married-civ-spouse,Prof-specialty,Husband,White,Male,-17.864155,-0.13389698,50.061794,United-States,<=50K
41.121494,Local-gov,291040.03,Masters,13.999551,Married-civ-spouse,Prof-specialty,Husband,White,Male,-20.138569,-0.16883197,34.9617,United-States,<=50K
52.83115,Private,71756.984,Some-college,9.998716,Married-civ-spouse,Exec-managerial,Husband,White,Male,-4.198138,-0.28762928,54.900692,United-States,<=50K
44.98214,Private,167476.06,Bachelors,13.004403,Married-civ-spouse,Craft-repair,Husband,White,Male,-11.162982,-0.63231003,40.02562,United-States,<=50K
42.027786,Private,261220.48,Some-college,9.997892,Married-civ-spouse,Prof-specialty,Husband,White,Male,-6.932269,-0.33612934,50.047222,United-States,<=50K
41.00387,Self-emp-inc,151466.16,Some-college,9.998727,Married-civ-spouse,Exec-managerial,Husband,White,Male,-13.393451,-0.58818924,50.08906,United-States,<=50K
36.134678,Private,413349.06,Bachelors,12.994422,Married-civ-spouse,Prof-specialty,Husband,White,Male,-10.068988,-0.6448451,40.02201,United-States,<=50K
45.036007,Local-gov,384315.75,Masters,14.012693,Married-civ-spouse,Prof-specialty,Wife,White,Female,2435.433,-0.28848377,18.160688,United-States,<=50K
49.047474,Self-emp-inc,99337.33,Some-college,9.995531,Married-civ-spouse,Exec-managerial,Husband,White,Male,-17.542133,-0.776353,44.987625,United-States,<=50K
28.254766,Private,52644.027,Masters,13.996961,Married-civ-spouse,Prof-specialty,Husband,White,Male,-19.36391,-0.5522014,59.91171,United-States,<=50K
43.08784,Private,308964.72,Bachelors,12.999589,Married-civ-spouse,Craft-repair,Husband,White,Male,-11.149066,-0.6378261,40.03966,United-States,<=50K
41.021854,Private,196846.3,HS-grad,8.999939,Married-civ-spouse,Adm-clerical,Wife,White,Female,11.556012,-0.21238056,59.95143,United-States,<=50K
35.237103,Private,102187.31,Bachelors,13.000881,Married-civ-spouse,Exec-managerial,Husband,White,Male,-5.5702085,-0.44608417,45.029934,United-States,<=50K
37.096188,Self-emp-not-inc,297275.53,Masters,13.994674,Married-civ-spouse,Prof-specialty,Husband,White,Male,-25.723286,-0.39894977,40.011257,United-States,<=50K
51.853172,Private,132993.14,Some-college,10.001816,Married-civ-spouse,Craft-repair,Husband,White,Male,-3.218646,-0.16570392,54.874855,United-States,<=50K
30.229996,Private,94172.734,Bachelors,12.999482,Married-civ-spouse,Prof-specialty,Husband,White,Male,-8.6830015,-0.30604663,59.943,United-States,<=50K
54.74213,Federal-gov,146952.1,Some-college,10.002617,Married-civ-spouse,Craft-repair,Husband,White,Male,-27.15224,-0.5951015,44.948715,United-States,<=50K
40.97037,Private,165899.75,Some-college,9.998791,Married-civ-spouse,Exec-managerial,Husband,White,Male,-7.1290464,-0.28344837,59.87811,United-States,<=50K
32.285038,Federal-gov,450379.03,Bachelors,12.993571,Married-civ-spouse,Exec-managerial,Husband,White,Male,-33.999653,-0.69772446,40.068413,United-States,<=50K
49.99883,Federal-gov,185874.56,Some-college,9.994894,Married-civ-spouse,Exec-managerial,Husband,White,Male,-29.305805,-0.8089,40.021378,United-States,<=50K
33.23939,Federal-gov,78793.734,Bachelors,13.002329,Married-civ-spouse,Prof-specialty,Husband,White,Male,-26.30019,-0.20913807,40.01796,United-States,<=50K
46.943165,Federal-gov,27612.152,Assoc-acdm,12.023881,Married-civ-spouse,Exec-managerial,Husband,White,Male,-43.78017,-0.4189922,40.000618,United-States,<=50K
62.103546,Self-emp-inc,196430.14,Assoc-voc,11.009526,Married-civ-spouse,Exec-managerial,Husband,White,Male,-22.025043,-0.449464,50.10489,United-States,<=50K
35.206215,Private,193622.84,Bachelors,12.996082,Married-civ-spouse,Sales,Husband,White,Male,-8.58681,-0.40690723,54.935925,United-States,<=50K
39.102573,Private,210090.47,Bachelors,13.004428,Married-civ-spouse,Tech-support,Husband,White,Male,-9.416644,-0.37442127,50.064713,United-States,<=50K
44.953102,Private,246153.39,Some-college,9.996928,Married-civ-spouse,Exec-managerial,Husband,White,Male,-2.3509703,-0.4118587,50.080288,United-States,<=50K
40.108055,State-gov,243343.75,Bachelors,13.001494,Married-civ-spouse,Prof-specialty,Wife,Black,Female,7.2635317,-0.71827805,39.984234,United-States,<=50K
59.107117,Private,185743.22,Assoc-voc,11.001206,Married-civ-spouse,Prof-specialty,Husband,White,Male,-12.779437,-0.44966236,50.07219,United-States,<=50K
43.04576,Federal-gov,155412.1,Bachelors,13.006205,Married-civ-spouse,Handlers-cleaners,Husband,White,Male,-19.776752,-0.5068065,52.960285,United-States,<=50K
47.08569,Local-gov,40624.918,Bachelors,13.004125,Married-civ-spouse,Prof-specialty,Husband,White,Male,-7.2733335,-0.23708454,40.01183,United-States,<=50K
43.954445,Local-gov,100089.94,Assoc-acdm,12.02099,Married-civ-spouse,Prof-specialty,Husband,White,Male,-6.5250425,-0.18705097,47.99337,United-States,<=50K
30.974657,Private,336690.8,Prof-school,15.027772,Married-civ-spouse,Prof-specialty,Husband,Asian-Pac-Islander,Male,19.63731,-0.5435039,39.97976,Japan,<=50K
40.156017,Self-emp-inc,91957.266,Bachelors,13.007889,Married-civ-spouse,Craft-repair,Husband,White,Male,-23.149067,-0.57412064,40.025993,United-States,<=50K
30.052414,Local-gov,182434.02,Masters,13.998156,Married-civ-spouse,Prof-specialty,Husband,White,Male,-15.842425,-0.08093372,45.011536,United-States,<=50K
30.108118,Private,252456.8,Bachelors,12.999604,Married-civ-spouse,Prof-specialty,Wife,White,Female,10.987897,-0.44608417,39.98456,United-States,<=50K
50.02401,Private,398247.22,Some-college,9.990345,Married-civ-spouse,Sales,Husband,White,Male,-12.119281,-0.33467975,59.899952,United-States,<=50K
37.96921,Local-gov,162447.11,Masters,14.005034,Never-married,Prof-specialty,Not-in-family,White,Female,1.2220278,2259.252,59.94457,United-States,<=50K
38.058735,Private,95232.016,Bachelors,13.006343,Married-civ-spouse,Craft-repair,Husband,White,Male,-6.897357,-0.50254166,45.01379,United-States,<=50K
67.838196,Private,151051.61,Masters,13.985864,Married-civ-spouse,Exec-managerial,Husband,White,Male,-45.78432,1515.4581,30.059776,United-States,<=50K
53.021523,Private,202150.55,Assoc-voc,11.007911,Married-civ-spouse,Exec-managerial,Husband,White,Male,-12.596087,-0.42129627,45.034645,United-States,<=50K
27.150023,State-gov,152766.95,Prof-school,15.007681,Married-civ-spouse,Prof-specialty,Husband,White,Male,-19.249409,-0.25226703,59.979904,United-States,<=50K
37.023094,Self-emp-not-inc,103726.43,Bachelors,13.00189,Married-civ-spouse,Sales,Wife,White,Female,-0.449359,-0.44713703,50.10814,United-States,<=50K
32.161907,Private,233490.42,Some-college,9.996108,Married-civ-spouse,Exec-managerial,Wife,White,Female,2.8963442,-0.3393413,54.900036,United-States,<=50K
40.99649,Private,103534.47,Some-college,10.00158,Married-civ-spouse,Prof-specialty,Husband,White,Male,-5.3377867,-0.21679035,51.966694,United-States,<=50K
60.027336,?,289817.88,Masters,13.996307,Married-civ-spouse,?,Husband,White,Male,-39.082172,-0.28581348,40.004456,United-States,<=50K
38.050617,Private,193117.69,Assoc-acdm,12.016245,Married-civ-spouse,Exec-managerial,Husband,White,Male,-13.8565855,-0.29885975,54.974117,Italy,<=50K
47.188065,Private,162479.34,Masters,14.008448,Married-civ-spouse,Adm-clerical,Husband,Black,Male,2.03819,-0.19961658,39.992943,Haiti,<=50K
62.077736,Self-emp-not-inc,72391.8,Masters,13.993654,Married-civ-spouse,Prof-specialty,Husband,White,Male,-40.852192,-0.22451892,39.987453,United-States,<=50K
42.964844,Private,178517.27,Masters,14.009698,Separated,Sales,Unmarried,White,Female,6623.2344,-0.9262477,50.094105,United-States,<=50K
58.03528,Self-emp-not-inc,33178.965,Bachelors,13.004584,Married-civ-spouse,Exec-managerial,Husband,White,Male,-26.073872,-0.53887284,50.141457,United-States,<=50K
31.24967,Private,346356.0,Bachelors,12.991749,Married-civ-spouse,Exec-managerial,Husband,White,Male,-12.32265,-0.6155101,50.108734,United-States,<=50K
45.013763,Local-gov,205753.1,Masters,13.993001,Married-civ-spouse,Adm-clerical,Husband,White,Male,-26.30312,0.035193298,34.964245,United-States,<=50K
33.250923,Private,116864.64,Bachelors,13.000597,Married-civ-spouse,Exec-managerial,Husband,White,Male,-4.18349,-0.45037952,45.030018,United-States,<=50K
52.75819,Private,178486.53,Assoc-acdm,12.011417,Married-civ-spouse,Exec-managerial,Husband,White,Male,2118.73,0.38567242,98.19661,United-States,<=50K
41.096344,Private,191547.3,Bachelors,13.003331,Married-civ-spouse,Craft-repair,Husband,White,Male,-9.328265,-0.6340724,40.02961,United-States,<=50K
56.119247,Private,192835.83,Prof-school,15.017127,Married-civ-spouse,Exec-managerial,Husband,White,Male,-29.155415,-0.41981617,16.004938,United-States,<=50K
58.148735,Local-gov,487999.8,Bachelors,12.992158,Married-civ-spouse,Prof-specialty,Husband,Black,Male,-19.704975,-0.9715053,40.03247,United-States,<=50K
44.006905,Private,33014.95,Bachelors,13.00107,Married-civ-spouse,Sales,Husband,White,Male,-11.377337,-0.2823116,45.021286,United-States,<=50K
56.01368,Private,264215.66,Some-college,9.996263,Married-civ-spouse,Prof-specialty,Husband,White,Male,-13.710589,-0.35329548,45.008312,United-States,<=50K
54.978104,Private,80429.586,Bachelors,13.007426,Married-civ-spouse,Craft-repair,Husband,White,Male,-15.825091,-0.6134654,40.01266,United-States,<=50K
46.000275,Private,37019.355,Bachelors,12.999493,Married-civ-spouse,Adm-clerical,Husband,White,Male,-14.153705,-0.40415302,40.02001,United-States,<=50K
33.201725,Local-gov,156821.78,Masters,13.999982,Married-civ-spouse,Exec-managerial,Husband,White,Male,-20.255268,-0.0048381356,40.023674,United-States,<=50K
58.091324,Local-gov,293302.97,Some-college,9.9882765,Married-civ-spouse,Adm-clerical,Wife,Black,Female,-4.1742125,-0.5253917,54.954338,United-States,<=50K
51.071392,Private,281512.25,Bachelors,13.011113,Married-civ-spouse,Farming-fishing,Husband,White,Male,1.2750063,-0.6008998,40.018703,Canada,<=50K
30.284636,Private,186343.66,Bachelors,12.997333,Married-civ-spouse,Exec-managerial,Husband,White,Male,-17.190083,-0.6507045,69.90922,United-States,<=50K
30.033401,Self-emp-not-inc,66222.07,Bachelors,13.018614,Married-spouse-absent,Craft-repair,Not-in-family,White,Male,6884.3477,-0.3999187,59.94076,United-States,<=50K
65.990616,Private,192099.7,Masters,13.994392,Married-civ-spouse,Sales,Husband,White,Male,-33.450825,-0.31111255,39.982693,United-States,<=50K
51.05576,Self-emp-inc,166817.03,Assoc-voc,11.01358,Married-civ-spouse,Exec-managerial,Husband,White,Male,-15.677142,-0.37083545,40.036102,United-States,<=50K
29.120424,Local-gov,94093.016,Masters,13.99815,Married-civ-spouse,Prof-specialty,Husband,White,Male,-16.773335,-0.27478138,50.031822,United-States,<=50K
53.032696,Private,71079.71,Doctorate,16.044994,Divorced,Prof-specialty,Not-in-family,White,Male,19.427837,0.38726696,50.020912,United-States,<=50K
36.18263,Federal-gov,210412.5,Some-college,9.991252,Married-civ-spouse,Adm-clerical,Husband,White,Male,-31.931782,-0.7113658,69.70047,United-States,<=50K
35.895103,State-gov,26148.23,Doctorate,16.031626,Married-civ-spouse,Prof-specialty,Husband,Asian-Pac-Islander,Male,22.503765,0.4775456,39.98391,China,<=50K
31.148571,Private,289692.75,Some-college,9.998345,Married-civ-spouse,Adm-clerical,Husband,White,Male,-10.302142,2055.612,40.063892,United-States,<=50K
36.947803,Federal-gov,187913.17,Masters,14.013884,Never-married,Prof-specialty,Not-in-family,White,Male,-27.984272,1876.7234,39.977192,United-States,<=50K
70.03513,Self-emp-inc,222340.95,Bachelors,12.999217,Married-civ-spouse,Exec-managerial,Husband,White,Male,-41.07851,-0.7265483,40.04201,United-States,<=50K
44.059982,Self-emp-not-inc,246310.58,Bachelors,12.994314,Married-civ-spouse,Sales,Husband,White,Male,-14.44057,-0.49480549,50.113136,United-States,<=50K
57.080463,State-gov,228131.75,Bachelors,12.991519,Married-civ-spouse,Exec-managerial,Husband,Other,Male,-36.14394,1584.26,37.07728,United-States,<=50K
35.228035,Private,222786.0,Bachelors,12.994989,Married-civ-spouse,Adm-clerical,Wife,Black,Female,5.0303774,-0.6566478,40.011036,United-States,<=50K
40.14294,Self-emp-not-inc,107786.33,Bachelors,13.003717,Married-civ-spouse,Exec-managerial,Husband,White,Male,-17.855854,-0.7053691,45.030357,United-States,<=50K
62.268665,Private,82957.0,Bachelors,12.991168,Married-civ-spouse,Exec-managerial,Wife,White,Female,4148.7183,-1.9852229,34.77788,England,<=50K
43.02147,Self-emp-inc,170523.66,Some-college,10.001431,Married-civ-spouse,Sales,Husband,White,Male,-0.5204039,-0.2510158,54.89137,United-States,<=50K
47.10608,Federal-gov,161321.16,Assoc-voc,11.004499,Married-civ-spouse,Adm-clerical,Wife,White,Female,-16.572163,-0.16784015,34.967587,United-States,<=50K
48.038944,Self-emp-not-inc,395394.38,Some-college,9.985473,Married-civ-spouse,Exec-managerial,Husband,White,Male,-16.860004,0.0029285878,59.918495,United-States,<=50K
38.105682,State-gov,317705.97,Bachelors,12.996326,Married-civ-spouse,Protective-serv,Husband,Black,Male,-28.71645,-0.48849598,52.092705,United-States,<=50K
33.923843,Private,215867.69,HS-grad,9.008788,Divorced,Other-service,Unmarried,White,Female,49.4835,3654.0073,44.991055,United-States,<=50K
46.00491,Private,123514.68,Bachelors,13.000144,Married-civ-spouse,Sales,Husband,White,Male,-9.099261,-0.32373157,40.009903,United-States,<=50K
67.88149,Private,59027.152,Some-college,10.003788,Married-civ-spouse,Craft-repair,Husband,White,Male,-33.815083,1745.7952,47.939957,United-States,<=50K
31.13479,Private,233302.2,Bachelors,12.997281,Married-civ-spouse,Adm-clerical,Wife,White,Female,5.63194,-0.3972713,40.010406,United-States,<=50K
32.946938,Private,361191.38,Doctorate,16.046532,Married-civ-spouse,Tech-support,Husband,Asian-Pac-Islander,Male,21.385357,0.39746746,39.976322,Japan,<=50K
38.077408,Private,166038.42,Bachelors,12.9984865,Married-civ-spouse,Sales,Husband,White,Male,-5.7054625,-0.35105243,44.008488,United-States,<=50K
53.787777,Private,546283.0,Some-college,9.980897,Married-civ-spouse,Sales,Husband,White,Male,-14.465472,0.19384655,97.36928,United-States,<=50K
50.936253,Federal-gov,189909.27,Some-college,10.000103,Married-civ-spouse,Craft-repair,Husband,White,Male,-26.584614,-0.8044368,40.016094,United-States,<=50K
30.835495,Private,173526.75,Prof-school,15.01384,Married-civ-spouse,Tech-support,Husband,Asian-Pac-Islander,Male,-23.928852,0.54628646,39.982853,India,<=50K
37.002094,Private,82185.61,Some-college,10.000517,Married-civ-spouse,Prof-specialty,Husband,White,Male,4133.835,-0.22395435,45.97645,United-States,<=50K
44.96714,Private,189778.8,Assoc-voc,11.020198,Married-civ-spouse,Craft-repair,Husband,White,Male,-4.056781,-0.28125873,76.45453,United-States,<=50K
42.984314,Local-gov,114335.41,Some-college,10.012134,Married-civ-spouse,Farming-fishing,Husband,White,Male,-6.3670835,2008.0363,40.00409,United-States,<=50K
54.797768,Self-emp-inc,66653.2,HS-grad,8.997059,Married-civ-spouse,Exec-managerial,Husband,White,Male,-20.652729,-0.6501323,59.84336,United-States,<=50K
35.176758,Private,197473.55,Bachelors,13.007426,Married-civ-spouse,Exec-managerial,Husband,Asian-Pac-Islander,Male,12.202985,-0.4894649,40.017582,?,<=50K
34.24778,Local-gov,126386.11,Bachelors,13.004652,Married-civ-spouse,Exec-managerial,Husband,White,Male,-12.656146,-0.5817653,45.030216,United-States,<=50K
44.021217,Private,176127.14,Bachelors,13.004355,Married-civ-spouse,Prof-specialty,Wife,White,Female,7.5084047,-0.25061908,19.910196,United-States,<=50K
62.168205,Private,106101.21,Assoc-acdm,12.009172,Married-civ-spouse,Adm-clerical,Wife,White,Female,-17.739399,-0.23526874,39.981133,United-States,<=50K
62.062695,Self-emp-inc,135089.5,Masters,13.990345,Married-civ-spouse,Sales,Husband,White,Male,-37.9518,-0.16203418,34.913036,United-States,<=50K
48.022743,Self-emp-inc,212756.02,HS-grad,8.977166,Married-civ-spouse,Exec-managerial,Husband,White,Male,-20.63686,-0.809785,80.77762,United-States,<=50K
39.134342,Self-emp-not-inc,189293.0,Bachelors,12.995477,Married-civ-spouse,Sales,Husband,White,Male,-9.608539,-0.35713306,60.01325,United-States,<=50K
63.001396,Federal-gov,90396.11,Some-college,10.000237,Married-civ-spouse,Adm-clerical,Husband,White,Male,-33.377827,-0.55865586,47.979755,United-States,<=50K
39.1599,Private,47133.87,Bachelors,13.002336,Married-civ-spouse,Exec-managerial,Husband,White,Male,-9.6707945,-0.43493763,40.020447,United-States,<=50K
32.072784,Private,198424.28,Some-college,9.989229,Married-civ-spouse,Adm-clerical,Wife,Other,Female,30.811382,1738.3497,40.002037,?,<=50K
55.9459,Self-emp-inc,302167.94,Some-college,9.995576,Married-civ-spouse,Sales,Husband,White,Male,-12.398334,-0.3318645,50.05594,United-States,<=50K
49.115852,Private,109438.56,Assoc-voc,11.0246315,Married-civ-spouse,Craft-repair,Husband,White,Male,-4.7804136,-0.13565937,44.97364,Greece,<=50K
40.028954,Private,70372.82,Some-college,9.999053,Married-civ-spouse,Sales,Husband,White,Male,4434.0063,-0.24416462,50.0372,United-States,<=50K
30.231506,Private,74981.72,Bachelors,13.000548,Married-civ-spouse,Exec-managerial,Husband,White,Male,-5.480609,-0.42183796,54.961555,United-States,<=50K
37.987865,Private,175152.98,Some-college,9.993652,Married-civ-spouse,Prof-specialty,Wife,White,Female,9.72569,-0.28691974,39.96186,United-States,<=50K
50.111504,Local-gov,117140.92,Bachelors,13.006369,Married-civ-spouse,Prof-specialty,Wife,White,Female,2.5606508,-0.12957111,23.891455,United-States,<=50K
57.137447,State-gov,397505.6,Bachelors,12.996791,Married-civ-spouse,Adm-clerical,Husband,Asian-Pac-Islander,Male,-10.902484,1489.8553,40.052574,China,<=50K
53.8619,Private,233420.8,HS-grad,9.000278,Married-civ-spouse,Sales,Husband,White,Male,4142.5806,-0.23105732,54.8812,United-States,<=50K
50.06734,Federal-gov,341372.06,Some-college,9.989621,Married-civ-spouse,Exec-managerial,Husband,Black,Male,-31.409565,-0.49142566,40.06264,United-States,<=50K
55.905502,Private,133950.55,Some-college,9.997991,Married-civ-spouse,Exec-managerial,Husband,White,Male,-6.799945,-0.5283824,44.988052,United-States,<=50K
52.899597,Private,120983.71,Some-college,9.999428,Married-civ-spouse,Sales,Husband,White,Male,-9.975726,-0.20396534,54.894505,United-States,<=50K
36.97067,Private,153231.0,Some-college,9.99995,Married-civ-spouse,Exec-managerial,Husband,White,Male,-6.15639,-0.3026134,59.868057,United-States,<=50K
29.14179,Private,122082.586,Bachelors,13.000863,Married-civ-spouse,Sales,Wife,White,Female,11.934674,-0.40367237,50.079906,United-States,<=50K
52.976048,Private,283001.25,HS-grad,9.006949,Married-civ-spouse,Transport-moving,Husband,White,Male,-6.982806,2006.048,40.039295,United-States,<=50K
58.96424,Self-emp-inc,348416.34,Assoc-acdm,12.010407,Married-civ-spouse,Craft-repair,Husband,White,Male,-38.367573,-0.49378315,40.03496,United-States,<=50K
37.960903,Private,94919.27,HS-grad,8.999007,Married-civ-spouse,Adm-clerical,Wife,White,Female,13.277936,-0.15649524,59.9285,United-States,<=50K
50.013557,Private,158963.84,HS-grad,8.995691,Married-civ-spouse,Prof-specialty,Husband,White,Male,-1.2684507,-0.59657395,84.73329,United-States,<=50K
51.99591,Private,194626.98,HS-grad,8.994331,Married-civ-spouse,Machine-op-inspct,Husband,White,Male,-26.768208,2059.724,38.054768,United-States,<=50K
42.00171,Private,70861.19,Some-college,10.000541,Married-civ-spouse,Exec-managerial,Husband,White,Male,1.5535707,-0.40747944,50.073322,United-States,<=50K
51.993637,Local-gov,235168.86,Bachelors,13.00943,Married-civ-spouse,Tech-support,Husband,White,Male,-24.550434,-0.40759388,40.01927,United-States,<=50K
61.068726,Private,178005.28,Assoc-acdm,12.020035,Married-civ-spouse,Exec-managerial,Husband,White,Male,-23.88564,-0.54824936,41.93046,United-States,<=50K
45.882458,Private,72404.11,Assoc-acdm,12.028626,Married-civ-spouse,Craft-repair,Husband,White,Male,-13.366595,-0.4429256,44.968937,United-States,<=50K
35.17127,Private,257466.48,Assoc-acdm,12.022202,Married-civ-spouse,Craft-repair,Husband,White,Male,-9.783832,-0.098244816,59.917496,United-States,<=50K
53.139862,Local-gov,546438.4,Bachelors,12.991965,Married-civ-spouse,Prof-specialty,Husband,Black,Male,-14.485248,-1.2494365,34.980637,United-States,<=50K
54.758934,Self-emp-inc,142506.52,HS-grad,8.973422,Married-civ-spouse,Exec-managerial,Husband,White,Male,-21.34731,-0.73680985,80.74134,United-States,<=50K
59.15138,Private,204894.88,Doctorate,16.03813,Never-married,Prof-specialty,Not-in-family,White,Male,17.440289,0.27051434,50.015167,United-States,<=50K
36.972675,Private,126269.98,Some-college,10.001251,Married-civ-spouse,Exec-managerial,Husband,White,Male,-1.6358824,-0.31921497,56.939598,United-States,<=50K
59.995358,Private,117458.64,Some-college,9.995807,Married-civ-spouse,Craft-repair,Husband,White,Male,-20.092915,0.04437146,64.892235,United-States,<=50K
35.057335,Private,342857.12,Doctorate,16.04059,Married-civ-spouse,Tech-support,Wife,White,Female,29.408794,0.19251141,19.830023,?,<=50K
35.180008,Private,210399.25,Assoc-acdm,12.009552,Married-civ-spouse,Prof-specialty,Husband,White,Male,-10.054584,-0.2351543,45.002987,United-States,<=50K
61.116817,Local-gov,201791.33,Bachelors,13.003339,Married-civ-spouse,Prof-specialty,Wife,White,Female,-5.3355894,-0.35792652,30.03157,United-States,<=50K
65.1268,Private,179825.3,Assoc-acdm,12.028787,Never-married,Exec-managerial,Not-in-family,White,Male,6724.078,-0.10120502,37.964848,United-States,<=50K
50.02535,Private,200013.75,Some-college,9.998063,Married-civ-spouse,Sales,Husband,White,Male,-7.1502867,-0.30178943,50.05077,United-States,<=50K
49.047726,Local-gov,122569.79,Some-college,9.999838,Married-civ-spouse,Exec-managerial,Husband,White,Male,-10.454242,-0.72757065,45.996693,United-States,<=50K
60.00442,Private,130331.59,Some-college,10.000983,Married-civ-spouse,Craft-repair,Husband,White,Male,-9.474017,-0.07800403,54.867157,United-States,<=50K
33.21596,Private,111105.41,Bachelors,13.005998,Married-civ-spouse,Craft-repair,Husband,White,Male,-3.576068,-0.5012599,45.012302,United-States,<=50K
36.10296,Private,150410.61,Some-college,9.9977,Married-civ-spouse,Exec-managerial,Husband,White,Male,-11.884418,-0.33965412,64.96074,United-States,<=50K
32.19952,Private,262850.8,Bachelors,12.997436,Married-civ-spouse,Prof-specialty,Husband,White,Male,-4.655902,-0.41504017,40.01927,United-States,<=50K
31.18258,Private,145347.77,Bachelors,12.997765,Married-civ-spouse,Sales,Husband,White,Male,-5.8861265,-0.3548061,59.977734,United-States,<=50K
52.91514,Self-emp-inc,167531.03,Assoc-acdm,12.0291605,Never-married,Exec-managerial,Not-in-family,White,Male,-16.717426,1881.7452,50.01291,United-States,<=50K
55.087418,Private,176185.02,Bachelors,12.999868,Married-civ-spouse,Machine-op-inspct,Husband,Asian-Pac-Islander,Male,-31.720112,0.39891705,39.98453,India,<=50K
43.953453,Private,57419.34,Some-college,10.000228,Married-civ-spouse,Prof-specialty,Husband,White,Male,-4.340228,-0.24032703,44.992485,United-States,<=50K
35.239212,Local-gov,203299.83,Bachelors,12.999313,Married-civ-spouse,Prof-specialty,Husband,White,Male,1.7974672,-0.3342754,40.033314,United-States,<=50K
41.99099,Private,334304.56,HS-grad,8.989644,Married-civ-spouse,Prof-specialty,Wife,White,Female,19.356548,-0.2924892,39.957764,United-States,<=50K
30.093878,Private,175738.28,Masters,14.002295,Married-civ-spouse,Prof-specialty,Husband,White,Male,-12.834125,-0.22721973,38.021137,United-States,<=50K
39.13208,State-gov,152301.92,Bachelors,13.005722,Married-civ-spouse,Prof-specialty,Husband,White,Male,-0.63051134,-0.30337635,40.01995,United-States,<=50K
32.19547,Private,198581.38,Bachelors,12.9989605,Married-civ-spouse,Prof-specialty,Husband,White,Male,-3.7425718,-0.3211986,40.015015,United-States,<=50K
53.66137,Self-emp-not-inc,59082.27,Some-college,10.001436,Married-civ-spouse,Craft-repair,Husband,White,Male,-26.475971,1593.3035,47.95696,United-States,<=50K
59.11805,Private,136365.56,Bachelors,12.999701,Married-civ-spouse,Sales,Husband,White,Male,-17.784565,-0.39369312,40.006027,United-States,<=50K
51.914417,Self-emp-inc,205755.64,Some-college,9.997867,Married-civ-spouse,Craft-repair,Husband,White,Male,-15.298724,-0.751649,40.023987,United-States,<=50K
39.040512,Local-gov,123919.95,Assoc-acdm,12.02804,Married-civ-spouse,Adm-clerical,Husband,Asian-Pac-Islander,Male,-14.945209,-0.5131465,50.10461,United-States,<=50K
44.95407,Self-emp-not-inc,256227.1,Some-college,9.99599,Married-civ-spouse,Sales,Husband,White,Male,4944.4385,-0.4688808,40.034172,United-States,<=50K
31.12038,Local-gov,378113.7,Prof-school,15.001516,Married-civ-spouse,Prof-specialty,Husband,White,Male,6.06236,-0.44787708,98.20857,Columbia,<=50K
48.099743,Private,130428.12,HS-grad,8.990559,Married-civ-spouse,Exec-managerial,Wife,White,Female,9.973981,-0.15228382,39.969425,United-States,<=50K
50.08244,Private,99421.42,Assoc-voc,11.005892,Married-civ-spouse,Prof-specialty,Husband,White,Male,-4.5719175,-0.16400257,39.986656,United-States,<=50K
47.070038,Local-gov,247998.86,Masters,14.013296,Divorced,Prof-specialty,Unmarried,White,Female,5372.6387,-0.23986927,45.0441,United-States,<=50K
43.073578,State-gov,53271.902,Bachelors,13.008918,Married-civ-spouse,Prof-specialty,Husband,White,Male,-4.4759703,-0.23665729,40.00799,United-States,<=50K
51.951515,Private,155304.31,HS-grad,8.996561,Married-civ-spouse,Exec-managerial,Husband,White,Male,4.5323305,-0.4096996,47.971455,United-States,<=50K
52.082733,Private,94446.33,Assoc-voc,11.0059595,Married-civ-spouse,Prof-specialty,Husband,White,Male,-5.843158,-0.17565265,39.985466,United-States,<=50K
30.083878,Private,174906.69,Assoc-voc,10.995253,Married-civ-spouse,Exec-managerial,Wife,White,Female,12.665631,-0.4963161,51.996002,United-States,<=50K
51.082207,State-gov,87784.1,Bachelors,13.00451,Married-civ-spouse,Prof-specialty,Husband,Black,Male,-13.309466,-0.47641864,40.019928,United-States,<=50K
53.978333,Private,193839.22,Assoc-voc,10.998221,Married-civ-spouse,Sales,Husband,White,Male,-6.576312,-0.44730487,50.07362,United-States,<=50K
51.916927,Private,25460.215,HS-grad,9.008545,Married-civ-spouse,Transport-moving,Husband,White,Male,-7.352191,1751.8246,54.85897,United-States,<=50K
30.103117,Private,100664.61,Bachelors,13.004358,Married-civ-spouse,Prof-specialty,Wife,White,Female,11.602155,-0.23350635,37.99283,United-States,<=50K
35.155167,Private,225419.89,Some-college,9.99912,Married-civ-spouse,Exec-managerial,Husband,White,Male,2.066022,-0.28817096,57.892628,United-States,<=50K
39.058044,Self-emp-not-inc,200390.45,Assoc-acdm,12.017534,Married-civ-spouse,Exec-managerial,Husband,White,Male,-21.272846,-0.28069416,54.92984,United-States,<=50K
33.128258,Federal-gov,292672.38,Some-college,10.011434,Married-civ-spouse,Tech-support,Wife,White,Female,4097.0005,-0.19475666,40.002213,United-States,<=50K
50.997856,Private,301780.75,HS-grad,9.004115,Married-civ-spouse,Craft-repair,Husband,White,Male,-0.9212828,-0.26582447,53.80319,United-States,<=50K
36.224266,Self-emp-not-inc,202383.02,Bachelors,12.999717,Married-civ-spouse,Exec-managerial,Husband,White,Male,-18.699604,-0.6158763,50.18622,Iran,<=50K
72.81421,Private,105961.35,Bachelors,12.998089,Married-civ-spouse,Prof-specialty,Husband,White,Male,428.22458,-0.0069667366,75.2041,United-States,<=50K
52.03432,Private,95480.02,Bachelors,12.997477,Married-civ-spouse,Machine-op-inspct,Husband,White,Male,-36.374897,0.25888714,39.981495,India,<=50K
43.065308,Self-emp-inc,175667.61,Some-college,9.993156,Married-civ-spouse,Exec-managerial,Husband,White,Male,-14.341937,-0.6727077,40.03008,United-States,<=50K
34.250168,Private,347518.78,Masters,14.006506,Married-civ-spouse,Craft-repair,Husband,White,Male,-3.8753843,-0.85884964,39.970257,Mexico,<=50K
89.735725,Self-emp-not-inc,83340.26,Prof-school,15.00548,Widowed,Prof-specialty,Not-in-family,White,Male,282.25912,-0.07505146,59.715767,United-States,<=50K
46.095913,Local-gov,313839.53,Prof-school,15.037534,Separated,Prof-specialty,Not-in-family,Black,Male,4672.5283,-0.42803302,39.97001,United-States,<=50K
38.092796,Local-gov,177105.0,Bachelors,13.000091,Married-civ-spouse,Prof-specialty,Husband,White,Male,-0.014788683,-0.2772533,38.07482,United-States,<=50K
48.11536,Private,440428.78,Masters,14.017722,Never-married,Prof-specialty,Not-in-family,White,Male,0.68735975,-0.2718822,59.912483,United-States,<=50K
51.034267,Private,294177.12,Some-college,9.993356,Married-civ-spouse,Exec-managerial,Husband,White,Male,-9.259173,-0.64666855,40.031746,United-States,<=50K
55.781963,Self-emp-inc,141858.03,Some-college,10.009029,Married-civ-spouse,Farming-fishing,Husband,White,Male,-11.178851,-0.4193584,59.86653,United-States,<=50K
33.21456,Private,218680.64,Assoc-acdm,12.015185,Married-civ-spouse,Exec-managerial,Husband,White,Male,-7.6812925,-0.3760387,50.08439,United-States,<=50K
64.01623,Federal-gov,113494.91,Assoc-acdm,12.022839,Married-civ-spouse,Protective-serv,Husband,Black,Male,-36.776264,-0.27435413,40.0144,United-States,<=50K
41.193428,Local-gov,521816.66,Bachelors,12.994049,Married-civ-spouse,Craft-repair,Husband,Black,Male,-15.239886,-0.87382615,40.063156,United-States,<=50K
63.079933,Private,167827.64,Masters,14.000558,Married-civ-spouse,Handlers-cleaners,Husband,White,Male,-29.8727,-0.1065456,45.99231,United-States,<=50K
49.0839,Self-emp-not-inc,112610.55,Bachelors,13.020793,Married-civ-spouse,Farming-fishing,Husband,White,Male,-1.7020445,-0.54398453,50.104897,United-States,<=50K
46.937153,Federal-gov,168241.64,Some-college,10.0052185,Married-civ-spouse,Craft-repair,Husband,White,Male,-14.884662,-0.34132496,40.002785,?,<=50K
28.247381,Self-emp-inc,142398.48,Bachelors,12.999581,Married-civ-spouse,Exec-managerial,Husband,White,Male,-14.425921,-0.594247,50.11724,United-States,<=50K
65.1345,Private,112971.914,Assoc-acdm,12.021536,Married-civ-spouse,Exec-managerial,Husband,White,Male,3783.0786,-0.5110103,39.99863,United-States,<=50K
33.18156,Private,249803.8,Bachelors,12.98917,Married-civ-spouse,Exec-managerial,Husband,White,Male,24.25645,-1.97075,50.056923,England,<=50K
40.001507,Private,180638.19,Some-college,10.003669,Married-civ-spouse,Craft-repair,Husband,White,Male,2.6045961,-0.2778255,52.010536,United-States,<=50K
41.06071,Private,82456.4,HS-grad,8.983564,Married-civ-spouse,Adm-clerical,Wife,White,Female,4947.48,0.13559613,30.008291,United-States,<=50K
53.807575,Private,219076.83,HS-grad,9.002767,Married-civ-spouse,Craft-repair,Husband,White,Male,-11.242816,1638.8016,40.01705,United-States,<=50K
74.65776,Self-emp-not-inc,207470.95,Prof-school,14.997862,Married-civ-spouse,Prof-specialty,Husband,White,Male,-46.959614,-0.47525135,34.919823,United-States,<=50K
40.967327,Private,143546.11,HS-grad,9.001454,Married-civ-spouse,Exec-managerial,Husband,White,Male,2.816266,-0.4450008,59.865887,United-States,<=50K
62.052357,Self-emp-not-inc,233330.11,Masters,13.989197,Married-civ-spouse,Sales,Husband,White,Male,-38.20693,-0.362878,40.006287,United-States,<=50K
46.99573,Private,76083.71,HS-grad,8.995904,Married-civ-spouse,Prof-specialty,Husband,White,Male,1.3436098,-0.088692814,50.0243,United-States,<=50K
54.999287,Private,265081.62,HS-grad,8.996251,Married-civ-spouse,Prof-specialty,Husband,White,Male,-3.0938902,-0.26298633,45.98551,United-States,<=50K
62.14608,Private,216480.75,Bachelors,12.99698,Married-civ-spouse,Sales,Husband,White,Male,-20.214985,-0.46899524,40.011997,United-States,<=50K
51.01549,Private,133162.5,Some-college,9.995025,Married-civ-spouse,Exec-managerial,Husband,White,Male,-5.980853,-0.69507706,40.010754,United-States,<=50K
49.11498,Private,165696.98,HS-grad,8.996142,Married-civ-spouse,Machine-op-inspct,Husband,White,Male,-24.118305,1903.4608,39.996304,United-States,<=50K
44.96493,Self-emp-not-inc,32914.168,Bachelors,12.999181,Married-civ-spouse,Sales,Husband,White,Male,2674.082,-0.311227,59.978477,United-States,<=50K
38.086063,Private,173375.3,Masters,14.006153,Married-civ-spouse,Prof-specialty,Husband,White,Male,-15.4207945,0.067198604,24.917112,United-States,<=50K
48.151173,Self-emp-inc,137911.16,Masters,14.006659,Married-spouse-absent,Sales,Not-in-family,Asian-Pac-Islander,Male,-8.711566,0.746642,50.018726,India,<=50K
53.984543,Private,98704.01,Masters,14.006289,Married-civ-spouse,Other-service,Husband,White,Male,-21.887348,0.07243237,39.9919,United-States,<=50K
53.025494,Private,232081.97,HS-grad,8.992134,Married-civ-spouse,Adm-clerical,Wife,White,Female,10.348981,-0.22847095,39.975903,United-States,<=50K
47.17751,Self-emp-not-inc,243234.12,Bachelors,12.998897,Married-civ-spouse,Prof-specialty,Husband,Asian-Pac-Islander,Male,10.279157,0.0028980703,40.02072,South,<=50K
51.035934,Private,144720.22,HS-grad,8.997811,Married-civ-spouse,Adm-clerical,Husband,White,Male,5.974225,-0.38897052,50.058887,United-States,<=50K
30.033638,Private,113006.76,Masters,14.013402,Married-civ-spouse,Prof-specialty,Wife,White,Female,15.262311,-0.4635097,29.9957,United-States,<=50K
50.988308,Self-emp-inc,161449.61,HS-grad,8.994274,Married-civ-spouse,Sales,Wife,White,Female,11.947614,-0.08750263,39.968105,United-States,<=50K
41.00328,Private,303197.06,Bachelors,13.013058,Divorced,Prof-specialty,Not-in-family,White,Male,4685.8657,0.08573803,44.98002,United-States,<=50K
36.052208,Private,185499.56,Assoc-acdm,12.024289,Married-civ-spouse,Craft-repair,Husband,White,Male,-7.758441,-0.3097469,50.065155,United-States,<=50K
39.178192,State-gov,317959.03,Bachelors,13.003811,Married-civ-spouse,Exec-managerial,Husband,White,Male,-17.85146,-0.7345058,40.053043,United-States,<=50K
43.988556,Private,192701.62,Some-college,9.998921,Married-civ-spouse,Prof-specialty,Husband,White,Male,-0.12465196,-0.3593532,40.005043,United-States,<=50K
45.967583,Private,198526.48,Prof-school,15.015046,Never-married,Prof-specialty,Not-in-family,White,Male,-9.441791,-0.26278034,90.41,United-States,<=50K
35.150906,Private,37819.777,Some-college,10.000171,Married-civ-spouse,Craft-repair,Husband,White,Male,4923.791,-0.62904465,39.99734,United-States,<=50K
35.2372,Private,232246.23,Bachelors,12.996594,Married-civ-spouse,Sales,Husband,White,Male,-3.0372496,-0.4118282,42.05617,United-States,<=50K
39.099155,Private,224742.75,Masters,14.009242,Married-civ-spouse,Transport-moving,Husband,White,Male,1.274518,-0.122834355,40.00305,Poland,<=50K
42.988907,Self-emp-inc,82458.81,HS-grad,9.003333,Married-civ-spouse,Craft-repair,Husband,White,Male,-13.540912,-0.63589585,59.84878,United-States,<=50K
49.96629,Self-emp-not-inc,31501.527,Masters,14.0048485,Married-civ-spouse,Farming-fishing,Husband,White,Male,2101.8171,-0.661729,97.352104,United-States,<=50K
46.989605,Self-emp-inc,156542.97,HS-grad,9.0042515,Married-civ-spouse,Sales,Husband,White,Male,6.613385,-0.237878,54.886147,United-States,<=50K
28.2131,Private,376415.06,Bachelors,12.996923,Married-civ-spouse,Exec-managerial,Wife,White,Female,2.548688,-0.665681,40.00928,United-States,<=50K
37.94484,Private,161213.42,Some-college,10.004174,Married-civ-spouse,Craft-repair,Husband,White,Male,2.9244204,-0.22184864,54.866634,United-States,<=50K
39.138973,State-gov,144776.03,Bachelors,13.009716,Married-civ-spouse,Exec-managerial,Husband,White,Male,-15.720843,-0.535432,40.02969,United-States,<=50K
53.757835,Private,185596.92,Some-college,10.004354,Married-civ-spouse,Transport-moving,Husband,White,Male,3954.5645,-0.26002613,50.0688,United-States,<=50K
53.822823,Private,82152.46,Assoc-acdm,12.012566,Married-civ-spouse,Sales,Husband,White,Male,-18.808979,-0.20189014,44.976067,United-States,<=50K
42.009655,Private,155907.94,Assoc-acdm,12.0094385,Married-civ-spouse,Sales,Husband,White,Male,-10.149554,-0.21943012,44.985916,United-States,<=50K
45.957737,Self-emp-not-inc,113258.99,Bachelors,13.010083,Married-civ-spouse,Craft-repair,Husband,White,Male,-20.65102,-0.8635646,40.028744,United-States,<=50K
52.94835,Local-gov,134366.06,HS-grad,9.002052,Married-civ-spouse,Other-service,Husband,White,Male,-5.1798277,2008.9592,44.95477,United-States,<=50K
26.005428,Private,176395.06,Bachelors,13.007588,Never-married,Adm-clerical,Not-in-family,White,Male,7007.6343,-0.42134967,65.19156,United-States,<=50K
31.161264,Private,177335.9,Bachelors,12.999696,Married-civ-spouse,Prof-specialty,Husband,White,Male,-2.9723082,-0.28453174,40.013058,United-States,<=50K
40.911964,Private,30241.2,Some-college,10.002139,Married-civ-spouse,Craft-repair,Husband,White,Male,-7.5323668,-0.1888744,59.8305,United-States,<=50K
57.981335,Private,518535.97,HS-grad,8.998142,Married-civ-spouse,Craft-repair,Husband,White,Male,-18.00771,-0.36401477,51.94621,United-States,<=50K
32.234325,Private,176793.44,Bachelors,12.999696,Married-civ-spouse,Exec-managerial,Husband,White,Male,-5.8199644,-0.5250789,40.03809,United-States,<=50K
55.053776,Private,142140.78,Bachelors,13.000105,Married-civ-spouse,Machine-op-inspct,Husband,White,Male,-29.72768,0.087210506,39.995712,United-States,<=50K
64.21413,Private,311414.53,Bachelors,12.994537,Married-civ-spouse,Sales,Husband,White,Male,-22.94228,-0.55686295,40.015137,United-States,<=50K
35.111248,Federal-gov,61431.88,HS-grad,9.008081,Married-civ-spouse,Prof-specialty,Husband,White,Male,-9.129291,-0.17900959,59.82509,United-States,<=50K
49.095596,Self-emp-not-inc,307620.25,HS-grad,9.000436,Married-civ-spouse,Sales,Wife,White,Female,6.4522524,-0.28822437,59.924393,United-States,<=50K
43.040512,Private,192667.67,Some-college,9.99905,Married-civ-spouse,Prof-specialty,Husband,White,Male,0.5435609,-0.35795704,40.005318,United-States,<=50K
50.030926,Private,162646.23,HS-grad,8.995872,Married-civ-spouse,Exec-managerial,Husband,White,Male,4.179059,-0.44804493,44.979935,United-States,<=50K
52.108215,Private,207222.23,Assoc-voc,11.009572,Married-civ-spouse,Adm-clerical,Husband,White,Male,-6.1295347,-0.31202045,40.02767,United-States,<=50K
47.088745,Private,192675.75,HS-grad,8.985919,Married-civ-spouse,Other-service,Wife,Black,Female,4955.8735,-0.25862995,39.96877,United-States,<=50K
45.97955,Private,327692.9,Assoc-voc,11.008311,Married-civ-spouse,Craft-repair,Husband,White,Male,-9.026019,-0.48568073,42.059555,United-States,<=50K
50.995903,State-gov,105058.74,HS-grad,8.993561,Married-civ-spouse,Adm-clerical,Wife,White,Female,4012.158,-0.10768238,39.98112,United-States,<=50K
41.13685,Local-gov,230392.02,Bachelors,12.996511,Married-civ-spouse,Sales,Husband,White,Male,-1.7018003,-0.40673938,40.03703,United-States,<=50K
48.974174,Self-emp-inc,34498.98,Some-college,10.009933,Married-civ-spouse,Farming-fishing,Husband,White,Male,-8.481097,-0.54609025,59.834217,United-States,<=50K
30.08407,Private,83689.88,Some-college,10.003647,Married-civ-spouse,Craft-repair,Husband,White,Male,-6.86806,2057.821,40.022102,United-States,<=50K
55.994846,Federal-gov,75412.13,Masters,14.021228,Divorced,Prof-specialty,Not-in-family,White,Male,-27.557026,0.5249089,47.937336,United-States,<=50K
55.78206,Self-emp-inc,83361.77,HS-grad,8.965652,Married-civ-spouse,Exec-managerial,Husband,White,Male,-15.256488,-0.5460597,84.612236,United-States,<=50K
30.031284,Private,120537.33,Bachelors,13.010049,Married-civ-spouse,Exec-managerial,Wife,Asian-Pac-Islander,Female,24.714214,-0.47914234,39.91682,Hong,<=50K
55.87105,Self-emp-inc,258071.27,Some-college,9.996898,Married-civ-spouse,Craft-repair,Husband,White,Male,-19.555317,-0.7473537,40.029266,United-States,<=50K
41.95735,Private,55409.637,Some-college,10.003814,Married-civ-spouse,Craft-repair,Husband,White,Male,2.0674868,-0.290414,52.01496,United-States,<=50K
36.082256,Private,407769.16,Assoc-acdm,12.00516,Married-civ-spouse,Craft-repair,Husband,White,Male,-14.486957,-0.3730556,44.991085,United-States,<=50K
56.145706,Private,230277.11,Bachelors,12.9936075,Married-civ-spouse,Adm-clerical,Husband,White,Male,-25.0956,-0.6575557,29.997766,Canada,<=50K
41.860764,Private,34788.59,Doctorate,16.039608,Never-married,Prof-specialty,Not-in-family,White,Male,26.799664,0.24543652,50.004753,United-States,<=50K
39.996845,Self-emp-not-inc,99353.25,Some-college,10.000988,Married-civ-spouse,Prof-specialty,Husband,White,Male,0.8870668,-0.10450092,59.85082,United-States,<=50K
42.076454,Self-emp-not-inc,103824.33,Assoc-voc,11.007246,Married-civ-spouse,Prof-specialty,Husband,White,Male,-7.732318,-0.37791553,50.074444,United-States,<=50K
50.985134,Private,155870.55,HS-grad,9.002516,Married-civ-spouse,Craft-repair,Husband,White,Male,6.406598,-0.39039722,50.03168,United-States,<=50K
33.224915,State-gov,355887.75,Masters,13.995787,Married-civ-spouse,Protective-serv,Husband,Black,Male,-35.780903,-0.41268268,40.015762,United-States,<=50K
55.88667,Private,146600.72,HS-grad,9.002622,Married-civ-spouse,Craft-repair,Husband,White,Male,-0.14320666,-0.30147663,59.833164,United-States,<=50K
55.055866,Private,382070.44,Bachelors,13.01932,Married-civ-spouse,Craft-repair,Other-relative,White,Male,13.356793,-0.5883876,39.99375,United-States,<=50K
29.875225,Self-emp-inc,164117.48,Bachelors,13.006713,Never-married,Exec-managerial,Not-in-family,White,Male,-2.354144,2267.4062,44.941822,United-States,<=50K
37.02677,Private,239375.39,Assoc-acdm,12.02079,Married-civ-spouse,Craft-repair,Husband,White,Male,-10.304828,-0.42482105,44.98713,United-States,<=50K
62.00808,Federal-gov,163599.25,Some-college,9.995668,Married-civ-spouse,Adm-clerical,Husband,White,Male,-36.060688,-0.7656642,40.0141,United-States,<=50K
43.03274,Private,484842.53,Some-college,9.988786,Married-civ-spouse,Craft-repair,Husband,White,Male,4125.8823,-0.53923905,38.043175,United-States,<=50K
46.950756,Self-emp-not-inc,254804.42,Some-college,9.972369,Married-civ-spouse,Exec-managerial,Husband,White,Male,-28.413715,0.9045018,80.64839,United-States,<=50K
48.043278,Local-gov,383596.44,HS-grad,9.007941,Married-civ-spouse,Craft-repair,Husband,White,Male,-2.3878355,-0.20717731,59.87726,United-States,<=50K
40.155907,State-gov,184064.06,Bachelors,13.00512,Married-civ-spouse,Adm-clerical,Husband,White,Male,-17.091206,-0.38104358,40.037907,United-States,<=50K
32.058792,Private,100320.18,HS-grad,9.010181,Married-civ-spouse,Machine-op-inspct,Husband,White,Male,-12.6673765,2005.8208,66.08198,United-States,<=50K
32.167076,Private,228303.97,Bachelors,12.99629,Married-civ-spouse,Sales,Husband,White,Male,-3.0301695,-0.41179767,45.03178,United-States,<=50K
29.067352,Local-gov,194873.73,Masters,13.999933,Married-civ-spouse,Prof-specialty,Husband,White,Male,-13.933734,0.036131714,40.005013,United-States,<=50K
48.046272,Private,108922.39,Some-college,9.994842,Married-civ-spouse,Exec-managerial,Husband,White,Male,-4.392474,-0.6828853,40.00848,United-States,<=50K
27.226526,Private,191703.11,Prof-school,15.008716,Married-civ-spouse,Adm-clerical,Husband,White,Male,-15.4520445,-0.24245563,40.04064,United-States,<=50K
62.098225,Self-emp-inc,154394.7,Assoc-voc,11.013002,Married-civ-spouse,Exec-managerial,Husband,White,Male,3041.5388,-0.42601123,40.029522,United-States,<=50K
19.916185,Private,325945.94,12th,8.022284,Never-married,Other-service,Own-child,Black,Male,73.57347,-0.2655956,35.050144,United-States,>50K
21.939966,Private,126363.52,Some-college,10.0046015,Never-married,Other-service,Own-child,White,Male,48.860943,-0.22344318,32.046314,United-States,>50K
18.619093,Private,324597.88,7th-8th,4.0023766,Never-married,Other-service,Not-in-family,White,Male,87.60631,-0.3577892,59.726624,United-States,>50K
22.097517,Private,51053.043,Some-college,10.0029955,Never-married,Exec-managerial,Own-child,White,Male,35.69517,-0.29868427,14.975285,United-States,>50K
23.894442,Private,80919.016,HS-grad,8.959996,Separated,Other-service,Unmarried,White,Female,84.232895,0.31480297,50.07639,Portugal,>50K
26.83157,State-gov,22869.277,HS-grad,8.984571,Never-married,Transport-moving,Not-in-family,Amer-Indian-Eskimo,Male,48.78648,0.37802777,38.212315,United-States,>50K
61.08607,State-gov,159406.1,11th,6.9760876,Widowed,Other-service,Unmarried,White,Female,54.435406,-0.29345813,32.09851,United-States,>50K
66.03796,Self-emp-not-inc,55846.34,11th,6.9952483,Divorced,Other-service,Not-in-family,White,Female,52.411236,0.15450177,39.9998,United-States,>50K
22.003159,Private,184789.38,Some-college,10.002128,Never-married,Sales,Not-in-family,White,Male,44.638042,-0.20555988,24.938967,United-States,>50K
25.496159,Self-emp-not-inc,65902.805,HS-grad,9.017623,Never-married,Sales,Other-relative,Asian-Pac-Islander,Male,72.0305,0.11214337,49.975983,United-States,>50K
27.737877,Private,100906.99,HS-grad,8.982577,Never-married,Transport-moving,Own-child,White,Male,59.28697,0.64859664,45.034927,Portugal,>50K
77.236244,Self-emp-not-inc,69579.87,7th-8th,4.043506,Married-spouse-absent,Adm-clerical,Not-in-family,White,Male,30.244,-0.15055194,20.003757,Italy,>50K
61.063618,Private,172414.0,9th,5.0393767,Divorced,Handlers-cleaners,Not-in-family,White,Male,72.588,0.32691082,39.95619,Puerto-Rico,>50K
52.019512,Private,109740.516,Some-college,10.007845,Divorced,Sales,Other-relative,White,Female,55.95689,-0.01825061,19.981588,United-States,>50K
22.879725,Local-gov,197071.52,Some-college,10.0208645,Never-married,Protective-serv,Own-child,White,Male,25.964458,-0.15455738,39.973736,United-States,>50K
26.774664,Local-gov,228601.31,Some-college,10.01718,Never-married,Protective-serv,Own-child,White,Female,31.87437,-0.0010539561,39.987137,United-States,>50K
32.380497,Private,222972.44,7th-8th,4.023265,Never-married,Farming-fishing,Not-in-family,White,Male,97.54027,0.36798748,39.95285,Mexico,>50K
23.992126,Self-emp-not-inc,81810.64,Some-college,10.011156,Never-married,Prof-specialty,Not-in-family,Asian-Pac-Islander,Male,44.74107,-0.18506733,30.056837,United-States,>50K
26.78993,Private,146299.17,HS-grad,9.002372,Never-married,Other-service,Not-in-family,White,Female,51.808453,0.093413204,49.986927,United-States,>50K
27.814198,State-gov,71785.24,Bachelors,13.0256605,Never-married,Adm-clerical,Own-child,Asian-Pac-Islander,Female,35.430523,0.1656712,39.995617,United-States,>50K
28.729645,Private,136557.95,Some-college,10.003995,Never-married,Other-service,Not-in-family,White,Female,48.254498,-0.19106403,40.728985,United-States,>50K
21.918198,State-gov,185507.81,12th,8.013267,Never-married,Exec-managerial,Not-in-family,White,Male,49.18394,-0.06108966,49.9817,United-States,>50K
54.8423,Self-emp-not-inc,168547.73,Some-college,10.017497,Divorced,Tech-support,Not-in-family,White,Female,19.667828,0.018927429,12.078791,United-States,>50K
65.243355,Local-gov,200101.5,HS-grad,9.001195,Divorced,Adm-clerical,Not-in-family,White,Female,16.845074,0.12607464,16.06168,United-States,>50K
30.864834,Private,177814.88,HS-grad,9.008036,Divorced,Other-service,Unmarried,White,Female,39.47984,-0.5201045,98.413704,United-States,>50K
32.83465,Private,80924.195,11th,6.984648,Divorced,Exec-managerial,Unmarried,White,Female,54.00816,-0.23560444,40.00752,United-States,>50K
67.98235,Self-emp-not-inc,117494.06,HS-grad,9.0005865,Never-married,Sales,Not-in-family,White,Male,24.944439,0.09048352,23.930202,United-States,>50K
25.697893,Self-emp-not-inc,194639.89,10th,5.9842415,Never-married,Exec-managerial,Not-in-family,White,Male,34.68443,-0.44386402,75.42193,United-States,>50K
25.901758,Private,176231.0,Bachelors,13.010036,Never-married,Adm-clerical,Own-child,White,Female,38.556255,-0.23288074,39.991806,United-States,>50K
73.05916,?,138425.83,HS-grad,8.992629,Widowed,?,Not-in-family,White,Female,25.920269,0.23054394,21.94497,United-States,>50K
28.741621,Federal-gov,184025.25,Some-college,10.006606,Never-married,Other-service,Not-in-family,White,Female,31.282574,-0.22377887,39.971004,United-States,>50K
33.009155,State-gov,163161.27,Some-college,10.010728,Divorced,Other-service,Unmarried,White,Female,20.384869,0.23108563,98.39023,United-States,>50K
25.75936,Private,152306.97,HS-grad,9.021917,Never-married,Adm-clerical,Own-child,Asian-Pac-Islander,Male,42.626812,-0.42223468,80.6736,?,>50K
53.095573,Private,81878.664,Bachelors,13.031053,Never-married,Other-service,Not-in-family,Asian-Pac-Islander,Female,55.05601,0.0095203845,20.845362,Japan,>50K
23.94416,Private,161163.94,HS-grad,9.007682,Divorced,Exec-managerial,Not-in-family,White,Female,53.69981,-0.12377277,44.969852,United-States,>50K
27.93894,Private,408804.6,Bachelors,13.000103,Divorced,Other-service,Unmarried,White,Female,79.10216,-1.2633144,47.951977,England,>50K
30.465786,Private,109007.305,9th,5.017143,Never-married,Sales,Not-in-family,White,Male,63.547344,-0.21016803,42.84461,United-States,>50K
28.590021,Self-emp-not-inc,342042.25,HS-grad,9.022141,Married-spouse-absent,Transport-moving,Other-relative,Asian-Pac-Islander,Male,40.916363,1572.4639,49.98879,India,>50K
27.504362,Private,147887.69,9th,5.0202503,Never-married,Craft-repair,Not-in-family,White,Male,68.58653,0.22693524,49.873463,?,>50K
55.809074,Self-emp-not-inc,60683.996,11th,6.982066,Widowed,Other-service,Unmarried,White,Female,48.653667,0.13690075,64.82266,Greece,>50K
38.94193,Private,191154.88,HS-grad,9.001152,Never-married,Adm-clerical,Own-child,White,Female,47.3148,-0.0063411263,39.98219,United-States,>50K
34.000156,Private,184944.88,Some-college,10.000073,Never-married,Prof-specialty,Not-in-family,White,Female,43.33482,-0.19017902,11.928259,United-States,>50K
37.918335,State-gov,30511.387,Some-college,9.99821,Divorced,Protective-serv,Unmarried,Amer-Indian-Eskimo,Female,31.24693,0.34848675,39.983692,United-States,>50K
55.853996,Private,89261.37,9th,5.013462,Divorced,Craft-repair,Not-in-family,White,Female,64.195786,-0.088441044,39.94105,United-States,>50K
24.107832,Private,209770.8,Bachelors,13.025828,Never-married,Exec-managerial,Other-relative,White,Female,47.53599,-0.35221973,59.93696,United-States,>50K
25.088701,Private,281177.1,Bachelors,13.006639,Never-married,Tech-support,Not-in-family,White,Female,16.730572,1565.9794,30.016726,United-States,>50K
24.91138,Private,132469.27,Bachelors,13.016841,Never-married,Sales,Own-child,White,Male,41.16441,0.11894116,39.962757,United-States,>50K
59.916405,Private,35834.152,7th-8th,3.985837,Never-married,Transport-moving,Not-in-family,White,Male,69.97496,-0.09832874,47.895344,United-States,>50K
34.938057,Private,240413.39,Some-college,9.997021,Separated,Transport-moving,Not-in-family,Black,Female,48.41905,-0.3841106,39.99501,United-States,>50K
28.858833,Private,53827.137,Some-college,10.016334,Divorced,Craft-repair,Unmarried,White,Male,26.68272,-0.3671657,35.025406,United-States,>50K
41.735035,Private,229903.25,10th,6.017822,Never-married,Transport-moving,Unmarried,White,Male,43.660748,-0.046029236,39.995434,United-States,>50K
29.566387,Self-emp-not-inc,458418.0,11th,6.9976335,Never-married,Craft-repair,Not-in-family,White,Male,48.76402,-0.11999622,44.93765,United-States,>50K
29.006727,Self-emp-not-inc,127908.14,Assoc-acdm,12.0021715,Widowed,Sales,Unmarried,White,Female,26.319683,-0.30957904,39.991142,United-States,>50K
27.824444,Private,282265.12,Some-college,10.00954,Separated,Tech-support,Unmarried,White,Male,35.337994,-0.3280498,39.99613,United-States,>50K
68.19488,Private,185720.95,HS-grad,8.9936,Widowed,Exec-managerial,Not-in-family,White,Female,30.905376,0.055884216,9.723587,United-States,>50K
40.96214,Private,178901.02,Some-college,10.004566,Divorced,Other-service,Not-in-family,White,Female,50.883404,-0.12994495,36.065105,United-States,>50K
35.82125,Private,213469.84,HS-grad,9.006846,Divorced,Prof-specialty,Own-child,White,Female,59.890972,0.13300976,39.981327,United-States,>50K
25.054377,Private,181904.97,Some-college,10.002879,Never-married,Exec-managerial,Not-in-family,White,Female,28.35606,1571.7576,36.985847,United-States,>50K
53.71934,Private,224704.44,11th,7.0007877,Divorced,Craft-repair,Own-child,White,Female,56.02354,-0.061204102,50.018314,United-States,>50K
53.809765,Private,381491.97,10th,6.029059,Separated,Transport-moving,Unmarried,Black,Male,41.45811,-0.35077015,45.111233,United-States,>50K
67.059105,Private,125098.375,11th,6.971083,Married-civ-spouse,Other-service,Husband,Black,Male,21.603863,0.087721676,8.839272,United-States,>50K
29.722004,Private,160445.94,Assoc-voc,11.037036,Never-married,Craft-repair,Own-child,White,Male,42.639263,0.102965206,39.973858,United-States,>50K
25.049868,Private,185159.44,Masters,14.02702,Never-married,Prof-specialty,Own-child,White,Female,32.53355,0.17866406,39.94094,United-States,>50K
26.915031,Private,97766.97,Assoc-voc,11.025687,Never-married,Craft-repair,Unmarried,White,Male,23.995464,-0.08784595,39.970398,United-States,>50K
25.90862,Private,80984.43,Masters,14.029369,Never-married,Prof-specialty,Own-child,Asian-Pac-Islander,Female,46.55064,0.15830883,39.94943,Philippines,>50K
29.633171,Private,235945.55,9th,5.02615,Married-civ-spouse,Other-service,Husband,White,Male,50.72691,-0.36725727,31.975204,El-Salvador,>50K
69.04641,?,163808.33,HS-grad,9.004234,Divorced,?,Not-in-family,White,Female,27.013042,0.22184643,39.973007,United-States,>50K
24.239223,Self-emp-not-inc,30665.965,Bachelors,13.021557,Married-civ-spouse,Prof-specialty,Other-relative,White,Female,36.134136,-0.24368396,19.839169,United-States,>50K
26.814505,Local-gov,24867.512,Assoc-voc,11.0502,Never-married,Tech-support,Not-in-family,White,Female,26.368023,1572.4323,72.151596,United-States,>50K
31.72369,Private,209994.34,HS-grad,9.004269,Divorced,Adm-clerical,Not-in-family,White,Female,46.427837,-0.04827228,38.089848,United-States,>50K
31.552507,Private,76937.72,11th,7.0074153,Divorced,Sales,Not-in-family,White,Male,68.88023,-0.08184162,42.88765,United-States,>50K
66.14213,Local-gov,187571.3,HS-grad,8.995613,Widowed,Adm-clerical,Unmarried,White,Female,23.151226,-0.39957538,34.964848,United-States,>50K
29.588474,Private,74015.28,HS-grad,9.012703,Never-married,Transport-moving,Not-in-family,White,Male,47.743267,-0.1674129,44.964676,United-States,>50K
25.837456,Private,153921.84,Some-college,10.0175495,Never-married,Machine-op-inspct,Not-in-family,Asian-Pac-Islander,Male,30.535015,-0.003586915,44.92569,United-States,>50K
33.91649,Private,159385.77,HS-grad,8.988572,Never-married,Prof-specialty,Not-in-family,White,Female,37.685894,0.12880597,36.991356,Ireland,>50K
27.887358,Private,30500.121,Bachelors,13.023511,Never-married,Craft-repair,Own-child,White,Male,25.958843,-0.032151368,39.968506,United-States,>50K
31.829765,Self-emp-not-inc,173208.83,Bachelors,13.034759,Divorced,Prof-specialty,Other-relative,White,Male,46.66441,-0.17582813,34.963734,United-States,>50K
23.026957,Private,441099.38,HS-grad,8.999104,Never-married,Sales,Own-child,White,Female,8762.888,-0.1315929,14.901726,United-States,>50K
25.088564,Private,40488.01,Bachelors,13.013144,Never-married,Exec-managerial,Not-in-family,White,Female,26.555523,0.015692566,39.96451,United-States,>50K
44.866943,State-gov,153717.08,HS-grad,9.0018635,Divorced,Exec-managerial,Unmarried,White,Female,29.556744,-0.3244106,38.097794,United-States,>50K
30.864681,Private,200126.38,Some-college,10.013662,Divorced,Machine-op-inspct,Unmarried,White,Female,21.281841,-0.055520203,54.90057,United-States,>50K
26.910183,Private,243950.66,Assoc-acdm,12.01597,Never-married,Exec-managerial,Not-in-family,White,Female,27.342876,-0.031296875,39.969215,United-States,>50K
65.13019,Private,34945.06,10th,5.976988,Married-civ-spouse,Handlers-cleaners,Husband,White,Male,18.298443,-0.24302784,22.10489,United-States,>50K
29.694412,Private,374458.25,Assoc-voc,11.007751,Divorced,Sales,Not-in-family,White,Female,51.21519,0.2662495,39.973686,United-States,>50K
39.990265,Private,227092.14,Some-college,9.981815,Divorced,Tech-support,Not-in-family,White,Male,36.066753,-0.04573932,30.153881,Guatemala,>50K
29.804392,Private,117497.414,Bachelors,13.012111,Never-married,Sales,Not-in-family,White,Female,32.46446,0.23930249,34.913685,United-States,>50K
38.838863,Local-gov,166004.97,HS-grad,9.015719,Divorced,Handlers-cleaners,Not-in-family,White,Male,34.4481,0.047583435,40.00016,United-States,>50K
36.692463,Private,28307.59,11th,6.992142,Never-married,Transport-moving,Not-in-family,White,Male,55.358257,-0.121133,59.799385,United-States,>50K
74.926186,Private,123563.16,HS-grad,8.998997,Never-married,Adm-clerical,Not-in-family,White,Female,19.631695,-0.07093158,39.929844,United-States,>50K
33.975918,Private,234156.17,Some-college,10.020437,Never-married,Machine-op-inspct,Own-child,White,Male,18.206158,-0.69089615,86.75342,United-States,>50K
26.899626,Private,108061.89,Bachelors,13.021385,Never-married,Tech-support,Not-in-family,White,Male,46.43687,0.24492535,39.895485,England,>50K
23.797878,Self-emp-not-inc,323671.06,7th-8th,4.018534,Married-civ-spouse,Transport-moving,Husband,White,Male,51.537945,1898.834,39.979176,United-States,>50K
31.815609,Private,212714.38,Some-college,10.024055,Divorced,Craft-repair,Own-child,White,Male,36.70982,-0.12931934,39.993618,United-States,>50K
33.95369,Private,295384.97,Some-college,9.969985,Never-married,Machine-op-inspct,Not-in-family,White,Male,57.82359,0.127776,39.888485,England,>50K
40.96998,Local-gov,215448.31,HS-grad,9.009283,Divorced,Protective-serv,Unmarried,Black,Female,30.926373,-0.1262447,40.00529,United-States,>50K
42.906487,Private,184306.22,HS-grad,8.995581,Divorced,Exec-managerial,Not-in-family,White,Female,39.36558,-0.02015796,30.023064,United-States,>50K
66.093155,Self-emp-not-inc,273703.2,9th,5.0252333,Married-civ-spouse,Farming-fishing,Husband,White,Male,37.220806,0.029791687,24.890041,United-States,>50K
34.995506,Private,260679.94,HS-grad,9.003873,Divorced,Exec-managerial,Unmarried,White,Female,41.752056,-0.3151485,39.991936,United-States,>50K
56.696888,Self-emp-not-inc,189668.03,10th,6.0359964,Divorced,Exec-managerial,Own-child,White,Male,25.492046,-0.09179035,59.799225,United-States,>50K
58.06914,Private,373635.94,HS-grad,9.000982,Divorced,Sales,Unmarried,White,Female,33.703472,-0.24897113,39.963696,United-States,>50K
26.748661,Private,189106.94,HS-grad,9.009374,Never-married,Sales,Not-in-family,White,Male,44.085552,0.36347088,49.930637,United-States,>50K
27.772339,Local-gov,154062.94,9th,5.01777,Married-civ-spouse,Craft-repair,Husband,Black,Male,40.360943,-0.31736103,39.98501,Trinadad&Tobago,>50K
24.95244,Private,159526.06,HS-grad,8.992548,Married-civ-spouse,Sales,Own-child,White,Male,41.201763,-0.20149341,25.97254,United-States,>50K
51.033978,Private,229530.11,Masters,14.041433,Divorced,Other-service,Not-in-family,Black,Female,28.944195,0.30661663,17.997616,United-States,>50K
36.808952,Private,184657.2,HS-grad,9.009304,Divorced,Machine-op-inspct,Unmarried,White,Male,28.931011,-0.102791935,39.961773,United-States,>50K
50.890293,Self-emp-not-inc,330995.12,Some-college,10.014578,Divorced,Craft-repair,Not-in-family,White,Male,16.67686,0.15802655,7.917118,United-States,>50K
57.019665,Private,366480.0,HS-grad,9.003141,Divorced,Machine-op-inspct,Not-in-family,White,Female,25.388287,0.24500927,39.95133,United-States,>50K
44.954956,Private,233817.84,HS-grad,8.997947,Married-spouse-absent,Other-service,Unmarried,Black,Female,30.405132,-0.44153705,60.068024,United-States,>50K
61.093002,?,41974.934,Bachelors,13.019731,Never-married,?,Not-in-family,White,Male,-17.474262,0.51785934,6.857933,United-States,>50K
35.92361,Private,410529.16,Bachelors,13.005874,Never-married,Prof-specialty,Own-child,White,Female,36.52183,-0.39363208,34.92468,United-States,>50K
33.95915,Private,189249.94,Some-college,10.011583,Never-married,Adm-clerical,Own-child,White,Male,32.1732,-0.02279773,39.980404,United-States,>50K
28.743732,Self-emp-not-inc,391017.16,HS-grad,9.017623,Never-married,Craft-repair,Not-in-family,White,Male,36.30186,-0.1964046,49.950962,United-States,>50K
30.882788,Private,117709.68,Some-college,10.003492,Never-married,Exec-managerial,Not-in-family,White,Female,37.757183,-0.08255115,39.9621,United-States,>50K
52.03825,Private,167809.64,HS-grad,8.99218,Widowed,Other-service,Unmarried,Asian-Pac-Islander,Female,43.78697,0.45733532,39.97655,India,>50K
39.93799,Private,207371.2,Some-college,10.015541,Divorced,Adm-clerical,Own-child,White,Female,39.27061,-0.38511005,43.987244,United-States,>50K
33.017056,Federal-gov,319756.53,Assoc-voc,11.01236,Divorced,Craft-repair,Unmarried,Black,Female,11.713727,-0.5074321,40.00571,United-States,>50K
64.25955,Local-gov,189291.28,HS-grad,8.997065,Widowed,Adm-clerical,Not-in-family,White,Female,30.512554,0.049605224,34.95836,United-States,>50K
48.08407,Private,19546.043,HS-grad,8.996391,Divorced,Adm-clerical,Not-in-family,White,Female,36.994976,0.122885555,37.025276,United-States,>50K
21.142378,Private,185192.16,Bachelors,13.018991,Never-married,Prof-specialty,Not-in-family,White,Male,28.034283,0.06362042,39.961174,United-States,>50K
42.9296,Private,51228.62,HS-grad,8.999161,Divorced,Exec-managerial,Unmarried,White,Female,36.08189,-0.24737659,39.980015,United-States,>50K
29.943007,Self-emp-not-inc,176031.33,Some-college,10.013724,Married-spouse-absent,Craft-repair,Own-child,White,Male,4.141217,-0.02908435,59.887936,United-States,>50K
28.550362,Private,116793.83,7th-8th,4.008945,Married-civ-spouse,Craft-repair,Husband,White,Male,54.37437,0.44346508,39.918797,Portugal,>50K
34.85969,Private,185961.56,HS-grad,9.021431,Divorced,Transport-moving,Not-in-family,White,Female,54.372417,-0.12704578,59.950546,United-States,>50K
43.017117,Private,169720.16,Bachelors,13.001064,Never-married,Sales,Unmarried,Black,Female,26.920513,-0.6414348,34.931423,United-States,>50K
58.08746,Private,116900.68,HS-grad,8.990176,Widowed,Sales,Not-in-family,White,Female,36.60191,0.10043225,34.919567,United-States,>50K
36.81814,Private,58468.504,Some-college,10.017241,Divorced,Exec-managerial,Not-in-family,Asian-Pac-Islander,Female,61.445415,-0.17573658,40.011555,Japan,>50K
72.979324,Private,24400.309,7th-8th,3.9777594,Married-civ-spouse,Sales,Husband,White,Male,35.263042,0.025893066,29.991352,United-States,>50K
35.03861,Private,355962.8,Assoc-acdm,12.015405,Never-married,Other-service,Not-in-family,White,Female,31.147076,-0.36986652,80.81005,United-States,>50K
38.891308,Private,191357.83,Some-college,10.018848,Divorced,Craft-repair,Own-child,White,Female,40.68687,-0.19180408,50.04678,United-States,>50K
54.91578,Local-gov,26731.855,HS-grad,9.002443,Divorced,Adm-clerical,Not-in-family,White,Female,25.879742,0.11592755,39.97377,United-States,>50K
28.758636,State-gov,146693.64,Assoc-acdm,12.022703,Never-married,Prof-specialty,Not-in-family,Black,Male,25.243511,0.23560223,39.97101,United-States,>50K
58.089203,Private,162819.11,HS-grad,8.991165,Widowed,Sales,Not-in-family,White,Female,37.361187,0.062170837,34.9214,United-States,>50K
24.517305,Private,351528.72,7th-8th,4.007294,Married-civ-spouse,Farming-fishing,Husband,White,Male,72.19835,-0.15313831,49.89194,United-States,>50K
35.855457,Private,23286.527,Assoc-acdm,12.024567,Divorced,Sales,Not-in-family,White,Female,31.401958,0.42098126,39.955746,United-States,>50K
24.220474,Private,145693.88,Bachelors,13.011811,Never-married,Exec-managerial,Unmarried,White,Male,20.44566,-0.37706104,40.000816,United-States,>50K
45.90242,Private,139167.66,HS-grad,8.999579,Divorced,Exec-managerial,Unmarried,White,Female,35.39854,-0.27987018,38.041294,United-States,>50K
27.954718,Private,189015.28,Bachelors,13.005863,Never-married,Prof-specialty,Own-child,White,Female,28.846294,1557.397,39.983086,United-States,>50K
56.89844,Private,33851.215,HS-grad,9.008933,Widowed,Transport-moving,Unmarried,White,Male,19.621197,671.8362,41.963154,United-States,>50K
32.98035,Private,115182.66,Bachelors,13.013436,Never-married,Prof-specialty,Own-child,White,Female,34.457623,-0.047845032,39.956715,United-States,>50K
34.968906,Private,48339.01,Some-college,10.007984,Divorced,Adm-clerical,Not-in-family,White,Female,38.07945,-0.028374817,39.962868,United-States,>50K
61.063263,Private,78957.07,HS-grad,9.011062,Separated,Transport-moving,Unmarried,Asian-Pac-Islander,Male,36.51182,-0.071557194,45.102047,United-States,>50K
29.827917,Self-emp-inc,190640.69,Some-college,10.004562,Never-married,Exec-managerial,Not-in-family,White,Female,27.625103,-0.09594074,39.98302,United-States,>50K
29.785505,Private,169522.9,Bachelors,13.015278,Never-married,Tech-support,Not-in-family,White,Female,26.742779,-0.026299622,39.953217,United-States,>50K
28.863365,Self-emp-not-inc,160810.89,10th,5.988751,Married-civ-spouse,Craft-repair,Husband,White,Male,17.80943,-0.27998462,35.002495,United-States,>50K
50.953205,?,164291.84,HS-grad,8.991904,Married-spouse-absent,?,Not-in-family,White,Male,-14.6239195,0.37734112,19.93898,United-States,>50K
58.07153,Self-emp-inc,229042.06,Some-college,10.000509,Widowed,Sales,Not-in-family,White,Female,32.665386,-0.3234798,19.992086,United-States,>50K
22.046959,Private,229780.95,11th,6.980289,Married-civ-spouse,Machine-op-inspct,Husband,White,Male,30.734478,-0.38124195,69.73908,United-States,>50K
68.18724,Self-emp-not-inc,67611.58,HS-grad,8.992665,Married-civ-spouse,Farming-fishing,Husband,White,Male,12.72984,-0.35852924,9.938633,United-States,>50K
42.92501,State-gov,143120.36,HS-grad,9.00874,Divorced,Adm-clerical,Unmarried,White,Female,34.2689,-0.21016803,50.094067,United-States,>50K
26.064156,Private,324426.12,Bachelors,13.008629,Never-married,Prof-specialty,Not-in-family,White,Female,31.976665,-0.05162921,39.961754,United-States,>50K
60.985886,Self-emp-not-inc,195460.0,7th-8th,3.999507,Married-civ-spouse,Sales,Husband,White,Male,47.490826,-0.09594074,30.004272,United-States,>50K
41.886856,Private,108366.32,Some-college,10.014088,Never-married,Tech-support,Not-in-family,White,Female,32.66563,-0.0045253304,39.94853,United-States,>50K
33.85036,Private,26389.137,HS-grad,8.992588,Divorced,Craft-repair,Not-in-family,Amer-Indian-Eskimo,Male,43.295513,0.24441418,47.95346,United-States,>50K
34.99904,Private,322868.47,Assoc-acdm,12.006314,Never-married,Machine-op-inspct,Not-in-family,White,Female,11.832868,0.4058827,43.95487,United-States,>50K
29.58808,Private,247405.25,HS-grad,9.005159,Separated,Protective-serv,Not-in-family,White,Male,30.498638,-0.20467487,39.96186,United-States,>50K
38.98615,Local-gov,183010.48,Some-college,10.009987,Never-married,Protective-serv,Not-in-family,Black,Female,19.942486,-0.020699646,39.976902,United-States,>50K
46.04213,Private,164667.42,Bachelors,13.008051,Divorced,Sales,Unmarried,Black,Female,27.970074,-0.5107585,34.967857,United-States,>50K
43.938206,Private,408192.38,HS-grad,9.002185,Divorced,Adm-clerical,Unmarried,White,Female,39.954693,-0.35019794,39.992226,United-States,>50K
24.891647,State-gov,319882.7,Some-college,10.017957,Divorced,Other-service,Unmarried,White,Male,26.746197,2485.2534,40.014973,United-States,>50K
48.067097,Private,360363.9,HS-grad,9.007752,Never-married,Handlers-cleaners,Not-in-family,White,Male,44.664898,-0.14202228,39.958157,United-States,>50K
39.988792,Self-emp-not-inc,171231.72,Some-college,10.011487,Never-married,Craft-repair,Not-in-family,White,Male,19.274029,0.022627685,34.984417,United-States,>50K
35.918915,Private,171683.47,HS-grad,8.995417,Married-spouse-absent,Prof-specialty,Unmarried,White,Female,27.579693,-0.20840564,39.964108,United-States,>50K
35.93469,Self-emp-not-inc,314098.2,Bachelors,13.012824,Divorced,Other-service,Unmarried,Black,Male,29.414898,-0.4828426,45.097862,United-States,>50K
26.886465,Self-emp-not-inc,112911.55,Some-college,10.017587,Never-married,Exec-managerial,Not-in-family,White,Male,17.99693,-0.4658672,59.821194,United-States,>50K
40.97691,Self-emp-not-inc,437807.66,Masters,14.033075,Divorced,Sales,Unmarried,White,Male,14.451276,-0.14811054,5.0692368,United-States,>50K
56.890137,Private,102943.68,Some-college,10.013512,Married-spouse-absent,Sales,Own-child,Asian-Pac-Islander,Female,11.763532,-0.003296998,90.788284,United-States,>50K
34.98268,Private,175143.3,Assoc-voc,11.008424,Divorced,Prof-specialty,Unmarried,White,Female,39.067486,-0.14003101,39.96155,United-States,>50K
55.05751,Private,257216.05,HS-grad,8.991052,Separated,Adm-clerical,Not-in-family,White,Female,41.439068,-0.061066773,39.967663,United-States,>50K
59.93306,?,129891.4,5th-6th,3.0502996,Married-civ-spouse,?,Husband,White,Male,40.482037,-0.3742458,30.03591,United-States,>50K
66.07423,Private,167142.25,HS-grad,8.994948,Widowed,Sales,Not-in-family,White,Female,30.864117,-0.030648377,39.930912,United-States,>50K
35.645023,Self-emp-not-inc,328744.44,5th-6th,3.0752745,Married-civ-spouse,Transport-moving,Husband,White,Male,59.99339,0.11396679,49.848774,Mexico,>50K
37.721172,Self-emp-not-inc,282276.94,7th-8th,4.0019474,Married-civ-spouse,Sales,Husband,White,Male,58.933575,-0.23790851,34.951015,United-States,>50K
39.038784,Self-emp-not-inc,230273.28,Some-college,10.008906,Never-married,Prof-specialty,Not-in-family,White,Male,14.364606,1574.7529,12.205587,United-States,>50K
33.935444,Private,101694.125,Some-college,10.004302,Divorced,Prof-specialty,Not-in-family,Black,Male,51.991558,0.022795532,39.987568,Germany,>50K
40.840897,Private,36439.76,12th,7.996599,Divorced,Transport-moving,Not-in-family,White,Male,39.92442,-0.3494884,84.76791,United-States,>50K
45.805756,Private,185451.83,HS-grad,9.016605,Divorced,Craft-repair,Other-relative,White,Male,47.537945,-0.17752948,47.91834,United-States,>50K
30.815327,Self-emp-not-inc,180955.61,Bachelors,13.011396,Never-married,Sales,Not-in-family,Black,Male,24.147808,-0.09102741,39.973164,United-States,>50K
24.929811,Private,222348.81,Assoc-voc,11.022138,Never-married,Sales,Not-in-family,White,Male,38.637066,-0.028176453,65.139046,Canada,>50K
29.750254,Private,176846.3,Some-college,10.014005,Never-married,Craft-repair,Not-in-family,White,Male,33.647564,-0.18375507,39.956585,United-States,>50K
23.021082,Private,42811.402,Some-college,9.999514,Separated,Other-service,Not-in-family,White,Male,41.827496,2579.0125,39.973194,United-States,>50K
27.956444,Private,43922.918,Bachelors,13.0189295,Never-married,Exec-managerial,Own-child,White,Male,27.267437,-0.20285907,50.043495,United-States,>50K
33.91191,Self-emp-not-inc,345615.3,HS-grad,9.015342,Never-married,Craft-repair,Not-in-family,White,Male,32.637554,-0.27327076,44.91992,United-States,>50K
55.989464,Private,194690.62,10th,5.995623,Married-civ-spouse,Other-service,Husband,White,Male,39.527203,0.21243176,34.949863,Cuba,>50K
35.00617,Private,327114.3,Some-college,9.982419,Separated,Prof-specialty,Unmarried,White,Female,41.819683,-0.8835536,45.07655,United-States,>50K
29.75428,Private,93844.4,HS-grad,8.963305,Married-civ-spouse,Machine-op-inspct,Husband,Asian-Pac-Islander,Male,38.870953,0.17513928,39.99504,Vietnam,>50K
50.97332,Private,88153.53,HS-grad,8.993308,Divorced,Adm-clerical,Unmarried,White,Female,4740.677,0.09281048,23.87744,United-States,>50K
36.889183,Private,57063.12,Some-college,10.007742,Divorced,Exec-managerial,Not-in-family,White,Female,36.643414,-0.066750675,39.962807,United-States,>50K
25.81599,Self-emp-inc,186840.08,HS-grad,9.010502,Divorced,Exec-managerial,Not-in-family,White,Male,27.012066,-0.572755,78.86312,United-States,>50K
31.892635,Self-emp-not-inc,24110.621,Some-college,10.018379,Never-married,Craft-repair,Not-in-family,White,Male,24.62144,-0.3698131,49.97303,United-States,>50K
35.0686,Private,339642.7,Bachelors,13.000525,Never-married,Sales,Unmarried,White,Female,26.741802,-0.56789505,39.973557,United-States,>50K
38.983074,Self-emp-not-inc,139400.2,Some-college,9.99924,Never-married,Prof-specialty,Not-in-family,Black,Female,26.201763,-0.25294605,47.9948,United-States,>50K
23.126734,Self-emp-not-inc,257776.28,Bachelors,13.008794,Never-married,Adm-clerical,Own-child,White,Male,7.376813,2236.663,40.033577,United-States,>50K
39.963047,Private,326502.28,Some-college,10.016938,Divorced,Transport-moving,Unmarried,White,Male,26.40025,-0.2846767,40.023994,United-States,>50K
66.053024,Private,79607.38,Some-college,10.00268,Never-married,Prof-specialty,Not-in-family,White,Female,13.656598,-0.018960144,39.91837,United-States,>50K
24.848307,Private,70750.18,11th,6.9813957,Married-civ-spouse,Craft-repair,Husband,Asian-Pac-Islander,Male,43.300396,-0.3438045,39.9873,Philippines,>50K
33.966164,Private,133870.1,Bachelors,13.01575,Never-married,Sales,Own-child,White,Male,35.62486,0.06500897,39.964363,United-States,>50K
34.858418,Self-emp-not-inc,113660.16,HS-grad,9.016602,Divorced,Sales,Not-in-family,White,Male,47.222515,0.15458569,49.98792,United-States,>50K
23.185677,Private,101980.625,Bachelors,13.008432,Never-married,Prof-specialty,Own-child,White,Female,31.093609,2258.1882,39.977695,United-States,>50K
55.931248,Private,113723.1,5th-6th,3.055571,Married-civ-spouse,Machine-op-inspct,Husband,White,Male,47.101177,0.26107678,39.873047,Portugal,>50K
21.084297,Private,549799.06,HS-grad,8.981659,Married-civ-spouse,Prof-specialty,Own-child,White,Male,58.456158,-0.9339839,39.937843,Mexico,>50K
32.86615,Self-emp-not-inc,31979.621,HS-grad,9.01845,Divorced,Craft-repair,Not-in-family,White,Male,20.559185,-0.37612262,64.89681,United-States,>50K
25.848042,Local-gov,314702.44,Some-college,10.026655,Never-married,Protective-serv,Not-in-family,White,Male,22.409527,-0.23947254,59.852776,United-States,>50K
53.6694,Private,165942.3,1st-4th,1.928079,Married-civ-spouse,Craft-repair,Husband,Black,Male,79.9547,-0.36671558,39.97719,Haiti,>50K
48.921227,Self-emp-not-inc,154194.75,5th-6th,3.0361772,Married-civ-spouse,Other-service,Husband,White,Male,55.38316,-0.6060115,39.943954,United-States,>50K
39.0205,Private,30376.559,Bachelors,13.014821,Divorced,Sales,Unmarried,White,Female,25.474468,-0.18953052,39.966564,United-States,>50K
43.894806,Private,184845.11,Assoc-voc,11.022846,Separated,Craft-repair,Other-relative,White,Male,48.495464,-0.21402851,47.99168,United-States,>50K
25.030663,Private,197998.55,Bachelors,13.012024,Never-married,Adm-clerical,Not-in-family,White,Male,26.650005,-0.14489856,39.98046,United-States,>50K
33.904766,Private,343902.12,HS-grad,8.998334,Separated,Adm-clerical,Not-in-family,White,Male,47.675884,-0.12851825,39.97811,United-States,>50K
51.901955,Self-emp-not-inc,283548.8,HS-grad,8.9936905,Divorced,Exec-managerial,Unmarried,White,Female,-0.28871447,0.903983,98.33868,United-States,>50K
42.785023,Private,125060.12,5th-6th,3.0287685,Married-civ-spouse,Machine-op-inspct,Wife,Asian-Pac-Islander,Female,84.74596,0.25414166,39.931282,Vietnam,>50K
50.94803,Private,195946.55,Some-college,10.009362,Divorced,Sales,Not-in-family,White,Female,35.944683,0.07558331,38.037178,United-States,>50K
34.98486,Private,138596.48,Some-college,10.009456,Divorced,Exec-managerial,Not-in-family,White,Female,38.490826,-0.077607304,39.969223,United-States,>50K
39.02461,Private,161264.31,Assoc-acdm,12.020391,Divorced,Adm-clerical,Unmarried,White,Female,17.77232,-0.30189624,40.003834,United-States,>50K
29.728424,Private,196723.2,Some-college,10.013285,Never-married,Sales,Not-in-family,White,Male,34.41099,0.1659306,44.92201,United-States,>50K
55.984257,?,154453.55,Some-college,10.006248,Divorced,?,Unmarried,White,Female,18.297466,-0.20038715,50.12711,United-States,>50K
59.101448,Private,107953.195,Some-college,10.001215,Never-married,Prof-specialty,Not-in-family,White,Female,19.410015,0.021117065,37.942524,United-States,>50K
58.302197,Local-gov,184557.0,Bachelors,12.990842,Separated,Prof-specialty,Unmarried,Black,Female,71.72789,-1.6652156,39.93613,Jamaica,>50K
26.780518,Self-emp-not-inc,153161.19,Some-college,10.00494,Married-civ-spouse,Transport-moving,Other-relative,Other,Male,46.481792,-0.026353028,50.077198,Ecuador,>50K
42.913754,Private,316077.25,Assoc-acdm,11.999058,Never-married,Prof-specialty,Not-in-family,White,Female,20.274029,0.09244427,31.975603,United-States,>50K
59.93074,Self-emp-not-inc,125784.82,7th-8th,3.9893231,Married-civ-spouse,Transport-moving,Husband,White,Male,41.236187,-0.1549007,39.96734,United-States,>50K
57.836224,Self-emp-not-inc,103482.836,7th-8th,3.9884243,Married-civ-spouse,Transport-moving,Husband,White,Male,41.3065,-0.14154163,39.966953,United-States,>50K
34.741585,Private,87239.75,7th-8th,3.9723086,Married-civ-spouse,Machine-op-inspct,Husband,White,Male,51.623394,0.09448895,39.895714,?,>50K
24.081127,State-gov,196990.45,HS-grad,9.013444,Married-civ-spouse,Transport-moving,Husband,White,Male,21.1002,-0.47113147,48.985302,United-States,>50K
25.917488,Self-emp-not-inc,331189.22,Bachelors,13.009811,Never-married,Sales,Not-in-family,White,Male,20.252544,-0.23017994,59.965137,United-States,>50K
35.914318,Private,172103.8,Some-college,10.009772,Divorced,Exec-managerial,Not-in-family,White,Female,38.05064,-0.12775531,39.97265,United-States,>50K
72.942795,Private,143938.73,7th-8th,3.9803562,Married-civ-spouse,Sales,Husband,White,Male,34.77232,0.0009067983,34.901608,United-States,>50K
28.906914,Private,115342.836,Bachelors,13.009317,Never-married,Sales,Not-in-family,White,Female,31.691265,0.0730885,50.050053,United-States,>50K
46.989014,Private,26809.98,HS-grad,9.002212,Never-married,Sales,Not-in-family,White,Female,32.365093,0.036894653,65.11264,United-States,>50K
45.0349,Private,306201.9,Bachelors,13.004662,Never-married,Other-service,Not-in-family,Black,Female,32.691265,-0.26159015,44.063248,United-States,>50K
44.940155,Private,201754.98,Assoc-acdm,11.993044,Separated,Adm-clerical,Unmarried,White,Female,21.457134,-0.5292064,39.997974,United-States,>50K
50.92247,State-gov,21111.809,HS-grad,8.999884,Divorced,Exec-managerial,Not-in-family,White,Male,15.767682,0.14551434,37.085045,United-States,>50K
73.1329,Private,35495.137,Bachelors,13.01641,Divorced,Exec-managerial,Unmarried,White,Female,-3.4679136,-0.3416988,39.977615,United-States,>50K
44.78104,Private,117905.89,HS-grad,9.018382,Divorced,Tech-support,Not-in-family,White,Female,44.500835,0.21567425,50.01651,United-States,>50K
39.975746,Private,191287.08,Assoc-voc,11.007528,Divorced,Prof-specialty,Unmarried,White,Female,36.424664,-0.19137684,39.960545,United-States,>50K
67.060776,Self-emp-not-inc,175518.0,Some-college,10.004495,Never-married,Prof-specialty,Not-in-family,White,Female,6.2440004,-0.116898686,50.024334,United-States,>50K
48.179886,Private,113190.59,Bachelors,13.025042,Married-spouse-absent,Prof-specialty,Other-relative,Asian-Pac-Islander,Female,48.481304,-0.29266468,35.97649,Philippines,>50K
30.65735,State-gov,439602.28,Some-college,10.019359,Divorced,Protective-serv,Not-in-family,White,Male,18.242779,-0.0280849,39.972942,United-States,>50K
46.989044,Private,162135.75,Some-college,10.004683,Divorced,Sales,Unmarried,White,Female,28.76231,-0.21050373,45.04426,United-States,>50K
23.346684,Self-emp-not-inc,40439.76,Some-college,10.002231,Married-civ-spouse,Craft-repair,Husband,White,Male,-2.7906675,-0.7503444,40.00598,United-States,>50K
41.942444,Federal-gov,272524.94,Assoc-voc,11.008935,Divorced,Adm-clerical,Unmarried,Black,Female,10.415143,-0.5020534,40.013668,United-States,>50K
41.93357,Private,344621.22,HS-grad,9.003144,Divorced,Exec-managerial,Not-in-family,White,Female,45.058453,-0.023652222,39.97092,United-States,>50K
53.786045,Private,235352.88,11th,7.0138803,Divorced,Adm-clerical,Not-in-family,White,Male,42.96739,-0.16820636,39.98051,United-States,>50K
24.17601,Private,240560.0,HS-grad,9.000959,Married-civ-spouse,Other-service,Husband,White,Male,33.049908,-0.21283832,44.973637,United-States,>50K
67.23007,Private,137567.84,Bachelors,13.016431,Widowed,Exec-managerial,Not-in-family,White,Female,14.753034,-0.42982593,15.863651,United-States,>50K
26.890278,Private,131331.3,HS-grad,9.002272,Married-civ-spouse,Handlers-cleaners,Husband,White,Male,20.812603,-0.39209858,39.988003,United-States,>50K
36.88046,Local-gov,187694.61,Assoc-acdm,12.035158,Divorced,Other-service,Unmarried,White,Male,20.680523,-0.21900287,60.036446,United-States,>50K
46.984917,Private,188831.75,HS-grad,9.00123,Separated,Craft-repair,Unmarried,White,Male,32.528667,-0.29476276,39.983852,United-States,>50K
52.925655,Private,121102.23,HS-grad,9.014958,Divorced,Transport-moving,Not-in-family,White,Male,33.766216,-0.08826557,39.98034,United-States,>50K
89.86134,Private,196717.31,HS-grad,9.006027,Never-married,Adm-clerical,Not-in-family,White,Female,8.031842,-0.082131535,39.930298,United-States,>50K
51.92914,Private,176880.94,HS-grad,9.018411,Divorced,Craft-repair,Other-relative,White,Male,42.253277,-0.3757564,54.805,United-States,>50K
58.095116,Private,188308.94,HS-grad,8.9888735,Married-civ-spouse,Handlers-cleaners,Husband,Black,Male,8.54527,-0.11169544,19.977154,United-States,>50K
62.043976,Self-emp-not-inc,145683.4,7th-8th,3.9926734,Married-civ-spouse,Farming-fishing,Husband,White,Male,45.0189,-0.13912311,39.957436,United-States,>50K
54.961597,Self-emp-inc,208583.34,HS-grad,9.008185,Divorced,Sales,Unmarried,White,Female,31.244244,-0.099755436,50.076054,United-States,>50K
30.727468,Private,225478.3,HS-grad,9.014777,Never-married,Craft-repair,Not-in-family,White,Male,38.54112,-0.0046626595,49.952232,United-States,>50K
39.738018,Private,286059.72,7th-8th,3.9909372,Married-civ-spouse,Machine-op-inspct,Husband,White,Male,48.779644,0.4330586,39.909252,Mexico,>50K
64.125336,Self-emp-not-inc,390050.3,10th,5.9742846,Married-civ-spouse,Prof-specialty,Husband,White,Male,7.9820375,-0.41105762,9.976585,United-States,>50K
50.04581,Private,45596.12,Assoc-voc,11.007617,Divorced,Prof-specialty,Unmarried,White,Female,28.480083,-0.13693348,39.95109,United-States,>50K
65.18495,?,75268.84,HS-grad,8.988665,Married-civ-spouse,?,Husband,White,Male,-26.047749,0.07732281,2.0536196,United-States,>50K
35.823277,Private,176442.64,Assoc-voc,11.042409,Never-married,Tech-support,Not-in-family,White,Male,25.093609,-0.00045886333,39.952045,United-States,>50K
26.985355,Self-emp-not-inc,259498.28,HS-grad,9.005079,Married-civ-spouse,Other-service,Husband,Black,Male,22.543804,-0.38783374,59.96648,United-States,>50K
42.93864,Private,236113.11,HS-grad,9.004464,Divorced,Exec-managerial,Unmarried,White,Female,36.907085,-0.25533405,47.007084,United-States,>50K
50.07554,Local-gov,133307.9,Bachelors,13.014407,Never-married,Prof-specialty,Own-child,White,Female,32.06822,-0.12252155,39.972973,United-States,>50K
25.056192,Private,134754.14,HS-grad,9.00602,Married-civ-spouse,Transport-moving,Husband,White,Male,21.285503,-0.34459797,40.003277,United-States,>50K
30.601461,Self-emp-not-inc,404613.72,10th,6.058948,Married-civ-spouse,Farming-fishing,Husband,White,Male,42.095074,0.24978527,54.788483,Portugal,>50K
24.955656,Private,211642.12,Assoc-acdm,12.021938,Never-married,Prof-specialty,Not-in-family,White,Male,19.197369,0.24398693,49.971794,United-States,>50K
39.936543,Private,33353.01,Some-college,10.01684,Divorced,Craft-repair,Unmarried,White,Male,21.009624,-0.41609302,39.984467,United-States,>50K
64.13321,Local-gov,189640.77,HS-grad,9.017105,Divorced,Craft-repair,Not-in-family,White,Male,19.998394,-0.021950867,39.96877,United-States,>50K
64.27136,Private,239459.69,HS-grad,8.995904,Widowed,Adm-clerical,Not-in-family,White,Female,30.424175,-0.2623836,39.952198,United-States,>50K
60.01476,Private,201692.2,Some-college,10.023274,Divorced,Craft-repair,Own-child,White,Male,23.173199,-0.4452602,43.955345,United-States,>50K
24.993443,Self-emp-inc,181963.11,Bachelors,13.00934,Never-married,Sales,Not-in-family,White,Male,25.660748,0.093153805,44.94822,United-States,>50K
31.587008,Private,389278.44,5th-6th,3.0614858,Married-civ-spouse,Craft-repair,Husband,Other,Male,72.52135,-0.03752246,44.891068,Mexico,>50K
29.755203,Private,212506.31,Some-college,10.013857,Never-married,Sales,Not-in-family,White,Male,31.811626,0.09216198,49.962795,United-States,>50K
36.832527,Private,204119.34,Some-college,10.018888,Never-married,Tech-support,Not-in-family,White,Male,27.578228,-0.14904895,39.950294,United-States,>50K
31.926449,Private,208529.25,HS-grad,8.997289,Married-civ-spouse,Transport-moving,Husband,White,Male,9.824567,-0.33234516,20.070793,United-States,>50K
22.176386,Private,375068.3,HS-grad,9.01086,Married-civ-spouse,Transport-moving,Husband,White,Male,21.903423,-0.33646503,50.009228,United-States,>50K
77.13991,Private,270072.8,HS-grad,8.998249,Widowed,Exec-managerial,Not-in-family,White,Female,15.332379,-0.22520557,39.94155,United-States,>50K
35.92158,Self-emp-not-inc,204605.4,Bachelors,13.013038,Divorced,Prof-specialty,Not-in-family,Black,Female,29.726177,-0.20700946,39.976185,United-States,>50K
66.06968,Private,127388.19,HS-grad,9.004091,Divorced,Exec-managerial,Not-in-family,Black,Male,25.394634,-0.04647937,39.963226,United-States,>50K
59.979057,Private,539001.4,1st-4th,1.9705585,Married-civ-spouse,Craft-repair,Husband,White,Male,74.33385,-0.27529255,39.87393,Mexico,>50K
35.848198,Private,283422.6,HS-grad,9.011773,Never-married,Sales,Unmarried,White,Male,28.060406,-0.11390796,59.90993,United-States,>50K
38.92701,Private,176403.89,HS-grad,8.997029,Separated,Adm-clerical,Not-in-family,White,Male,45.452007,-0.16513935,39.970943,United-States,>50K
39.93441,Private,361377.84,Some-college,10.014124,Never-married,Tech-support,Not-in-family,White,Female,22.700054,-0.0987865,49.99223,United-States,>50K
31.488037,Private,99755.13,5th-6th,3.0378623,Married-civ-spouse,Machine-op-inspct,Wife,Asian-Pac-Islander,Female,59.126812,0.11134991,39.92318,Laos,>50K
25.958784,Private,85705.484,HS-grad,9.004513,Married-civ-spouse,Transport-moving,Husband,White,Male,20.205181,-0.3458492,39.999054,United-States,>50K
30.516811,Local-gov,188582.61,HS-grad,9.023163,Divorced,Protective-serv,Not-in-family,White,Male,23.398785,-0.030022766,46.913456,United-States,>50K
35.867634,Local-gov,174149.89,Assoc-voc,11.024068,Never-married,Protective-serv,Not-in-family,Black,Female,17.662212,0.003241393,60.083443,United-States,>50K
58.996223,Private,109149.1,HS-grad,9.010574,Divorced,Craft-repair,Not-in-family,White,Male,26.074322,-0.0674068,38.050278,United-States,>50K
23.184772,Private,64667.926,HS-grad,8.990087,Married-civ-spouse,Machine-op-inspct,Wife,White,Female,21.490337,0.4226292,39.9486,United-States,>50K
27.938814,Private,168255.88,HS-grad,8.992595,Married-civ-spouse,Exec-managerial,Own-child,White,Female,36.03648,-0.26670948,38.03586,United-States,>50K
24.166775,Private,116852.75,HS-grad,9.002077,Married-civ-spouse,Handlers-cleaners,Husband,White,Male,4482.685,-0.39386097,39.98692,United-States,>50K
71.02067,Private,163098.03,Some-college,10.007208,Widowed,Sales,Not-in-family,White,Male,12.148786,-0.12568012,34.90767,United-States,>50K
39.006466,Local-gov,170056.28,Masters,14.024313,Divorced,Prof-specialty,Unmarried,White,Female,17.172466,0.11572918,30.037004,United-States,>50K
35.105106,Private,107678.01,Bachelors,13.009348,Widowed,Prof-specialty,Unmarried,White,Female,24.90318,-0.5095302,31.947515,United-States,>50K
64.136665,Private,119427.01,Some-college,10.020103,Never-married,Tech-support,Not-in-family,White,Male,14.573346,-0.050179627,39.93609,United-States,>50K
26.97209,Private,105668.88,Bachelors,13.012525,Never-married,Prof-specialty,Not-in-family,White,Female,28.062847,0.088095516,50.043503,United-States,>50K
47.03404,Private,197846.86,Some-college,10.002467,Never-married,Adm-clerical,Not-in-family,White,Female,31.548199,-0.17736164,39.96585,United-States,>50K
42.913055,Private,142003.98,Some-college,10.005144,Divorced,Sales,Unmarried,White,Female,28.525982,-0.18227497,54.90528,United-States,>50K
23.205414,Private,324445.12,HS-grad,8.999273,Married-civ-spouse,Sales,Husband,White,Male,23.278667,-0.22886768,40.00006,United-States,>50K
33.91945,Self-emp-not-inc,27218.387,HS-grad,9.015977,Divorced,Exec-managerial,Not-in-family,White,Male,17.909283,-0.2721111,59.809254,United-States,>50K
33.90995,Self-emp-inc,176785.77,HS-grad,9.017372,Divorced,Sales,Unmarried,White,Male,37.78233,-0.0076457527,50.023727,United-States,>50K
59.97358,Self-emp-not-inc,24931.48,HS-grad,9.015053,Divorced,Craft-repair,Not-in-family,White,Male,20.629986,-0.15590015,49.99633,United-States,>50K
26.991508,Private,34745.12,Some-college,10.002622,Married-civ-spouse,Handlers-cleaners,Husband,White,Male,12.772809,-0.32722583,39.99201,United-States,>50K
60.995445,Private,52558.715,1st-4th,1.9288067,Married-civ-spouse,Machine-op-inspct,Husband,White,Male,53.60899,-0.00844684,59.60742,United-States,>50K
28.013071,Private,199643.84,Some-college,9.992701,Married-civ-spouse,Other-service,Husband,White,Male,17.77232,-0.47715107,35.018715,United-States,>50K
58.088326,Private,108898.39,HS-grad,8.99408,Widowed,Adm-clerical,Not-in-family,White,Female,35.433453,-0.16408649,39.947952,United-States,>50K
27.902235,Private,131768.48,HS-grad,9.002103,Married-civ-spouse,Handlers-cleaners,Husband,White,Male,20.517193,-0.38965717,39.988033,United-States,>50K
48.12298,Private,160730.44,Some-college,9.995748,Never-married,Exec-managerial,Not-in-family,White,Female,22.247417,0.016882751,39.964916,Ireland,>50K
41.811653,State-gov,160028.42,HS-grad,9.010469,Never-married,Protective-serv,Not-in-family,White,Male,16.898785,0.0528172,39.9397,United-States,>50K
39.96997,Private,179050.1,Some-college,10.009514,Divorced,Exec-managerial,Not-in-family,White,Female,35.94395,-0.1880733,39.97334,United-States,>50K
31.903902,Private,250974.69,Some-college,10.014202,Divorced,Exec-managerial,Not-in-family,White,Female,40.595806,-0.18164936,50.043808,United-States,>50K
30.884491,Private,100726.89,Bachelors,13.009279,Never-married,Sales,Not-in-family,White,Female,30.621197,0.07342419,50.05458,United-States,>50K
42.797207,Private,174904.7,9th,5.021975,Married-spouse-absent,Craft-repair,Not-in-family,White,Male,50.427837,0.012564513,49.936436,United-States,>50K
36.833298,Federal-gov,38596.184,HS-grad,9.004971,Never-married,Adm-clerical,Not-in-family,White,Male,-2.9740171,0.078543514,39.94928,United-States,>50K
66.11979,Private,173545.08,Some-college,9.988044,Widowed,Sales,Unmarried,White,Female,17.256695,-0.5300609,50.03889,United-States,>50K
25.052082,Private,74505.71,HS-grad,9.006484,Married-civ-spouse,Transport-moving,Husband,White,Male,22.210552,-0.34298053,43.94877,United-States,>50K
31.914873,Local-gov,246985.36,HS-grad,8.993784,Married-civ-spouse,Other-service,Husband,Black,Male,3202.3057,-0.3294994,38.130093,United-States,>50K
72.79299,Self-emp-not-inc,300093.75,Some-college,9.999105,Married-civ-spouse,Sales,Husband,White,Male,-17.612446,-0.4578258,6.0551834,United-States,>50K
39.924145,Self-emp-not-inc,265373.66,Some-college,10.014168,Divorced,Exec-managerial,Other-relative,White,Male,13.311627,1567.8705,69.90677,Iran,>50K
27.984053,Private,303017.0,Bachelors,13.007677,Separated,Exec-managerial,Not-in-family,White,Female,33.11729,-0.5337535,50.11093,United-States,>50K
25.846867,Private,248268.75,11th,6.9820523,Married-civ-spouse,Adm-clerical,Husband,White,Male,30.007671,-0.2862331,39.996044,United-States,>50K
48.981094,Local-gov,99850.34,9th,5.032846,Widowed,Handlers-cleaners,Unmarried,White,Male,55.66563,2245.5786,39.9772,United-States,>50K
64.20775,Self-emp-not-inc,103081.17,HS-grad,8.991696,Married-civ-spouse,Sales,Husband,White,Male,-6.0025816,0.088065,15.042591,United-States,>50K
40.872414,Private,61604.418,HS-grad,9.007108,Never-married,Craft-repair,Not-in-family,White,Male,36.077496,-0.17983356,41.81365,United-States,>50K
47.033215,Private,176358.11,Some-college,9.988001,Separated,Adm-clerical,Unmarried,White,Female,28.1002,-0.6161052,50.11837,United-States,>50K
25.952654,Private,175968.52,Bachelors,13.018435,Never-married,Craft-repair,Not-in-family,White,Male,22.225933,-0.04827228,44.950783,United-States,>50K
52.975822,Local-gov,228285.17,HS-grad,9.01295,Divorced,Craft-repair,Not-in-family,Other,Male,46.172222,0.2919148,40.00319,?,>50K
55.897274,Private,65673.29,HS-grad,9.012687,Never-married,Farming-fishing,Not-in-family,White,Male,48.667095,0.0397099,49.99215,United-States,>50K
58.135857,Private,143354.61,Masters,14.0228195,Never-married,Adm-clerical,Not-in-family,White,Female,2.5169497,0.42569622,23.850863,United-States,>50K
50.0101,Local-gov,269846.3,Some-college,10.020004,Divorced,Adm-clerical,Own-child,White,Male,22.293804,0.11370739,42.881104,United-States,>50K
24.215055,Private,187381.89,Masters,14.014407,Never-married,Exec-managerial,Own-child,White,Female,4790.275,-0.14074817,59.961033,United-States,>50K
55.90581,Private,118192.84,Some-college,10.021412,Divorced,Transport-moving,Not-in-family,White,Male,25.5211,0.052847717,39.98191,United-States,>50K
53.159782,State-gov,104481.28,HS-grad,8.961624,Married-civ-spouse,Other-service,Wife,Amer-Indian-Eskimo,Female,33.092632,0.21260723,28.155855,United-States,>50K
28.961988,Private,175174.11,Bachelors,13.008882,Never-married,Exec-managerial,Not-in-family,White,Female,25.199322,-0.059617188,45.0141,United-States,>50K
42.85983,Private,179278.42,HS-grad,9.002432,Separated,Craft-repair,Not-in-family,White,Male,41.501812,-0.11598316,39.965855,United-States,>50K
35.997578,Private,36110.105,HS-grad,8.992357,Married-civ-spouse,Transport-moving,Husband,White,Male,6.7979555,-0.25388446,25.047323,United-States,>50K
53.63722,Private,51064.965,5th-6th,3.0109076,Married-civ-spouse,Transport-moving,Husband,White,Male,52.858013,-0.3742763,39.940372,United-States,>50K
60.245823,Private,112980.195,Bachelors,13.007734,Divorced,Exec-managerial,Not-in-family,White,Female,31.590923,0.43598828,39.97517,Hungary,>50K
42.97431,Private,214009.1,Some-college,10.00466,Never-married,Adm-clerical,Unmarried,White,Male,18.239605,-0.43866077,38.023804,United-States,>50K
58.06344,State-gov,184680.56,Bachelors,13.01469,Widowed,Tech-support,Unmarried,White,Female,10.065534,-0.3014461,39.992214,United-States,>50K
21.93998,Private,117715.195,Assoc-acdm,12.028494,Never-married,Handlers-cleaners,Not-in-family,Black,Male,36.10191,2844.2795,39.948235,?,>50K
60.125862,Self-emp-not-inc,87795.02,Assoc-voc,11.003852,Married-civ-spouse,Transport-moving,Wife,White,Female,24.688824,-0.39110675,14.983118,Germany,>50K
25.99292,Private,210544.23,Some-college,10.004237,Married-civ-spouse,Handlers-cleaners,Husband,White,Male,18.862408,-0.57892716,40.01145,United-States,>50K
37.742336,Self-emp-not-inc,105703.25,9th,5.013864,Married-civ-spouse,Transport-moving,Husband,White,Male,36.418804,-0.38695636,44.920464,United-States,>50K
31.828737,?,134085.7,HS-grad,8.995057,Married-civ-spouse,?,Wife,White,Female,27.290386,-0.05947223,2.6418498,United-States,>50K
26.835766,Private,80982.32,HS-grad,9.009048,Married-civ-spouse,Transport-moving,Husband,Asian-Pac-Islander,Male,30.290874,-0.28759876,40.00731,Philippines,>50K
66.01026,Private,127471.21,10th,5.9627714,Married-civ-spouse,Exec-managerial,Husband,White,Male,6.534772,-0.06367603,15.072477,United-States,>50K
51.966297,Private,112078.75,HS-grad,9.001896,Never-married,Machine-op-inspct,Not-in-family,White,Male,13.660993,0.0811604,44.903584,United-States,>50K
40.956963,Federal-gov,105978.64,Some-college,10.010771,Divorced,Prof-specialty,Unmarried,White,Female,10.49278,-0.18312946,39.986248,United-States,>50K
60.972485,?,28335.637,7th-8th,3.9806156,Married-civ-spouse,?,Husband,White,Male,38.422466,-0.22039905,39.93841,United-States,>50K
28.84653,Private,395778.2,10th,6.013341,Married-civ-spouse,Transport-moving,Husband,White,Male,28.08604,-0.13346973,44.93466,United-States,>50K
33.957825,Self-emp-not-inc,202189.34,HS-grad,9.017,Married-spouse-absent,Craft-repair,Not-in-family,White,Male,17.687359,-0.36597553,49.995316,United-States,>50K
42.969574,Private,179284.92,Bachelors,13.011546,Divorced,Sales,Unmarried,White,Female,25.252056,-0.28657642,39.973118,United-States,>50K
24.077623,Private,233875.02,11th,6.9797735,Married-civ-spouse,Craft-repair,Husband,White,Male,33.05723,-0.28805652,49.944115,United-States,>50K
29.753002,Private,120018.14,Bachelors,13.016428,Never-married,Sales,Not-in-family,White,Male,25.858013,0.07490429,39.95749,United-States,>50K
60.985126,Private,180390.45,HS-grad,9.021066,Divorced,Transport-moving,Not-in-family,White,Male,18.819439,1573.1505,39.970924,United-States,>50K
26.081703,Private,232623.36,HS-grad,8.997446,Married-civ-spouse,Machine-op-inspct,Husband,White,Male,7.380231,-0.20629993,39.98425,United-States,>50K
40.871174,State-gov,367566.66,HS-grad,9.016703,Divorced,Protective-serv,Not-in-family,White,Male,19.680523,-0.0154964,39.96242,United-States,>50K
37.80809,Private,111033.1,HS-grad,9.0006695,Never-married,Prof-specialty,Not-in-family,White,Male,35.73106,-0.06882587,39.936268,United-States,>50K
39.08934,Self-emp-not-inc,65141.62,Some-college,9.992814,Married-civ-spouse,Other-service,Wife,White,Female,25.328716,-0.16837421,14.955128,United-States,>50K
28.077694,Private,354382.22,Masters,14.023827,Never-married,Prof-specialty,Not-in-family,White,Female,30.254498,0.027632568,39.937576,United-States,>50K
56.72459,Self-emp-not-inc,31939.277,7th-8th,3.973009,Married-civ-spouse,Craft-repair,Husband,White,Male,29.046978,-0.28395954,39.935574,United-States,>50K
38.919613,Self-emp-not-inc,29120.605,Some-college,10.012091,Separated,Craft-repair,Not-in-family,White,Male,24.96104,-0.14034382,59.88148,United-States,>50K
38.982048,Private,37933.34,Some-college,10.008906,Married-spouse-absent,Craft-repair,Unmarried,White,Male,6.065778,-0.38254657,39.992584,United-States,>50K
27.949644,Self-emp-not-inc,227132.28,Bachelors,13.010797,Never-married,Prof-specialty,Not-in-family,Black,Male,18.195171,-0.25050464,50.05971,United-States,>50K
34.060104,Private,176300.34,Bachelors,13.012858,Divorced,Prof-specialty,Unmarried,White,Female,26.351421,-0.2724239,39.969692,United-States,>50K
46.95752,Private,248357.81,Some-college,10.002152,Separated,Transport-moving,Unmarried,White,Male,25.433697,-0.36253467,50.072952,United-States,>50K
43.78276,Private,83595.445,HS-grad,9.011633,Divorced,Craft-repair,Not-in-family,White,Male,32.446148,-0.12667194,39.951324,United-States,>50K
61.061665,Private,47794.34,Some-college,10.0034075,Never-married,Exec-managerial,Not-in-family,White,Male,15.256207,-0.09642902,37.96108,United-States,>50K
53.96557,State-gov,92203.03,Bachelors,13.019208,Never-married,Prof-specialty,Unmarried,Asian-Pac-Islander,Female,17.821148,-0.20231739,39.976425,United-States,>50K
28.920233,Private,89098.85,Bachelors,13.020569,Never-married,Prof-specialty,Own-child,Asian-Pac-Islander,Male,48.563824,-0.15808979,64.11249,Philippines,>50K
34.052895,Self-emp-not-inc,195619.88,HS-grad,9.005227,Divorced,Exec-managerial,Unmarried,White,Female,20.36729,2484.1562,34.994556,United-States,>50K
30.948643,Private,103561.95,Bachelors,13.009338,Never-married,Sales,Not-in-family,White,Female,25.926617,-0.14631763,65.20656,United-States,>50K
28.916763,Private,107578.42,Masters,14.0266695,Never-married,Prof-specialty,Not-in-family,White,Female,27.718365,0.27764782,39.931553,United-States,>50K
33.983665,Private,110342.695,Some-college,10.005848,Never-married,Exec-managerial,Not-in-family,White,Male,28.848003,-0.24370685,39.95652,United-States,>50K
54.9441,Private,170701.1,HS-grad,9.010208,Divorced,Craft-repair,Unmarried,Black,Male,21.8065,-0.12900653,47.999397,United-States,>50K
53.87429,Private,329304.34,HS-grad,9.001084,Never-married,Exec-managerial,Unmarried,White,Male,18.862652,-0.3575603,39.981297,United-States,>50K
30.829836,Private,218425.4,HS-grad,8.989914,Married-civ-spouse,Other-service,Husband,White,Male,37.401226,-0.1724712,39.967396,Mexico,>50K
26.898468,Private,187838.64,Bachelors,13.019812,Separated,Prof-specialty,Not-in-family,Asian-Pac-Islander,Male,50.50694,-0.01851001,39.977356,Philippines,>50K
63.104053,Self-emp-not-inc,30105.105,7th-8th,4.0027,Married-civ-spouse,Farming-fishing,Husband,White,Male,44.57017,-0.06408039,69.70857,United-States,>50K
41.702885,Private,62533.793,1st-4th,1.9602855,Married-civ-spouse,Adm-clerical,Husband,White,Male,72.5919,0.58054245,54.750473,Portugal,>50K
28.775082,Private,117606.51,HS-grad,8.991027,Married-civ-spouse,Prof-specialty,Wife,Asian-Pac-Islander,Female,53.61973,-0.100403935,9.644569,China,>50K
43.889053,Self-emp-inc,457233.12,Some-college,10.013716,Divorced,Sales,Own-child,White,Male,30.70689,-0.19313923,44.99081,United-States,>50K
36.852463,Private,111278.21,Assoc-voc,11.005892,Never-married,Prof-specialty,Not-in-family,White,Female,36.7877,0.24017987,47.95972,United-States,>50K
53.746655,Private,101163.72,HS-grad,9.019696,Divorced,Tech-support,Not-in-family,White,Male,24.259136,-0.028771546,41.788586,United-States,>50K
49.043316,Self-emp-not-inc,103882.086,HS-grad,9.014675,Divorced,Sales,Not-in-family,White,Male,39.789165,0.16709027,50.00213,United-States,>50K
43.95217,Private,221703.6,Masters,14.025025,Divorced,Prof-specialty,Unmarried,White,Female,17.477886,-0.10453144,24.869078,United-States,>50K
30.950695,State-gov,99917.18,Masters,14.022897,Divorced,Exec-managerial,Unmarried,White,Female,6.8445864,-0.10512653,50.089535,United-States,>50K
27.880733,Private,277447.06,Assoc-voc,11.026032,Never-married,Exec-managerial,Not-in-family,White,Male,25.03062,-0.08915058,59.931774,United-States,>50K
51.947483,Private,37400.12,HS-grad,9.009603,Divorced,Craft-repair,Not-in-family,White,Male,28.232037,-0.085770756,39.944824,United-States,>50K
30.802288,Private,110455.836,Bachelors,13.016559,Never-married,Sales,Not-in-family,White,Male,25.125591,0.083289,39.956764,United-States,>50K
35.018345,Private,148753.02,HS-grad,8.988856,Married-civ-spouse,Other-service,Wife,White,Female,34.873394,-0.3309795,15.93362,United-States,>50K
64.14892,Private,236435.64,7th-8th,4.014041,Married-civ-spouse,Transport-moving,Husband,White,Male,40.133648,0.16706738,47.89299,Mexico,>50K
39.885944,Private,322255.9,HS-grad,9.027046,Divorced,Transport-moving,Not-in-family,White,Male,42.61778,-0.18418232,59.911613,United-States,>50K
28.799765,Self-emp-inc,263717.4,Bachelors,13.007016,Never-married,Sales,Not-in-family,White,Male,24.494,-0.07933918,39.97992,United-States,>50K
78.24718,Self-emp-not-inc,82102.94,Some-college,9.994784,Married-civ-spouse,Craft-repair,Husband,White,Male,-14.643207,0.1554707,3.6605227,United-States,>50K
54.9898,Local-gov,218435.77,Some-college,10.01243,Divorced,Adm-clerical,Not-in-family,Black,Female,27.912212,-0.2175838,54.975155,United-States,>50K
70.039665,?,148597.52,Some-college,9.998263,Married-civ-spouse,?,Husband,White,Male,-28.571918,0.4118794,4.347351,United-States,>50K
48.137802,Private,171388.0,Bachelors,13.013532,Divorced,Other-service,Unmarried,White,Female,24.666607,-0.30542865,56.050526,United-States,>50K
50.947037,Private,203991.94,Some-college,10.011514,Divorced,Sales,Not-in-family,White,Female,33.02354,0.020865295,45.009605,United-States,>50K
50.91095,Private,92522.586,HS-grad,9.005654,Never-married,Craft-repair,Not-in-family,White,Male,30.622417,-0.15297046,39.936737,United-States,>50K
32.718674,Self-emp-not-inc,248518.88,5th-6th,3.0415287,Married-civ-spouse,Craft-repair,Husband,White,Male,43.490337,-0.43019214,49.821156,United-States,>50K
37.920277,Private,178196.42,Some-college,10.006467,Never-married,Exec-managerial,Not-in-family,White,Female,27.23985,-0.17121997,50.04771,United-States,>50K
28.893223,Self-emp-not-inc,132005.02,Prof-school,15.023951,Never-married,Prof-specialty,Own-child,White,Male,13.789411,0.0067890617,50.043064,Italy,>50K
48.034996,Private,148769.81,Some-college,10.011533,Divorced,Machine-op-inspct,Not-in-family,White,Male,17.210552,0.011740538,39.94435,United-States,>50K
22.30507,Private,400261.62,Some-college,10.0023985,Married-civ-spouse,Transport-moving,Husband,White,Male,12.054547,-0.380273,47.98622,United-States,>50K
70.08032,Self-emp-not-inc,268565.16,Assoc-voc,11.026638,Married-civ-spouse,Farming-fishing,Husband,White,Male,-1.5355406,-0.42851368,23.883938,United-States,>50K
33.95204,Federal-gov,94883.63,Assoc-acdm,12.057079,Never-married,Tech-support,Not-in-family,Asian-Pac-Islander,Female,8.299909,-0.077721745,59.93419,United-States,>50K
36.70223,Self-emp-not-inc,80155.94,9th,5.012084,Married-civ-spouse,Transport-moving,Husband,White,Male,24.008648,-0.61565506,69.788445,United-States,>50K
51.88541,Private,180842.31,10th,5.995909,Married-civ-spouse,Transport-moving,Husband,White,Male,18.628277,-0.1545879,30.081099,United-States,>50K
25.07018,Private,162782.16,12th,7.9906077,Married-civ-spouse,Craft-repair,Husband,White,Male,23.546978,-0.46998706,40.009457,United-States,>50K
28.914854,Private,38781.152,HS-grad,9.002491,Married-civ-spouse,Transport-moving,Husband,White,Male,17.765972,-0.32691303,39.99609,United-States,>50K
31.872444,Self-emp-not-inc,197588.42,Bachelors,13.011729,Never-married,Sales,Not-in-family,White,Male,22.459087,-0.0015117198,44.962402,United-States,>50K
37.919373,Private,339253.9,Masters,14.021163,Divorced,Tech-support,Unmarried,White,Female,4.9053774,-0.10097614,39.957417,United-States,>50K
55.931316,Private,216899.31,HS-grad,9.0212345,Divorced,Transport-moving,Not-in-family,White,Male,36.449078,-0.020638611,50.031498,United-States,>50K
31.716139,Private,180121.7,Assoc-voc,11.028687,Divorced,Sales,Not-in-family,White,Male,39.67979,0.56117904,49.98968,United-States,>50K
40.876595,Private,38866.996,Some-college,10.017082,Divorced,Craft-repair,Not-in-family,White,Male,27.052593,-0.106064945,39.955524,United-States,>50K
48.105392,State-gov,182652.83,Assoc-voc,11.012067,Divorced,Prof-specialty,Unmarried,White,Female,27.55943,-0.3494884,55.997192,United-States,>50K
43.947285,Private,61731.566,Bachelors,13.019485,Divorced,Exec-managerial,Own-child,White,Female,28.768658,-0.26005664,50.117584,United-States,>50K
35.894737,Local-gov,201364.22,HS-grad,9.021498,Married-spouse-absent,Protective-serv,Not-in-family,White,Male,20.661236,-0.25988117,69.06125,Germany,>50K
66.850586,Federal-gov,230925.95,HS-grad,9.010137,Never-married,Adm-clerical,Not-in-family,White,Male,-5.760638,-0.053101685,39.95134,United-States,>50K
28.964186,Private,210907.48,11th,6.9485173,Married-civ-spouse,Transport-moving,Husband,White,Male,22.551373,-0.026040222,98.23727,United-States,>50K
58.09567,Private,200227.73,Some-college,10.007555,Divorced,Adm-clerical,Not-in-family,Black,Female,22.967144,-0.21167102,54.973637,United-States,>50K
35.82794,Local-gov,248018.95,Assoc-voc,11.039411,Never-married,Protective-serv,Not-in-family,White,Male,9.334821,-0.09176746,39.973015,United-States,>50K
40.01669,Private,266309.84,Assoc-acdm,12.025381,Divorced,Exec-managerial,Not-in-family,White,Female,23.386822,-0.10376087,39.98173,United-States,>50K
28.919949,Private,161120.38,HS-grad,8.991733,Married-civ-spouse,Machine-op-inspct,Husband,Black,Male,5.625104,0.13576397,39.98385,United-States,>50K
50.038177,Self-emp-not-inc,61656.3,Some-college,9.988037,Married-civ-spouse,Other-service,Husband,White,Male,-7.7457457,-0.147401,25.01932,United-States,>50K
39.926228,Private,77254.74,Assoc-voc,11.045721,Divorced,Transport-moving,Not-in-family,White,Male,32.657574,0.36847576,50.048573,United-States,>50K
58.97818,Private,276127.0,HS-grad,9.027021,Divorced,Tech-support,Unmarried,White,Male,19.389751,0.0399693,59.872726,United-States,>50K
60.07666,Local-gov,99997.914,Assoc-voc,11.028944,Divorced,Prof-specialty,Unmarried,White,Male,18.073101,0.037093017,39.97826,United-States,>50K
37.779167,Private,184343.58,HS-grad,9.014021,Divorced,Sales,Not-in-family,White,Male,44.899517,0.29200634,49.977886,United-States,>50K
31.888832,Private,28097.715,10th,5.967898,Married-civ-spouse,Transport-moving,Husband,White,Male,15.851666,-0.58310044,80.64909,United-States,>50K
37.924007,Private,289640.16,Masters,14.028305,Never-married,Prof-specialty,Unmarried,Asian-Pac-Islander,Female,52.06016,0.009917113,39.96077,China,>50K
34.982178,Private,65105.184,Bachelors,13.01469,Never-married,Prof-specialty,Not-in-family,Asian-Pac-Islander,Female,40.185894,0.07831463,39.955845,Philippines,>50K
40.91491,Private,77361.39,HS-grad,9.001834,Married-spouse-absent,Prof-specialty,Not-in-family,Asian-Pac-Islander,Male,58.244244,0.31184277,39.968315,Japan,>50K
33.92476,Private,580912.06,HS-grad,8.9915,Separated,Adm-clerical,Not-in-family,White,Male,40.902447,-0.43647113,47.94276,United-States,>50K
31.806412,Private,79854.12,HS-grad,8.991679,Married-civ-spouse,Machine-op-inspct,Husband,White,Male,27.563091,0.15381512,39.977596,Nicaragua,>50K
29.84483,Private,161469.05,HS-grad,9.002338,Married-civ-spouse,Handlers-cleaners,Husband,White,Male,21.253033,-0.39116016,39.99114,United-States,>50K
32.96377,Private,377573.97,Bachelors,13.00327,Separated,Sales,Not-in-family,White,Female,44.558697,-0.61471665,50.07262,United-States,>50K
37.9369,Private,126832.586,Some-college,10.003215,Widowed,Exec-managerial,Not-in-family,White,Female,36.193707,-0.33120838,39.970818,United-States,>50K
61.02268,Private,70987.44,11th,6.975076,Married-civ-spouse,Other-service,Husband,White,Male,24.814068,-0.19584003,39.962715,United-States,>50K
51.74109,Private,175359.84,1st-4th,1.9874405,Married-civ-spouse,Farming-fishing,Husband,White,Male,93.096176,-0.014527467,55.730827,Mexico,>50K
29.84838,Private,204996.84,HS-grad,9.002866,Married-civ-spouse,Handlers-cleaners,Husband,White,Male,24.42442,-0.39002338,39.996178,United-States,>50K
28.81906,Private,196795.38,HS-grad,8.98907,Married-civ-spouse,Handlers-cleaners,Wife,White,Female,45.77232,-0.1674358,39.943073,Mexico,>50K
64.19865,Private,393204.66,7th-8th,3.9950294,Married-civ-spouse,Farming-fishing,Husband,White,Male,59.351177,-0.3121883,39.949745,United-States,>50K
46.938484,Private,116992.51,HS-grad,9.012367,Divorced,Craft-repair,Not-in-family,White,Male,31.74522,-0.12800708,39.951828,United-States,>50K
25.936422,State-gov,68988.805,HS-grad,9.011554,Married-civ-spouse,Protective-serv,Husband,Asian-Pac-Islander,Male,-3.787982,-0.24029651,39.975178,United-States,>50K
50.96262,Federal-gov,335195.78,Some-college,9.98802,Separated,Prof-specialty,Not-in-family,Black,Female,13.849225,-0.63446915,39.961094,United-States,>50K
29.857927,Private,29795.7,Assoc-acdm,11.99838,Married-civ-spouse,Other-service,Wife,White,Female,16.236187,0.017592285,24.95341,United-States,>50K
22.26581,Local-gov,248812.55,Some-college,10.005419,Married-civ-spouse,Protective-serv,Husband,White,Male,-5.1590757,-0.30192676,40.014683,United-States,>50K
41.802773,Private,232215.4,5th-6th,3.0464869,Married-civ-spouse,Craft-repair,Husband,Other,Male,3353.8804,0.05168042,39.927414,Mexico,>50K
36.935856,Self-emp-inc,590696.25,Bachelors,13.000992,Never-married,Other-service,Not-in-family,White,Female,27.351421,-0.5325557,50.05735,United-States,>50K
41.90914,Federal-gov,346990.72,Assoc-acdm,11.987381,Separated,Prof-specialty,Unmarried,White,Female,0.009381239,-0.69021714,39.983273,United-States,>50K
23.31399,Private,38736.76,Some-college,10.010224,Married-civ-spouse,Transport-moving,Husband,White,Male,11.155133,-0.2727596,59.814945,United-States,>50K
31.93487,Private,173637.44,HS-grad,9.000111,Married-civ-spouse,Handlers-cleaners,Husband,White,Male,22.290142,-0.37854114,38.062992,United-States,>50K
30.954098,Private,86104.336,Assoc-voc,11.014745,Married-civ-spouse,Transport-moving,Husband,White,Male,11.176129,-0.18034473,30.107037,United-States,>50K
54.061935,Local-gov,104685.61,Masters,14.018168,Divorced,Prof-specialty,Unmarried,Black,Female,11.371686,-0.30459705,36.966198,United-States,>50K
63.03513,Private,123780.32,7th-8th,3.9794025,Married-civ-spouse,Transport-moving,Husband,White,Male,49.422955,-0.3647243,43.91054,United-States,>50K
62.18586,Self-emp-not-inc,191528.89,Bachelors,13.016177,Divorced,Prof-specialty,Not-in-family,White,Female,12.753522,-0.16496387,39.957806,United-States,>50K
45.92661,Private,98344.98,11th,6.9717937,Married-civ-spouse,Other-service,Wife,Black,Female,39.715435,0.03465161,35.025852,United-States,>50K
55.874702,Self-emp-not-inc,50629.12,HS-grad,9.010902,Divorced,Exec-managerial,Not-in-family,White,Male,18.075542,-0.012681154,50.008442,United-States,>50K
44.034794,Self-emp-not-inc,334486.44,12th,7.9858503,Married-civ-spouse,Handlers-cleaners,Husband,Black,Male,22.503033,-0.7673656,40.036743,United-States,>50K
28.015184,Private,191561.31,Some-college,10.003968,Married-civ-spouse,Handlers-cleaners,Husband,White,Male,16.872662,-0.5444957,40.009216,United-States,>50K
29.83101,Private,430354.34,Assoc-voc,11.004597,Married-civ-spouse,Tech-support,Other-relative,White,Female,47.430523,-0.49862018,39.967026,Canada,>50K
43.647865,Self-emp-not-inc,255039.19,5th-6th,3.051095,Married-civ-spouse,Farming-fishing,Husband,White,Male,60.305523,0.6164464,84.60688,United-States,>50K
64.17192,Local-gov,83600.4,HS-grad,8.999916,Married-civ-spouse,Other-service,Husband,Asian-Pac-Islander,Male,2.3541079,-0.07996479,35.080585,United-States,>50K
44.986855,Private,151421.38,Bachelors,13.00447,Never-married,Adm-clerical,Not-in-family,Black,Female,20.408794,-0.17897907,39.978092,United-States,>50K
27.905966,Self-emp-not-inc,32013.996,HS-grad,9.004402,Married-civ-spouse,Farming-fishing,Husband,White,Male,15.363629,-0.80523026,69.932144,United-States,>50K
53.1155,Private,250016.77,Assoc-voc,10.990582,Divorced,Craft-repair,Not-in-family,White,Male,52.638042,0.5162343,39.96011,Cuba,>50K
47.08676,Local-gov,193758.42,HS-grad,8.995867,Married-civ-spouse,Other-service,Wife,White,Female,29.308453,-0.19086567,6.8761215,United-States,>50K
76.71002,Self-emp-inc,30110.309,HS-grad,8.995545,Married-civ-spouse,Other-service,Husband,White,Male,-13.35683,-0.18579975,35.00843,United-States,>50K
27.926592,Private,201005.27,Assoc-acdm,12.037095,Never-married,Exec-managerial,Not-in-family,White,Male,18.392193,-0.3608562,65.09282,United-States,>50K
36.918533,Private,113404.266,Assoc-acdm,12.02312,Never-married,Exec-managerial,Not-in-family,White,Female,16.233013,-0.007821229,50.064045,United-States,>50K
60.05093,Private,201143.67,Some-college,10.003339,Never-married,Prof-specialty,Unmarried,White,Male,4.88194,-0.22989002,39.957516,United-States,>50K
29.969065,Private,294118.12,Some-college,9.99941,Married-civ-spouse,Adm-clerical,Other-relative,White,Female,43.17149,-0.56047165,40.002075,United-States,>50K
47.044872,Self-emp-inc,104578.93,Bachelors,13.012993,Never-married,Sales,Own-child,White,Male,17.96519,-0.025674012,39.979774,United-States,>50K
21.97838,Private,227739.72,Some-college,10.01103,Married-AF-spouse,Other-service,Wife,White,Female,52.753765,0.015181395,39.984562,United-States,>50K
26.826376,Private,408089.1,HS-grad,9.00615,Married-civ-spouse,Farming-fishing,Husband,White,Male,33.346294,-0.33657947,39.991367,United-States,>50K
63.094902,Self-emp-not-inc,22699.465,HS-grad,8.993347,Married-civ-spouse,Other-service,Husband,White,Male,-0.9735289,-0.20470539,39.98485,United-States,>50K
35.928997,Private,101844.73,Bachelors,13.013469,Never-married,Prof-specialty,Not-in-family,White,Female,25.241314,0.23219189,39.951324,United-States,>50K
49.111015,Private,186012.52,Some-college,9.995599,Separated,Exec-managerial,Not-in-family,White,Female,29.529644,-0.33470264,45.04421,United-States,>50K
33.97665,Private,100392.11,Bachelors,13.014953,Divorced,Sales,Not-in-family,White,Female,33.35435,0.17352185,50.06481,United-States,>50K
50.06863,Private,137326.95,Bachelors,13.031237,Divorced,Prof-specialty,Other-relative,White,Female,37.07237,-0.0936977,50.074608,United-States,>50K
56.886696,Self-emp-inc,105456.27,HS-grad,9.015746,Separated,Farming-fishing,Not-in-family,White,Male,41.94273,-0.14998737,59.969757,United-States,>50K
26.09396,Federal-gov,336941.44,Bachelors,13.011458,Never-married,Prof-specialty,Not-in-family,White,Male,-0.4439879,0.08661541,39.981983,United-States,>50K
47.095554,Local-gov,162360.58,Bachelors,13.014642,Divorced,Prof-specialty,Not-in-family,White,Female,29.246685,-0.021638062,34.973015,United-States,>50K
39.97484,Private,203900.84,HS-grad,9.009019,Married-spouse-absent,Craft-repair,Not-in-family,White,Male,21.126812,-0.16388813,39.9555,United-States,>50K
52.885033,Private,96856.17,HS-grad,9.011184,Widowed,Tech-support,Not-in-family,White,Male,31.166851,-0.064728886,39.134674,United-States,>50K
46.92245,Private,69336.02,Some-college,10.01089,Never-married,Craft-repair,Not-in-family,White,Male,24.12901,-0.097993046,39.94613,United-States,>50K
26.968187,Private,130704.945,HS-grad,8.993182,Married-civ-spouse,Other-service,Wife,White,Female,34.284527,0.15432629,39.966766,United-States,>50K
40.877964,Private,196762.33,10th,6.0000334,Married-civ-spouse,Transport-moving,Husband,Black,Male,24.543316,-0.2121822,39.999546,United-States,>50K
59.966442,Private,186717.88,5th-6th,3.0154715,Married-civ-spouse,Sales,Husband,White,Male,49.877544,0.08502087,39.88205,?,>50K
36.805103,Private,136391.77,Assoc-voc,11.0293255,Divorced,Sales,Not-in-family,White,Male,37.320415,0.42908368,44.977425,United-States,>50K
46.92157,Private,208367.34,Some-college,10.016429,Divorced,Craft-repair,Unmarried,White,Male,17.978374,-0.36753955,39.99854,United-States,>50K
38.944828,Private,381815.94,Some-college,10.006654,Divorced,Prof-specialty,Not-in-family,White,Female,34.330425,-0.12633625,45.005623,United-States,>50K
31.925526,State-gov,117764.09,HS-grad,9.005791,Married-civ-spouse,Transport-moving,Husband,White,Male,13.568463,-0.19108692,40.004562,United-States,>50K
52.814507,Private,162198.92,9th,5.00188,Married-civ-spouse,Handlers-cleaners,Husband,White,Male,39.827007,-0.3572475,40.69151,United-States,>50K
28.00236,Self-emp-not-inc,182596.44,HS-grad,9.003902,Married-civ-spouse,Craft-repair,Husband,White,Male,5.8465395,-0.48440662,40.00788,United-States,>50K
53.803383,Private,152620.98,HS-grad,9.022937,Divorced,Transport-moving,Not-in-family,White,Male,36.838238,-0.16064563,55.908913,United-States,>50K
47.011517,Local-gov,121181.17,HS-grad,8.994188,Married-civ-spouse,Transport-moving,Husband,White,Male,2.0752993,-0.2112743,20.111595,United-States,>50K
24.166424,Private,51737.48,HS-grad,8.990282,Married-civ-spouse,Sales,Wife,White,Female,29.97984,0.16200909,39.9494,United-States,>50K
24.831984,Private,118328.945,11th,6.983452,Married-civ-spouse,Transport-moving,Husband,White,Male,5168.021,-0.044778015,39.993557,Poland,>50K
25.105612,Private,176141.17,HS-grad,9.003468,Married-civ-spouse,Craft-repair,Husband,White,Male,17.436382,-0.43496814,39.995354,United-States,>50K
25.106325,Private,189115.94,HS-grad,9.003615,Married-civ-spouse,Craft-repair,Husband,White,Male,17.342144,-0.46657673,39.99716,United-States,>50K
64.161026,Federal-gov,267846.0,Assoc-acdm,12.005597,Separated,Prof-specialty,Not-in-family,White,Female,-9.699115,-0.2235271,39.95789,United-States,>50K
48.13142,Private,193086.94,Bachelors,13.017562,Divorced,Adm-clerical,Own-child,White,Male,14.039655,0.08292279,38.05907,United-States,>50K
78.87409,Self-emp-not-inc,84977.02,Assoc-voc,11.010194,Married-civ-spouse,Sales,Husband,White,Male,-17.599018,-0.41049305,19.947393,United-States,>50K
51.940086,?,253225.72,HS-grad,9.010264,Divorced,?,Not-in-family,White,Male,27.399761,0.103102535,45.012527,United-States,>50K
36.04525,Private,218120.4,Some-college,9.992409,Married-civ-spouse,Adm-clerical,Own-child,White,Female,22.217876,-0.5057231,29.98085,United-States,>50K
60.160427,Private,223639.28,Bachelors,13.010531,Divorced,Exec-managerial,Unmarried,White,Female,7.8834047,-0.47240558,39.99848,United-States,>50K
41.847927,Private,182358.34,HS-grad,9.016208,Divorced,Craft-repair,Not-in-family,White,Male,36.384624,-0.14125934,42.862995,United-States,>50K
49.091404,Private,119778.055,HS-grad,9.004151,Divorced,Exec-managerial,Not-in-family,White,Female,29.325542,1574.8047,39.955418,United-States,>50K
52.957024,Private,125588.38,Some-college,10.005919,Never-married,Adm-clerical,Not-in-family,White,Female,21.626324,-0.15290943,50.06407,United-States,>50K
34.119476,Private,206703.56,Some-college,9.993688,Married-civ-spouse,Other-service,Wife,White,Female,36.060894,-0.33922687,11.965351,United-States,>50K
45.85845,Private,359427.62,Some-college,10.01196,Divorced,Craft-repair,Unmarried,White,Male,17.626324,-0.2796413,40.002438,United-States,>50K
52.889946,Private,97970.75,HS-grad,9.003592,Widowed,Craft-repair,Unmarried,White,Male,25.571636,-0.29016224,39.97238,United-States,>50K
46.843365,Private,174032.98,5th-6th,3.0332346,Married-civ-spouse,Transport-moving,Wife,White,Female,64.479965,0.27509198,39.89807,Mexico,>50K
43.85403,Private,176900.27,Some-college,10.020563,Divorced,Machine-op-inspct,Unmarried,White,Male,9.121198,-0.018311646,57.908035,United-States,>50K
35.02588,Private,287603.06,Assoc-acdm,12.029461,Divorced,Craft-repair,Unmarried,White,Male,12.056989,-0.18270221,45.004974,United-States,>50K
64.12851,Without-pay,208641.23,HS-grad,9.009931,Married-civ-spouse,Handlers-cleaners,Husband,White,Male,-15.6551695,-0.03022113,59.923756,United-States,>50K
29.04102,Private,254350.56,Some-college,10.00348,Married-civ-spouse,Handlers-cleaners,Husband,White,Male,3174.0913,-0.5898372,40.016014,United-States,>50K
58.983852,Private,244858.44,10th,5.9975147,Married-civ-spouse,Transport-moving,Husband,Black,Male,15.072125,-0.094979435,39.991234,United-States,>50K
63.085217,Self-emp-not-inc,145538.7,7th-8th,4.0156817,Married-civ-spouse,Farming-fishing,Husband,White,Male,43.53062,-0.37140766,59.667553,United-States,>50K
59.009163,Local-gov,211730.39,Some-college,10.012209,Separated,Protective-serv,Not-in-family,White,Male,12.959088,-0.051598694,39.977173,United-States,>50K
41.82683,Private,19899.137,HS-grad,9.012184,Divorced,Craft-repair,Not-in-family,White,Male,19.254986,-0.5351192,75.586945,United-States,>50K
31.998283,Private,169941.3,Bachelors,13.0089245,Never-married,Exec-managerial,Not-in-family,White,Female,22.916363,-0.07706562,46.02432,United-States,>50K
