X1,X2,X3,X4,X5,X6,X7,X8,X9,X10,X11,X12,X13,X14,X15,X16,X17,X18,X19,X20,X21,X22,X23,Y
99798.984,2,1,2,24.443272,2,2,2,0,2,0,-26601.156,16155.506,23069.705,389.00366,8891.831,7552.9785,-4640.2363,3867.67,4952.022,-4927.982,-157.14195,4705.276,0
111217.445,1,3,1,44.802063,2,-2,2,2,2,2,-21738.57,38936.168,26377.63,1356.0193,26971.453,15212.566,-2335.3494,2094.0962,5382.757,-2352.0107,639.973,3270.3523,0
100700.14,1,2,2,25.75685,2,3,2,2,-1,2,-15236.461,31213.162,10923.495,4472.043,43241.18,13848.482,3009.1458,160.78844,8309.654,-4278.6987,2168.074,1045.4113,0
97159.734,1,3,1,44.819656,2,2,2,2,-1,0,-9691.984,103578.1,36925.52,4993.293,50372.242,27756.389,-662.4974,3039.9246,8194.106,-4940.388,1266.8395,1658.0844,0
132836.75,2,2,2,24.91564,2,2,2,2,2,2,158675.8,190105.72,133877.55,210103.86,119008.945,118141.125,-1794.725,-1520.8849,13790.031,-1281.1177,-487.49695,-36788.035,0
100772.25,2,2,2,23.96211,2,-2,2,2,0,0,28293.715,119284.27,68451.67,7445.25,76354.38,44288.82,1093.7084,828.90173,6081.5713,-1752.7427,1390.587,327.02454,0
108035.56,1,3,1,43.564224,2,2,2,2,2,2,115369.734,148581.03,112147.5,122490.66,109754.164,89596.52,2322.085,245.11266,5924.6455,1739.2344,2761.279,-558.0868,0
111287.54,1,2,1,41.893864,2,2,2,2,2,2,-19856.406,64619.695,26801.43,664.11304,34510.223,17207.764,-1118.5287,2056.6282,6206.197,-5146.8267,238.35732,2595.0935,0
99784.17,2,2,1,40.659206,2,2,2,2,2,2,1115.5665,120057.1,43663.184,5412.8438,55886.207,31683.492,1172.6359,1365.9066,6717.19,-4642.903,1650.9865,1163.6427,0
97428.36,2,2,1,43.803844,0,2,-1,0,-1,0,-27844.414,2438.5525,17628.291,4515.0625,12793.292,6936.744,-870.8743,2705.6023,6295.203,-4127.4,811.42615,3458.9397,0
111213.47,1,2,1,41.889755,2,2,2,2,2,2,-20785.375,67337.53,29025.59,308.5896,34484.805,17115.154,-1243.1869,2397.196,5332.5747,-3258.067,-249.14684,1581.4208,0
113703.73,1,2,1,43.49749,2,2,2,2,2,2,101339.55,146017.3,110774.54,122467.305,109257.4,86417.3,1970.4113,-380.63928,13288.975,128.46065,1407.0214,-676.1786,0
97605.24,1,2,2,26.818762,2,-2,2,0,0,2,-20269.023,25127.629,16608.168,6542.258,36323.434,12431.854,3119.7263,1160.0397,7935.048,46.03364,2437.2393,2547.962,0
102865.26,1,2,2,25.130852,2,2,2,2,2,2,75519.08,132479.66,98396.19,77844.42,109318.67,73307.125,3472.5876,-1017.8966,6497.021,1063.4502,1822.2365,-1418.4281,0
101387.67,1,1,1,44.861816,2,2,2,2,2,2,-3507.91,111640.94,43944.836,4449.6133,52701.26,29456.896,-2633.6223,2163.227,6389.1025,-2929.329,638.61414,622.6727,0
114597.08,1,1,2,30.35208,2,2,2,2,2,2,131634.98,160909.14,112708.48,116117.48,112318.55,86527.64,944.9589,-1034.4835,15356.053,-773.08405,2326.8884,-1323.8221,0
151443.81,1,1,1,44.7319,2,2,-1,0,-1,0,189406.06,217466.36,153916.38,278176.62,148753.3,153012.52,26200.041,-7195.661,20318.326,11522.275,29317.166,10328.3,0
102012.516,2,2,1,26.721876,2,2,2,2,2,2,-11938.145,81771.945,26563.012,4887.422,46180.566,20593.361,2130.2463,1482.8246,7067.2485,-5114.4604,1269.3322,1148.0707,0
116189.09,2,2,2,42.6894,2,2,2,2,2,2,106142.96,151324.72,113616.87,131022.17,110411.97,95365.91,374.12662,-1089.1144,13929.843,-4941.053,7308.2607,-1839.4808,0
112716.21,1,2,2,25.045639,2,2,2,2,2,2,-25060.32,28544.477,17137.752,370.49194,40196.094,16305.787,-849.31866,1289.7465,5616.8623,-3187.9863,154.43715,371.2384,0
113395.83,1,2,1,44.55067,2,2,2,2,2,0,-18037.469,113320.734,40676.875,-366.6526,44537.39,17202.203,-2224.6897,2764.532,6146.7637,-4975.4497,-1061.7504,3293.994,0
115653.484,1,2,2,40.753704,2,2,2,2,2,2,102400.56,144266.25,108563.164,94698.52,107023.78,71252.97,1980.2386,-644.4303,8232.354,-890.4444,965.23254,332.4347,0
110160.25,2,2,2,25.464338,2,2,2,2,2,2,88995.3,138658.81,101656.734,101826.87,109842.18,82059.08,2268.79,-630.8834,11253.563,-208.6646,1517.6698,-1581.7572,0
110983.62,1,2,2,32.17339,2,2,2,2,2,2,-21905.25,57664.965,22578.168,445.656,42967.066,19530.38,493.5319,1389.2023,6125.6304,-4124.106,-185.43834,312.0475,0
113445.36,2,2,1,44.938343,2,2,2,2,2,2,42080.836,127845.27,92017.99,44832.13,84042.71,57826.36,-38.754723,1447.5365,7247.067,-1097.5317,325.59314,1031.671,0
84195.4,2,3,1,24.783833,2,2,2,2,2,2,3723.3713,111032.836,31873.32,11473.025,61740.664,31279.018,4888.592,1290.1124,6893.487,-2814.183,3898.334,349.10315,0
106610.055,2,2,2,24.163925,2,2,2,2,2,2,-17718.758,63862.457,26093.793,2038.8279,46638.96,21558.28,-32.46566,1332.5343,5710.4766,-2516.2573,700.80554,1336.2316,0
142985.98,2,2,1,44.775074,2,2,-1,2,0,0,159608.81,186475.56,130454.695,170862.25,105931.1,104666.625,17698.262,-610.61145,5358.7417,928.7895,2089.9314,1372.3671,0
65815.75,2,2,2,26.208788,2,-2,-1,0,0,0,12104.008,93668.44,15644.972,15259.467,58635.44,23145.8,6619.967,80.04528,9259.44,-4469.5425,3003.7148,192.01866,0
127632.04,1,2,2,43.029022,2,2,2,2,2,0,127048.8,164737.81,124112.43,151735.31,105214.93,100635.51,-2855.0964,-161.44936,9592.272,-4877.769,1979.7711,-635.6161,0
92667.61,1,2,1,31.566689,0,2,-1,0,-1,0,-24090.46,17578.559,17950.613,3272.285,7667.9634,6385.631,-2101.0632,3559.5095,5889.034,-3953.7666,1176.0387,5385.7607,0
98180.02,2,3,1,44.496323,2,2,2,2,2,2,-19199.695,75009.46,32427.29,403.031,35127.742,20854.18,-2594.6335,3327.1687,5431.452,-5390.314,1041.9608,1614.7753,0
134504.64,2,2,2,32.379818,2,2,2,2,2,0,155102.97,182619.52,128242.28,170535.08,106118.35,102461.336,-2278.846,-1074.4152,10659.145,-4999.8706,4060.6665,-237.2118,0
113784.99,2,2,2,23.909027,2,2,2,2,2,0,-24748.664,67161.766,32100.633,-642.67993,40745.258,22461.176,-4106.1807,2861.8281,5716.618,-5860.48,-921.2289,555.94885,0
106486.19,2,2,2,31.63108,2,2,2,2,2,2,49110.555,126229.61,89079.34,46769.73,91616.73,61422.656,181.53189,787.15564,7912.371,-1502.4062,688.16003,-1831.578,0
94824.12,2,2,1,28.070349,2,2,-1,0,-1,0,-17299.54,72252.37,24507.137,3119.3943,40169.527,19212.568,-582.6878,3301.3516,7092.939,-2692.8218,838.8546,3060.529,0
111734.16,1,1,2,25.463673,2,2,2,2,2,0,-26027.273,57311.59,28207.262,-2439.387,38675.457,20732.371,-3307.8494,2799.1907,5507.8335,-6150.4673,-821.30945,779.71545,0
115568.086,2,2,1,34.788277,2,2,2,2,2,0,-29108.516,50876.367,28333.865,-1110.676,27910.977,28114.525,-3685.449,3405.3093,6229.695,-5787.7397,-1474.5731,2681.5916,0
94035.266,2,1,1,32.22728,2,2,2,2,2,2,1296.0353,110548.52,39943.32,5236.621,58023.48,55269.14,716.91425,1075.0778,6978.2373,-4999.5396,16523.861,-689.1864,0
121728.12,1,1,2,44.99556,2,2,2,2,-1,0,-25513.508,11673.74,30688.455,-1362.8323,3983.5747,8690.947,-6211.3057,3387.9526,4869.985,-4483.1284,-1017.328,5712.956,0
107451.42,2,2,1,41.98564,2,2,2,2,0,0,-7201.1445,122253.516,58758.695,2131.2537,49396.688,23841.406,-3944.5466,3083.632,5183.49,-2484.3623,540.9259,3338.6458,0
110445.266,2,3,1,44.80142,1,-2,2,2,2,2,-19721.75,65352.652,31198.016,885.2888,34987.234,19741.578,-1675.0077,1685.7128,7079.6445,-4031.9683,1169.789,3622.9077,0
116380.63,2,2,1,41.970116,2,2,2,2,2,2,-25467.586,42936.477,30048.148,-12.746332,23290.613,15656.092,-3330.3972,3184.2456,5876.5615,-5329.978,123.57973,3132.5906,0
106884.56,1,2,2,40.942646,2,0,0,2,-1,2,-22370.11,45554.496,33235.36,2026.6794,23155.967,16663.803,-3726.362,2791.6074,5661.7427,-4335.322,-558.95886,3122.0146,0
106949.97,2,3,2,24.338112,2,0,0,2,2,2,-23160.023,31105.928,29633.39,2840.242,32230.701,17843.742,-2087.158,2050.9685,5997.131,-5394.6343,1132.66,1962.2125,0
82479.44,2,1,2,35.718746,2,2,-1,0,-1,0,-25022.023,3398.494,11860.085,6282.961,17047.69,8754.09,-1673.93,2069.7505,6019.888,-2549.5244,1959.1918,3609.19,0
117264.75,1,2,2,23.844309,2,2,2,2,0,0,-29545.367,42972.2,23131.73,-4274.996,37161.305,17097.451,-3975.8542,2551.9338,5608.647,-4672.309,-677.11755,690.0746,0
99522.836,2,1,2,32.3477,2,2,2,2,2,2,50751.36,124109.51,81831.7,31739.586,86807.83,57910.293,1023.0878,584.954,6064.5864,221.79854,2639.5938,2298.0315,0
118778.84,1,2,2,24.88204,2,2,2,2,0,0,-34593.242,17452.664,17140.678,-5161.121,29707.83,12891.371,-3532.411,2451.4307,5055.068,-4769.055,-740.83923,1532.2382,0
89271.47,1,2,1,40.66373,2,-2,-1,2,2,2,38221.562,116087.23,52489.24,12178.518,73856.42,39945.258,4037.2212,-774.83167,7941.769,-2222.9844,3409.3992,546.4535,0
103820.0,2,3,2,44.561897,2,2,2,2,-1,2,-24928.055,31867.422,24969.016,-1903.9651,25809.084,14229.34,-3528.9675,2879.6616,5804.654,-5549.8003,1270.0748,2086.0808,0
107446.49,1,1,2,44.14549,2,2,2,0,0,2,-22381.195,45418.598,26582.988,231.50757,26784.895,15324.428,-2223.744,2854.4236,6074.597,-2433.1953,1061.2709,2509.9402,0
113433.26,1,1,2,40.279465,2,2,2,2,2,2,78911.484,135498.48,105444.36,90741.35,105625.234,78468.95,223.90884,94.40417,8463.067,-735.55914,3158.8945,-223.80849,0
136703.42,1,1,1,45.99629,0,-2,-2,2,0,0,185777.19,181537.03,132450.22,210190.5,121565.555,116069.68,14565.16,-2511.5085,20213.092,7366.1636,4650.5015,7751.8027,0
119668.79,1,2,2,32.46142,2,2,2,2,0,0,-33629.96,26718.205,22418.578,-5672.3594,23291.605,8985.307,-5297.5576,2959.3577,4935.01,-4650.2046,-1364.0868,2716.0286,0
118034.76,2,2,1,23.71176,1,2,2,2,2,0,-34341.0,13603.65,18587.783,180.12866,32395.998,16466.629,-1407.8368,1831.5336,5543.0874,-606.0865,617.85876,1348.153,0
96721.25,2,2,1,42.26492,2,2,2,0,0,2,-24174.016,15939.412,24554.705,3972.3357,15911.3545,8532.367,8.395179,3329.7324,6003.933,-4000.2397,832.1168,2810.746,0
162630.47,2,2,2,44.323326,0,0,0,0,0,0,177509.17,201376.75,150247.34,246055.66,132365.36,84083.2,-5922.1494,536.28796,7284.768,-6300.735,53734.13,-42503.344,0
140161.8,2,1,1,41.66209,2,2,2,2,2,2,174800.61,197513.14,132570.64,223925.5,127046.61,127107.58,4431.424,-2527.0671,15361.08,3778.5264,9637.593,-13737.519,0
109410.76,1,2,2,44.19748,2,2,-1,2,-1,0,-26581.11,68233.2,34007.1,-4410.9453,12835.581,11259.371,-5147.9805,3556.5376,5337.9946,629.955,-804.80066,615.7118,0
116066.484,2,2,1,40.08725,2,2,2,2,0,0,102191.01,152050.77,118594.91,122930.336,103893.484,89568.83,1541.9647,1073.1676,5365.1035,-355.82574,1518.1998,110.36339,0
106189.45,1,2,2,25.356365,1,-2,2,2,-1,2,-25574.742,4375.9355,4870.6704,4225.828,35002.508,9457.668,2811.5693,-638.54407,7268.0303,-4056.0063,2038.5875,359.13586,0
107907.25,2,2,2,44.444637,1,-2,2,2,-1,2,-28878.18,8443.635,20390.78,585.8435,22967.957,10956.6,-974.9842,710.28503,7222.5757,-4014.3193,498.81018,2797.5178,0
106832.74,1,1,2,45.149414,2,2,0,0,0,2,-14665.543,61635.523,33915.523,2332.8357,34074.953,21036.102,-4179.172,2544.9524,6140.8833,-2441.3457,1344.1693,4097.892,0
105322.33,1,2,2,25.893574,2,0,0,0,2,2,-20702.164,26795.54,27474.814,7441.676,29834.164,15392.621,-1282.8075,1722.7992,7523.466,-4306.8315,346.67346,3770.1409,0
117578.96,2,2,1,44.78016,2,2,2,2,0,0,54728.812,137958.19,113490.44,73694.36,86888.8,67908.65,-4340.9375,2999.7017,4849.4194,20.992138,-779.7655,-17632.064,0
112828.914,1,1,2,45.128555,2,0,0,0,2,2,-14993.031,68888.05,44904.54,3626.152,28031.504,21799.918,-4228.1777,2895.361,6059.3433,-1479.271,-609.1669,4875.609,0
108103.195,1,2,2,44.518524,2,2,2,0,0,0,4974.5,126552.77,62508.895,1189.1208,25096.857,15358.314,-2113.7483,2493.5088,5977.7993,-3080.6616,302.45447,4058.2332,0
116317.266,2,2,2,23.90749,2,2,2,2,0,0,80302.98,140945.72,104021.98,59855.12,101204.63,71834.7,2384.2808,390.5697,5846.3857,-1530.6279,1663.3907,-161.7499,0
108224.45,1,2,2,25.23918,2,-2,-1,2,0,0,-13558.4375,75224.414,25255.154,1047.5974,47265.074,21208.002,303.12418,670.95935,5941.841,-4437.7183,1142.6422,-172.40565,0
106208.46,1,2,1,44.316616,2,2,-1,0,0,0,-27001.773,30543.846,31095.293,-564.6018,14990.013,11385.654,-3800.8093,4008.0942,5768.984,-3560.3003,-271.13367,4139.054,0
121017.16,1,2,2,41.021046,2,2,-1,2,0,0,-31122.031,41378.145,25375.879,-3382.0315,25808.736,16217.957,-3626.4187,2135.454,5243.0605,-4602.942,-608.7499,2525.5354,0
105399.875,1,3,2,45.104412,2,2,0,0,0,2,-20148.453,19389.078,26266.348,2621.828,19291.373,11355.529,-3702.9646,3038.5417,5621.939,-1783.812,1451.0297,2582.1328,0
77371.086,1,2,1,28.524454,2,-2,2,0,2,2,-21388.625,-3764.26,5034.28,10402.824,30988.469,5898.5977,4424.644,106.245964,6832.673,-3703.1167,2496.4612,1358.4418,0
113444.45,2,2,1,33.928,2,0,0,2,0,0,-7991.2812,120829.04,63065.977,3660.488,49881.973,34068.234,-4204.0195,3004.0706,5286.091,-2539.5972,-423.7328,2536.8975,0
116694.64,2,3,2,43.478992,2,2,-2,2,0,0,-29454.031,67469.81,37289.484,-7635.6484,27570.295,21291.377,-6204.9863,4321.967,4505.648,-5327.6616,-818.5873,66.356064,0
99548.29,1,1,2,28.966984,1,-2,2,2,0,0,49163.17,122525.71,78064.52,19162.654,46415.082,20348.377,324.44937,664.3627,6111.9014,-2669.2344,1980.1185,1186.3063,0
137454.84,1,1,2,44.52985,2,2,2,2,2,2,23319.803,119909.22,65093.25,11491.115,62957.11,35984.816,-3319.3054,1273.3934,5903.824,894.8818,2525.8057,4624.678,0
123609.93,1,2,1,44.61865,2,0,0,2,0,0,-32623.523,48864.918,45807.62,-4981.496,17332.164,17551.926,-6854.8916,4170.725,4574.428,-4143.594,-3245.819,4555.9697,0
108117.46,2,3,1,44.772514,2,2,2,2,0,0,26651.682,127861.516,44633.734,-3165.6526,20017.355,10653.414,-4933.6367,3690.6272,5073.791,-4517.7534,158.10854,3521.4312,0
91403.62,2,2,1,42.934208,2,2,2,0,0,2,7163.586,118669.61,52590.21,8412.047,45722.176,20923.5,4413.528,1964.6588,7687.527,811.15424,2244.0679,2771.4778,0
127791.945,1,2,1,44.245625,1,2,-1,2,2,0,-35993.266,15323.893,28736.4,-5629.211,9871.591,9654.289,-5932.285,3221.9038,4843.191,-5451.281,-2029.4198,3493.584,0
103603.66,2,1,2,32.64634,2,-2,2,2,2,2,-27107.469,396.6502,10322.194,4222.0195,22429.45,7921.176,-35.780113,664.0111,5644.2095,-4802.566,1229.7115,2119.6003,0
87630.555,1,2,2,44.799488,0,-2,-2,2,-1,2,-18049.766,11823.318,13207.753,9953.672,18735.389,7871.1914,2959.9739,-76.509895,7628.1416,-1900.8643,1769.7877,4909.761,0
113662.0,1,2,2,41.74657,2,2,-1,0,0,0,-26697.094,52147.723,31555.422,-1434.9182,22327.773,15386.643,-3711.1384,3471.4197,5677.1953,-3341.4985,-522.04285,4231.0815,0
96680.67,2,1,2,24.516655,2,2,0,0,0,0,-11497.23,78256.234,31494.646,3794.3318,16906.79,7431.211,-2647.4265,3418.4248,5582.412,-4842.3315,1578.7828,3199.5557,0
112451.34,2,1,1,44.16353,1,-2,-1,0,0,0,-26026.273,19145.47,31267.775,408.04663,5872.5044,7698.086,-3353.9968,3240.4487,5221.2935,-4000.8096,658.45544,5764.1343,0
115098.445,2,2,1,44.877235,1,2,2,2,2,2,84891.09,139078.44,116464.555,105896.62,105394.09,85214.29,-3572.8103,585.7523,5935.4297,1223.7446,27.14125,-2048.1753,0
111240.75,1,2,2,45.13546,2,2,0,0,0,0,5120.617,127952.164,61351.105,3455.0466,20134.018,14695.383,-4338.2793,2880.2898,5805.2773,-2797.2603,-73.78111,4523.14,0
114579.16,2,2,1,25.326159,2,0,0,2,0,0,-26863.719,68917.63,42478.266,-604.31665,34231.84,22161.488,-4436.6064,3423.7786,5004.038,-4116.1597,-1274.9574,3394.3306,0
117532.484,2,2,1,44.339485,1,2,2,2,2,2,72326.42,134706.88,103324.63,82142.734,104344.086,76941.055,469.07877,-423.59387,11077.713,-4477.4507,4285.9062,-241.12587,0
100517.164,2,2,1,30.322151,2,2,-1,0,0,0,-19675.29,77686.17,32167.324,2886.8552,35783.773,19469.168,-1984.3344,3644.4495,6616.935,-3195.5361,766.1649,3026.016,0
114257.945,2,2,2,25.464588,1,2,2,2,2,0,-30623.766,48992.875,23488.75,-2090.637,39720.43,18758.38,-933.9378,1533.5695,6177.289,-1894.2593,-1358.0326,2072.893,0
101822.57,1,3,1,44.79293,2,2,-1,0,0,0,-23097.031,48024.926,29013.049,-619.93774,17399.371,12465.654,-2473.9768,4389.063,5734.0737,-3002.3467,1307.4418,3115.7039,0
111023.52,1,2,1,45.296097,2,2,0,0,0,0,3823.4456,127103.16,46155.55,3014.9138,28409.895,18891.705,-4278.3154,3175.172,5968.9526,-2189.1885,-242.34898,4338.4893,0
106308.12,2,3,1,44.307793,2,-2,2,2,0,0,-29048.398,24756.473,27415.588,-2204.6877,20980.928,11117.623,-3338.32,3256.657,4876.8403,-4496.9546,193.6891,2801.3643,0
96001.17,2,3,1,29.822138,2,2,0,0,2,2,-630.98425,78306.53,27397.3,14207.105,40341.258,20226.156,-369.06088,2996.264,8138.902,-2162.6729,2909.6875,1939.8976,0
103558.52,1,2,1,41.729656,1,2,2,2,-1,0,-33331.266,20366.125,23224.098,-2268.6252,23952.48,12480.342,-2740.4705,2888.0442,6094.5547,-5206.5796,-485.65662,3096.8281,0
116319.2,1,1,2,36.359047,2,-2,-1,2,0,0,152038.16,157325.23,121081.56,163681.42,109663.04,101088.45,3636.8718,-969.04553,12880.796,3860.9949,4779.036,5113.086,0
103302.28,2,2,1,42.963047,2,2,-1,0,0,0,-7767.996,120982.26,49081.234,4458.2266,17195.426,11171.893,830.5788,3383.6145,5883.7373,-3324.1675,681.9022,4257.6963,0
91111.94,2,2,2,25.391016,2,2,2,0,-1,2,-22757.188,-1926.9122,2830.7449,8460.0,51889.81,18375.326,3064.179,651.55896,21584.578,-4032.6733,2966.4497,398.59485,0
100782.97,1,3,1,44.901085,2,-2,-2,2,-1,0,-22221.977,19578.596,24069.656,1050.117,8799.997,6327.076,-2492.8171,3031.0967,5196.88,-1672.9229,1196.9899,4619.104,0
106348.96,1,2,2,30.92047,2,2,-1,0,0,0,-25118.344,70914.016,29606.93,171.69116,36287.695,19180.5,939.4477,2836.6233,6033.271,-3560.1978,379.87244,2523.3533,0
112181.234,2,2,2,43.579952,1,2,-1,2,-1,2,-28010.11,25591.064,25926.99,-845.1448,19601.81,13003.498,-2005.8055,2391.4065,5693.173,-4604.2964,430.2516,4619.925,0
113443.97,1,2,1,26.365751,1,2,2,2,2,2,-29009.008,14696.584,15405.583,720.8943,34478.74,12955.396,-752.26544,1069.0026,5674.743,-3747.9927,325.4391,113.96251,0
109813.74,1,1,1,45.036102,1,-2,-1,0,0,0,-25157.742,20115.945,33867.945,-828.93774,5255.6333,8323.3125,-3976.3435,2806.6377,5328.9106,-3568.7515,-44.113632,6393.9224,0
101949.94,1,1,1,44.51847,1,2,2,2,2,2,6414.3867,119825.57,47543.76,3188.2224,61316.605,33484.215,-530.1868,633.41345,6978.518,-4401.056,2627.591,2247.3823,0
118523.45,1,1,2,36.704792,2,0,0,2,0,0,-31278.5,44317.535,39582.055,-5884.8438,20225.105,18821.78,-6490.9355,3662.2666,4551.262,-4928.8833,-2153.382,3413.8328,0
119899.02,2,2,2,28.57141,2,2,0,0,0,0,124931.05,154384.5,117264.55,121746.39,103222.805,89069.18,273.19058,1189.3915,6836.3,-1435.5879,55379.79,-2762.2788,0
147349.88,1,1,1,44.826206,2,2,0,0,0,0,194122.25,209339.94,120009.555,212125.55,123190.77,126687.19,-5886.6943,-709.2311,15265.34,1138.1624,56303.617,-6655.212,0
113395.73,2,3,2,44.738125,2,2,-2,2,0,0,-23776.46,47279.152,27770.031,-3291.215,8353.808,9305.834,-6011.494,3896.1575,4482.488,-5456.4214,-469.89,4037.8723,0
100168.414,1,1,2,24.942091,2,0,0,0,0,0,12699.141,121972.79,61942.2,12859.162,37811.23,20877.307,-1840.4901,2349.359,6601.1904,-2859.3271,1420.0809,2756.1055,0
116197.555,1,3,3,45.409184,2,0,0,0,0,0,3160.2737,126757.23,79413.336,1633.9373,11418.897,15616.945,-4765.996,4115.218,5301.779,-2848.6504,-231.32506,5264.4067,0
105027.086,2,1,1,44.533466,2,-2,-1,0,0,0,-24733.117,3688.6384,26398.229,1767.6404,9106.267,6467.9316,-2899.0945,3063.746,5306.5205,-4169.387,0.75208986,5123.755,0
114519.74,1,2,2,24.051792,2,0,0,0,0,0,-28237.11,13247.842,31239.03,1971.1873,19183.36,11386.285,-3791.7332,2804.2341,5273.121,-4284.182,-511.87927,3846.7344,0
108508.06,2,2,2,44.03224,2,2,0,0,0,0,6387.1875,125436.445,63083.168,10468.996,29344.287,20218.117,-3884.318,3315.518,7195.6084,-2823.4507,172.00258,4055.2932,0
114083.12,2,2,1,30.975344,1,2,2,2,2,2,-29145.438,19906.178,21342.969,578.1404,29290.047,12589.377,-1758.4989,1648.8217,5479.1636,-3996.227,61.771133,2231.0017,0
131142.2,2,2,1,42.58531,1,2,-1,2,2,0,138700.23,165415.86,129282.08,149741.9,100960.086,100313.48,-4607.0938,868.03015,5624.2656,1514.802,2198.7173,909.0626,0
118123.67,1,2,2,41.17125,2,2,2,2,2,2,-27021.602,13716.604,14972.796,-376.6018,31552.672,14348.742,-2967.4236,781.2523,5728.6914,-5124.895,18.134415,1648.8573,0
113354.805,1,2,2,39.726315,2,2,0,0,0,0,16415.71,126184.57,71701.375,569.9177,24108.736,15588.0,-4066.659,2463.4492,5452.908,-2822.5469,11040.858,4502.164,0
114943.016,2,3,1,44.621475,2,2,2,2,2,2,-28835.398,8980.182,19041.396,-565.6565,21525.184,10452.582,-3117.0608,2281.5293,5045.2637,-4837.989,284.13098,2193.3271,0
102572.695,2,2,2,24.431856,2,2,2,0,0,0,-19722.664,80728.67,30185.861,2179.0154,41770.402,20723.129,1035.768,2733.5588,6168.4526,-3614.5117,989.421,2831.4895,0
95247.46,1,2,2,29.897026,1,3,0,2,-1,2,11353.652,93061.836,24331.45,4830.6523,63993.695,25626.254,3615.955,-1515.566,9366.031,-3319.3823,3503.9492,-297.1454,0
137050.69,1,1,1,43.839092,2,0,0,0,0,2,156793.34,163028.75,125692.6,165249.83,111193.15,105388.836,10.770179,-482.68518,11720.266,5558.652,2640.1006,10.490833,0
115876.44,2,2,2,26.754559,2,2,-1,2,0,0,102411.83,150307.2,117495.28,122073.58,110097.055,85299.62,3244.3867,-893.9586,6147.857,41.669872,2899.2087,-1886.474,0
91171.5,2,3,1,24.759981,2,2,0,0,0,0,-7681.5156,78779.37,31583.166,8110.828,34297.664,16322.65,-1593.6215,3707.411,5607.5664,-3473.9307,2600.2825,2457.541,0
105801.59,1,1,1,44.703632,1,2,2,2,-1,2,-17201.57,57131.48,28947.135,-799.94946,42895.316,20763.004,-2977.548,1803.1339,8026.221,-4881.2417,1110.4847,2189.5771,0
123380.91,1,2,1,45.200542,0,2,-1,2,-1,0,-24041.219,25938.244,31072.684,-733.87524,-251.02673,6691.9043,-4237.8184,3482.6768,5291.736,1826.4868,-276.3866,6250.865,0
100380.26,2,2,1,38.242065,2,2,-1,2,0,0,37276.465,121898.26,79923.086,19682.662,75705.055,49549.098,3061.6892,876.3334,5923.0493,-2040.206,2988.6829,2870.4219,0
119037.5,1,2,2,35.82348,2,0,0,0,0,0,-28212.734,25417.37,35047.727,515.7263,10995.614,11584.094,-5142.953,3486.484,5405.683,-4416.769,-1541.141,5180.95,0
98453.664,2,2,2,30.818285,2,2,2,0,0,0,-5835.621,116890.65,44283.83,4821.2344,50251.758,28123.984,-567.77277,2576.3982,6774.8853,-2365.0044,969.6383,2241.1995,0
101687.45,1,3,1,44.720905,1,2,2,2,2,2,-15639.617,75977.83,33754.03,324.44507,45201.34,24118.877,-3162.1223,2160.326,6849.9946,-3290.538,1309.4152,2551.6182,0
110679.25,2,2,1,44.4627,1,-2,-1,0,0,0,-23163.148,62825.188,34769.055,1098.9685,22196.62,14061.619,-1710.8094,3329.699,6659.68,-2945.2295,-73.51012,5103.0425,0
125764.516,1,2,1,44.012394,1,2,-2,2,2,0,-36442.906,16065.104,25206.541,-5044.4453,16154.573,11390.785,-5535.2637,2854.6118,5428.2227,-5363.8247,-2184.8508,3378.254,0
103674.38,2,2,1,31.441196,2,2,-2,2,-1,0,-20780.266,13177.584,28779.135,3422.3357,4329.364,5438.7812,-4105.9326,4317.107,5161.412,-2096.624,-1027.0697,5797.8896,0
102546.61,2,2,2,40.809464,2,2,-1,2,0,0,46096.152,127707.99,93142.05,42279.258,35597.453,9473.902,2983.811,1296.6002,5735.643,-3833.5288,1168.1512,3439.3845,0
112562.19,1,2,2,24.172987,2,0,0,0,0,0,-25754.242,40920.465,34464.883,2141.1287,26219.44,16055.52,-3595.8406,2866.863,5897.081,-4243.694,-604.8329,3992.2148,0
115030.15,2,3,1,44.60549,2,2,2,0,0,0,132581.81,154912.11,119726.875,114733.09,78428.4,49117.574,105.73502,2529.7852,9683.663,146.66524,3613.0874,2738.5889,0
104186.84,1,2,2,39.2328,2,2,-1,0,-1,0,-26599.875,10626.729,19510.135,617.93726,10310.112,6109.291,-1292.1752,3158.8372,6313.103,-4130.485,646.85535,4623.119,0
103472.79,2,2,1,43.96821,0,2,-1,2,-2,0,-24995.695,36706.48,27342.805,-59.92211,2460.8208,7364.543,-4533.1924,4760.4946,4874.4644,-5085.9907,130.51674,5727.265,0
115636.17,1,3,2,25.462719,1,2,2,2,2,2,-27390.547,15550.459,8129.2954,-638.56665,35223.363,12517.541,47.967934,737.682,6043.212,-5441.772,2260.8955,306.3297,0
113185.18,1,2,1,44.477314,2,0,0,0,0,0,-18909.93,85581.84,52181.414,1647.8318,25073.332,19850.305,-4186.035,3960.493,5930.5703,-2826.0898,-1204.4115,4986.927,0
105655.375,1,2,2,24.62175,2,0,0,0,0,0,52004.24,127028.0,98165.31,5653.246,11477.478,6342.3516,-199.99496,2096.4287,6895.2246,-3576.9248,924.53894,4822.467,0
117491.85,1,2,1,34.53703,2,2,0,0,0,0,131125.34,150420.03,115912.055,70637.77,85267.016,54904.72,-2683.8958,2018.0602,7879.3633,820.87445,1683.3258,2976.0757,0
100998.93,2,3,2,26.381878,2,2,-1,2,-1,0,-32399.156,26846.768,19708.123,-5047.715,15349.741,10949.568,-3088.6355,3734.2786,4723.108,-1243.8481,1704.1583,144.5338,0
106102.164,1,2,1,41.985683,1,-2,-1,0,0,0,-22699.914,65263.53,30977.07,1393.5623,28002.17,14787.627,-847.4925,2892.0754,6526.1885,-2325.918,472.76672,3407.1426,0
136535.3,1,2,1,45.226105,2,2,-2,2,-2,0,-21681.977,14090.213,34639.12,530.69116,1351.6842,5987.715,-5925.7266,4952.6265,4573.9834,-4049.104,-1592.8881,6111.1675,0
103196.68,1,3,1,45.321182,1,2,-2,-2,-1,2,-17053.977,55815.92,29550.914,4071.9958,17224.496,13303.953,-2713.4407,3710.094,5701.0234,-3836.6401,1342.716,5279.322,0
108530.18,2,2,2,25.289457,2,2,0,0,0,0,-24479.64,43053.863,31899.19,2307.324,24714.164,14709.701,-4073.115,3478.3804,5500.517,-4031.8315,-264.35876,3230.5337,0
116193.266,2,1,1,34.88247,2,2,2,0,0,0,123793.35,152123.23,120301.7,134523.97,102954.72,92135.43,718.05634,1492.039,10290.743,1137.3857,3750.9497,978.5582,0
117023.88,2,3,1,45.285618,2,0,0,0,2,0,-18910.18,31333.168,41889.965,2848.6912,2241.4028,10175.672,-5502.2334,5370.931,4703.6836,-4522.645,-2865.5183,6393.7354,0
107906.33,2,2,2,45.01863,1,-2,2,0,0,0,9828.426,122629.85,65810.74,7269.371,17512.041,9743.863,-412.7972,1851.6176,7175.8135,-2373.1812,757.8998,4525.9478,0
116299.29,2,1,2,26.668097,2,2,2,0,0,0,133900.17,159081.38,121629.375,145858.58,105842.016,99169.6,396.72818,549.09314,11245.104,1370.0234,3787.999,-9.242077,0
91265.97,2,3,2,24.439543,2,2,2,0,0,0,-18654.336,66335.79,26595.645,1708.5037,31544.73,15592.8125,-1074.2567,3592.2878,6070.066,-4296.2583,2117.4207,2118.8381,0
107274.03,2,3,1,43.743454,1,2,2,2,2,2,-20955.812,62689.973,32554.832,-1015.43384,35652.984,20159.965,-3508.1814,2842.5762,5158.804,-2523.0503,630.4132,2506.171,0
115943.13,1,2,3,45.20487,0,2,0,0,0,2,-20259.445,61714.945,40355.617,962.10913,27561.863,21438.098,-4436.3086,2823.6875,8008.1772,-1095.9126,-153.31871,403.92493,0
109878.81,2,1,2,24.17274,2,0,0,0,0,0,19071.086,121115.38,78786.91,20948.553,24767.818,21797.291,-960.50714,2214.4883,6538.0386,-4053.726,14633.822,3306.7043,0
113727.51,2,2,2,24.474468,1,2,2,2,2,2,-31198.281,10133.209,14109.866,108.67164,31895.45,12871.969,-978.0828,608.036,5900.151,-5233.936,433.578,1278.6842,0
112161.54,2,2,2,44.601025,1,-2,-1,2,2,2,-26944.64,13761.803,20622.656,2248.9138,21671.092,14954.4,-1705.7001,-547.8712,5939.882,-3882.641,571.98035,3598.482,0
88667.92,2,3,1,45.288082,2,-2,-1,2,-1,0,-14670.504,5894.256,7787.4985,5078.3203,68189.08,34723.426,-3331.3123,-94.57337,6199.2773,39281.01,3585.845,2284.4927,0
117087.45,2,2,2,39.38161,2,2,-1,2,0,0,120203.15,160888.36,124295.734,140577.53,110133.83,97225.96,4308.8994,-1565.2809,6058.8667,268.44427,8680.869,-1087.9437,0
108123.96,1,3,2,26.122177,2,-2,-1,2,2,0,-18547.36,46372.258,13301.222,819.6599,40108.33,17325.129,419.74185,1349.3241,5786.7666,-6185.3335,1595.2909,1152.7357,0
137839.12,1,2,2,31.56081,0,2,-1,2,-1,2,-25638.656,16646.783,15426.8,2617.8357,22310.588,13415.01,-1767.1078,1309.6571,6090.9854,10327.918,1839.1434,-20885.582,0
98352.7,2,2,2,25.726492,2,2,2,0,0,0,48225.258,125875.96,88909.24,46690.703,59626.082,33293.727,4252.938,1674.2946,8525.643,-1973.271,2600.388,2894.551,0
101913.11,2,2,1,41.88856,2,2,2,2,2,2,-31052.969,4173.209,15022.702,1172.2068,22013.148,9614.268,-1866.7426,1763.0013,5416.1763,-5301.6724,-20.371445,2494.4355,0
103027.86,1,2,1,44.36561,2,-2,-1,0,-1,0,-19233.844,6513.3496,20391.188,5822.6914,7815.3228,4916.3984,-1567.2045,2405.4414,6469.7036,-1899.7036,954.0709,5248.1636,0
90203.2,2,3,2,31.473724,1,-2,-1,2,2,2,13515.703,103696.68,25713.553,9404.367,59897.965,27325.883,5405.239,-1244.1451,6760.7363,-399.6822,4070.7925,226.02061,0
121178.79,2,2,1,40.721813,2,2,0,0,0,0,132622.06,153273.84,120946.42,116674.79,100716.234,88567.37,-3523.0164,2157.6072,9229.813,1875.3936,1968.3553,2178.356,0
104288.27,2,2,2,24.793474,2,2,0,0,0,0,-18205.367,74800.48,35090.195,3413.117,24132.125,13529.297,-3286.069,3268.8796,6388.583,-3445.6914,722.88367,2138.646,0
100500.31,2,3,1,45.73426,2,-2,-1,0,-1,0,-9177.246,20093.125,19114.787,9665.645,8863.776,6067.957,-1716.5785,3262.5637,6982.2046,2954.3228,2434.3333,5401.525,0
135817.62,2,2,1,42.90109,2,0,0,2,0,0,-1305.3671,123782.766,70275.21,5714.5117,43735.484,33168.305,-4512.9316,3647.2544,5082.85,-1830.1904,-23.9066,5179.1377,0
121036.33,1,3,2,44.876667,2,0,0,2,-2,0,-23664.133,42767.14,38365.637,-5718.3516,-606.6791,10324.807,-6815.2617,5537.4585,3903.3577,-5841.8267,-2757.7595,5963.463,0
117973.88,2,2,1,44.856407,0,0,-1,2,2,2,-25274.25,33725.836,30989.268,1321.6287,22279.953,14024.896,-537.28595,1301.837,5630.9937,-2488.5796,-672.20496,5008.14,0
117293.47,2,2,2,45.11189,2,0,0,0,0,0,209.34,127098.44,48971.156,1903.5349,8972.661,12705.908,-5245.079,3690.8208,5320.2114,-3239.163,-2360.533,6225.5205,0
117793.414,2,2,2,40.120796,1,2,2,2,2,2,-23159.102,66276.08,33231.258,-1522.8557,40336.285,21408.56,-3657.8386,1670.2076,5554.2056,-2205.648,-708.0609,2297.7322,0
86688.234,2,3,2,25.055677,1,2,2,0,2,2,-23946.758,18613.234,19632.807,2689.8748,33722.75,13993.584,-482.56772,1928.6185,5667.7607,-5010.396,2415.7017,1381.8903,0
97554.766,2,3,1,24.652872,2,0,0,0,0,0,-13246.035,81453.414,40872.406,6778.3516,32481.09,19471.03,-1254.222,3821.4111,5602.01,-2992.0415,2048.8096,2866.067,0
106859.055,1,2,1,42.621346,1,-2,-1,2,2,2,-9858.164,70400.75,23181.309,4788.258,44377.37,20417.973,2286.021,-490.78967,6228.085,-2571.7783,2192.9937,2564.5874,0
92373.43,1,3,2,27.066528,1,2,0,2,2,2,52992.6,119551.51,69017.59,23024.102,92173.91,56296.668,1681.5428,-616.80334,8050.0874,-4429.027,6327.537,-55.39784,0
106326.02,2,2,3,31.652014,2,2,0,0,0,0,-9699.68,107398.086,50793.848,4400.7188,33222.73,21837.01,-4492.5967,3952.435,5850.632,-2841.003,226.66347,2298.0117,0
140407.34,2,2,2,42.803646,2,2,0,0,0,0,167624.84,178231.22,129314.18,181881.86,106739.6,105132.93,-4979.343,690.28064,12763.617,2391.4775,2815.1611,824.4457,0
103281.51,1,2,2,25.163149,1,2,2,2,2,2,3156.3245,114774.79,30799.521,4643.578,65290.168,30622.72,1799.4144,-797.72473,8546.527,-2172.2188,1812.0104,-1438.9384,0
106833.74,2,2,1,41.989548,1,-2,-1,2,0,0,-28351.086,53135.12,30729.34,630.5193,25552.162,15402.725,748.12274,1716.4034,5529.586,-3100.44,794.14075,4093.9565,0
109338.23,1,3,1,43.50897,2,2,-1,2,-1,0,-31257.023,7929.9316,13734.987,-2827.1838,16171.995,7316.791,-3738.3357,2802.541,4839.5933,-3902.9438,311.50256,3186.7458,0
113911.54,1,1,2,42.267445,1,2,2,2,2,2,114673.25,151454.03,116339.48,130154.49,112626.984,89882.89,-181.17758,-1348.712,9421.881,-21.787647,1865.9423,-881.4447,0
103383.24,2,2,2,24.659702,2,2,2,0,0,0,43394.797,127478.31,93441.125,51094.5,84373.31,58474.273,2772.953,1931.1185,7708.7803,-1058.9531,1632.4718,-1793.0912,0
101026.57,2,3,1,44.79689,2,-2,-2,2,2,0,-26022.414,3748.7048,22874.031,3651.3943,16200.308,9668.857,-3017.0354,2443.52,5292.4873,-1967.0044,652.7201,3638.87,0
129840.5,1,3,1,44.980995,2,0,0,0,2,0,103617.92,143425.48,115781.72,97570.66,90884.49,70466.19,-2359.8582,2816.001,11672.809,-3374.4048,2394.04,607.57263,0
111218.33,2,1,2,42.104347,1,2,2,2,2,2,-27398.96,51238.78,31397.06,-3436.598,29000.287,19035.543,-4186.4336,2271.6045,5245.4478,-3408.1045,-488.3744,2781.0088,0
117440.71,1,3,2,45.027096,2,0,0,0,0,0,-24092.734,27301.252,39041.242,-1961.9768,4685.969,10399.293,-6090.5576,4339.8413,4925.385,-4363.5073,-1618.7626,5601.5464,0
102725.47,2,2,1,37.5281,1,2,2,2,2,2,-23439.422,63142.668,29074.373,-294.05103,36701.977,19933.219,-695.86163,1694.9283,6626.2603,-5001.7446,727.6356,2232.9727,0
110670.33,2,1,1,43.61415,2,0,0,0,0,0,-17837.25,77056.36,52597.82,2391.574,20382.531,12547.559,-4790.1436,5101.5146,5469.191,-2740.0195,-1043.4476,5102.016,0
99230.42,1,3,1,45.023693,1,2,2,0,0,2,-22495.836,22572.36,25789.006,1840.2888,19507.021,10328.811,-1359.308,2433.8088,5577.097,-3163.1987,2076.2244,3526.571,0
103984.945,1,2,2,44.315983,0,2,0,0,0,0,15212.449,124551.8,56517.863,3601.1912,14511.696,9658.268,-2054.1765,1879.3341,7172.556,-2576.1895,1043.409,4454.5483,0
111667.28,2,3,1,45.259808,2,0,0,0,0,0,-16048.859,80300.01,54495.67,3287.531,22144.81,20112.652,-4614.2627,5072.067,5629.296,-2524.501,-435.2992,4461.256,0
112920.58,1,2,2,38.162937,2,2,2,2,2,2,-22541.188,28643.074,16382.655,703.19116,41167.156,19065.578,-1474.2474,583.7406,6110.512,-2766.4995,782.23596,1566.5021,0
144006.16,1,1,2,41.072266,2,2,-2,2,-2,0,-10736.66,29211.867,26443.602,2498.5388,527.0397,5582.383,-5079.91,5040.236,5458.706,-4119.47,203.589,5978.785,0
124886.164,1,1,1,45.279976,2,2,2,0,0,0,88763.75,142300.23,111456.13,82981.82,89359.92,43624.16,-456.3148,2428.0815,13080.007,-132.70903,3258.0752,1901.0074,0
111150.08,1,2,1,44.615395,2,0,0,0,0,0,-24082.703,122316.7,37301.66,5252.3125,22003.654,14002.736,-3604.6394,3096.2517,18011.584,-2792.519,-249.01256,2221.7605,0
108411.35,2,2,2,28.069475,2,2,2,0,0,0,77378.586,134685.2,104088.88,68534.875,86016.45,55355.094,2715.4175,1588.9081,8936.646,-1212.4526,1645.4137,1725.0746,0
111390.37,1,1,1,37.726013,2,2,0,0,0,0,-27787.516,45172.043,38452.586,-3315.5823,8830.962,10263.418,-6591.828,5521.345,8785.887,-1005.6988,-206.99205,-21944.686,0
124320.74,1,2,2,24.896696,1,2,2,2,2,0,-29946.922,44155.535,22133.033,-3921.9338,37400.78,17646.633,-3409.036,1736.0902,6291.1826,-5429.856,-1332.8099,934.1322,0
100284.56,2,3,1,44.256577,1,2,2,2,2,2,-3764.7888,111455.875,43932.8,3445.0076,52097.758,29536.773,-312.10873,1880.2772,6485.5537,-4673.689,2678.9258,1005.161,0
106183.38,1,3,1,39.138493,1,2,2,2,2,2,92971.87,138179.47,106583.48,101638.945,111393.7,82735.23,3239.7463,-436.84192,8924.431,-663.1451,4829.451,-1472.5292,0
110142.33,1,2,2,40.99602,2,0,0,0,0,2,93237.18,135834.56,106587.7,9079.594,53173.91,29798.35,-15.034997,1111.5355,7402.948,1873.603,883.29065,3137.334,0
101626.086,1,3,1,45.34347,2,-2,-1,0,-2,0,-17363.117,9472.611,22898.408,3259.1248,8920.827,6623.574,-3470.328,3264.6782,5460.063,-3909.647,2384.0662,4612.5625,0
108997.914,2,3,1,36.076305,2,0,0,0,2,0,-12673.469,73758.78,43099.125,6224.953,15705.665,15845.584,-3643.658,4878.396,6366.639,-4158.156,-112.27281,4399.2017,0
93752.86,2,3,2,24.566763,2,2,0,0,0,0,-17565.89,49778.71,29115.207,3360.3826,27993.07,14677.699,-3204.6423,3809.9006,5309.443,-4090.1685,1718.9069,2150.363,0
122477.11,1,3,2,32.89383,1,2,2,2,2,2,160479.81,179586.05,124312.46,181145.6,116984.305,109659.88,1736.9427,-2377.8777,12577.356,1584.7637,3132.6533,-5668.4756,0
112985.68,1,2,1,44.76901,2,0,0,0,0,0,54636.996,129436.58,103987.34,49816.906,76956.34,56474.254,-3024.3591,2814.6663,7414.0474,785.64667,263.79065,3189.4668,0
118240.38,2,2,1,44.94725,1,2,2,2,2,2,20407.957,124698.58,76864.06,11268.277,72296.82,43109.676,-438.2855,927.0853,5965.679,641.5153,348.26794,2122.2083,0
95477.09,2,1,2,25.117947,2,2,0,0,0,0,-4483.1367,97342.086,42349.914,6578.9766,42449.227,23832.13,-3299.2566,3161.9333,6171.5317,-2661.1016,1521.7958,2292.142,0
113758.3,2,3,1,45.378548,2,0,0,0,0,0,-10644.539,107243.93,64756.97,5754.7383,20104.494,15159.342,-4345.868,4975.503,5405.18,-2267.583,412.86755,2016.049,0
116322.41,1,1,2,26.066324,1,-2,2,2,2,2,-31681.305,6830.5645,5215.0024,-534.45337,29208.178,10778.26,1362.5214,-222.14125,5908.382,-5581.516,1517.9647,868.70886,0
110191.72,1,2,2,33.058403,2,0,0,0,-1,0,1746.09,84027.53,46241.62,4304.5938,3040.9067,5923.047,-2708.1584,3178.3567,6197.186,-1543.7002,-1178.3046,6575.8325,0
121101.84,2,2,1,44.713818,2,2,2,0,0,0,-34190.055,-192.3537,23224.096,-1981.094,13032.241,8938.49,-5174.086,2763.843,5391.0464,-5022.3726,-1180.0546,4045.76,0
124654.64,2,2,1,43.85799,1,2,2,2,0,0,-36885.03,21506.443,30538.385,-6880.801,15813.353,13116.932,-6206.093,3408.5137,4706.5947,-4966.0522,-2006.2909,3389.7253,0
105451.19,1,1,2,32.19196,1,2,2,2,2,2,-27019.047,20964.334,25145.406,-1415.8479,41252.676,20412.008,-3507.0876,1406.7284,6161.908,-4270.361,201.82924,238.13927,0
101724.29,2,1,2,24.779345,2,2,2,2,2,2,-22901.43,19921.223,16258.349,1111.1208,37990.14,15268.979,-2004.3314,1230.1757,5893.3154,-5266.5435,691.41956,-140.25233,0
104287.35,2,3,1,45.33234,2,2,-1,0,0,0,23406.828,99989.23,38097.53,983.6404,8755.358,7263.34,-1707.5809,4598.606,5351.049,-4341.2856,710.3375,1560.8959,0
102121.805,2,2,2,24.19954,1,2,0,2,2,2,39971.797,120956.26,74860.79,15401.764,89500.69,54261.97,879.4001,-331.2599,6492.8247,365.0937,2329.9902,-2038.1312,0
110829.21,2,2,2,39.48696,2,2,0,0,0,0,48837.754,126218.734,93020.59,45225.902,78133.516,55513.742,-3394.9001,2488.9722,6861.996,-1104.6475,722.5646,3297.2869,0
131529.12,1,1,2,43.667477,2,2,0,0,0,0,149340.27,164081.23,126080.38,153960.69,107267.22,103627.1,-4916.96,999.8998,10536.774,1887.1006,3539.7688,103.463974,0
119827.9,1,3,2,36.33865,1,2,2,0,2,2,161627.81,173800.69,123871.63,183213.28,116721.36,103161.336,5624.56,-2025.7218,7131.594,2795.43,4072.6106,153.50304,0
103681.9,1,3,1,45.38017,1,2,0,0,0,2,-15614.609,51428.996,30264.56,4251.9375,24537.195,10209.215,-2782.237,2862.455,5448.064,1431.334,2129.129,3865.4187,0
104228.04,2,1,2,34.41621,1,2,2,2,2,2,-57.312355,111439.51,40059.176,3028.5154,59866.23,32107.14,-454.3475,679.57166,6995.668,-1849.7344,1650.6847,708.86926,0
144623.23,2,2,1,26.898153,2,0,0,0,0,0,179341.3,188416.9,130683.7,193073.16,108743.65,106461.92,-1374.976,-374.49817,12038.426,2202.8572,2790.5464,2417.9966,0
138660.0,2,1,1,44.758926,2,2,2,0,0,0,142381.64,162638.86,125897.28,155406.9,106572.37,104366.45,2375.726,130.74205,10954.549,2742.5972,9558.75,5757.5786,0
138469.23,1,2,1,45.289005,2,0,0,0,0,0,130939.76,155327.36,125602.34,143789.95,102452.195,99006.79,-3042.7366,1464.2872,10036.334,2127.9468,1624.674,2019.6586,0
97627.66,2,3,2,28.790613,0,2,-1,-2,2,0,-18058.758,34341.797,21884.934,3172.6716,4062.4106,7818.416,-3877.202,3744.7134,5718.1963,-4382.268,1734.2965,5605.4116,0
101024.0,2,1,2,34.453777,1,2,2,2,2,2,-277.6522,103819.08,38683.453,3211.2732,58077.67,30845.57,-1726.0468,757.1952,6925.5254,-2704.5454,1632.3304,2074.1462,0
112927.04,1,3,2,44.094418,1,2,2,2,2,2,48199.44,126708.78,84235.74,28226.387,85442.445,54775.53,-2514.8347,1127.3534,5928.3677,131.0395,1666.9991,-1563.4432,0
113654.15,2,3,1,44.234486,1,2,-1,2,2,0,-30754.703,48200.98,35795.66,-5816.9023,18639.1,17042.635,-6039.8506,4067.3103,4936.027,-5865.6187,-859.36804,1025.0958,0
114031.22,2,2,1,44.89039,0,0,2,2,2,2,-16389.922,81335.0,37732.74,3080.703,38318.176,21151.322,-524.9622,804.28015,6344.1733,-3085.976,-190.78697,5053.3633,0
106089.75,2,2,1,39.107517,1,2,2,2,2,2,-23824.492,61306.72,31967.824,-776.3323,35751.066,20437.84,-2472.6995,2140.5696,5413.3267,-2366.6812,316.66467,3312.5496,0
125830.02,2,2,2,25.985756,2,2,0,0,0,0,145041.52,157055.81,120625.83,131379.6,102430.3,93327.39,-3694.2458,1384.3646,9740.708,1849.971,2292.5137,-1640.8324,0
115908.0,2,2,3,45.093376,1,-2,-2,0,0,0,-23905.5,3261.3025,36270.582,2064.7576,2506.0122,7641.1074,-4858.747,2789.1116,5296.609,-3908.8633,-811.9999,6140.9814,0
134602.62,2,1,2,44.40832,1,2,-2,2,0,0,-35026.97,16928.074,31044.145,-8926.148,8047.364,11903.09,-7046.3984,2950.5461,4675.5635,-5925.067,-2347.0251,4419.44,0
101144.62,2,2,1,24.850863,1,2,0,0,2,2,-17583.39,40725.93,25850.791,8778.0625,33570.67,14587.51,375.5148,1899.2528,7007.6494,-2986.1104,1445.4161,2748.1643,0
108053.02,1,2,1,45.108124,1,2,0,0,2,2,-24360.469,2617.9705,27041.9,5212.0977,14046.894,9208.113,-3313.1492,2213.1204,6560.601,-3722.8862,336.95862,4534.949,0
100762.39,2,3,1,25.448917,2,0,0,0,0,0,55773.113,122913.25,88314.15,52227.895,54045.11,32085.066,70.27311,3165.3264,7804.2837,-972.9864,2857.7234,2534.607,0
108980.74,2,3,1,44.13258,1,2,2,2,2,2,46105.777,123761.73,80175.82,36401.02,83079.055,55651.37,-1503.288,1532.8815,9474.339,-1304.9639,3111.579,307.27893,0
115000.06,1,2,2,25.381886,0,0,2,2,2,2,-21733.945,28685.102,18526.51,3590.0115,38975.805,15837.971,2181.3196,-785.17346,6660.286,-4177.5737,878.8954,2598.924,0
144797.12,1,2,1,43.966747,2,0,0,0,0,0,161463.14,176448.84,131751.84,181253.0,109797.54,111525.555,-3641.069,744.8583,11608.668,1627.23,2829.6143,-15751.923,0
122977.336,1,2,2,23.722057,1,2,2,2,0,0,-33747.062,23794.121,18978.145,-5808.426,33374.242,14801.018,-4139.539,1865.6344,5321.6016,-4920.7837,-796.2279,188.56114,0
116721.88,2,2,1,43.63673,1,2,2,2,2,0,-18128.805,116083.72,40044.89,-1553.2776,36774.375,19588.473,-3851.0476,2670.827,6129.426,-4952.693,-1122.9486,2088.0974,0
111217.516,1,2,1,44.832893,0,0,2,2,2,2,-25819.25,26273.27,30182.092,1538.4958,23608.404,15078.029,-1147.41,834.77966,6212.8247,-3938.2954,-276.83337,5169.5186,0
109152.04,1,2,2,26.60694,1,-2,2,2,0,0,-2221.2224,108571.82,37460.215,-1246.7307,62742.492,40208.996,1090.6454,-523.6476,6318.7026,1036.6995,12538.954,1231.539,0
124683.54,1,2,2,28.463648,1,2,2,2,0,0,-37612.5,6254.8926,12894.874,-5446.0312,23135.094,9800.916,-4753.6055,1746.9904,5229.13,-5429.264,-1116.4408,1849.6727,0
122999.45,1,2,2,25.51643,1,2,2,2,0,0,-33318.734,30486.318,21981.234,-6026.867,34231.46,9081.152,-4396.8115,2064.8877,5298.27,-5390.6587,-1191.2675,1750.3934,0
146136.03,2,1,2,45.171467,1,2,0,0,2,0,188999.03,197209.5,133799.03,160652.89,106142.38,103974.15,-6372.463,-452.8966,13817.958,-4028.06,217.33192,3571.716,0
122861.734,1,3,1,34.646732,2,0,0,0,0,0,144437.94,175789.86,122393.84,153970.73,104733.56,83473.984,-1006.1673,999.338,9435.503,921.6645,3485.559,1500.4823,0
119375.37,2,2,1,45.46793,0,2,0,0,-2,0,-20252.375,22417.994,32823.81,3548.078,1667.6295,6802.967,-4087.6453,4117.5825,5276.7134,-3321.1196,269.24426,6433.258,0
124106.875,1,3,1,44.451515,1,-2,2,2,0,0,-34231.336,12046.4,20128.002,-5620.2734,14736.366,10280.221,-4212.1084,2392.366,4903.1523,-5365.735,-89.43785,3200.6218,0
106229.234,1,1,2,34.750896,1,2,2,2,2,2,69862.22,129200.68,94072.86,61287.32,103889.25,68656.78,1926.6678,-1184.1774,8664.71,-1016.8194,3664.3086,1677.0577,0
113041.27,1,1,2,44.212784,2,-2,-1,2,0,0,41112.594,126450.16,72021.79,3543.7732,63634.715,37969.457,-4323.8486,1371.1871,5738.6377,-5515.184,104.36195,-25662.004,0
93317.22,2,3,1,33.774426,0,2,-1,0,0,0,-10773.613,87384.836,29090.91,6580.133,34722.89,19703.586,1097.0345,3068.2944,9776.258,-2869.4478,3154.3823,2922.2214,0
97324.37,1,3,2,35.864536,1,2,-1,2,2,2,-3683.8005,79825.13,25670.809,4559.492,50734.62,23854.229,2651.76,-300.1139,6291.4336,-2018.5693,3034.7297,1567.236,0
104671.54,1,2,2,30.981792,1,-2,2,0,0,0,-13501.305,87068.27,29414.582,2213.5623,40813.684,15933.004,864.3498,1478.5385,6956.602,-2028.1846,1063.9918,2776.0518,0
105654.234,2,1,2,29.531187,0,2,0,0,2,0,18692.488,119840.875,58235.387,21988.53,54355.062,34245.285,-2064.1003,2168.0022,9612.719,-3790.544,1913.0509,2948.7166,0
114757.305,2,1,2,24.045885,2,0,0,0,0,0,60255.78,128440.51,105215.14,3164.781,13278.452,52764.465,521.86786,888.5404,6080.475,-4257.432,43806.375,3236.1797,0
108310.266,1,2,2,24.863188,1,2,2,0,0,2,-27540.21,10484.924,13610.616,3454.953,32827.707,10832.709,2335.8923,834.83044,6672.2544,-3271.9678,1934.204,941.0553,0
117236.44,2,3,2,45.037487,2,0,0,0,0,0,-22912.266,48738.117,45735.11,-1669.5823,9042.626,15739.193,-6059.4814,4953.4146,5091.5645,-3992.417,-1833.9012,5530.0854,0
92877.0,2,2,2,25.585546,1,2,2,0,2,2,13403.547,113884.81,35493.14,9387.219,67154.35,32785.324,5151.1445,-1025.5358,7097.9727,-2554.3296,3071.1672,-841.90515,0
110873.23,2,3,1,42.772957,1,2,2,2,0,0,-24285.977,79428.6,37332.96,-4998.414,20309.479,12194.455,-4731.3115,3686.5688,4815.4385,-5299.606,308.68958,3038.2039,0
121785.65,1,2,1,44.881325,0,0,-1,2,-2,0,-27889.367,53035.496,37709.523,-1758.2034,5440.4653,8522.068,-4131.1943,2578.5647,5131.1445,-4487.5864,-1747.1976,5529.9717,0
112342.6,2,3,2,44.5575,1,2,2,2,2,2,-25921.25,55569.508,32643.404,-2417.6956,32449.822,21292.465,-4338.5566,2821.9111,5033.3096,-2909.8428,849.99207,2858.9995,0
118273.71,1,1,2,42.334473,1,2,2,2,0,0,95265.88,148254.47,116830.64,105415.99,101392.13,75185.92,-2863.7542,491.6742,5548.3716,-1689.4805,2139.2656,379.71594,0
100569.79,2,3,2,28.926624,2,0,0,0,-1,0,-22697.82,10616.912,23050.99,4574.8516,26711.81,17457.127,-3892.0642,3253.2983,7398.6655,11186.725,1376.4191,2567.72,0
114332.31,1,2,1,43.913326,1,2,2,2,0,0,-21035.781,100614.38,42993.684,-3975.1526,45861.805,25913.69,-3670.1277,2577.9521,5247.2837,-3087.7803,-824.3954,798.59436,0
109693.61,2,1,2,24.313816,1,2,2,2,2,0,-18976.781,90860.484,36335.47,316.69116,49210.707,28396.777,-2935.28,2322.7302,8411.809,-5775.7827,-157.99693,-1773.2987,0
118357.7,1,2,2,24.817047,2,2,2,2,0,0,-27456.977,33145.22,18379.188,-4047.3323,40873.9,16294.391,-3430.7976,1726.6154,5358.6045,-4412.0835,-677.45935,-8.672741,0
114240.1,2,3,1,44.703915,1,2,2,2,0,0,-19004.312,94795.52,49541.37,-3358.2776,44704.766,29014.375,-5336.5615,3430.8774,4947.381,-2839.665,165.99623,1889.3221,0
109774.84,2,2,1,25.006784,2,0,0,0,0,0,69259.5,129678.23,103137.06,76503.23,86598.46,63146.066,101.683754,2154.0457,8069.974,495.55682,1551.0472,2444.971,0
103338.875,1,2,2,42.791714,2,-2,0,2,0,0,89199.734,137529.45,108853.516,95256.516,96230.76,71684.15,-1513.4213,1071.2906,6944.508,-3965.9849,1286.2386,4432.3022,0
114633.5,2,3,2,35.77568,1,-2,-1,2,2,0,-31541.172,14171.482,16091.704,-1179.3362,12723.231,10420.707,-2676.8167,1768.6385,5319.6665,-5841.522,942.6251,841.1561,0
107238.22,2,2,2,24.873165,2,0,0,0,0,0,-52.788918,95822.125,38708.633,3787.82,15711.663,11063.006,-2929.4333,3085.1763,5869.3354,-4016.082,-264.21912,4634.304,0
115219.67,2,3,2,45.434402,2,0,0,0,0,0,69644.65,135492.4,110973.51,77646.53,22122.11,16493.965,-3582.034,3542.6008,6226.4434,-1846.2642,252.02455,6153.1396,0
114870.04,1,2,1,43.86429,1,2,-1,0,0,0,-28626.219,51759.004,33385.6,-1746.8206,21297.785,14305.027,-3108.1746,3333.5103,5568.253,-3741.8809,-314.39197,3800.297,0
101906.945,1,2,2,27.762491,2,2,-2,2,0,0,101715.21,134511.83,94404.76,10433.102,87459.836,79934.34,-2510.6467,-4708.8467,6466.388,774.1982,2063.2031,143.04698,0
111763.72,1,2,1,45.089977,1,2,2,0,0,0,634.6642,127178.766,64243.035,225.41382,26205.88,15291.184,-573.1517,2140.907,6578.6294,-2793.1812,279.2201,4182.249,0
110628.62,2,2,2,26.036966,1,2,2,2,2,0,-37037.062,9951.611,23292.33,-4863.5156,16185.089,10084.633,-5070.452,2816.1611,5088.4814,-5812.4517,-1591.0306,3192.944,0
104154.05,2,2,2,24.998981,1,2,-1,2,2,2,-22584.25,32019.988,17368.418,3092.4646,39500.637,16872.162,1569.2426,-293.23645,6590.948,-4091.189,1332.4501,637.9784,0
140520.88,2,2,2,24.992105,2,2,-2,2,-2,0,-15364.297,20894.998,25566.598,4225.543,6035.9497,5690.0977,-4090.3425,4562.7153,5241.818,-4021.039,1306.121,5234.4033,0
111372.56,2,3,1,41.27203,2,2,2,2,2,0,-27958.43,49816.78,28247.72,-2132.3596,28243.799,17186.584,-3434.6462,3603.3374,6164.15,-5976.5806,-382.94373,1371.9225,0
112123.91,2,2,1,37.706398,2,0,0,0,0,0,70829.41,132314.11,114511.875,19788.455,28123.91,40907.57,-356.42416,2904.0422,5989.5923,-2928.734,28023.53,2138.2375,0
122152.4,2,2,2,45.327297,2,0,0,0,0,0,57550.734,144903.33,91838.51,19069.002,53425.492,36903.02,-5021.8213,3008.0535,6331.0015,-1394.3535,-2284.7424,5349.461,0
132948.72,1,2,2,38.51622,1,2,2,2,2,2,94155.89,139853.84,111852.48,102984.766,108585.586,77134.32,855.0524,-1409.8024,11076.81,401.9262,1890.7599,-157.9081,0
115074.22,1,2,2,29.17268,1,2,2,2,2,2,-18071.445,77730.125,29263.371,256.67554,22524.002,9325.012,-119.02523,1040.4811,5746.921,-4332.094,465.06213,1792.953,0
109069.75,2,2,2,43.16163,2,2,2,0,0,0,-10858.57,116406.86,49915.836,7142.871,27424.75,17424.465,-611.94464,3452.8997,12668.515,1697.4194,891.047,2915.4705,0
116056.45,1,1,2,38.966858,1,2,-2,2,0,0,-35808.5,19803.514,22763.814,-7328.535,18133.281,14949.631,-6256.0586,2859.2683,4813.612,-4042.7827,-770.9667,2130.13,0
114755.45,2,2,1,44.054256,2,0,0,0,0,0,71887.375,134366.42,96854.03,39232.938,65751.0,29875.713,-2989.8376,3723.1655,6662.031,-837.9288,-721.1366,4859.333,0
109459.78,1,2,2,28.756508,1,-2,-1,2,-1,2,-15774.75,27605.217,5846.1,4368.0,43289.074,14814.039,2189.4795,-1264.7628,7113.05,-3757.8696,2306.5103,-572.07263,0
142759.78,2,1,2,44.306393,1,-2,-1,0,0,0,-23168.062,20507.398,34247.008,-1200.8518,-191.30798,11105.064,-3817.7615,2844.9182,5148.6606,-3526.0474,7095.921,6825.388,0
112610.79,1,1,2,25.436111,0,0,2,2,2,2,-23478.61,17822.05,18720.438,3519.9373,32767.33,14006.971,1103.0487,-319.75354,6712.7153,-4077.7505,1329.2802,2788.421,0
108243.23,2,1,1,42.95457,2,0,0,0,0,0,64826.617,130963.13,108701.06,46267.86,28397.562,9751.678,-2305.4822,4022.2131,6496.742,343.99017,2235.7087,5835.7544,0
152915.27,1,1,1,43.683067,2,0,0,0,0,0,-7413.8164,46760.71,41258.902,1718.9138,-127.42517,7765.699,-4556.839,4901.8916,6346.159,-918.34576,-1375.1249,5284.442,0
111559.78,2,1,2,42.749153,2,-2,-1,0,-1,2,-10319.285,11166.908,13245.616,11271.203,12565.265,4675.9375,1356.0753,1396.0814,6893.884,2099.2117,2935.7234,4742.048,0
99554.76,2,3,2,25.619915,1,-2,2,0,0,0,108915.0,138702.33,110830.85,106693.1,58497.035,29497.99,4145.2354,856.3993,10423.01,-536.39264,4617.001,665.0748,0
90845.93,2,1,2,24.500595,0,2,2,0,0,0,51810.86,121016.27,82434.734,6044.039,38524.434,19135.666,1640.4178,1453.4039,7233.7593,-2689.3462,3158.3901,2766.1042,0
145613.45,2,2,1,43.738144,2,0,0,0,2,0,14959.973,123238.63,86192.07,43308.96,53383.305,37284.32,-2687.1682,3719.7903,11675.104,-2370.651,-387.37097,6116.8496,0
133582.19,1,2,2,29.92626,2,2,2,0,2,0,-32401.344,1226.5214,23107.992,-1635.3674,26516.201,17888.81,-4825.082,2314.9263,19961.764,-5029.8237,10542.387,3771.192,0
117544.52,1,3,2,44.849995,1,2,-1,0,0,0,-26761.812,54600.465,33100.48,-4352.4844,20436.654,15917.285,-4295.8174,3438.7998,5257.822,-4208.97,365.20032,2516.831,0
115078.76,2,3,1,44.181442,1,2,-1,2,0,0,-27696.36,65810.445,32230.244,-2901.9456,16066.468,12935.781,-2793.714,2982.1084,4972.1533,-5042.9946,777.14124,1121.695,0
115574.586,2,2,2,26.432127,2,0,0,0,0,0,-25828.5,27044.348,37833.992,1566.8083,12466.265,12467.689,-4462.375,3990.6448,5579.3965,-4180.5405,-1150.7963,4907.882,0
122260.23,2,2,2,43.028416,1,-2,-1,2,0,0,-27030.547,57175.58,30038.957,-2788.0784,23953.852,14249.352,-3372.9275,1162.3324,5555.3135,-4991.31,149.41176,3480.335,0
95769.4,2,2,2,32.7815,2,2,2,0,2,2,-25982.773,2137.6501,8742.327,4492.879,25065.803,9325.34,-821.71027,925.1781,6913.035,-4949.641,1845.9203,2049.0303,0
115515.94,2,2,1,43.499012,1,2,2,2,0,0,58664.184,131738.9,103104.555,57991.863,91244.664,67158.12,-4068.4558,1476.1346,5909.7197,-1017.13385,2674.2524,3562.8071,0
111437.266,2,2,1,42.708054,2,0,0,2,2,2,-16505.18,76980.98,42889.29,3052.3826,40413.074,23965.104,-2896.513,2116.0366,5945.1055,-3008.9077,-1098.3114,2855.5308,0
129811.71,1,1,2,33.319576,2,-2,-1,0,-1,0,-13242.605,25730.695,21446.838,4624.1836,231.51233,5112.004,-3307.66,3574.0044,6199.4487,-903.50934,726.2494,-18373.14,0
93171.41,1,3,1,31.393671,1,-2,-2,2,-2,0,-20486.633,10170.279,17782.28,5262.3438,14418.546,6160.623,-2088.0935,3217.7112,5436.635,-4195.651,2668.4016,3418.7373,0
100111.33,2,2,2,26.28582,0,0,2,2,2,2,12434.148,117805.78,43023.027,6263.5547,45170.336,10986.9375,4213.1987,-1116.5817,6739.458,-1975.8999,1780.2545,2620.2275,0
122316.41,1,2,1,40.67918,1,2,-1,2,2,0,-31121.125,56203.582,34193.367,-4724.4453,23604.713,10840.189,-4357.7334,3352.5334,5984.0234,-5349.15,-1393.5175,3618.3232,0
152877.48,1,1,1,43.541138,1,2,0,0,0,0,201552.5,216152.33,142978.97,233867.98,128723.37,120163.3,-6595.964,-2471.9382,14735.215,2823.5403,9437.433,-2271.8525,0
139437.75,1,1,1,44.260925,2,-2,-1,0,-2,0,-11374.23,20088.625,21756.443,6376.09,4790.4185,5828.3203,-2808.557,3539.4294,5973.3994,-3139.2803,2938.022,3876.4954,0
136824.69,2,2,2,42.90361,2,0,0,0,0,0,152143.11,169470.56,130889.67,165476.16,101148.45,99649.27,-4093.0251,1506.4166,10728.99,1133.4539,1074.319,-2146.5688,0
100568.336,2,2,1,24.440506,1,2,0,0,0,2,-20794.898,31143.205,26913.783,6765.539,34711.516,12130.32,1535.1989,1838.3126,6762.6807,-2778.2065,1908.9218,2236.1243,0
102804.26,2,2,2,24.615383,1,2,0,0,2,2,-10730.422,65399.355,27405.668,8145.1875,43033.766,20303.781,998.31903,906.9198,7516.9043,-4064.7173,1944.274,2580.258,0
140215.2,1,1,1,38.750187,1,2,0,0,2,0,182933.38,192028.12,128743.21,179082.02,112122.61,109216.484,-4710.1943,-1134.299,18478.93,-3796.9624,3999.131,-857.9481,0
105208.12,2,1,2,30.962297,1,2,0,0,0,2,-23437.25,10269.057,24105.52,4556.301,20080.316,10407.539,-2982.9822,1995.5504,5730.344,-3681.499,1529.3053,3084.5137,0
119515.97,1,2,2,44.933743,0,0,0,2,2,2,-27646.242,7884.6113,31351.03,2334.9724,14668.938,12366.855,-4522.8955,712.3275,5604.1465,-2687.0679,-1323.6859,5375.7363,0
106084.266,1,2,1,41.895683,1,2,0,0,2,0,3894.18,122885.28,56131.48,10585.492,50104.16,30295.857,-2895.9558,2366.7295,8169.7554,-3384.9102,435.04016,3072.4219,0
120948.74,1,3,3,44.75323,2,0,0,0,0,0,75316.53,134925.66,106876.09,74213.945,83182.59,63809.414,-4006.1697,3201.1855,8164.2764,-174.9395,2394.228,2086.9736,0
119334.92,2,1,2,24.35709,2,0,0,0,2,0,-24037.39,15693.611,35564.527,1440.0857,7910.2876,12441.637,-5500.5273,4646.163,7736.6675,-5359.854,278.70496,-2217.6177,0
114588.73,2,2,1,45.068886,0,2,-1,0,-1,0,-24601.188,8601.291,27387.018,1855.9099,6740.274,6942.8047,-2735.6062,3126.3435,5244.149,-2367.3672,-1305.1522,6392.0015,0
115029.44,1,2,2,24.232477,1,2,2,2,-2,0,-32850.586,30736.447,16553.48,-4038.3362,16158.347,9196.332,-4121.8086,3509.3828,4869.5757,-5955.0444,-62.92711,3146.6536,0
115093.3,1,1,1,42.84423,1,2,-2,2,0,0,-34126.938,70329.32,42278.918,-10007.219,19958.252,20364.883,-6871.825,4824.7646,4129.458,-5529.364,-2359.1023,-22089.854,0
109477.41,1,1,1,44.864304,0,0,-1,2,2,2,-22663.375,39100.473,30473.607,1352.3044,24152.217,16109.605,-2083.778,1282.7992,6235.3003,-3176.504,310.59705,5185.9326,0
110333.32,2,2,1,45.24855,1,-2,-2,2,-2,0,-22183.25,7584.3184,34055.805,2584.8865,2936.9849,7189.5703,-4811.0264,3704.4954,5024.1567,-4014.7964,-904.6483,6157.701,0
106467.51,1,3,1,45.387028,1,2,0,0,0,0,11449.48,125606.31,63534.297,14357.838,23929.266,14791.684,-3257.3347,2876.7666,7036.97,-2351.9668,1944.6852,3321.4785,0
139494.58,2,1,1,45.20262,2,0,0,0,0,0,149186.12,164893.38,122902.55,120720.63,99313.25,59176.305,-3667.4636,2781.9045,7851.445,1497.604,248.72523,4858.9062,0
111732.016,2,1,2,26.577164,1,-2,-2,2,2,0,-30042.836,1900.201,22881.602,1301.8435,13148.056,10604.18,-4613.466,1359.2172,5523.348,-5069.2524,531.0492,3903.445,0
99953.914,1,2,2,26.469646,1,2,0,0,2,2,-20022.805,24399.512,23472.777,5964.086,35190.504,15645.598,-717.50226,963.53796,8304.891,-4109.655,1330.6954,2616.5415,0
107680.34,2,1,1,44.707073,2,-2,2,2,-1,2,-24864.273,8989.252,19369.904,1897.8083,14813.269,7815.584,-954.2752,1583.8307,5373.9224,-3213.191,1614.4879,2093.2722,0
101676.445,1,1,2,35.027714,0,0,2,2,2,2,15951.703,117300.945,41064.145,6935.922,56788.293,28517.422,3361.4246,-1493.2399,9534.884,-3782.4897,3739.191,2680.4905,0
88503.984,1,3,1,44.157303,1,2,2,0,0,2,-9063.215,82541.7,29313.377,4976.0234,46998.67,21514.674,1617.9725,2097.238,7360.9087,-792.15533,3450.7288,2847.7905,0
98936.836,2,3,1,40.247635,1,-2,-2,2,-2,0,-18118.195,15617.205,23454.344,5432.7344,8417.767,5975.0586,-3186.1785,3943.646,5381.9067,-4173.021,1894.0885,4395.185,0
142596.8,2,2,1,42.273354,2,2,-1,0,0,0,33224.395,121148.68,88607.09,36938.43,59458.71,35930.715,-969.3206,2943.9536,8548.215,1058.9092,2080.6855,4433.0454,0
85453.35,2,2,2,24.939207,0,2,0,0,0,2,11854.016,104854.46,36793.26,12011.682,58329.81,20218.791,3028.3572,642.7206,7982.784,2328.7935,2973.0012,1425.7775,0
96913.36,2,2,1,26.010246,1,2,2,0,0,2,-14183.922,76060.71,27428.53,5464.457,45711.06,18181.004,3671.2974,1716.4,6791.956,-1499.2075,2174.4993,946.3717,0
137698.16,2,1,1,45.14178,2,-2,-2,2,2,2,-19754.453,8664.033,28482.71,4627.922,8142.143,10240.695,-3063.9622,2222.8325,5428.436,134.5461,362.3385,5793.363,0
119654.74,1,2,2,27.274426,2,0,0,0,0,0,119346.83,148406.11,117765.12,69445.47,89806.19,66652.41,-1417.3334,1026.1967,8079.557,1166.5552,1199.5226,3042.9895,0
99244.06,2,1,2,24.923409,1,2,0,0,2,2,-6447.91,70139.984,24792.709,7406.5664,26982.146,11548.121,-1470.4144,1498.9313,6184.739,-4263.5024,2563.8538,2657.4805,0
106698.23,1,2,2,25.603659,2,0,0,0,0,2,-12423.145,76635.99,45473.715,9522.602,55785.98,13555.539,483.3727,2216.6846,9943.478,1034.5012,1182.2418,2359.4553,0
106976.84,2,3,2,25.43863,2,0,0,0,-1,0,-25759.664,32558.174,32262.053,400.10913,8604.347,14140.037,-4243.793,3342.93,7304.7246,-1957.4258,8141.096,2550.1653,0
106003.6,1,1,2,25.172157,0,0,2,2,2,0,6399.9883,117319.97,49508.07,5615.6875,61358.47,32352.896,-707.89044,-26.375132,7154.4775,-4164.398,1134.6698,1871.2501,0
103360.85,2,2,1,44.853493,1,-2,-2,2,-2,0,-22633.812,9973.15,30113.357,3228.4373,5258.071,6099.5195,-4092.653,3914.4575,5134.1133,-4098.397,-71.919785,5441.249,0
110093.055,1,1,2,24.46459,1,2,0,0,2,0,-22509.477,37898.906,29038.041,2587.6716,27467.82,15737.734,-4344.79,2582.1533,6535.8286,-4925.2104,466.83118,1464.827,0
135568.9,2,1,1,44.817745,2,-2,2,2,2,2,-21166.031,9633.045,25945.53,1886.8708,10355.741,10097.934,-3568.5369,1373.0092,5265.6587,-4609.563,821.4159,5031.9785,0
109191.9,1,1,1,45.35889,1,2,0,0,0,0,33685.965,127293.28,82368.88,2595.949,31124.197,20143.4,-4176.2725,2708.5935,6155.297,-1960.9497,992.6239,4066.5796,0
87717.83,1,2,2,29.031181,2,-2,-2,0,0,0,-24195.852,253.66974,12334.878,9340.0625,49828.707,23298.75,-525.1346,1797.0648,22953.135,-3135.0913,1903.9366,1079.7025,0
110123.61,1,3,1,45.41164,1,2,0,0,0,0,17610.82,129146.73,67676.016,14714.482,33267.098,20933.086,-3761.4802,2792.5657,6452.5737,-1774.2793,1503.9818,3521.2603,0
102066.234,2,2,2,24.695272,0,0,2,2,2,2,49510.867,122291.53,86271.1,33970.758,96081.47,55781.797,5353.7344,-2072.1414,6954.706,1876.1604,2125.6206,577.85535,0
97687.45,2,3,2,40.64663,1,2,2,2,2,2,-26147.586,49330.08,26991.15,-1134.4651,29650.549,17989.324,-2161.5735,2715.8171,5866.3813,-5844.7905,1348.462,2226.1133,0
120947.16,2,2,2,40.410652,1,2,-2,2,0,0,-34691.992,50168.27,34510.49,-8411.734,26774.89,20246.57,-6246.3125,2972.369,4901.258,-4781.3315,-928.3192,3679.6511,0
118420.945,2,2,2,25.06928,2,0,0,0,0,0,19995.188,122093.74,80460.92,25130.82,66237.59,42342.367,-1394.5956,2393.1775,7327.7896,-496.0103,950.5465,3262.5457,0
114859.016,2,2,1,31.410921,1,-2,-1,2,2,0,-22113.398,61067.453,24630.354,3154.1873,14183.577,9699.844,-375.4515,1831.8722,5701.4917,-5220.4536,1001.31116,4025.377,0
100326.305,1,1,1,45.25903,2,2,-2,0,-1,0,-22700.61,614.79474,21886.05,4216.7383,9668.517,5775.801,-4051.951,2244.3218,5978.3833,-2934.1494,778.0316,4910.394,0
99763.836,2,3,1,45.42616,1,-2,-2,2,-2,0,-17314.672,16344.994,27384.047,3766.1052,6380.231,6113.2773,-3959.3591,4157.2754,5163.138,-4002.8247,1252.6273,4859.727,0
95984.82,1,3,1,42.264244,0,0,2,2,2,2,-10274.539,80658.53,30191.994,4318.3867,42952.91,21988.223,1892.2013,776.91736,6682.8896,-3871.0586,2725.8406,2626.114,0
122922.84,2,3,1,44.95396,0,0,-1,2,2,0,-26344.227,29496.607,35776.195,-635.1721,9040.995,12963.412,-4562.794,2951.7705,5303.926,-4661.559,-1134.3685,5595.1597,0
99315.55,1,2,2,45.11495,1,-2,-2,0,-2,0,-23927.312,1264.6581,22361.26,3734.2458,10511.335,6373.2285,-3110.9192,2103.6167,5987.032,-3862.0396,1211.8925,4699.6006,0
119674.33,1,2,2,44.793835,0,0,2,2,2,0,86970.945,143483.72,122590.87,116910.83,104175.09,86560.125,-3283.6335,-544.09094,11876.839,-4083.2144,241.381,-4384.8984,0
134301.48,1,2,1,40.916542,1,2,-2,2,0,0,173223.67,190034.23,136097.0,239129.9,129733.99,127696.88,4347.8286,-6497.128,6936.9927,-3345.253,95.53676,8644.753,0
97854.72,2,2,1,36.69715,0,0,0,0,2,2,24427.146,118735.93,67743.11,20154.967,65564.086,36928.758,3284.6067,14.453482,7097.4756,-2720.9438,2809.12,2709.6565,0
110867.96,2,3,2,27.390837,2,0,0,0,0,0,85198.53,136113.94,90563.51,27371.88,64764.066,39626.906,-1938.37,2867.2178,6975.4526,-580.61774,1721.9362,2508.7297,0
99683.875,2,2,2,24.810144,0,0,2,2,2,2,8992.844,114202.43,39470.305,6048.59,64786.04,32632.15,4627.2314,-1690.1222,7792.7935,-3694.7026,2484.247,293.14417,0
143802.05,2,2,1,25.595,1,2,0,0,0,0,185085.34,190184.55,128089.55,88212.5,95701.74,73089.914,-3824.11,285.6239,8677.544,551.5588,1218.1561,4562.973,0
117490.18,2,1,2,44.185684,1,2,-2,2,0,0,-29039.219,78554.375,41515.664,-8088.172,31724.984,24888.584,-6008.8115,3365.6572,4807.405,-4613.196,-652.1273,4061.7808,0
79104.336,1,3,1,25.24946,1,-2,-2,2,-2,0,-20136.852,8756.936,15905.136,6014.883,18669.398,6293.9473,-1163.7968,2880.2007,5456.773,-4271.3813,3136.0374,2767.114,0
116001.85,1,1,2,45.229366,1,2,0,0,0,0,12679.207,129757.96,61306.52,1452.7263,10443.808,11662.1875,-5388.0195,2361.103,5493.293,-3389.8306,46.25746,4565.7495,0
115046.875,1,2,1,45.007942,2,2,-1,0,-1,0,-27929.445,-731.63495,23196.504,396.5857,10369.62,6724.332,-3751.203,2370.6013,6056.8643,-3008.255,-271.4784,4591.2065,0
101476.77,1,3,2,29.683626,1,2,0,0,0,2,-16892.04,26373.113,22288.96,4594.0273,30942.139,12767.252,-1139.7797,1870.3505,6671.3813,-2492.4746,2410.902,1575.7736,0
104518.984,2,3,1,45.053635,0,0,2,2,2,2,-15803.5,79827.695,33022.004,3170.9294,30943.543,17313.516,492.4352,1280.3046,8780.619,-4109.5757,1577.6456,4383.419,0
128942.43,1,1,1,45.421276,1,-2,-2,2,-2,0,-14270.887,13061.389,29649.828,3658.1794,3472.8247,5757.539,-4280.76,3610.893,5382.259,-3311.3535,1099.465,4704.2295,0
121296.77,2,2,1,45.08857,1,2,0,0,0,0,-27684.36,26491.055,38538.586,-313.92212,9009.526,11299.471,-5836.79,3948.5332,5330.6577,-3927.5396,-1704.6053,5174.992,0
95866.984,2,3,2,24.8907,0,2,0,0,0,0,-9317.867,79921.23,30431.541,7263.539,36920.566,20372.363,-1613.5863,2846.0845,6655.2676,-1640.7773,2629.1455,1851.5975,0
103302.17,2,2,1,28.43773,2,2,-1,2,-2,0,-30690.773,13280.303,18123.498,-1385.2893,14672.138,8019.918,-4303.879,4340.4927,4655.623,-5983.9624,25.021133,3414.16,0
101523.29,1,2,2,24.67728,2,2,0,0,0,2,-14582.32,23266.654,19400.615,7149.1094,42437.96,14469.445,1335.2101,650.30945,6515.3955,-1911.2891,2095.9526,1239.4789,0
117434.62,2,3,2,43.131153,1,2,-2,2,0,0,-35872.992,17753.629,27000.139,-8711.527,8992.6045,11212.125,-6448.633,3368.9917,4578.1294,-6043.527,-952.94275,3800.677,0
105895.67,1,2,2,32.74003,1,-2,-2,2,-2,0,-27281.61,3794.3064,21025.998,1816.8591,8975.952,6360.0547,-3807.494,2966.4827,5374.5356,-4546.8247,388.61023,1781.7699,0
125346.31,2,2,3,44.86077,1,2,0,0,0,0,-28365.438,31165.996,41657.703,-2960.473,5970.36,12127.082,-6998.9873,4314.7324,5088.6616,-3799.3271,-1825.6342,4041.7302,0
113890.6,1,2,1,45.212585,2,2,-2,0,-2,0,-26613.094,-637.31464,23449.37,2178.4607,10555.194,7550.2363,-5121.26,2714.503,5199.366,-1821.6133,-373.67126,3927.8977,0
90708.41,2,3,1,24.642712,1,-2,-1,2,0,0,-19900.883,54343.535,21069.352,1880.8396,39081.8,16918.812,1947.1063,1056.5355,5633.4077,-4880.9565,2504.8735,940.7672,0
110451.52,1,2,2,43.133106,1,-2,-1,2,-2,0,-35253.64,12459.025,20304.543,-5834.254,12049.401,10056.855,-4116.742,2865.718,4899.5386,-5828.4077,-419.10242,3948.0857,0
109069.234,1,3,2,43.09685,1,2,-1,0,0,0,-22377.133,73224.664,32372.115,-2130.7385,31214.115,19103.574,-3352.2048,3233.165,6123.6562,-3686.1572,1446.4464,3353.959,0
136010.33,1,2,1,45.228928,1,2,0,0,0,0,168387.17,173273.7,129685.945,163428.73,93104.24,64623.97,-4690.0293,1516.2311,9782.216,-437.09137,520.4967,-1582.0824,0
135511.48,1,1,2,44.160725,2,0,0,0,0,0,32186.334,127250.31,93202.805,37608.133,63494.97,29985.629,-3616.0935,3241.626,6656.032,-472.45953,752.11194,4273.3696,0
97091.03,2,2,2,26.409288,1,2,0,0,2,2,34871.96,120044.734,58589.76,11842.807,67791.89,37381.28,3223.0693,-182.54457,8849.898,-2380.607,3361.097,2464.9817,0
126162.09,2,3,2,39.71395,2,0,0,0,0,0,141886.12,158433.64,123263.89,144818.53,105806.32,99804.29,-2798.0037,1493.7704,10318.631,765.12177,3382.6665,1039.2128,0
116012.94,2,3,1,42.4774,2,0,0,0,0,0,81426.5,138462.55,114190.445,91379.266,88559.97,71650.89,-4059.9421,4307.422,9745.442,181.45772,1088.3168,-23886.688,0
106556.62,2,1,1,42.734886,0,0,0,2,2,2,-22453.312,9696.42,32140.82,5499.367,11567.96,10866.252,-3793.8992,1971.694,5418.38,-3609.0396,64.094376,5180.231,0
108753.31,2,3,2,24.522373,1,2,0,0,2,0,-23807.695,21710.879,26686.15,3650.324,21860.678,11975.92,-3655.1628,3005.3347,5551.607,-4821.4204,1351.3866,2250.8164,0
131618.23,2,2,1,41.1291,2,-2,-1,0,-1,0,-12336.332,19668.586,21049.643,9031.828,4338.352,4631.617,-586.1243,2833.0735,8987.893,1144.9216,1491.8888,5108.832,0
111186.42,2,3,1,25.47515,0,0,2,2,2,0,102309.54,143230.11,114499.78,124769.25,110121.99,88337.625,3689.4368,-775.29065,12095.794,-4249.483,4059.488,-499.95496,0
85325.95,1,3,2,26.257729,1,2,2,0,0,2,13431.617,108155.484,30345.086,10414.336,65924.06,30130.807,4665.2964,435.22888,7956.7915,1437.1196,3847.508,-634.7401,0
92291.76,1,1,2,29.109917,1,-2,-2,2,-2,0,-23909.188,6640.9785,19238.68,2614.117,12905.134,7627.0586,-3718.9011,2793.5747,5345.088,-4771.729,1658.1996,3828.106,0
135287.05,2,1,2,28.752487,1,-2,2,2,2,2,-25241.898,9142.439,19584.963,1875.3318,13373.075,9694.949,-2189.345,641.71814,5513.46,-4909.3013,2036.983,3983.8687,0
105679.42,2,1,2,29.111565,2,2,2,2,0,0,-34268.766,11752.764,16159.171,-4864.1953,23740.67,10996.801,-5118.13,2659.2415,4890.396,-5188.0767,-693.9862,1919.8375,0
91015.18,1,1,2,26.132736,1,-2,-2,2,-2,0,-23989.719,5844.1895,18221.707,3072.0466,15126.1455,7655.785,-3374.786,2643.9683,5359.973,-4777.642,1876.8676,3469.5657,0
121356.74,1,1,3,45.12456,0,0,0,0,2,0,-23121.469,41559.23,46568.543,2100.5427,14062.167,17083.938,-6142.001,3251.1208,5139.201,-3873.9102,-1610.5853,5506.221,0
113640.91,1,2,2,24.020172,2,0,0,0,0,0,-28019.43,12624.494,26519.387,1732.8435,17328.582,7738.365,-2444.5925,2198.2334,5717.7812,-4790.9653,-309.68494,3541.2314,0
113887.28,1,2,1,44.138767,0,0,-1,2,2,0,-27098.164,53168.652,35552.453,-352.63306,18884.336,15122.57,-3252.6023,2486.3208,5974.8066,-4427.969,-1529.2284,5271.8516,0
105829.11,1,1,2,35.627705,1,-2,-2,2,-2,0,-23898.719,16697.998,21187.004,-66.94164,7247.446,8518.615,-4563.4414,3392.7476,4964.774,-5488.27,1301.869,4705.7144,0
95129.0,2,3,1,42.66405,1,-2,-2,2,-2,0,-17381.312,17314.666,24537.219,5077.949,7547.0396,5937.6562,-3431.0095,4122.052,5339.832,-4127.2583,1705.0917,4566.0166,0
107087.2,2,2,1,45.282074,1,-2,-2,2,-2,0,-21212.594,10413.283,33008.402,3068.3904,4053.9614,6284.549,-4257.127,3940.5293,5152.2188,-3856.4492,-213.09215,5785.258,0
102930.46,1,2,2,42.69189,1,-2,-2,2,-2,0,-24897.188,7958.9824,24639.91,2170.445,6250.606,6883.166,-4400.1895,3161.1313,5323.1387,2032.9746,473.08948,5115.5527,0
113005.836,2,2,2,27.369524,2,2,-2,2,0,0,-33229.656,1029.9081,15558.4795,-239.25806,23417.68,8404.34,-3998.695,2015.33,5201.1875,-5329.306,-468.01794,1982.0704,0
145498.31,1,1,1,45.695335,1,-2,-2,2,-2,0,-5685.574,24423.555,27583.26,6994.2617,814.4342,4410.254,-3762.9763,2895.651,6132.6875,-1840.6128,1284.5258,6440.698,0
113724.305,1,2,1,44.24604,1,2,0,0,0,0,-27516.234,36461.016,35879.332,-264.29712,17209.482,13354.137,-5162.1143,3521.835,5603.0547,-3300.0024,-836.1024,4112.7896,0
102616.23,1,2,2,34.446495,1,2,0,0,0,0,22841.95,120911.07,54960.883,6297.3594,68115.19,39357.625,-2341.193,718.22205,7712.6084,27810.99,6106.122,780.8822,0
111705.805,1,2,2,41.246265,0,2,0,0,0,0,-21984.766,43317.207,29831.756,1680.8787,2776.6646,6876.631,-3994.615,4238.5244,5352.896,-2726.2974,-87.97838,5997.165,0
99603.08,2,2,1,24.938437,0,0,0,2,2,2,22396.521,119196.26,59631.69,14982.959,69913.58,35705.11,3833.6104,-625.1554,8161.33,-978.8819,2018.9022,1282.9808,0
114814.734,1,2,2,23.797966,2,0,0,2,0,0,-33999.625,8100.619,21402.521,-2080.4612,26687.139,11876.705,-4406.7334,1592.8073,5219.6973,-4755.8833,-1362.1678,1640.7389,0
97444.01,1,2,2,33.845436,1,2,0,0,0,2,18419.479,120320.79,49937.664,7057.547,37245.18,15073.898,888.4294,370.6698,7040.3213,-810.0601,2251.3242,1491.5663,0
88550.56,2,3,1,28.661757,1,2,2,0,0,0,31168.566,117113.766,49957.1,9671.582,31609.234,13849.762,1899.7911,2650.4739,6866.746,-3412.6333,2950.1538,1969.0924,0
89586.36,1,2,1,43.482525,1,-2,-2,0,-1,2,-18296.312,-8877.607,4169.432,13000.639,50535.445,17751.23,3443.4526,-623.0802,22900.441,-3404.0566,3790.4197,958.9613,0
101146.84,1,1,1,45.915432,1,2,0,0,0,0,110827.34,132770.84,105177.79,16476.959,84211.89,5365.547,-3553.5535,1703.7428,6858.734,31235.006,2973.5208,4630.5703,0
118095.125,1,2,1,45.01468,1,-2,-2,2,-2,0,-20869.625,10887.42,29018.213,3224.578,5799.0513,5633.3555,-3727.4158,3666.8086,5393.652,-3605.3613,556.5187,3776.9639,0
110310.984,2,3,2,45.427143,1,2,-2,0,-1,0,-22914.453,9073.486,27114.121,1543.2458,4974.7896,6044.7305,-4643.5957,2679.1143,5824.008,-2805.2173,618.4801,4786.1294,0
106924.21,2,1,2,45.109653,1,-2,-2,2,-2,0,-21091.156,11256.287,32267.05,435.42554,2766.399,8007.6445,-5580.9297,3737.7273,4909.387,-4659.2407,-212.25865,5766.241,0
144766.52,1,2,1,44.387264,1,2,0,0,0,0,200142.4,204486.39,132591.48,187522.61,110836.914,78188.8,-6448.1143,-332.34045,21516.805,1283.9302,-1126.7421,-22982.316,0
108159.19,1,1,2,24.308117,1,2,0,0,0,0,-25476.36,18032.377,24696.818,1381.5154,25802.217,13155.176,-4019.9607,2398.3633,6010.993,-4204.512,1272.9464,2688.0134,0
94442.24,1,3,2,43.120075,1,2,0,0,0,2,29193.979,122231.48,55086.73,12806.146,63562.016,32250.537,-590.62726,1183.224,7606.2207,700.4211,3176.0098,1384.9039,0
112551.61,2,2,2,44.201366,2,-2,-1,0,-1,0,-30323.43,1694.5214,18334.445,-220.79321,12188.946,7627.328,-1551.5873,1770.0443,5875.0684,-3616.666,-282.91638,4601.158,0
140989.94,1,2,1,38.47708,1,2,-1,0,0,2,132502.08,159270.39,125232.27,10075.156,49733.402,35680.04,-2264.6477,2565.6787,6415.364,1078.28,-435.72498,-40604.77,0
143082.16,1,1,1,45.4384,1,-2,-2,2,-2,0,-9928.98,19599.309,27186.195,6347.121,3426.1255,5022.0977,-3637.8152,3367.1785,5733.231,-2660.0327,1796.212,5773.3916,0
110209.72,2,2,2,42.53759,0,0,2,2,2,2,10973.461,121991.49,55695.5,6276.1016,66225.305,37083.863,1583.7753,-653.9059,9464.106,-1549.6597,1028.348,2373.5461,0
100878.67,1,2,1,43.331337,1,-2,-2,2,-2,0,-24028.82,8371.396,25481.344,3094.9568,7882.645,6143.549,-2005.3969,3466.2644,5278.1235,-4171.2915,496.8546,4916.5015,0
113309.836,1,2,2,43.183723,0,0,0,0,2,2,-18159.781,11430.537,27041.568,9104.184,11876.565,8629.635,-1876.8241,887.3451,6741.4473,-3039.942,721.9833,5953.275,0
109614.16,2,1,2,24.099348,2,-2,2,0,0,0,-28488.055,20295.783,16853.74,-314.67603,19983.645,9601.785,-183.54233,1964.6095,5295.1235,-3953.5254,1324.8502,1981.4269,0
90082.914,2,1,2,24.978716,1,2,2,0,0,2,24050.633,115414.57,48494.305,10829.018,67494.74,31717.826,4139.708,338.00623,7968.5825,4.3539553,3422.4817,343.72668,0
102976.87,2,3,1,45.374393,2,2,2,0,0,0,43614.71,127588.945,90955.266,4727.1797,9945.872,6127.6133,-966.4051,3069.356,5667.7554,-3191.581,1792.6075,2125.759,0
89704.94,2,1,2,24.633528,1,-2,-2,2,-2,0,-22805.422,7318.049,21267.334,4013.8318,14200.21,7783.092,-3181.0671,2880.9902,5292.4727,-4926.363,1960.275,3583.9795,0
103690.516,1,2,2,28.776634,2,2,-2,0,-1,0,-26744.242,-3797.0725,10414.308,4909.875,20359.262,5651.578,-1269.098,1155.5236,6086.9404,-2764.501,1023.9169,3268.7063,0
120411.67,2,1,1,45.475193,1,-2,-2,2,-2,0,-14694.441,15583.389,31337.758,4092.7498,3754.8442,6287.5566,-4301.29,4056.8635,5303.457,-3637.2036,886.4564,5622.4033,0
100385.766,2,1,2,25.351648,1,-2,-2,2,-1,0,-24977.695,4423.5293,25117.611,3198.8318,8765.694,7089.867,-3627.7253,2179.11,5673.346,-3386.6782,592.4408,2044.046,0
99937.445,2,3,1,43.70141,1,-2,-2,2,-2,0,-21452.664,12478.986,27425.576,2916.953,6391.235,6471.707,-4365.6387,3903.4663,5017.2354,-4242.39,1002.8854,4404.5225,0
91131.555,1,3,1,35.440365,1,2,0,0,-2,0,-1290.8788,96025.98,38552.785,7207.1953,11895.116,5401.5547,-2039.2582,3719.7842,5881.8125,-3499.274,2744.2637,3758.921,0
111124.19,2,2,2,27.816738,1,2,2,2,-2,0,-35219.75,17595.918,20585.732,-5222.168,15455.856,9794.9375,-3669.5007,3506.4277,4872.5425,-6185.5513,-503.21082,3138.411,0
125102.36,2,2,2,42.06415,2,0,0,0,0,0,-30397.54,15193.947,37058.977,-606.9104,5328.141,8678.832,-5778.0156,3414.6133,4954.803,-4694.227,-2649.202,5853.9155,0
104679.484,1,3,2,45.198486,2,2,-2,0,-1,0,-23523.234,2012.4159,17712.352,3094.117,12094.442,5573.676,-3699.697,2078.0295,5906.1587,-3022.9932,1427.3431,3676.3552,0
117775.81,2,3,1,44.320297,1,2,2,2,0,0,-5805.3164,120404.68,57815.11,1823.1755,53141.742,34969.4,-3413.2566,3304.703,5082.2456,-2743.8433,2322.5588,1591.6991,0
111593.52,1,2,1,43.84653,1,2,0,0,0,0,-20269.773,76520.49,41575.62,576.00366,31880.086,20196.027,-4439.798,3225.1543,5784.832,-2655.0117,-351.09167,3782.3008,0
126601.91,2,1,1,45.527824,1,-2,-2,2,-2,0,-13601.355,16541.707,31014.732,4596.824,3531.8325,6058.453,-4177.408,4058.872,5380.417,-3447.2622,1022.8944,5669.8774,0
106104.0,1,1,1,27.409758,1,-2,-2,2,-2,0,-19956.656,7949.834,20901.645,5276.5273,13841.171,6386.9395,-2553.1526,3144.5667,5626.496,-4301.774,2307.7974,3683.9429,0
105501.68,2,3,1,42.84674,1,2,0,0,0,0,-20046.586,55253.65,34446.72,1651.406,10561.659,7365.508,-3770.8025,4151.6187,5288.9824,-4229.5933,949.23914,4028.716,0
94898.875,2,1,2,30.494268,1,-2,-2,2,-2,0,-22661.195,9506.795,23739.58,2811.3552,9177.144,7735.6934,-4169.0117,3322.5571,5218.3203,-4867.027,1207.9869,4424.5425,0
104662.67,2,1,1,41.17946,1,-2,-2,2,-2,0,-22142.586,10191.076,28457.541,2921.0857,5011.3013,7046.0215,-4780.882,3789.8157,5103.0713,-4455.273,500.1693,5045.161,0
147211.42,2,1,2,25.548065,2,0,0,0,0,0,184664.61,205500.83,135187.86,208367.66,117818.3,120732.5,-1305.973,-1353.8458,13087.25,1170.1929,5160.58,-7043.244,0
117279.32,1,1,1,34.54247,1,2,0,0,-2,0,-18755.852,21795.045,24110.834,3196.1326,8300.524,6372.1523,-4025.3103,4381.655,5303.141,-4499.2134,1257.5416,2725.1292,0
114024.63,2,2,2,24.115936,2,-2,2,0,0,0,-34408.203,2401.693,14122.335,-632.94946,22002.033,14846.457,-181.26108,1225.4723,5375.4995,-5243.145,8896.113,2594.5906,0
141964.48,2,3,2,25.243937,2,2,2,0,0,0,57131.902,122187.57,90419.64,33602.027,62390.22,32393.547,969.4836,2192.2234,7969.073,258.01093,4383.569,2892.9282,0
112205.086,2,2,2,24.94179,0,0,0,2,2,2,-13421.766,58245.336,30170.842,6382.492,44159.758,22033.893,-517.1121,-67.984505,7260.5854,-2177.4863,431.43542,3354.8386,0
140163.56,2,1,1,44.14816,2,-2,-1,2,2,0,-24300.625,17405.057,30714.434,-2798.8088,1863.8365,9641.711,-5119.587,2981.059,4556.618,-5260.1606,234.98402,4635.7676,0
104919.82,1,3,2,44.689743,2,2,-2,0,0,0,-24564.516,5669.881,22172.78,909.99585,11594.187,7348.1797,-4521.784,2675.3303,5008.5127,-4307.4263,1333.7279,4203.058,0
121010.516,2,1,2,28.923258,1,-2,-1,2,2,0,-29820.406,12095.861,19737.955,34.06617,12567.349,11498.227,-2859.5178,1314.6805,5529.1494,-5733.438,1151.7035,3856.284,0
152553.22,2,1,3,44.36725,1,-2,-2,2,-2,0,-2294.738,34396.836,33123.05,5901.039,-1628.5892,5356.4688,-4603.1875,3452.679,6273.6587,-2603.5132,177.9723,6863.747,0
118034.69,2,2,1,38.425175,1,-2,2,0,2,2,-24634.766,2562.6501,19376.375,6291.6523,15834.149,9264.461,982.7016,1272.7357,7931.306,-4096.023,2678.0715,3810.7754,0
112006.19,2,2,1,43.086975,0,0,0,2,2,2,-16108.172,70435.805,41553.613,4957.25,36423.582,22692.064,-2077.72,1637.4349,5833.183,507.06903,-265.8192,4563.419,0
115767.93,2,3,1,45.027668,0,0,-1,2,2,0,-22108.61,74221.664,40496.055,433.49976,17214.979,15024.592,-3479.2332,2913.9119,5581.635,-3607.849,-417.79138,5363.212,0
101171.65,2,1,2,25.040195,0,0,2,2,2,2,-14921.559,67053.414,27648.0,3998.4333,43854.473,21186.97,587.7404,331.1859,8044.044,-3405.1743,1004.9132,1342.308,0
96079.36,1,2,1,24.845139,1,2,2,0,0,0,56899.855,125664.35,90542.6,49060.973,75447.63,32085.648,3903.7249,1399.2247,9326.507,-701.3272,2750.5886,1352.0885,0
104462.05,2,2,1,45.032993,2,-2,-1,0,-1,0,-22502.492,850.49005,21270.223,5726.0625,9654.097,5806.172,-1713.9012,2008.2257,6179.7695,-1752.5088,613.8451,5102.049,0
127538.21,2,1,1,45.42247,1,-2,-2,2,-2,0,-13374.848,15666.854,32078.088,4272.758,2808.7153,6292.049,-4383.044,3971.9563,5311.144,-3413.1606,668.1959,5913.3257,0
111996.7,1,1,2,45.089027,1,2,0,0,0,0,50506.332,130951.21,61435.457,5786.164,25050.062,13618.594,-4815.66,2438.9863,8605.0,-2877.379,774.24963,4191.2593,0
109175.7,2,2,1,41.15735,1,-2,0,0,2,0,-24768.57,10497.268,29198.432,4578.625,7922.3403,8785.578,-3369.2576,3230.0737,5850.3467,-4124.7925,-522.03503,5217.399,0
97017.914,1,2,2,32.960133,1,-2,-2,2,-2,0,-26562.11,3782.6736,20935.973,2600.617,10661.452,6931.2617,-3479.908,2708.0347,5456.8857,-4378.766,692.2372,4381.899,0
111352.17,2,3,2,39.1773,1,2,2,2,0,0,-27401.438,71620.48,29629.926,-6451.1445,22655.207,16822.934,-5436.8184,3277.928,5181.749,-5274.2397,-3.8597267,2596.5132,0
96225.984,1,2,2,30.867628,1,-2,-2,2,-2,0,-26849.422,3286.197,20258.541,2687.863,12029.595,6981.2363,-3305.033,2642.314,5473.212,-4416.1597,823.0021,4171.8037,0
99732.984,2,1,2,30.303482,1,-2,-2,2,-2,0,-25722.164,5231.3223,24684.074,1644.3748,8627.065,8315.338,-4876.2275,2898.7397,5200.074,-4821.3745,666.7921,4340.243,0
95087.08,1,1,2,26.056887,1,-2,-2,2,-1,0,-23353.43,4817.8613,19489.709,5497.1797,13878.985,7589.3105,-2836.6785,1599.3085,5858.593,-235.21391,2018.2694,2823.5312,0
103215.73,1,2,2,43.28766,1,-2,-2,0,-1,0,-25944.078,-4830.373,19262.04,5728.7344,11082.831,5663.4453,-1648.8856,699.98376,8155.9976,-2496.6426,932.44714,4881.4087,0
116681.89,1,3,2,45.008633,1,2,0,0,0,0,-23808.39,45769.297,35760.492,-2601.8127,14871.864,12034.609,-5755.2695,3526.3726,5675.772,-4591.6294,-176.30162,3721.044,0
114647.69,2,2,1,43.7062,1,2,0,0,0,0,-25282.734,56101.94,39949.176,672.11304,15526.116,14602.271,-5073.58,3953.1108,5296.6465,-3098.9766,-565.25476,4347.476,0
108305.22,1,2,2,35.094257,1,2,0,0,2,0,8918.145,124071.8,58022.285,6751.297,24086.443,15243.348,-3120.034,1871.7118,7191.2686,-3547.455,451.67444,3725.6882,0
126997.02,2,1,2,26.661688,2,-2,-1,0,-1,0,-9757.473,15446.451,17690.09,10192.273,11037.942,6129.674,-1557.0536,1957.901,6813.6577,536.3979,3007.7568,4228.6577,0
116734.234,1,2,1,44.89781,0,0,2,2,0,0,55731.86,131006.93,110806.016,65540.47,97596.48,74117.73,-1209.5692,-770.18713,5980.2573,591.72675,6350.781,5306.086,0
80423.22,1,3,1,45.47335,2,-2,-1,0,-1,2,-12215.453,3542.494,9683.007,12141.8125,19710.373,4396.5273,2436.5789,631.3812,6927.1284,-466.75934,4161.79,3259.6768,0
93551.85,1,2,2,24.54305,1,-2,-2,2,-2,0,-27577.57,2619.2087,17510.496,3300.7498,16808.705,7166.5215,-1568.0497,2280.6594,5471.8184,-4549.8823,1783.3678,3359.1394,0
101310.63,2,2,2,25.005196,0,0,2,2,2,2,-13145.297,70826.0,27181.957,4100.797,47230.777,22443.248,2028.0907,-393.422,6952.8975,-2544.6147,876.1024,3056.442,0
103052.43,1,2,2,24.88898,2,0,0,0,2,0,17683.215,123326.58,84965.17,10428.648,39986.24,20065.172,-7.9915395,1028.6322,9921.145,-3568.7632,1293.9034,2717.3274,0
128793.31,2,3,1,43.766705,1,2,2,2,0,0,-23728.023,78065.53,39688.586,-4495.0,30279.46,21606.04,-4903.13,4063.011,4706.9854,-4147.1274,969.85144,2993.4746,0
124294.65,2,3,2,44.878082,0,0,-1,2,2,0,-28085.25,28051.41,35605.594,-2546.4456,7764.9165,13300.424,-5521.6367,2578.5718,5340.9556,-4895.514,-1528.9706,5617.526,0
116864.414,2,2,2,45.285637,1,2,0,0,2,0,-11356.348,113850.94,58882.13,6725.535,15496.007,14945.84,-4823.242,3088.7878,9155.923,-3996.4082,-670.9989,3722.098,0
110731.42,1,1,1,44.774597,1,-2,-2,2,2,2,-26306.453,3328.3962,20378.1,2719.4958,11842.89,10301.639,-415.26694,380.2406,5600.841,-4393.6274,136.92787,4608.925,0
115437.61,2,2,1,45.043972,1,2,0,0,0,0,-24115.031,65671.88,45532.727,-641.75415,22613.025,18660.102,-5298.462,3929.873,5502.0024,-2930.3906,-1024.5844,4595.8604,0
115148.16,2,2,2,24.212587,2,-2,2,2,-1,0,-24462.836,28064.477,10258.874,-991.2229,28807.572,8707.355,7014.3315,401.30017,5661.3203,7052.3145,464.61316,1907.3065,0
99866.12,1,2,1,45.128815,2,-2,-1,0,-2,0,-22804.695,3852.8064,18293.303,4604.375,10983.485,2539.7422,-1710.7391,2702.53,6538.422,-4288.2144,1439.4447,4091.8328,0
100807.96,2,3,1,45.466106,1,-2,-1,0,-2,0,-16441.867,14820.404,23778.082,4722.551,8707.642,5838.6055,-2594.6003,3323.7595,5648.8135,-3841.602,2236.777,4593.2935,0
107631.77,1,2,2,28.44309,1,-2,-2,2,-1,0,-28217.0,-915.7131,20875.385,3502.8552,11731.37,6220.961,-2539.5315,1432.9581,5955.044,326.26874,179.34633,4930.008,0
144988.66,1,2,1,43.614548,1,-2,-2,2,-2,0,-10291.609,21839.861,25717.807,7639.164,1322.9772,3766.414,-3147.0437,3079.1057,6100.2827,-1738.7031,1210.1449,6376.4033,0
109986.44,2,2,1,44.356277,1,-2,-2,2,-2,0,-20682.617,11780.998,30138.252,4119.285,5361.0825,5849.6953,-3687.863,3956.4263,5315.3,-3818.4688,365.34705,5410.9917,0
112733.01,1,2,2,24.127052,1,2,0,0,0,0,-26199.188,35868.78,29562.87,704.93335,31563.049,14928.391,-3395.9949,2320.597,6354.724,-4583.8667,250.82997,1378.0282,0
117329.12,1,3,1,45.346146,1,-2,-2,2,-2,0,-14678.711,12556.541,28305.127,3098.945,5641.9224,6648.006,-4056.6052,3454.0237,5315.0317,-3429.2363,1299.0216,5283.433,0
143460.58,1,2,1,44.595722,1,-2,-2,2,-2,0,-11441.039,20217.475,26543.47,6964.949,1769.1022,3856.0,-3216.5261,3231.2156,5905.7007,-1944.6577,1159.3116,6274.623,0
114894.55,2,1,1,44.367264,2,2,2,0,0,0,-30226.875,4782.6816,26266.203,-2475.2542,11515.786,8941.84,-4946.1553,3394.0884,5420.925,-5337.443,-59.118027,4074.722,0
107298.086,2,2,1,24.074665,1,2,0,0,0,0,-20357.492,72562.98,35893.453,2823.152,30507.086,7985.3574,-2780.156,2863.4883,9464.896,-3172.9111,535.276,3501.168,0
147639.73,1,1,1,42.975838,1,-2,-2,2,-1,0,3144.7307,25395.426,14486.255,11815.541,76748.34,50283.31,-3919.946,-1596.3419,6908.9136,29968.623,3995.1208,3470.792,0
111438.99,2,2,1,44.948814,1,2,0,0,0,0,2783.0862,126025.7,69291.805,9199.379,49975.266,32615.79,-4206.051,3286.6387,6643.652,-1311.8096,-118.12926,869.619,0
115845.586,1,2,2,43.877514,1,2,2,0,0,0,112047.38,151506.27,122523.42,126716.49,106654.47,88953.22,-938.1248,32.80114,10373.969,1332.1863,2515.1533,744.3727,0
98289.9,2,3,3,45.248707,2,-2,-1,0,0,2,-13170.891,7695.2207,25367.232,6836.66,12345.685,7619.1465,-2127.9768,1896.7731,5848.0986,-3526.3267,2541.839,4105.4478,0
129156.28,2,1,1,43.667778,1,-2,-2,2,-2,0,-13094.148,18767.506,27923.434,6387.0117,4464.8677,5750.414,-3675.8992,4048.1401,5614.331,-3423.5898,1486.7448,5413.6934,0
125394.33,2,2,1,45.30207,1,-2,-2,2,-2,0,-18090.719,13289.689,32146.676,4616.0156,3820.6763,5503.2305,-3709.0261,3891.6143,5382.9507,-3313.5747,420.026,5789.8267,0
110173.8,2,2,1,44.74064,2,2,-1,0,-1,0,-31134.266,9965.174,25496.662,-1858.7737,7869.7935,12675.381,-4436.425,3169.2131,8120.7173,-4351.6606,6140.317,-145.7416,0
138112.66,2,1,2,32.431786,2,-2,-1,0,-1,0,-11042.961,20813.812,20174.29,7521.5586,3430.8716,5607.758,-2023.3402,2566.6904,7554.9194,81.374954,1887.7919,3749.939,0
111904.086,1,2,2,24.089834,1,2,0,0,0,0,-24667.922,37216.57,29503.055,966.37085,30182.889,14339.6,-3151.568,2228.5215,6400.1006,-3441.5444,448.82922,2170.8882,0
111347.34,1,3,2,42.996433,0,0,-1,2,-2,0,-23051.828,66868.695,30515.91,-1441.0276,9253.966,8115.09,-2413.5378,2986.1318,5088.075,-5018.3335,1032.0446,4773.029,0
115760.164,2,2,1,40.52572,1,2,2,0,0,0,118559.055,150377.64,121529.46,126375.305,104407.58,91551.21,744.0612,699.6146,9929.448,1620.9836,2834.2407,2110.521,0
95863.36,1,2,1,43.624706,1,-2,-1,0,-1,0,-20799.453,7831.0723,19191.479,6590.332,9215.063,4829.5586,-143.32309,2048.9233,7064.8003,-2516.9014,1788.3954,5186.9683,0
108634.89,2,1,2,28.411844,1,-2,-1,2,-1,0,-33873.85,10814.174,18815.562,-3660.09,13108.181,9718.59,-3061.9792,1794.9225,5300.8257,-4287.5054,150.86195,4060.8396,0
106466.21,2,2,1,40.93402,0,0,2,2,2,2,6152.4766,119285.78,58074.992,8899.691,61282.457,32941.406,3086.7795,254.76158,6514.7173,1645.0713,834.8424,934.3856,0
108400.945,2,3,2,26.722216,1,2,2,2,0,0,-31722.922,28866.447,18842.002,-6483.836,24546.744,12866.072,-2480.298,2737.7903,4880.236,-5991.4253,36.352676,977.13904,0
91602.93,2,3,2,25.05289,1,-2,-1,0,0,0,-19922.531,4954.8223,19937.398,8494.5,18878.76,6541.3203,-362.88364,1602.86,6648.1514,-3431.12,3231.1392,3069.7102,0
130032.336,1,2,1,41.53918,1,-2,-2,2,-2,0,-21785.89,17119.785,32892.78,1714.2029,1744.4733,5492.9414,-4828.453,4827.4087,4982.629,-3751.4814,-484.1703,-22466.6,0
142698.8,1,2,1,42.683903,1,-2,-2,2,-2,0,-12089.73,19319.156,25758.29,7339.8125,2421.688,3998.0,-3041.299,3279.5713,5904.551,-2088.192,1389.7325,6114.484,0
99456.445,1,1,1,45.267193,2,-2,-1,0,-2,0,-19021.453,5508.244,19329.025,4332.0273,12352.015,6326.588,-3182.7937,2836.932,5568.796,-4376.765,1855.1451,4188.5283,0
120115.32,1,2,1,43.335075,1,-2,-1,0,-1,0,-18813.797,1047.1229,21253.24,8105.8633,7579.721,5425.2695,-1010.0013,1194.5812,7109.0244,-1064.8579,3063.7092,5718.8853,0
144742.95,1,1,2,45.508324,1,-2,-2,2,-2,0,-9888.395,21351.652,29406.889,3412.9177,-310.765,5390.742,-4659.753,2964.932,5509.6465,-2674.6772,804.11194,6649.101,0
106345.766,2,1,2,27.382917,1,2,-1,2,-2,0,-28382.344,62593.824,23209.434,-5216.6445,8680.001,10919.307,-6274.672,3857.7554,4647.8105,-6217.1245,239.98354,4244.648,0
112303.914,1,2,1,44.84935,1,2,0,0,0,0,-25646.633,43508.117,37652.77,-608.4846,20054.846,15186.23,-5324.8145,3571.5103,6020.0195,-2872.4258,-699.9774,4829.0273,0
124987.67,2,2,1,45.155914,1,-2,-2,2,-2,0,-18204.484,13415.729,31636.951,4750.801,4111.86,5467.953,-3622.7,3896.6094,5400.814,-3349.856,525.506,5704.324,0
110810.45,1,3,1,45.121006,1,2,0,0,0,0,-22870.078,26264.162,33250.305,-887.5823,8569.497,7984.463,-5375.881,4016.1973,5073.417,-2972.1265,480.07092,3733.507,0
117782.61,1,2,2,26.47661,1,-2,2,2,0,0,-28471.281,5777.174,3334.987,2147.8982,35147.76,10315.926,1763.089,-509.37268,6433.279,-4311.106,1407.0111,-107.14247,0
87741.18,1,3,2,41.094994,1,-2,-2,0,-1,0,-17820.21,3627.494,16573.18,8598.844,12731.636,4566.199,-267.16245,1332.8732,7758.2715,-2270.5376,3134.8206,4161.747,0
146280.45,2,1,1,45.633614,1,-2,-2,2,-2,0,-4762.6836,26573.426,29717.652,7948.871,241.20374,4631.3516,-3749.5574,3350.809,6400.3604,-1935.7173,820.34924,6511.472,0
104032.65,2,1,1,25.012482,2,-2,-1,2,0,0,-27696.227,11946.479,8266.546,973.7849,28371.857,10522.992,2174.1042,763.7611,5529.572,-6132.183,1257.6307,1297.7374,0
131941.73,2,1,1,45.632088,1,-2,-2,2,-1,0,-9270.383,12081.24,30827.412,4992.8164,65179.773,5949.043,-4879.2666,1740.9115,5840.5767,24013.367,-133.10826,7449.028,0
115708.47,2,2,2,23.726973,2,0,0,2,0,0,-34015.094,15315.053,28341.201,-2007.9729,23999.803,12764.395,-4718.2383,2260.2986,5292.049,-4946.8296,-1693.0663,1992.6134,0
109660.79,2,2,1,45.414375,0,0,0,0,2,2,-9230.977,65881.71,41471.29,9412.066,27587.9,19387.41,-1442.6693,1902.3939,8213.193,-2841.3843,242.97523,5897.1064,0
147453.44,1,2,1,45.246956,1,-2,-2,2,-2,0,-14067.453,24163.371,41607.734,663.4568,-3328.191,6638.246,-5702.1045,5646.074,4824.523,-3693.2861,-2934.4456,-28931.86,0
109842.99,2,3,1,44.697235,2,2,2,0,0,0,-29450.195,5549.627,24099.078,-2304.8792,12995.509,8292.543,-4859.3945,3614.7751,5391.3926,-5110.019,532.41125,3356.4915,0
105696.875,1,1,2,30.855242,1,-2,-2,2,-2,0,-21944.281,9050.201,22322.65,2596.7146,10618.933,7495.0703,-3791.3699,3018.7847,5403.0273,-4688.347,1677.0416,4226.166,0
99271.97,2,2,2,34.650497,1,-2,-2,2,-2,0,-25130.68,6445.174,25447.35,2734.2576,7423.7036,7044.588,-3894.786,3233.055,5340.5845,-4483.0825,275.17004,4900.4146,0
128592.61,2,1,1,40.13322,1,-2,-2,2,-2,0,-13229.867,18485.559,26220.682,7030.3047,4892.063,5786.699,-3479.902,3973.5862,5721.522,-3427.85,1601.3319,5307.5503,0
96881.61,2,2,1,26.656052,1,-2,-2,2,-2,0,-23277.047,5814.217,24091.498,5496.0,12612.194,6298.5137,-2214.924,3346.825,5547.165,-4319.0063,1190.6627,4116.9854,0
136286.72,2,1,1,43.751923,1,-2,-2,2,-2,0,-11141.789,20240.15,28058.727,7107.383,3738.4458,5508.6367,-3596.1443,3942.9294,5712.8833,-3130.6836,1568.1483,5582.1274,0
101061.98,2,3,1,44.77059,2,-2,-1,0,0,0,-24541.648,21567.033,24318.777,1226.5896,15294.661,8868.637,457.55777,3161.5916,4982.8457,-4801.0444,1385.601,3843.571,0
131858.78,2,2,1,45.10104,1,-2,-2,2,-2,0,-16617.93,14961.729,31075.64,5402.8594,3455.7349,5150.0117,-3520.527,3900.8713,5476.5396,-3071.2344,653.40784,5833.9204,0
107296.336,1,2,2,41.826786,1,-2,-2,2,-2,0,-24777.86,7311.7793,25974.615,1817.488,7032.8833,6756.1562,-4094.902,3114.1196,5335.5137,-4304.433,391.38904,5017.8335,0
143069.56,2,1,1,36.938976,1,-2,-2,2,-1,0,-12172.219,18350.758,27152.732,8098.254,532.5006,4442.703,-3129.3162,2538.448,6045.7593,-1213.936,1012.0006,6687.076,0
148548.84,2,2,1,45.71813,1,-2,-2,2,-2,0,-7066.496,25218.236,32266.17,7237.4883,-1798.1791,3930.5703,-3721.241,3328.5461,6437.5903,-1232.7017,-137.61705,7214.382,0
128838.18,2,2,1,39.648434,0,0,0,2,2,2,132844.67,152970.22,123229.695,152958.95,107297.195,101276.91,-1160.8534,-1207.5934,10703.043,2322.2075,2687.3318,-21927.543,0
105875.62,1,2,1,45.043888,0,2,-2,0,-1,0,121893.4,142594.36,24009.297,10527.014,9796.349,6378.1953,-1079.4178,1181.6332,9758.35,4022.772,2641.845,4151.9395,0
119107.6,1,2,2,39.935093,1,2,2,2,0,0,-18765.023,80365.57,53681.02,-4710.5664,50539.723,34132.76,-4724.0537,1680.2406,5499.4067,-3061.2583,7843.4463,2679.0708,0
105216.98,1,3,2,24.847858,1,2,0,0,0,0,-20733.61,45926.723,27560.74,1197.3201,32179.766,15622.988,-3172.6008,2830.7217,6132.0884,-3486.7725,1643.0553,1602.4371,0
119297.21,1,2,1,45.07084,1,2,0,0,0,0,-25837.93,51174.688,38900.797,307.66772,20858.139,15783.998,-5447.2637,3523.632,13511.13,-1789.6553,-831.1566,3803.669,0
114603.99,1,3,2,44.91006,0,0,2,2,2,2,10203.551,119135.46,50068.53,6931.0703,62055.758,31915.906,1019.00653,-206.03432,9402.536,-1506.56,2053.0583,2222.8772,0
102974.484,2,2,2,24.45854,0,0,2,0,0,2,-20534.031,30115.498,22283.2,7162.0156,32889.87,12379.141,5227.6387,261.16785,7301.71,-1947.562,2143.0833,3364.7004,0
123746.65,2,1,1,45.03732,1,-2,-2,0,-1,0,-13860.297,4644.619,24514.3,9075.48,5990.739,4693.4023,-1963.0502,1827.1334,7058.3765,-1594.3555,1938.2018,5830.972,0
125403.66,1,3,1,45.482124,0,0,0,2,2,2,128512.03,148081.77,120022.64,140397.8,113708.14,93158.29,-1426.6024,-1527.3473,13372.735,1657.3503,2215.6648,1212.0116,0
106636.56,2,2,1,40.524452,1,2,0,0,0,0,4249.0625,124046.22,67112.086,3399.5857,28487.633,19806.318,-3201.6619,3065.1653,6285.0513,-2220.982,665.6039,1945.3124,0
114080.766,1,2,2,42.250652,0,0,2,2,0,0,51584.984,127846.41,100270.62,40467.39,57393.906,30827.758,-288.9608,21.96227,6157.0435,-1705.4565,529.63,3165.6357,0
106933.47,2,3,1,45.126667,1,2,0,0,0,0,-13455.445,83060.84,42189.527,1360.4802,18214.96,12817.131,-4460.461,4103.6416,5759.7534,-3265.1157,883.12366,4073.8,0
108372.33,2,1,1,42.237392,1,-2,-2,0,-1,0,-10995.676,7625.459,19155.93,11590.924,8213.382,4259.0938,-901.9583,2053.7107,7446.4565,-1697.0947,2431.8098,5305.7183,0
107230.13,2,2,2,24.886122,0,0,0,2,2,2,-13314.418,61913.734,31289.262,5883.5703,43384.93,21626.19,-530.6595,193.64537,6177.655,-1432.437,246.11317,2807.5854,0
107500.12,2,2,1,25.056362,1,2,0,0,0,0,-28118.867,4866.8457,24657.893,3142.5037,16871.137,8562.955,-3499.0818,3006.6326,5948.14,-3802.9224,818.06287,3441.461,0
91865.64,2,3,2,24.597214,0,0,2,2,2,2,59795.68,123195.14,76823.91,13147.844,76289.03,33503.04,5468.9277,-1044.2555,6663.152,1881.4402,3331.0698,1374.7555,0
113413.28,2,1,1,34.8618,1,-2,-2,2,-2,0,-16402.164,15336.873,24955.771,6022.2656,7031.344,6334.158,-3459.7615,3951.181,5601.869,-3957.1382,1511.93,4873.3994,0
112065.45,2,1,1,45.660248,1,-2,-1,0,-2,0,-13096.074,9493.986,23859.205,7660.3477,8164.026,5590.383,-2973.8914,3181.4937,6202.6587,-3126.5059,2160.751,5010.1587,0
105479.25,2,3,2,24.584282,1,2,0,0,0,0,-21927.219,50231.348,30723.502,1471.8591,17005.184,8391.0625,-3683.5652,3426.411,5270.31,-4770.1206,1306.215,708.96497,0
143368.62,1,1,1,45.36079,1,-2,-2,2,-2,0,-16112.18,13850.678,31045.422,2882.9841,1313.7389,6762.74,-4579.1074,3121.7869,5398.3193,-2812.162,3184.7866,6029.0254,0
108851.43,1,1,1,45.550728,1,-2,-1,0,-1,0,-12125.652,6757.0605,19448.852,9497.527,9452.497,4505.4883,-1464.8856,1741.5394,12340.331,-1822.2993,2798.1252,5175.068,0
107791.69,2,2,2,31.636995,0,0,2,2,2,2,15716.863,119815.86,51859.406,4862.1836,72418.74,48523.234,4212.2754,-1873.3029,10356.165,-3788.316,10205.777,336.18225,0
111426.12,2,2,1,40.937805,1,-2,-2,2,-2,0,-20201.203,11753.393,27993.441,5008.3203,5828.809,5797.9453,-3288.9744,3865.7295,5470.8306,-3769.183,637.0182,5284.8477,0
113327.58,1,2,2,24.659914,1,2,0,0,0,0,-25225.328,40718.965,29944.02,339.49585,30519.656,14607.029,-2782.9128,2363.1458,5709.87,-3692.0947,25.831192,2305.8438,0
108738.87,1,1,2,30.802599,1,-2,-2,2,-2,0,-21581.922,9331.65,22611.787,2652.7146,10521.548,7462.4785,-3750.5544,3016.8987,5431.456,-4673.222,1730.08,4247.927,0
109301.59,1,2,2,24.271572,0,0,0,2,2,2,9140.184,29413.2,24453.508,5604.5547,25514.574,12564.266,-1578.1136,-45.09925,5987.198,-1729.7339,310.01624,3040.9546,0
103062.49,2,2,1,24.580011,1,2,0,0,0,0,-16166.633,76332.93,36989.066,4311.676,38690.277,19611.469,-2306.8284,2911.1575,6102.391,-2875.249,852.2853,2650.2769,0
118657.21,2,2,2,45.14461,1,2,-2,0,0,0,-26323.562,6885.088,35217.59,791.05054,8859.909,10253.545,-5306.1006,3182.35,5693.1543,-3771.7354,-897.5199,5508.606,0
145876.06,2,1,1,43.8812,1,-2,-2,2,-2,0,-4852.289,27327.338,27122.188,9086.5625,874.0709,4607.91,-3506.6853,3315.2595,6467.778,-2022.6104,1270.9733,6296.9756,0
103491.29,2,1,2,24.284618,1,-2,-2,2,-1,0,-24832.727,15956.146,24254.924,3554.2966,17447.945,9625.254,-971.30255,2012.4886,5691.016,4384.432,2778.6936,2597.0789,0
145974.23,2,1,1,43.02226,1,-2,-2,2,-2,0,-4801.785,27694.205,26805.992,9244.641,809.40686,4647.672,-3490.2263,3328.7942,6509.627,-2026.6206,1294.1642,5950.9326,0
105590.18,1,2,2,25.395325,0,0,0,0,2,2,-13896.18,18823.305,22215.701,10738.879,28323.234,13262.092,870.30927,-114.32044,7821.0566,-3233.5894,1811.1625,4331.1343,0
106921.67,1,1,2,38.37721,1,2,2,0,0,0,76300.625,134055.36,106986.29,76597.66,76988.85,35890.363,-242.13657,1302.7286,7173.316,-1680.5854,2960.3735,4065.626,0
131500.73,1,2,1,45.413612,1,-2,-2,2,-2,0,-17782.96,21022.955,29952.719,2464.8123,2336.3833,5939.715,-3903.286,3845.1743,5215.672,-3482.2466,714.9059,5999.2964,0
104072.36,1,2,2,24.185062,1,2,0,0,0,0,12136.684,124450.92,63400.445,5101.621,23666.742,10146.152,-1263.8158,1224.2777,6463.3784,-3445.1592,5433.416,2795.22,0
151908.31,2,1,1,45.5403,1,-2,-2,2,-2,0,-3989.9177,35055.008,41654.246,2000.8396,10279.075,7153.9844,-4945.616,5491.561,5862.048,4732.875,-1606.7328,-26730.309,0
129186.17,2,2,1,44.640278,2,-2,-1,2,-2,0,-28195.43,18177.377,27901.77,-3225.8713,9252.349,8840.346,-2339.945,3465.8472,4755.3916,-5400.0493,-78.87877,4814.1987,0
109920.72,1,2,2,44.477043,1,2,0,0,0,0,57768.824,128244.63,88122.85,31035.762,28831.074,7686.459,-3220.659,1964.7286,19238.443,-3307.4062,1322.9315,3449.208,0
101456.99,2,3,1,45.64579,1,-2,-1,0,-2,0,-12734.082,9503.811,23765.291,7074.3594,9166.888,5623.4805,-2767.7263,3148.345,6110.0596,-3073.1108,2405.353,4711.918,0
98630.8,2,2,1,33.37122,2,2,-2,0,-1,0,-23782.922,1869.701,19074.02,4874.293,11269.481,6306.998,-2491.7156,2802.223,6075.3413,-2193.6328,922.5016,580.2948,0
98764.01,2,2,2,25.126816,1,-2,-2,2,-2,0,-26825.703,7305.408,25606.426,1437.117,10163.978,7530.547,-3937.5613,3601.74,5224.2256,-4890.312,169.93617,-1193.1122,0
108830.97,2,2,2,42.049515,2,-2,-2,0,0,0,-26040.938,1831.4198,22935.105,2932.9841,9405.528,7588.076,-2860.3005,2081.9993,5424.1963,-4293.986,-82.56236,5087.406,0
101013.57,2,1,1,44.854286,2,-2,-2,2,-2,0,-20104.57,18162.967,24685.104,1879.1873,6690.4575,7192.6523,-4276.0537,4315.2905,4770.2266,-5438.5063,554.89124,4949.0576,0
104064.33,2,2,1,36.636353,1,-2,-2,2,-1,0,-22530.43,5923.5176,27976.94,5569.3594,3983.266,5381.0703,-2747.514,2823.6782,5795.635,368.8703,-76.02623,6127.8374,0
134545.22,2,1,1,30.871973,1,2,-1,2,0,0,-30926.555,32405.902,33038.664,-6263.4023,11221.487,12915.941,-6125.412,4588.831,4423.1265,-3278.2812,-409.69275,-5016.0986,0
151282.2,1,1,1,44.339867,1,-2,-1,2,-2,0,-2300.5193,39034.02,24447.393,7234.965,-747.6166,5052.672,-3562.53,2504.8877,6798.0576,-1973.9453,1415.6776,6701.4106,0
109846.06,2,3,1,45.171547,1,2,0,0,0,0,-21066.156,56732.867,39659.36,-436.9729,16966.861,15940.16,-5331.9834,4354.702,5422.232,-3430.2861,169.51625,4268.517,0
105366.26,2,2,1,41.62942,1,-2,-2,2,-1,0,-22336.773,9550.459,30279.973,4965.2617,3591.6646,5882.1797,-3197.1296,3015.5288,5616.8467,2063.582,110.04115,6495.1436,0
146599.44,2,2,1,45.601192,1,-2,-2,2,-1,0,-10678.809,21554.168,35323.79,5332.9414,-5228.14,3971.2031,-3770.4753,3047.185,6274.0933,820.7695,-1007.41003,7295.1655,0
151126.16,2,1,1,45.356716,1,2,-1,2,-2,0,-11861.129,51444.082,33671.28,-1704.7854,-2488.941,7133.199,-5544.0576,5232.238,7164.065,-4360.86,36.526505,4686.4243,0
96946.516,1,2,2,27.619295,1,2,0,0,0,2,-2426.32,88173.15,31720.236,6274.176,54563.043,25278.033,836.23065,584.6439,7468.9834,-182.4522,2303.7683,979.6188,0
105850.28,2,2,3,44.961174,2,-2,-2,0,-1,0,-23832.336,2956.6619,27546.268,3401.6482,6775.5356,6879.8223,-3489.2722,2215.964,5923.345,-3223.4746,274.47888,5284.9517,0
100384.08,1,3,2,40.352646,0,0,2,2,2,2,-9231.34,86099.42,31802.396,3371.1248,47670.35,24132.938,1162.2443,555.7416,7334.0713,-1795.7832,1512.7169,1027.4623,0
126596.46,2,1,1,28.42439,1,-2,-2,2,-2,0,-14630.727,14392.459,23688.365,7410.4297,9531.542,6078.42,-2774.8923,3547.6526,5822.602,-3673.4604,2140.1746,4560.1587,0
123085.52,2,3,1,45.41621,2,0,0,0,2,0,128247.51,151754.03,119506.34,137697.95,105726.41,93918.445,-2715.554,1379.5497,12662.323,-3798.814,2336.3186,1343.6276,0
107120.05,2,3,1,40.395206,1,-2,-2,2,-2,0,-15144.727,18729.55,24131.17,6267.4766,7653.6626,5880.4766,-3086.0417,4089.4167,5558.832,-3847.9922,2014.7365,4569.8755,0
99330.9,1,2,1,44.919025,2,-2,-1,0,-1,0,-24022.39,961.16974,18415.916,4852.6484,11996.325,5895.1523,-733.36066,1611.2054,7040.02,-1476.0684,888.42395,4070.694,0
116018.664,1,2,1,45.232143,1,2,0,0,0,0,75368.36,136903.67,113307.555,80646.97,92874.0,70772.45,-4707.2236,2307.7732,7668.588,601.69135,435.93445,-3538.5498,0
111472.19,2,2,2,38.366413,0,0,2,2,2,2,41201.367,123337.68,93791.67,45860.906,94763.48,60506.625,5265.5356,-1857.3322,8778.475,-98.8643,2167.2346,1502.216,0
111399.484,2,2,2,24.052782,1,2,0,0,0,0,-26269.094,43446.863,33204.89,854.5896,25881.348,8026.7207,-3940.695,2998.637,5403.817,-3276.3032,-190.50133,2482.8315,0
121756.26,1,3,1,44.56992,0,0,0,2,0,0,-27035.781,45598.19,39117.043,-2943.3596,19011.535,8709.246,-5260.241,2924.1,5411.763,-3117.0532,-972.06335,5072.809,0
117108.88,1,1,2,32.643032,0,0,0,2,2,2,127301.28,146334.38,118017.04,142495.44,114419.78,97107.62,1136.6471,-2840.4695,10351.212,4889.914,3200.4043,1195.5541,0
99597.86,2,1,1,36.81853,1,-2,-2,0,0,0,-20230.523,3897.869,24433.46,7311.3438,11322.403,6723.373,-2649.5842,2274.0388,6182.894,-3782.816,2109.061,4212.137,0
143795.78,1,1,2,40.235813,1,-2,-2,2,-2,0,-9891.836,23324.516,24621.475,5651.6133,1394.7506,5328.508,-4057.3787,2885.5671,5769.873,-2850.6035,1752.4008,6088.997,0
126174.36,2,2,1,41.10447,1,-2,-2,2,-2,0,-17734.89,13779.365,28110.941,5987.457,4825.0317,5349.75,-3116.2493,3845.287,5603.617,-3329.733,933.2106,5499.2725,0
98493.336,1,3,1,35.49594,1,2,0,0,0,0,-14738.109,72928.1,33562.33,3620.488,32275.61,18796.07,-3365.6013,3574.2734,6060.5254,-2916.9287,1767.757,2718.9612,0
142427.56,1,2,1,34.145805,1,-2,-2,2,-2,0,-11828.305,18710.76,23138.465,8094.3633,3721.4028,4008.9805,-2666.3064,3010.347,6051.777,-2087.2397,1716.6615,5926.8135,0
95984.74,2,2,1,39.739452,2,-2,-1,0,-1,0,-21890.953,981.9432,16833.87,7071.797,11500.864,5253.8516,-505.0687,1902.3512,6465.4346,-2774.691,1050.5472,4285.2925,0
115336.09,1,2,2,39.32947,1,2,2,0,0,0,101898.25,145686.17,117066.6,97435.805,104810.73,60799.945,10.282874,504.5487,9134.977,1220.5684,2312.213,2880.9805,0
100282.375,1,2,2,41.86247,1,-2,-2,2,-1,0,-21651.883,1440.076,15111.202,5816.711,81558.195,51470.402,-4047.7175,-108.83753,6374.5615,32408.266,2674.9646,2489.6602,0
98004.305,1,3,2,40.745403,2,2,-1,2,-2,0,-28308.117,17358.115,16029.183,-4603.7617,11790.05,8943.83,-5141.911,4297.2935,4439.097,-6389.934,838.7677,3407.1177,0
142533.06,1,1,2,41.78571,1,-2,-2,2,-2,0,-13202.836,18928.486,25142.705,4524.3477,3138.3833,5829.574,-4083.3494,3175.2078,5646.7603,-3378.2954,1718.6678,5688.8843,0
131975.88,2,2,2,45.25194,1,-2,-2,2,-2,0,-19560.852,12346.049,33569.758,2532.906,1825.9459,6099.9688,-4519.835,3560.1064,5247.032,-3576.7979,-66.50816,6144.6714,0
139379.69,2,1,1,43.226166,1,2,2,2,0,0,18823.777,123575.46,81296.555,17455.12,65360.805,44306.387,-3368.3289,2843.9644,5195.6914,-1675.5483,2437.958,1154.8905,0
106332.31,1,2,2,24.600943,0,0,0,0,0,2,-20069.477,6131.2793,23037.26,9515.684,26258.127,9419.141,1791.3126,-288.06653,6700.1504,-2001.208,2265.2292,3797.7615,0
145337.77,2,2,1,44.61157,1,-2,-2,2,-2,0,-9529.707,23221.9,29261.166,7895.578,226.37561,4039.6953,-3367.5808,3569.0393,6163.521,-1851.4653,558.60974,6576.602,0
96739.69,2,2,2,24.80857,1,-2,-2,2,-2,0,-25672.164,4092.0212,23088.605,3697.8748,13445.88,7261.8594,-2800.0852,2860.476,5462.6816,-4631.2163,1034.2489,3918.6614,0
92150.195,1,3,1,45.605938,1,-2,-1,0,0,0,-15748.3125,552.49786,52808.254,18132.379,27035.812,12436.896,-1254.455,258.01355,7951.097,-1705.3438,3299.8083,3535.0632,0
98396.53,2,3,1,33.19102,1,2,2,0,0,0,6604.0547,118217.07,50857.43,9698.211,51132.7,27562.1,775.4235,2762.9905,7152.9087,-1999.3018,3333.27,3005.3967,0
102838.65,1,1,2,41.696384,1,2,-2,0,-2,0,-22053.227,12027.725,21487.459,1656.9685,9224.962,7136.5566,-4602.3076,3508.3767,5337.469,-4842.982,1644.1393,4302.4067,0
101495.31,1,3,1,44.689007,2,-2,-2,2,0,0,-27404.82,7850.5723,20609.424,-1201.719,15534.573,9023.301,-3858.2908,2429.0945,5119.927,-4197.77,830.1576,2739.0437,0
100004.56,1,3,1,42.974464,2,-2,-2,0,0,0,-24491.36,4487.9277,16302.792,3086.535,16225.659,7094.2324,-1046.0599,2115.096,5903.561,-4410.559,1993.1652,3283.0864,0
117237.98,1,2,2,24.824034,0,0,2,2,2,0,87341.766,138920.11,110247.63,4471.957,61545.55,31582.38,4110.5522,-1210.6061,11303.482,-3642.252,949.527,2229.2927,0
114160.84,2,3,2,44.44184,2,-2,-2,2,2,0,-31076.14,9056.951,27400.633,-4647.551,5501.6997,12964.57,-6238.582,3145.0754,4614.934,-5696.72,1206.691,-3414.3506,0
113273.55,2,2,1,24.009577,0,0,0,2,0,0,-26976.203,31275.373,34398.06,2614.945,42494.84,12936.619,-3091.1902,2058.7834,5395.1636,-3949.9956,-597.411,3941.9834,0
106350.8,2,2,1,45.171417,0,0,0,0,2,2,-5778.742,84305.63,41802.816,10636.195,30626.59,18767.521,-231.3436,1378.943,7900.4956,-2599.2676,1164.2191,6085.5576,0
112110.55,2,2,2,44.996456,0,0,-2,0,-1,0,-25873.758,4186.412,33112.87,2585.2302,2716.0278,7354.717,-4490.576,2762.051,5941.2437,-2339.2808,-1489.6322,4380.8716,0
121767.98,2,2,2,44.79921,1,-2,-2,2,-2,0,-25463.188,6185.912,34699.42,722.4802,2573.481,7415.707,-5319.38,3271.521,5030.882,-4169.4146,-628.85046,5884.531,0
112019.04,1,2,1,45.54755,0,0,-2,0,-1,0,-17133.602,-1583.2482,30367.473,8254.277,2498.895,5237.379,-3212.9753,1428.8636,6524.536,-873.5279,-518.05457,7604.9575,0
110281.54,2,1,2,24.691465,1,2,0,0,0,0,-23359.344,39798.18,30614.775,773.4724,25012.344,16484.28,-4719.0537,2926.1494,6845.6216,-5056.513,1252.9894,3294.354,0
119180.74,2,1,2,44.759922,1,-2,-2,2,-2,0,-23575.406,8937.803,32731.47,-343.23853,2431.395,9213.754,-5710.4883,3282.9238,4835.5728,-4767.072,1708.6212,5598.772,0
104735.77,1,1,2,43.24941,0,0,0,0,2,2,-5561.8047,59049.996,67458.66,8864.555,28467.816,18776.203,-1423.5428,861.3749,9752.064,-3034.7163,1670.194,5799.6113,0
112100.42,1,2,2,24.156929,1,2,0,0,0,0,-26107.695,27953.943,24698.37,1202.3513,22096.17,9588.086,-3523.241,2270.556,6047.677,-3887.3257,268.37903,2225.1194,0
117553.92,2,2,1,45.45668,1,-2,-2,0,-1,0,-17125.75,496.0135,29431.488,6898.6953,3541.5474,6353.502,-2655.9573,1560.5084,7400.603,-1731.4702,537.161,6558.934,0
110957.16,1,2,1,42.777622,1,2,0,0,0,0,-27794.648,32126.643,35144.848,-91.66039,17873.178,15077.52,-5184.782,3660.2354,6053.3677,-739.5274,-321.36023,3303.417,0
108046.91,1,2,1,43.781494,1,2,0,0,0,0,20280.07,124862.984,71956.78,10150.949,57732.406,32684.47,-1738.1366,2210.297,6951.4893,-897.82916,1254.0321,2704.5876,0
108899.375,2,3,1,45.39047,0,0,-1,0,0,2,-14547.098,25898.348,29805.574,5806.0234,11064.534,9293.121,-960.20734,2354.7632,8447.01,-584.93463,1271.8937,2047.1447,0
108186.01,2,1,2,24.628065,1,-2,-2,2,-1,0,-22481.219,4247.213,25270.072,4687.676,10669.235,6699.002,-2834.9675,1823.1554,5937.289,-1882.5044,1312.2484,4883.1772,0
128813.07,2,2,1,42.001907,1,-2,-2,2,-2,0,-21807.125,9082.26,31960.838,4095.2966,3507.4536,5893.5938,-4042.4666,3505.81,5313.5547,-3542.9414,269.8363,5742.0303,0
104497.445,2,1,1,31.994345,0,0,-2,2,-1,0,-20747.727,16075.771,27284.92,5064.8125,4366.77,6148.6914,-2948.4807,1944.6056,5709.528,-2533.0405,332.75867,4923.884,0
139111.55,1,1,2,34.791706,1,-2,-1,2,-1,0,-28604.18,25789.629,23663.104,-3029.2112,5334.61,9776.631,-2126.8113,1411.9354,5358.7363,-3177.1318,2531.2048,5562.6665,0
98117.96,2,1,2,28.42043,2,-2,-2,0,2,0,-20082.742,-1134.799,16624.312,5135.1367,16659.023,8487.469,-3171.8645,1617.3724,5800.517,-4815.942,577.9855,3368.8142,0
107813.6,2,1,2,30.19653,1,-2,-2,2,-2,0,-21001.062,11845.533,25567.104,2796.91,8337.14,7667.3457,-4120.468,3550.9895,5361.2847,-4772.687,1237.6676,3688.5515,0
103601.125,2,2,2,25.20322,1,2,2,0,0,0,5221.6094,121462.99,55600.65,1814.574,42061.42,20493.666,279.1779,1847.2968,6594.588,-1833.1968,1402.0145,1027.7714,0
114504.36,2,3,2,39.59242,2,2,2,2,2,0,-25189.914,9864.205,46435.63,2157.1716,13742.601,9698.139,-4567.698,1888.7416,4974.064,-5872.8257,289.65002,1183.662,0
109021.97,2,2,2,44.246754,1,-2,-2,2,-2,0,-24959.68,10096.611,31044.475,600.94507,4052.5278,9999.59,-4705.4346,3434.7036,4943.109,-4280.7817,2871.9392,5519.353,0
142803.86,2,1,1,31.952574,1,-2,-2,2,-2,0,-9191.652,20635.475,24338.78,9029.9375,5067.985,5375.2656,-2972.2834,3407.972,6026.6943,-2806.3096,2046.9628,5418.046,0
97383.19,1,1,1,43.82097,2,-2,-2,2,-2,0,-20995.852,12695.1,21427.459,2050.8435,9554.856,6710.9863,-4095.4402,3919.8413,4871.169,-5146.814,997.099,4350.37,0
123571.195,1,2,1,45.04098,2,2,-2,0,2,0,-24906.672,8719.51,29204.586,2598.0193,10681.901,9264.084,-4914.995,3000.2222,12798.513,-4268.104,374.9972,1739.8121,0
101290.305,1,1,2,28.21381,0,0,0,0,0,0,-23487.25,5421.627,27677.617,6894.7305,18994.783,10324.209,-2109.5486,1254.0865,7608.6206,-1545.457,999.76746,4809.504,0
106568.56,2,2,1,43.98872,0,0,0,0,2,2,-10342.719,57839.19,34754.082,9890.77,25145.547,16344.178,-763.76886,2068.327,7702.977,-786.6016,84.18324,5489.576,0
106237.06,1,2,1,45.1406,2,-2,-1,0,-1,0,-21945.734,-472.07635,21256.496,5068.324,9963.903,5767.508,-1927.1405,1542.6815,6432.967,-2245.2578,777.15076,5100.8604,0
104128.76,2,1,2,25.121754,1,-2,-2,2,-2,0,-21350.305,8886.877,23743.764,3755.7341,12814.286,7731.039,-3337.8894,3110.4648,5376.942,-4864.098,1888.3168,3841.5388,0
128424.04,1,2,1,44.588413,1,2,0,0,0,0,141388.11,158286.89,119575.47,28750.807,69819.67,38808.87,-3328.068,1652.5731,7369.0312,238.96358,1022.8197,4198.832,0
127355.266,1,1,2,24.807522,1,2,0,0,0,0,162831.08,173624.56,125092.54,147908.77,110306.71,99181.19,-3805.0808,-683.99426,10514.015,1466.2395,6382.187,-349.9154,0
98387.61,2,1,2,26.769106,1,-2,2,0,0,0,-29380.594,13914.787,20492.055,-142.42603,17631.982,10921.645,-305.1766,2269.5847,5774.3096,-5328.8696,1381.7108,3494.299,0
116407.8,1,1,1,42.471367,0,0,0,2,0,0,-24820.258,46677.945,36594.03,-792.7932,14742.542,15618.23,-5103.048,2728.2058,5159.281,-264.67975,1084.8273,4247.422,0
103843.26,2,1,2,24.825516,1,-2,-2,0,-2,0,-25886.43,5922.1895,16152.944,3072.078,17220.299,9024.424,-1930.7728,1994.0892,5553.818,-5047.1235,2299.5754,3214.96,0
122652.69,1,1,1,44.051167,2,-2,-2,2,0,0,-28570.133,9485.584,28264.762,-2861.137,10262.993,9448.762,-4159.884,2762.1448,4901.1865,-5190.817,432.62878,1639.9081,0
93827.58,1,1,2,25.991499,1,2,2,0,0,0,-4159.75,104857.95,37078.79,3550.6013,55297.465,27855.123,-381.79233,1878.2833,6917.8667,-1001.1939,2136.7258,1780.8356,0
115601.875,1,2,2,34.907215,1,-2,2,0,0,0,-31930.828,4709.99,17552.068,-392.01978,18741.645,11178.877,-2281.5164,1876.9755,10134.118,-2556.0962,1260.7179,3811.233,0
140600.61,1,1,1,45.39847,2,2,-2,0,0,0,-14034.273,9647.486,30033.684,3562.3787,2040.024,5413.414,-4784.0664,2951.6013,5263.233,-3169.7363,-69.487656,6419.7007,0
115698.63,1,2,1,45.32907,0,0,0,0,2,0,-20288.031,21197.537,36186.406,6246.414,7026.219,10535.24,-4127.4004,3047.7676,6345.21,-3238.231,-1973.9559,6663.7803,0
146771.67,2,1,1,43.823475,1,-2,-2,2,-1,0,-5849.535,29463.598,28163.256,10112.914,-823.10486,5096.0156,-3484.451,2504.0938,6844.401,1801.0791,1047.026,3779.5186,0
116007.336,2,2,1,42.557358,2,2,-1,2,-1,0,-28625.398,15066.92,29808.23,-1857.2112,5092.614,8336.672,-4855.7354,3885.3435,4670.133,-1297.8696,314.0631,5704.0435,0
113934.15,2,2,2,44.829952,1,2,0,0,0,0,506.8986,126396.52,68839.266,1245.6599,24353.701,19211.168,-4663.3203,2823.5376,5949.703,-1022.4058,-206.2982,3805.2825,0
100296.74,2,2,1,44.86532,2,-2,-1,0,-1,0,-22606.445,2522.7087,21339.404,5544.6445,9884.876,5896.551,-1247.4349,2078.551,6656.4565,-1286.7949,649.86584,4608.3823,0
150062.17,2,1,2,37.547474,2,0,0,0,0,0,-16829.422,34439.176,41991.137,513.1482,2651.8716,13492.82,-5319.6113,5205.936,6454.714,-468.30573,-37.445175,4639.0674,0
100355.76,2,3,2,24.52408,1,2,0,0,0,0,-13021.434,76032.234,33384.086,4425.5938,40220.918,20630.797,-2803.8396,2866.6536,6164.3506,-3329.2046,2337.8706,2468.258,0
96870.5,1,2,1,32.018044,0,0,0,0,2,2,43569.36,119659.18,71653.74,35418.445,76761.7,43876.65,4082.575,-954.6637,12283.18,-2446.1929,3908.583,2372.791,0
147524.69,2,2,2,41.525948,2,0,0,0,0,0,176431.86,197674.47,51481.91,-1348.3167,9849.251,15602.518,-2881.055,1283.7557,12070.708,655.17377,-2673.2898,7330.7363,0
109025.82,2,3,1,45.722965,0,0,0,0,2,0,25803.17,125793.414,91234.9,10899.867,572.32874,5249.172,-2317.5115,2765.3735,6837.4893,-1960.7002,-391.99597,5305.9893,0
82498.25,1,1,2,25.156315,1,-2,2,0,0,2,-5562.7734,63720.44,11624.05,7604.449,34816.96,8762.596,3896.2488,464.1029,6800.42,-2991.8267,3329.0588,-7085.618,0
135789.14,1,1,1,44.791237,1,-2,-2,2,-2,0,-12913.648,30278.008,25628.105,3842.8474,3504.188,6510.2188,-3194.4275,3886.706,5447.7485,-3950.1724,1801.8104,5591.247,0
89509.766,1,3,2,25.091026,1,2,0,0,-1,0,25825.197,121620.33,44609.098,7440.672,19717.678,4962.6016,500.2731,1268.1154,7872.693,190.20796,3302.7578,3073.842,0
132666.89,2,2,1,44.42085,1,2,0,0,2,2,16946.105,117568.31,67569.19,22448.695,47898.625,29408.13,-174.18295,1307.7191,9808.025,-2410.2822,6281.676,4629.9043,0
108614.8,2,2,2,36.881577,1,2,0,0,0,0,5393.457,125036.03,66410.53,4539.879,12456.577,10311.758,-3492.4119,2525.0715,6231.11,-2304.3105,473.9569,4062.5798,0
138615.31,2,3,1,44.33662,1,-2,-2,2,-1,0,-11212.699,22426.688,27998.21,7526.8516,1923.5358,4192.1406,-3061.7024,2909.173,6000.9404,1852.1543,1431.3639,6029.8145,0
145062.33,2,1,1,42.287693,2,-2,-2,2,-1,0,-11548.898,23407.008,22246.945,5494.4062,1339.4303,4340.879,-3180.1658,2067.383,5805.6787,-1612.4814,1269.4513,6273.572,0
116614.07,2,3,1,45.26584,1,-2,-2,2,-2,0,-20481.688,14278.311,32064.35,1571.6013,4683.5005,10346.053,-4548.461,3649.7441,4849.452,-4113.604,5558.677,5078.5854,0
108247.33,2,2,2,24.090624,1,2,0,0,0,0,-19777.477,68459.81,35682.21,2480.1287,37271.438,19973.871,-3204.361,2550.0046,6645.4854,-3175.983,473.5946,2236.7798,0
111964.15,1,2,1,43.513176,0,0,0,0,2,0,-20038.094,22729.822,33306.223,7535.633,8205.517,9647.035,-3440.1814,2943.7097,6093.4165,-3216.5234,-1271.2108,6170.2183,0
146448.72,2,2,2,25.197233,2,0,-2,0,-1,0,-8735.871,34135.336,30214.973,5929.34,-378.10486,6750.291,-2706.161,3134.4763,7509.1675,4197.0596,4261.1963,4061.0977,0
107445.234,2,2,1,45.03305,2,-2,-2,2,-2,0,-22143.32,9763.111,28039.66,2051.2302,6452.2153,7090.9766,-4499.214,4077.9062,5896.9507,-4734.6245,-509.76794,5321.3867,0
103791.26,2,3,2,32.194,2,2,-1,0,-1,0,-27261.719,4435.4863,13047.276,1441.9412,18852.076,7046.209,-2511.0188,2567.9656,5813.2593,142.56831,1749.7692,2942.4893,0
96580.85,2,3,1,44.913006,2,-2,-1,0,-1,0,-17823.875,5969.0215,19152.398,6822.5234,10996.558,5011.008,-1656.2719,2270.051,6337.455,-2500.4478,2200.871,4093.5183,0
137106.95,2,1,2,44.12444,0,2,-1,2,-1,0,-24490.195,19940.787,30320.043,-3186.4377,730.21936,7184.576,-6047.2227,3826.0667,4639.3726,-3685.875,-669.68054,6223.9707,0
123098.95,1,1,1,41.525154,2,-2,-1,2,-1,0,-18632.281,14583.021,19963.996,5192.926,10397.983,6078.6387,-2222.9924,2077.9468,5613.9404,-2645.4492,2121.6077,4363.099,0
121073.266,2,2,1,45.374565,0,0,0,0,0,2,175785.4,181394.38,129426.48,214493.6,123006.04,119707.38,3245.9363,-3061.1072,16568.604,7451.401,2749.9514,2229.682,0
126916.7,2,1,1,31.732372,1,-2,-2,2,-2,0,-19676.633,11186.061,27753.396,4105.746,6264.774,8416.445,-3986.568,3366.1467,5398.7896,-4080.6567,2974.0674,5054.4453,0
105643.11,2,2,1,45.01999,2,-2,-2,2,-2,0,-23039.281,9654.08,28746.867,1917.9412,6128.2544,7205.117,-4527.2793,4084.3762,4807.216,-4686.5396,-647.46326,5488.132,0
119067.43,1,2,1,43.84347,1,2,0,0,0,0,-26085.21,28588.703,35841.77,-53.836174,12070.335,10947.543,-4883.792,3799.6506,5607.7715,-2789.3398,-271.56677,4178.165,0
93803.34,2,1,2,24.56542,2,-2,-1,0,0,0,-23812.797,2201.7126,17147.936,4660.1016,17627.045,7907.074,-1931.0214,1652.039,5634.5,-4774.9204,1808.4928,3454.4163,0
117404.195,1,3,2,44.913754,1,-2,-1,2,-2,0,169175.62,154682.61,123920.59,6073.207,1.0201383,5067.582,-1390.9154,2087.2156,5919.616,-2508.67,4811.8647,6411.0674,0
104808.875,1,3,1,45.577946,0,0,0,0,0,2,-11242.781,52069.03,31524.445,7645.6562,22436.86,12923.293,-1461.9823,1612.3551,7227.5684,-966.68463,1849.9379,5098.2075,0
99401.46,2,2,1,44.664967,2,-2,-1,0,-1,0,-21665.195,2017.9471,20876.787,5870.0195,9439.687,5503.301,-1479.6097,2125.6633,6209.8833,-2768.1216,751.49915,5046.63,0
103446.21,1,1,2,29.401419,0,0,0,0,2,2,-17562.844,3648.4744,22559.83,10508.25,19612.062,10771.455,-437.44955,308.50964,7990.1455,-3485.414,2019.2399,4621.031,0
109732.78,2,2,1,45.392498,0,0,0,0,0,2,-15300.9375,43562.547,38295.133,6394.5664,19794.64,13990.146,-1861.8954,2172.8271,6568.098,707.1662,166.29652,6464.7837,0
141222.05,2,2,1,45.828754,1,-2,-1,0,-2,0,-9865.734,11848.104,25778.855,9501.316,4247.4106,4089.9297,-2466.7273,2943.8904,6442.559,-1685.8599,1721.6598,4283.944,0
136119.25,2,1,2,43.506104,1,-2,-2,2,-2,0,-14555.461,18750.207,29008.21,3974.0623,2621.2583,6334.174,-4393.5576,3779.6987,5433.631,-3760.7397,1188.8761,5710.9175,0
116147.35,1,2,2,26.276304,2,0,0,0,0,0,-30116.398,7186.619,26529.309,2237.8396,21154.82,7671.215,-3732.0007,2221.8552,5762.0903,-3430.9072,-773.8446,3592.6277,0
121747.18,2,1,2,35.484417,2,2,-2,2,-1,0,-25135.25,9306.154,23678.623,455.3435,7787.5396,7383.199,-4732.083,2658.122,5215.2446,-4096.4517,340.91516,4522.0713,0
129979.49,2,1,2,40.022488,1,-2,-2,2,-2,0,-15861.141,17554.797,27266.48,4102.5664,3580.1646,6594.449,-4262.4395,3741.9502,5486.873,-3930.7837,1241.5299,5492.081,0
100958.6,2,3,2,44.729683,2,2,-1,0,-1,0,-17781.727,10801.131,22112.684,4640.6562,7345.9185,4671.1367,-3299.1775,2875.1301,5586.596,-2506.1074,926.0226,4746.5938,0
106295.15,2,2,1,44.164627,2,2,2,0,0,0,-31284.93,3243.7048,22819.594,-646.70337,16555.38,7975.535,-4108.4844,3301.1926,8884.863,-5107.357,-328.29382,3460.4595,0
137703.05,2,2,1,45.12934,1,-2,-2,0,0,0,-21494.617,-1308.9083,32831.9,5618.203,5799.4966,6016.824,-3019.9827,2050.2175,7851.0967,-2541.3682,808.1278,5810.4272,0
120631.64,2,2,1,44.958153,2,-2,-1,0,-1,0,-24377.086,7006.256,23646.15,1800.0623,8621.536,6349.6914,-1018.22345,2409.482,6442.2114,-2158.7905,595.97864,4887.5986,0
109620.89,2,2,2,24.089973,0,0,2,2,2,0,-5629.6523,109046.74,32616.996,4076.8474,43911.336,21184.746,2070.1592,175.44908,6694.1787,-4124.4185,315.0631,1752.5944,0
97980.82,2,1,2,25.105562,0,0,2,0,0,2,-15102.75,49842.13,23416.99,7005.172,34133.254,13746.023,2130.163,761.3158,6956.9434,-1997.4468,2404.2854,3868.1897,0
141678.92,1,1,1,35.847614,1,2,2,0,0,0,170389.39,174432.52,124916.31,145196.42,111973.54,109804.29,7297.108,-1675.5231,10779.472,2324.4338,52993.25,2100.836,0
147003.3,2,1,1,42.298355,1,-2,-1,0,0,0,-11742.559,35389.73,27185.521,5149.539,2995.4731,6175.416,-1801.7806,3062.3115,5793.7373,-2922.5088,1950.4501,6296.471,0
114736.586,1,2,1,45.22473,2,-2,-1,0,-1,0,-20464.125,1824.0878,20272.836,5546.75,9512.091,5165.2812,-1307.1561,1588.1554,6229.389,-1962.6313,1226.5885,5281.724,0
113966.84,2,1,2,35.03232,1,-2,-2,2,-2,0,-19272.586,12646.057,26156.42,3153.07,5977.0903,7004.3145,-4226.881,3615.9553,5410.445,-4472.4224,1198.3651,4966.5405,0
146983.77,2,2,2,45.01736,1,-2,-2,2,-2,0,-11612.91,23115.611,30967.627,4694.324,-1761.0463,4346.91,-4234.4863,3422.0046,5756.2573,-2207.5503,-124.92125,7034.7266,0
91080.234,2,3,1,28.34606,1,2,2,0,0,0,-14029.012,93105.76,35527.914,4610.6133,46876.258,25557.256,373.72623,3376.844,7729.014,-1404.8252,2665.3845,-180.39735,0
105403.75,1,2,1,45.34538,2,2,-1,0,-1,0,-19266.578,12978.264,25334.58,5790.1953,9210.675,5294.289,-2659.6697,2643.4048,5849.412,2658.0095,727.70764,5441.602,0
106422.0,1,2,1,26.35303,0,0,-1,0,0,0,-21624.375,55481.8,28808.412,4647.965,28191.51,12595.414,882.51776,2109.5005,6480.179,-1116.8809,812.2506,3752.0586,0
117666.51,2,2,2,23.749666,1,-2,2,0,0,0,-36241.984,12626.146,18060.445,-1980.5354,19353.322,9404.756,1054.641,2096.0088,5742.824,-5445.8813,25.980606,-9107.682,0
119025.72,2,3,2,34.33342,1,-2,-2,2,-1,0,-18473.828,14730.811,26824.854,4002.367,3695.7856,5748.2266,-3350.5134,2726.296,5820.6807,-2541.6064,1217.3119,3980.7769,0
113805.0,1,1,1,30.630898,1,2,0,0,0,0,100173.39,141557.36,46780.05,3702.3591,41611.95,22384.006,-1715.0106,2147.263,7025.0845,-2712.4204,1091.8468,2133.6624,0
115447.51,2,2,1,44.979282,1,2,0,0,0,0,71680.21,135307.75,64814.27,5489.8906,45825.383,30028.168,-4484.949,2977.0862,7441.1465,-1041.4736,-357.0863,3589.6887,0
96792.78,2,1,1,27.477552,1,-2,-2,0,0,0,-24479.234,4589.006,20110.193,5294.5273,19534.562,8257.301,-2032.309,2343.2998,10287.593,-4617.1636,2184.1196,2301.4875,0
118507.625,1,1,2,40.519047,2,2,2,2,0,0,-11730.543,102157.01,50578.98,-2868.633,60738.855,41007.508,-5683.2764,2829.337,5137.715,-1011.9312,2771.2515,-5355.407,0
140227.7,2,2,1,45.73661,1,-2,-1,0,-2,0,-10453.82,7053.744,27509.738,8256.9375,3643.813,4945.25,-2817.4387,2617.7632,6251.637,-1935.102,1154.545,6394.4995,0
99127.89,1,3,1,42.809338,2,-2,2,2,-2,0,-34221.82,14833.529,13605.675,-6045.629,18700.1,16010.557,-1162.6556,2461.0562,4682.116,-6155.9526,8993.761,2351.4297,0
98245.59,2,1,2,24.990952,2,-2,-2,2,-2,0,-23871.758,7842.1504,16301.919,2314.2498,16445.078,8254.904,-3355.5554,3185.871,4920.3286,-5541.0054,1582.8456,3091.9016,0
103760.16,2,1,1,44.125565,2,-2,-2,2,-1,0,-20576.719,15034.061,26456.713,3159.3982,5466.8013,6097.377,-4383.1084,3585.7935,5191.801,822.5468,-56.77574,4701.302,0
139164.62,1,2,1,43.51718,1,2,0,0,0,0,159909.42,171177.0,128463.08,170800.78,109664.05,108531.5,-3292.0828,45.33239,12361.3955,2451.5457,3224.6501,44.197865,0
144225.73,2,3,1,42.063026,1,-2,-2,2,-2,0,-6191.6914,25902.973,24836.035,9657.98,4231.391,4780.7617,-2774.8464,3419.9346,6084.665,-2417.4385,2400.2844,5365.8906,0
140513.34,1,1,2,25.616846,1,-2,-2,2,-1,0,-14465.605,13662.764,22759.303,5823.172,5278.348,5463.918,-3077.1638,1129.5175,6166.9976,823.45575,2744.1704,6145.1777,0
112134.766,2,1,2,28.434446,1,-2,-2,2,-2,0,-20423.953,10734.307,25164.13,3348.5154,9993.14,7592.826,-3749.8542,3337.4067,5435.1973,-4691.529,1566.2001,4346.1797,0
108375.91,1,3,2,24.72271,1,-2,0,0,0,0,-26425.398,16893.814,17242.531,2443.4802,28140.506,8993.92,2960.455,1609.2887,5893.466,-4541.726,2185.9146,1946.2831,0
139167.44,2,3,1,43.49971,1,2,0,0,0,0,171612.6,176087.12,127960.5,172733.45,111178.4,107825.516,-4284.412,824.8529,12612.321,2367.5037,5488.612,-312.49597,0
109809.8,2,2,2,27.520266,0,0,-2,2,2,2,-17328.336,-2907.2131,25414.064,7082.8984,37781.92,19448.611,-1306.1068,22.620474,6805.9395,-3796.726,925.891,3214.5278,0
117071.84,2,2,1,44.293694,0,0,0,2,2,0,-26773.805,17959.98,39010.336,1847.4216,5839.5317,11391.26,-5515.3936,3357.0137,5119.242,-4194.31,-2462.345,5963.2324,0
110318.65,2,3,1,44.515648,0,0,-1,2,2,0,-20334.094,77589.74,35983.715,674.42163,18085.531,15756.357,-2757.239,2975.3591,6971.559,-4627.4546,-159.91881,4586.916,0
111965.34,1,2,2,24.326488,1,2,0,0,0,0,-24719.0,45051.18,30269.506,1328.6482,24359.59,7920.8887,-3645.9207,2496.7695,8322.118,-2009.2192,233.9728,3054.915,0
97541.414,2,2,2,25.44262,1,-2,-2,2,-2,0,-25642.062,4074.701,23244.096,3534.8982,12831.761,7221.867,-2968.5325,2946.9727,5475.988,-4580.2983,908.4957,4048.8672,0
116174.6,1,2,2,30.457035,1,-2,-2,2,-2,0,-24224.969,5500.256,23612.988,3066.8318,10585.685,6748.1387,-3067.591,2796.8032,5638.105,-4244.1626,1153.6222,4486.196,0
112139.55,1,2,1,44.831608,0,0,-2,0,0,0,-25287.492,9216.6,37316.664,1352.074,4641.692,7829.088,-5637.839,4321.394,4634.802,-4117.9097,-2277.4968,-14124.206,0
108678.99,2,2,2,43.715748,0,0,0,0,2,2,-16876.273,21971.48,29728.12,9115.539,9981.677,9723.371,-1277.0297,1661.9364,7201.3247,-3278.56,-68.876816,6415.334,0
143274.33,2,2,1,43.352257,2,2,-1,2,-2,0,-18623.297,27950.889,28503.812,939.2302,1631.3287,5678.379,-4905.091,5012.3354,4956.1377,-4616.0728,190.9142,5859.6323,0
127252.1,1,3,2,44.90527,0,0,0,2,0,0,-28974.844,17142.79,35111.656,-3200.3987,10878.671,8955.107,-6025.3906,2393.3489,4890.975,-4504.0073,-1171.8959,4903.938,0
126512.28,1,1,2,41.73995,2,2,-1,2,-2,0,-25804.055,21023.709,23391.605,-4075.4612,7218.5747,8844.236,-5624.448,4505.572,4515.447,-6319.7056,552.1466,4475.1836,0
120940.07,2,1,2,30.091776,1,-2,-2,2,-2,0,-18490.523,12708.818,25748.479,3736.1638,7859.9185,7258.3457,-3822.152,3445.125,5556.7217,-4369.973,1565.2509,4728.9536,0
109381.82,2,2,1,44.9177,2,-2,-2,2,-2,0,-27548.578,8521.838,29438.455,94.113045,5485.9653,10020.408,-4807.885,3606.6033,4698.1084,-4850.6704,467.38293,4167.989,0
99304.12,1,1,2,28.775831,1,2,-2,0,-1,0,-21738.258,10182.377,20986.797,3793.652,9796.483,6387.879,-3034.6433,2116.6147,7579.4517,-2934.189,1732.9135,3639.0164,0
104501.82,1,1,2,29.05856,1,2,-2,0,0,0,-22055.023,5916.623,26971.9,2243.8396,26952.668,7272.3984,-3901.2625,2410.9417,5509.7686,-4327.0483,1203.5204,3847.9458,0
118059.36,2,1,2,24.093367,0,0,0,2,0,0,-27828.203,11928.021,29694.895,1083.4216,19304.668,8896.896,-4512.1807,1810.143,5280.4536,-4988.6206,-121.49986,3733.976,0
150941.97,1,1,1,45.381905,1,2,0,0,0,0,176224.25,174956.36,132531.12,170077.5,109215.21,103782.43,-5140.3047,252.04039,15904.315,3407.6602,5064.967,566.74475,0
107442.81,1,1,2,24.77663,2,0,0,0,0,0,-28335.125,4749.494,24061.59,2243.0896,18299.225,9872.197,-4360.5605,2474.7673,5485.0054,-2871.6558,59.708633,1946.5089,0
120618.91,1,2,2,24.002954,2,0,0,0,0,0,-34256.953,18004.592,25596.682,195.01929,26089.533,10195.369,1691.7328,1410.4952,5389.406,-3615.3848,659.5416,3328.7498,0
86785.83,2,2,1,44.369724,0,-2,-2,2,-1,2,113045.78,123066.14,84550.69,25066.143,77885.2,38760.227,3088.6821,-724.0148,8066.5415,-2443.8813,2718.686,2794.856,0
116615.84,1,2,1,44.992237,2,0,0,0,0,0,-24589.156,55287.152,45368.707,413.48022,22516.387,18764.191,-4985.365,3596.1812,5675.746,-3093.0093,-1849.2909,4872.7495,0
146494.84,1,2,2,30.101068,0,0,0,0,0,0,198379.58,207119.28,140169.38,10545.984,15966.011,10106.512,-1651.5643,-1206.6598,7945.4795,297.68207,-995.9442,7260.1953,0
105774.19,1,3,1,45.11397,0,0,-1,0,0,0,-19321.203,37209.098,30475.963,3151.324,11115.776,13722.326,-1177.7992,2676.2776,5831.668,-3169.8306,1491.6932,5328.908,0
133201.61,1,1,1,45.44295,1,2,0,0,0,0,36085.766,125907.43,77751.96,21368.428,55183.418,30662.318,-3697.6736,2720.5693,7076.9,26.595654,2267.1184,3746.0312,0
144216.83,1,1,1,40.285385,1,2,0,0,0,0,176289.3,156489.42,109550.21,54881.125,46939.31,21778.11,-3585.5886,1821.4474,8252.2295,773.9743,3073.8206,4514.1543,0
120689.71,1,2,2,23.97702,0,0,0,2,0,0,-31832.344,6553.119,25095.697,957.44116,22774.344,11962.697,-3793.2498,932.6444,5570.434,-3273.2935,-521.0814,3448.1804,0
141097.3,2,1,1,43.975174,1,-2,-2,0,-1,0,-8499.402,14330.494,23383.152,10806.922,1589.36,4392.7656,-2270.5432,1550.496,7181.45,-258.2442,3139.4753,4184.73,0
150833.94,2,1,2,29.667488,1,-2,-2,2,-2,0,-5149.664,27959.457,24103.006,7961.7227,1150.5475,5064.7305,-3698.277,2339.5156,6305.694,-2174.6763,1661.7137,6345.323,0
111122.016,1,2,2,34.009487,1,2,0,0,0,0,-27581.828,29550.271,32526.53,-1289.2112,18632.56,13784.1,-5307.3945,3094.1753,5643.2495,-2592.789,-830.57556,2264.0571,0
107189.28,2,3,1,45.227318,1,2,0,0,0,0,-7784.4766,90891.38,46458.324,2283.8318,28255.441,20312.332,-4590.8037,4147.6997,5906.197,-2374.1104,1016.77136,3642.8652,0
88936.55,1,1,2,28.237467,1,-2,-2,0,0,0,-25037.352,-662.7873,15594.397,6194.543,27220.826,7796.291,-1726.3846,956.6605,12447.539,-4120.3745,2206.0732,2370.7002,0
106740.305,2,1,2,41.714188,2,2,-2,0,0,0,-24148.906,5231.627,26606.133,1459.2224,7645.971,7884.328,-5028.8105,3215.292,5105.4795,-4245.447,484.78455,5026.588,0
113938.66,2,1,2,28.118887,1,-2,-2,2,-2,0,-23962.695,6419.7793,26655.11,2141.6873,9396.175,8212.307,-4441.788,2968.4895,5303.3047,-4759.936,1076.9899,4453.7764,0
108699.016,2,2,2,24.321741,1,2,0,0,0,0,79800.695,130202.72,103062.336,84618.25,96233.04,61730.594,-893.80597,600.06775,8023.9897,-1139.8701,2718.7058,3081.4807,0
115553.78,2,2,2,23.750528,0,0,2,2,0,0,92230.336,144399.02,119442.266,76854.33,105209.12,76462.31,9945.672,-1745.6686,6290.966,-646.7569,4911.6987,-54.389538,0
92521.94,2,1,2,25.13135,2,-2,-1,0,-1,0,-19669.14,4225.5723,11244.718,7253.949,18853.836,6235.42,688.71454,1454.1849,6602.4478,-4205.1733,2685.7976,3232.7715,0
105652.12,1,2,2,31.910732,0,0,-1,0,0,0,-24702.39,10423.525,25596.95,2673.2693,8960.233,6401.963,-969.3558,2140.579,6100.052,-3862.187,90.594376,5799.2085,0
113877.1,1,3,3,45.418293,0,0,0,0,0,0,-15269.906,53556.355,42489.48,1284.4607,2331.4497,6671.047,-4130.213,3583.3933,5533.7456,-3708.683,-45.07213,6352.501,0
118951.77,1,2,1,44.745842,0,0,0,2,0,0,-30117.352,40004.684,41920.36,-1660.301,36684.582,15660.186,-5593.258,2963.43,5066.187,-3234.5122,-2319.3303,5282.6147,0
109625.516,2,1,1,45.037186,1,-2,-2,0,-1,0,-16986.906,12925.811,24863.883,5565.6445,5126.774,5596.699,-2122.758,2339.2266,6549.78,-2629.6494,1443.2706,5852.336,0
122389.23,2,2,1,30.420603,1,2,0,0,0,2,34715.246,118030.61,68456.59,21712.475,51535.246,23685.979,1119.7836,1652.6554,7980.131,986.1845,2631.5518,835.8197,0
104670.65,1,2,1,44.8293,2,-2,-1,0,-1,0,-22576.656,1750.6229,19022.873,5223.383,11308.632,5329.6094,-603.4173,1674.5074,7021.595,-2426.4521,1068.0619,4706.205,0
113313.67,2,1,1,30.01676,1,-2,-2,2,-2,0,-17692.898,23329.648,24414.965,3984.8552,7410.563,7529.9355,-3498.1091,4219.8394,5362.0806,-4860.778,1747.6796,4322.2656,0
109196.27,1,3,1,45.388153,2,0,0,0,0,0,12714.68,128307.43,70561.24,11425.85,52384.53,31939.96,-3445.3777,3223.6118,6263.028,452.05707,2181.3699,1024.2086,0
120151.18,2,1,1,41.82318,2,-2,-2,2,-1,0,-20828.953,15401.666,25057.959,2099.8357,6064.528,6555.033,-3660.611,2912.5693,5339.864,-1290.8315,622.2372,2170.2175,0
110098.47,2,1,2,24.230892,1,2,0,0,2,0,-17026.953,88359.65,46394.7,2027.7263,25991.49,18488.756,-5169.7676,3864.0374,7410.748,-4891.141,-219.29625,-22284.342,0
132715.45,2,2,1,38.015972,1,-2,-1,0,-1,0,-14242.914,4813.924,21113.99,10396.8125,5441.6646,4815.3047,-973.94415,1510.911,6927.157,-208.8189,2794.9185,5357.5586,0
102326.36,2,2,1,41.099377,2,2,-2,0,0,0,-25905.71,1213.4706,22992.219,4595.258,12481.118,6483.3594,-3651.0007,3167.4822,5497.7246,-4359.311,424.30994,3513.7168,0
92749.04,1,1,2,31.491743,2,-2,-2,0,-2,0,-21785.312,4561.3887,10221.8545,3869.5935,18956.064,7333.01,-2242.5886,2271.0027,5549.801,-4989.2407,2396.365,2886.3335,0
148583.67,1,1,2,45.45097,1,-2,-2,2,-1,0,-11809.207,38278.594,29961.537,1449.8474,-5610.097,5284.008,-3788.0857,2235.2053,5991.7007,-1276.8022,-298.07605,8226.879,0
128606.34,1,1,1,45.324036,0,0,0,2,2,2,-11198.973,68153.37,48599.23,3459.578,30917.232,22503.02,-3750.9978,1431.7487,5715.4844,-293.43365,150.99623,6351.721,0
147995.08,2,2,2,29.348106,2,0,0,0,0,0,-12400.473,76152.66,53930.18,3716.1833,16922.697,18134.988,-4075.1375,4301.4272,5862.108,1058.2175,-1045.1107,6318.6504,0
142099.03,2,2,1,27.88594,1,-2,-2,2,-2,0,-11176.172,18108.35,23933.004,9100.594,5810.469,4332.2383,-2313.3171,3050.7659,6060.142,-2300.35,1832.2208,5629.969,0
94409.914,2,2,2,24.734318,1,2,0,0,0,2,36149.03,118176.5,64254.99,14160.053,76062.05,36501.75,3690.9731,195.98131,8059.699,1116.6692,2732.7012,669.98474,0
101532.99,1,2,2,24.986752,2,-2,-2,2,-2,0,-27132.297,9404.174,12572.624,910.92554,18163.666,7918.588,-290.7679,2688.3167,5081.1694,-5550.0786,1024.3046,3025.349,0
103200.43,2,2,1,29.388569,1,2,0,0,0,0,-21045.523,70695.516,34964.703,2927.32,24285.385,14865.73,-3568.818,3419.7866,6498.8027,-2978.2402,10.042617,3513.0881,0
116725.89,2,1,2,26.75807,1,-2,-2,2,-2,0,-19606.484,10435.303,24936.723,3851.281,10890.649,7446.883,-3483.3943,3223.933,5510.6846,-4571.3716,1831.171,4222.561,0
124668.64,1,1,2,44.841785,0,0,0,2,0,0,-24089.805,62141.55,47798.78,-3571.719,18894.77,17941.48,-6291.3,2468.7834,5090.145,-3582.3862,-1670.7308,4052.1194,0
111621.71,2,2,2,33.28338,2,-2,2,0,0,0,-34043.85,714.6502,16879.81,-1545.8088,16916.69,9065.689,-2473.7659,1787.2667,5866.7065,-5279.561,-239.38463,2995.6724,0
133579.56,2,1,2,32.026073,1,-2,-2,2,-2,0,-15474.133,16386.107,25261.951,4819.7734,5316.637,6635.004,-3861.5457,3487.261,5617.0835,-3880.8994,1583.8663,5232.417,0
90851.41,1,3,1,42.979744,0,0,2,0,0,2,5418.8594,98420.1,34718.93,11787.834,19587.512,6757.5566,4296.7036,850.14197,7405.7104,-845.9893,3783.8298,4183.8228,0
129737.59,1,1,1,45.59586,2,-2,-2,0,-1,0,-9336.25,9670.99,17508.926,8941.777,8298.03,4066.371,-1466.8519,1850.006,6972.2573,-1665.1904,2498.5608,5165.6655,0
111887.195,2,2,2,26.152994,1,-2,-2,2,-1,0,-25121.46,2659.568,26415.053,3976.3357,8586.446,6625.1895,-2486.2341,1928.6068,5935.0146,-2099.3901,411.4154,4476.1304,0
138989.27,2,2,2,45.37654,1,-2,-2,0,-1,0,-15738.117,3529.7947,27226.326,7107.996,1688.5006,4180.633,-2402.1033,1363.452,6987.7734,-915.18317,815.46936,6944.1265,0
106827.984,1,1,1,40.69208,0,0,0,2,2,2,1496.7892,98394.516,46714.64,9287.965,54443.188,29491.932,688.41766,443.33826,8130.206,-1109.9082,1796.6698,2916.8857,0
141546.17,1,3,2,30.31523,1,-2,-2,2,-2,0,-8611.5625,22207.53,20388.807,6803.168,6782.028,5299.992,-2867.6877,2325.0906,5952.011,-2759.2988,2941.4778,5014.869,0
109570.54,2,2,2,24.180815,0,0,-1,0,0,0,-21964.508,56696.496,29336.518,4035.7263,25101.414,11820.57,511.08804,1765.0414,6362.922,-3429.0479,683.79065,4866.521,0
114771.71,2,2,2,24.618711,0,0,0,2,2,0,42051.777,124634.65,44647.188,5510.7617,35862.938,21081.729,-2631.0222,877.0458,6586.9653,-3868.4146,-483.00427,3538.0679,0
107373.21,1,2,3,45.410645,0,-2,-2,0,0,0,-14850.32,6998.627,26451.613,6136.379,5130.2817,5376.918,-2393.5725,2014.5013,6049.8696,-2954.1475,955.9249,6521.457,0
111847.016,1,2,2,24.235874,0,0,0,0,0,0,-24133.89,4368.5137,26324.105,5450.1133,13546.956,6330.908,-1642.5717,1611.4901,5903.326,-3629.3174,524.943,4932.6094,0
145234.86,2,3,1,45.507103,1,-2,-2,2,-2,0,-6266.3516,28503.48,27381.375,7822.668,2919.0083,6210.625,-3048.5906,3509.7817,5917.777,-1718.8262,4325.7383,5435.715,0
92496.12,1,1,2,32.110867,2,-2,2,0,0,0,-27605.016,11712.873,13257.956,-89.12524,19100.62,8889.551,994.6862,2076.9272,6071.9146,-5472.5337,1066.4711,1269.4672,0
112014.914,2,2,1,43.80995,1,2,0,0,0,0,60849.547,128097.12,99997.85,56374.805,79408.28,56437.98,-3503.7292,2457.5403,7714.3413,380.5971,1170.9291,2472.311,0
110129.914,2,2,1,44.372604,2,-2,0,0,-1,0,-14923.852,9551.498,18359.42,6798.914,9523.608,5580.578,-983.69464,1919.3522,6881.0815,25090.748,1892.5221,5378.3413,0
136611.25,1,1,1,44.64362,2,2,-2,0,0,0,-17339.828,7352.4785,26976.893,2999.8318,5748.8247,5186.16,-4712.2754,2822.0557,5850.42,-3571.1274,1134.9105,5135.6743,0
101029.34,2,2,2,43.578007,2,-2,-2,0,-1,0,-24563.844,316.56818,19132.355,4261.7734,9710.989,6327.9766,-1983.0516,1622.6498,6241.451,-3039.1387,481.52527,4814.814,0
109839.75,1,1,2,33.023342,1,2,0,0,0,0,79683.25,132642.88,104875.23,77910.41,97278.33,71166.92,-3569.494,995.3346,8104.9727,418.7536,3121.385,1961.7201,0
99589.59,1,3,1,45.60443,0,0,2,0,0,2,12927.652,116270.51,52368.723,12835.414,58951.62,27078.74,3112.6716,191.56432,8291.963,2303.299,2988.9558,3463.8162,0
102647.164,1,1,1,45.07967,2,-2,-2,0,-2,0,-21194.61,4383.619,20340.855,3572.9998,11834.71,6775.082,-3594.155,2681.2532,5505.0405,-4427.154,1776.8702,4231.413,0
141390.17,2,1,2,29.335487,1,2,0,0,0,0,168216.66,175159.55,127378.234,153635.94,108129.89,99330.31,-4252.2246,-306.94836,10144.111,1441.1531,3473.359,3672.783,0
87567.445,1,1,2,26.424234,2,-2,2,0,-1,0,-28636.406,2515.6814,8544.702,1112.3513,23132.363,7925.576,666.6579,1023.49915,6377.9985,-3709.253,1762.7975,2497.0034,0
135820.64,1,2,1,41.619457,-2,-2,-1,2,2,0,-19813.71,6957.9355,21713.02,4672.0664,5582.1333,5511.0312,-2363.4485,1642.2194,5737.294,-2884.4722,617.131,4875.6577,0
148666.4,2,1,1,45.69422,1,-2,-1,2,-2,0,-4009.238,37722.348,29598.826,6082.617,-2138.6519,5080.5977,-3699.036,3428.0168,6544.2666,-2448.4082,556.109,6874.454,0
101860.85,1,2,2,26.583155,2,-2,-2,2,-2,0,-27750.383,2720.326,13367.554,1502.8357,18227.88,7544.3027,-2759.7717,2759.412,5093.4956,-3614.5464,786.1371,3042.2615,0
106087.016,2,1,1,45.23568,1,2,-2,0,0,0,-20379.914,11431.018,35757.33,2016.3826,15592.001,14056.475,-5077.7607,3909.1228,5889.501,-3133.917,377.66492,4672.3105,0
101351.79,2,1,1,45.32681,2,-2,-2,0,-1,0,-13679.316,6328.4785,20390.973,7106.0,8845.114,5265.3164,-1992.6488,2418.1396,7667.896,-2836.359,1525.338,5268.79,0
126836.414,2,2,2,37.071323,1,-2,-2,2,-2,0,-20449.64,10985.842,28072.662,3791.4998,4486.313,6205.4785,-3738.9236,3416.0261,5524.854,-3819.9688,628.81335,5493.5273,0
106097.48,2,3,1,44.120552,1,2,0,0,0,0,26537.293,125825.195,37780.21,4186.242,15426.644,11719.031,-3992.4421,3518.434,6076.5776,-2332.5894,1455.6359,3622.9087,0
121721.47,1,2,1,37.96236,2,2,-1,0,0,0,-17851.617,14396.674,22985.865,6605.3984,10874.04,4898.711,-2366.4197,2903.119,5676.473,-3521.0781,1134.6373,4607.5044,0
141673.33,2,1,1,45.464996,1,-2,-2,0,0,0,-15182.109,5360.1895,34136.773,4699.039,2026.6764,7660.217,-4253.199,1988.6498,8026.436,-2416.0483,3375.3657,6753.254,0
109732.58,2,1,2,24.212093,2,0,0,0,0,0,-22769.828,45960.566,34428.504,2261.2615,25089.855,16279.068,-4031.0261,2972.355,5657.178,-3940.7485,43.785294,1906.8385,0
119090.516,1,2,1,45.317127,0,0,0,0,0,0,-18140.86,52989.824,45378.996,2679.1912,4016.2388,7482.6055,-4574.5703,3014.887,5942.5376,-2821.8286,-2588.1746,7679.858,0
130777.336,2,2,1,26.829062,0,0,2,2,2,2,97323.58,139546.34,117689.98,132968.44,111606.04,91875.91,17851.914,-3012.3762,10979.147,2387.346,4508.335,185.69151,0
143402.7,2,1,2,31.761242,1,-2,-2,2,-2,0,-10031.371,22531.035,25383.645,6622.1875,2331.9224,5808.742,-3824.5623,3156.6482,5811.5737,-3030.934,1691.7594,5903.1406,0
108994.234,2,3,1,45.08,2,0,0,0,-1,0,-24154.922,11958.803,32584.18,2057.1755,5108.2896,6758.959,-3904.241,3619.0127,5202.747,-2738.941,-289.5868,4657.359,0
110013.37,2,3,2,44.949375,0,0,-1,2,2,2,-16572.023,73578.87,28978.31,4120.535,36171.324,20242.61,1739.5214,-59.05921,7216.416,-3171.143,1512.0077,2170.1758,0
95522.586,2,1,1,39.161594,1,-2,-1,0,-1,0,-17628.164,2572.0916,21661.18,8863.039,9413.36,5367.3867,-1978.3251,1859.015,13338.405,187.44502,2066.324,5141.1616,0
91092.81,1,2,2,24.469933,2,-2,-2,2,-2,0,-26481.734,3512.0525,12873.429,2088.0505,19686.506,7512.467,-2006.6976,2613.5664,5111.7183,-5267.0757,1142.8595,2786.3982,0
100562.086,1,3,2,45.39564,0,0,0,0,2,2,41486.438,123960.516,74266.484,30522.125,64927.703,30705.484,570.9904,-59.98255,9628.336,604.082,2715.1316,3750.5146,0
148800.3,1,2,2,44.799263,0,0,0,0,0,0,190121.56,215454.78,163727.81,310244.22,146179.7,143729.83,17040.975,-7359.1396,17122.953,-754.23395,14267.13,-20099.39,0
115034.53,2,2,1,44.309444,0,0,0,0,0,0,-22672.469,22773.844,40332.715,3342.3904,3398.8755,6512.6855,-4118.8896,3394.8293,5303.0376,-3354.733,-2200.786,6948.6294,0
110498.195,2,2,2,43.905914,2,-2,-2,2,-1,0,-26990.484,5437.0176,25283.137,1646.9333,6574.4614,10323.0625,-4340.009,2702.814,5100.006,1156.5757,315.45398,6017.9067,0
143523.97,2,1,2,29.740788,1,-2,-2,2,-2,0,-9624.207,22424.023,24669.18,6862.4297,3101.442,5752.3047,-3687.3064,2953.7754,5841.658,-2959.3447,1856.9645,5804.081,0
126883.95,2,1,1,45.199135,1,-2,-2,2,-2,0,-13618.789,29822.725,29665.809,3535.0388,2880.4302,6990.967,-3787.0857,4507.281,5343.3535,-2379.5928,1221.0568,5765.1,0
103679.52,1,2,1,37.105537,2,-2,-1,0,-1,2,-10689.254,8452.893,10063.55,13539.582,14153.661,3721.0078,2864.0955,1341.3854,7910.006,-845.53033,2894.066,567.45105,0
100821.11,1,2,2,24.650827,0,0,-1,0,-1,0,-18403.727,56008.164,21544.318,3801.1443,14509.763,4978.414,2228.4592,919.91785,7103.185,-2132.9233,1160.765,5136.1904,0
119082.516,2,2,1,44.058014,0,0,0,0,0,0,133732.45,148299.52,120817.98,121685.59,5535.094,4292.422,1276.4498,1200.0277,8850.282,-1607.5952,1730.431,6860.91,0
105737.51,2,2,2,43.523785,2,2,-1,0,-1,0,-28101.312,3115.8767,20121.617,1216.0427,11812.169,6647.1367,-3391.867,2743.0823,5725.359,-3309.3726,214.08437,4099.1006,0
143706.69,1,2,1,33.574734,1,2,0,0,0,0,175961.55,172451.1,127184.53,4310.328,18319.74,10062.643,-441.743,1076.7987,7014.6885,-807.9371,1204.5643,5982.0312,0
137074.6,1,2,1,44.59033,0,2,-2,2,-2,0,-34888.67,17494.902,31143.422,-8269.4375,11171.796,39562.68,-7623.046,4569.127,4050.0535,213.50557,28812.014,-21994.621,0
112616.41,1,3,2,44.409023,1,-2,-2,0,0,0,-21772.96,3669.119,24191.814,5056.0273,13976.151,6614.244,-2688.6482,1723.6381,6382.772,-3485.5078,2575.4602,3624.2922,0
94517.734,1,2,1,44.47377,2,-2,0,0,0,0,-27819.875,118975.14,77511.78,37619.797,96525.88,59734.945,40418.27,-799.71204,8718.097,-845.89557,5183.639,591.9723,0
98624.61,2,1,2,25.020079,2,-2,-2,2,-2,0,-23261.805,12595.002,16228.774,1523.0115,15139.1455,8737.959,-2849.5676,3297.4048,4896.797,-5859.7085,1664.88,3330.9912,0
90325.54,2,2,1,24.301216,2,-2,-2,0,0,0,-27693.117,832.30646,15337.991,4305.6914,22845.527,8506.846,1339.7269,1628.3597,7048.985,-4881.935,1621.5768,1831.3817,0
124447.07,2,1,2,25.22881,1,2,2,0,0,0,101604.336,141908.39,115634.06,114450.95,106668.99,87599.73,255.89566,477.66736,9447.362,656.142,3855.2798,428.4552,0
106258.86,1,2,2,26.072927,1,-2,-2,0,0,0,-27250.852,2106.8064,22601.662,3506.3865,23598.748,7081.7773,-804.1009,1673.3864,6100.278,-3378.3623,1564.5746,3543.7075,0
104474.305,1,2,2,29.236908,2,-2,-2,0,-1,0,-25982.031,-908.7795,10181.9795,4585.4766,20853.234,6913.5,1441.4203,723.1908,7369.9463,-2013.0142,1283.5431,2264.6462,0
106561.94,1,2,1,45.05223,1,-2,0,0,0,0,-28739.21,120595.6,61371.137,10814.768,34828.547,13875.432,36662.516,843.81335,8248.524,-1165.7349,2186.8235,900.73083,0
142739.92,2,1,2,29.796556,1,-2,-2,2,-2,0,-12163.25,19209.531,24721.37,6212.0586,4613.2505,6106.6934,-3654.655,3216.954,5789.2256,-3372.0952,1850.6688,5472.264,0
124247.96,1,1,2,44.13141,1,-2,-2,2,-2,0,-18220.805,21660.664,30005.033,1148.9998,4585.2505,7242.8105,-3962.5144,3937.6826,5248.8755,-1033.9956,1094.5526,2510.1504,0
83483.25,1,1,2,25.77446,2,2,-2,0,-1,0,-20626.148,1230.9471,10242.237,6993.965,21485.488,6188.549,-1764.3827,1559.4923,5967.3486,-2336.3008,2481.836,2767.598,0
119331.56,2,2,2,44.638443,0,0,0,2,2,0,6741.625,126763.88,82561.34,14343.764,60287.723,41797.383,-3737.6912,1552.0079,6841.6406,-3819.0415,-526.0399,1440.6141,0
135495.97,1,2,2,28.348616,1,-2,-2,2,-2,0,-20357.188,7791.6855,23972.973,4442.6367,9407.653,5894.801,-2806.2874,2600.4104,5835.2207,-3628.8984,1686.786,4839.106,0
97919.39,1,1,2,27.795511,1,-2,-2,0,-1,0,-20384.312,8524.615,18449.688,5308.914,11500.466,5966.535,-1033.7968,1379.2294,6231.785,-2518.734,2063.053,4679.908,0
110676.805,2,2,1,45.004894,0,0,-1,0,0,0,-25355.008,5368.1035,32658.338,2651.7458,6414.844,7133.74,-3740.6404,2704.516,8306.196,-3789.0806,-498.06775,5729.278,0
91640.33,1,3,2,28.093822,0,0,0,0,-1,2,-4418.953,52047.426,35030.79,14590.443,15328.22,3834.5156,2612.6797,553.93494,7861.4995,416.3415,3749.9043,4134.5713,0
102906.92,1,3,1,45.323765,2,-2,-1,0,-1,0,-17685.11,4555.33,19776.664,5725.742,11139.47,5190.8945,-1786.2362,1836.8124,6596.1475,-2236.5225,2002.8976,4407.16,0
95721.4,1,1,2,29.101538,1,-2,-2,0,0,0,-23909.281,3338.2751,24308.521,3672.3826,24975.262,15594.068,-2732.321,2034.9254,7002.9307,-3710.1738,2974.1304,749.53284,0
111406.45,1,1,2,44.83676,2,2,-2,0,-1,0,-22637.547,3287.9001,22283.205,2657.07,9333.433,6588.3887,-4300.791,2123.1719,6442.637,-2291.9053,1356.9288,4894.771,0
108615.23,2,3,1,44.87346,0,0,-1,0,0,0,-17669.688,35866.098,32277.656,4339.1016,8932.163,8718.99,-2204.2175,3258.9094,6339.4233,-2248.541,779.4332,5616.9185,0
128287.58,1,1,1,29.618597,1,2,0,0,0,0,-13779.488,65309.133,31264.223,3455.2302,13544.786,9747.803,-3880.3748,3603.4692,6189.9243,-2476.252,1444.37,3672.8142,0
112575.88,1,1,2,24.16756,0,0,0,2,0,0,-16960.094,65929.85,36720.684,1142.363,40363.63,21110.3,-3773.3572,1423.2584,5612.2324,-2745.1484,255.01308,2462.345,0
117345.58,2,3,1,44.863758,0,0,0,2,0,0,-24586.273,51277.64,41966.746,-1278.1721,16183.581,14910.111,-5170.8076,3532.1843,4845.494,-3443.0151,-696.5121,4139.713,0
107580.164,2,1,2,24.27695,0,0,-1,0,0,0,-21857.023,20564.924,28335.434,3910.1404,16356.856,10469.66,-1438.7845,1925.6796,5850.569,-4107.57,1116.2448,4521.9526,0
105329.08,1,3,2,24.568985,2,0,0,0,0,0,-24614.875,32335.422,27115.83,2952.9333,32502.84,14410.004,1139.1022,2154.2146,5671.1543,-4800.8823,1065.4,2256.5188,0
108313.99,2,2,1,37.297966,1,2,0,0,0,0,47623.24,124528.164,92724.87,45023.434,78951.66,53365.426,-2620.3606,2267.8625,7754.5986,85.82759,1460.1097,2474.424,0
125950.875,2,1,2,30.096136,0,2,-2,0,0,0,-21094.828,23652.25,33130.57,1647.9724,1365.4811,18306.057,-4832.5225,4029.8809,5357.734,-1480.0312,11005.163,-23442.732,0
136751.48,1,2,2,34.37176,1,-2,-2,2,-2,0,-23854.61,5575.51,27253.244,2550.035,4918.473,6524.4824,-4213.246,2520.3965,5531.0913,-3741.3022,778.4132,4763.9014,0
131344.06,1,1,2,33.76049,1,-2,-2,0,-1,0,-16585.71,896.8299,19549.219,8311.055,8643.423,4811.7383,-1644.9681,611.73425,7807.3896,-1565.877,2507.8997,5357.98,0
111428.46,1,3,1,27.563644,0,0,0,2,0,0,-24730.781,52424.86,34592.062,-968.176,24824.729,11997.248,-4352.7617,3218.5283,5085.311,-3714.955,-59.64293,-2285.3223,0
103551.734,2,1,2,24.347958,0,0,-1,2,-2,0,-17683.508,78590.7,20021.328,1448.1013,14944.542,8109.492,-2484.841,2226.7344,5352.8833,-5120.191,1184.9762,4059.4302,0
116493.89,1,2,2,36.367245,0,0,0,0,2,0,-22102.43,16529.379,31253.15,6627.172,9497.079,10286.266,-3670.238,2292.1716,6113.7017,-3473.2578,-980.0619,5697.8413,0
119936.94,2,2,1,32.323208,2,2,-1,2,-1,0,-25408.164,18725.322,24476.773,1655.449,9065.015,6428.2754,-3469.9783,3823.3,5150.207,-2470.6807,378.0963,4773.7954,0
103367.35,2,3,3,45.401634,2,-2,-2,0,-1,0,-18376.57,11244.221,26754.271,3228.238,6668.223,7176.211,-3842.241,2737.493,5807.128,-1934.1323,2071.9685,2759.6797,0
120833.68,1,1,1,45.452366,2,-2,-1,0,-1,0,-15010.086,6302.4277,19775.88,6294.6875,8366.194,5004.9766,-2366.7551,1818.6913,6308.9844,-325.8233,2063.6125,5544.456,0
111446.61,2,3,1,45.40902,0,0,-1,0,0,0,-17247.484,34531.496,34388.906,3415.363,8141.7563,10375.539,-2833.2126,3217.7673,6036.6973,-767.5972,541.9352,6495.228,0
107276.89,1,1,2,24.284817,0,0,-1,0,0,0,-20545.39,52791.402,27096.02,3406.6208,29346.477,14764.625,72.49528,1466.618,6974.38,-3068.125,1705.8448,3585.1477,0
100994.664,1,2,2,31.327713,0,0,2,0,0,2,-17786.96,57404.96,24762.498,4740.3867,39302.836,17030.11,2664.9668,585.4042,8332.229,269.40326,1493.1876,2371.2285,0
107089.43,2,2,2,42.456757,1,-2,-2,2,-2,0,-24023.242,20733.299,29100.756,9.093512,2742.2231,7779.457,-4469.8926,4042.2874,4830.7,-4998.5444,-62.359726,5690.517,0
118747.266,2,2,2,26.440374,1,-2,-2,2,-2,0,-22981.336,6304.8574,25767.514,3941.574,10944.013,6859.408,-2862.698,3036.1091,5629.88,-4290.1675,1230.4357,4448.368,0
113865.414,2,2,2,34.398155,1,2,2,0,0,0,93508.96,141772.1,115220.35,55610.656,79161.12,47374.07,628.4831,1240.5975,8259.123,-627.4859,1596.7767,2993.061,0
120505.59,1,2,1,44.109592,2,-2,-1,0,-1,0,-19033.555,3463.869,18266.809,6606.707,9064.001,4560.8203,-1015.1785,1737.2042,6560.4897,-1944.5562,1499.0961,4407.718,0
123534.73,1,2,1,34.804417,1,2,-1,0,0,0,-18338.367,88114.945,35205.254,994.781,35307.996,18548.492,161.0275,2955.91,6404.1846,-2525.6904,1395.9474,2727.5305,0
107414.06,2,2,1,32.079746,1,2,0,0,0,0,60718.18,126766.98,98141.6,46699.61,80592.83,55821.027,-2304.7307,2061.648,7749.8384,275.56317,1702.7206,2098.8933,0
118482.07,2,3,2,44.991146,2,0,0,0,0,0,-23197.188,53782.184,41759.902,-409.37915,14345.04,14649.291,-5409.782,3939.8755,5240.313,-4690.844,-1178.8217,4524.6587,0
111154.01,2,1,2,40.10152,1,2,0,0,0,0,20257.523,124558.164,73610.586,17174.457,61176.824,38775.61,-4314.3896,2675.4478,6721.071,-1277.6714,1548.6552,2858.9373,0
103594.625,1,1,2,27.561684,2,-2,-1,0,0,0,-28972.04,13774.85,16234.345,-2668.0823,15321.772,8017.865,-83.98763,3167.6123,5101.751,-5774.932,620.4945,-3483.523,0
91171.63,2,2,1,25.776758,0,0,0,0,0,2,18102.406,108943.29,36212.117,16536.334,53033.664,24290.031,6154.4097,-647.24524,9484.633,-2545.92,3595.8499,3885.0632,0
112689.77,2,2,2,27.062384,0,0,0,2,2,2,106115.04,127961.38,103178.0,35429.34,84728.63,49617.84,2403.58,-1470.0758,6841.8535,2051.918,2420.7915,4295.0435,0
103129.24,1,2,1,24.465221,0,0,0,0,0,0,-17443.906,51189.594,30156.213,7863.492,28072.814,5468.1094,-283.35287,1898.2382,6329.75,-3230.253,1000.00476,4647.6943,0
140699.81,2,1,1,40.79905,1,-2,-2,0,-1,0,-7557.828,11228.818,21495.922,12562.082,3846.6216,3559.914,-1837.7543,1300.9564,8364.798,1898.6423,2159.0225,6412.0996,0
109834.42,1,2,1,45.534695,0,0,0,0,0,0,13740.07,124099.66,71695.73,13813.154,20166.598,12592.693,-1239.1136,1744.7687,7326.934,-1098.2251,796.0665,5570.1504,0
118820.625,1,2,2,44.772377,2,-2,0,0,0,0,-30897.633,36910.21,27895.56,-1685.4612,14453.8,8687.904,4978.637,1887.225,8926.882,-4814.353,-664.41003,4140.1265,0
91811.86,1,2,2,24.969334,2,-2,-2,2,-2,0,-27137.82,940.61115,11948.007,1852.6052,17299.57,6287.0938,-2314.5579,2640.4397,5098.138,-5245.8237,1024.2015,2857.868,0
104867.836,1,1,2,28.71729,1,-2,-2,2,-2,0,-23765.242,22722.68,21028.35,-420.344,10130.065,9044.707,-2912.911,3389.6736,5049.443,-5641.102,1593.5023,3574.8838,0
118470.24,2,1,1,44.91525,0,0,0,2,2,2,94593.29,138042.23,54322.855,5056.8438,43263.71,25719.738,-2215.988,959.246,6075.5137,1329.6396,438.3241,3556.701,0
110361.24,1,2,1,42.941795,0,0,0,0,0,0,-18868.367,50908.625,37731.496,5602.883,8795.71,5533.961,-2532.425,3132.7014,8345.515,-3180.2812,-489.8202,6520.5654,0
108290.75,2,2,2,24.158747,0,0,-2,2,-1,0,-24127.008,18949.273,23992.752,4575.9883,10426.419,7172.26,-1953.5648,901.7733,5894.825,-201.67778,565.54944,3477.5496,0
94178.95,2,3,2,25.616394,0,0,0,0,2,2,-2584.9294,65745.92,25876.82,12506.545,39385.18,18895.613,1383.2916,570.55164,8785.428,-3280.8057,3250.3484,3865.8398,0
98939.03,1,1,2,25.0227,0,0,-2,2,-2,0,-18552.422,5783.8926,24701.922,4619.785,9338.542,6330.408,-4241.5254,2735.4495,5433.615,-4329.3022,1033.7084,5008.5664,0
135105.7,1,1,1,45.713936,2,-2,-1,0,-1,0,-3839.2185,25695.455,9957.972,9914.266,79502.984,48304.586,-922.0164,-544.55774,6796.8877,31577.816,5037.288,3908.8254,0
152712.28,1,1,1,45.832497,1,-2,-1,0,-1,0,-3776.4685,33075.6,23787.273,6753.3555,-3897.2612,3958.375,-2940.9343,1055.6615,8152.29,954.59,799.7411,2239.7598,0
125005.68,2,2,2,42.331512,1,-2,-2,2,-2,0,-26806.11,7590.252,32634.805,464.031,2779.3013,11148.201,-5034.8105,2995.8074,4976.977,-4317.236,4491.219,5696.7656,0
106463.33,2,2,2,24.098688,1,2,0,0,0,0,-16533.547,59942.324,35183.035,1099.2927,26470.166,15883.93,-3924.0261,2876.7676,5678.5625,-2695.1934,112.20082,3352.0044,0
96734.78,2,2,1,43.596607,2,-2,-1,0,-1,0,-20169.68,7106.506,18616.412,7940.8594,11383.19,5428.301,-56.617516,2257.6367,6331.0938,-974.1734,1353.2587,3330.9783,0
115658.71,2,2,1,43.67853,2,-2,-2,2,-1,0,-26313.438,16803.732,25422.842,1390.2458,8208.194,7209.084,-266.24887,2383.8767,5275.7026,-2794.1602,137.71889,3988.1138,0
154127.53,2,1,1,43.052372,1,-2,-2,2,-2,0,3596.3792,35173.195,41735.992,2114.7615,-4124.902,13139.576,-6209.166,6731.781,5206.314,-5987.029,-3873.0925,-44318.83,0
142918.31,2,2,2,43.927517,0,2,-1,2,-2,0,-22088.938,25609.648,29711.377,-1981.301,912.1647,6616.627,-5716.3535,4760.307,4536.185,-5217.348,-403.19275,5990.2515,0
106477.555,1,2,2,37.51908,0,0,0,0,2,2,14587.793,61352.637,26494.3,9505.469,23017.324,14315.578,-927.7049,924.73376,7694.4185,-1990.6104,550.5831,5635.7603,0
96798.77,1,3,1,33.82969,0,0,0,0,-1,0,-2400.9763,55103.555,20741.955,14097.047,20515.201,10050.705,-493.15756,1455.2921,7033.1587,23473.459,3037.4265,4902.188,0
98872.96,2,3,1,42.749207,0,0,0,0,0,2,-12365.637,18344.357,27618.053,10390.646,12594.577,7034.8887,-1135.3842,2145.3184,8034.3647,-1986.2993,1920.0912,4427.4424,0
107620.02,1,3,2,45.070805,2,-2,-2,0,-1,0,-23620.586,-1506.4708,13673.085,4245.3047,20323.377,7166.199,-2301.1428,693.43445,19368.285,-3092.4546,2042.7465,3001.6433,0
153057.84,2,3,2,37.21155,1,-2,-2,2,-2,0,-1331.9608,35154.695,23885.846,8647.641,-312.9525,4659.1406,-3572.1355,2122.517,6687.9937,-1608.6138,1708.8043,6459.99,0
122545.914,1,2,2,44.560112,0,0,0,2,0,0,-29278.102,43195.523,41993.254,-3156.3752,19547.33,17193.896,-6156.916,2376.9482,5163.2686,-3480.0498,-2454.4626,5166.4175,0
107898.21,1,1,2,32.322643,0,0,-1,0,0,0,-22639.25,39302.695,29835.73,1998.9294,19616.426,13655.156,-2483.8577,2056.117,6389.3687,-3381.7573,603.3109,4972.9,0
126249.89,1,2,1,45.38536,2,-2,-1,0,-1,0,-17601.898,4721.045,20355.465,6260.461,7863.3286,4482.785,-1046.5233,1567.0751,6337.9478,-544.1778,1305.7399,5794.687,0
88499.54,1,2,2,26.477827,2,-2,-2,0,-1,0,-25684.695,-2019.3185,10011.573,5081.5625,21419.842,6266.7305,877.5749,662.1,6504.3813,-3317.4868,1461.6937,2857.8645,0
104437.414,2,1,2,24.799757,0,0,0,0,0,2,-17673.234,7138.7246,25771.043,9678.4375,20054.549,9265.484,-645.4095,771.6991,7185.3247,-1761.4761,2161.726,3097.071,0
135924.53,1,1,2,27.332123,0,0,2,2,2,2,47401.754,119507.945,78203.14,24437.611,74851.18,27986.904,2090.0598,-1634.672,7392.204,-2715.3276,3427.4897,4658.806,0
88223.71,2,3,2,25.172659,2,-2,-1,0,-1,0,-17848.797,5813.838,9442.3,8017.043,21040.904,5696.918,1815.9056,1451.36,6813.8076,-3943.8203,3438.69,2731.985,0
101920.875,2,1,2,36.70131,1,-2,-2,0,0,0,-23057.727,3273.8376,25027.676,4459.328,10409.774,8224.676,-3833.0906,2252.114,6782.9556,-3355.289,1561.1132,2305.9482,0
101454.95,2,2,1,45.0015,2,-2,-1,0,-1,0,-19510.445,2392.9822,22541.662,5665.84,8558.833,6282.375,-1813.764,2055.874,7029.0474,-1929.9526,1043.3839,5447.918,0
103526.88,2,2,2,25.057686,0,0,0,0,2,2,-12308.277,53256.14,26041.217,10128.641,34796.33,17867.955,616.9777,1001.27405,9020.013,-1584.314,1072.4415,1863.7526,0
116762.125,1,2,3,24.189068,0,0,0,0,0,0,-26583.54,3055.0212,31822.402,3573.699,10946.669,8347.504,-3984.2058,1915.2347,6034.515,-3908.65,74.384415,4999.3696,0
112465.09,1,2,1,38.861286,0,0,0,0,0,0,-22077.773,22380.566,33065.367,6150.2656,11188.198,13628.105,-2908.383,2545.4766,6409.8423,-2828.624,-260.74597,5222.658,0
126244.21,2,2,1,45.141724,1,-2,-2,0,0,0,-21711.125,166.46661,31677.36,6204.371,12055.706,8253.016,-2728.3997,2262.3464,11508.437,-2611.8613,1337.3231,3991.8533,0
103679.29,2,3,1,45.135468,2,-2,-2,2,-2,0,-17822.695,13984.42,26462.363,2006.1208,6990.4224,7384.7266,-4478.8096,4179.0625,4802.8823,-4686.93,549.20935,4859.582,0
98246.64,2,2,2,24.77907,2,-2,-1,0,-1,0,-25060.664,-169.0412,12200.187,5681.289,21028.996,7517.9062,1714.8861,780.7611,7258.8027,-2086.9287,1950.0502,3286.7202,0
104179.17,2,2,1,43.835876,0,0,0,0,0,0,13882.773,119796.38,68427.92,91839.09,13164.103,8543.67,-179.40463,1787.4254,7908.543,-1842.8076,1475.8224,5471.4453,0
124805.41,1,2,2,37.630196,1,2,0,0,0,0,137848.33,159756.67,123951.836,148394.98,106537.6,100216.37,-4471.458,293.45056,12802.777,1684.3337,4081.5447,-4012.8398,0
119897.836,1,1,1,45.030155,2,-2,-1,0,-1,0,-15612.82,6863.83,18448.809,6634.074,8896.86,4892.047,-1867.5565,1855.7648,6962.1675,-1967.9521,2133.0806,5069.6245,0
100990.39,2,2,2,24.190416,1,2,2,0,0,0,-2449.902,119981.14,39645.957,7023.5117,66867.766,37357.42,792.62616,1587.1393,16153.172,145.57149,1843.2286,-263.3319,0
103971.664,2,1,2,24.814215,1,2,2,0,0,0,28931.219,119655.57,66729.516,5455.9297,47080.934,18548.035,536.41376,2091.2751,8135.2466,-2726.12,2539.3179,2119.855,0
135015.9,2,1,2,42.142963,1,-2,-1,0,-1,0,-13580.344,7229.1035,23245.607,7714.746,3208.4185,5396.8047,-2741.7517,1389.9911,6692.1836,-1256.9009,2318.9941,6168.148,0
115680.61,2,1,2,41.106968,1,-2,-2,2,-2,0,-18780.492,24972.387,27493.822,1203.7732,2783.7075,8142.088,-4827.915,4161.554,5008.44,-5219.553,905.6239,5526.891,0
94282.62,1,2,2,24.658464,0,0,2,0,0,0,25747.77,118364.57,108426.2,13736.387,34156.984,12672.771,4733.7617,-300.82532,8634.017,-1448.6167,3203.461,3546.769,0
122884.05,2,3,2,26.908684,1,-2,-2,2,-2,0,-16331.031,13816.838,23516.334,5096.789,12097.054,6747.0625,-2590.5056,3229.4902,5663.7227,-4081.0513,2779.2827,3868.5618,0
135430.36,2,1,1,45.809982,1,-2,-1,0,-1,0,-5892.2656,22784.457,22124.5,10403.949,3017.3325,4791.043,-1562.785,1845.6029,7558.271,-918.0806,2375.5737,6398.1895,0
97179.55,1,1,2,24.65269,-2,-2,-2,2,-2,0,-24234.492,2454.2712,12897.132,4062.5115,20332.54,6984.707,-1723.9994,2058.0593,6078.282,-4263.6245,1988.2323,2707.2861,0
120415.23,1,1,2,38.853504,2,2,-1,0,-1,0,-25445.688,6338.7285,16617.576,871.55054,11859.884,6984.3438,-3610.2537,2176.451,11023.369,-4224.5044,1503.7235,4185.6675,0
111691.195,1,2,2,45.053566,2,-2,-2,0,-1,0,-21118.04,-817.06854,19825.242,4813.543,19256.422,6068.199,-2372.6594,1333.3773,6346.7407,5203.747,767.02405,5274.89,0
119403.71,2,3,2,44.900352,0,0,-1,2,0,0,-22371.695,85791.89,49069.64,-3651.512,30500.385,23738.441,-4536.198,2250.1345,5171.3286,-3296.5771,-842.5565,5066.3013,0
103665.6,1,1,2,35.014416,0,0,2,0,0,2,120286.86,142170.53,117483.38,129442.24,115095.88,89665.17,8754.524,-3311.2395,11271.911,5018.6772,5761.9243,4183.2866,0
108836.58,1,2,1,45.210342,0,0,0,0,0,0,-11051.84,88973.09,48056.11,4775.867,6253.223,5031.965,-1682.8861,2482.01,6651.8057,-1533.0752,103.04945,6472.3022,0
119156.805,2,1,2,44.646294,1,2,0,0,0,0,122888.48,149318.11,118378.84,111392.02,94601.84,73686.46,-4849.959,1532.6686,9254.399,107.15816,2109.689,2519.992,0
90246.55,1,1,2,26.48495,2,-2,-2,0,-1,0,-24009.125,1981.9354,11053.269,4613.422,19201.324,6793.8555,111.07975,1023.9967,6051.8545,-2942.0894,1972.3253,1342.5746,0
105419.33,2,2,2,43.942017,2,2,-2,0,0,0,-27780.117,1501.205,24202.889,2013.9021,12054.185,7507.748,-4879.0957,2796.9434,5774.358,-4652.474,-261.97302,4022.6548,0
88953.53,2,2,1,29.815798,1,-2,-1,0,-1,0,-19043.21,174.97443,19321.25,11288.951,15172.942,4884.367,343.36783,1426.9213,9238.661,-134.28178,2334.3674,3837.9734,0
111115.266,2,2,2,23.927212,0,0,0,2,0,0,-10397.559,123173.02,38044.812,4353.4062,30440.191,13688.707,-1387.788,274.43982,6136.853,-3394.414,290.66907,2774.984,0
139987.12,2,2,1,45.17308,2,2,-1,0,-1,0,-10798.844,16726.7,23922.635,8981.773,2727.8677,3343.3242,-2267.1228,3012.804,6285.8813,-362.02496,375.69446,6443.7793,0
107527.3,2,2,1,45.122417,2,-2,-2,0,-1,0,-22456.734,8198.779,24447.553,4037.7693,7300.5044,5632.7305,-979.72345,2468.8567,7939.3325,-1218.8608,-147.35045,1748.9059,0
125518.78,2,2,1,42.41611,1,-2,-1,0,-1,0,-16649.367,7832.83,26252.682,7996.84,4542.9106,6665.783,-1833.5018,2139.624,6564.108,2949.1282,4278.168,3013.3171,0
106350.45,2,2,2,24.459766,1,-2,-2,2,2,0,-32812.586,84556.18,35415.39,2661.3865,59375.066,29857.967,20289.496,245.79381,7136.0205,-4965.563,968.629,-348.03308,0
93661.42,2,2,2,30.519485,2,-2,-2,0,-1,0,-24621.07,-1352.6583,14369.392,5169.16,16166.774,6517.9297,-682.9466,1227.1095,6373.046,-2720.312,1125.8451,3466.804,0
95001.836,1,1,2,43.286633,2,-2,-1,0,-1,2,-14530.781,2892.8416,10906.542,10126.922,16421.168,5501.7383,677.2209,303.42615,6794.7593,-1012.898,3429.7363,3523.7693,0
156822.08,2,1,1,45.657394,1,-2,-2,2,-1,0,-857.54675,43696.82,33561.883,3570.6677,-7693.0776,5270.0,-4136.926,2489.9678,7176.6064,2755.7869,719.8439,4623.2646,0
113067.164,1,1,2,24.174301,0,0,0,2,0,0,-29269.102,6842.9043,24697.451,864.4802,17502.344,8982.4375,-4632.2246,1463.6459,5351.7314,-3000.4556,5.5050197,2882.368,0
105071.016,2,2,2,42.171795,1,-2,-2,0,-1,0,-22509.203,41.18146,24663.572,5499.8203,6821.4185,5780.25,-2349.283,1688.7557,10702.634,-1306.0933,753.8627,3903.6692,0
115730.016,1,2,2,24.432842,0,0,0,0,0,0,-25537.93,16084.701,31064.607,3689.6091,13256.435,7417.9395,-2646.1418,1413.1122,6214.73,-3373.1602,-172.32018,5132.8687,0
105323.13,2,2,1,44.62025,2,-2,-1,0,-1,0,-14681.906,14562.752,19951.541,7907.508,6601.4927,4501.4297,-111.39388,2484.7148,6173.2373,-1683.1206,693.3031,5551.6113,0
139917.55,1,2,2,37.058006,1,-2,-2,2,-1,0,-20763.203,7482.326,27566.766,4568.4805,1782.1959,4955.34,-3190.7585,1875.5802,7825.603,-487.77545,423.68152,6621.833,0
130874.32,2,1,1,45.317345,0,0,0,2,-1,0,99975.164,132945.27,113918.695,116633.78,108088.84,83575.375,411.28043,-1009.6427,17040.99,312.06122,3068.9072,5299.75,0
99061.59,2,3,1,44.920765,1,-2,-1,0,-1,0,-16464.04,14664.318,23317.605,6141.578,7258.231,5049.5195,-1752.7216,2491.4792,6643.641,-1598.6196,2162.6738,5272.515,0
109476.71,1,2,1,38.82681,0,0,0,0,0,0,-21476.492,24192.2,33216.367,6135.465,10764.503,9350.244,-2894.9456,2643.7678,5946.073,-2697.878,-256.95642,5687.5415,0
132371.72,2,2,2,43.35822,1,-2,-2,2,-1,0,-17737.219,14866.811,29441.342,6462.715,7352.227,8873.725,-3632.5076,2666.7222,8684.347,4966.7856,646.1068,6458.1904,0
125125.695,1,2,1,44.54018,2,-2,-1,0,-1,0,-17995.922,3848.2166,18114.482,6955.043,8677.489,4358.879,-994.84503,1620.4913,6634.562,-1676.7051,1604.8619,5280.778,0
129097.71,1,2,1,40.038994,1,-2,-1,0,-1,0,-18483.195,9126.279,20262.564,7426.8555,6238.7583,4515.6562,-250.09702,1574.3942,6797.783,-1625.4136,1974.1095,5839.793,0
113417.49,1,2,2,34.943474,1,2,0,0,0,0,77800.59,132322.22,103871.52,49023.887,82893.66,54781.99,-3122.9626,1138.0211,8041.374,236.03389,1497.7985,2210.7485,0
133516.66,1,1,1,44.808247,0,0,-1,2,-2,0,-19527.422,40771.473,31777.082,-337.12524,5175.512,8370.607,-2601.3113,3529.1992,5058.05,-471.69244,624.8988,3263.131,0
123081.84,2,2,2,39.305176,1,-2,-2,2,-2,0,-20974.266,16284.361,29010.428,2929.2302,3980.102,6531.035,-2911.1355,3575.0874,5405.8657,-4032.8013,377.81067,4989.7197,0
135795.25,2,3,1,45.673786,1,-2,-1,0,-1,0,-8560.527,12406.709,22652.07,10746.945,5770.5786,4111.2344,-1683.2645,1515.8815,8229.641,1048.906,3272.7854,5883.347,0
136179.78,1,2,1,44.019093,2,-2,-1,0,2,0,-17454.688,5045.5566,22297.947,6396.0547,5622.2974,5693.4688,-2738.8035,1896.3561,7976.9746,-3049.2607,902.515,5495.031,0
104230.96,1,1,2,32.5589,2,0,-2,0,0,0,-23131.766,16180.986,26461.64,2861.527,8830.981,8282.715,-4335.997,2897.912,5408.416,-3442.5044,184.4767,2413.0676,0
98049.33,2,3,1,43.35501,2,2,0,0,0,0,-23332.555,13911.748,25849.498,2505.8982,14375.044,9461.24,-4349.5107,4109.8096,5328.488,-3353.1948,1122.3917,2989.9248,0
108424.45,2,2,2,24.101341,1,-2,-2,2,-2,0,-30181.742,9437.842,23162.125,-425.5432,12885.032,11198.807,-4249.0273,2805.208,5015.915,-841.0704,2403.5437,4380.238,0
89291.66,1,3,2,33.66133,2,-2,-2,0,-2,0,-19662.125,6706.8887,9258.483,4210.3047,19840.48,6870.051,-1237.203,2389.649,5562.69,-4787.1733,3053.8186,2587.6523,0
94342.75,2,2,2,24.9655,2,-2,-2,0,0,0,-27529.39,66.087715,13574.843,4538.379,23352.338,7881.508,-598.0003,1365.0289,6107.6807,-4931.8022,1296.6176,2323.6248,0
106142.59,2,3,1,42.945038,0,0,-1,0,0,0,-14433.59,71158.234,34717.305,4413.758,18097.094,12019.025,-1041.7333,3069.8525,6317.8223,-2208.4526,1394.2299,5299.539,0
145402.98,2,2,1,45.49008,2,-2,-1,0,0,2,-4384.1133,8284.275,16595.697,13037.557,6805.5825,4478.6953,-784.491,622.42175,9531.339,-1672.7095,2578.7356,5694.8735,0
131960.53,1,2,2,45.363342,1,-2,-2,0,-1,0,-20943.125,6326.674,26610.521,3573.3943,3307.2466,5265.4297,-2361.7869,1392.9406,6567.7637,-749.37115,827.26526,6039.7866,0
94443.98,2,3,1,31.559608,1,-2,-2,0,-1,0,-17902.969,3649.029,19859.584,10235.418,17763.635,5144.59,-446.51743,1911.2635,11331.65,4247.853,3882.6367,3194.2073,0
96595.086,1,1,2,38.45049,2,-2,-2,2,-2,0,-21837.57,10894.686,18963.848,971.05054,9721.44,7663.701,-4333.924,3446.6208,4910.8257,-5332.557,1085.0038,4204.8247,0
104718.5,2,1,2,27.465923,1,2,0,0,0,2,-25590.234,10948.705,27712.223,1101.699,15651.839,11018.475,-4911.539,3303.7307,6118.582,-1391.8271,369.3053,-21452.121,0
124107.65,1,2,2,43.41194,0,0,0,2,0,0,-22817.578,71967.35,37645.914,-1527.2073,10347.169,11217.316,-4921.702,1903.9803,5231.2466,-3019.894,-1610.8334,5184.708,0
92579.086,2,2,2,27.285868,2,-2,-1,0,-1,0,-25294.96,465.86115,12504.425,5313.3945,18687.84,6624.8438,1803.4948,954.6771,6378.8467,-3912.1455,1201.8417,3528.678,0
116099.6,2,1,2,32.10436,1,2,0,0,0,0,127679.086,150981.69,119631.836,129360.82,106161.31,85506.97,-4125.742,1008.56555,9683.444,1114.9324,2858.636,1460.1464,0
114098.25,2,2,1,44.51018,0,0,0,0,0,0,14775.551,128038.17,76523.445,3713.2341,-2236.2925,6506.875,-4310.5225,4040.3452,5168.6196,-3190.9355,-4004.9949,-24244.615,0
141431.61,2,1,1,45.526184,2,2,-2,-2,-1,2,-8083.203,23548.215,25643.629,10044.211,4108.145,5015.703,-3233.1003,4191.2905,6155.842,-2407.4766,1095.9674,5724.636,0
103470.06,1,2,2,42.62223,2,-2,-2,0,-1,0,-24787.82,-237.54901,16534.756,4056.445,11441.308,6048.2188,-1533.8851,1288.1307,6433.3677,-2840.3335,885.525,4193.1406,0
125119.93,1,1,2,43.829254,0,0,0,2,0,0,-29619.352,29519.148,37739.33,-3089.8362,12045.739,14721.0,-5758.08,2354.8035,4945.825,-1624.5459,-1382.7289,5302.818,0
117275.57,1,1,2,42.703552,0,0,0,2,0,0,67406.41,131579.44,70528.89,4917.207,58939.027,33137.64,-4198.9336,1028.6053,5776.8887,-3713.707,-437.66638,3866.9978,0
116008.95,1,2,1,45.301327,0,0,0,0,0,0,-21398.14,44606.984,42541.383,3169.8904,15114.28,14113.256,-3974.3767,2976.6208,5813.826,-2192.7373,-1348.9208,6463.6846,0
101680.484,2,1,2,25.758665,1,-2,-1,0,-1,2,-15695.25,3919.4236,12462.89,11306.406,19913.531,6249.6445,2329.3757,-145.7682,7321.115,-2211.6392,3904.6,3251.49,0
132511.39,2,1,2,24.731998,1,2,0,0,2,0,-16371.852,54369.832,32233.654,4248.668,14198.702,8936.949,-4108.001,3402.3232,7156.0596,-4476.7124,961.64954,3367.814,0
99680.484,2,1,2,28.304035,1,-2,-2,2,-2,0,-22876.031,20571.08,24299.29,447.3396,8518.599,9007.795,-3713.8503,3758.7256,4984.779,-5706.555,1294.5065,4522.767,0
102427.12,1,3,1,32.978424,0,0,0,2,0,0,50297.16,123568.4,83022.61,20158.143,69472.75,35452.87,-772.04474,1409.174,5959.0396,-939.398,2187.116,2317.1143,0
128508.555,2,1,2,30.9623,1,-2,-1,0,-1,0,-15127.125,4323.627,20595.078,8195.832,7182.809,5741.8633,-2058.0237,1091.5529,6896.6255,-1386.8481,2616.1736,5638.653,0
107780.88,1,2,2,39.48416,-2,-2,-2,2,-2,0,-27036.469,1186.5292,17240.275,2601.4177,11794.495,6350.6777,-2889.2112,2428.3896,5423.888,-4129.386,301.79504,4227.8833,0
135727.78,1,2,1,45.338337,2,-2,-1,0,-1,0,-13058.734,8528.572,18974.791,7952.711,5111.7817,3491.414,-1604.4149,1537.703,6483.819,-565.106,1765.0321,6029.414,0
121682.39,1,1,1,44.976288,2,-2,-2,2,-2,0,-16079.867,21201.45,22804.182,2474.4177,7252.5435,6678.797,-3304.5447,3996.0847,5168.1177,-4821.567,1362.0792,4901.0215,0
116978.86,1,3,2,44.95372,2,0,0,0,0,0,-25076.39,37729.465,39032.71,-1036.3792,14582.481,15112.869,-5544.8896,3474.7483,5399.2534,-3681.891,-1044.2987,4002.7488,0
88537.57,1,3,2,26.00862,0,0,0,0,2,2,31392.355,116224.34,47482.637,21088.666,60797.043,26621.63,3119.0579,-273.922,9890.46,109.5522,3528.8767,437.4088,0
129616.016,1,2,1,45.353695,2,-2,-1,0,-1,0,-16930.969,2984.9158,21563.424,6209.4375,6513.5825,4992.9805,-1774.0463,1421.0702,6557.8203,-1375.6782,1113.7289,5798.8135,0
105127.99,2,3,3,44.772392,-2,-2,-2,2,-2,0,-19926.867,16069.596,28836.455,1275.9412,6787.8325,7679.3027,-4239.867,4213.9043,5347.35,-4201.0015,1976.9769,3381.7346,0
97211.37,1,2,2,24.90616,1,-2,-2,0,-1,0,-28301.805,-44.09979,12365.421,4383.6406,18640.4,6882.5234,2532.2354,491.3744,8985.343,-3570.06,1838.7379,2802.1719,0
92345.91,2,1,2,33.9143,1,-2,-2,0,-2,0,-20896.492,13778.24,19772.39,3682.5974,10230.284,7636.6094,-2570.9958,2912.9602,5675.5156,-4823.1626,2121.6304,4333.251,0
141167.47,1,1,1,44.92853,2,-2,-2,2,-2,0,-9768.113,22096.607,22972.797,5109.711,4328.106,5195.375,-3703.3074,3972.9312,5529.8887,-3645.998,1587.7367,4364.9766,0
85705.445,2,2,1,25.062819,0,0,0,0,0,2,22555.969,113807.81,47332.17,16729.94,73636.26,33999.402,7890.614,-737.7921,9367.8,4626.992,3790.1528,1999.6593,0
104167.79,1,1,1,31.116554,0,0,0,0,-1,0,-15409.0625,37103.953,25598.605,8165.25,20856.617,5816.074,-2045.3832,1689.6295,6949.873,8233.995,1347.3939,5828.869,0
111784.96,1,2,1,45.551445,0,0,0,0,0,0,9695.035,123486.97,71843.734,12962.504,19962.012,13253.598,-1562.4076,1772.7264,7623.509,-1323.7852,571.558,5814.468,0
115110.12,1,2,1,45.338753,0,0,0,0,0,0,-20479.21,47408.55,42879.84,3278.156,12060.948,6367.0234,-3838.1375,3077.482,6176.042,-2672.0269,-1450.7494,6807.228,0
88620.5,2,1,2,24.960337,2,-2,-1,0,-1,0,-19623.79,7870.0996,11503.1045,7028.8125,18820.676,6306.2734,2568.5835,1419.035,6336.1025,-4242.521,2686.0903,2956.6257,0
104577.96,1,2,1,43.62247,2,-2,-1,0,-1,0,-24580.852,4146.8574,17697.502,4396.242,13189.7705,6815.8633,566.5964,1892.5756,12015.908,-1154.5049,1403.4669,1451.9623,0
141876.11,2,2,1,43.25505,1,-2,-2,0,-1,0,-13475.348,15174.857,28008.723,7585.8594,-1344.9174,3080.6055,-2847.8962,2900.6514,6668.669,1278.5322,-425.55847,-14932.835,0
103260.41,2,1,2,24.24103,2,0,0,0,0,0,-23403.852,34865.297,33981.227,2426.9724,25269.527,15377.83,-3981.156,2939.132,5385.2593,-4034.4321,57.290176,3280.8828,0
109646.42,2,1,2,43.39931,2,2,-1,0,-1,0,-24300.0,11326.08,21666.322,691.9685,10341.237,7041.59,-2773.965,3131.7844,8325.073,-4649.236,1164.7677,4486.118,0
109800.76,1,1,1,45.22157,2,-2,-1,0,-1,0,-17083.406,4875.787,19523.518,5997.6953,10293.991,5136.207,-2399.0935,1907.1156,7288.2754,199.9421,1730.4056,5156.662,0
109202.81,1,2,1,45.517838,0,0,0,0,0,0,27806.014,124187.04,87219.49,27241.455,21639.982,12884.855,-562.1619,1621.3468,7512.8564,-1218.6421,1060.9557,5160.1895,0
103061.59,1,2,1,45.302937,0,0,0,0,-2,0,14050.254,122876.12,74954.08,12220.805,5482.688,3503.6797,-411.91293,2228.7266,6551.359,-1614.1152,1041.0465,6530.6973,0
112157.91,1,2,1,44.762306,0,0,0,0,0,0,-19896.164,50965.086,40379.453,3761.8591,13453.009,6881.1406,-3198.6277,2953.2056,6154.2593,-2671.9087,-538.40466,6376.289,0
107338.79,1,2,2,30.839905,2,0,0,0,0,0,8932.164,123274.2,55184.453,6928.9453,56210.465,31354.143,-1273.7914,1351.5028,6959.955,-1503.3174,358.61536,2312.3784,0
140322.44,2,1,1,45.285812,1,-2,-2,2,-2,0,-11354.953,43189.527,28942.648,4365.3633,1769.3951,6750.291,-2168.4236,4087.2395,5573.145,-3846.9966,1429.9691,6002.3955,0
101145.46,1,2,1,40.51292,0,0,-1,0,-1,0,-11281.77,9020.314,23469.52,11240.154,3011.0435,3427.9297,-1422.036,1812.2008,6700.39,867.49384,397.68567,6625.6655,0
93390.375,2,3,2,25.344475,2,-2,-2,2,-1,0,-14751.117,10086.814,15265.188,6597.578,22479.44,9119.682,-1805.3285,2242.5479,5413.2173,3177.2983,2579.3828,3392.7344,0
110058.78,1,2,1,43.026367,0,0,0,0,-1,0,-18500.836,14650.084,30823.14,7218.1484,1952.2936,4725.508,-2563.8362,2667.66,6184.642,1033.9053,-716.6395,5752.7466,0
106281.805,2,2,2,24.49905,0,0,0,0,0,0,-21019.742,9482.693,28959.164,5905.25,10509.374,6397.965,-1945.8138,2104.192,5768.875,-3768.564,322.2025,5414.439,0
95623.445,1,2,2,25.208153,2,-2,-2,0,-1,0,-27985.43,-1842.1779,8628.2295,4125.8906,23558.078,11345.479,1556.5629,184.87047,8181.7407,-4067.5776,7830.403,2445.671,0
103237.875,2,1,2,24.437386,1,2,0,0,0,0,-27882.734,7708.8887,26580.113,307.51538,18361.102,12046.775,-4985.3516,3383.1494,7840.21,-5236.5747,291.1549,-79.55946,0
105661.03,1,2,2,25.011366,0,0,0,0,0,2,-17189.898,29809.916,25633.422,7982.2656,28861.03,11857.107,842.0319,307.71912,7374.8057,-845.13336,1591.8602,2353.4587,0
86003.2,2,3,1,25.006063,0,0,0,0,0,2,-4924.465,60443.54,25903.525,13444.436,40613.508,16406.129,2786.115,1012.504,7973.5117,259.4555,3882.0994,3419.2976,0
94784.61,2,1,2,45.213074,2,-2,-2,2,-1,2,-14765.535,11700.217,21208.643,7325.5977,11727.452,8246.3125,-2441.7556,2257.0457,5493.3813,-47.486866,1626.8927,4722.125,0
107989.0,2,2,2,29.32603,0,0,-1,0,0,0,-19941.555,59893.69,29201.873,3748.1013,8227.265,6524.289,-815.6331,2524.1687,6733.7583,-3866.918,33.61586,6043.3496,0
120017.4,2,2,1,43.70375,2,-2,-1,0,-1,0,-16935.54,4625.744,19568.775,7618.879,7632.196,4770.1406,-1249.5516,2086.3994,6430.4556,-2174.854,1338.4935,5484.5605,0
105532.5,2,2,1,44.680893,2,-2,-2,0,-2,0,-24115.773,10983.83,26501.844,1844.1287,8966.341,8871.314,-1365.2977,3130.7058,5308.842,-4710.5796,1192.5763,1004.1688,0
96134.805,1,2,1,29.472137,2,-2,-2,2,-2,0,-21956.96,6072.24,17117.297,3244.695,14737.784,6493.4883,-2327.7659,3385.9382,5173.8115,-4847.4087,1007.32263,3591.5413,0
102626.15,2,1,1,43.845917,2,-2,-1,0,-1,0,-17385.828,5848.6934,19928.924,6707.258,8716.065,5862.1914,-2229.5603,2195.259,6382.721,-2848.67,2095.4956,5170.9043,0
121792.086,1,2,2,44.46704,2,-2,0,0,0,0,-32457.29,19876.758,28191.25,-2752.3596,15937.353,8435.996,-1730.8856,2837.5535,5134.397,-4756.1753,-1550.8065,-4135.4688,0
120867.3,2,2,1,45.10237,2,-2,-1,0,-1,0,-17110.68,5555.33,21402.055,6940.836,7311.4224,4759.926,-1236.9315,2097.5342,6651.1343,-1607.9082,1098.3854,5727.9634,0
89634.555,1,1,2,29.747309,2,-2,-2,2,-2,0,-17549.695,8584.193,16395.693,1033.8982,13172.841,7922.416,-3922.161,3186.2808,4925.439,-5359.988,1332.1007,3644.3767,0
129262.22,1,2,2,44.578922,0,0,0,2,0,0,-29976.68,72161.68,41321.668,-3009.9573,22981.098,15253.088,-226.34506,1498.7885,5345.6694,-3929.2148,-2318.7214,4492.075,0
101777.984,2,1,2,25.067953,0,0,0,0,0,2,-15204.672,29307.557,26131.393,8649.699,27116.498,12983.326,-337.20737,918.9247,6628.1274,-1541.1265,1912.7482,3778.9124,0
99250.48,1,2,1,36.899906,0,0,0,0,2,2,9635.719,34270.242,20603.271,26846.87,71824.64,38053.566,1021.414,225.9232,28017.867,-1700.5205,2890.1953,2439.5789,0
106799.73,2,3,1,45.76648,0,0,0,0,-1,0,-12369.41,27218.998,29963.717,7612.008,2980.692,4250.9023,-2625.5935,2901.433,6572.0796,-1889.5767,817.16833,6479.867,0
105541.734,2,2,1,43.77662,2,-2,-2,0,0,0,-27403.438,-2444.346,18026.43,9289.945,58281.66,7999.6953,-2998.2366,2513.1548,25023.174,-3594.0576,465.91077,-543.7689,0
98101.23,2,1,2,31.635595,2,2,-2,0,2,2,-19583.219,-147.58026,19113.477,8831.3125,25006.748,10806.826,-1555.6952,1559.8998,8022.897,-4578.8755,2516.3464,2649.325,0
115882.18,2,2,2,23.966997,2,0,0,0,0,0,-30481.312,10206.666,26927.404,2918.8748,30715.078,26817.904,-3176.1492,1894.1512,11404.683,-4357.5386,3546.3318,2401.832,0
111377.516,2,2,1,25.407179,0,0,0,2,2,2,56570.637,127595.97,64088.586,6852.8477,40095.277,17241.88,12038.117,-756.88635,6590.1724,-31.004932,1261.4369,26.45226,0
109177.05,1,3,3,45.285606,2,0,-2,0,-1,0,-16099.539,60566.785,33104.348,1920.6482,4122.5903,9035.857,-4922.4453,2960.8223,9247.149,-2355.7368,2438.2014,3718.0586,0
103508.22,2,2,2,24.223791,1,2,0,0,0,0,12126.27,123901.75,37977.477,5394.3164,28934.035,14824.727,-2419.261,1895.401,6736.0693,957.9323,1173.444,3415.2195,0
101323.37,1,2,2,25.5528,-2,-2,-2,2,-2,0,-27543.89,-444.39276,13086.39,3626.867,19801.334,6488.0664,-992.7845,1870.3783,5555.269,-4393.2505,1061.8207,2920.3462,0
115599.76,1,3,1,45.126858,2,-2,-2,0,0,0,-22650.54,2772.369,25964.4,2267.2654,11415.345,7893.336,-3506.0017,2055.4417,5918.304,-3979.4658,1269.5563,4215.809,0
98408.57,1,2,2,24.976238,0,0,0,0,-1,2,-11109.852,29446.87,13150.972,12521.436,22419.352,5306.4062,3654.3618,-1021.525,8566.94,-2104.3838,2886.6245,3711.9016,0
111361.17,2,2,1,45.422256,0,0,0,0,0,0,2921.172,122626.63,75642.14,5684.0938,6634.817,7097.5723,-1786.6776,2107.5388,7692.398,-2174.7812,1080.1659,6955.9043,0
115618.49,2,3,1,43.467808,2,0,0,0,-1,0,-17471.875,27469.812,32945.965,4749.129,3490.688,5313.3594,-3246.3337,4001.241,5822.926,-2392.8013,75.435196,5676.1255,0
101288.336,1,1,2,28.936378,2,0,0,0,0,0,1530.0236,109471.07,48920.2,8052.535,51950.61,28644.652,-2162.7512,1764.8402,6593.5107,-2349.0107,942.9391,2331.8982,0
110493.76,1,3,1,45.450985,0,0,0,0,0,0,-17650.078,37845.504,35704.453,4431.715,11892.132,11242.117,-3569.8435,3107.8489,5671.487,-2419.8125,506.77966,5499.595,0
96021.55,1,2,2,24.599117,0,0,0,0,0,2,-16864.07,27998.71,25031.635,8479.031,34700.242,13786.049,1672.8219,19.509146,7484.6924,-1087.9297,1987.3405,3304.4294,0
106612.914,2,2,1,45.357132,0,0,0,0,-2,0,-13223.242,50459.113,39061.25,7568.9883,2086.0396,4803.91,-2733.4216,4029.665,5744.776,-2745.4688,-1162.4818,7128.515,0
141192.61,1,1,1,38.137924,2,-2,-2,2,-2,0,-7616.797,24742.398,19354.395,7389.3086,4634.813,4904.1445,-3179.7449,3437.179,5863.749,-3284.459,2027.2084,5474.59,0
98280.52,1,3,2,25.004705,2,0,0,0,0,0,3541.0198,99325.17,40017.895,5575.453,22918.732,10853.477,-1407.351,2282.965,5624.575,-3654.1821,1822.6534,2248.0679,0
119955.695,1,1,1,42.981068,1,-2,-2,0,0,0,-20924.055,-1008.8537,17537.229,12424.648,53223.594,22635.043,-1838.4471,1714.2059,24135.723,-2335.519,3107.5552,1994.2635,0
146925.25,1,2,1,41.30521,0,0,0,0,0,0,134500.12,157459.62,134067.7,160968.22,104397.875,89327.97,-3959.777,2218.4885,6847.9004,-5276.0933,-1090.4725,-51805.09,0
110258.71,2,2,1,44.70774,0,-2,-1,0,-1,0,-21502.36,33714.82,29838.688,2831.2146,2920.7817,6632.9375,-219.0726,3818.7412,5084.9365,-2242.2383,-1533.4486,-24044.25,0
83828.47,2,3,2,26.564098,2,-2,-1,0,-1,2,-13247.191,4397.7715,7198.936,11622.117,28288.26,7652.074,3255.18,728.7997,6726.111,2905.9495,4069.4548,198.42247,0
113580.85,1,2,1,42.17945,2,-2,-1,0,-1,0,-20696.36,2905.5212,17262.545,6737.6523,10922.45,5114.0938,65.5402,1579.774,7344.427,-2747.6528,1743.6532,4943.309,0
113376.36,2,1,3,32.324265,1,-2,-1,0,-1,0,-23392.07,12946.201,28947.379,674.99585,7240.9575,9024.494,-3678.2234,2660.9453,7941.32,-4362.018,2051.3909,5115.062,0
127795.12,2,2,1,31.286646,1,-2,-2,0,0,0,-20161.664,9271.338,28716.992,5132.324,7997.858,6904.83,-1683.9598,2555.091,5914.052,-2685.4673,2025.5492,5056.225,0
86346.84,1,3,2,26.052263,0,0,0,0,0,2,32536.701,117771.04,40988.79,16177.371,44875.473,17708.297,3986.447,-772.99915,9077.566,-361.60895,3876.5547,2785.2825,0
93206.36,2,2,1,29.17191,-2,-2,-2,2,-2,0,-24338.93,2109.7673,18715.898,5492.66,14896.868,5738.9297,-1277.9564,2956.8228,5717.758,-4164.1763,818.71106,3811.0776,0
99220.95,1,2,2,24.615456,2,-2,-2,0,0,0,-28704.797,845.2518,18728.314,1684.5154,19432.195,7578.785,-1462.973,2042.035,6065.4746,-4555.651,226.78969,-3916.0273,0
108772.24,1,1,1,45.382896,0,0,-2,2,-2,0,7563.2188,19350.318,34593.93,4912.7734,-1300.6674,5010.5117,-5063.1533,4157.3394,5390.2656,-3075.1553,-1056.7777,7083.448,0
116338.836,2,1,2,39.165977,1,-2,-2,0,-1,0,-13690.258,5249.658,19999.936,9524.246,8448.54,5210.051,-1460.4642,1740.7018,12403.412,-2203.3105,2490.0103,5153.944,0
98633.34,1,1,2,24.979359,-2,-2,-2,2,-2,0,-24699.0,3153.861,13990.608,3283.035,19464.266,7222.8066,-2541.2986,2377.475,5692.202,-1755.0933,1780.652,1880.287,0
97165.91,2,2,2,25.126167,0,0,-1,0,2,2,-9040.855,-3974.8616,19182.227,12768.58,37666.566,17173.127,538.8713,-204.4098,8493.54,-3219.523,2643.0894,4135.5615,0
106846.51,1,1,1,45.785675,0,0,0,0,0,2,118482.72,138865.64,118329.83,118699.99,109233.14,84314.22,1219.4794,-1100.0148,10929.514,4584.958,2964.0334,2324.4946,0
114370.164,2,2,2,39.786335,0,0,0,0,0,0,-21785.594,25350.418,35167.668,4111.332,2379.0786,6416.5547,-3490.364,3114.9185,6211.2563,-3661.4473,-1219.7924,6827.049,0
105761.9,1,1,2,44.93232,2,-2,-2,0,-1,0,-21937.398,3933.5408,20146.492,3360.4958,9817.952,6594.418,-2689.8909,1501.9369,6600.8394,-2376.9219,1444.0543,4503.214,0
140276.36,1,2,2,24.997478,1,-2,-1,0,-1,0,-19356.117,20160.44,18156.936,3822.078,8388.806,5093.172,396.20132,1190.0023,6328.2036,397.62445,2294.24,6040.5283,0
108094.67,1,2,2,24.382298,0,0,0,0,0,0,-21131.719,35472.125,30123.713,5106.6133,30275.906,8992.203,-1199.7289,1484.6351,6651.6743,-2414.2817,772.31995,3977.4844,0
93379.58,2,1,2,24.346432,1,-2,2,0,0,0,-31677.195,9282.924,15975.731,-908.3557,22893.842,10465.57,-1388.3505,2018.8116,8983.428,-5696.0903,1297.3873,419.0287,0
111287.27,1,2,1,45.532883,0,0,0,0,0,0,10187.168,124995.984,75683.9,7482.125,15939.485,12029.137,-1816.1737,1858.1991,6683.6733,-1093.6401,0.08412108,6385.1357,0
122416.57,1,2,1,44.33756,2,-2,-1,0,-1,0,-17155.57,4688.0254,18145.621,7802.207,13449.4795,4507.703,-1354.2953,1848.2977,6542.255,5139.2026,1699.3153,5607.69,0
98366.63,2,2,1,43.61874,-2,-2,-2,2,-2,0,-23329.078,6074.6074,24679.275,4017.3474,8351.526,5605.0234,-2870.3806,3495.3762,5269.11,-3994.4897,59.807755,4932.827,0
128070.336,2,1,2,39.501583,2,2,-1,0,0,0,-23649.32,13721.002,25663.857,277.2771,8958.798,8344.033,-4157.953,3479.052,5716.126,-4534.978,1120.8739,4079.4612,0
144377.36,2,3,1,44.096226,1,2,-1,0,-1,0,-15293.6875,35868.934,26371.16,3280.0974,3628.649,5806.508,-2575.2546,3300.2998,7061.1235,1162.9766,3272.917,4478.475,0
112915.78,1,2,1,44.525673,0,0,0,0,0,0,-22352.008,27025.719,37281.62,4216.6836,13197.53,11808.857,-3635.8982,2935.2686,6247.691,-2384.6172,-754.93054,5948.8604,0
118675.734,2,2,1,45.442074,2,-2,-1,0,-2,0,-15689.3125,7488.1895,22649.82,5792.414,8667.425,5588.5195,-2586.756,3245.1196,5855.7285,-3602.8027,1372.5392,4537.3555,0
109832.09,1,1,2,35.97483,0,0,0,2,0,0,46729.285,125605.375,89502.93,26874.783,57036.375,32273.926,-2588.8025,681.7064,5972.995,-1585.252,1153.2562,3078.7124,0
112433.336,1,2,2,27.431467,0,0,0,2,2,2,-1867.2225,91088.24,36934.99,5920.0977,53219.2,26712.238,41.126137,-418.76575,6480.8037,817.84393,925.21277,2184.3232,0
112502.92,2,2,1,43.17499,2,-2,-2,0,2,0,-23670.336,890.5096,25162.188,5575.004,15466.649,8114.2246,-2696.6448,2622.6077,12675.638,-4344.5054,307.29407,4528.4507,0
87122.61,2,2,2,27.23009,2,-2,-2,0,-2,0,-23296.992,2293.7126,13659.675,4785.4688,19188.752,7005.703,-1200.8158,2435.5432,5659.9053,-4936.4976,1729.8715,2994.5337,0
110386.984,1,2,3,24.485325,0,0,-2,2,-1,0,-14523.473,5603.799,33429.277,5588.0117,4098.52,5439.1914,-3561.7166,2144.5742,5736.322,-1951.062,55.870255,6592.5015,0
95542.14,1,3,2,25.190678,0,0,-2,2,-2,0,-18403.79,8578.709,23226.826,5100.797,10799.069,5422.8906,-3496.8777,2910.9841,5454.7163,-4073.56,1858.8458,3143.0425,0
110680.07,1,3,1,45.516857,0,0,0,0,0,0,-16170.102,43338.48,34729.676,4997.5703,6807.0083,7534.004,-3676.6453,3075.8386,6132.7217,-3066.4922,320.4159,5956.638,0
97118.18,2,3,2,33.60464,2,2,0,0,0,0,55438.742,123840.82,80866.03,8185.957,34230.16,18609.85,-2296.6692,2421.2605,6649.1206,-2430.024,2366.545,2494.731,0
93703.85,2,1,2,27.886656,2,-2,2,0,0,0,-27621.82,4958.045,14184.501,1643.6599,29288.367,13358.486,-2148.008,2204.881,14481.912,-5602.271,1433.0138,2379.717,0
121468.85,2,2,1,45.636784,0,0,0,0,0,2,124029.42,142537.14,120152.57,138755.78,106405.34,92479.05,1767.8588,-903.7389,16605.906,3512.2632,2158.7275,3612.6323,0
112694.42,1,2,1,45.572292,0,0,0,0,0,0,7820.676,122989.25,70767.25,15468.336,20109.412,13731.848,-1700.0121,1742.7897,7806.777,-1444.9224,539.83093,5926.7534,0
86788.21,1,1,2,29.246721,2,-2,-2,0,-1,0,-23565.578,1076.6346,11269.487,4881.4844,18091.97,7395.5117,-817.7376,835.5917,6131.1636,-2873.0483,2449.0908,3503.3513,0
106592.6,1,1,2,43.65842,2,-2,-2,0,-1,0,-21308.172,3470.5525,18241.96,4253.086,10084.333,6244.6094,-2590.9524,1470.8529,6331.9766,-3115.8667,1658.0621,4729.6787,0
100442.875,1,3,2,25.645164,2,-2,-2,0,0,0,-20451.453,12423.795,12725.187,4709.992,23565.428,7327.121,3418.3733,1896.9476,5479.0923,-4705.2524,2519.0479,-469.83484,0
119890.234,1,1,1,45.081238,-2,-2,-2,2,-2,0,-17232.469,9926.037,23343.69,3870.7224,8176.9946,5336.0586,-3332.8748,3333.5396,5532.1226,-3482.7437,1288.5189,4908.4937,0
106581.79,2,3,1,45.253723,0,0,-1,0,0,0,-16047.773,44306.41,32277.658,4043.7576,5364.973,6534.4414,-1943.3485,3216.9907,6091.5947,-3541.8481,926.7289,6247.97,0
123666.695,2,2,1,45.353664,2,-2,-1,0,-1,0,-16291.578,3772.2673,24404.92,6409.0117,5367.977,5809.2695,-2130.8035,1940.4781,6397.249,-1475.2568,459.17224,6163.2686,0
88416.11,1,1,2,25.719013,-2,-2,-2,2,-2,0,-24443.492,2592.7283,13755.714,3494.8826,18450.47,6867.1484,-2350.4167,2204.5854,5464.295,-4542.946,1687.5167,2976.2725,0
132029.78,1,2,1,43.55358,1,-2,-1,0,0,0,-28929.219,52534.633,25882.268,-1691.137,7753.7505,9194.729,10053.121,2078.033,6104.0513,-4082.5854,2228.9124,5517.8423,0
88813.02,2,3,1,42.06941,2,-2,-1,0,-1,0,-13974.883,20046.275,14828.823,9415.086,12248.999,4761.965,2838.7285,2418.1309,7247.104,-3024.0918,3052.7512,4232.68,0
87480.945,2,1,2,28.7255,2,-2,-2,0,-1,0,-22537.39,1269.0643,14472.317,5589.9297,15482.704,6625.338,-1615.3309,1363.2018,6187.64,-3904.6206,1883.2977,3526.2405,0
97385.11,1,2,2,24.696102,0,0,0,0,0,0,22904.922,120705.74,57579.973,14000.234,24699.139,9315.09,2002.3124,118.577995,8201.107,-2442.748,2421.5376,3686.2314,0
100599.22,1,3,1,45.405773,0,0,2,0,0,0,-18338.055,117482.02,49657.785,5440.3164,18644.555,8058.918,31315.64,979.92175,7212.0796,-2490.879,3455.5732,2756.7336,0
153104.08,2,1,1,44.896763,0,0,0,0,0,0,187201.16,215386.38,154635.6,275640.75,138767.97,144890.98,2874.694,-4073.5344,16196.5205,-492.4312,15322.65,-21630.604,0
112540.74,1,2,2,24.288383,0,0,0,0,0,0,-23529.86,9217.521,28488.03,5989.7266,19613.545,10097.039,-1807.1503,1275.9703,5999.112,-3294.998,623.9501,4619.12,0
130771.38,2,2,1,45.21528,2,-2,-1,0,-1,0,-14954.047,6252.2676,21380.223,7600.9844,5767.61,4423.5234,-1623.368,2077.7595,6713.4097,-1969.3384,1305.5372,5349.1104,0
94293.09,1,2,2,24.811289,2,-2,-2,0,0,0,-27318.812,477.201,10675.272,4463.2383,31373.219,12464.771,-798.13605,1328.808,6864.272,1453.888,1586.5958,671.07043,0
111476.14,2,3,1,45.469822,0,-2,-1,2,2,2,-10841.082,10242.611,20686.713,8570.992,11395.3955,6791.4883,-114.42953,1478.4032,6199.0815,-1617.3784,2505.7327,1747.7753,0
114602.11,2,3,2,45.093502,2,0,0,0,-1,0,-24975.852,13962.115,35532.188,272.25757,3587.7036,7732.1426,-4723.086,3246.575,5310.952,-3397.2793,-570.08923,5237.939,0
139107.61,1,1,2,38.79322,2,2,-2,0,0,0,-18801.46,7372.615,24342.633,2106.2185,4920.1763,6205.4004,-5040.4736,2222.526,5769.8193,-3907.229,1699.452,5380.806,0
116647.98,2,1,2,45.12342,0,0,0,2,-1,0,-22421.703,22354.33,41142.76,-834.68774,-5599.5815,7417.873,-6468.967,3835.094,4549.551,-3158.5776,-3818.5168,8239.626,0
129931.84,2,1,2,36.44819,1,-2,-2,0,-2,0,-16866.648,6017.748,23612.201,5850.9766,6887.5786,6541.7656,-3523.615,2246.732,6185.591,-3530.6816,2352.5115,5133.188,0
142833.6,1,1,2,34.853493,1,-2,-1,0,-1,0,-7797.5273,18282.701,18873.28,10600.213,4548.774,4611.5977,-2087.6287,1132.5883,7154.77,5398.083,2425.6401,5614.2964,0
91957.766,2,2,2,24.819284,2,-2,-1,0,-1,0,-25212.25,1425.576,13839.351,5366.422,19660.445,7025.252,2806.3328,990.54895,6391.9165,-3518.6406,1449.7094,2120.9575,0
110096.84,1,2,1,45.432335,0,0,0,0,0,0,10035.211,124326.6,55586.65,6057.5625,16717.15,11245.441,-1692.9418,1780.6576,6970.9785,-861.9693,499.72156,5485.8936,0
90040.95,1,3,1,24.889183,0,0,2,0,0,0,-8060.9453,76787.85,23791.09,7873.5312,24123.643,7912.7637,1329.5475,1816.3732,7183.542,-2742.4414,3038.625,3607.1836,0
144842.95,2,2,2,34.012394,1,2,0,0,0,0,176210.78,181031.78,132157.17,194262.89,114697.16,115762.625,-5346.5107,-547.2999,13675.766,2930.648,5572.117,-1039.3881,0
109260.54,1,2,1,45.359245,0,0,0,0,-1,0,36918.8,125408.86,88285.125,11602.723,5151.442,3721.4844,-131.22934,862.6234,7520.3013,-172.79155,815.8268,6605.907,0
116795.99,1,1,1,45.452015,2,-2,-1,0,-1,0,-12566.199,9055.264,17863.955,8854.203,10463.22,4759.66,-1693.848,1923.724,6605.3135,-1337.8594,2576.1138,4626.9985,0
97866.414,2,2,1,31.00515,2,-2,-2,2,-2,0,-23676.188,8872.463,21150.648,3835.1052,12095.224,6598.2695,-2644.9856,3844.2158,5097.852,-4930.3228,725.60706,4045.5947,0
122993.266,2,2,1,44.20776,2,-2,-1,0,-1,0,-16505.523,5695.1543,19981.008,7594.9805,7209.9614,4634.426,-1200.372,2113.992,6534.529,-1356.9033,1329.3263,5489.9,0
126521.87,2,2,1,43.045387,2,-2,-1,0,-1,0,-10822.934,16074.404,18510.875,10358.229,5138.0747,3865.168,-224.15024,2382.367,6531.995,-900.20416,1247.0143,6103.8447,0
131795.94,2,2,1,43.139286,1,2,0,0,0,0,-23236.258,29859.238,37875.492,1531.1482,9227.683,11689.98,-4907.4043,4313.115,5633.4756,-586.4244,-107.425156,5498.6494,0
112040.68,2,1,2,33.792946,2,2,-1,0,-1,0,-25424.922,6814.631,17990.07,899.81226,12625.462,7338.3496,-3646.402,2552.61,9786.118,-3981.2363,1029.4418,4062.2966,0
127216.02,1,1,1,44.88494,2,-2,-1,0,-1,0,-13810.523,8925.518,17968.773,7244.785,8065.141,4618.035,-1704.3065,1827.827,6876.8364,-1259.4268,2325.8335,5047.847,0
113762.305,1,2,2,29.856915,0,0,0,0,2,0,-22053.11,24726.58,30713.559,6772.715,15687.333,12143.977,-3164.9685,2152.3013,6759.892,-3598.4326,-574.1205,4517.4004,0
138000.53,1,1,1,44.050476,-2,-2,-2,2,-1,0,-14382.891,13540.35,22643.322,6865.7734,8191.1978,4277.672,-2851.1868,2259.47,6104.8965,5112.9727,1294.1744,6417.653,0
119999.36,2,3,2,29.191887,1,-2,-2,0,-1,0,-17079.969,4367.0293,20993.887,8732.699,19643.023,7238.385,-910.23126,1200.4457,7180.992,7207.441,5198.889,4347.795,0
112023.48,1,1,1,45.67269,0,0,0,0,0,0,26954.568,125787.26,77174.94,6704.336,19954.865,12962.074,-2730.8328,1861.93,7091.245,-1333.4194,459.5365,6271.61,0
101985.984,1,2,1,37.848476,0,0,0,0,0,0,13480.957,120168.67,64462.184,16313.557,23893.969,12193.963,654.1071,1272.5028,7551.33,-1676.2617,1508.7172,4966.062,0
113910.945,1,2,2,40.178352,2,-2,-1,0,-1,0,-23763.398,24099.951,19326.904,1777.1755,10970.524,5965.8555,343.57632,2138.2095,5973.9014,2149.4836,736.7814,5506.618,0
104722.69,2,2,1,25.451023,0,0,0,0,2,0,-13937.18,58405.195,32648.133,9575.578,23202.25,11995.471,-1120.8275,2501.674,8048.4062,-3392.1733,432.72864,5196.307,0
115386.03,2,2,1,45.036083,1,-2,-2,0,-1,0,-19672.656,10890.166,26945.482,5389.0625,5162.942,5622.117,-1368.8187,2313.944,7428.7207,-83.949265,1058.1293,5088.633,0
102973.9,1,1,2,45.667152,0,0,0,0,-1,2,-1376.1327,69884.87,33897.477,9667.504,6803.61,4456.8633,-518.6512,670.54236,7756.5083,-107.38823,1976.0494,6443.184,0
82030.4,1,1,2,41.604797,2,-2,-1,0,-1,2,-14627.695,3065.443,9756.222,10551.025,17848.803,6317.6074,980.9826,257.3119,7185.614,803.86273,3501.8425,3469.9114,0
87778.336,1,3,2,40.85357,1,-2,-2,0,-2,0,-20012.18,19617.645,16033.601,3244.7263,12091.739,7202.5977,-579.48517,2699.4521,5661.107,-4562.138,2889.6753,3852.3823,0
87063.586,2,1,2,27.346252,2,-2,-2,0,-1,0,-22396.797,911.7127,14131.294,5852.285,16770.643,6792.4453,-1493.0555,1289.0358,6877.807,-3745.541,2029.5446,3546.2053,0
98899.75,1,2,1,32.411583,2,-2,2,0,0,0,-31244.383,3936.822,11670.995,818.50366,24808.408,8333.875,2036.6024,1920.7091,8584.114,-5164.224,808.9435,1245.6906,0
111886.88,1,1,2,28.007011,0,0,-1,2,0,0,-31031.633,38541.82,29033.08,-3215.5315,25326.867,15636.164,-1730.3309,1620.1266,5406.5366,-4536.0864,-212.91783,3592.382,0
141534.97,2,3,1,44.913937,2,-2,-1,2,-2,0,-15024.484,23008.72,25798.484,-955.24634,4327.5356,8575.379,-3852.6658,3242.057,4796.6616,-4726.446,1184.6825,5763.828,0
128880.16,2,1,1,45.25494,2,-2,-2,0,-1,0,-7876.496,13734.326,18473.346,10701.516,7393.1294,4105.867,-1383.3798,2283.9407,7232.8345,-1796.6895,2412.835,4663.072,0
98736.58,2,1,1,44.22852,2,-2,-1,0,-1,0,-18111.969,6145.369,20282.072,6516.3477,8922.132,5726.871,-1893.6737,2200.3958,7627.7324,-3359.891,1609.6056,5089.5117,0
109687.09,1,3,1,45.36462,0,0,0,0,0,0,-16057.414,55183.82,38120.258,3866.535,17179.178,13393.484,-3392.1023,3119.5266,5922.404,-2050.7212,641.60095,5090.2363,0
120093.12,1,1,1,45.113377,0,0,0,0,0,2,148582.78,148417.98,119558.82,136245.16,112206.805,87906.75,2504.8215,-1927.0216,11306.903,6125.7354,3838.2244,4832.875,0
104119.85,1,2,1,45.01908,-2,-2,-2,2,-2,0,-25148.031,5992.5293,24765.607,2263.16,9155.565,7156.6914,-2408.8577,2871.6575,6552.7383,-3839.669,50.21498,4977.093,0
97865.445,2,1,2,24.616308,0,0,-2,2,-2,0,-17662.79,7972.51,26588.707,5446.297,8565.698,6437.297,-4099.795,3068.1064,5379.644,-4419.6646,1015.89954,5129.253,0
114746.21,2,3,1,45.344574,0,0,0,2,0,0,42706.76,128330.28,85657.24,15540.793,50575.176,32742.68,-4076.7996,2433.9438,5471.1196,-810.26227,437.63416,4023.1096,0
94945.27,2,2,1,27.164753,0,0,-1,0,-2,0,-15051.508,5327.74,22553.902,10353.547,11494.88,4679.9375,-994.97003,2451.0059,6425.114,-3218.2783,1502.7926,5171.7773,0
90470.086,1,1,2,29.58344,2,-2,-2,0,-1,0,-23795.312,3854.5798,10841.64,4882.3555,18625.348,6575.959,2194.0046,808.73083,6507.1226,-3860.4155,1899.2877,3070.2334,0
126373.305,2,3,2,44.91135,0,0,0,2,0,0,-28032.305,29312.0,40543.055,-3118.3674,10754.575,15241.35,-6438.8906,2911.1719,4840.4863,-4018.3394,-1713.9525,5636.634,0
110525.625,2,1,2,27.830465,1,2,0,0,0,0,86030.27,133673.86,98202.234,58768.344,85129.73,56590.754,-3428.8093,1757.7511,8386.055,-382.69196,2338.4453,1565.358,0
97771.06,2,3,1,45.96711,0,0,0,0,-1,2,951.7345,67654.31,34300.7,11309.197,7563.555,3701.2031,380.6403,1451.6879,8587.994,1022.279,2357.0688,5936.7686,0
122278.39,2,3,2,45.515354,1,2,0,0,0,0,36190.176,130142.3,89360.3,34788.53,67561.55,45501.914,-4760.8477,2618.5642,6529.4863,-639.81744,1270.0533,2881.584,0
101694.22,2,2,2,45.289093,2,-2,-1,0,-1,0,-16581.703,10211.357,21928.799,6576.832,6361.813,5542.879,-1885.4764,2222.216,5889.373,-1569.8296,439.38416,5340.3193,0
91538.3,1,3,1,28.432735,-2,-2,-2,2,-2,0,-22869.398,6980.619,12737.933,4694.168,19439.768,6182.8906,1476.0907,2895.086,6038.544,-3040.7344,2675.7966,1602.5668,0
101213.59,2,2,1,45.20347,0,0,2,0,0,2,-5720.215,101094.13,43543.89,7378.16,47423.793,22182.271,3201.4617,898.6122,7857.864,1400.6531,1518.4716,4184.387,0
108620.41,2,1,2,29.751387,0,0,-1,2,-1,2,-8437.047,3515.869,18592.982,11700.582,7448.9146,5274.9883,-2240.9172,1199.1144,7002.2627,-2558.5977,2144.695,5647.482,0
117320.695,1,2,1,45.331764,0,0,0,0,0,0,-20866.54,48722.6,43913.617,3214.199,15443.876,14435.572,-3970.2625,2945.9353,6348.29,-2414.1475,-1600.1786,6594.796,0
118618.086,2,2,1,29.520039,2,-2,-1,0,-1,0,-12508.844,9919.619,14815.052,10671.49,11075.331,4287.2812,720.3327,2056.3533,6598.194,-1657.435,1794.7477,5108.8555,0
130650.29,2,1,2,25.84718,0,0,0,2,2,2,154285.06,166452.53,124652.96,175659.77,114975.125,106653.086,-84.776695,-3058.0554,14918.476,-117.290085,3916.5085,-13116.28,0
142128.75,2,1,2,27.964838,1,-2,-2,2,-2,0,-11563.496,22717.111,24873.107,6205.465,5664.5747,6478.174,-3232.6335,3168.2559,5776.9985,-678.1021,2374.017,4898.3403,0
110825.29,2,1,1,44.734066,0,0,0,0,0,0,-15381.914,22642.977,36873.41,4570.0156,274.91467,5784.8125,-3751.0027,3770.8425,5844.705,-1998.3706,-201.87877,7048.255,0
93769.164,2,1,2,24.703362,0,0,0,0,0,2,-16217.359,12589.025,25635.746,9265.668,22768.62,10593.506,-513.9002,791.473,7017.7427,-2320.3135,2202.6223,3119.3384,0
117534.72,1,1,2,45.245327,0,0,0,0,0,0,-20019.094,48202.516,43144.36,2015.8123,3593.4888,9232.516,-5205.2246,2877.462,5813.9937,-3706.9102,-1258.7401,5508.647,0
108966.75,2,1,1,43.438587,0,0,0,0,0,0,-17645.562,30004.264,37263.81,5687.078,4850.1333,7804.787,-4160.1895,3510.8057,5407.0938,-3261.0435,-594.8539,6351.8696,0
115485.07,1,1,2,25.571629,0,0,2,2,2,0,-11357.336,19631.14,22512.201,-1016.43384,23352.703,15064.297,-1301.0282,1137.6722,15779.335,-5369.183,275.60388,290.47083,0
108583.28,1,2,1,36.41853,0,0,0,0,0,0,-19720.875,49320.535,35015.82,5736.543,18201.043,7484.6035,-2410.0896,2749.0168,5991.8516,-1757.7051,-208.77818,5634.351,0
105783.2,1,2,1,44.557644,2,-2,0,0,0,0,-27801.508,10314.064,26257.557,1720.367,16664.078,10067.6875,-838.5091,2794.9233,6531.922,-3164.6763,-94.260605,3480.9958,0
128592.51,2,1,1,42.56501,2,-2,-2,2,-2,0,-13270.105,20315.55,23612.29,5504.914,5933.723,6050.715,-3663.9587,4422.8975,5347.1294,-4350.0444,1382.4281,5080.593,0
113587.22,1,2,2,23.961872,0,0,0,2,0,0,-28509.695,38435.45,31783.338,-161.19165,32047.355,16309.314,-1949.725,1046.0101,5622.2812,-3302.1494,-517.1903,2663.33,0
113934.234,1,2,1,43.064873,0,0,0,0,-1,0,-22759.008,22286.408,30980.049,5295.9375,3600.3286,6711.16,-3079.4246,2726.2185,6174.4775,2958.2207,-887.61707,2114.5771,0
116603.445,2,2,1,41.528076,2,-2,-2,2,-1,0,-21437.86,11673.088,26353.88,4565.254,5111.805,5414.574,-2813.6438,3212.339,5484.83,-560.5767,-75.314804,5827.916,0
124388.195,2,1,2,25.382954,1,-2,-1,0,-1,0,-16967.297,4779.5684,21188.459,7040.4375,9381.827,6152.285,-2029.3583,1448.5673,7457.125,-2286.3408,2584.4346,936.85266,0
140497.92,2,1,1,44.953987,1,-2,-2,0,0,0,-15360.3125,4470.9004,31936.76,6284.4805,10309.583,6088.207,-3715.6726,2188.2393,16451.588,-2211.1704,2399.035,5397.713,0
99707.63,1,2,2,24.561722,0,0,2,0,0,0,28095.402,120351.83,65795.36,12198.59,72018.336,38344.895,4291.8975,-472.99426,8074.6973,-1347.7852,2388.5728,2142.9607,0
123119.16,1,1,1,44.993153,0,0,0,2,0,0,-22962.234,54423.582,47063.766,-2140.6174,20903.26,18818.234,-5630.3223,3083.5894,5009.591,-3027.0947,-927.55066,5330.403,0
133607.33,1,1,1,45.746975,2,2,-1,0,-1,0,-8487.18,13114.494,21525.643,8300.77,6877.9263,3873.4258,-2724.3367,3101.2144,8558.873,-1806.227,2268.4392,4996.0215,0
108785.62,1,2,1,45.200108,0,0,0,0,0,0,14224.457,123545.29,70792.15,14040.215,22054.137,13075.742,665.8117,1526.774,7359.346,-1500.8706,908.5155,5149.8438,0
93818.5,1,1,2,37.10016,2,-2,-2,0,-1,0,-20766.055,1753.5956,13912.253,4889.422,12277.167,7904.0977,-2120.7966,1029.5487,7306.475,-3800.8223,2937.0134,4368.9546,0
91414.1,2,1,2,25.762196,2,-2,-2,0,-1,0,-23907.688,3172.5251,15597.495,4109.082,14595.085,6975.2344,-1719.8949,1914.889,6249.993,-4013.3535,1507.1874,-557.04724,0
131803.4,1,2,2,28.178797,0,0,0,2,2,0,123004.61,150755.56,122304.33,145870.44,108688.086,98063.984,-1868.0853,-1562.0153,10289.782,-3413.9639,2416.9836,-113.99013,0
106080.4,1,1,2,24.589817,2,0,0,0,0,0,-7008.1836,87289.88,40259.34,6205.4062,45780.125,23917.56,-2343.639,2104.696,6508.803,-2964.0806,999.2201,2288.999,0
117276.84,1,2,2,44.844883,0,0,0,0,0,0,-24451.438,20601.043,36084.03,2936.0935,5137.8286,7590.463,-4676.409,2545.9658,5887.249,-3289.706,-1436.1615,6616.789,0
103134.28,1,2,1,45.47176,0,0,0,0,-1,0,23056.896,122856.18,72342.88,15796.252,14949.677,9738.441,285.8234,1259.2374,7574.388,7339.2046,1541.286,6339.93,0
143343.86,2,1,1,44.795364,2,-2,-1,2,-1,0,-9696.145,26644.084,25613.836,6347.539,-411.3822,4567.785,-3437.5828,3001.0405,5990.5117,-923.4664,597.1669,6937.7017,0
103481.54,2,1,2,35.580345,1,2,-2,0,-1,0,-22093.64,15563.139,25383.87,2586.0583,6059.4067,7093.4395,-4475.7334,2677.9136,8796.705,-1689.102,1155.4269,4134.7007,0
110656.99,1,3,1,45.787918,0,0,0,0,0,0,54827.945,127261.555,74153.69,25392.258,7519.151,5294.629,-855.8934,1798.5236,8385.252,-1801.5068,1938.8534,6093.741,0
116337.21,1,1,1,42.54097,-2,-2,-2,2,-2,0,-17654.594,9907.916,21574.781,4698.5977,8995.2,5370.715,-2930.302,3348.9224,5632.4844,-3604.5264,1506.1852,4662.248,0
106275.97,2,2,2,24.385298,2,0,0,0,0,0,22239.287,121603.74,69898.0,13495.641,68010.414,37781.21,116.590004,1216.9508,7317.168,-1555.7671,1526.2611,1830.3729,0
119406.65,2,2,1,41.25222,2,-2,-1,0,-1,0,-16919.875,5015.9355,18355.434,8036.883,8155.143,4779.2656,-804.3709,2066.795,6796.405,-1849.0742,1440.4598,5212.942,0
148381.22,1,1,2,44.69338,0,0,-1,0,0,0,184731.1,198313.06,138419.75,228988.72,125783.78,125142.95,25516.812,-3411.5276,16629.625,4563.2754,8732.381,-6171.8984,0
99681.61,1,3,2,27.718779,1,-2,2,0,-1,0,-25362.938,85300.38,7063.983,3160.3552,29574.84,6251.168,22346.557,355.88318,6211.5015,3560.6895,3245.7114,2796.3699,0
104606.266,1,2,2,25.329144,0,0,-1,0,0,0,-24981.695,40998.78,28540.479,2447.8865,27832.133,14148.023,828.091,1455.6434,6577.85,-2820.165,671.97815,4450.6333,0
110901.36,1,2,1,44.331085,0,0,0,0,0,0,-19741.36,29232.615,36497.43,4972.164,7798.518,9162.66,-3638.3962,3039.086,5723.956,-2648.0498,-870.1,6400.5063,0
118715.37,1,3,1,45.963943,0,0,0,0,-1,0,185984.8,144915.52,79393.31,11002.545,3960.0122,3819.1758,-187.26303,924.36707,10182.372,-354.7359,2011.0004,6975.4097,0
123302.95,1,1,1,44.544086,-2,-2,-2,2,-2,0,-17043.781,11395.354,22785.059,4031.7966,7999.5356,6393.916,-3188.4988,3248.725,5508.235,-3490.5552,2720.3015,4919.303,0
112989.27,2,3,2,45.266323,0,0,-1,0,0,0,-18947.828,58643.88,39095.074,229.3982,13981.526,14009.35,-3489.3552,2853.059,6532.3276,-2487.9531,220.06801,6130.3047,0
116325.2,1,2,2,27.143152,1,-2,0,0,0,0,-32789.133,44913.79,25099.379,-138.46509,35115.008,14466.061,8797.245,1118.8116,6300.562,-3920.8877,415.03308,2137.182,0
110461.97,2,2,2,24.141472,1,-2,0,0,0,0,-32082.68,52007.973,28492.188,833.37085,26396.213,12130.342,12111.775,1415.6688,5737.204,-4402.4243,781.87683,1797.7328,0
117709.28,2,3,1,45.621128,2,-2,-1,0,-1,0,-12776.117,9829.83,20807.621,7218.4453,8373.812,4638.4688,-1698.8754,2317.2449,6454.901,-1708.1406,2322.1335,5033.9453,0
148917.5,2,2,1,45.87722,0,0,0,0,-2,0,175180.64,173013.34,135994.72,10863.893,-4331.8667,3166.125,384.07193,1971.0519,6877.982,-842.8204,-2070.366,9321.261,0
96367.36,2,1,1,44.733147,1,-2,-2,0,-1,0,-17864.164,43514.516,21548.389,6029.336,8186.856,6099.58,5410.642,2286.8496,10375.28,-3289.7588,2053.8386,5247.0903,0
106768.555,2,2,2,24.241896,0,0,-1,0,0,0,-23693.094,34954.113,27489.375,5577.793,35738.93,19732.832,2046.1388,1297.1688,6373.189,7422.8374,1614.1246,4785.055,0
101125.48,2,3,1,24.785002,0,0,0,0,0,0,-16641.086,24242.506,28854.021,8598.82,16105.696,7560.824,-1125.0165,2539.537,5907.782,-2955.5771,1886.5443,4340.919,0
150393.89,1,1,1,32.674046,2,-2,-1,2,-2,0,-1329.7968,37903.582,16991.623,8770.453,2881.4302,4581.301,-2199.3157,2430.9683,6623.148,-2477.5464,2138.8264,6077.894,0
103772.86,2,2,1,33.5534,0,0,0,0,-2,0,-15935.336,31409.773,28759.754,8452.57,5765.348,4932.9297,-1134.5726,3512.4272,5822.141,-3217.836,32.924942,6215.1157,0
130771.77,2,1,1,45.584045,1,2,0,0,0,0,60965.49,128843.445,101932.77,61550.41,79548.92,57416.047,-4109.3125,2701.2803,7578.029,1008.018,2599.961,2714.2659,0
126195.6,1,1,1,45.351448,2,0,-2,0,-2,0,-11698.918,41892.066,29024.371,4975.383,5854.637,5501.0586,-3760.0242,3757.9407,5531.19,-3667.4478,1079.943,5430.7544,0
113285.52,1,2,1,44.50411,0,0,0,0,0,0,-22592.008,24638.973,36121.87,4897.1953,7044.5786,8414.611,-3432.367,3006.986,7799.269,-3056.21,-866.8109,4833.2686,0
136269.86,2,1,2,27.986692,1,-2,-2,0,-1,0,-8558.352,8308.678,16884.566,12058.877,9475.485,4363.1016,-350.45444,692.1273,8250.036,-1307.5659,3091.071,5265.982,0
138979.48,2,1,1,43.976215,2,2,-1,0,-1,0,8660.352,25830.64,130975.57,13316.627,5505.653,448.91803,-3692.1423,-13638.976,11195.191,6412.115,3059.4778,3112.7295,0
113558.2,2,2,1,37.756527,2,-2,-1,0,0,0,-18205.367,7438.924,22748.148,7709.7227,10960.706,5729.3945,-986.38654,2693.1284,5817.658,-3656.4639,1297.0658,4469.501,0
91016.72,2,1,2,30.644875,2,-2,-2,0,-1,0,-22014.04,2694.4275,14623.9795,5263.199,14472.991,7050.2773,-1026.868,1432.2733,6978.203,-3374.0112,1892.6268,3326.618,0
123942.59,1,1,2,40.591846,1,-2,-2,0,0,0,-21785.656,9255.225,25002.592,2965.7576,8765.511,7946.799,-3252.3591,2024.3683,6372.307,-4253.1274,2119.0425,3932.751,0
109103.34,1,3,1,44.633507,2,-2,-2,0,0,0,-24455.094,8462.342,23200.969,1070.7107,12725.231,7309.3027,-2382.9744,2951.2063,6396.891,-4483.602,1441.43,68.53722,0
112016.04,2,3,1,45.56267,0,0,0,0,0,0,-16555.734,28657.357,37722.06,3787.2888,7001.5356,5824.5312,-3982.8552,3664.1653,5313.413,-2633.129,-348.016,6273.5537,0
136964.27,1,1,1,41.20251,2,-2,-1,0,-1,0,-4424.1016,20560.885,13185.675,12739.668,6878.4614,3915.668,-265.91196,1347.7067,7477.5986,-1058.8271,3239.1482,5651.9507,0
98448.71,2,1,1,44.176468,2,-2,-1,0,-1,0,-18720.578,10229.693,20491.475,5825.0938,8812.163,5795.953,-1387.7084,2403.5496,6749.4263,-842.0025,1365.6866,3851.8984,0
133165.6,2,1,1,44.436596,2,-2,-1,0,-1,0,-19221.602,19636.617,21781.332,3360.2576,7519.694,6231.1973,-363.68686,2373.3105,7224.031,-3015.6646,2023.1908,4998.012,0
100408.68,2,3,1,45.214684,-2,-2,-2,2,-2,0,-17688.758,11073.74,25979.998,3352.152,7621.8813,5799.3516,-3579.491,3780.5037,5219.552,-3613.2554,897.26746,4868.4395,0
117179.34,2,1,1,43.38225,2,-2,-1,0,-1,0,-9810.773,19531.516,19187.914,9593.66,5607.403,4715.4375,-1047.5253,2617.0627,6332.4634,-519.419,1975.2721,5420.815,0
111718.91,1,1,1,45.29904,0,-2,-2,0,0,0,-16581.14,347.2791,24863.38,4387.4297,7021.4614,10119.432,-3249.4568,887.8329,6605.64,-3292.105,5696.1787,5904.245,0
136085.77,2,1,1,45.31704,2,-2,-2,2,-2,0,-10504.199,19478.5,28849.74,4143.9766,3053.9263,6214.59,-4285.296,4337.2495,5177.6587,-3866.8691,545.03503,5912.0317,0
104709.87,1,3,1,45.575275,0,0,0,0,0,0,16911.05,123693.945,73526.0,10707.0,10644.509,7320.9766,-1197.3016,1970.3248,6588.2725,-1175.5952,1960.9371,5520.1885,0
108641.13,1,2,1,34.13125,0,0,0,0,0,0,-19380.68,52205.06,34213.027,5966.5547,21654.31,13643.422,-1929.057,2450.5295,7015.7417,-2710.121,72.47426,5330.996,0
91777.31,2,2,2,25.138641,0,0,0,0,-1,2,-8994.789,45566.305,19421.352,13278.348,15791.394,4636.617,2512.3323,263.2406,7695.327,523.46747,2371.8074,5077.1157,0
95136.02,1,3,2,27.61475,0,0,0,0,0,2,-4806.1875,67551.19,27500.105,9259.211,42584.664,17471.396,1386.1881,658.29236,7302.522,-70.40727,2978.0134,2082.314,0
111222.15,1,1,2,42.509937,2,-2,-2,0,-1,0,-20413.883,4341.955,18124.855,4694.3438,9880.728,6323.8633,-2337.4329,1438.9745,6202.3916,-2250.6714,2100.6924,4987.2036,0
142875.06,2,3,1,45.374256,2,-2,-2,2,-1,0,-9179.793,24944.076,25249.79,6708.3438,1487.2194,4154.3594,-3125.5422,3020.9866,5850.4023,-902.462,1283.3588,6276.2793,0
108165.69,1,2,1,27.550207,0,0,0,0,0,0,-20160.016,51310.195,33381.004,5712.8477,23672.494,13789.279,-1826.2333,2512.1672,6289.838,-2371.0396,199.13832,2579.497,0
123787.71,1,2,1,43.464928,1,2,0,0,0,0,56552.4,128382.91,99909.38,60055.582,85904.7,64694.08,-3176.9773,2126.1702,9774.349,1801.0237,2631.8567,1101.1776,0
112860.45,1,2,2,27.467867,0,0,0,0,0,0,-24539.492,18090.406,34199.863,4571.1523,16094.054,10637.096,-2479.5203,1933.9667,6034.33,-3105.895,-40.476425,4801.0293,0
112097.59,2,2,2,45.28444,0,0,-1,0,0,2,-12157.699,86406.484,39066.344,4421.328,35818.43,20126.828,-125.29525,1005.65393,8775.405,2921.9539,434.3778,5706.118,0
116926.555,2,2,1,45.301086,0,0,0,0,0,2,125736.45,145225.05,122351.164,136839.03,105296.82,92008.15,1065.8771,-431.03333,11249.9375,4803.199,1658.4769,-1679.5087,0
101134.805,2,1,2,32.082745,2,-2,2,0,-1,2,-20448.469,7386.9473,9161.062,6779.1797,28152.262,10704.086,3272.0195,658.4315,7391.941,3865.0132,3096.6533,1645.1713,0
101567.32,1,2,1,36.71594,2,-2,-1,0,-1,0,-22765.266,1849.7362,15270.511,6421.426,14233.483,6825.748,1337.3495,1289.576,7628.0835,-2593.3843,2745.1704,4295.2617,0
104743.19,2,1,1,42.333874,-2,-2,-2,2,-2,0,-18555.305,11448.4,23797.299,4451.379,7434.321,5890.215,-3406.5076,3854.2874,5424.9785,-3976.5615,925.9398,4216.7954,0
111628.55,1,1,2,26.44215,0,0,0,2,0,0,68994.49,129358.51,105171.5,64662.55,94362.14,61235.543,-2144.0906,8.151236,6106.153,-189.77007,1854.7206,1097.2172,0
110078.19,1,2,2,24.286285,0,0,0,0,0,0,-24793.883,4736.92,27301.39,6166.1523,18371.818,9252.477,-1895.3671,1273.7863,6556.556,-3282.6753,620.952,3895.3657,0
110873.01,1,2,2,42.70352,2,-2,-2,0,-1,0,-23954.664,927.0057,17663.6,4218.7227,10791.915,6027.629,-1220.1493,1296.152,6805.02,-2221.5518,1104.4669,4496.743,0
107939.57,2,2,1,44.508007,0,0,0,0,0,0,5933.324,120121.14,69372.18,18093.441,19302.275,12802.139,-644.9456,2131.077,7804.455,-1202.667,779.24963,5512.5713,0
107130.7,2,3,1,43.482117,2,-2,0,0,0,0,-26637.742,32347.676,26691.145,717.406,17825.695,8739.434,2731.9922,2875.1257,9547.308,-4089.1196,1426.5267,3542.125,0
109138.83,2,1,1,45.21548,1,-2,-2,0,-1,0,-12965.555,18818.486,22409.9,8021.379,31324.455,13468.832,-2542.5017,2202.9055,9192.056,17509.896,4072.8875,3414.172,0
109108.625,1,1,1,41.745525,0,0,0,0,0,0,-9253.242,23103.967,36909.332,5001.5,3906.3442,8934.838,-4221.09,3073.7793,5424.239,-3065.7417,1340.1849,6357.783,0
154636.47,1,1,1,45.692608,1,2,0,0,0,0,155842.55,159033.5,132284.38,122764.875,93763.07,9242.975,-5837.6855,4220.642,8563.176,1820.2732,-2077.2766,-21041.025,0
151076.39,1,1,2,44.80015,-2,-2,-2,2,-1,0,-5885.1914,27972.125,21161.014,8042.5938,3057.7544,7089.4785,-3753.4158,902.25964,6771.8433,4128.562,1751.9135,7197.438,0
85943.625,2,1,2,25.2486,2,-2,-1,0,-1,0,-22243.883,1193.3807,13803.55,6104.0156,17691.367,6684.8965,-752.33234,1224.0865,6725.552,-3666.421,2136.6616,3237.2168,0
114323.18,2,1,2,42.664394,2,-2,-1,0,-1,0,-25395.125,6900.6387,20824.4,881.24585,9866.438,7179.0176,-2173.742,2112.176,7668.0957,-4397.891,1134.3575,4807.2153,0
105436.945,2,1,2,31.360748,1,2,0,0,0,0,-29105.469,8328.357,22090.484,-1313.5745,36432.227,22852.654,-5934.1523,3101.5042,6715.696,16378.379,537.4774,-245.24501,0
103805.41,1,2,2,26.685072,0,0,0,0,-2,0,-21451.867,6659.0957,24674.562,6172.293,11421.31,5552.6953,-2058.0847,2293.574,5804.892,-3726.0986,622.1703,5208.253,0
110857.72,2,1,2,28.232435,0,0,0,2,2,0,-5960.6406,102094.375,51471.137,4324.789,37385.664,23183.637,-3784.2039,1709.3676,6305.1777,-4358.98,-199.65318,3673.1116,0
96631.73,2,3,1,45.084785,-2,-2,-2,2,-2,0,-17980.055,12583.049,24088.422,4041.0935,8916.827,5386.035,-3100.596,3872.153,5279.9077,-3714.9287,1294.09,4503.844,0
111578.164,2,3,2,45.44367,0,0,0,0,0,2,-14165.578,36004.824,35730.105,5244.801,18233.215,14166.107,-2932.8772,1949.3561,7354.531,-469.20367,700.6405,5302.4756,0
120264.89,1,2,1,45.19677,-2,-2,-2,2,-2,0,-20893.797,6768.6816,26881.293,3136.0232,7066.153,5308.3555,-3183.4382,3245.494,5428.3403,-3206.564,248.68202,3919.5972,0
108602.805,2,2,2,44.929337,2,-2,-2,2,-2,0,-24492.79,15712.709,29111.38,-828.3596,3961.0747,8710.742,-4059.1804,3756.3853,4792.413,-5118.813,-1030.744,5805.1357,0
112150.945,2,2,2,24.294817,0,0,0,0,0,0,-22067.086,44890.168,34031.613,5133.457,11814.917,7477.004,-2618.6248,2070.4114,6384.4224,-2133.02,-261.17078,5098.6646,0
104289.78,2,2,1,40.295036,0,0,0,0,-2,0,-15354.656,23397.93,30222.074,8316.129,3448.7075,4714.418,-2131.821,3775.8547,5765.5854,-2994.3203,-421.90466,6622.9756,0
113436.27,2,2,2,31.94857,2,-2,-2,2,-1,2,-14756.367,3223.244,17812.977,8275.27,13263.671,5712.3633,120.15348,1234.7665,6200.0684,-1768.6626,1942.0414,4357.2017,0
117419.33,2,3,1,45.572445,2,-2,-1,0,-1,0,-12840.992,10390.205,20372.33,7353.8047,8623.481,4604.086,-1581.9164,2348.7124,6523.7246,-1602.0151,2401.132,4913.2046,0
110128.43,2,1,2,24.955513,2,-2,2,0,0,0,-24198.227,63782.465,22340.734,-153.36743,21286.787,8565.316,24934.666,1984.8505,5507.674,-5487.738,2052.828,2562.6553,0
116649.27,2,1,1,45.36181,2,-2,-1,0,-1,0,-15642.547,10632.314,23152.5,5582.199,6475.227,6625.8926,-1643.2367,2080.4172,6051.8784,-1874.1611,2293.018,5754.3604,0
114143.266,1,2,1,45.205013,0,0,0,0,0,0,22954.361,124118.336,91916.19,22783.309,19422.29,26543.703,-966.86993,1322.9686,7502.5923,-1183.1685,22736.975,5038.9478,0
135463.55,2,1,2,43.978745,0,0,2,0,0,2,151638.69,164261.23,129484.43,173524.94,113173.35,106599.48,20525.734,-2964.6956,12968.458,8265.645,3451.7168,618.2694,0
105734.25,1,3,1,43.102634,0,0,0,0,0,0,-14823.805,58070.895,35260.54,5375.5977,18104.574,10591.393,-2594.7874,3031.5237,6169.4976,-2021.9004,1036.569,5371.7017,0
121206.555,2,1,2,27.198277,2,-2,-2,2,-1,0,-21438.54,7728.67,23098.871,3631.2732,9429.491,6661.1973,-3122.8958,2352.7266,5584.0757,-3850.9844,1093.0829,4887.6533,0
111677.945,1,2,1,45.546513,0,0,0,0,0,0,28129.22,125121.445,86189.21,23747.027,30665.582,18254.309,-815.283,1761.6888,7746.3657,-882.62555,566.2538,5277.2163,0
91896.164,1,3,2,24.83266,0,0,-2,2,-2,0,-16817.594,8258.439,22920.846,5766.2812,12055.333,5715.836,-3163.0964,2727.1401,5519.3555,-3974.96,2178.6382,4354.902,0
128631.086,2,2,1,29.471842,0,0,0,0,0,0,163446.06,154678.72,106352.055,80407.766,9548.444,5285.3164,2559.8591,771.1229,10729.541,-1995.3071,2209.6453,6189.407,0
111534.57,2,1,2,24.486662,0,0,0,0,0,0,-20202.773,28438.17,32557.873,4392.875,10320.868,8037.3203,-3086.3977,1872.943,6557.17,-3877.9756,781.119,5311.573,0
101210.14,2,2,2,28.034056,1,2,0,0,0,0,7822.2617,120439.9,53739.953,9986.16,54225.395,33180.688,-1849.0614,2271.086,6631.077,-2005.6636,1922.557,2949.0908,0
107368.0,2,2,2,43.959286,2,-2,-2,2,-1,0,-25974.484,7776.2754,27620.355,1216.324,4795.93,7375.3926,-4185.967,2902.9077,5094.406,-281.70026,-600.5165,6067.513,0
122052.73,2,2,1,42.91919,2,-2,-1,2,-2,0,-18322.852,18384.414,24325.666,4081.9841,5784.817,6036.0664,-3319.0984,4276.816,5250.4453,-4363.234,798.53503,5239.664,0
114034.73,1,2,2,41.634556,0,0,0,2,-1,0,-21431.773,53470.656,30257.447,3736.738,8203.394,12922.227,-5075.5215,2723.336,5385.323,3829.983,-965.08044,6368.67,0
101065.79,2,2,2,26.202785,0,0,0,0,2,2,24100.383,120112.92,58750.336,22396.13,64565.27,34130.29,2041.3488,-63.837532,10659.445,-197.98784,1993.6508,448.57288,0
92508.9,2,3,1,45.557274,2,-2,-1,0,-1,0,-16257.867,11945.615,18458.04,6713.4336,33498.45,5801.621,-173.05698,2231.3848,7712.162,18083.662,2284.0696,4708.54,0
140059.47,1,1,1,45.09455,-2,-2,-2,2,-2,0,-10669.383,16401.01,22521.49,6325.961,4797.571,4166.5703,-3069.2058,3001.1472,5787.393,-2392.1094,1759.3776,5650.3726,0
111967.33,1,3,1,45.578083,0,0,-2,2,-2,0,-8570.176,19474.426,30170.572,6007.7188,1961.0319,4472.1953,-4164.423,4059.4429,5575.2134,-2713.0718,634.75525,6244.5176,0
109822.93,1,2,2,44.09113,0,0,2,0,0,0,22932.727,124126.52,78663.586,18021.834,45906.617,24529.78,1154.5924,850.89734,8364.863,-1390.0078,797.8258,3268.9443,0
140785.25,1,1,1,44.964905,-2,-2,-2,2,-2,0,-8771.199,19431.293,22265.193,7044.6914,3800.149,3892.371,-3043.467,2791.9954,5902.055,-2072.6035,1754.3995,5878.8057,0
95357.8,2,2,2,24.909412,0,0,-2,0,-1,0,-14260.023,-1642.2911,20156.535,11327.039,12565.489,4310.1484,-332.4691,925.8568,7634.4824,-2195.4429,1621.1146,5326.1665,0
143950.17,2,1,2,37.268024,1,-2,-1,0,-1,0,-6346.0,20388.51,20322.328,11006.977,745.7311,4691.8867,-2245.8982,1257.7216,7143.742,3368.1177,2334.6995,7298.6147,0
119847.78,1,3,2,45.462452,2,-2,-1,0,-1,0,-16799.36,6886.6387,19822.172,4652.2266,9385.517,5271.121,-2149.4744,1578.1447,6512.419,-1984.6255,2399.7053,4786.0947,0
123382.49,2,1,1,45.552563,2,-2,-1,0,-2,0,-11776.281,13394.662,20829.4,7175.0117,8642.353,5616.8867,-2775.574,3480.2258,5910.646,-3625.019,2175.7788,4598.346,0
103571.21,2,2,2,43.98474,2,-2,-2,2,-2,0,-22596.688,21569.188,25660.988,-476.52368,5338.2935,7911.619,-3002.4246,3878.2744,4750.769,-5331.8364,-433.99402,5287.459,0
116328.22,1,1,2,32.644695,2,-2,-1,0,-1,0,-19602.945,2742.8416,15392.694,5950.5586,12411.688,5896.7344,-1621.8138,1098.2872,6520.5474,-3184.1553,2416.007,4504.4736,0
116091.77,2,2,1,43.057392,2,-2,-1,0,-1,0,-17577.453,4837.9395,19664.781,7340.9297,8554.524,5034.836,-1289.4657,2205.08,6694.926,-33.575733,1357.2501,4950.414,0
97845.45,2,3,1,45.296604,2,-2,-1,0,-1,0,-16173.117,9478.361,20331.275,6380.1484,9739.001,4921.668,-1586.7391,2626.9062,6551.361,-1868.917,1909.2455,3525.6638,0
111148.26,1,2,2,45.29183,0,0,0,0,0,0,65243.027,126977.13,83993.05,17314.635,40217.832,21815.316,-2092.8083,857.17615,26701.465,-2263.2446,2151.338,2752.5564,0
100157.72,2,3,1,45.24937,-2,-2,-2,2,-2,0,-17567.062,11436.15,26024.092,3399.367,7780.063,5744.6367,-3561.8914,3836.76,5237.201,-2980.9873,936.1068,4862.019,0
142546.56,2,1,1,45.18189,2,-2,-2,2,-2,0,-6851.3594,25892.953,25638.887,6576.6367,2545.481,5119.0547,-3711.7341,4053.0286,5773.6743,-3274.938,1111.3329,5939.286,0
106697.56,1,2,2,24.693275,0,0,0,0,2,0,-20527.75,26091.838,28968.25,7777.4883,18135.432,10814.785,-2025.7548,1677.3124,7234.031,-3541.584,197.52016,4835.6157,0
112253.36,2,1,1,42.140373,-2,-2,-2,2,-1,0,-18719.273,8314.74,25227.863,5553.6133,4676.387,5224.6094,-2691.3958,2566.2246,5835.041,-2259.8882,627.5748,5851.303,0
147119.48,2,1,1,43.02571,1,2,-2,0,0,0,-14143.75,27818.611,35699.727,2655.8005,826.21936,6219.926,-4899.245,4429.3696,10141.072,-3155.1895,1109.9257,1807.5612,0
134084.52,2,2,1,45.486137,2,-2,-1,0,-1,0,-9972.41,19505.42,21334.584,8879.977,3485.0513,4257.4805,-431.3392,2455.977,6452.0073,979.5988,963.83044,5954.9316,0
99102.93,2,3,1,24.97604,0,0,0,0,0,0,-12822.078,52027.914,27810.766,8462.203,12205.843,5162.7305,-1182.1918,2875.3108,5930.17,-1254.7363,1816.4525,4940.6045,0
116045.625,2,3,2,44.495953,2,2,-1,0,0,0,-18148.29,81891.47,35346.316,-671.4221,34318.496,21280.264,-2235.807,3654.6494,5760.498,-3426.142,1557.9845,2489.8599,0
95116.09,2,2,2,24.908218,2,2,-1,0,-1,0,-20843.96,7133.7246,25284.082,7102.574,29366.072,6731.6016,-3062.9797,3321.0435,19585.83,5425.59,1489.8336,4122.811,0
104252.47,2,2,1,43.439144,-2,-2,-2,2,-2,0,-25881.086,2768.611,26453.479,3143.3005,7730.9653,6334.742,-3632.4294,3189.3992,5253.474,-3932.5874,-410.83044,4986.673,0
91434.91,2,1,2,31.341963,-2,-2,-2,2,-2,0,-23764.18,4854.416,19495.008,3180.328,11655.886,7359.8594,-3371.1208,2876.8584,5344.603,-4619.8247,1384.724,4026.7876,0
92744.74,2,3,1,43.145695,2,-2,-1,0,-1,0,-11401.391,14880.814,15637.38,10106.16,11105.446,4477.672,-363.86508,2546.0059,7073.093,-2531.6611,3013.8967,4484.6216,0
122747.375,2,1,1,45.351948,-2,-2,-2,2,-2,0,-15306.125,11866.119,27549.248,4220.215,5341.274,5625.117,-3731.5457,3682.1213,5399.927,-3388.9814,802.79333,5469.2935,0
78057.71,2,3,1,26.076399,2,-2,-1,0,-1,0,-13850.922,8913.631,10576.784,10840.82,19634.305,4766.797,2044.6083,1878.1996,6907.1406,-3270.1675,3704.1384,3048.0808,0
116869.17,1,1,1,44.190964,-2,-2,-2,2,-2,0,-17888.828,9797.799,22627.623,4100.1367,8904.171,5466.953,-3180.0818,3386.802,6191.079,-3653.317,1374.6051,4369.8506,0
144494.95,1,1,1,45.447002,2,-2,-1,0,0,0,-11401.59,9870.678,26082.232,4377.6836,3250.602,5070.2617,-4065.4841,1905.424,6831.2617,-2535.81,1628.2211,6476.832,0
109547.516,1,3,1,45.531036,0,0,0,0,0,0,-16798.523,27843.086,35454.254,4454.4766,8278.519,9092.676,-3849.4294,3195.754,5636.6074,-2336.2725,309.17444,5884.625,0
105491.41,2,2,1,45.04882,-2,-2,-2,2,-2,0,-23017.992,6441.0215,29879.52,2333.195,5637.942,9164.506,-3814.953,3357.018,5037.685,-3831.8604,1972.7946,5679.808,0
110557.83,1,3,2,45.656395,0,0,0,0,0,0,67512.94,130157.17,105375.125,70723.98,20042.85,13740.012,-1515.7968,1055.3597,7782.9565,-1352.8057,2054.6711,5329.7153,0
103892.805,2,2,2,25.040485,0,0,0,0,0,2,109013.82,132588.83,110588.266,116660.56,114426.46,84688.3,5603.4414,-2794.8796,10417.459,4545.2744,5067.8115,4040.2139,0
107484.36,1,2,1,38.832466,0,0,0,0,0,0,-20582.18,24356.453,32893.492,6158.3203,7808.9478,7472.162,-2502.0168,2654.4988,5779.487,-2961.8071,-298.88025,6136.094,0
116377.48,2,1,2,29.04677,2,-2,2,0,0,0,-25723.773,10115.607,20320.559,1106.199,16460.34,9415.229,-1653.7318,2571.457,5821.982,-4194.0786,1586.099,2803.3127,0
110170.2,1,2,2,30.674906,2,-2,-2,0,-1,0,-24145.57,-1217.9161,14188.362,4857.3438,15913.7,5914.625,-329.994,895.4037,6615.4463,-2769.4922,2119.44,3567.4868,0
102641.086,2,2,2,25.268066,-2,-2,-2,2,2,0,-28073.352,-3224.4124,26612.39,5046.9062,51513.406,24879.373,-469.65463,-147.47475,6854.127,-4272.5366,309.71838,953.9618,0
141880.78,1,1,1,46.035545,1,-2,-1,0,-1,0,-4160.1094,10439.639,21639.238,12445.199,6482.3755,6584.328,-2467.721,303.5111,14019.095,5213.1,3313.0269,6507.1567,0
106580.53,1,1,2,24.425335,0,0,0,0,0,0,-22347.055,5953.3105,26686.207,5952.258,16602.281,9381.305,-2859.5042,1462.1678,5955.121,-2638.2456,1430.017,3741.9905,0
112774.69,2,1,1,44.396107,2,-2,-1,0,-1,0,-15627.445,8766.979,20270.523,6869.832,8107.7095,5446.9805,-1800.9432,2322.1294,6764.8657,-1673.2959,1789.173,4789.6777,0
85981.49,2,1,2,25.23676,2,-2,-1,0,-1,0,-22463.953,2281.5994,13606.519,5958.676,17729.607,6930.7188,-274.6356,1198.3751,6573.1675,-3712.164,2211.0273,3236.4001,0
110191.555,2,1,1,45.1701,2,-2,-2,0,0,0,-20251.82,5948.576,26413.568,4055.6326,10558.341,7787.3594,-3451.3728,2814.5261,5982.5483,-4418.2905,1609.5839,3718.1255,0
129507.19,2,1,1,45.444054,-2,-2,-2,2,-2,0,-13805.242,14754.646,27759.85,4695.707,4278.356,5313.828,-3707.362,3827.5574,5440.393,-3139.08,880.1627,4353.415,0
107676.13,2,1,2,24.738129,0,0,0,0,2,0,-13253.941,63763.664,33697.926,8120.789,24131.031,15729.559,-2496.9055,2176.7544,7321.964,-3939.37,597.921,3512.3499,0
114517.08,2,2,2,27.249983,0,0,0,0,0,2,145676.64,153571.28,120665.34,132215.14,112372.12,88223.94,4389.2446,-2634.2961,13234.751,6901.0015,3810.147,1799.2631,0
138974.92,2,1,2,25.401619,1,-2,-1,0,0,0,-9704.512,8220.51,21637.605,10658.602,10639.833,5556.25,-1563.5731,1801.1,6550.9565,-2294.7466,3075.3787,4885.601,0
104464.19,2,1,1,24.606298,0,0,0,0,0,0,-16894.617,23012.695,30586.244,8608.664,14560.417,9498.162,-2467.347,2628.036,6456.0166,2564.7148,1269.9218,4358.468,0
122946.71,1,2,2,43.212936,1,-2,-1,0,0,0,-14748.855,-6065.4785,105120.484,8549.473,12417.179,4235.5156,-2392.703,-14332.499,13371.153,-978.41656,4737.66,6296.8213,0
107111.46,1,3,1,45.005756,0,0,0,0,0,0,-15665.766,41963.656,34396.113,5254.0547,7871.2915,6975.033,-3503.8074,3285.9233,5574.2856,-2715.6147,529.5033,4982.436,0
87164.016,2,2,1,24.981775,0,0,0,0,0,2,14932.977,105974.414,42872.18,14493.6875,59230.363,25645.729,4642.0977,-348.73303,8751.607,2121.7268,3286.2815,2350.752,0
130808.31,1,1,1,45.037376,2,-2,-2,0,0,0,-24667.398,26637.482,42228.996,-1816.508,7630.2896,16028.639,-2914.9353,3422.4297,16354.177,-4621.898,10039.757,-14121.2295,0
119367.875,2,1,1,45.251503,-2,-2,-2,2,-2,0,-15975.422,12027.342,26197.785,4286.2344,6161.4497,5568.215,-3563.2244,3762.2258,5419.4453,-3514.854,954.1764,5249.3896,0
106256.24,2,2,2,44.83163,-2,-2,-2,2,-2,0,-25030.04,6764.955,25715.715,1560.7654,29426.379,7359.088,-3716.1833,3219.0063,5346.2485,17216.111,-311.13806,4316.6616,0
108942.36,2,2,2,44.424183,0,0,-1,0,0,0,2744.9456,121745.47,66286.76,12409.764,23394.389,14064.961,336.1525,1493.9218,9611.99,-2136.2134,679.3551,5231.9077,0
112078.82,1,2,1,27.716053,2,-2,-2,0,0,0,-30910.586,394.13068,13428.015,2602.6287,24547.59,34326.78,1293.6176,772.36755,6517.7373,-4754.2583,29702.488,163.42638,0
98135.72,2,1,2,24.297375,2,-2,2,0,-1,0,-28405.453,6614.3027,13064.315,-88.39477,19822.262,11092.873,2104.3225,1573.4838,6292.8574,-2402.3188,4048.735,183.2418,0
117687.266,2,1,2,34.34663,0,0,0,2,0,0,-20862.96,73663.62,45624.4,-1182.5237,28555.166,21372.145,-5451.5225,2608.4395,5209.109,-2979.7515,-1018.7645,2606.4453,0
111423.72,1,1,2,26.505829,0,0,0,0,0,0,-22742.688,10169.299,29386.695,5073.5273,16333.63,10450.74,-3379.6472,1771.8993,6247.025,-3651.5547,615.3246,4818.522,0
105395.93,2,2,2,24.290077,0,0,-1,0,0,0,-13657.508,86310.06,34516.695,4079.203,40218.46,15974.443,907.99286,1433.5575,7212.8467,-2178.2422,1028.0348,2001.1366,0
111425.88,1,3,1,45.48692,0,0,0,0,0,0,-16638.102,51654.957,39856.016,3410.9373,17518.277,6023.6562,-2978.307,3277.967,6021.0,-2761.588,145.38393,6027.6504,0
106293.49,2,2,2,24.406435,0,0,0,0,0,0,-16290.211,63483.926,32949.72,6156.3477,10778.417,6335.4453,-1304.1786,2283.7778,6698.0327,-3604.9443,434.64197,5471.3325,0
144754.97,1,1,1,45.09706,0,0,0,0,0,0,196026.4,205055.25,135490.92,243000.44,125044.07,123082.84,31313.393,-3860.136,18172.564,19266.832,25098.893,-25328.209,0
118138.195,2,2,2,26.548077,0,0,0,0,0,0,-25124.36,16296.795,34751.883,3410.8748,9049.315,7592.9297,-3635.5955,2433.6313,5765.4937,-1647.4062,-958.99304,5299.86,0
148812.75,1,1,1,39.75543,2,-2,-1,0,0,0,-6639.426,29875.342,19701.746,8120.074,2356.4653,4413.2773,-1274.4823,1955.9415,6193.3447,-1794.5405,2803.621,6488.5938,0
117040.336,2,2,1,42.548958,2,-2,-1,0,-2,0,-16489.96,9179.998,19360.54,7074.6016,9921.126,5377.7734,-1803.5668,3375.6016,6008.779,-3778.496,1713.1366,3636.2402,0
107382.77,1,2,2,30.906092,2,-2,-2,0,-1,0,-24298.523,-983.89276,13603.812,4990.289,16849.387,6080.213,133.2443,919.2147,6802.728,-2817.9238,1530.4396,3591.995,0
108928.555,1,2,1,45.580757,0,0,0,0,0,0,13377.836,123645.766,72206.79,7685.4023,18360.713,12363.648,-1316.8954,1763.8312,7576.9023,3905.5042,856.5919,5868.663,0
102389.484,1,2,2,24.743732,0,0,0,0,-2,0,-17842.39,53348.312,26546.535,6772.211,13377.556,5632.25,399.87613,2196.7737,6040.1895,-3705.3804,1068.2113,4989.932,0
116726.78,2,2,1,38.054836,2,2,-1,0,-1,0,-19842.422,5402.377,22625.45,6688.449,9532.897,5083.617,-2273.7268,2727.003,7320.5806,903.0854,1182.2562,4193.2705,0
113484.26,1,1,1,45.05717,-2,-2,-2,2,-1,0,-20095.086,7138.0605,25744.527,4032.953,6982.969,5271.7344,-3230.325,2344.8464,6934.238,2075.9727,731.6742,5940.933,0
130134.37,1,2,1,37.50953,1,2,0,0,0,0,119442.555,136146.69,97701.38,18543.762,53653.61,29138.518,-2944.8865,2700.4949,10202.274,2744.9878,1526.1212,1621.2145,0
141138.53,1,1,2,39.357384,2,2,0,0,2,0,-16697.39,26156.68,28402.314,2894.7302,6437.844,7947.7324,-5440.2705,3641.8535,6745.0312,-4226.7183,1774.0414,3070.6526,0
108957.484,2,2,1,45.459236,0,0,0,0,0,0,27736.19,123201.7,93676.84,29524.328,24500.371,16041.012,-1354.7865,2377.1895,7316.5576,-1061.4775,296.4818,4387.5933,0
120374.164,1,1,1,44.984188,2,-2,-2,0,0,0,-22229.648,1579.9706,17886.0,12013.617,23478.143,10169.428,-2724.0798,2163.0598,24916.107,-4812.8267,3898.126,2442.6643,0
139087.47,1,1,2,31.112818,1,-2,-1,0,-1,0,-10661.32,6121.0254,18021.65,9282.328,5333.4497,4327.2617,-2212.237,612.0492,8196.72,435.73553,2880.4658,5709.8027,0
107961.234,1,2,1,44.00428,0,0,0,0,0,0,11129.992,121824.74,61931.492,8648.914,16280.577,11033.799,-1275.474,1770.2032,6751.955,-1329.0249,717.8495,5439.4424,0
130598.6,2,1,2,29.13411,1,-2,-1,0,-1,0,-15088.406,4128.201,20706.346,8268.016,8326.177,5503.754,-2011.2245,1143.2738,9000.7,-1227.7183,2427.8127,4357.682,0
94129.555,2,1,2,28.243176,2,-2,-1,0,-1,0,-18347.0,7671.412,15843.481,6434.758,12905.837,6741.408,-242.62778,1591.225,6034.2935,-2714.9785,2357.1018,4674.4424,0
135046.73,2,3,2,44.648193,1,-2,-1,0,-1,0,-11664.18,10101.791,22943.904,8202.828,5147.93,4540.9375,-2283.4016,1445.9879,9336.3955,-503.33112,2720.377,5717.9927,0
96352.5,2,2,2,24.77066,2,-2,-1,0,-1,0,-24527.273,4289.541,18940.752,5814.8594,15910.351,16852.346,2527.1443,897.28845,6187.0776,-3191.8237,14050.346,3437.8315,0
85502.61,2,3,1,39.205894,2,-2,-1,0,-1,0,-17454.79,8524.182,16350.847,8067.8438,12614.882,5291.4414,298.882,2116.688,7249.523,-1319.7642,2877.0168,4194.406,0
145199.92,2,1,1,31.448788,1,2,-1,0,-1,0,-896.3124,54451.695,22697.701,11734.371,51.96545,3835.4922,-2458.9133,2228.099,8785.985,346.77948,1344.7894,7076.697,0
113329.1,1,2,1,45.316475,0,0,0,0,-1,0,-758.61707,34235.523,36248.65,4228.5547,-285.72986,7358.41,-4011.3308,2497.6094,9030.194,-2253.0283,153.4098,5149.626,0
128301.86,2,2,1,45.24738,2,-2,-1,0,0,0,-19738.758,3717.7517,27969.74,5568.6523,8731.603,6060.176,-2802.383,2502.539,5873.9023,-3510.349,1097.2128,5024.9795,0
96398.28,2,2,1,42.7109,1,-2,-1,0,-1,0,-13474.02,9034.768,22051.053,11424.545,9789.673,6163.496,-605.96173,2330.3103,15252.9375,3279.2087,2857.9932,4992.472,0
98475.05,1,1,2,33.075626,1,-2,-2,0,0,0,-23048.64,10081.541,24537.184,2804.7068,15547.132,11341.41,-2973.9216,2306.4165,5578.453,-422.78668,3477.7747,4656.0635,0
149074.05,1,1,3,44.325745,-2,-2,-2,2,-2,0,-5248.1445,28266.01,28820.695,5519.203,885.77014,4727.801,-4149.1377,3222.5771,5942.296,272.99677,1236.3488,6257.1113,0
132262.16,2,1,2,30.172056,2,2,-1,2,-2,0,-24494.89,26313.145,24227.904,-2669.4338,8410.774,9281.582,-5028.9805,4659.472,4897.4087,-5484.0435,1197.5372,3575.0234,0
150324.81,2,3,1,45.445988,1,-2,0,0,0,0,-10922.852,40016.406,35002.645,2872.6326,-849.3861,5609.9453,-2519.3264,3454.3955,6532.0186,-2267.859,1299.482,5460.144,0
110189.875,2,2,1,45.584476,0,0,0,0,0,0,6163.551,123264.43,80403.56,7495.7656,13215.903,11675.564,-1969.392,2504.5078,6567.1826,-1137.7202,-583.0487,6036.2534,0
110390.016,2,1,2,31.638027,2,-2,-1,0,-1,0,-13258.262,11519.553,16305.56,8466.758,17407.537,5793.172,-1530.164,2064.8486,6473.2554,7375.111,1872.9501,5395.2104,0
106905.42,1,1,2,24.427336,0,0,0,0,0,0,-18023.375,42704.26,29559.547,5387.8125,26358.57,14557.766,-2508.7947,1594.005,6200.62,-3049.8872,1263.5363,4121.0938,0
141944.45,2,2,1,42.475197,1,-2,-1,0,-1,0,-16652.867,18830.766,23551.23,6664.336,5440.094,5355.617,-1340.5702,2332.6594,7857.153,606.2917,2656.505,5702.097,0
109941.4,1,2,1,44.35486,0,0,0,0,0,0,-21784.531,18678.654,35717.47,5048.367,8306.382,9295.115,-3659.9333,3025.1877,6177.2397,-2290.171,-682.7396,5985.7026,0
95977.49,2,2,1,44.864277,-2,-2,-2,0,-1,0,-16953.516,617.9471,16909.31,9270.422,11597.575,4059.5977,873.78046,1693.0521,7511.847,-1807.3687,1283.2882,4982.4966,0
105232.055,1,2,1,31.58798,0,0,0,0,0,0,-20580.805,38486.867,31433.367,6661.4688,10681.938,7613.6895,-2241.9602,2335.0847,5899.5347,-2933.6992,334.09778,5615.918,0
104732.4,2,3,1,44.367825,2,2,-1,2,-2,0,-24759.227,29510.607,26773.898,-4231.3945,7589.8013,10993.504,-5697.5557,5586.4316,6511.7695,-4215.7417,2040.9401,506.33923,0
99514.21,2,1,2,25.013628,2,-2,-2,2,-2,0,-22427.602,9572.088,18775.447,2341.4607,15246.03,8198.205,-3290.9626,3407.5217,4956.075,-5472.7837,1680.6302,3280.3684,0
98159.38,2,2,1,40.62049,-2,-2,-2,2,-2,0,-22755.773,6373.6895,23538.79,4735.6836,8656.878,5521.6523,-2484.119,3488.3762,5403.024,-3945.984,302.005,4845.9395,0
90666.16,2,3,1,42.71883,2,-2,-1,0,-1,0,-17258.695,10435.533,17731.969,7364.8203,11308.565,5472.289,-362.8607,2297.0193,6430.0454,-1135.7695,2903.1692,4554.315,0
127396.05,1,3,2,44.520874,2,-2,-2,2,-1,0,-18482.883,19115.32,20898.898,2946.781,10682.685,6555.951,-2157.157,1817.4349,5392.0513,-1939.0815,2432.779,3957.1206,0
102311.445,2,1,2,24.38261,2,-2,-2,0,-1,0,-24582.46,2639.908,18967.1,3546.7537,15456.983,9524.506,-2242.2039,2012.0494,6102.039,-2192.4868,3778.5833,-2957.5068,0
120030.31,2,2,2,24.859186,1,2,0,0,0,0,-25645.156,41629.586,34860.258,389.94507,23509.586,15209.168,-4026.7576,3233.956,5830.822,-3270.2007,136.98793,3323.5398,0
106822.37,2,3,1,45.52359,2,-2,-1,0,-1,0,-14382.809,9185.455,20680.08,6788.625,9703.3955,4866.8477,-1702.3676,2436.4949,6507.592,-530.0098,2165.8413,5026.516,0
107277.37,1,2,2,44.632267,0,0,0,0,-1,0,63697.23,127828.68,91816.836,9014.984,3451.5942,4746.2227,-1469.9574,869.204,7738.882,30.477001,64.42592,4521.3936,0
129451.375,2,2,1,41.256214,1,-2,-2,2,0,0,17326.77,22190.393,32682.266,-148.6643,2862.1333,8417.752,-2329.2214,2951.8027,4860.1323,-4556.895,-117.69762,5652.987,0
126360.88,2,1,1,42.97559,2,-2,-1,0,-1,0,-12412.566,10736.49,18761.01,8700.52,6560.27,4748.996,-1745.8744,2248.4941,6947.8726,-1761.0757,2099.8918,5112.1626,0
79606.695,2,1,1,28.645576,2,-2,-1,0,-2,0,-18313.703,9887.553,16846.008,6318.2656,16320.907,6634.824,-1880.1395,3367.1396,5760.5054,-3401.4287,2387.5312,1261.1915,0
132522.12,1,2,1,45.853817,0,0,-1,0,0,2,-6678.508,5271.1387,28214.59,12014.084,10053.985,5290.535,-314.91586,1195.5939,7801.618,-135.15825,1670.2098,6618.41,0
119467.81,1,1,1,42.397125,2,-2,-1,0,-1,0,-9407.336,11438.139,14730.567,10486.369,10229.688,4456.293,-977.4261,2020.0568,11544.965,-2205.1929,3087.0566,4850.4683,0
102130.25,2,2,2,28.509308,2,-2,-2,0,-1,0,-24121.5,-504.02557,15422.087,5372.3867,16396.87,6321.545,-143.80795,1278.4557,6516.867,-3237.7441,1243.2296,3741.425,0
104882.55,1,2,1,44.912518,-2,-2,-2,2,-2,0,-24857.555,10423.322,24392.514,2695.4607,12965.62,6674.955,-1857.268,3327.2654,7552.159,2037.4885,607.44543,3801.8198,0
106932.44,1,1,1,45.65894,0,0,0,0,0,0,15296.707,124752.39,69983.73,20846.723,7220.02,6415.162,-709.46466,1731.4777,11212.491,-2587.588,1079.6764,6360.46,0
111495.266,1,2,3,45.914852,0,0,0,0,0,0,40526.484,123052.914,95161.48,38324.082,-3614.7104,-2745.1914,-1463.5419,1781.1403,10803.699,5988.157,1786.2667,6312.4463,0
106437.9,2,1,2,24.484463,2,0,0,0,0,0,-26506.844,22209.639,33922.918,1264.617,19628.01,14947.582,-4685.5938,3303.8152,5786.742,-2941.8032,86.91908,1048.1205,0
112953.74,1,1,2,32.01781,0,0,0,0,0,0,-21872.023,16101.33,31327.797,4379.336,11543.38,7956.5664,-4027.029,2200.68,6139.643,-2527.4346,159.3976,5538.319,0
127400.22,2,2,1,44.298862,1,2,0,0,0,0,85049.86,136185.19,114324.016,99653.38,99044.945,81515.945,-2254.6155,1922.7992,8671.021,1428.585,2070.6467,2207.875,0
120918.59,1,1,2,40.66373,2,-2,-1,0,-1,0,-17836.414,5404.467,17648.94,5727.836,8560.112,5563.418,-2196.9685,1406.7518,6572.956,-2373.1787,2151.881,5026.3164,0
113452.77,2,2,2,24.285683,0,0,0,0,0,0,-22891.633,17501.773,32061.297,5625.4297,14059.718,9486.701,-2545.1306,2114.394,5749.7896,-2168.5645,425.55286,3034.1548,0
104297.45,2,3,1,45.351112,-2,-2,-2,2,-2,0,-16743.766,13084.9,24697.488,4008.9998,8358.808,5397.2188,-3147.7566,3884.519,5345.104,-3512.3237,1313.4799,4660.757,0
110190.89,2,1,2,24.45575,0,0,0,0,0,0,-21367.14,15645.822,31438.062,5630.332,14878.036,10425.4375,-3139.6702,2142.8677,5747.415,-3663.0835,680.8185,4235.755,0
112742.766,2,2,2,39.633038,2,-2,-2,0,-1,0,-22469.96,-147.9748,18946.352,5676.324,10181.331,5637.6875,-1304.2616,1612.0338,6593.0127,-2826.8623,820.91003,4181.3027,0
113846.21,2,2,1,45.199097,-2,-2,-2,2,-2,0,-20189.406,7735.006,28408.9,3904.5154,6527.36,5553.59,-3124.5388,3557.9663,5376.9395,-3429.9624,62.53627,5445.9414,0
92953.13,1,2,2,27.914944,-2,-2,-2,2,-2,0,-27383.43,-64.02947,14259.692,3285.5232,17741.85,6412.119,-1595.2328,2072.541,5537.278,-4317.5327,873.37854,3259.0806,0
134196.53,2,1,2,26.528975,1,-2,-1,0,-2,0,-11776.285,8609.596,18832.47,9389.051,12344.733,5821.1797,-1953.9315,2303.4324,6720.8716,-3069.8286,3354.901,4367.7163,0
94758.71,2,2,2,25.231644,0,0,0,0,2,2,7643.2773,99457.51,33479.3,13824.8125,54000.137,26006.14,3142.3325,-630.28235,11304.319,-693.1109,2715.2456,3431.817,0
103130.87,2,1,2,33.688232,0,0,0,0,-1,2,102140.69,130739.34,110738.98,120927.38,110502.28,78307.94,3401.1614,-1338.066,10998.927,-3044.8784,3776.8071,1223.5641,0
128352.0,1,1,2,38.694668,1,2,0,0,0,0,137107.5,156602.1,121819.125,130636.984,108153.195,95934.13,-2680.1716,279.22693,10222.947,1249.604,3833.0342,514.2306,0
112337.04,2,2,1,45.24053,0,0,0,0,-1,0,-16299.742,34292.37,35603.254,6497.0703,-1341.2299,5415.91,-3099.4294,3201.8381,6367.38,3169.8318,-965.15564,8099.556,0
108598.93,1,3,1,45.299347,2,-2,-1,0,-1,0,-18138.648,10148.002,21063.268,4561.957,10021.802,6848.326,-164.73373,1747.2201,7586.907,-2895.5918,2631.4944,3530.1572,0
125212.7,1,2,2,25.779829,1,-2,-1,0,-1,0,-15296.352,1116.9042,13652.526,11955.791,30924.959,11962.553,412.73648,-423.68616,10063.11,25341.037,4612.323,2806.0527,0
109268.03,1,3,1,45.520702,0,0,0,0,0,0,-16804.727,42193.883,37087.02,4141.7656,13466.0205,12073.361,-3742.66,3235.5537,6206.998,-2245.6177,406.07214,5506.98,0
129898.44,2,2,1,45.645203,2,-2,-2,0,-1,0,-11546.051,5102.4316,16788.246,11222.861,54771.19,27642.916,-1321.3793,987.34485,6787.1626,25613.459,2937.3909,4160.697,0
102759.43,2,1,2,25.372768,1,-2,-2,0,-1,0,-23387.188,7429.877,19548.838,4771.6953,13299.554,7457.283,-390.41977,1314.631,6797.3433,-3728.0225,2314.954,4019.1104,0
143988.1,2,2,2,45.082333,0,0,0,0,0,0,194953.19,211271.8,149043.7,282566.03,150002.33,143165.8,25362.955,-6346.3047,20581.693,24058.719,16199.332,-22112.48,0
108460.88,1,2,1,44.172596,0,0,0,0,0,0,45776.69,126721.414,103071.73,6874.6016,12504.7,4926.965,-1059.4257,1557.7506,7059.8525,668.0522,709.0851,6952.997,0
106033.9,1,2,2,24.502901,0,0,0,0,0,0,-14652.465,64318.36,29612.994,6382.164,21629.504,8198.529,-1037.2479,1206.6158,6272.7134,-2977.253,906.6898,4661.5767,0
113006.54,1,2,1,44.2712,0,0,0,0,0,0,-21916.305,45018.71,38330.48,3994.828,16386.346,13451.414,-2638.7668,2892.45,6902.287,-1951.6069,-633.0126,5563.822,0
106794.2,2,2,2,27.160822,2,-2,-2,2,-1,0,-31435.492,3954.8533,18788.945,4.3981996,16662.85,10326.5,-1468.0194,1597.0529,5424.672,-675.1236,2380.3003,1872.4974,0
102900.69,2,2,2,39.696297,2,-2,-2,0,-1,0,-23330.438,1448.3573,18381.479,4916.324,9875.216,6224.5586,-1227.9735,1666.931,6570.2627,-2592.0522,792.32776,4413.646,0
110509.49,2,3,1,45.308178,0,0,-1,2,-1,0,8782.574,124464.44,78817.414,28513.105,67174.414,44427.29,-1205.7616,1603.9962,9803.517,1520.4873,2693.9763,5528.702,0
110807.805,2,2,1,36.57633,2,0,0,0,0,0,-17253.61,82098.36,42851.84,4364.547,22899.379,16079.471,-3043.532,3459.1287,5962.2056,-3244.2275,-512.2367,4603.5195,0
102244.7,1,1,2,37.271347,-2,-2,-2,0,-1,0,-22588.734,-3679.4045,12825.526,7212.4414,17058.148,5352.9883,-393.39584,328.76355,7277.9375,2703.0283,1870.349,3739.9275,0
141958.38,1,3,1,44.43429,2,-2,-1,2,-2,0,-4159.8477,31262.004,18759.123,7446.172,4818.61,4715.7734,-2800.3005,3258.7092,6009.3354,-3046.2075,2545.779,4875.637,0
117290.43,1,1,1,45.430862,0,0,0,0,0,0,-17317.516,50393.76,39994.816,3737.2654,6665.1216,7404.6484,-4882.532,3066.9507,5829.23,-1994.4453,-1551.2372,7175.8706,0
111082.48,1,2,2,24.336695,0,0,0,0,0,0,-20871.21,39856.832,31302.371,5353.332,26356.734,13886.939,-1839.6244,1524.6327,6326.684,-2735.5767,392.3058,4361.6064,0
119641.33,1,1,2,26.632454,2,-2,-2,2,-2,0,-21124.578,9731.799,18071.475,2097.2537,14780.767,7571.879,-3110.134,3124.9165,5140.868,-5226.017,2066.79,3422.8184,0
99768.63,2,2,2,24.732473,0,-2,-1,0,0,0,-19264.047,-799.4357,18211.549,8008.6094,15574.19,6061.0703,352.507,684.058,7386.9326,-3353.2607,1766.0592,3866.4856,0
140945.94,2,1,1,45.239464,2,-2,-1,2,-2,0,-9703.84,26319.164,25329.75,5674.16,3788.8403,5926.199,-3422.402,4274.434,5567.9595,-3961.583,1359.995,5656.633,0
98280.6,2,1,2,32.458817,2,-2,-2,0,-1,0,-21223.117,2603.99,16672.037,5516.2656,12292.255,6497.3047,-1914.0726,1591.4701,6370.256,-3249.3535,1758.6241,4002.7598,0
126296.85,1,1,1,45.043827,0,0,0,0,2,0,141847.14,141481.03,118977.33,106168.61,94827.49,69364.305,-1330.0126,580.2269,13840.941,-2435.1953,1821.6263,2992.4072,0
119903.3,2,1,2,29.247654,1,-2,-2,0,-1,0,-16273.0,3972.3337,21686.514,9393.195,11813.827,7285.4824,-1445.3524,1220.246,8169.586,-653.50006,3999.3232,2645.3616,0
121055.05,2,2,2,44.664497,2,-2,-2,0,2,0,-24967.164,2420.068,29977.61,2007.8279,7663.2407,10154.793,-4121.285,2547.1614,8039.443,-4429.3755,104.60072,1756.6749,0
118551.25,1,2,2,32.49725,2,-2,-1,0,-1,0,-22413.883,-100.088066,15301.876,5679.59,13164.392,5489.3594,-386.3846,950.6395,6824.361,-2589.2588,1745.7904,4224.928,0
100414.125,2,3,1,45.20361,-2,-2,-2,2,-2,0,-18034.0,15734.025,25427.822,2886.027,7313.645,6474.2715,-3529.2126,4145.7354,5142.297,-3795.3765,2215.5408,2116.0884,0
112266.37,2,1,2,24.287016,0,0,0,2,-2,0,-24088.453,14428.463,29512.568,1263.9255,6009.512,8588.434,-5562.8438,3111.6816,4908.3184,-4956.1987,53.59926,5112.0415,0
110187.74,2,2,2,24.340132,0,0,0,0,0,0,-23409.953,8739.967,31010.865,6382.539,15605.274,9411.406,-2210.6833,1838.8295,6300.391,-3191.3296,350.59558,4633.682,0
105578.52,1,3,2,24.591932,0,0,0,0,0,0,-20657.383,12237.643,25732.377,6549.035,20133.74,9568.836,-1718.955,1566.0739,5884.9683,-2335.4663,2325.512,3863.6655,0
145778.89,1,2,1,43.43533,-2,-2,-2,2,0,0,148425.73,166105.06,135404.16,175671.45,106491.93,72031.35,-2955.6946,2353.4185,8098.9355,-1442.9482,736.881,-48864.46,0
104107.52,1,3,2,33.125515,2,-2,2,0,-1,0,-26389.664,8667.854,11185.769,1130.6443,19213.22,7322.0566,2640.4695,1484.878,6942.4995,-3184.6357,2411.413,2358.5903,0
112505.555,2,1,1,44.176125,-2,-2,-2,2,-2,0,-16946.586,11916.561,24375.555,4485.6523,7092.9966,5658.0,-3401.9402,3812.1301,5451.0786,-3752.6782,1001.3192,4987.6284,0
119287.84,2,2,1,25.615183,2,0,0,0,0,0,128916.78,139399.81,43732.188,87533.79,89135.016,63436.43,-2102.3958,3246.1125,32176.334,-668.69244,2684.8894,1214.3417,0
110384.63,1,1,1,45.424274,0,0,0,0,0,0,-13358.535,62453.805,42725.387,38816.863,18042.592,13849.629,-3092.3557,2837.0046,6094.227,-937.4664,365.12048,5829.5244,0
85158.19,2,3,1,34.470177,2,-2,-1,0,-1,0,-18400.758,9548.854,16380.546,7393.1836,13669.159,5688.574,231.23843,2280.6443,6471.5205,178.43062,2989.4177,2215.8828,0
105317.445,2,2,2,24.70299,1,2,0,0,0,0,56435.473,126344.555,92136.33,28039.768,61575.23,34935.836,358.62466,1505.2316,9789.073,-650.7652,1983.598,1791.6869,0
117255.69,1,2,2,40.177654,0,0,0,0,0,0,-24366.46,15742.389,33815.44,3846.2224,9846.985,10316.17,-3797.1785,2270.8337,6228.707,-2864.314,-658.22546,5713.435,0
134143.92,1,2,1,35.997646,2,2,-1,0,-1,0,-16793.984,10407.697,19071.842,7728.211,8380.562,4266.703,-1907.3729,1921.3143,10504.304,-1078.6792,2340.6067,4926.351,0
97045.66,2,2,1,34.67121,2,-2,-2,0,-1,0,-17635.75,2452.4783,15088.032,9243.531,14682.103,4662.7695,1202.307,2104.3115,9548.399,-3124.5396,1808.0299,4086.8901,0
125219.39,2,1,2,45.30602,2,-2,-2,0,-1,0,-16558.04,4905.873,24875.861,4712.715,5647.0747,5811.1406,-3376.78,1932.3502,6538.3276,88.007034,886.1627,5102.292,0
105780.664,1,2,2,24.604769,0,0,-1,0,0,0,-23944.703,19793.805,27729.352,3827.2458,15286.821,7436.3145,-171.82993,1535.8202,6689.9673,-3763.624,674.9928,4906.34,0
101634.45,1,3,2,26.59223,0,0,-2,2,-2,0,-3662.3552,10927.225,25144.096,4770.629,7518.739,5620.418,-4030.7683,3103.748,5473.112,-3842.5347,1358.9957,5124.1797,0
111316.6,1,2,2,26.127975,0,0,0,0,0,0,-20866.71,42026.766,31209.107,5003.707,13620.653,6360.658,-2170.614,1746.5385,6047.988,-3370.2026,183.69789,5097.7715,0
112609.49,2,1,1,31.51838,1,2,-1,0,-1,2,8908.586,52391.2,32265.9,9436.008,5237.391,5131.758,-2340.612,3739.4822,6223.2163,-1010.0782,1546.4423,-26227.617,0
106771.266,2,2,2,24.303736,0,0,-1,0,0,0,-18165.79,74634.93,31691.49,3868.2498,38683.59,19322.418,1253.6534,1468.5043,7554.512,-2562.0752,841.82776,3673.8013,0
143088.11,2,3,2,42.25392,2,2,-1,2,-2,0,-15844.43,36479.18,24278.12,-602.7229,3289.7349,7223.588,-5054.5186,4792.7896,4764.865,-5586.849,1397.6378,5183.353,0
123676.95,2,3,2,45.615,1,-2,-1,0,-1,2,-11531.227,27365.176,21762.71,6742.2773,13167.786,10108.666,1632.035,1634.9603,6373.071,12586.144,3144.582,-22877.672,0
118523.26,2,1,2,44.733692,2,-2,-2,2,-2,0,-18205.898,15946.83,26746.623,731.8552,5524.774,7493.5625,-4859.4688,4083.7646,4808.5195,-5158.9243,541.55676,5124.1895,0
94261.18,2,2,1,25.72632,0,0,0,0,0,2,-4250.3633,74953.516,31420.781,10596.234,41491.5,17295.719,2486.841,567.71765,7579.292,1980.1155,2667.5557,4299.6235,0
100434.695,2,1,2,34.423065,2,-2,-2,0,-1,0,-20643.516,3122.4119,17334.51,5608.1836,10978.96,6422.2246,-2029.6835,1634.3265,6396.3447,-3332.1729,1731.1449,4442.799,0
115722.984,1,2,2,29.514778,0,0,0,0,0,0,-24514.742,15170.291,30389.621,4917.1523,13405.718,9461.678,-3085.8303,1833.1735,6398.7056,-3152.8809,-162.94566,5129.9316,0
120940.57,2,2,3,45.28936,0,0,0,0,0,0,-21823.125,45580.875,52811.402,692.8865,7659.9224,14709.096,-5744.4707,3858.0906,5210.886,-3021.3477,-2890.5295,7047.3457,0
120355.22,1,1,2,35.812023,2,-2,-2,2,-2,0,-19285.86,18800.455,21459.3,938.98413,7266.3833,7651.5273,-4224.7256,3813.7388,5125.9272,-5518.4956,1313.8712,2465.7876,0
139342.4,1,2,1,37.224503,0,0,-2,2,-2,0,162920.28,23473.47,36998.945,7041.211,-4023.2378,3804.6562,-4282.672,4112.442,6177.7134,-1491.4038,-2074.5876,7988.7124,0
101540.97,2,3,1,39.339626,0,0,-2,2,-2,0,-8149.7695,21368.59,29315.145,7667.422,1300.6686,4742.6406,-4189.288,4444.6895,5624.6294,-3226.6602,562.4674,6206.6626,0
109691.36,1,2,1,43.050106,0,0,0,0,0,0,-20858.938,46184.496,38414.01,4303.0977,15989.21,13315.547,-3061.9524,2975.96,6203.527,-1808.2495,-487.68542,5430.9556,0
105150.49,1,2,1,24.801487,0,0,2,0,0,0,11796.434,117710.336,53628.03,14753.521,57386.945,4880.3086,5116.9136,928.05945,8624.741,-2518.7075,2377.6719,3593.2158,0
115675.914,1,1,1,45.338055,0,0,0,0,0,0,-20217.64,30757.734,41685.016,2657.1052,14844.323,14007.131,-4578.9834,3188.9895,7267.2393,-2637.587,-783.328,5242.9927,0
108441.38,2,2,1,45.742935,0,0,0,0,0,2,51294.848,123869.484,92783.516,38449.855,78157.85,48112.316,-304.23862,324.1449,8439.329,3660.3018,1640.8209,4668.3794,0
116614.55,1,2,2,44.991085,0,0,0,0,2,0,-19549.367,52199.24,40489.477,4433.6914,16206.575,15909.18,-4429.6143,2730.1213,9543.275,-3583.8696,-1815.0966,6314.989,0
107517.02,1,1,2,29.95826,2,0,0,0,0,0,-24197.484,44460.87,34455.098,228.10522,16798.742,12780.293,-4083.8796,3198.7024,5456.228,-2652.311,-549.5707,2589.8965,0
112980.9,1,3,2,42.821987,0,0,0,0,0,0,-21008.672,21511.598,32213.008,3753.574,10417.347,13784.264,-3813.7517,2479.442,6021.408,-3347.5337,517.3268,5441.704,0
109710.734,1,2,1,43.650925,0,0,0,0,0,0,-18124.29,59406.816,40729.234,4321.8867,17079.215,13714.484,-2803.2996,2882.756,6197.1113,-2095.8862,-367.90564,5597.436,0
125279.7,2,1,2,26.153013,2,0,0,0,2,0,-22755.578,15449.904,33352.547,4553.5977,13391.583,11933.711,-4252.843,3351.7974,6561.463,-4760.9097,-202.03697,4386.471,0
97248.55,2,1,1,38.48701,0,0,0,0,0,2,-5719.6367,70484.13,38532.27,9715.68,35006.426,18718.13,-668.158,1706.7738,7839.965,569.4504,1586.9291,4311.1562,0
104510.39,1,1,2,34.79675,2,-2,-2,0,-1,0,-20961.016,3306.7283,14678.335,5224.949,13118.931,6449.5293,-1339.8192,1227.2301,6574.5693,-1706.0898,2165.7214,4409.472,0
111075.54,1,2,1,45.55463,0,0,0,0,0,0,27699.238,125112.2,75596.76,12903.617,50270.945,29834.84,-2071.931,1840.6749,7722.26,473.88202,302.84534,4782.5503,0
105878.69,1,3,1,44.136738,0,0,0,0,0,0,-16438.82,36238.324,33085.8,5435.4375,10480.562,8917.143,-3172.425,3178.141,5705.444,-2576.3052,735.7147,5268.667,0
135443.81,2,1,1,41.98728,2,-2,-1,0,-1,0,-13278.727,17804.572,18602.709,7753.5156,8756.177,5515.711,-1356.8422,2387.1597,6397.167,-1001.0455,2702.67,4773.775,0
138153.23,1,1,1,44.471394,2,-2,-1,0,-1,0,-8038.1562,15884.607,17479.393,9329.586,5264.012,3896.2734,-2278.8542,1519.3524,6696.3306,2664.611,2637.068,5237.18,0
121268.84,2,1,1,44.615494,-2,-2,-2,2,-2,0,-15682.578,12880.779,24669.406,4973.3047,6563.821,5408.551,-3314.1912,3786.963,5494.8135,-3505.9893,1175.1215,5126.831,0
106567.59,1,2,1,45.517807,0,-2,-1,0,-1,0,-16089.82,3623.3376,18577.998,8478.117,8439.417,5035.9453,461.736,767.9457,7757.2593,1825.071,1575.9701,5414.1636,0
101631.89,1,3,1,30.15875,0,0,0,0,0,0,-17176.453,45014.88,29444.68,6847.2695,22090.107,17047.41,-1329.9633,2504.0667,7265.245,-2033.1533,1696.4113,3868.8616,0
132368.22,1,2,1,45.143696,-2,-2,-2,2,-2,0,-18032.39,8682.982,24631.307,4709.0,6614.61,4445.8438,-2664.2776,3057.0613,5663.4487,-2813.9263,818.34143,5487.121,0
107749.625,1,2,2,34.08703,0,0,-1,0,0,0,-21572.094,49490.26,30662.258,2213.695,17970.418,12872.283,-1433.2108,1995.0902,7352.8125,-2527.8755,-53.64781,5253.1377,0
109467.664,1,3,1,45.74891,0,0,0,0,0,0,36466.125,126200.79,70657.195,10885.693,41979.375,24448.05,-2046.2235,1953.1139,7300.819,39.558544,1487.839,4695.348,0
96032.11,2,2,1,35.2737,-2,-2,-2,2,-2,0,-23121.648,4666.002,21503.572,5201.133,10556.458,5568.2695,-2000.8529,3296.393,5508.606,-4001.4185,563.3624,4524.001,0
91377.92,2,3,1,38.314663,-2,-2,-2,2,-2,0,-18101.945,11991.67,20898.049,5852.9688,10324.511,5317.7266,-2247.9304,3636.2092,5521.4883,-3785.8613,1817.7286,4109.5757,0
110304.52,1,2,2,24.370962,0,0,0,0,0,0,-20960.133,42108.34,31164.758,5475.7734,20649.832,10825.646,-1646.327,1520.7816,6631.1006,-2347.8428,547.0812,4353.7686,0
96176.79,1,1,2,25.26352,0,0,0,0,0,0,24032.37,117806.33,55597.63,10432.42,30551.896,12564.896,158.23697,529.2567,7507.781,-2561.4092,2321.1343,4113.4688,0
152418.55,2,1,1,45.64559,0,-2,-1,2,-2,0,703.39075,37976.152,26441.02,6949.3906,-1236.7181,4724.246,-3302.784,2983.814,6683.1133,-2141.859,219.22572,7150.85,0
151785.62,2,1,2,35.93728,1,-2,0,0,-2,0,-9953.965,30761.383,28550.793,4533.2344,-1707.8041,5597.9453,-3961.1091,3322.5715,5803.173,-2631.1992,840.08167,6978.4346,0
100420.75,2,1,2,27.40632,2,-2,-2,2,-2,0,-22921.484,12499.318,21259.234,859.2302,11696.208,8276.502,-4161.6094,3958.0383,4885.026,-5700.2964,960.8334,1083.7943,0
106531.74,1,3,1,45.78599,0,0,0,0,0,0,20639.365,125132.65,77399.055,28219.617,11293.954,11273.186,-1499.3973,1967.0563,8180.5913,-112.73247,2299.8945,3078.451,0
141797.27,2,1,1,45.559185,2,-2,-2,2,-1,0,-8503.117,24766.174,27655.219,7138.0,1626.7194,5519.5977,-3837.3708,3247.4695,5804.249,1284.356,528.0399,4476.0005,0
112052.41,1,3,2,40.88583,0,0,0,0,0,0,-20653.89,24272.855,31575.625,3864.0818,9998.47,9596.826,-3425.5789,2547.695,5597.1997,-3179.2427,601.3009,4723.034,0
118364.766,2,2,2,25.951021,1,2,0,0,0,0,126763.59,154091.67,119793.984,138778.45,108037.305,96643.09,-537.6663,44.404167,10947.877,1328.9497,3168.6147,-439.23083,0
148156.77,2,1,1,45.666656,-2,-2,-2,2,-2,0,-3109.0427,25376.652,26754.08,7775.914,-375.17517,3858.7344,-3551.613,2613.2568,6542.1743,-1210.9863,427.19568,6918.419,0
108888.4,2,2,2,24.712862,0,0,0,0,2,0,-15309.539,61789.207,33741.56,7998.414,32720.506,20137.193,-1327.0463,1975.4584,8913.231,-3683.6758,183.11781,4256.0376,0
112343.625,1,2,2,45.274723,0,0,0,0,0,0,4697.582,124074.69,72214.89,7531.465,7814.6665,6969.4277,-2385.9387,1591.962,6333.68,-1667.8188,252.7057,5639.757,0
97557.41,2,1,2,25.167707,2,-2,-2,2,-1,0,-23524.5,10961.908,20303.803,2819.5388,13356.282,7638.6523,-2922.7986,2490.8123,5448.0156,856.5048,1073.1302,4727.7803,0
106479.12,1,3,2,24.569405,0,0,0,0,0,0,-16721.828,19175.773,27233.309,5930.449,19273.084,9705.998,-1861.0873,1782.6476,5904.1523,-3200.646,1929.7074,3116.2363,0
116564.375,1,1,1,33.60752,2,-2,-2,2,-2,0,-24230.898,13601.158,27538.77,-2434.5002,5234.067,11941.986,-5867.203,4476.477,4318.2183,-5590.5376,3948.1812,-22857.797,0
107995.43,2,2,2,24.089132,0,0,-1,0,0,0,-22018.148,69629.83,31192.168,2726.7498,36353.336,20642.936,1879.5275,1556.5328,7435.632,-2210.2158,1844.8177,2719.5654,0
119569.99,2,2,2,45.213684,0,0,0,0,0,0,-23328.242,25694.223,42824.61,1938.488,5507.606,11995.613,-5027.991,3158.9739,5328.1787,-3012.4424,-2552.7844,7407.908,0
117549.24,1,2,1,45.172443,-2,-2,-2,2,-2,0,-21116.922,4030.6814,28098.064,3010.5076,6687.1294,6395.2188,-3586.994,2891.9097,5369.788,-3347.6924,-173.73521,5719.858,0
145556.66,2,2,1,40.536003,1,2,0,0,0,0,-14411.848,70036.03,45774.574,2134.6052,15283.097,14885.723,-4222.705,4044.2969,6315.6016,-1195.3774,745.23694,5159.851,0
121163.76,1,2,2,39.913357,2,0,0,0,-1,0,143034.77,174196.75,26382.234,3237.3318,7383.5864,8281.236,7954.105,-248.60854,6466.01,-1302.5532,-1231.0902,5063.607,0
129767.28,2,1,2,26.115993,1,-2,-1,0,-1,0,-16676.25,8222.557,20962.676,6611.133,9434.8955,5911.172,-1730.7968,1238.7933,6603.5366,-2442.4805,2597.305,5167.2124,0
98576.96,1,2,2,25.762413,0,-2,-1,0,-1,0,-19389.18,-4014.3733,10430.487,9418.461,19399.041,4862.754,1847.7831,-377.04065,8176.581,-2430.7246,2601.461,4129.3633,0
104442.48,2,3,1,44.950703,0,0,-2,2,-2,0,-10335.746,25206.504,33045.727,5617.9766,-163.49939,4947.5117,-4714.866,5041.906,5572.621,-3316.6606,-521.22107,2797.3052,0
110188.56,2,2,1,44.15829,2,-2,-1,0,0,0,-19839.328,15535.287,25684.736,5596.754,10892.245,7191.582,94.07633,3009.6494,5600.9824,-3780.6606,701.21985,4104.6577,0
97835.86,1,1,2,26.636093,2,-2,2,0,-1,2,-22808.727,32270.314,5699.3696,3493.7107,34313.3,8850.602,11492.925,270.74646,10687.944,-5376.694,2441.5005,-18062.383,0
110290.38,2,1,2,45.204365,2,-2,-2,0,-2,0,-16981.367,8060.0645,23373.607,2956.1052,8304.515,7355.1523,-4119.09,3024.623,5528.9844,-4470.2427,1260.028,4910.1216,0
130923.13,2,1,1,45.285446,2,-2,-1,2,-2,0,-10270.75,26860.496,26698.654,4254.4844,3519.9302,6403.1367,-3358.1736,4502.756,5330.6455,-4337.52,1050.6237,5641.867,0
104774.05,2,2,2,31.272978,0,0,2,0,0,2,77251.66,125956.984,105531.68,88577.414,106129.97,69187.09,7365.7173,-1715.1183,10070.366,4094.2896,3981.059,2162.8987,0
103157.87,1,3,2,24.612274,0,0,0,0,0,0,-19476.055,22796.88,27356.865,5906.8086,21180.682,10398.68,-1766.514,1721.8627,5995.6714,-3133.5405,2010.0438,3664.963,0
103107.805,2,3,1,25.34119,0,0,0,2,0,0,52401.285,123198.19,91531.64,44226.85,83063.11,53967.28,742.4714,1143.2089,5963.8115,-196.85112,2911.0176,1214.5548,0
140393.06,1,3,1,44.113167,2,-2,-2,2,-2,0,-11321.832,21379.402,22023.36,4376.5156,5032.723,4973.121,-3666.0027,3495.111,5319.1284,-3427.54,2210.9968,5248.6543,0
105856.86,1,3,2,24.621847,0,0,0,0,0,0,-20944.625,12370.08,25899.219,6389.0977,20530.049,9716.068,-1743.7606,1600.2179,6513.686,-3039.586,2216.7793,3824.694,0
111026.16,1,1,2,25.439104,0,0,0,0,0,0,-22930.906,7901.799,28026.264,5329.824,16525.803,10256.697,-3135.203,1650.5592,6521.7134,-2663.8853,977.0155,4680.8076,0
105886.16,2,2,1,44.7807,-2,-2,-2,2,-2,0,-21931.195,8207.354,27258.002,3707.4607,7584.5317,5746.7227,-2875.6199,3609.0286,5405.3457,-3250.5522,131.0514,5184.202,0
109457.14,2,2,2,45.41505,0,0,0,0,-1,2,-19200.844,6630.533,32172.686,7872.492,15018.491,10120.986,-2200.3684,828.0326,17936.865,-1460.001,617.0956,5650.253,0
107847.0,1,3,1,45.305557,0,0,0,0,0,0,-15622.867,53220.35,37608.473,3961.242,15774.048,12628.527,-3426.3005,3249.1213,5890.5933,-1559.3398,635.89075,5129.582,0
110555.414,2,2,2,25.809381,0,0,0,0,0,0,133950.73,153693.05,126705.164,9180.949,18606.344,13570.719,-254.98813,583.8529,7233.761,-1818.5688,583.67175,6413.8066,0
116273.09,1,2,2,45.20396,0,0,0,0,0,0,-22837.0,31207.348,39487.766,1912.3708,6810.766,9219.066,-4863.508,2792.8647,5452.9287,-2981.2397,-1947.3524,6963.6304,0
127598.734,2,1,1,44.402,-2,-2,-2,2,-2,0,-14126.57,14280.529,24342.154,5752.6406,5855.024,5120.004,-3198.4958,3730.9038,5575.664,-3242.8315,1316.4269,5272.688,0
113051.27,2,1,1,44.903347,-2,-2,-2,2,-2,0,-17043.453,14038.963,25330.836,3927.4568,6787.137,5864.871,-2975.4211,3783.9077,5383.507,-3776.1494,907.76404,5086.4346,0
112633.12,2,2,2,26.028877,0,0,0,2,0,0,-157.89828,117116.984,57021.227,3252.5818,59113.887,32529.121,-1240.5853,435.7865,6121.078,-275.31842,1043.661,3736.2234,0
117673.73,1,2,1,41.925556,0,0,0,0,0,2,26503.523,118921.1,62241.516,30664.736,64905.52,33606.65,1852.5411,173.27086,13636.6045,1209.2202,2385.7908,3475.0405,0
113043.05,2,2,1,45.28187,0,0,0,0,0,0,-20356.984,39543.613,44171.625,3517.5662,9440.839,11976.152,-3453.3083,3599.367,5553.143,-2407.1655,-1860.5023,6731.644,0
121199.66,2,1,1,44.29074,-2,-2,-2,2,-2,0,-15563.023,13030.924,24403.445,5133.1523,6584.9497,5406.9688,-3268.8728,3790.4382,5513.895,-3509.1738,1206.2804,5108.866,0
116575.83,2,3,1,45.395985,2,-2,-1,2,-2,0,-13593.539,22800.22,24223.041,3767.4724,7021.184,6521.783,-3462.903,4503.4053,5159.4834,-4600.112,1752.3864,4751.2256,0
109562.23,2,2,1,29.947851,0,0,0,0,2,0,94142.25,133651.4,114934.12,109584.125,99549.77,72904.56,1383.4222,548.59314,12465.697,-2782.7896,1867.5167,3281.0288,0
108360.91,1,3,1,45.74812,0,0,0,0,0,0,15999.582,122154.086,69128.5,6833.004,29003.326,17684.252,-1922.2714,1971.5668,6886.4307,-556.51764,1471.8182,5237.2666,0
113525.62,2,2,1,45.329853,0,0,0,0,0,0,-20227.844,28266.488,43056.71,4079.1912,5439.5825,10619.678,-4246.466,3657.6882,5802.2754,-1696.979,-1949.7552,6574.268,0
104725.0,1,2,2,37.94524,2,2,-2,0,-1,0,-28096.04,1423.5175,18844.852,1296.4451,11026.894,9666.217,-3676.0085,2237.954,12078.823,-3981.1982,3465.1106,-949.1908,0
139769.69,2,1,1,45.13732,2,-2,-1,0,-1,0,-6796.293,19559.852,18891.41,9972.539,2601.1685,4058.7344,-1995.5048,1611.1932,6823.4604,-1198.7534,2405.5889,6521.1904,0
128443.414,2,2,1,45.33865,-2,-2,-2,2,-2,0,-17449.11,9997.088,28461.69,4776.8867,5023.2974,4996.551,-3019.8743,3505.6912,5503.113,-2933.766,226.49745,5766.409,0
112669.75,1,2,2,45.15369,0,0,0,0,0,0,9524.973,125624.03,72671.234,5620.125,19107.45,13909.709,-2259.7366,1420.1146,6665.861,-1342.189,144.11244,6029.5146,0
130465.055,1,1,1,43.547726,2,0,0,0,0,0,145230.45,149223.61,119018.56,107956.37,99961.664,76517.33,-2341.0383,1196.7562,8479.79,985.63324,2637.5986,2336.966,0
115842.234,1,2,1,43.394455,-2,-2,-2,2,-2,0,-21779.29,6113.6074,23339.045,4377.117,9254.839,5054.465,-2323.8713,3147.9731,5570.065,-3458.8926,768.65295,4864.299,0
111292.12,1,2,2,34.203438,2,0,0,0,0,0,-30695.562,5807.1113,28262.799,879.69116,13670.763,9453.613,-3888.8894,2676.4524,6324.347,-1692.8955,-844.48914,3389.6707,0
110235.664,2,2,1,45.566944,0,0,0,0,0,0,24213.225,124019.055,89112.59,10357.211,23893.205,17604.49,-1722.3226,2442.4265,7297.3037,-254.28325,-237.49596,5399.2188,0
114102.49,1,2,1,45.30257,0,0,0,0,0,0,-12992.742,35994.777,40918.145,3377.2263,5823.649,10379.156,-4322.958,3303.345,5909.867,-1565.7129,-1614.4115,6531.0596,0
109847.17,1,1,2,32.176212,2,-2,-1,0,-1,0,-17985.281,15370.92,14857.179,6068.117,11476.743,5679.91,1687.413,1429.6847,6259.5283,-2670.308,2038.0331,4372.96,0
109288.16,2,3,1,45.750294,0,0,0,0,2,0,-5343.324,90480.46,53807.168,8791.289,18246.256,13131.551,-2789.6213,3285.0405,6828.437,-2582.0918,71.071915,5885.626,0
98785.25,2,1,2,38.875774,2,-2,-2,0,-1,0,-19472.602,1007.86115,17484.488,5703.9062,11090.288,6756.16,-2315.6394,1602.2052,8797.053,-3191.936,1719.7089,4566.227,0
100283.02,2,2,1,24.582533,0,0,0,0,0,0,-11098.137,76501.73,37736.97,7856.242,34785.594,9930.057,-111.57601,2091.031,6685.674,-2138.121,1091.7645,4159.6426,0
106471.055,1,2,1,45.51807,0,0,0,0,-2,0,-15300.406,23717.174,31663.082,7116.961,6317.2153,8205.0,-3285.0935,3690.0552,6013.522,3448.1262,-550.58044,6849.6074,0
111453.24,2,2,1,44.5995,0,0,0,0,0,0,-20406.281,30787.584,40572.297,4831.617,8200.628,10696.336,-3777.786,3542.7148,6069.8525,-2560.1753,-1443.6761,6495.091,0
111233.195,1,2,2,24.331186,0,0,0,0,0,0,-23675.656,19928.535,30625.34,5273.1875,22695.307,12140.275,-1926.3597,1490.9393,6830.3525,-2762.8115,404.90906,4196.4214,0
139549.62,2,2,2,45.10508,2,-2,-2,2,-1,0,-19029.438,13617.912,27826.594,2462.7615,1995.7897,6574.924,-3772.6511,1763.0519,5350.126,-1265.3843,-62.812363,6653.4204,0
112310.4,2,2,1,44.61121,0,0,0,0,0,0,-18655.883,57535.945,45217.277,4287.9336,15331.036,14287.365,-3288.8162,3402.0151,6480.6973,-2202.311,-1153.9818,6047.331,0
127799.266,2,2,1,45.39344,2,-2,-1,0,-2,0,-13405.879,13288.689,23125.598,5976.047,6965.7036,5570.383,-1197.1737,3062.9802,5869.8716,-3348.5518,1249.2174,5522.028,0
99890.45,1,3,1,43.65518,0,0,0,0,-1,0,-12267.059,17241.469,24919.463,8607.164,6033.7114,3836.9336,-1849.2733,2463.5027,8496.238,-1867.4458,1786.744,5732.519,0
124895.87,2,3,1,43.85634,1,2,0,0,0,0,-10023.613,85695.56,46994.57,5296.3047,31205.79,17247.035,-4044.0232,4395.5986,8938.184,-1016.68854,2269.0515,3053.8586,0
134651.6,2,1,2,29.435055,1,-2,-1,0,-2,0,-12361.758,9490.826,19699.762,9052.598,11662.989,6056.371,-2398.736,2341.601,8980.912,-2757.0781,3168.2903,4339.5923,0
110143.54,1,1,2,29.8263,0,0,0,0,0,0,-20729.992,37286.21,32205.006,4020.0896,19629.52,10845.8125,-3559.2498,2225.3257,5998.2803,-3297.3633,349.8197,4998.041,0
112075.13,1,3,2,40.899982,0,0,0,0,0,0,-20322.273,23586.277,31587.283,3912.8826,10636.827,10009.41,-3343.1404,2511.0583,5650.9224,-3067.1118,622.31116,5215.9385,0
95256.63,1,1,2,24.42478,0,0,2,0,0,0,35868.367,120054.14,72356.305,6663.1914,42893.76,18713.676,3246.885,-175.41518,7514.6514,-1574.1665,3128.1138,3629.3718,0
104118.305,2,1,2,34.1298,2,-2,-2,0,-1,0,-20526.914,4038.779,18476.879,4997.711,9835.673,6613.0957,-2559.2024,1928.1393,6498.429,-3020.9873,1630.6227,2515.5547,0
137700.58,1,1,1,44.390743,2,-2,-1,0,-2,0,-10487.59,14297.982,18606.4,6793.7656,6522.0786,5103.043,-3028.779,2457.9805,5994.869,-2960.9404,3183.2917,5389.623,0
144239.5,2,2,1,36.824894,1,2,0,0,0,0,131496.58,148275.05,121322.74,128704.375,103266.59,90309.19,-2504.4148,1212.2208,10370.825,2716.0957,2951.0408,2235.6577,0
150351.69,2,1,1,45.295612,0,-2,-2,2,-2,0,-1436.7225,28703.5,24008.117,9081.375,-158.6322,3669.4297,-3303.1785,2318.0732,6919.2275,-923.89655,980.55115,6715.3154,0
143798.89,2,2,1,45.47159,0,-2,-1,2,-1,0,-13435.371,23084.576,28699.947,5257.7734,-992.683,4627.9844,-3482.5876,3289.965,5813.1514,2274.8594,-235.0106,7589.0737,0
94373.195,2,2,2,31.656162,2,-2,-2,0,0,0,-24087.68,2885.0447,22487.377,4544.703,19242.455,6787.162,-978.5159,2180.8901,5634.016,-4353.7407,873.5941,3320.5344,0
138057.73,2,1,1,45.370026,-2,-2,-2,2,-2,0,-11621.836,16067.189,26158.516,6108.3906,4241.442,4799.754,-3332.4373,3590.5417,5614.2427,-2782.9307,1248.0948,5678.221,0
110294.69,1,2,1,43.631866,0,0,0,0,0,0,-20340.312,42259.793,38962.77,5569.1953,7458.1196,8502.008,-3255.1423,3073.1956,6214.473,-367.92584,-565.8827,6124.993,0
117542.66,2,3,1,45.241737,0,0,0,2,0,0,-9209.898,102037.78,60145.617,648.449,21378.324,19702.541,-4616.5225,2798.69,5182.4316,-2667.646,-159.88072,5232.863,0
96677.01,2,1,1,43.287914,2,-2,-1,0,-1,0,-18310.375,8548.783,20028.05,6509.7188,9463.157,5734.7305,-1236.2352,2371.5757,6830.526,332.88397,1647.9098,5005.391,0
143458.14,2,1,2,44.038017,1,-2,-1,0,-1,0,-6233.047,28129.785,20601.812,9680.953,773.7545,5028.59,-1765.641,1498.2081,8271.387,-980.84235,2366.2498,6620.108,0
137987.02,1,3,1,45.418064,2,-2,-1,0,0,0,-12812.184,8697.951,25706.643,4069.281,5630.594,5581.578,-3306.3806,1966.8951,6308.0806,-2748.6172,1894.9122,5088.235,0
111116.15,2,2,3,45.310444,0,-2,0,0,0,0,-17905.312,13837.779,35341.145,3263.8826,1613.817,6912.871,-3131.2551,3115.6716,5362.0605,-3568.8994,-808.8729,7036.8364,0
107831.06,1,2,1,43.538754,0,0,0,0,0,0,11186.992,122496.18,63520.582,11816.572,47309.684,26828.86,-1033.2782,1649.8456,7549.908,344.78607,781.74426,4307.7104,0
119268.19,1,2,2,28.698198,2,-2,-1,0,-1,0,-22798.219,-466.7287,14585.534,5774.711,15640.165,5646.883,111.92448,821.53357,6898.9897,-2607.3984,1984.8759,3990.6448,0
109901.1,1,2,1,43.384464,0,0,0,0,0,0,-9809.02,68178.53,41762.027,4330.9062,4713.8403,6034.59,-3441.3347,3065.7947,6210.747,-2187.893,-1419.9515,5619.298,0
102753.945,2,3,1,45.152676,2,-2,-1,0,-1,0,-20884.508,14440.264,27612.4,2242.195,5956.606,6140.4355,-3280.4265,3829.2783,6291.8945,-1289.3574,756.80896,-23858.094,0
101369.19,1,1,2,42.600746,-2,-2,-2,2,-2,0,-23457.977,11416.795,23355.22,81.91773,7061.016,7055.582,-3983.8103,3513.4634,5798.605,-4703.678,279.06482,995.57434,0
114367.125,1,2,1,44.898846,-2,-2,-2,2,-2,0,-22527.906,6986.0137,24950.955,3279.0076,9148.94,5624.199,-2351.3494,3131.378,5944.591,-2947.3115,672.2389,4958.1924,0
138905.08,2,1,1,43.98058,2,-2,-1,0,-1,0,-6893.246,16611.01,18516.686,10629.785,3567.1177,3783.7695,-2208.8357,1717.2445,7015.0786,-541.7393,2109.6428,6325.3696,0
107479.3,2,2,2,24.659536,0,0,0,0,2,0,-19713.344,35658.59,30521.559,7771.258,15946.474,11934.465,-1211.9901,2234.4666,7150.0923,-3827.7485,115.91518,3432.6953,0
99689.57,2,2,1,27.965319,0,0,0,0,0,0,30724.557,118223.27,78525.93,29860.287,22442.139,5226.3047,1416.4664,1788.8063,8011.7505,-1358.8994,1878.6425,5228.1533,0
141427.1,1,3,1,45.613148,-2,-2,-2,2,-2,0,-6249.258,19801.506,23434.63,6640.043,3693.2856,3850.0117,-2937.9158,2535.1907,5830.1226,-1546.9048,1991.475,5889.0195,0
146608.56,1,2,1,45.84974,0,0,0,0,-2,0,176376.17,159658.84,128844.06,11073.941,-3285.3745,4031.0781,-1314.0663,1140.9564,6293.7573,-885.58795,-676.3197,9076.281,0
99039.38,2,1,1,24.566566,0,0,0,0,0,0,-14379.895,56037.273,33734.87,7671.797,28538.29,16593.705,-1701.6713,2317.1548,6995.5425,-2086.3032,1950.8148,4796.117,0
148648.48,1,1,1,45.123436,1,-2,0,0,0,0,-3068.9294,30682.041,133908.81,144477.66,104203.984,89208.15,-5969.1514,-10114.209,7615.311,847.6772,1943.5411,-33111.87,0
98072.49,2,1,1,37.902218,2,-2,-2,2,-2,0,-20143.242,25378.852,23380.27,2503.7263,8100.1,8835.234,-3003.7937,4420.908,6141.316,-2070.0625,2207.6807,2783.0112,0
102286.664,2,2,2,24.457932,2,-2,0,0,-1,0,-27605.633,25689.324,17052.727,4235.547,20957.113,7094.963,13366.993,880.6229,5754.908,-2101.8174,1102.712,3256.82,0
139470.38,1,1,2,35.575153,2,-2,-2,2,-2,0,-12587.383,19350.414,20289.68,3726.7263,5715.4146,6227.4434,-3854.4822,3406.0376,5441.224,-4324.396,1754.348,5159.2534,0
134583.83,2,2,2,32.703606,2,-2,-2,0,2,0,-21856.547,2599.197,22960.062,4407.1836,6187.2583,9864.416,-3327.1501,1828.9767,6562.9165,-4031.856,2547.263,3056.599,0
126103.56,1,2,1,45.44573,0,0,0,0,0,0,140514.52,151631.34,125369.875,137070.88,81548.84,91771.03,-548.555,-129.76625,14267.33,6201.1245,2655.1023,-2004.7948,0
138793.16,1,3,1,45.94396,2,-2,-1,0,-1,0,160.29312,28167.512,14717.501,12820.646,6447.7075,3621.5508,540.9455,678.5106,7806.418,-116.00786,3632.7004,5806.937,0
113074.74,2,3,1,45.465813,0,0,0,0,0,0,-16421.281,43580.188,41451.645,3993.0544,9461.362,12143.182,-4076.5476,3706.9246,5821.717,-2174.5977,-268.9984,5889.0938,0
110607.45,1,2,1,45.020844,0,0,0,0,0,0,-20641.148,42657.547,40747.58,3456.0076,10850.999,10393.135,-3573.91,3198.7742,6415.096,-1697.2124,-927.1327,5578.3745,0
112582.76,1,3,2,44.77528,0,0,0,0,0,0,-20214.578,26469.967,33966.605,2821.367,9771.726,10262.59,-4348.249,2689.1477,5571.06,-2170.7295,263.28113,5768.5,0
115616.74,2,2,2,35.887836,0,0,0,0,0,0,-23246.258,22648.924,34968.336,4594.789,8524.657,10497.936,-3693.1511,2670.497,5700.4814,-2973.5771,-663.2323,6329.296,0
99965.44,1,2,2,24.77458,2,-2,0,0,0,0,-28681.906,37832.477,17694.28,2044.5583,30935.98,10281.689,9104.695,901.08484,5882.0396,-4310.8306,814.6647,1010.14294,0
123501.414,2,1,1,43.63106,2,-2,-2,2,-2,0,-21138.781,18819.176,29901.059,-113.9143,2962.602,8012.2773,-5469.378,4891.458,4508.069,-5193.14,732.6427,-317.99353,0
100331.11,2,1,2,24.985006,0,0,0,0,-1,0,-9128.797,55722.453,24768.738,11137.697,20187.307,12380.27,-1150.6019,1617.6552,6940.308,8403.726,1924.0016,4888.471,0
112902.83,2,2,2,40.612564,0,0,0,2,0,0,-2606.3474,113901.836,107982.68,3578.6794,47741.04,30608.064,-3126.4714,1307.1957,5811.211,-1310.5093,663.0248,5398.303,0
108152.305,2,2,1,28.93515,0,0,0,0,0,0,-20669.719,41935.855,34689.332,6509.508,18230.053,13765.434,-2031.5819,2772.831,6552.6216,-2599.749,342.03723,5060.2207,0
98140.71,2,3,1,24.801405,0,0,0,0,0,0,-15528.383,42621.348,29911.387,8582.801,21383.148,10707.564,-1044.4066,2674.0718,6777.098,-2727.0464,2086.6177,3584.4807,0
89351.16,2,1,2,25.598862,2,-2,-1,0,-1,0,-19185.719,3050.529,14798.991,8081.203,19591.99,6639.5703,-292.20297,1432.5763,6216.8867,-1467.3999,2717.1694,3200.3843,0
100399.85,2,2,1,28.008783,0,0,-1,0,0,0,-12273.309,92830.47,35938.098,6148.926,41473.484,20502.844,2082.3687,1705.8834,7587.6846,-1559.9209,1222.2594,3921.0808,0
114087.73,1,2,2,36.490208,0,0,0,0,0,0,-22936.898,36204.3,34126.457,4074.3318,11967.927,10593.211,-3251.578,2236.0564,6360.2944,-3007.4575,-462.75085,5524.462,0
109159.92,1,2,1,44.415714,0,0,0,0,0,0,20635.77,123412.15,64929.47,7251.3555,42073.758,24133.68,-1252.1117,1749.0128,7355.069,-353.60504,587.11194,4822.464,0
112667.14,2,2,1,45.527702,0,0,-1,0,0,0,8239.836,121488.73,74870.09,14046.801,44170.73,6196.2676,-28.523766,2231.4705,7426.0396,-2197.4673,609.45984,6793.5957,0
115372.42,1,2,3,44.614513,0,0,0,0,0,0,15866.664,125699.37,77681.4,522.4685,3135.6372,2566.914,-4964.71,3843.1936,5889.501,-3261.8838,-2595.3132,-22942.076,0
116459.12,1,2,2,26.366117,0,0,0,2,2,2,21122.88,120306.086,40432.8,7595.1875,65684.086,23665.238,4051.117,-1521.4581,6895.961,3589.3801,2722.1685,3395.928,0
118849.42,2,2,2,44.904602,2,0,0,0,0,0,-6003.6133,86863.41,49801.656,-355.95337,22239.385,20672.693,-4496.5703,3489.5117,5712.2686,-3110.9106,-2153.5383,4851.575,0
142381.78,2,2,1,45.27193,1,2,0,0,-1,0,-15254.805,51527.8,47031.633,1914.9333,523.1764,4643.4023,-3431.9724,4215.6357,5783.0957,2114.253,316.16785,7134.3003,0
126091.945,2,1,1,34.750973,0,0,2,2,0,0,57310.26,126723.984,103715.51,53922.938,79519.984,50845.492,-175.34848,952.3353,6030.1484,-318.52545,2298.604,2993.0146,0
104232.55,2,1,2,27.927773,1,2,0,0,0,0,243.87125,116698.4,27856.95,3814.3162,15228.19,8303.754,-3828.0466,2663.5874,6701.393,-1599.6816,627.65515,1389.5004,0
104459.04,2,2,1,37.16627,0,0,0,0,0,0,13994.145,120012.13,69731.57,20644.752,21863.293,12847.959,-38.86068,1897.5516,8207.575,-591.64703,1145.8068,5104.8037,0
108383.945,1,2,1,44.96109,0,0,0,0,0,0,3227.0588,119990.1,65655.98,14647.504,21491.244,13350.428,-760.6893,1911.506,8664.2295,-334.74615,1037.0267,3701.1125,0
144456.58,1,1,1,45.409473,0,-2,-1,2,-1,0,-6801.422,38572.426,24865.707,4733.3594,-1311.3744,5157.883,-2437.922,2536.0378,6168.3325,1923.1404,2218.3115,7503.0083,0
138526.94,2,1,1,27.168436,1,-2,-1,0,0,0,-10076.484,6901.283,23438.203,11264.775,12322.306,6272.1484,-1982.4965,1758.6466,9282.017,-2272.401,3293.2913,4634.4844,0
103528.65,2,2,1,43.06562,1,-2,-1,0,0,0,-20326.719,3221.826,31020.21,5242.754,25732.23,15558.008,-2114.6296,2937.6528,9591.093,-1564.4297,1164.1942,4193.827,0
120320.414,1,2,2,30.439606,2,-2,-1,0,-1,0,-22712.773,712.24396,15343.097,5369.5977,13913.767,5913.492,-116.63412,963.6317,6515.25,-2215.2827,1900.2684,3288.4365,0
102733.805,2,2,2,23.986076,2,-2,-2,2,-2,0,-30816.336,3411.5642,21770.178,350.07788,14755.358,19475.533,-3297.197,2378.5408,5055.282,-5415.222,11956.339,1845.2382,0
114436.48,2,2,2,44.6934,2,-2,0,0,0,0,-30533.844,21987.273,33035.74,-2216.3323,11172.862,11995.711,-2999.6238,3366.074,5260.1265,-4907.2017,-1727.9052,-2018.6215,0
125668.97,2,3,1,45.543503,-2,-2,-2,2,-2,0,-12588.199,15537.639,25595.51,5231.3906,6560.489,4901.758,-2981.6462,3702.1516,5519.7974,-2814.3994,1678.8824,5075.8623,0
127898.14,2,1,2,29.107994,2,0,0,0,2,0,-23160.055,33498.895,36504.26,2735.4568,11804.694,16098.885,-5108.627,3880.589,5794.793,-4951.7944,335.391,1720.5433,0
112046.8,2,3,1,45.52061,0,0,0,0,0,0,-15186.281,44836.84,41256.938,4837.051,5745.1763,9340.027,-4126.048,3786.1445,5903.0156,-2395.3047,-534.2992,5881.1685,0
103935.0,1,2,2,24.37433,0,0,0,0,0,0,-23115.195,16254.318,31469.057,5178.746,18897.543,9510.816,-1160.2836,1535.5345,6512.098,-3048.9663,540.82385,4381.412,0
99891.44,1,3,1,43.801983,0,0,0,0,0,0,15479.387,118376.88,65995.53,23565.098,22056.07,11893.756,-98.89095,1980.3585,8101.767,-1040.3345,2722.1526,4440.435,0
140891.9,1,1,1,45.367638,-2,-2,-2,2,-2,0,-11437.3125,12068.713,26713.58,4567.3945,2689.395,5377.8594,-3955.9177,2829.147,5506.586,-2640.9854,627.1449,6331.4775,0
140572.22,2,2,1,42.67192,1,-2,-2,0,0,0,-18573.266,34501.043,30051.16,4824.34,2633.309,5784.7188,343.33267,2680.719,5751.302,-2736.83,781.24036,6009.0737,0
109345.06,1,1,2,28.193186,0,0,0,2,0,0,8681.363,100912.586,50245.48,2081.9607,50615.832,29003.562,-3755.3572,1334.1339,5730.2695,-2113.69,444.338,1647.268,0
127533.76,1,2,2,27.040152,0,0,0,0,0,0,184577.52,199754.84,129662.44,117606.445,96549.914,64736.78,-1933.4569,-1566.9415,10001.113,-482.13483,81.0226,-3615.358,0
107806.06,2,1,2,27.474632,2,-2,-2,2,-2,0,-22565.367,12037.76,21323.734,1409.3162,12377.089,8186.797,-3855.5984,3820.079,4956.333,-5600.352,1219.2946,1911.9606,0
111705.15,2,3,1,45.637913,0,0,0,0,0,0,-8612.477,79042.555,53952.277,7114.2617,2564.227,5769.035,-3244.4167,3259.8533,6314.5176,-2611.4014,-162.79576,6636.885,0
107662.27,2,2,1,36.44156,1,-2,-1,0,-1,0,-13388.234,4812.7637,19511.312,11207.576,10622.2705,4597.551,394.9479,2126.6372,15774.54,-749.3697,2396.4648,5107.4224,0
110153.58,2,2,1,45.296124,0,0,0,0,0,0,-19628.016,16331.033,40086.26,5244.125,3111.7427,7158.416,-4128.826,3662.5583,5808.553,-2926.6992,-2027.869,6421.8037,0
106235.555,1,2,3,44.197243,0,0,0,0,-1,0,18299.066,120367.516,66968.734,12080.393,12131.067,7298.785,-1516.2782,1658.4628,6726.7754,5651.6772,902.9806,6813.787,0
115961.664,2,2,1,44.340164,2,-2,-1,0,-1,0,-18898.36,18121.932,20545.312,5945.3945,7711.2876,5508.5117,1569.1075,2173.9395,6545.7554,-2868.107,1051.3456,4051.8494,0
138691.31,2,2,1,43.54069,2,0,0,0,0,0,-21673.656,15916.865,38284.934,3470.9841,4181.8247,8025.17,-4545.865,4230.0977,5338.137,-2482.0303,-1216.0902,5906.4683,0
103439.65,1,3,2,24.609785,0,0,0,0,0,0,-17400.656,44688.73,28070.846,5669.9062,27130.684,13582.178,-1567.0468,1792.6757,6212.5767,-2802.063,2068.45,3452.5864,0
106131.93,2,1,2,24.463634,0,0,0,0,0,0,-17640.492,45263.188,31847.35,6090.3477,15115.22,9950.57,-2645.5022,2090.9465,6442.452,-3659.6152,990.59875,4504.211,0
120916.37,1,2,2,43.084976,2,0,0,0,0,0,90399.4,137238.25,112815.76,91104.92,99260.63,75340.73,-2534.0208,815.0404,7829.2524,467.20892,919.94055,2451.246,0
92953.41,2,2,2,24.97812,0,0,0,0,0,2,22568.164,114036.664,49465.67,13439.363,63045.465,28844.293,4200.469,-963.90247,8395.826,590.10394,3102.7202,2412.3132,0
105007.78,2,2,1,31.876503,1,2,0,0,0,0,-4724.2227,101682.57,45395.844,4148.9883,27455.85,14469.951,-3101.3787,3225.7546,7200.388,-1161.269,939.78015,2908.7698,0
112954.01,1,3,2,45.51282,0,0,0,0,0,0,15088.484,137174.33,71624.13,5734.258,18535.771,13318.307,-2802.782,1186.2604,6477.117,-1785.44,1090.4767,5208.4033,0
107744.65,1,1,1,45.183155,0,0,0,0,0,0,10863.141,120463.66,70512.65,6764.7383,21343.518,15008.711,-2273.2463,2065.2678,6712.52,-198.32964,980.64685,4281.0527,0
107373.09,1,2,1,45.308113,0,0,0,0,0,0,62887.73,127852.586,104633.48,31569.393,27636.615,17085.604,-548.4876,1572.6637,8845.937,-29.383839,1121.0697,5087.45,0
147694.7,2,1,1,39.873074,-2,-2,-2,2,-2,0,-3129.5427,26401.748,21834.52,10138.777,1146.8131,3817.9336,-2953.6008,2478.469,6761.935,-1314.0161,1335.7072,6410.8535,0
103086.56,2,2,1,43.517918,2,-2,-1,0,-1,0,-20249.844,3711.1033,20594.25,6552.074,10383.462,5376.551,-1335.4828,2285.4922,8594.368,1207.6338,1060.5731,4883.436,0
107430.11,2,2,1,45.430855,1,2,-2,0,-1,0,-21929.469,27344.668,35830.254,2379.574,3850.0396,7783.4434,-4535.1367,3701.9556,11561.589,2641.7212,1273.3417,2099.521,0
111966.914,2,1,2,24.312393,0,0,0,0,0,0,-22321.406,15406.205,32734.217,3862.3357,13066.405,7895.6973,-3649.362,2183.4138,5582.3237,-51.94292,303.37268,5013.0625,0
105556.0,2,1,2,30.658087,2,-2,-2,2,-1,0,-22627.023,12749.924,22883.459,1907.6326,6638.6294,7503.5,-3561.786,2745.9644,5384.293,-1090.3877,732.36707,4697.5083,0
103379.94,2,2,1,45.632423,0,0,0,0,-2,0,63992.406,127598.43,112320.83,13518.49,1656.5006,3245.6328,-70.94613,2690.2056,6601.805,-1242.7603,85.19594,7483.672,0
115101.64,1,2,2,26.095316,0,0,0,0,0,0,-24585.25,14771.115,29263.88,5122.2227,16175.888,9686.922,-2726.8806,1657.5704,7039.352,-3240.9692,86.39223,4220.9883,0
144406.31,1,1,2,29.095179,0,-2,-2,2,-1,0,-4703.1484,26020.578,27604.234,498.43726,8150.563,7021.42,-5422.3477,3907.842,5257.1064,4805.73,-11.586289,-22455.32,0
112883.75,1,2,2,43.3843,0,0,0,2,-2,0,-20807.781,50308.285,35115.008,218.09741,-409.42126,6848.5664,-5866.494,3961.4192,4774.6377,-4343.235,-2032.9344,6652.631,0
131716.22,2,2,1,26.756962,2,-2,-1,0,-1,0,-14431.656,4855.26,14921.45,10191.43,12219.45,4356.492,246.75748,1445.8094,6981.2295,-1623.4404,2513.8008,4764.862,0
150721.0,2,1,2,43.497944,1,-2,-2,0,-1,0,-6018.043,32418.932,28351.188,4751.9453,-5239.308,6900.207,-3823.1287,2207.0024,8057.0664,814.9714,5933.995,-22285.475,0
147150.22,1,1,1,42.339043,0,0,0,0,0,0,191097.58,212935.66,151692.17,277618.7,142810.38,144469.22,7558.982,-3488.0989,14277.624,3116.3171,-2285.5872,-3047.5854,0
100671.59,1,2,1,24.501501,0,0,0,0,0,0,-19267.875,45626.1,30974.133,7291.5938,26870.816,13192.021,-756.06915,2027.0421,7113.8086,-1756.7368,837.6383,4043.6877,0
148378.61,2,2,1,44.43337,0,0,-1,0,0,0,162291.39,170854.66,134479.92,153817.75,102080.7,80946.234,11087.649,-402.90344,12090.48,4562.251,1898.5277,5422.323,0
138978.47,1,1,1,45.548996,2,-2,-1,0,-1,0,-8625.961,21042.326,20384.953,6740.121,2286.7583,4768.6055,-1269.0927,1078.7855,6281.179,-705.2789,2312.5833,6803.0503,0
115061.9,2,1,1,42.77424,2,-2,-1,0,-1,0,-15181.898,8733.729,19538.643,7412.5547,8034.8677,5571.7188,-1433.036,2364.052,7100.7124,-1174.9951,2080.25,4450.204,0
109457.54,2,1,1,44.973,0,0,0,0,0,0,-12363.953,74786.05,51171.094,5601.6484,16566.832,14764.559,-3535.4304,3266.229,6443.5576,-1748.3579,24.728653,5670.6953,0
119917.41,1,2,1,41.323822,1,-2,-2,0,0,0,-23980.203,3633.2244,28602.588,4415.926,14174.948,10625.707,-3796.697,3082.0422,11762.134,2275.004,954.11975,-10300.722,0
116305.73,2,1,2,45.161102,0,0,0,0,2,0,-17626.586,57802.242,47751.797,3995.9646,14599.044,18664.393,-4885.7715,3373.6238,6794.3394,-4023.6904,-1567.8339,5540.0234,0
93707.59,1,3,2,27.282446,0,0,0,0,0,0,24261.025,119569.23,57935.57,12253.193,30674.668,12657.52,835.39813,932.4457,7428.832,-1997.1885,3008.189,3409.126,0
111261.46,2,2,1,45.608624,0,0,0,0,0,0,22558.447,123693.46,91195.06,27860.195,61391.652,37665.035,-1933.2714,2113.5212,7658.989,-195.89604,-314.661,5467.7993,0
104556.62,1,2,1,43.964684,2,-2,-1,0,-1,0,-21975.266,155.81818,19864.34,5960.4375,12598.478,5251.6367,-1157.0834,2031.0455,9902.939,-345.5821,1379.232,4597.2437,0
117462.65,1,3,2,45.33214,0,0,0,0,0,0,-20054.71,44200.035,39886.04,1704.7107,13732.263,14225.045,-4837.248,2726.686,5650.1094,-2352.0146,-396.21912,5971.171,0
96161.61,1,2,2,37.46632,2,-2,-1,0,-1,0,-19742.75,3465.5447,11489.14,8059.711,21848.434,8713.035,1516.5399,1058.9486,8797.732,4394.415,2059.9736,3988.2922,0
114585.914,2,2,2,43.48353,0,0,0,0,2,0,-17301.031,62854.586,45489.508,6190.0,20721.56,19463.852,-3764.703,2992.7646,8389.218,-3644.0747,-1778.5326,6264.2554,0
109994.375,2,1,2,45.37891,0,0,-2,2,-2,0,-12954.406,17919.35,37536.453,2819.2068,-2412.2026,6222.994,-5767.176,4254.934,5006.771,-3745.1558,-2013.9012,7348.408,0
111751.24,2,2,2,24.194214,0,0,0,0,-2,0,-21579.406,53545.125,31076.314,5687.633,10296.948,14215.025,-2211.576,1857.9606,5684.0303,-3830.5498,10334.9,5309.884,0
135099.1,2,1,1,44.492332,-2,-2,-2,2,-2,0,-12433.473,15844.928,24491.086,6429.926,5143.989,4861.2695,-3131.6858,3638.6772,5661.3545,-2956.04,1412.5968,5451.8555,0
86190.45,2,1,2,26.14175,2,-2,-2,0,-2,0,-23102.344,2349.693,18916.629,3913.07,18963.334,8058.367,-2721.5232,2244.448,5579.004,-5059.4546,1992.692,2943.5918,0
103954.25,1,3,2,44.23654,0,0,0,0,-2,0,-14541.551,24971.904,27667.975,5049.5,4856.438,5145.621,-3350.1921,3341.3564,5526.1562,-3373.8784,922.91565,5801.2085,0
108997.41,1,3,2,45.65024,0,0,0,0,0,0,15783.449,124594.48,69603.26,5674.789,19800.033,13107.002,-2053.7156,1534.8292,6967.785,-1581.1128,1595.8729,4933.002,0
102641.54,2,3,1,25.889263,0,0,0,2,0,0,-24998.195,16389.904,30522.49,1757.5583,17625.492,10545.764,-3496.6238,2879.7388,5093.823,-3295.7822,741.2467,3046.492,0
142858.1,2,1,1,42.359108,0,-2,-2,2,0,0,-16994.781,38791.99,25770.184,2050.445,17785.61,8654.516,-875.78546,4521.3833,4414.027,-4252.858,57953.957,-1644.5609,0
112733.336,1,2,2,45.25376,0,0,0,0,0,0,27487.252,126367.47,88568.85,4631.301,27143.217,17698.133,-2345.653,1366.994,6872.9766,-1048.6362,259.6964,5489.437,0
111454.5,2,1,1,33.51201,0,0,0,0,0,2,118655.016,136017.06,115639.945,126884.055,110070.85,89689.26,3206.414,-1287.8419,10483.314,5604.544,5285.4106,2610.8574,0
109082.93,1,2,1,42.03849,2,-2,-1,0,-1,0,-21220.914,3058.5603,19157.72,5630.4023,11138.522,5793.367,-922.6702,2005.6029,10822.086,-705.21783,1621.4156,2276.1506,0
109515.3,2,3,1,45.172676,0,0,0,0,0,0,-15241.289,58075.992,40705.4,4181.176,14334.528,13190.41,-3463.1257,3627.9233,5797.832,-2138.146,754.7809,5174.8013,0
119063.23,1,1,2,39.50952,2,2,0,0,0,0,55144.77,124674.67,82559.914,34742.74,83886.91,58424.598,-2752.4583,1393.8561,7661.0767,2124.384,4134.726,3574.1055,0
96317.98,2,1,2,25.017527,0,0,-2,0,-2,0,-12150.449,3619.8064,22271.4,8600.527,10849.884,5661.4883,-2953.4695,2196.2078,6168.792,-3759.416,1993.6674,4904.851,0
107750.36,1,3,1,45.827984,0,0,0,0,0,0,43183.324,125262.945,83081.05,25440.824,57805.367,31023.756,-1617.8666,1756.5526,7630.482,690.82904,2068.2754,4319.0312,0
100811.125,1,1,2,24.897266,0,0,0,0,2,0,26786.363,120260.99,28531.828,12231.6875,27027.52,13394.635,-583.5511,528.29675,7781.6597,-3169.1313,1626.413,4286.735,0
98113.78,2,3,1,25.461363,0,0,0,0,0,0,-14990.82,44568.953,30531.023,8575.609,16176.22,5783.0664,-1165.8148,2835.0898,6653.333,-3083.895,1725.6141,4506.325,0
132496.66,2,1,1,43.53863,-2,-2,-2,2,-2,0,-12474.457,15827.084,23899.531,6534.4766,5249.485,4940.9414,-3078.8328,3678.6526,5685.457,-3032.4663,1423.8839,5394.0537,0
103764.94,1,2,2,29.27468,-2,-2,-2,2,-1,0,-27935.828,-2090.764,17499.338,3154.9724,12949.679,5825.035,-1462.7406,1286.6237,6012.6523,-2934.8804,-109.78746,1994.5226,0
105046.16,2,2,1,45.175095,2,-2,-1,0,-1,0,-22796.5,-391.80682,24586.209,4907.496,12023.112,6790.506,-2186.3103,2001.4818,18621.777,-534.61774,733.2208,4753.187,0
148879.58,1,1,1,45.618126,0,0,0,0,0,0,203237.77,199472.17,138798.95,247269.88,107591.03,92370.82,216.71011,-2124.9734,19583.643,4106.969,3310.0154,32.42052,0
122372.4,2,1,2,30.520119,2,-2,0,0,0,0,-22042.547,17334.918,24601.63,1933.8904,11362.587,8091.1367,-582.60333,2933.033,5431.989,-4946.0464,1195.1188,4257.6587,0
127500.71,1,3,1,44.933224,2,-2,0,0,-1,0,-13251.25,18959.348,18155.553,6835.832,11159.169,4734.8164,306.4982,2477.7197,6729.678,-2402.315,2981.1504,4377.0,0
147753.05,1,1,1,45.122395,0,0,-2,2,-2,0,-413.50766,28645.406,31709.408,8652.527,-2727.1167,3496.996,-4008.9724,3292.7778,7170.8545,-932.1807,-275.42224,7613.715,0
142871.86,1,1,1,43.077553,0,0,0,2,-1,2,-5492.211,59913.312,24580.336,9694.699,2371.1763,4397.9727,-961.2347,973.05725,6297.377,2189.1582,1850.295,3374.2014,0
110697.79,2,2,2,24.292791,0,0,0,0,0,0,-21072.484,42807.92,33182.992,5917.8164,23625.016,13899.85,-1843.7953,2047.6012,6415.0513,-2902.8726,233.78969,4608.9023,0
96682.14,1,2,1,25.068321,0,0,0,0,0,0,16382.715,119871.84,55907.64,16809.904,50156.723,8121.42,1533.2177,1088.7697,8538.169,422.95526,1954.5653,4180.661,0
100636.96,2,1,2,47.35918,0,0,0,0,0,0,221053.31,228708.73,157140.52,225300.25,135789.3,119504.57,23277.07,-8978.522,64315.117,20254.6,10553.008,-41090.76,0
139702.6,1,3,1,45.51244,2,-2,-1,0,-1,0,-9218.02,23246.025,19139.184,6431.742,9533.792,6500.617,-1383.3334,1685.0802,6478.0234,3454.2834,4155.7886,4138.884,0
91982.93,2,1,2,31.157785,-2,-2,-2,2,-2,0,-23276.219,6277.1543,20505.13,3092.8865,12181.261,7027.965,-3587.8943,3094.8386,5354.7734,-918.8931,1012.67395,4220.3906,0
133963.73,2,2,2,43.704414,2,-2,-1,0,-1,0,-17092.96,5524.2715,20440.322,6263.9883,5014.7583,4828.4297,-2000.4027,1700.4003,6425.7505,-2068.2446,1084.5677,5712.7847,0
140278.67,2,2,1,44.36056,2,2,-1,0,-1,0,-19968.875,16078.299,26726.23,2513.4958,3707.8013,5473.492,-3653.0847,3257.3628,11814.888,2072.0457,1505.9818,2288.769,0
153847.8,2,2,1,45.352905,0,0,0,0,0,0,199052.23,200869.47,145467.4,243254.44,127677.27,126337.805,-2463.3962,-2927.7156,16273.581,3085.898,5798.9067,372.9635,0
100166.84,2,3,2,25.54417,0,0,-1,0,0,0,-10476.766,82648.195,33249.004,4452.2617,38990.613,19385.082,186.28531,1861.8021,7183.4824,-2586.5386,2355.072,3361.8225,0
135377.1,1,1,1,33.72289,2,-2,-1,0,-1,0,-12589.551,12632.779,15854.112,8648.582,8115.684,6490.7637,-919.21173,1346.8763,6631.8447,-1030.8003,5568.44,4525.3057,0
82118.086,2,1,2,26.363451,2,-2,2,0,-1,0,-26377.383,12190.518,10844.257,2117.1404,20589.645,7989.584,3353.4346,1942.1229,10825.737,-5091.281,1916.6578,1366.7609,0
149634.25,2,1,1,45.161022,0,-2,-2,2,-2,0,-12990.945,29897.45,39126.56,-700.67993,-4772.8823,6432.3574,-6019.01,5768.2495,4799.7417,-4128.692,-1423.4012,-24005.041,0
95653.48,1,2,2,24.844408,0,0,0,0,-2,0,18906.53,120949.23,61368.387,12324.57,14329.962,4419.7734,1662.6427,872.47253,6972.137,-2460.977,2473.1626,4903.499,0
141992.1,2,1,1,42.683,2,-2,-2,2,-2,0,-9401.809,29119.957,23402.781,6654.7305,4113.6685,5612.9883,-2478.1868,4252.1367,5625.618,-3831.5244,1493.5995,5518.9707,0
112125.94,2,2,2,25.102728,2,0,0,0,0,0,14291.441,122626.43,57668.76,6280.8984,51271.71,28004.506,-854.75226,1832.6393,7575.0513,-1718.0024,1311.6371,1897.691,0
118753.29,1,1,2,41.368076,-2,-2,-2,2,-2,0,-20015.36,8780.432,22547.428,2715.5623,8253.507,6230.6953,-3615.7224,2963.7678,5510.731,-4035.8462,1282.1141,4744.2275,0
139649.28,1,3,2,36.542706,1,-2,2,0,0,0,-19768.633,16683.164,21479.248,2252.324,11458.019,9045.537,-2789.8884,1642.4196,8978.486,-3721.0332,3105.5515,4360.06,0
144276.58,2,2,1,45.43966,0,-2,-1,2,-2,0,-9227.242,29785.336,28536.322,4978.367,-425.9408,5150.2266,-3070.0398,3960.0127,5650.3525,-2811.3599,-260.1361,6980.494,0
110226.0,1,2,1,45.030437,0,0,0,0,0,0,-20125.86,48128.41,42113.105,3255.2615,16561.717,14256.227,-3508.6228,3111.635,6421.0767,-1917.3911,-727.3856,6049.2764,0
115765.555,1,2,2,42.888645,0,0,0,0,0,0,-21863.734,52819.332,39869.094,2764.3474,17326.992,14534.625,-3743.4949,2508.3801,6287.931,-2190.685,-843.16345,5626.8115,0
116088.36,1,3,1,45.26626,-2,-2,-2,2,-2,0,-16204.719,10624.424,24584.496,3082.7654,8228.526,5933.7617,-2850.922,3236.2317,5385.5376,-1657.4507,1370.6364,4673.379,0
105090.76,1,2,1,34.505695,0,0,0,0,0,0,-12448.008,79589.73,41308.504,6028.6562,32794.766,18548.719,-1164.7064,2071.81,6942.7964,-1545.8506,473.63684,4739.1187,0
90546.39,2,1,2,28.572268,2,-2,-2,0,-1,0,-22483.96,1543.6776,17331.455,5443.6836,15908.731,7049.115,-1991.9501,1671.9254,6862.963,-81.00737,2041.1127,3051.9856,0
125749.445,2,1,1,29.353659,1,2,0,0,0,0,-7925.625,95789.37,51736.188,8139.289,42618.34,27170.504,-3869.03,3890.3342,6676.1294,33.293896,2287.94,656.05334,0
113943.06,2,3,1,45.471317,0,0,0,0,0,0,-17073.82,22117.63,38805.31,4403.8984,4550.4536,9565.998,-4565.249,3762.6138,5957.259,-1868.3345,-539.1239,4870.566,0
98199.65,1,3,2,25.568937,0,0,-1,0,-1,0,-17879.734,3134.1736,18680.186,9011.617,13722.849,4541.0312,-166.30649,634.3363,7653.7065,-1221.4653,2694.1995,4037.9158,0
101871.76,2,2,1,43.6397,2,-2,-1,0,-1,0,-18970.39,15733.17,20456.195,7411.4883,12193.708,7351.494,1160.5848,2766.425,6819.49,3018.374,1067.7225,1456.7941,0
116093.52,2,1,2,27.281342,-2,-2,-2,2,-2,0,131956.03,150066.08,110797.21,25606.146,26903.797,6948.2656,1025.3827,1213.973,6486.692,-3662.9297,1990.4738,1525.1676,0
100855.086,1,2,2,24.597063,0,0,0,0,0,0,20670.012,121535.37,60295.53,13640.377,59966.258,9133.229,690.4538,584.3109,8215.004,-2219.0815,1728.7738,3793.1196,0
134784.42,2,1,1,44.717056,2,-2,-1,0,-1,0,-10734.152,14192.932,19796.729,8874.844,5826.141,4423.3477,-1657.1444,2149.6592,6811.284,-290.89313,2085.1775,5682.6,0
119655.63,2,2,1,35.23839,2,2,-2,0,-1,0,-23165.148,5574.326,24640.146,5461.047,9949.233,11265.816,-1865.2831,2380.054,9062.292,-3227.3545,9339.053,3188.6538,0
135401.02,2,1,1,45.23589,2,-2,-2,0,0,0,-18685.492,6124.299,29905.254,3370.8357,5720.6216,8096.547,-3664.1335,2279.3308,7564.7397,-3871.4824,1852.4083,5624.4077,0
100291.5,1,3,2,25.907372,0,0,0,0,2,0,-12259.152,68487.305,32308.193,7834.8516,35824.863,21336.344,-1528.4154,1925.037,8063.6807,-3566.9585,1912.868,2547.0828,0
110925.31,1,2,2,24.214426,0,0,0,0,0,0,22825.69,124585.68,59833.74,4798.383,15588.687,6511.6562,-1638.5131,1514.9052,6469.255,-2139.211,45.972794,-20059.332,0
139831.4,2,1,1,45.04687,-2,-2,-2,2,-2,0,-10862.094,17026.965,25380.621,6621.34,4204.899,4673.621,-3207.9656,3565.8953,5693.7915,-2716.8203,1361.8014,5671.0747,0
110809.445,1,2,2,24.38248,0,0,0,0,0,0,-22814.508,13244.42,28076.975,6602.0273,22914.91,13389.41,-2446.902,1532.1266,6174.582,3844.8557,582.8839,3879.076,0
108201.53,1,2,1,45.718376,0,0,0,0,0,0,59025.477,127551.1,98099.516,11248.984,54311.16,21854.535,-778.6932,1054.3715,10664.488,17187.434,1396.8773,4783.5454,0
133092.6,2,1,1,45.347,2,-2,-2,2,-2,0,-13412.207,28142.758,28271.164,3298.6365,4449.18,6881.0137,-2926.1858,4481.5396,5108.567,-1556.9004,1580.0741,4644.6255,0
130420.2,2,1,1,45.388836,-2,-2,-2,2,-1,0,-14933.039,10922.389,30296.34,5029.8164,2014.5319,5356.082,-3785.6511,2794.121,5787.3945,2660.936,-645.90173,7249.5005,0
112056.76,2,2,2,24.155107,2,0,0,0,0,0,-25993.867,16299.576,32917.21,1670.9529,10509.54,8356.682,-3615.0408,3908.1167,5128.7427,-5258.429,-687.037,4807.2314,0
102065.25,2,3,1,43.790092,0,0,0,0,0,0,14486.234,119442.37,70252.88,9773.461,10485.458,7064.0,-899.48566,2342.8958,6889.221,-1417.8071,2046.8104,5383.8223,0
109854.31,1,1,2,27.953598,0,0,0,0,0,0,-20217.188,40306.21,31790.553,4363.758,22635.967,14486.664,-3256.3757,2060.6567,6274.7065,-2652.7378,420.9994,4969.454,0
113722.57,1,3,2,40.457706,0,0,0,2,0,0,-28135.031,25578.459,32504.533,-2261.5667,15208.413,15856.121,-5295.7764,2487.3264,4926.0376,-1658.645,1174.9323,4572.9814,0
142513.73,2,1,1,43.763336,-2,-2,-2,2,-2,0,-6657.0,22470.033,23668.463,8572.707,2358.2349,4054.4922,-3049.7205,3093.2615,6186.014,-1989.854,1355.3724,6091.0327,0
115303.625,1,2,2,40.16852,0,0,0,0,0,0,-22517.508,37769.96,36016.277,3290.4802,16503.8,14282.799,-3838.9275,2390.9036,6481.1343,-2264.6855,-674.9481,5471.043,0
132781.66,2,2,2,34.148327,1,2,0,0,0,2,-19315.578,35386.367,32440.438,3348.699,16850.877,11797.406,-2626.156,2872.3506,9891.6,79.77095,890.4369,2100.0027,0
113940.28,1,1,2,43.281116,2,-2,-1,0,-1,0,-17485.398,5082.217,19312.893,4676.0703,8747.954,5961.5234,-2341.5881,1710.1964,6252.996,-2472.4268,1843.2548,5194.6865,0
100086.28,2,2,2,38.72452,2,-2,-1,0,-1,0,-18792.07,2749.2322,17497.178,7161.297,12243.003,6133.8535,-653.7332,1688.6124,7025.653,-494.88043,1511.1908,4145.1978,0
111426.59,1,2,1,45.531048,0,0,0,0,0,0,5180.035,111506.88,59686.906,6006.379,28853.477,5253.742,-2149.9275,2303.7004,6888.1978,-1435.2544,-274.8817,6452.901,0
133515.0,1,1,2,42.197365,2,-2,-1,0,0,0,-28187.758,79874.3,39752.574,-5925.699,26338.527,11076.775,461.89908,3483.4111,5629.8276,-5670.6206,-932.1288,-26970.916,0
100284.95,2,1,2,27.064837,2,0,0,0,-1,0,-18945.773,43600.668,28818.875,4748.9883,23329.203,8340.533,-3325.6267,2645.7388,11366.692,5970.654,912.3197,4906.851,0
114919.16,2,1,2,34.204906,2,-2,-1,0,-1,0,-18214.219,4181.967,18293.295,6230.66,9702.386,6051.3555,-2058.1306,1657.2787,6580.387,-2740.8228,1895.3722,4942.8433,0
109763.984,1,2,1,45.013233,0,0,0,0,0,0,10257.48,123132.8,61216.566,6023.535,26052.885,17437.365,-1661.0673,1838.4249,6931.755,-135.96587,844.7418,5169.6265,0
120631.16,2,1,1,27.481005,-2,-2,-2,2,-2,0,-16782.875,8094.2793,20531.336,7070.6523,12884.671,5706.965,-1835.2836,3213.2764,6077.5083,-3755.62,2051.501,3976.4292,0
84396.805,2,3,2,24.661873,-2,-2,-2,2,-2,0,-22205.992,6429.1387,16452.973,4274.9453,18592.54,8240.541,-1212.2592,2619.2463,5280.7456,-4527.727,3736.1921,2712.4883,0
111742.234,1,2,1,45.416683,0,0,0,0,0,0,5422.492,123856.11,73581.94,4583.9297,10465.829,11368.705,-1933.2831,1917.2225,8403.412,-1765.0063,6107.251,2547.3154,0
104850.984,2,1,1,45.168118,0,0,0,0,-2,0,-10243.859,49128.227,32513.129,7792.133,2080.5317,4973.617,-3319.7214,4116.093,5775.1587,-2967.0044,-303.64148,6785.275,0
133651.86,2,2,2,42.314877,2,-2,-1,0,-1,0,-17019.016,5289.7207,19570.145,6618.25,5275.2817,4872.7773,-1832.2054,1640.6813,6476.2603,-2070.0947,1202.3334,5870.7886,0
102747.58,2,3,1,33.910904,0,0,0,0,0,0,-16025.156,34583.227,32188.357,7400.703,11934.593,8758.316,-2792.903,3301.7686,6344.561,-2717.3809,878.3541,5182.4805,0
139160.95,2,1,1,30.701979,2,-2,-1,0,0,0,-6756.6016,16942.658,20114.744,11491.672,9043.909,4921.3164,-1658.7445,2419.2288,6779.7,-2348.065,2579.483,5120.053,0
99067.96,2,2,1,38.664684,2,2,-2,0,-2,0,-23287.742,5612.166,35011.055,4506.25,11417.2295,6015.203,-3530.951,2343.355,5660.7144,-4290.2065,652.9098,2297.7454,0
98551.48,2,3,2,24.5041,0,0,-1,0,0,0,-18602.195,51743.41,27669.674,4474.668,22280.021,10826.936,-5.141442,2275.6687,6275.4565,-3303.4766,2161.083,4073.2244,0
105328.875,2,2,1,45.73902,0,0,0,0,-2,0,-3903.6482,101307.05,48760.92,10715.852,3504.356,4237.207,-1814.3822,3198.162,6129.445,-2067.4673,-286.891,7033.206,0
124894.21,2,3,1,45.21872,-2,-2,-2,2,-2,0,-12919.055,16512.596,24150.1,5824.4453,7406.731,4796.172,-2711.5447,3790.7874,5591.4683,-2923.499,1885.7203,4526.1543,0
122579.3,1,1,2,33.099434,2,-2,-1,2,-1,2,-12968.129,20022.578,19670.383,4438.5234,6448.387,6247.2734,-1759.0927,2630.0247,5785.8154,-2399.808,1710.504,-21343.574,0
93483.41,2,2,1,34.191837,2,-2,-2,0,0,0,-25256.398,1214.8026,18258.39,5729.285,20855.803,9760.93,-1346.4486,2376.338,10760.256,-3394.933,1513.0011,2579.285,0
100164.94,2,3,1,33.080208,-2,-2,-2,2,-2,0,-20219.75,55200.137,28356.096,1941.2927,27712.389,17486.117,-1204.2767,3126.9304,6021.8643,-3076.2046,5910.1597,2966.3574,0
144276.05,2,2,1,45.603863,1,2,0,0,0,0,7521.5273,120163.555,77163.67,19589.23,46257.27,26697.057,-3699.8152,3194.4543,7227.465,598.7072,978.95935,4869.5854,0
103110.06,1,2,2,35.114582,0,0,0,0,0,0,12740.816,120167.21,61508.812,9113.406,11396.743,5267.746,1040.6198,1069.6559,8185.5205,-2638.1226,1362.7142,5299.441,0
110412.38,2,2,2,25.00363,0,0,0,0,0,0,-20878.453,45563.066,33646.547,5394.3086,15101.79,8464.451,-1969.8173,2195.7837,6457.1343,-3445.9814,140.87416,5212.086,0
118862.01,2,3,1,45.111176,1,-2,-2,2,-2,0,-20792.062,54829.07,28761.344,-389.44165,4306.43,8248.51,601.28094,3892.6768,4776.653,-5041.93,1189.0365,4712.9277,0
117214.95,2,1,1,45.051556,2,-2,-2,2,-2,0,-17223.547,33140.49,27160.176,1412.6052,5051.0747,7883.633,-2094.5144,4100.4014,4879.4707,-5056.4917,520.49963,5511.487,0
136058.1,1,1,1,45.633823,2,-2,-2,0,-1,0,-8449.117,20728.168,17037.586,9285.258,8409.366,4893.582,617.01874,1671.826,11803.024,-525.7818,3755.9553,5527.232,0
138838.05,2,2,1,45.611572,2,-2,-1,0,-1,0,-10108.754,12740.6,21947.139,8431.152,1965.3405,3759.6328,-1785.3485,1713.4655,7775.003,-951.82184,1005.55994,7015.911,0
113673.805,1,2,2,45.39546,0,0,0,0,0,0,2406.2424,122564.625,69737.336,5994.7812,15886.728,12954.992,-2734.007,1583.1132,6972.3057,-1606.4663,-184.09654,5968.1074,0
94568.53,2,1,2,28.81204,0,0,0,0,0,2,28804.19,115463.234,44399.863,13097.93,20227.654,8752.771,1540.3563,-77.06849,7266.7744,-1705.8804,2698.1328,4527.1543,0
109817.29,2,3,2,45.210407,0,0,0,0,0,0,-12387.207,65142.49,40992.793,2216.0896,2108.0981,5832.293,-3595.1023,3385.7947,6151.203,-3290.1567,-119.66832,6620.8623,0
141567.94,2,1,1,42.916435,-2,-2,-2,2,-2,0,-9156.117,19340.193,23431.533,8093.9297,3756.5356,4397.2188,-2955.6194,3339.984,5928.981,-2433.838,1564.6788,5761.0586,0
141353.4,2,1,1,44.876713,-2,-2,-2,2,-2,0,-10121.684,18234.607,25006.582,7023.582,3827.063,4627.1016,-3166.0178,3486.2405,5752.802,-2579.6304,1480.151,5562.5967,0
138797.53,1,1,1,45.54811,-2,-2,-2,2,-2,0,-9585.246,14352.201,22149.52,5052.133,18443.379,5613.621,-3981.9841,2238.5906,9085.496,20727.994,2679.995,4399.8853,0
122861.195,1,1,2,38.860348,2,0,0,2,-2,0,-24737.305,44490.742,34815.785,-2723.9924,2111.3403,9461.379,-5918.8955,5229.9,4188.869,-6042.263,-1404.4828,5408.4907,0
107248.516,2,2,1,41.404858,0,0,0,0,0,0,-19360.547,32438.953,38189.49,6211.918,7135.946,9491.584,-3263.195,3406.6228,5625.8447,-2377.6162,-566.911,6518.978,0
112567.586,1,2,2,44.605965,-2,-2,-2,2,-2,0,-24099.336,4298.8613,25024.363,1314.3357,8110.055,6523.2246,-3662.5232,2784.5762,5310.0737,-3924.4536,239.60805,5006.068,0
117672.805,2,1,2,25.404552,2,-2,-2,2,-2,0,-19690.719,10487.049,20731.395,2848.3318,13411.987,7631.283,-3202.488,3460.7285,5110.863,-5373.141,1880.7828,3588.8018,0
96184.02,2,1,2,29.196619,-2,-2,-2,2,-2,0,-22654.555,5215.6973,20083.785,3309.9255,12496.243,7036.1895,-3189.615,2960.247,5402.314,-4615.151,1127.9388,3893.4385,0
111569.94,1,3,2,44.602654,0,0,0,0,0,0,-18184.867,51014.76,36558.0,2390.0388,17432.623,6353.957,-4016.241,2903.1096,6153.8096,-2947.1108,263.6134,5701.0967,0
122680.04,1,2,1,42.67313,-2,-2,-2,0,0,0,-24778.164,-4030.2092,23037.318,5697.0312,12676.687,5488.7227,-1095.0096,1094.4445,6627.7314,-2591.3452,1079.8966,4542.185,0
125277.03,2,3,1,45.618397,2,2,-1,0,-1,0,-13386.387,13032.482,25529.695,5836.5195,6867.8677,5248.453,-3674.532,3158.6826,7781.676,1993.6775,1890.9904,4192.5127,0
108435.49,1,2,2,39.393185,0,0,0,0,0,0,11883.445,123527.086,68851.53,8171.1875,17531.035,9154.648,-1251.0756,1186.2819,6807.0386,-1769.001,710.4901,5264.028,0
126462.69,2,3,1,45.550922,2,-2,-1,0,-1,0,-12332.09,17897.295,22655.895,6028.625,4619.262,4454.2617,-2511.2375,3148.3171,6310.986,-1420.3477,1763.5895,-783.3959,0
99070.0,2,2,2,40.42801,-2,-2,-2,2,-2,0,-25722.11,5116.2715,23204.934,2414.156,8513.089,6798.049,-3099.7473,3037.1292,5520.413,-3941.9126,98.40297,4537.1646,0
99827.34,2,3,2,24.763458,0,0,0,0,-1,0,-16370.68,11287.967,24584.1,7969.9414,9924.911,4754.7656,-1221.9896,1701.7538,6978.649,-2304.518,1572.7072,5224.1807,0
101922.75,2,1,2,39.841362,-2,-2,-2,2,-2,0,-21589.203,9041.748,23751.252,2529.5193,7294.0435,6812.1133,-4020.784,3428.6277,5289.5063,-4506.029,661.99036,4279.371,0
112751.945,1,2,2,39.952564,2,-2,-1,0,-1,0,-22065.516,1038.3456,17067.527,5268.4805,11789.899,5558.9453,-1489.1,1417.0751,6387.7744,2167.9202,1283.7313,4843.159,0
138094.62,2,2,1,45.03356,2,-2,-1,0,-1,0,-11888.613,15045.049,21551.777,8183.504,3184.8716,3917.957,-1248.6,2252.5664,6888.465,-1176.5981,1200.7194,3953.221,0
112543.25,2,2,2,24.427673,1,2,0,0,0,0,90410.195,138094.12,112751.41,96934.74,81403.93,56971.816,-1111.164,1653.9764,8978.4,-377.6729,2278.7239,-4576.0625,0
138429.11,2,2,2,45.404587,2,-2,-1,0,-1,0,-13525.352,10927.486,23433.906,5752.4297,689.9186,5275.836,-2700.4617,1573.8334,6407.5513,-1324.0625,2081.4292,7037.614,0
105988.91,1,3,2,24.610287,0,0,0,0,0,0,-20789.352,8317.807,24453.6,6563.3086,17386.94,7981.0215,-1440.9452,1602.268,5901.434,-2333.2124,2244.1997,3580.7136,0
137181.34,1,3,1,27.853983,-2,-2,-2,2,-2,0,-8891.41,16443.814,16558.379,9645.094,12290.321,3887.6758,-1081.9305,2085.5422,6153.7085,-2163.9648,3409.4954,4252.8965,0
132522.47,2,3,2,43.51166,1,-2,0,0,0,0,-18874.234,22289.826,32314.52,1201.8865,6012.52,9724.709,-4325.242,3851.166,5763.9224,-3355.4263,1188.309,1466.6261,0
102739.11,2,2,2,29.61644,2,-2,-2,0,-1,0,-24572.586,-1064.3224,16882.62,4067.281,15362.454,6265.3965,-1916.5614,2249.4001,6948.959,1597.8518,182.97133,-2437.5947,0
106055.71,1,2,2,24.375996,0,0,0,0,0,0,-10060.406,77716.23,34915.324,6041.875,39379.184,19165.707,-490.52377,941.51355,6815.5703,-1994.602,1135.4279,3583.661,0
102721.1,2,2,2,42.981785,-2,-2,-2,2,-2,0,-24496.523,5105.1074,25249.145,2026.7458,7306.602,6493.039,-3686.1326,3214.6226,5224.3022,-4235.5786,-249.13268,5029.0093,0
146689.6,2,2,2,41.696503,0,0,0,0,-1,0,-19000.93,22311.809,36130.133,3020.8748,-3609.98,4772.3164,-4646.173,3055.622,5849.294,-902.2515,-1578.1547,7100.359,0
113054.64,1,2,1,45.23657,0,0,0,0,0,0,-21566.04,44673.99,43699.805,3336.6052,16155.696,14022.574,-2964.7688,3024.6304,6878.378,-2298.8384,-963.3656,6256.5894,0
133383.23,1,2,1,45.317986,-2,-2,-2,2,-2,0,-17691.0,12180.775,26150.457,4074.8982,5576.067,4741.7695,-2025.5804,2999.0972,5673.025,-2801.8071,525.38074,5733.9414,0
118747.09,1,2,2,43.747765,0,0,-2,2,-2,0,112141.12,17826.5,37637.758,3007.3044,-3791.9683,5131.883,-5388.131,3880.99,5121.6646,-3025.9185,-2547.8542,7713.146,0
94577.24,2,2,2,25.188923,2,-2,-1,0,-1,0,-24744.867,-1408.174,14356.093,5867.16,19987.393,6859.9062,203.53531,1121.5585,12078.881,-3551.1318,1645.3864,2728.4424,0
114045.93,2,2,1,45.327553,0,0,0,0,0,0,-19777.297,49822.71,47571.43,3319.3826,12900.575,14845.783,-3733.5173,3504.5537,5929.954,-1729.874,-1515.6713,7214.8667,0
108010.23,1,1,2,29.642414,-2,-2,-2,2,-2,0,-22924.828,4824.123,18105.504,3148.7263,14263.81,6743.5195,-2748.7834,2600.2505,5559.0312,-4407.6587,1610.0116,3638.2158,0
129850.85,2,2,1,45.29343,-2,-2,-2,2,-2,0,-17068.398,9504.686,29832.295,4614.5664,4360.3833,5329.676,-3319.9304,3459.4238,5595.2456,-1661.5698,-165.47838,6098.8555,0
101636.4,2,1,2,27.429241,2,-2,-2,2,-2,0,-16407.406,11506.791,21265.826,1861.6873,11693.304,8030.967,-3883.2556,3675.464,4967.8506,-5480.6567,1222.3878,3888.675,0
115007.24,1,2,2,23.96658,0,0,-2,0,0,0,-28281.688,1642.6737,32506.953,1546.2185,10339.054,10395.92,-5019.282,2772.4358,6506.3447,-4867.272,-1739.2435,-29057.523,0
109180.93,2,3,1,45.364956,0,0,0,0,0,0,-15676.266,46890.426,39765.918,4409.3477,11337.345,12026.648,-3796.1013,3763.393,6106.983,-2327.503,121.29945,5763.405,0
113622.17,2,2,2,45.435093,0,0,0,0,0,0,16892.496,124429.234,81085.64,11151.354,24434.164,18560.506,-2640.7263,2058.3232,7541.3613,-1124.0107,39.63002,5913.2656,0
108163.76,2,2,1,44.118797,0,0,0,0,0,0,19349.658,120341.81,72531.234,17717.79,28025.258,17107.701,-1349.7108,2411.535,7325.252,-979.814,475.42004,4779.9585,0
112346.4,1,1,2,32.792793,2,-2,-2,0,0,0,-28679.062,24098.115,9782.022,1076.9998,23079.104,8931.223,5900.325,880.87634,7145.0996,-1006.59283,1152.7086,2823.9138,0
110756.26,1,2,2,25.560856,0,0,0,0,2,0,-14767.496,61360.55,31542.25,7039.836,32098.773,19565.664,46.515297,1576.9261,7367.9097,-3572.9731,4.131973,3954.4624,0
144105.02,2,1,1,45.208973,1,2,-2,0,-1,0,-10323.242,30325.072,28068.307,7102.1445,2261.981,4819.6367,-3834.1033,2973.9526,11671.258,3324.224,2155.2832,6557.6304,0
138704.27,1,2,1,42.37574,-2,-2,-2,2,-2,0,-15264.859,12120.08,21707.094,6554.5273,5610.1216,3820.6094,-2259.7566,3008.7427,5897.916,-2362.249,1290.7809,5642.928,0
99973.484,2,1,2,27.381844,2,-2,-2,2,0,0,-34105.25,20454.3,7204.0063,-2120.0002,22691.598,35511.465,-625.1995,3399.973,4579.095,-6473.39,56765.49,-10514.523,0
115421.6,1,2,2,43.424606,0,0,0,0,0,0,-22894.023,47614.438,38770.508,2452.2576,17495.941,6721.836,-3259.7097,2640.2134,6207.153,-3048.2627,-1078.5892,6301.155,0
121819.8,2,1,2,36.199467,1,-2,-2,0,-1,0,-17550.86,9198.377,22546.072,7120.293,7907.6235,5929.551,-374.11948,1392.4882,9534.752,1098.1438,2051.5625,5512.223,0
101418.31,2,2,1,24.568264,0,0,0,2,-2,0,-16138.898,71615.97,30588.844,5788.242,8396.095,6003.3555,-3232.5457,3541.9587,5363.9746,-4040.7144,239.89394,5355.2344,0
114955.96,1,2,2,44.83977,0,0,0,0,0,0,-18693.523,49137.3,37645.15,2674.4763,6022.719,10132.184,-4628.085,2752.8806,5529.9854,-2930.5767,-1569.326,6675.5273,0
148408.23,1,2,1,45.66569,1,-2,-2,0,-1,0,-10351.363,35812.086,24993.994,5490.6094,-2114.0894,4086.7305,-257.27817,1229.9828,7128.194,1692.5723,254.60463,6934.0503,0
99790.66,2,2,1,29.009912,-2,-2,-2,2,-2,0,-22941.742,3692.8337,20799.139,5550.664,13738.21,5680.922,-1267.3451,3158.2268,5631.52,-4082.1099,910.22424,4001.362,0
112935.07,2,2,1,44.92455,0,0,0,0,0,0,-20921.203,26814.342,40203.832,3417.4333,7673.5767,10963.719,-4078.5144,3594.226,6549.716,494.3698,-1338.87,5428.061,0
111008.38,2,2,1,45.3532,0,0,0,0,0,0,-18833.39,33559.363,45060.234,3796.7927,6547.024,10937.252,-4065.864,3682.5898,5496.2896,-2292.5068,-2053.0735,7051.474,0
104351.45,1,1,2,24.562086,0,0,0,0,0,0,-12387.254,66021.82,34465.215,5172.629,35486.79,19411.182,-2363.8215,1634.0458,6523.0947,-2330.9146,1202.3431,3172.7512,0
110637.41,2,2,2,24.288729,0,0,0,0,0,0,-19932.89,34936.695,32586.824,6174.836,15048.985,8537.012,-2118.529,2077.4749,6376.68,-2367.5762,282.88953,5232.021,0
91312.336,2,2,1,24.99376,0,0,0,0,0,2,20131.646,93833.02,28788.873,11876.8125,41810.785,15738.889,2720.6335,296.95886,8072.181,440.26923,2466.0273,2991.3218,0
117118.26,2,1,2,30.120901,2,-2,-1,0,-1,0,-18501.156,4066.8533,17679.324,6312.043,11808.829,6182.7188,-1595.5433,1518.8527,6595.9463,-3010.1152,2192.6887,4380.053,0
104646.35,2,2,1,39.782322,2,-2,-1,0,-1,0,-19682.29,5862.8184,19018.371,7014.5234,10382.8955,5237.6836,-319.70834,2300.9648,7947.4355,899.9692,1086.5536,3894.7366,0
131552.12,2,3,1,45.372025,2,0,0,0,0,0,136139.92,151495.48,116757.96,112277.875,103196.71,85197.12,-2872.2795,2110.7263,18948.922,1529.1011,2800.4478,-3811.1963,0
121684.234,2,1,2,36.56048,2,-2,-1,0,-1,0,-16411.477,6285.506,18497.637,6472.836,7573.8286,5754.6875,-2126.8757,1743.7457,6563.1123,-2612.7905,1933.0765,5107.625,0
124933.18,2,1,1,39.903847,-2,-2,-1,0,0,0,-14814.246,7538.8496,23658.33,7764.461,15093.341,6780.871,-2044.4916,2484.7366,6239.728,7343.74,2950.1003,4284.8237,0
99124.85,2,2,2,27.24401,2,-2,-2,2,-2,0,-22615.773,11440.459,20275.693,1277.1326,11875.591,8042.328,-2739.7117,3507.6406,5040.285,-5418.5337,646.8385,4057.25,0
149126.6,1,1,1,44.93288,1,-2,-2,0,0,0,-10369.887,14925.611,28239.074,6537.699,15614.563,13371.412,-3902.703,2044.452,18590.217,2266.0935,4108.677,737.5751,0
153956.86,2,1,2,41.3953,0,0,0,0,0,0,-15115.609,26863.936,41680.305,-99.73461,-4322.984,5841.4805,-5753.918,4218.647,4816.371,-3354.335,-2150.9646,6451.2705,0
130501.01,2,1,2,45.428883,2,-2,-1,0,-1,0,-14974.57,9316.92,23171.562,4835.7266,4414.774,5782.1367,-3008.3894,1916.6517,6758.275,-936.0196,1353.5448,5475.8125,0
135867.27,2,2,1,26.052052,0,0,0,0,0,0,171639.11,173721.72,121761.8,127814.12,107609.19,90716.69,829.6193,-1451.6339,9760.182,2607.7178,2619.949,6303.199,0
111051.9,2,3,1,44.86445,-2,-2,-2,2,-2,0,-16421.5,15131.9,23884.523,4330.9336,8727.638,6457.6836,-2826.0647,3789.0518,5350.987,-3545.1304,3037.1562,4541.469,0
108968.69,2,2,2,24.487782,0,0,0,0,0,0,-23377.906,14836.143,32429.82,5695.8945,16017.728,10736.789,-2605.9514,2131.67,6309.803,-3226.2178,64.28139,4784.677,0
115140.62,2,2,1,45.6982,0,0,0,0,-2,0,116686.875,140464.52,96777.734,11827.031,1890.5514,3998.4023,-224.64584,2427.9788,6420.997,-1528.4941,-127.82359,7503.113,0
106165.28,2,1,2,36.793365,2,-2,-2,0,-1,0,-20010.305,4613.9355,18268.625,5558.0,9854.899,6596.3906,-1835.1141,1695.483,6954.7827,-3071.392,1887.6727,4725.981,0
122872.266,2,1,2,45.125202,-2,-2,-2,2,-2,0,-18410.75,6773.7715,28847.465,1750.7849,3461.3052,6261.326,-4671.875,3237.88,5205.0195,-3911.1006,181.006,5717.6895,0
109984.8,2,3,1,45.754192,0,0,0,0,0,0,-7373.5273,82834.46,50808.945,7513.4062,6079.7544,5290.6367,-3035.9563,3362.3574,6255.272,-1755.0728,108.259415,6411.092,0
109258.55,2,2,1,44.972374,0,0,0,0,0,0,27892.688,122776.99,73570.2,21976.008,26476.408,17880.842,-1472.6346,2389.2642,6933.0967,724.43207,396.97546,4887.4785,0
98652.38,1,2,2,24.655663,0,0,0,0,0,0,20852.494,119832.58,56938.906,12233.525,31025.873,12391.207,1462.6569,329.26355,7740.326,976.8896,2202.9617,4058.576,0
130515.7,1,3,1,45.867756,0,0,0,0,2,0,102123.35,139139.39,119691.5,114685.586,100108.25,82033.55,-1422.4838,1002.5465,13698.908,-2111.2583,2570.9758,-48.98524,0
108820.71,1,2,1,42.4844,0,0,0,0,0,0,-17987.117,64032.715,41870.707,4381.3477,25811.326,17774.246,-2427.9465,2750.888,7225.583,-1472.4077,-183.42369,5279.3296,0
110638.82,2,2,1,43.698196,0,0,0,0,0,0,-14322.953,68201.33,40849.613,6641.0977,7190.1255,8783.572,-2642.6409,3272.4521,6199.22,-2457.8438,-1019.98035,6518.2686,0
136084.58,1,1,1,45.505383,2,-2,-1,0,-1,0,-11631.809,6254.076,21488.162,6511.4883,4852.477,5573.1133,-2564.1423,1590.4147,6801.8804,209.15034,2146.3071,5875.39,0
153229.9,1,1,2,40.073708,0,0,0,0,-2,0,158123.19,175156.55,139684.48,5128.1055,-5357.5464,17459.383,-3690.2468,3756.4622,4926.09,-5737.7075,-4548.7695,-53378.69,0
110972.86,1,2,2,24.387215,0,0,-2,0,0,0,-18659.766,5023.0293,20984.46,7473.129,23594.318,10338.154,-1216.1937,630.90857,13787.224,-3211.9302,1571.3973,3854.728,0
135342.94,2,1,2,41.32406,2,-2,-2,2,-2,0,-14125.535,20153.771,24129.314,3362.3513,4340.0513,6707.6543,-4291.323,4049.1714,5195.8843,-4650.929,1137.861,5345.145,0
92054.18,2,2,2,24.708878,-2,-2,-2,2,-2,0,-26044.64,1219.9432,17905.66,4092.5623,16704.588,6654.5977,-1564.1117,2461.787,5528.3306,-4418.445,928.20715,3147.0085,0
109035.26,2,1,2,43.686188,0,0,0,0,2,2,83220.375,124576.49,100081.59,66193.664,85550.49,57814.086,901.24384,-697.79114,16538.195,-2708.5088,4677.0938,5340.079,0
127049.875,1,1,2,43.428215,2,-2,-2,2,-2,0,-25075.64,12426.295,27595.566,-1821.9221,5233.598,13080.367,-5329.9326,3165.0796,4649.5366,-5272.1196,6716.343,2995.037,0
107045.72,2,2,2,30.198448,2,-2,-1,0,-1,2,-20292.25,732.0721,16609.857,7510.7695,16449.516,6195.9688,199.20084,1540.0782,7063.9204,-374.10602,1901.3693,-22887.357,0
108367.54,2,2,2,43.025536,0,0,0,0,0,0,67807.016,128140.766,110707.32,93227.36,14414.661,11200.328,-683.0535,1283.6598,10636.456,-1176.5952,1330.3224,5913.3525,0
149851.9,1,1,1,45.409794,0,-2,-1,0,-1,0,-10284.879,53841.484,23058.482,2958.8943,2039.3912,7422.5664,-1447.9677,1627.278,8185.991,3079.6943,6505.617,4560.4355,0
143002.34,2,1,1,45.486736,-2,-2,-2,2,-2,0,-7671.0156,18329.82,28755.422,6035.1875,656.1139,4806.9062,-3870.4734,3211.4463,5616.8726,-2229.3848,185.7311,6424.8823,0
139452.27,1,1,2,43.512047,-2,-2,-2,2,-2,0,-12833.695,16334.623,22210.309,4184.414,3636.516,4859.742,-3699.6726,2837.978,5646.1147,-2916.4468,1534.0736,5765.187,0
107942.54,1,2,1,42.97633,0,0,0,0,0,0,8776.863,120914.055,66396.95,14065.389,55045.75,31044.45,-882.0584,1551.1674,7757.008,395.13568,886.3766,4246.997,0
121254.15,2,3,1,45.459484,-2,-2,-2,2,-2,0,-13857.07,16173.158,25188.54,4939.293,7508.438,5177.3906,-2733.1072,3839.2864,5718.2847,-2426.8242,1811.2208,4611.905,0
110560.98,1,2,2,28.429668,2,-2,-2,0,0,0,-26868.594,157.76349,14862.704,3753.5544,21172.219,7690.7285,-1105.5131,1385.5975,6689.568,-4309.1187,1430.2252,2508.259,0
115232.984,1,3,2,45.356667,0,0,0,0,0,0,-20060.375,22053.988,36573.45,1862.8162,3453.0005,8486.984,-5146.957,2810.5818,5209.299,-3323.5552,-789.23376,5149.2256,0
99308.88,2,3,1,27.696604,0,0,0,0,0,0,-13646.859,56211.64,33131.55,8239.207,17031.38,7770.6074,-1754.4476,3066.2026,6169.078,-1715.4097,1422.9803,4144.3896,0
115064.99,2,2,2,45.193493,0,0,0,0,0,0,-12203.34,125665.63,48562.426,4596.504,28027.498,19740.184,-3221.1238,1804.9332,6669.8833,-1464.603,-644.53894,5878.098,0
108148.74,2,2,2,24.310076,0,0,0,0,0,0,-19935.367,52125.97,34482.27,5299.008,27952.855,16418.848,-1901.9594,2065.2156,6344.0327,-2413.1826,249.5519,4358.784,0
150106.11,2,2,1,45.43826,0,0,0,0,0,0,192053.6,188883.45,133907.5,206295.16,108072.59,102877.88,-2085.931,-1282.9689,15285.218,3119.0264,24522.91,2981.0083,0
117122.09,1,1,2,45.36095,0,0,0,0,2,2,17680.652,113139.586,55428.984,18415.664,57057.414,31882.133,-467.24692,-9.917124,11479.136,-2418.8394,3177.5796,4041.7031,0
112689.22,2,1,2,24.04823,2,0,0,0,0,0,-25510.469,56529.37,37805.633,-216.93774,14857.308,12620.588,-4835.91,3983.3762,5515.144,-2945.6904,-890.119,-21103.594,0
132487.58,2,1,2,39.82703,2,-2,-2,2,-2,0,-14292.414,19633.113,23707.428,3315.156,4693.5044,6813.58,-4257.2754,4031.0037,5210.234,-4724.15,1142.0638,5250.689,0
110957.17,1,2,1,33.033432,0,0,0,0,0,0,-21618.89,72664.71,39328.316,3789.3162,16874.574,8255.691,-3586.3933,3472.4275,6072.5415,-2615.1357,-1159.6459,-20056.295,0
120959.42,2,2,1,44.74397,0,0,0,0,0,2,130268.5,141962.05,120378.875,139937.52,106616.29,78248.58,2191.5435,-755.379,12502.705,4934.3027,2623.6482,3168.9875,0
107912.49,2,3,1,45.820698,0,0,0,0,0,0,37095.867,124853.73,93556.18,9243.691,26066.23,18113.78,-1845.7606,2476.3867,7148.237,-497.63922,1271.5763,5429.538,0
102579.82,2,2,1,40.464554,0,0,0,0,0,2,61375.184,120511.11,96447.35,58241.863,87114.63,52247.21,2826.3394,-29.062143,9382.747,4645.9165,2406.1548,3250.5564,0
109614.96,1,1,1,45.008987,0,0,0,2,-2,0,3366.3792,85758.62,34598.215,3131.5037,408.27405,6063.6016,-4563.9297,4040.7822,5420.406,-3918.3896,-439.6991,6449.854,0
141161.95,1,1,1,45.59643,-2,-2,-2,2,-2,0,-10368.527,11940.424,24109.76,5826.9727,4834.4653,4330.6094,-3507.5378,3051.7153,7487.283,1009.05975,1515.9423,5857.5947,0
141942.06,2,1,2,45.23962,2,-2,-1,0,0,0,-7836.4023,20040.43,26177.5,6154.6484,2358.9067,5206.5156,-2777.2678,3149.5022,5889.669,-2736.2134,1431.9613,6449.476,0
106705.57,2,2,1,33.01172,-2,-2,-2,2,-2,0,-22247.484,5145.9043,22147.117,5502.4688,11165.345,5893.1484,-1687.8031,3252.1433,5619.594,-3878.4727,1147.8942,4450.041,0
120214.44,1,2,3,45.268906,0,0,0,0,0,0,-3006.6912,125337.03,70987.01,-663.094,17123.195,21208.295,-4693.241,2156.4607,6069.45,-1056.1606,14711.03,6768.9517,0
110825.93,2,2,2,24.292,0,0,0,0,0,0,-21304.914,40142.785,33116.06,5920.422,23484.17,13929.801,-1913.9637,2056.9436,6801.5786,-2494.8867,236.61708,4602.032,0
110622.164,2,2,2,24.359724,0,0,0,0,0,0,-21435.836,33326.18,32679.955,6002.582,23713.863,13883.271,-1913.9012,1998.4923,7098.145,-2803.7217,310.9552,4437.53,0
153569.14,1,1,1,45.658253,0,-2,-2,2,-2,0,2394.6565,29087.43,24241.074,8087.5234,-795.4408,3367.0117,-3495.45,2004.5358,8099.1855,974.8588,732.4132,6566.4067,0
115014.71,2,2,1,45.41155,0,0,0,0,0,0,-16004.68,77117.76,55687.363,4827.6914,24351.35,18040.527,-3320.784,3295.2246,6507.2427,-1584.083,-1559.16,6173.936,0
129870.48,2,1,2,31.977552,1,2,0,0,0,0,58815.273,125775.9,95702.79,53890.98,79719.414,55427.117,-3506.068,2021.5404,7692.504,428.2104,2849.0188,2409.7104,0
101082.77,2,2,2,25.107689,0,0,0,0,0,0,20169.465,119272.18,109826.664,19035.328,25919.676,12758.186,931.33856,776.5287,8829.645,-1054.2002,2077.1604,4410.5312,0
109758.78,2,1,2,25.23179,2,0,-2,0,-1,0,-13485.484,15357.951,24177.488,6544.3984,10419.095,6326.492,-1583.1317,2330.8245,7043.548,-3745.394,1475.3463,4845.308,0
106436.22,2,1,1,42.396507,0,0,0,2,-2,0,11643.246,122247.58,34061.13,6397.0664,1657.0787,5558.199,-4058.9949,3694.1516,5287.42,-3618.9653,-338.02087,6319.4517,0
105793.46,2,2,2,24.227047,0,0,2,0,0,0,-18189.719,77640.64,30419.377,4048.7302,39853.86,19992.604,2815.14,1162.4772,6840.4136,529.16644,1469.454,4555.5015,0
143721.02,1,2,1,45.53972,0,0,0,0,0,0,168975.52,174528.3,132944.83,187728.39,111602.1,109928.49,-2096.1052,-1261.6627,13104.498,3710.2651,3767.4578,674.91125,0
108210.516,1,2,2,45.086594,0,0,0,0,0,2,39383.42,124223.09,49292.65,6509.367,38303.1,18976.15,445.81998,-148.5978,8140.2915,2266.1777,1247.5004,4759.415,0
107421.26,2,1,2,24.422125,0,0,0,0,0,0,-17628.227,44719.273,32472.57,5752.5703,21926.467,14236.992,-2907.3577,2200.2925,6447.8013,-3185.0186,797.1759,4239.042,0
113825.05,1,2,1,41.18564,2,-2,-1,0,-1,0,-17833.008,13549.697,17444.244,6430.1445,10473.79,5406.254,2789.5425,1549.0297,7462.719,-2259.688,1747.202,4703.5396,0
104035.484,1,1,2,24.57628,0,0,0,0,0,0,-11343.551,66546.086,34607.312,5426.121,35855.02,18586.018,-2309.0515,1565.3973,6837.1147,-2214.2642,1300.0302,3820.478,0
100746.79,2,2,1,24.521437,0,0,0,0,0,0,-13527.949,69519.85,37656.492,7398.754,34978.777,18319.967,-441.27426,2123.4092,7160.1494,-1895.606,963.5021,4113.911,0
103604.11,2,2,1,45.167713,2,-2,-1,0,-1,0,-21765.32,2022.7128,26314.848,4794.293,11126.513,6947.58,-897.8665,2137.6467,17347.947,-1551.3691,660.90515,4586.0674,0
115464.44,1,3,1,45.461952,0,0,0,2,-2,0,10406.566,129117.58,35693.492,2573.5818,751.08655,10573.137,-5115.752,2649.6882,4983.3477,-3506.9038,4288.1465,6395.8613,0
141342.17,2,2,1,45.482437,-2,-2,-2,2,-2,0,-11690.625,17227.264,26984.568,6465.008,1641.8053,3797.586,-3090.215,3364.2546,5768.383,-1863.2393,198.86635,6526.671,0
102197.46,2,1,2,26.283197,0,0,-2,2,-2,0,-16583.156,10529.186,28570.674,4832.1367,5765.18,6462.9062,-4583.8467,3479.5366,5342.959,-4253.437,534.60095,5623.538,0
112381.98,2,3,2,42.7474,0,0,0,0,0,0,-19979.54,22526.89,34238.152,4089.7185,7109.305,9682.037,-4250.4893,3119.5718,5831.85,-3203.6704,69.41371,5731.3125,0
137645.39,1,1,1,45.50481,2,-2,-1,0,-2,0,-10786.926,9151.428,23483.94,5239.2773,4534.864,5437.8906,-3683.9597,2511.6792,5853.9424,-2888.0303,1741.0209,5399.9336,0
97718.445,2,2,2,24.656445,1,-2,-2,2,0,0,-32072.703,117780.695,1181.6082,-1017.24634,31410.068,7421.3223,39964.09,-1786.2526,6130.858,-4477.6313,1376.9686,-442.5282,0
99455.15,2,1,2,28.558168,2,-2,-2,0,-1,0,-21743.047,3203.154,16159.185,5386.4375,15071.673,6954.084,-1111.4813,1535.2555,6863.1084,-2627.315,1995.7577,3308.533,0
145375.83,1,2,2,42.595173,0,0,-1,0,0,0,176532.36,187471.92,135695.53,207336.2,116149.46,113978.734,14027.449,-2876.2004,14335.207,4450.623,5553.1567,-1281.4193,0
97769.41,2,1,2,24.752512,2,-2,-2,0,0,0,-21655.156,6806.338,22027.555,4185.758,15857.362,7543.164,-2530.1257,2824.0828,5392.007,-4907.265,1591.778,-1969.1815,0
112842.06,1,2,2,45.265823,0,0,0,0,0,0,5250.2695,124476.625,73467.484,5901.7227,17272.812,12495.021,-2127.8694,1527.7284,6855.1123,-1027.4092,129.47816,5855.7656,0
111464.87,1,2,2,24.559027,0,0,0,0,0,0,-22758.867,28121.31,31461.613,4979.574,23990.143,10170.734,-2297.1526,1791.892,5884.7017,237.6147,227.28871,5048.0234,0
118209.13,2,2,1,40.768787,2,0,0,0,0,0,20347.344,122802.69,76058.9,20020.879,59341.34,37212.688,-1616.5878,2740.573,7682.1025,236.0959,570.6078,3370.5664,0
105363.414,1,2,2,24.335316,0,0,0,0,0,0,-23041.883,24190.305,30942.062,5077.9766,23559.746,12834.787,-2058.8665,1565.6136,6627.251,-2827.02,393.25452,4337.92,0
108282.87,1,2,1,38.84998,0,0,0,0,0,0,2324.7073,65878.18,42601.69,5350.0547,16417.115,13298.338,-2531.2776,2718.0728,6756.125,-1504.2642,-102.29625,5822.793,0
108856.48,2,2,1,44.770878,0,0,0,0,0,0,8039.551,121000.91,72456.3,7947.4453,26522.123,17754.545,-1533.4515,2334.8179,7538.8843,-763.86774,279.9281,5648.145,0
106411.3,2,1,2,24.502619,0,0,0,0,0,0,-17340.281,51843.16,32107.852,6032.3633,17189.828,10510.254,-2307.1077,2176.8284,6543.908,-2718.0454,973.5675,3834.8193,0
105026.695,2,3,1,46.021347,0,0,0,0,-1,0,16727.012,123412.14,63306.316,12816.029,4756.6216,3540.8906,-1307.0809,2323.2905,6697.2437,5244.9307,306.33582,7731.6035,0
107588.25,2,1,2,41.1569,-2,-2,-2,2,-2,0,-20812.023,9690.615,24561.709,2514.82,7162.891,6712.959,-4026.408,3464.1072,5323.307,-3784.2993,703.79944,4740.215,0
141570.02,2,2,1,45.517757,-2,-2,-2,2,-2,0,-12772.0625,15596.791,27641.295,6073.051,2121.231,4110.4453,-3070.5256,3408.3083,5718.53,-2064.0464,160.14467,6434.6133,0
139961.06,2,1,1,45.302677,-2,-2,-2,2,-2,0,-11410.695,17948.79,26010.504,6273.668,4285.0747,4918.3984,-3018.3147,3610.0308,6086.411,-2349.912,1400.393,5464.0303,0
134922.25,2,2,1,33.09815,2,2,-1,0,-1,0,-13969.152,28099.824,20612.852,8257.051,7200.864,4686.574,-1894.9471,2255.2297,9143.949,-1941.9033,2248.1328,5251.3486,0
111426.3,1,2,2,24.225225,0,0,0,0,0,0,-22940.695,29451.932,31101.154,5119.1055,19167.037,11449.371,-1665.8466,1598.2418,7408.514,-1160.0557,673.4999,3308.439,0
133132.8,2,1,1,44.755352,-2,-2,-2,2,-2,0,-14995.93,20697.348,28622.602,3484.0193,2233.477,5191.078,-4199.6357,4742.881,5366.816,-3371.1494,241.63808,-2758.4155,0
102793.4,2,1,2,35.608932,-2,-2,-2,2,-2,0,-21585.383,7812.498,22436.717,3080.0974,8661.427,6792.5195,-3661.0037,3247.9663,5401.158,-4476.9995,903.6288,4558.373,0
112415.19,1,1,1,44.70786,0,0,0,0,0,0,-17897.828,53113.242,38288.043,3404.5388,8806.235,11108.781,-4258.7754,3156.6287,9292.162,-2233.4565,1919.6649,4136.3013,0
108590.58,1,1,2,44.589233,0,0,0,0,-2,0,-11912.0625,57671.25,37150.473,5588.1016,2843.809,5347.664,-3482.2273,3334.3105,5685.156,-3206.231,220.18324,6568.459,0
108331.02,2,3,1,36.703995,0,0,0,2,0,0,-25357.055,34723.215,36631.953,-432.4182,11423.29,13477.441,-4629.408,3665.974,4845.77,-2296.018,716.9418,1921.3612,0
104277.67,1,2,1,44.313236,-2,-2,-2,2,-2,0,-25695.719,10526.088,26197.768,478.0935,7165.438,7045.785,-4043.9167,4041.3113,6089.1914,-1621.4048,504.85925,-2191.147,0
119130.66,1,2,3,45.28061,0,0,0,0,0,0,-16400.797,47843.234,51923.32,-169.844,9451.063,14891.391,-5761.8486,3505.3738,5562.2764,-2626.1587,-1950.8021,6764.579,0
110042.52,1,2,1,40.349415,0,0,0,0,2,0,-12593.895,88212.586,47660.688,9259.57,31701.992,22811.242,-1744.8387,2876.6543,9252.12,-3179.6309,-455.1488,733.3258,0
142023.81,1,1,1,44.70784,2,-2,-1,0,-1,0,-10419.559,21685.164,22669.62,7871.2773,6047.6294,14943.867,-2253.4656,1798.5345,6831.61,5277.111,15493.066,3068.5308,0
119576.93,2,1,2,31.610626,1,-2,-2,0,-1,0,-19435.61,839.92755,23466.807,7217.1055,12404.724,7114.0586,-1844.9852,1148.8097,19747.611,-3011.2437,3159.3691,4475.635,0
108973.375,2,1,2,29.521042,0,0,0,0,0,2,122104.85,138928.62,114970.56,137594.95,112816.945,92752.51,3004.4937,-2344.1658,16489.07,2619.9927,5135.5825,4955.4106,0
112974.83,2,2,1,45.567944,0,0,0,0,0,0,9243.754,122901.72,59269.28,7016.297,16640.65,13682.314,-2451.965,2482.698,7410.1177,-1017.75006,-657.66296,6282.545,0
100782.49,2,1,2,24.745214,-2,-2,-2,2,-2,0,-22414.562,5058.162,19170.818,4235.3906,15933.071,7409.9707,-2262.7532,2659.8599,5473.417,-4640.609,2088.0452,3325.4438,0
106771.03,1,2,2,29.322882,2,-2,-1,0,-1,0,-22183.258,460.23615,12549.608,7086.461,18769.7,5631.426,641.42206,1012.3956,6428.0303,-1871.5469,2150.5564,3104.0894,0
121019.23,2,1,2,28.493835,2,-2,2,0,-1,0,-21889.719,8429.963,16032.655,4276.871,15995.942,7076.0723,-648.8172,1681.4049,6347.9233,-3083.8784,2540.2673,3335.6829,0
102640.76,1,3,1,43.18939,0,0,0,0,0,0,89411.49,123685.08,96446.06,62981.46,25433.777,13706.703,1076.8302,1704.5038,9011.993,-1856.9155,2900.94,5073.846,0
131517.75,2,1,2,45.249645,1,-2,-1,0,0,0,6549.043,7812.8887,126806.38,168897.14,111620.17,1838.586,-3170.2341,-11874.833,7267.183,-9.219775,2960.0798,8036.9907,0
146276.94,2,1,1,39.789207,-2,-2,-2,2,-2,0,-9537.176,20405.03,25079.645,6937.8516,420.97717,3757.8281,-3740.2263,2848.7483,5796.7964,-2073.9595,740.79114,6279.258,0
106122.92,2,2,1,39.353252,0,0,0,0,0,0,9388.656,120493.8,70990.63,14148.51,41223.555,18154.053,-722.2249,2123.403,7535.3853,-306.91412,629.62854,5138.0366,0
107476.375,1,1,2,24.417133,0,0,0,0,0,0,-20025.234,35738.22,29844.695,4899.8906,22987.395,13064.166,-1747.9847,1700.379,7863.943,-3475.272,1600.3146,2852.0374,0
134517.69,2,2,1,45.304558,-2,-2,-2,2,-2,0,-16445.469,12890.201,29806.105,4599.6875,3328.27,5224.621,-2916.45,3516.0322,5446.007,-2766.9453,-247.24352,5090.599,0
113243.2,1,1,1,45.37328,0,0,0,0,0,0,-14514.484,59428.508,45494.48,3103.1638,18970.426,15821.502,-3827.0212,3103.613,6099.949,-1752.3633,44.86635,5883.103,0
104516.61,1,2,2,30.283415,0,0,0,0,0,0,19178.049,122441.695,64612.777,12878.297,40030.598,14256.236,-129.4559,908.6688,7693.2046,-741.5069,1157.6595,4305.4297,0
140209.56,1,1,2,38.24067,-2,-2,-2,2,-2,0,-11673.457,17403.078,20404.209,5219.211,3688.6216,4737.8555,-3441.6912,2621.1458,5815.7793,-2759.4097,1725.3739,5762.1045,0
110819.6,1,1,2,29.826069,0,0,0,0,0,0,-17673.258,48751.566,33630.035,4021.32,21373.33,14922.1875,-3465.575,2217.3193,6630.371,-2628.0737,439.04895,4655.4697,0
159338.0,1,3,3,45.300816,0,0,0,0,0,0,199922.45,203764.2,140075.77,128890.74,100791.734,86768.836,-4020.7341,-696.0758,8976.048,1746.1191,4968.563,493.1742,0
107457.15,1,3,1,45.82256,0,0,0,0,0,0,7999.129,119092.766,93560.42,7938.91,33648.824,20367.596,-1161.5121,1933.5604,7633.9062,-122.630905,1749.4469,4990.261,0
104598.46,2,3,1,45.53007,0,0,2,0,0,0,66164.1,128130.36,106507.75,69640.64,82164.734,56617.453,832.69696,1255.8209,8757.066,1235.4543,3091.8352,3402.7097,0
99519.55,2,2,2,44.560528,2,-2,-2,0,0,0,-26370.055,-1291.0138,15626.3,11187.1,39472.645,18122.047,-2317.0452,1855.0367,24710.2,-3818.4854,1159.0765,920.7706,0
107494.06,2,1,2,24.498325,0,0,0,0,0,0,-17815.492,47108.11,32813.734,5883.6484,23098.975,14432.232,-2713.3381,2170.1467,6536.264,-3535.332,731.2887,4964.0356,0
101100.58,2,1,2,25.717665,0,0,0,0,0,2,-16748.273,4208.9746,26259.76,9431.973,17327.436,8619.305,-1019.1849,1011.5194,6986.548,-1299.8218,1971.9381,4249.823,0
150265.36,2,2,1,45.217148,0,0,0,0,0,0,189465.75,198803.7,139985.89,211847.45,116466.55,117878.19,-1947.4037,-1724.9703,16312.2705,2935.0264,4660.3286,-10513.857,0
118026.32,2,2,2,38.2587,2,-2,-1,0,-1,0,-20354.844,3720.4626,18761.992,5873.5,8392.575,5621.621,-803.3377,1564.941,7316.2705,-2617.921,1155.6835,5145.611,0
104456.734,2,3,1,46.14614,0,0,0,0,-2,0,19553.865,122037.516,82621.25,13571.477,3066.9067,3391.879,-1008.21954,3075.2395,6655.9775,-1057.8745,1267.0553,6729.788,0
113584.48,1,2,1,45.68048,0,0,0,0,0,0,79609.12,132015.9,112430.66,21377.615,47741.83,27831.07,-1728.0082,1581.8903,7661.6587,256.8427,70.55092,5487.5884,0
110884.1,2,2,1,44.69395,0,0,0,0,0,0,-16514.219,64606.977,37850.09,6608.758,4913.067,8173.295,-3584.4294,3350.848,6156.959,-2073.938,-1238.8256,6728.2295,0
101725.48,2,3,1,45.68401,0,0,0,0,-1,0,129967.945,120431.23,78534.39,16088.615,20621.943,15028.096,-538.2591,1655.2396,7220.4917,10101.458,3184.5955,5689.1772,0
105524.32,1,2,2,28.016256,0,0,-1,0,0,0,-19674.805,69986.164,32244.041,2467.945,38407.12,20254.754,-633.4305,1602.859,7733.99,-627.40485,523.2374,4152.5483,0
133047.4,1,3,1,45.323784,-2,-2,-2,2,-2,0,-13954.395,15585.256,26610.27,2896.949,4952.8403,7740.826,-3493.068,3340.766,5279.143,-2820.3618,4642.0317,2692.657,0
108884.375,2,3,1,45.807526,0,0,0,0,0,0,35160.84,125672.77,81845.27,19489.855,25894.43,16623.867,-2420.782,3286.0728,7184.469,-645.29987,803.4435,651.33704,0
115497.95,1,3,3,45.421635,0,0,0,0,0,0,-15051.781,62048.45,47217.383,970.87085,12357.642,14373.703,-5247.664,3460.1877,5758.7656,-2795.1,-472.48914,6055.1235,0
105666.94,1,2,2,24.366959,0,0,0,0,0,0,-18284.344,53002.223,31451.08,5741.203,16731.045,9463.676,-1656.5331,1703.3832,6232.881,-2870.2021,472.0133,4267.3506,0
111389.305,2,2,1,42.188046,0,0,0,0,0,0,-21359.273,19672.105,35975.242,5636.8594,5866.223,10826.773,-2972.7883,3212.4602,5846.468,-716.3023,519.60754,6666.532,0
149057.45,1,3,1,45.845787,0,0,0,0,0,0,203696.83,193892.69,137716.58,225364.56,122115.37,102386.1,-857.13654,-1960.2506,17915.09,4280.153,5037.3306,3108.2483,0
128967.055,2,1,2,35.199036,2,-2,-2,2,-2,0,-21013.54,11572.975,25008.682,1548.7263,5951.1567,7646.6562,-4747.464,3512.7063,4947.387,-4984.0737,859.03503,4983.4976,0
114898.39,1,3,2,45.211185,0,0,0,2,-2,0,-17753.977,53496.805,34985.23,-930.7229,-201.08533,7593.162,-5264.826,4107.1245,4587.9736,-4504.0737,-1273.5282,6408.937,0
105670.27,1,3,1,45.491722,0,0,0,0,0,0,21166.094,118689.92,62398.004,6828.7227,27625.418,17039.625,-1624.0004,1970.9957,6883.465,-643.3946,2680.1453,4811.003,0
109316.36,2,2,1,45.55675,0,0,0,0,0,0,54268.152,127037.766,109190.12,17493.184,48137.5,29039.006,-1669.8036,2213.9836,7539.4683,437.2553,-132.17809,5621.149,0
107650.305,1,3,1,45.223648,0,0,0,2,-1,0,-16599.25,31943.758,32616.68,3404.32,273.16858,6580.3223,-3801.61,3728.6787,5052.022,-101.20854,993.4193,4571.1943,0
111080.73,2,2,2,24.182093,0,0,0,0,0,0,-15901.609,87309.31,44845.305,4820.426,10241.397,20336.494,-468.2645,923.0536,6188.318,-3328.6055,16540.56,4596.705,0
129509.625,1,1,2,33.169075,-2,-2,-2,2,-2,0,-17634.96,8979.838,20601.916,4159.5312,8956.312,5807.1367,-3028.3054,2678.759,5780.088,-3680.3955,1801.9926,4695.2974,0
106836.3,2,1,2,24.479029,0,0,0,0,0,0,-18232.805,45863.156,31601.723,5948.0117,22601.754,13783.094,-1972.4725,2075.662,6634.641,-3661.755,853.63806,4562.3354,0
98897.89,1,3,2,25.156511,0,0,0,0,0,0,-13350.6875,60241.457,29839.281,6728.1484,21063.959,8547.051,-611.12335,1779.3397,8222.572,-3341.6108,2381.6487,3782.8726,0
111725.49,2,2,2,24.588037,0,0,0,0,2,0,-21499.898,12709.303,31121.9,8323.281,18535.479,11849.805,-2292.3484,2251.935,9772.821,-1241.8462,-43.581406,4120.2026,0
134218.67,2,2,1,44.64021,2,0,0,0,-1,0,-23223.89,14236.854,36923.363,3350.82,3000.5435,5893.2812,-3417.7078,3537.5552,7843.237,928.21234,-1241.951,6448.4634,0
131414.66,2,2,1,44.907402,-2,-2,-2,2,-2,0,-20965.75,16467.13,36081.68,1256.6912,1549.2467,5782.8047,-4808.5664,5264.942,4738.278,-1227.9805,-1885.5018,-24072.14,0
110363.945,2,2,1,44.877308,0,0,0,0,0,0,-19301.79,28147.736,41102.695,5197.211,6057.278,9336.326,-3708.778,3618.6458,6052.716,-2515.5996,-1481.1083,6593.1636,0
102148.31,1,2,2,24.511034,0,0,0,0,0,0,-17569.438,68084.86,28766.902,7021.5117,18976.012,6075.4766,108.23356,1066.9938,6071.076,-3345.3652,946.9918,4601.8833,0
153035.08,1,2,1,44.647503,0,0,0,0,0,0,211483.6,209697.88,138696.56,166827.16,50236.66,22417.854,-1206.9535,-1711.9161,10222.288,2039.0378,-191.9901,8166.281,0
98843.92,2,3,2,36.953312,2,-2,-1,0,-1,0,-19122.344,6091.2324,16918.215,6114.879,11848.192,5943.797,-1199.1561,1789.6696,6474.897,-2808.6597,2614.4888,4049.479,0
149318.97,2,2,1,45.306316,0,0,0,0,0,0,193833.05,192519.11,137593.47,176341.1,105090.47,102873.52,-1669.1005,-1230.7155,12441.288,3931.5054,1329.9069,3883.7751,0
99009.56,2,3,2,36.91317,2,-2,-1,0,-1,0,-18663.703,6278.213,17219.371,6056.789,11553.954,5727.285,-1289.847,1864.7584,6473.6206,-2803.081,2430.4607,3637.9688,0
101775.92,1,1,2,24.681574,0,0,0,0,0,0,-9651.543,72682.38,34779.78,5878.25,28811.21,6453.4453,-1593.681,1589.743,6807.7593,-2523.5522,1353.4059,4530.1904,0
90835.0,1,2,2,25.121843,2,-2,-2,0,0,0,-23848.867,-2887.4514,31985.629,10161.715,60784.684,28832.166,866.4157,-264.0558,7348.6,-2412.3076,2001.5172,1235.3087,0
102795.4,2,2,2,24.638474,0,0,0,0,0,0,19195.064,120588.734,62728.14,8421.469,38356.004,19177.854,559.08905,818.744,7650.7856,-1518.1772,1462.809,3777.5347,0
98193.695,2,3,2,26.326107,2,-2,-1,0,-1,0,-20313.82,3482.3298,14282.403,6377.176,18589.89,5925.871,95.1901,1460.11,7113.957,-3563.8384,2774.5535,2896.7593,0
111270.5,2,2,2,31.591236,0,0,-1,0,0,0,-23757.625,54663.348,32885.547,2080.992,26943.49,18236.867,-1289.7596,2366.8262,9415.859,-1625.1938,-4.067246,4617.4634,0
93751.52,1,2,2,24.966995,0,0,0,0,0,2,50247.906,119651.61,71264.39,13981.572,35420.047,11562.854,4501.989,-1214.1769,7864.5645,1163.3662,3406.2617,3537.3684,0
110963.54,2,3,2,45.67697,0,0,0,0,0,0,11418.836,125030.78,75982.55,7840.8086,5960.1685,9021.914,-2979.5657,2176.2834,6298.724,-1531.2612,289.62683,6621.129,0
140545.2,1,1,2,40.21262,-2,-2,-2,2,-2,0,-11465.43,18653.912,20953.578,5056.5625,3313.4458,4666.1484,-3432.4265,2687.4185,5771.057,-2109.4463,1654.0819,5858.0273,0
140217.52,1,1,1,45.430786,-2,-2,-2,2,-2,0,-10811.305,27861.895,24705.904,4292.9883,3954.352,4914.625,-1407.7699,3030.2273,5575.1606,-2724.3584,1312.8978,5858.926,0
114913.02,1,2,2,44.90588,0,0,0,0,0,0,-22219.336,39753.72,58538.637,3050.0505,6278.5747,10751.223,-4212.417,2861.2197,7709.6587,-1250.064,-836.3563,5768.5557,0
107029.66,1,1,2,24.441307,0,0,0,0,0,0,-17326.047,41938.29,25818.664,6222.8086,13633.019,7123.7188,-2147.8337,1512.8387,6632.1226,-3603.7896,1043.7838,3965.4827,0
112761.12,1,2,2,45.04409,0,0,0,0,0,0,8836.25,123539.48,63416.74,5964.6523,45201.633,27740.357,-2365.8044,1144.4161,7430.1846,-676.10846,726.0038,5889.5425,0
130642.11,2,2,2,33.756172,2,-2,-1,0,-1,0,-17886.57,3336.5369,17403.652,7030.9453,8112.9146,5111.1914,-1200.4647,1379.6534,6602.0327,-2069.9248,1545.224,5325.272,0
138118.45,1,2,1,45.122063,2,-2,-2,0,-1,0,-9699.164,10030.467,19360.53,8880.547,6932.813,3180.0273,-1670.5238,1719.0026,9150.307,4474.898,1569.0944,6442.867,0
121149.75,2,2,2,37.379807,2,-2,2,0,0,0,-33180.04,2217.5017,22509.793,-3314.9495,16020.067,9856.166,-4088.1091,2568.3647,16507.043,-5453.9224,-131.31773,-621.90906,0
101632.81,2,2,2,24.98083,0,0,0,0,-2,0,-15465.391,56327.71,27797.21,7440.211,10058.679,5627.4062,-1622.8417,2738.3962,5942.662,-3566.516,662.55164,5553.1514,0
143182.86,1,2,1,24.67358,0,0,0,0,0,0,201339.06,204006.05,134090.58,182743.27,109151.01,99901.73,6606.536,-3225.4514,13028.855,3939.175,2987.5122,3472.0818,0
115467.87,2,2,2,44.24592,0,0,0,0,-1,0,-24877.39,5318.7285,33965.81,3680.7927,1270.2936,7406.715,-4011.9539,2439.8472,7498.9966,368.352,-468.78162,5180.3267,0
99166.0,2,2,1,24.674597,0,0,0,0,0,0,17374.172,115647.88,48904.047,9928.262,36765.734,16455.074,949.2121,1217.4999,7374.2866,-1107.0776,1672.8143,4022.4255,0
78657.49,2,1,2,25.082222,2,-2,-1,0,-1,0,-17866.82,3373.2322,14224.981,8388.559,19163.582,6472.336,-194.82407,1311.2985,7085.388,-3629.499,2956.418,3077.7793,0
116152.39,1,2,2,45.484238,0,0,0,0,0,0,8598.262,124834.89,71421.12,9402.887,53246.945,31977.094,-3063.9338,1305.8873,7349.17,32.17329,-86.60045,5599.1973,0
115386.82,2,2,2,45.467243,0,0,0,0,0,0,19642.57,125404.51,79492.89,11835.383,43852.04,25324.957,-3172.1106,2170.6226,7184.571,-452.51422,-942.01697,5954.6636,0
109431.87,2,3,1,45.80491,0,0,0,0,0,0,41471.637,125907.07,96324.55,7120.457,10848.03,12618.23,-2327.9329,2395.7534,6602.3945,-366.99518,2580.2039,5498.5713,0
104267.38,2,2,1,42.133934,-2,-2,-2,2,-1,0,-24176.984,9800.311,25891.27,4492.3516,6650.8833,7189.287,-1541.5321,2699.5771,6228.4463,2262.235,1005.443,4612.884,0
142059.0,2,3,1,45.625465,-2,-2,-2,2,-2,0,-7614.5938,19035.633,25796.22,6834.379,3871.4224,4363.0,-3012.3381,3228.6309,5726.3022,-2039.877,1699.3971,5698.6953,0
106951.7,1,2,2,34.9476,2,-2,-1,0,-1,0,-20085.71,4332.0645,13967.55,6362.1133,14089.405,5414.1406,1441.2667,1362.1222,8655.78,-3293.495,2042.4054,4217.4453,0
109214.77,2,2,1,41.406666,0,0,0,0,0,0,-19487.906,23960.617,37595.805,6347.3477,5902.196,9002.176,-3393.8777,3502.252,5709.8813,-2320.5132,-606.9286,5470.674,0
127628.055,2,2,3,45.402225,0,0,0,0,0,0,-16396.148,22888.633,47758.574,2366.3396,-1957.2689,6589.1484,-4514.247,4061.6147,6319.386,-3324.226,-2674.1116,7706.0186,0
99914.03,2,1,2,35.617874,-2,-2,-2,2,-2,0,-22416.375,7617.162,22077.53,2849.199,9313.671,7355.5117,-3760.4001,3225.2566,5889.3394,-4552.0083,1226.4042,4230.6333,0
92753.836,2,3,2,38.53219,2,-2,2,0,0,0,-27023.547,11261.857,14030.843,581.60913,20359.31,9705.164,-1605.3759,2825.3452,5506.9463,-5692.9126,1761.0951,1963.6671,0
133859.94,2,1,2,44.444954,2,-2,-2,2,-2,0,-15443.156,26428.36,25699.127,1976.617,3397.3052,7303.3164,-3931.0261,4219.6187,5068.0425,-5017.058,919.0807,4548.3125,0
106798.484,2,2,1,39.168587,0,0,0,0,0,0,20608.973,121011.42,64318.133,8149.4414,27099.861,17550.08,-1088.87,2075.7595,7105.0796,-913.3028,547.026,5428.774,0
106161.62,1,1,1,45.937027,0,0,0,0,-2,0,22609.566,122539.92,80194.01,10495.605,1407.067,4478.3477,-1639.204,2847.7354,6238.9106,-1660.4248,167.8683,4303.159,0
91937.39,1,2,2,26.291304,2,-2,0,0,-1,0,-27456.453,558.3143,11995.503,4458.9414,24371.355,8860.391,628.67694,1296.8341,6204.657,-108.1895,1468.7799,1088.0365,0
112513.97,1,2,2,24.739185,0,-2,-2,0,0,0,-25036.766,-1550.338,11154.151,6101.7695,28945.543,7440.408,2279.5686,-109.864876,14049.779,-3900.9634,2018.8622,2963.1812,0
103773.64,2,3,2,25.49327,0,0,0,0,2,0,14373.824,116465.37,55361.79,20862.645,46841.973,23427.137,94.63834,1387.6119,8471.209,-2883.0928,2442.709,3792.198,0
114079.305,2,2,2,25.497257,2,-2,-1,0,-1,0,-23557.14,2436.2126,17090.799,5218.121,15644.138,8285.09,690.15546,1097.8282,6431.81,-2011.0479,3415.7554,3434.9868,0
102739.93,1,3,2,28.277626,0,0,0,0,-1,0,-17337.344,28740.617,24925.846,6309.297,8817.507,5074.949,-1656.1796,1715.6862,7021.5493,-223.03716,1555.7135,5196.044,0
110237.08,1,2,2,26.035503,0,0,0,0,0,0,-21485.11,39229.91,31966.328,4605.3867,20738.979,12427.076,-2559.258,1855.2936,6426.5684,-2342.2646,17.058243,4448.3716,0
145898.45,1,2,1,45.2133,-2,-2,-2,2,-2,0,-10428.016,23297.701,23317.49,6454.375,1898.4694,3392.5156,-2415.056,2727.5415,6572.5874,221.55489,1215.9025,5630.4575,0
108686.805,2,2,1,43.58842,0,0,0,0,0,0,31283.207,122312.5,90487.45,10221.215,40160.188,24319.566,-1183.6957,2168.6191,7469.479,34.691357,372.6317,5345.128,0
127879.14,1,1,2,35.801964,-2,-2,-2,2,-2,0,-18213.594,9712.064,21161.303,3665.0935,8231.339,6618.3438,-3233.2185,2720.8628,5665.6655,-3635.0908,2438.955,4797.0137,0
112062.4,1,3,2,34.82752,0,0,0,2,0,0,-29799.656,16477.314,32922.06,-2730.9026,19846.068,14426.436,-4901.6875,2506.7217,5047.3774,-3992.2642,600.1815,1017.6244,0
108760.28,2,3,1,45.784252,0,0,0,0,0,0,32180.215,124865.055,60236.254,9376.066,32915.35,21479.088,-2385.6174,2619.189,7022.832,-483.97076,1027.3981,5123.449,0
111002.04,2,2,1,45.309956,0,0,0,0,0,0,5506.383,123725.445,40774.574,8579.3125,7781.3853,8327.496,-2543.1272,2493.2664,7307.2476,-2482.8354,-583.53894,5433.7207,0
126860.695,2,1,2,44.156513,-2,-2,-2,2,-2,0,-17199.39,12211.678,25397.102,2960.8748,5011.8794,6022.5938,-4012.1794,3438.236,5400.1807,-3808.9663,850.9269,5357.6323,0
102309.83,2,1,1,29.46792,0,0,0,0,0,0,20146.889,119785.445,71184.45,12334.57,11565.88,7684.4434,-965.4427,1987.1835,7234.634,479.29144,1746.9362,4682.944,0
104551.414,1,2,1,37.640636,0,0,0,0,0,0,17240.734,122023.63,39300.957,8708.523,43307.17,12843.309,-902.4915,1570.0262,9418.083,-1543.7578,793.89465,4818.711,0
126799.3,2,2,1,24.117573,2,0,0,2,-1,0,-24356.625,22158.334,36736.32,-2875.3088,5197.141,10521.834,-4055.9753,3951.8435,4499.735,-1534.6372,-350.07068,-10190.712,0
154385.48,2,2,2,27.312946,0,0,0,0,0,0,198432.22,37572.82,133138.33,199050.67,27918.828,20834.408,-1301.6532,1524.5721,22421.219,-131.43706,-2.205918,7769.0215,0
109114.33,2,2,2,39.74177,2,-2,-2,0,-1,0,-22675.79,2922.615,19122.762,5066.4766,9943.437,6536.3145,-880.6829,1585.1515,6883.7554,-901.3863,1326.1901,5156.42,0
104962.76,2,2,2,35.625122,0,0,0,0,0,2,92968.695,122964.6,100345.76,65865.4,95062.91,62244.902,1782.3722,-630.47473,9406.393,4472.7246,2223.5103,2204.234,0
111320.44,1,3,1,45.493214,0,0,0,0,0,0,-15600.328,36558.727,38610.65,3984.5818,10285.261,11484.957,-3999.6003,3203.419,5677.659,-1425.7607,69.84096,6046.8325,0
103213.375,2,1,2,24.487545,0,0,0,0,0,0,-21121.594,8528.619,30833.771,5735.4414,12422.644,8791.619,-3359.2976,2200.538,5717.6895,-3636.7197,667.5668,4165.8335,0
128768.79,2,1,2,44.642548,2,-2,-1,0,-1,0,-11159.84,21877.682,21233.496,6438.2695,2784.6724,5479.1445,-1856.5565,2459.9482,6035.892,-28.304249,1652.8312,4855.8887,0
109341.6,1,2,1,43.76637,0,0,0,0,0,0,-13341.207,86269.93,43536.016,5066.5703,28008.797,18112.78,-2175.2747,2418.0842,6946.146,-796.0914,67.012344,4975.54,0
106259.54,1,2,2,32.707336,0,0,0,0,0,0,29221.006,122596.09,78469.42,24957.842,36615.047,17687.273,194.78287,770.6825,8671.486,-1405.7021,1351.9164,4046.2932,0
115545.234,2,2,1,30.263823,2,-2,-1,0,-1,0,-19189.14,6152.584,16618.756,7929.867,14247.206,5366.117,2280.9963,1673.7003,9538.75,-3118.3257,1918.3773,4382.965,0
101009.64,2,2,2,24.96941,0,0,0,0,0,2,78187.74,123432.33,98049.8,62322.973,85954.34,47552.82,4717.2285,-1410.2618,11085.336,1337.8425,3821.9016,2164.8118,0
141001.73,2,3,1,45.60537,2,-2,-1,0,-1,0,3805.6409,27183.393,14877.222,14993.018,4792.2427,3612.039,-930.71954,784.4686,8528.708,107.35225,3297.1858,6043.0063,0
97225.82,2,3,1,46.024403,1,-2,0,0,0,0,-4584.5273,96931.625,25834.213,8558.512,115481.38,90519.44,37488.25,-1890.5055,8220.712,45310.19,9846.3955,2538.2307,0
139125.11,2,1,1,45.291725,2,-2,-1,0,-2,0,-9816.637,13156.135,23086.566,6541.457,4910.86,5654.2656,-3593.8425,3141.118,5801.228,-3205.4014,2419.653,4879.199,0
116345.695,1,1,2,33.06282,2,-2,-2,2,-2,0,-11371.387,8905.779,22513.652,406.48804,7250.0435,7302.287,-4726.2754,3167.7446,5154.5103,-4411.855,1016.1825,4585.439,0
120268.37,2,2,1,39.346573,2,-2,-1,0,0,0,-17231.102,10433.979,23884.43,7265.672,9812.259,6889.3086,-1915.226,3031.611,6998.7783,-126.60356,1886.535,2947.5015,0
118883.17,2,2,2,30.662687,2,-2,-2,2,-2,0,-22694.016,9145.6,22981.963,2342.5193,10158.435,7154.875,-3316.5583,3567.2095,5158.2266,-4956.902,753.06506,4396.6646,0
114465.04,2,1,2,27.175987,2,-2,-1,0,-1,0,-17337.46,4648.0684,17058.494,7156.9375,20765.64,6572.7637,-1830.8851,1674.9039,6871.1987,6188.5557,2482.501,4009.651,0
105068.27,1,1,1,40.101112,0,0,0,0,0,0,64424.164,125401.484,71365.78,9229.594,34455.0,5023.7812,-1512.723,1975.3861,7487.586,-64.19536,1170.745,5819.6475,0
104529.39,1,1,2,40.46479,0,0,0,0,0,0,48750.152,123431.95,90005.055,37798.844,18129.53,5822.8086,-498.45932,1046.2601,8791.755,-2569.1646,1958.2145,5348.6475,0
121267.086,1,2,2,45.2255,0,0,0,0,0,0,-14164.516,29358.871,40631.555,1627.1755,4014.817,11770.33,-5494.9707,2851.795,6085.4595,-1306.5679,-2250.9363,6777.233,0
105676.68,2,2,2,44.87379,2,-2,-2,2,-2,0,-23594.844,10808.803,27676.383,163.19897,5793.5864,7311.0977,-4532.216,4072.5688,4716.624,-4954.8013,-295.5443,-3487.0093,0
131776.14,2,3,1,45.648174,2,-2,-1,0,-1,0,-9460.41,14101.814,22090.373,7606.7266,5989.4536,4674.6523,-1898.537,2157.766,6524.5923,1242.7317,2342.4558,4656.1577,0
110249.63,1,2,1,41.701584,0,0,0,0,-1,0,-4099.2773,57226.223,44086.934,5046.6445,-3757.8394,4329.3086,-3379.489,3951.4204,6881.6924,-1019.8106,-2936.4407,-18304.373,0
128312.93,2,2,1,45.365204,1,-2,-1,0,-2,0,-14328.047,10530.193,29140.285,7114.332,4064.5278,4919.9023,-3293.5632,3701.5237,5968.375,-2746.271,1004.4591,5910.546,0
149681.56,2,1,1,44.58022,2,-2,-1,0,-1,0,-1698.8007,26374.203,17655.11,11752.465,391.19592,3858.4844,-2237.6975,787.6913,8419.432,1100.3403,2912.5195,6420.984,0
93053.29,2,1,2,24.814339,0,0,0,0,0,2,3737.5627,80719.805,26990.146,11846.723,21593.791,8333.871,641.1569,416.0697,6682.032,1088.7224,2773.14,4336.7134,0
117310.16,1,2,2,42.729828,0,0,0,0,0,2,110754.766,137215.81,118164.47,111813.65,109101.39,80009.89,2240.565,-1667.6183,10410.632,4283.892,2571.1125,2474.638,0
125688.21,2,2,1,29.983332,2,-2,-1,0,-2,0,-16302.5,12463.611,16778.564,8123.8594,13777.378,5407.922,907.51044,2989.729,6222.5117,-3853.5312,2363.0398,3328.5784,0
109525.98,2,1,2,45.33671,0,0,0,0,0,2,-10751.379,47169.516,41981.547,3319.8474,18491.729,16195.131,-3052.6428,2405.0405,6350.02,401.45306,-195.22154,4092.9443,0
110913.625,2,2,2,24.959654,0,0,0,0,0,0,-21081.523,45335.53,34547.773,5193.3867,23499.188,8002.463,-2425.531,2388.7505,6568.4663,-3116.1782,-52.376328,5266.157,0
110227.23,2,3,1,45.25195,0,0,0,0,0,0,-17179.516,39941.605,38525.133,4404.371,12342.267,12807.953,-3373.1228,3760.9885,6894.456,-1868.4409,294.04822,5092.069,0
105723.06,1,3,1,43.164852,0,0,0,0,0,0,-4513.789,68416.18,35828.305,5605.293,16206.327,12790.646,-2794.7874,3047.634,6156.8755,-1779.1636,1025.455,5475.429,0
107341.34,2,2,2,24.325287,-2,-2,2,0,-1,0,-31199.93,288.18146,8769.862,933.12085,24434.941,7256.0215,3327.332,767.84265,10235.269,-4126.0327,608.32043,1686.5502,0
103598.62,2,3,1,43.448086,2,-2,-1,0,-1,0,-16712.5,16333.662,19222.256,6455.2227,10102.61,6163.4844,173.6398,2546.5527,7280.419,-2000.5732,3240.651,3000.6707,0
112029.27,1,1,2,39.426273,2,-2,-2,0,0,0,-22259.352,4924.377,18192.129,3459.5427,14420.722,8090.539,-2892.1433,1992.984,7049.0127,-4675.3784,1925.4169,3092.101,0
109243.805,2,2,2,27.75261,0,0,0,0,2,0,-15584.656,63914.17,37206.54,7442.074,28502.73,19628.441,-2448.4167,2400.9937,8254.606,-3641.287,-454.46228,5206.938,0
108472.12,1,1,2,29.81256,2,-2,-2,2,-2,0,-23434.984,23915.44,16277.239,14.952887,13214.284,8730.773,-1051.6361,3255.9353,4993.3213,-5804.3306,1579.8707,3675.416,0
136439.45,2,1,1,43.85364,2,-2,-1,0,-1,0,-10435.707,12800.248,19466.893,9431.348,5750.3677,4483.5273,-1958.3978,2179.7378,9950.17,-1448.1426,2246.6936,4801.1274,0
107071.19,2,1,2,24.798506,-2,-2,-2,2,-2,0,-21606.438,5347.4824,19833.154,4449.117,15630.39,6922.6777,-2161.2341,2693.7927,5561.3896,-4585.807,1918.0585,3388.8213,0
109966.016,2,1,2,30.94384,-2,-2,-2,2,-2,0,-21319.086,7080.299,22103.541,3452.5974,10701.208,6882.0273,-3196.4246,3089.6084,5523.082,-4460.0474,1249.1039,4242.883,0
98909.555,1,1,2,24.624502,0,0,0,0,0,0,41528.418,121997.38,62193.027,8657.508,48860.836,23791.287,-196.1185,325.6244,7525.4375,-887.8145,2584.643,3198.2683,0
97687.73,2,3,1,45.988365,0,0,0,0,-1,0,27699.238,118431.08,70648.266,37116.434,15143.306,8833.768,594.9445,1596.1046,10178.1045,7533.932,3222.0542,5355.9106,0
102698.99,2,1,2,31.877443,2,-2,-2,0,-1,0,-24187.71,3466.5837,17903.309,4376.9883,12569.683,12030.408,-1723.1239,1258.881,6547.0566,-3509.8022,8197.938,3995.0464,0
126014.375,1,2,1,44.867413,-2,-2,-2,2,-2,0,-21283.914,11841.963,26079.227,2951.4138,7055.1763,6734.799,-2426.655,3272.305,6852.9243,-2619.3394,2081.6194,2963.0525,0
137798.67,1,1,2,29.047287,-2,-2,-2,2,-2,0,-13172.785,13247.342,18900.229,5450.4453,8300.134,5023.0234,-2874.4607,2319.036,5939.468,-3080.662,2171.1814,5019.7876,0
102965.81,2,2,1,43.87446,2,-2,-1,0,-1,0,-21067.156,19353.352,20275.01,5596.289,10182.181,5796.996,2139.084,2185.2666,6669.6357,571.01874,906.8932,4744.7812,0
90449.695,2,2,2,25.301939,-2,-2,-1,0,-1,0,-23074.29,-3713.7092,12369.483,7558.0703,20602.395,5810.9023,2169.9749,45.751335,8296.207,-2923.9692,1733.3873,3433.4343,0
106588.266,1,1,1,45.094215,0,0,0,0,0,0,13678.387,121696.49,65453.152,7232.3594,18907.404,9343.75,-2105.2742,2045.7933,7673.0283,1689.2148,1306.6766,4932.6772,0
97815.945,1,1,2,26.25319,0,0,-2,0,-1,0,-16504.086,20075.256,20360.072,8018.793,9992.862,5107.8906,-1623.661,604.6659,7943.572,-1777.4219,1587.1659,5189.2236,0
140434.28,1,3,1,45.94099,0,0,0,0,0,2,159140.25,151374.83,121650.836,135682.22,114046.65,87364.5,3255.8662,-1942.109,15576.995,8189.2715,6963.766,5900.428,0
114313.93,1,1,2,37.15049,2,-2,-2,0,0,0,-25638.055,3687.5525,18103.467,1923.1326,15213.972,9021.006,-2489.5398,1726.4225,10331.029,-4823.3394,1642.5536,3574.4106,0
114994.56,1,1,2,43.156868,0,0,0,0,0,0,-21698.453,38127.98,37486.918,2048.1482,14027.167,14803.1875,-4616.4736,2799.0173,6541.0347,-1314.9092,-141.98228,4817.873,0
108071.84,2,1,2,24.372684,0,0,0,0,0,0,-19676.047,34643.64,32257.592,5255.699,20117.195,14130.652,-2740.0051,2256.821,6163.3506,-2843.3467,1149.5568,3580.9258,0
101278.234,2,1,1,29.885149,0,0,0,0,0,0,17692.29,118980.76,70187.33,10121.887,31955.145,17811.094,-586.075,1811.9896,7336.469,-976.65094,1617.0717,4599.405,0
126913.75,2,1,1,42.627655,-2,-2,-2,2,-2,0,-14923.266,23179.8,23212.463,5613.6094,6178.9653,5425.5195,-1337.2831,3714.9263,5614.9307,-3450.0474,1350.1046,5091.74,0
99068.64,1,3,2,40.766914,-2,-2,-2,2,-2,0,-20727.594,57664.477,29258.365,-1095.1956,17850.604,8351.684,-3732.5134,4423.695,5262.1367,-3860.3828,327.86414,-20314.533,0
110079.17,2,2,1,45.18443,0,0,0,2,-2,0,53089.508,131926.44,38764.438,4298.926,-10.249393,6036.5156,-3839.7869,3565.4133,5173.4375,-3498.397,-1924.163,6987.022,0
145455.52,2,2,2,38.656513,0,0,0,0,0,0,192582.1,184985.69,132814.28,152124.3,104340.36,99831.43,-2161.3967,-1650.7032,10103.777,2895.0083,1011.4381,6694.282,0
145020.31,2,1,2,39.803078,1,-2,-1,0,-1,0,-6605.3945,21645.693,24979.477,10287.906,1060.8873,7156.385,-2405.4153,1697.83,7214.016,5007.1206,4639.599,7529.0767,0
133986.55,2,2,1,46.386356,0,0,0,0,0,0,205644.3,205192.3,137215.06,211239.4,138793.97,113285.41,480.59537,-3118.0188,43901.613,34873.184,12179.678,-25652.758,0
92028.234,2,1,2,24.89489,2,-2,-2,0,0,0,-26781.023,5488.463,14386.519,2439.2107,26647.977,9942.367,-203.07162,1519.8864,11291.647,-5337.9517,1930.4999,2481.6157,0
122127.73,1,2,1,38.58829,2,-2,-1,0,-1,0,-18907.492,8300.35,16521.395,7370.914,10460.974,4931.6445,1215.3783,1694.8893,7660.538,116.87837,2034.6808,4074.0615,0
106292.64,2,3,1,43.040527,0,0,0,0,0,0,-14657.016,39805.188,35215.77,6346.215,6927.344,8501.021,-3519.0183,3777.9294,5499.739,-2899.213,340.97253,5185.924,0
111319.19,2,2,2,24.306328,0,0,0,0,0,0,-22057.383,38241.37,33734.645,5518.9688,24069.867,14691.951,-1876.0863,2173.2368,6215.949,-1798.4146,94.301895,4463.233,0
144113.81,1,2,2,43.70556,1,-2,0,0,0,0,-21939.094,18684.383,32083.916,1340.7927,5108.641,6608.336,-2739.8816,2554.6853,7666.543,-3449.8296,356.4447,5943.043,0
93014.02,2,2,2,28.613632,2,-2,-2,0,-1,0,-25194.398,2053.2673,14480.247,4918.8438,17709.566,6941.5977,1767.2211,1234.2118,8629.058,-2245.8516,1178.5065,3056.5923,0
121629.76,1,2,1,26.783512,2,-2,0,0,0,0,-22358.938,115868.23,58922.19,16443.584,80011.86,35776.18,40813.375,-725.36584,7986.313,-1759.6006,3969.669,-890.327,0
106158.586,2,1,2,24.29674,2,0,0,0,0,0,-19121.914,45362.24,35916.3,1549.281,22661.535,16220.881,-4213.915,3405.8225,6489.3916,-2894.3657,215.25941,1440.8329,0
100683.03,2,2,1,25.379564,0,0,0,0,0,0,19299.908,119464.984,65977.78,18104.48,57658.57,29877.846,947.5749,1302.6107,8181.8765,103.02095,1666.629,3225.488,0
105402.98,2,2,1,41.23407,1,-2,-2,0,-1,0,-20127.469,8583.752,24946.832,6968.504,9999.935,5522.086,-1286.7787,2507.9983,11171.175,3901.2349,1211.3353,5442.9297,0
112292.66,2,2,1,45.484074,0,0,0,0,0,0,15011.934,124918.71,62227.277,6069.254,21624.62,18300.164,-2315.742,2508.9233,7355.173,-1093.977,-660.0575,5546.0586,0
95300.91,1,2,2,29.529774,0,0,0,0,0,2,27525.701,112937.38,38136.438,9695.754,58578.816,26191.086,3278.792,-1204.3478,8368.202,1657.522,2889.5303,3833.7515,0
105286.24,2,2,2,41.41453,0,-2,0,0,0,0,-20111.219,6442.2207,25146.797,4937.9688,6437.567,5981.4727,-1882.9803,2314.958,6545.591,-3434.962,477.1615,5979.746,0
96141.97,2,2,2,24.664074,0,0,0,0,0,2,-8480.629,67061.76,30644.262,8246.703,45731.426,20593.162,1934.0743,381.59607,8107.523,1491.0183,1893.5602,2733.2363,0
127919.8,2,2,2,37.029064,0,0,0,2,0,0,104806.99,141861.52,120522.086,112190.85,104688.695,87028.46,-3038.2737,-58.29017,5902.603,1165.8774,1373.8202,2290.7542,0
126286.29,2,3,1,45.68815,1,-2,-1,0,-1,0,-13949.723,13134.51,26769.965,6086.2383,7067.024,6345.2812,-1981.3153,2208.968,18627.451,-1176.7617,3467.517,4725.7305,0
129120.53,2,1,1,43.89312,1,-2,-1,0,-1,0,-13056.156,18627.043,23619.707,8197.984,5775.8833,5285.297,-1826.5419,2353.4106,12206.709,2391.5898,2221.4597,6026.1914,0
140350.12,1,2,1,45.349728,-2,-2,-2,2,-2,0,-13800.844,20297.549,24761.494,5187.0,3290.9106,4655.051,-2230.95,2945.5552,5656.613,377.20038,2232.9912,6168.803,0
109349.734,2,2,1,44.907677,0,0,0,0,0,0,5392.133,117208.984,56557.17,7405.6094,16432.857,12685.26,-2001.2621,2433.0635,6526.886,-1347.4062,-68.42467,6182.4194,0
144255.14,2,1,1,39.09333,2,-2,-2,2,-1,0,-13331.406,60905.375,25991.314,2876.0583,605.6725,7587.8965,4734.975,2344.386,5450.814,-1598.1665,4060.7368,3128.1626,0
155694.58,1,1,2,40.7271,0,0,0,0,0,0,216668.05,175807.23,136306.44,203905.39,-2989.7183,2178.957,175.25015,-1341.4347,18167.166,880.1921,1274.2418,10081.668,0
105828.5,1,2,1,37.335648,0,0,0,0,0,0,68860.09,126215.62,104614.9,68059.49,65439.0,23999.957,227.19107,1212.1903,8745.118,401.47284,1462.7411,4686.9443,0
104205.14,1,1,2,43.388416,0,0,0,0,-1,0,26306.543,70519.13,80090.68,10729.479,46254.85,27364.87,-2371.5725,1366.5809,9037.227,18802.492,1941.8322,5676.5625,0
111650.414,2,2,1,45.483032,0,0,0,0,0,0,-6793.4766,111311.49,61478.363,8741.496,39965.836,25169.576,-1655.9047,2446.0815,7496.405,-2641.9717,-536.17957,6379.206,0
152090.86,2,1,2,45.585976,0,-2,-2,0,-1,0,-6043.4883,25652.53,24365.156,6080.0312,9009.37,11298.916,-3668.2917,746.0941,6565.3984,6316.2324,12360.423,8026.928,0
114885.34,1,3,2,45.38954,0,0,0,0,0,0,-13683.547,69769.24,47949.97,1770.9998,25605.07,20388.443,-4393.698,2653.7078,6311.0913,-1931.582,10.132949,5208.0195,0
141503.92,2,1,1,41.35782,1,-2,-2,0,0,0,-10292.293,8774.15,26888.068,10772.48,16626.35,5306.051,-3112.8215,2347.4712,17886.068,2589.7402,2611.5913,5172.138,0
116960.016,1,2,2,45.280773,0,0,0,0,0,0,-19961.344,105213.42,36306.734,5698.836,17799.486,12425.553,-3342.2166,1560.4667,6845.515,-2236.6953,-260.11218,5867.058,0
108462.27,2,1,2,36.754436,-2,-2,-2,0,-1,0,-19640.898,-2208.4905,17663.936,7629.422,11305.237,5038.117,-931.1878,838.4989,7022.963,-2184.7446,1537.4567,4650.4224,0
110402.96,2,3,1,45.540943,0,0,0,0,0,0,-16828.734,26292.52,38289.824,4483.992,5995.516,10089.98,-3907.365,3824.197,5745.4736,-1814.5586,345.83118,4976.8296,0
92953.336,2,3,1,29.076754,0,0,-1,0,-1,0,-11869.18,11892.803,21766.793,11625.395,9212.331,3727.9727,-568.11456,1679.5465,7586.444,-1398.5474,2117.2292,5593.314,0
142892.78,2,1,2,38.28257,2,-2,-1,0,0,0,-23702.016,43256.895,28999.863,-2584.4612,2024.7819,7975.002,-816.5628,3482.7708,4968.219,-5146.309,28.97377,-3802.8428,0
112002.64,1,2,2,45.04609,0,0,0,0,0,0,10742.785,125071.18,71755.31,12048.178,47988.484,5664.4375,-2371.051,1890.0785,7385.3843,-60.748096,-49.763535,6219.357,0
112673.61,2,2,1,45.229176,-2,-2,-2,2,-2,0,-19196.297,10347.775,29727.426,3610.2263,6384.7505,5747.4336,-3203.9685,3699.7114,5332.726,848.94916,-250.50963,5845.8135,0
115342.64,2,3,2,45.37214,0,0,0,0,0,0,-18829.969,50694.438,43131.965,1763.8904,13327.755,14838.707,-4778.7773,3295.6543,5799.4395,-2178.1787,-569.2269,6290.323,0
110296.46,1,3,2,41.997326,0,0,0,0,0,0,-18194.625,48922.66,33565.992,3700.195,11016.747,10630.17,-3599.2869,2691.7498,6769.88,-2201.56,951.5636,4845.0454,0
108864.42,2,2,1,42.846584,0,0,0,0,0,0,29412.861,122124.53,68878.42,8524.07,36088.016,23078.4,-1497.6024,2306.139,7508.33,-267.0943,219.91005,5231.147,0
114556.02,1,1,2,31.074299,0,0,-2,2,-1,0,-18206.18,10633.674,30404.383,4331.797,1847.5006,8624.408,-4398.0254,2175.717,5683.514,2342.0283,1635.2594,7248.077,0
113423.72,2,2,2,38.375896,0,0,0,0,0,0,-22466.602,33347.17,36882.062,4266.375,10039.267,7601.8613,-3583.3777,2965.285,6060.5093,-2256.311,-1180.6713,6508.9453,0
139160.89,1,1,2,43.47813,-2,-2,-2,2,-2,0,-14535.8125,16373.006,22437.148,4055.9841,8151.194,5748.9453,-3906.0457,3253.5974,5657.371,2785.128,1619.9537,5131.346,0
117291.08,1,2,1,45.23535,0,0,0,0,0,0,127923.77,145842.56,123062.35,132728.9,54157.062,27204.184,-43.37777,810.1522,10138.801,302.5251,1706.4398,5297.1274,0
131331.64,1,1,1,45.70633,0,0,0,0,0,0,156070.97,157924.98,128193.51,144054.02,105143.21,91303.41,-1798.8715,-179.80629,11135.278,3939.9773,3178.9624,3146.4155,0
123664.41,2,2,1,44.777027,2,-2,-1,0,-1,0,-15981.672,3671.1619,21799.115,6658.051,6730.77,6118.328,-1697.4271,1970.9086,11354.893,-2472.037,2612.9333,4983.6133,0
102872.35,2,2,2,33.594265,1,-2,-2,2,-2,0,-20707.773,17024.361,28257.252,3170.7263,4004.3208,6933.3867,-4339.126,4556.8613,5226.767,-4555.099,203.30971,5489.8135,0
100494.69,2,2,2,25.323704,0,0,0,0,0,2,22622.754,114052.09,49330.93,13949.66,71416.695,34244.492,5765.9595,-1228.713,9359.287,2135.4404,3788.967,3405.631,0
108924.61,2,1,2,44.650654,0,0,0,0,0,0,11157.449,120633.516,71310.555,12818.195,17785.22,13899.471,-2519.4246,1964.5587,6967.498,-1529.1709,835.0592,5580.75,0
107951.81,1,2,2,29.415236,0,0,0,0,0,0,-23254.953,26710.217,32522.58,4302.289,14723.874,10212.123,-2846.4563,2051.527,6440.439,-3064.043,-178.63805,5223.3857,0
145460.14,2,1,1,45.54793,0,-2,-2,2,-2,0,-5786.961,24986.838,30780.744,5533.758,-1228.7494,4571.5703,-4163.0293,3633.891,6163.727,335.24335,-453.88074,2716.7424,0
125246.45,1,1,2,40.92604,2,-2,-2,2,-1,0,-21145.742,21685.137,23966.225,1484.2771,5483.821,7167.33,-2501.4836,2613.1907,7121.2256,201.70528,1163.587,4576.965,0
105850.414,2,2,2,25.755157,0,0,0,0,0,2,124168.45,141044.25,115158.16,136200.08,115192.39,92426.76,6033.364,-3202.8704,11248.591,3302.4204,8748.935,4297.7256,0
120480.836,2,2,2,42.394234,2,-2,-1,0,-2,0,-19295.828,11467.525,20286.115,4611.699,9364.388,6200.467,-1210.0385,2924.1538,5865.4976,-4203.738,1505.9059,4745.2446,0
94323.92,1,3,2,26.062037,0,0,0,0,0,0,38658.62,121647.234,72376.914,25885.164,49366.637,22897.373,1178.8595,736.6654,7934.156,-901.9527,3382.7336,2598.6633,0
104401.43,1,3,2,38.09898,0,0,0,0,0,0,-11118.77,76463.62,39016.406,4554.918,28667.537,12182.756,-2631.6257,2292.883,6800.5493,-2466.2808,1191.245,5112.0537,0
108409.836,2,2,2,24.190615,2,0,0,0,0,0,-29189.633,2379.0564,36097.74,3722.8787,35103.69,18452.977,-3039.5383,1904.922,6090.042,-1983.7422,-202.06187,2822.361,0
135126.27,2,2,1,44.537323,-2,-2,-2,2,-2,0,-13769.605,13236.119,26504.666,5902.59,4253.2856,4427.336,-2779.722,3580.204,5635.0464,-2676.704,568.2728,5823.984,0
116160.97,2,2,2,44.82669,0,0,0,0,0,0,-23396.969,29043.188,41706.38,2019.6873,4930.399,9969.66,-4936.661,3241.8918,6350.877,-2004.1118,-912.45447,6016.5884,0
113579.016,1,3,2,45.619774,0,0,0,0,0,0,13561.707,125894.95,71663.35,4680.6406,27706.88,19409.521,-2979.6228,1528.4098,6641.8936,-953.03375,962.48083,5512.0835,0
151725.78,1,2,2,44.663944,0,0,0,0,0,0,154756.5,164580.7,95296.26,110805.84,102843.125,111392.3,3602.3274,607.25867,11173.569,1963.259,63696.566,-9495.381,0
111786.96,1,2,2,41.32183,0,0,0,0,0,0,-22115.227,49536.746,39112.56,2610.7068,20415.85,16409.605,-3709.4666,2537.6821,6211.5054,-2192.9238,-738.9896,5411.5366,0
104035.39,2,1,2,24.863295,0,0,-1,0,0,0,-20384.734,65982.42,30288.531,2254.5115,15945.269,14329.459,-38.15853,1796.7709,5633.977,-4253.9585,7578.7983,5072.257,0
136892.2,1,1,2,40.84155,2,-2,-1,0,-1,0,-11522.582,9976.854,16848.24,7112.6445,5524.227,4540.215,-2569.6707,1378.734,7276.2695,103.734085,2286.4216,5819.058,0
130792.74,2,2,1,37.13687,2,-2,0,0,0,0,-20761.945,11530.436,26659.844,5403.1016,10629.13,6106.461,-1588.3993,3137.7073,6041.485,-2333.231,789.1688,4822.3145,0
110468.08,2,2,1,45.38192,0,0,0,0,0,0,-17161.852,62228.598,51484.617,4155.742,13760.751,13962.842,-3213.533,3483.3398,6454.189,-1517.5635,-1330.8256,6374.8564,0
105422.51,2,2,2,25.189783,0,0,0,0,0,0,15364.785,121064.48,65683.984,10792.92,15532.595,8866.617,13.676429,1071.0348,6956.4185,-2262.732,1295.3158,4949.458,0
127527.81,2,2,2,32.511505,2,-2,-1,0,0,0,-21009.094,3516.7166,24396.854,4269.461,10021.966,6631.623,-2095.8474,2220.8086,6155.128,-2366.9585,924.7655,5394.1265,0
106600.66,1,2,2,37.811993,0,0,0,0,0,0,14997.484,121801.99,52154.477,7055.8086,23795.996,13383.145,-375.27036,1016.0565,7945.2974,-1935.273,857.8368,4505.4272,0
106766.45,1,2,2,26.074158,0,0,0,0,0,0,-21757.664,44162.5,32663.906,4738.133,25567.53,14642.014,-2377.8948,1867.8458,6297.831,-2672.0415,24.026505,4661.6,0
129471.86,2,1,1,45.464066,-2,-2,-2,2,-2,0,-13114.082,14069.666,28350.465,5235.453,5099.3716,5376.699,-3660.9773,3958.1128,7287.3594,-1496.8711,1091.7145,5283.8633,0
102165.555,2,2,2,24.655281,0,0,0,0,-2,0,-9867.0,50299.32,28016.734,7295.621,9156.179,5698.293,-1332.3021,2767.8547,5898.8115,-3585.6006,664.8485,5661.591,0
149747.38,2,3,1,45.707733,-2,-2,-2,2,-2,0,1443.3634,31309.693,23349.328,9966.082,951.1334,3459.375,-2889.4968,2142.6365,7081.803,571.8608,1394.6434,6489.1826,0
107149.07,2,3,2,33.955505,0,0,0,0,0,0,-19579.523,14436.135,31055.656,5150.332,7552.395,7429.592,-3745.653,2765.8892,6034.406,-3575.0986,551.1832,5440.2134,0
141594.55,1,1,2,30.080082,2,-2,-2,2,-2,0,24937.629,24424.059,21435.215,4379.992,3139.6997,5906.5312,-3898.4148,3335.7358,5534.3467,-3841.276,1732.3214,5730.6553,0
104583.25,2,3,1,44.18511,0,0,0,0,0,0,15551.5625,121940.65,73254.266,8880.828,26464.004,15673.715,-1410.7714,2636.1072,7215.2427,-704.90875,1566.0675,4104.3643,0
105262.305,2,2,1,34.146297,2,-2,-1,0,-1,0,-20734.125,5045.213,17780.1,6946.8594,13113.827,5961.5,1079.6322,1980.2755,9493.932,-1040.6821,1643.7162,3499.9587,0
111342.83,1,2,1,45.465042,0,0,0,0,0,0,-575.61707,115805.01,54373.934,6723.9375,16687.186,12176.146,-1193.1478,1981.1718,6778.3604,-938.712,113.77406,5726.4536,0
109151.414,2,1,2,29.084867,-2,-2,-2,2,-2,0,-21797.86,6277.0996,21523.307,3537.406,12185.366,6935.25,-2999.1335,3006.935,5531.1865,-4533.2163,1355.7863,3984.2964,0
126497.23,2,2,1,44.946953,2,-2,0,0,0,0,-24748.164,40904.688,32450.037,1539.113,16741.668,12980.463,2413.4204,3059.4827,5372.1743,-3551.8623,-1.5950781,4837.7534,0
118345.5,1,2,1,43.449364,-2,-2,-2,2,-2,0,-21672.82,5807.916,23685.707,4418.6016,9704.671,5189.5664,-2354.7708,3145.6694,8902.817,-3518.6729,912.6852,4733.901,0
117742.055,2,3,2,45.243824,-2,-2,-2,2,-2,0,-17237.758,12792.537,25597.254,2334.4724,6984.1724,5930.8555,-3653.6765,3554.2063,5305.9077,-3681.1992,1266.0138,4852.8486,0
142334.83,2,2,1,45.41797,-2,-2,-2,2,-2,0,-11176.445,22660.012,26235.332,6627.7656,1382.9342,3651.9492,-2262.0134,3285.5247,5868.7876,-1783.6069,267.8429,6578.271,0
103169.875,2,3,1,45.353233,2,-2,-1,0,-1,0,-19154.18,26042.99,23005.87,3967.2732,9630.558,5855.871,377.9606,3251.6624,6135.3955,2001.8274,1487.3964,85.89659,0
102537.875,1,1,2,40.023373,0,0,0,0,-2,0,55320.547,126448.25,64589.438,9677.289,5006.399,4658.8594,-1420.5282,1879.6647,6438.2944,-2569.2861,1493.7386,6168.413,0
107008.2,1,2,2,31.480362,0,0,0,0,0,2,107349.836,131793.11,110817.81,110131.9,113171.24,83043.19,5195.272,-2736.597,11280.444,3493.8582,5473.729,4389.1885,0
97132.25,2,1,2,30.373333,2,-2,-2,0,-1,0,-22429.086,3542.0369,17480.854,4895.582,13741.901,7417.545,-1510.5448,1751.3285,7935.1123,-2551.6875,1964.4564,2521.3293,0
124291.89,2,2,2,24.738667,0,0,2,0,0,0,144977.27,163628.1,129720.22,135359.48,109756.09,47807.6,20371.451,-1908.5934,11789.221,22542.08,10101.7705,1348.5201,0
113104.586,1,3,1,45.487114,0,0,0,0,0,0,-16150.633,60705.46,44272.773,2736.3787,23057.814,19575.281,-3629.5056,2863.6262,6645.1587,-365.74957,1642.9388,6200.8,0
128484.54,2,1,2,31.467293,2,-2,-1,0,-1,0,-15485.398,8045.619,18212.805,6381.2812,7770.3423,5713.828,-2141.6165,1863.7694,6605.6714,-2318.7334,2009.7565,2870.2305,0
97968.79,2,1,1,33.25669,0,0,0,0,0,2,59286.047,118856.35,91098.72,25419.43,63978.617,31203.62,2186.2217,438.3402,8750.361,2604.4802,2710.358,2999.9521,0
114487.625,1,2,2,31.416574,0,0,0,0,0,0,-9005.297,38593.88,34754.457,3607.6677,17748.633,13987.295,-2794.7498,2225.4062,6113.93,-2651.668,-504.42517,5547.6294,0
100916.0,2,2,1,42.36884,-2,-2,-2,2,-2,0,-22723.742,10258.334,25974.947,3144.7146,7401.77,7265.4863,-2936.0652,3765.9497,7408.0625,-3340.891,1174.1124,2662.0842,0
132999.31,2,2,1,35.926453,2,-2,-1,0,-1,0,-13928.793,11096.521,16761.912,9400.469,8023.3716,4440.9375,307.23795,1874.1105,6634.6353,1140.8008,1941.298,5602.9697,0
110068.54,1,3,2,44.794792,0,0,0,0,0,0,-18596.273,41231.15,34483.844,2721.16,9317.692,10550.648,-4190.593,2809.8953,5665.2754,-2827.9429,226.49135,5514.934,0
111524.33,2,3,1,45.76722,0,0,0,0,0,0,13511.535,125077.766,74169.57,19938.646,48282.547,30683.322,-2327.2517,2378.3945,7369.8755,138.09834,1128.4347,4982.743,0
108223.195,1,1,2,34.599354,2,-2,-2,0,-1,0,-17181.61,6461.2363,16333.532,5757.8906,15712.575,1892.2579,-1665.1068,1643.8258,7672.813,3546.6802,2417.6648,4774.0073,0
130097.35,1,1,1,45.71741,0,0,0,0,-1,0,-9541.496,41248.316,40087.152,3808.281,-1966.9486,5169.8438,-3200.3884,2797.1646,5998.276,1090.3347,-1227.1957,7684.5557,0
105080.03,2,3,2,24.378954,0,0,0,0,0,0,-21305.297,30772.963,32117.932,3445.1912,17591.848,7428.699,-2821.3171,2388.357,6297.948,-2813.1758,2132.6326,3637.067,0
111459.18,1,2,2,44.74416,0,0,0,0,0,0,118.01968,119018.836,55081.117,7680.0977,8034.944,5550.133,-2383.91,1551.4454,6797.197,-1961.6812,122.81703,6297.96,0
113260.71,2,3,1,45.5464,0,0,0,0,0,0,-14162.723,57588.016,46921.098,3628.5193,10124.665,6416.127,-3748.9216,3810.2585,5917.459,-1760.6646,-821.10583,6083.0015,0
116948.94,2,2,2,44.856224,0,0,0,0,0,0,-21899.258,54352.633,44841.47,2232.7732,11882.284,12896.613,-4259.743,3123.484,6587.3984,-2047.4951,-1601.0629,6618.937,0
115907.52,1,2,2,45.279133,0,0,0,0,0,0,-18134.36,73435.62,51223.11,1803.156,26853.986,20731.674,-4210.66,2494.0325,6478.4985,-1907.1592,-1336.8148,6157.0264,0
104039.25,1,2,2,28.237177,0,0,0,0,0,0,15443.5625,121439.57,59003.14,6944.4766,36778.098,18082.275,270.40787,625.88025,7583.417,-1476.0386,1267.7535,3630.5327,0
107269.98,2,2,1,40.877087,0,0,0,0,0,0,6796.332,120181.01,70369.55,17751.615,52009.188,30444.611,-1283.3397,2185.9941,7737.932,284.51312,557.3407,3479.6055,0
137193.72,2,1,2,27.30497,1,-2,-2,2,-1,0,-20374.281,28369.025,37826.62,-1953.633,-949.47986,10594.902,-5660.544,4888.8857,4343.6387,-300.05182,-2285.7502,-30513.863,0
102697.39,2,1,2,35.445232,2,-2,-1,0,-1,0,-13511.234,17289.938,17910.053,7729.617,7625.024,7598.7617,-2117.3,2382.1357,6185.5063,-892.35065,3968.7632,2527.506,0
98534.64,1,1,2,25.17527,0,0,0,0,0,0,22809.385,119816.88,59946.61,15129.111,59348.16,29996.191,-282.91147,490.17078,8318.896,-376.0567,2466.0012,2752.9363,0
135615.02,1,1,2,42.677956,2,-2,-1,0,0,0,8699.422,-6632.76,124778.23,190564.7,120379.23,106123.02,-3675.568,-18300.154,20474.482,7416.8154,9869.225,-3158.9648,0
130285.43,2,2,2,44.98731,0,0,0,0,0,0,172348.16,175402.5,133807.44,5840.215,858.4186,6073.0234,-2564.0623,1122.0905,10702.024,3635.8179,-1970.222,9101.942,0
109201.36,2,1,2,32.11231,0,0,-1,0,2,0,93064.95,137719.55,118639.34,117705.23,108003.6,82256.48,7817.182,-2097.506,6936.3306,-3825.5571,3268.907,951.14685,0
103627.4,2,3,2,45.18935,2,-2,-2,0,0,0,-22016.719,6439.49,22726.787,3037.1794,17947.857,8272.727,-3846.0544,2590.751,9352.028,-14.980029,1731.7491,3847.894,0
98042.96,2,2,1,40.63197,-2,-2,-2,2,-2,0,-23284.602,14139.92,24535.242,4323.7344,8822.075,5738.703,-139.47153,3522.9329,5420.096,-4030.2173,246.46791,4831.588,0
111413.55,2,2,1,45.45852,0,0,0,0,0,0,6891.5625,118759.37,58427.918,6519.5703,26951.98,18856.988,-2278.1091,2554.5295,6694.3115,-881.8785,-514.8373,5885.574,0
111790.25,1,3,1,45.377922,-2,-2,-2,2,-2,0,-16681.164,12835.643,24579.021,3550.8396,10466.661,5648.2305,-2726.237,3857.3157,6085.016,-916.64703,2307.9949,3700.119,0
104765.805,1,2,2,38.794018,2,-2,0,0,0,0,-30256.102,131667.98,45252.24,47.67164,57240.89,9622.98,40585.84,441.66345,6501.3574,-2837.9155,1463.0653,-25005.242,0
101609.52,1,1,2,25.628593,2,-2,-2,0,-1,0,-23470.984,4558.049,12749.765,4785.293,22243.871,7583.7793,2334.9749,1244.8219,12309.883,-711.92975,2320.9553,701.8607,0
122614.97,1,2,2,45.20693,0,0,-2,0,0,2,-8322.441,22655.164,22478.764,11132.9375,47122.676,22271.46,-1009.3016,258.71472,7196.552,21756.531,1958.4281,5552.724,0
132267.02,2,2,1,37.307858,-2,-2,-2,2,-2,0,-16558.914,10505.834,22767.562,7036.16,6538.852,4576.7617,-2027.0912,3341.3936,5851.8237,-2905.7139,1053.8033,5348.836,0
104865.0,1,2,2,25.13442,0,0,-2,2,-2,0,39204.85,7883.8613,30317.45,4244.703,4563.2935,5829.4453,-4210.1055,2982.362,5424.012,-3755.1719,-84.93492,6150.299,0
99505.11,2,1,1,44.349693,0,0,0,0,0,2,7961.0117,102415.414,52034.336,12562.135,49338.71,25557.682,97.33903,959.7865,8124.6665,1611.0471,2653.3274,5252.709,0
106358.74,1,2,1,37.604164,0,0,0,0,0,0,36121.023,121920.51,88789.63,11280.371,46140.29,25080.256,120.24674,1276.3951,8068.4614,24.616161,1265.6598,4496.354,0
133071.72,1,2,1,45.323166,0,0,0,0,0,0,155972.11,165066.2,127864.09,143311.31,105215.73,96087.69,-1414.4945,-812.0895,11760.537,2985.447,5703.4795,2952.119,0
110472.11,2,2,1,45.126644,0,0,0,0,0,0,25971.006,122726.21,84757.15,24661.865,60054.832,36192.29,-1591.2045,2153.4966,7738.0513,563.0981,394.14856,4598.4326,0
130690.83,1,2,2,34.18299,2,-2,-1,0,-1,0,-19761.664,4145.4824,15572.4795,6477.543,9761.0205,5048.0703,-22.651695,869.45544,7211.7734,-1548.6118,2015.339,5292.391,0
105297.59,2,2,2,29.14805,0,0,0,0,0,0,35790.242,122871.76,62439.723,10353.576,32408.764,15590.162,-823.4251,754.26843,23553.611,-2805.456,1789.5206,2924.6643,0
103227.96,2,2,2,24.718513,2,-2,-2,0,-1,0,-27501.57,-546.6193,14274.493,5562.789,25587.764,24263.025,1802.9264,623.7484,6575.733,2723.8604,19122.164,2001.1378,0
102230.45,1,2,2,24.986094,0,0,0,0,0,0,16353.895,120292.125,56957.92,11549.764,61426.76,31295.531,631.9113,214.3065,8213.395,-212.82573,1708.4615,2744.9165,0
117821.59,2,1,2,30.787077,-2,-2,-2,2,-2,0,-19852.695,7912.83,22657.4,3831.027,10054.144,6651.7734,-3113.8884,3086.4797,5613.182,-4235.387,1395.2511,4399.235,0
115008.59,2,3,2,45.392754,0,0,0,0,0,0,-18736.96,54567.652,42585.246,1749.3474,12900.614,14496.795,-4642.7793,3402.9346,5901.0117,-2649.3687,-522.8119,5035.709,0
142263.34,2,2,1,45.38932,0,-2,-1,0,-1,0,85037.3,20326.71,26705.39,7087.5703,-1311.1556,4098.59,-2248.4182,2765.0322,6672.4546,55.5771,190.1974,4132.479,0
123840.17,1,1,1,41.573517,-2,-2,-2,2,-2,0,-16596.984,15389.83,22272.438,4733.824,8810.366,6206.2207,-2378.1096,3543.011,6295.2324,-80.03569,2625.23,4164.2173,0
109819.266,1,2,2,41.189137,0,0,0,0,-1,0,-19881.719,29372.65,31215.703,5027.285,1866.8444,5934.8984,-2440.889,2085.927,7501.605,-466.8404,-191.97887,7336.055,0
123204.375,1,2,1,41.69987,0,0,0,2,-2,0,127245.87,157047.72,34876.883,4432.8906,2527.5044,6588.5547,-2885.2024,2191.3079,5594.2485,-3582.1104,-584.8041,6538.318,0
148258.4,1,1,1,32.753056,2,0,0,0,0,0,-11779.469,59235.496,38965.664,2066.1248,2486.2544,5624.5977,-3321.2546,3559.099,5800.2905,744.12396,314.58582,6670.027,0
112283.375,2,3,1,45.19091,0,0,0,2,-1,0,-20678.742,31358.38,37427.043,1002.86694,-1855.5931,13497.195,-4514.409,3873.2598,4661.332,698.2492,5692.9517,7439.969,0
103250.46,2,2,2,40.53093,-2,-2,-2,2,-2,0,-24704.094,6023.537,24038.94,2623.0583,7947.649,6439.758,-2991.9016,3167.331,5331.285,-4217.5747,16.406876,4915.087,0
111189.47,2,2,1,44.479324,0,0,0,0,0,0,-19284.242,23694.48,39727.684,5679.3203,5792.6606,9130.047,-3573.364,3608.292,6102.919,-2269.7227,-1298.932,6144.345,0
109396.0,2,3,2,44.876316,2,-2,-2,0,0,0,-20201.79,20739.725,26543.238,1192.574,7918.819,6988.1855,-3122.4973,4118.163,8357.538,-200.52446,573.6332,-6051.492,0
117725.1,2,1,1,40.592274,2,-2,-1,0,-1,0,-13457.934,14698.244,18163.125,8387.898,8648.296,5141.965,-854.0833,2396.325,6619.448,2017.4688,2000.4032,5030.6123,0
91335.43,2,1,2,25.330435,0,0,0,0,0,2,8682.047,91131.34,36693.035,10459.465,48926.99,22288.998,1497.7843,85.56286,8153.892,-405.08502,3060.9175,2817.6667,0
89561.59,1,1,2,26.76925,-2,-2,-2,2,-2,0,-24118.164,6715.615,15050.608,2929.0505,18311.506,7164.256,-428.27768,2413.268,6550.972,-1874.6616,1551.152,3141.2888,0
128992.57,1,1,2,38.389404,-2,-2,-2,2,-2,0,-17182.453,10785.9,21549.85,3682.199,7663.774,5946.8477,-3423.1228,2927.4836,5699.7188,-1823.4658,1741.2484,4994.29,0
111130.36,2,2,2,32.135086,2,-2,-2,0,-1,0,-22652.883,2142.322,17329.326,5418.8047,13141.872,6482.115,-7.249352,1409.5592,7195.4307,-1209.6191,1446.744,4482.5264,0
111682.94,2,2,1,26.938084,2,-2,-1,0,-1,0,-20571.883,4680.2285,16853.34,7406.707,16524.393,6079.4316,1926.591,1748.567,8556.495,-1154.6377,2124.9792,2791.764,0
117666.695,2,3,2,32.234325,2,-2,-1,0,-1,0,-16584.469,6778.7285,17066.963,7002.4414,12437.849,5442.629,-834.8885,1667.6136,6671.87,-2516.4648,2900.6558,4080.718,0
151510.11,1,2,1,45.332775,2,0,0,0,0,0,151965.9,149035.47,129060.4,136035.17,102560.7,91662.984,-2883.447,498.25818,9987.505,3100.7864,1829.5988,4602.5356,0
129507.58,2,1,2,27.501045,2,-2,-2,0,0,0,-22408.508,3762.9705,22025.623,3670.4802,13302.546,7848.2715,-2799.6238,1791.8424,6277.289,-4581.9604,2010.6969,3794.3276,0
104705.625,2,2,2,39.261795,-2,-2,-2,2,-2,0,-24384.102,4753.4473,23698.562,2949.32,8183.1216,6368.674,-3145.2249,3132.3508,5392.56,-4176.4224,135.26869,4874.993,0
118847.83,2,1,1,29.451122,2,-2,-1,0,-1,0,-17181.68,9239.549,19029.254,6813.621,10643.272,5483.59,-1223.5658,2296.6614,7319.141,-2795.7852,4993.208,1577.7645,0
139426.77,2,1,1,39.670483,2,0,0,0,0,0,-8254.234,86896.49,52767.477,7315.0234,28926.512,21283.955,-3407.0437,3785.2368,5936.114,-1925.896,550.923,5481.8384,0
103310.72,1,1,2,25.371298,0,0,0,0,0,0,-20390.828,33354.434,31329.67,4476.328,22387.455,14013.539,-3259.2195,2050.2676,6592.241,-2676.1426,703.07263,3743.9128,0
112870.99,2,2,1,45.108624,0,0,0,0,0,0,-2221.902,43218.312,44012.137,3763.3044,1342.7701,7842.992,-4045.985,3937.2874,5132.7246,-1474.5288,-1993.4965,6471.751,0
106633.125,2,2,2,24.359205,0,0,0,2,-2,0,-23525.406,10780.748,31339.566,2255.4685,6714.4653,7377.3887,-4489.3057,3531.909,5055.4854,-4645.609,-460.8949,5443.2773,0
114255.37,2,2,2,44.509037,0,0,0,0,0,0,-18590.477,71226.33,51459.35,3093.6091,17184.438,14345.326,-3772.6501,3030.6787,5994.7876,-2102.8525,-1344.0258,5917.026,0
121489.086,2,1,2,39.11949,2,-2,-2,0,-2,0,-19047.984,7004.5566,20836.932,4147.7773,9130.573,7234.0977,-3651.6042,2676.5054,5666.2866,-4516.977,2084.702,4575.8613,0
107478.49,1,2,2,25.157497,0,0,0,0,0,0,-17291.367,9647.904,30139.83,3994.7498,11097.071,6276.8164,-2041.9144,2033.5013,7386.599,-3531.6528,336.5902,5336.2026,0
92825.99,1,3,2,25.407959,0,0,0,0,0,0,40519.383,121320.68,72055.37,28727.154,40632.793,17139.256,1891.2806,794.203,8776.031,-1145.9248,3633.05,2463.7917,0
90143.516,2,3,2,32.458637,2,2,-1,0,-1,0,-10707.465,12708.311,16775.902,6696.5273,13153.421,5284.254,-1986.8885,2710.0833,8793.861,-3553.3784,2537.4414,3818.7886,0
141550.05,1,2,1,45.646034,0,-2,-1,0,-1,0,-6152.5703,15718.26,21567.463,7569.668,4389.2114,4038.8125,-1898.0458,1802.4257,6745.192,4687.8613,412.6283,7961.6,0
103155.31,2,3,1,42.927307,0,0,0,0,0,0,19659.129,120143.54,70874.81,24726.74,27738.744,16667.318,-775.14435,2562.4758,8214.576,-85.24272,2143.7234,3999.3384,0
95166.13,1,3,1,45.677574,0,-2,-1,0,0,0,-14375.289,4614.076,21610.922,7998.7227,12259.103,5320.2773,-1186.6805,1524.0035,8931.404,-2703.6147,2917.1714,4059.5469,0
111117.38,1,1,1,45.348434,0,0,0,0,0,0,87141.11,137146.84,43900.945,5041.496,17411.84,9375.238,-2568.5144,1839.1036,6267.928,-2029.7383,320.58484,5709.3125,0
108548.98,2,1,1,42.002285,2,-2,-2,2,-2,0,47271.746,14539.502,29159.752,-78.01977,4115.6294,39677.277,-4769.6562,3410.8164,4632.016,-5446.975,33394.85,4845.597,0
129492.234,2,1,1,44.958225,2,-2,-1,0,-1,0,-12235.172,16376.092,21752.75,7846.1523,12813.923,7451.3066,-2156.3303,2618.6265,7907.6226,6856.2334,4540.0327,4084.9888,0
106136.26,2,2,1,39.333626,0,0,0,0,0,0,61410.79,122323.5,90758.516,15193.607,24071.11,15533.361,-429.55698,2033.14,8222.541,-945.1734,880.7799,5393.452,0
103241.48,1,1,2,24.994802,-2,-2,-2,2,-2,0,-27731.64,7559.838,19818.635,61.624763,15088.671,8681.299,-3661.7878,3375.8567,6051.763,-1010.0059,1420.9926,-20906.7,0
122169.02,2,2,2,24.410318,2,-2,-2,0,0,0,-27724.71,-447.08417,21115.303,2291.4802,16831.293,8551.896,-2336.4626,1943.6288,9085.256,-4586.819,1004.8944,-1007.62244,0
108269.305,2,1,2,24.38271,0,0,0,0,0,0,-19959.383,39455.805,32689.654,5175.676,22203.143,15282.771,-2776.2395,2348.6458,6811.796,-2914.3267,876.0763,2849.4,0
110523.69,2,3,1,45.671574,0,0,0,0,0,0,-10763.848,76742.01,51701.8,4942.797,20231.145,16387.355,-3164.368,3481.4438,6494.653,-739.9649,588.81165,5228.6733,0
123399.45,2,1,1,45.173294,2,-2,-1,0,-2,0,-10897.625,14844.287,22039.004,7668.2773,8586.62,5290.2383,-2565.7776,3750.643,6059.884,-3565.4604,2294.0908,3718.3254,0
107553.45,1,2,2,44.80972,0,0,0,0,-1,0,-10671.895,44355.613,27964.531,6923.711,11020.817,10122.053,-1868.9042,1799.0856,6148.0195,15442.96,147.60854,6694.6826,0
115910.266,2,2,1,45.487312,0,0,0,0,0,0,162084.5,138116.47,111287.12,14394.113,47418.2,31285.443,-1751.66,2062.6296,7257.972,311.52875,-907.04285,6229.6016,0
124140.945,2,1,2,44.81675,2,-2,-1,0,-2,0,-12851.223,12696.975,20830.158,5154.0,7876.227,6251.09,-3483.9988,3217.566,5818.7773,-4120.9575,2001.3793,4910.6895,0
104817.234,1,2,1,30.094051,0,0,0,0,0,0,50250.49,121680.23,90240.16,14039.645,49927.137,26389.688,1073.3085,1028.5714,8293.234,999.89764,1579.6757,3800.3762,0
113847.305,1,2,2,45.322388,0,0,0,0,0,0,-7363.922,104756.05,57412.742,4927.9453,15507.458,13022.928,-3109.1506,1927.4462,6361.2925,-1841.9385,-438.93542,5943.344,0
134233.5,2,1,1,45.056366,2,-2,-1,0,-1,0,-20082.61,25857.031,23539.236,2511.656,8520.903,7893.6543,198.74576,2296.142,10287.92,291.1938,3092.893,5509.6353,0
93667.305,1,2,2,26.420637,0,0,0,0,0,2,15508.543,108471.46,41393.03,10716.5625,64334.5,28472.775,3840.2175,-1038.5499,8355.842,2930.2385,2911.8918,2195.2144,0
144033.11,2,1,2,42.483402,1,2,0,0,0,0,5294.25,94553.24,51228.516,1963.906,10665.69,8038.6387,-4819.9424,3733.945,5755.049,1108.0059,908.9581,5761.086,0
116927.95,1,2,2,44.34942,0,0,0,0,0,0,-22908.266,49868.625,40878.54,1707.4568,13524.97,13530.51,-4235.1904,2820.2378,5952.145,268.85516,-1063.9647,4612.5317,0
134098.5,2,2,2,25.57543,2,-2,-1,0,-1,0,-15533.844,5513.834,15548.712,7956.6523,10121.415,4722.551,-668.1961,988.2042,6973.2134,-1572.6113,2285.347,4739.7104,0
128325.23,1,2,2,42.26473,2,-2,0,0,0,0,-30931.39,124767.98,42811.98,-3232.797,26782.305,16676.672,24632.766,2842.5588,10055.2,-1362.1641,4915.652,-34013.203,0
113554.99,2,2,1,45.518562,0,0,0,0,0,0,-11532.559,86895.19,55893.676,5328.6562,10091.538,12503.068,-3429.2937,3199.7024,6740.9526,-1733.7402,-1572.8265,6594.0015,0
111955.016,1,3,2,45.32348,0,0,0,0,0,0,-19386.836,41332.99,39035.555,1599.2029,12333.257,13403.98,-4609.166,2855.8372,5603.187,-2633.8374,-266.48132,5919.5635,0
105926.56,1,2,1,37.73453,0,0,0,0,0,0,28687.172,121766.85,79413.22,23724.232,60375.27,33808.98,7.050941,1170.3326,8101.781,1117.6509,1642.1561,3698.8982,0
126187.086,1,3,1,45.443695,-2,-2,-2,2,-2,0,-14026.508,17083.389,23158.205,4496.2617,9357.438,5661.1484,-2447.9094,3501.7383,7304.867,251.61592,3082.564,3739.7305,0
105211.03,2,2,2,42.32163,2,-2,-2,2,-2,0,-21039.64,12222.881,25551.549,946.9763,5729.1255,7986.7734,-4756.0137,4110.1113,4816.9746,-706.1705,78.27992,5220.7734,0
115160.1,2,2,1,25.156836,0,0,0,0,2,0,113336.97,122206.33,89510.46,49077.87,68085.945,33064.945,1450.3153,1134.0746,13098.357,-2322.9429,2962.4866,4106.097,0
137762.02,1,1,1,45.36524,2,-2,-2,0,0,0,-15339.227,10137.666,27069.268,3675.2693,7113.989,6612.5195,-3366.0496,2378.8672,10501.456,-3344.8086,2495.2551,4030.1758,0
126554.14,2,2,2,24.510351,0,0,0,0,0,0,145449.06,159885.77,127299.93,104334.04,102099.23,80890.41,-185.1102,-321.53284,7923.66,170.51192,1327.7054,-968.8285,0
104985.4,1,2,2,24.249868,0,0,0,0,0,0,-23469.516,24863.656,30726.848,5020.1797,24739.56,13171.65,-875.1014,1517.1334,6984.245,-2549.248,466.14612,3946.2178,0
120986.69,2,1,2,28.918854,-2,-2,-2,2,-2,0,-19495.375,7860.3965,22419.16,4057.117,10851.897,6587.838,-2951.0833,3036.193,5655.544,-4187.638,1544.9467,3935.3762,0
95855.266,2,2,1,27.496643,-2,-2,-2,2,-2,0,-24433.586,5845.5137,18730.043,5302.414,15471.681,5899.254,2339.7385,2966.4429,5584.8145,-4233.7114,888.87634,3667.3142,0
107070.95,2,2,1,30.917406,0,0,0,0,0,0,-20459.258,26909.549,34874.535,6757.09,11966.3,11083.523,-2606.3772,3041.564,6650.068,-1927.6431,36.801407,5277.1895,0
135701.3,1,2,1,43.03793,2,0,0,0,-1,0,58222.82,122342.266,28240.477,9493.906,76594.99,3492.7266,-3086.119,703.4667,7290.884,28567.604,1172.881,6253.2095,0
136409.56,2,1,1,42.976715,0,0,0,2,0,0,149521.64,163349.69,129893.36,161714.77,103626.29,90909.86,-3283.158,817.24255,5532.2275,1123.6472,2783.4944,61.24425,0
112582.59,2,2,1,45.54836,0,0,0,0,0,0,-8189.875,78956.21,54038.03,8973.918,7404.9263,9066.715,-2129.1257,2299.5334,6647.7705,-2088.9834,-93.757675,6636.8364,0
104265.055,2,2,2,24.636572,0,0,0,0,0,0,18929.14,120441.94,54190.984,10201.641,44893.656,22781.398,518.18475,857.3436,7872.687,-1493.1953,1340.591,3522.7698,0
103832.375,2,2,1,25.367989,0,0,0,0,0,0,65620.18,123947.06,95804.55,58258.312,65555.14,36247.156,1518.7198,928.1571,8603.892,333.40912,2092.1824,3471.851,0
107284.15,1,3,1,45.77309,0,0,0,0,0,0,49261.93,125239.26,76839.82,12461.424,45228.35,26848.79,-1445.225,2107.2905,8453.274,707.1447,1898.3168,4263.115,0
99177.85,1,1,2,25.826765,0,0,0,0,0,0,21422.7,118650.57,58705.426,14209.146,59272.855,31055.8,-445.03207,536.2001,7779.607,-376.66022,2317.7014,2986.4526,0
143197.81,2,1,2,43.4243,2,-2,-2,2,-2,0,-9425.566,28525.154,24945.947,4084.3435,1387.067,6427.7695,-4082.5662,4122.259,5469.159,-4311.4917,1065.819,6041.319,0
106099.266,1,1,2,29.576586,2,-2,-1,0,-1,0,-18312.227,5619.0566,11715.901,6720.965,17783.51,6189.91,402.84146,1408.9398,12223.747,-3844.3438,2825.7944,3371.9004,0
111564.42,1,1,2,24.113008,0,0,0,0,0,0,-25068.945,17941.232,33689.668,1251.7576,16392.764,15038.9375,-3822.5632,1681.953,6369.47,-3797.9658,9995.71,4482.165,0
109033.37,1,1,2,43.791943,0,0,0,0,0,0,-11640.789,63030.24,39512.715,3150.2654,4904.942,7605.3125,-4455.2285,2676.0208,5386.658,-3452.25,765.6273,6555.6357,0
129067.21,1,1,1,45.51456,0,0,0,0,0,0,-12966.898,50697.465,46050.6,3013.5935,11398.55,10464.07,-4026.576,3156.856,5828.454,-1795.9829,-534.3988,6841.643,0
150695.81,2,2,2,41.98881,0,0,0,0,0,0,177033.8,192349.6,136190.17,212594.75,118586.91,120990.336,-4126.295,-1311.6144,12383.042,1326.7795,3145.237,-26668.611,0
108906.08,2,2,2,29.04226,0,0,0,0,0,0,-16943.594,67729.805,37977.02,6029.41,12059.362,6887.502,-2502.0847,2446.8596,6532.292,-3198.0479,-188.53844,5853.283,0
109072.98,1,3,1,45.73323,0,0,0,0,0,0,-9141.211,81575.41,43930.67,4759.582,20746.57,13764.553,-3081.195,2877.262,6898.2686,1919.3274,1030.253,5951.594,0
129062.336,2,1,2,29.76429,-2,-2,-2,2,-1,0,-13193.48,7627.0645,19706.047,8397.895,40834.227,22296.205,-2519.3958,1025.7711,6433.0874,22115.479,2310.1611,3995.4048,0
119933.09,2,1,2,29.145687,0,0,0,0,0,2,160218.53,159602.58,123474.88,170064.89,115683.055,106029.93,3361.6194,-3621.927,13987.551,5292.1616,9335.472,5478.614,0
103125.414,2,2,1,40.000767,0,0,2,0,0,0,-15491.508,117830.89,71261.11,5920.1523,55305.51,28397.898,36332.414,391.19226,8017.679,-829.295,3382.5662,2127.4285,0
107400.68,2,2,1,40.976658,0,0,0,0,0,0,28010.627,121249.36,79202.16,24334.389,53584.5,31660.582,-986.9593,1981.7448,8149.8003,276.5976,803.328,4478.3237,0
124553.84,2,1,2,41.377163,-2,-2,-2,2,-2,0,-17899.164,13248.014,24131.713,3281.699,5750.563,6301.34,-3347.6443,3402.8936,5492.507,-3933.3242,1066.43,5185.5195,0
114106.734,2,3,1,44.704163,-2,-2,-2,2,-2,0,-14379.676,20283.855,23436.021,4841.6836,8319.337,5227.3906,-1545.1361,3875.3716,5484.24,-3430.5454,1691.1632,4618.9185,0
99753.13,1,2,2,25.155153,0,0,0,0,-1,0,-20286.86,10877.287,24383.54,7125.203,12672.638,5104.6367,-648.74884,1412.0428,7593.321,-2647.1006,1043.1344,5085.784,0
101502.66,1,2,1,38.01065,0,0,0,0,-1,0,-3860.1873,78253.625,24004.602,12624.027,23915.791,13815.973,-157.07895,1533.4918,8630.276,13806.678,1345.4022,5547.2964,0
111667.33,1,2,2,44.82328,0,0,0,2,-2,0,36880.785,131000.47,35720.94,2389.3005,1211.5748,6682.592,-4431.1523,2775.4314,5298.9487,-3779.333,-1403.6312,6363.1973,0
112583.92,2,1,2,32.13669,2,-2,-2,0,0,0,-23200.43,7610.365,27823.16,1022.35913,11286.228,12808.404,-3636.487,2669.636,5317.009,-3960.2646,6677.6665,1589.173,0
109393.336,2,1,2,27.427725,0,0,0,2,-2,0,-22523.43,44033.836,29831.059,834.85913,4707.6685,8145.951,-4127.466,3845.5444,4818.931,-5018.3384,-427.14783,5137.3867,0
107747.69,1,2,2,27.276148,0,0,0,2,-2,0,-23776.438,16811.084,29539.379,1120.5466,5490.8716,7198.092,-4740.1924,3377.2358,5137.22,-4495.2505,-727.32605,5633.9478,0
112254.88,1,2,2,40.408936,0,0,0,0,0,0,-15659.148,81802.66,44693.93,3785.7498,30168.252,19898.475,-3088.8655,2167.503,6570.524,-1815.999,-314.13074,3654.332,0
131360.4,1,1,1,43.989227,-2,-2,-2,2,-2,0,-14810.898,18548.402,23285.283,4792.6953,7412.598,5622.047,-2422.2102,3629.2864,6170.6387,359.2436,2122.201,3783.3442,0
108198.74,1,2,2,24.282267,0,0,0,0,0,0,-15711.68,67145.92,35468.285,5231.4375,35564.47,19169.96,-1034.9984,1426.7196,6900.8877,-950.0694,787.3092,2887.9922,0
112991.04,2,2,1,34.957645,-2,-2,-2,2,-2,0,-20580.469,7179.8105,23006.184,5745.543,9884.438,5482.1875,-1963.6605,3404.9258,5686.072,-1470.935,920.5585,4796.3555,0
96590.34,2,1,1,41.13356,-2,-2,-2,2,-2,0,-21444.516,20216.176,24080.477,3531.203,9490.243,7250.8535,-1226.6522,3829.6892,9156.86,-1661.435,1593.4125,3298.5193,0
104703.45,1,2,2,28.162428,1,2,0,0,0,0,73933.89,129233.91,83815.23,5076.875,42421.3,20714.059,-1283.414,1195.4327,7033.976,-1495.3994,2285.3325,2826.7795,0
138018.72,1,1,1,45.6512,2,-2,-1,0,-1,0,-9211.691,12933.674,20167.607,8059.0,5781.602,4476.883,-2165.5837,1748.2601,10208.32,2037.5354,2676.8037,5909.609,0
115222.234,2,1,2,38.998764,2,0,0,0,-1,0,-23115.969,34590.27,33273.996,1987.9646,10023.14,8650.822,-2255.7366,3395.555,6384.1523,2786.0764,-107.63365,4762.305,0
149071.53,2,1,2,43.521812,2,-2,-1,2,-2,0,-5904.2188,42009.07,24104.55,4829.0625,-280.41345,5647.6484,-3000.0764,3404.1853,6022.517,-3476.6802,836.6361,6621.0283,0
148154.22,1,2,1,40.534348,0,0,0,0,0,0,199616.53,201068.4,136485.47,178419.66,109224.47,62818.93,20454.23,-1988.5421,13506.3955,4137.1787,1377.2579,7776.333,0
109546.46,1,2,2,41.954044,0,0,0,0,0,0,13412.832,121097.06,56535.65,6052.215,32439.531,19340.363,-1789.8168,1312.2084,7302.4604,-731.0181,479.76892,4758.2935,0
137913.75,1,1,1,45.336243,2,-2,-1,0,-1,0,-9764.1875,16287.963,18338.334,8614.41,20789.336,6603.551,-1514.1146,1904.9916,15487.966,9856.436,4234.38,4474.194,0
115809.13,1,2,1,34.600048,0,0,0,0,0,0,174919.97,174910.64,94656.234,182081.36,132218.42,94663.79,2519.2683,653.62195,54561.84,2178.8884,5993.8276,-5686.4473,0
114896.69,2,2,1,25.385979,0,0,-2,0,-1,0,-5950.332,4874.1387,20020.29,15841.963,11845.052,3204.4375,577.03485,1546.5948,8536.473,2305.3982,2240.77,5615.7793,0
143008.55,2,2,1,44.79987,0,0,-2,2,-2,0,-6372.7695,21710.475,36461.742,8002.176,-2414.5269,3829.8633,-3965.0994,4356.0527,6288.489,-1703.8413,-1562.1053,7621.482,0
122031.11,2,1,2,40.658764,2,-2,-2,0,0,0,-20111.82,6510.1426,23581.338,4433.5195,10064.351,7642.2734,-3439.3357,2353.9478,5961.415,-4513.02,1889.3463,4220.799,0
110696.46,1,1,2,37.026546,2,-2,-2,0,0,0,-23474.766,4737.8926,19065.674,2353.078,15148.603,10499.18,-3767.2996,2349.6191,8525.236,-4924.7466,1941.0089,280.82336,0
98317.8,1,3,2,28.431562,0,0,0,0,0,0,23075.662,122491.53,62462.086,9520.301,26697.291,12635.066,212.38882,962.6395,7077.672,-1446.77,2729.7197,3861.3687,0
105106.42,1,2,2,26.082573,0,0,0,2,-2,0,-19010.133,71261.89,28100.467,2720.0388,7753.0044,6781.8926,-4293.385,2966.834,5393.208,-4233.031,-268.7821,5386.131,0
101613.68,1,1,2,26.797926,0,0,0,0,0,0,20141.736,120913.4,46385.39,8886.309,26613.28,13777.398,-1171.4652,782.7118,6901.5903,-2153.5225,1675.6212,4252.599,0
116313.586,2,1,2,27.441576,-2,-2,-2,2,-2,0,-20768.04,6444.381,21675.521,4079.6833,12728.114,6744.791,-2728.369,2913.6418,5616.9834,-4372.108,1644.7421,3929.3074,0
133619.19,2,2,1,45.05104,-2,-2,-2,2,-2,0,-17440.586,14749.584,28049.271,4614.6406,4639.7817,5962.496,-2928.7112,3653.3235,5675.4395,-1066.06,1724.254,4004.4255,0
107276.11,2,2,1,44.524975,0,0,0,0,0,0,13795.871,122038.38,77852.9,18056.318,41931.703,25747.43,-934.40753,2226.363,7810.52,-256.01178,547.55945,5006.7627,0
123610.52,1,1,1,44.284958,-2,-2,-2,2,-2,0,-16554.617,16242.951,22582.281,4355.449,9150.589,5544.715,-1924.4359,3414.9456,9035.952,-1602.4287,1534.1947,4766.3804,0
119469.37,2,2,1,44.77673,-2,-2,-2,0,0,0,-22316.797,-3082.2913,26613.678,7030.297,12907.237,5360.4375,-1389.4457,1759.8124,7760.682,-2749.2285,1028.4247,4488.346,0
111604.3,1,2,2,36.654644,0,0,0,0,0,0,-20737.227,56994.227,37948.715,3384.3396,25646.1,12186.732,-2915.9275,2313.7139,7072.367,-2202.3398,-401.0741,5178.73,0
90142.97,1,1,2,26.557905,0,0,0,0,0,2,38488.863,117491.64,55561.08,17972.37,69834.92,31239.674,2787.4185,-810.3141,8978.393,2966.7861,3538.845,2036.3739,0
106752.97,1,2,1,41.0354,0,0,0,0,0,0,13430.277,121495.93,65994.5,10996.053,17579.664,12764.916,-1149.8822,1859.7394,9115.685,4114.0444,1059.611,4187.994,0
125105.86,2,1,2,31.81421,2,-2,-1,0,-1,0,-16165.859,5930.6035,17637.287,6923.2266,9313.997,5827.789,-1711.2953,1610.9564,6818.3643,-2315.0645,2285.0833,5093.2446,0
98047.14,2,1,1,40.41156,2,0,-2,0,-1,0,-14187.793,37818.582,25075.14,7685.3984,6029.391,5550.2812,-1359.8285,3045.0215,6048.481,-2173.751,738.53015,5238.154,0
102602.56,2,2,2,24.554455,0,0,0,0,0,0,13996.301,119779.555,54154.0,9961.8125,55270.266,29413.28,458.79117,712.6781,7786.1343,-752.06647,1490.691,2963.2644,0
124405.54,1,1,1,45.753986,0,0,0,0,-2,0,104931.81,135291.86,119461.9,15008.135,2363.063,2483.1016,-293.11557,2127.7844,7031.1553,-579.543,1553.9005,7183.8716,0
148123.25,2,2,1,45.80862,0,0,-2,2,-1,0,-5601.703,21286.766,39178.98,8751.746,-5634.101,4014.293,-3715.5544,3450.0552,6683.695,-12.331592,-2280.1843,8151.0728,0
134774.75,2,2,1,45.66129,2,0,0,0,-1,0,-10059.066,11294.084,20813.521,8888.891,99167.555,79687.4,-4349.712,454.6859,6948.663,38351.863,3164.0227,3190.5989,0
131230.31,2,3,1,44.548252,2,0,0,0,0,0,131344.47,151745.03,119619.96,121442.22,103872.164,85846.97,-1800.1312,1603.5033,8901.179,959.90936,3258.242,1534.9725,0
131697.36,1,2,1,45.766228,0,0,0,0,0,0,154718.92,133668.12,118684.91,101437.266,72234.66,44061.434,-1479.409,1123.1583,9798.312,1755.3604,1141.308,5307.844,0
115605.836,2,2,2,44.244873,0,0,0,2,-2,0,-21925.07,25635.729,38493.58,641.281,-1354.0892,6851.4004,-5831.4297,4494.3687,4619.986,-4295.397,-2549.1501,6927.5596,0
110116.586,2,2,2,24.49918,0,0,0,0,0,0,9353.152,120580.02,66201.79,7556.09,8039.4556,18592.225,-260.93686,595.0419,6404.874,-2805.253,16283.7,5091.522,0
134577.89,2,3,1,44.970623,-2,-2,-2,2,-2,0,-10876.727,21188.084,23326.688,6972.8555,7028.3325,4538.0664,-1965.1346,3560.4355,5740.7495,-1599.0459,2085.196,5021.777,0
147165.0,2,1,2,34.333366,-2,-2,-2,2,-2,0,-7512.004,23502.752,21699.504,7095.8867,1054.4655,4412.242,-3522.2976,2523.7917,6060.64,-2194.3716,1309.9862,6347.367,0
139236.25,1,3,2,33.005394,-2,-2,-2,2,-2,0,-10076.672,18379.87,18296.156,6277.043,7284.567,4456.176,-2431.4958,2315.595,5967.5537,-2491.208,2685.512,4998.619,0
132886.27,1,3,1,45.390636,2,-2,-1,0,-1,0,-4780.6016,25893.871,14522.958,11827.082,10727.073,4006.871,1249.7416,1537.8275,7753.9253,2846.7883,3752.9019,5128.248,0
128145.28,2,1,2,43.099262,2,-2,-1,0,-2,0,-12686.203,14825.018,19161.326,6202.2305,7993.3716,6094.8613,-2937.494,3137.2158,5913.0557,-4071.5356,2234.7473,4870.24,0
146369.2,1,2,1,45.68044,0,0,0,0,0,0,173052.02,174701.1,132842.38,179641.66,107917.336,98908.164,-1044.559,-1213.1329,13041.765,3985.0457,2642.5864,4855.7266,0
119831.766,2,2,1,45.51749,2,-2,-1,0,-1,0,-14759.977,13525.041,23852.578,7149.4805,6294.028,5059.043,-1793.3436,3002.4197,6707.447,306.95404,1065.8727,1079.016,0
133722.78,2,2,2,34.624405,2,-2,-1,0,-1,2,-8248.93,11448.607,12381.905,11964.691,9150.6045,4276.785,1596.8912,839.0541,7374.9253,46.833447,2917.2197,1307.8331,0
102765.805,1,2,2,42.465374,1,-2,2,0,0,0,14277.23,118715.2,51658.152,3054.3982,64880.45,18797.586,3036.5781,748.9188,8078.9937,-154.95512,15872.057,2932.41,0
104264.53,2,2,1,45.152386,-2,-2,-2,0,-1,0,-21554.398,451.24005,24281.455,4862.789,7080.2583,6066.078,-1974.266,1718.1093,6328.2188,-2103.962,-88.94127,5994.742,0
136310.39,1,1,2,40.24855,-2,-2,-2,2,-2,0,-15993.328,12285.162,21525.225,4005.5232,6511.4067,5810.621,-3300.3337,2818.6091,6593.9863,-3348.086,1875.2223,5146.734,0
107434.59,1,3,1,44.88966,0,0,0,0,0,0,-7089.035,71418.08,36013.355,5915.1562,10776.011,10209.756,-2974.3928,3200.7542,6254.8794,-1320.356,771.93005,4585.0317,0
128583.32,2,2,2,32.91583,0,0,0,0,0,2,138467.25,146827.31,121361.81,139643.17,109112.95,93238.055,2789.0735,-1905.965,11646.383,5426.014,2810.3296,1780.474,0
112656.01,1,2,2,45.22724,0,0,0,0,0,0,13484.156,128351.1,107085.03,11430.148,32377.662,19595.338,-1261.4076,1276.0726,7890.9307,737.3757,565.1666,4089.1816,0
117942.984,1,1,2,27.200777,2,-2,-2,0,-1,0,-19328.414,5887.2754,15438.368,5231.0586,13931.304,5422.832,-1735.3036,2259.0378,9588.912,-3485.6162,2086.3232,-15746.2,0
98393.914,2,2,2,32.626328,2,-2,-2,0,-1,0,-23755.234,2575.1462,14848.792,5094.4805,15265.083,6568.7656,1600.3365,1292.5338,11532.653,-3459.9336,1173.9669,3840.7375,0
124649.93,2,2,1,45.107365,2,-2,-1,0,-1,0,-17883.562,14269.186,22635.701,6037.8984,7436.5864,6514.0312,-194.00815,2152.64,8388.913,1865.7659,2510.5542,4814.8716,0
106084.87,1,2,2,25.49446,0,0,0,0,0,2,67766.81,120681.91,88222.83,47239.65,95831.76,56105.613,5590.066,-2180.242,9748.645,3277.4785,4336.4814,3514.1958,0
132354.27,2,2,1,44.015564,0,0,0,2,-2,0,-16469.023,24226.623,38685.723,4081.8005,-1222.4564,5308.367,-4720.75,4823.164,5163.137,-3229.6592,-1988.3099,7006.5913,0
139168.53,1,1,1,42.359837,2,-2,-1,0,-1,0,-7049.91,18400.217,16429.9,10521.676,5615.52,3765.8438,-1462.0145,1341.7076,9255.173,2631.7427,2738.376,6163.404,0
105512.57,1,1,2,29.863916,0,0,0,0,0,0,-20016.016,45648.477,33156.13,3855.1404,23030.27,16227.248,-3227.36,2159.9424,6252.71,-2588.9062,672.39075,5349.828,0
102767.46,2,2,2,29.811554,2,-2,-2,0,-1,0,-26416.484,4200.0566,15722.171,3800.0037,15411.079,11959.559,2266.5754,904.3646,6289.1465,-3442.0513,7828.9756,3449.9668,0
107854.07,2,3,1,45.58391,0,0,0,0,0,0,7962.0938,121127.836,80510.78,5824.121,10338.333,18213.543,-1671.9764,2361.4749,6790.3228,-1632.043,15085.34,5158.8584,0
104814.13,1,1,2,35.312286,0,0,0,0,0,0,-6635.797,89361.836,46730.5,6070.922,34246.96,18397.115,-2520.739,1689.5411,7373.6997,-3097.4238,1154.9056,4948.751,0
141191.75,1,3,1,45.640526,-2,-2,-2,2,-2,0,-8231.9375,17747.395,23676.455,6493.4297,6207.6177,4224.754,-2928.4978,2895.8687,7398.8022,1276.1284,2151.364,5500.2705,0
118136.41,1,1,1,45.409775,2,-2,-1,0,-1,0,-16481.492,12090.197,21246.082,5244.3555,9551.519,5958.4414,-924.11066,2202.5288,11020.551,1061.374,2232.7583,3748.9868,0
113183.76,1,1,1,44.525936,-2,-2,-2,2,-2,0,-23434.18,25623.342,25437.434,1400.9333,8944.196,7130.8965,-619.2161,2772.3574,5249.026,-4205.6665,656.34656,4751.3823,0
148050.42,2,1,1,39.52179,0,0,0,0,0,0,200564.0,194209.27,134777.73,194162.33,102632.055,89802.92,-537.9798,-1177.0577,11843.304,1400.2708,1042.7289,4172.3506,0
154154.78,1,1,1,45.393913,0,0,0,0,0,0,197179.27,202412.25,140978.27,212735.33,120798.05,114888.97,-1995.5765,-2496.5408,15563.397,3432.3018,4793.8013,-206.90712,0
137007.6,1,1,1,45.326515,2,-2,-2,0,0,0,-18498.82,5529.4473,27248.352,3643.4763,15086.997,7159.6855,-3781.615,2282.6865,14263.295,363.5302,1704.2819,4836.3716,0
147744.7,1,1,1,45.920277,2,-2,-1,0,-1,0,2094.1917,30856.582,18153.627,12622.76,7283.934,6218.047,-1492.6688,691.6903,8169.979,5618.828,2421.588,6153.857,0
104470.914,2,1,2,24.701208,0,0,0,0,0,0,-20248.102,28275.273,32658.654,5140.504,17181.943,12699.463,-3333.0105,2395.932,5865.4727,-2702.1802,631.1942,4447.1724,0
114735.53,1,3,2,45.340294,0,0,0,0,0,0,-19809.633,45123.223,40490.28,1066.2302,13637.288,16147.848,-4903.573,2705.076,5568.3438,-2525.7896,793.1666,5971.4653,0
113770.08,1,2,3,44.824287,0,0,0,0,0,0,-6760.0234,108120.19,61543.168,4866.2266,37145.4,21491.348,-3675.4666,2400.0605,7025.9565,-1620.0,-145.44176,5874.861,0
109533.57,2,2,1,45.24322,0,0,0,0,0,0,28720.707,123633.56,93551.7,7419.0234,26868.16,18795.627,-1712.0511,2406.9678,8694.743,515.14325,200.62074,5356.312,0
106974.66,2,2,1,40.7978,0,0,0,0,0,0,12132.34,121580.734,75672.23,10801.896,13334.554,9929.865,-1212.3295,2301.6775,6745.442,3605.6365,429.05237,6288.931,0
107266.94,1,2,2,25.851994,0,0,0,0,0,0,-24440.5,13500.037,31548.89,4546.75,15060.103,6516.7754,-2827.6218,2145.8804,5750.1455,-932.1231,-69.10484,3554.55,0
141407.61,2,1,2,41.570957,-2,-2,-2,2,-2,0,-11771.613,17409.04,23553.932,5369.7695,1824.1256,4668.758,-3688.2175,3203.7031,5663.18,-2931.1826,1254.423,5941.487,0
134489.66,2,1,2,45.175426,-2,-2,-2,2,-2,0,-16756.375,13818.01,29796.635,1808.6326,2443.688,7895.7227,-4320.705,3119.9014,5133.748,-2743.8472,2028.2789,6083.423,0
147271.06,2,2,1,45.28461,0,0,0,0,0,0,182050.81,181211.12,133910.67,175120.17,108151.79,107233.195,-1647.034,-1175.4137,12277.926,3749.3296,2541.4336,3683.927,0
102546.68,1,2,2,24.585682,0,0,0,0,0,0,15065.504,118932.29,33731.16,9376.309,30767.88,13457.771,67.29557,314.05945,6912.2124,-1892.1064,1437.9948,3948.9973,0
122101.7,2,2,2,45.294273,1,-2,-2,0,-1,0,-23336.555,10702.869,30748.488,2051.8865,3334.3755,8574.873,-2068.6897,1750.2057,11267.838,-368.51178,2653.4988,6130.172,0
121863.97,2,2,2,44.731384,1,-2,0,0,0,0,-31282.07,74566.97,42001.184,-4731.246,27623.729,20243.729,14955.351,3087.3455,5250.4277,-600.8316,-1377.4872,-1694.3177,0
106519.95,2,2,1,42.13237,0,0,0,0,0,0,66261.4,126899.38,102819.15,57339.74,48033.023,28547.686,-283.40414,1793.1749,8154.5596,189.62593,992.6234,4732.8125,0
115674.75,2,3,1,41.075882,2,-2,-1,0,-1,0,-13185.465,10001.521,17419.02,9368.297,10704.21,4613.551,-689.4554,2314.2976,10418.393,-1795.6265,2935.9465,4583.901,0
95939.516,1,2,2,25.191244,0,0,0,0,0,2,-5051.3164,75453.49,30464.623,8054.801,50953.953,22752.959,2148.1401,8.077017,8235.235,2137.4663,2073.2925,1269.7689,0
119266.055,2,2,1,42.34082,0,0,0,0,2,0,5070.504,113431.484,62023.6,19518.03,22010.152,8315.689,-805.99005,2385.222,8010.6123,-1877.1504,761.921,6559.611,0
141126.23,1,1,1,44.18412,-2,-2,-2,2,-2,0,-10079.863,23198.658,23039.84,6364.0156,3883.2153,4876.66,-2846.867,3303.3916,9855.963,-1478.435,2279.265,2849.2502,0
138497.95,1,1,2,32.08313,2,-2,-1,0,-1,0,-6577.5586,16586.342,14155.382,10965.387,7865.3325,4350.0,-1694.0785,475.9784,7121.733,-318.39996,3259.4475,5173.9424,0
134473.33,2,3,2,42.64983,2,-2,-2,2,-2,0,-12293.406,22388.092,22680.787,3985.6873,5957.1294,6301.1914,-3660.9744,4079.1687,5264.6714,-4449.719,1917.2968,4859.7104,0
134316.02,1,1,2,33.114906,-2,-2,-2,2,-2,0,-16569.305,9584.717,20410.764,4524.199,8624.265,5683.7656,-3025.6433,2642.9233,6885.434,-3566.2861,1898.8729,4761.5806,0
110457.18,1,2,1,44.587635,0,0,0,0,0,0,23623.654,123064.766,78836.766,21751.004,61557.21,34770.984,-1106.5643,1522.0951,8148.2773,798.39716,1045.6212,4484.573,0
111057.6,2,3,2,45.241085,0,0,0,0,0,0,-13366.59,70682.14,47985.81,2899.1287,14431.376,11025.131,-3814.3025,3152.2795,5938.9272,-2671.1982,128.04408,6046.2974,0
106499.04,2,2,2,24.284603,0,0,0,0,0,0,-21667.383,31179.797,32356.867,5950.9375,13742.767,9273.844,-1937.2284,2125.848,6342.471,-2401.3853,242.5558,4514.5664,0
104892.375,2,2,2,24.65539,0,0,0,0,0,0,64355.414,124332.99,98632.36,49882.13,51117.69,26745.672,1442.6627,452.25183,8438.903,-610.5997,2045.443,3492.8987,0
124702.12,2,2,1,45.078354,0,0,0,0,2,0,-12838.57,38107.582,39427.926,8378.633,2055.4849,7412.9746,-3548.3914,3795.735,6404.8237,-210.81596,-2414.431,7471.073,0
146250.92,1,1,2,31.885832,0,0,0,0,0,0,201057.08,207085.03,139563.03,264370.22,119855.836,111438.555,6985.672,-4223.8457,18957.225,3927.0784,5888.752,838.19763,0
101221.72,2,2,1,45.562836,0,-2,-1,2,-2,0,-13794.484,26587.615,25578.396,6052.078,2832.067,5289.125,-1224.9183,3428.3176,5735.326,-3159.9263,434.1698,6557.8125,0
117786.54,1,2,1,37.77936,-2,-2,-2,2,-2,0,-21267.984,7382.6074,22054.28,4916.703,9989.151,5185.867,-1847.2782,3199.8743,6903.8706,-1553.523,993.75696,3358.7234,0
104860.86,1,1,2,30.093283,0,0,0,0,0,0,-13485.039,72735.88,39493.26,3935.0466,33988.375,21410.812,-3136.6985,1985.3536,6509.6665,-2164.1636,841.756,4001.7068,0
137414.44,2,1,2,29.60829,2,-2,-1,0,-1,0,-10330.172,11901.287,16065.237,8506.996,6789.02,4582.211,-2234.8308,1182.3307,6590.508,-470.33307,2392.9053,5562.4004,0
107288.53,1,2,2,29.081882,0,0,-2,2,-2,0,-5420.84,8775.635,30411.348,4179.4766,2844.1216,5679.004,-4329.3965,3138.9463,5450.0547,-3637.0757,-262.62292,6405.3184,0
98710.2,1,1,2,32.057602,2,-2,0,0,0,0,-28323.938,91964.914,29214.314,1071.0623,32668.393,18189.617,22297.023,1323.9725,6594.6567,-107.43999,7567.6606,-8022.032,0
137493.61,2,1,2,36.05422,2,2,-2,0,-1,0,-13103.078,10711.377,20951.82,6652.5938,4169.395,4828.4688,-3723.5886,2258.7566,10599.038,-2658.0728,1824.9266,5676.006,0
128690.77,1,2,2,44.814693,0,0,0,0,0,2,-14784.082,43185.02,36797.797,4619.047,23005.129,15195.09,-1996.4574,1709.7767,6733.5977,3062.5078,545.22205,4508.547,0
124325.97,1,1,2,26.41386,-2,-2,-2,2,-2,0,-19909.96,6791.209,19413.357,4290.465,14355.817,6399.0156,-2106.0188,2431.7998,6024.7446,-3222.9512,2322.0845,3802.1326,0
102656.67,2,2,2,42.933945,-2,-2,-2,2,-2,0,-25041.953,12636.768,24718.69,1515.5662,7505.739,6764.5938,-1661.2416,3197.8474,5221.815,-4349.141,-320.4989,4989.8506,0
144041.94,1,1,1,45.48525,0,-2,-1,2,-1,0,-5278.91,38049.426,25072.842,5938.832,-245.20642,5848.4414,-2074.509,2305.0767,5821.496,1679.8027,725.348,7140.651,0
107693.35,1,2,2,37.69957,0,0,0,0,0,0,73310.164,128743.89,108963.55,83286.83,50263.08,28138.02,-23.680504,521.51794,8990.706,-514.44635,1510.8253,4593.0366,0
138034.67,2,1,2,44.209106,0,0,-2,2,-2,0,151243.17,26627.107,41474.434,3448.3982,-5611.234,5188.2188,-5475.1064,4665.2007,5842.1943,-2554.2793,-2927.9436,8166.781,0
136490.05,2,2,1,45.345623,-2,-2,-2,2,-2,0,-16103.273,11324.279,29627.393,4893.5312,3687.3403,5421.379,-3226.991,3439.219,7017.8174,-2040.7808,403.1051,5560.357,0
97419.484,2,3,2,44.429474,2,-2,-2,2,-2,0,-20657.516,14563.037,22383.238,941.25757,8825.603,7220.9023,-4331.041,4037.3801,4788.4795,-5174.853,1119.0062,4317.4053,0
108209.984,2,2,1,41.972935,0,0,0,0,-2,0,-9055.066,65364.984,30801.273,9972.66,3120.899,4180.0273,-2010.4652,3618.092,6115.2363,-2269.016,-190.49059,6872.7075,0
108241.484,2,2,2,24.321735,0,0,0,0,0,0,-19857.68,54053.9,32882.703,5335.992,24951.816,14812.428,-1545.9506,1710.9135,9935.732,-3769.4053,1840.1034,4510.29,0
111606.4,1,2,2,44.7597,0,0,0,0,0,0,5001.957,119492.91,67785.78,6306.586,18829.516,13186.637,-2366.3445,1575.0524,6654.7363,-1280.2778,267.51526,5871.644,0
113812.92,2,2,1,45.387608,0,0,-2,0,0,0,-21360.031,21695.492,32756.611,6316.449,21306.746,14869.963,-3370.825,2193.7146,19708.148,-2753.9463,29.402481,5260.0654,0
90588.48,1,2,2,25.249325,-2,-2,-2,2,-2,0,-27506.727,1900.9667,15530.962,3606.2146,27669.021,7156.115,-1674.3143,2098.9333,5543.577,5158.751,5618.8335,3245.1694,0
102689.77,2,1,2,24.916191,2,-2,2,0,0,0,-35764.977,17949.373,14556.487,-3774.6057,23510.361,15624.609,1266.4125,1457.5433,8756.033,-6102.4565,6800.7456,-2186.7812,0
106754.75,2,2,2,29.890406,0,0,-1,0,0,0,-28167.32,6144.2754,25681.506,2257.7107,13161.644,9568.715,-2555.9734,1870.6368,9496.51,-3003.5464,68.20912,4113.2715,0
102885.164,2,2,1,24.979265,0,0,0,0,0,0,66774.11,122821.15,97168.39,12201.053,35669.043,17969.805,2094.4744,1140.8385,8525.595,-543.1597,1854.0148,4381.9717,0
98478.32,2,2,1,24.65697,0,0,0,0,0,0,4728.3203,111562.766,36144.625,9771.031,37664.207,17652.82,1032.0602,1220.0675,7542.323,-1443.6489,1547.8014,3692.5137,0
108148.9,1,3,2,24.703606,0,0,0,0,0,0,-20573.836,53499.703,34114.676,1187.7029,16422.754,14968.777,-2293.8953,1864.7572,5630.0303,-2507.8203,11768.585,4407.5884,0
103328.08,2,2,1,44.727463,2,-2,-2,0,-1,0,-23617.469,10132.654,25432.219,3074.4685,7264.5474,7279.8555,-1877.203,3046.6936,11147.283,82.76265,962.4066,-3004.8203,0
119865.29,2,2,1,28.902637,1,-2,-1,0,-1,0,-19789.39,10008.99,21677.082,7541.117,11677.022,5339.5586,889.5339,1904.1205,10340.019,1401.623,1922.6427,5135.691,0
103966.12,2,3,1,39.810772,0,0,0,0,0,0,-8486.402,80278.91,45896.35,7608.824,27197.191,17602.877,-2158.114,3143.2598,6864.1465,-1152.8491,1229.1461,4444.283,0
115250.445,2,2,2,35.97198,0,0,0,0,0,2,108449.74,136072.0,116430.21,116162.555,108294.28,77187.25,3799.5525,-1615.1036,10931.819,5503.5117,2720.5168,2465.7163,0
116183.34,2,2,2,23.899395,0,0,0,2,0,0,-6590.617,112456.766,53801.43,2862.1638,14536.149,10583.885,-2702.243,1719.3312,5605.6064,-3580.5776,633.797,-1844.4203,0
136518.2,1,1,2,45.587456,2,-2,-1,0,-1,0,-10177.273,10809.131,20303.387,6868.0977,6656.36,6601.5215,-3207.4568,1351.9464,6490.3604,2314.2112,2360.2249,5351.27,0
105959.01,2,3,1,42.350803,0,0,0,0,0,0,-9577.242,75151.96,43428.215,6053.5547,21107.889,16295.799,-2751.2712,3353.8735,6720.711,-810.26666,1173.5338,4732.7036,0
119381.86,1,1,1,42.342064,2,-2,-1,0,-1,0,-10228.348,23523.648,14843.19,9617.434,10260.663,4193.3594,2244.8564,2137.4512,11353.916,-2427.125,2986.7263,4835.9453,0
119631.61,1,1,2,42.40322,0,0,0,0,0,0,169671.45,177451.44,130733.85,183400.7,112643.55,108632.72,-2402.092,-1638.924,13395.403,2490.8132,4073.6306,807.2899,0
117935.02,2,1,1,45.322876,0,0,0,0,0,0,-16856.492,46894.582,48517.805,1677.5193,1977.2819,7558.1484,-4147.786,3499.302,8604.63,-3249.3901,276.9308,6976.9893,0
132254.5,1,2,1,45.59617,0,0,0,0,0,0,147110.1,158282.8,130331.06,125257.03,103897.45,90699.93,-2229.1555,-299.86145,10056.723,2861.8354,4648.898,3540.0679,0
106126.805,1,2,1,36.220783,0,0,0,0,-2,0,20051.857,77054.17,42350.105,10386.328,4759.864,3879.8594,-1031.9437,3004.5615,6351.1665,-2010.563,702.53845,6510.15,0
126890.05,1,3,1,45.466347,-2,-2,-2,2,-2,0,-13893.641,27442.71,25851.592,3276.8318,12314.343,6735.5957,-1860.0829,4410.081,5813.468,5043.606,2913.7803,856.10974,0
115515.15,2,3,1,29.629694,0,0,0,0,0,0,141574.06,147032.5,120385.08,137345.58,107516.984,91368.695,733.0495,-37.143196,9365.852,2092.7117,3972.1824,3471.7808,0
95466.64,2,2,2,25.949219,0,0,0,0,0,2,42359.992,117861.41,60487.86,17800.518,74775.31,38439.777,4076.601,-1066.0016,9090.403,3086.0747,3256.471,3927.3835,0
105744.5,2,1,1,44.59873,0,0,-1,0,0,0,22559.652,120300.88,89136.26,25743.418,58339.03,20991.312,-103.44808,1756.9379,6978.649,1116.5637,4367.9155,6010.159,0
142639.7,1,1,1,45.23757,0,-2,-2,2,-2,0,-13549.672,27770.803,29371.803,1419.9255,511.48108,7565.666,-4165.298,3709.3386,6011.7603,-1756.4546,2213.0688,4160.9033,0
127268.875,2,2,2,44.667458,-2,-2,-2,2,-2,0,-20996.453,8935.002,28499.234,2496.238,4650.5005,5972.258,-3734.8484,3312.8389,5855.633,-3590.3613,157.02553,4421.408,0
110078.95,2,2,1,43.773277,0,0,0,0,0,0,-15659.102,73688.71,50022.383,5597.035,25272.352,18864.197,-2686.9382,3178.0593,6924.4663,-1357.1353,-495.21716,5547.957,0
137445.69,2,1,2,44.592403,-2,-2,-2,2,-2,0,-15297.219,15669.58,25845.67,3451.703,3917.5005,5827.8633,-3690.2625,3393.3486,5412.681,-2995.1636,1069.7594,5541.7153,0
103041.01,2,1,2,24.75408,0,0,0,0,0,0,-21231.164,9077.377,30771.229,5910.0703,13109.419,9262.932,-3388.7,2170.5652,6816.072,-4002.7578,613.06555,4996.3457,0
85631.055,2,3,1,27.47079,0,0,0,0,0,2,56381.996,115752.69,79500.15,42574.016,79667.5,34830.953,4512.4077,278.69617,8863.144,2765.5103,4170.0273,2274.5146,0
137930.1,1,1,2,43.169884,2,-2,-2,2,-2,0,-14834.73,23516.95,21857.371,1276.9333,4826.6606,7479.998,-1234.4637,3371.4915,5056.91,-5216.4995,1473.1395,5316.9473,0
100156.34,2,2,1,43.194893,-2,-2,-2,2,-2,0,-23348.61,9030.775,25019.896,3700.1912,9300.702,6388.0977,-2435.3704,3674.6575,10225.586,-2336.1978,596.1056,3978.2434,0
128970.86,2,3,2,45.165398,2,-2,-2,2,-2,0,-12734.289,27014.012,25380.963,1829.5349,4119.895,7099.9434,-3839.0984,4449.7207,5063.597,-4866.094,1436.39,3377.223,0
113218.82,1,3,2,45.51254,0,0,0,0,-1,0,-17518.617,42918.348,33970.477,2637.5115,1522.4967,5360.3125,-2093.9417,2310.2559,8048.109,1865.7725,-237.07164,7167.719,0
111422.35,1,1,2,45.346184,0,0,0,0,0,0,3660.2659,119221.98,62859.074,4696.9766,19772.82,14502.1875,-2074.9211,1614.09,6710.5825,-1716.3003,652.46643,3857.4944,0
140361.44,1,2,1,44.8662,0,0,0,0,0,0,166836.88,173458.88,132121.62,182465.53,110299.73,109824.65,-1300.5433,-1154.8458,13611.4795,3637.7156,4470.4097,-7.53944,0
143958.61,2,1,1,37.28824,-2,-2,-2,2,-2,0,-10971.656,19700.814,25310.898,6653.3164,1569.9108,4278.91,-3405.1921,3124.483,5728.3687,-1352.1255,1113.3969,5887.262,0
106313.81,1,2,2,33.620537,2,0,0,0,0,0,-24652.68,2578.8962,14801.95,21481.52,84785.6,51494.625,-3109.0847,1451.2281,28500.262,-1781.7373,1222.2164,-697.349,0
133209.28,2,1,1,43.53481,2,0,0,0,0,0,83639.555,136192.53,69996.03,8270.594,40473.53,22084.492,-3136.7244,3265.6487,6503.1445,-60.850636,1321.9796,4060.9624,0
144606.72,2,2,1,29.303902,0,0,0,0,0,0,192632.03,204738.03,138946.9,235765.23,128196.08,129187.055,3426.5698,-3508.4143,21864.674,3458.7231,7688.336,-22419.264,0
102527.8,1,2,2,25.581583,0,0,0,0,0,0,11397.555,117119.195,52805.168,9362.9375,58040.23,29992.89,296.36295,345.8109,7833.222,-579.4864,1493.4364,2839.067,0
96319.8,2,1,1,44.973637,0,0,0,0,-1,0,42738.71,110702.7,68260.695,18670.838,45774.33,18575.076,-980.4544,-37.688606,8031.936,31848.697,3338.1409,5713.7983,0
130410.375,1,3,1,45.454044,0,0,0,2,0,0,47524.707,130370.66,101604.336,49094.652,77525.93,50221.207,-3435.7166,1242.2753,5653.1167,536.7768,1732.7477,3684.7908,0
148372.48,1,2,1,45.886234,0,0,0,0,0,0,176291.08,168952.06,135277.5,125124.34,31809.223,17056.107,-967.4378,941.90076,11144.876,1429.3091,-837.4452,7369.5527,0
109482.38,2,2,1,45.46557,0,0,0,0,0,0,59010.523,127494.1,109927.45,70310.0,81092.28,57785.223,-1668.9896,1645.2128,8654.637,1357.9268,830.2438,4383.1455,0
155631.12,2,1,2,34.136395,0,-2,-2,2,-2,0,-3167.5935,29183.105,20850.951,8049.8164,-579.6283,3955.8477,-3309.655,1819.5968,6685.917,-1283.5342,953.2467,6843.4795,0
107372.18,2,3,1,45.895576,0,0,0,0,0,0,67560.664,124786.62,89844.16,12096.354,8446.792,5005.543,-1528.6332,2684.1682,8519.689,-148.56352,918.464,6501.4033,0
140563.66,1,3,2,45.152287,2,-2,-1,0,0,0,-7491.4688,20881.1,21712.22,6632.586,7720.4966,6433.8066,-2724.5134,2422.1526,6346.1123,-2369.6538,2855.6108,3828.9614,0
122079.234,2,1,2,42.55022,2,-2,-2,0,0,0,-21158.594,4333.924,24592.41,4597.508,12761.397,7537.0156,-3472.111,2352.7441,7812.8833,-4374.114,1646.6156,4101.1504,0
116829.01,2,2,2,41.36404,0,0,0,2,-2,0,-21684.977,19140.93,37220.387,1356.2576,-854.41345,6732.492,-5558.4375,4401.5156,4744.532,-4262.28,-2029.1288,6750.9956,0
143499.8,2,2,1,36.506435,0,0,0,0,0,0,160555.78,162764.61,110699.914,27430.047,27950.535,17264.172,12.330237,844.4335,7989.8877,-671.4278,879.4696,6467.261,0
133024.28,2,2,1,42.503387,0,0,0,0,0,0,182630.1,186582.47,131131.45,83686.555,89126.37,6549.9297,-2402.5579,1382.622,19012.402,3396.435,-1968.1805,8702.957,0
154813.55,2,1,1,43.977222,1,2,0,0,0,0,-7590.3867,53120.15,41057.0,772.54663,13218.573,16061.811,-5181.6084,4717.445,9199.3545,1061.3857,3682.4329,6808.456,0
132582.08,2,3,1,45.46625,-2,-2,-2,2,-2,0,-11341.457,19723.637,25224.312,6275.875,6721.192,4835.7344,-2199.014,3807.765,6204.5664,-1979.2881,2088.2263,4793.897,0
146165.52,1,2,1,45.496944,0,0,0,0,0,0,200128.66,184554.31,137047.55,182630.77,108141.09,103262.07,-1607.0814,-1655.587,12869.447,3803.7615,1810.9828,2594.0027,0
101930.23,2,3,2,28.214062,0,0,0,0,-1,0,-9037.77,70010.125,32002.55,6484.9336,8188.559,4560.5977,-832.6805,1973.1337,7262.454,-590.3497,1487.3854,5918.8535,0
98731.97,2,2,1,24.96967,0,0,0,0,0,2,81718.78,124149.29,83111.586,48815.43,101629.45,33682.297,6375.1772,-696.99036,20716.754,1161.5913,3749.5566,1992.1063,0
134775.66,1,1,2,33.879208,2,-2,-1,0,-1,0,-8508.625,8313.631,16226.954,7136.711,6626.071,4930.258,-2013.7802,1351.101,6917.999,-1738.2856,2476.3936,5417.4487,0
101691.76,2,2,2,33.37749,0,0,2,0,0,0,-24177.484,116040.266,61051.95,5697.0703,59698.28,22753.912,33479.656,-20.238901,8202.73,-900.40875,2092.6365,2090.6812,0
142152.95,1,2,2,42.578053,0,0,0,0,0,0,186292.02,190803.17,131224.62,134456.81,105735.17,80456.47,-2051.5125,-2041.5363,9753.844,1422.9519,825.7213,6018.002,0
131227.11,2,2,1,45.636578,0,0,0,0,0,0,140102.55,155008.89,129088.42,121987.76,101191.4,85788.81,-1972.3666,640.8324,9583.58,2689.5679,832.849,4548.5854,0
108652.68,2,1,2,27.492231,-2,-2,-2,2,-2,0,-22105.93,6866.877,21342.234,3559.4646,13563.261,7013.1035,-2438.3894,2969.4712,5537.5103,-3722.6113,1456.1886,3802.032,0
107610.02,1,2,2,24.316439,0,0,0,0,0,0,6448.375,51719.656,33029.582,4939.0547,22668.834,13881.852,-2254.7869,1828.16,6287.051,-2207.4795,242.86903,4559.8447,0
98883.6,1,2,2,25.218666,0,0,0,0,2,2,-9343.0625,58309.504,25235.934,10131.695,32404.023,6341.2266,70.436195,1412.2496,8253.381,-3393.2715,1450.2484,4928.219,0
99122.41,2,1,2,41.299603,2,-2,-2,0,-1,0,-21892.945,6572.4434,21747.39,3927.9763,8888.651,7462.951,-2789.8645,2255.9062,9682.036,111.30049,1676.8485,2268.0789,0
112294.914,2,2,2,44.63494,0,0,0,0,0,0,30707.783,124515.74,81066.625,14896.895,21898.994,14961.389,-1977.08,1931.3524,12110.888,-1823.8438,433.27185,5350.8384,0
111982.83,2,1,1,45.67363,0,0,0,0,0,0,49723.11,128343.19,98684.63,8995.672,32644.158,24865.438,-2643.864,2412.7634,6836.9937,-678.08405,-491.89734,6343.5073,0
109845.61,2,2,1,45.465336,0,0,0,0,0,0,-11831.664,74264.266,38282.97,7994.2773,13550.323,10997.178,-2016.972,2321.005,6501.956,-1748.7212,363.9879,5703.6206,0
151011.12,2,1,1,45.588936,0,0,0,0,0,0,172399.42,177724.67,135262.77,163811.0,105171.62,103544.54,-3912.5085,230.12877,10649.851,2467.5073,5592.5,-18753.4,0
109017.56,2,2,1,40.215206,0,0,0,0,0,0,-14405.656,76801.71,50018.105,5457.4727,15434.251,10972.605,-2453.6453,3427.7961,6520.817,-1472.3906,-651.2206,3002.3503,0
132525.58,2,3,2,35.492508,2,-2,-2,2,-2,0,-13763.039,20614.592,20856.58,4562.375,7846.5806,6428.1855,-3268.4177,3851.829,5360.576,-4515.932,2163.6511,4507.8555,0
107234.78,2,2,2,41.792233,0,0,0,0,-2,0,-9702.742,88956.14,32469.963,8260.766,3580.2192,4959.4375,-2335.283,2938.4739,5904.3555,-2932.7168,-307.9779,6729.584,0
132672.69,1,1,2,30.703629,0,0,0,0,0,0,128145.16,143104.56,102214.625,25562.123,48665.91,103521.06,5673.0454,-606.359,8077.5327,787.3654,61496.152,-7673.8936,0
153862.69,2,1,2,44.618877,0,0,0,0,-2,0,-5610.2188,42100.207,36582.324,3889.953,-2586.0933,4840.3867,-3368.159,4378.53,5956.2983,-2852.4683,-1087.2479,7369.476,0
137608.42,1,1,1,45.662216,-2,-2,-2,0,-1,0,-7704.715,1713.6542,21482.188,8921.055,17191.016,4982.66,-2174.801,784.8622,18301.803,8034.6074,2636.1777,6190.4185,0
100683.086,1,1,2,25.085491,0,0,0,0,0,0,37633.203,122158.79,44940.43,8271.637,49177.547,24067.451,-953.9476,600.83386,7770.568,-1158.7759,2112.595,2905.4622,0
126217.68,1,3,1,45.704086,0,0,0,0,0,0,148375.58,157890.69,127979.18,6178.7656,34214.254,49702.277,-794.3953,459.64148,8685.572,1386.311,3225.185,4766.2812,0
129391.46,1,2,1,44.99881,2,-2,-2,0,0,0,-21913.219,6127.498,25099.22,4649.965,13287.54,8708.346,-1757.8773,2230.5703,8059.7954,212.07417,2094.4648,3972.8047,0
146367.61,2,3,1,45.384327,1,-2,-1,0,-2,0,-5449.676,35205.82,24286.32,8239.859,2971.6685,5030.047,-1968.7836,2463.1458,6459.0933,1630.8794,3344.033,5459.153,0
137608.5,2,1,2,30.55714,-2,-2,-2,2,-1,0,-16538.805,13145.041,22077.416,5805.0938,17373.914,6252.1973,-2366.5066,1882.7626,7312.851,9233.144,1414.8143,5010.717,0
102928.0,2,1,2,24.445486,0,0,0,0,0,0,-17488.383,51301.145,34087.23,5437.672,25227.23,16045.965,-2815.6062,2262.0664,6313.505,-2655.665,872.7079,4145.022,0
145936.39,1,3,1,45.200706,0,0,0,0,0,0,197345.97,195221.78,133507.14,188489.47,114822.14,110675.99,-1005.34503,-1967.2623,13344.11,3868.131,4565.902,2515.6157,0
103179.414,2,2,2,24.680502,0,0,0,0,0,0,24810.975,120028.1,72783.84,19616.234,37823.883,19604.273,1332.8986,721.76697,8100.929,-279.29547,2378.973,3753.2795,0
117262.3,2,2,2,27.528576,2,-2,-2,0,-1,0,-23660.75,3648.236,19123.88,3654.3396,9998.708,6051.371,-1978.0726,2315.1365,6281.053,-2694.0854,646.75916,-11613.134,0
139017.64,1,1,1,43.34974,2,-2,-1,0,-1,0,-7462.7266,17448.129,17436.336,10149.195,5292.071,3759.5703,-1647.2216,1611.3917,12071.527,805.64667,2651.443,4916.381,0
111619.5,1,2,2,43.72019,0,0,0,0,0,0,6524.371,121836.72,35248.617,6586.3906,20449.52,23947.018,-2876.8352,1126.8004,6859.89,-1940.2012,35.861465,4793.8164,0
104926.9,1,1,1,41.532635,0,0,0,0,0,0,616.5431,104810.21,53999.84,9986.383,43843.08,25511.441,-1956.3422,1988.6727,7619.1353,-444.3824,1322.5624,4370.153,0
105946.21,1,3,1,45.933098,0,0,0,0,0,0,54343.598,125446.54,89459.57,7088.836,24673.727,11094.488,-1625.4296,2116.886,7029.1445,3085.2532,2018.2921,6110.257,0
107114.625,2,2,1,39.516495,0,0,0,0,0,0,28714.854,120764.43,84241.11,28883.105,61251.504,36800.082,-686.4637,1757.004,8773.126,380.21674,986.4415,4297.0166,0
113473.11,2,1,2,30.80019,-2,-2,-2,2,-2,0,-21054.625,8737.592,22687.844,3209.527,10483.413,6943.324,-3097.4436,3234.0894,6044.694,-3344.5469,1229.5917,3396.148,0
115105.75,1,2,2,40.08807,0,0,0,0,0,0,-18626.023,78471.42,47815.562,3331.3357,14227.1045,7130.631,-3602.1218,2291.0437,12569.926,-825.36237,-731.76306,4454.7295,0
119084.766,2,1,2,26.17476,0,0,0,2,2,0,84161.3,138107.14,115042.39,97863.36,71855.984,36323.566,8629.692,70.32311,7630.0693,-4036.7114,1873.716,3366.725,0
116280.62,2,2,1,45.18937,0,0,0,0,0,0,4260.797,32011.258,50333.816,913.2068,-1474.1283,8152.3984,-4629.17,3608.8274,7381.312,-3665.8042,-2953.4875,3856.4133,0
140859.52,1,3,2,45.139435,2,0,0,0,0,0,85705.94,140229.5,56160.9,230.9607,24152.525,21102.314,-3583.9587,2217.485,5996.5347,-2176.4717,2228.5383,3223.5288,0
109997.91,1,2,1,45.02144,0,0,0,0,0,0,81512.195,125399.48,76810.29,7147.625,9261.413,10414.453,-1380.4579,2297.388,7579.3237,3427.9639,839.60974,3173.2988,0
112376.51,2,1,1,36.997505,2,-2,-1,0,-2,0,-12273.809,10946.771,18131.027,8374.551,11478.872,5913.5273,-2094.8157,3476.9468,6197.0376,-3971.713,2523.5344,4194.488,0
151145.23,2,2,3,44.636715,0,0,0,0,0,0,181506.1,180879.45,133577.14,184643.94,108132.0,104552.57,-3887.2136,-558.0895,11150.121,2784.9653,1448.2867,1744.7372,0
141020.28,2,2,1,44.681137,-2,-2,-2,2,-2,0,-13407.656,16997.066,25825.232,6658.6055,3578.1646,4130.078,-2541.8967,3482.46,6142.141,-1302.8447,825.9525,5961.349,0
103549.24,2,1,2,24.484537,0,0,0,0,0,0,-10833.031,72457.805,39521.008,5697.9023,34162.145,19510.895,-2069.0398,1908.1569,6623.4814,-1627.1372,1231.4703,3963.8403,0
126446.45,2,2,2,40.03739,0,0,0,0,-1,0,142888.81,161186.33,13579.6045,6585.203,27627.049,100363.92,4331.448,-1298.5157,7341.2534,-666.35944,60315.12,-6800.128,0
141714.02,2,2,1,45.406975,-2,-2,-2,2,-2,0,-14460.711,21860.354,28697.467,5007.867,2250.9185,4726.5977,-1795.9882,3538.9187,5514.139,-2442.0,-74.613144,5304.537,0
100635.87,1,2,2,41.286896,0,0,0,0,0,0,129873.87,136002.75,115898.85,106065.72,114280.62,79305.15,29.17643,-2706.492,10305.28,39641.992,5872.703,1142.3947,0
145999.12,1,1,2,44.29501,0,0,0,0,0,0,190118.39,195888.98,136971.66,200676.72,116376.36,114770.15,-2305.8357,-2311.6633,13242.401,3086.3108,4862.4653,-1526.5555,0
121873.086,1,1,2,28.645542,2,-2,-1,0,-1,0,-19206.078,5609.0996,15673.8,5601.0156,14174.798,7070.543,-321.32895,1030.3058,7930.5215,-2329.7397,3089.9158,3591.7058,0
105994.76,2,2,1,34.096386,0,0,0,0,0,0,31082.145,120451.27,62558.46,12067.645,40557.92,17393.066,-854.5433,2130.2393,7680.496,-100.895065,642.152,5111.7188,0
109072.125,1,2,2,27.289143,0,0,0,0,2,0,6910.668,115957.914,51000.227,15361.963,55218.81,30650.357,-45.68392,761.5829,10743.649,-2903.9639,1053.3383,3446.0527,0
123476.97,2,2,1,42.562607,0,0,0,2,0,0,61740.29,130097.79,115174.55,86625.695,91808.04,42594.066,-2726.8372,2026.2645,5636.105,1704.5186,277.07605,2158.1448,0
107897.586,2,2,1,44.07532,0,0,0,0,0,0,50874.56,124881.58,90543.42,9178.0625,40272.027,25210.81,-1196.1659,2225.8037,7520.889,416.1386,188.2145,5401.1367,0
112640.59,1,2,1,44.352104,0,0,0,0,0,0,2456.5393,30471.998,39914.69,3801.8748,6138.6997,10143.707,-4160.175,3404.439,6674.639,-306.8819,-1199.2191,6331.5737,0
100642.21,1,2,2,24.445211,0,0,0,2,-2,0,8694.855,114448.734,25838.49,6419.957,11821.858,6170.002,-2926.9187,1769.1254,5721.0327,-3770.8496,797.42737,4413.464,0
120030.39,1,1,1,45.325825,2,-2,-1,0,-1,0,-14522.375,14309.146,20155.713,6066.66,9833.644,6666.4336,-555.7796,2114.428,8221.976,2458.09,2779.4277,5491.866,0
100297.15,2,1,2,24.724419,0,0,0,0,0,0,22459.12,119213.14,61930.27,8394.535,36318.957,18150.018,-772.9666,989.4801,7134.836,-1599.6006,1931.3202,4026.939,0
108431.836,1,2,2,42.097443,0,0,0,0,0,0,11058.492,123311.3,66055.5,10291.156,13168.044,9308.6875,-671.1639,1314.8094,8748.808,1207.4033,1028.6805,4245.7607,0
107190.195,1,1,2,31.78778,0,0,0,0,0,0,-6816.551,66775.055,32558.05,5205.879,8280.4795,6108.051,-3551.7146,2288.1543,5724.1353,-3547.276,222.99379,5951.4478,0
109505.35,2,1,2,45.691757,0,0,0,0,0,2,88251.54,128562.39,111207.63,87691.46,98227.914,69649.53,-687.637,-477.8131,9123.479,3485.1733,3226.8384,2928.6306,0
137804.66,1,1,2,32.889725,-2,-2,-2,2,-2,0,-14647.176,13762.846,19961.58,4736.414,7238.024,5416.4453,-2670.0784,2647.6782,6582.0728,-3324.8057,1915.1759,5029.099,0
103875.58,2,2,1,34.045086,0,0,0,0,-1,0,-10442.969,38728.316,26913.822,12120.514,12683.185,9909.74,-1245.4286,2634.9214,7166.3696,8372.669,754.0394,5492.821,0
111314.336,1,1,2,45.126694,2,-2,-2,0,-1,0,-21209.21,5202.166,13488.452,7965.332,20704.256,8568.752,607.7326,993.0565,24109.71,-2491.48,3040.6545,2998.1438,0
122882.25,2,1,1,43.387928,2,-2,-1,0,-1,0,-15441.773,13857.963,22027.398,6288.707,6520.1685,7742.2246,-1842.4115,2473.5605,9219.718,-1215.0859,4662.215,2834.0466,0
125493.73,2,1,2,44.514553,2,0,0,2,-2,0,41140.504,128897.29,98341.914,49291.164,73002.484,52712.008,-4496.615,3671.3323,4982.6567,-1763.6934,548.26355,5353.8325,0
141743.75,1,2,1,44.462246,0,0,0,0,0,0,163124.0,170810.12,131869.47,179156.05,110236.086,109375.984,-1117.7699,-1249.8654,12882.982,3853.1436,4382.4536,785.8624,0
107147.805,1,3,1,45.64679,0,0,0,0,0,0,10241.656,115090.33,36690.117,7499.2383,17059.738,11384.305,-2554.6492,2229.1946,6403.0654,-1300.1226,1273.601,4354.8804,0
105594.37,1,2,2,31.13191,1,-2,-2,0,0,0,-31383.133,4910.8613,19827.127,802.92554,23444.13,9059.137,-599.8914,1570.9044,11755.181,987.88007,682.1327,3417.7983,0
112168.93,2,3,2,45.262268,0,0,0,0,0,0,-19244.75,20273.305,36600.145,2858.4373,4107.6606,9157.115,-4950.462,3374.4553,5702.6064,-2248.276,-292.97937,5660.34,0
112921.29,2,3,3,45.67348,0,0,0,0,0,0,26765.867,123588.234,71451.38,4228.2266,20219.453,19429.977,-4117.084,3032.747,6129.232,-1325.2617,89.06654,6019.9463,0
125782.664,2,1,2,25.35269,-2,-2,-2,2,-2,0,-18135.922,7946.4785,21419.549,5085.2695,12778.194,6478.9688,-2245.0706,2756.2505,5923.2026,-3668.3467,2141.7295,3850.911,0
154158.72,1,1,1,45.15012,0,0,0,0,0,0,148701.97,165573.45,136189.89,94764.72,81146.17,39717.64,-4228.664,3706.9946,5303.1396,-2062.6118,-3377.0515,-34521.465,0
113653.01,2,3,2,45.38893,2,0,0,0,0,0,70767.18,135305.34,113528.77,4885.0938,10747.708,13248.477,-3200.5437,3032.7595,6320.0054,-636.21344,738.89,4553.619,0
119931.625,2,1,2,36.556145,2,-2,-1,0,-1,0,-15919.008,10035.08,18619.465,6105.836,7775.1997,5804.4766,-1208.1478,1816.4738,6337.852,-962.0694,1744.9921,5386.0464,0
105787.83,2,2,1,42.656273,0,0,-1,0,0,0,65144.13,129508.49,113667.27,79821.68,73522.27,45374.434,1673.0419,1271.131,10073.0,3035.9048,2669.4478,2492.7788,0
107182.445,2,3,2,29.259249,-2,-2,-2,2,-2,0,-20661.406,8680.033,20083.758,4005.9138,14132.876,6320.4746,-2083.7869,3093.2305,5515.4697,-4243.7397,2119.4944,3467.7107,0
117683.48,2,3,1,35.698017,-2,-2,-2,2,-2,0,-14927.398,17194.262,20737.29,7002.6133,10241.128,5225.082,-937.0374,3616.35,6261.7495,-3374.7227,2269.0452,4198.4697,0
119641.09,1,1,2,34.406227,0,0,2,0,0,2,93626.5,127457.13,97135.1,34145.37,85814.85,43271.71,5645.315,-1539.8229,8829.447,5668.0205,4413.528,4635.8965,0
126584.94,1,1,2,35.747158,-2,-2,-2,2,-2,0,-18438.46,11060.057,21557.555,3259.8357,8693.755,6437.4746,-3254.4578,2981.78,6324.0317,-1057.314,1915.3334,3856.8594,0
124342.51,2,2,2,41.058853,0,0,0,2,0,0,-24777.844,66816.414,50380.426,-2177.676,26183.928,21981.912,-4976.6943,2771.6365,5240.048,-2760.026,-1334.3602,4876.6475,0
110785.51,1,1,2,44.625843,0,0,0,0,0,0,27205.96,125043.305,80972.516,22451.992,65208.98,38462.234,-2770.8547,1091.2181,7665.486,187.30293,1407.691,4396.5996,0
103597.17,1,1,2,25.525543,0,0,0,0,0,0,42139.992,122783.734,85663.01,10035.766,17401.303,10079.93,-324.56528,579.4457,6776.9634,-2266.188,2956.9602,3631.893,0
110518.734,1,2,2,24.897293,0,0,0,0,-1,0,-28161.008,2183.7283,23967.365,4484.8867,10120.13,13375.439,-1666.3744,720.9535,7559.8594,-2942.1978,10494.131,2170.134,0
105112.35,2,1,2,24.723055,0,0,0,0,0,0,-20537.25,23647.004,32484.3,5240.6055,14387.935,11179.262,-2906.4207,2364.6733,5857.7983,-3610.353,691.52576,4543.5825,0
110852.9,1,1,1,45.56464,2,-2,-1,0,-1,0,-12542.141,14294.314,18561.338,8129.8203,13061.683,6595.41,-568.61847,2225.5952,9431.101,2745.4749,2785.1235,4882.182,0
121527.39,1,1,1,33.40599,-2,-2,-2,2,-2,0,-17135.133,18196.088,19797.824,5381.91,11124.12,5656.9297,-15.5584345,3207.3875,6806.743,-1421.0942,1900.2003,4365.364,0
105409.305,2,2,1,24.833414,0,0,0,0,0,0,57993.656,123615.195,59187.79,14600.754,55647.555,29475.787,689.81854,1300.7101,9192.569,-138.79204,1426.9166,3329.3127,0
124613.37,2,1,2,30.36548,-2,-2,-2,2,-2,0,-16080.844,10955.943,23189.908,3667.8787,8107.6704,6964.6504,-3378.405,3227.4768,5612.058,-3067.6602,1951.5531,3895.0037,0
111981.05,2,2,1,42.851032,0,0,0,0,0,0,-18553.516,66798.086,49157.523,3307.4998,16766.979,7511.342,-3629.8738,3455.375,6214.8125,2561.5872,-112.16832,7249.658,0
141030.39,2,1,2,32.116413,-2,-2,-2,2,-2,0,-10571.152,18520.908,21684.7,6218.8047,3646.063,5013.379,-3309.0818,2851.6577,5823.5884,-2845.1758,1567.0714,5781.387,0
106417.47,1,2,2,30.036604,0,0,0,0,0,0,72646.336,128432.68,107786.08,30688.174,30951.21,16719.7,957.8095,577.0585,8246.186,-1243.0762,1728.4874,3857.1394,0
124589.086,2,1,2,38.969887,1,-2,-2,0,-2,0,-14900.449,20602.732,23926.488,5534.7305,7038.8325,6847.086,-2136.9944,3497.4658,6173.187,-3815.4946,2408.0273,5030.9443,0
109973.8,2,1,2,39.070824,0,0,0,0,0,0,-19984.344,41928.695,38258.76,3508.2654,11610.661,13894.291,-4625.996,3166.7534,6144.1606,-2610.2534,-541.3866,5686.0933,0
100515.914,2,3,1,45.216564,-2,-2,-2,2,-2,0,-18202.586,37726.426,23494.912,446.39038,14397.669,8570.1875,-1139.1722,3835.771,8231.257,27109.006,2830.691,-21998.367,0
112847.19,1,2,2,43.53998,0,0,0,0,0,0,-4629.336,79386.8,39068.77,3570.8396,15174.03,13791.916,-3797.4832,2396.1025,6074.8535,-2194.1543,-714.8104,6095.607,0
102213.84,2,1,2,28.2342,0,0,0,0,0,0,17988.654,117731.945,65408.355,16981.1,34496.164,19069.271,-1095.122,1463.6425,7871.7134,-1863.7856,1625.7687,3985.78,0
110260.26,1,2,2,34.376114,0,0,0,0,0,0,86880.64,125513.49,94332.58,5582.3555,37920.707,24198.074,-858.26886,757.43005,7402.704,-482.4107,1977.579,4897.5596,0
127757.76,2,2,1,45.04434,-2,-2,-2,2,-2,0,-17132.602,13476.701,27719.34,4827.3633,5602.934,5044.16,-2150.2756,3577.6094,7314.4946,-3126.5146,450.9745,5551.972,0
108245.26,2,2,1,39.481113,0,0,0,0,0,0,67957.02,126365.24,108576.125,79926.055,88732.27,63956.066,-144.65073,1110.6166,8488.829,909.33344,1342.1158,4243.4644,0
102962.46,2,1,2,29.78075,0,0,0,0,-2,0,-3675.445,82444.56,34502.42,8430.914,6181.2974,5499.836,-2137.5256,2944.9954,6015.4185,-3354.6016,1017.28406,5925.5757,0
115700.26,1,2,1,45.141937,-2,-2,-2,2,-2,0,-22100.477,11259.533,28478.191,2183.4841,7394.762,6899.699,-2021.1918,3081.9277,6294.579,-1393.5205,95.75453,4605.001,0
120533.06,2,2,1,34.571346,0,0,0,0,0,0,-19282.266,43203.258,41475.59,4360.5664,5454.6685,8481.789,-2862.5603,3125.5168,6166.4204,-2918.6309,1852.7323,6311.714,0
108265.98,2,2,2,26.76831,0,0,0,0,2,0,8641.211,118597.83,57790.08,18531.373,53101.25,31157.363,-128.67368,1228.3207,9745.75,-2975.767,899.9735,4030.8367,0
84385.41,1,1,2,27.263374,2,-2,-2,0,-1,0,-21931.258,28634.254,6341.737,5287.297,22288.928,6882.467,9248.5625,862.07556,10478.048,-4446.054,2524.1875,1830.2836,0
143446.36,2,2,2,45.32665,1,-2,-2,0,-1,0,-17108.336,3294.908,29251.04,3515.7927,2784.4067,8430.09,-2635.7727,536.99304,20977.922,-1079.8076,8672.122,6672.09,0
95792.12,2,1,2,25.005161,0,0,-1,0,-1,0,-12854.59,7041.4434,21267.908,11857.953,14035.179,6952.0234,-694.2586,1006.56384,7298.298,4043.282,2519.5051,5302.7485,0
135791.84,2,2,2,42.72226,2,-2,-1,0,-2,0,-14619.758,10077.658,19779.453,6360.0234,6801.0435,5030.0,-2558.826,2890.9653,6753.573,-3467.689,1865.4371,5223.8926,0
106580.86,1,2,2,28.296118,0,0,2,0,0,0,28517.037,120620.3,39281.7,4016.9216,40529.09,17601.75,1932.143,569.85144,7594.5396,-1755.1528,1139.034,3231.9297,0
140987.62,1,1,1,39.380394,0,0,0,0,0,0,165289.3,171142.14,131974.66,123847.6,108915.34,81847.93,-409.45395,-243.95863,10230.948,2272.2756,1727.9843,3784.923,0
100210.53,2,2,2,24.55321,-2,-2,-2,2,-2,0,-25551.328,3255.4822,18360.459,4281.6797,16963.092,6735.7793,-222.9061,2439.094,6026.49,-4131.6626,1143.4926,3392.0295,0
111702.38,1,2,2,33.399254,-2,-2,-2,2,-2,0,-25486.68,2650.8728,18842.889,3059.1443,12382.987,6711.756,-2109.304,2440.5193,6116.1846,-4061.9731,1206.2682,4170.1406,0
109673.86,2,2,1,45.461903,0,0,0,0,0,0,60730.473,128004.45,109976.21,67341.33,82301.22,57468.223,-1638.4857,1672.2223,8385.389,1684.7878,737.9845,4466.124,0
129209.15,2,2,1,45.508648,0,0,0,0,0,0,143574.94,155169.27,127934.484,150660.92,103122.18,89393.19,-1507.1195,400.62048,10739.804,2987.401,1766.7716,3811.7202,0
90755.984,2,2,2,24.487072,-2,-2,-2,2,-2,0,-26561.07,4633.795,16636.332,3979.8943,17673.549,7076.42,1952.8544,2278.3413,5716.7524,-4029.7183,1226.0675,3273.3457,0
109261.8,2,3,2,39.499733,0,0,0,0,0,0,-16564.477,59127.938,36675.953,4251.8984,15820.728,14323.26,-3691.0935,3071.246,6328.191,-2196.689,500.27112,5061.085,0
140313.83,1,1,2,44.381416,-2,-2,-2,2,-2,0,-13811.949,17990.016,23415.404,3544.8748,4286.485,5433.0117,-3497.9539,3023.8076,6218.07,-779.3106,1557.9647,5087.9336,0
149173.9,2,1,2,35.22681,2,-2,-1,0,-1,0,-5007.8945,24253.732,16925.945,9322.207,-139.10876,4083.6406,-2749.0305,867.9164,7240.9062,193.39668,1944.0446,5103.9883,0
99706.85,1,2,1,24.917698,0,0,0,0,0,0,6424.953,99367.39,31474.068,10159.4375,28293.62,12910.914,147.90298,1218.1437,7115.1494,-1417.6426,1464.9923,4249.382,0
104859.03,1,2,2,24.306002,0,0,0,0,0,0,-14842.379,72326.18,35967.18,4335.8125,34468.33,19483.361,-697.1004,1163.9852,6628.3213,-2191.063,2579.4731,3802.375,0
110759.29,1,3,2,45.48948,0,0,0,0,0,0,37446.5,127284.41,35289.3,5141.1016,20296.156,12984.721,-2636.0457,1483.0543,7185.0156,-1551.2949,1067.1136,5189.345,0
136190.3,2,1,2,27.023249,2,-2,0,0,0,0,-18270.953,8915.24,24208.703,4905.172,12463.595,7576.3965,-2731.6184,2398.0637,5965.489,-4024.8105,1973.2816,3791.1077,0
138012.95,2,3,2,44.43287,2,-2,-1,0,-1,0,-9807.195,15441.033,18904.443,7675.9766,5299.559,4316.3164,-2051.5168,1763.1603,6626.346,-1229.8667,2669.6287,5503.4395,0
105442.97,2,2,2,25.193956,0,0,0,0,0,0,11807.719,120677.84,57944.793,9345.621,24579.19,12861.742,-202.69858,1179.1884,7618.492,-2027.1133,1095.0472,3999.9287,0
110416.78,1,1,2,24.293085,2,0,0,0,0,0,-26831.703,21653.736,22682.63,2236.488,25774.61,12774.656,416.64908,1865.628,10444.322,-1738.2163,2430.0732,2042.1503,0
130995.66,2,2,2,36.74657,0,0,0,2,0,0,64868.035,130139.43,113484.32,81281.94,92915.625,69085.28,-2968.89,661.76355,5804.9414,215.41817,1417.6517,1608.6154,0
116197.625,2,2,1,40.001198,2,-2,-1,0,-1,0,-18845.672,2705.119,20416.547,7240.5312,10872.696,6094.957,-1143.184,2119.5542,16182.723,-126.90581,2215.1821,3579.4004,0
108654.46,1,2,1,37.60553,0,0,0,0,0,0,59106.332,124486.11,98239.09,40380.637,67584.37,39005.266,391.507,926.2899,8498.999,845.09174,1667.2384,4069.7073,0
109550.36,2,2,1,44.32252,0,0,0,0,0,0,-10176.156,91022.31,54438.867,6955.676,29590.15,14250.229,-2458.5266,2999.3074,6496.4697,-1186.9414,-308.88025,6270.8203,0
121437.266,1,1,3,31.39258,2,-2,-2,0,-1,0,-16197.141,18532.66,21925.3,5273.6367,11050.091,6746.289,-320.9149,1924.6224,7520.102,-79.460495,2438.161,4576.7847,0
108513.23,1,3,2,45.603985,0,0,0,0,0,0,14016.547,124432.3,68714.62,16158.668,11085.175,8187.877,-1800.4515,1925.2968,8302.273,1408.5801,3050.2583,1943.0099,0
118430.336,2,2,2,25.83146,-2,-2,-2,2,-2,0,-23462.117,2860.7986,21594.871,4515.7812,13653.325,6206.242,-1727.4154,2641.936,5741.1514,-4081.5425,1167.4213,4043.9556,0
112192.1,1,3,2,44.20312,-2,-2,-2,2,-2,0,-21416.898,21518.521,24091.406,-627.4026,5150.2036,4578.6406,-2754.3118,3990.2224,5067.1743,-4311.2896,848.11096,-1558.4022,0
130097.73,2,1,1,44.789265,2,0,0,0,-1,0,-14044.809,37443.15,34890.266,6019.8438,2597.977,7540.998,-3067.7698,4274.553,6178.4644,880.0561,776.4701,4639.14,0
114621.61,2,2,1,45.611645,0,0,0,0,0,0,99963.555,138580.53,123866.0,8788.738,35790.54,23870.078,-1079.1469,2010.1517,7101.518,437.25702,-685.3749,7550.8438,0
140727.53,2,1,2,44.75784,2,-2,-1,0,-1,0,-8783.398,17472.498,20187.535,7511.0117,1869.86,4167.797,-3039.4753,1598.6036,7599.8154,1192.7146,1604.2782,6739.049,0
88379.555,2,3,1,32.51634,2,-2,-1,0,0,0,-17463.75,45247.61,17880.338,8169.1445,26208.9,9264.121,9126.708,2335.9346,5643.1,1877.467,2878.1748,3250.1377,0
140210.89,1,1,1,44.966274,-2,-2,-2,2,-2,0,-8686.031,27786.883,22548.098,6754.867,3927.106,3996.2734,-2164.2092,3359.8108,5929.8813,-2058.7217,1788.5787,5909.597,0
129122.08,2,1,2,32.64823,-2,-2,-2,2,-2,0,-17032.562,10886.662,22577.623,4324.383,7433.8833,6398.9336,-3291.3953,3170.6294,6233.022,-3826.2217,1641.8944,4573.3555,0
113178.26,2,3,2,45.44629,0,0,0,0,0,0,-14607.742,68375.9,36533.87,3911.2341,4193.8403,8243.16,-4481.0713,3017.4722,5867.9966,-3397.937,-137.6444,6481.7725,0
96951.97,2,1,2,24.97206,2,-2,-2,0,0,0,-21302.031,8622.791,23014.062,4315.051,17561.238,7774.4434,-1676.4994,2639.0945,5478.6333,-464.0362,1617.6444,-225.51894,0
132488.78,2,2,2,31.493383,2,-2,-1,0,-1,0,-17526.031,5710.5293,17448.262,7354.6406,14544.757,6270.3906,-1205.1385,1539.7604,6643.901,6230.1733,2569.8218,4863.5347,0
149497.83,2,1,2,44.38144,2,-2,-1,0,-1,0,-4375.7812,27633.473,19334.531,8010.2734,-1246.7142,4299.0117,-2746.2786,1034.5573,6826.932,1575.8848,2330.5327,6513.51,0
140420.06,1,2,1,43.248226,-2,-2,-2,2,-2,0,-12829.598,19675.357,23461.188,6254.293,3266.1802,4121.039,-2261.2112,3218.3777,6190.622,-978.4478,1766.3678,4542.616,0
105528.44,2,2,1,31.146109,0,0,0,0,0,0,-15976.523,59855.305,34642.383,7426.5156,11790.858,9621.238,-2008.4945,2910.8118,6817.219,-2824.5947,41.845352,6021.6445,0
111075.74,1,1,1,45.30075,2,-2,-1,0,-1,0,-18440.29,19262.707,21252.537,4616.422,11501.284,6566.551,984.2966,1711.0292,12913.73,801.7487,1851.5087,5071.0854,0
104993.6,2,1,2,41.11521,2,-2,-1,0,-1,0,-15646.844,13929.76,20403.135,6038.949,6233.9067,6085.8164,-2051.681,2514.2573,10940.742,-1645.5356,1376.924,3325.0496,0
110757.08,1,2,1,42.952885,0,0,0,0,0,0,98503.19,133645.0,117093.26,58362.72,81890.23,54272.668,-399.91245,859.9154,8511.632,1428.0378,1448.2596,4193.4277,0
107662.94,2,2,2,24.639402,0,0,0,0,0,0,-15442.016,72201.46,39036.004,5726.215,25138.887,19897.184,-1056.808,1776.8822,7030.4087,-1456.7202,520.40857,4255.2334,0
127358.08,1,2,2,25.242455,0,0,0,0,0,0,158934.86,163798.77,122278.85,121490.94,108312.414,82754.17,105.777016,-1632.2657,10911.209,2278.0417,2592.6572,2903.8062,0
97807.3,2,2,2,26.979218,2,-2,-2,0,-1,0,-25825.57,7872.1543,14529.64,4174.633,17628.252,7795.6406,3504.4856,1263.4999,7495.837,-2154.2837,1472.9918,1572.1517,0
105348.9,2,1,2,26.115551,0,0,0,0,0,0,-13327.34,71698.266,40893.152,6445.4023,14897.6455,11454.203,-2483.006,2220.6626,6775.3945,-2368.4058,1018.2113,4699.4263,0
137554.72,2,2,1,45.42878,0,0,0,0,2,0,66847.25,128627.414,113002.375,87960.164,82814.56,60497.07,-1355.3617,1871.36,12448.769,-1882.71,497.984,2056.6865,0
129606.7,2,1,2,28.808825,-2,-2,-2,2,-2,0,-16987.328,6263.752,21914.791,4722.6875,8841.581,6030.703,-2922.3801,2853.3926,5695.593,-3884.9731,2314.7295,4562.5854,0
106953.1,2,1,2,29.15435,0,0,0,0,0,0,-13281.125,58977.895,37582.785,5205.082,9873.585,10096.248,-3624.0222,2728.0881,6374.913,-3398.9795,111.13246,5612.6436,0
108101.29,2,2,2,24.486502,0,0,-2,2,-2,0,-25150.719,4084.068,32271.037,2638.9294,5124.016,13334.084,-4649.451,2752.0752,5157.2437,-4214.988,7604.263,4376.143,0
130445.8,1,2,1,45.447845,-2,-2,-2,0,-1,0,-18136.688,-1932.2521,20807.76,8050.6953,19780.928,5891.09,-754.86115,711.5204,14608.223,7166.842,2967.984,5430.1406,0
132153.94,2,2,1,41.907684,0,0,-2,2,-2,0,-7.238135,21975.86,35907.363,7825.8203,-2303.3276,4204.367,-3930.2224,4403.547,6218.6353,-1615.2104,-1314.4774,7291.0493,0
113597.234,2,2,2,45.031197,0,0,0,0,0,0,13411.387,124320.09,73962.234,5756.883,40861.555,27273.562,-2506.0647,2080.116,7038.339,-18.432178,-306.84363,5145.233,0
154425.84,2,1,1,37.197693,0,0,0,0,0,0,199223.44,209668.72,146560.98,272997.28,134744.64,128176.17,8971.076,-3871.2473,19331.025,5616.582,11122.046,-14850.532,0
109104.945,2,2,1,32.970276,0,0,0,2,-1,0,73988.15,132313.05,36107.984,7124.9375,1141.9733,5720.5117,-3090.4368,2273.8948,5894.0312,1343.1299,-1032.9706,7342.409,0
131918.81,2,1,2,32.61968,-2,-2,-2,2,-2,0,-16135.492,11254.525,22358.635,4743.5703,7075.153,5950.7188,-3223.5056,3207.9988,5769.1924,-3654.3447,1474.954,5007.7046,0
109804.59,1,1,2,33.73558,-2,-2,-2,2,-2,0,-22059.703,7424.5645,21367.984,2786.9412,11361.718,6814.5977,-2544.5066,3006.1536,6322.5444,-4339.647,1411.9171,3650.8484,0
112015.414,1,2,1,45.30529,0,0,0,0,0,0,97852.92,136773.6,119926.516,104166.73,100502.25,79385.14,-908.8206,546.7699,9844.355,2699.0215,1725.0929,2938.713,0
119759.36,2,1,1,45.05459,0,0,0,0,-1,0,118473.586,131710.9,112588.83,89679.98,4466.6216,3357.1992,879.78436,1160.039,12553.276,625.57513,1959.0289,7081.5693,0
111156.91,2,3,1,45.49632,0,0,0,0,0,0,-17973.656,36891.75,43156.293,2712.4294,2915.7075,6864.6953,-4206.416,3955.7441,7296.8643,-455.36774,-254.09898,5593.2793,0
103599.414,2,2,1,25.213,0,0,0,0,0,0,-11307.629,81217.586,42195.6,7895.8438,30617.918,16340.98,-580.6414,2161.6106,7315.3765,-1788.9941,905.40857,4434.5303,0
131449.53,1,1,2,27.89611,0,0,0,0,-1,2,-5231.0664,14045.436,17599.385,15393.037,10883.675,3750.8945,955.8984,-163.18666,8488.126,499.25262,3177.0144,5649.468,0
106407.48,2,2,1,40.725056,0,0,0,0,0,0,85.187645,110535.484,53576.992,9151.875,14417.856,10907.908,-1220.4911,2282.269,6919.4893,-1583.5962,480.8512,5459.982,0
110749.664,2,3,1,45.746086,0,0,0,0,0,0,2810.6917,119278.36,71003.15,17921.305,45699.832,29408.34,-2451.9363,2682.5422,7373.1904,217.49849,1078.4501,3682.706,0
110238.73,1,2,1,41.01756,0,0,0,0,0,0,91040.77,132885.22,115203.63,96663.77,98967.95,74937.49,233.26627,410.57703,9712.115,2180.351,2168.6702,3013.3328,0
122623.33,2,2,1,39.559402,0,0,0,0,0,0,152870.06,159013.81,127135.54,156594.28,105020.37,98224.89,-190.08725,-241.64418,14383.505,3270.9958,2923.106,2253.1575,0
147758.95,1,1,2,42.061718,0,0,0,0,0,0,199979.75,205433.14,139255.08,238929.58,115882.7,109787.5,1145.38,-3439.8977,17664.012,3846.803,5811.219,1423.8019,0
107927.01,1,2,2,24.780426,0,0,0,0,0,0,-11803.668,78795.5,36306.48,5465.211,38267.824,19568.56,-883.52716,1352.6368,7277.272,-1829.1709,670.38635,2841.1562,0
119341.96,2,2,2,44.793564,0,0,0,0,-1,0,-25791.75,30564.3,37277.023,700.9685,-2380.8198,5887.66,-5014.1436,3613.2593,5169.552,2440.4023,-1376.6249,-11362.485,0
148281.27,1,3,1,45.91751,0,0,0,0,0,0,190301.23,181948.02,133120.8,206401.33,107976.37,86680.49,-1385.4042,-1306.7462,16107.465,4748.8525,4152.8237,4296.2524,0
116384.56,1,2,1,43.7871,0,0,0,0,0,0,42236.766,123475.14,86678.945,19933.506,50515.21,24721.828,-764.2591,1589.2201,8187.278,858.48114,1165.7572,4940.437,0
128250.72,2,2,1,46.64626,0,0,0,0,0,2,177961.42,148897.89,126221.766,235865.3,128163.37,106360.03,6701.335,-7183.165,15235.027,37338.637,13181.135,6712.571,0
116935.695,1,2,2,27.74232,0,0,-2,2,-2,0,-19198.562,7106.5645,28487.014,4771.4062,6562.903,5680.375,-3381.277,2835.723,6303.0522,-3639.9854,449.0238,5750.39,0
135365.95,2,2,1,44.91796,2,-2,-1,0,-1,0,-14459.141,17641.213,22260.39,6935.3633,5044.446,5209.418,-685.79425,2406.1677,7608.1978,2073.8098,1747.0201,3168.5535,0
99621.805,2,2,2,42.272934,2,-2,-1,0,-1,0,-21185.516,8047.955,19257.508,6547.2344,10847.728,6073.5566,15.945472,1888.7633,6624.983,-495.0645,1231.1447,4879.4834,0
109574.76,1,3,2,44.868713,0,0,0,0,0,0,22454.291,134739.4,64012.17,6748.5625,20971.49,14148.428,-2051.6545,1366.7733,10867.576,-1629.3032,1539.8766,3843.278,0
95919.79,1,2,1,41.80098,0,0,-2,0,-1,0,2049.3713,41452.855,18522.613,13147.32,61845.117,26300.697,-1563.0648,409.33044,7469.941,26554.207,2455.4119,5440.1577,0
119508.67,2,2,1,43.626255,0,0,-1,0,0,0,4375.047,118965.54,69543.33,14506.715,50401.49,27631.168,550.68134,1976.8309,8026.837,271.75262,1144.2799,3618.4573,0
99805.97,1,2,2,24.817698,0,0,0,0,-2,0,63285.695,120629.88,26984.857,10624.084,13501.333,4774.0,130.45035,1146.2521,6626.481,-2733.6602,1853.9633,5056.08,0
99356.91,2,2,2,31.218851,-2,-2,-2,2,-2,0,-26466.914,3198.193,18938.672,3098.078,13891.681,7001.5293,-1912.5253,2802.547,9567.995,-1643.7749,560.7394,3774.2388,0
140464.11,2,2,1,41.898697,0,0,0,0,0,0,164047.72,170825.23,131941.25,158898.05,103117.64,101027.805,-1080.8431,-115.13148,11872.01,3566.9617,2456.2847,608.6942,0
136120.11,1,2,2,42.03983,0,0,0,0,0,0,167117.38,173530.81,131827.81,182832.72,110667.39,107141.91,-2068.411,-1612.4376,12629.346,3422.353,3581.73,616.194,0
106957.95,2,2,1,44.45635,0,0,0,0,0,0,8674.195,119938.74,61651.59,7472.8633,27641.94,17431.916,-1553.1381,2421.8464,7182.666,-945.3482,142.28432,5656.7363,0
81701.0,2,3,2,26.409372,2,-2,-1,0,-1,0,-21469.734,8122.002,13861.921,5786.699,19481.084,6425.0273,3114.3745,1448.068,6367.408,-2209.9478,2769.2996,2844.9707,0
111310.27,2,3,1,45.82375,0,0,0,0,0,0,31948.576,126245.24,87798.4,32546.973,58417.246,36969.836,-2280.8254,2162.958,7440.5127,618.50653,1313.963,5016.801,0
99851.6,2,1,2,24.657518,0,0,0,0,0,0,21621.72,117416.65,58862.38,10209.191,26201.186,13841.119,-194.0643,900.38367,6885.191,-1790.4844,2580.4192,4197.644,0
141483.98,2,2,1,30.464333,0,0,0,0,0,0,162236.44,170540.98,131934.02,179631.12,108195.72,106218.69,-1698.2562,-126.76722,11585.252,4089.9014,2572.254,-22532.193,0
108067.93,2,2,1,45.236355,0,0,0,2,-2,0,-6308.9688,114421.98,37254.156,5581.203,945.8717,5477.2383,-3937.195,3786.3464,5261.3677,-3244.8696,-1478.4037,6787.5474,0
108291.24,1,2,2,24.35237,0,0,0,0,0,0,-14048.605,74108.2,31816.844,5737.8867,35672.742,20103.295,-729.1307,961.8993,7341.861,-1516.5195,2031.9996,4491.484,0
108727.75,1,1,2,43.10504,0,0,0,0,0,0,9046.992,118397.734,51216.984,4850.0273,27292.865,17995.7,-2859.091,1458.4073,6963.295,-1743.4844,833.91394,4996.484,0
135832.77,2,1,2,33.5871,2,-2,-1,0,-1,0,-12842.762,10126.326,17311.096,7701.7734,6522.903,5276.004,-1952.2933,1605.8878,6751.19,-715.17145,2341.7854,5589.547,0
96280.99,2,3,2,43.612923,-2,-2,-2,2,-2,0,-18780.383,16626.508,23033.646,3718.402,9868.474,6606.2227,-3137.4812,3969.349,5017.12,-4475.44,1352.497,4023.1428,0
112459.19,2,2,1,42.875378,0,0,0,0,0,0,-24974.266,27282.047,43425.652,2320.6873,3301.3716,7799.6914,-4816.383,3595.2007,6398.7495,1934.8491,-1247.4315,2734.488,0
111934.79,1,2,2,40.491665,0,0,0,0,0,0,-15806.297,79414.46,44312.01,3937.5037,27817.393,17431.338,-2713.1902,2068.0967,7245.7485,-608.981,-147.58531,5167.2617,0
101991.51,1,2,2,27.277617,0,0,0,0,-1,0,15095.477,101412.016,32028.998,7303.543,12809.36,4199.0547,1103.3507,296.2528,7138.2656,-1591.0562,1382.5509,5516.731,0
98793.89,2,2,2,24.85198,0,0,0,0,-2,0,15786.367,107335.445,35855.25,11370.57,12271.673,4910.949,326.7863,1675.2606,6516.0586,-2878.58,1781.1976,5201.524,0
108289.13,2,2,2,24.413836,0,0,0,0,-2,0,28705.002,124131.555,63295.574,7538.5625,6108.805,6390.791,-2527.5037,2692.8843,5847.436,-3209.5083,-42.356308,-22313.334,0
110571.21,2,2,1,44.94899,0,0,0,0,0,0,-11770.316,93062.98,51511.01,6016.2812,24887.77,18004.102,-2526.389,2909.864,7010.48,-1463.2783,-417.19324,5644.355,0
97908.414,2,2,2,27.054483,0,0,-2,0,-2,0,-17567.82,4635.799,23873.666,7869.1914,10155.47,5487.1836,-1818.414,2304.821,6328.708,-3524.689,1129.2618,5297.0513,0
117063.29,2,1,2,42.903496,0,0,-1,0,0,0,-15438.875,72085.195,40453.65,1958.3162,12802.124,6660.158,-1663.9183,2688.7354,6573.331,-2911.7969,573.6063,6476.5103,0
111810.06,1,1,1,42.227608,-2,-2,-2,2,-2,0,-19950.508,12285.67,23743.32,3020.949,10579.093,9491.342,-2958.5198,3461.6562,11944.7295,-1214.4707,4642.4487,3022.379,0
95516.984,1,3,2,27.195316,0,0,0,0,0,0,15627.863,117236.26,50838.77,11882.963,56217.58,29612.064,332.1603,819.1752,7741.603,-162.56694,3279.5496,2862.5366,0
110923.805,2,2,1,41.859272,0,0,0,0,0,0,88645.93,132491.08,64614.523,8761.836,45164.535,28251.775,-1514.0458,2108.641,7389.909,-393.64508,50.30629,4862.042,0
108102.914,1,2,2,44.048542,0,0,0,0,-2,0,92416.69,125280.086,33380.477,8133.0234,3592.1802,4613.3203,-2351.8328,2017.9596,6066.5137,-2398.3682,-15.607774,6827.468,0
103302.766,2,2,1,32.14748,0,0,0,0,0,0,2156.09,113106.586,56636.402,11073.191,33162.766,18152.035,-49.322105,1880.0621,9160.998,-1077.9487,1041.8854,4517.659,0
106590.33,2,3,1,45.57584,0,0,0,0,0,0,-625.203,109008.17,57927.836,9092.418,31035.137,18719.014,-2132.4114,2764.544,6801.3394,-293.97614,1434.4733,5000.213,0
103581.43,2,3,1,34.40658,0,0,-1,0,0,0,-12553.906,75689.74,32909.41,5657.336,22937.078,13859.213,589.5197,2883.6711,7039.892,-511.77008,2320.3545,4807.6978,0
107405.836,1,2,2,26.575794,0,0,0,0,0,0,60046.055,122848.52,35261.99,11738.463,36671.25,18608.137,-680.2347,793.67566,7272.6934,-390.63824,1130.933,3897.2783,0
103272.38,1,2,2,25.444605,0,0,0,0,0,0,14378.023,116706.93,45763.207,8736.512,29547.465,13409.545,96.62321,527.32166,7622.5967,-1772.2734,1335.3473,4043.0535,0
130501.27,2,1,2,25.991537,-2,-2,-2,2,-2,0,-16965.992,9539.998,21300.033,5306.8555,11589.618,6158.916,-2124.471,2734.921,5790.417,-3873.4395,2011.2594,4274.7886,0
110611.086,1,2,2,25.641605,0,0,0,0,0,0,13076.301,121688.14,61609.285,3770.2263,14082.946,14190.602,446.4899,95.697624,7580.764,-2118.4302,12553.342,4128.235,0
105169.19,2,1,2,25.987442,0,0,0,0,0,0,-20817.398,24747.307,33295.39,5111.3164,15940.224,12503.936,-3690.035,2466.42,6746.8057,-2008.769,343.10022,5316.75,0
113557.96,2,2,1,45.467663,0,0,0,0,0,0,-13736.152,86398.66,57886.562,5725.551,27880.969,21396.457,-3380.99,3200.8804,6626.684,580.92377,-1275.0062,6289.412,0
101712.76,2,3,1,45.32149,2,-2,-1,0,-1,0,-18141.21,15996.779,23444.014,4338.4062,9396.261,7505.416,-808.1258,2657.4768,10302.8955,1126.1929,2828.553,2129.9658,0
132482.75,1,2,2,27.173153,-2,-2,-2,2,-1,0,-22242.125,1276.162,19348.418,5393.6016,9006.778,4493.133,-1354.5873,874.84607,6306.516,-1449.7222,941.8927,5415.485,0
106383.89,1,2,2,24.59286,0,0,0,0,0,0,64877.637,125710.08,89388.21,8948.137,57738.96,29217.36,1731.2074,-54.537727,8186.316,-361.2574,1941.1886,3193.2546,0
108969.09,1,2,1,44.80297,0,0,0,0,0,0,52348.934,125919.22,101999.73,50325.34,78804.71,49891.168,-913.98956,1217.1293,8816.686,1619.794,1397.8644,3838.6592,0
130629.36,2,1,1,45.520824,2,-2,-1,0,-2,0,-8182.289,15515.24,21514.895,8733.934,8671.509,5300.1406,-2862.1038,3600.411,7358.973,356.6491,2403.2493,5067.311,0
105756.68,1,2,1,25.79468,0,0,-2,0,-1,0,143294.75,-1017.6037,16717.61,14317.826,85065.13,52081.8,-1980.3207,-1244.4689,7850.436,32286.525,3860.6633,3743.6511,0
139312.81,2,1,1,44.351948,0,-2,-2,2,-2,0,15458.098,25303.848,43570.176,-3496.7112,-3840.3042,16709.744,-6919.7227,6174.803,3733.8826,-6207.978,6421.501,-28519.098,0
110524.06,1,2,2,44.75325,0,0,0,0,0,0,95611.805,137195.02,119666.54,106942.52,47101.504,26931.723,-648.8099,669.18396,9406.459,237.44063,1185.143,5221.623,0
108060.5,2,1,1,44.16543,1,0,0,0,0,0,180789.5,154269.6,75791.35,89154.97,122370.15,100315.86,3510.5645,-3870.1858,8887.492,41951.95,74408.34,-13559.853,0
142516.0,1,1,1,41.16337,0,0,0,0,0,0,146781.47,198438.36,128986.65,131550.92,106046.13,93717.19,-2431.5046,-1436.4279,10625.183,2373.3003,2659.3848,858.4613,0
124547.016,2,1,2,43.960583,0,0,0,2,0,0,-26406.68,50148.38,45151.24,-3336.8557,16286.7295,19196.69,-6002.5195,3286.636,5571.903,-3764.8154,-1054.2865,4408.22,0
104851.57,2,2,2,24.453302,0,0,2,0,0,0,1103.1603,111396.875,45696.07,7044.258,55393.574,27339.182,3241.4827,516.1815,8230.82,-1196.1162,1910.2982,2987.445,0
97657.39,1,1,2,24.539394,0,0,2,0,0,0,-9884.285,94107.84,33993.336,4148.301,39242.246,16455.559,2618.5576,955.91394,8702.786,-189.13042,2579.1516,1905.1215,0
113554.39,2,2,1,43.03222,1,-2,-1,0,-2,0,-5532.836,40.40021,110183.26,14428.139,8929.8955,2512.0469,-741.7918,-3206.013,7617.2773,-791.00885,3517.9636,5748.3916,0
112732.15,1,2,1,45.596897,0,0,0,0,0,0,64050.348,128188.48,97746.57,39136.17,74442.586,47665.59,-1260.4872,1295.1842,7972.678,1052.9055,614.432,4616.271,0
115172.47,2,1,1,40.486248,2,-2,2,0,-1,2,-18183.86,47556.965,22037.773,4533.5938,27308.748,10019.984,1816.1637,2607.4001,19530.62,-1533.481,2260.8196,-24108.264,0
105352.46,2,2,1,45.410168,0,0,0,0,-1,0,24695.117,121857.78,97470.945,7506.4375,-190.17517,16369.336,-341.82846,1779.0968,7648.524,3515.9126,15841.281,7211.79,0
151850.98,2,1,2,41.968357,2,-2,-1,0,-1,0,-4196.164,28140.475,17722.81,9278.301,-956.90564,3885.7656,-2468.3245,659.52185,7496.7617,995.25995,1773.7308,6750.841,0
157387.11,2,1,1,45.132793,0,0,0,0,0,0,194099.95,205074.64,146413.17,256156.05,134882.69,134726.66,1919.2448,-2831.6267,16816.07,2597.7144,25924.512,-4974.3965,0
106121.31,2,2,2,24.638407,0,0,0,0,0,0,-14308.664,63761.027,34887.56,6634.508,32300.81,6886.3047,-1094.0194,1971.62,13844.273,-3084.8345,760.234,4631.8076,0
84103.516,2,2,1,25.143953,0,-2,0,0,0,0,-14237.359,112726.71,41853.414,13384.275,60602.668,24255.963,32486.178,-597.75696,8640.566,-1294.1938,3833.9368,693.21423,0
128175.48,1,1,2,32.304417,2,-2,-1,0,-1,0,-17887.742,7542.0293,16244.261,6025.617,11112.847,6154.551,-659.0618,1164.6696,9802.152,-2288.1714,2806.0422,3741.491,0
110952.72,2,1,1,45.624634,0,0,0,0,0,0,-3266.1208,106964.92,61981.832,9178.777,36311.863,25276.66,-3174.3772,2770.9534,7165.058,-100.56792,371.36707,5041.511,0
149950.48,2,3,1,45.93515,2,-2,-1,0,-1,0,1318.2892,28216.615,19215.174,11201.953,658.1217,3776.3125,-2190.5852,644.2543,7802.2417,3859.4478,2852.8667,6618.278,0
96502.38,1,3,2,27.03718,0,0,0,0,0,0,16508.219,118760.86,49269.207,8678.828,37771.48,17548.78,194.29459,956.5409,7257.347,-938.0196,2827.9373,3006.8489,0
128780.01,2,1,2,40.481533,2,-2,-2,0,0,0,-18818.828,8766.799,24934.256,3854.953,8217.597,7879.6523,-3897.1384,2627.564,6126.1733,-4431.2876,2169.5706,1881.0917,0
111041.18,2,2,2,42.27375,-2,-2,-2,0,-1,0,-17139.984,-418.7834,16490.193,8591.867,10436.538,4348.59,28.788734,1259.4908,8884.548,-1798.7715,1521.5983,5076.0503,0
137522.8,1,1,2,42.874115,2,-2,-2,0,-2,0,-14244.844,18461.99,20000.557,3593.4255,5327.9263,7079.074,-2790.6624,2212.608,5755.342,-3805.7856,3468.9238,4580.246,0
141426.4,2,2,1,45.497074,0,0,0,0,0,0,159393.69,166607.56,132418.95,179419.08,106131.39,104650.23,-1921.8226,-126.35706,12980.844,3673.489,3038.3599,886.0228,0
117795.58,1,3,2,44.783104,2,0,0,2,-2,0,-24222.43,28767.178,34503.867,-3480.1057,4399.43,10716.57,-5850.125,5807.916,3957.474,-5909.224,-464.10095,4288.7295,0
132950.7,1,2,2,26.118252,-2,-2,-2,2,-2,0,-20779.008,4132.424,19435.574,5179.3047,12624.423,5189.75,-1613.7875,2066.0278,5951.213,-3360.5469,1765.6044,4440.0884,0
110690.22,1,2,1,43.634205,0,0,0,0,0,0,-19810.79,27437.875,37949.94,3943.2263,4913.696,8809.201,-3448.5046,3418.4854,6718.071,-427.43903,-510.46082,2991.936,0
108115.4,1,2,2,45.485,0,0,0,0,-1,0,13340.324,122811.02,76197.19,10202.539,716.7389,17466.953,-980.9681,903.8153,6357.833,1706.2183,16752.037,6838.263,0
111375.125,2,2,2,24.407717,0,0,0,2,-2,0,-22493.766,28926.742,31789.227,2694.8591,7099.614,7142.123,-4121.99,3508.381,5139.839,-4550.7417,-129.60387,5428.9224,0
111378.24,2,2,1,44.88293,0,0,0,0,0,2,52506.66,126682.41,113459.05,85221.99,80077.88,6923.1836,-2028.5526,3656.7979,6998.9307,951.0898,-1686.5121,-29113.133,0
123346.04,2,1,2,31.628275,1,-2,0,0,-1,0,-20091.93,21546.197,26965.023,2862.4568,5505.0396,7167.51,-1754.5282,2714.4846,11554.3955,144.8813,1246.1754,4065.9102,0
114374.766,2,2,3,45.607605,0,0,0,0,0,0,28749.621,125149.51,92677.05,18703.248,50107.074,35359.316,-4171.134,2745.4563,7028.4014,410.4848,-888.4447,5664.65,0
129168.07,2,2,1,44.849648,1,-2,0,0,0,0,-32805.023,8143.865,32237.166,389.3396,38096.066,14578.887,-3322.9138,2445.5488,23632.871,-3987.0566,6485.471,2873.755,0
117685.4,2,2,2,42.564415,-2,-2,-2,2,-2,0,-22730.93,10737.268,26133.258,2556.5505,6552.4575,6153.3066,-2290.41,3226.0476,5354.1147,-3969.8052,113.109024,5227.9736,0
115482.34,2,1,2,32.318813,2,-2,-2,0,-2,0,-17566.836,14637.271,17021.096,5044.3516,12942.188,7173.4785,-719.04474,2877.2368,5819.6685,-4829.1147,2407.947,3865.3667,0
104916.01,2,1,2,32.26949,0,0,0,0,0,0,11271.242,116453.51,62073.43,8194.051,29920.623,15263.33,-1993.3475,1722.4669,7163.9443,-1881.1978,1075.3756,4917.9927,0
103866.625,2,2,2,24.45249,0,0,0,0,0,0,-10648.316,83359.13,39877.523,6127.383,34395.164,11338.398,-854.2791,1714.6947,6640.039,-2284.3389,765.5653,4620.9917,0
103596.484,2,3,2,25.378325,0,0,0,0,0,0,-15982.977,54456.26,31580.824,6054.59,20121.92,6445.918,-1676.5585,2558.786,6477.401,-2302.9072,1334.6166,4610.554,0
112481.16,1,2,1,34.355522,0,0,0,0,0,0,117391.805,138038.48,119473.766,117243.99,104685.03,85338.625,626.65497,34.98571,10792.807,2888.9575,2795.8066,2213.1692,0
117845.305,2,2,1,44.954147,2,-2,-2,0,-2,0,-24817.328,29712.926,31623.674,479.7224,7864.3794,15721.355,2462.3486,2405.6523,5288.317,-4421.2993,8941.546,1027.3881,0
120994.92,2,1,2,27.42251,2,-2,-2,0,0,0,-18893.336,8905.881,22499.582,5320.6562,15663.907,9983.607,-1935.8002,2407.6104,8617.735,-3203.0366,2936.3323,2028.0419,0
121270.13,1,2,1,31.741404,0,0,0,0,0,0,131526.47,149339.19,122809.43,106076.83,101840.14,77785.67,1011.58295,-203.40053,10039.812,2387.9773,2514.3318,3176.6145,0
106011.79,2,2,2,45.582016,0,-2,-1,0,-1,0,-12386.469,7935.8184,18478.186,8466.375,5840.231,4779.133,470.5363,1223.1466,10234.895,-1699.9731,1300.5111,5840.6494,0
141008.36,1,1,2,31.218578,-2,-2,-2,2,-2,0,-19019.367,19773.604,27956.822,392.57007,3075.2231,6077.8086,-4448.1064,4165.7627,5646.09,-2523.4385,281.01892,-24379.736,0
106002.32,2,3,1,45.247253,0,0,0,0,0,0,46769.195,123699.086,86898.29,20612.434,50123.645,29586.133,-1293.5345,2309.4626,7446.0986,295.9643,1909.1656,4704.4946,0
102015.46,1,2,2,30.859932,0,0,0,0,-1,0,36262.78,122042.89,85019.234,37758.492,12686.765,6401.5664,3728.237,-128.16908,12060.208,-1422.0063,3397.8064,4364.972,0
100265.19,1,1,2,31.571657,0,0,0,0,0,2,28101.955,115054.65,57615.73,18548.352,68637.42,33405.27,1033.7054,-146.43178,8985.874,3233.991,2829.6707,1481.9542,0
102318.8,2,2,1,27.749075,0,0,0,0,0,0,5366.043,113603.32,53507.766,9376.066,34531.25,15225.492,237.83414,1727.1722,7673.9453,-1229.3213,1144.289,4468.583,0
104405.33,2,2,2,35.706505,0,0,0,0,0,0,86181.07,125263.39,93361.47,54171.77,50873.7,21433.72,-500.97787,1321.0253,30660.926,-982.9605,3395.403,2544.121,0
116596.164,1,1,2,44.068554,0,0,0,0,0,0,16462.125,127397.586,86716.24,17344.86,58718.438,38664.07,-5116.3896,2898.419,6447.229,1379.3696,-539.8734,-24573.004,0
96715.41,1,1,1,41.33316,2,-2,-2,0,-1,0,-21396.11,20097.43,20525.426,4305.6953,13247.786,9540.928,1241.1117,2301.273,12361.503,1951.7905,4891.643,1049.7892,0
109411.23,2,3,1,43.33567,0,0,0,0,-1,0,58913.383,122252.6,94615.95,13923.627,4008.4263,3071.6836,-287.04477,1615.6469,7637.305,2420.0847,2107.7368,5625.965,0
113044.75,2,2,2,44.026546,0,0,0,0,0,0,-15245.406,87130.16,52026.707,3942.4333,26701.037,19508.975,-3472.5984,2674.1614,6642.7686,-1889.9238,-857.21326,5546.8833,0
107704.47,1,3,1,45.91377,0,0,0,0,0,0,67399.81,127722.04,97366.76,40636.12,65681.305,35637.527,-1589.3348,1751.7299,8506.295,2005.0757,2210.651,3670.7273,0
129317.836,2,2,2,44.085133,2,-2,-1,0,-1,0,-16898.734,12206.525,22255.893,5178.6484,5277.864,5208.414,-1188.6488,2023.4698,6455.49,1532.3545,759.0807,4782.2036,0
101023.2,2,3,1,34.619083,0,0,0,0,0,0,22463.41,114507.65,59613.86,10269.4,30217.035,16987.924,-784.76886,2277.3948,7126.757,-676.52057,2019.4022,4510.37,0
106593.484,1,1,2,29.675886,0,0,0,0,0,0,-21548.36,30646.834,32789.414,3648.402,18718.65,14534.42,-3549.6833,2352.9187,6871.0986,-1992.48,397.21765,4337.9233,0
106735.87,2,2,1,25.368507,0,0,0,0,0,0,100194.31,127579.25,108244.99,83052.71,75252.766,42908.453,1370.8092,881.3876,9168.074,779.10736,2202.3901,3287.1782,0
124878.27,1,2,1,45.13518,0,0,0,0,0,0,118087.164,143523.25,122658.84,127098.484,104353.96,91310.85,-903.4285,86.526726,10578.477,3111.2495,2487.2803,2956.2656,0
135209.92,2,1,2,29.871965,2,-2,-2,2,-1,0,-17935.531,24327.752,24166.9,2350.703,2866.227,7662.457,-2988.763,2943.456,6359.5674,-2135.0264,1919.7443,2643.335,0
133169.5,1,2,1,35.329174,2,2,-1,0,-1,0,-19906.664,14099.021,22328.85,5781.199,9689.505,8344.684,-2306.2708,2236.4177,11026.807,2570.669,6589.563,2505.4036,0
105768.41,1,1,2,26.52768,0,0,0,0,-2,0,37956.38,124926.36,39892.785,7031.0625,8895.581,7603.879,-2054.5925,1553.1046,6092.437,-3464.6147,2276.7048,1356.4943,0
117291.29,1,1,1,33.18726,2,0,0,0,0,0,-20460.125,113529.055,46635.39,6405.8984,48120.01,22226.504,22631.783,2324.354,6324.1577,-1822.3999,1241.38,-837.4569,0
100739.77,1,1,2,28.59915,0,0,0,0,0,0,12477.414,114373.086,53575.33,9827.152,52285.633,27576.389,-1227.7289,876.2396,7950.055,-871.67535,1899.899,3382.0723,0
108109.516,2,1,2,40.96876,2,-2,0,0,-1,0,-26360.242,15008.619,24146.61,1367.9294,9268.952,8155.424,-1338.0575,2321.7268,6158.458,-2627.2798,1330.017,3370.4932,0
146531.38,1,2,1,40.061707,2,-2,0,0,0,0,-16980.219,12808.686,24509.365,5108.8867,7028.227,6332.1484,-3184.1423,2220.5195,7126.086,391.57538,2051.602,4148.0825,0
104004.07,2,1,2,24.731222,0,0,0,0,0,0,-20414.227,22194.809,31797.52,5539.0195,13574.804,10240.689,-3278.2039,2305.1624,6493.496,-2676.4473,605.5077,4756.953,0
120938.234,1,2,2,29.854025,0,0,0,0,0,0,143829.23,158267.14,125610.12,153826.66,107918.16,101883.445,-166.36264,-1740.7272,11751.589,2668.178,3214.2969,2278.0913,0
106350.164,2,2,2,24.208263,-2,-2,-2,2,-2,0,-28169.695,8817.744,20016.064,1527.5623,14505.358,6980.965,-1590.0057,3421.4048,5703.862,-451.40143,-111.405136,-12060.196,0
110591.8,2,2,1,45.51299,0,0,0,0,0,0,75792.81,130890.32,114907.805,74286.17,76939.44,50962.203,-1480.3954,1649.766,8770.774,1175.9326,834.72424,4845.0684,0
109187.945,2,3,1,45.723747,0,0,0,0,0,0,2141.4417,115870.55,56106.1,6585.203,19389.502,15211.736,-2656.4817,2638.1533,6583.3594,-772.06793,903.22156,5560.4326,0
120698.98,1,1,2,44.3379,2,-2,-2,0,-2,0,-17162.969,18117.28,19287.14,2987.2341,10302.106,6672.6504,-1524.5487,3014.3098,5829.431,-4485.971,2135.4395,3010.176,0
104269.69,2,2,2,24.45012,0,0,0,0,0,0,16834.145,120805.28,65438.008,7363.0156,37312.31,19019.457,310.87125,802.3812,7170.8296,-135.48833,2699.6638,3458.8708,0
149638.03,1,2,1,45.657055,0,0,0,0,0,0,168831.11,169594.19,133091.78,102829.516,27212.031,15354.355,-1590.3124,1567.2379,10923.324,545.3378,-203.7689,508.08044,0
101378.85,1,1,2,41.987278,2,-2,-2,0,-1,0,-24113.07,9481.357,22639.982,2533.4294,9745.847,14647.021,-507.62436,1529.9386,7159.2236,-2196.4082,11250.757,3125.0645,0
111229.66,1,2,1,45.264465,2,0,-2,0,0,0,-22034.14,9720.65,52436.574,4956.793,18953.076,14674.574,-3718.9363,1749.9017,12758.535,935.2182,-312.23376,5479.034,0
152025.84,2,2,2,41.86133,0,0,0,0,0,0,191937.3,208344.6,146827.89,249008.03,131412.77,133351.02,995.17474,-3862.3323,16693.707,3509.0405,8958.648,-15495.05,0
118498.23,1,2,2,26.285276,0,0,0,0,0,0,142518.6,145729.02,119856.36,129072.37,108168.266,86798.49,455.256,-1159.756,11287.555,1025.1501,2702.6294,2450.506,0
139001.0,2,1,2,43.469547,2,-2,-1,0,-1,0,-6103.996,18092.904,18172.688,10607.936,3889.8716,4490.34,-2625.014,1363.506,7252.2554,-1144.9287,2483.884,5999.0664,0
117118.664,1,1,1,45.052418,0,0,0,0,0,0,116733.766,142989.6,121932.31,125429.414,105097.88,91488.92,-1571.6923,212.76451,9770.253,2546.8052,3064.0532,2615.7764,0
127247.37,1,2,1,45.513634,0,0,0,0,0,0,-16823.82,52555.145,49050.797,3381.5466,14962.122,14891.281,-3650.8757,3098.5256,6098.197,-1464.9473,-1532.223,6832.0566,0
105134.836,1,3,1,44.238945,0,0,0,0,0,0,62566.81,124944.63,96466.33,46730.26,74594.12,44145.406,-737.86066,1396.7372,8353.451,1394.3464,3131.4326,3539.4058,0
124890.4,1,1,1,45.03391,0,0,0,0,0,0,148841.17,157242.88,127428.69,151737.38,107074.266,98886.46,-1493.4779,-249.00258,11286.795,3066.1448,3513.3245,1707.5157,0
138272.1,2,1,2,31.17753,2,-2,-1,0,-1,0,-9545.547,16698.688,16631.572,8075.9453,5005.614,5083.7305,-1708.0614,1257.1691,6504.999,-457.71442,2650.1704,5908.235,0
103265.74,1,1,2,24.60414,0,0,0,0,0,0,-24.257666,62031.0,30832.354,5999.785,24514.008,13989.68,-2810.3992,1737.1732,10392.29,-2802.7632,1209.6627,4125.188,0
89624.43,2,3,2,27.480934,0,0,0,0,0,2,47993.57,117945.09,67476.945,26554.145,73055.38,35611.312,3326.7485,-67.640755,8724.867,2230.8403,3767.64,2099.9502,0
121706.81,1,2,2,45.174877,0,0,0,2,-2,0,-23801.078,90643.18,45427.117,-3059.7346,-6460.6206,8021.1133,-7530.331,5217.744,3850.7686,-4404.8657,-5782.509,-19966.225,0
107667.29,2,2,2,24.619959,0,0,0,0,0,0,-16635.672,76496.125,37453.91,6295.535,28649.244,15843.195,544.9416,1688.2494,6376.922,-2838.2593,434.41858,4686.6904,0
152132.52,2,3,1,45.390804,2,-2,0,0,0,0,-11289.734,40835.492,34590.746,2555.5193,-846.41736,13781.752,-2240.594,2989.1492,5520.911,-1064.7441,13555.432,6102.9155,0
122551.87,2,2,2,28.905231,0,0,-2,2,-2,0,-16624.61,10221.939,31764.707,5702.746,3354.688,5570.1055,-3842.5867,3375.4443,5574.4707,-3370.9668,-34.24742,6363.0854,0
144417.08,2,2,1,44.41788,0,0,0,0,0,0,172893.02,171320.97,131244.08,187770.3,104747.875,97891.4,-1156.305,-580.42346,14161.136,3799.3193,2935.1255,3578.983,0
108322.28,1,1,2,41.22217,0,0,0,0,0,0,15504.16,119942.234,33128.727,7458.797,10220.329,8697.648,-2681.6462,1337.5643,6323.9795,-2402.0703,714.5277,5524.4673,0
141209.22,2,1,2,44.65937,-2,-2,-2,2,-2,0,-13782.922,17963.773,26115.63,3859.492,2820.1606,5566.9375,-3646.9412,3416.7605,6223.4453,-3076.207,1082.2284,5159.595,0
109994.836,2,2,2,45.172256,0,0,-2,2,-2,0,53517.527,3074.4666,40455.64,2756.7576,-5162.894,5550.6406,-5736.8926,4609.932,5006.455,-3210.1636,-3542.5334,8020.348,0
140264.39,1,2,2,26.086748,0,0,0,0,0,0,188451.39,190983.83,131145.86,163910.98,108451.84,91418.63,872.8591,-2822.8596,11672.448,3375.9202,2870.591,6366.647,0
144887.62,1,1,1,45.28574,2,0,0,0,-1,0,-10908.516,51272.0,31937.637,5769.9023,2049.602,5530.9062,-1884.9164,2864.9365,6120.6675,1714.0752,612.9396,5179.1567,0
106025.79,1,1,2,26.60832,0,0,0,0,0,0,125451.73,124444.13,118579.21,17127.857,55086.26,29882.14,-65.49349,465.32605,7751.2056,-130.79887,2037.2465,4313.479,0
109127.69,2,2,2,32.209007,2,-2,-1,0,-1,0,-19118.094,4559.158,17179.28,6073.328,11896.983,5817.6406,-897.18195,2303.687,11849.449,-3470.4487,1660.3695,1467.0204,0
128397.7,2,1,2,33.836,2,-2,-2,0,0,0,-27731.367,15038.396,-1212.5793,3051.1365,29931.893,89480.586,3752.6333,1319.9008,5601.094,-5064.6313,58066.508,-7036.3994,0
120600.414,1,2,2,37.8842,-2,-2,-2,2,-2,0,-23594.672,7055.6465,21669.814,3167.9412,9211.331,5963.8867,-1824.7206,2648.3647,5910.1113,-2992.795,850.69275,4818.3687,0
119403.36,2,3,1,45.531013,0,0,0,0,0,0,-8621.52,60497.938,37004.19,6966.41,2746.8052,4683.426,-2395.5325,3721.822,7099.077,-2269.334,524.76843,6607.931,0
104362.8,1,2,2,26.779392,0,0,0,0,0,0,1176.0197,107170.29,45962.188,7175.449,48911.895,24695.754,-71.69857,596.5497,7497.8574,-958.41656,1271.7316,3405.3103,0
113311.945,2,2,1,43.03161,2,-2,-1,0,-1,0,-19390.297,7737.3066,21780.592,6441.383,9774.952,5466.7227,-555.05206,2520.8967,14400.275,721.56586,1124.9467,2672.0916,0
102750.26,2,2,2,24.389423,0,0,2,0,0,0,19811.826,117008.7,36719.547,5130.1797,33745.508,8387.287,3203.6714,890.51697,8058.013,-2019.8887,1291.4957,3062.741,0
118577.42,1,2,2,29.474646,0,0,0,0,0,0,136546.88,151959.75,123733.79,119885.12,106194.83,84773.91,-215.00864,-898.4855,9944.668,2040.0713,2364.2812,2689.7239,0
101553.07,2,1,2,43.40194,2,-2,0,0,-1,0,-24388.664,59488.21,23342.434,1900.656,11513.175,7504.701,12670.023,2076.117,6091.275,-4415.7485,1190.8138,4291.981,0
110671.664,2,2,1,41.183765,2,-2,-2,0,0,0,-22891.906,1520.8104,22108.871,13975.756,27002.941,9250.586,178.94107,2357.0906,25709.229,-3056.1494,2229.5786,2322.9578,0
123702.57,1,1,1,45.844006,0,0,0,0,0,0,134293.14,149854.34,126078.45,139820.83,83270.39,52726.207,-1910.2054,507.2318,10077.406,1517.5444,1941.567,5160.1875,0
110992.75,2,2,1,44.489674,0,0,0,0,0,0,117083.78,141552.98,121327.79,112975.53,87285.44,62932.086,-813.7542,1032.143,9139.38,1650.4609,1654.3519,4619.707,0
107032.945,2,2,2,24.589752,0,0,0,0,0,0,-14902.664,72795.37,32932.98,6681.41,13565.972,9080.875,-1758.785,2126.248,6071.683,-3183.6812,240.76747,3767.7275,0
134185.86,2,2,1,44.79342,2,-2,2,0,2,0,-31162.758,109399.71,34278.73,-2934.7385,37013.918,19914.52,24142.697,1856.5543,22976.523,-4613.0103,12553.58,-23952.701,0
133253.86,2,3,1,45.47683,-2,-2,-2,2,-2,0,-11745.418,23817.494,26606.19,5122.6367,5738.3325,5133.7734,-1470.4349,3664.4912,6393.5674,-2728.6187,1649.4242,5137.311,0
106450.805,1,2,1,34.505,0,0,0,0,0,0,52746.055,122920.95,96506.85,49446.594,79435.67,36209.246,121.02604,1111.5443,8768.597,1783.0894,1521.6058,4278.548,0
123281.86,1,1,1,41.9274,0,0,0,0,0,0,30909.213,120983.65,66499.56,9380.418,28142.652,12676.736,-1255.3265,1821.1249,7763.7173,-298.28278,1901.7069,5750.3926,0
107280.414,2,2,1,24.4543,0,0,0,0,0,0,2858.0393,116658.06,56372.72,6545.742,26313.98,5747.1797,-1534.4183,3124.1711,6480.2144,-277.7198,239.2953,-23678.438,0
107987.125,2,2,2,34.5259,0,0,0,0,0,0,26308.443,121683.94,83933.164,21209.426,31260.502,18786.121,-140.87924,1465.0873,8238.72,-1225.0063,892.7594,4505.7124,0
146450.98,2,3,1,45.863335,0,0,0,0,0,0,178252.94,175220.03,131933.39,177418.95,108798.72,103195.78,-2080.4827,-301.93225,11958.513,3409.9763,3564.4426,2176.584,0
102694.05,2,2,2,24.567362,0,-2,-1,0,-1,0,-25430.547,10703.518,13181.737,4597.578,20410.414,6887.328,6208.8105,561.744,8456.559,1678.7297,2191.7944,1686.9435,0
136815.1,1,2,1,45.04932,-2,-2,-2,0,-1,0,-8312.422,18066.29,14236.683,11889.902,6401.403,2581.4844,2856.4917,588.2528,8248.946,448.05023,2207.8804,5537.2896,0
112953.41,2,2,2,43.56159,0,0,0,0,0,0,-13701.4375,74662.234,48466.555,3481.3708,16749.828,14917.049,-3777.819,2976.2512,6042.9585,-2202.1855,-1174.0477,6405.5605,0
136551.45,1,2,2,44.21283,2,0,0,0,0,0,-21875.602,70152.51,45614.883,-398.8479,10996.327,8511.912,-2942.6736,3363.2795,5512.373,-3746.436,-1239.1766,3370.6155,0
105781.336,1,2,2,27.927511,0,0,0,0,0,0,14594.297,121232.2,62159.695,8598.254,46467.51,15329.523,-587.89484,860.85,7114.8364,-1380.1797,924.64734,4679.93,0
114323.45,1,2,1,45.55344,0,0,0,0,0,0,25303.184,125222.01,58734.57,5243.629,25685.94,18161.002,-2429.8123,2133.8086,10014.117,162.13301,435.2389,4450.52,0
112335.35,2,1,1,45.194817,-2,-2,-2,2,-2,0,-18579.11,17494.295,33094.273,1090.4138,4168.9966,10182.551,-5418.8965,4571.2983,6437.4673,802.2663,2261.3984,-420.5619,0
106769.33,2,2,2,24.381216,0,0,0,0,0,0,-23322.344,8522.963,31517.244,5989.0,15127.179,9483.826,-1288.7137,1994.2426,6641.382,-2852.1997,348.5802,4665.9956,0
114974.13,2,1,1,45.482628,0,0,0,0,0,0,-14712.738,51322.055,50015.715,2926.328,11239.214,14655.266,-4260.1475,3685.9724,5875.09,-1797.0278,-1365.4598,6662.827,0
112478.02,2,2,2,24.297554,0,0,0,0,0,0,-21285.773,52639.43,35050.91,4922.2305,23365.576,13945.43,-2538.2346,2456.692,9878.145,-2678.2988,97.30287,1505.7504,0
107518.516,2,2,1,27.118212,0,0,0,0,0,0,-16217.383,55522.74,35891.266,7187.4336,18456.719,9424.035,-1763.7816,2920.7393,6747.726,-2426.684,242.89589,5373.4375,0
111163.76,2,2,2,24.511425,0,0,0,0,0,0,-19878.734,52990.203,34863.848,5837.34,20399.031,11968.928,-2625.6165,2531.0383,6100.369,1828.2236,63.42299,4233.655,0
102898.516,2,3,1,44.391712,0,0,0,0,0,0,19002.744,121026.97,77863.28,25459.719,31751.338,16007.197,-1015.0931,2646.3726,7670.8135,-200.8809,2233.2231,5443.1533,0
116971.836,2,1,2,45.00383,-2,-2,-2,2,-2,0,-20496.828,28043.566,27399.969,538.6365,5524.731,7280.0684,-1729.9886,3237.8271,5125.1323,-4438.7104,254.27577,5317.715,0
107503.16,2,2,2,25.272987,0,0,0,0,0,0,50530.816,122714.19,84896.14,15758.314,52586.4,28996.99,372.1359,866.00916,7929.11,-551.13336,1321.4801,3490.1875,0
121641.125,2,2,1,40.068687,2,-2,-1,0,-1,0,-17186.719,5103.2324,20290.537,7775.2617,9880.29,6208.674,76.71012,1882.3136,17041.975,-2206.5977,2620.6504,5071.7153,0
117245.24,2,1,2,41.130974,-2,-2,2,2,0,0,4497.1367,13763.334,24972.586,-4136.051,10123.55,10488.957,-3463.1296,2187.6802,7642.7744,-5337.48,-538.6493,4149.9546,0
101874.69,2,2,2,40.81534,2,-2,-2,0,0,0,-28132.625,3366.3923,21292.506,1721.0271,18153.816,11177.963,-3518.9753,2736.2966,14885.066,-3827.5127,112.11635,-1262.0038,0
112367.42,2,1,1,45.45336,0,0,0,0,0,0,-16043.008,19191.21,40949.027,4619.246,1183.1686,7340.1777,-4501.8193,3783.5586,6371.455,-552.89557,-1698.618,6482.9663,0
133817.77,2,1,1,44.249958,2,0,-2,0,0,0,-16107.086,34626.445,38554.824,3408.2732,2619.7817,7548.9785,-3706.822,4960.067,6044.7134,-3977.4316,-1068.8383,-1292.0511,0
115727.0,2,2,1,25.77036,0,0,0,0,0,0,-17981.047,18090.469,33007.086,8210.332,12819.909,8327.295,-1759.3661,2697.6382,6749.4717,-2384.8252,504.27942,5235.1,0
106218.14,1,1,2,30.399181,0,0,0,0,0,0,61206.1,125946.445,88109.28,9707.891,48576.258,26322.979,-874.9632,739.6859,7592.488,-698.4981,1725.1722,4013.4514,0
111264.97,1,2,1,45.459396,0,0,0,0,0,0,-4034.1755,104928.81,50459.18,6575.1406,18277.115,12988.424,-2449.2751,2226.5225,6971.5483,-1175.7812,46.120743,5996.1807,0
102893.48,2,2,1,25.425863,0,0,0,0,0,0,5233.84,113484.83,54553.457,15423.689,53501.367,28559.105,640.8732,1429.4066,9026.227,-357.86383,1580.7003,3411.338,0
127829.9,2,2,1,43.61556,-2,-2,-2,2,-2,0,-17720.633,16584.436,25951.145,5239.008,6314.9575,5202.746,-1868.8114,3711.7844,6091.829,133.71895,807.38684,4764.9395,0
123873.945,2,1,2,38.097874,-2,-2,-2,2,-2,0,-18319.648,14168.572,23564.734,3545.9685,6767.9263,6411.4062,-2760.1365,3341.1367,6262.566,-3460.419,1144.2648,4993.0615,0
148495.77,2,2,1,45.560265,0,0,0,0,0,0,-12754.805,25835.527,49024.812,2864.238,-4808.066,4926.9805,-4067.902,3689.645,5977.1064,-1602.9858,-2935.1858,8769.8,0
135816.95,2,2,1,45.181164,2,-2,-1,0,-1,0,-14353.504,15561.354,21359.145,7644.379,6641.1294,4602.922,-14.081872,2097.9307,10028.591,2027.8013,1536.0201,6099.621,0
103923.414,2,2,1,43.07269,2,-2,-1,0,-1,0,-19700.36,62422.11,24797.701,3613.695,14236.032,11941.176,3534.9377,3062.2498,14453.666,3050.7422,5259.2173,768.9169,0
101905.69,1,3,1,45.223343,2,-2,-1,0,0,0,-17848.188,8728.475,28183.47,4891.0625,31433.271,15529.529,-1042.5785,2299.695,6890.6826,-2515.082,2145.5332,3476.6255,0
106786.195,2,3,1,45.484196,2,-2,-1,0,-1,0,-11317.293,15381.541,21373.69,7777.426,9726.798,5641.5703,-1047.3153,2306.6177,6370.5283,1080.73,2145.5576,4103.031,0
111649.66,2,2,2,43.53258,0,0,0,0,0,0,-19652.18,64344.77,48520.05,3061.5935,20665.61,18150.785,-3872.485,3081.238,6085.0913,-2154.6704,-1196.2919,6082.322,0
92483.56,2,2,1,41.255436,0,0,-2,2,-1,0,41262.92,117849.234,89314.516,36398.465,84415.336,46360.49,14959.234,-1220.0988,8423.083,1545.3872,2279.336,4768.729,0
142410.39,2,1,2,45.375317,-2,-2,-2,2,-2,0,-12122.672,36619.242,30141.574,2945.0857,629.8873,5601.4844,-2108.173,3244.42,5854.793,-3026.7095,500.96887,5241.0054,0
121674.66,2,1,2,28.806753,2,-2,0,0,-1,0,-14037.203,12439.475,16816.705,8856.152,46197.6,20778.734,-187.9559,1529.341,6231.3394,23812.52,2681.2188,4125.91,0
114418.95,1,2,1,37.526577,0,0,0,0,0,0,119629.82,143559.52,121599.22,132023.38,105361.61,91308.29,699.4797,-259.58655,11655.65,3227.5464,3070.7888,2326.2717,0
135809.83,2,2,2,45.475174,2,-2,-2,0,-1,0,-7090.457,11286.756,21723.25,6653.3047,28995.291,21131.414,-3055.7502,1799.1957,6308.1006,17364.646,2956.353,2919.6733,0
143671.97,1,2,1,44.375107,2,-2,-1,0,-1,0,-8989.27,30125.828,20282.064,8416.211,668.5084,9489.213,944.94525,1387.8055,7531.046,385.51044,12892.202,6617.8086,0
110589.72,2,3,1,45.582836,0,0,0,0,0,0,-11437.223,67751.17,51064.652,4508.332,16209.614,14998.607,-3598.7332,3565.3328,6136.516,-1551.0752,-77.04918,5972.759,0
95700.52,1,2,2,30.581097,2,-2,-1,0,-1,0,-20789.938,8218.416,13715.757,5268.129,13775.513,5081.25,62.04313,2396.3027,6454.927,-2535.7148,2163.0527,3069.032,0
143511.89,1,1,1,45.57762,0,0,0,0,0,0,-15601.008,8984.592,37505.203,4810.0664,798.3092,6227.383,-5046.131,2472.7402,5941.602,-2785.6162,-468.40027,6888.5957,0
111748.39,1,3,2,45.5663,0,0,0,0,0,0,17937.13,118766.26,51299.36,3939.4216,23429.727,16063.23,-3054.0315,1724.2167,6467.2344,-1198.1123,985.8519,5157.8687,0
116950.83,2,1,2,28.876106,2,-2,-2,0,0,0,-27181.484,5901.1973,22980.52,-24.183832,11925.669,9628.996,-3429.8289,2755.3503,7136.992,-5235.061,1038.6215,-3390.3882,0
136361.27,2,2,1,45.158062,0,0,0,0,0,0,155567.12,162763.14,130788.45,159069.66,102348.664,95981.82,-1508.557,157.33873,11805.394,3543.286,3012.2024,2920.4058,0
107637.914,1,2,2,28.156868,0,0,0,0,0,0,29382.781,122297.89,62507.703,11325.373,59135.62,31013.055,-238.02573,666.6117,7905.1763,-123.44292,1210.2479,3418.4521,0
144278.73,1,1,2,34.84119,-2,-2,-2,2,-2,0,-10349.512,22080.895,20673.633,5216.9297,3227.7896,5991.578,-3305.9236,2431.879,6533.466,-643.7701,3548.1548,5777.81,0
108853.29,2,3,1,45.731716,0,0,0,0,0,0,-6584.293,94197.59,56412.902,6075.2266,21290.566,17077.812,-2757.2488,3180.6287,6425.4688,-503.60846,1551.784,4423.4385,0
105530.56,2,2,1,43.56406,-2,-2,-2,2,-2,0,-22742.258,18030.363,28516.604,2154.6873,5654.3677,6256.8516,-2321.155,4347.049,6477.2764,-3061.209,-162.12096,504.53015,0
118237.805,2,1,1,30.840918,-2,-2,0,0,-2,0,-16583.21,13665.416,19965.814,6006.125,12112.983,6032.4727,-1412.371,3557.9058,6765.957,-3824.81,1938.4559,4137.8945,0
123515.086,2,2,1,45.0262,2,-2,-2,0,0,0,-24068.055,3594.2712,33329.582,1383.824,12641.409,9800.42,-2481.0222,2658.8174,17045.344,-4307.056,1734.4161,3279.8508,0
116812.59,1,3,1,42.515972,0,0,0,2,-2,0,122290.25,151123.22,32300.113,4917.879,4229.4185,5735.6836,-2908.1594,2632.4756,5496.332,-3443.4116,890.77405,5735.998,0
105672.664,1,2,2,24.661518,0,0,0,0,0,0,-17951.406,64513.836,33390.547,4906.16,33324.254,18046.762,-1466.3553,1613.6874,7329.613,-1608.689,475.5504,3370.4944,0
96943.96,1,1,2,25.29329,0,0,0,0,0,0,35737.855,121896.62,71740.09,19569.45,58524.523,23134.646,1263.5077,398.87244,17575.611,-1098.9092,3067.4116,2920.2542,0
123151.164,2,2,1,25.798094,0,0,0,0,0,0,-16762.438,12673.432,32520.938,8778.59,9569.425,5480.867,-1758.2816,2591.5876,6579.39,-2666.856,652.28235,5686.5215,0
109219.2,1,1,1,45.517654,0,0,0,0,0,0,5591.4023,114993.23,67094.22,16491.46,37931.73,17707.824,-2195.53,2239.2654,7991.2915,355.6989,1353.3693,4515.6206,0
115107.27,1,1,1,45.75041,0,0,0,0,0,0,36424.117,124386.4,91151.51,36652.645,70196.516,41659.938,-1776.0038,1443.1334,7925.562,1113.0833,1717.9789,4468.692,0
120127.76,2,2,2,35.0348,2,-2,-2,0,-2,0,-25823.984,4956.26,24255.934,1139.3865,7512.78,9166.951,-3997.743,3219.844,5400.986,-4748.8325,1852.8683,-4043.1475,0
111884.65,2,3,2,45.60994,0,0,0,0,0,0,11119.695,124068.89,44500.195,4821.0938,15441.61,13519.379,-3496.987,2186.0603,6226.9243,-1746.0088,484.71228,5745.743,0
113522.12,1,1,2,44.087643,0,0,0,0,0,0,88314.47,131251.28,110941.82,88214.945,30281.383,18890.525,-879.7796,893.0624,9746.871,-1075.5,2152.1448,5083.906,0
107191.766,1,2,2,37.53536,0,0,0,0,0,0,19398.506,112575.41,49825.93,5983.5977,13324.606,5379.7305,-998.5184,1145.5651,7337.438,-2359.273,904.81433,5533.743,0
116084.14,1,1,2,29.550735,0,0,0,2,0,0,-32539.555,31293.566,33931.227,-3669.7854,26330.326,21809.674,-3725.0583,2134.9019,5146.572,-1451.7603,782.09314,538.93396,0
122400.805,2,2,1,41.641113,2,-2,0,0,0,0,-23307.453,19161.264,29300.922,3859.8435,13186.907,8331.844,-173.68002,3415.1316,7063.1147,-1583.1206,445.68176,4648.1367,0
143342.55,2,3,1,45.664204,-2,-2,-2,2,-2,0,-5856.7227,26628.14,25861.488,7191.203,3533.4653,4336.4414,-2263.3328,3131.9626,5944.878,1406.821,1506.3527,6033.831,0
102410.14,1,2,2,26.232428,0,0,0,0,0,2,4969.867,92733.625,34718.023,9047.488,54625.07,23409.299,2699.3596,-514.71985,8168.9385,1264.1531,2495.835,2789.3586,0
111306.14,1,2,2,41.532887,0,0,0,0,0,0,-3556.531,86856.555,37223.945,4634.328,17340.014,14010.074,-3366.3093,2094.0583,6376.3213,-1724.7031,-336.80896,5935.1743,0
105703.086,2,2,1,29.738573,0,0,0,0,0,0,15687.02,118948.16,67840.37,17569.969,52836.684,29316.305,47.00602,1672.8065,8030.0537,75.36055,1251.4459,4352.893,0
115264.44,2,2,1,43.976383,2,-2,-1,0,0,0,-16759.758,20971.336,29599.92,4011.988,9998.897,5520.258,2406.1538,2728.806,6035.681,-3403.3096,1311.3058,3538.9207,0
118334.52,1,2,1,45.55058,0,0,0,0,0,0,65915.81,128602.164,110345.734,76175.6,91646.695,73059.27,-1234.2367,333.7572,8825.484,2784.5715,7344.9688,6368.3037,0
131021.56,2,2,1,42.14911,0,0,0,0,0,0,151922.23,160895.3,129744.91,164425.3,105731.734,103837.484,-732.1678,-240.52602,12097.163,3561.5942,3372.1199,1870.8158,0
145947.19,1,1,2,40.950382,2,0,0,0,0,0,193215.61,203084.4,133105.89,201598.84,123062.586,113223.555,21332.877,-4034.3118,12484.544,29782.938,39599.0,-5100.8467,0
103274.2,2,2,2,24.283379,2,0,0,0,0,0,-16514.719,90616.35,33333.082,5545.332,19811.955,7715.3086,1939.8925,1697.88,8948.953,-4403.516,422.25745,3118.712,0
104121.02,1,1,2,24.88604,0,0,0,0,0,0,-9464.266,69766.7,34648.59,5543.492,27141.447,14240.473,-2185.489,1812.9496,6735.6777,-2358.787,1156.8109,4108.3096,0
108554.91,1,2,2,41.04933,0,0,0,0,0,0,72831.22,129560.09,109256.266,81107.2,57559.48,31830.174,-300.60532,632.02625,9719.493,137.09517,1340.8448,4414.3555,0
107965.08,1,3,1,43.819725,0,0,0,0,0,0,15067.699,125243.87,73305.91,14644.475,44795.49,29049.932,-2564.4465,3117.1204,7994.925,239.30537,1605.516,-21040.105,0
148544.22,1,1,1,45.567215,2,-2,-1,0,0,0,-7407.301,30044.385,24657.754,5744.496,3376.4497,4915.5977,-2067.3132,1974.9176,7857.458,651.7851,1868.1876,2983.4272,0
109590.99,1,2,1,44.881626,0,0,0,0,0,0,73255.266,129550.94,112041.24,83175.484,89359.81,26973.506,-1357.2372,1762.9579,9039.27,2492.0918,739.1134,5793.63,0
108941.85,2,2,1,45.18375,0,0,0,0,0,0,-4670.504,111280.81,61878.9,9084.07,39767.4,24969.652,-1926.0438,2550.386,7078.725,-462.5113,4.4557033,5271.405,0
141279.6,2,1,2,33.23954,2,-2,-1,0,-1,0,-6357.2617,19242.537,17032.178,9103.629,13160.335,6443.9316,-2736.761,1382.0404,7846.252,8048.2354,4060.738,6427.761,0
114736.945,2,2,3,39.90398,0,0,0,0,0,0,-178.36313,53419.586,50062.156,1825.6833,7545.9165,14642.088,-5185.298,3906.1238,5878.4966,-2352.6484,-1507.4613,6494.1934,0
149465.7,1,2,1,42.526394,-2,-2,-2,2,-2,0,-8612.734,27745.896,21585.438,8073.2656,2691.5786,4196.461,-2315.3953,2529.8186,7205.706,3976.2583,3018.2942,6057.8276,0
111778.37,1,3,2,45.26,2,-2,-2,0,-1,0,-19475.695,12649.486,22436.033,2308.1482,9707.194,7785.3184,-1582.8895,1923.0443,7934.6963,1069.2722,3006.6514,2082.5076,0
108055.71,1,2,2,27.844646,0,0,0,0,0,0,-14079.934,77196.38,37052.48,5052.0703,28020.719,6245.797,131.26187,1657.3983,6554.0825,-2107.957,319.50452,5092.133,0
114210.914,2,3,2,45.393997,0,0,0,0,0,0,-16642.516,63855.562,49772.945,1736.3279,18456.592,18256.498,-4625.5703,3236.9094,5826.815,-2140.3809,-450.25574,6143.988,0
105124.68,1,2,2,25.859407,0,-2,-2,2,0,0,29264.297,1818.8612,20251.94,3083.7615,16344.819,8535.191,-2271.924,717.8627,5813.998,-3394.664,1065.1005,4049.7754,0
113106.266,1,1,2,37.500504,0,0,0,0,0,0,-22881.086,18637.914,29131.418,2150.238,4246.559,19602.475,-4896.6016,1670.8226,5881.6797,-4077.3892,12914.522,4583.9956,0
100519.55,1,1,2,28.97136,2,-2,-2,0,-1,0,-20232.898,6611.881,13086.257,5937.883,24890.854,15027.355,-1429.7421,1481.7384,9175.907,4844.3423,5866.7275,594.4857,0
94013.125,1,3,2,24.808313,0,0,0,0,0,0,19457.143,118298.46,26276.246,11011.059,21159.5,7862.076,744.5285,515.8202,6646.51,-2171.0913,2995.5054,3438.121,0
138149.52,1,3,2,45.42913,2,-2,-1,0,-1,0,-11083.59,10746.643,21376.568,4970.668,4135.77,5700.9883,-2626.7522,1205.5841,7270.825,637.84686,2072.7292,5481.259,0
103251.82,1,1,2,26.377832,0,0,0,0,0,0,-21880.727,20030.945,30851.908,4529.4375,18519.967,7014.0625,-2661.5808,2139.7346,6915.804,-1272.8813,546.1576,4995.553,0
116197.38,1,1,1,45.482193,0,0,0,0,0,0,35352.848,109788.83,35556.41,18852.62,54389.074,29929.732,-2644.4954,2319.793,33400.42,-1419.2432,3338.2231,2869.6646,0
109868.56,1,1,1,45.50727,0,0,0,0,0,0,-2023.4803,105795.055,59139.074,9533.449,42765.414,26169.871,-2611.9167,2212.4673,7160.9146,-54.779835,955.16174,4781.8086,0
145495.55,2,1,1,26.649557,0,0,-2,0,-1,0,201128.5,20746.002,33794.902,12925.17,-3665.9019,3264.9922,-2850.8416,1253.9149,8099.3535,2095.7026,-146.94908,6917.9233,0
114401.03,2,3,2,45.39111,0,0,0,0,0,0,-19921.594,17746.1,37184.836,2287.8162,5049.239,11157.666,-4857.7305,3388.044,6167.844,-1046.8105,-87.29283,4997.4497,0
116459.47,1,1,2,38.44114,0,0,0,0,2,0,81432.03,133340.98,114932.81,109679.48,103134.74,82674.82,-754.53595,-91.37708,17906.096,-3413.5757,3416.4429,95.906845,0
106532.37,1,2,2,24.91685,0,0,0,0,0,0,42031.684,122175.445,76200.45,12711.928,66119.836,34083.55,898.3444,163.68053,8065.8604,499.21967,1956.6764,3005.8132,0
123667.87,2,2,1,44.24165,0,0,0,0,0,0,132396.0,149564.12,125086.72,119014.984,77505.06,50208.32,-676.63947,1026.3414,9788.004,1717.9104,1303.0831,5008.3633,0
108951.375,2,3,1,45.811794,0,0,0,0,0,0,14744.3125,123157.664,66497.06,7662.8555,24459.604,18210.72,-1342.8104,2646.4448,7745.18,991.30096,1478.8344,4327.9824,0
106849.086,2,2,2,24.405903,0,0,0,0,0,0,-22965.07,4108.9316,31621.643,6222.4883,14549.075,9367.76,-2375.0032,2056.217,6677.933,-1671.605,424.3114,4748.208,0
134716.02,1,2,2,30.846775,2,-2,-2,2,-2,0,-25120.79,27835.936,20694.271,742.1404,8564.86,7502.6406,-485.05405,2527.018,5236.9556,-4848.3394,895.01746,4903.2817,0
109451.47,2,2,1,41.50571,0,0,0,0,0,0,-19385.164,46900.477,46841.656,4705.8984,21651.674,17012.621,-2783.3665,3384.539,6580.963,-1771.0176,-644.98914,5421.2666,0
111330.01,2,2,3,42.817112,0,0,0,0,0,0,74671.805,130821.21,107025.27,4983.2344,20880.04,18573.836,-2887.6458,2485.7915,6693.1675,-1321.4448,-286.26257,6213.709,0
93608.0,2,2,1,26.291826,-2,-2,-2,2,-2,0,-25697.672,11835.553,16437.295,5349.699,18891.938,6270.256,5954.1333,2605.4211,7333.7217,-1180.418,1104.3822,3305.7883,0
103436.22,2,2,2,26.574566,0,0,0,0,-1,0,24425.744,122033.414,66694.44,11282.055,10547.044,5221.117,636.738,429.65222,9370.778,-528.17487,1316.4073,4949.605,0
106503.49,2,2,2,24.874401,0,0,0,0,0,0,50513.156,122191.27,92226.55,42408.984,64551.082,36072.67,843.83026,525.3583,8653.074,-146.88872,1923.1085,3257.8108,0
105087.01,2,2,2,27.646494,2,-2,-1,0,-1,0,-31249.04,10010.432,16086.505,-620.93774,19080.924,8942.154,1831.9069,2354.6282,9567.862,1420.4714,575.9276,-1559.0331,0
107684.25,1,2,1,44.952633,0,0,0,0,0,0,4532.586,121590.57,47186.11,4005.9333,15962.007,8250.365,26035.283,769.72156,7548.3423,-1902.2656,979.23206,4899.4526,0
113360.31,1,2,2,24.007284,0,0,0,0,0,0,10942.559,120748.625,44547.08,3870.3787,40521.754,19465.377,645.92694,-67.9889,7075.8096,-2143.6172,24585.045,3620.3032,0
103858.72,1,1,2,26.201998,0,0,0,2,-2,0,-23348.875,41457.76,27352.336,-337.17212,6368.1177,8378.566,-3172.2356,3556.1064,4875.943,-5150.3716,-138.3568,2447.7085,0
113418.11,2,2,2,45.555393,0,0,0,0,0,0,6798.91,124958.49,78004.9,15873.258,45251.16,28330.383,-3275.6501,2206.746,7396.075,51.40913,-965.0414,5590.7363,0
107351.24,2,2,1,43.54897,0,0,0,0,0,0,-2608.7341,120305.41,70628.64,8530.426,31490.957,17359.695,1069.0619,1970.6295,7689.6616,-577.8482,559.38196,5131.6865,0
107460.195,1,2,1,42.801285,0,0,0,2,-2,0,11678.355,107720.16,33716.15,5748.215,2505.7935,5050.3555,-3566.5896,3315.3452,5408.7637,-3240.019,-500.59705,6328.3325,0
110925.18,1,2,2,24.66939,0,0,0,0,0,0,-23561.406,9768.529,30655.977,5801.0273,15158.37,8343.623,-1687.0663,1655.2836,7467.761,-3490.1968,501.06677,4903.126,0
104785.11,2,3,2,38.092472,0,0,0,0,0,0,15591.844,121650.61,59927.797,8291.656,39565.79,23674.193,-1919.664,1898.7357,7363.0728,-659.43463,1684.712,4024.1685,0
105591.89,1,1,2,33.320225,2,0,0,0,0,0,-109.656105,109830.44,55159.95,8423.043,53916.188,32234.992,-1817.5668,2057.3354,8131.8237,-189.40776,1903.8441,2490.614,0
145960.67,1,1,2,43.33093,0,0,0,0,0,0,198776.19,204770.31,140173.56,231760.8,124146.33,114418.31,539.33563,-4201.5127,16075.713,18786.693,15760.47,-2012.4696,0
113208.67,1,1,2,32.818,2,-2,-1,0,-1,0,-11129.953,15534.662,14213.462,6279.75,12211.798,5988.449,1519.545,1678.9923,10867.608,-3439.4814,2672.4858,3495.1677,0
111834.26,2,1,1,45.79619,0,0,0,0,0,0,5927.9336,121082.836,79891.21,22033.623,66713.7,12135.389,-3454.7185,3021.8447,7190.7446,762.7741,18.910782,6575.3584,0
110171.83,2,3,1,45.888966,0,0,0,0,0,0,14493.789,122667.32,72824.48,22108.666,48817.406,30017.908,-2296.7566,2560.825,8357.679,323.98114,1518.2606,4333.524,0
106657.47,1,2,2,24.568878,0,0,0,0,0,0,-22300.578,34481.805,31943.596,4870.75,26135.154,15015.1,-2349.839,1766.1481,6637.7837,185.95674,395.28162,4740.476,0
104938.836,1,2,2,30.513329,0,0,0,0,0,0,8488.449,117579.734,55739.324,9256.801,55940.703,29676.34,-339.83823,717.22644,7956.4946,-181.49223,1112.2072,3425.7246,0
121047.336,1,1,1,45.940792,2,-2,-2,0,-1,0,-5930.2656,25686.525,13200.823,7865.5234,86405.88,4762.3477,-625.8807,899.89734,9640.921,33255.145,3073.174,3314.263,0
110989.75,2,2,1,45.494408,0,0,0,0,0,0,56014.45,129021.305,60342.023,5777.582,25304.863,19020.992,-2801.535,2575.937,6613.1445,3065.993,-693.85925,6531.8823,0
142721.5,1,2,2,45.04549,0,0,0,0,0,0,166670.3,171878.48,132891.2,169138.03,107651.59,104857.17,-2743.4001,-1320.2238,12531.021,3028.8774,3338.8318,183.58995,0
114223.06,1,2,2,40.968987,2,-2,-2,0,0,0,-25100.766,10242.064,13524.671,1155.0037,28455.918,13788.746,1179.8817,1347.6,17256.34,-2846.768,1883.0597,-832.0585,0
124213.36,1,1,2,29.476065,2,-2,-2,0,0,0,-24168.078,2209.6501,12582.022,4424.7305,27266.344,9520.895,-1368.9515,1169.9369,21538.605,-5044.5444,3078.2463,1805.0646,0
138301.12,2,2,1,41.821262,0,0,0,0,-1,0,149922.69,149752.4,132657.56,18350.133,27995.84,15404.244,1693.3153,539.2943,8797.532,11624.85,2397.1067,6670.9067,0
106585.54,1,2,1,36.60888,0,0,0,0,0,0,-19004.156,51167.34,33991.207,6235.832,10678.587,8006.174,-738.9217,2597.8496,10164.714,-1915.2056,164.027,5427.388,0
142385.3,2,3,1,45.5075,-2,-2,-2,2,-2,0,-8387.082,21069.877,27705.982,5659.2773,3259.0435,5232.2773,-2835.6145,3533.8901,5994.2603,-1013.6539,1806.3702,4572.466,0
155145.9,1,1,2,43.52403,0,0,0,0,-1,0,-5368.629,53929.652,35959.29,1115.742,-5537.8706,5316.3555,-3370.866,3238.8633,6247.848,1982.2676,1104.066,6834.4883,0
138914.95,2,1,1,40.150284,2,-2,-2,0,0,0,-16937.79,12091.912,26270.32,4661.0195,5861.5083,6594.5586,-3082.7722,2971.257,9656.752,-3826.977,2381.0354,1740.2115,0
148609.64,2,2,1,45.549263,0,0,0,0,0,0,171334.3,175444.17,134410.22,192990.19,111680.234,111083.61,-2067.3748,-739.2838,14471.769,3888.0403,3793.9443,751.7479,0
103868.67,2,1,2,26.435001,0,0,2,0,0,0,50895.293,121671.734,88777.83,32241.596,75915.01,47132.6,1527.3536,606.23865,8831.901,-401.71783,2853.98,1635.7401,0
106413.76,1,2,2,32.597874,0,0,0,0,0,0,11114.902,118821.18,33245.793,7756.047,27109.953,13276.43,-1053.7094,828.8895,7291.135,-2249.6543,606.59875,5166.0747,0
125520.18,2,1,1,45.332798,2,-2,-1,0,0,0,8488.098,11826.799,45073.117,4887.965,2338.0474,6386.5996,-3016.9602,2859.1436,5660.1025,-2970.8667,861.96277,6709.308,0
115900.72,1,2,2,36.685276,2,-2,-2,0,-1,0,-21899.664,14145.322,16341.714,4650.1836,11642.442,6200.9863,2992.2266,1035.2943,7530.0674,-1111.374,1562.5612,3985.6704,0
140671.83,2,1,2,32.051353,-2,-2,-2,2,-2,0,-11558.059,20018.215,22071.6,5773.5195,4025.4458,5539.0703,-3147.818,3039.1235,5934.7793,-1559.0552,1804.1283,5000.785,0
106718.35,1,2,2,26.403912,0,0,0,0,0,0,76041.9,120833.76,58391.223,10046.691,56391.14,30656.412,382.51334,632.5228,7849.7803,-204.72124,1148.0402,3411.6445,0
136857.62,2,2,1,43.320286,0,0,0,0,0,0,152764.1,160039.89,129485.61,121960.34,19929.996,21529.178,1181.2958,757.077,12125.21,6152.189,7165.6406,6391.058,0
103654.16,2,2,1,44.71553,2,-2,-1,0,-1,0,-20670.133,27120.438,21708.281,5127.3945,10194.731,5713.289,4672.525,2156.3765,7909.567,-2034.6641,771.75354,5179.759,0
100543.414,1,2,2,29.035694,0,-2,0,0,-1,0,-22125.672,389.28693,12331.647,7350.922,18244.8,5387.09,2717.363,548.59705,10074.935,-2067.8008,2180.9058,3927.273,0
106146.914,2,3,1,45.157642,2,-2,-1,0,-1,0,-18999.133,13872.068,25444.627,3552.777,7277.844,5616.7383,-3270.5603,3778.259,11751.826,357.216,1163.6112,-22567.502,0
128704.875,2,1,2,28.93595,2,-2,-2,2,-2,0,-16531.797,30411.43,21688.52,2306.9646,8953.448,7950.881,-1395.6825,3604.5676,5202.2563,-5486.471,1671.5087,4548.526,0
115276.25,2,1,2,41.257584,-2,-2,-1,0,0,0,-15386.32,9419.971,22525.297,5916.0625,7544.1353,6054.9336,-1564.6117,2460.8628,6818.762,15.120557,1689.4874,4660.3447,0
130352.41,2,2,2,40.820095,-2,-2,-2,2,-2,0,-19768.305,12185.666,25192.889,3979.824,3845.0513,3940.168,-2284.219,3114.8875,5571.555,-3458.995,485.00598,5518.065,0
102572.89,1,3,2,30.743067,0,0,0,0,0,0,17979.604,119356.72,58776.008,16353.678,58037.84,31033.158,-380.45688,1107.5826,7762.3164,2.4691896,2707.2627,3057.291,0
108958.68,1,3,1,44.208675,0,0,0,0,0,0,-14573.875,37862.824,33292.16,5539.8945,8649.044,9535.844,-2795.6853,3215.5605,6076.8306,-824.83307,1993.4127,5420.36,0
141021.75,2,1,1,43.252182,0,0,0,0,0,0,158704.31,167616.98,131375.44,151705.03,103653.83,101300.44,-3886.3328,1414.4747,12505.297,2221.9722,1448.8453,-26128.387,0
107756.125,2,2,1,42.15585,0,0,0,0,0,0,67387.19,125246.98,105059.68,36244.77,61522.65,37188.832,-748.8641,1781.3224,8349.022,665.9975,833.01526,4901.1494,0
130595.71,2,2,2,32.40714,-2,-2,-2,2,-2,0,-20418.078,7713.209,23670.11,4331.8047,7238.485,5653.633,-2612.819,3009.372,5702.2407,-3428.3066,744.2294,3950.8447,0
106426.36,1,2,2,25.333158,0,0,0,0,0,0,66089.73,126023.94,99482.81,7326.6797,37885.375,18227.703,1159.0914,282.43054,7656.8516,-723.9312,1535.3475,4025.9197,0
119512.02,2,1,1,43.6385,0,0,0,0,0,0,125840.22,146165.75,123782.734,100545.73,92371.49,65086.414,-1259.412,952.18396,9178.683,5279.2964,2557.8186,4224.127,0
112917.28,2,3,1,45.617382,0,0,0,0,0,0,-9957.789,94687.89,56336.312,6116.547,26254.47,19348.787,-2180.8518,2969.334,6405.0747,-1108.0142,306.4198,5369.586,0
103751.375,2,2,2,24.532097,0,0,0,0,0,0,12413.492,111677.63,48570.406,9540.809,27365.625,13163.018,432.6642,1019.48914,6874.6235,-1976.0464,1266.7501,4410.802,0
96204.36,1,3,2,25.182077,0,0,0,0,0,0,40439.152,121590.484,74710.84,9578.6875,36744.01,17179.807,1779.8151,590.6791,7428.0166,-602.43805,3340.8647,2849.363,0
111793.375,2,3,1,45.65847,0,0,0,0,0,0,-9519.8125,83281.21,57124.367,6248.2617,22002.414,18606.658,-3594.8416,3295.7734,6814.9497,-1092.4028,442.4391,5897.826,0
106542.47,2,3,1,46.07106,0,0,0,0,0,0,85544.375,130803.9,112349.17,83292.65,18851.48,13031.879,-554.8284,2311.2202,9458.887,3794.0718,2593.0767,5486.9146,0
100298.68,2,3,1,44.19173,0,0,-1,0,-1,0,-4533.6562,21821.914,21972.426,13909.752,4689.641,3266.4648,-1012.75275,2105.9128,10346.611,-966.52594,2236.0637,6328.143,0
109014.734,1,3,2,45.315006,0,0,0,0,0,0,-19806.203,31835.125,34624.348,7846.961,27734.469,15036.102,-4182.709,2480.0488,21077.447,-3037.1655,896.51843,3943.9587,0
145542.56,2,1,1,45.812298,0,0,-1,0,0,0,23456.031,115322.36,82949.18,39981.1,3394.856,3340.2422,1160.0463,1307.3947,10133.899,15.646436,2284.9246,7181.8647,0
137190.25,2,2,2,44.535694,2,-2,-1,0,-1,0,-15863.664,19946.244,21462.408,5573.742,3603.2349,5071.2227,-279.46616,1755.7999,6937.4873,-737.12164,1053.2015,5777.5737,0
104778.695,1,1,2,29.69668,-2,-2,-2,2,-2,0,-23887.625,6844.709,18941.523,2412.2927,15235.565,8313.871,-1921.7142,2747.4758,9353.395,-4173.1313,2124.9973,2675.0403,0
106688.805,2,2,2,36.85451,1,-2,-2,0,-1,0,-25609.406,11665.002,27999.803,2018.488,5228.637,7052.326,-2770.4797,3171.2632,11569.965,-2753.3877,-71.51402,-23760.178,0
104941.625,2,2,2,24.53033,0,0,0,0,0,0,15176.93,121425.8,43585.695,9604.453,26201.254,12483.389,-482.71616,1058.1564,6867.122,971.3332,1135.841,4866.943,0
93656.64,1,1,2,31.227808,2,-2,-2,0,0,0,-15350.258,-2287.5295,2385.862,101660.516,115518.73,76291.22,395.89127,1312.1947,37618.992,-2121.706,4195.621,-4502.0283,0
125699.836,1,2,2,45.55553,0,0,0,0,0,0,127964.96,149495.34,127443.28,134446.72,105072.875,92267.66,-2911.6067,-535.2457,9976.545,2618.1577,1179.3336,3088.9111,0
135935.42,1,2,2,33.24636,0,0,0,0,0,0,6323.8945,99223.65,124637.27,138078.27,107980.69,94884.44,832.27313,-5179.5205,12672.012,3485.2524,6901.1196,385.4718,1
144451.98,2,2,1,42.957397,0,-2,-2,0,-1,0,109311.38,69747.59,25567.979,4940.0938,12858.042,6306.6035,15031.836,1609.7274,23845.232,8329.7295,5723.5425,-20207.629,1
138660.62,2,1,1,41.590176,0,-2,-2,0,-1,0,88816.53,120234.11,28281.324,6615.922,31020.008,18384.516,41336.355,1200.5406,19988.412,18755.145,19144.736,-31653.352,1
136579.72,2,1,1,44.839687,-2,-2,0,0,-1,0,120968.414,79119.99,115408.77,64928.746,12640.983,16981.154,32197.818,-3762.889,29180.725,3701.6785,20144.094,-10074.272,1
134985.1,2,2,2,26.338333,0,-2,0,0,-1,0,6668.0664,111355.42,89766.17,55882.742,28824.451,12690.275,37050.47,415.5155,18167.572,10960.786,16763.705,-18738.066,1
75895.09,1,1,1,46.852345,-2,-2,-2,-2,-1,0,122617.0,9633.525,-52682.027,5880.1836,144988.05,109467.89,-6342.451,-4400.6885,17899.363,79338.984,10575.6045,-8089.754,1
131341.28,2,2,2,43.746967,0,-2,-1,0,0,0,-14143.184,71803.92,23726.012,6458.336,16182.257,6221.9336,20756.297,608.26843,22813.92,-2571.4512,3928.7651,2242.1125,1
139802.34,1,1,1,45.245342,-2,-2,-2,2,-2,0,-7692.6367,89110.734,45370.207,-140.07446,11846.688,20805.46,23690.78,2366.9177,22727.145,2732.5916,19424.229,-23710.88,1
144150.3,2,1,2,34.848976,0,0,0,0,-1,0,5870.8164,121714.34,47164.418,11106.559,6471.817,8067.2383,18208.008,854.7738,12045.856,5650.114,4221.8394,2917.1938,1
142044.86,1,1,2,44.062836,-2,-2,-2,2,-2,0,28710.59,123773.16,24525.383,1201.492,26192.332,15543.787,41510.406,1489.5292,20961.861,9384.439,17360.438,-20453.725,1
139024.02,2,1,1,41.58641,0,-2,0,0,0,0,1622.2697,71851.21,18259.035,13260.223,89155.87,6318.0957,17264.967,324.04382,11632.121,32687.902,4941.113,2310.4216,1
147769.25,2,2,1,42.58646,0,0,0,0,0,0,-13603.91,101917.26,69427.98,9337.254,33647.91,31065.303,-303.0604,3334.549,7676.925,2755.9873,3486.85,-21894.814,1
145117.97,2,1,2,34.838894,0,0,-2,0,-1,0,12829.02,21212.732,13714.331,11156.1,22852.766,97478.0,864.54315,-471.0348,22052.293,2257.5942,59964.79,-6553.3535,1
149606.64,2,1,2,34.340137,0,0,0,0,0,0,169852.45,175808.66,135813.31,209182.62,119353.04,121155.78,-2346.8342,-1312.6031,18549.367,4108.752,19391.926,-15225.03,1
117215.64,2,1,2,44.127945,0,-2,0,0,0,0,-7329.672,10258.463,27646.543,142616.33,118954.69,91550.46,2188.0986,787.786,41668.48,1790.8687,26397.613,-11753.268,1
148974.48,1,1,1,46.95974,0,0,0,0,0,0,27034.04,72245.02,68752.33,163576.33,119829.06,27170.473,-2776.2156,3571.8843,42760.28,5134.19,4713.799,4495.3965,1
136620.62,2,3,2,28.627209,-2,-2,-1,0,0,0,-4304.129,-5146.623,115985.625,124193.375,107753.74,83833.984,1449.3136,-6289.6416,11887.724,3587.1572,10234.447,1807.3217,1
98190.44,2,3,1,41.81677,0,-2,-1,0,-1,0,83479.01,11186.693,8819.304,17013.562,89565.52,57116.656,451.24185,-857.7501,22267.834,34982.016,6125.8184,2509.137,1
147310.94,2,2,2,35.337948,0,0,0,0,0,0,144469.73,154477.64,128774.57,144169.78,100122.1,94328.61,-1799.5956,907.9442,11589.612,3613.4355,2146.946,3751.5024,1
150467.02,2,1,2,26.616264,0,-2,0,0,0,0,-7109.9336,71402.12,29366.92,4580.09,26826.238,17839.432,16588.053,893.9022,7972.8994,907.269,4422.785,2491.461,1
116906.58,2,1,2,30.990067,2,-2,-1,0,-1,0,-3138.1794,46346.61,51378.203,12740.781,23145.516,6440.0645,16358.431,-1124.1149,23806.611,-3513.9082,4101.8936,2737.1204,1
150120.75,2,1,2,34.15041,0,0,0,0,0,0,-13693.512,59970.727,45192.19,147.82397,146.66077,13846.256,-3830.1316,3961.8855,9673.37,-2865.9673,4765.969,-3909.005,1
136502.6,2,2,2,28.34482,0,0,0,0,0,0,-7938.0312,94482.54,52405.445,6626.797,24029.865,14089.805,-2253.6873,3049.2483,11640.788,2693.4932,179.3185,-413.29333,1
140844.8,2,1,2,38.60617,-2,-2,-2,2,-2,0,-2359.574,32847.47,91853.78,7554.082,2847.856,4634.1055,-892.805,190.5189,14407.926,801.84784,2263.905,1949.5985,1
121722.2,1,2,1,40.726254,-2,-2,-1,0,-1,0,-15134.953,-4354.1855,117012.54,10066.191,14581.538,8779.334,-810.3997,-3698.177,19608.238,7381.41,13194.591,-19435.324,1
118014.59,2,2,1,34.35993,-2,-2,-2,2,-2,0,-22248.125,30387.912,24433.207,2879.9685,9566.019,8434.502,66.18131,3741.6028,8521.574,2046.198,2719.0645,20.350208,1
143015.64,2,2,1,45.37968,-2,-2,-2,2,-2,0,-11699.465,48333.1,33962.457,6455.1523,3173.6333,10183.912,2059.199,3657.4714,5876.956,-1813.814,10286.739,4487.625,1
116469.87,2,2,1,28.46911,0,0,0,0,0,0,58742.156,129643.875,60320.633,5307.586,18646.865,20159.72,8912.559,1362.8942,22137.758,-827.1988,11793.424,-3963.8691,1
150544.9,1,3,1,45.83449,0,-2,-1,0,-1,0,13655.598,29657.871,18537.355,8217.137,329.60608,2716.3945,-1770.3456,215.7147,24637.059,4315.396,2325.025,-17402.309,1
131151.81,2,1,1,44.76379,0,0,-1,0,-1,0,1317.4454,112665.234,26224.06,14202.59,5370.024,4724.6484,-330.9857,1215.4071,10611.819,5961.097,3903.7488,3850.7356,1
150114.84,1,2,1,45.354614,0,0,0,0,0,0,122808.555,129409.93,97317.76,28464.945,51398.355,32616.652,1087.7821,2282.836,18008.834,-1756.7012,11630.301,-37882.938,1
139696.7,1,3,2,42.99659,0,0,0,0,0,0,-3162.4255,11657.963,125208.7,135681.8,107607.41,92532.73,-3247.4138,-7165.175,11194.054,3143.175,5003.3794,2651.0618,1
114866.72,1,2,1,44.72396,1,-2,0,0,0,0,120547.88,177117.31,98415.22,176293.83,120233.86,110600.66,39608.71,-3817.5745,12344.894,4254.776,11941.201,-6825.1533,1
133776.39,2,2,2,40.963303,2,-2,-2,0,-1,0,-15861.523,38388.492,22995.02,7026.715,11656.476,11495.52,6232.7783,1817.6979,13613.485,16196.657,7319.033,1488.465,1
140274.11,2,2,2,42.91671,-2,-2,-2,2,-2,0,-11196.465,93975.16,31312.738,2840.2966,3467.766,5067.125,-2382.2766,3614.5718,19395.938,-3237.5063,159.8478,-20964.982,1
128886.41,2,2,2,34.439926,0,0,0,0,-1,0,-15304.648,40504.24,34708.992,5733.1914,-1219.1713,5056.707,-2197.0647,3834.458,12821.063,2864.8335,-1974.1835,-13584.589,1
133955.36,2,2,2,26.39327,0,-2,-1,0,0,0,-14068.93,19334.691,21180.814,9127.555,16943.947,8084.5312,3854.7136,668.1478,16254.324,-2878.9834,2854.2234,4134.4893,1
133650.89,2,2,2,31.23733,0,-2,-2,0,0,0,-21085.281,7051.1113,20036.914,5355.3555,22671.234,63289.066,3157.0623,17.108755,12671.609,-2099.3608,48015.48,28.600208,1
129671.71,2,1,2,31.355808,0,0,0,0,0,0,166368.62,163201.38,124267.34,191700.4,124160.96,109396.13,417.29214,-4019.4026,32585.344,3729.1648,9911.912,348.464,1
89486.38,2,2,1,38.73564,2,-2,-2,0,-1,0,15087.523,16429.266,-18286.346,2284.4568,25592.08,6960.4727,38616.19,1478.5846,26669.088,-3792.8042,1716.3226,-26410.76,1
133235.36,1,1,2,46.28746,0,0,0,0,0,0,108779.66,126595.375,105734.086,38092.668,113905.73,76368.13,8605.76,-2406.05,8769.99,36918.117,5454.566,3098.691,1
139123.02,2,1,2,29.222555,0,-2,-1,0,-1,0,-6596.8945,23460.537,16942.307,10229.93,4455.395,5627.461,-273.3929,1062.6757,10017.841,3734.306,3945.2073,1674.5533,1
144741.88,1,1,1,45.204193,-2,-2,-2,2,0,0,11739.293,17269.441,135013.53,7244.2695,-831.40173,47367.793,-6358.2227,-10292.981,14036.583,-2531.6875,42584.723,-55191.176,1
113976.46,2,3,2,45.658714,0,-2,-1,0,-1,0,108133.88,34225.117,20079.479,11405.914,463.3131,4229.8477,22610.494,749.9452,7572.638,1244.5181,2261.3613,6822.5903,1
107719.914,1,1,1,45.15877,0,-2,0,0,0,0,172564.0,158825.36,117935.27,158837.34,119351.64,84649.79,41390.703,-3165.4075,10287.235,2993.181,8514.22,-331.92078,1
145583.9,2,1,1,45.326344,0,-2,-2,2,-1,0,-15364.547,50141.285,33890.676,1357.2888,-2116.5815,7989.5664,-995.27765,3593.3967,10403.601,1187.4143,3661.0078,3185.4539,1
144197.03,2,2,2,25.439455,0,0,0,0,0,0,-18386.547,59611.785,47322.477,4456.375,41015.28,9515.791,-2574.4695,2710.4695,14737.77,3679.737,3010.3591,5214.216,1
141867.55,2,2,2,25.20819,0,0,0,0,-1,0,-7395.047,50148.957,28662.555,9456.629,6427.3403,5685.4062,618.9328,1802.5931,12462.067,3234.4094,2136.763,5400.578,1
115082.375,2,2,2,29.44796,0,0,-2,0,-1,0,-6521.051,57646.08,27735.336,6014.8086,2545.4888,5307.4727,13244.916,1582.3309,6822.053,2125.5264,230.10585,1660.2352,1
142665.84,2,1,2,40.21578,2,0,0,0,0,0,-13959.375,21580.72,97544.0,54826.37,57760.22,34108.887,-4243.625,-186.3478,10379.189,254.53389,2683.2388,3943.3237,1
117224.02,2,1,1,45.047764,-2,-2,-2,2,-1,0,2815.6448,64823.45,22260.887,8737.801,39943.992,16168.623,3020.7188,-850.2057,7989.9995,39703.164,10665.37,114.17149,1
110924.46,2,1,2,35.870636,-2,-2,-2,2,-2,0,-21953.016,65898.05,27239.531,588.7888,11120.003,8675.947,14404.113,2626.6267,8515.65,-901.6055,1275.6986,4065.615,1
97613.55,2,3,1,41.348335,-2,-2,-1,0,-1,0,-19914.836,25555.518,20854.502,3514.7732,16171.96,9650.684,4770.815,2188.516,20158.414,1996.8274,6481.8354,115.98302,1
110469.46,2,2,2,41.18265,0,0,-2,0,0,0,39388.81,-103.88494,30745.502,20210.771,63396.29,26439.475,-4542.115,2399.9448,27796.553,1410.4028,1251.6552,4028.695,1
122699.83,2,2,2,40.836414,2,-2,0,0,-1,0,-26585.875,17214.19,22172.793,-24.152582,18722.762,11969.957,2926.3086,2135.2837,21854.475,2185.2734,4839.1167,-9430.714,1
105078.26,2,2,2,24.68993,0,0,0,0,0,0,-1901.4022,112434.13,58106.492,13644.26,46190.348,26581.28,-1171.6166,2497.982,7299.803,-743.5401,1095.691,1895.212,1
137040.48,2,2,1,42.670315,2,-2,-2,0,0,0,-19645.695,17427.533,27301.215,5991.7734,20980.242,11963.859,35.845863,2826.9773,19781.742,1395.1553,3581.888,3977.2297,1
135541.36,2,2,2,33.844326,2,-2,-1,0,-1,0,-15665.641,32203.227,19253.693,6326.9766,11144.339,5933.8984,5795.4165,1093.6713,19953.215,3058.3267,2281.626,5453.6895,1
142444.81,2,3,2,45.161274,2,-2,-2,0,0,0,-18763.562,20630.646,30635.967,687.42163,18635.445,23275.055,-4346.83,3162.6643,15053.194,2406.8232,7747.9243,-18236.9,1
152942.44,2,1,1,43.277397,0,0,0,0,0,0,13808.461,94250.82,76707.0,38609.875,11739.276,6714.0996,-1909.847,2210.4087,11914.566,1966.31,1802.2513,6820.1123,1
112335.375,1,2,1,45.612896,0,0,0,0,0,0,44851.74,47636.395,122784.875,71989.98,81742.89,53065.85,-3404.6921,-2217.0007,7975.265,2465.4988,571.82556,5475.4106,1
140001.94,2,1,2,36.94199,-2,-2,-2,0,0,0,-19039.352,3078.822,24670.215,888.67944,30558.543,50930.355,-515.86456,318.68494,22683.9,-3409.5518,44228.625,-6546.464,1
129956.03,2,1,2,29.851746,0,0,-1,0,0,0,53260.848,67132.734,41942.09,8038.465,2912.4966,4063.3125,-1886.4994,2316.6873,7207.094,-1324.8779,1298.6271,7166.893,1
137232.4,2,2,2,43.19449,0,0,0,0,0,0,109228.81,170234.42,125756.234,178421.16,112938.055,107196.28,44733.24,-3054.5442,12932.708,4689.6494,7968.345,826.12585,1
147140.06,1,2,1,43.64569,0,0,-2,0,-1,0,7557.8047,54429.727,53827.18,10407.15,5271.7817,12881.783,-370.79916,2175.0728,9445.282,8073.571,18131.775,9022.31,1
140089.42,2,1,2,29.980934,1,-2,0,0,-1,0,-21038.953,50982.188,30179.41,-37.6018,14202.831,8592.229,5130.1064,2978.6904,19443.79,5084.8647,1147.7291,-17865.555,1
152731.05,2,2,1,37.23607,0,0,0,0,0,0,140145.11,143932.75,127251.555,131359.03,94397.81,22721.355,-1096.0458,1957.9222,15354.507,2792.2634,24880.672,6735.486,1
142147.16,1,2,2,29.27843,0,0,0,0,0,0,7318.4375,108274.84,61189.723,13784.254,45997.055,25218.19,-1337.1205,1055.89,8366.446,1308.065,1453.35,5381.1157,1
150667.81,2,1,2,30.286469,0,0,0,0,0,0,16407.195,86599.94,55464.074,8934.133,18004.908,10516.088,-3252.6746,2287.6978,7707.0034,559.3752,875.4171,7233.3687,1
149012.3,1,2,2,45.868496,0,0,0,0,-1,0,-4524.625,43693.08,35586.305,3643.5583,5454.8403,10796.619,-3241.4568,1906.5526,19936.77,3871.8887,1970.7667,5117.605,1
135303.16,2,2,1,44.16066,0,0,-2,2,-2,0,-8972.168,91072.43,32253.0,7854.129,4735.395,4765.7656,19827.062,3086.312,5775.654,4101.421,1680.777,6643.9395,1
138875.77,1,2,2,32.96655,0,0,0,0,0,0,-19556.727,48533.844,38990.117,2616.535,21513.725,17451.527,-2308.7087,2757.0342,9405.703,2388.7576,888.91956,3092.7268,1
125187.41,2,1,1,37.141018,-2,-2,-2,2,-2,0,-2864.0896,24819.31,26012.809,9738.73,18515.557,21377.074,2327.9316,3005.5493,24244.4,2038.3774,16262.168,3482.7686,1
112541.25,2,1,2,27.954906,-2,-2,-2,2,-2,0,-23425.273,48601.496,24320.873,2589.699,15227.095,7968.754,10452.302,2297.4844,5729.191,-4603.364,1903.1398,3558.9763,1
147077.1,2,3,2,42.786522,-2,-2,-2,2,-2,0,-9632.895,46801.902,25763.932,4792.2383,8229.1455,9544.826,-1525.1244,3796.594,15656.46,3314.102,6671.922,1615.3961,1
126181.18,2,2,2,24.41152,0,0,0,0,0,0,-22913.5,16255.838,36876.926,4055.0896,8231.124,19771.008,-1778.6469,2444.4404,7376.018,1313.9265,13154.739,2906.6133,1
134871.84,2,2,1,25.088171,0,0,0,0,0,0,135901.36,147340.52,115544.055,72781.37,34941.473,14390.838,169.74771,2752.1948,8182.015,-561.71,1298.1522,-965.952,1
130769.25,2,1,1,46.205296,-2,-2,-1,0,-1,2,3945.3596,44917.305,7400.401,29219.438,98813.28,18140.309,14776.259,-458.109,26458.057,36990.625,4993.8223,-24323.334,1
120937.88,2,2,1,30.444315,-2,-2,-2,2,-2,0,-23349.852,44225.688,24536.049,3300.281,11954.761,9992.111,6537.9424,3118.5972,11034.275,-3047.8062,4852.643,1535.9034,1
142550.98,2,2,1,45.408703,0,-2,-2,0,-1,0,-15867.625,49551.23,27281.918,3241.988,1421.4967,7195.2754,1628.5001,2816.7808,13702.3,3412.1384,3997.52,-11967.132,1
106244.914,2,1,2,24.429314,0,0,0,0,0,0,-20179.328,52539.844,31782.111,4949.3594,18046.395,11469.32,735.72577,2261.948,11409.307,606.5114,2063.732,2477.0964,1
126977.18,2,1,2,37.73449,1,-2,-2,0,0,0,-33579.062,5280.0723,50766.855,-780.0393,42974.45,71889.42,-5118.383,496.43738,16023.3545,468.16718,47560.203,-32103.215,1
144068.6,2,1,2,45.38157,0,-2,-1,0,0,0,-14916.133,34176.19,27126.277,2726.2498,6955.7935,12918.859,-374.7645,1005.1764,13828.143,-3337.0425,7261.3257,6449.771,1
144837.22,2,1,2,29.178394,0,0,-1,0,0,0,67551.82,124695.54,106722.88,63728.0,75829.26,48074.37,-106.46664,791.30066,9958.3125,2067.0845,3048.1367,2594.7053,1
122655.67,2,1,1,45.11017,0,0,0,0,0,0,126542.555,145140.08,120503.92,72665.45,81684.82,56822.785,284.3527,1621.1862,9121.696,2539.4814,2224.0635,1372.4896,1
136668.88,2,1,1,40.275826,2,-2,-2,2,-2,0,6049.5938,116368.38,19932.107,8553.16,25444.38,7708.543,37176.84,2218.8015,13603.808,9042.507,5100.919,4054.5273,1
136133.14,2,1,2,27.549723,0,0,0,0,0,0,25949.477,108440.82,64877.832,15453.566,44863.0,23801.256,-1813.3348,1858.7799,8022.325,576.8005,1664.6913,4028.9802,1
104420.19,1,2,1,27.419418,0,0,-1,0,0,0,32610.352,116719.14,23568.564,13507.484,21745.998,7633.2188,2216.6272,927.37634,7867.0728,-193.93315,2317.4639,4638.0757,1
138121.56,2,2,1,45.19651,0,-2,0,0,-1,0,-4800.8516,31271.205,22038.738,11804.055,4143.8403,5277.2227,984.66547,2014.7006,12840.1455,4693.024,2520.0007,5241.865,1
148797.34,2,2,1,46.136868,0,-2,-1,0,-1,0,2872.1018,23658.133,23309.23,11020.127,-1352.765,2873.2383,-978.2391,51.652214,15639.501,4839.546,427.5338,4844.3687,1
116863.65,2,2,1,33.560665,-2,-2,-2,2,-2,0,-23217.89,23279.904,24589.254,3917.9607,15008.194,7973.0254,3983.613,2979.3474,19546.207,-4082.7886,2358.656,2983.5999,1
121177.4,1,2,2,29.09786,0,0,0,0,0,0,163391.12,166033.62,129704.49,55959.918,69677.805,5463.0977,417.43863,84.67321,9119.306,195.22945,1682.4655,7036.865,1
132458.72,2,2,1,45.27969,-2,-2,-2,2,-2,0,-19556.312,11297.072,31058.033,16454.33,11158.622,9917.049,-3633.6804,4348.017,26091.514,956.2607,2581.3594,-10278.989,1
146363.19,2,3,2,45.86009,0,0,0,0,0,0,140363.23,150301.36,128814.75,143323.88,105327.74,95505.31,-2369.2366,287.4984,11512.124,3717.9736,3683.1182,2830.307,1
115161.47,2,1,2,25.312523,0,0,0,0,-1,0,-24369.148,18131.598,26760.814,4342.543,11287.94,11212.387,-536.4886,842.33923,16997.592,-3530.2676,6362.378,4939.8545,1
109517.54,2,2,1,45.10176,0,0,0,0,0,0,2442.2776,121286.305,76064.26,20204.146,44878.125,30276.863,-1596.014,3449.8528,8319.707,215.11446,77.71156,5332.5586,1
151374.53,2,1,1,45.63599,0,0,0,0,0,0,-10045.691,40637.81,45565.664,2492.7966,5686.8364,17178.92,-4341.626,4035.4172,9619.798,2414.4482,3970.9968,4035.2512,1
144204.12,2,1,2,43.48314,2,0,0,0,0,0,-24918.86,29302.701,53455.383,-1877.3284,9115.235,15147.271,-6011.0244,3089.0535,15070.894,-3520.33,7320.224,5629.152,1
94654.79,2,1,2,25.26872,0,-2,-1,0,0,0,-148.33188,3746.2595,23944.102,9106.266,33434.543,17103.326,-1055.6454,1421.0504,8153.9355,3016.3682,2967.3484,4107.6245,1
121802.98,2,1,2,43.426548,2,-2,-2,0,0,0,-26930.844,16621.504,29878.64,-746.99634,13528.06,10568.197,-1215.3573,2298.8804,20261.465,-5297.64,1737.1935,-1193.659,1
120476.11,2,2,1,33.499123,0,0,0,0,-1,0,6864.539,112570.01,62405.855,12990.189,4476.2466,6563.8047,-925.9017,2362.3281,7422.092,4667.579,2482.6313,-7382.8105,1
128702.18,2,2,2,24.758284,0,0,0,0,0,0,66012.73,120814.41,90849.39,54816.35,81931.62,59223.41,175.4606,522.8021,14613.977,1067.4431,5724.8506,1417.8766,1
109037.05,2,2,1,25.835846,2,-2,-2,0,0,0,-24127.5,11836.561,20301.688,4635.1914,31946.805,11815.199,3646.3677,2376.116,19103.564,-558.462,1482.5817,-962.26306,1
150917.8,2,1,1,45.226273,-2,-2,-2,2,-2,0,-6514.461,24492.348,30106.814,11513.842,14482.446,12696.723,-3989.612,4189.021,25076.402,6363.0493,11547.464,-1458.1317,1
107331.57,2,2,2,24.30727,0,-2,0,0,0,0,-26203.102,1068.4393,31426.734,1463.2107,39483.707,18630.846,330.9108,1315.7206,7030.8,-1815.3008,14659.826,3773.6787,1
150201.6,1,1,1,45.91308,0,-2,-1,0,-1,0,106734.32,30719.371,36077.387,5186.5273,-6902.304,8763.596,-4599.203,3788.4683,7210.9497,-349.44537,-1808.3241,-42876.52,1
109852.5,2,2,2,26.123392,0,0,0,0,0,0,-11605.629,75614.266,33114.14,4052.9958,27158.85,16208.859,-3971.3503,2271.3845,19472.312,-3277.0742,-491.89343,-4974.038,1
131551.45,2,1,1,32.314304,2,-2,0,0,0,0,-19654.812,55936.535,36237.51,3129.6443,14085.444,11142.6,7156.1445,3212.1628,5629.835,-149.15044,4319.7983,1443.6974,1
121524.664,2,1,2,41.979176,2,-2,-2,0,-1,0,-21275.43,84655.54,20884.475,5411.301,17047.678,18545.66,23582.36,456.60828,6393.3643,5647.451,16252.99,3691.222,1
105875.336,2,1,1,43.473167,2,0,-2,0,-1,0,-15278.883,36111.02,37990.92,2843.992,8579.702,15309.895,-1026.6459,2362.6677,19534.686,-568.45123,10714.404,5245.9517,1
108015.914,2,3,1,45.6927,0,0,0,0,0,0,3271.887,125446.91,103134.01,65178.836,82060.37,57678.63,22958.395,1398.9569,9266.358,1843.4702,3693.1604,891.46375,1
145255.27,2,1,2,44.96489,0,-2,-2,2,-2,0,-15741.156,68896.9,33074.35,-84.57055,3900.5005,6974.885,5402.6284,4659.4897,5268.4995,2604.3835,639.2826,-14892.905,1
111713.34,2,2,2,44.951687,0,0,0,0,0,0,5330.074,123107.22,56490.63,5272.6133,21567.125,19144.764,-3540.8455,3244.2932,6335.7095,-1433.1353,-1202.3646,6443.769,1
135831.45,2,1,2,27.546926,0,0,0,0,0,0,96943.99,128357.94,109516.33,76933.336,85552.414,55877.3,-765.59064,528.2269,8996.708,1666.9475,2919.3416,4129.2866,1
130566.164,1,2,2,32.285137,0,0,-1,0,0,0,-2520.3552,114537.97,55533.957,10445.096,60721.117,35443.66,2311.0005,688.5165,11442.962,2805.5908,2839.0164,1771.1451,1
118171.23,2,2,2,27.329168,0,0,0,0,0,0,70581.086,128301.71,111357.805,72894.24,82277.54,57117.215,385.26334,704.9066,10841.136,2799.3875,2674.223,1973.4674,1
110663.42,2,2,2,44.872334,0,0,0,0,0,0,52859.32,127519.98,102222.32,15428.834,28958.078,19031.16,-1623.9325,977.3197,8032.2686,-247.86626,466.17566,4378.117,1
141771.0,2,1,2,27.174873,-2,-2,-2,2,-2,0,-9978.191,28775.557,21277.402,6020.922,51533.523,11847.871,-2391.5554,2159.7502,11623.169,24661.074,9763.72,2118.856,1
155481.55,2,1,2,40.95292,0,0,0,0,0,0,6067.6953,111995.08,78421.195,24832.121,23344.393,21733.627,-4193.467,3707.744,8167.7817,1083.6506,799.3871,181.6251,1
150582.36,2,1,2,44.029476,0,0,-1,0,-1,0,-16744.0,49549.957,37715.383,-68.25414,-2644.5972,17371.9,-4339.716,3328.359,9902.857,4746.216,13897.639,-12636.769,1
135583.11,2,3,2,31.249931,-2,-2,-2,2,-2,0,-14856.043,79365.8,20437.191,5607.1562,12632.907,5472.1016,19977.346,2006.1749,6095.2188,-2856.9521,3471.6965,3964.6306,1
139779.08,2,2,2,45.054874,0,0,0,0,0,0,-8594.031,81479.125,52422.016,3973.8435,2698.7075,6949.998,-3307.236,3046.6,10619.147,-709.90485,-866.0668,5285.8506,1
117107.56,1,2,2,44.562744,0,0,0,0,0,0,122671.55,147447.08,128366.3,4294.2227,12109.386,59530.363,1272.5267,-595.4562,10266.543,1970.019,45225.543,3193.2446,1
102777.875,2,3,1,45.541348,1,-2,-2,0,-1,0,-20513.422,77442.8,30728.475,3187.8318,9286.798,5719.3164,16362.811,2755.3215,13150.879,2119.2932,1977.2101,-7427.5654,1
140484.03,2,1,2,25.80365,-2,-2,-2,2,-2,0,-13786.367,25227.283,22999.602,5140.2695,11046.194,9306.1,-1953.143,3426.9607,9292.931,1598.7234,3440.4678,1945.9982,1
110776.51,1,2,1,45.89042,0,0,0,0,0,0,86332.81,130455.54,98724.36,31868.48,54695.824,13738.826,-930.868,1621.9755,7731.9893,3661.2603,947.37634,6170.3535,1
133549.47,1,2,2,38.83576,2,-2,-2,0,-1,0,-20087.281,53946.902,20663.361,3497.031,8135.932,8350.648,7709.1626,2087.574,5992.7153,4611.7847,5453.014,-2279.3906,1
122205.34,2,3,2,36.73201,0,0,0,0,0,0,113808.71,130482.41,109395.4,70368.16,70580.125,30632.812,-2018.3158,1949.027,7768.7183,2929.3792,3597.701,2587.649,1
145869.47,2,3,1,45.65908,-2,-2,-2,2,-2,0,-4518.625,26500.275,29450.754,5217.8867,4769.9106,5044.8438,-3140.5173,3980.2087,20309.986,2263.792,1386.7445,1289.0177,1
143241.06,2,2,1,31.066414,0,0,0,0,0,0,61954.336,122772.7,106177.94,72330.31,81131.41,55354.34,251.18472,1137.2552,9679.185,2825.8286,2535.0635,3704.9626,1
150101.16,2,1,2,43.51965,0,0,0,0,0,0,179226.84,172865.36,136362.31,190670.25,112997.31,110204.73,-2625.7473,-908.3048,13800.611,4021.14,4517.272,1395.5118,1
145201.28,1,1,1,41.802883,0,0,0,0,0,0,136304.19,148646.95,126142.09,126269.73,101063.17,75608.53,-1534.3495,773.7621,14727.499,4042.2625,4206.5444,660.98254,1
122319.63,2,1,2,31.651674,0,0,0,0,0,0,80006.516,122254.79,93008.8,41309.504,71820.3,45006.32,-1664.5165,1296.8141,8786.634,1450.5676,2248.8962,3782.1384,1
129845.25,2,3,2,24.732552,0,0,0,0,0,0,117098.46,139736.17,118678.89,111900.46,98774.805,85631.6,1607.4811,-425.50354,10039.623,1272.5796,17737.963,1132.1954,1
147666.88,2,1,2,45.493504,0,-2,-1,0,-1,0,65.48061,32862.465,28093.93,8420.781,2129.4106,8530.268,-3102.6287,2244.4417,7725.0757,5403.7603,996.2318,-26495.48,1
148939.0,2,1,1,34.92213,0,0,0,0,-1,0,16605.41,82964.83,42450.305,14905.225,-3272.73,3228.1133,-1847.35,1354.8009,9167.29,3456.992,-304.32654,3584.9233,1
127753.445,2,1,2,26.216541,0,0,0,0,0,0,60334.27,100470.1,56455.402,10189.883,40240.0,22395.28,-2023.0585,1922.0504,7369.1304,-534.7647,1491.151,4763.2505,1
148814.03,2,1,1,44.03118,0,-2,-1,0,-1,0,2528.7073,27679.41,33910.87,2948.695,1244.8795,8308.045,-4451.9297,4110.3237,19053.639,3154.0913,6017.561,-24283.262,1
147789.42,2,1,1,44.92228,2,-2,-2,0,-1,0,-2034.4335,59139.273,23413.277,7104.367,57210.348,32530.74,4048.006,2690.5774,7004.668,24924.574,1459.7682,-26647.459,1
145892.27,2,1,1,45.49205,2,-2,-1,0,0,0,-6869.0,12144.854,26810.97,7093.7305,11860.905,7038.3906,-3064.866,2350.8948,23163.54,-2991.495,2437.1494,3616.2979,1
145327.27,1,1,2,26.94799,0,0,0,0,0,0,185575.19,157006.77,128672.81,131679.83,105680.09,86238.13,-1271.9208,-897.0128,15768.075,3954.8938,13875.995,1823.5502,1
150346.1,2,2,2,27.75227,0,0,0,2,-2,0,105392.375,116239.69,47955.133,100.601326,-6831.7573,7165.633,-6266.1494,5139.208,4462.669,-3573.401,-3931.9158,-24919.111,1
141339.36,1,2,1,34.195778,0,0,0,0,0,0,52132.523,120947.28,97903.8,55089.38,82035.73,56144.406,-348.5189,616.96716,11962.195,6237.516,3808.2747,4495.041,1
120770.836,2,2,2,24.634085,0,0,0,0,0,0,-15144.141,62753.508,40857.19,4519.535,26069.566,16855.371,-1173.6703,2195.7415,7528.694,-461.8282,1815.476,4917.7505,1
123544.99,2,3,2,25.670618,0,0,0,0,0,0,65499.28,121436.06,79340.36,27885.01,51363.19,23251.992,135.08609,1509.8063,8284.863,2706.02,3442.69,3259.2231,1
149252.62,2,1,2,42.39429,0,0,0,0,0,0,172543.78,175859.1,136341.73,189748.5,112366.87,110731.42,-3229.907,-538.9889,14028.932,3655.1748,3911.937,-13721.388,1
155274.55,1,1,1,45.39558,0,0,0,0,0,0,201286.84,167356.78,138809.92,145626.06,101068.484,56125.26,-2726.1565,447.08044,11718.23,4930.641,-562.9745,2179.7075,1
119949.43,2,2,2,26.985603,-2,-2,0,0,0,0,-29553.11,61072.63,27800.002,-61.74633,30060.86,8479.125,14468.433,1462.264,6476.5537,-4104.5884,716.213,3058.307,1
112639.67,2,1,2,30.83528,2,-2,-2,0,-1,0,-16228.07,47646.656,16448.23,5641.7734,13508.677,6691.0,11320.994,1874.858,10674.327,-3863.4312,2454.363,2438.0596,1
141409.6,2,3,1,45.852333,0,-2,-1,0,0,0,-37.56626,40259.63,19943.346,14420.281,6757.1685,5429.3867,1954.7946,1533.3739,7931.484,-452.60162,3875.3516,5947.5967,1
142322.31,1,1,3,45.658714,0,0,0,0,0,0,192522.1,172549.92,128166.57,206744.98,120251.84,103865.84,44656.746,-4641.6543,13452.774,2469.0195,6601.0464,5268.139,1
119272.45,1,1,2,42.40619,2,-2,0,0,0,0,-10994.215,149068.88,109313.23,133933.53,118922.734,91852.6,41899.5,-2806.8538,10176.941,1059.752,8836.147,-3293.6436,1
145505.58,2,2,1,45.988274,0,0,0,0,0,0,97472.94,128943.55,117984.04,82492.234,78371.086,54348.75,-1956.0507,1765.3566,8870.163,3371.843,546.78723,6027.144,1
149725.45,1,1,1,45.40331,2,-2,-1,0,-1,0,-5087.7266,48326.504,19958.51,8586.074,8947.241,8103.9043,2720.3096,1293.66,18575.736,5188.627,8603.059,6298.344,1
145569.3,1,1,1,43.616314,-2,-2,-2,2,-2,0,85150.36,36708.28,36531.707,-1038.6643,-2974.0269,8757.758,-3919.9392,4583.122,6106.917,-3572.3813,3913.5405,-11160.059,1
95959.836,2,2,1,27.124853,0,-2,-1,2,-2,0,23372.918,27692.396,21651.818,7760.6445,7672.063,5621.6016,645.2121,3172.1199,9796.641,-3577.4834,1547.3068,5480.3037,1
92678.59,1,1,2,26.646181,2,-2,-2,0,-1,0,-22059.078,59996.984,15386.263,3787.8748,24488.611,7909.1484,16788.553,1220.747,11751.989,1559.8835,2403.162,-647.5917,1
138185.42,2,2,1,31.371426,2,-2,-1,0,0,0,2238.1526,30979.143,128329.38,126640.445,68819.48,6432.424,1498.5363,-12042.212,13558.74,4086.3896,4309.8047,2205.4631,1
100008.06,2,3,1,37.831646,0,0,0,0,0,0,46073.234,122352.805,34601.85,15093.375,51779.12,24173.904,-1671.0697,2352.468,25452.355,1601.668,5435.615,-1633.5209,1
135565.88,2,2,1,37.86478,0,0,0,0,0,0,-18554.078,31008.254,47082.0,5383.3125,3881.4731,6620.7266,-1693.0946,3336.6243,10704.403,-2529.916,509.4845,6587.9688,1
119794.1,2,2,2,23.952126,0,0,0,0,0,0,-17423.07,56428.12,36537.336,1591.449,17378.523,11546.143,-3896.1345,2879.8594,14710.545,1564.7292,6262.5127,-3181.8813,1
100443.98,2,2,2,26.761387,0,0,-2,0,-1,0,135875.08,143323.95,11223.362,13763.898,102989.22,63019.44,1925.0629,-3345.511,8646.417,35560.703,3734.53,2103.1025,1
124279.23,2,2,2,45.56462,0,0,-2,0,0,0,-6718.7305,23908.691,37413.188,5775.867,-2357.2456,4558.574,-3074.1711,3875.486,6491.6685,-1867.8135,-2002.1039,8359.326,1
134122.5,2,2,2,45.783455,0,0,0,0,0,0,148634.53,152958.02,126485.36,145146.12,105888.65,35032.758,-1252.1615,383.99988,10787.821,3218.3257,1337.5387,6458.578,1
152409.31,2,3,1,27.38524,0,0,0,0,0,0,5447.297,72426.85,37012.05,11089.627,8252.077,7396.1973,-1955.618,1486.2211,7849.823,1508.1387,2653.7642,5659.947,1
122000.49,2,2,2,25.207762,0,0,0,0,0,0,77622.26,127936.945,108917.91,102144.836,104118.3,79986.4,563.84393,-134.714,17665.156,1658.1809,4747.5923,2299.691,1
143342.44,1,2,1,45.26133,0,0,0,0,0,0,6942.1016,115489.055,71379.04,19688.72,50587.227,28370.047,-982.56036,1758.4332,9401.618,1652.1309,1282.5421,5236.9688,1
138535.17,2,3,2,30.67349,0,0,0,0,0,0,-13012.121,19930.793,32042.422,6711.4414,6908.1685,9010.775,-3257.152,3074.2017,7024.71,54.482372,1549.4564,4653.909,1
158612.61,2,1,3,27.604902,0,0,2,0,0,0,152729.38,159949.17,129198.71,124427.56,91289.5,27189.332,-5872.0576,4939.9907,5999.4116,-5226.7466,-3967.8015,-61265.98,1
131343.42,2,2,1,31.407383,2,-2,-1,0,0,0,-13546.637,3776.2322,56793.684,10443.635,36782.66,18930.447,-563.3504,548.4852,7874.158,2292.5513,2859.363,3746.2102,1
141112.67,2,1,2,27.724192,0,0,0,0,0,0,152030.47,159255.33,128999.23,165724.6,108957.52,105193.79,-1317.5634,-745.96985,14380.0,4229.425,4387.5825,283.52258,1
147057.4,2,3,2,42.895164,0,0,0,0,0,0,170604.48,176353.73,132461.0,165643.08,108897.84,104805.72,-3658.449,-260.26672,11222.262,2573.2537,11810.51,-21885.424,1
145759.73,2,1,2,33.56661,0,0,0,0,0,0,147203.7,155462.44,127103.06,96863.74,92462.484,66598.29,-1879.4325,257.99353,9163.05,2103.8896,1975.1918,4619.056,1
103021.97,2,1,2,24.590868,0,0,0,0,0,0,-12304.84,83911.055,51217.12,7301.828,40203.023,22483.82,-1072.9945,2170.8025,10979.337,626.3188,2456.4912,1190.453,1
134435.9,1,1,2,44.70766,0,0,0,0,0,0,135526.73,149996.86,126275.266,141556.33,103150.64,5079.7227,-2247.8928,1591.8336,11902.297,3746.613,226.90688,7594.458,1
100616.58,2,1,2,24.955109,0,-2,0,0,-1,0,9988.508,22202.316,20192.553,6549.0195,7379.692,6447.0273,288.78336,1762.5382,7036.313,1259.187,2140.5906,2693.5005,1
145812.23,2,2,1,45.591347,2,-2,-1,0,-1,0,-9980.711,64066.61,20733.803,7992.961,2721.5903,3589.4805,14317.728,828.6117,12929.233,179.18282,1959.3497,5794.777,1
144449.77,2,3,1,27.696619,0,0,0,0,0,0,140924.61,144365.48,122788.445,135658.8,106723.766,92277.47,117.96647,-25.638803,12640.068,6176.422,5336.579,2839.5955,1
148257.47,2,1,1,29.282446,0,0,0,0,0,0,85761.6,130050.164,117440.87,77368.44,62681.293,48766.754,-3434.577,3757.8354,6930.8677,524.831,544.8187,-31755.633,1
119510.56,2,2,1,44.84311,-2,-2,2,0,0,0,-22599.32,90086.59,28770.672,435.67163,16991.145,8500.998,3743.4534,1614.5802,10873.483,-3800.7437,1382.3463,3947.675,1
131208.7,1,2,1,45.538746,0,0,0,0,0,0,74891.76,126553.44,71475.555,3732.7498,101361.805,52636.246,-1801.5385,804.2201,7419.7524,16616.223,25532.266,4740.852,1
129937.18,1,3,2,45.696163,0,0,-2,0,-1,0,-12560.883,22403.074,30552.842,5186.004,-706.5541,5648.09,-1932.3402,1613.9164,9773.432,-1520.4834,1034.6239,3506.187,1
117072.625,2,2,2,45.254745,0,-2,-2,0,-1,0,-17214.625,19484.707,24157.793,4298.676,3716.809,6127.301,113.90934,1850.726,5874.697,2306.5325,-624.25525,7477.7573,1
113953.77,2,2,1,45.052795,2,-2,-2,0,-1,0,-21657.242,117787.87,23259.406,7065.1133,16393.441,16309.068,36873.695,-768.34143,10600.046,-994.13873,16083.632,4004.7507,1
140958.81,2,2,1,45.741016,0,0,0,0,0,0,-8417.566,88083.9,61357.74,8079.7773,27638.398,21923.668,-2482.678,3207.35,6928.522,2153.4065,118.35756,5362.5874,1
134234.31,1,1,2,40.870693,2,-2,-2,0,0,0,-20040.852,9242.338,25020.926,1805.6208,19483.15,8811.742,-2517.8347,1948.4679,20478.303,-4396.429,2907.9824,3225.2922,1
146394.1,1,1,1,44.313194,0,0,0,0,0,0,146490.97,153597.78,127992.55,69400.26,81544.39,51263.137,-1270.9061,804.6952,11067.768,2619.1184,2224.117,5279.3213,1
102774.984,2,2,2,26.080755,0,-2,0,0,0,0,-23470.625,10091.037,23368.854,5892.34,21759.607,9621.291,2918.171,1415.9679,10668.678,-3805.7485,1253.3236,3992.0928,1
147176.66,1,3,1,46.065273,0,0,0,0,0,0,115154.45,134713.34,120277.41,90225.67,59760.742,29063.375,-955.16144,1143.3917,10672.814,2480.5352,2539.2607,5115.908,1
139797.52,1,1,1,44.75507,-2,-2,-1,0,0,0,-3686.9138,26528.451,55130.164,9265.156,4366.891,5744.5195,-1244.9325,1722.6742,6929.3315,1049.9749,6598.593,178.91124,1
109009.7,2,2,2,27.70534,0,0,0,0,0,0,-5944.1797,102159.86,50880.88,8298.523,46889.383,26769.148,-989.4256,1680.8173,8734.173,-370.59674,729.55334,3761.9941,1
126641.63,2,1,2,27.748909,0,0,0,0,0,0,16545.719,116895.85,69351.695,22524.357,47034.133,20786.738,-1140.4799,1640.8959,8980.313,307.78265,2247.4648,4067.1897,1
107966.0,2,1,2,42.176662,2,-2,-2,0,-1,0,-22441.523,22868.633,23618.059,2981.6677,10103.171,13124.965,672.4621,1616.589,12252.736,-898.00006,8719.887,4927.5215,1
142030.12,2,2,2,31.774818,-2,-2,-2,2,-2,0,-16925.32,39079.48,22915.004,4026.0037,3047.188,5911.7266,738.4001,2715.8125,6013.787,-2175.3696,2546.5498,4608.526,1
147010.62,1,2,2,43.05869,-2,-2,-2,2,-2,0,-13796.004,29929.734,25199.463,3395.0896,1074.6569,5834.5234,-2465.307,3044.0386,10305.592,1691.8936,2907.9448,3807.0405,1
154002.06,2,2,2,34.10418,0,0,0,0,0,0,168879.33,124235.21,96866.23,39574.094,32797.543,8379.383,-5224.8955,5791.2603,6065.987,834.10614,-5028.965,-31977.434,1
148958.03,1,1,1,45.779633,0,0,0,0,0,0,-6214.0234,51545.867,43440.03,3602.7615,3981.0005,8525.016,-3546.8005,3430.8901,9129.908,2870.1157,964.84094,6506.0273,1
111961.93,2,1,2,26.20254,2,-2,0,0,0,0,-16458.234,28936.117,34470.816,-625.4065,41492.38,22974.422,3745.4465,1666.5585,7297.137,-1994.8804,14363.548,3621.8708,1
111890.36,2,1,2,45.67637,0,0,0,0,0,0,40143.496,127005.58,91250.27,5458.7773,22755.326,17434.84,-3559.4968,2614.9116,11736.301,2554.3665,-128.9569,6424.4277,1
120190.78,2,1,2,39.904343,2,-2,-2,0,-1,0,-19003.508,14725.178,17557.838,6144.0312,18601.52,7694.912,898.5793,1737.7006,21916.314,3189.6904,2753.1438,3009.736,1
145956.94,1,3,2,41.415913,0,0,0,0,0,0,190553.05,194043.58,133505.56,192798.64,116999.24,113534.414,594.29364,-2276.848,15081.927,3312.2346,6928.6367,-689.7113,1
118308.69,2,3,1,45.391716,0,0,0,0,0,0,111548.47,142766.52,121665.08,104625.25,98299.445,78724.58,-591.6097,1235.1185,10207.754,2235.813,3343.1511,1696.974,1
131038.15,2,1,2,45.008392,0,-2,-2,0,0,0,-18610.25,21201.14,46279.395,-2467.4885,14251.622,7317.4414,-3504.7449,3322.6545,5100.477,-3398.1006,-387.6698,-9829.869,1
121620.164,2,2,2,45.14002,2,-2,-2,0,0,0,-26487.414,2698.0876,23530.38,21972.268,68740.54,38169.65,-1771.2084,2190.277,27472.309,-3281.433,1057.8534,-823.5565,1
126802.1,2,2,1,41.13104,2,-2,-1,0,-1,0,18628.486,48847.5,20779.016,6909.2656,5931.5083,5694.785,8192.715,1825.6263,9675.733,1018.87396,1996.6671,6030.7163,1
138734.0,2,1,1,45.96419,0,0,0,0,0,0,109760.875,139401.55,121504.33,75424.49,82132.34,54155.79,-2492.802,1677.1117,8201.382,3767.1758,1006.84827,5413.964,1
121640.95,2,2,2,42.58747,0,0,0,0,-1,0,4036.7776,29934.533,17471.982,10533.789,102026.055,83384.77,-3692.3552,-1004.29065,7444.999,40056.46,3230.373,3441.7415,1
122284.05,2,2,1,45.168964,0,0,0,0,0,0,97044.31,137830.55,104474.47,51752.215,74908.18,45329.344,-1360.2767,1895.7284,10526.695,3217.9773,687.51697,2799.6235,1
100137.25,2,3,2,25.971302,0,-2,0,0,0,0,-23012.562,13574.357,21660.814,3986.9685,18779.658,9448.994,1921.6398,1417.5753,10278.578,-4042.6938,4516.678,3754.466,1
128283.74,2,1,2,43.393517,2,-2,-2,0,-1,0,-16115.922,22401.723,22586.855,4822.293,6831.6177,7698.207,-1325.9594,2336.3516,11198.572,2218.397,3092.832,3309.3413,1
127110.77,2,2,2,45.57954,0,0,0,0,0,0,109855.6,145319.83,129437.81,4278.5703,15177.198,16457.133,-2752.0852,2197.881,8223.319,3382.699,-340.68494,3385.337,1
139244.92,2,1,1,42.573357,2,-2,-1,0,-1,0,-3516.5818,43983.332,20898.08,11778.6,3615.731,6050.918,77.21696,3132.0005,8101.1616,3755.1897,2973.47,-2867.4678,1
137559.0,2,3,2,44.793186,2,-2,-1,0,0,0,-10848.0625,10136.646,23710.545,5975.0195,13689.796,8879.521,-3245.906,2297.0166,17690.51,-3417.874,3081.9512,4328.663,1
118698.06,2,3,1,42.98825,0,0,0,0,0,0,89784.625,132382.61,114345.05,101007.99,95755.06,70671.055,772.4836,1000.9989,9241.466,2241.7278,3664.897,3537.5022,1
107120.98,2,1,1,33.037315,2,-2,-1,0,-1,0,-12582.547,10498.092,22528.637,11469.326,14648.653,5642.6836,1699.4813,1680.6317,10956.375,-1263.2529,3062.8137,4005.0305,1
142123.92,2,2,2,26.023647,0,0,0,0,0,0,169137.2,176226.31,133205.06,198507.89,115055.11,114811.17,-820.4637,-2055.2673,14224.694,4439.1265,5174.9917,-413.72302,1
119909.11,2,3,1,45.447968,0,0,0,0,0,0,35642.07,122322.51,92876.25,46078.176,70346.63,44695.555,-775.4036,2060.5422,8295.75,1669.9646,3912.9653,3973.2607,1
108341.19,2,2,2,25.423935,0,0,0,0,0,0,101578.125,137020.39,121493.05,9504.242,6907.899,4732.2305,1287.1661,1024.0372,11561.399,-2091.4863,2321.909,5791.5513,1
137476.27,2,2,2,26.954887,-2,-2,-1,0,0,0,-13138.988,12431.596,20216.854,8887.273,10082.294,4568.875,493.95328,1296.1864,8347.088,1420.6768,1838.4645,4798.1147,1
131910.98,2,1,2,41.387947,2,-2,-2,0,-1,0,-16539.68,23189.816,22444.367,4356.383,4832.7544,7791.746,-1803.5316,2536.9204,10429.089,1735.7219,3123.3208,1204.5763,1
110317.6,2,1,2,28.086382,0,0,0,0,0,0,22050.354,120160.35,75486.0,24658.018,64551.67,37291.168,-679.7098,1255.3524,9177.077,386.30292,2079.133,3538.7146,1
154103.66,2,1,2,45.130806,0,0,0,0,0,0,-4120.2266,53426.72,47925.09,2706.117,1396.2506,9325.223,-4514.6865,3401.5093,6734.793,314.94965,-1668.1278,7711.573,1
116796.805,2,2,2,30.773947,-2,-2,-2,2,-2,0,-18436.414,7721.4746,22128.984,6138.004,10663.716,6531.0176,-1372.6566,2553.4033,5936.015,-3466.6738,2491.3257,4540.3354,1
128583.586,2,1,2,25.523634,0,0,0,0,0,0,149632.7,159833.14,127466.734,144031.95,92405.93,66728.43,-803.8294,175.0233,14239.983,4026.6914,2922.6672,-3144.1743,1
126614.805,2,2,2,33.695545,2,-2,0,0,-1,0,-27054.367,38448.453,25806.36,3308.1833,15338.577,7720.6797,9548.5625,1168.2577,18896.307,-3523.0552,1082.1439,3499.4875,1
146135.0,2,1,2,41.525127,0,-2,-2,0,-1,0,-6766.9375,37952.836,20977.229,6244.1406,-2033.2767,4771.7734,-1644.6703,2354.7698,7219.713,382.79877,1439.1957,1708.0953,1
140886.97,1,1,1,45.57674,2,-2,-1,0,-1,0,-12382.73,5393.744,23285.494,5370.3906,5025.196,6577.8984,-3929.6648,3213.332,12800.603,4013.1023,4530.1196,-12135.552,1
159375.86,1,2,1,41.80395,0,0,0,0,0,0,196677.52,192439.25,148742.78,106793.89,80378.51,56104.785,-3514.2742,2721.4407,5948.0625,-933.8536,-6607.3096,-36620.664,1
105713.93,2,3,1,25.472242,0,0,0,0,0,0,-15705.219,66905.37,37565.164,5083.164,8868.114,7692.3086,-2860.8274,4250.834,7319.5933,-796.61774,1673.5035,-22772.732,1
121750.34,2,1,2,27.288568,-2,-2,-2,2,-2,0,-19055.438,15646.432,22340.482,3837.2224,13841.112,7354.092,-1273.4086,3222.7307,8026.183,798.5334,1993.579,4017.8035,1
132377.02,2,1,2,29.511623,0,0,0,2,-1,0,34150.344,24295.521,31184.086,4815.383,58929.477,40483.72,-5440.1416,1999.8475,5612.1025,24279.633,1018.19104,5375.0356,1
124350.82,1,2,2,24.728525,0,0,0,0,0,0,6444.0234,108066.46,50718.387,8627.008,52070.68,26937.275,423.30045,507.58093,8152.7954,102.05269,2325.9077,3351.236,1
126563.84,2,2,2,25.0622,-2,-2,-1,0,0,0,-18909.148,-1151.4865,19719.902,7279.1367,31375.434,13380.781,379.53384,1559.724,7932.215,-1196.8022,2302.7573,3477.767,1
113210.91,1,1,1,43.605827,-2,-2,-2,2,-2,0,-14662.984,35597.176,25221.69,2416.988,9493.831,7310.1895,462.42935,3858.31,10328.44,-485.07867,1881.743,2736.1511,1
116673.65,2,1,2,26.632061,1,-2,0,0,0,0,-25909.82,30018.715,28292.322,1425.0662,19513.803,11120.713,1042.6339,2640.785,11107.382,-1250.5874,1376.8048,2754.2336,1
113326.74,2,2,2,44.95362,0,0,0,0,0,0,13958.871,122553.375,38805.195,7059.6875,8346.581,7688.7734,-3359.1394,1881.118,17108.578,-2585.7827,171.33412,5656.8354,1
110708.03,1,2,2,39.09199,-2,-2,-2,2,0,0,33956.637,105558.164,25761.02,109151.47,116704.64,79893.875,12604.284,-119.57435,37106.723,5368.996,14254.122,-2545.9248,1
109285.88,2,3,2,24.543411,0,0,0,0,0,0,84923.69,129145.25,108767.7,98548.2,100047.89,86259.79,1449.8615,6.48522,10471.33,1225.2332,15774.002,483.76184,1
134494.84,2,2,1,38.95709,0,0,0,0,0,0,97921.74,123922.63,40749.207,10124.547,9421.87,9629.408,-2067.3396,2335.0356,7951.6895,4244.7124,-113.7401,6238.1064,1
118827.914,1,2,1,44.18124,2,0,-2,0,-1,0,-17011.852,59649.26,28430.291,6437.5273,8044.1313,5453.3906,5615.2466,2605.3755,8936.953,1273.2302,614.7506,3684.283,1
144863.45,2,2,1,39.276546,0,0,0,0,0,0,119300.43,130778.125,116118.79,98472.35,92316.94,68646.85,-707.0003,940.8622,9811.207,3497.8064,1966.0328,5337.7666,1
148907.5,1,3,1,39.643234,0,0,-1,0,0,0,-5196.754,37551.305,25503.742,9082.18,4080.4146,5739.1914,-1323.453,2305.7415,16637.484,3124.8584,4306.041,5343.4917,1
140915.55,1,2,1,45.329563,0,-2,-2,0,-2,0,-12462.6875,35188.535,32632.557,962.55444,-583.3666,6769.9473,-2222.715,3605.397,7399.8955,-1620.397,323.24622,-21824.555,1
113353.875,2,1,2,27.2934,-2,-2,-2,2,-2,0,-22222.727,14322.189,23188.229,2751.8318,14629.761,8453.791,-1588.2904,3411.265,7915.3203,508.35443,2183.1523,2511.4666,1
135666.36,2,1,2,29.310583,0,0,0,0,0,0,163409.78,167496.9,130014.61,178808.86,105837.02,91491.63,-1031.559,-758.66174,12619.952,2321.0305,3590.3018,2164.7432,1
148338.86,1,2,1,42.732307,0,0,0,0,0,0,155827.98,156310.92,133519.27,162770.34,106365.24,101690.92,-1344.8632,-593.1056,14877.152,5145.7534,4558.1963,1998.9283,1
143777.67,2,1,1,45.35009,0,-2,-1,0,0,0,-5068.965,19663.908,22630.98,10349.477,1311.4928,3831.7656,-1576.266,1207.4747,8701.888,-867.75446,2195.2522,7107.4805,1
148136.34,1,1,1,45.633236,0,-2,-1,0,0,0,1636.3947,26412.158,70700.45,23933.982,37739.184,9882.211,-3579.2878,1744.3568,7264.69,358.46185,602.9459,-13368.669,1
114197.97,2,2,1,41.44186,0,-2,-1,0,-1,0,-12784.559,13889.037,19619.412,10852.725,6169.137,10604.783,2739.105,993.27673,9561.985,-1093.6304,12162.87,6248.6255,1
104990.33,2,2,1,27.559835,0,0,0,0,0,0,5993.793,102754.1,40634.5,7815.3984,33812.027,18672.531,458.15152,2030.3556,7748.607,-166.34868,885.3639,3923.4219,1
125959.234,2,2,2,32.554497,2,0,0,0,-1,0,-25692.71,57528.25,37076.715,2305.7927,16572.092,10266.406,730.00507,2342.61,16408.543,3622.818,1513.774,4840.999,1
115841.89,2,3,2,45.660305,0,0,0,0,0,0,68243.805,133674.31,116554.875,86144.86,87261.96,67005.42,-3697.612,1607.1481,7731.7607,1437.3962,977.7416,981.0802,1
146777.28,2,1,2,28.654413,0,0,0,0,0,0,179622.42,179497.94,131267.23,156263.94,103710.68,57901.574,-1153.9305,-470.4259,11472.201,2024.9873,1800.1464,5672.9014,1
150533.64,1,3,1,42.665146,0,0,0,0,0,0,199854.23,189530.48,126413.37,66140.13,67855.09,35375.523,-3572.702,914.6869,10032.13,3207.45,4899.7476,-23800.113,1
150497.55,2,2,1,34.630238,0,0,0,2,-1,0,7261.074,74110.305,34174.33,9454.375,3231.6567,12657.875,-3274.8816,3196.2876,7008.4775,1374.4133,1306.2863,5084.9165,1
121497.17,2,3,2,29.405182,0,0,0,0,0,0,113671.28,139714.0,118321.88,120710.586,106397.09,86798.83,-368.85483,159.92027,10061.777,2302.9417,3860.4578,1763.6273,1
109226.02,2,3,1,45.770607,0,0,0,0,0,0,-2667.777,107827.35,58138.445,7242.3047,23910.174,17625.242,-2078.1907,3073.8242,9896.554,-286.79938,1409.3126,4584.3794,1
140536.92,2,1,2,31.434381,2,-2,-2,0,0,0,-9017.6875,22035.197,20457.799,8975.23,36632.504,10534.084,-1978.1049,2564.0151,15801.238,16944.152,2712.1094,2891.3882,1
136141.55,2,2,1,28.20621,-2,2,0,0,-1,0,-21349.922,18211.17,25008.295,4676.2227,8401.767,4442.1523,293.03775,2234.3293,8409.674,-1362.7139,643.7833,5293.5186,1
145399.69,2,1,2,26.38564,0,0,0,0,0,0,185591.25,187536.83,134241.06,213250.06,120710.07,117164.79,-550.5828,-2654.861,14588.928,4506.527,6729.3325,1893.8087,1
135256.44,2,1,2,44.467514,2,-2,-2,0,-1,0,-13484.703,18429.26,24161.682,5093.1523,3700.6216,5739.254,-2671.0261,2886.7146,9752.614,1722.9773,1410.2726,1873.9716,1
126052.3,1,2,2,24.763254,0,0,0,0,0,0,96887.62,135629.2,117057.85,108532.44,90261.06,60580.156,380.66226,114.28503,10876.238,1287.696,3103.7632,-2707.5327,1
143999.39,1,2,1,45.09458,0,0,0,0,0,0,132997.06,130399.65,107528.086,24810.824,54105.51,33430.11,-910.3665,1344.8055,8001.7285,3191.8474,2272.5708,5082.4185,1
113260.61,2,3,2,45.225407,0,0,0,0,0,0,79713.67,126054.36,95743.91,41695.707,66825.76,44034.13,-3273.741,2486.9321,7392.3877,657.4941,1142.8234,-25.781628,1
115975.805,1,2,1,45.74305,0,0,0,0,0,0,62253.35,127305.28,93032.88,32632.791,18132.852,9327.613,-1253.5267,2710.8499,7199.287,5678.9604,973.7523,6654.5923,1
106276.695,2,1,2,25.327112,0,0,0,0,0,0,-12425.758,73232.39,37903.707,5039.371,32476.502,16795.93,-2251.0881,2438.7856,8912.477,-1793.2993,759.1581,3749.0732,1
141067.67,1,1,1,45.623337,2,-2,-1,0,-1,0,-6171.379,97251.03,15613.446,9559.074,7100.1763,3074.5547,30515.19,-503.93762,7500.5693,-770.5035,4113.973,3658.1448,1
127535.09,1,1,1,45.124527,2,-2,-2,0,0,0,-19632.258,125518.52,20039.43,5533.9297,23322.172,5930.047,42415.094,297.44568,6527.0933,-2846.3994,4656.375,2767.3162,1
129826.1,2,1,2,29.063404,0,0,0,0,0,0,158060.73,132634.75,105883.32,67119.64,81681.195,55609.66,-1832.243,766.87976,8598.474,1363.8323,2057.871,3780.729,1
139172.0,2,1,1,44.959126,2,-2,0,0,-1,2,10160.262,89696.25,59429.27,20909.154,16633.709,5584.1953,25023.24,-168.82436,9059.416,8231.721,5037.497,5095.519,1
121356.85,2,2,2,25.137184,0,0,0,0,-1,0,-11061.121,29876.4,24649.236,11333.982,23630.146,7006.252,-443.85922,1707.182,9654.892,12064.16,1632.6788,5281.2476,1
138415.03,2,1,1,45.406815,2,-2,-2,0,0,0,-10736.785,18503.555,29777.943,6253.664,7922.2075,6642.8535,-2110.8245,2803.6094,12703.811,-3258.2144,1683.4637,5599.068,1
139266.73,2,1,2,31.504992,-2,-2,-2,2,-2,0,-11747.402,16117.525,20668.07,7328.4297,40327.11,6561.783,-3604.4363,3193.8562,17595.164,21659.08,2264.5393,2343.5378,1
106796.47,1,2,2,33.68541,0,-2,0,0,0,0,-10674.07,72007.945,26837.771,3955.7302,41602.984,16088.141,19823.32,526.45984,7445.613,-2093.6533,1499.88,3335.699,1
107690.39,2,3,2,29.643959,0,0,0,0,0,0,96392.0,134958.19,115406.99,106959.625,102937.9,79267.04,19.59098,403.15222,9472.166,1621.6042,3642.8486,1842.5526,1
110687.96,2,1,2,24.161991,0,0,0,0,0,0,1107.4689,117625.266,59273.676,6738.75,12107.788,31529.984,3502.9814,-379.11682,8397.512,-1860.602,32505.877,2473.8706,1
141413.64,2,2,1,45.88701,0,0,0,0,0,0,17226.41,122268.84,93129.94,36959.4,59590.875,36822.414,-1617.0541,2101.0747,7983.505,1772.4536,293.70032,5736.173,1
79963.11,2,2,2,26.490099,2,-2,-1,0,-2,0,-19622.781,12793.061,12769.206,6676.4766,19577.594,6947.742,3630.902,1978.3073,5955.1104,-4704.279,2828.3833,2941.8662,1
104775.81,1,2,1,37.673676,0,0,0,0,0,0,3970.8362,121580.945,63466.27,7060.5195,46191.324,22627.92,16884.58,564.7069,7631.0654,2050.8926,1114.0167,4499.343,1
106060.21,1,2,2,24.80168,2,-2,-2,0,-1,0,-26069.531,-525.717,18642.295,2429.4802,19518.451,9325.186,-1572.3221,1920.1019,16160.498,1030.6289,3523.2373,-8178.882,1
119616.69,1,2,1,43.399685,-2,-2,-2,0,0,0,-26013.008,1602.3221,23481.65,3379.074,17610.166,8171.1562,-1277.8397,2007.3512,16500.506,-3709.962,1441.2262,2992.5474,1
110027.94,2,3,2,24.957855,0,0,0,0,0,0,114138.11,135511.1,113283.086,28374.26,68316.66,37686.656,1062.0992,590.96814,8783.309,439.66083,3684.6665,3192.8481,1
130678.5,2,2,2,43.89244,2,-2,-2,0,-1,0,-15704.289,24471.988,25818.904,3190.8982,4521.149,6750.633,-1364.3988,2765.6292,7099.2393,3371.7961,1210.6268,-228.79042,1
108841.6,1,2,1,42.313663,0,0,0,0,0,0,14062.922,123980.05,100320.414,11310.854,58352.984,29009.422,21066.252,704.22205,8011.6694,605.01874,1598.8082,3213.372,1
149023.7,2,1,1,43.034016,2,-2,-1,0,-1,0,-7586.6523,46818.57,20794.314,9148.047,1030.1725,20841.428,2683.6648,546.8646,9357.393,225.467,25311.566,6727.7803,1
110424.516,2,2,2,24.308817,0,0,0,0,0,0,36311.75,122512.984,38310.19,4690.629,21926.87,19111.787,-290.46323,728.1918,7868.532,-768.54987,8233.93,2551.3552,1
107936.67,2,1,2,25.961035,0,0,0,0,0,0,-20670.0,50777.582,36656.76,3456.4685,25932.201,19369.375,-2199.8884,2640.0632,6822.356,-2734.5796,1076.0001,3210.1094,1
131039.48,1,1,2,31.57858,2,-2,-2,0,0,0,-17260.344,7649.6035,66989.21,115365.3,105852.64,82752.805,-3557.2312,-3290.345,20115.088,-464.87555,55158.2,-48586.72,1
152639.88,1,1,1,43.75236,0,0,0,0,0,0,150337.72,157457.05,131133.89,154228.31,92591.22,28299.193,-3669.0183,3286.5613,12028.384,2839.9683,-1043.0184,-27999.762,1
149599.17,2,3,2,42.192295,0,0,0,0,0,0,192282.58,198483.73,136636.4,196254.9,116141.11,114265.75,-1607.3915,-1788.6393,13491.33,3342.7183,5742.375,380.72424,1
142665.31,2,1,1,37.76251,2,-2,-1,0,0,0,-12776.934,21502.535,26541.37,5839.5273,13851.472,6337.0176,-1988.4164,3868.676,17884.984,3421.5613,1683.3544,1288.1605,1
110107.42,1,2,2,24.362661,0,0,-2,0,0,0,-22057.914,19768.086,26524.838,6136.8047,14794.144,7897.994,31.518715,2025.1102,10477.13,1866.0613,652.9542,-1683.9935,1
141346.56,2,1,1,37.754025,-2,-2,-2,2,-2,0,-12326.68,25558.918,24136.498,7026.418,6116.6646,7881.289,-1581.3959,3628.825,13120.377,-998.86383,4660.0596,4083.125,1
131653.14,2,1,1,45.48939,0,0,0,0,0,0,69149.9,128662.695,113028.3,82284.39,84121.49,62292.45,-2321.3352,2049.8418,8497.693,2084.8193,1602.0658,711.2794,1
81433.734,2,3,1,26.504347,0,-2,-1,0,-1,0,-9112.156,7656.217,12631.202,13900.117,17404.46,3700.0312,2354.5156,1010.6395,9966.977,3611.9788,3931.8923,4456.3374,1
140757.08,2,2,2,37.843952,0,-2,-2,0,0,0,-21414.86,15854.943,29819.703,2793.828,847.2311,5238.5273,-2213.3591,3008.8516,5524.0337,-167.93755,-940.8705,-20567.533,1
129582.42,2,1,1,45.37793,2,-2,-1,0,-1,0,-14693.336,15794.342,26897.674,5030.5547,5495.3247,6778.5176,-2579.4446,3401.7268,17667.764,12.411572,2834.1504,-669.76697,1
112226.47,2,1,2,27.540123,0,0,0,0,0,0,-8944.113,84063.11,43969.387,5585.0586,24413.357,16586.996,-2498.2375,2314.4365,6645.5786,-1810.5181,997.8358,4514.4976,1
142687.38,1,2,2,36.930634,0,0,0,0,0,0,145387.62,153408.66,126735.58,134491.44,104640.01,89050.99,-1296.9916,-671.6295,11623.575,3296.0278,2690.0679,2309.173,1
122043.625,2,2,1,42.272465,0,0,0,0,0,0,93819.16,130166.52,110568.37,63394.773,72193.76,37666.055,-359.4354,1665.7347,8642.594,2108.0632,1430.5687,5048.898,1
140252.14,1,2,1,44.55063,-2,-2,-2,2,-2,0,-16950.625,21387.791,25536.68,4866.4414,6887.934,5555.3125,-1317.1371,3474.4937,11012.296,1616.5242,2218.5898,3447.1775,1
112383.74,2,2,2,24.482595,-2,-2,-2,2,0,0,-33157.36,3386.615,18243.791,1242.6443,17521.502,35343.65,90.228676,1498.4081,5792.3945,-2991.046,33627.676,-1516.8392,1
150716.05,2,3,2,28.902584,0,-2,-2,2,-2,0,-8056.039,31959.523,26755.227,4034.7537,823.192,4791.5547,-3868.3923,4105.1587,7204.978,-1139.1328,1393.1891,-22893.912,1
104462.48,1,2,2,27.974546,0,0,0,0,-1,0,132868.14,140518.06,123563.8,10536.033,77715.52,32592.756,1300.0773,-976.7623,10780.303,28344.873,3326.802,-1195.0756,1
129401.36,2,3,1,38.163834,0,0,0,0,0,0,132949.62,144399.28,120537.14,137253.42,108496.53,95923.625,389.03824,-111.276985,11960.908,3328.7205,8655.431,5971.8438,1
151585.06,2,2,2,44.356155,0,0,0,0,0,0,166813.77,172017.22,133802.17,115793.86,96751.055,32021.143,-2493.8225,1128.2484,9570.937,3329.9736,-1700.1898,9031.321,1
142582.3,1,2,2,36.843544,0,0,0,0,0,0,167618.0,171633.03,133626.64,166938.52,107551.06,104761.336,-1335.0409,-1567.7521,13846.348,3843.7415,3620.9167,1322.7318,1
100787.46,2,2,2,45.211544,0,0,0,0,0,0,152935.36,152580.31,115195.766,147064.92,19216.008,3284.8438,41668.3,-1537.818,9891.532,-1904.4404,4851.8833,2574.0083,1
140102.94,2,2,2,31.192928,-2,-2,-2,2,-2,0,-23511.484,12139.818,28782.75,1317.9373,2605.145,6859.59,-3949.3015,3307.933,5795.5845,-2377.775,787.10974,27.751575,1
112423.8,2,2,2,38.79871,0,0,0,0,0,0,84512.09,135045.64,120880.5,109455.59,99469.74,82912.26,-2271.7854,1089.6635,10497.659,1725.7319,1738.6334,-2312.287,1
106426.71,2,1,2,24.550074,0,0,0,0,0,0,-18955.39,36783.938,33420.047,5457.1406,24244.586,16722.293,-3212.077,2554.7563,7815.2036,764.2155,823.9689,4654.7646,1
96745.48,1,2,2,25.118761,2,-2,0,0,-1,0,-26272.023,23646.41,18569.361,4424.3867,25632.268,6632.867,8240.42,625.13416,13892.531,-2177.6992,1199.974,2474.9187,1
144877.64,1,2,1,45.565666,0,-2,-2,2,-1,0,-14867.195,27051.441,33403.477,2811.277,-5694.7495,14669.299,-3269.0789,3217.0852,6501.411,4103.6562,14672.722,-12092.024,1
144227.6,1,1,2,45.22526,0,-2,-2,2,-2,0,-15432.531,20952.324,31829.307,-3.4455507,611.5436,6430.494,-5265.508,4137.438,9818.58,1390.8687,206.24013,-4812.45,1
114219.516,2,1,2,27.750124,0,0,0,0,0,0,123762.125,146480.72,122543.51,136147.84,106270.89,93425.586,-723.8328,-323.62952,10573.587,2499.2703,3469.0898,1487.5785,1
134749.61,2,1,1,42.349598,0,-2,-1,0,-1,0,-2421.7498,17719.219,16081.825,14929.229,3881.0552,3910.9375,-261.9012,846.6322,9248.919,2452.6658,2823.7808,5887.4355,1
107665.41,1,2,2,24.628635,0,0,0,0,0,0,10091.48,107594.2,46583.316,7169.711,49062.766,24244.29,283.82486,655.1478,7966.4155,888.89276,1987.9022,3024.8955,1
131121.14,2,1,1,45.782436,2,-2,-1,0,-1,0,-8042.84,17704.016,18600.455,11259.406,13201.015,5540.172,1355.9384,2052.2131,26850.203,-2727.1816,3614.7678,4326.4927,1
122840.164,2,3,1,44.19042,2,-2,-1,0,0,0,-12428.273,17140.387,25274.596,7651.414,22495.574,14017.631,-1293.9032,3410.7085,7229.6978,141.74287,3473.9421,3749.2402,1
143377.19,1,2,2,29.295002,0,0,0,0,0,0,170779.92,175375.5,134058.39,196847.52,115549.516,114218.58,-1405.1815,-2434.8767,14372.067,4353.466,4659.658,629.3966,1
126076.48,2,3,2,45.758022,0,0,0,0,0,0,134068.19,148816.19,126188.54,104068.32,97855.84,75915.03,-2883.5823,595.42566,8284.912,1767.916,1781.9166,4483.085,1
109056.08,2,2,2,24.989141,0,0,0,0,0,0,-19571.96,60877.94,40164.742,4320.9062,27863.305,17972.14,-1749.7767,2602.644,9106.627,-2863.8013,-114.135605,1494.6625,1
152433.38,2,3,1,45.613426,0,0,0,0,0,0,142.95718,53993.87,41579.5,6222.1367,4009.4185,10144.959,-3062.363,3226.7664,7083.051,2510.2021,4010.4978,6902.43,1
104839.07,2,2,2,24.50547,0,0,0,0,0,0,-2004.4921,98036.4,32158.232,8165.328,30233.78,16427.428,-67.26742,1233.3219,7556.612,-586.3038,1048.0138,4873.533,1
114359.71,2,2,2,45.612213,0,-2,-2,0,-1,0,-12332.523,9889.865,17867.04,8461.555,31579.938,5958.2266,-337.14096,933.66345,7608.9146,18529.508,2666.2703,6833.8574,1
112294.71,2,2,2,39.92882,0,0,0,0,0,0,69384.125,127530.71,107673.516,94638.82,84448.15,55490.625,-906.4974,549.8202,19960.113,422.27924,1905.2118,3425.0547,1
115008.04,2,2,2,31.578728,0,0,0,0,0,0,84271.34,130512.66,113720.14,93888.72,98005.01,73773.82,142.71255,9.087759,9258.48,1588.2588,3942.1436,5437.073,1
120529.055,2,2,1,41.193966,0,0,0,0,0,0,203093.95,207270.89,56695.36,190377.97,112736.664,97686.74,22313.094,-13070.558,13812.9,704.57733,59925.32,-22678.547,1
124056.43,1,1,2,46.50846,2,-2,2,0,-1,0,25436.021,89813.945,12833.253,147572.9,37219.336,14783.35,39543.67,-145.44936,38451.95,49383.0,18339.945,-26806.393,1
104775.914,2,2,2,35.05281,-2,-2,-2,2,-2,0,-24318.938,5814.0566,25000.049,3126.5583,12128.579,7805.1094,-3152.278,3292.6738,8911.563,1660.0364,1323.0822,4779.797,1
138760.55,1,1,1,45.386944,0,-2,-1,0,0,0,-11141.219,10592.861,114013.484,3128.8943,5012.813,7346.033,-4351.629,-1556.6945,5930.386,2640.398,1697.348,-26247.818,1
110966.07,2,3,2,25.904198,0,0,0,2,0,0,-17721.547,84706.51,37689.797,315.00366,32328.012,18575.117,-3250.2634,2706.1965,5325.1904,16.945751,1702.6915,405.19348,1
106340.055,1,1,2,44.291065,0,-2,0,0,0,0,-19561.656,117205.27,72495.02,13276.1875,68450.37,29973.213,39011.773,-699.3634,8283.823,-442.08795,3967.7847,1435.3568,1
146267.28,1,1,2,37.485504,0,0,0,0,0,2,3041.7502,51471.16,34334.195,7179.9062,24966.035,31323.777,-1500.5883,721.495,18309.049,-2287.479,14266.781,7049.7095,1
109272.72,2,1,1,40.379906,0,0,0,0,-1,0,2168.5237,68997.484,35118.68,11574.154,3277.766,4912.9414,-2426.8733,2733.923,7828.115,2440.5552,1033.3812,6675.9893,1
145980.25,2,1,2,26.519934,1,-2,-2,0,-1,0,-15488.1875,37122.46,30089.623,2097.238,598.6061,9411.342,-2243.8938,3257.4302,5601.556,2170.929,4892.3867,-25576.646,1
132340.14,1,2,1,30.948212,0,0,0,0,0,0,133617.16,136871.17,119853.01,120409.055,102466.04,37605.855,281.4279,776.1483,11293.748,3990.0925,2390.7126,5484.2485,1
112572.055,1,2,2,24.579178,0,0,0,0,0,0,-17959.727,94327.27,50455.188,2409.5076,38244.297,25122.826,-3093.0881,2571.1003,6763.422,-1047.0454,105.179825,-24485.373,1
144427.05,1,2,1,46.929443,0,0,0,0,0,0,205455.14,185973.39,132014.53,206067.25,136702.58,106913.21,-2383.638,757.31824,52787.523,5242.932,7430.156,-63.9911,1
105601.7,2,3,2,24.505013,0,-2,-2,2,2,0,-26541.617,44701.113,20416.705,899.1443,19866.557,14475.248,16149.262,366.4027,5563.1943,-1609.8687,11729.781,768.36194,1
143898.06,1,2,2,45.15919,0,0,0,0,0,0,145238.1,156893.33,131615.64,160126.03,106576.44,102981.4,-2368.515,-834.79504,11832.684,3749.966,3083.289,1580.3414,1
124120.875,1,2,2,42.521442,0,0,0,0,0,0,145031.88,150869.61,94985.17,137525.6,59629.758,33119.715,-210.46957,301.85242,31279.734,2786.532,4771.995,2903.5955,1
147480.7,2,2,1,45.081203,0,0,0,0,0,0,-6727.457,70360.17,49853.023,5903.965,6506.0864,8157.285,-2598.8513,3326.7551,6265.734,-355.38824,-892.05115,7463.181,1
112448.48,2,2,2,27.447863,0,0,0,0,0,0,105190.695,135494.22,117671.38,116400.14,105481.336,85707.555,377.25455,-161.46693,11038.286,2120.287,2602.9275,2740.254,1
144610.58,1,2,1,45.594498,0,-2,-1,0,0,0,-5785.953,23409.207,24541.65,7803.4375,2389.6763,3704.1836,-193.50034,1481.6185,7875.8115,489.2519,2209.8374,6179.33,1
133019.95,1,2,2,37.019154,0,0,0,0,0,0,126932.12,134538.73,115727.22,53363.598,36629.6,19935.66,-631.8641,827.2406,9191.074,2262.8625,1580.7577,5238.9287,1
149495.02,1,1,1,35.583508,0,0,0,0,0,0,15326.816,71996.195,47920.992,7176.7188,13055.589,11228.064,-3028.3494,2486.5215,7270.0093,839.6667,599.75183,7041.967,1
147054.11,2,1,2,45.461906,1,-2,-2,0,-1,0,3663.1877,16251.248,19569.848,21584.578,10273.054,6161.1055,-2781.0466,1008.48987,27423.666,26033.41,5705.3784,1808.4598,1
149206.14,2,1,1,45.663124,0,0,0,0,0,0,175622.42,174131.11,137425.16,185570.64,110237.86,109830.0,-3353.818,-427.29504,11902.15,2859.723,2909.826,1027.2147,1
137504.47,2,2,1,43.880955,0,0,0,0,0,0,150209.03,166582.98,121818.91,85064.375,37622.16,95499.484,2080.7446,1602.963,10492.617,-997.89606,58728.625,-3563.5972,1
120321.375,2,2,2,42.91024,0,0,0,0,0,0,117468.766,145002.94,124171.375,138619.34,104481.28,92917.2,-1355.5721,-107.20814,10970.226,2822.2244,2400.0017,4373.892,1
143904.3,2,3,1,43.212845,0,0,0,0,0,0,180511.27,174769.25,128794.32,164374.31,105876.836,85504.95,-736.6307,-242.60023,13223.135,3355.359,4359.336,4041.1755,1
107030.19,2,2,2,24.81928,0,0,0,0,0,0,19188.977,121226.42,31705.752,10018.367,15828.528,8762.801,-1264.9999,1068.066,8279.223,-1480.0156,1062.3165,4448.2646,1
144659.44,2,1,2,38.4928,0,-2,-2,2,-2,0,-16176.039,34683.145,30807.658,753.80054,6618.1567,12014.172,-4017.616,4524.98,5019.818,3716.836,6742.683,-17219.111,1
127766.336,2,2,2,25.50923,2,-2,-1,0,-1,0,-17294.836,30959.332,13370.366,8255.102,15849.653,5405.4023,8987.146,1006.8417,11875.806,-3109.5303,2882.1797,4110.281,1
146409.5,2,2,1,43.444366,0,0,0,0,0,0,172921.61,178415.4,125765.69,116250.625,103462.85,84474.95,-1509.1996,-226.93227,14180.217,3177.782,1870.0797,3376.1904,1
142577.0,2,1,1,41.34872,0,-2,-1,0,-1,0,-9486.711,66203.14,28118.197,5287.9336,13738.423,16602.053,4569.2783,3993.8455,4984.6494,3825.1143,939.7069,-45582.1,1
151691.44,2,2,1,36.622776,0,0,2,0,0,0,125248.63,120980.51,90932.164,14355.162,-9106.972,28291.818,-6781.9316,6428.387,5058.9404,-6080.69,9761.791,-59927.715,1
124295.28,1,2,2,30.170252,2,-2,-2,0,-1,0,-22276.328,9409.666,16163.796,4934.258,14849.0205,7207.9727,2186.811,1020.4979,10984.875,1413.7932,2749.4734,3099.2896,1
128591.89,2,2,2,28.893982,0,0,0,0,0,0,142726.25,155793.78,126158.77,163126.53,108192.18,105772.97,92.657875,-1800.568,12077.175,3454.064,14106.546,5910.265,1
145702.42,1,1,2,35.986122,2,-2,-1,0,-1,0,-7147.3047,26711.639,16891.934,7530.6562,2411.02,4888.086,-1613.5717,1128.214,13070.762,1638.5911,3049.1067,3443.7783,1
86511.79,2,3,2,25.513689,2,-2,-2,0,0,0,-22921.61,11021.521,12665.87,4804.1914,40374.59,16996.078,1895.2662,1841.3048,14930.105,2046.19,3413.5452,-659.8773,1
151527.78,2,2,2,28.831049,0,0,0,0,0,0,196097.3,202219.81,140150.55,224798.83,121311.38,122531.56,-1379.5326,-3421.1223,15554.944,3909.9949,6512.5605,-2014.1136,1
110347.44,2,1,2,33.00382,0,0,0,0,2,0,-8543.957,88228.57,55665.37,20862.428,52284.266,34109.676,-1355.7928,2152.76,13818.434,-3550.912,1002.4159,4209.2144,1
116505.3,2,2,2,41.17449,2,-2,-2,0,-1,0,-19747.64,9737.971,22370.887,5020.0156,13678.796,7262.1465,-928.9764,2418.5432,11922.085,5453.3735,1688.4486,2682.039,1
136606.78,2,2,1,26.101032,0,0,0,0,0,0,124434.19,143382.97,121524.13,140422.0,104695.055,95390.164,1090.1151,-311.20325,11777.067,3765.718,3774.244,2234.0188,1
112735.08,2,3,2,44.94207,0,0,0,0,0,0,-8564.211,86636.73,53545.312,5295.3047,28147.924,20551.42,-3335.7224,3001.657,6475.7554,-1233.8457,762.0709,4952.13,1
145144.3,2,3,2,45.070366,0,0,0,0,0,0,170762.27,172136.98,131740.44,167720.23,109872.56,105562.7,-2585.4153,-470.90784,11766.972,3144.0857,4186.916,1004.8297,1
122716.305,2,1,2,28.081804,2,-2,-2,0,-1,0,-18114.398,11817.408,18922.68,5368.164,12477.044,7467.289,-165.01498,1839.236,9329.64,599.90155,2838.3606,2631.5488,1
106319.125,2,1,2,26.493847,0,0,0,0,0,0,4628.793,109100.82,54443.81,11756.053,49948.09,28057.207,-1462.1322,1524.2318,7739.192,-988.8223,1638.3778,3628.4678,1
112714.875,2,1,1,40.439537,2,-2,-1,0,-1,0,-16940.39,12802.064,20721.115,6855.375,9942.47,8317.289,-524.1209,2576.1748,8880.053,1239.2664,5091.2725,5199.092,1
111999.164,2,2,2,39.082603,0,0,0,0,0,0,85468.85,133718.67,118694.29,100792.734,92426.695,70148.01,-1362.2128,1014.65295,9799.423,1236.0808,929.87146,484.96497,1
121558.0,2,2,1,43.016083,0,0,0,0,0,0,144516.08,159520.5,108715.01,4320.551,1325.653,7503.0625,-3861.5847,3410.575,9274.668,-802.8555,21916.309,-26024.541,1
139876.62,1,3,2,45.182545,0,0,0,0,0,0,-13485.352,38793.426,37339.15,3014.156,9465.89,11046.268,-3701.494,3025.549,6826.9126,-1124.019,669.41345,5073.0356,1
105034.625,2,2,1,24.588186,0,0,0,0,0,0,-18396.516,37518.113,32654.473,7755.297,28182.855,7029.631,-703.387,2717.4663,15029.258,1996.5906,1188.8419,4892.624,1
113054.945,1,2,2,44.404644,0,0,0,0,0,0,107778.86,136885.77,120047.49,69902.92,68859.02,42220.195,-1579.9681,733.02527,14715.153,1203.8118,1843.516,4102.5796,1
109435.484,2,3,1,25.691437,0,0,0,0,0,0,129943.555,143432.89,116535.57,117762.0,97511.57,58070.47,1612.8514,825.36707,10827.812,2862.3108,4387.382,2178.7957,1
141793.02,2,2,1,45.551365,2,-2,-1,0,0,0,-11517.945,20364.373,32367.531,6196.9727,6647.516,6524.832,-1900.5775,3827.3074,7108.0415,1493.1687,913.9337,3025.8557,1
122936.195,2,2,2,35.506004,0,0,0,0,0,0,-20321.102,14192.018,36119.906,5269.242,5788.387,8760.941,-3737.1384,3001.6519,6915.499,-476.9112,-890.67664,6134.0293,1
142130.58,1,1,2,29.634182,0,0,0,0,0,0,173758.6,179535.67,131881.8,190856.23,113335.71,110872.305,-1905.0697,-1844.6652,13267.639,3372.8188,5030.678,-2149.6606,1
129990.516,1,2,2,42.985386,0,0,0,0,0,0,89689.125,132550.08,117079.8,90763.125,96360.21,71777.54,-1012.03253,126.14538,9102.78,2002.9666,1878.2863,4197.3633,1
114443.35,2,2,2,27.84472,2,-2,-2,0,0,0,-23269.797,628.3338,23499.541,4573.574,33552.19,16696.682,-1320.2753,2038.7982,6840.4785,-3153.5781,1390.9452,1994.5724,1
135676.06,1,2,2,37.27197,0,0,0,0,0,0,142436.86,153320.62,106760.68,55610.81,85171.54,55927.895,-878.0721,-404.70325,8726.344,1243.0842,1424.6088,4326.5054,1
143361.97,2,1,2,36.160862,0,0,0,0,0,0,180205.34,177380.73,134715.5,163323.94,112029.05,99093.35,26.849281,-2243.0173,11664.821,15530.467,4531.235,3634.8823,1
104895.31,2,2,2,24.658909,0,0,0,0,0,0,-12085.516,75756.92,40338.87,6651.1367,9067.2,5999.66,-1169.6073,2940.9814,6648.622,-3564.0234,741.8253,5801.085,1
117728.16,1,1,2,25.942305,0,0,0,0,-1,0,134131.27,145569.97,124431.625,73621.86,11449.774,6503.4043,1798.4686,60.974968,11074.371,4977.399,4872.7383,2037.7496,1
143664.5,1,2,1,41.314625,0,0,0,0,0,0,122581.984,142209.11,123051.4,124974.664,103879.71,81289.64,-415.97787,15.613638,10572.235,3839.3208,2785.0159,4192.05,1
124384.39,2,1,1,40.73989,0,0,0,0,0,0,152493.42,155393.81,120368.195,172635.92,105348.125,85922.75,-223.41098,-261.50354,10517.236,2851.8264,3978.9187,3296.8997,1
103396.31,2,2,1,24.62205,0,0,0,0,0,0,10128.359,93398.055,45478.246,8346.5,29076.645,16702.955,-574.34015,2119.671,7755.408,2963.7078,2116.682,2915.8345,1
108879.3,2,1,2,31.980068,2,-2,-2,0,0,0,-21651.844,44150.12,17211.77,4676.9336,18179.467,10004.889,8346.663,1796.1666,9499.786,-4903.277,1819.3776,3591.1592,1
109551.09,2,1,2,29.56379,0,0,0,0,0,0,95583.266,135380.1,117391.26,106783.414,101690.39,79517.45,-1109.4447,293.67078,9158.031,1415.6597,2471.1653,1803.2067,1
120076.055,1,3,2,42.587288,2,-2,-2,0,0,0,-24115.008,22765.0,26387.771,-713.8518,27665.145,9721.131,-2648.428,3616.2593,12770.338,2571.7134,2268.2632,-21716.598,1
112617.61,2,3,2,43.746643,0,0,0,0,0,0,-17717.227,83514.35,51697.613,1007.5388,21772.186,19820.275,-3854.9285,3913.757,6041.62,-1749.4595,274.74158,-5076.1943,1
107798.586,2,3,2,25.11418,0,0,0,0,0,0,104927.836,135189.52,113504.82,104365.375,100383.76,62487.52,636.16425,364.2489,9583.253,1294.2114,3797.196,1817.9027,1
115975.23,1,2,2,42.96558,0,0,0,0,0,0,30587.875,123696.484,87802.27,26295.56,73042.93,47232.953,-1206.9379,562.20593,8166.319,1493.498,2886.3796,5793.704,1
143625.48,1,3,1,38.82504,0,0,0,0,0,0,154463.16,154717.62,125957.29,155911.06,109728.836,101231.375,57.527992,-589.9088,12771.973,3851.987,4907.5537,2799.9055,1
116057.15,1,1,2,38.55196,0,0,0,0,0,0,123594.62,144731.89,122321.71,119549.69,79655.11,49111.94,-1184.1556,130.51842,10845.138,2652.2056,2986.9348,4734.4443,1
139779.89,1,1,1,45.62856,0,0,-1,0,-1,2,6142.703,86328.945,17956.516,14411.217,25092.428,10958.795,2798.7292,1.807974,12148.206,13524.378,3541.5044,1666.3546,1
149995.67,1,2,1,45.77633,0,0,0,0,0,0,186460.34,115863.55,72991.37,4374.8477,229.6803,4483.0625,-3538.1238,3037.8123,6625.973,2443.729,-2548.5593,7227.643,1
105665.914,1,2,2,35.925358,0,0,-1,0,-1,0,17808.36,120824.055,29331.146,7605.1406,20841.256,5370.7227,4087.0208,74.75329,15910.582,6807.037,2368.495,5662.489,1
138358.19,2,3,2,24.159708,2,0,0,0,0,0,-26507.164,12079.783,32142.451,24.85523,21071.8,14224.904,-4333.244,2666.7048,14917.803,-4530.1704,7545.8755,3215.736,1
112985.836,1,2,1,45.7234,0,0,0,0,0,0,64406.895,128476.53,109399.1,8926.387,26466.896,18552.672,-1730.7079,2009.4213,11442.84,2959.025,692.22327,4538.708,1
122734.87,2,2,2,45.238426,0,0,0,0,0,0,-23482.133,52174.36,48414.637,-313.1057,4119.696,14237.971,-5268.3193,3616.3472,7402.2886,259.08075,-803.65564,1813.6984,1
119602.51,2,2,1,26.081253,0,0,0,2,-2,0,57043.867,114740.414,33461.94,8631.805,6208.7075,5015.8477,-2767.0115,2992.8608,5792.605,-2915.396,599.8207,5869.2207,1
102742.47,2,2,2,34.92749,-2,-2,-2,2,-2,0,-24671.898,8958.963,24287.293,2135.2654,9870.144,7168.8965,-2289.7244,3338.4358,8031.7866,-825.51324,278.80945,3082.7405,1
125626.1,2,2,2,44.752262,0,0,0,0,-2,0,-17177.984,18019.312,36127.848,5414.5586,607.6139,5953.121,-4100.0107,3981.14,5211.934,-3276.9927,-1946.1884,6979.549,1
146781.14,2,1,2,39.696804,-2,-2,-2,2,-2,0,-8079.6836,20980.092,23228.54,6111.0664,1175.8834,7035.8867,-4027.4558,2920.0938,9032.877,1593.3142,3201.5962,6499.3037,1
130731.18,2,2,2,41.121357,2,-2,-1,0,-1,0,-18731.844,10987.412,21105.42,5530.9844,6745.094,6291.9453,-436.5975,1804.2223,9785.129,1539.4734,1921.722,4453.6504,1
133653.73,2,3,1,45.729362,0,0,0,0,0,0,-9127.637,62165.85,53010.254,4998.258,15277.403,15652.238,-3612.4177,3522.4902,6351.6895,-1006.4283,-264.3871,6499.477,1
140285.55,1,2,2,31.36852,0,0,0,0,0,0,171933.34,168699.25,131188.62,158192.1,107164.586,100487.77,-1047.1132,-1864.6422,12107.475,4000.1958,3373.8865,4056.9578,1
129156.16,1,1,2,37.7958,0,0,0,0,0,0,152132.66,162833.34,129814.18,131942.7,97708.06,72647.984,1345.0902,-640.0255,10732.696,1595.2737,2496.5574,3018.1665,1
154803.16,1,2,1,45.79362,0,0,0,0,0,0,174660.05,171855.12,138784.98,191637.83,113246.945,110818.62,-2361.4612,-1492.1359,14238.2,5268.471,4290.179,1344.5392,1
111273.74,1,1,2,29.491964,0,0,0,0,0,0,112862.63,133369.45,122874.6,65131.742,84216.29,39320.84,-1310.3055,480.70984,11071.121,1494.2954,3038.4321,5355.698,1
129088.82,1,2,1,31.743263,0,0,0,0,0,0,-4704.379,91504.6,48208.395,8639.266,36205.68,19833.445,-797.7557,1859.3885,7513.3315,-146.44682,1258.2858,4943.892,1
131801.11,2,1,1,44.923798,0,0,0,0,0,0,155010.52,145574.48,123487.17,128573.94,103287.664,76865.76,-1722.2572,915.3739,10311.258,3093.9265,2363.1174,4394.3755,1
106827.336,1,2,1,32.19875,0,0,0,0,0,0,32384.627,120823.79,87475.16,39227.613,77050.87,34134.25,973.6945,939.1625,11202.64,1538.1997,3454.9158,5115.936,1
142422.81,2,2,2,24.771593,0,0,0,0,0,0,186970.28,198874.56,136388.6,228947.58,124356.086,124756.6,523.38153,-3339.555,16003.625,4077.4102,7800.161,-6789.0264,1
134916.69,2,1,2,29.512197,2,-2,-2,0,-2,0,-13492.254,20774.36,19209.938,4708.0938,9781.841,7111.2734,-601.58527,2265.7964,5888.806,-4306.9976,2648.437,4673.251,1
115332.375,1,2,2,32.15913,0,0,0,0,0,0,51835.633,122773.39,82373.72,25307.578,71032.766,42178.676,-737.367,724.49255,8344.498,1400.2725,1493.8197,3541.9531,1
105838.03,2,2,2,24.607746,0,0,0,0,0,0,5968.59,114746.56,57528.9,10329.021,54622.516,29278.059,701.1838,886.8651,8462.233,336.72748,1878.0677,3340.7239,1
114479.14,1,3,2,44.45096,0,0,0,0,0,0,-1594.8514,126951.24,64494.82,329.0935,14173.081,7051.3555,-4342.625,3202.9636,7672.419,2167.6387,550.49915,-21309.14,1
118034.26,1,1,2,43.34805,0,0,0,0,0,0,60873.977,125766.17,77627.9,14428.566,46571.766,27949.232,-2080.4133,1407.1393,7729.752,685.1579,1283.0856,4551.758,1
130985.66,1,2,1,45.252663,0,0,0,0,0,0,18348.828,122738.52,69500.77,16534.758,52981.207,30427.174,-748.75275,1714.9486,9121.587,2274.52,1023.6273,4934.436,1
112679.32,2,2,2,25.441278,0,0,0,0,0,2,-18074.234,23969.648,29287.78,6932.25,33782.133,16850.924,687.4792,1364.2684,9516.742,1080.9727,1255.0546,2439.5942,1
99776.4,2,3,1,46.123745,0,0,-2,0,-1,0,8059.125,91379.13,23684.11,12226.281,47378.41,3536.9336,-914.29474,1026.8173,7464.1396,21167.113,1832.3834,6802.7417,1
108336.38,2,1,2,26.325657,0,0,0,0,0,0,102630.84,135464.58,116571.4,111076.086,104472.586,80319.97,-716.2884,-30.949839,9654.986,1622.3967,3076.1885,2360.7085,1
113667.15,2,2,2,25.2567,0,0,0,0,0,0,89521.76,132631.28,113866.62,104648.89,104165.14,77625.77,1142.3805,-224.89516,9463.137,1794.4355,2509.9446,2892.4504,1
101663.836,2,2,1,27.74663,0,0,0,0,0,0,-2017.8632,119016.62,52698.04,7186.9727,38745.91,17412.08,19721.32,680.244,7320.103,-1243.8472,1410.1857,3835.7603,1
107911.914,2,2,2,31.405783,0,0,0,0,0,0,7238.6797,119442.51,62166.84,9118.6875,19030.309,11160.002,-1387.4784,1781.1051,7240.646,2822.8643,555.5228,5803.831,1
150682.27,1,1,1,45.453262,-2,-2,-2,2,-2,0,-1281.828,26903.562,26954.203,9312.0625,4067.8325,3663.6602,-2926.695,3099.9575,13343.465,3682.3943,1724.5001,6477.393,1
121295.95,2,2,2,25.388382,2,-2,-1,0,-1,0,-19366.336,1370.287,16372.423,9053.922,19317.797,5969.926,735.88885,1155.5126,17822.152,-1650.731,2940.5808,3333.696,1
105853.805,1,3,1,45.994392,0,-2,-1,0,-1,0,124918.93,23271.453,20848.158,9589.273,5580.7075,4880.8516,-365.40366,1229.5358,7669.939,5397.062,3894.785,6465.287,1
109445.4,1,1,2,28.2315,0,0,0,0,0,0,99481.16,133322.47,102051.09,40319.266,80277.91,49686.098,-513.40314,134.12437,8908.799,475.49603,2488.582,2865.0352,1
129165.84,1,1,2,45.26575,0,0,0,0,0,0,143698.84,154780.84,126710.8,153605.86,110015.73,103185.8,-2295.445,-1387.2291,12105.655,2804.389,9702.824,7178.46,1
134139.39,2,2,1,44.828503,2,2,0,0,0,0,-26427.453,5613.4473,56827.836,161.6521,11436.304,9178.848,-5339.8184,2437.14,12828.571,-4280.2417,1138.9513,-2003.6508,1
148513.9,1,1,1,45.970898,2,-2,-1,0,-1,0,123.187645,31841.072,17335.797,12683.979,6331.067,3992.7266,-456.79233,331.328,19581.28,2893.9163,3328.722,5903.4346,1
110192.54,1,2,2,25.424976,0,0,0,0,0,0,102665.21,136180.11,116504.805,84177.086,95504.68,56963.7,1405.7133,-303.9713,8952.265,1125.1553,2326.2173,3053.4705,1
148663.22,2,1,2,43.671116,0,0,0,0,0,0,177282.88,184416.33,134126.9,203409.12,117568.96,115085.164,-2868.8577,-1386.1305,13785.943,3347.1494,5171.0986,221.73155,1
112759.21,2,2,2,44.76765,0,0,0,0,0,0,98178.57,130186.21,124882.19,44379.566,66087.234,40508.074,-2205.4167,1669.8109,7724.2764,2253.1045,9.623183,5596.148,1
129542.99,2,1,2,28.690958,1,-2,-2,0,-1,0,-21229.023,9147.49,23350.242,4531.3867,11788.712,10579.158,-1267.6073,1078.0162,19093.156,-1997.4751,6786.841,4619.9307,1
137563.33,1,1,2,30.825472,-2,-2,-2,2,-2,0,-15083.617,16535.834,20091.623,4539.6953,9531.433,5949.824,-1891.7899,2756.1604,8931.516,-270.08795,2252.2466,4851.082,1
110097.64,1,2,2,41.99474,0,0,0,0,0,0,13623.598,119752.81,61159.27,8003.535,31341.396,17444.623,14194.202,509.11853,7707.9644,-1621.5957,754.51575,4437.935,1
140725.27,2,1,1,45.357475,2,-2,-1,0,0,0,-11543.07,36433.617,32379.63,2489.4177,11472.056,5699.8945,158.80533,3223.13,5790.4717,-2845.1865,1446.4452,6403.523,1
90119.74,1,1,2,26.20279,2,-2,-1,0,-1,0,-21069.11,54540.332,11886.327,5368.426,16717.79,5823.4883,10627.126,1613.8319,5837.802,-729.9288,1805.703,-18871.688,1
120796.516,2,3,1,45.55588,0,0,0,0,0,0,88166.01,131302.94,113301.04,95997.11,92937.63,69794.77,-1178.7577,1406.2584,9020.175,2443.3767,3232.2913,3431.4236,1
124296.62,2,2,3,44.782112,0,0,0,0,0,0,-17768.836,62287.44,56979.168,1559.4451,7734.891,12989.57,-4243.6504,3862.074,6570.126,-1966.7314,-324.93787,5430.6445,1
102029.93,2,3,1,45.824154,0,0,-1,0,0,0,18310.07,106086.11,29834.506,12427.334,5172.028,4660.2305,-1950.0048,2184.112,6995.9883,-129.65385,1487.2823,6492.0635,1
101958.375,1,3,2,38.447124,0,-2,-1,2,-2,0,1293.1837,22654.746,18644.654,6692.6016,4419.7544,5378.3984,-2976.494,3006.4314,6109.652,-3278.541,2397.9116,5625.61,1
140183.47,2,2,2,42.91882,2,0,0,0,0,0,56268.56,139308.69,129338.89,176476.64,111812.625,105034.875,37985.68,-6042.4883,13708.352,2280.58,4697.766,-730.91833,1
139605.77,2,2,1,26.53646,0,0,0,2,-1,0,-12716.223,57059.566,35344.75,5956.1445,-609.6244,6324.9277,-3037.9514,3019.9688,6266.731,-520.7413,1241.8966,6883.3335,1
99266.59,1,1,2,25.129126,0,0,0,0,0,0,7118.336,123659.39,29010.842,9086.949,22788.773,9171.623,-1595.015,610.2655,10765.736,2473.0728,2828.9219,3628.9692,1
144305.56,1,3,2,45.52628,0,0,0,0,0,0,190414.27,187899.84,130554.99,204656.64,113953.62,104598.81,-1223.6044,-2183.8586,19567.93,2841.0571,5945.23,1178.8527,1
110504.81,2,2,2,24.507414,0,0,0,0,0,0,51398.49,122281.89,68160.07,21495.38,35797.062,14150.262,-1556.722,1928.3729,15633.677,15829.036,6085.3213,-23572.47,1
131375.95,2,2,2,24.811596,0,0,0,0,0,0,140372.52,153593.16,122543.125,124798.016,107074.336,89544.914,351.63736,-886.0841,10935.687,2532.6843,3144.792,2551.3796,1
128537.625,1,3,1,45.450863,-2,-2,-2,2,-2,0,-14135.883,25929.14,27176.08,3162.4646,11910.216,8854.262,-2068.4788,4389.9385,13197.922,3240.878,5156.757,637.6481,1
141148.23,2,1,2,32.211983,2,-2,-2,2,-2,0,-16993.672,34424.336,23883.092,1723.1052,3942.8599,7981.953,-2701.9773,3463.6047,5085.494,-1291.709,1784.8358,5766.435,1
111569.46,2,1,2,30.351568,-2,-2,-2,2,-2,0,-28108.836,11150.396,23363.217,802.24194,11144.751,12773.674,-1862.3046,2252.6938,5777.808,-4299.4907,6796.98,4083.697,1
109927.65,2,2,2,34.151695,0,0,0,0,0,0,75195.82,129669.305,113173.19,93814.26,96399.41,70531.21,-947.23224,608.06726,10824.904,1299.8438,1545.3595,2973.7761,1
120494.766,1,2,2,25.394596,0,0,0,0,0,0,143709.48,149594.3,121983.8,144512.67,100214.62,51240.402,709.74384,-609.96106,11344.084,2601.8684,2868.9192,3270.7192,1
135958.3,2,1,2,45.499416,0,0,0,0,0,0,162884.98,147742.52,126689.56,134852.88,104010.46,88955.64,-3156.765,286.79285,9583.714,2390.2441,1719.0089,5269.443,1
120455.016,1,1,1,44.600407,0,0,0,0,0,0,116341.52,141634.55,118031.57,14537.764,72473.43,51739.234,659.507,766.20984,8495.027,13762.859,51731.76,-875.03406,1
112091.27,2,2,1,39.361996,0,0,0,2,0,0,-18074.273,65142.91,96652.71,14763.578,49473.207,28410.064,-4063.5496,492.2616,5759.588,-1092.7661,-477.26453,1532.5607,1
153180.83,1,1,1,45.854202,0,-2,-1,0,-1,0,17725.328,32173.871,23260.879,4743.7773,-1475.097,3723.9453,-2977.703,1729.9052,22429.264,-47.50005,1077.1381,-19774.066,1
132864.53,1,1,2,45.27632,0,-2,-2,0,-1,0,-12455.832,8427.939,78213.61,1866.3982,12972.103,13936.762,-4756.034,845.62537,5863.672,6593.765,11864.01,-23491.082,1
105242.38,1,2,2,28.574537,0,0,0,0,0,0,36730.03,123399.54,73689.87,9527.918,55087.418,16702.76,778.71454,445.80896,21936.352,-1378.1006,1811.7682,1971.6881,1
106003.23,1,2,2,24.826801,0,0,0,0,0,0,-8828.3125,89705.77,41315.633,6143.832,47310.5,24655.422,-569.0369,1142.1371,7734.447,594.5937,1049.6661,3173.7378,1
123336.97,2,1,2,42.393238,0,0,0,0,0,2,87071.18,127925.3,111173.414,97697.72,100542.51,69913.984,675.5275,-372.3048,11062.307,4092.7947,2665.882,1489.8873,1
143651.53,2,1,2,37.727108,-2,-2,-2,2,-2,0,-10943.445,22877.336,25786.115,6324.922,6376.52,5729.504,-3504.3748,4195.899,6746.3843,4075.254,1308.6212,3977.1719,1
88895.43,1,3,2,24.981213,0,0,-1,0,0,0,30117.81,111352.984,21784.936,13421.344,16956.648,4967.418,1496.1952,105.001335,6837.7974,-897.7608,3762.8037,3590.3105,1
108332.08,2,2,2,25.261179,0,0,0,0,0,0,68172.98,126140.32,101123.15,41379.145,79763.1,48831.36,886.2243,463.08728,8448.416,343.9101,1727.7665,3152.797,1
151561.25,2,1,2,31.878433,0,-2,-2,2,-1,0,-6374.1953,36935.41,21120.863,4823.375,28847.49,5931.5234,-4089.1375,1463.1134,8153.5815,15815.926,1774.7333,3395.8567,1
137543.42,2,1,2,29.123194,2,-2,-1,0,0,0,-12329.41,12086.432,21710.117,8025.8125,15259.245,9210.883,-1886.5741,2383.9578,14126.166,-3760.8193,2526.0425,3649.1057,1
103581.25,2,2,1,44.9259,0,-2,-2,0,-1,0,-22265.742,4979.4863,14721.546,7193.992,21785.729,76926.68,5575.303,212.77525,8403.088,-646.0606,51603.883,-1718.5048,1
115730.71,2,3,1,45.648144,0,0,0,0,0,0,122306.69,145405.6,121800.5,98794.375,94518.27,70494.08,-1065.077,1197.0492,9645.613,2275.4165,2816.6423,3306.6777,1
121109.19,2,1,2,31.705128,1,-2,-2,0,-2,0,-20288.625,2616.443,34372.215,5915.961,14213.452,9846.105,-2918.179,1590.0277,18864.113,-4174.562,4220.2373,3849.6814,1
117433.79,1,1,2,38.552246,0,0,0,0,2,0,16550.715,123415.12,80543.29,52494.727,61649.434,39804.14,-792.4764,1302.3861,18257.621,-3150.8823,2680.4722,371.07532,1
141261.44,2,1,2,26.643133,0,0,0,0,0,2,-2108.4685,57087.168,33390.69,9034.582,24286.494,13325.686,-946.06085,999.79114,7673.4937,759.2131,2565.96,6093.6226,1
117005.84,1,1,2,43.528934,0,0,0,0,0,0,-22882.867,47095.01,38947.01,820.60913,11347.171,16000.439,-3883.4695,2647.629,6450.0303,619.6818,9201.144,6244.707,1
121194.99,2,3,1,45.95462,0,0,0,0,0,0,124530.21,131066.7,114558.11,16574.781,35434.613,19177.572,-2023.8724,2772.4187,8316.451,1898.3875,571.62683,5798.6436,1
105067.09,2,2,2,24.79585,0,0,0,0,0,0,-4920.5,101076.58,47343.258,7821.7812,46874.36,22882.873,-355.93002,1336.3214,7771.2437,-460.4195,949.4093,3739.852,1
142777.06,1,2,2,34.117798,0,0,0,0,0,0,181703.36,182254.03,134305.23,193535.83,113037.42,104317.25,588.46893,-2375.0066,12379.699,4060.6106,3306.1582,3325.9983,1
116443.4,2,2,2,24.684795,0,0,0,0,0,0,22563.652,120013.836,51396.496,8152.0586,47463.105,25041.389,-48.99105,895.3519,7783.3696,-607.4097,1592.514,3806.9104,1
136864.33,2,1,2,42.68399,0,0,0,0,0,0,192304.48,189400.8,134092.2,142966.6,115045.18,99794.266,-758.97394,-3508.6008,11005.176,32862.07,9186.848,2262.7805,1
140807.02,2,3,1,44.76092,0,0,2,0,0,0,107624.31,138228.66,120863.84,117763.84,103483.5,83586.67,1421.3256,434.28064,10459.344,3223.7996,4313.0967,3001.235,1
144370.22,1,2,1,41.0255,0,0,0,0,0,0,156632.6,156892.39,125020.086,48643.5,75603.336,46285.727,-677.69806,413.33875,8763.823,1776.0288,1454.805,4780.215,1
114931.555,2,3,1,44.8421,0,0,0,0,0,0,102801.266,133259.6,114255.62,23707.25,47093.832,23958.342,-1010.8265,2333.2197,7957.918,1856.0449,1782.4384,5542.728,1
137057.78,2,1,1,43.89197,2,-2,-2,0,-1,0,-16585.047,11523.451,22836.145,7375.0234,8874.554,32894.06,-858.2205,1472.9261,9490.653,955.4245,33930.258,4372.2007,1
111268.72,2,3,2,45.700123,0,0,0,0,0,0,57230.55,129479.64,98525.336,39991.13,70361.79,44857.3,-2798.6628,1652.3986,7522.195,638.8283,1287.8041,4501.0215,1
116867.27,2,2,2,45.347843,0,0,0,0,0,0,-15190.0625,64364.14,48086.742,2024.5974,6352.059,13082.637,-4739.337,3412.5374,6536.6235,1935.6919,-2463.7112,7047.298,1
141742.95,2,2,1,44.560646,1,-2,0,0,0,0,-21572.883,97750.695,50255.35,3349.3787,34947.957,20193.469,25190.217,2321.6692,6495.427,-1660.3037,1833.0707,1256.068,1
98051.26,1,3,1,26.944908,0,0,0,0,0,0,-14304.398,20254.797,27493.756,6857.5977,18573.002,7655.873,-2278.4143,2437.3708,10499.025,-1612.0752,2017.2367,3676.0,1
146193.1,2,1,2,44.726395,-2,-2,-2,0,0,0,-14502.445,9897.693,27051.646,4470.4766,3525.5396,4526.715,-2770.9333,1203.3868,8615.866,-2175.0684,859.7157,6375.8315,1
146503.81,2,2,2,39.36773,0,0,0,0,0,0,186120.19,186924.8,136957.4,219723.95,120877.52,122279.35,-2756.199,-2009.2399,14511.707,3536.9543,5756.6606,-2920.4048,1
126774.08,2,2,2,39.490635,0,0,0,0,0,0,185045.47,190235.84,118378.78,182671.47,134712.75,102485.15,690.8576,176.02184,53966.957,2776.6848,6365.8677,-5843.4014,1
133993.62,1,1,2,36.570023,2,-2,-2,0,-1,0,-21220.32,4709.6855,19789.785,6050.0664,10347.618,24716.201,-1034.6703,663.76306,11552.797,394.3886,23769.826,3018.8442,1
121146.76,2,2,2,25.737627,0,0,0,0,0,0,-17311.984,54398.05,37723.656,5435.7695,18818.838,9438.98,-2044.244,2491.83,6195.0903,-2632.8105,234.91566,5856.0806,1
143632.39,2,1,2,30.351974,0,0,-2,0,-1,0,520.5939,16620.854,22782.152,15173.775,9220.786,8503.566,-2638.6956,815.6322,7738.1567,8212.426,1854.985,6778.4624,1
129611.01,2,2,2,40.757866,0,0,0,0,0,0,145873.73,155149.4,128080.664,126188.65,103217.836,89265.695,-1575.6522,-40.9972,10120.138,2795.4573,1646.8075,3254.3625,1
119779.09,2,1,2,31.13143,-2,-2,-2,2,0,0,-30042.375,4385.4824,17917.11,1725.5935,14651.88,46166.477,-1634.1053,1375.0641,5362.859,-4763.055,39318.008,1175.7689,1
133235.36,2,2,2,44.323475,0,0,0,0,2,0,43043.332,126303.45,83819.31,28028.668,53539.992,37650.375,-2063.5964,2441.5288,9643.293,-2652.5625,-652.1937,479.50964,1
147637.75,2,1,1,45.13193,-2,-2,-2,2,-2,0,-6632.824,64853.824,23687.625,6658.082,1165.9694,4572.5,6753.141,2582.429,6322.556,-2051.6953,1347.1383,5709.3926,1
128506.37,1,1,2,35.6342,2,-2,-2,0,-1,0,-10882.629,19922.1,14230.085,9105.945,29213.744,8488.107,191.87076,1399.6095,12542.23,14644.784,3642.591,2697.4846,1
109932.28,1,2,3,44.747772,0,0,0,0,-1,0,93774.01,128419.16,53589.438,6774.172,1279.6881,4961.9375,-2989.0598,2003.4135,10980.211,2931.66,-1021.3407,7519.9663,1
99291.65,2,3,2,27.269218,0,0,0,0,0,2,37527.41,99328.5,44002.156,12819.289,53406.45,23746.512,1750.4723,705.5585,8036.611,1581.1562,3189.1443,2781.368,1
134192.14,2,3,1,42.885593,0,0,0,0,0,0,162484.77,157426.92,126447.6,129006.41,104955.4,88720.47,-747.1268,491.94812,10728.959,3263.209,3648.835,3166.5598,1
118215.664,2,3,1,45.558914,0,0,0,0,0,0,131350.17,146853.05,122445.82,132073.98,105915.96,91945.445,-1105.8407,772.4955,11054.065,2909.358,3648.294,2452.059,1
121630.12,2,2,2,43.623253,0,0,0,0,0,0,64607.63,127997.84,112161.46,10873.141,31863.57,21275.406,-1358.2865,1735.0497,7499.6025,-327.9737,362.787,5939.666,1
113469.16,2,1,2,40.963997,0,0,-1,0,0,0,-10471.871,91882.17,49099.332,4474.8867,28986.959,16430.023,-1734.1464,2242.5295,7348.8267,-712.8038,1327.3737,5342.7266,1
93680.516,1,2,2,24.628986,0,0,0,0,-1,0,29223.23,116846.95,52248.484,13098.195,20330.453,10798.725,4513.528,-841.45715,15823.376,6616.0312,8099.732,3399.2178,1
104611.54,2,3,1,45.658672,0,0,0,0,0,0,-16569.555,120011.586,89345.98,37106.63,75542.99,42683.746,39840.055,751.7611,8102.7305,553.8066,3409.8655,2644.638,1
110478.89,2,2,2,34.079224,0,0,0,0,0,0,84909.95,131690.89,115563.9,85088.734,81130.3,54170.28,-603.1883,721.7206,8791.659,802.10443,1260.6576,4224.154,1
115874.5,1,2,2,27.985441,0,0,0,0,0,0,66089.34,123813.82,94994.8,18321.527,63231.08,34081.652,509.04752,367.4945,8233.066,195.7939,1968.358,4162.618,1
104131.42,2,1,2,25.043541,0,0,0,0,0,0,51558.715,122182.586,87354.43,35598.812,77503.195,46794.145,-45.66732,443.38123,8253.983,228.04414,2833.039,3563.3606,1
117787.13,2,1,2,32.15378,0,0,0,0,0,0,134902.84,145666.98,122262.72,138243.0,106514.32,94607.805,-1102.5966,-512.8722,11015.867,2722.7344,2451.8616,4165.386,1
111689.29,2,2,1,41.849346,-2,-2,-2,2,-2,0,-22093.562,29315.824,25176.223,4210.6953,8943.583,5796.129,1297.5502,3634.3699,5541.033,-1183.9111,463.94006,5035.73,1
108919.43,2,2,2,44.53551,0,0,0,0,0,0,4194.504,110563.99,54158.01,4985.707,17321.594,13670.549,-2757.0408,2175.5676,6606.124,-1922.0098,-32.707382,6403.865,1
125523.05,2,1,2,27.073927,0,0,0,2,0,0,89100.76,135714.48,116105.484,97049.81,96768.336,33444.004,-2406.056,1009.6918,5868.06,927.9589,1731.3993,5346.2476,1
145028.36,2,2,2,36.902836,0,0,0,0,0,0,171011.25,178123.77,132182.64,185558.11,108398.23,105459.086,-1446.8807,-1489.1241,15401.694,3542.8928,3333.6643,1335.5338,1
136848.02,2,1,1,40.29373,0,0,0,0,0,0,164746.19,161614.77,129490.15,168049.8,104139.0,92299.15,-1149.5648,9.921255,12194.437,3261.815,3671.5605,3157.1306,1
136836.92,1,1,2,44.389202,0,0,0,0,0,0,164651.27,168638.86,131257.17,176595.69,107905.46,99316.61,-2286.7366,-1047.3273,13032.556,2988.7185,3511.9448,1403.7106,1
114975.26,1,1,2,43.7845,0,0,0,0,0,0,108008.43,135171.88,115661.94,91651.71,96282.26,69071.39,-2329.5574,338.47107,8735.774,1724.6843,2391.4902,3529.2864,1
109954.8,2,3,1,45.741837,0,0,0,0,0,0,11515.598,101090.57,47859.656,5585.5664,11441.356,11677.768,-3174.6384,3186.736,5920.439,352.79657,809.45544,5274.7266,1
113387.35,2,2,1,44.88701,0,0,0,0,0,0,86673.36,135806.55,71519.37,11150.283,53063.035,31076.701,-1565.8959,2120.4592,7689.196,2889.689,-118.01744,6036.4673,1
109837.03,2,2,1,44.678688,0,0,0,0,0,0,-10650.047,96013.93,56117.098,7147.0664,30183.426,20813.354,-2259.0115,2837.8135,8329.166,1122.8333,38.423965,5662.678,1
137351.55,2,1,2,32.419342,-2,-2,-2,2,-2,0,-15823.016,19320.504,22981.168,4376.1562,6498.602,6217.672,-2097.3704,3391.9705,6388.4224,-2118.0356,1493.212,3939.8276,1
118313.85,1,1,2,36.30506,2,-2,-2,0,0,0,-23391.492,66872.55,22130.684,1977.9958,14248.591,8969.9375,17303.1,1383.2745,5726.322,-4315.4253,3424.8145,4310.8643,1
109226.55,2,1,2,35.458767,0,0,2,0,0,2,24290.607,104806.58,23665.588,11355.068,38193.95,13966.924,6401.9155,-112.86976,22491.055,8072.9604,3516.2087,248.7169,1
147536.03,2,3,1,41.760338,0,0,0,0,0,0,188418.38,182505.4,131231.56,169399.77,109073.26,103718.33,-547.5916,-734.963,12793.823,3853.444,4099.409,3608.03,1
123545.84,2,1,1,45.716938,0,0,0,0,0,0,121439.4,147453.05,119396.484,95238.5,93508.41,72536.055,-2476.4846,1027.6405,8504.051,1747.9707,1257.3475,3591.092,1
112255.97,2,1,2,25.497877,0,0,0,0,0,0,127736.2,144431.95,125702.35,130337.9,101880.97,78484.5,-79.80013,-648.11145,11126.942,1648.9585,5871.82,5733.68,1
148371.75,1,1,2,44.273014,0,0,0,0,-1,0,196787.44,215427.39,27982.91,1337.492,-2518.019,11773.738,11875.075,-3421.5256,9289.976,-2803.6313,1589.7189,10105.257,1
154588.86,2,2,2,44.85122,0,0,0,0,0,0,194410.67,193642.39,139780.52,208203.55,117099.914,20090.258,-2362.596,370.72156,18681.805,1926.5322,-916.14685,6452.9487,1
135640.84,1,1,1,45.543087,2,-2,-2,0,-1,0,-16891.383,9633.846,23445.77,4398.5625,18549.791,12403.377,-2454.139,2031.4218,23665.037,5843.9067,10572.944,-2093.7393,1
94050.44,2,1,2,24.740454,0,0,0,0,-1,0,-7833.617,84994.89,28725.248,9614.816,13397.39,5526.2344,3558.8555,961.8978,8511.391,-2874.8594,2189.844,4775.7993,1
115646.664,2,1,2,35.073418,0,0,2,0,0,0,151340.11,158941.8,116990.89,8392.207,103627.93,70488.96,3451.4023,-2297.1624,8721.505,30183.12,4254.303,4474.1973,1
112240.17,2,1,1,44.447563,2,-2,-1,0,-1,0,-17528.29,8055.6074,24140.94,6536.2734,14517.587,8880.051,-2362.2517,2892.9749,17842.467,3575.6301,4792.265,3409.201,1
101308.016,1,3,1,40.577805,0,0,0,0,0,0,61417.598,122090.49,89416.83,28964.412,44416.746,4722.5703,5789.8457,1642.4513,8295.814,-2141.8408,2266.9998,5003.2363,1
102252.88,1,2,2,38.553925,0,0,0,0,0,2,23672.314,121178.41,61871.496,9356.711,58386.535,25519.465,2281.6702,376.4496,9299.555,3797.2434,1443.7809,-3004.954,1
142759.02,2,1,2,25.250687,0,0,0,0,0,0,191158.62,156350.4,107945.164,10712.125,2000.2194,4423.59,-508.25522,390.32068,9575.94,-1097.728,1443.5021,7813.2305,1
119650.38,1,2,2,26.124939,0,0,0,0,0,0,133750.56,146206.25,119784.0,117682.31,106213.85,79029.055,458.1862,-857.1046,10799.734,2463.568,2913.1692,1672.3881,1
106578.15,2,1,2,37.22035,0,0,-1,0,-1,0,-20328.36,68809.65,32572.941,204.43726,-104.69861,6797.0273,-924.71954,3278.5234,5455.8545,3137.2317,1135.3695,-17236.479,1
112676.07,2,3,2,45.570564,0,0,0,0,0,0,-7067.047,98210.36,57583.082,4591.2227,13460.487,14007.951,-3746.6375,2702.759,7734.363,-1421.6787,326.20886,6055.385,1
112198.06,2,1,2,45.62945,0,0,0,0,0,0,63931.77,130695.37,107770.984,71100.24,50499.46,30850.186,-2961.366,1784.3502,11471.893,-1207.8579,589.10706,5191.494,1
112137.05,1,1,2,43.140285,0,0,0,0,-2,0,113577.34,145991.88,31114.531,6791.1836,4621.1763,5721.3867,-1876.1586,1459.11,6080.602,-3178.8408,775.9159,6412.548,1
143420.78,1,2,1,44.36073,0,0,0,0,0,0,155299.52,157795.55,130674.38,145604.14,103539.7,97607.445,-1093.4305,-477.0094,11907.777,4323.149,3121.6602,3189.8594,1
111958.44,1,2,1,45.52393,0,0,0,0,0,0,26927.494,126412.875,99289.74,5994.2266,16621.215,12964.172,10499.0625,1183.6332,7923.0483,1128.1609,1284.9296,4877.0244,1
145566.98,1,1,2,41.480263,0,0,0,0,0,0,178907.14,182267.53,133126.78,189232.44,112072.164,107350.18,-2180.7034,-1655.591,12880.558,3429.0964,3848.6577,1137.0265,1
105405.49,2,2,2,25.397062,0,0,0,0,0,0,63291.984,124914.46,117432.21,30764.723,47795.066,26099.537,712.01385,841.09216,10651.9375,-1018.95123,2255.5913,3967.9248,1
129825.734,2,2,1,44.23133,0,0,0,0,0,0,132556.08,147347.25,124852.59,139412.56,102274.53,90854.27,-997.2332,513.7079,11900.554,3413.7126,2403.9783,3403.252,1
144899.5,2,2,1,46.07348,0,0,-1,0,-2,0,-142.87485,36737.383,31320.887,10783.025,-1758.7181,3127.586,-1881.6185,2664.4998,7469.97,-54.2105,-397.1327,7697.3745,1
136430.33,1,2,2,33.062336,0,0,0,0,0,0,143508.36,140882.3,129477.88,129478.54,103713.46,92955.016,-1041.7299,-454.57434,11991.309,3107.8972,5984.3105,3247.7078,1
123577.03,2,1,2,45.590992,0,0,0,0,0,0,120788.51,146918.08,126280.98,136929.94,104893.94,96440.19,-3106.3308,19.284048,8929.357,1855.6445,2076.731,4433.313,1
110007.55,1,2,2,30.045303,0,0,0,0,0,0,49946.16,124901.66,78743.11,12104.24,63720.41,36459.38,-182.56625,658.9203,8058.201,1027.0767,1387.3859,3079.642,1
111827.61,1,1,2,30.212458,0,0,0,0,0,0,73575.74,127722.37,106394.42,77735.164,91854.13,64522.273,-876.00323,67.23913,8857.219,1256.9624,2794.9521,2709.23,1
111067.46,2,1,2,43.768444,2,-2,-2,0,-1,0,-17846.75,16010.705,21672.502,4211.672,7840.2817,6368.836,-467.70297,2488.2825,6178.578,-1305.523,1266.578,5336.509,1
131145.75,1,1,2,31.927649,2,-2,-1,0,-1,0,-17007.156,7237.1113,16961.35,6204.4023,11475.944,7267.4395,-1594.0023,1321.7413,10409.873,1280.1106,4142.9565,4735.337,1
111464.484,1,2,2,26.43267,0,0,0,0,0,0,67322.49,126808.984,104007.01,65208.055,91442.85,61644.785,1158.504,-209.13832,8967.542,1264.9397,2257.1423,2522.5198,1
149008.1,2,1,1,45.833244,0,-2,-1,0,-1,0,5626.5547,34893.84,23441.986,9554.734,144.17639,4810.6953,-1899.0677,1329.3717,8786.453,4604.2637,3071.869,6820.9443,1
139326.89,1,2,1,45.727604,0,0,0,0,0,0,83476.09,133887.66,87369.44,25725.693,62687.254,37539.39,-1541.035,1378.2289,8008.208,1257.2751,557.7457,5494.9204,1
113865.16,1,2,2,34.314034,0,0,0,0,0,0,106228.914,138081.19,119397.77,90347.92,92476.766,65768.11,-293.8978,38.342644,9164.904,1284.5667,1690.5939,1665.1141,1
101042.43,2,3,2,27.973228,0,0,0,0,0,0,25780.832,121668.7,75274.65,12350.969,35053.06,20959.373,-475.97202,1636.7201,7836.723,2055.6458,3371.0754,2739.5054,1
134946.94,2,3,1,45.24668,1,-2,-2,0,0,0,-15260.266,27246.254,35711.242,571.74976,10622.427,10574.424,-3334.4119,4427.9927,11077.873,1786.4143,4109.0444,-2.8358269,1
129418.086,1,2,2,42.747242,0,0,0,0,0,0,131106.08,146874.75,122669.73,96187.875,99317.05,77607.664,-1694.1327,-119.50794,9318.598,1825.2874,2027.2548,2727.257,1
134582.4,2,2,2,42.520546,0,0,0,0,0,0,-18370.164,33212.9,41862.055,3672.6912,6204.3325,10642.727,-3941.6433,3265.652,6227.722,-2152.0342,-1346.0604,6405.65,1
109686.85,1,2,2,27.370878,0,0,0,0,0,0,-24039.758,22047.17,33038.86,3995.0896,18483.965,12693.064,-2639.846,2241.8687,7099.8145,-950.9898,-88.28746,4030.6082,1
141465.17,1,2,1,45.131218,-2,-2,-2,2,-2,0,-15984.836,26944.523,26358.152,4128.461,3743.2856,5143.074,-1638.1576,3564.1965,8238.889,1075.0771,1495.3461,2139.8003,1
155533.27,2,1,2,39.018967,0,0,0,0,0,0,198049.73,213715.84,138514.92,157317.8,110263.984,105989.484,11767.523,-3586.9827,20430.11,7716.9746,17766.188,-22687.422,1
107996.41,2,2,2,24.49412,0,0,0,0,0,0,-22698.203,19849.0,33501.71,5513.5234,19347.982,13532.178,-2723.4607,2401.509,6510.708,1418.8599,84.063614,5000.484,1
141991.58,1,2,1,45.77379,0,0,0,0,0,0,92512.58,134582.17,121230.25,106581.11,99336.8,79367.68,-1557.8319,554.93445,9696.225,3228.4429,1746.5133,4249.667,1
127384.31,2,2,1,24.98155,0,0,0,0,0,0,103755.586,134545.34,116172.484,114943.65,103798.07,74061.42,1883.9181,80.67907,10115.929,2863.0596,3324.4617,2743.458,1
149135.48,2,2,1,30.63137,-2,-2,-2,0,0,0,-9834.434,5727.4746,19535.08,11587.914,8289.452,3598.7969,-1236.0765,520.306,8069.476,739.27094,2252.2927,5022.4785,1
98584.81,2,1,2,30.958708,-2,-2,-2,2,-2,0,-23487.617,12619.889,22988.21,1932.0857,11540.401,8347.221,-2501.9197,3481.7495,7762.4263,-1193.667,1502.5656,2269.338,1
108184.18,2,2,2,24.814754,0,0,0,0,0,0,62509.426,124693.96,101301.88,65551.07,89709.58,61158.71,1052.1859,127.973015,8925.668,1018.06244,2580.6453,3062.5303,1
123527.234,2,2,1,28.595171,-2,-2,-2,2,-2,0,-19883.79,10377.096,22748.432,5931.453,12262.478,5715.59,-1027.91,3404.3533,8174.621,353.75165,1460.1644,3008.6047,1
147910.4,1,2,1,42.691086,0,0,0,0,-1,0,195820.97,214771.2,29960.557,1389.0271,-2697.5503,10914.721,12169.439,-2284.3762,11889.514,-2267.8945,834.5475,-306.29773,1
91146.05,1,1,2,29.546339,-2,-2,-2,2,-2,0,-23408.117,24831.215,15027.302,1272.117,18244.8,9386.914,617.4533,2796.0571,8325.704,993.38446,2385.819,1763.2001,1
137025.94,2,1,1,43.087833,-2,-2,-2,0,0,0,-14241.828,3530.736,24224.424,8945.5,10822.255,7321.33,-2181.1692,1893.048,8187.2446,1536.362,3132.001,4978.299,1
147041.89,2,2,2,39.25307,0,0,0,0,0,0,187357.22,191471.78,137022.7,216394.2,119694.8,116107.74,-1259.4657,-2296.9563,14595.704,3789.8652,6782.971,717.3563,1
105372.58,2,1,2,26.47061,0,0,0,0,0,0,24899.506,120758.21,73792.6,22149.217,64810.742,37368.695,-1270.3236,1120.7426,7854.113,269.1706,2129.158,3169.2612,1
98493.96,1,3,2,25.753134,0,0,0,2,-2,0,18878.535,104481.266,25586.889,5319.1133,10637.759,6136.1445,-3414.2117,2596.8435,5452.8433,-3824.9478,1725.3925,4486.395,1
149136.97,1,1,1,45.43402,0,0,0,0,0,0,139006.44,156396.73,131950.67,137262.88,103244.06,94672.94,-3263.1228,1278.6412,12738.723,1024.7664,5278.273,-3019.8447,1
100861.3,2,2,2,25.195602,0,0,0,0,-1,0,-14209.676,4902.158,21172.633,11399.854,69829.96,28999.57,-1552.6791,314.52527,6969.7266,28760.021,2493.0852,4128.989,1
119775.97,2,3,1,29.188744,-2,-2,-2,2,-2,0,-17812.305,26149.994,20204.592,6268.926,14559.372,6486.9746,2572.0532,3242.3638,6648.0273,-3115.7778,3347.3562,3506.1628,1
126563.33,1,1,2,45.109413,2,-2,2,0,2,2,-11011.047,105282.5,9862.382,18218.55,68619.61,15355.057,33702.906,-1344.6886,24370.105,-3609.4458,8268.369,1357.1735,1
143828.17,2,2,2,27.054604,-2,-2,-2,2,-2,0,-13659.758,15641.389,20065.352,6768.5273,18784.842,9909.014,-1903.7909,2450.3684,6420.5386,10415.454,2484.3564,5309.9233,1
104734.9,2,1,2,24.564981,0,0,0,0,0,0,-16798.648,51924.492,33886.484,5824.59,22117.494,8467.102,-3107.2454,2657.579,5895.4043,1202.8823,582.7433,5179.849,1
122506.88,2,3,1,45.84219,0,0,0,0,0,0,128667.13,148265.92,125208.81,133727.3,105710.44,92653.74,-2179.5627,713.3998,9809.218,2868.464,2685.8862,2898.507,1
105213.17,2,3,1,40.284115,0,0,0,0,0,0,83718.79,128192.8,108738.87,80490.766,84786.92,59851.793,-544.8553,1509.4823,8693.567,1875.9937,3143.878,3152.8047,1
120839.56,2,2,1,45.30747,0,0,0,0,0,0,112300.3,136160.06,111593.31,73819.84,65168.39,57672.207,-1004.5589,1072.3324,7689.0254,1588.5354,12021.13,5625.0415,1
106190.88,2,2,2,26.200079,0,0,2,0,0,0,80440.64,131023.58,107690.66,68247.02,65695.55,31618.914,6415.9688,-18.438608,11235.206,2483.0198,2577.7214,4090.6091,1
112057.87,1,1,2,32.466995,0,0,0,0,0,0,118287.62,144168.52,120868.37,124516.08,106604.336,86976.15,-806.9549,-623.14026,10336.755,1768.0911,3385.9248,2124.1934,1
136000.89,1,1,2,43.20932,0,0,0,0,0,0,163947.98,140068.69,75336.77,5180.6836,19279.03,14994.719,-2777.0403,1338.5482,7199.858,521.92865,1303.0948,4840.8228,1
129012.5,1,1,1,44.327114,2,-2,-2,0,2,0,-12807.824,988.86896,18856.674,125916.95,114408.72,73348.18,-1398.432,2017.1691,39537.73,-4966.179,11966.132,-595.1293,1
122565.47,1,1,2,42.27758,0,0,0,0,0,0,168514.34,166602.72,129766.35,108494.875,117343.164,101649.26,-804.3001,-3165.9553,11286.512,36214.44,10741.318,-903.01746,1
99467.25,1,2,2,26.1963,2,-2,-2,0,-1,0,-9832.32,2387.3923,9974.276,8384.09,60542.324,14989.385,941.7763,546.26794,11725.016,28705.033,3657.6882,1870.4691,1
139122.77,2,1,1,44.760715,-2,-2,-2,2,-2,0,-25715.39,12195.885,29060.574,34.456795,5670.5005,62953.207,-3629.161,2918.569,4747.6265,-4400.895,46358.297,-3915.8213,1
145088.22,2,1,2,24.758968,0,0,0,0,0,0,183645.25,189516.95,131874.47,193345.02,114598.59,110653.875,-284.39877,-2009.4454,13609.097,5295.15,3972.8884,-22723.014,1
149327.7,2,3,2,43.363873,2,-2,-1,0,-1,0,-2592.2888,29113.014,17303.287,10188.77,977.47327,3742.3125,-2034.8842,652.60925,7749.364,1833.8162,2584.5623,6197.786,1
116958.62,2,1,2,40.109856,2,-2,-2,2,-2,0,-17806.797,14041.893,30993.512,2415.3591,7298.2153,7240.6367,-4092.3992,3279.5435,5298.6895,-4835.565,1178.3859,4796.145,1
146336.05,2,3,2,39.171635,2,-2,-2,2,-2,0,66851.45,32336.748,26623.156,4540.4414,-943.7103,5636.633,-4187.9023,4412.2734,5778.3213,-3614.6777,782.6185,3083.3333,1
122164.96,1,1,1,44.82229,2,-2,-2,0,-1,0,-18834.117,17826.156,24050.002,4299.7656,9461.409,22205.93,-275.67368,2061.4673,8496.386,2342.7136,10333.349,2255.091,1
124453.95,1,2,2,45.544155,0,0,0,0,0,0,129617.13,132266.23,109000.98,59545.926,82445.11,55955.434,-2872.3289,812.89246,10120.62,1402.4897,491.88416,4847.797,1
114058.04,1,1,2,41.183346,0,0,0,0,0,0,-9814.848,80730.46,47195.57,3922.41,24650.924,12170.379,-3274.7068,2345.7834,6792.199,-2375.4897,602.9989,6056.606,1
144956.02,1,1,1,41.066334,0,0,0,0,0,0,-11058.324,43266.973,35463.906,7271.051,2289.438,5446.418,-3644.3425,3471.1145,8109.7837,-2123.023,605.94324,2694.6768,1
108338.86,2,2,2,33.515976,0,0,0,0,0,0,-15470.945,73121.02,40861.91,4806.4727,17119.773,12562.164,-2751.6047,2664.9995,6490.651,-2259.6626,-415.53308,5902.0996,1
131234.19,2,2,2,44.581448,0,0,0,0,0,0,146299.8,159592.38,127846.125,146553.83,104378.336,97298.43,-2186.8352,-364.54456,11712.295,2635.5044,1707.2948,2842.2449,1
108844.72,2,2,2,24.37537,0,0,0,0,0,0,-10441.168,102610.375,41756.223,3839.4958,16953.05,7329.1934,-1495.077,2055.5928,6085.773,-3272.1792,476.62146,-420.48376,1
132952.7,1,1,2,35.944263,-2,-2,-2,2,-2,0,-18124.195,16066.424,21316.94,3436.3474,8086.6685,6571.158,-1850.6381,2932.0356,8475.493,-3835.0435,2147.319,3711.9246,1
138616.44,2,2,1,39.743206,2,-2,-1,0,-1,0,-12938.211,16727.992,20099.188,8547.957,4766.989,6048.4453,-840.77374,2071.6655,10917.751,1951.0188,4261.699,4055.952,1
96683.56,1,3,2,26.932474,0,0,0,0,0,0,25691.373,117939.63,57229.605,18511.807,56067.598,5372.4297,-268.5599,1557.3961,8846.677,2155.9521,2498.8638,4235.461,1
107076.81,2,2,2,26.209267,0,0,0,0,0,0,27537.111,120651.95,56919.695,9212.066,48725.836,25929.832,-355.42514,1233.7064,7944.4805,-900.564,956.35974,3861.7424,1
108399.02,1,1,2,35.298466,0,0,0,0,0,0,68469.06,127029.945,100275.516,23610.178,65870.5,37852.055,-1604.2362,788.5521,8005.817,388.21893,1808.7194,3470.8315,1
104268.79,2,1,2,30.557854,2,-2,-2,0,-1,0,-18320.977,8038.623,17175.81,7076.133,14504.341,6878.25,-510.04672,1968.1403,8639.438,-1077.5029,2327.7463,1970.0526,1
149058.64,2,3,1,45.930504,0,0,0,0,0,0,192757.94,175147.6,131489.84,162374.36,107617.67,88502.93,-2384.7551,-209.35121,13596.355,3262.524,2554.6406,4955.1143,1
132983.11,2,1,2,31.350096,0,0,0,0,-2,0,165286.5,146365.06,93418.76,11855.256,2613.317,4556.293,-587.09894,1679.7938,6667.603,-1742.1562,1318.2067,7049.1216,1
140635.47,2,1,1,44.775753,-2,-2,-2,2,-2,0,-11836.461,26852.857,26085.666,5870.0703,4754.7036,6005.6367,-2009.62,3827.912,7210.269,27.860302,2447.6108,4505.6973,1
146566.39,2,2,2,42.716766,0,0,0,0,0,0,180766.39,186594.83,134147.69,196705.66,109987.51,109955.15,-2363.0837,-1708.07,13375.271,3567.7153,3880.2095,831.8019,1
139800.64,2,2,1,44.502792,2,-2,-1,0,-1,0,-15084.148,26666.041,25180.65,5626.586,338.27014,5752.754,-181.04184,2537.8167,6312.0674,-1817.6401,7717.4346,1132.5402,1
96096.18,2,3,2,24.682898,0,0,0,0,0,0,-506.36703,90825.89,40783.434,7928.086,40673.492,21141.617,-703.6585,1577.6827,7460.0894,-1512.876,3309.3052,4039.936,1
120854.17,1,2,2,28.426085,2,-2,-2,0,0,0,-26558.617,677.0096,15856.991,3571.8591,30261.227,10765.465,-948.2708,1486.4657,16955.383,-4254.1245,1885.7435,1836.9989,1
113896.01,1,3,2,28.222767,-2,-2,-2,2,-2,0,-19511.57,13556.092,17170.682,4793.621,18378.578,6748.0527,25.020668,3078.0562,5511.6216,-3962.0405,2696.3103,2551.3562,1
111427.14,2,2,2,42.481953,0,0,0,0,0,0,-8765.094,93547.0,47636.99,4675.543,25216.043,19071.574,-3214.446,2517.562,6602.581,-1653.854,-591.31824,5754.181,1
143939.81,1,1,2,45.28495,0,0,0,0,0,0,171621.45,173799.23,132709.4,169725.2,108964.414,105140.06,-1966.0468,-1275.714,11758.476,2874.2705,3727.2422,1688.9408,1
149346.36,2,1,1,44.997116,0,0,0,0,0,0,188149.19,186882.89,136038.52,219223.48,118294.71,115381.54,-1109.1805,-1481.8668,15675.536,4641.196,4278.8965,3134.8977,1
110740.83,2,1,1,45.49823,0,0,0,0,0,2,-8209.914,73222.77,51859.246,7661.8867,29415.229,7375.6074,-1931.0863,3260.0623,7441.2183,2570.9465,435.1454,-242.42714,1
104129.39,2,2,1,30.077463,0,-2,-1,0,-1,0,-8880.992,4563.42,13744.382,12706.51,11216.1045,3831.5703,1294.4125,1049.17,8019.2544,40.050243,2352.3445,5132.472,1
146738.98,1,1,1,45.598015,0,0,0,0,0,0,155884.38,154230.47,127264.04,101744.47,90434.85,55756.152,-1803.1088,530.7543,9017.971,2424.027,1922.247,6068.503,1
109544.14,2,2,2,42.58689,0,0,0,0,0,2,11247.895,112643.1,57878.984,13292.611,57443.1,29811.824,765.7116,321.537,8452.606,2309.381,1890.9933,4008.9604,1
127170.016,2,2,1,45.737564,0,0,0,0,0,0,128898.65,138164.55,121531.94,32986.03,34390.72,17921.611,-1269.328,2135.4695,9000.014,988.33344,-146.61998,6931.2705,1
145472.44,1,1,2,45.44632,0,0,0,0,0,0,178445.17,176738.05,134555.72,185259.89,112080.37,109881.78,-3615.9119,-1386.6852,11863.392,3144.7783,3546.25,1305.6229,1
130423.07,2,2,1,40.87308,2,-2,2,0,0,0,-25419.953,10855.295,17815.219,10357.355,56646.58,30798.86,-695.48956,2545.9824,25106.139,-2611.3018,2407.4292,450.73035,1
115679.78,2,1,1,44.331543,0,0,0,2,-2,0,38594.805,126293.44,36376.902,5924.1055,1314.9615,5569.4805,-3679.4392,3572.6414,5283.1396,-3452.2212,-462.30115,6498.926,1
146232.7,2,3,1,45.790794,0,0,0,0,0,0,174563.47,174524.56,132747.08,174671.2,110941.51,107353.79,-1828.3973,-381.82678,12477.195,3443.7017,4523.53,1172.6573,1
116842.29,2,1,2,31.00503,2,-2,-2,0,0,0,-15995.648,9332.791,22861.99,5888.547,18612.064,7118.9043,-2031.5458,2891.6963,5803.5,-530.8619,1779.4191,4488.42,1
106740.97,2,3,2,44.89915,0,0,-1,0,0,0,-17533.023,57558.31,34336.387,2073.8787,13172.401,14479.887,-2363.8425,3526.6638,6161.6763,-3446.233,1720.223,4358.793,1
117321.055,2,1,1,40.027195,0,0,0,0,0,0,29641.943,120885.77,80619.05,25474.98,53346.914,30590.826,-1506.4115,2291.848,7684.645,449.11005,1476.7477,3212.7363,1
121002.24,2,3,1,45.517693,0,0,0,0,0,0,-11159.902,60652.33,45271.2,4748.1523,16302.401,14122.455,-2827.7463,3664.9392,6437.2188,-1335.8726,827.3573,5657.049,1
116469.57,1,3,2,45.419537,0,0,0,0,0,0,-17295.031,47841.02,38291.793,2747.1794,6876.688,7309.0938,-4098.622,2994.9492,9123.756,947.95795,-263.61316,6350.9062,1
120548.36,1,2,2,36.644558,0,0,0,0,0,0,128002.49,132021.84,105633.33,6091.449,27005.771,13783.111,-1381.8094,1294.6173,8036.038,669.5512,803.9149,3948.2944,1
107610.03,1,2,2,29.73683,0,0,0,0,0,0,-7386.047,98136.63,33311.977,7218.8906,14118.466,8526.242,-1652.4769,1445.4398,6516.5996,-1650.5142,583.431,4360.5415,1
141135.16,2,2,1,41.807117,2,-2,-1,0,-1,0,-22285.14,37606.938,22714.63,2338.074,6104.766,43116.81,5832.8047,2336.675,5294.6265,288.851,38596.77,-2101.2612,1
139365.34,2,3,1,27.782396,0,0,0,0,0,0,176513.8,173243.58,128928.45,172550.61,110674.32,103521.055,633.30096,-934.10657,12704.102,4073.4363,5088.187,2011.5033,1
100012.92,2,1,2,24.97442,0,0,0,0,0,0,7591.332,115316.82,55957.12,11165.283,48760.332,24090.084,420.10318,1027.6805,7291.696,-594.7247,2707.4265,3473.0122,1
124530.64,2,3,1,45.405834,2,-2,-2,2,-2,0,-12712.234,33261.17,27815.771,3024.4998,5350.1216,7560.711,-2684.9827,4917.989,5916.6777,-2349.5186,2402.3167,1638.7653,1
145871.25,2,2,2,45.038822,0,-2,-2,2,-2,0,3390.5276,23935.969,29592.117,4279.7812,-3124.7417,3869.3281,-3856.4626,3367.7043,5954.109,-1269.6909,-639.98914,7194.95,1
112343.69,2,3,1,45.512993,0,0,0,0,0,0,12717.422,73552.36,52238.88,1231.6716,136.46545,6285.6914,-5090.8926,5236.543,5122.9824,-2694.002,-2670.1028,-17136.12,1
114361.914,2,1,1,32.50656,2,-2,-1,0,-1,0,-12550.156,28177.371,19160.709,8298.496,8033.854,6492.869,46.80973,3125.424,8570.286,2957.2922,2882.721,908.6256,1
116024.734,1,1,2,45.262646,0,0,0,0,0,0,5015.297,32504.125,38455.6,1296.2654,15401.14,15610.283,-5535.2314,2573.0608,19117.744,-2785.878,-428.83484,5486.5684,1
125580.086,2,1,2,42.600204,2,-2,-2,0,-1,0,-16227.766,33883.133,20232.605,4663.832,6070.5747,6231.201,2450.615,1756.736,6160.705,-1563.3599,1632.5206,5744.968,1
139727.8,2,2,2,37.14934,-2,-2,-2,2,-2,0,-15132.984,13796.729,23446.941,5611.797,2861.3755,4455.16,-3053.5916,3026.3484,5815.3877,-2609.4795,802.2953,6078.19,1
110668.51,1,1,2,29.15516,2,0,0,0,0,0,-24976.977,107604.55,49469.504,9730.559,68118.67,39910.58,19131.59,1307.8556,10700.61,-874.54156,2547.4688,-526.9867,1
119771.47,1,2,1,43.512966,0,0,0,0,0,0,-12342.285,77017.88,49133.746,5794.992,30841.854,19755.752,-2286.0505,2636.7158,7516.4663,256.2929,301.2235,5430.686,1
100155.99,1,2,2,25.962526,0,0,0,0,0,0,-23894.938,-3179.006,16433.443,11235.109,61730.445,30412.654,-2415.4998,746.12585,24561.902,-1461.8975,1503.3217,509.99988,1
105372.75,2,1,2,28.036875,0,0,0,0,0,0,17452.371,119475.72,69158.75,18892.71,59424.703,29477.107,-1516.4545,1376.639,7791.2036,-296.1861,1761.6332,3992.0264,1
148290.3,1,2,1,45.087635,0,0,0,0,0,0,145756.8,154335.48,129601.53,141701.05,100867.82,78240.42,-3124.802,1293.3275,8940.62,1860.0864,1117.7694,-23638.264,1
109673.88,2,2,1,44.734676,0,0,0,0,0,0,5800.1016,121682.695,66729.875,6900.457,16980.404,13264.861,-1814.5219,2329.12,11032.33,1527.2017,2522.7283,6029.7036,1
146091.8,2,2,2,34.99699,2,-2,-1,0,-1,0,-9975.148,20147.66,17601.14,8379.387,1774.4967,3969.7422,-1559.703,1139.9181,8274.389,1644.2747,1733.859,5877.3027,1
101947.26,1,1,2,30.838825,0,-2,-2,0,0,0,-18919.055,3026.1228,14517.659,7414.324,20340.326,9778.756,696.97577,596.33093,11216.059,-2636.9678,3344.171,3644.556,1
145720.47,1,1,1,33.09753,0,0,0,2,0,0,-16726.414,64077.34,43063.023,-691.62915,18000.27,14229.957,-4454.6074,3338.1228,5077.4,567.71185,1938.244,2832.8718,1
105286.69,1,3,2,32.933167,0,0,0,0,0,0,17606.531,117878.87,57540.258,13740.047,52194.87,28659.047,-921.97736,1272.3273,7651.7837,-367.1441,3117.3398,3489.8298,1
145311.95,2,2,1,31.504765,0,0,0,0,0,0,188722.08,194394.0,135736.77,223923.45,118009.67,117504.96,1617.586,-2243.7288,18486.473,5882.3975,7531.482,-7083.009,1
146044.55,2,1,2,28.391375,0,0,-2,2,-2,0,-10526.594,20009.936,32874.043,5458.742,-2215.9097,5397.0625,-4973.6807,3246.163,5602.722,-2597.643,785.11633,7362.1143,1
140583.48,2,1,2,36.754005,0,0,0,0,2,0,-16071.0,19476.713,41286.95,3242.4607,-5002.726,6742.996,-5389.1875,4327.7114,6119.5884,-3360.8726,-3551.346,34.333607,1
128666.734,1,1,1,44.783604,2,-2,-2,0,0,0,-12931.25,4699.662,16967.045,55304.68,39696.08,14536.807,-2128.2888,3071.1987,29963.723,1070.178,3604.48,-145.86903,1
109876.19,1,2,2,39.76925,0,0,0,0,0,0,26356.648,123496.61,83238.73,24233.324,71029.38,42480.715,-687.3328,743.03503,8189.52,463.19452,1108.683,3886.1243,1
139310.08,1,1,2,45.425465,1,2,-2,0,-1,0,86696.88,138477.11,36025.85,645.3552,1155.5553,7478.535,-5863.6445,2403.7402,12647.994,2691.8083,1695.0509,-22723.057,1
105742.76,2,1,1,37.7957,0,0,0,0,0,0,56787.7,123395.82,99499.25,54310.793,74419.43,45000.957,-1067.8358,1582.609,9230.804,1033.7122,2022.2123,4010.3713,1
116236.766,1,2,1,26.374197,0,0,0,0,0,0,107922.09,127609.88,94128.375,9279.828,11407.882,4115.3438,2497.7004,1003.328,9164.414,3558.6035,2389.6553,5701.4946,1
100167.59,2,1,2,24.61092,0,0,0,0,0,0,-3736.0544,92715.36,45131.637,7383.953,45197.15,26203.584,-1469.1146,1297.4161,7187.588,-1503.0234,2740.9456,4563.8394,1
113673.664,2,2,1,26.09441,0,0,0,0,0,0,112555.23,139577.53,116043.59,108820.27,101874.15,76740.95,1822.8932,176.89049,9933.317,2199.2358,2702.798,2710.2234,1
100146.664,2,2,1,27.223225,0,0,0,0,0,0,15627.758,92266.13,32893.84,10490.48,43135.348,19761.975,-812.18634,1318.3383,22204.725,-2327.0366,1390.4591,2386.5918,1
109260.23,2,2,2,44.31163,0,0,0,0,0,0,3614.1565,118815.32,64102.656,6170.1055,29831.305,18355.848,-2268.4695,2122.6914,6978.0713,-1308.9912,-29.130234,5851.4536,1
130830.67,2,2,3,44.712055,0,0,0,0,0,0,100502.52,138291.58,91184.18,2319.2888,5870.817,8559.107,-4000.0632,1721.2894,22646.812,-3679.9116,2382.0845,1525.2719,1
113283.84,1,2,1,45.490643,0,0,0,0,0,0,-11812.016,99737.85,57968.81,5293.6016,37247.285,18034.586,-3015.448,2802.1553,8139.1055,1160.2986,649.8954,2733.8308,1
113636.164,2,2,2,24.613771,0,0,0,0,0,0,118091.74,143522.48,118841.74,112280.13,101590.53,70853.43,1162.9738,-523.40344,9770.323,1799.5676,2783.9648,2546.0571,1
110248.04,2,2,2,25.66645,0,0,0,0,0,0,-20946.5,17904.072,33364.746,4324.8516,13903.7705,11474.105,-2726.7698,2252.7078,6429.073,-3174.3296,583.8063,5549.9575,1
117274.805,1,1,2,25.752035,0,0,0,2,0,0,-25508.68,50304.617,35177.31,-1870.0588,12068.353,12716.527,-5053.082,2428.374,5215.242,-2582.9702,989.15564,684.0001,1
101580.88,2,1,2,24.629274,0,0,0,0,0,0,5722.09,110488.35,47146.99,9187.5,23752.084,13353.75,-1417.495,1462.8632,7926.0254,-2054.2983,1941.2767,1557.099,1
146334.97,1,3,1,45.907207,0,0,0,0,0,0,163870.9,162218.55,126653.54,119578.91,104074.0,81173.86,-1664.4955,-142.35854,9840.861,3096.011,3086.188,4477.4956,1
126801.29,1,3,1,45.818775,2,-2,-1,0,-1,0,-7106.824,9102.01,13388.487,17999.246,47966.574,6064.875,689.12177,1476.6334,25414.355,23742.527,4306.4985,1832.4408,1
144684.67,2,2,2,34.299,0,0,0,0,0,0,185848.19,188347.58,133515.28,215560.98,110614.42,107920.3,-1163.6014,-2131.3293,15506.366,3469.9768,3051.29,1855.7804,1
111094.36,1,2,1,44.278778,0,0,0,0,0,0,46459.46,126208.4,101294.82,42849.645,73541.01,47513.254,-732.033,1537.8036,8450.912,1332.3689,3078.5122,856.37024,1
129682.86,2,2,2,28.90224,0,0,0,0,0,0,155993.23,162356.78,125473.21,134254.39,104972.01,92464.76,-797.3289,-795.07825,11038.904,2351.8838,2165.0715,2671.6753,1
130904.91,1,1,2,27.946836,0,0,0,0,0,0,165836.66,170879.11,129387.35,160548.88,109270.26,103138.32,-1001.96466,-1731.7413,11645.818,3084.047,4322.657,2135.7173,1
136442.12,2,2,2,42.460163,0,0,0,0,0,0,151094.02,165344.7,132107.55,163212.11,104755.49,104173.84,-3496.4656,107.78014,10975.8125,3102.06,1100.2885,-22094.215,1
140770.38,2,2,1,39.37094,-2,-2,-2,2,-2,0,-14125.758,18329.85,23930.328,7326.9375,4608.0825,4672.3867,-1785.9017,3483.4182,6721.0376,-541.33453,1418.1818,4984.239,1
151029.22,1,1,2,42.180378,0,0,0,0,0,0,193979.11,205461.39,143702.5,232183.88,128696.28,126475.42,-1807.0287,-3208.3137,15673.3545,3149.9358,7966.239,-5908.8457,1
106669.625,2,2,2,24.41414,0,0,0,0,0,0,-17363.852,72415.59,37519.523,5421.449,35111.125,9052.475,1990.8927,1642.5092,6734.3765,-2842.6694,432.22913,4753.9067,1
113237.68,2,2,2,44.992805,0,0,0,0,0,0,28417.434,124868.65,92264.86,27723.506,65117.06,40875.027,-2608.2537,1679.9796,7971.397,1475.0789,378.3473,4552.8247,1
131957.17,2,2,1,45.2559,2,-2,-1,0,-1,0,-17042.984,24132.979,23190.67,5812.2656,6576.1177,6192.6426,1004.31683,2070.6355,10585.2705,967.2553,2254.5312,4186.542,1
122310.836,2,3,1,45.7871,0,0,0,0,0,0,132832.34,149837.14,124538.68,127655.74,105275.72,91750.875,-1471.8734,780.2147,9921.163,2974.4375,3325.846,2693.8528,1
108957.92,2,2,2,26.029816,0,0,0,0,0,0,51547.97,123172.85,58729.17,9053.992,52620.176,29110.268,-274.0272,1155.8856,7625.8457,-821.4981,636.755,3745.7148,1
152475.23,2,1,2,45.125683,0,0,0,0,0,0,181911.22,193736.7,138249.94,207119.17,116319.28,117262.445,675.94696,-1440.0538,12826.603,-2012.5562,11365.895,-21225.965,1
132161.81,2,3,1,45.906063,0,0,0,0,0,0,147388.62,155843.56,125411.91,125238.88,104859.09,82288.41,-1849.9408,763.3251,10896.276,2777.3313,2829.513,3585.4045,1
105984.94,2,2,1,27.014795,0,0,0,0,0,0,-20072.89,46590.676,36057.004,6251.16,23465.768,16332.986,-1912.7264,2950.2346,7233.886,1250.2568,242.25209,4346.1606,1
107898.66,1,1,2,32.557743,0,0,0,0,0,0,94222.26,133800.4,114573.91,93976.15,84861.69,55860.613,-746.3587,78.14489,9232.6455,719.34955,2606.7817,3262.4045,1
101949.38,1,2,2,33.77277,0,0,0,0,0,0,-21197.008,119180.8,73733.336,9688.754,54169.844,20016.1,37640.21,-393.963,9155.815,-468.8692,2401.5056,1003.24866,1
106817.35,2,2,2,24.611073,0,0,0,0,0,0,78662.96,127781.336,96032.35,45895.12,58987.242,31661.975,1342.5133,425.4115,9491.985,434.9455,2044.4357,3412.6042,1
152532.58,2,1,2,43.194767,0,-2,-2,2,-2,0,-7411.7344,29043.229,28888.596,2541.8162,-3840.4253,4289.875,-4772.3486,4090.519,6413.7036,-845.55035,-845.3031,-5931.493,1
121828.41,1,3,1,25.772507,0,0,0,0,0,0,-15571.703,37281.03,30895.236,6961.949,11267.95,13637.672,-861.9017,2367.342,6065.094,-2955.65,12596.3955,3981.8,1
109005.41,1,3,2,25.926687,0,0,0,0,0,0,-22285.367,39364.594,32450.475,2044.1404,17806.547,6563.369,-3920.8904,3263.0083,6130.9727,-1966.8071,1268.2072,-11350.645,1
145946.48,2,2,1,43.175793,0,0,0,0,0,0,160199.9,165823.97,131930.52,178878.95,108658.71,107824.42,-1046.1395,-662.4,12967.399,4184.998,3695.616,2297.5918,1
100672.484,2,1,2,24.700382,0,0,0,0,0,0,-18857.852,15162.885,28592.592,6904.621,51626.207,30089.855,-3488.569,1599.4125,6677.094,20950.205,1805.7006,3454.4824,1
110528.02,2,1,2,25.821112,2,-2,-2,0,-1,0,-17362.992,12272.92,16736.805,5438.0156,15108.81,7056.5957,1522.4474,1454.0143,7500.319,-1357.8105,2267.414,3146.3342,1
100014.99,2,2,1,25.461435,2,-2,-1,0,-1,0,-23975.414,13706.709,19309.545,5370.496,17928.96,5811.8125,3139.2517,2531.6025,8540.556,2528.7656,708.912,-18226.865,1
111394.64,1,1,2,45.640995,0,0,0,0,0,0,77520.31,132943.31,115696.8,41084.723,15961.089,16623.47,-2842.7258,1444.8434,6965.684,2581.1106,2181.707,2845.458,1
100882.93,2,3,2,24.682972,0,0,0,0,0,0,-12080.234,70656.76,35158.89,6089.918,34157.695,19296.07,-1472.6381,2236.6846,7171.908,-892.1143,2287.653,2971.5713,1
113098.555,2,1,1,25.273287,-2,-2,-2,0,0,0,-21422.781,-2503.174,13816.39,9945.992,47750.324,19250.104,1336.84,995.60974,21775.936,-2080.3057,3207.289,450.94543,1
107273.75,1,3,2,44.683067,0,0,0,0,0,0,1737.4689,111159.664,55694.984,7800.9297,44326.363,25356.652,-2356.9973,1789.4794,7334.674,-600.2061,1840.5204,3782.3884,1
103192.93,2,3,1,37.094284,0,0,0,0,0,0,-3418.0857,96955.79,53209.562,10528.383,29566.143,10720.219,-1698.8417,2981.512,6955.764,-1541.2715,1358.9274,5199.563,1
128212.21,2,2,2,31.159166,0,0,0,0,0,0,151984.66,161045.89,129088.836,147645.17,104440.23,97883.76,-791.7962,-820.36096,11188.058,2972.2805,2524.9758,2368.5266,1
105677.33,2,2,2,24.72419,0,0,0,0,0,0,67822.39,126091.96,121515.63,65690.37,85829.64,57578.496,1610.8285,169.84361,8814.982,1022.80145,2237.3403,3519.1304,1
122385.97,1,2,2,43.12871,0,0,0,0,0,0,87502.836,141115.23,122609.09,73425.27,84067.52,64266.234,-4571.6855,2439.778,6779.504,279.63104,-1770.39,-29785.219,1
127451.41,1,1,2,40.0052,-2,-2,-2,2,-2,0,-19523.312,17368.854,23026.86,2232.949,7561.725,7383.506,-2542.4758,3194.1252,10197.421,-3042.5952,2201.2239,2266.2485,1
153917.56,1,3,2,34.18841,1,-2,0,0,0,0,-11223.492,58869.586,27020.562,3887.3435,5955.9497,9822.77,2198.2393,1990.4742,7224.579,-1017.2579,3517.6162,3785.2175,1
142716.6,1,2,2,32.90199,2,-2,-1,0,0,0,-12600.695,85517.37,29059.432,720.7888,53770.64,29479.348,718.592,1488.1984,7574.2314,8541.239,9065.249,1745.7811,1
128263.016,1,2,1,45.69439,0,0,0,0,0,0,84594.35,131382.12,114319.12,78295.086,75070.695,39618.215,-1176.5931,1513.3307,8930.409,1786.9045,1083.1552,3140.5896,1
115046.58,1,2,2,38.29482,2,-2,-2,0,-1,0,-24171.508,4336.3066,18034.43,3861.5232,11427.755,7705.6562,-851.34503,1564.4323,10433.75,1631.2344,2433.2192,2057.8396,1
104938.72,2,2,1,24.948301,0,0,0,0,0,0,75841.75,126856.66,104126.02,42570.2,77551.43,47011.08,1978.2067,774.4857,9136.816,1331.9099,2219.7207,3016.9707,1
107210.1,2,2,2,27.494616,0,0,0,0,0,0,-14950.242,78804.33,43442.055,5472.035,36147.855,21465.7,-2025.7592,2119.7144,7093.567,-1885.3574,74.95131,4522.8755,1
125580.64,1,2,2,45.355656,0,0,0,0,0,0,114303.21,144270.53,124179.43,85417.88,93363.77,55659.96,-2193.3376,448.766,8181.055,1287.2617,562.9523,4989.555,1
108066.62,2,2,1,40.686718,0,0,0,0,0,0,16995.71,122252.445,37774.492,8945.074,13643.97,11037.408,-1535.2968,2253.751,6498.498,2332.5989,93.99086,6058.528,1
138846.73,2,2,1,45.75925,0,0,0,0,0,0,163308.11,141116.06,123962.28,124988.66,70897.8,41727.7,-1453.8754,1454.211,10355.255,2736.874,1011.0553,6968.0244,1
144008.03,2,3,1,45.418507,-2,-2,-2,2,-2,0,-3778.8162,20008.791,28285.643,6012.422,47.54748,5294.7305,-3774.8142,2796.7905,5522.365,-1967.3628,199.95668,7038.9883,1
110563.52,2,1,2,42.27962,0,0,0,0,0,0,-9906.352,77298.46,46312.95,1061.9412,4279.102,9526.766,-4499.5625,2934.0435,5935.4766,-3394.4785,1530.3676,7008.2456,1
107786.805,2,2,1,42.087135,2,-2,-1,0,-1,0,-20170.203,13250.729,20960.773,6206.871,9610.31,6841.3633,1047.0258,2292.853,10307.151,2464.4314,2163.9338,3889.5627,1
118394.945,1,1,2,45.256092,0,0,0,0,0,0,123126.53,148457.47,124410.54,128226.76,106013.945,92714.555,-2789.6462,-249.68813,10553.526,2498.7148,2981.8745,2184.3987,1
114949.63,2,2,1,43.2716,0,0,0,0,0,0,-18918.602,29188.125,39607.438,5673.383,8247.47,10264.645,-1955.6571,3517.5986,5455.9565,325.11542,-1118.3925,6817.9517,1
133911.06,2,1,2,31.42614,2,-2,-1,0,-1,0,-12736.492,8427.455,17498.895,7669.25,8640.89,5660.199,-2250.7605,1728.9039,6914.9854,1818.7097,2637.657,5536.917,1
151140.47,2,1,2,36.536835,0,-2,-2,2,-2,0,-6858.8945,28934.29,23209.498,6361.172,67.07483,6445.7344,-3918.9753,2570.2742,6352.746,1806.458,4481.247,6446.1304,1
109552.88,2,2,2,24.566841,0,0,0,0,0,0,89184.125,130120.375,93258.36,9472.617,51880.953,27559.838,1329.9955,507.42517,7797.8296,-754.4405,1481.7325,4004.5,1
103495.88,1,2,2,24.843699,0,0,0,0,0,0,7568.449,108359.98,41576.02,8869.406,28935.146,12716.908,-106.24642,710.4066,7281.3706,-913.11383,1290.4567,4130.463,1
102709.49,2,2,1,36.403786,0,0,0,0,-2,0,-12506.492,85018.055,40982.105,9888.691,7022.016,5138.8047,3505.4539,3026.03,7486.1763,-1934.3296,849.1124,3926.798,1
111933.59,1,1,2,44.87422,0,0,0,0,0,0,-11230.047,85170.03,52591.055,3605.1482,34318.76,23598.873,-4052.4294,2385.6155,7048.941,-1365.8403,162.15834,5200.681,1
128400.78,1,3,1,40.746136,0,0,0,0,0,0,167152.33,166301.86,128529.82,168078.55,111329.266,104976.13,609.31366,-955.41223,12449.64,3661.947,4930.232,2186.0417,1
137361.98,1,1,2,29.19573,-2,-2,-2,2,-2,0,-14767.219,11937.111,19717.604,5508.449,14641.624,6341.4844,-3095.6677,2864.802,11215.904,3617.9246,2643.546,3697.9348,1
106566.28,2,1,2,24.698092,0,0,0,0,0,0,-21717.602,21564.463,32887.59,5316.133,21264.746,15096.266,-3148.7537,2362.6628,9778.196,-1614.7153,1111.0687,3854.1777,1
136367.75,1,1,1,41.00852,0,0,0,0,0,0,169723.39,170413.95,128374.22,182163.28,107845.72,107931.1,166.64322,-1392.1544,13943.019,2674.516,4025.2341,3519.6658,1
135791.28,1,2,1,45.62652,0,0,0,0,0,0,21390.725,124255.3,92027.25,32509.008,62297.33,38758.785,-2181.5276,2168.8381,7729.0024,1190.325,364.28113,397.27527,1
104838.52,1,2,2,24.784412,0,0,0,0,0,0,77598.06,128986.625,107892.37,93448.95,37186.71,6806.6934,1309.7267,695.8822,10950.026,2184.1582,3094.6655,1469.4894,1
108605.02,1,2,2,24.81006,0,0,0,0,-1,0,-13401.441,46075.402,27790.844,6546.5156,11786.899,6013.8516,-1449.0101,2022.4515,7837.6733,4095.915,79.16176,2022.0187,1
118370.664,1,2,2,45.27068,0,0,0,0,0,0,68940.58,130698.164,113525.01,81589.36,93887.28,68829.836,-2109.4646,428.31384,8654.195,1664.0459,1206.4257,3768.7249,1
120215.125,1,2,1,42.967262,2,-2,-1,0,-1,0,-20198.828,14783.318,20118.742,5529.6562,10113.112,6403.199,1007.4289,2069.1624,11187.186,2250.6223,2548.0503,2522.8008,1
132698.02,2,2,2,37.671,-2,-2,-2,2,0,0,-27676.79,15068.033,4852.4907,2915.5662,23625.754,99233.91,5119.0464,2131.3994,5095.3223,-3465.267,61289.16,-8028.675,1
112316.64,2,2,2,44.575718,0,0,0,0,0,0,8781.352,123644.53,74463.55,5483.996,25004.867,18455.371,-2420.9973,2175.6355,7836.6245,1161.0085,305.11414,4802.205,1
132952.5,1,2,2,44.590374,0,0,0,0,0,0,179031.86,192200.12,129819.89,202537.28,123182.43,114366.97,435.65103,-23512.896,13632.191,3052.2031,6930.156,-15181.093,1
128094.234,2,2,2,24.87332,2,-2,-1,2,-1,0,-18697.93,18572.938,21844.08,5785.0703,10930.72,6371.2363,-971.3382,2479.086,5812.8,658.8835,1571.5299,3533.2986,1
101853.51,2,2,2,24.759817,0,0,-2,0,-1,0,-13023.6875,15795.881,24758.11,8663.496,5255.2974,7063.703,-1009.76105,1672.0172,6458.7734,-877.1607,3605.6792,1579.65,1
122186.34,1,2,1,45.069645,0,0,0,0,0,0,108343.984,144892.88,127532.555,99594.3,99108.62,66178.66,-835.7972,579.0624,8595.841,1883.8538,48681.816,3935.2285,1
113280.76,1,1,2,40.729008,2,-2,-1,0,-1,2,-12788.547,46168.164,9531.694,10410.025,17327.22,5767.7656,15049.483,-486.37122,7663.644,-576.44,3864.7952,3670.5933,1
109046.86,2,1,2,41.172848,0,0,0,0,0,0,25061.408,120369.77,62085.203,5655.4062,22556.414,17608.982,-2862.5823,2039.7277,6800.741,-1142.3374,584.1295,5362.593,1
111586.1,2,2,1,42.02168,0,0,0,0,0,0,99779.43,133441.2,98918.84,24891.023,62565.8,38599.25,-787.46906,1785.8947,7998.87,506.8908,550.1022,4243.9795,1
105975.51,2,1,2,24.865143,0,0,2,0,0,0,94115.82,135214.31,115164.1,98821.02,91154.664,48752.797,2289.0632,-47.128548,10082.799,1441.654,3510.2861,3358.793,1
120931.375,1,2,2,25.138308,0,0,0,0,0,0,-21577.008,12022.475,31489.377,5739.625,13399.858,7893.676,-2261.7825,1837.1835,6122.6353,-2404.4634,649.4784,5331.114,1
152392.67,2,2,1,45.18849,-2,-2,-2,0,0,0,-5790.0625,15853.627,22261.16,10233.453,-962.0619,4474.84,-2851.9841,1237.3864,7027.347,69.03316,3514.6108,4076.7676,1
108209.36,2,1,1,27.367304,2,0,0,0,0,0,-23403.062,31828.42,34999.508,2131.8044,13798.47,11672.896,-3153.4539,4088.8816,7213.619,-1316.6187,719.55505,1027.2433,1
103512.805,1,1,2,31.018076,0,-2,-2,2,0,0,14742.758,8948.443,21988.32,1694.4998,15645.411,13733.221,-2354.3123,1164.3014,5542.66,-762.54694,3120.3064,4741.9604,1
138979.23,2,2,1,45.47789,1,-2,-1,0,-1,0,-17544.148,13186.561,27172.822,4703.039,7211.317,5352.3125,-186.11606,1718.524,21945.076,-1108.5278,2007.6862,5669.1,1
116104.06,2,3,2,24.22598,0,0,0,0,0,0,-21995.32,81509.22,53361.055,-706.5979,27051.654,12146.52,-4211.743,3690.9775,5499.5444,-3147.479,3192.2192,-25955.992,1
113909.41,2,2,2,45.094326,0,0,0,0,0,0,46960.926,120693.086,52793.758,1599.5115,-1378.7728,31427.47,-4019.1228,1548.6124,6086.936,-2822.1943,26965.037,6363.228,1
124486.29,1,1,3,45.254936,0,0,0,0,0,0,122308.414,146107.06,124341.24,130146.05,103998.89,46133.867,-3606.2546,1368.1124,8456.946,382.3166,1712.1534,5074.4155,1
119699.9,2,2,1,44.055733,-2,-2,-2,2,-2,0,-25320.555,17354.596,35216.133,271.60522,1569.1608,17265.818,-3855.2048,4486.258,5127.847,-3974.019,11721.963,-20110.436,1
125972.96,1,2,2,40.46449,0,0,0,0,0,2,76783.5,124931.11,105372.81,78951.83,95693.39,40783.684,1706.7194,-678.44543,9901.066,4238.797,2644.7107,3655.4954,1
111194.82,1,2,2,33.20021,0,0,0,0,0,0,-21854.008,40716.09,35730.35,3020.2341,9444.575,11383.123,-3587.8953,2726.2654,5683.39,222.2895,-348.75964,2626.4138,1
99959.91,2,1,2,24.551456,0,0,2,0,0,0,2217.4065,115035.9,49384.918,5196.4883,35875.938,15967.994,3724.6997,807.5492,7915.135,-2282.8208,2314.697,2514.4646,1
146845.38,1,3,1,44.06871,0,0,0,0,0,0,185613.81,183526.53,130584.06,165579.06,110517.62,104791.22,3188.8918,-1446.2228,11844.122,3480.1873,4171.2695,3709.6567,1
120850.914,2,1,2,39.095005,0,0,0,0,0,0,-17710.312,15349.447,35345.914,4971.9805,2290.2192,6481.043,-4360.787,3025.8765,6028.277,-3581.1172,-348.57507,6477.4526,1
110195.78,2,2,2,42.602646,0,0,0,0,0,0,-13791.773,86673.266,52206.684,5526.582,11529.194,10943.408,-2581.9763,2550.7068,8903.028,-2170.7935,-148.84703,5464.1797,1
104520.49,1,3,2,24.57086,0,0,0,0,0,0,-17497.383,45671.87,28389.484,5445.832,27647.99,22827.94,503.18375,1712.6578,7480.648,146.40596,2043.6478,2497.0444,1
111107.46,1,2,1,46.153885,0,0,0,0,-1,0,133954.06,143057.19,34162.04,15633.191,17464.596,6367.879,-598.38214,2086.839,38459.81,-2621.899,2782.8145,2894.6108,1
130914.78,2,2,2,24.718897,0,0,-2,2,-2,0,29332.719,13148.154,31518.936,6755.16,2825.3833,5121.4297,-3590.7888,3193.5906,5637.756,-2943.109,218.59657,6502.575,1
139407.48,2,1,2,32.477863,2,-2,-1,0,-1,0,-2792.0935,16620.664,20239.133,6629.3633,1718.0787,5224.617,-3055.2234,2272.7524,6509.1934,-1615.5176,1618.3094,1876.8236,1
106626.28,1,2,2,24.857023,0,0,0,0,0,0,11801.973,119106.07,52622.453,7132.7227,14800.888,13799.967,602.3239,152.11119,6645.307,-227.47221,12834.585,4165.2915,1
108938.84,2,2,1,45.00219,0,0,0,0,0,0,59799.105,126614.61,107458.25,52755.773,77203.56,52311.92,-1201.7914,1746.8754,8638.844,1553.1641,812.4291,4327.4214,1
116795.56,1,2,2,42.833256,0,0,0,0,0,0,108642.07,141457.4,121174.266,117562.51,102210.98,77646.54,-1325.2728,-195.06654,9584.391,1886.7546,1915.326,3371.9329,1
108411.375,2,2,1,38.22412,0,0,0,0,0,0,55984.23,124836.14,107064.57,69867.87,79924.47,5177.2734,-810.2083,2203.4875,7264.7666,173.06758,4603.109,6523.555,1
105234.32,1,2,2,28.033293,0,0,0,0,0,0,9404.023,120357.766,60411.58,7047.664,31817.828,16591.535,-70.5433,928.1913,7968.505,-154.29546,1050.0265,2913.0427,1
107665.71,2,1,2,29.134737,0,0,0,0,0,0,-18949.195,49578.914,36778.55,4027.867,18453.914,15458.023,-3840.6375,2873.4114,6196.4785,-2596.4756,87.80238,5136.878,1
116368.01,2,3,2,45.786377,0,0,0,0,0,0,83152.96,133651.66,104440.48,20116.023,25538.785,17658.387,-1716.4974,1770.3673,7383.108,-1426.4375,1277.9191,6334.021,1
130475.96,1,2,2,38.66796,0,0,0,0,0,0,-20287.664,10524.498,33967.086,4942.797,3636.442,7283.885,-3603.1726,2458.852,5904.5527,-2128.2603,-198.74742,5965.037,1
110409.85,1,2,2,41.715958,0,0,0,0,0,0,11840.809,108131.125,32897.168,7296.7383,10169.817,8892.018,-2958.867,1452.2899,6239.739,-2145.417,103.83705,5964.1104,1
140315.48,2,3,1,45.879536,0,0,0,0,0,0,170035.11,167401.03,131886.78,142081.08,105045.31,96176.914,-2264.8962,314.515,10964.058,3199.9182,3073.7224,3199.0608,1
106101.24,2,1,2,28.911772,-2,-2,-2,2,-1,0,-22798.867,20902.12,21381.295,3056.2732,9994.292,6585.299,927.6381,1710.943,5856.8413,-1865.1133,293.86023,4171.427,1
106572.95,2,2,2,29.786758,0,0,0,0,0,0,9835.277,121007.375,67476.664,10626.168,45223.58,25581.137,-129.04965,1323.4423,7936.5825,-233.06596,824.6837,3866.4778,1
125234.195,1,2,1,45.564228,0,0,0,0,0,0,82308.29,132285.44,116513.23,96795.87,99824.66,81850.2,-900.5428,63.779655,9312.954,2621.528,7249.1133,6609.4233,1
106691.805,2,2,2,24.619219,0,0,0,0,0,0,67299.484,125307.625,100858.06,13858.371,57943.844,30640.105,809.1027,626.58093,8168.8105,31.219189,1512.1825,3782.2234,1
147142.33,1,2,1,45.640316,0,0,0,0,0,0,175827.8,177957.53,136554.88,199716.73,115512.15,107271.12,-2224.24,-1697.0553,13448.22,3394.6323,3904.2456,3977.68,1
136530.28,2,2,2,28.536533,-2,-2,-2,2,-2,0,-18449.07,7588.365,22102.39,5412.1367,8403.187,5247.0586,-2253.8528,2698.8188,5874.1562,-3276.4072,1184.2706,5114.311,1
127588.76,1,2,1,45.14838,0,0,0,0,0,0,-11286.25,79238.73,51787.5,5487.074,28972.496,19229.707,-2394.5374,2613.5813,6782.578,-627.0308,230.506,6080.242,1
104823.05,2,2,2,24.561405,0,0,0,0,0,0,18809.25,120018.73,31281.83,8956.988,24364.525,10272.428,235.25455,795.6293,6818.042,-2059.4243,1145.7155,4800.8945,1
123903.13,2,3,2,34.350292,-2,-2,-2,0,2,0,115310.414,138573.97,45525.195,10851.652,16135.347,9516.451,2344.7146,314.07507,12933.325,-2865.666,4016.6726,928.11365,1
138097.52,2,2,2,28.456532,-2,-2,-2,2,-2,0,-16159.711,9942.182,21619.662,5734.785,6727.2817,4664.758,-2443.4788,2625.7107,5893.693,-2923.105,1304.6276,5464.382,1
140238.34,2,3,1,45.9726,-2,-2,-1,0,-2,0,-990.6327,18422.812,18788.322,12167.662,6122.77,3424.7422,-1682.8373,1831.7382,7565.359,-761.4141,3056.9463,4593.1963,1
98084.41,2,3,1,45.455708,2,-2,-1,0,-1,0,-17725.75,18464.746,21973.113,5225.6914,10942.204,6433.785,489.6857,2637.8342,10049.539,1044.5425,2492.7217,3587.532,1
147904.69,2,1,2,42.158203,0,0,0,0,0,0,152299.81,170854.27,136415.1,180442.4,105854.48,103220.0,-5069.092,1372.0392,8936.085,-557.1978,3829.9592,-41854.992,1
138121.73,2,2,2,28.457916,-2,-2,-2,2,-2,0,-16091.43,10621.146,21671.977,5745.164,6835.067,4763.8086,-2444.1624,2639.9277,5902.487,-2919.1973,1256.1146,5470.4243,1
82361.8,2,1,2,27.54619,0,-2,-1,0,-2,0,-12964.863,6621.549,13384.366,9284.898,14586.642,5357.7344,-594.90704,1840.4076,6658.706,-3691.2373,3160.3733,4162.05,1
101763.16,2,2,2,24.587984,0,0,0,0,0,0,2445.9768,109913.27,49322.082,8295.66,51932.25,28061.748,313.05826,661.5043,7487.617,-706.6441,2057.077,4422.3833,1
110372.34,1,1,2,27.320164,0,0,0,0,-1,0,106405.11,46329.53,33708.996,3735.867,2098.7544,5489.3945,-2904.8987,2030.7335,7643.5356,-573.46,277.28625,7285.555,1
136489.27,2,2,2,43.589043,-2,-2,-2,0,-1,0,-9049.176,7734.283,15367.757,10907.357,4560.6255,3023.879,-344.12045,888.2621,7941.2725,108.11568,1658.2325,6477.436,1
107913.72,1,2,2,31.936949,0,0,0,0,0,0,-10762.426,86606.72,38163.824,5893.8477,21480.06,13738.434,-2230.7708,1756.4286,6496.3696,-454.77594,255.80751,4949.379,1
145242.48,2,3,1,45.55219,0,0,0,0,0,0,152703.73,153504.75,125702.28,139652.34,105144.48,76534.23,-3493.2312,1906.0106,9507.526,1239.273,1356.4891,2851.2483,1
128008.04,1,2,1,44.75558,0,0,0,0,0,0,112056.39,137432.34,73720.02,13546.676,54186.977,29901.186,-1093.7997,1458.9132,7899.071,616.52606,583.06604,4988.5625,1
138738.44,2,2,2,32.044167,-2,-2,-2,2,-2,0,-16285.703,11352.338,22646.371,5552.074,4985.5083,4793.258,-2726.7249,2843.112,5837.217,-2910.059,995.36755,5704.3286,1
105703.74,2,3,2,45.389122,0,0,0,0,-2,0,57201.496,106838.94,55887.965,9342.09,2478.8325,4262.3203,-2280.048,3181.8804,5969.07,-2217.2827,816.3273,6506.2197,1
143767.8,1,1,1,45.536137,-2,-2,-2,2,-2,0,-8359.949,26814.51,25701.062,5504.047,4074.692,4655.6016,-3177.2458,3671.0781,13105.03,2543.6526,1330.3448,1855.3961,1
107670.51,1,1,2,40.18386,0,0,0,0,0,0,62567.18,126590.484,104172.28,61359.574,80751.55,21634.291,-1643.224,1142.7606,7771.6914,-2638.105,1234.119,5917.179,1
122765.805,2,1,2,26.355688,0,0,0,0,0,2,71506.19,122465.43,97017.97,81103.836,90239.73,55082.29,2659.5657,-525.2604,13411.613,1471.9221,3271.9236,1145.7594,1
138468.16,2,2,1,41.039993,-2,-2,-2,2,-2,0,-14165.512,18238.357,24470.404,6816.4805,4631.0825,4440.7773,-1345.4169,3525.4797,6308.631,-2673.2031,913.2709,5463.0957,1
112128.336,1,1,2,41.743286,0,0,0,0,0,0,4635.449,51929.63,39080.727,2232.5896,11979.7,13944.98,-4729.13,2981.2646,5905.844,-2311.6797,-523.2538,6167.1445,1
127667.36,2,1,2,28.154598,-2,-2,-2,2,-2,0,-23769.766,5194.615,25303.398,2314.6443,9443.647,10014.621,-3773.1638,2483.8188,5370.799,-4411.6323,4095.3662,3972.2761,1
109701.05,1,2,2,40.993702,0,0,0,0,0,0,11914.883,121892.43,67849.125,12187.361,57940.82,32935.195,-1571.247,1110.129,7775.032,-15.581592,749.09265,4233.4663,1
105955.87,2,2,2,24.984993,0,0,0,0,0,0,70331.164,125966.83,103744.57,80621.62,98161.17,56775.73,3151.2798,-536.94934,9369.515,6330.61,3030.2559,3463.25,1
115125.24,1,2,1,31.963844,0,0,0,0,0,0,119677.0,140790.72,116364.55,43523.93,79180.5,48868.46,1146.3793,378.14197,8891.172,1183.4741,1866.4196,3985.4878,1
100941.164,1,3,2,32.06532,0,0,0,0,0,2,63846.035,118730.36,87627.63,77701.29,104778.51,72949.31,3513.6843,-1071.6827,16620.611,4997.3486,9471.0,1044.3412,1
108687.06,1,1,1,42.682426,0,0,0,0,0,0,94769.195,134629.77,113499.51,84913.52,73286.24,43494.59,-1073.2177,1099.776,9687.899,1686.9985,2919.9834,3009.6294,1
106654.164,1,3,2,45.071514,0,0,0,0,0,0,8141.9883,116458.66,63489.938,17337.27,21772.98,12151.574,-1891.0233,2029.1227,9763.625,100.96797,2000.3632,3052.2688,1
123280.984,2,2,1,40.302334,0,0,0,0,0,0,-17490.328,22375.207,37289.71,7352.418,6004.852,8598.645,-2924.8357,3334.051,6981.9014,-1219.8892,-340.01892,6349.9316,1
113479.766,1,2,2,33.505302,0,0,0,0,0,0,-23360.82,16334.502,33659.773,4008.7224,10219.899,10623.658,-3323.0056,2363.561,6292.5664,-2023.4458,-133.23814,4626.0474,1
104683.91,2,2,1,31.877684,0,0,0,0,0,0,8280.027,106341.33,53724.973,10855.799,34669.29,16999.834,-727.79034,2149.8306,8066.8413,-690.51324,773.8507,4592.01,1
135220.3,2,1,1,44.953167,-2,-2,-1,0,-2,0,-9251.23,11566.229,19027.93,9879.352,8383.728,4887.211,-1568.5795,2586.1094,6960.109,-2234.3418,3463.8318,4955.583,1
95267.86,1,3,2,24.770094,0,0,0,0,0,0,11361.418,101341.3,28311.252,9548.715,19469.486,7807.711,-277.29575,1077.6976,6897.3335,-2336.1362,2854.2935,3243.4194,1
107036.234,2,2,2,24.418816,0,0,0,0,0,0,-14929.703,71193.62,39504.56,5548.4023,27670.08,15928.621,-1743.2792,2135.9954,7049.71,-2226.35,393.75403,3428.1826,1
100301.54,2,2,1,45.65736,0,-2,-1,0,-1,0,-9563.0625,5118.955,21844.377,9536.023,4384.696,4741.051,-1010.47736,1538.7958,9378.599,1670.4219,868.4735,6388.7793,1
111614.375,2,1,2,30.174349,0,0,0,2,0,0,64623.63,127963.54,101991.695,53464.29,84268.11,54491.582,-3275.113,779.28357,5934.9336,-279.78424,1364.3351,2304.6208,1
113332.5,2,3,2,45.444324,0,0,0,0,0,0,-14295.676,74838.586,52048.594,2538.3787,21763.973,19121.357,-4209.246,3153.1133,6068.5894,-1708.7109,-138.515,5835.444,1
100373.34,2,1,2,43.596718,2,-2,-2,0,-1,0,-20067.352,8156.4824,22364.94,3867.992,9237.603,7813.1074,-2399.388,2109.3276,9942.81,539.5422,1996.1256,4646.357,1
108603.81,2,3,1,45.861416,0,0,0,0,0,0,2956.922,116184.77,66654.65,15498.025,44240.805,27796.74,-2285.5657,2663.2961,7402.334,1629.9558,1436.3751,4856.1895,1
114146.62,1,2,2,43.47182,0,0,0,0,0,0,-21701.586,67400.2,43699.957,1865.1755,24779.29,19075.383,-2359.2869,2160.2253,6224.758,263.45575,464.23132,6219.9966,1
107393.695,2,2,2,24.79182,0,0,0,0,0,0,38537.83,121081.8,60422.28,9166.629,53190.734,29303.5,-5.199059,958.0189,7683.941,-265.14703,1178.5975,3587.352,1
130379.79,2,2,1,45.66078,0,0,0,0,0,0,143023.69,155470.88,127849.03,150926.31,103622.84,90874.05,-1790.8807,299.72986,13778.061,3073.0483,2089.2964,3393.94,1
145373.98,2,2,2,45.488487,0,0,0,0,0,0,166183.58,172246.02,133173.62,181487.38,106471.195,104285.34,-2756.1492,-930.0172,12379.795,3262.0337,2223.2908,2218.741,1
129516.64,2,1,1,42.79868,2,-2,-1,0,-1,0,-21952.46,36041.242,23205.562,1810.5271,8314.024,8614.834,1293.1183,2724.7456,9396.205,522.98456,3133.4207,1851.8795,1
105469.69,2,2,2,24.527822,0,0,0,0,0,0,30213.354,121245.836,64316.984,10141.176,20672.156,11857.73,871.6364,672.3026,12049.123,-2394.149,2494.1091,4477.342,1
138504.69,2,2,1,44.10006,-2,-2,-1,2,-2,0,-31199.188,32258.572,25626.988,-4330.297,6555.8716,8061.5977,4484.1235,2553.6357,4820.3296,-4797.64,-319.39978,5235.8516,1
109212.51,2,2,1,44.979797,0,0,0,0,0,0,-15649.148,67279.41,49754.508,4369.883,16292.577,13219.184,-3299.4216,3595.1716,6193.1855,1080.2332,-1119.9896,6338.1025,1
112951.33,2,1,2,29.330564,0,0,-1,2,2,0,15861.949,119081.5,62674.227,10685.414,63845.203,36546.82,3239.275,-666.8004,7633.252,-4283.027,1991.371,2152.3699,1
129251.2,1,1,1,45.662586,0,0,0,0,0,0,143434.0,160177.22,121941.95,99388.32,95671.94,66458.984,-1778.9403,29.672232,8454.476,1379.6931,1062.3419,4276.876,1
117289.52,2,2,2,30.564234,-2,-2,-2,2,-2,0,-23531.18,5117.9863,24473.514,3243.2263,9852.2705,6442.1855,-2622.7253,3193.46,5599.1514,-3861.8555,624.15564,2554.1677,1
98797.875,1,3,2,42.56755,0,0,0,0,0,2,73880.13,124092.94,96689.945,48199.812,60075.273,27386.484,4020.3367,-369.1515,9570.798,2179.585,3888.7107,3090.4072,1
148866.55,2,1,2,45.140575,0,0,-1,0,0,0,165621.53,179079.64,136713.44,199516.08,114620.12,114844.64,11220.804,-1705.0836,14076.358,4048.821,5445.8574,-214.10439,1
130022.47,1,2,2,42.885868,0,0,0,0,0,0,151293.64,163522.48,130327.89,163949.16,107605.79,103597.89,-1584.057,-1258.8624,12538.869,3649.3162,3998.5222,1206.1161,1
105384.17,1,1,2,25.613068,0,0,0,0,0,0,69184.805,126878.516,87248.805,12826.945,59162.918,28975.213,-225.85287,523.078,7722.043,-203.35747,2092.907,2603.6355,1
127990.83,2,2,1,37.757305,-2,-2,-2,2,0,0,141594.94,158656.34,107763.88,143040.66,102552.375,99199.46,6555.2114,385.22156,12161.579,2501.9324,59261.805,-6862.6504,1
101561.055,2,2,2,24.615114,0,0,-2,0,2,0,-17538.11,5580.6816,24391.111,10318.289,44127.203,14479.131,-2263.0784,1180.4547,19577.877,-3783.8032,815.70154,4014.8274,1
100245.1,2,3,1,28.215782,0,0,0,0,0,0,50640.137,119726.625,87838.99,34496.555,49102.617,25338.037,1248.6366,1687.1202,8338.713,-153.79936,3339.1902,3421.538,1
117903.21,2,1,2,37.036488,2,-2,-2,0,0,0,-20287.61,6709.756,21897.639,4266.082,13093.905,8966.135,-2653.653,2328.5447,7733.2603,-4701.309,1868.5868,3724.6086,1
125862.195,2,2,2,31.668303,2,-2,-1,0,-1,0,-19742.07,4698.658,18048.498,6212.035,10428.362,6177.8086,-326.01987,1357.9872,7783.559,-378.898,1946.211,4670.975,1
126803.54,2,2,1,45.24858,2,-2,-1,0,-1,0,-18647.703,2463.494,25160.648,5376.9453,9957.731,5302.4375,-1716.0135,2037.7155,21305.223,-2895.3555,2476.0332,2604.5208,1
111472.52,1,2,2,43.28518,0,0,0,0,0,0,12314.059,123273.26,49721.492,4767.7656,29971.47,19393.332,-2415.28,1431.192,7468.292,-108.89555,210.82631,4575.924,1
107246.04,2,2,1,44.794296,0,0,0,0,-1,0,-10948.203,82990.53,42635.09,8540.324,4904.8364,5349.211,-1274.9686,2362.8306,7574.771,3919.5623,-21.066269,7120.372,1
104303.516,2,2,2,24.565622,0,0,0,0,0,0,15410.195,120370.516,69101.01,16652.607,66590.375,37168.76,2238.5833,519.93005,7941.5796,-322.8609,1725.8888,2338.2153,1
107477.47,2,3,2,45.56247,0,0,0,0,0,0,59072.01,126180.45,100766.58,22043.775,23925.918,17236.723,-1480.621,1999.8063,6778.7017,369.61737,1454.8832,5315.445,1
108841.945,2,3,1,45.87949,0,0,0,0,0,0,85433.164,131865.0,113628.68,75248.05,50224.848,29329.438,-1584.0111,2109.3672,8067.2915,881.50385,2214.8174,5101.831,1
111571.79,2,1,2,25.235508,0,0,0,0,0,0,-18800.094,22051.19,32836.508,5675.8164,13293.698,10663.615,-3325.9578,2494.187,5868.4854,-3350.3022,638.18494,4949.818,1
105770.305,2,3,2,25.063818,0,0,0,2,-2,0,-24754.383,31877.768,29339.414,132.66772,6727.8755,8248.082,-4135.33,3678.5554,4820.1895,-4906.981,-65.52428,2564.3115,1
108021.2,2,2,2,24.569666,0,0,0,0,0,0,-14842.055,75629.76,40702.68,5139.4805,33209.95,20052.416,-1632.5868,1848.7113,6844.858,-294.3907,1217.5912,3980.5461,1
114475.33,1,1,1,41.690342,0,0,0,0,0,0,120498.49,144224.11,101935.58,43690.29,61840.863,33306.613,-639.40265,835.9437,9708.152,399.17474,2000.3607,4331.2954,1
130459.68,1,2,2,44.006824,0,0,0,0,0,0,145068.23,159085.72,129152.35,158164.02,107028.77,102212.29,-1849.6571,-1082.5992,12390.39,3235.9011,2948.3933,2219.157,1
116954.516,1,2,2,41.63018,0,0,0,0,-1,0,-23298.516,17212.852,33294.69,4265.8594,2562.934,5852.2617,-2196.053,2072.3164,6689.755,-738.1597,-403.4535,4262.6226,1
115639.77,2,3,1,45.65288,0,0,0,0,0,0,-12178.711,57609.535,44982.18,3990.8943,14542.179,13691.311,-3396.3005,3722.2344,6117.0225,-1195.2617,539.9945,5828.688,1
110128.086,2,2,2,42.673622,0,0,0,0,0,0,41278.36,124988.6,89469.79,5848.8867,26534.572,19110.941,-1690.5233,1847.2899,7509.721,-1009.419,-23.686386,5626.588,1
102336.836,2,2,2,24.510668,0,0,0,0,0,0,-3676.656,100701.08,45113.12,7801.1953,46993.617,24175.766,31.097328,1057.0875,7260.6113,-1312.5791,1178.5475,3488.092,1
121479.53,1,1,1,44.455624,2,-2,-1,0,-1,0,-16443.367,7536.9473,21470.047,5721.2383,12592.688,7807.83,-2071.1555,2092.567,19030.158,1610.8359,4266.9844,2864.5842,1
106103.46,1,3,2,38.620724,0,0,0,0,0,0,48201.76,124659.06,58506.484,10328.934,51443.934,29145.354,-1512.4847,1272.216,7554.08,-74.52397,2171.1328,3514.8313,1
100946.14,1,1,2,24.491072,0,0,0,0,0,0,21687.852,120421.57,37467.215,6057.7383,30720.951,19243.793,-170.05795,325.44275,6808.292,-2023.2539,5889.176,2333.7153,1
115475.055,1,3,2,45.402412,0,0,0,0,0,0,10420.664,72909.73,51129.36,1458.6677,24205.125,20765.42,-3958.1638,2733.2188,6096.0303,-1806.8472,-211.59215,5907.9404,1
132093.9,1,1,1,46.00885,0,0,0,0,-2,0,150363.16,157898.4,132379.81,12199.484,-105.202515,3356.9023,1953.68,2032.9176,6640.3203,-1065.8896,789.3124,8227.762,1
102778.28,2,1,2,24.527733,0,0,0,2,-2,0,-21565.922,42319.3,28327.85,1450.113,7427.36,8287.84,-2894.2034,3523.204,4909.2983,-5089.2046,201.11342,5106.1323,1
118316.805,2,2,1,44.887787,2,-2,-1,0,-1,0,-23065.54,15317.924,34047.85,3205.242,12637.913,8697.217,-2144.4636,3978.2083,13770.388,2821.8728,-561.1776,-27094.785,1
146695.19,1,3,2,45.159588,0,0,0,0,0,0,192709.25,194420.62,134892.27,203981.61,117490.15,111347.414,-2281.7957,-2071.5793,13344.482,3130.2002,4213.1587,131.6837,1
105625.69,2,3,1,44.20719,0,0,0,0,0,0,68540.95,126051.11,94268.85,21134.115,49305.48,29444.992,-1171.2836,2327.0627,7598.2124,648.45013,1825.9667,4367.099,1
131185.12,1,3,1,45.916344,0,0,0,0,0,0,142616.31,148626.05,122443.72,113219.984,96131.54,59648.92,-1586.622,574.6786,9302.1045,2666.906,2615.337,5114.84,1
111701.3,1,2,2,42.272568,0,0,0,0,0,0,-21900.086,52099.824,40524.484,2184.9255,22061.39,17654.51,-3919.029,2692.6882,7852.7314,-2212.6973,-787.1039,4886.3784,1
145255.73,1,1,1,44.428234,0,0,0,0,0,0,180525.89,176076.14,130819.305,194337.27,108759.97,89098.69,-682.0369,-1180.9064,11005.284,3296.951,3793.9104,5740.3145,1
143711.3,2,1,1,39.90196,-2,-2,-2,2,-2,0,-3060.0388,26862.332,23086.205,9832.023,-134.42126,2553.996,-2797.4758,3155.8289,7170.1074,2579.6404,1409.3099,6240.2373,1
108262.555,2,2,1,43.59415,0,0,0,0,0,0,64307.008,125129.27,100097.15,46639.71,74711.68,47483.582,-1227.9452,1757.7076,8129.6836,1001.06244,937.7843,4567.053,1
122823.055,1,2,2,32.13876,0,0,0,2,0,0,-5086.0938,95496.805,48555.62,189.18335,40324.23,23931.867,-3687.9275,1396.6844,5754.1997,-1848.7578,-323.44128,3761.7935,1
106134.61,1,2,1,25.2054,0,0,0,0,0,0,38212.78,70243.91,38371.957,5991.453,32084.107,17130.404,-985.52814,2146.2534,8469.428,-1763.584,711.47815,4548.4053,1
110291.836,1,2,1,45.34997,0,0,0,0,0,0,-11031.277,91735.84,60198.523,7672.5703,45250.664,28199.08,-2359.7346,2207.2576,7146.598,-66.36577,690.4718,6111.5117,1
110556.94,1,2,1,44.082325,0,0,0,0,0,0,-14836.77,86965.76,47596.14,3995.035,25584.64,18652.078,-2448.0364,2383.4348,8082.161,790.49066,3113.743,4673.25,1
109496.85,2,2,2,24.177702,0,0,0,0,0,0,10797.695,118970.83,69072.28,9505.66,16312.892,30512.998,1238.8334,95.777214,7138.7974,-1903.646,23866.492,3177.1262,1
107655.94,2,2,1,28.486473,0,0,0,0,0,2,105184.26,126035.266,100723.19,64991.32,87583.48,44094.56,4163.847,-271.5631,13615.796,3667.1558,3000.8757,3090.4993,1
109848.75,1,1,2,44.616077,0,0,0,0,0,0,16018.117,122734.41,72455.25,16117.484,59110.22,35198.426,-2913.5925,1358.4874,7549.2686,-89.52397,1303.9423,3996.2664,1
109730.11,2,3,1,45.863655,0,0,0,0,0,0,46886.926,125275.31,93030.47,35888.69,57122.758,32679.611,-2119.675,2277.6687,7613.6543,793.612,1462.8976,4946.0435,1
148268.33,2,1,1,45.623943,0,-2,-1,0,-1,0,-919.8944,20966.754,23852.469,8502.648,-608.2728,4817.875,-3572.6257,1256.8932,6738.686,4126.1187,1105.8646,7933.6606,1
118726.836,2,2,1,45.301334,0,0,0,0,0,0,-15620.609,103194.2,64321.496,2270.613,25750.586,18304.9,-3044.6316,2803.9395,6313.448,-1476.4668,16510.54,6919.655,1
146378.16,1,1,2,43.1247,0,0,0,0,0,0,183764.45,187926.6,135359.44,183598.11,112188.23,108390.29,-1818.7426,-1841.2125,12192.996,4568.0435,3028.7012,1453.5382,1
102668.98,2,1,2,34.57481,2,-2,-2,0,-1,0,-16838.086,9531.568,17928.225,7359.574,11804.554,6726.4062,-1269.4686,1969.1742,7176.989,-618.5318,2332.1978,3204.3723,1
113879.93,2,1,1,45.068737,0,0,0,2,-2,0,-10765.809,46451.633,38776.594,1887.9099,-1721.3392,6643.744,-4107.325,4971.1216,4837.5415,-4175.1665,-2015.6073,6949.3496,1
99583.13,2,3,2,24.648205,0,0,0,0,0,0,-10204.301,74247.95,36252.58,6445.8555,29052.834,15151.479,-1058.5643,2144.3853,7247.1895,-831.8702,2613.2278,2853.7876,1
109092.0,1,3,2,45.67708,0,0,0,0,0,0,87328.42,133644.11,112538.93,90878.51,60044.242,34445.367,-1359.6371,912.8622,9230.73,464.29315,2530.0454,4313.968,1
138532.98,2,3,2,28.835293,-2,-2,-2,2,-2,0,-10252.434,17787.627,19719.264,6998.082,8793.317,4789.453,-2272.9001,2537.0527,5908.995,-2742.7866,2596.3462,4747.58,1
102234.46,2,3,1,37.6349,0,0,0,0,0,0,47829.293,121469.01,95423.79,10485.412,23967.459,14905.51,-373.04184,2194.116,7908.0317,47.227978,2042.2545,4730.7515,1
103928.37,2,3,1,40.12307,0,0,0,0,0,0,59203.36,122434.79,73857.664,9202.828,27963.39,17070.902,-998.6014,2334.6494,7795.6616,-652.50104,1752.9552,4969.052,1
96678.18,1,1,2,25.611813,0,-2,-1,0,-1,0,-16833.219,2777.7634,11517.847,9326.211,21390.771,6228.4824,1694.5609,31.704947,7735.911,5022.825,3877.8638,4297.0156,1
107539.2,1,1,2,30.08491,0,0,0,0,0,0,107360.02,137539.52,115224.81,104022.33,57087.02,27694.67,-308.05453,386.45496,8984.608,99.047806,2696.4678,4006.0725,1
112816.016,2,2,1,26.114372,2,0,0,0,0,0,-28396.883,40081.242,37442.395,563.37085,10540.849,10228.873,-3815.0886,4695.368,5848.863,-2302.5557,-1874.4066,-21154.379,1
129969.09,2,1,2,42.056427,0,0,0,0,0,0,-15695.547,11888.732,35822.133,5064.285,-66.18298,6044.59,-5015.8555,3087.307,5288.225,-3268.0098,-754.286,6848.694,1
115201.27,2,3,1,45.42754,0,0,0,0,0,0,-17257.57,65748.66,57678.95,168.4021,3231.6333,6683.7734,-5143.8154,5445.069,5733.1084,-2198.0103,-2798.0408,-24783.814,1
105448.88,2,2,1,29.543442,0,0,0,0,0,0,38054.223,120687.28,69135.4,14063.363,47133.06,23770.764,-37.464684,1817.6813,8141.86,141.91866,1042.1854,4058.1296,1
139019.92,2,2,1,45.203068,-2,-2,-2,2,-2,0,-20872.492,17062.197,32967.82,2933.2576,2036.9264,5953.4297,-2542.6003,3385.0232,5366.3076,-2046.0029,-600.703,4450.503,1
141003.03,2,2,1,39.50795,-2,-2,-2,2,-2,0,-11331.918,17549.125,23284.602,8596.824,3164.809,3622.6719,-2456.5828,3219.5466,7489.5073,-1971.7578,1065.4874,6079.2866,1
101567.63,2,1,2,27.305481,2,-2,-2,0,-1,0,-19883.562,10243.295,16603.572,5927.2305,22065.293,7404.715,804.4382,1711.7467,7284.2153,5195.2407,2218.93,3389.155,1
141800.14,1,1,2,43.995712,-2,-2,-2,2,-2,0,-13008.059,42865.24,21822.662,3236.7576,3112.856,5189.8203,-264.20786,2520.3455,5533.8833,-3068.4863,1539.837,6006.274,1
94247.72,1,1,2,24.760902,0,0,0,0,-1,0,-17008.445,8188.666,22883.16,8781.719,14122.874,6017.1406,-2002.1005,892.96765,9717.268,-1121.1997,1988.5348,4529.3022,1
106154.04,2,2,2,25.087055,0,0,0,0,0,0,-12861.109,83048.47,43246.97,7153.371,23626.34,13849.301,-1367.0712,1875.2811,6563.8174,-2393.08,554.7865,4880.0093,1
114283.695,1,2,1,45.372387,0,0,0,0,0,0,-17578.578,82215.53,52874.996,3399.7068,37484.945,18222.473,-3016.1428,2791.5312,6898.482,882.47455,1693.86,5324.913,1
110475.11,2,2,2,26.420649,0,0,0,0,0,0,-9765.605,146527.62,116864.14,124794.555,77650.92,60508.285,42822.637,-2418.632,9982.625,-1437.3809,49116.36,-23937.604,1
107611.19,1,2,1,42.20058,0,0,0,0,0,0,79256.67,129570.56,111726.45,20135.775,56108.99,16511.97,-297.71567,1618.1061,9122.634,503.76727,938.57385,6059.7734,1
110459.016,2,2,2,36.427757,0,0,0,0,0,0,-14654.598,85485.33,45340.2,5076.2812,28350.848,15980.234,-2856.0593,2471.2476,6812.3506,-2216.5566,-408.2074,4819.578,1
112239.8,1,3,1,45.91998,0,0,0,0,0,0,63037.508,127365.64,102864.51,66295.99,82726.28,55399.7,-1335.7391,1251.0865,9056.123,1885.9614,2996.6255,3625.081,1
99350.734,2,1,2,24.985533,0,0,0,0,0,0,76403.17,122446.836,74397.03,10672.494,56422.383,28389.275,257.8478,73.885124,7435.3403,22155.393,3455.1755,3195.563,1
118823.01,2,1,1,45.67656,0,0,0,0,0,0,131866.33,147392.97,125402.66,91158.05,89601.766,66744.086,-2141.4045,1187.0245,8477.154,1724.7432,1279.6376,4569.011,1
145550.2,2,3,2,24.778875,1,2,0,0,0,0,62533.168,126346.92,82961.97,28556.533,54937.23,34311.63,-3950.3699,2968.5334,6832.9604,179.25288,2979.8176,-22570.12,1
145343.55,1,1,2,37.317883,0,0,-1,2,-1,0,-22890.773,45055.816,28620.656,908.5779,3256.7075,35639.844,-1571.453,783.12195,6494.8164,2585.7698,34849.69,4514.5703,1
111642.28,2,1,2,27.488802,0,0,-1,0,0,0,-21381.43,41141.09,31071.17,2331.7146,17370.178,13692.551,-1220.1766,2519.0251,6750.821,-2342.0244,1025.724,4421.8394,1
123481.17,2,3,1,45.573154,2,2,-1,0,0,0,-11916.648,29815.83,29023.152,5657.551,10222.8545,6498.631,-3670.701,4362.7544,9457.007,-585.77496,1428.1918,2580.1199,1
140448.14,2,3,1,45.707874,0,0,0,0,0,0,179676.34,173108.5,130749.35,167292.81,107651.29,98009.42,-1564.7577,-227.40492,12032.879,3451.3367,3877.8425,3566.501,1
96795.63,2,2,2,27.098307,2,-2,-1,0,-1,0,-21915.258,2781.158,16218.583,6755.4297,17134.227,6627.1445,-554.89777,1862.6893,6852.8013,370.43866,1612.454,973.2748,1
141080.81,2,3,2,40.37109,-2,-2,-2,2,-2,0,-10443.539,19893.547,21935.693,6362.4297,4758.5317,4790.992,-2922.4753,3084.2275,5801.9424,-2690.149,2051.1343,5324.0693,1
109947.91,2,2,2,29.188158,0,0,0,0,0,0,16164.848,128494.71,57978.64,6467.4883,20908.053,14021.961,-1826.8842,1818.6691,6960.96,-2281.9517,73.52211,1196.2142,1
107656.72,2,2,1,44.296017,0,0,0,0,0,0,77256.445,129981.11,114741.49,71132.8,27161.605,17870.629,-3.8997428,1928.2484,8919.0205,78.02754,1197.0565,5394.2114,1
100585.39,2,3,1,45.413418,1,-2,-2,0,-1,0,-19953.086,9646.24,25409.22,4295.3438,13538.753,7401.2656,-1216.5092,2096.441,21399.885,1303.1284,3125.7947,4575.71,1
106564.76,2,1,2,26.093178,0,0,0,0,0,0,-12650.422,76487.664,43309.207,4894.4453,28809.674,19085.824,-3065.7747,2448.1025,7073.7217,-2523.852,547.21423,2071.111,1
109067.51,2,3,2,45.712307,0,0,0,0,0,0,10608.391,118424.6,67907.93,18401.771,7833.3716,30708.078,-1768.808,1680.6354,7616.562,278.39056,1714.6027,4129.5186,1
117213.31,1,2,1,45.68371,0,0,0,0,0,0,104019.25,141182.64,123681.51,83111.45,91654.72,64751.688,-1934.2152,768.8002,9209.095,2401.6177,868.5067,3996.298,1
107770.55,2,3,1,45.902847,0,0,0,0,0,0,56843.227,126048.61,97982.875,42708.418,69007.84,42942.082,-1875.7767,2028.9655,7803.789,1092.3818,1874.6886,4394.97,1
113072.61,2,2,2,43.046383,0,0,0,0,0,0,140164.89,137732.47,44139.242,5791.449,6370.4146,10181.578,-3348.1208,1859.7177,6500.8916,-1400.7427,-1328.8134,6961.5493,1
101769.23,2,1,2,26.230347,-2,-2,-2,2,-2,0,-22865.742,10209.725,19704.281,3384.699,14577.878,7243.7676,-612.11505,2850.603,6016.5596,-4719.276,1397.8573,3522.3557,1
113687.48,2,2,1,44.977394,0,0,0,0,0,0,105044.586,138286.6,120114.195,90230.37,89329.01,64334.203,-1213.4598,1257.0646,8764.532,1738.9009,996.81824,4548.979,1
94066.39,2,3,2,24.816471,0,0,0,0,0,0,15566.398,110281.57,45024.383,9505.148,32093.123,15171.236,417.92935,1179.2079,7019.7505,-1882.6431,2998.0295,3298.5986,1
109344.19,1,2,2,45.235733,0,0,0,0,-1,0,-17665.71,15656.662,33252.105,5253.41,2641.5864,5393.664,-3805.074,2023.4767,7358.9175,218.02095,-509.60925,6817.1753,1
104845.96,1,1,2,28.521791,0,0,0,0,0,0,21333.516,118782.53,59411.47,13048.521,56538.574,30543.006,-1331.9305,888.8031,7853.9233,-607.41754,1874.1483,3284.2734,1
109701.63,2,2,1,44.900757,0,0,0,0,0,0,-8181.7227,104482.5,58222.223,7971.2227,37594.48,24088.598,-2134.0774,2640.603,7174.5864,-672.20416,-28.62291,5229.421,1
147051.25,1,2,2,44.34116,0,0,0,0,0,0,-24945.664,16303.939,41327.77,-1659.8245,6923.0825,8909.791,-5846.17,3919.6768,8641.732,9.181104,-669.60095,4428.889,1
105295.51,1,2,2,24.392136,0,0,0,0,0,0,13758.25,91139.66,41941.277,7549.0117,25890.037,13602.553,-362.3441,998.68713,6638.4863,-2004.4775,1351.7023,4383.9023,1
103974.97,2,2,2,24.80615,0,0,0,0,0,0,11719.641,120231.72,45722.76,8199.512,27720.303,8902.521,-53.916832,1092.4701,7515.1895,-1576.7051,1134.1107,4632.8086,1
104721.32,2,2,1,34.01409,0,0,0,0,0,0,51294.152,122087.65,97522.26,10231.105,28131.36,17382.076,-96.45052,1848.9093,8051.2383,539.01215,1523.3632,4960.8813,1
103429.54,2,2,2,35.12694,2,-2,0,0,0,0,-29027.71,17156.865,25809.902,1310.9333,19874.064,12346.219,900.73114,2350.5308,6333.8447,-2496.5913,288.89294,3168.4014,1
137372.8,2,1,1,43.657005,2,-2,-1,0,-1,0,-4834.6445,34687.7,18535.125,11697.936,5803.844,5019.4844,552.8293,2350.4568,7109.798,4713.4644,2744.9883,6691.1343,1
105219.125,2,3,1,45.662144,0,0,0,0,0,0,22143.52,120697.08,68224.08,20041.709,49422.03,28736.367,-314.1971,2237.9824,8667.707,4175.1914,2696.7825,5426.6675,1
125132.914,1,1,1,43.215977,2,-2,0,0,0,0,-23117.688,32520.828,27591.26,1435.7458,12786.124,11466.744,100.95573,2905.4875,5520.8296,-2105.3892,5152.4463,2944.1265,1
108630.46,2,3,1,44.202965,0,0,0,2,-2,0,-5662.789,49567.19,35636.273,3289.3865,-736.1869,5862.5586,-4965.8633,5249.0054,5097.2676,-3933.2441,-983.10095,6446.488,1
103274.305,1,2,1,34.428978,0,0,0,0,0,0,40671.094,120196.22,90805.61,123106.2,72400.24,12269.225,1368.1315,1324.838,8498.781,4067.3267,1901.8483,4881.8604,1
137924.23,2,2,1,36.59826,0,0,0,0,0,0,81910.055,124209.98,103092.97,71519.66,76147.66,51347.066,-476.30014,1363.3036,12436.32,-1546.5356,1455.3439,4938.5986,1
129031.96,2,2,1,43.78491,0,0,0,0,0,0,-14146.879,44685.277,38493.94,7156.746,32836.992,21557.584,-3178.0486,3042.5945,5967.983,13242.343,189.10316,6019.9976,1
121376.26,2,2,2,31.634108,0,0,0,2,0,0,109225.05,139803.62,120959.02,123494.27,106047.555,83481.02,-2671.4524,53.808464,5956.7817,1202.1807,1602.2164,1848.09,1
114730.47,2,2,3,45.68134,0,0,0,0,0,0,60671.266,129942.164,114441.16,77965.77,48578.645,33870.574,-3792.4558,2405.0217,8311.359,-698.2735,-1012.50964,6155.68,1
105494.08,2,2,2,24.566322,0,0,0,0,0,0,43899.68,121227.26,86400.08,8457.398,35204.06,17194.621,827.8327,720.6483,7905.7144,-1128.4575,1549.7924,4320.534,1
79448.234,2,2,2,24.918636,2,-2,-1,0,-2,0,-22363.258,1826.951,20282.926,5395.7695,20944.215,6939.6816,-340.76108,1618.0289,5952.1606,-4758.5366,2225.9766,2820.9048,1
111198.08,2,2,1,45.418625,0,0,0,0,0,0,-6968.2617,66100.336,55182.504,3943.2302,17022.5,17708.875,-3848.6687,3670.4678,6345.949,-676.2413,-1974.2118,6762.7607,1
99968.14,2,2,2,25.60251,0,0,0,0,-2,0,-4660.6523,98756.98,44609.04,10694.412,11046.761,4881.797,-220.19955,2065.548,6439.5005,-2882.3477,1443.909,5406.7246,1
116510.7,2,2,1,24.990555,0,0,0,0,0,0,133344.14,144788.52,114898.664,101261.914,75990.984,36669.984,2248.5576,308.53894,10200.136,1204.3953,2669.6743,4362.116,1
138343.7,2,1,2,37.89109,-2,-2,-2,2,-2,0,-14904.852,14374.975,23458.723,4624.3047,4688.5474,6389.338,-3499.74,3267.1384,5630.7866,-3447.0781,2314.0078,5446.849,1
112300.38,2,2,1,34.27074,0,0,0,0,0,0,-3669.1208,113544.32,42553.81,6078.879,6101.18,9532.229,-3864.744,3828.95,5398.636,-2842.2314,-1820.9994,-24449.16,1
125467.76,2,1,1,44.833546,2,-2,-1,0,-1,0,-13504.477,19382.578,21332.486,6862.996,6847.094,6134.752,-931.9803,2463.4075,8299.255,1459.9932,2843.3457,4267.9663,1
104573.25,1,2,1,27.709267,0,0,0,0,0,0,-9419.152,77832.69,31485.365,8591.984,12753.155,7123.8457,-1302.9691,2104.6245,6263.192,-1418.2388,846.9093,4734.7007,1
103149.96,2,2,1,27.545815,0,0,0,0,0,0,8160.3906,118379.484,66147.39,20079.727,54465.668,9628.367,215.79947,2006.4979,8118.673,814.13104,1130.7096,4753.5205,1
124804.8,2,3,2,27.125608,2,2,-2,0,0,0,-23797.805,13144.139,23626.066,1365.7224,15203.444,9204.861,-3652.3376,3128.681,8475.879,-4835.3013,2663.2844,489.88538,1
142224.22,2,3,2,41.8356,-2,-2,-2,2,-2,0,-8110.543,23552.19,22159.746,6860.9766,3005.477,4389.672,-3096.9065,2874.6665,5856.1333,-2301.6665,1981.6322,5715.899,1
135440.55,2,2,2,34.65957,1,2,0,0,0,0,23633.576,118638.95,77957.59,18378.518,68351.89,89131.96,60.67643,766.3993,7250.6597,-3423.5552,41874.062,-1474.35,1
113275.52,1,3,3,45.72478,0,0,0,0,0,0,7297.6055,113406.34,71194.02,6009.125,9596.687,11957.441,-4029.1296,2725.0425,5919.8115,1908.0793,350.25525,6226.44,1
99559.47,2,2,2,27.513563,0,0,0,0,-1,0,143258.53,140721.66,121085.945,131178.69,76936.97,33948.14,3364.2986,-2044.2189,11716.073,31958.309,5614.7275,4178.867,1
111021.734,2,3,1,43.241135,0,0,0,0,0,0,-13568.621,40196.934,36632.074,6621.4297,9574.601,10009.252,-3235.529,3733.2942,6250.047,-2252.4082,733.05383,5638.743,1
114581.55,2,1,2,24.59962,2,0,0,2,-2,0,-29350.352,47583.76,26032.084,-2868.344,11248.384,10383.576,759.2863,3982.261,4503.209,-6380.736,-380.49548,3887.1416,1
99145.98,2,2,1,24.635458,0,0,0,0,0,0,693.4064,108076.58,30720.531,11255.744,29018.84,13931.061,769.6379,1295.0736,7363.8774,-1489.8008,1580.2965,3936.1143,1
110763.33,1,3,3,45.20113,0,0,0,0,0,0,24290.395,125025.06,83897.195,28347.562,59366.54,38100.48,-3360.7898,2384.8066,7597.517,26.387646,2106.0024,1911.1383,1
121234.85,1,1,1,45.568256,0,0,0,0,0,0,138617.38,142928.05,123601.164,126347.0,104575.13,91626.9,-2036.3246,508.72253,10253.449,3535.1367,3692.8616,1965.1097,1
122717.43,2,1,2,45.291653,2,-2,-2,0,-1,0,-3351.2654,10160.424,22475.812,5687.8867,23257.234,6223.836,-3488.5857,2730.3599,6391.5806,13254.406,1658.6097,6164.845,1
121188.25,2,1,2,35.494087,2,-2,-2,2,-2,0,-17092.336,30097.133,22680.06,1699.1443,6383.1177,8005.6035,-2191.8303,3911.4407,5088.381,-5599.0386,1166.5333,4904.9575,1
126111.21,2,3,1,28.636345,2,-2,-1,0,-1,0,-11452.375,8298.846,15719.849,10922.162,14952.124,4525.367,109.9235,1814.1503,9022.207,-516.31354,3644.926,3997.001,1
126696.03,1,2,2,45.049488,0,0,0,2,0,0,28448.082,132407.16,45976.258,-408.36743,7537.315,9131.514,-5837.324,2392.438,5603.4644,-1180.8306,-2416.848,6295.4346,1
105957.83,1,1,2,26.951464,0,0,0,0,2,0,-19364.523,46729.48,33514.785,5949.453,32390.2,21622.412,-1666.0433,2014.7872,7772.9272,-3940.5225,557.55774,3161.27,1
103533.695,1,3,2,31.803358,0,0,0,0,-1,0,-15942.633,30776.264,26134.977,6558.66,6627.598,4657.504,-2207.8088,2078.968,6982.0176,2626.7021,1064.7543,6075.2266,1
108994.77,2,2,2,24.523739,0,0,0,0,0,0,-19854.062,54556.86,35490.04,5157.328,25419.594,15506.828,-1886.7201,2245.2112,6795.4917,-1036.9341,100.91176,4566.5366,1
114545.53,1,2,2,45.3045,0,0,0,0,0,0,-18187.055,69753.52,51911.867,1654.324,26574.229,19641.385,-4155.3896,2641.8306,6524.2837,-1733.7236,-1273.2455,6424.3774,1
148831.61,1,2,2,33.24215,0,-2,0,0,0,0,-23250.93,17129.018,37270.86,-3323.0432,-2830.683,14570.75,-6570.9414,4253.1797,3935.5938,-4805.363,6188.01,-31560.484,1
113802.25,2,1,1,39.22063,0,0,0,0,0,0,-11655.727,59888.08,44176.242,5875.879,16218.886,5513.496,-2755.2063,3571.529,5757.611,-2882.1255,158.75356,6409.8135,1
113530.73,1,1,2,45.218067,0,0,0,0,0,0,20506.596,124575.67,72408.61,9533.645,50983.027,32565.242,-3035.0022,1252.7604,6807.3003,-1014.25006,7041.031,4743.524,1
117653.164,1,2,2,40.06091,2,-2,-1,0,-1,0,-15231.6875,1301.7245,19378.55,5446.4766,8677.802,5375.832,-1303.5106,1784.4886,6886.1304,-2070.1968,1422.2555,5083.181,1
108764.53,2,2,2,25.89858,0,0,0,0,0,0,-16552.398,71555.08,40009.477,5159.336,33470.094,19758.016,-1540.0809,1958.5892,6601.6016,-2201.025,284.42444,5191.8794,1
106565.02,2,3,1,45.315086,0,0,0,0,0,0,-92.74204,106289.53,55932.734,8258.906,31044.41,19167.193,-2221.5784,2800.2458,6978.3867,-368.4654,1623.6364,4783.874,1
113389.516,1,2,1,44.4823,0,0,0,0,0,0,93923.79,134532.86,116030.64,101266.99,91246.58,66167.375,-251.29672,197.26256,9473.795,1912.0359,5018.9146,6136.232,1
115087.15,2,1,2,28.910158,0,0,0,2,0,0,-28534.352,20608.762,36261.113,-1324.3127,14826.202,15296.59,-5013.1084,2658.5984,5117.675,-1743.3921,-357.786,4957.68,1
101326.46,2,1,2,28.597933,2,0,0,0,-1,0,-5021.707,71331.21,38613.473,4867.3516,86193.18,46476.258,-3570.6804,1564.3473,8746.675,34072.13,2093.0933,-4998.493,1
105337.53,2,3,1,45.857742,0,0,0,0,0,2,4366.297,104979.72,56651.195,15550.684,46894.754,25397.404,-507.26303,1797.7291,8621.261,1413.9995,2163.9512,1810.6954,1
108480.83,1,1,1,39.980446,0,0,0,2,-2,0,10976.699,121704.86,30246.516,6102.879,3510.7114,5375.4297,-2870.7454,3144.9907,5529.9893,-3466.8237,562.70544,5212.2017,1
105735.33,1,3,1,45.545055,0,0,0,0,0,0,89560.18,133240.61,105823.484,71481.266,69505.79,23554.33,-718.49493,1688.0543,8319.608,1432.2485,2437.511,4970.51,1
125902.98,1,2,1,45.254482,2,-2,-1,0,-1,0,-21223.594,3078.1892,25841.477,4118.1523,8230.37,10006.26,-1396.6112,1345.4677,12434.386,-390.0611,6107.989,5528.132,1
105806.73,1,2,2,27.8628,0,0,0,0,0,0,-5667.2773,96953.3,44501.754,7790.125,16669.795,9224.195,-937.2249,1261.6254,6616.3105,-2295.8389,856.0272,4813.0137,1
108237.58,2,2,2,24.609495,0,0,0,0,0,0,-14905.711,73531.516,38281.81,5636.9297,33067.99,18889.506,-1494.4413,1934.0299,7190.416,-2248.7349,326.04553,3971.7734,1
145930.61,2,3,1,45.46989,1,2,0,0,0,0,-15088.531,37380.227,40117.19,2723.2341,21935.152,7607.6523,-4981.832,4819.615,14311.955,-1400.4165,669.8502,4399.1094,1
110952.47,2,2,2,31.432777,0,0,0,0,0,0,-18678.07,68460.68,42178.3,4357.4766,28120.928,19434.441,-2703.8835,2545.9834,6732.7134,-2276.2178,-435.83386,4173.213,1
103514.31,1,2,2,26.607477,0,0,0,0,0,0,14464.082,121233.12,61578.496,7193.203,47099.44,23931.33,129.69742,499.2162,8047.5547,-83.798386,1468.6232,3250.9304,1
119963.87,2,2,1,44.037178,0,0,0,2,0,0,3276.7268,78008.26,56062.215,-1026.7737,18321.803,19379.885,-4649.6816,3431.584,5299.6133,-359.31744,-804.07654,4260.7373,1
103042.71,1,3,2,45.77108,0,0,0,0,-1,0,31701.422,125637.38,88867.414,10644.615,3300.1177,3352.9492,-1045.6156,1346.8007,7687.2524,4480.0327,1291.4108,7289.372,1
146384.14,2,2,2,38.7573,0,-2,-2,2,-1,0,-13318.598,17937.371,24201.129,6091.711,-2785.6987,3052.1758,-3072.452,1881.2789,6185.847,954.86395,-668.369,7917.593,1
105376.04,2,2,1,27.380932,0,0,0,0,0,0,-12429.59,73938.445,42336.914,6767.957,31918.936,18152.318,-1334.5424,2563.354,7081.0254,-1472.2603,383.69666,4568.382,1
100184.12,2,2,1,31.747438,0,0,0,0,-2,0,-3705.703,90377.07,26897.184,11344.252,7331.399,4267.375,-768.49347,2835.6702,6270.6904,-2568.6274,790.72473,6082.858,1
113703.234,1,1,2,28.212399,0,0,0,0,0,0,122154.84,145283.2,112674.59,96688.58,103726.1,76908.85,-201.38412,-938.23303,8585.239,682.78217,3253.487,3578.375,1
123835.82,1,1,2,43.953766,-2,-2,-2,2,-2,0,-19403.875,11630.291,25146.07,1345.6833,7508.43,8701.273,-4124.6514,3044.3015,6540.2505,-1047.1094,3432.22,4707.664,1
104932.14,2,2,2,24.470827,0,0,0,0,0,0,-13052.09,79272.75,40766.703,5969.2695,32626.352,8466.588,-961.48126,1744.2106,6473.0845,546.9526,1038.3622,5000.881,1
114553.21,2,2,2,45.439938,0,0,0,0,0,0,10028.031,124730.61,77261.46,13633.328,52291.68,32450.602,-2938.547,2003.39,7472.271,75.60396,-347.82312,5156.165,1
106839.78,2,2,2,43.865738,-2,-2,-2,2,-2,0,-25269.875,12880.107,25971.746,1331.6404,7554.524,6889.799,-1872.6068,3235.1855,5396.1504,-3884.4316,-159.96227,4832.4404,1
108728.125,1,2,2,24.555494,0,0,0,0,0,0,87557.805,122760.92,49214.977,6952.0586,50759.83,25568.438,-145.4017,435.33435,7963.129,-110.3477,1617.32,3191.2395,1
151298.08,1,1,2,45.0492,2,-2,-2,0,0,0,-9719.715,23472.588,25169.57,3028.574,15667.571,7728.494,-4101.5225,2361.307,10943.292,4105.7026,4928.504,6920.5146,1
149465.16,2,2,1,45.621418,0,0,0,0,0,0,178664.55,182742.22,135200.47,180524.67,107312.96,107225.6,-2488.4968,-652.0226,12301.487,3358.084,2076.0562,1799.9581,1
109552.45,2,2,1,32.42447,0,0,0,0,0,0,4801.367,122809.73,74007.48,8914.316,4506.223,5240.25,-2031.264,3076.9004,6778.1797,3718.1255,-1012.7294,198.51866,1
109953.82,1,1,2,40.115253,0,0,0,0,0,0,46627.11,145002.73,71536.98,5775.008,29358.35,10133.643,-2343.1292,910.557,7022.5845,-1490.1079,882.0851,5588.387,1
111762.52,2,2,1,45.001312,2,-2,-1,0,-1,0,-19598.32,9585.975,23883.139,5284.086,8750.249,6627.879,-895.5501,2461.8032,9921.277,1875.6831,1755.0287,3150.7944,1
106584.64,2,3,1,45.469906,0,0,0,0,0,0,1272.5079,111411.68,59722.496,9147.504,35496.926,21989.242,-2168.5496,2751.655,7082.3496,-548.45465,1394.5819,4286.1997,1
111482.836,2,2,1,45.65811,0,0,0,0,0,0,-1751.7303,119086.92,73878.13,8813.234,6143.223,10596.053,-2660.3948,2670.1729,6195.39,3172.8638,332.34143,6100.2925,1
133877.55,2,1,2,25.188755,2,2,-2,0,0,0,-17329.922,9640.697,25346.496,4956.7773,15114.448,10531.758,-3588.0447,3406.4316,5477.3633,-4300.5347,2634.1284,333.27502,1
112105.055,1,2,1,44.600204,0,0,0,0,0,0,85368.37,135100.66,123317.89,57373.543,57477.773,41448.918,-677.7088,1115.0192,7072.1504,-1374.6572,37413.367,2064.7231,1
127734.64,1,1,2,45.55828,0,0,0,0,0,0,159113.44,164498.92,131151.4,157846.86,106185.234,90132.47,-3126.4368,-631.0338,10364.611,1863.4214,1875.5831,3055.2236,1
105637.05,2,2,1,34.011818,0,0,0,0,0,0,6401.289,117075.73,45804.21,10426.236,15765.2,10748.109,-659.5457,2028.5406,7070.1724,-1094.189,644.735,5189.9746,1
108391.92,2,3,1,45.73566,0,0,0,0,0,0,33296.395,123454.36,97674.945,4911.453,11575.897,19009.361,-1730.514,2440.9011,6472.3076,-806.12506,12990.419,3873.8357,1
137152.25,1,1,1,45.641678,2,-2,-1,0,-2,0,-3394.363,16858.691,21689.996,7440.1523,6681.903,5035.926,-1942.6327,3198.1365,6199.395,-2662.401,2493.9321,5458.9043,1
144028.62,2,1,2,45.549774,1,-2,-2,0,-1,0,-11688.789,41458.21,25592.018,4828.375,-993.2728,5263.9375,-626.7308,1427.7875,9074.21,-846.6451,1492.8251,7063.065,1
128955.29,1,3,2,42.562084,-2,-2,-2,2,-2,0,-1346.0428,20600.924,31670.568,-1025.8284,655.7311,6077.3594,-5363.5605,4876.544,4629.0625,-4133.735,-368.42957,-24756.248,1
117147.04,2,2,1,43.26361,0,0,0,0,0,0,62771.848,132683.19,113836.1,57619.98,58112.78,28483.756,-4240.618,4481.597,6037.785,-728.16705,-2512.1765,-31657.621,1
90579.24,2,1,2,31.218842,1,-2,-2,0,0,0,-26394.14,2104.568,12498.194,12160.648,61319.633,31886.588,-2601.8674,1741.2211,24162.354,-1893.936,2791.1829,311.3014,1
107346.96,2,2,2,24.888401,0,0,0,0,0,0,-22939.219,11970.127,32431.398,5521.535,11859.183,7498.3867,-2745.1296,2319.7358,6260.9053,-2355.311,-6.4188085,4720.014,1
147144.4,1,2,2,44.808056,0,0,0,0,0,0,192182.11,193996.14,135342.86,180304.0,103672.03,80985.95,-2128.972,-1650.8444,12776.852,3452.7441,1324.8756,3136.9487,1
136582.58,1,1,3,45.649498,0,0,0,0,0,0,161102.7,166519.48,131266.02,160961.14,106014.0,94469.586,-3842.4792,-101.629524,10199.942,2020.7417,3017.1213,3327.7349,1
103351.57,2,1,2,25.558962,0,0,0,0,0,0,69146.47,123089.11,80818.2,9092.23,18442.639,6929.672,53.674477,1071.8671,7203.631,-1646.9712,1914.7977,5019.7217,1
137940.7,1,1,1,44.68463,-2,-2,-2,0,-1,0,-1941.6913,44777.56,33663.42,11861.561,18543.727,3996.625,72.720375,1114.7963,10652.027,10819.496,3110.2935,5226.2407,1
133823.36,2,3,2,42.82199,-2,-2,-2,2,-2,0,-13524.133,16907.67,22951.64,4827.289,6133.1294,5206.133,-3068.8367,3378.7385,5604.8125,-3169.2236,1899.9603,5018.948,1
116675.125,2,2,2,30.704243,-2,-2,-2,2,-2,0,-22980.648,4088.6658,22808.484,3727.703,10510.319,6273.504,-2414.553,2959.3525,5619.957,-4075.851,724.40027,4084.9753,1
139111.33,2,1,1,44.913803,2,2,-2,0,2,0,-16716.016,21512.27,38895.906,4009.5037,2875.1646,11305.664,-5167.4277,3430.8145,7997.592,-3687.4604,6571.19,2977.5942,1
149714.98,2,2,1,45.005463,0,0,0,0,0,0,185767.11,177266.75,133424.14,145858.2,53291.203,28701.43,-987.66144,801.41785,12058.896,980.904,-281.48718,7582.1367,1
106791.28,2,1,2,32.18337,2,-2,-2,0,-1,0,-19641.422,1840.7948,18515.16,5792.6562,14262.481,6409.3984,-2193.786,1909.7255,11781.213,500.23578,1621.41,2586.0894,1
106312.78,2,2,2,24.59809,0,0,0,0,0,0,-16478.305,68928.19,38859.95,5238.5938,35364.805,20220.75,-1691.9169,1987.1151,6951.425,-2134.7466,274.5758,4189.32,1
140750.19,1,2,1,45.465874,-2,-2,-2,2,-2,0,-12356.152,22950.164,25483.412,5283.621,2756.8364,3962.4023,-1802.996,2995.2217,6518.3745,163.40694,993.7992,6284.232,1
105373.52,1,1,2,26.30228,0,0,0,0,0,0,-21579.227,24301.209,31525.707,4244.1523,16730.014,11662.174,-3249.7683,2169.9294,7138.752,-989.5728,591.8507,3602.4773,1
127167.9,2,1,2,36.447243,2,-2,-1,0,-1,0,-15553.148,10373.053,18393.295,6447.328,7119.114,5818.3477,-1564.7137,1796.8492,7029.6836,-1001.7935,2060.2966,4844.1865,1
107039.56,1,3,2,45.763695,0,0,0,0,-2,0,15773.184,103951.96,33786.48,7369.824,3463.6997,4769.8594,-3034.8538,2610.2634,5871.235,-2422.7788,770.66565,6464.7876,1
140500.7,2,2,2,44.458405,-2,-2,-2,2,-2,0,-16525.031,13005.334,26953.533,4158.465,2419.731,4718.742,-3510.7703,3176.404,5526.5645,-2853.249,296.724,6172.1235,1
137276.14,2,1,1,43.058697,0,0,-2,0,-1,0,-4739.207,13584.814,26951.57,12179.631,-601.28064,3750.2305,-2605.2092,1701.6498,7108.0737,-154.30717,1575.6312,7125.2715,1
101499.26,1,1,2,24.46524,0,0,0,0,0,0,-11541.809,70878.766,37283.32,4647.1094,31537.068,17151.223,-2066.4167,1872.4296,6844.236,-2507.1367,1605.9437,1140.2084,1
116229.69,1,1,2,37.450783,-2,-2,-2,0,0,0,-22555.867,723.7713,18373.373,5781.008,14106.405,6480.0547,-1842.0751,1024.2689,6596.301,-3628.981,2243.143,3830.3645,1
104327.75,2,1,2,24.465117,0,0,0,0,0,0,-20161.578,19288.033,32047.627,5774.5977,15959.302,11301.801,-2978.0574,2239.0698,6596.0957,-3295.6396,822.21936,4521.7637,1
120721.25,1,3,1,45.87145,0,0,0,0,0,0,89063.25,133095.23,114043.84,94929.11,95898.89,71630.234,-1546.4008,639.0531,8318.46,2823.2761,3050.9622,4586.807,1
124248.984,2,1,1,45.326157,2,-2,-2,0,-2,0,-14474.816,12465.061,25953.604,3606.0115,6172.9106,7927.252,-2988.8333,3029.9067,5730.6846,-2236.7505,4933.2256,5139.7856,1
108501.83,2,1,2,34.838814,0,0,0,0,2,0,-5704.0664,95638.69,50204.727,10710.68,36613.633,25448.783,-2797.6335,2203.5237,8913.203,-3477.0146,480.00085,4951.4316,1
139447.69,2,1,1,31.822283,2,-2,-1,0,-1,0,-14008.273,18314.262,23638.16,5929.2188,3533.942,5347.3945,-2735.0115,3318.8005,6943.6895,-329.90143,1409.3658,-23668.45,1
151842.03,1,1,1,39.67441,0,0,0,0,0,0,95487.56,56548.594,39522.758,565.074,549.7975,8252.822,-1648.1805,4088.9348,5130.7017,-748.60406,1194.0385,7327.789,1
94763.58,2,3,2,28.989536,0,0,0,0,0,0,27284.738,121532.4,58181.18,18232.809,41304.777,20018.674,158.84683,1372.3671,22195.111,-2027.9067,3370.3843,2106.7856,1
143531.02,2,2,1,45.94581,0,0,-1,0,-2,0,-4253.09,14202.881,29704.695,11755.553,875.89905,3241.5898,-2733.4968,2842.4712,7026.5083,-740.63824,374.41125,7277.087,1
112345.625,1,2,2,44.779232,0,0,0,0,0,0,-2186.1794,113005.805,40541.07,4554.824,32560.06,37909.86,-2531.5056,950.3563,7255.4014,-1536.3096,-47.087265,4813.3315,1
113968.36,2,3,3,45.730213,0,0,0,0,0,0,4226.1406,119788.25,76223.22,18917.785,45436.07,31642.564,-3815.6882,2895.6887,7073.605,-1149.1519,695.4059,5084.2266,1
106009.914,2,2,2,25.168266,0,0,0,0,0,0,-14693.586,71254.43,40433.594,5619.1523,18032.863,6417.785,-1400.4369,2027.9886,7484.6064,-2036.3174,593.7374,5092.028,1
98822.984,2,1,1,44.03961,2,-2,0,0,0,0,-20114.61,117708.33,65328.004,13531.262,58309.24,7662.123,32912.562,1772.2716,6004.741,-112.892624,3158.9468,2743.2925,1
147643.8,1,3,1,45.68991,0,0,0,0,0,0,197235.84,189079.97,134903.4,204535.05,118591.516,110179.3,-1088.8275,-1788.921,14053.687,4253.4277,5393.274,1881.8453,1
108772.24,1,1,1,45.457794,0,0,-2,2,-2,0,-14922.266,8835.346,29296.379,4666.125,1660.735,4907.8164,-5589.5664,1106.0931,5313.8765,-1196.5513,-450.50623,6781.7915,1
140099.05,1,2,1,45.448357,-2,-2,-2,2,-2,0,-16011.984,22029.373,25745.412,4531.789,5191.981,4339.285,-1237.5634,3090.5566,5669.3755,1373.4038,660.60706,6094.5996,1
107088.44,2,3,1,44.833824,0,0,0,0,0,0,-14362.656,43495.69,36991.38,5720.6523,4715.7114,7614.9473,-3639.9626,3897.9507,5464.26,-1157.0762,409.21375,4851.9673,1
104868.836,1,1,2,35.754993,0,0,0,0,0,0,17634.078,121974.38,54608.215,9975.477,51435.473,29568.768,-2556.9368,1299.3116,15616.006,-1139.4194,1491.6608,1987.0946,1
106996.62,2,3,1,44.63804,0,0,0,0,0,0,-8888.953,84974.336,49382.53,5495.8867,23840.691,16886.117,-2524.967,3115.1343,6585.359,-1718.0083,2619.6536,5061.947,1
156500.39,2,2,1,42.40773,2,-2,-1,0,-1,0,-2508.7888,48774.57,24657.89,7284.9336,-275.45642,10286.461,-324.48764,970.4479,22404.344,5465.334,13802.004,3382.8071,1
110056.41,2,3,1,44.76737,0,0,2,0,0,0,82383.55,133345.44,115651.36,99252.08,96944.375,74512.49,1494.3212,876.7069,9437.876,2055.9265,3565.883,1997.7404,1
119255.734,2,2,2,35.100883,2,2,-1,0,-1,0,-28514.523,7284.1816,19739.79,-47.019768,10347.3955,8711.559,-3470.6306,2554.5508,6219.1875,-174.41167,1787.8004,2363.3416,1
146357.42,1,1,2,35.918056,0,0,-2,2,-2,0,-5021.574,24931.57,29679.82,6912.215,-2801.2534,4231.129,-4502.256,3303.6252,6395.1475,-1967.9326,-120.485214,7438.164,1
141440.97,2,1,1,44.8642,2,-2,-2,2,-2,0,-12039.484,36981.758,24321.354,5143.918,5257.1606,6659.076,-1513.1698,4123.468,7840.8257,-4266.1245,2224.9788,5360.0713,1
104932.8,2,2,1,26.203178,0,0,0,0,0,0,51060.453,121017.85,92255.28,46374.543,76901.234,47062.703,1050.4132,961.5316,8789.479,703.0048,2121.9607,3274.5417,1
102486.234,1,1,2,26.776651,0,0,0,0,0,0,36875.996,122519.89,77605.32,8011.2188,35159.176,18228.979,-341.09164,563.9652,7194.962,-1359.5522,2023.7103,4189.4956,1
110525.65,1,2,2,38.835438,0,0,0,0,0,0,-21530.14,51537.734,38000.594,3336.7927,17701.582,14148.191,-3460.3904,2452.9626,7038.1387,-813.66754,-458.02722,5422.166,1
115679.03,2,3,1,45.2313,2,-2,0,0,0,0,-21562.328,116592.87,67914.69,25504.5,74520.68,40831.418,36087.203,1404.1737,7173.6797,221.21236,4191.3745,69.78819,1
108925.08,1,2,1,43.587246,0,0,0,0,0,0,23508.4,123058.34,84003.97,25525.613,66479.21,38135.727,417.8488,1254.497,8300.47,943.60443,1447.9601,3925.2725,1
112947.98,1,2,2,44.081257,0,0,0,0,0,0,101599.44,126216.875,62663.117,3733.1052,29945.81,20268.959,-2276.8435,1669.8732,6958.8545,-1042.3857,-225.6522,5473.18,1
150412.47,2,2,1,44.91817,1,2,0,0,0,0,120564.8,149321.06,126320.914,126016.305,95803.33,12493.059,-5340.999,4670.7666,9004.121,2707.8516,1401.3395,-10467.92,1
114105.84,2,1,1,45.144974,-2,-2,-2,2,-2,0,-19974.266,3626.5798,25033.686,10281.74,15281.3955,7826.865,-3466.7878,3381.5334,24117.994,-3978.1128,1610.2167,3111.937,1
138172.1,2,1,2,40.47623,2,-2,-1,0,-1,0,-12256.137,13222.412,19004.258,7144.0195,4253.5825,5861.9023,-2518.3176,1727.4059,6369.676,523.6374,3107.6858,6167.533,1
120989.375,1,2,2,31.257748,2,-2,-2,2,-2,0,-22668.14,24202.756,18783.861,661.9568,10506.245,7700.211,621.134,3099.2974,5182.2983,-5190.679,1098.6693,4385.1123,1
119272.09,2,1,1,45.213802,-2,-2,-2,2,-2,0,-17021.852,17538.848,29823.658,3155.7654,5361.5044,6908.1133,-2508.6702,3599.0134,6695.1533,-3198.2964,408.53552,5355.987,1
161394.8,2,2,2,44.410812,0,0,0,0,0,0,156937.36,173523.36,150596.69,172605.25,87489.2,19376.41,-5617.7227,4288.4346,6613.0273,-3188.584,-5879.3896,-54424.566,1
115091.484,2,1,2,30.49008,0,0,0,0,0,2,142989.56,149311.08,121266.47,126842.46,110075.305,82815.92,1725.4376,-1618.7496,10459.673,3288.9387,4623.273,2444.9392,1
110470.484,1,2,1,38.21179,0,0,0,0,0,0,-20660.5,37904.73,36867.168,3583.6091,10601.659,13521.545,-3787.6501,3306.514,9706.952,-2173.8525,421.44592,660.027,1
110164.695,2,2,2,42.118847,0,0,-1,0,0,0,-21129.422,76741.914,42631.664,1901.492,31522.508,22325.06,-1265.5258,2505.608,7391.3877,-186.1685,-71.08873,4730.841,1
106229.37,1,2,1,45.671185,0,0,0,0,0,0,42691.824,124011.016,92493.2,7903.7305,27993.943,11252.373,4.4845347,874.4447,7566.1094,1209.6174,1573.0006,5925.1177,1
137664.62,2,2,1,37.07904,-2,-2,-2,2,-2,0,-15417.391,13007.381,23119.08,7157.1875,5925.102,4845.6016,-2215.743,3395.8032,5847.02,-924.30084,1562.9608,5029.1562,1
102642.46,2,1,1,44.573326,0,0,-2,0,-1,0,-9335.156,56510.926,27845.572,9362.422,2109.2544,4234.6016,-1116.3368,2053.193,7279.1245,-247.26274,483.0995,6496.29,1
101990.86,1,2,2,24.463377,0,0,0,0,0,0,-4455.7305,95350.484,29242.326,8158.754,28662.809,13072.652,-393.95053,656.8246,6675.2017,-2254.8564,1368.7325,3709.5906,1
113341.67,1,2,1,27.883383,0,0,0,0,0,0,100648.375,133257.12,111145.34,96317.914,101106.26,74231.66,1382.9877,-48.818977,9631.482,2243.3828,2864.421,2669.9392,1
118195.35,1,1,1,45.8308,0,0,0,0,0,0,133525.73,149096.95,125804.78,66557.24,95464.125,61780.85,-3543.1072,180.4105,7997.06,30981.352,2996.2446,-26513.137,1
105715.15,2,3,1,42.38628,0,0,0,0,0,0,-9552.656,80271.76,44645.527,6178.7773,22405.281,15635.682,-2476.4055,3258.4863,6739.3384,-749.941,1258.6996,4683.547,1
139947.6,2,2,1,42.957424,2,0,0,0,0,0,-21635.438,19939.367,39808.61,3104.0857,3842.6763,9263.803,-4348.494,4505.3687,5894.185,-238.64946,-630.71423,4188.12,1
113164.13,1,2,1,25.410433,0,0,0,0,-2,0,-22146.93,62749.324,37469.633,2432.7693,-4657.6675,6878.6914,-3913.0828,3675.7388,4711.4375,-4014.0464,20239.45,-25446.707,1
98909.91,2,2,1,29.157463,0,0,0,0,0,0,75635.59,121382.25,99344.734,27381.137,59405.19,29214.752,1978.9442,412.65466,9793.858,25072.969,3226.7224,3512.6462,1
108509.83,1,1,2,32.80734,0,0,0,0,2,0,54175.516,125994.445,93112.4,43866.887,75383.32,35419.75,-1585.8339,892.9061,9403.823,552.86957,1538.6437,4021.2405,1
109842.305,1,2,2,26.742634,0,0,-2,0,0,0,-24018.172,6604.494,23120.17,6093.2617,16350.315,7858.461,-1864.1893,1262.1195,10000.512,-1133.315,747.0089,2350.675,1
140410.77,1,1,1,45.67127,1,-2,-2,0,-1,0,-12235.203,23066.863,30074.588,5970.8906,7310.946,7171.8613,-1493.9335,2680.9814,6447.1914,5232.774,4991.904,6968.7446,1
113745.68,1,2,2,43.937428,0,0,0,0,0,0,-19907.008,68074.31,45809.293,2256.945,27400.273,10639.365,-3607.7449,2638.6965,6931.553,-667.10065,-813.723,5682.7363,1
108457.414,2,2,1,41.617268,0,0,0,0,0,0,-10609.848,90152.4,48919.336,6279.3125,15023.499,6172.4863,-2284.2,3022.9192,6788.6533,-1297.8447,276.46765,4258.352,1
93349.94,2,3,1,25.25367,0,0,0,0,0,0,44643.66,118408.98,74256.484,33609.086,30448.426,15842.135,1670.3207,1618.2372,8354.142,1316.4526,4660.796,2678.7686,1
137734.5,2,1,2,36.193527,2,-2,-1,0,-1,0,-10285.098,13644.576,17563.996,7854.629,4095.6646,4867.1133,-2006.9843,1652.5416,6692.9507,-1792.0684,2024.7902,5863.5605,1
113080.805,1,1,1,45.71691,0,0,0,0,0,0,94170.35,137105.27,120784.086,101055.84,95356.586,72975.97,-2589.5085,704.4169,8840.776,1953.4927,1504.161,3694.9644,1
145933.83,2,1,1,40.579437,2,0,0,0,0,0,-16603.078,45419.637,37812.402,3547.6326,4211.016,10553.266,-2885.6482,4109.0776,4766.8164,-3858.5312,1882.1129,5991.1787,1
108663.64,1,2,2,26.784065,0,0,0,0,0,0,102902.42,136747.34,116196.875,117325.77,82720.89,73655.21,1639.1451,-860.0148,9782.492,1196.1694,2365.4832,2004.5648,1
130678.99,2,2,2,41.96178,-2,-2,-2,2,-2,0,-19778.117,8970.15,25765.361,3925.5974,5019.5825,5421.5156,-3210.1072,3144.8113,5540.494,-3428.524,436.0736,5560.6436,1
103163.45,1,3,2,32.363735,0,0,0,0,0,0,-12109.27,72352.82,36350.12,5325.09,22190.203,13646.504,-2251.5256,2183.3887,6326.9077,-2227.3843,1582.2784,4977.4,1
103396.43,2,2,2,24.594635,0,0,0,0,0,0,15272.6875,119467.36,61031.582,8239.512,46775.8,23312.36,429.89517,857.85095,7623.6196,-1016.8897,1412.9166,3274.0513,1
117176.12,2,2,1,45.31411,2,-2,-2,0,-1,0,-16408.586,10181.795,20824.56,5389.883,70625.6,8098.166,-2904.3909,2052.8123,7696.3667,28764.139,5600.4824,-65.891495,1
103362.55,2,2,2,24.688963,-2,-2,-2,2,-2,0,-25528.438,2704.076,22632.482,3318.617,14750.821,7137.4844,-1991.2587,2941.7896,5547.373,-4493.262,1056.4904,1167.086,1
143411.22,2,3,1,45.680542,-2,-2,-2,2,-2,0,-5863.957,24878.797,26603.355,7085.2773,2152.809,5896.5234,-3037.9055,3210.4092,5965.098,-1674.081,4888.215,5716.5405,1
142501.58,2,3,2,45.41836,-2,-2,-2,2,-2,0,-8166.0117,22737.094,24815.932,5472.6406,2234.3755,4376.051,-3447.9812,2940.827,5694.1353,-2238.3042,1642.1005,5940.1772,1
114240.85,1,2,2,34.507866,0,0,0,0,0,0,36717.555,127791.25,124305.53,39059.555,49881.62,27777.111,-3621.1335,3053.3467,6932.3374,309.19012,-1291.7196,-28176.342,1
141190.8,1,2,1,41.99225,0,0,0,2,0,0,124658.35,149227.03,125108.484,139687.53,107088.414,96458.72,-2463.487,-387.89075,10529.82,2046.3838,2827.98,1389.7438,1
108914.53,1,1,1,45.397224,0,0,0,0,0,0,57396.19,126526.0,100865.72,46585.906,76979.734,47610.42,-1916.8363,1290.6766,8357.424,1281.0078,1846.3832,3868.0842,1
141368.17,2,3,1,45.4211,-2,-2,-2,2,-2,0,-8385.094,15751.838,27405.719,5579.5586,3033.8442,5305.4023,-3477.7156,3210.6804,5470.941,-2341.08,986.225,6103.7188,1
114603.67,1,3,1,45.72677,2,-2,-1,0,-1,0,-10943.965,15326.854,17959.627,8972.512,12655.974,5179.879,-511.8558,2042.0573,7961.1855,1503.4756,3172.6155,3449.523,1
112658.83,2,2,1,45.501854,0,0,0,0,0,0,-6907.453,109421.06,60269.25,6683.699,25827.275,19219.152,-2700.786,2714.8542,6912.124,-1144.3232,-469.99158,5392.6743,1
116863.38,2,1,2,24.867071,0,0,0,0,0,0,69707.38,125170.07,102129.16,17894.271,11567.478,5803.832,795.7204,666.1781,7625.684,-2604.1802,2345.5195,3507.0454,1
152287.34,2,1,2,31.308178,0,0,0,0,0,0,200921.97,214089.61,144481.84,261763.52,129989.08,125439.36,2769.471,-5944.708,20791.307,3457.0903,7952.546,4738.238,1
105857.37,1,3,1,45.044975,0,0,0,0,0,0,93163.48,132255.34,109438.4,29191.504,50196.355,27687.043,-296.52768,1570.164,8318.654,268.7868,2253.083,4599.0806,1
91390.95,1,2,2,27.072838,2,2,-2,0,0,0,-24888.445,-1310.9513,32345.96,7093.324,50933.227,8936.285,-735.4344,938.72595,6627.977,-2543.9775,1322.4852,2590.0369,1
110918.484,1,2,2,36.565205,0,0,0,0,2,0,-9930.328,104543.33,48181.33,7037.2305,30469.121,17346.05,-1556.4462,1815.2147,7891.6235,-3268.1147,3053.3987,1405.4154,1
139693.06,2,1,2,32.339314,-2,-2,-2,2,-2,0,-13296.012,14881.318,21693.531,5620.7305,5319.024,5406.1797,-3230.1912,3031.1313,5786.641,-3240.541,1574.7179,5400.035,1
105081.57,2,1,1,45.773834,0,0,0,0,0,2,60461.13,123376.17,101869.68,63993.86,85132.4,53529.473,739.1716,487.2079,9172.165,3524.823,2182.6917,2161.0027,1
137841.47,2,1,2,30.41628,-2,-2,-2,2,-2,0,-14621.695,12536.283,21472.52,5407.699,7157.653,5676.2812,-3066.3586,2963.1003,5813.274,-3480.8325,1675.6007,5065.273,1
94745.375,2,1,2,28.722961,1,-2,-2,0,0,0,-26739.055,101950.62,8762.554,5015.4766,29003.014,10013.736,29777.902,-237.48988,9323.261,-3873.337,2725.8274,1524.4945,1
131541.64,1,2,1,45.075985,0,0,0,0,0,0,-18000.531,15674.627,37105.996,5889.6016,4023.0747,7360.6445,-3610.701,3096.0654,6461.792,-263.16412,-427.78943,5847.7407,1
124088.586,2,2,1,41.226864,1,-2,-2,0,0,0,-23329.078,25688.967,27036.65,4743.7188,9981.386,7141.1562,1171.8944,2395.5718,9607.361,-3892.9463,1481.5511,4733.797,1
124537.5,2,2,2,26.719273,-2,-2,-2,2,0,0,-28382.016,731.42365,21330.102,2286.3435,16708.39,8163.301,-2090.1404,980.7184,5609.578,-2910.9702,730.2438,2764.1646,1
142403.5,2,1,2,37.109863,-2,-2,-2,2,-2,0,-12151.34,21468.115,24107.422,4859.867,1216.2662,5139.246,-3919.528,3644.065,5694.293,-3040.0737,1053.4125,2367.989,1
119531.46,2,2,2,42.747753,2,-2,-1,0,-1,0,-22159.133,7536.6816,21241.703,4406.3867,7826.975,7636.369,-589.16583,1601.5817,8152.098,-1305.7935,2418.9888,5511.3057,1
129244.27,1,1,1,35.03848,0,0,0,0,-1,0,-19712.203,19388.014,38116.1,2963.5076,-179.64001,6010.8984,-4973.6377,3980.9348,6131.343,865.29535,-1890.8446,-26097.24,1
115936.54,1,1,1,45.098747,-2,-2,-2,2,-2,0,-17575.36,18322.232,26072.512,580.0154,4365.1997,6969.0645,-4185.9736,3709.108,5026.487,-1322.4741,685.5641,5077.8643,1
121951.91,2,3,1,45.596275,2,-2,-1,0,-2,0,-11248.328,25544.047,19773.225,7026.66,10861.655,5586.5312,256.77554,3460.569,5922.579,-3622.4736,2848.9636,4322.4365,1
105912.18,2,2,1,31.869463,0,0,0,0,0,0,42298.37,120794.21,89305.71,28331.482,62090.953,31937.902,-70.38656,1593.0477,8294.998,578.8195,1194.357,4219.7295,1
141514.94,2,1,2,42.74401,-2,-2,-2,2,-2,0,-11676.238,18395.447,24993.625,5272.285,2181.9067,5042.961,-3739.3093,3348.4243,5649.8643,-2893.2686,1203.6439,5991.8555,1
102279.625,2,2,2,24.89934,0,0,0,0,0,0,10869.3125,118497.21,61303.484,8553.148,26138.627,12938.766,931.33636,917.8241,8034.156,-1565.8828,1556.1793,3981.519,1
115448.7,2,3,1,45.5368,0,0,0,0,0,0,-15271.055,57513.465,48709.742,3268.0232,14764.009,16133.518,-4184.7637,3671.8853,6253.0083,-1807.6313,-691.4252,5474.1465,1
98010.13,2,1,2,24.727024,0,0,0,0,0,0,-1377.039,94283.695,45522.348,9216.742,27456.357,6252.914,-776.51056,1551.0106,6901.4014,-1286.708,1862.4039,4545.8193,1
125055.94,1,3,1,45.638355,0,0,0,2,-2,0,138913.61,141865.05,36622.188,4367.578,1482.0983,5412.9297,-3632.7507,2929.0667,5286.265,-2914.3457,5.4527736,6473.131,1
116234.086,1,2,2,27.460342,2,-2,-2,0,-1,0,-26817.297,2872.5564,18598.852,1914.3708,12450.185,6742.0176,-1201.1542,2046.7701,7941.3403,-2828.984,546.91785,-22200.457,1
145005.52,2,2,1,44.38484,0,0,0,0,0,0,174609.11,179257.83,126142.45,126953.02,105214.266,92356.22,-1132.6927,-1080.5797,10185.033,3622.9082,2568.8992,7981.18,1
107348.02,2,1,2,24.406958,0,0,0,0,0,0,-19276.39,51504.582,32135.125,5497.3125,24671.656,15034.787,-1160.2772,2100.0583,6550.243,-2861.1348,774.28455,4078.4263,1
102727.5,1,1,2,36.24214,2,-2,-2,0,-1,0,-23991.32,8037.787,17876.096,2538.9998,10420.073,9997.672,-2341.0984,1829.7186,6295.6304,450.6496,5015.5527,603.1771,1
112302.35,2,2,1,45.49643,0,0,0,0,0,0,96973.305,137069.55,121519.98,110955.6,99554.36,81081.71,-1649.475,1117.6068,9299.448,2422.6958,1212.2721,3916.1946,1
112289.46,2,2,1,43.07321,2,-2,-1,0,-1,0,-18415.367,7699.6543,20586.379,7018.9414,9731.462,5114.9883,-82.06185,2254.7817,8621.685,913.8432,1184.1752,5387.7905,1
102849.82,1,3,2,29.861475,0,0,0,0,0,0,-20735.492,14297.678,28128.057,4950.1484,13963.532,9433.617,-3051.7073,2193.667,6017.653,-2241.2285,1501.8541,4767.2437,1
142146.9,1,2,2,34.38123,0,0,0,0,0,0,176277.61,172224.27,130827.99,185833.06,44686.28,15892.154,145.07632,-521.68274,11714.373,-536.24567,1875.9532,7811.309,1
141654.72,2,3,2,45.476658,-2,-2,-2,2,-2,0,-10489.469,19187.137,25596.701,4632.9414,3403.1567,4784.168,-3493.3035,3151.4573,5556.108,-2587.581,1649.7279,5675.4595,1
140276.47,2,1,2,30.255102,-2,-2,-2,2,-2,0,-11363.652,17161.977,21211.889,6205.453,5051.5825,5098.1094,-3135.2883,2762.5374,5834.917,-2956.628,1726.3993,5545.002,1
119874.34,1,2,1,27.814941,0,0,0,0,0,0,152018.16,156249.64,123866.164,157732.88,109422.06,101008.164,1904.734,-1941.2443,11932.822,3510.004,9577.665,5937.85,1
120608.73,2,1,2,43.48492,0,0,0,0,0,0,-23504.875,56552.82,53723.535,-2274.1174,7648.223,8479.725,-6517.9355,5078.501,4925.767,-4298.7837,-3882.512,-24856.463,1
112687.1,2,2,2,45.03303,-2,-2,-2,2,-2,0,-23835.79,5707.783,29654.35,1267.9412,6221.028,7237.1133,-4009.7039,3217.1262,8233.346,-4089.0542,-248.88121,4822.677,1
136535.7,2,1,2,39.110836,0,0,-2,2,-2,0,-10278.977,20323.225,32248.535,6147.2812,-1166.265,5235.9844,-4751.285,4018.064,5703.8325,-2988.5762,-362.1073,6981.359,1
106980.836,1,3,2,26.455286,0,0,0,0,0,0,-20145.719,35634.426,30666.541,4176.9844,23024.418,12706.697,-2907.7166,2531.508,6927.2104,-1060.5894,1022.7626,1461.6019,1
105298.97,2,2,2,29.041348,0,0,0,0,-2,0,960.39465,59432.797,32716.94,7033.59,4528.1763,5535.2266,-2528.235,3282.226,5854.0786,-3271.2334,-266.59753,6547.9604,1
123710.14,1,1,1,43.928017,0,0,0,0,0,0,157192.55,158232.55,127534.69,152006.3,107202.75,99792.35,-1337.0892,-438.22913,11759.808,1753.0706,3972.515,2716.5896,1
146771.47,2,2,1,43.56616,0,-2,-1,0,-1,0,-7590.3555,25309.818,31543.445,4852.172,-2458.9722,-3789.3398,-3505.4119,4182.136,6755.7363,1089.7717,-1793.3119,-27913.523,1
114708.77,1,2,1,45.3302,0,0,0,0,0,0,-21192.023,46488.67,42814.094,3893.66,10121.923,9459.07,-3216.2878,3082.869,9670.996,1851.0789,-141.20006,6345.308,1
114377.16,2,2,2,25.524626,2,-2,-1,0,-1,0,-19494.016,19691.227,13629.132,7307.7227,16614.098,5645.926,5878.8154,1313.0924,6816.2725,-3411.1265,2371.2312,3926.5706,1
127810.516,2,3,1,25.528957,0,0,0,0,0,0,167504.38,166178.94,126039.95,141494.02,108866.02,90193.18,1244.232,-655.9498,10544.481,2527.988,5138.465,2606.346,1
137433.7,1,1,1,43.611603,0,0,0,0,0,0,151578.69,153571.02,127077.555,151208.19,109629.44,99614.67,126.90006,-1043.4318,11692.727,14601.339,4720.6177,2552.034,1
105404.164,2,2,1,33.90434,0,0,0,0,0,0,-12264.34,84584.07,46236.0,7093.1016,24434.447,11331.814,-358.5604,2551.6733,6457.8594,-1867.5288,154.75258,5866.536,1
99868.984,1,2,2,25.148167,0,0,0,0,0,0,22462.486,119915.19,55426.84,9303.445,31836.016,13012.949,1013.8254,573.45984,7702.75,-1834.9409,1955.8949,3752.0613,1
127766.05,2,2,1,45.42642,2,-2,-1,0,-1,0,-16815.61,11395.201,26082.865,5368.5,4741.637,6089.535,-2490.4236,2741.3396,9588.77,2351.0122,1533.8043,1070.5079,1
109534.445,1,2,2,25.25026,0,0,0,0,0,0,-18483.953,64219.523,32713.703,5183.7734,31877.16,17234.662,-1159.266,1572.0985,7299.409,-2295.935,282.2943,3728.6025,1
115824.805,1,1,1,45.23216,2,-2,-1,0,-1,0,-12465.227,16053.014,18222.357,8313.285,11059.626,5932.8125,-1106.4169,2396.6697,8001.0684,2048.6853,2438.7078,2622.3533,1
96236.945,1,1,2,32.4721,2,-2,-2,0,-1,0,-25995.742,3465.5447,15447.501,2192.0466,15560.976,10732.027,-1130.3329,1604.7272,15890.437,-3601.2354,5024.226,-970.0951,1
103801.67,2,2,2,30.553158,-2,-2,-2,2,-2,0,-24988.54,12027.322,23075.47,1897.0583,9637.954,6746.371,-3148.0325,3445.9138,5380.1475,-4486.9966,17.294083,798.26965,1
150673.25,2,3,2,45.5825,-2,-2,-2,2,-2,0,-3644.5115,26967.332,26014.066,5273.922,-1327.1049,4135.2812,-3904.3835,2217.4373,6105.272,-1329.3379,1300.6925,6964.86,1
119956.04,2,1,2,31.624594,2,-2,-2,0,-2,0,-18113.094,6367.5176,19679.83,3747.41,11250.96,9060.486,-3349.1228,2474.005,5620.0293,-4782.803,3101.5386,4209.6953,1
143159.12,1,1,1,45.532963,0,0,0,0,0,0,170836.56,172284.75,131337.44,175939.88,107768.484,101636.96,-1956.6576,-828.964,12227.699,3441.9507,3719.2036,2713.0742,1
142707.97,2,3,2,45.542484,-2,-2,-2,2,-2,0,-8047.7617,22193.234,25330.14,5152.7656,1825.1725,4430.9414,-3561.8806,2928.6042,5662.286,-2193.8926,1474.7045,6046.946,1
99569.72,2,2,1,33.46733,0,0,-2,0,-1,0,-9127.227,10121.428,23875.729,11750.596,2899.645,4523.2656,-1257.5839,2150.6904,6832.7725,1034.7405,1493.5875,6355.212,1
142590.98,2,2,1,25.455948,0,0,0,0,0,0,194553.72,197404.34,134673.78,215840.05,115156.59,110188.56,2427.7356,-2646.1375,16057.592,4611.051,4263.935,1254.184,1
110489.5,2,3,2,44.807076,0,0,0,0,0,0,-19447.156,18898.63,35352.438,3423.324,5145.516,8848.328,-4680.3574,3285.4736,5781.1743,-3393.3447,-264.81775,5945.6167,1
114896.16,1,2,1,45.57476,0,0,0,0,0,0,109862.17,142765.03,123069.68,116594.28,103772.26,85576.75,-1785.5482,383.24744,9535.774,2755.5203,1407.6656,3243.109,1
117246.44,2,2,1,41.85592,2,-2,0,0,-1,0,-21914.5,7812.373,25359.992,4459.508,9320.749,6051.758,-872.5267,2629.8665,8619.949,-425.55426,509.27966,5046.1265,1
129506.63,2,2,2,43.27285,2,-2,-1,0,-2,0,-16808.438,14469.572,20205.363,5113.6836,7965.567,5773.0547,-1131.9745,2870.0354,5940.7334,-3868.9185,1567.9794,5069.204,1
110527.45,1,2,1,45.18665,0,0,0,0,0,0,89557.055,131885.1,111874.58,68071.85,81043.99,46029.79,-1004.60675,1011.99817,8497.682,2006.9404,1368.2582,6133.839,1
104714.0,2,2,2,24.668472,0,0,0,0,0,0,47915.46,121015.96,89210.805,42217.18,60134.95,30740.393,1366.8346,391.3573,8651.307,-409.9981,2171.2922,3240.0195,1
127508.414,2,2,1,45.368183,0,0,0,2,0,0,37821.37,127654.85,108820.86,56902.86,79962.234,39985.184,-3385.1726,2049.4587,5639.165,1955.5325,79.8976,4232.682,1
145150.3,1,2,1,42.66852,0,0,0,0,0,0,183465.08,182675.86,133960.11,211685.67,121103.586,105494.72,-338.17123,-1952.357,17703.574,5606.7246,5137.628,3843.0737,1
108407.12,2,2,1,43.597977,0,0,0,0,0,0,11057.59,121731.77,70632.95,16045.426,50904.535,30815.34,-1448.2006,2205.935,7821.0996,314.56317,645.943,4677.1396,1
120494.164,2,1,2,27.822836,2,2,-2,0,-1,0,-19806.875,3956.697,20085.465,5542.367,14056.522,7963.0977,-3171.8376,2246.6375,7328.553,2172.7178,2361.7732,4502.7935,1
141544.0,2,1,2,30.37492,2,-2,-2,2,-2,0,-10365.18,30839.41,20529.824,5238.754,4287.5356,6512.1973,-2916.111,3508.231,5569.806,-4298.1187,1783.7511,5555.3887,1
92318.75,1,3,2,44.457493,2,-2,-2,0,0,0,-20488.906,2871.8376,47819.395,11934.973,57459.215,30978.076,-2150.8098,79.28161,6900.0176,-1752.0981,2719.99,2301.9983,1
96905.32,2,2,2,25.196451,0,0,0,0,-1,0,99057.96,119112.57,58408.637,21700.75,26197.688,11445.521,3146.3413,327.8241,9691.21,8508.382,2630.0347,4806.175,1
108416.45,2,2,2,36.55087,0,0,0,0,0,2,-17783.797,41998.645,33531.12,5458.828,17699.994,12883.482,-1564.8607,2207.8352,7623.891,-1246.0,183.60268,1188.7762,1
143269.31,2,3,1,45.66545,-2,-2,-2,2,-2,0,-4520.301,22851.281,26502.625,7568.1484,2019.1295,4167.246,-3035.9426,3046.0798,6452.413,-1554.4199,1693.7572,6051.462,1
141321.83,2,1,2,37.71695,-2,-2,-2,2,-2,0,-10773.766,19390.037,22578.25,6018.336,2230.5396,4927.9023,-3549.9285,3029.8093,5759.7173,-2792.9092,1343.0538,5986.4297,1
114935.664,2,2,1,45.498455,0,0,0,0,0,0,-12696.762,93585.29,58843.977,6019.0,29667.441,22637.27,-3181.3455,3014.9607,6957.741,-963.30035,-1257.8514,6003.449,1
108869.58,2,3,1,45.50618,0,0,0,0,0,0,-10296.18,82296.01,52078.14,5108.383,22991.61,18494.404,-2847.5535,3243.71,6205.611,-60.784718,1519.653,5349.789,1
103667.414,2,2,2,24.482948,0,0,0,0,0,0,-15740.734,46427.312,28416.412,9824.895,15973.563,5978.715,2773.9053,868.26013,6556.988,-3419.9922,2244.56,4252.4053,1
104505.71,2,3,1,45.062508,0,0,0,0,-1,0,-7334.699,29872.352,27628.686,11295.229,8813.751,8789.432,-1976.7826,3152.8938,8066.881,4802.953,1182.0338,6721.827,1
117908.96,1,2,1,37.472515,0,0,0,0,0,0,128827.625,145257.83,122158.734,133961.78,104699.58,80124.93,592.78436,-238.73256,10923.059,4275.7305,3147.4592,3389.6858,1
141156.75,2,1,2,39.97836,-2,-2,-2,2,-2,0,-12584.117,16956.617,23149.97,5388.1523,3108.2583,5210.086,-3608.2996,3237.309,5690.7046,-3081.9375,1300.7538,5783.8555,1
147673.25,2,1,1,44.37587,0,-2,-2,2,-2,0,-2756.5388,28376.037,24090.947,9425.762,1849.3209,3897.0664,-3261.8591,2952.0867,6919.8887,2738.2031,1523.1002,6612.4814,1
140104.61,2,2,1,41.026657,0,0,0,0,0,0,169049.44,172927.45,127631.375,147607.25,104135.39,96781.055,-804.78546,-715.296,11231.538,3485.8137,2074.5308,3986.4626,1
105881.48,2,2,1,27.23183,-2,-2,-2,2,-2,0,-22521.805,4288.842,22248.045,5761.6875,14960.421,5708.051,-1328.2206,3244.1265,5706.385,-888.4556,1118.3385,3573.6907,1
111273.22,2,2,2,38.71136,0,0,0,0,0,0,-17784.89,70835.59,45394.777,4276.2227,24877.912,18024.115,-3221.9841,2653.0947,6384.1147,-2131.63,-636.7523,5825.199,1
112090.01,2,3,1,45.586346,0,0,0,0,0,0,-15414.1875,54960.86,43266.902,3911.363,13202.704,12585.072,-3671.7244,3787.319,7901.1265,-426.83063,88.716446,5647.7153,1
149889.22,2,2,1,45.571342,0,0,0,0,0,0,180618.56,181502.4,134569.48,88519.055,85186.83,63249.37,-2093.4324,405.96375,8511.292,1560.6992,-1602.6947,6884.2876,1
101930.44,1,2,2,30.617674,2,-2,-2,0,-1,0,-25656.227,3342.5056,13305.792,3806.9646,17910.096,8416.215,2314.5251,924.48083,7752.8276,-216.33842,2550.2014,2723.8955,1
113563.55,1,1,2,29.506296,0,0,0,0,0,0,128644.48,147438.2,127646.82,134458.0,98307.42,72731.195,-719.1756,-397.9757,10144.401,1244.387,3094.3088,3209.828,1
105340.25,2,1,2,25.354736,0,0,0,0,-1,0,-17352.648,23308.338,28575.166,6562.1914,5948.3755,5832.629,-2048.6628,2028.8859,6681.0166,-88.136765,427.37878,5484.529,1
116852.69,1,2,2,32.13376,0,0,0,0,-1,0,-22182.062,10372.752,27029.201,6134.5938,5743.3716,5185.9375,-2514.8093,1287.3854,6601.32,-2218.4165,199.10365,6327.802,1
150693.94,2,3,2,45.60071,-2,-2,-2,2,-2,0,-3347.1365,27093.16,25932.105,5530.2773,-1147.6244,3911.418,-3843.909,2220.2534,6180.15,-1279.1763,610.65906,6928.4985,1
124827.31,2,3,1,45.034428,2,-2,0,0,0,0,-24821.883,4816.9824,29709.074,889.25366,13423.614,8501.58,-3192.2888,3276.416,9004.708,-4345.5767,1332.0956,3791.8467,1
118158.164,1,2,1,44.143684,0,0,0,0,0,0,121014.086,145413.19,123186.82,59937.83,73317.35,44064.508,-479.82748,761.475,8713.454,489.18744,1192.0375,5377.5337,1
110600.04,1,2,1,45.552715,0,0,0,0,0,0,65947.65,128544.984,106513.41,59467.266,84532.82,56768.3,-1338.2538,861.931,10763.601,2588.754,1333.6342,6194.082,1
128868.125,2,1,1,45.228306,2,-2,-2,0,0,0,-19123.25,4575.842,27306.023,5385.457,17352.816,12325.85,-3438.3718,2700.686,15138.525,-3767.708,2720.6365,3325.4365,1
108066.836,1,2,1,42.14147,0,0,0,0,0,0,49926.22,124356.22,92813.09,41663.195,51462.855,30888.355,213.15298,1173.3951,10645.778,-83.15532,2586.848,3973.6824,1
117109.805,2,1,2,40.30625,2,-2,-2,0,-1,0,-18173.094,9218.736,20309.924,5058.9727,7030.77,6701.5645,-1922.9691,1969.143,7532.2646,-2763.376,2009.7462,3560.706,1
97131.97,1,3,2,25.436588,0,0,0,0,-2,0,-13981.902,22964.2,22501.49,7114.5977,12919.757,5379.5938,-1595.9545,2665.7615,5953.5825,-3469.005,2239.4534,4287.792,1
100366.625,2,2,2,25.388798,0,0,0,0,0,2,55249.355,118368.44,73679.95,26436.03,86884.55,48578.44,4464.683,-1071.1407,9609.643,6046.5513,3126.0217,1849.0441,1
140573.55,2,1,1,45.835888,2,-2,-1,0,-1,0,-1728.7733,27446.695,19385.857,12167.951,3146.1216,4150.867,-1135.3177,1277.8031,7014.7183,-208.83452,2294.27,5614.4775,1
108784.56,1,2,2,43.6783,0,0,0,0,-2,0,12738.199,125961.63,38308.164,5656.199,843.07874,4680.1484,-3482.285,3272.9185,5585.5474,-2942.1846,-1466.351,-17234.27,1
102921.5,2,2,2,24.747416,0,0,2,0,0,0,1484.004,114943.55,49126.676,7406.2773,56371.54,28945.818,2734.8816,631.23816,8130.139,-874.899,1682.264,2167.9717,1
107484.62,2,2,1,42.849606,0,0,0,0,0,0,45591.65,122528.58,76584.76,9359.652,39231.004,24803.367,-1355.7894,2292.5728,7299.7837,-287.10895,255.36244,4977.2085,1
106104.305,1,2,1,29.402594,0,0,0,0,0,0,10028.289,121839.06,61357.332,6253.336,31189.672,18035.393,-1078.8661,2214.951,7773.233,-1168.3154,501.30408,-5731.843,1
107979.82,2,2,2,24.3924,0,0,0,0,0,0,-16123.9375,69716.65,37465.57,5457.0234,33131.555,18503.682,-1618.8949,1976.6317,6881.8423,-2300.6538,335.96375,3582.571,1
114295.836,2,2,2,44.73277,0,0,0,0,0,0,-22855.75,30933.838,39083.137,2087.0623,3699.0083,9424.541,-4252.618,3214.1653,5463.962,-2152.4775,-1876.1498,6672.615,1
86472.75,2,3,2,27.660547,-2,-2,-2,2,-2,0,-22427.812,7277.6816,18798.49,3479.9646,15750.778,7580.0938,-2135.2712,3023.3245,5799.9404,-4475.8433,2679.4102,2576.4526,1
115408.164,2,2,2,45.112244,0,0,0,0,0,0,56548.855,131158.58,114005.44,61921.695,25565.81,23977.73,-4063.1833,3298.9084,7582.3154,-1909.4453,-2409.5447,-23915.832,1
111078.32,2,2,1,45.369064,0,0,0,0,0,0,54438.312,129696.03,50715.11,5231.586,19344.818,16170.34,-2371.2761,2462.3186,6402.251,-1254.4795,-1155.8344,6156.908,1
101565.63,1,2,1,45.021023,-2,-2,-2,2,-2,0,-24536.477,1959.6737,18321.87,4406.004,14259.972,5820.6094,16206.514,1439.288,5402.7847,-3588.6353,1409.4388,3890.4626,1
105074.74,1,3,1,37.324757,0,0,0,0,0,0,11822.297,117752.414,35281.598,7584.1875,10931.222,6054.7266,-1106.1576,1894.5424,6840.779,-2378.6055,2506.9727,2954.5662,1
117501.96,1,2,1,44.853565,0,0,0,0,0,0,124126.43,145559.4,123210.34,132316.03,100043.08,73407.59,-619.5496,228.17418,10452.068,2276.7712,2041.0109,3908.5154,1
111162.4,2,2,2,45.42055,0,0,-1,0,0,0,73954.414,134701.47,121552.625,48360.4,75725.516,49516.184,-837.3582,670.15076,7996.684,499.6728,210.73598,5303.335,1
104912.72,1,2,2,43.977665,0,0,0,0,-1,0,-2557.3591,88216.32,31969.68,7533.3477,30229.941,15597.221,-1088.6927,1067.5062,7585.397,16933.227,1147.8895,5620.8843,1
114742.62,2,1,2,27.429848,0,0,0,2,0,0,54530.81,127348.84,102843.76,50635.17,84023.33,58885.176,-3218.1892,1042.9437,5802.601,-712.7369,1159.9618,-312.1449,1
114690.66,2,2,2,45.158863,0,0,0,0,0,0,-18328.922,72119.414,53930.47,2859.445,12698.423,14403.559,-4092.0408,3114.6138,6351.327,-1870.7373,-1695.6595,6647.147,1
124463.88,1,1,2,26.024345,0,0,2,0,0,0,146309.78,168902.73,130260.7,157339.02,109032.55,104880.22,17192.734,-2186.848,14351.941,4076.3057,7103.6733,-20696.318,1
104140.64,2,3,1,45.745605,0,0,0,0,0,0,5155.746,113880.2,63108.332,18106.254,14080.96,9805.801,-1113.4589,2635.035,7083.5405,-1371.7358,1848.5624,5106.899,1
116087.8,1,2,2,29.306711,-2,-2,-2,2,-2,0,-25055.281,1734.7206,18563.934,3571.3787,14127.907,6067.051,-1890.4628,2346.519,5733.775,-4006.629,1081.963,3946.3784,1
105886.94,2,2,2,24.446167,0,0,0,0,0,0,7519.586,121174.93,66902.984,14262.242,25100.977,14321.467,-951.5501,1960.2574,7878.918,-1797.6528,787.45154,-16198.577,1
104680.39,1,1,2,34.974697,1,-2,0,0,0,0,-28083.062,10613.604,32017.393,-1747.1448,13496.794,12298.432,-4110.335,2547.4421,8800.758,-3102.4858,3989.7788,473.41443,1
148517.25,1,2,1,43.48611,0,0,0,0,0,0,192766.34,205739.58,142677.36,245598.7,132313.72,134647.98,1319.9694,-3588.4368,17262.309,4276.4307,12985.129,-8052.076,1
127179.305,2,2,1,45.03679,0,0,0,0,0,0,138432.25,154994.83,127727.48,120843.69,102057.53,82028.52,-1258.6044,561.0819,9505.065,2566.1577,1093.1263,4401.166,1
139277.8,2,2,1,45.530495,2,-2,-1,0,-1,0,-13099.223,17049.78,24555.203,6533.539,2343.27,5787.6797,-1425.8168,2291.6824,7968.357,802.54706,2376.6064,3514.7336,1
105144.03,1,1,2,30.057085,0,0,0,0,0,0,-14255.609,70351.84,38717.25,3837.7263,32922.246,20673.377,-3245.5642,2091.2861,6764.3667,-2263.539,538.97766,3888.0627,1
132314.47,2,1,1,44.02743,-2,-2,-2,2,-2,0,-13929.234,22023.787,24576.762,5752.2266,5736.895,5465.785,-1767.7308,3770.6829,5832.483,-2535.9521,1560.2084,5029.8486,1
147112.05,1,1,1,45.424873,0,0,0,0,0,0,188071.27,197715.47,138552.8,228575.4,127941.664,126998.99,-1462.6967,-2896.821,15706.97,3619.7556,9330.907,1566.4122,1
142107.03,2,1,2,39.906082,-2,-2,-2,2,-2,0,-10333.129,20283.523,23194.424,6005.7734,1609.9655,4830.914,-3635.8533,3027.8481,5756.7896,-2694.3667,1248.7748,6111.614,1
111981.09,2,2,1,45.51799,0,0,0,0,0,0,6914.449,121233.43,54228.777,7076.4414,12787.831,11695.061,-2475.2122,2504.0032,9306.668,-1426.98,-597.5062,6488.8545,1
104870.14,2,1,2,26.01621,0,0,0,0,0,0,-21102.344,13210.561,31637.074,5371.7656,11136.722,8540.369,-3726.075,2362.48,6125.943,-3847.3335,288.5636,5298.07,1
102016.68,1,2,2,24.916126,0,0,0,0,0,0,15168.469,120268.33,58007.133,7954.3594,38816.168,18147.625,617.4289,313.10242,7879.241,-1195.3564,1657.2882,3624.8945,1
120005.945,2,3,2,44.828846,-2,-2,-2,2,-2,0,-16878.695,13719.912,24579.367,2842.1326,7330.7505,5768.422,-3452.4382,3559.8074,5373.5586,-3665.1616,1452.506,4767.9087,1
106546.875,1,2,1,40.838833,0,0,0,0,0,0,6852.0977,115196.625,41503.258,9073.707,18797.873,16763.996,-632.8128,1542.035,7035.557,-1099.0659,767.50037,5029.9116,1
103642.52,2,2,2,25.353569,2,-2,-2,0,-1,0,-25597.992,2989.3337,17116.139,3319.7654,13956.284,6590.9336,-539.2576,2129.1113,6494.6797,-2942.8042,530.83777,-7474.086,1
109617.305,1,2,1,44.416367,0,0,0,0,0,0,70862.52,129277.56,111282.695,21366.807,61065.492,36865.4,-1429.6693,1856.5397,7800.5996,746.1274,423.56873,1274.7352,1
128296.96,1,2,1,39.111984,0,0,0,0,0,0,96011.586,133153.69,119853.83,10385.463,3450.184,2909.3984,1283.9591,1313.1447,7874.2656,-778.9932,1365.4169,7166.162,1
120025.64,2,1,2,31.03537,-2,-2,-2,2,-1,0,-24615.0,9702.025,33239.35,172.28491,7411.938,12646.219,-5112.6133,3825.826,5534.799,1935.4045,-1106.9618,-26655.02,1
112892.16,2,2,2,45.87823,0,0,0,0,0,0,70483.23,127281.5,92745.53,38689.555,35274.06,9711.896,-2826.0261,2411.4592,32069.895,-2267.9146,1957.184,1673.9701,1
108925.07,2,1,2,42.293808,0,0,0,0,0,0,12282.68,121393.766,76729.91,8847.918,14655.319,9011.588,-2693.861,2151.9795,6397.02,-2244.4248,356.8363,6297.1934,1
138451.66,2,1,2,44.156178,2,2,-2,0,-1,0,-14586.605,13704.338,24522.926,5278.797,4070.2075,5007.285,-4152.9775,2686.5068,7849.9385,-69.99126,1239.869,5851.104,1
105519.65,2,2,2,24.482344,0,0,0,0,0,0,-11064.227,80732.78,36543.082,7207.9883,26415.342,11745.494,-773.9515,1505.9335,7495.5195,-2606.5244,948.0536,4805.6797,1
108504.55,1,2,3,25.301842,2,-2,-2,0,0,0,-23956.828,15586.959,23619.87,4814.4883,22464.299,7572.3633,2959.0305,2085.5735,5613.63,-4566.5835,1761.9335,3224.2087,1
123577.4,2,1,2,45.122803,-2,-2,-2,2,-2,0,-18837.234,9446.529,30696.273,1289.1912,3443.356,8503.041,-4858.5127,3133.5293,5720.056,-3742.859,1522.4777,5834.6636,1
85567.91,1,3,2,45.490646,1,-2,-2,2,-1,2,80574.336,125608.72,88647.27,43444.16,85582.19,14443.508,1826.4547,-504.6178,7497.9473,-2381.8228,3784.1646,2810.2114,1
104913.95,2,2,1,34.311718,0,0,0,0,0,0,9770.883,119564.3,70155.586,9358.703,31385.232,17367.738,-456.42123,1907.797,7393.427,-788.4747,849.8744,5070.0225,1
143391.98,2,2,1,45.341534,0,0,0,0,0,0,167980.14,171868.64,131689.81,180422.64,104832.055,100695.46,-1470.7294,-511.068,13182.781,3728.0503,2692.414,3123.5696,1
107170.445,2,2,2,24.361324,0,0,0,0,0,0,-14288.469,72281.99,38758.504,5702.9766,34922.777,19441.541,-1329.2084,1741.4056,6648.7764,-1541.3501,663.4491,4217.2705,1
108046.04,2,2,1,45.30166,0,0,-1,0,0,0,65520.97,133642.94,119325.9,58260.66,82751.73,56958.543,7785.709,631.90076,8777.411,1139.7292,1248.0844,4271.7554,1
112177.77,2,2,1,45.206207,0,0,0,0,0,0,-13085.219,90394.68,51468.184,4841.492,22753.473,19675.117,-2894.5544,2860.9846,6773.4604,-1555.5073,871.0126,5531.7793,1
106395.97,1,3,2,44.51228,0,0,0,0,0,0,55069.54,125982.17,95746.26,26241.08,28825.736,17085.707,-1139.309,1449.8368,7445.4917,-1089.8032,2157.6453,3946.0144,1
140957.08,2,3,1,45.976807,2,-2,-1,0,-1,0,442.58218,24771.113,17572.898,11131.615,39928.477,4017.3477,-1699.7509,754.5233,7179.825,19387.05,2795.978,5195.063,1
134508.3,2,3,1,45.44946,-2,-2,-2,2,-2,0,-10437.781,16083.986,27476.719,5234.461,4637.6567,5198.2383,-3149.5227,3602.7888,5678.6157,-2008.5928,1519.9901,5423.371,1
107092.49,1,2,1,42.891098,0,0,0,0,0,0,-3319.0154,107009.96,52678.547,7652.4883,31248.166,17693.172,-1169.517,1904.7538,7583.6694,-908.3912,769.307,4806.6436,1
156603.88,1,1,1,45.59417,0,0,0,0,0,0,167424.05,172520.12,136660.27,115859.59,66664.52,29090.66,-4443.83,3889.5059,6959.9927,-727.6773,-3473.0212,-40389.703,1
117269.81,2,2,1,31.051811,1,2,0,0,0,0,-14012.637,97001.0,51019.824,1819.0544,23604.428,17490.902,-3335.2585,3624.627,9340.998,-2816.1558,4088.202,-80.300674,1
108276.086,1,2,1,42.968773,0,0,0,0,0,0,62016.75,126675.27,106138.31,57330.918,82291.42,55597.258,-491.973,921.0204,8546.92,1332.1245,1682.161,3845.211,1
110540.29,1,2,1,44.42161,-2,-2,0,0,2,0,-27948.61,11208.572,25660.713,2290.3865,16746.861,12219.131,-794.74396,2596.6982,9268.439,-4006.7217,-291.78162,2553.5757,1
148993.58,2,1,2,45.436855,2,-2,-1,0,-1,0,-5742.172,29176.312,19632.94,7444.8086,-1135.9486,3923.1797,-2054.1282,865.0482,6802.5605,-848.65436,1458.1552,7421.943,1
102790.96,2,2,1,43.839813,-2,-2,-2,2,-2,0,-25034.695,10322.502,27649.87,2339.7341,8042.145,10348.348,-2669.507,3464.94,5662.927,-2894.5835,5015.32,4121.8022,1
108059.68,2,2,1,42.911076,0,0,0,0,0,0,30036.4,117872.53,66262.8,11563.041,28227.043,17960.3,-1294.9056,2381.899,7311.6177,-955.2452,418.83435,5429.3076,1
100446.1,2,1,2,25.857485,2,-2,-2,2,-1,0,-21554.883,19855.0,20742.148,1430.0271,10257.487,8091.8496,-538.3226,2496.8147,5323.695,-2183.7622,655.5233,3842.935,1
107185.125,1,2,2,26.40627,-2,-2,-2,2,-2,0,-25232.008,923.85333,16811.654,3535.742,17009.766,6356.717,-1530.2806,2213.6868,5671.791,-4188.053,1105.5721,3414.7866,1
115018.516,2,2,1,44.33254,2,0,0,0,0,0,-26028.727,22515.8,40972.48,912.6638,8417.958,10086.447,-3960.4216,4651.599,5143.895,-328.85602,-1817.5345,3027.026,1
106633.09,2,2,2,24.42625,0,0,0,0,0,0,-12320.762,76261.08,38235.156,5699.961,36894.895,17675.309,-1178.5135,1685.6727,6668.621,-1904.2686,824.96814,3796.728,1
118263.2,2,2,2,43.67924,-2,-2,-2,2,-2,0,-22816.719,7347.4004,27142.37,2351.0115,6205.9614,6179.5547,-3561.2468,3307.096,5309.646,-3910.942,82.12709,4432.318,1
110142.266,2,1,1,44.48181,0,0,0,0,0,0,7853.0703,122968.02,90624.33,9729.238,12234.769,13036.977,-2844.8264,3772.0842,6634.974,-679.79254,-6.7347264,-21952.49,1
130314.76,1,2,2,38.553314,2,-2,-1,0,-1,0,-19860.227,4100.7324,16945.135,6043.086,8526.735,5270.867,-750.2005,1081.9513,7603.583,-756.55524,1891.9237,4695.8315,1
111026.66,2,2,2,38.406616,0,0,0,0,0,0,-21980.133,43103.71,38881.92,3536.703,13392.446,13619.674,-3818.075,2968.1094,5878.6523,-2729.6357,-1027.6078,6124.9863,1
142276.47,1,2,1,33.871334,0,0,0,0,0,0,194788.11,196278.1,133753.25,172369.42,107404.42,102281.53,1095.8326,-2413.8645,12656.132,4038.5007,2495.4172,3590.1406,1
102457.31,2,2,2,24.607248,0,0,0,0,0,0,19138.285,120391.87,58893.46,13857.721,59424.457,31614.975,428.32095,671.599,9269.905,-721.2032,1686.3932,2640.4617,1
109020.58,2,3,1,45.543915,0,0,0,0,0,0,-15159.43,28636.066,38226.668,5262.6445,6539.6216,9126.314,-3932.6863,3780.5376,5982.5547,-2297.6118,-90.74547,6040.0835,1
141338.6,2,1,2,44.4598,-2,-2,-2,2,-2,0,-11502.797,18860.457,25508.494,4758.3867,1749.942,4967.664,-3909.6687,3236.7075,5554.3237,-2865.8071,981.69885,6098.827,1
140571.86,2,1,2,29.899214,2,-2,-2,2,-2,0,-15505.828,18389.72,24132.824,2430.738,3622.4302,6664.6855,-4684.912,3510.1948,5139.886,-4397.969,1057.5778,4012.366,1
140889.4,2,3,1,38.13825,-2,-2,-2,2,-2,0,-7397.883,21246.541,20519.71,9712.059,6146.4653,4055.461,-2104.4636,3059.8489,6131.8887,-2093.6807,2414.135,5150.2734,1
114042.125,1,2,1,45.46394,0,0,0,0,0,0,-14180.18,87862.28,54880.17,4553.6094,31868.719,22923.457,-3125.9778,2641.4692,6638.295,-103.51323,-661.1522,5351.599,1
137849.97,1,2,1,44.568005,2,-2,-2,0,0,0,-20492.172,9793.924,28177.002,2627.8787,5529.766,5894.742,-3281.4294,2625.2803,8383.513,-260.47516,1198.9808,844.4203,1
108951.53,1,1,2,34.32765,2,-2,0,0,-1,0,-26832.453,18020.652,22662.936,-646.8518,8508.966,8392.691,-2821.8064,3129.5503,7240.5664,-35.683155,266.0177,-22323.62,1
90721.37,1,3,1,24.996748,0,0,0,0,0,0,24206.984,120514.266,26610.639,11395.506,29866.326,11999.053,1148.5507,1095.2633,7171.5864,-1233.6499,3290.335,2769.8884,1
104258.586,2,1,2,31.130083,-2,-2,-2,2,-2,0,-22240.633,6113.662,21491.854,3385.1638,11270.409,7091.9805,-3272.202,3096.2322,6765.1978,-4557.72,1203.7076,4084.699,1
108674.734,1,2,2,39.549797,0,0,0,0,0,0,11766.602,123137.484,55510.832,5730.6914,32967.266,19327.164,-1443.515,1083.65,7156.851,-1221.5923,484.6764,4823.025,1
138408.38,2,2,2,43.94153,2,-2,-1,0,-1,0,-13291.289,11281.564,20795.008,6942.957,2256.3599,4346.4688,-2494.6736,1714.4989,7201.9243,-171.70268,1382.0763,6096.416,1
98323.016,2,1,1,25.002121,0,0,0,0,0,0,-6855.7695,82380.234,42579.68,8558.43,33937.96,18467.613,-1290.9955,2171.4714,6815.1597,-1716.9971,1729.6815,3982.0764,1
95584.016,1,3,1,33.0426,0,0,0,0,0,0,3826.5823,102805.75,47508.49,11885.762,46507.86,24016.01,-398.827,1833.3346,7572.7793,-529.8194,2594.7334,3408.0078,1
150046.1,2,2,1,44.706547,0,0,0,0,0,0,188290.38,197891.23,140935.03,236912.75,128098.33,128114.234,-2291.657,-2206.6052,17499.701,3567.239,8262.714,-20633.777,1
99553.29,2,2,1,25.36239,0,0,0,0,0,0,-5574.1016,92600.81,42471.137,9234.84,12178.112,4893.379,358.9738,2122.0112,7233.434,-2669.6436,1343.3177,5333.1396,1
112755.836,1,2,2,45.10588,0,0,0,0,0,0,13861.332,123930.62,71772.59,7421.801,50874.26,24644.895,-1955.6786,1311.6053,7209.394,-1084.0693,298.16565,6049.289,1
101313.87,1,1,2,24.654438,0,0,0,0,0,0,-8280.129,76421.055,29117.906,7155.6445,16887.285,8862.83,-2229.8289,1341.4393,6186.5303,-3004.1611,1364.3414,4504.6025,1
142663.28,2,1,1,45.46616,-2,-2,-2,2,-2,0,-8086.4883,23252.295,28331.262,5753.7188,699.7272,4941.9805,-2943.953,3166.8496,5785.385,-2308.9497,300.48254,6708.9644,1
127886.3,1,3,1,45.6877,-2,-2,-1,0,0,0,-11449.391,8878.482,22845.596,7798.746,11882.476,6474.9297,-1662.222,2050.649,7832.855,1016.80194,3192.2693,4021.9385,1
114340.11,1,1,2,43.473457,2,-2,-2,0,-1,0,-21703.523,8478.619,21651.83,2439.2537,8229.259,9700.723,-2573.0164,1687.694,6944.746,-1356.4229,5368.015,2272.3118,1
104615.3,1,2,2,26.44326,0,0,0,0,0,0,15277.336,121432.75,54777.08,9073.324,27532.73,13253.328,-14.6800165,635.9071,6996.59,-1658.1367,1217.8085,4180.949,1
144590.56,2,1,2,39.861004,-2,-2,-2,2,-2,0,-8870.387,22342.08,23172.807,6396.176,821.1842,4575.3125,-3674.3962,2859.1653,5873.7437,-2425.7197,1144.6952,6316.0757,1
103484.37,2,2,1,26.286922,0,0,0,0,0,0,25812.768,119296.914,73245.72,22227.63,63403.797,35454.71,743.5407,1229.5236,8207.028,104.06026,1633.2709,3381.7964,1
115083.7,1,1,2,33.513412,-2,-2,-2,2,-2,0,-21547.172,8243.92,20557.568,2840.6482,11038.179,6879.3105,-2747.9841,2843.6362,6020.98,-3211.8975,1675.4677,3746.35,1
107651.38,2,1,2,24.47879,0,0,0,0,0,0,-17308.797,56388.836,34070.9,5480.9023,25237.629,15688.447,-2101.8586,2150.666,6536.5376,-3032.0,1136.994,4208.5444,1
104178.09,1,3,1,43.69712,0,0,0,0,0,0,68125.75,126178.18,101177.86,51037.574,70230.6,34388.504,-566.2669,1475.5751,8199.855,1019.3649,2894.1482,3938.5793,1
99383.43,2,1,2,25.505754,2,-2,-1,0,-1,0,-21960.04,2090.3728,17203.68,6370.8867,20733.488,7302.043,1054.0912,1405.2416,13464.786,-2953.9922,2307.4998,3059.3064,1
146798.9,2,2,1,44.538265,-2,-2,-2,2,-2,0,-8190.7383,23783.752,24185.88,8263.066,639.90295,3319.0352,-2734.7605,2917.4912,6558.171,-559.7032,570.4059,6466.8887,1
112047.56,1,2,1,45.51223,0,0,0,0,0,0,-2543.2185,116830.36,58026.44,6178.703,26442.844,14835.064,-2080.5178,2082.4578,7239.326,830.1257,127.63783,5754.6875,1
141020.84,1,1,2,42.818707,-2,-2,-2,2,-2,0,-11045.113,18956.574,22758.11,4803.383,3062.3442,4673.4727,-3704.5427,2873.3557,5729.04,-526.76227,1554.569,5992.705,1
120054.625,2,2,2,36.107502,2,-2,-1,0,-1,0,-20427.938,4379.092,18684.6,5809.711,8741.417,5653.4727,-704.3763,1626.9545,7756.114,-1900.6172,1194.8668,4190.874,1
108767.21,1,2,1,43.373516,0,0,-2,0,-2,0,-20043.64,29339.105,32514.605,6046.418,6059.067,12181.5625,-2182.7117,2128.4683,6085.4575,-3104.0854,9318.252,6057.834,1
131625.42,2,2,1,45.305725,2,-2,-2,0,-1,0,-12365.902,21625.824,18165.197,7834.828,46541.824,4768.3477,-350.74887,2110.1765,7449.119,22335.021,1544.3263,2874.9155,1
114704.375,2,2,2,43.1411,2,-2,-1,0,-1,0,-17224.0,10386.779,18205.12,6442.4414,8308.769,5328.453,11.4728155,2134.096,7706.6543,-2878.585,1509.9696,5364.748,1
106653.234,1,2,2,24.717947,0,0,0,0,0,0,-15763.664,69351.42,35890.3,5219.1484,37016.887,6160.1387,-1189.9027,1668.16,6621.047,-1903.9868,535.5824,4794.341,1
105849.836,2,3,1,36.372955,0,0,0,0,2,0,-13436.273,40567.812,32440.07,9098.27,8765.347,10686.84,-2335.223,3642.9458,7642.68,-3266.4155,701.82874,4136.9043,1
110338.12,1,3,2,45.640297,0,0,0,0,0,0,17565.258,123120.32,68790.414,5531.25,17465.285,13063.863,-2742.6482,1860.631,6499.6226,-1322.1265,1245.7352,3915.5098,1
145320.75,2,1,1,27.9101,0,0,-2,2,-1,0,173518.73,127682.664,104080.01,23547.496,-578.265,2424.371,-48.573082,274.62878,8720.318,1695.8181,816.786,5798.537,1
124632.164,2,2,1,46.08451,0,0,0,0,-1,0,172375.78,157424.81,128981.75,106647.09,92505.62,57146.043,1374.9711,-1747.32,11175.458,32403.385,4610.8955,4092.3792,1
100195.56,2,1,2,24.800209,0,0,2,0,0,0,-3.8553221,112186.44,48840.516,7291.492,52977.86,28869.824,943.52484,1230.931,7782.0034,-1424.4106,2107.7114,577.85046,1
136829.97,1,1,1,45.333073,2,-2,-2,0,-1,0,-7380.1367,8527.756,18589.965,20133.504,12032.976,4498.0117,-2604.4695,2612.196,26730.205,-2251.2412,3110.5686,-22239.406,1
114147.56,1,2,2,44.133347,0,0,0,0,0,0,-23706.29,29536.602,37843.22,2334.8435,14235.011,13688.607,-4455.4795,2655.901,7602.9805,-2790.7002,-1138.4828,5974.21,1
134716.88,2,3,1,30.117716,2,-2,-1,0,-1,0,-8422.785,13709.498,14956.333,11839.555,11437.757,3909.6562,-147.97299,1415.2645,7167.137,-1068.1177,3559.9043,4493.838,1
103083.766,1,2,1,36.064587,0,0,0,0,0,0,16654.848,121894.7,60967.902,19113.426,38186.28,17737.822,1404.2548,1169.7614,22623.893,-308.6402,2438.085,2651.8447,1
144948.67,2,1,1,45.777355,0,0,0,0,0,0,133439.61,142112.78,124200.84,50381.207,85885.51,46949.688,-3759.6414,-20700.79,28074.37,3407.9045,5004.6826,-23695.424,1
103152.234,2,2,1,24.684345,0,0,0,0,0,0,30836.205,119907.734,64918.883,11850.463,25224.342,12689.133,1021.7026,1360.8522,9094.095,-1195.9443,1671.3378,3628.4182,1
97995.31,2,2,1,25.783863,0,0,0,0,-2,0,68061.78,124762.62,104555.05,16224.854,9453.78,3468.0234,2296.335,1773.0548,7110.648,-1598.9565,2173.9443,5969.7466,1
93466.82,2,3,2,24.850882,0,0,0,0,0,0,20089.83,117867.9,58272.31,16513.232,48802.414,23653.916,865.02264,1026.4242,7836.8354,-1155.3633,3362.6826,2910.5127,1
100616.5,2,1,2,24.66323,0,0,0,0,0,0,19949.104,119251.68,62562.645,11095.854,16264.142,8382.379,-541.19855,981.6373,7167.3643,-1481.6758,2090.2458,4743.0615,1
127185.49,1,2,1,31.92176,0,0,0,2,0,0,71471.46,127174.9,109558.5,81730.11,101609.62,93138.17,2003.5975,-1257.881,6460.701,1557.2485,31276.113,4178.6343,1
107058.84,2,2,1,37.051743,0,0,0,0,2,2,27912.541,119919.53,92148.03,108256.875,110755.586,75774.305,23215.934,-1927.5182,22158.283,1527.0127,4566.098,856.4103,1
149819.02,2,1,2,41.06533,1,-2,-2,2,-2,0,-14086.395,57610.508,29313.81,1127.1404,-2810.566,7319.326,-1059.076,3207.7097,5287.7827,-4071.5269,835.1293,7086.368,1
111280.84,2,3,1,45.335617,0,0,0,0,0,0,57520.848,71199.836,38619.215,6436.9688,21930.764,18728.879,-3950.115,3404.1897,6132.5913,11397.226,673.4247,5541.8096,1
104958.98,2,3,2,44.500633,2,-2,-2,0,0,0,-24309.54,6301.0254,24444.068,483.60132,13526.167,9867.381,-3311.2126,2427.7546,8740.657,-4747.85,2415.4038,3954.0378,1
118252.43,2,2,1,34.756046,-2,-2,-2,2,-2,0,-20282.734,8384.865,23307.166,5515.3633,8793.88,5906.289,-2045.2894,3415.6296,5654.473,-2789.108,1575.3624,3663.1677,1
119923.15,1,2,1,45.328327,0,0,0,2,-2,0,-22409.148,51725.746,36043.805,1537.2849,3159.106,8631.154,-6053.4453,3724.5952,19771.62,-4400.692,-1936.0048,6296.596,1
114114.01,1,2,2,45.496147,0,0,0,0,0,0,26163.006,126623.37,73502.53,4574.285,16272.802,13717.121,-2827.0793,1676.2714,7599.9434,2990.0325,0.9796289,5294.341,1
121089.91,1,1,1,42.879738,0,0,0,0,0,0,146345.62,152062.23,121705.19,104716.2,60642.44,28102.344,-618.43195,750.869,10008.243,604.7414,2202.5654,5380.7285,1
102844.79,2,2,2,24.799986,0,0,0,0,0,0,39449.453,119718.81,116714.35,11825.328,22715.98,12504.285,506.94547,699.08777,7446.1533,-890.92633,1887.0211,5513.0825,1
101261.17,2,3,2,45.909946,0,0,0,0,-1,0,61455.293,122627.13,82821.41,25958.613,26605.852,15026.141,-301.70297,1203.9259,8011.07,13529.462,2786.032,5465.051,1
110172.53,1,2,1,44.831806,0,0,0,0,0,0,6530.328,124178.49,49572.242,6501.918,18075.11,11889.879,-1638.6112,2163.901,7574.498,289.99847,186.53285,3357.5764,1
103623.26,1,3,2,38.405357,0,0,0,0,0,0,22950.543,124094.23,64621.21,9058.434,20424.924,12535.668,-1111.412,1291.1864,7528.8345,-1514.8262,2100.5417,4608.847,1
138240.52,2,1,1,44.135956,2,-2,-1,0,-1,0,-3416.1677,23322.959,16402.646,12884.666,5666.5786,4225.7617,-356.85678,1840.2765,9488.003,-1252.0718,2807.9702,5857.786,1
117160.57,2,2,2,45.23736,0,0,0,0,0,0,-22818.906,13805.791,42684.41,2042.1833,3194.8325,10985.719,-5235.457,3202.933,5225.441,-3029.2764,-2167.0344,7136.155,1
109936.91,2,2,1,41.496773,0,0,0,0,0,0,-18983.195,24040.521,36011.848,6724.3086,4664.1646,7275.717,-3323.6208,3368.939,6165.67,-2709.75,-945.22107,6543.238,1
106115.47,1,2,1,30.137686,0,0,0,0,0,0,63109.305,124909.01,95801.336,51393.957,82927.67,53490.715,1187.7938,504.85828,8744.366,982.2487,2037.9347,3046.4534,1
120629.82,1,1,2,34.749775,0,0,0,0,0,0,142557.66,154032.62,124500.4,70162.664,12436.407,8795.064,383.9445,125.916374,8438.467,-2139.0732,2749.57,4829.753,1
110450.1,2,3,1,45.789635,0,0,0,0,0,0,17893.984,124230.61,78877.54,25196.086,27697.795,19282.293,-2080.7688,2529.7385,8990.894,72.31441,1398.608,5008.698,1
103064.74,2,2,1,24.992449,0,0,0,0,0,0,58687.18,122277.34,97851.89,19724.1,50153.695,26060.975,1635.3756,1133.2758,8184.3716,-135.94975,1867.0111,3661.2893,1
104090.625,1,2,2,26.490322,0,0,0,0,0,0,13619.109,121013.15,57400.203,9201.852,27003.121,12821.883,201.99625,564.0155,7031.2617,-1800.273,1313.8612,4381.354,1
114817.63,2,2,2,40.89649,0,0,0,0,2,0,85450.28,132564.7,116964.836,106604.59,97426.32,72312.41,-1004.46124,556.3324,12175.589,-2787.352,1231.9667,4346.283,1
110481.89,2,2,1,45.02061,0,0,0,0,0,0,-20613.055,22713.322,40600.332,4627.3047,6652.594,10600.361,-3473.6375,3610.231,6511.838,-1808.7397,-1427.7797,6221.4087,1
105440.04,2,2,1,24.587116,0,0,0,0,0,0,-17929.023,59172.195,36954.688,5794.379,25090.383,16549.646,-1574.0375,2760.7136,6438.2856,-2344.626,1092.9374,1866.5905,1
117816.41,2,1,2,30.788433,-2,-2,-2,2,-2,0,-19870.688,7906.6855,22653.986,3831.5154,10063.144,6652.258,-3112.6917,3085.9546,5613.2295,-4236.069,1395.9271,4397.6895,1
79625.16,2,2,2,25.925648,-2,-2,-2,0,-1,0,109360.14,126272.695,83078.22,17437.906,95707.49,49816.426,7431.0776,-3145.4602,9248.233,34204.676,5242.283,1320.1156,1
139517.66,2,1,2,39.612907,1,2,-2,0,-1,0,-9031.047,33245.97,25654.775,8041.039,4259.864,10208.6875,-3849.3728,3430.8757,9891.246,4098.001,3454.802,3196.6375,1
121446.14,1,2,1,44.190475,2,-2,-2,0,0,0,-25061.5,1859.8143,22725.951,3553.9216,19888.113,10853.34,-2606.1516,2328.6826,17596.826,-4129.687,1993.2867,1742.8561,1
102935.85,2,2,2,24.563782,0,0,0,0,0,0,20079.164,120638.445,64108.02,8057.7773,37435.57,18901.742,661.7795,645.0028,7269.758,-785.189,1773.2767,3831.6082,1
127440.72,1,1,1,43.574745,0,0,0,0,0,0,148671.31,139648.53,116457.21,95621.29,95675.89,67944.86,-1050.7557,217.29332,7972.011,943.53925,2169.293,5662.471,1
112536.78,2,3,1,35.67952,-2,-2,-2,2,-2,0,-15582.68,14569.225,20881.414,6759.5117,10466.567,5257.457,-1529.703,3660.809,5764.789,-3452.9053,2179.5554,4147.7026,1
149981.03,2,2,2,42.39961,0,0,0,0,0,0,192568.19,208022.62,145980.25,266629.2,133258.23,131780.67,64.09733,-4243.1123,17596.65,4044.099,9290.611,-14680.114,1
106582.07,2,3,1,43.828182,0,0,0,0,0,0,-11313.078,74742.74,46815.13,6225.3867,25617.121,18464.12,-2851.306,3408.832,6671.2505,-1109.898,932.51306,4721.2163,1
103801.0,1,3,1,44.943676,0,0,0,0,0,0,8940.129,117599.29,62021.25,16570.36,50742.86,28785.95,-1294.5316,1990.0834,7615.0796,486.71747,2357.539,3713.8508,1
140620.58,1,3,1,43.992115,-2,-2,-2,2,-2,0,-6887.2383,24455.223,19698.777,8628.414,6099.8325,3707.6172,-1724.035,2649.5945,7370.165,-1850.5078,2657.0762,5257.9653,1
132013.58,2,1,2,43.83285,-2,-2,-2,2,-2,0,-16120.492,13251.799,24999.451,3476.82,4559.7075,5795.957,-3905.2742,3418.949,5443.513,-3643.6035,991.00305,5458.882,1
106097.09,2,3,1,45.638874,0,0,0,0,0,0,37680.707,123380.31,91866.42,7686.3594,25930.113,17554.055,-1353.1044,2422.1177,6996.3955,-358.35016,1602.3988,5239.9976,1
133126.12,1,1,2,33.392395,2,2,-2,0,-1,0,-8449.293,11123.354,14511.735,8738.859,50949.812,17736.033,-3546.4636,1422.7123,6919.513,25248.932,3348.0083,3255.629,1
106113.83,2,2,1,44.814003,2,-2,-1,0,-1,0,-18803.703,24864.926,19748.143,7642.0234,10807.542,5336.75,3360.3872,2114.4502,6438.4727,-1791.3403,1434.5995,4657.0967,1
87649.29,1,1,2,32.219673,2,-2,-2,2,-2,0,-25078.906,57805.31,13066.878,-953.4026,13892.421,9144.16,9146.593,2787.0298,4921.4536,-6017.4204,1342.8114,2937.263,1
114825.06,1,3,2,45.223293,0,0,0,0,0,0,-21527.023,21871.926,34842.336,1966.2068,10152.909,12260.158,-4420.5947,2827.367,6370.81,-922.50885,476.69348,4486.5845,1
108991.78,1,2,2,39.42398,0,0,0,0,0,0,20323.049,123962.94,68905.77,7728.7812,21316.531,13702.781,-922.1917,1144.7101,6903.839,-1174.9292,659.3534,5248.8853,1
108982.31,2,2,2,24.525986,0,0,0,0,0,0,-20469.852,50494.754,34911.383,5093.957,27062.768,16340.676,-2198.5227,2197.0789,6679.8735,-2686.31,58.15883,4600.057,1
103353.4,2,2,2,24.564371,0,0,0,0,0,0,17974.81,120504.97,54148.055,7796.293,38251.953,18375.525,338.87076,806.4032,7213.608,-1425.748,1366.1676,3310.7458,1
115934.195,1,2,2,44.585247,0,0,0,0,0,0,-25029.227,36772.605,40531.375,440.23804,6604.7583,13428.1875,-4853.8105,2990.5872,6354.687,-3100.503,-180.55894,2005.0844,1
111295.555,2,1,2,44.773922,2,-2,-2,0,-2,0,-16011.133,13531.615,21059.217,3510.32,9268.009,6960.4062,-2735.4846,3184.716,5614.9077,-4675.306,1661.6088,4604.945,1
146575.77,2,1,2,43.82155,2,-2,-1,0,-1,0,-5829.949,23370.06,19513.738,8061.133,-1012.5814,3978.039,-3036.32,1314.8268,6696.6777,-1020.8438,1375.9323,5200.0635,1
102037.055,1,3,2,34.227566,0,0,0,0,2,2,11327.258,105695.63,45666.89,17771.56,53327.67,26668.02,1432.1544,634.0541,9670.961,193.7353,2585.0984,802.1444,1
125988.305,1,2,2,45.30474,-2,-2,-2,2,-2,0,-21160.578,9877.369,29436.7,2524.9998,3919.3481,8340.078,-5543.743,2567.9846,9540.049,31706.688,11837.908,-22992.557,1
119780.1,2,2,2,43.4488,0,0,0,2,0,0,-27922.148,56044.438,46801.7,-2783.3127,21635.035,20065.043,-5566.9824,2959.1523,5568.2266,-3210.4404,-2050.4666,4751.0254,1
138078.34,2,2,2,43.96681,2,-2,-1,0,-1,0,-13179.422,11228.014,20691.316,7122.2695,2207.4185,4034.3672,-2184.923,1602.0924,6589.208,-1574.5059,1198.1498,6575.69,1
106475.16,2,2,2,24.394802,0,0,0,0,0,0,-13849.473,71155.5,38668.34,5714.3164,35721.926,13219.293,-1138.5897,1851.3011,6669.7563,-2663.7754,538.9801,4936.767,1
101446.58,2,3,2,43.84514,2,-2,-1,0,-1,0,-19181.484,9681.025,19994.31,4887.0273,10070.972,5999.836,-1364.7567,2094.8804,6569.6206,-2235.2744,2205.451,4219.4917,1
109889.1,2,2,1,45.606308,0,0,0,0,0,0,35802.094,124957.836,101737.63,29230.295,49584.75,28842.3,-1343.6302,2188.6772,7883.3267,17.611767,69.36391,5427.5566,1
140155.67,1,2,1,42.4125,-2,-2,-2,2,-2,0,-13129.352,16890.729,21799.223,6866.918,4499.8677,4050.0352,-2548.703,2946.2935,5917.473,1002.5673,2065.8618,6048.799,1
97207.23,2,2,1,24.781452,2,-2,-2,0,0,0,-24313.016,4250.8965,12475.304,6685.1914,35648.062,7987.5586,4306.2935,1467.7562,16869.902,-4541.394,1588.0123,86.915146,1
113581.67,2,1,2,43.31444,0,0,0,0,0,2,111556.414,177620.36,120347.74,127229.35,111797.69,93689.98,85.13151,-2365.6018,11366.175,3198.7024,7655.572,1241.1713,1
141644.1,2,2,1,44.766792,-2,-2,-2,2,-2,0,-10521.285,19134.357,25253.717,7389.6797,1765.4655,3506.3047,-2878.6277,3317.312,5945.332,-1806.1133,494.42664,6411.4814,1
125496.445,2,2,2,28.631561,2,-2,-2,2,-2,0,-21646.04,9769.146,23060.646,2876.2654,10382.942,6873.5215,-3111.7375,3472.2202,5259.0957,-4803.5015,1006.92175,4423.0913,1
103222.81,1,2,2,25.556128,0,0,0,0,0,0,32095.465,121798.945,71430.586,15619.25,38368.984,18510.514,1239.5797,331.74792,8149.243,-237.36333,2291.5269,3484.368,1
126134.234,2,2,1,44.483322,0,-2,-1,2,-1,0,-32399.766,22364.414,28926.855,-5062.4375,8586.315,11500.184,-1780.3622,2905.6978,4711.038,1959.9802,3585.1868,-677.7025,1
101447.23,1,2,2,27.155006,0,0,0,0,0,0,54528.047,122414.34,70905.1,29690.154,86469.24,48658.28,770.4191,267.02087,28517.02,179.24825,3336.569,-116.49452,1
144735.06,2,1,2,44.839584,-2,-2,-2,2,-2,0,-8790.934,22460.746,25299.146,5227.379,289.8717,4480.1836,-3963.8992,2971.776,5750.6353,-2381.0513,728.8402,6509.4863,1
126522.24,2,2,1,44.87879,-2,-2,-2,2,-2,0,-12616.414,13901.854,27887.842,4878.9336,4193.512,4827.867,-2644.1165,3663.6895,5512.296,-2962.4155,238.37294,5802.204,1
90856.94,2,2,2,26.212133,0,-2,0,0,0,0,-23379.438,113899.64,52419.57,12753.9,34438.945,6752.24,37691.48,-973.8522,11413.86,-2095.2227,3530.9888,1168.4618,1
110622.484,1,3,2,44.200207,0,0,0,0,0,0,-20932.438,40520.926,34386.484,2407.8708,14669.294,13064.836,-2893.5393,2700.7922,5634.6294,-2937.186,367.93835,4868.1133,1
97636.01,1,2,2,24.838596,-2,-2,-2,2,-2,0,-26677.172,950.43536,14958.712,3688.027,18814.672,6738.539,-941.54425,2051.1392,5602.872,-3123.4775,1391.6862,3111.2058,1
103916.98,2,1,2,32.39385,2,-2,-2,0,0,0,-23709.328,5585.467,17733.137,3743.578,15736.06,8497.707,-1810.2577,2135.5884,6059.9946,-4950.7134,1669.0848,3111.3884,1
113000.86,1,2,2,24.718672,-2,-2,-2,0,0,0,-29138.305,-565.967,8979.073,3546.2302,28782.305,8569.207,1115.62,519.7899,8787.097,-4353.8345,1211.1168,1494.0565,1
109306.586,2,2,2,24.940346,0,0,0,0,0,0,-21197.023,48525.582,35085.867,4930.5664,24483.297,14647.775,-2364.556,2324.0022,6188.031,-2677.628,-61.61949,4638.5337,1
110809.91,2,2,1,45.444183,0,0,0,0,0,0,1326.9103,120852.24,37182.777,9122.898,4946.192,6746.4805,-2435.631,2360.6355,5955.1753,-1948.082,-799.20447,6748.1177,1
107453.55,2,1,2,24.943571,-2,-2,-2,2,-2,0,-20765.531,5420.205,20311.605,4284.1914,15024.081,6929.326,-2327.4382,2753.5967,5567.598,-4570.5083,1812.9789,3492.7617,1
144745.0,1,1,1,43.55148,-2,-2,-2,2,-1,0,-10043.707,30192.594,22589.287,7134.3125,2747.2349,4847.715,-1842.9496,1856.049,9305.515,4770.5957,3032.9846,5727.1484,1
104015.83,1,1,2,24.930193,0,0,0,0,0,0,-10517.648,73014.25,36165.473,5465.1797,37090.137,17722.158,-2103.4666,1570.1329,6773.018,-1606.9785,1279.8837,3781.8528,1
114328.54,2,2,1,45.394775,0,0,0,0,0,0,-15496.133,71229.164,54415.59,4435.4297,18624.145,18010.098,-3376.0613,3347.7144,6836.1206,-297.47272,-1132.3368,6584.0723,1
121702.98,1,1,2,25.673414,0,0,-2,2,-2,0,-13780.527,9657.611,26031.955,5488.328,7286.485,5775.3516,-3943.7283,2931.642,5683.4907,-3673.3755,1420.097,5425.6045,1
116566.11,2,3,2,45.353573,0,0,0,0,0,0,-18731.547,50461.41,44278.92,1963.1208,9005.237,13190.467,-4966.677,3371.8328,5888.392,-2868.1582,-941.94714,5713.3125,1
102095.27,2,1,1,45.568882,0,0,0,0,0,2,9432.031,108773.75,57830.6,14828.416,51867.332,27478.887,-373.16928,1099.0978,7830.091,2401.5747,2157.1838,4118.5317,1
106281.57,1,3,1,45.541645,0,0,0,0,0,0,2684.5159,102305.17,53862.785,8516.176,40231.258,23955.918,-2224.1042,2355.2307,6953.9033,-368.70905,1662.1029,4514.486,1
115004.4,1,2,2,44.71841,0,0,0,0,0,0,-18248.984,52828.996,43048.86,1592.4099,15435.55,14343.494,-4104.129,2765.3284,6234.78,-2317.1973,-1344.0116,6254.189,1
129139.27,1,2,1,45.623043,0,0,0,0,0,0,144545.98,158140.0,129718.01,160669.84,106165.57,102039.77,-1627.1044,-649.01624,11722.11,3306.9343,2706.9973,2283.7673,1
106670.305,2,2,2,24.447973,0,0,0,0,0,0,36300.96,122268.27,68067.51,9022.395,17340.965,9513.141,-183.02621,1227.703,6769.1997,-2204.96,1272.1498,1661.6901,1
106354.7,2,2,2,45.06111,0,0,0,0,-2,0,1792.6447,119869.81,55663.164,9546.555,3390.2388,4695.4336,-1614.9266,2561.5664,6129.8643,-2453.5396,-149.61607,6888.891,1
117844.125,2,2,1,36.27121,2,-2,-1,0,-1,0,-18275.367,14006.127,17213.139,7846.172,10197.1045,5229.258,2570.1714,1874.9447,6566.4316,-874.8814,1712.3256,5139.4106,1
119955.09,1,2,2,45.22505,0,0,0,0,0,0,-22827.93,50216.105,43516.26,1289.0505,15480.485,14971.115,-4884.503,2521.6646,6515.488,-782.27985,-433.00916,6974.3887,1
112800.83,1,1,2,30.653982,2,-2,-2,0,-1,0,-20721.633,5001.3535,15943.282,4883.91,14187.558,6729.3887,-617.2552,1317.795,7224.6484,-1806.5972,2319.1633,2758.6213,1
108563.49,1,2,1,44.808846,0,0,0,0,0,0,39232.72,124087.01,91091.99,26217.582,66079.51,37347.355,-1086.705,1442.1034,7946.234,776.2131,1016.21497,4420.017,1
122637.984,2,1,2,45.18679,2,-2,-2,0,-1,0,-16673.102,7491.666,23108.592,4597.246,5874.153,5978.8203,-3287.236,2098.956,9382.891,-1733.2246,1277.224,4186.5654,1
106629.96,2,2,1,32.457684,0,0,0,0,0,0,1607.5822,121581.67,82867.91,9318.742,2621.2075,4591.7734,-974.0667,3298.634,7957.8335,-2421.9985,-744.8861,-16913.2,1
105303.43,1,3,1,45.954773,0,0,0,0,2,0,8779.617,116564.766,85471.33,62517.562,77439.34,44319.47,1552.1302,1077.2101,19495.883,-1576.9292,2280.7942,6100.303,1
135839.03,1,1,1,41.486057,0,0,0,0,0,0,150777.9,167499.23,126340.69,118118.35,107634.66,105014.5,-3317.9324,182.2982,8015.2095,7823.1553,32730.629,-28632.977,1
141217.1,1,3,2,45.428253,-2,-2,-2,2,-2,0,-9423.082,17777.305,24539.258,3643.0154,2522.5317,4571.293,-3721.0613,2495.511,5531.8115,-2180.123,1593.9855,6055.7983,1
108253.38,2,2,2,24.316437,0,0,0,0,0,0,-19782.469,52972.742,34627.85,5316.664,28997.496,16883.42,-1716.7201,2038.1652,6944.218,-2443.458,271.10925,4312.0024,1
136536.28,1,1,1,44.582344,2,-2,-1,0,-1,0,-10589.25,16438.695,20063.652,6805.457,4739.7466,5391.8125,-1966.0765,2343.038,7248.0605,-560.17145,3178.6968,2379.0632,1
154637.67,2,2,1,45.24118,0,0,0,0,0,0,194045.53,199093.3,142505.53,244011.72,124552.305,124049.85,-2181.1985,-2670.7708,18047.773,4346.1465,6749.3267,-2993.4497,1
146332.28,2,2,1,43.121876,2,0,0,0,0,0,-19674.703,20541.928,39254.07,3903.7615,3380.3677,8437.344,-4328.9434,4339.448,5691.7915,-2198.8706,-979.891,5720.682,1
116130.484,2,3,2,45.616226,1,-2,-1,0,-1,0,-12456.34,25739.623,22896.186,6164.16,6775.067,5749.617,-402.4432,2197.513,11492.814,-2279.8193,2754.0417,5373.319,1
119322.01,2,1,2,44.585663,-2,-2,-2,2,-2,0,-19039.79,10997.232,26739.969,1983.4294,5646.864,6542.1953,-4262.167,3559.276,5295.837,-3685.7207,649.5746,4503.334,1
130995.68,2,1,2,31.645536,2,-2,-2,0,-1,0,-15991.1875,4136.373,18061.463,7360.207,9771.513,5653.621,-1784.6112,1451.8673,6855.216,-1465.3774,2405.7021,4436.6978,1
127422.68,2,2,1,45.120262,-2,-2,-2,2,-2,0,-18698.344,19432.014,27219.883,4316.2734,5692.848,5187.8086,-1023.9422,3516.883,5488.875,-3183.3105,343.24988,5602.516,1
143012.9,2,1,1,45.418415,-2,-2,-2,2,-2,0,-9399.707,14736.014,28996.072,5398.379,1141.1256,5463.4297,-4036.7908,3298.5288,5415.785,-2600.7354,29.399063,6553.359,1
105193.016,2,1,1,37.177383,0,0,0,0,0,0,-11043.977,78847.88,45667.64,6944.7695,27444.352,19090.285,-2578.3718,2876.9045,6832.6714,-1682.7715,596.79895,5165.2886,1
105576.12,1,2,1,44.197662,0,0,-2,0,-1,0,-14163.488,26320.293,27380.305,8917.637,5316.239,4046.6523,-1504.4467,1603.5499,12733.412,588.4753,477.62146,6805.3936,1
150437.23,1,1,1,45.597576,-2,-2,-2,2,-2,0,-3694.8123,23389.582,26217.39,6019.1875,-383.90173,3987.5469,-3912.7878,2315.3494,8349.818,663.2751,608.9523,5672.8335,1
129988.2,2,2,2,37.972485,1,-2,-2,0,-1,0,-18821.945,503.54474,23780.193,7857.25,7985.858,5385.785,-1701.056,1384.1461,12117.838,3563.564,1616.4974,5044.694,1
106735.71,2,3,2,45.19618,2,-2,-2,0,-1,0,-22014.352,10688.467,23731.32,1891.3904,7928.85,7977.6777,-2601.2703,2347.1577,9691.252,38.968212,1877.6888,528.22375,1
141534.98,2,3,1,45.299904,-2,-2,-2,2,-2,0,-7258.7266,21565.805,23600.102,8246.0625,5007.446,4020.504,-2603.222,3195.5928,5928.9985,-2027.9502,2131.3174,5419.035,1
118155.05,1,2,2,45.290104,0,0,0,0,0,0,-19043.688,64610.676,51669.625,1641.5857,21573.49,7666.0625,-4408.3457,2766.0137,7193.2817,-3371.0962,-1782.6923,6449.3984,1
110554.805,1,2,2,33.921436,0,0,0,0,0,0,12274.191,119744.31,114843.72,5860.1055,10819.429,25671.7,615.70526,85.39294,8533.045,-2387.7593,23631.865,4150.084,1
109597.46,1,2,2,24.577112,0,0,0,0,0,0,-24843.516,12888.17,30314.12,4998.91,20111.547,11814.402,-2305.3792,1620.1683,7063.068,-1765.7261,312.16882,3747.4688,1
129044.69,1,1,2,41.41867,2,-2,-2,2,-2,0,-12918.578,26750.57,22099.645,1665.6755,4505.071,7093.217,-3100.094,3669.2422,5182.0503,-5102.0845,1329.3207,5263.8813,1
124600.7,2,1,2,41.398045,-2,-2,-2,2,-2,0,-17651.32,11756.811,24096.232,3438.328,5708.637,6133.4863,-3780.1062,3410.8792,5508.3164,-3885.5972,1005.9232,5191.104,1
108170.29,2,3,1,45.851276,0,0,0,0,0,0,32827.84,124771.59,82856.95,10082.945,34664.85,21068.44,-1956.1635,2557.5303,7430.8276,10.690869,1190.9083,5233.085,1
113835.12,2,2,1,45.058056,2,-2,0,0,-1,0,-25028.016,7083.74,28461.709,2311.0154,9228.122,9072.471,-1927.9608,2504.4685,9915.473,-27.201221,1106.36,5279.38,1
126692.4,1,2,1,43.134365,0,0,0,0,-1,0,-12726.449,26229.47,28646.207,8752.691,15202.653,4098.621,-1412.9823,2426.7837,8164.4365,8328.02,-89.80113,7515.7915,1
103966.48,2,2,1,29.586742,0,0,0,0,0,0,15054.902,119784.336,65603.63,9079.031,31530.836,16647.19,-114.836266,1705.4242,7708.9927,-1101.3643,1065.4916,4818.6245,1
151132.77,1,1,2,44.12645,0,-2,-2,2,-2,0,-11896.184,33516.42,29153.441,451.5193,-3080.8862,4289.16,-4424.8135,4081.6863,5580.254,-2592.9048,-903.38416,-22247.3,1
116568.52,1,1,2,44.39574,-2,-2,0,0,0,0,-23596.633,39903.38,28588.248,-1924.4885,27497.008,14580.174,22183.408,1246.5507,5713.0737,-2868.1426,418.30725,3225.0657,1
111827.086,1,2,1,45.546597,0,0,0,0,0,0,-778.16785,116997.88,62334.742,8329.363,18365.385,12827.336,-2043.9755,1969.3744,14144.553,-1012.02594,568.6046,5723.884,1
127010.52,1,1,2,41.479797,-2,-2,-2,2,-2,0,-17968.75,11411.994,22498.014,3057.4958,7169.114,6022.754,-3387.9382,2994.2354,5853.498,-3161.6226,1507.3854,4745.1826,1
113435.25,1,2,3,42.49027,0,0,0,0,0,0,-18419.344,74368.516,52974.418,2158.4294,25497.08,20886.832,-4278.789,3003.2546,6266.426,-2004.1162,-506.6781,4914.608,1
105609.22,2,2,2,43.778145,-2,-2,-2,2,-2,0,-25920.719,8962.654,26020.01,1351.1482,8306.358,6956.66,-2815.9304,3217.2832,5488.3447,-1384.7432,-266.48035,4679.0884,1
113969.92,2,1,2,25.569025,0,0,0,2,0,0,-27103.219,19008.2,35152.18,-442.2854,15174.839,12960.973,-5301.83,2547.5706,5191.5234,-3648.6973,-596.871,4065.9766,1
150441.77,2,1,2,42.81492,-2,-2,-2,2,-2,0,-5513.7383,26660.121,23352.672,6751.207,-896.65955,4026.246,-3865.6277,2493.6846,6294.74,-1693.6904,698.452,6821.123,1
99566.06,2,2,1,32.26055,2,-2,-1,0,-1,0,-18942.844,6472.701,17441.629,7302.949,14055.265,5277.543,1792.6168,1962.0646,6411.3916,408.78265,1335.7845,4654.853,1
99362.2,2,2,2,42.223667,2,-2,-1,0,-1,0,-21556.148,7590.3965,18150.414,6489.004,10590.769,5877.5625,164.86002,1812.1586,6341.056,-2491.2686,1200.3378,4594.5938,1
103786.016,1,1,2,26.596537,0,0,0,0,-1,0,-17911.57,13189.482,26056.908,6331.6523,7078.2114,5307.2344,-2275.6033,1563.0043,6156.4087,-2065.2515,684.85657,5859.0474,1
114772.016,2,2,2,45.34307,0,0,-1,0,0,0,-4000.0623,123446.06,69080.31,10830.717,53741.062,34197.484,-1934.8329,1748.9032,9167.591,-814.95465,-391.62,3152.591,1
115987.66,2,2,2,39.737328,2,-2,-1,0,-1,0,-20118.523,3419.076,19911.365,5737.258,8749.501,5569.324,-1963.2484,1927.0377,6284.41,1932.4148,966.44836,4565.92,1
107990.94,1,2,2,24.412739,0,0,0,0,0,0,-15569.82,66880.94,30394.295,6179.8555,24711.645,12659.982,-1382.0887,1248.2106,6629.0625,-2661.9429,716.2621,4725.5273,1
132059.69,1,2,2,44.48553,0,0,0,2,0,0,96086.4,132868.9,116434.54,82055.66,97380.36,74625.4,-3846.1003,402.70935,5673.8745,1386.8855,778.97473,1737.3856,1
132674.47,2,2,1,45.100826,-2,-2,-2,2,-2,0,-16829.04,12703.068,27281.508,5244.6367,5197.446,4818.8203,-2655.9348,3548.8298,5839.93,-2167.662,633.5028,5420.5664,1
113482.6,2,2,3,41.524876,0,0,0,0,0,0,-18389.648,73369.84,55152.26,3197.5076,22938.83,20521.723,-4399.34,3352.9275,6261.5015,-2670.3618,-903.9647,5969.0356,1
124937.805,2,1,2,43.191067,-2,-2,-2,2,-2,0,-17649.422,11908.186,24852.666,3069.8083,5444.778,6123.039,-3923.2742,3446.2996,5440.0493,-3889.6826,902.82825,5256.072,1
106441.39,2,3,2,45.24576,0,0,2,0,0,0,47763.83,125602.67,98632.914,49872.28,53333.074,29311.03,280.8019,1362.5526,8725.892,-1674.1064,2167.9553,4042.8916,1
121908.16,2,3,1,45.465004,2,-2,-1,0,-1,0,-7731.2656,32524.54,19735.645,7955.414,23748.23,6237.336,-995.5457,3114.8428,6466.165,15559.743,3766.0173,-33.38075,1
111537.29,2,2,2,24.50978,0,0,0,0,0,0,-20730.078,46744.28,34221.777,5432.633,23787.584,14231.789,-2313.2249,2224.2957,6607.2544,-2666.0972,48.07582,4658.8467,1
99977.68,1,3,2,41.94867,0,0,0,0,-2,0,22286.584,122741.93,71018.06,11758.225,6442.438,3654.4648,-579.0335,2123.9067,6621.8667,-1809.98,2583.114,5709.6235,1
132578.11,2,1,1,45.56354,2,-2,-1,0,-1,0,-11638.145,16569.393,23385.498,6789.285,4722.762,5513.7188,-1879.5751,2307.278,6200.843,2154.8008,1806.6178,4939.066,1
150381.77,2,2,1,44.75842,0,0,0,0,0,0,191514.3,202339.92,139429.8,232927.44,127044.305,125373.32,28922.324,-2530.5598,16921.9,3950.8086,5850.1113,-17956.91,1
114537.99,2,2,2,41.189785,0,0,0,0,0,0,-22391.414,46333.883,40525.156,3095.5583,14172.515,14641.727,-3951.9119,3035.7566,6241.393,-2762.7139,-1275.1224,5485.32,1
111721.07,2,1,2,38.871986,2,-2,-2,0,-1,0,-19642.867,11829.889,18822.941,5167.1836,8352.94,6444.6777,-115.6556,1761.8768,6162.816,-3645.5146,1631.6185,4667.5747,1
94039.88,2,3,1,44.841213,2,2,-2,0,-1,0,-21988.32,4755.115,18858.65,4705.949,14322.892,5875.297,-3566.281,3405.3044,21886.389,-3442.6758,1767.4974,-2417.4263,1
92977.86,2,1,2,24.839155,2,-2,-2,0,-1,0,-25366.688,3394.8103,14515.884,3212.1365,15597.239,9470.047,-1788.5145,1931.5509,12063.48,-4557.433,3026.8691,-6056.1436,1
133986.0,2,2,1,43.726154,-2,-2,-2,2,-2,0,-16299.328,11720.104,25129.52,6189.258,5321.3677,4435.215,-2529.198,3515.3157,5682.2744,-2805.5088,807.38904,5609.066,1
98166.984,1,2,2,34.982964,1,-2,-2,2,-1,2,4680.6836,69872.51,14470.847,6163.7188,47070.24,17443.07,2209.259,-342.73352,7290.6846,-3227.6284,1867.4222,2044.5367,1
107862.086,2,2,1,27.303102,-2,-2,-2,2,-2,0,-20868.281,3668.9314,21373.223,5967.7188,14199.011,5639.582,-1103.0634,3107.374,5722.9614,-3973.2646,1168.4972,3948.2268,1
148196.11,1,1,2,28.70879,0,0,0,0,0,0,164991.4,178494.1,151301.53,190503.98,111821.19,98625.336,-4514.657,415.42175,7212.324,-2434.0293,2809.94,-54176.79,1
114255.99,2,2,3,27.828722,0,0,0,0,0,0,131199.12,146630.92,122588.81,107409.375,57348.367,30989.383,141.1984,306.69275,8732.492,17598.121,2740.1494,5211.614,1
105470.01,2,1,1,42.25157,0,0,2,0,0,0,86103.484,133368.39,116609.75,96830.79,95328.41,70275.54,1180.3578,635.88904,9343.062,1308.1746,2769.4536,3353.481,1
110950.09,1,2,2,24.579966,0,0,0,0,0,0,-20503.492,47048.383,33155.863,5359.168,42497.492,6244.8633,-2266.6829,1999.8558,5939.9854,-2912.016,40.57875,5075.8584,1
101837.27,2,2,2,24.621365,0,0,0,0,0,0,20142.973,120579.445,61886.94,14679.119,40179.457,19200.268,848.0739,805.34265,9179.727,-1406.1997,1671.7687,3506.8113,1
123729.92,1,1,1,42.421463,2,-2,-2,0,0,0,-23058.36,11671.475,21868.043,3235.6638,12135.5205,7910.287,-567.0667,2102.77,10094.375,-4439.4907,2067.4211,3934.9888,1
128898.96,2,3,1,42.622437,0,0,0,0,0,2,152373.44,158910.4,94140.53,20968.992,28234.295,12472.357,-364.8558,1675.0912,7968.853,2710.438,1623.423,-24626.953,1
122954.26,1,2,1,44.95024,-2,-2,-2,2,-2,0,-12965.164,63319.184,29899.387,2627.945,10144.005,5031.461,-2033.8651,3253.5962,6694.7803,-1286.4761,1063.4552,4101.7266,1
130209.06,2,2,1,42.458702,2,-2,-1,0,-1,0,-15095.461,9567.584,19171.855,8330.453,7054.735,4750.5625,-434.2186,2014.9918,7695.0713,110.886185,1735.902,5544.9224,1
149541.05,2,1,1,44.964024,0,0,0,0,0,0,202160.28,199677.23,138303.45,232877.34,114677.5,104208.125,-516.48126,-2171.7693,14338.458,3934.0073,2521.04,5877.9756,1
100324.15,2,2,1,24.941654,0,0,0,0,0,0,33178.77,119255.59,74272.37,20933.201,60870.89,31317.695,1131.2706,1101.5875,8205.242,216.06367,1888.3295,3246.7898,1
127564.15,2,2,2,28.166386,2,-2,-1,0,-1,0,-19516.867,1618.2831,16783.719,6971.9453,12144.429,5364.7695,-603.01544,1161.8473,6688.201,-2598.0981,1831.6049,4749.0215,1
138269.75,2,3,1,45.62289,-2,-2,-2,2,-2,0,-9512.297,18459.59,25921.486,6365.789,5125.864,4637.2383,-2964.0862,3432.8796,5822.847,-1814.8882,1874.381,5219.0977,1
104993.36,2,1,2,24.413286,0,0,0,0,0,0,-19167.703,37632.85,32129.264,5675.1523,21662.406,14246.412,-2966.1106,2200.8123,6416.2163,-3211.4219,826.6671,4216.2466,1
119657.11,2,1,2,36.549038,2,-2,-1,0,-1,0,-16040.625,6811.998,18686.959,6231.297,7605.7036,5893.0195,-1908.8861,1777.5731,6584.6577,-2596.692,1885.3463,5047.293,1
142830.55,2,2,1,45.682365,0,0,0,0,0,0,159461.7,167390.22,133044.62,158940.4,104071.75,100456.305,-2196.2644,-185.31606,11383.624,3684.0857,1716.266,3207.5737,1
125182.12,2,2,1,45.40891,0,0,-2,2,-2,0,95657.555,22773.635,42122.008,5379.3906,-4411.226,4415.996,-4689.457,4777.4077,5830.4146,-2116.9229,-3099.3528,8056.2656,1
131076.12,2,1,2,35.501457,1,-2,-2,0,0,0,-22764.469,7533.666,28849.01,2001.0466,6843.2856,8668.996,-3949.5095,2214.7263,8748.788,-4286.2554,1925.4625,4845.592,1
126035.78,2,1,2,44.346004,-2,-2,-2,2,-1,0,-19320.64,9661.514,28028.236,3254.1833,2400.3599,5379.3203,-3808.6423,2447.9358,5643.1626,774.06757,-11.507676,6525.5137,1
105072.93,2,1,2,27.586761,1,-2,-2,0,0,0,-18808.969,2693.361,28644.264,6069.8945,35925.96,6294.158,-1784.0516,1869.629,6295.4053,-3544.0488,2117.7837,4079.854,1
138621.03,1,1,2,30.65014,-2,-2,-2,2,-2,0,-12664.113,14628.139,19110.531,5379.9023,6748.6724,4962.242,-3024.2063,2410.4802,5924.1597,-2976.7944,2041.0087,5263.2456,1
120462.484,1,3,1,44.03543,2,2,-1,0,0,2,-12320.648,7544.5215,22226.703,9686.652,35933.23,12326.66,-1046.1185,2561.9988,10218.901,-1020.25104,3294.8643,474.24915,1
93054.69,1,3,1,24.841845,0,0,0,0,0,0,9984.176,115937.6,57589.26,15562.854,25636.293,4417.324,353.9108,2362.784,7176.942,-1016.99615,2509.4124,-18756.715,1
118127.164,1,2,3,44.88851,0,0,0,0,0,0,-24531.914,24859.96,42805.37,814.10913,9826.313,15215.82,-4963.3213,3193.65,6930.9272,-2692.0513,-561.6742,5222.0674,1
140050.3,1,1,1,45.775383,0,0,0,0,0,2,166020.77,161108.05,129911.48,174515.69,116528.54,107372.27,261.28336,-3443.7385,12462.378,7078.4526,6671.262,8189.303,1
84100.95,1,3,1,37.717873,0,-2,-1,0,-1,0,-10582.922,4438.8184,11504.468,12629.969,11944.108,3351.4922,1019.7026,783.35,8034.694,-1207.98,3920.4182,4928.836,1
113022.586,1,1,1,45.567528,0,0,0,0,0,0,15507.57,125583.17,50846.188,5223.0938,28610.998,19539.16,-3143.2854,1939.1158,6634.0596,82.9897,258.4054,5903.787,1
112493.46,2,1,2,41.225384,-2,-2,-2,2,-2,0,-20000.96,9881.881,24579.586,2778.9412,6914.4536,6594.1777,-3895.0564,3402.7678,5378.6587,-4268.5786,829.2914,4924.548,1
107143.53,2,1,2,24.941927,1,2,-2,0,-1,0,-23514.5,10986.9,26331.207,2330.617,11097.058,7484.5996,-4026.3562,2945.3584,8271.732,621.13055,1657.159,278.34583,1
102447.9,1,3,2,34.872555,0,0,0,0,0,0,-9940.078,78031.555,34886.91,5018.5117,9333.038,5549.418,-1541.3173,2330.7231,7792.1724,346.10663,1681.1163,5184.7686,1
98582.88,2,2,1,27.097004,0,0,-1,0,-1,0,-14891.516,16306.072,23425.078,11160.611,9725.718,4216.1562,-481.05307,1330.0543,8862.667,-1256.6909,1067.1364,5951.6055,1
112753.53,1,2,2,42.891426,0,0,0,0,0,0,-22995.312,43050.047,38610.203,2461.3708,16746.21,14780.145,-4051.825,2619.6538,6321.1943,-2626.357,-940.2323,5638.7065,1
133191.81,2,1,1,45.52241,-2,-2,-2,2,-2,0,-12157.008,16071.479,27855.883,5379.1367,5186.723,5379.742,-3784.324,3788.982,5530.7725,1738.3545,1082.1693,5901.0547,1
122674.63,2,2,2,43.48875,0,0,-1,2,2,0,-20521.906,109641.84,51224.6,883.2029,46240.383,35013.465,-2862.0178,1847.514,10861.283,-3182.477,384.18884,-1064.0614,1
105057.33,2,1,2,24.629093,0,0,0,0,-1,0,-13622.977,32655.662,27078.59,7121.992,7010.641,6122.8457,-2139.1946,1630.1874,6788.851,-1672.353,1075.7675,6215.7827,1
117978.12,1,2,1,43.60373,0,0,0,0,0,0,129813.76,148394.06,123353.44,140926.3,105284.336,95547.61,-213.65854,-497.98547,9978.403,2627.688,2760.5347,3977.975,1
97963.4,1,3,2,24.901585,0,0,0,0,-1,0,-17107.367,22091.35,22986.062,7121.5938,11826.505,4526.9023,-639.0086,1406.9781,6888.129,-865.11774,1829.5582,5205.2866,1
141550.5,2,1,1,40.05479,-2,-2,-2,2,-2,0,-9057.656,21291.002,22186.836,8462.016,3910.6802,4423.4453,-2440.2122,3251.2249,5992.6543,-2433.457,1648.1495,5719.4326,1
150647.66,2,3,1,45.746395,-2,-2,-2,2,-2,0,791.89856,28747.285,25365.146,8814.719,-190.90564,3555.0,-3168.2893,1972.2015,6855.142,-571.6895,926.5702,6809.4746,1
118649.98,1,2,1,41.799625,2,-2,-1,0,-1,0,-16698.984,8524.861,16458.096,9590.027,11904.206,5320.1914,486.67398,1732.2225,7501.9995,796.29803,2833.9644,4724.37,1
136470.39,2,2,1,45.43852,-2,-2,-2,2,-2,0,-15689.211,12933.756,28908.309,5096.7734,3848.5747,4762.6914,-3197.1023,3634.0618,5527.649,-1136.794,176.30043,4966.1934,1
134784.9,2,3,2,45.533665,1,2,0,0,-1,0,-15928.055,35374.54,38795.254,-1544.0159,694.34827,5426.742,-4652.331,4349.861,5357.751,1103.1726,80.58559,3784.8372,1
111662.84,2,2,1,45.158905,0,0,0,0,0,0,-13435.367,88009.03,54003.316,5440.9727,21214.094,16572.016,-2720.383,3050.1895,6620.9746,-1605.3081,-767.1781,5721.12,1
98030.875,2,2,2,24.885042,0,-2,2,0,-1,0,-19725.812,5290.135,10713.308,6644.801,19765.107,5517.164,5583.798,643.9442,9816.805,-3297.567,2634.7688,3768.1067,1
127374.25,2,1,2,31.75369,2,-2,-1,0,-1,0,-15801.102,6544.2324,17715.113,7016.9414,8732.056,5594.5,-1688.849,1558.201,6445.3613,-2970.3252,2143.8699,4738.6953,1
124134.91,2,2,1,43.022694,2,-2,-1,0,-1,0,-11746.711,25322.02,18855.527,9693.758,5859.321,4023.3242,1943.3605,2482.1724,6493.999,846.02606,1097.6425,5940.4507,1
150714.08,1,1,3,45.44098,0,0,-1,0,0,0,-11555.902,41358.438,43535.094,-545.44556,1772.4694,11216.973,-4565.376,3098.5457,5744.7295,-1427.5674,64.69057,6645.717,1
103407.445,2,2,2,24.632595,0,0,0,0,0,0,36002.71,120380.03,79341.66,11736.879,37907.46,19064.482,1248.0228,660.1566,7728.8843,-1559.7231,1808.443,3171.1426,1
136370.19,1,1,2,36.61224,2,-2,-1,0,-1,0,-13240.109,10866.15,16390.322,6690.832,5843.106,4822.4883,-2314.514,1461.4113,6759.9233,-807.66364,2309.156,3627.4937,1
97676.88,1,2,1,24.989014,0,0,0,0,0,0,7762.035,114990.32,40926.383,10735.564,29455.387,12467.441,1265.0902,826.3446,7617.0215,-1263.0728,1871.9086,3706.1597,1
134373.12,2,2,1,44.763348,-2,-2,-2,2,-2,0,-16546.234,12019.725,26259.404,5664.2773,5116.727,4881.547,-2714.16,3473.1907,5593.746,-2800.6724,974.69324,5685.232,1
141133.03,2,2,1,45.318333,-2,-2,-2,2,-2,0,-13349.34,15568.572,26874.682,6279.297,2908.4263,4028.2383,-2941.6506,3487.8013,5693.5425,-2190.4795,442.00208,5836.7705,1
105921.0,1,3,1,45.430363,0,0,0,0,0,0,65506.16,128952.45,86651.625,36760.824,21907.602,5871.504,-848.7093,1828.2106,10698.198,3962.7625,2641.403,5613.328,1
128565.06,2,1,2,45.115276,0,0,-1,0,0,0,-17390.96,34557.66,36670.684,1762.5974,3148.4966,8280.623,-3529.5427,2907.6272,6191.862,-3474.6997,-392.49353,6955.852,1
115463.79,2,2,1,44.525066,-2,-2,-2,2,-2,0,-20221.266,9533.783,26744.186,4331.453,7255.4653,5442.6406,-2617.658,3611.3625,5697.325,-2914.7612,405.81165,4972.683,1
113865.36,1,1,2,32.45594,2,-2,-2,0,-1,0,-21123.562,5651.467,16778.615,4511.168,12109.487,6859.9043,-1128.8553,1478.8319,7059.3833,-2434.518,2270.6702,2055.6313,1
125865.39,2,1,2,25.83355,2,2,-2,0,0,0,-24854.547,3571.8064,23425.727,2303.0193,15388.001,9085.791,-4200.963,2498.883,7664.6475,-4828.0776,2103.0435,3211.4143,1
110841.555,1,1,2,41.971714,0,0,0,0,0,0,-14619.207,72792.22,43700.69,2944.5388,24133.43,18126.732,-3685.2976,2297.5002,6173.7056,-2078.0293,174.86977,5995.265,1
139800.8,1,1,1,45.86681,1,-2,-1,0,-1,0,-10402.465,7993.955,32712.12,8699.488,4409.653,5255.5977,-2550.3772,2556.1082,14009.099,657.8525,3946.3425,3980.1216,1
104680.414,2,1,2,26.362116,2,-2,-2,0,0,0,-24530.164,1945.369,11556.472,4428.133,37909.64,16523.027,-1906.2089,1666.5817,17565.37,-4461.3433,1937.1925,762.0619,1
142112.03,2,2,1,45.55766,-2,-2,-2,2,-2,0,-10548.379,18265.521,27425.652,6461.0117,766.71155,3722.1992,-3206.9343,3295.4082,5836.475,-1689.7964,10.303359,6749.007,1
108279.766,2,2,1,43.595627,0,0,0,0,0,0,28911.969,122053.46,79165.09,20194.975,29432.408,18159.133,-581.3348,2151.8389,8040.4253,-795.7857,641.4989,5227.6157,1
108624.42,1,2,2,25.521849,0,0,0,0,2,0,-16178.805,59349.42,33661.918,6909.574,33582.17,19691.873,-2095.5227,1911.9349,7496.203,-1948.0225,5.313125,4051.4087,1
141549.17,2,2,1,45.476818,-2,-2,-2,2,-2,0,-13021.246,14473.943,28190.262,5880.0664,1994.5748,4317.1055,-3198.071,3400.7368,5608.165,-2117.8276,3.3946679,6509.0786,1
115080.5,1,1,1,44.34027,0,0,0,0,0,0,96830.016,119776.3,75616.2,18175.56,31232.713,78611.86,1576.3729,820.6366,7744.002,-2488.1216,52675.51,-1329.5443,1
110202.35,2,3,2,45.359596,0,0,-1,0,0,0,5510.035,124280.46,42027.23,2414.32,26869.65,18220.26,-1492.4955,1761.233,6650.941,-1582.9824,855.3568,5282.0303,1
134765.88,2,1,1,29.005253,-2,-2,-2,2,-2,0,-13218.965,11831.6,20011.701,8095.7773,10097.466,5065.703,-2008.5897,3121.9692,5971.268,-3172.813,2093.6064,4590.395,1
118292.44,2,2,2,44.727215,-2,-2,-2,0,0,0,-29483.14,-3545.8147,19527.035,4146.7773,32764.152,14869.598,-2275.258,845.0936,18036.625,-2585.9795,338.4618,2278.39,1
139012.66,2,1,1,44.327263,2,-2,-1,0,-1,0,-8806.09,17187.457,19954.617,9040.48,3609.1333,5050.9023,-2150.0403,2060.7568,6799.488,-835.8062,3190.6094,4437.1895,1
125353.516,2,1,2,44.677517,-2,-2,-2,2,-2,0,-17675.781,11576.732,26091.39,2558.8357,5058.4067,6138.416,-4134.1113,3431.163,5353.4375,-3872.5654,741.0084,5353.4346,1
102602.04,2,3,1,45.456223,2,-2,-1,0,0,0,-7646.3203,8128.709,71490.86,39856.47,15170.226,4989.215,-61.770836,-215.24721,7409.6865,-2512.628,3752.9436,4079.0408,1
112069.77,2,2,1,41.15927,0,0,0,0,0,0,47237.73,127071.4,98360.65,23871.287,10417.425,9170.973,-2750.1008,3840.8027,7098.3794,-2857.0298,-1581.1547,-25974.502,1
131296.66,2,1,2,31.259872,2,0,0,0,-1,0,-16322.125,21968.457,30553.121,5508.324,3295.2231,6115.5645,-3671.612,3390.8604,5365.852,-2450.1953,227.32875,4281.816,1
112366.695,1,2,2,42.30579,0,0,0,0,0,0,-21605.102,53544.625,35198.96,2086.2537,5165.1606,6390.381,-1303.1053,2616.283,6411.8896,2221.5593,-336.83337,6443.1934,1
103820.266,2,2,2,26.96809,0,0,0,0,0,2,90401.16,127852.55,107574.695,98639.07,106963.086,68330.35,3606.7302,-1419.3746,10183.508,3664.274,2837.6963,2024.1053,1
105129.56,1,1,1,43.937187,0,0,0,0,0,0,-162.85922,105252.3,55292.99,10016.035,25994.607,13318.527,-1872.7401,2159.934,7113.603,-1240.8242,1258.1561,4859.1206,1
138069.67,2,1,2,28.048725,0,0,0,0,0,2,187463.67,193498.19,132642.17,229625.19,127661.055,123307.08,4843.535,-4733.0557,17115.17,6610.28,6223.8066,1213.2225,1
101215.875,1,3,1,45.814617,0,0,0,0,0,2,14599.277,110218.55,66041.52,23560.287,37834.562,17569.611,710.27655,906.9877,8038.164,2990.253,2948.9377,4357.881,1
111785.26,2,1,2,39.59464,0,0,0,0,0,2,99775.65,131629.12,114172.41,109755.945,107748.12,81557.11,709.5734,-672.5226,11139.459,7689.6797,2787.6433,-1520.0233,1
108588.22,2,1,2,24.254366,0,0,2,0,0,0,-23465.04,27787.8,28914.121,3545.9763,30912.553,8647.281,-968.0872,1660.9547,17794.697,-4406.3257,1545.3632,3124.9678,1
106151.53,1,2,2,25.17858,0,0,0,0,0,0,109967.016,138521.25,115845.18,26983.451,14214.476,4822.129,3206.0615,92.88366,9558.949,-2435.3613,2423.1323,5130.6396,1
96529.125,2,3,1,44.759384,2,-2,-1,0,-1,0,-11102.113,20732.979,19916.6,8489.848,7529.7876,4861.3984,-1196.6415,3169.281,6797.1274,1116.2854,2575.8398,3137.6565,1
137895.3,2,1,1,26.172115,2,-2,0,0,-1,0,-11131.129,20330.027,18569.75,9459.6875,9938.073,4711.1055,115.834145,2191.5312,6250.25,-578.8487,2343.8738,5192.786,1
104759.77,2,1,2,24.538954,0,0,0,0,0,0,16597.395,118048.86,62259.566,7805.465,24116.676,6335.4707,-950.5218,1029.2548,6714.263,-2597.483,1457.0841,5246.9473,1
97818.21,1,3,2,26.146639,0,0,0,0,0,0,78576.43,126101.37,91069.08,63953.203,22684.262,8038.617,2888.8452,598.0873,9470.116,-1928.3364,3891.9014,3354.024,1
107548.81,1,1,1,43.683884,0,0,0,0,0,0,-10659.719,81212.62,47112.42,5092.1445,27017.523,18363.543,-2892.4138,2559.6814,7215.3096,-314.66217,596.869,5606.216,1
107639.88,2,1,2,42.025436,2,-2,-2,0,0,0,-25913.602,5493.26,24362.62,1009.7615,10178.841,9470.764,-3284.6248,2311.9463,7002.6284,-4979.9224,1029.9642,3671.3193,1
110713.32,1,2,1,40.31307,0,0,0,0,0,0,-19849.75,50354.227,34146.812,6257.3555,12368.341,11328.836,-3123.53,2822.7144,6649.7383,1572.7654,-261.20154,5621.9756,1
101475.61,2,1,2,25.026453,0,0,0,0,2,0,338.34,99669.52,45013.688,11715.266,42570.688,24281.809,-1290.9154,1393.5099,8333.188,-3428.996,1339.9445,3889.9648,1
119458.33,1,2,1,45.460384,2,-2,-1,0,-1,0,-13836.914,7790.2793,22089.059,7554.1094,11112.804,7965.4277,-1866.9403,2300.4158,6415.3,3990.867,1395.6659,2976.092,1
103926.664,2,1,1,27.418287,0,0,0,0,0,0,-17290.484,26707.152,32734.768,7320.047,12467.856,9871.404,-2913.9246,2993.1738,5809.964,-3012.7007,551.94836,5281.378,1
95484.52,1,2,1,35.28236,0,-2,-1,2,-2,0,-10602.734,13081.189,18383.652,7566.2773,6092.348,4641.508,-2137.5872,2863.7556,6113.4653,-3150.9854,1521.0106,5732.109,1
131928.44,2,2,1,44.492428,-2,-2,-2,2,-2,0,-16798.617,11503.639,25949.855,5720.8633,5498.2427,4592.1016,-2645.4163,3528.049,5622.632,-2883.3413,681.84827,5600.818,1
103790.44,1,2,1,34.88475,0,0,0,0,0,0,19925.744,121803.28,66608.37,7920.965,31996.945,15729.877,1625.079,1224.9381,7448.664,-1028.894,1150.5961,4337.1245,1
111671.766,2,2,1,45.261166,0,0,0,0,0,0,-12327.371,91613.21,54172.03,5999.961,26418.908,19366.395,-2728.803,2927.6008,6491.8584,-1331.0244,-572.56433,5942.5425,1
111425.72,1,2,2,44.54298,0,0,0,0,0,0,9356.4375,124389.13,71518.05,6500.0156,18710.432,13549.684,-2059.8933,1410.2406,6924.097,-1078.1978,338.58362,5810.4014,1
144246.72,2,3,1,44.772114,-2,-2,-2,2,-1,0,-6676.922,24929.457,22919.486,9115.129,-86.39392,2998.4102,-2549.2307,1840.0431,6695.3643,1075.5889,1065.2721,6978.4634,1
112577.88,2,2,1,45.55023,0,0,0,0,-1,0,-11766.9375,60808.996,46068.625,5716.324,16256.39,5731.875,-2488.2493,3266.1223,11223.949,7971.164,-1722.9432,4408.605,1
107103.88,1,2,1,40.93761,0,0,0,0,0,0,45875.406,124007.03,97590.49,7649.5625,36363.008,21841.586,-244.00034,1362.0524,7485.116,17.642529,1418.6312,4615.633,1
141313.72,2,2,2,25.109339,0,0,-1,0,0,0,192027.23,193390.4,131814.02,232742.27,110967.766,73022.58,16131.441,-3610.932,17958.115,3493.726,3970.7676,4259.032,1
139103.38,2,1,1,45.80375,-2,-2,-2,0,-1,0,-1940.0936,13024.459,17651.668,12825.611,3345.8716,3183.996,-1174.9447,536.79236,8193.686,428.58612,1766.4288,6788.724,1
113150.85,1,1,2,29.561571,-2,-2,-2,2,-2,0,-22195.945,5288.3184,18709.578,3318.781,13783.563,6637.7188,-2701.2854,2601.405,5615.935,-4352.1636,1717.7716,3741.1624,1
104341.64,1,3,2,24.567255,0,0,0,0,-1,0,-23260.39,2310.9275,19901.398,6933.6406,15396.122,6469.508,-167.08578,621.77673,7994.021,-2977.606,3545.1394,4097.694,1
121826.44,2,1,1,29.889019,0,0,-2,2,-2,0,-14029.359,23110.33,35765.082,4683.4453,60.13342,5602.8203,-5140.6953,5404.9043,5358.9326,-3700.3125,-1185.8558,-21875.85,1
138469.48,2,1,1,37.919895,-2,-2,-2,2,-2,0,-11581.348,16171.979,21837.566,7833.672,5627.0474,5072.461,-2695.723,3400.0918,5878.953,-2844.3447,1989.2814,5325.601,1
129300.305,1,2,2,29.102953,2,0,0,2,0,0,-35743.586,36891.184,36844.688,-6288.176,28533.164,22597.973,-4755.87,2886.8955,4866.799,-2034.7686,-789.5697,-34.899303,1
141939.6,2,2,1,45.52811,-2,-2,-2,2,-2,0,-10931.492,18144.258,27081.371,6548.9688,1079.8873,3699.3398,-3149.6033,3290.0217,5834.641,-1718.6489,90.24428,6674.04,1
111246.82,1,1,2,28.978529,2,-2,-2,0,-1,0,-20806.25,4061.4626,14043.294,5332.203,15904.009,6478.549,69.7819,1061.0819,7234.9272,-2991.4893,2323.5715,3455.6243,1
123827.805,2,2,1,40.918648,-2,-2,-2,2,-2,0,-18320.055,9580.646,24063.537,6050.3555,6844.512,4895.246,-2264.594,3472.3157,5695.689,-3193.1694,777.58655,5263.302,1
105346.414,1,2,2,27.934364,0,0,0,0,0,0,14349.445,122704.766,56638.06,9477.617,16444.85,7786.1055,-155.94223,721.8441,6869.07,-2229.1162,1203.6903,4791.8286,1
113623.664,1,2,2,45.254112,0,0,0,0,0,0,5951.84,123727.29,54126.27,4730.785,14178.173,12752.639,-2922.051,1493.0956,6380.9175,-1219.6035,426.91003,5052.3955,1
107359.23,1,3,1,45.410824,0,0,0,0,0,0,-10859.82,78436.625,47323.91,5184.8477,29743.674,19700.64,-2758.652,2951.7175,6740.686,-1180.3955,996.0148,4258.047,1
143352.19,1,1,2,33.962715,0,-2,-2,2,-1,0,-13775.922,30512.508,22642.404,2808.3318,-1287.1791,6558.5703,-3804.031,2695.0195,5647.7227,-68.28471,2598.3948,2771.112,1
134584.33,2,2,1,44.978985,-2,-2,-2,2,-2,0,-16258.773,11977.83,26658.834,5663.4297,4986.5513,4525.176,-2753.029,3519.3518,5611.944,-2750.6758,608.29065,5731.886,1
88591.016,1,1,2,29.473118,2,-2,-2,0,-1,0,-23320.078,4288.8496,13293.87,4821.5586,17868.346,6835.5703,1803.4865,1078.0277,6762.0957,-3592.9697,2045.2867,3147.874,1
104221.65,2,2,2,24.437187,0,0,2,0,0,0,37710.137,119266.61,58385.363,10779.035,62759.285,34254.438,2720.0227,398.67175,8144.412,-808.7618,2162.7566,2848.3762,1
106186.97,2,2,2,24.638403,0,0,2,0,0,0,66677.05,128315.53,107569.58,84423.72,100649.24,71183.586,3880.583,-434.7755,9306.308,955.0341,2595.513,1214.4674,1
100817.22,2,1,2,25.070118,0,0,0,0,2,0,5062.676,107732.36,48482.008,12741.867,46248.438,25529.828,-945.38947,1202.6542,8526.857,-3318.7896,1513.3522,3795.4763,1
99711.83,2,3,1,43.647392,0,0,2,0,0,2,99969.19,135699.19,115413.43,119352.09,111624.92,93057.51,12181.101,-1689.3512,10652.298,4956.4697,16119.886,1328.6302,1
139373.53,1,2,1,44.993046,-2,-2,-2,2,-1,0,-18345.11,10951.709,26348.986,5271.289,1667.0319,4468.6484,-2559.7292,2210.0068,5819.0215,1558.9788,1287.9122,5248.944,1
115773.75,2,1,2,24.5737,2,0,0,0,0,0,-25657.883,12222.811,32940.17,1998.3123,15645.798,9304.346,-3942.86,3387.0798,5371.694,-3860.0605,54.830704,2365.6614,1
107795.13,1,2,2,44.25743,0,0,0,0,-1,0,12316.09,122728.09,31914.04,6371.7617,5146.1646,4277.3516,-1378.139,890.84656,6890.4224,-862.752,60.401993,6684.5723,1
127009.66,1,2,1,45.597797,0,0,0,0,0,0,136454.7,152472.69,124873.945,29981.158,42842.938,4833.6133,-899.9139,1502.2408,7548.1523,-413.4229,-164.23326,7398.72,1
107466.29,1,3,1,45.80345,0,0,0,0,0,0,18374.49,121964.79,68564.62,10387.645,18374.629,19509.945,-1643.8485,2001.9203,9337.598,616.1076,2665.877,3532.5352,1
132035.27,1,3,1,45.93595,0,0,0,0,0,0,167249.77,154638.31,121963.305,135585.53,9692.226,3862.3164,1008.4152,951.2562,12370.966,-791.73785,3879.4814,6223.3647,1
139697.98,1,1,2,44.00662,-2,-2,-2,2,-2,0,-13610.41,15174.689,22544.531,3890.613,4128.0786,4992.285,-3734.3943,2873.108,5612.181,-3039.5762,1485.5929,5670.3213,1
105794.11,1,1,2,24.811895,0,0,0,0,0,0,-18615.922,49350.992,31794.555,4801.3867,28287.42,16548.79,-2846.2468,1910.233,6394.5312,-2533.7651,845.672,3336.299,1
142121.22,1,1,1,45.211792,2,0,0,0,0,0,-11753.52,76146.055,50202.27,4463.582,6058.8325,6023.953,-1465.643,3305.1626,5241.897,-3231.024,742.9474,5774.317,1
139473.69,2,1,1,42.4844,-2,-2,-2,2,-1,0,-13739.926,13860.795,24682.434,7316.2734,2095.2192,4296.2227,-2723.2458,2413.9807,7347.2046,-1011.8321,1061.4689,6460.269,1
110943.12,2,2,2,24.516497,0,0,0,0,0,0,-21530.133,39648.496,33493.79,5748.5586,21051.424,10636.344,-2280.007,2204.4614,6503.445,-2998.9087,112.449356,5183.0522,1
141091.12,2,1,1,40.081894,-2,-2,-2,2,-2,0,-9668.879,18340.625,22241.857,8344.961,4358.2583,4498.578,-2814.05,3328.952,5974.799,-2534.3599,1657.2904,5608.047,1
110261.48,1,2,2,44.775528,2,-2,-1,0,-1,2,-12999.953,23806.455,12267.058,10148.383,14935.085,6200.291,6238.8804,683.4486,6854.7495,3716.9458,2740.4612,3310.3486,1
122942.95,1,1,2,44.79128,2,-2,-2,0,-1,0,-18631.922,11868.869,20612.943,3364.9568,6991.614,6168.129,-1971.869,1800.2394,7056.803,-1190.7925,1756.4432,2820.896,1
123533.48,2,2,1,41.79119,2,-2,-2,0,0,0,-24973.812,3497.7478,27251.754,3096.949,9757.241,8131.6875,-2477.3235,2637.9248,9912.563,-4278.5825,1439.9637,2198.776,1
142788.12,2,1,2,44.547096,2,-2,-2,2,-2,0,-12032.336,23943.262,26673.973,3109.7107,1886.0631,6255.451,-4539.664,4264.3594,5248.4673,-4263.972,775.8341,4162.4795,1
109915.055,2,2,2,26.085121,0,0,0,0,0,2,181045.45,144408.7,117572.87,141708.75,115506.4,91494.51,7528.4873,-3013.6897,18943.016,3758.2664,3457.459,748.453,1
114692.53,2,1,2,31.969492,2,-2,-2,0,-1,0,-19249.773,4687.5957,18395.377,5656.0625,10525.7705,6607.25,-1937.6552,1718.7604,6645.478,-2789.2954,2138.958,3402.427,1
128140.36,2,1,1,31.41344,0,0,-1,0,0,0,145700.14,161022.45,129906.53,92594.0,92521.2,66515.38,5910.2783,-200.70717,10295.853,1009.7316,2746.7756,4088.0278,1
107668.96,2,3,1,45.09108,0,0,0,0,0,0,7590.0273,123372.414,80692.69,22534.828,12367.06,4759.8047,-2782.6663,3947.78,6515.1313,-1813.5195,100.54994,-21110.691,1
108701.414,1,2,2,24.201777,0,0,-1,0,0,0,-20861.523,69245.31,32061.363,3293.5154,66127.266,19286.736,617.7297,1367.4674,8075.196,-1179.542,1139.143,3388.9836,1
139359.48,2,1,2,43.619923,0,0,-1,0,0,0,-12583.047,46881.242,34854.297,1899.1287,175.80139,5609.422,-2042.0751,3032.138,5830.367,-2910.4932,330.77673,7359.965,1
111024.08,2,2,2,37.08978,2,-2,-2,2,-1,0,-24600.633,16516.125,24553.861,1668.7498,4524.5044,6767.2754,-1975.4032,2768.3323,5374.15,-2356.1792,-323.59607,5128.0103,1
120303.65,1,2,2,45.20804,0,0,0,0,0,0,-23486.64,46168.203,41001.547,1778.3552,13725.565,14773.207,-4485.1816,2523.7874,6542.9766,-2127.3052,-1786.8217,6928.3296,1
106628.445,2,2,1,38.797447,0,0,0,0,0,0,45277.312,124020.09,59547.016,10704.301,5088.8013,4899.3047,-1201.6385,2193.2039,6983.2637,-2309.9907,91.139786,5241.958,1
147238.6,2,2,1,46.026466,0,0,0,0,-2,0,158490.53,155402.61,131891.67,13385.07,-3077.0815,2520.5938,-117.58529,2384.1384,7228.403,-133.65434,-1317.056,9117.053,1
107257.266,1,1,2,28.367893,0,0,0,0,2,0,-17123.445,52151.58,32501.97,6188.1016,24877.555,17753.285,-3044.4485,2248.0889,7169.6035,-3907.2993,112.355606,4040.3184,1
121733.44,1,1,2,31.197468,-2,-2,-2,2,-2,0,-20013.04,7057.9277,20257.033,3707.363,11081.124,6254.4062,-2888.4006,2661.1555,5711.5,-4013.8052,1812.393,4272.7285,1
140268.4,2,1,1,45.70725,2,-2,-1,0,-1,0,-5932.5117,15987.041,22217.695,8821.254,3084.395,4082.4336,-2680.6218,2019.4298,6473.4316,2497.7085,1471.8934,5982.971,1
108950.875,2,2,2,45.39675,0,0,2,0,0,2,29729.248,123617.54,90558.8,38345.617,85399.0,53143.29,2434.8767,-811.72815,11318.428,3076.8447,2265.6848,3690.155,1
134403.44,2,3,2,43.37871,1,-2,-2,2,-1,0,-14996.773,40552.87,28150.215,2863.3513,903.1842,6386.0312,-2624.0725,3175.9827,5587.594,1885.7327,1271.5817,6773.1357,1
139218.5,1,2,1,45.30088,-2,-2,-2,2,-2,0,-15918.086,13022.912,24904.832,5105.578,4968.727,4201.5938,-2501.4211,3066.1514,6050.106,-1848.5703,991.5475,5376.831,1
111757.8,2,1,1,34.983192,-2,-2,-2,2,-2,0,-17698.992,15749.326,22823.914,4680.0312,7643.8813,5991.367,-2309.1218,3960.8733,5548.8745,-4003.8052,1023.8534,2183.055,1
103955.836,1,3,2,24.689243,0,0,0,0,0,0,-20251.14,21764.701,27659.43,5568.207,21046.8,10979.848,-1851.764,1836.4843,6067.5894,-2376.558,2028.5402,3343.809,1
142554.53,1,2,1,45.016582,0,0,0,0,0,0,171972.14,175309.73,131350.6,185236.94,108555.3,104639.74,-1462.6278,-1248.4977,14766.214,3778.4792,3410.2798,1932.2924,1
94240.12,2,1,2,28.267765,2,-2,-1,0,-1,0,-30908.422,30084.256,17905.518,-1217.4182,16984.834,9607.809,5702.18,1946.6984,7458.9985,-4739.8823,1273.7921,-1098.5726,1
124280.23,2,1,2,43.329285,-2,-2,-2,0,2,0,-17498.078,243.36505,23339.506,7991.203,8725.659,6667.328,-2888.0808,1507.3265,6407.834,-3149.7505,1227.9064,4801.124,1
106098.9,2,2,1,45.082016,-2,-2,-2,2,-2,0,-24540.54,6840.201,28495.86,2716.3904,22709.354,10868.65,-3315.3806,3282.186,10763.156,9216.083,3824.37,4802.2656,1
105477.586,1,2,1,37.156876,0,0,0,0,0,0,16796.36,122396.555,68877.75,9366.824,21252.184,12235.355,-401.09457,1505.464,7714.9224,587.6027,1169.7982,4441.3804,1
131600.5,1,3,1,45.068153,0,0,0,2,0,0,-23641.812,17241.547,37246.617,-1438.2776,4666.8286,10265.219,-4783.335,2909.4766,4699.4194,-3983.6392,2023.8605,5140.0293,1
141470.38,1,1,1,45.302658,-2,-2,-2,2,-2,0,-8689.668,22011.623,23438.602,6608.082,3866.856,4373.9414,-2926.2478,2980.9368,6080.798,743.7336,2093.0447,5701.375,1
120045.69,1,1,2,31.257751,-2,-2,-2,2,-2,0,-20531.555,6732.385,20062.127,3595.5427,11386.187,6344.75,-2888.2341,2664.2395,5685.9097,-4081.8247,1772.4784,4200.2944,1
125709.26,2,1,2,45.08501,-2,-2,-2,2,-2,0,-17591.86,11210.818,27072.377,2324.285,4547.516,6144.627,-4265.9688,3407.9976,5319.3906,-3829.9258,638.43616,5455.669,1
113962.2,1,2,2,31.80264,0,0,0,0,0,0,-23189.883,37220.91,33479.97,4247.508,21038.781,14226.541,-2933.2473,2043.5826,6527.8984,-2546.3242,-341.80603,5025.043,1
130887.0,1,1,2,34.33398,2,-2,-1,0,-1,0,-15753.156,6110.994,15974.292,6804.0312,8970.683,5263.965,-1727.1552,1111.3309,6873.915,-2108.46,2607.4678,4941.6934,1
95582.2,2,1,2,31.571125,2,-2,-1,0,-1,0,-18266.406,13944.986,17173.85,5662.824,10231.647,6566.332,-403.10043,2076.7004,6016.3955,273.58856,1866.222,3357.4282,1
107109.54,1,1,2,39.99147,0,0,0,0,0,0,15984.066,121948.71,66826.055,8989.32,9675.21,8593.201,-1967.098,1235.5565,6616.8696,-2010.8511,1219.7955,5574.957,1
108487.16,2,1,2,28.5722,-2,-2,-2,2,-1,2,-14575.246,1973.576,16403.824,10386.588,16520.357,5370.086,1453.3802,387.31335,6755.439,-1308.5557,2745.004,3443.4724,1
112441.81,1,2,2,42.960796,1,-2,2,0,0,0,-31213.977,1412.3143,11298.679,237.51538,40327.51,15782.086,-1502.5375,1273.1654,18818.133,-361.48688,1242.6283,-521.2103,1
128805.1,2,2,1,42.670876,2,0,0,0,0,0,111622.39,164246.58,124335.36,160922.05,108309.18,104165.4,35331.938,59.703484,16521.486,818.0009,3573.9932,-4668.3965,1
101656.08,2,2,1,32.86044,0,0,0,0,0,2,98630.305,128859.05,110387.69,95186.37,87972.71,52314.312,3566.0942,-411.2555,10754.359,3831.425,2758.6897,3179.4612,1
141570.5,1,1,1,45.288574,0,0,0,0,2,0,173595.38,180186.98,132191.72,206725.45,120221.664,115826.59,-1653.3671,-2032.214,22151.123,-3265.3853,5333.663,-1179.0057,1
130285.02,1,1,2,45.011696,-2,-2,-2,2,-2,0,-17504.492,11378.818,24565.066,2093.9841,6017.6294,5934.242,-3856.154,2980.1196,5690.838,-3091.0215,1152.8959,5052.623,1
137763.48,1,1,2,31.979443,0,-2,-1,0,-1,0,-15314.016,10034.088,26612.41,2415.8396,2745.356,8120.996,-4989.663,3150.2505,5467.9033,-3652.9902,-309.11707,-31713.246,1
108252.375,2,3,1,45.838524,0,0,0,0,0,0,13264.941,124331.22,78785.69,10216.816,6055.399,8024.59,-2193.8762,2673.953,7066.4478,-293.4444,895.4745,5289.2373,1
140506.02,1,1,2,44.469044,-2,-2,-2,2,-2,0,-11855.555,17683.912,22809.836,4124.992,2763.6997,4657.043,-3809.279,2767.8447,5605.7314,-2731.2754,1443.11,5968.8926,1
96256.19,2,2,1,24.732285,0,0,0,0,0,0,-2322.9412,98092.19,43548.824,10676.371,26451.07,11279.994,1137.0009,1470.253,8171.8286,-2097.0566,1886.6017,3713.7986,1
108111.914,1,2,1,44.762962,0,0,0,0,0,0,140845.33,149333.7,124344.07,7295.379,4405.0513,9164.326,-324.5316,113.012566,7112.4966,2152.9111,7746.642,5960.6016,1
141159.58,1,1,1,43.566067,2,-2,-2,2,-2,0,-13803.883,19396.963,27156.5,2120.2458,2621.2856,10202.828,-4546.9707,3379.7786,4887.167,-4145.484,7045.907,5727.513,1
105348.74,2,3,1,37.937996,2,-2,-1,0,0,0,-18118.54,10737.334,22716.328,5577.543,13953.472,7376.453,-1810.0214,3046.002,6984.6377,-1191.8779,3084.2634,4250.5195,1
105732.58,1,2,1,41.216698,0,0,0,0,0,0,76193.24,128030.48,107914.375,82558.84,54120.016,28814.29,254.94449,1056.5004,9403.269,33.22212,1573.3478,4724.5596,1
147352.2,1,1,1,45.43424,-2,-2,-2,2,-2,0,-4979.797,19685.518,26124.057,5282.9805,-851.3353,4424.9844,-4053.0955,2312.919,5664.8423,-1689.6968,51.299454,7351.5903,1
117156.37,1,3,2,45.335613,0,0,0,0,0,0,-18724.18,50299.195,40410.164,1580.617,15070.124,13765.949,-4605.992,2737.4685,6117.0503,-2988.8271,-376.70398,5850.7144,1
97655.695,1,3,1,32.53635,0,0,0,0,0,0,26439.766,121265.8,59291.566,11388.736,23059.344,11999.652,491.30777,1567.9144,7324.5547,-742.58844,2769.4062,4154.524,1
115880.8,2,2,1,43.266552,0,0,0,2,0,0,-5779.2695,115125.35,68121.27,6865.117,46321.492,6642.996,-3080.6711,2753.1091,5683.7993,-1928.8599,-448.745,5446.025,1
113624.98,1,2,2,29.558416,0,0,0,0,0,0,-23627.969,28723.406,32424.03,4353.2344,20849.018,13619.473,-2934.0667,1892.2865,6549.118,-2332.5498,-208.05992,5403.1343,1
116137.43,2,2,1,37.08889,0,0,0,0,0,2,-4057.363,63350.34,29187.195,11869.523,10429.632,5897.203,-257.15463,1754.8383,6804.784,-1347.5664,1360.122,5303.337,1
98264.0,2,1,2,31.182302,-2,-2,-2,2,-2,0,-22810.852,6078.8965,20919.762,3207.7927,11108.683,7003.4316,-3356.4294,3056.144,5406.3545,-4568.344,1046.514,4133.965,1
130349.31,2,1,1,35.053417,-2,-2,-2,2,-2,0,-13507.043,13781.537,21367.752,7350.504,7154.528,5098.785,-2570.8357,3456.5,5856.125,-3168.6147,1678.8966,5007.84,1
122737.58,1,2,1,24.763275,0,0,0,0,0,0,169666.61,159226.66,124666.88,148483.47,109139.17,90872.195,3841.879,-1778.4113,11268.919,3112.5264,3962.8223,2495.184,1
103301.56,1,3,2,24.624155,0,0,0,0,0,0,-20249.117,17089.225,27227.363,5954.551,22095.625,10986.098,-1864.7323,1769.8932,6472.1284,-2900.7632,2083.8394,3478.8633,1
120287.164,2,2,1,44.31246,-2,-2,-2,2,-2,0,-19254.664,9345.725,26200.73,4854.883,6789.7583,5106.8164,-2672.8772,3585.272,5510.32,-3331.1372,479.1991,5106.152,1
91611.625,1,2,2,40.97393,2,2,2,0,2,0,1238.0431,1141.2948,6318.6665,173142.38,131543.9,92598.266,2462.9148,1160.2811,53549.77,-1035.0942,3637.66,-18163.03,1
116080.82,2,1,1,43.26662,2,0,0,0,0,2,112704.04,144852.66,116146.05,119776.98,107287.35,80119.9,10194.597,-88.97083,8591.334,1070.9504,3057.265,-319.42224,1
101325.46,2,1,2,30.213608,0,0,0,0,0,2,-15359.367,31965.836,28399.186,7733.4062,21785.314,13238.256,-1485.6068,1465.7448,7089.244,-2136.2617,1455.2587,4606.8467,1
125471.195,2,2,1,43.914455,0,0,0,2,0,0,93630.41,139372.6,120722.95,113815.42,104174.01,89379.58,-2880.637,457.2328,5656.1455,1391.8345,5654.625,2188.3896,1
110843.06,1,2,1,45.637455,0,0,0,0,0,0,64026.793,129323.91,107930.42,67987.625,53580.33,31503.541,-1706.9003,1537.0326,10345.288,220.31514,650.09485,4331.711,1
90970.05,2,2,1,25.323786,0,0,0,0,0,2,12979.4375,107106.87,42397.547,12937.846,53752.746,23167.627,3798.8716,95.19372,8675.68,1216.6067,2751.2507,1583.4105,1
104728.6,1,2,2,26.78271,0,0,-1,0,0,0,-16314.789,86343.32,32240.682,3543.1404,45167.7,21672.008,3177.018,799.95496,7174.64,-1704.352,997.15295,2904.8804,1
142460.67,2,1,1,41.71549,-2,-2,-2,2,-2,0,-6641.5,22356.348,22932.672,8998.539,2515.8013,4088.5469,-2944.3962,3039.9685,6234.1143,-2003.1841,1487.6115,6042.851,1
144325.31,1,1,1,45.90637,1,-2,-1,0,-1,0,-3339.7966,29090.164,23569.379,10258.738,1134.8131,4796.2695,-1679.0243,874.7372,7380.2305,3041.2598,2145.7593,5889.029,1
118379.59,1,2,2,45.024834,-2,-2,-2,2,-2,0,-27207.812,286.91583,28985.998,532.80444,6042.7427,7754.117,-4912.049,2280.6677,5299.23,-3668.3848,-853.7665,5603.705,1
106447.25,1,2,2,29.241276,0,0,0,2,-2,0,-26405.562,10656.623,28561.863,925.4646,5620.4966,7306.5215,-4231.747,3290.4915,5107.104,-4556.138,-796.50525,5573.9937,1
126590.445,1,2,1,45.30479,0,0,0,2,-2,0,126873.12,158075.36,38869.445,3099.0388,266.6842,7195.0586,-3880.201,2447.0947,5401.632,-3511.288,-1821.5067,7225.5215,1
96860.51,1,1,2,31.413425,1,2,2,2,-2,0,7879.0625,122392.875,17295.69,-1400.387,12392.499,8420.68,-4071.3367,2788.4053,5078.253,-5178.6772,1050.1068,3821.1392,1
120212.05,2,2,2,27.283285,2,-2,-2,0,0,0,-27347.555,670.7166,21029.004,2577.867,15489.708,8147.545,-1986.9354,1774.6815,6642.189,-4598.7046,958.4281,2391.276,1
104705.27,1,2,1,37.66798,0,0,0,0,0,0,18553.809,122063.63,67720.78,15433.264,56433.47,30030.6,-61.239098,1276.3173,8084.0894,477.52753,1198.7892,3691.77,1
109119.445,2,3,1,45.433617,0,0,0,0,0,0,-16426.492,23583.537,36722.047,5287.5703,6024.8364,8433.533,-4030.8445,3714.5554,5911.4473,-2828.1675,-138.84215,6007.7134,1
114266.734,2,2,1,43.600758,-2,-2,-2,2,-2,0,-24316.492,4149.99,28313.53,3393.0115,6916.8716,5931.832,-3473.447,3276.5283,5256.4263,-3750.0483,-265.38806,4638.145,1
98484.086,2,1,2,26.072554,2,-2,-2,2,-2,0,-13261.492,11053.994,20966.992,1979.2654,12025.058,8046.3926,-3837.5916,3606.5283,4945.287,-5486.47,1277.1771,3828.7283,1
93371.95,1,3,2,26.111027,0,0,2,0,0,0,46820.19,121395.78,74012.805,26101.217,61413.363,30203.008,4718.3706,262.71814,8566.466,-945.8287,3617.622,1975.3575,1
122385.83,1,1,2,40.155766,-2,-2,-2,2,-2,0,-19053.836,9220.791,22062.342,3147.402,7903.2407,6039.668,-3498.1814,2928.111,5591.7573,-3895.1025,1406.3807,4814.523,1
140264.67,1,2,2,45.14471,1,2,0,0,0,0,-23684.531,66247.11,48358.824,-4124.1953,22873.805,23748.791,-6247.4355,3819.7207,5725.406,635.6296,282.19788,1547.3505,1
102648.34,1,3,2,24.627544,0,0,0,2,-2,0,-16817.57,49141.117,23969.512,2974.3943,11267.019,7073.125,-3623.944,3143.6406,5089.8535,-4503.275,1647.2906,4300.6606,1
120836.52,1,3,1,45.5241,0,0,0,0,0,2,130685.64,140808.77,117097.77,127085.3,111649.836,79093.56,2832.3977,-923.20325,10999.204,5160.694,4209.4014,2523.9163,1
141643.95,1,1,2,41.035763,1,2,0,0,2,0,191527.6,192291.12,131775.69,6366.203,2915.938,9895.066,-5820.2793,-3666.5354,12098.573,-2635.0903,3195.4941,7633.44,1
143093.86,1,1,2,43.61129,-2,-2,-2,2,-2,0,-10366.555,20047.186,22091.805,4884.9414,2034.7701,4387.8984,-3737.694,2572.0085,5686.7124,-2478.7964,1488.5424,6136.428,1
121998.63,2,1,2,45.17944,-2,-2,-2,2,-2,0,-18441.258,10311.209,27865.783,1886.0779,4733.969,6463.6777,-4425.052,3377.3872,5267.1064,-3951.5586,461.6383,5448.995,1
142513.73,2,1,1,43.763336,-2,-2,-2,2,-2,0,-6657.0,22470.033,23668.463,8572.707,2358.2349,4054.4922,-3049.7205,3093.2615,6186.014,-1989.854,1355.3724,6091.0327,1
110691.32,1,3,2,44.99823,-2,-2,-2,2,-2,0,-19766.703,10213.408,23281.428,1817.5623,9940.058,5989.754,-3402.5076,3131.538,5310.0103,-3858.645,1582.1368,4335.775,1
142517.39,2,1,1,44.305584,-2,-2,-2,2,-2,0,-6690.2695,22409.762,23909.826,8385.371,2298.8794,4042.7656,-3092.2825,3108.5002,6160.818,-1989.8706,1301.5968,6108.319,1
98182.15,2,2,2,30.415611,2,-2,-2,0,-1,0,-24181.516,368.93536,15614.667,5111.543,15693.618,6445.953,-6.5071645,1358.1595,6933.545,-1601.1758,1128.2926,3792.1562,1
111330.664,1,2,2,24.627783,0,0,0,0,0,0,-20607.133,46295.027,30951.387,5205.4297,20071.307,11076.547,-1568.7396,1530.9281,6497.6104,-2320.4648,406.87244,4844.168,1
103516.26,2,2,1,45.29089,0,0,0,0,0,2,71852.02,125133.336,103398.49,66841.234,72800.41,38494.336,1643.0768,389.10583,9832.256,3348.466,1996.0028,4010.823,1
101223.53,2,2,1,24.7927,0,0,0,0,0,0,54897.766,120646.23,90663.336,35569.387,40544.07,18813.879,2660.0383,923.8534,9269.722,-1067.9619,2338.4377,3739.5881,1
111532.12,1,2,2,44.61116,0,0,0,0,0,0,26860.447,124857.02,76505.41,17851.953,29959.953,18364.879,-1679.0189,1339.3458,8102.8853,-1347.7969,676.6959,5039.1777,1
119108.82,1,1,1,45.036865,-2,-2,-2,0,-1,0,-11890.512,3048.572,15220.376,10520.199,11066.972,3504.2383,-129.76059,1335.3751,10686.056,-1223.8555,2700.9294,4962.8833,1
100020.28,2,3,2,45.260216,2,-2,-2,0,-1,0,-20720.766,8668.811,22132.928,3592.5388,9754.167,6780.408,-1936.7845,2083.5022,7274.872,-788.96246,2080.2922,3657.5144,1
142520.33,2,1,1,42.924942,-2,-2,-2,2,-2,0,-6618.16,22482.371,23378.129,8793.066,2404.7583,4069.9297,-3001.3752,3071.28,6214.9253,-1989.5703,1413.9918,6073.476,1
108813.195,2,2,2,30.787205,2,-2,-2,2,-2,0,-24423.195,12077.521,22271.158,1290.7341,9651.772,7781.0703,-3499.4304,3742.1292,5075.426,-5292.307,618.7787,3617.5505,1
115192.03,1,2,2,40.96585,0,0,0,0,0,0,18127.004,124286.25,73794.195,5549.367,4580.516,22923.438,-1735.767,736.00183,6254.718,-1886.6602,18791.262,5647.9473,1
118587.23,2,1,2,34.097145,2,-2,-1,0,-1,0,-17467.71,5131.627,18324.275,6403.703,8996.112,5972.586,-1943.7592,1637.9664,6418.008,-2810.705,2063.9824,5078.0444,1
119650.73,2,2,2,44.82666,2,-2,0,0,0,0,-30603.336,37035.5,32545.598,-564.05884,15499.235,12614.697,3003.2097,2082.1821,6011.96,-3305.122,-855.6278,4683.535,1
104378.95,1,1,1,37.667923,0,0,0,0,0,0,-12837.543,71093.375,41410.797,5482.6914,27784.121,18501.719,-2567.3445,2646.289,6882.8394,-1842.7407,637.83777,4429.2383,1
94194.945,2,3,1,30.167866,0,0,0,0,0,0,20486.842,117941.11,60748.727,14752.631,16799.105,7577.5664,678.6027,1916.4689,7753.093,-813.3101,2694.087,4342.1743,1
110574.01,1,2,2,44.613274,0,0,0,0,0,0,8652.977,122898.21,67678.56,12075.379,21392.586,13265.48,-1461.0018,1364.5392,8165.903,-1392.2598,748.35,4982.037,1
108765.8,1,2,1,26.51431,-2,-2,-2,2,-2,0,-23858.96,1561.3768,17522.96,5718.0703,17511.19,5388.3984,-399.1346,2587.8633,5811.838,-3909.4102,1549.2504,3413.2434,1
110370.81,1,2,2,31.681967,0,0,0,0,0,0,-24639.977,19079.424,31860.857,4242.6484,13350.435,6463.3867,-2216.5144,2041.6276,5841.115,-3489.0444,-317.33777,5634.99,1
96703.555,2,2,1,24.85727,0,0,2,0,0,0,-4153.6445,104498.42,39933.61,8210.645,49378.32,23461.154,3406.3079,1123.1971,8194.778,-1054.9214,2011.4576,3268.5886,1
129865.02,1,1,2,44.323708,1,2,0,0,0,0,116093.36,147199.6,118949.84,116319.56,93030.73,6508.914,-2988.1506,2254.4854,7566.0483,1510.6523,2417.0667,5664.2485,1
127035.85,1,1,2,43.730366,-2,-2,-2,2,-2,0,-17927.953,10540.654,23269.732,2661.3083,6825.141,5806.453,-3780.531,2982.1675,5519.5024,-3744.0693,1254.6837,5088.2993,1
132646.17,2,1,2,42.399864,2,-2,-2,2,-2,0,-15296.195,19662.883,24471.074,2910.7576,4657.1294,6809.4844,-4362.4727,4060.5652,5131.507,-4747.3853,1068.0492,5285.3843,1
100777.92,2,1,2,25.020092,0,-2,2,0,0,0,-25059.562,5204.838,13866.3,4314.8906,20692.656,7817.4746,1710.8153,886.8744,6220.9585,-4579.804,2430.185,2972.6897,1
144378.16,2,3,1,45.05332,0,0,0,2,2,0,126359.055,148698.67,121187.65,84909.41,85821.445,64351.477,-2909.678,1159.018,8817.59,-2887.6147,2589.2954,3478.5464,1
139763.86,2,1,2,32.791897,1,-2,-2,0,0,0,-16190.031,12126.564,26447.654,5153.6406,6481.309,7197.0312,-3398.0544,2075.9128,6161.2505,-3657.2612,2295.03,5120.025,1
125429.32,2,3,1,45.254906,2,-2,-2,2,-2,0,-12674.48,16930.66,27296.26,3275.5076,5656.778,6883.625,-4060.2205,4222.285,5018.0396,-4038.2837,993.4762,5328.444,1
105580.195,2,2,1,45.023327,0,0,0,0,0,2,-15464.992,49702.117,38480.176,6135.926,30171.502,17796.676,-1117.2343,2225.3257,11494.363,-45.3438,403.7179,5087.5215,1
134147.3,1,3,1,42.06003,-2,-2,-2,2,-2,0,-11415.641,16274.783,19414.732,7485.328,8729.692,4233.2383,-1950.6981,3062.308,5904.4727,-2511.6548,2649.0134,4650.65,1
111099.54,1,2,2,34.30589,0,-2,0,0,-1,0,-24157.508,-827.5373,15078.837,6337.367,14058.319,5558.457,1614.8402,180.39,7116.522,-2671.9048,1296.9476,4664.316,1
145637.72,2,2,1,43.246616,0,0,0,0,0,0,-17002.453,21013.451,38851.176,4431.422,-363.47595,5535.953,-4534.4688,4291.127,4976.93,-2448.8242,-1488.993,6489.0317,1
112723.89,1,2,2,45.143753,0,0,0,0,0,0,6979.2344,124524.45,64920.25,5710.8125,16775.188,12962.75,-2512.5217,1512.1027,6686.381,-1105.0981,72.66029,5896.0386,1
110642.54,1,3,1,45.47003,0,0,0,0,0,0,-17922.36,25214.76,35727.367,4145.7188,9183.62,10217.133,-3730.318,3210.1545,6545.85,-1692.0303,156.28725,5366.1367,1
137836.11,2,3,1,45.15641,2,-2,2,0,0,0,-17163.328,114342.414,44578.68,-35.207268,22702.648,7416.4766,39478.617,1128.588,6708.7563,-3275.1914,6276.2163,782.6405,1
123623.445,2,2,1,45.017353,2,-2,-1,0,-1,0,-16759.32,7543.244,21550.871,6870.84,7571.3384,4841.125,-753.1961,2146.1006,10016.983,-1115.0234,1187.6154,5392.1357,1
112710.93,1,2,2,26.118196,0,0,0,0,0,0,-23688.852,25874.291,31366.516,4700.7617,22635.969,13188.064,-2330.0945,1652.5665,6600.118,-2842.232,53.934708,4973.817,1
103590.58,2,2,2,24.442648,0,0,-2,2,-2,0,-2876.2224,7430.0996,30368.691,5271.0,5310.395,6021.676,-3865.9753,3097.819,5384.3853,-3951.708,48.74086,5960.4287,1
129878.2,2,1,2,44.839466,2,-2,-2,2,-1,0,-17342.227,32472.654,25412.537,1761.2263,15819.63,7445.7324,-2584.388,2984.898,5356.8726,8596.131,546.672,6557.462,1
109425.33,2,2,2,24.291656,1,2,0,0,0,0,65939.11,126698.95,91049.65,19894.883,73650.695,46718.87,-459.50034,1615.4222,7978.9673,-171.95268,1668.8351,-55.561413,1
107338.87,2,3,1,40.5589,0,0,0,0,-1,0,-13525.305,37293.76,30003.543,8183.1445,2142.5903,5949.3867,-2235.298,2883.2163,6543.463,1643.0093,2952.6577,6921.1675,1
145711.98,2,1,2,26.085733,1,-2,-2,2,-1,0,-14026.32,28035.861,25879.496,4069.3162,3286.1255,7841.324,-3854.1013,2262.6433,5742.695,2751.968,3665.4053,6779.353,1
109693.195,2,2,2,36.95901,0,-2,0,0,0,0,-20503.29,4831.6543,23191.957,5335.8906,8159.819,6081.8027,-1254.6976,2096.034,6747.91,-3546.7847,564.5802,5630.337,1
102492.75,2,2,1,34.143543,2,-2,-1,0,-1,0,-20910.078,4004.9392,17459.729,6972.039,12981.866,5859.246,659.23846,1958.1644,7709.425,-924.7183,1545.86,3575.848,1
99673.734,2,1,2,26.904133,0,0,0,0,0,2,-13115.512,45771.67,28074.367,8337.359,32121.121,15701.363,-382.4935,1032.9408,7726.03,-904.3306,2009.4242,4611.0273,1
127805.414,1,3,1,45.61451,0,0,0,2,-1,0,-15425.25,30598.691,36620.875,2928.199,-3279.484,5292.4375,-4872.1006,3718.0286,5257.0728,1870.1946,-1014.7196,6993.916,1
126478.65,1,1,2,45.03137,1,-2,0,0,-1,0,-27046.89,18423.416,28338.83,-1425.4807,4326.6646,9066.859,2650.7332,1368.9144,5830.771,-1805.1548,1150.8126,5919.586,1
111902.92,2,2,2,30.195524,2,-2,-1,0,-1,0,-22688.242,434.35724,16885.682,5707.6484,13986.155,6184.3438,-358.87143,1309.787,6692.085,-2865.1206,1465.5936,4443.6045,1
115326.305,1,2,2,41.28219,0,0,0,0,0,0,-21868.492,50181.133,37937.242,2956.9294,17711.342,14665.918,-3772.0222,2391.6763,6343.006,-2210.7617,-591.4999,5501.8335,1
120818.03,2,2,1,45.407314,2,-2,-2,0,-1,0,-14323.414,3063.111,21969.707,7900.59,10193.337,5034.3203,-1013.014,2310.1558,18318.818,-2403.9312,1672.6017,5183.1772,1
109147.4,1,2,3,42.19912,0,0,0,0,0,0,-22381.953,119589.96,66326.945,5861.7266,13244.001,8699.592,31277.717,841.9418,6232.169,-2604.0928,1034.8202,4908.696,1
116777.69,1,1,1,30.565554,2,-2,-1,0,-1,0,-16985.242,5426.4824,15582.509,7891.5273,14857.341,5695.922,-183.78793,1584.0509,7919.003,209.1916,2977.8423,3762.7605,1
124762.695,2,1,1,39.468357,2,2,-2,0,0,0,-21762.227,5574.24,23841.66,4957.332,34452.098,7902.879,-4621.4824,3639.5461,14758.433,7866.7646,1383.2357,4124.359,1
106263.734,2,2,1,39.342583,0,0,0,0,0,0,24076.08,120938.98,71861.03,14013.121,27877.527,17191.117,-700.5672,2061.091,7638.624,-1015.3414,735.42175,4845.3096,1
107441.13,1,2,2,24.311596,0,0,0,0,0,0,-24391.07,2986.7908,26257.791,6598.66,15442.571,6973.875,-1808.3685,1282.8243,7103.862,-3075.67,643.9686,4226.6465,1
124010.66,1,1,2,38.440845,2,-2,-2,2,-2,0,-18099.594,21815.18,21094.389,1519.3708,7177.196,7472.3145,-3214.0378,3572.1667,5184.171,-5328.186,1498.3864,4780.675,1
110877.02,1,2,2,24.64461,0,0,0,0,0,0,-22440.148,23385.105,30725.291,5449.8555,16148.923,6537.1465,-1641.7284,1595.5988,7177.7754,-3551.481,360.48206,4783.5024,1
111865.39,2,3,1,41.171585,2,2,-1,0,-2,0,-13722.441,15538.006,18591.584,7452.8867,12008.659,5344.4805,-2748.535,4207.3555,5736.055,-4259.6157,2658.2698,3685.4695,1
113085.84,2,1,2,40.5831,0,0,2,2,0,0,46837.76,127384.71,100124.62,29933.059,73665.81,42401.156,-2703.6316,1042.0543,5599.894,392.08295,2326.7583,2797.9387,1
140643.81,1,3,1,45.50067,-2,-2,-2,2,-2,0,-8674.164,16243.752,24062.137,5698.957,4745.813,4294.418,-2997.7546,2760.325,5690.391,-1937.4785,1936.9225,5659.9014,1
131756.36,1,1,2,37.01738,2,-2,-1,0,-1,0,-15108.484,6094.8613,16247.638,6894.3945,7929.2056,5120.5703,-2094.6082,1149.4039,6549.54,-2163.1333,2553.8364,5375.031,1
111225.766,1,1,2,28.09589,-2,-2,2,2,-2,0,-31422.023,39376.254,17637.62,-5855.4336,29766.436,14386.197,51.996254,2552.8074,5110.5933,-6182.4487,314.33704,2335.6702,1
113606.88,1,3,2,45.08858,0,0,0,0,0,0,-19556.258,46694.32,36820.78,2154.6013,16916.133,14579.055,-4275.9814,2734.3594,6155.903,-2522.25,271.84363,5434.622,1
119378.92,2,1,1,33.97384,0,0,0,0,0,2,145369.62,148558.8,121063.01,154411.69,111242.57,94993.12,3564.0798,-1477.859,14325.995,7409.127,3886.5945,1662.5848,1
108328.68,1,2,1,44.074894,0,0,0,0,0,0,13546.637,123287.75,69203.42,13692.154,53140.934,29294.617,-1018.81085,1617.786,7846.6577,408.83636,760.16785,4421.007,1
110423.59,2,2,2,24.343098,0,0,0,0,0,0,-21388.781,38643.16,32409.074,6034.199,24340.566,14486.287,-1713.1464,1847.9525,6789.2603,-2929.499,458.4093,4933.5825,1
120655.27,2,3,1,45.523308,1,-2,-1,0,-1,0,-15253.539,22424.994,26009.764,5396.0625,5538.024,8589.002,-1119.8729,2325.8286,6401.632,664.6586,6791.8535,5503.4536,1
119220.125,1,2,1,45.130787,-2,-2,-2,2,-2,0,-21947.445,12179.717,25764.172,3070.7224,8171.0024,5371.1953,-1193.3837,3099.8977,5451.4087,-3408.2349,388.44983,5166.7803,1
131864.33,2,2,1,44.363743,0,0,-1,0,0,0,128164.2,150825.44,127632.89,132635.06,102532.07,93048.48,819.35175,-82.24329,10651.277,3175.9214,2626.8057,3006.6877,1
106832.46,1,3,1,45.693718,0,0,0,0,0,0,39784.887,126046.95,79841.586,28685.533,34129.62,18557.152,-1192.5189,1602.3749,22750.953,-1331.5527,2707.644,3713.925,1
142682.62,2,1,1,45.339195,-2,-2,-2,2,-2,0,-6624.2773,22184.623,24984.982,7768.074,1897.11,4050.4883,-3255.5652,3127.179,6097.0747,-1949.7783,1093.9432,6224.172,1
142682.62,2,1,1,45.339195,-2,-2,-2,2,-2,0,-6624.2773,22184.623,24984.982,7768.074,1897.11,4050.4883,-3255.5652,3127.179,6097.0747,-1949.7783,1093.9432,6224.172,1
105754.29,1,1,2,31.632132,-2,-2,-2,2,-2,0,-22872.258,5177.0723,18431.021,3010.867,12886.351,6725.24,-2980.598,2668.4463,5540.052,-4382.315,1476.2396,3866.3435,1
114809.42,1,2,1,45.320755,0,0,0,0,0,0,-3260.5037,32297.31,42730.19,2722.9373,7443.4575,11581.164,-4472.3916,3378.595,6066.766,-1554.4688,-1970.306,6957.556,1
104614.18,2,1,2,24.254885,2,0,0,0,0,0,199.80484,79100.25,36449.195,3215.2302,24782.666,15373.043,-3522.8152,2998.7124,5573.132,-2565.6729,310.10022,1947.08,1
96887.56,1,1,2,31.830528,-2,-2,-2,2,-2,0,-23676.914,4834.5566,17014.682,2849.4568,13381.095,7034.4043,-2852.5715,2605.4946,5877.272,-4453.895,1484.8456,3752.7588,1
111335.61,2,2,2,24.49075,0,0,0,0,0,0,-23425.938,15178.85,32326.223,5777.168,16506.268,10847.412,-2554.512,2089.5295,6351.8604,-3357.4336,53.896133,4916.07,1
123944.25,2,1,1,42.32728,2,-2,-1,0,-2,0,-10798.738,15705.986,17664.55,8942.832,9348.364,5421.6562,-2036.036,3465.1355,6114.141,-3676.9185,2510.9849,4661.196,1
113135.36,2,2,2,24.315275,0,0,0,0,0,0,-23974.828,4956.631,30720.707,6119.0,14943.966,9856.676,-2555.1736,1967.6149,6238.8965,-1491.7969,317.85754,3589.9546,1
103034.71,2,2,2,29.771145,2,2,-2,0,-1,0,-24791.422,-230.58807,17534.896,4797.797,15550.476,5951.59,-2335.472,2110.1577,9169.264,-1080.3062,692.90027,3978.2432,1
114402.19,2,1,2,41.647987,2,-2,-1,0,-1,0,-18071.883,6031.6074,20100.334,5465.578,7495.5767,6078.541,-2523.6829,1884.5514,6373.418,-2656.8765,1656.5411,5118.7397,1
142791.03,2,1,1,44.879337,2,0,-2,0,-1,0,-10734.555,26153.979,30511.004,7545.2305,287.9928,4386.8125,-3500.119,2927.098,7308.103,-882.858,379.7174,6183.2036,1
100535.72,2,1,2,34.422054,2,-2,-2,0,-1,0,-20687.219,3876.0525,17525.758,5487.582,10994.954,6508.9473,-1673.536,1658.3248,6465.5127,-3186.314,1740.6947,4353.742,1
129816.13,2,2,2,32.006725,1,2,0,0,0,0,-33773.195,16899.426,18860.338,619.5154,24035.223,79441.65,-807.2679,1758.8329,5913.524,-3628.0337,49659.21,-2966.456,1
111636.516,1,2,2,24.622475,0,0,0,0,0,0,-21819.922,40867.023,31551.533,5202.707,26671.766,12911.668,-1866.7113,1644.8436,6634.149,-2818.8296,255.22182,4234.8706,1
108729.71,1,3,2,43.093155,2,-2,-2,0,0,0,-24855.422,8351.908,15396.583,2219.1755,21759.71,10519.625,-497.7391,2066.0767,9574.988,-4794.2944,2532.0278,1312.931,1
108880.016,2,3,2,31.308952,0,0,0,2,-1,0,-22967.023,23938.117,32325.24,1228.2927,5505.473,8738.486,-4348.2373,2481.8782,5328.327,589.6557,-165.41246,5977.457,1
125288.336,2,2,1,45.01709,-2,-2,-2,2,-2,0,-18187.273,9935.283,27038.318,4879.004,5949.946,4960.961,-2813.6008,3551.2869,5523.716,-3108.6626,436.87927,5521.802,1
95415.08,1,3,1,29.11443,2,-2,-2,0,-2,0,-21633.07,8002.373,11909.093,3804.203,20614.797,7545.6445,363.1691,2705.325,5521.232,-4757.406,3190.7896,520.17395,1
103165.33,1,1,1,44.874557,1,-2,0,0,0,0,-26031.477,132820.58,107887.836,99576.836,108778.805,78502.93,42404.51,-665.4464,8648.114,86.326126,5248.9116,-7455.96,1
110279.1,1,1,2,27.628328,2,-2,-1,0,-1,0,-21443.883,1379.1542,13701.167,5730.4414,17198.275,6953.9707,-1081.2582,925.9877,7983.1387,-3799.5542,2638.638,3601.168,1
110236.51,1,2,1,45.600105,0,0,0,0,0,0,58541.57,129538.484,111272.77,6316.539,27812.03,19185.084,-1376.2328,1678.9406,7105.035,-362.753,-139.62291,6445.845,1
105442.52,1,2,1,41.32723,2,-2,-1,0,-1,0,-22679.305,230.19708,16512.0,6154.2617,14596.61,5648.2656,56.482094,1627.2802,16568.295,-2329.87,1910.495,4039.8445,1
114100.484,1,2,1,45.40833,0,0,0,0,0,0,-16255.07,71134.984,51605.324,3675.0466,24174.36,18919.977,-3589.6257,2853.7866,6240.357,-1528.6797,-1195.661,6384.2905,1
97938.24,2,2,1,24.84632,0,0,0,0,-1,0,-12053.953,50773.176,24457.902,12257.988,26258.043,12247.529,-14.201013,1352.8964,7577.2,8962.393,1907.6913,4199.8335,1
105384.43,2,1,2,25.227972,2,-2,-1,0,-1,0,-20894.008,2479.8728,16005.94,6101.8125,16529.002,6642.8105,-1024.788,1361.534,6469.591,-3030.1367,2322.9175,2974.5764,1
135481.16,1,2,1,38.711945,2,-2,-1,0,-1,0,-9045.297,17620.19,13494.819,11382.16,6955.762,3573.496,901.93427,1638.2765,7601.34,-1208.856,2598.071,4118.171,1
87273.99,2,2,2,25.70439,1,-2,2,0,0,0,-9508.488,78496.84,23658.629,4709.285,47057.805,18545.113,3188.1523,1253.7164,7852.659,-2777.1807,1877.5192,1233.2706,1
145124.94,1,2,1,43.57925,0,0,0,0,0,0,194284.02,199430.61,135673.48,218955.11,115791.81,109693.54,-386.72006,-2652.903,15894.932,4013.2756,5755.262,1557.3815,1
95179.71,1,1,2,24.42907,0,0,2,0,0,0,18534.857,118572.7,50030.816,10362.867,62471.082,31586.988,4104.382,-257.72522,9041.73,217.46382,4213.5303,3433.7288,1
108217.41,2,3,1,45.795662,0,0,0,0,0,0,12190.785,122227.47,74907.71,25638.367,18383.918,13296.994,-1737.643,2464.5916,8052.022,-629.18854,1542.2094,5227.1694,1
108247.95,1,2,1,40.451607,0,0,0,0,0,0,-14396.797,72206.46,43227.008,4915.8086,27263.965,18375.445,-2000.7484,2519.6533,6508.6357,-1659.8179,130.16518,4585.5483,1
134568.19,2,1,1,45.288376,-2,-2,-2,2,-2,0,-17570.0,9211.217,31513.916,3452.5974,2755.2388,5868.6055,-4541.5693,3263.3418,5232.908,-3333.5708,137.68129,5666.642,1
153042.4,1,1,1,45.246677,0,0,0,0,0,0,195529.06,204846.73,143958.05,255415.53,138676.45,135808.8,1311.819,-4152.8887,17771.602,3656.7695,14313.0,5752.2373,1
112368.02,2,3,3,45.744026,0,0,0,0,0,0,13627.684,123765.805,81935.08,23459.1,14500.202,13653.543,-3429.8386,2818.175,6695.155,-1281.1626,943.6759,5842.5244,1
108473.18,2,2,1,45.002625,0,0,0,0,0,0,7065.2344,121596.09,66796.984,12983.6,18055.852,10986.1,-1233.0111,2377.9133,7940.4053,-973.72125,418.21277,5363.7207,1
136110.42,1,1,2,39.428616,2,2,-2,0,-2,0,-12453.824,14221.529,18424.559,5686.254,7855.102,5172.2734,-3893.1052,3249.668,5860.9185,-3905.1016,2215.5913,4770.7754,1
110268.53,2,2,2,24.60817,0,0,0,0,0,0,-20375.383,44795.38,33212.758,5670.9766,26354.633,14799.291,-1906.162,2106.9302,6390.8774,-1598.4448,221.52162,4787.391,1
135320.22,2,1,1,45.00004,-2,-2,-2,2,-2,0,-12404.734,15707.232,25223.127,6161.0977,4927.9966,4865.8477,-3229.8718,3634.3425,5622.1006,-2934.2046,1349.7848,5513.612,1
119847.28,1,1,1,44.010868,2,-2,-1,0,-1,0,-15821.367,15633.049,17802.846,6472.961,9410.972,5529.09,416.88443,1845.5328,7181.505,-773.78424,2610.196,5208.219,1
110065.14,1,2,2,43.908672,0,0,0,0,0,0,18233.61,121823.48,66459.02,10756.436,20985.684,13290.777,-1560.2909,1343.6588,7544.426,-1826.1543,751.2814,4988.0547,1
101900.58,1,1,2,27.49023,2,2,0,0,0,0,-21016.344,19496.145,21192.195,2115.4646,21123.32,7888.17,-4355.51,2961.1897,6114.9854,-1490.2251,666.5709,3045.8047,1
115042.625,1,2,2,42.89807,0,0,0,0,0,0,-22856.633,43549.176,38120.055,2676.8435,16353.593,6601.0586,-3854.3767,2656.863,6232.315,-2881.0273,-1039.2655,6314.3413,1
94995.04,2,1,2,25.752306,2,0,0,0,-2,0,-22961.43,89854.516,35520.348,4031.9646,17144.164,7836.783,17054.203,2582.509,5200.0146,-5050.395,1424.1962,3101.5442,1
96682.66,2,1,2,30.424744,2,-2,-2,0,-1,0,-22033.352,2950.4978,16268.284,5150.8594,13672.759,6805.367,-1591.3124,1636.1349,6562.9155,-2842.6094,1834.5468,3016.7715,1
118277.984,2,2,1,39.66327,1,2,0,0,0,0,-1551.8514,114539.89,62169.574,11964.055,51263.23,31640.873,-2779.6091,3077.3735,8007.1177,-594.2442,1257.5055,3076.9038,1
110880.98,2,2,1,45.31646,0,0,0,2,-2,0,-15334.0,86262.09,38168.445,4067.3591,-322.04626,5825.5664,-4983.5254,4347.442,5036.2593,-3540.8179,-2201.7175,7014.681,1
110583.055,2,2,2,24.28415,0,0,0,0,0,0,-20821.375,42864.73,32289.945,5887.4453,20807.504,12789.891,-2063.1628,1959.9193,6132.644,-2792.7979,309.49817,5100.8047,1
101264.33,1,2,2,28.697304,0,0,2,0,0,2,-21013.477,18660.752,22602.502,6282.875,21730.098,8428.381,2091.307,668.64,8196.155,2320.0994,1711.047,3425.6653,1
109351.17,1,2,2,35.28041,0,0,0,0,2,0,12452.203,121938.984,61204.844,16008.875,54939.625,30659.553,-846.19366,981.23303,9476.427,-2756.6206,641.7772,4255.134,1
124933.83,2,2,1,43.27362,1,-2,-1,0,-1,0,-26490.14,11375.568,28006.092,1475.0623,24063.064,13402.506,-1552.5272,2249.5747,12545.892,12571.9375,9867.898,3496.8787,1
102406.71,2,2,1,25.28291,0,0,0,0,0,0,17555.61,120204.805,56591.254,12542.93,16870.438,8438.1875,509.84,1442.5326,7569.0444,-1874.0737,1531.3502,4847.0923,1
98046.57,1,2,2,24.766062,0,0,0,0,0,2,-9253.973,57013.44,26867.908,7944.5703,42240.92,16479.348,1648.1349,68.00182,7383.8423,-338.22565,1996.7426,3361.0784,1
114816.24,1,2,2,40.216545,0,0,0,0,0,0,-21995.555,44145.168,36659.367,3545.7693,16142.22,12561.148,-3652.5642,2359.632,6619.682,-3073.3032,-661.96277,5905.231,1
143171.66,2,1,1,45.5998,-2,-2,-2,2,-2,0,-6403.3125,21201.031,27145.496,6873.324,841.0592,4188.379,-3579.78,3079.1567,5960.318,-1904.3574,590.47766,6555.2925,1
111962.34,1,2,1,45.66418,0,0,0,0,0,2,105705.35,139299.69,121989.5,108922.16,99135.09,60379.715,-502.25717,369.83044,9794.635,3856.7385,611.10315,-19909.686,1
142065.5,1,2,2,41.4553,1,-2,-1,0,0,0,-15027.203,7364.6387,26477.605,7580.0547,9982.429,4916.957,-2577.136,1907.4525,10259.689,827.62103,1530.3143,6022.2104,1
107314.805,2,2,1,45.400173,0,0,0,0,-2,0,103265.65,137769.86,122204.195,13898.8125,933.83264,3062.7344,-103.96273,2502.187,6695.2725,-1105.1304,-3.46959,7770.07,1
106241.47,2,2,2,28.528889,0,-2,-1,2,-1,0,-31347.531,2136.744,14975.7705,-138.11743,15068.692,13344.52,-531.58234,420.77185,5861.662,-3614.9731,9727.359,4359.2764,1
125874.16,1,1,1,44.427696,2,-2,0,0,-1,0,-21459.305,6730.377,23439.88,3695.992,9804.101,7445.9004,-2662.0974,2233.2798,11887.559,-3446.688,2578.9456,3418.6707,1
111896.0,1,2,2,24.295952,0,0,0,0,0,0,-20955.383,24263.225,31040.943,5224.2305,18881.19,11160.576,-1769.5306,1583.0074,6408.958,-2702.541,337.97278,4157.582,1
106442.57,1,3,1,45.612785,0,0,0,0,0,0,18852.469,124993.87,40774.418,7236.0938,18826.666,11364.467,-2150.5706,1959.4913,6597.58,-1248.0356,1468.9999,5148.9487,1
107977.49,1,2,1,38.79341,0,0,0,0,0,0,-17508.188,36930.105,33706.953,6289.9688,7980.9185,7506.465,-2939.03,2778.4365,6533.1436,-2712.7412,-382.85876,5947.7085,1
150661.42,2,3,1,45.623104,2,-2,-1,2,-1,0,-1710.3085,37047.73,22861.041,7766.5625,-101.108765,4543.043,-3063.362,1817.5011,6619.7256,145.69698,1553.1019,2792.8865,1
101185.484,2,3,1,45.244728,-2,-2,-2,2,-2,0,-16937.445,12084.561,26309.709,3328.1716,7774.938,5836.875,-3691.2126,3877.917,5244.2617,-969.9996,885.829,5010.5522,1
102667.78,2,3,1,45.221985,-2,-2,-2,2,-2,0,-17101.344,12231.943,26456.203,3222.9763,7369.8794,6069.426,-3439.402,3808.1506,5462.622,-2979.7402,967.8192,4723.967,1
98624.99,2,3,2,24.895351,0,0,0,0,-2,0,-13765.199,31621.752,23899.81,7970.879,12608.097,5606.16,-968.4632,2767.4175,5831.478,-3729.245,2155.9653,4485.3306,1
107507.51,2,2,1,44.64747,0,0,-2,2,-2,0,55540.047,20981.238,38970.93,5452.8867,-3442.9917,4752.7188,-4809.465,4667.9385,5482.3804,-2786.1396,-2747.8079,7685.188,1
107363.91,1,2,1,32.752693,0,0,2,0,0,0,81256.35,133219.9,64666.508,11525.707,65260.047,35156.47,3710.6194,500.26843,8425.094,114.3813,1506.7677,3280.432,1
123602.87,2,2,1,45.6504,0,0,0,0,0,2,121377.125,139180.83,121306.44,119036.94,105654.8,85093.805,783.5412,-58.63685,11858.056,5073.128,1542.9266,-588.36804,1
118767.4,2,1,1,43.50483,2,-2,-2,2,-2,0,-23701.164,18349.293,30018.299,-974.926,2989.0396,7823.744,-5829.579,5119.21,4358.848,-5415.0317,-12.329942,-7362.453,1
108228.61,2,2,1,44.936626,-2,-2,-2,2,-2,0,-26121.922,5657.865,31775.365,1182.574,4852.8794,7226.715,-4782.302,3793.9968,6206.4917,-2630.0806,-1037.2255,1214.1974,1
106605.47,2,3,1,43.015816,0,0,0,0,0,0,-16004.75,33865.344,35121.473,6335.7188,8639.954,8928.396,-3382.0095,3628.2773,5612.91,-2703.8271,420.0121,5634.5977,1
100024.62,1,1,1,30.117565,0,0,0,0,0,0,19412.834,120027.13,51683.324,10575.67,20958.98,9519.961,-480.7596,1287.3224,6679.8667,-2157.8545,2896.3389,5014.0635,1
112658.625,1,2,1,43.52831,0,0,0,0,0,0,-22907.344,28992.914,35866.52,4549.297,13860.558,12831.621,-2714.7053,2869.1917,6845.8955,-680.1817,-358.17078,5381.7534,1
150127.39,1,1,1,45.52325,-2,-2,-2,2,-2,0,-3474.1248,22428.018,25917.37,5661.797,-1295.8353,3915.5586,-3949.8455,2209.5227,6004.722,-1239.937,67.71205,6700.1997,1
141804.5,2,2,2,26.932102,1,2,-1,0,0,0,-21514.617,74217.125,33596.21,-631.25806,22807.95,17648.879,-2259.7878,3005.2952,7067.1846,-2772.184,2361.9756,3598.2485,1
114433.15,1,2,2,45.439682,0,0,0,0,0,0,11124.531,125769.8,74994.96,5153.5156,16080.603,14096.852,-2775.5813,1398.9564,6762.2534,-1332.0728,242.08925,6387.2085,1
107120.375,2,2,2,35.942505,0,0,-1,0,0,0,-23117.047,40725.793,33154.76,2042.7966,14203.208,12712.695,-1907.5238,2664.2761,6134.6533,-3138.1367,-452.4159,5894.0356,1
86736.305,1,3,1,24.957846,0,0,0,0,0,0,22202.322,115830.06,53159.55,19939.533,55182.55,24456.055,2460.5352,924.73035,8162.6025,291.00873,4010.1633,2674.482,1
99932.41,2,2,1,24.850336,0,0,0,0,0,0,42238.016,118935.164,82528.04,29451.703,42085.9,19342.78,1942.4442,1057.6661,8306.988,-1048.2993,2142.9082,3680.5793,1
139115.61,1,2,1,45.27646,-2,-2,-2,2,-2,0,-15328.031,11999.771,24309.37,5503.4023,4769.2544,3866.0664,-2730.4167,3026.1584,5740.8794,-2281.3853,939.2477,5878.6997,1
120556.63,1,3,2,45.376274,0,0,0,0,0,0,-21001.562,21658.072,36698.8,1957.4568,7185.4614,11275.061,-5115.3926,2584.9548,5701.02,-3261.3926,-747.2782,6376.2183,1
105035.62,1,2,1,45.693172,0,0,0,0,-2,0,9773.047,113861.86,47559.44,10566.398,5153.4966,3972.7773,-1237.6683,2507.15,6235.3047,-1935.6387,411.86145,6667.076,1
98896.45,2,2,1,45.283344,2,-2,-1,0,-1,0,-17678.031,19276.098,19815.46,6199.1055,9882.866,5422.4805,2490.6213,2340.5955,12031.945,-3180.7021,1155.7623,5120.6484,1
108224.45,1,3,1,45.649574,0,0,0,2,-2,0,13954.648,126525.41,32989.824,5127.367,2937.8442,5252.4805,-3834.7605,3316.5332,5341.5527,-3105.81,324.6432,6017.812,1
127982.125,2,2,2,24.695147,2,-2,-1,0,0,0,-22064.031,4245.0176,22246.682,4719.664,13876.259,6898.717,-240.27817,1735.774,5852.5073,-4068.9858,1551.1469,3324.3872,1
124086.02,1,3,1,45.576496,2,-2,-1,0,-1,0,-13129.504,10810.111,20433.89,5778.6484,7807.3755,4828.7695,-2092.5662,2315.9453,11217.147,-2187.2798,2414.4644,1402.6735,1
99343.75,2,2,1,25.331497,0,0,2,0,0,0,31011.785,118131.22,76171.305,20253.479,68723.17,39724.027,4901.0044,565.38416,8593.927,-190.67973,3075.6208,2817.5815,1
137588.14,1,2,1,45.341946,-2,-2,-2,2,-2,0,-16730.062,8784.576,26202.64,4597.6094,5035.9536,4551.789,-2991.7932,2952.4292,5621.757,-2542.957,510.068,5905.939,1
140838.08,1,3,1,45.46459,-2,-2,-2,2,-2,0,-6408.9297,21943.816,21180.414,7869.0703,5238.7114,3573.7695,-2499.5305,2617.2534,6040.706,-1646.8911,2463.5842,5483.246,1
143192.66,1,1,2,34.49977,2,-2,-1,0,0,0,-11391.363,17387.857,21563.928,4568.543,1841.7584,5826.699,-3501.6248,2200.414,5745.6816,-2971.6138,2499.6917,3492.2317,1
82964.125,2,3,1,45.335438,1,-2,0,0,-1,0,-16902.46,108751.89,26342.396,8917.168,35948.87,14716.82,36581.76,905.95056,8721.631,13644.842,3980.256,1761.4625,1
112308.62,2,2,2,44.120117,0,0,-1,0,0,0,-22376.29,37244.293,36691.426,1237.3201,7768.0845,11461.119,-2635.8318,2857.4976,5727.0596,-2984.3164,-227.19127,6620.279,1
115263.02,2,1,2,36.48986,2,-2,-2,0,0,0,-24604.852,3010.2322,22504.15,2458.3865,10837.905,8278.096,-3637.1423,2128.0874,5821.696,-4749.306,1226.5653,4046.1084,1
114730.56,1,2,2,26.085764,0,0,0,0,0,0,-24707.523,11642.877,27993.037,5324.0977,13087.171,7464.133,-2200.8801,1629.6171,6116.4487,-3161.2056,74.029434,4323.851,1
95375.3,2,3,1,25.110687,1,2,0,0,0,0,36676.34,119698.36,75921.836,48728.28,84983.734,59548.08,-46.416344,1959.0616,11057.418,1357.301,5665.1333,2251.4763,1
114041.53,2,2,2,33.100235,0,0,0,2,-2,0,-24449.477,34283.105,33255.246,1266.7498,1421.5865,7205.0566,-5237.5283,3921.9446,4859.0107,-4530.098,-1544.4579,6308.268,1
106601.055,2,2,2,42.992256,0,0,0,0,0,2,83775.93,119185.34,59513.918,9312.457,21440.275,12990.857,-373.5638,663.3905,7414.5474,159.32735,1126.9684,5397.7515,1
105208.59,2,1,1,42.746067,2,-2,-2,0,0,0,-24942.21,13032.74,23964.768,2102.6404,11055.474,8988.793,-1083.3109,2601.2644,6039.3105,-4852.9517,1410.5206,3171.49,1
109874.96,2,2,1,45.295086,0,0,0,0,0,0,-19361.047,25120.936,42100.84,4954.992,3499.6997,5976.324,-4011.8445,3778.6692,5296.077,-2821.6445,-2150.2297,6236.581,1
108615.09,2,1,2,24.767235,0,0,0,0,2,0,-17042.227,42518.547,31449.318,8110.617,18561.996,13272.26,-2956.405,2324.3367,8577.762,-4067.061,558.7269,3979.023,1
100527.67,1,3,1,28.209743,0,0,0,0,0,0,-16360.648,48513.598,28946.184,7076.367,23232.518,12193.385,-1094.3065,2516.2107,6831.241,-1979.3027,1850.6908,3729.7253,1
120876.01,2,2,3,45.304855,0,0,0,0,0,0,-20996.79,53039.49,55459.273,825.4138,9006.47,14557.469,-5634.077,3859.552,5274.8657,-2922.2896,-2811.9739,7137.654,1
121250.62,2,2,2,43.52839,0,0,0,0,0,2,142263.05,147938.73,123188.57,150926.72,109350.9,99480.18,1598.5856,-1846.1735,11954.756,6130.377,2452.0972,1611.7782,1
136489.67,1,1,1,45.470016,2,-2,-1,0,-1,0,-15674.789,13089.529,24405.54,4232.8984,2626.356,4937.965,-3853.6814,2807.6067,7831.837,-1540.4336,1200.0868,-18735.723,1
111049.1,1,2,2,24.334963,0,0,0,0,0,0,-24779.844,8391.381,28886.914,5630.2695,19291.742,10381.947,-2112.6575,1428.9713,6789.852,-2838.438,462.72278,4165.447,1
89394.0,2,1,2,24.658812,2,-2,-1,0,-1,0,-22878.797,2515.3337,15435.329,5451.0547,18071.424,7960.412,-1308.287,1516.7054,7068.359,-402.0274,2705.3347,1374.4498,1
125657.74,2,3,2,41.12165,1,-2,-1,0,-1,0,-13521.0625,8680.631,22314.479,8033.426,6476.192,5134.246,-2080.3894,1695.0826,11025.328,-949.32135,3027.284,4253.347,1
109278.805,2,2,1,41.38151,0,0,0,0,0,0,-20296.82,24108.002,36286.03,6502.785,6098.602,8397.328,-3416.6296,3296.1013,6088.5103,-2880.9805,-668.6957,6552.958,1
108466.61,2,1,2,24.081518,0,0,0,2,0,0,-28944.156,9442.467,30999.6,646.281,17136.014,12058.309,-4902.835,2094.027,5257.0044,-4778.1616,-326.34412,3848.9172,1
109527.76,2,2,1,45.44377,2,0,-2,0,0,0,76842.336,131272.33,105681.55,59786.67,77311.85,52409.7,-2001.8856,-2292.16,8745.123,2080.2197,1184.8534,2832.601,1
105888.45,1,3,2,28.712881,2,-2,2,0,0,0,34760.844,118295.13,54430.605,11836.611,63235.773,23364.545,5596.4907,1074.6486,7561.219,-1844.6348,3754.1943,1309.2924,1
101876.14,2,2,2,26.297318,0,0,0,0,-1,2,107458.23,128893.64,104906.02,131341.11,116940.02,86886.97,7322.9663,-3519.591,19080.055,-2902.855,5640.1045,3184.3628,1
99405.305,1,2,1,29.951042,0,0,0,2,-1,0,159003.89,142282.44,37808.227,10082.797,120382.055,98155.88,-1867.514,-5307.0225,8378.453,50351.43,11102.064,4512.1035,1
105275.85,1,3,1,44.10072,2,-2,-1,0,-1,0,-12868.691,9777.861,17375.943,6880.4375,11440.565,4897.8984,-707.6795,2130.8005,7126.318,-1135.1431,2876.4878,3934.9883,1
116480.87,1,2,2,43.802242,0,0,0,0,0,0,-24148.89,33068.492,37503.516,2524.9685,14581.552,13571.299,-4246.005,2524.392,6202.6426,-2660.003,-1074.1469,5882.7603,1
108666.56,2,1,1,40.77975,0,0,0,0,0,0,-17092.727,48032.72,39911.977,5022.5664,14925.86,13713.105,-3768.7449,3468.8499,6116.88,-2237.9639,-75.16637,5860.064,1
102352.19,2,2,1,24.411165,0,0,0,0,0,0,-20801.79,13627.533,31685.072,8088.215,16259.948,9545.322,-1583.2191,2384.67,6610.7925,-2074.4316,728.2782,4367.4077,1
118972.61,1,2,1,37.038475,2,-2,-1,0,-1,0,-15850.75,4732.1855,15099.161,10629.973,12457.821,4271.5664,238.72379,1528.1859,7013.9907,-1246.2065,2567.952,4376.647,1
102737.59,2,3,1,34.024548,0,0,0,0,0,0,-14616.637,52094.434,33791.145,7661.6914,12566.399,9382.117,-2400.9524,3223.943,6018.75,-2562.0728,1030.2135,5261.2085,1
107786.83,1,1,2,24.503635,0,0,0,0,0,0,-20332.594,28710.045,30283.914,5103.508,23301.94,13446.436,-2869.306,1734.0946,6311.0405,-2666.3076,928.05383,4064.5398,1
103524.78,1,2,1,45.518505,0,0,0,0,-2,0,77557.55,131665.22,115598.36,12871.295,3286.3677,3119.9414,562.8664,2050.8706,6634.1343,-1234.9097,807.3729,7148.345,1
108873.75,2,2,1,40.107883,0,0,0,0,0,0,-20253.047,27428.012,36678.39,6432.215,7941.6,9828.385,-3212.661,3307.4211,5657.523,-2427.565,-661.9657,6116.281,1
145802.83,2,1,1,45.614685,-2,-2,-2,2,-2,0,-4551.004,24086.87,26105.533,7744.8164,480.41077,3931.8945,-3455.161,2872.2996,6344.5938,-1493.458,660.69666,6639.0337,1
109074.39,2,2,1,36.02366,0,0,0,0,0,0,-18749.898,52889.312,38274.676,5936.9883,16733.52,13328.244,-2630.7488,3058.5942,6529.9155,-2328.143,-364.58337,5799.2954,1
142497.28,2,1,1,43.21334,1,-2,-2,0,-2,0,-10601.027,23973.516,24985.59,7310.2188,2515.559,5928.4375,-2779.8718,2821.4292,5982.0337,-2587.7983,3304.137,6021.0693,1
108923.77,2,1,2,43.69706,0,0,0,0,-1,0,-17097.492,9951.326,30026.215,5512.418,1419.6881,5484.5586,-3763.203,2439.3486,7441.5376,-2922.1616,-20.930038,6722.1387,1
116040.47,2,2,2,44.231625,2,-2,-1,0,-1,0,-21346.328,3422.8142,21886.139,4526.254,7568.5884,5946.5625,-1849.5961,1791.3927,6550.448,-2115.1084,823.79846,5110.5337,1
100493.29,2,1,2,34.36934,2,-2,-2,0,-1,0,-20594.875,3466.5173,17500.102,5529.4414,10985.722,6438.092,-2012.4686,1670.4886,6171.2847,-2557.7021,1740.1576,4425.275,1
116616.07,2,1,1,40.813644,2,2,-1,2,-2,0,-22370.562,23685.193,23729.568,-2449.9104,63383.04,9639.51,-6029.8135,4364.455,4578.65,28526.215,1718.1844,4395.62,1
131811.4,2,2,1,45.74997,0,0,0,0,0,2,120620.1,142461.47,123809.4,137731.14,104716.516,94042.1,144.27652,-346.74182,11120.324,4998.512,1134.8104,-1284.1947,1
113562.99,1,2,2,24.608597,0,0,0,0,0,0,-25295.422,4272.3496,27734.393,5703.422,15358.8,8101.992,-2384.4788,1453.9352,6673.5947,-2371.1006,441.7008,4008.523,1
100794.4,2,1,2,27.61755,2,-2,-2,2,-2,0,-22544.656,10360.557,19873.521,1866.113,13320.618,8146.549,-3709.159,3585.146,4949.6875,-5483.36,1357.2462,3599.9104,1
102921.81,2,2,1,24.75482,0,0,0,0,-1,0,-21375.938,9935.15,27400.635,8108.9062,9449.077,5949.883,-1237.5135,1670.5524,7776.4307,-2641.8452,1739.9318,4311.938,1
116368.48,2,2,2,25.895702,1,-2,-2,2,-2,0,-28121.125,12602.576,27015.918,-590.5237,8539.685,9641.238,-3682.2527,3087.6182,5070.8877,-5149.0015,1040.0511,4020.2268,1
97879.09,2,1,2,25.245129,2,-2,-1,0,-1,0,-20610.07,1774.4393,15317.388,6203.285,16926.127,6773.248,-818.9593,1237.2152,6456.021,-4057.141,2296.5142,3628.8276,1
107704.36,1,1,2,29.328295,0,0,-1,2,2,0,-24876.14,44362.01,25524.742,2337.652,28009.516,17499.697,-411.9813,315.80457,6954.437,-4981.974,765.7792,2616.1936,1
114697.266,2,1,2,43.433327,2,-2,-2,2,-2,0,-19356.883,16054.432,25306.3,1092.8865,6447.0435,7529.494,-4672.1484,4091.374,4853.132,-5322.94,674.089,4887.4727,1
112326.03,2,2,2,32.62063,2,0,0,0,0,0,40414.48,136479.67,88637.22,29697.438,73887.61,46050.9,-1428.1449,1140.3615,7489.6772,-1217.3032,308.7306,2235.0493,1
118007.73,1,2,2,44.918922,0,0,0,0,0,0,-22680.758,52414.74,43247.35,1144.3357,15714.86,13008.906,-4660.751,2926.9116,6113.2026,-2957.2065,-1705.9017,3756.9724,1
111759.83,1,2,1,45.651028,0,0,0,0,0,0,30066.594,125111.13,75651.19,99969.86,55936.812,31816.09,-1424.6371,1198.4701,25522.236,-593.795,2399.8547,3255.7063,1
127839.37,1,1,2,40.388702,0,0,0,0,2,0,156894.8,164541.58,128943.24,168499.83,109216.914,104439.15,-1309.0868,-1560.0939,14722.522,-3171.1655,3023.0996,2148.5085,1
112491.19,1,2,2,45.033726,0,0,0,0,0,0,11971.793,125573.76,69664.67,5692.7266,19292.928,14143.514,-2474.595,1422.8312,6668.7217,-1459.4453,136.2599,6089.399,1
101629.4,1,2,2,30.817698,0,0,0,0,0,2,-17799.18,34757.402,27219.1,7207.699,31652.855,15375.148,173.32535,495.26794,7508.335,-904.8985,1419.784,4741.846,1
127766.86,2,2,1,39.447327,2,-2,-1,2,-2,0,-16908.367,19921.19,22975.139,5131.5312,5420.766,5830.91,-2797.9617,4203.6084,5443.2993,-4151.1,1039.0426,5286.314,1
119820.77,1,1,2,37.13741,2,-2,-1,0,-1,0,-18200.906,4476.041,16574.645,6018.0547,9693.581,5667.117,-1865.9271,1262.0411,6672.4424,-2631.5225,2326.9836,4899.759,1
110542.97,2,2,2,24.303398,0,0,0,0,0,0,-23938.883,4113.291,30283.518,6415.9375,13622.171,8303.033,-2376.2302,1885.3964,5803.978,-3261.3481,228.11806,5081.723,1
113667.49,1,2,2,25.188961,0,0,0,0,0,0,-24584.453,8660.244,29090.146,5392.1055,16087.757,6487.547,-1871.8016,1552.5773,6391.9683,-3536.9507,225.50966,4829.0806,1
113003.02,1,3,2,43.397583,0,0,0,0,0,0,-20961.117,18613.346,32125.877,3550.8982,9118.737,9412.172,-4189.285,2630.5652,6022.1914,-3238.9692,396.0868,4807.083,1
139156.6,1,1,1,45.49985,2,-2,-1,0,-1,0,-7750.578,22567.424,17264.107,8389.316,20902.14,6066.0,-1527.744,1448.839,7491.2695,12337.536,4394.566,4816.77,1
106708.95,1,2,2,39.767048,0,0,0,0,0,0,12537.367,121449.65,65085.812,12762.162,22308.082,12107.99,-602.0496,1024.0533,7314.843,-2001.4463,1070.6198,4985.709,1
107735.89,2,1,2,37.89826,2,-2,-2,2,-1,0,-24733.914,27474.758,21712.086,1025.4177,6299.016,8347.486,-1438.869,2595.9146,5177.9478,-643.01666,738.62,5704.8125,1
149491.95,1,1,2,45.331757,-2,-2,-2,2,-2,0,-7385.871,23548.47,23167.332,4630.172,51.844357,3801.2969,-3992.863,2188.6985,5887.091,-1792.6084,937.8556,6748.03,1
100780.56,1,3,2,45.211582,2,-2,-2,0,-2,0,-18085.852,8265.752,19033.031,2869.6794,12876.892,6764.1543,-3024.6946,2695.5876,5538.586,-4346.3354,2462.7107,3891.9458,1
99171.66,1,3,1,46.26746,0,0,0,0,-1,0,94635.16,127170.58,103885.04,14603.236,42537.93,19753.086,912.34247,174.66441,8316.437,19294.664,3721.952,5378.538,1
104645.99,1,3,1,45.446968,2,-2,-1,0,-1,0,-17763.992,9460.572,19433.934,5549.0977,12012.399,5425.242,-721.48615,2196.358,8545.44,-449.92926,2606.3218,3104.0742,1
131494.88,2,3,1,44.4814,1,2,0,0,0,0,146216.83,118472.87,51664.492,-1552.1252,2373.4146,6876.994,-5647.9316,5532.773,4940.58,-2116.275,-1410.5936,-24698.3,1
112993.7,1,2,2,45.23544,0,0,0,0,0,0,8227.754,125515.03,69241.57,5664.449,17897.96,13861.58,-2443.0085,1434.2662,6624.1885,-1507.1133,65.75893,6054.515,1
104818.29,2,1,2,34.66256,1,-2,-2,0,-1,0,-15780.078,20429.166,22033.84,5860.1953,4588.5903,5778.2734,-1558.7792,2280.721,6116.002,830.8117,1246.194,6329.851,1
117520.234,2,2,2,29.20383,1,2,-2,0,-1,0,-19823.047,7793.8613,22349.479,6877.7656,25553.557,13866.652,-2610.2498,2094.8228,6380.098,11498.831,2075.7502,4106.271,1
139068.8,2,1,1,45.671688,2,-2,-1,0,-1,0,-8839.262,18957.398,21304.299,8366.516,3039.8247,4176.754,-1557.3016,1918.4032,6450.215,-1378.4229,1599.3136,5995.6006,1
139631.64,1,1,1,45.83647,2,-2,-1,0,-1,0,-3377.9841,18480.518,18076.205,11206.445,4609.063,3904.2852,-2154.1882,832.81433,7286.6367,779.21136,2703.5935,5858.103,1
97002.16,1,1,2,25.596935,0,0,-2,0,-2,0,-17771.602,6434.2637,19567.844,7355.1133,13408.552,5712.215,-2063.029,1920.0936,6225.4385,-3883.606,2256.9807,3445.3723,1
105987.47,2,2,1,44.861343,-2,-2,-2,2,-2,0,-22071.477,9317.346,27282.053,3570.363,7416.602,5673.676,-2517.6243,3609.4082,5307.215,-3749.335,-1.0037695,5202.7886,1
139056.56,1,3,1,45.784565,2,-2,-1,0,-1,0,-5044.926,17829.154,17445.98,9745.598,5285.0903,3480.0508,-1827.2963,1141.7968,6797.676,901.9545,3243.4111,5389.2485,1
109964.234,2,2,2,24.35892,0,0,0,0,0,0,-20797.555,40081.56,47611.68,5829.332,23775.977,13891.381,-1742.2494,2132.0652,7435.018,-2752.1675,480.68884,3621.407,1
144342.47,2,1,2,44.517654,0,-2,-2,2,-1,0,-11946.641,26597.637,27891.117,3186.6755,-2899.5464,4800.1562,-4573.496,3185.3235,5642.0635,-855.1348,-428.33728,4393.854,1
93369.64,1,3,1,33.859062,0,0,-1,0,-1,0,-5096.379,37903.266,17129.275,13355.51,8502.003,2887.5312,107.04362,1566.931,8932.466,-1262.6206,2842.1907,5653.7207,1
110591.625,1,2,2,24.275381,0,0,0,0,0,0,-20652.89,46590.01,30816.543,5548.801,26079.08,13519.113,-1693.808,1472.9774,6710.0176,-2709.2793,527.91125,3934.8445,1
101187.44,2,2,1,45.237156,2,-2,-1,0,-1,0,-22102.055,3085.9705,23162.178,5705.5664,11397.989,6189.7266,-1230.5922,2174.2913,11868.149,2133.2068,825.34534,5322.0596,1
106188.34,1,2,1,44.491074,0,0,-1,0,-1,0,-15017.6875,91740.086,39666.535,5733.965,8321.993,11393.684,1864.5568,911.21423,7818.085,-1259.5977,10093.127,6053.0347,1
106764.45,1,2,1,45.559402,0,0,0,0,0,2,-8626.445,80309.43,45810.043,7288.633,43712.082,22835.178,-820.43976,1299.6285,8237.51,2983.815,960.33044,4435.3477,1
142662.08,2,2,1,45.14947,2,-2,-2,2,-2,0,-11152.457,22509.396,27178.275,5800.082,1941.6959,4681.621,-3560.3982,4244.544,5575.9585,-3014.1196,426.39734,6182.063,1
106720.03,1,1,2,24.440432,0,0,0,0,0,0,-17468.602,47981.227,30402.215,5571.789,29549.314,15465.854,-2424.4504,1598.2296,6595.554,-2923.3203,1271.7242,3926.1516,1
99547.1,2,2,1,43.28808,2,-2,-1,0,-1,0,-21863.805,7056.0137,21274.012,5400.1445,9279.437,6153.1934,-572.2264,2384.5303,7590.2285,-552.8741,872.1063,2597.4216,1
113046.14,2,1,2,36.402557,2,2,-2,0,-1,0,-21111.727,4043.3064,21563.271,4371.246,8905.411,6660.1504,-3700.487,2435.3535,6507.937,-2493.7344,1753.9503,4294.682,1
144276.9,1,2,1,45.202866,0,0,-1,0,0,0,89807.586,7100.584,132564.81,234896.78,132491.52,123232.56,-5423.4023,-24312.232,19701.715,4674.5107,10145.488,-7866.623,1
98869.87,2,2,2,25.13554,2,2,-2,0,0,0,-27749.219,-1120.5294,8960.749,5936.1562,45059.13,18173.244,-1570.2372,1590.5463,19815.111,-4253.531,1313.3109,128.91612,1
119277.75,1,3,2,45.042133,2,-2,-1,0,-1,0,-16848.781,7619.5176,18474.664,5154.5312,10111.222,5095.3555,-1869.8226,1643.0582,6501.2256,-2188.0684,2657.3977,4629.0137,1
97813.33,2,3,1,24.704422,0,0,0,0,0,0,-13893.0,52177.22,30520.488,8850.727,25091.225,13077.193,-933.3929,2560.1716,6316.906,-2381.025,2188.8643,3735.7773,1
108687.68,1,2,1,44.712833,0,0,0,0,0,0,-9239.504,78832.055,89832.25,6089.75,16768.87,12512.67,-1882.9447,2483.0256,7159.3145,-839.0289,477.75183,5775.5186,1
141946.72,2,1,1,41.46125,2,-2,-1,0,-1,0,-2459.8513,25904.9,17106.41,13184.713,2080.3286,4000.6016,-1313.2362,1808.0035,7470.0815,824.4018,2057.01,6306.1733,1
140606.45,2,1,1,45.486534,1,-2,-2,0,-2,0,-14822.031,16579.166,32812.137,2781.5818,22.5592,8279.637,-4714.046,3367.683,5329.7295,-3357.8984,2661.8394,1694.847,1
109985.76,2,2,2,25.166206,2,-2,-1,0,-1,0,-22866.0,-360.77948,15829.251,6203.6523,17177.773,6133.535,342.14713,1115.535,6652.3774,-3154.2676,1759.982,3695.2427,1
115860.11,1,3,2,45.3176,0,0,0,0,0,0,-20209.844,24606.293,34272.64,2791.6638,7389.848,6665.5996,-4633.408,2712.694,6443.5913,-3356.391,-33.44664,5885.3027,1
146587.7,1,1,1,41.845608,-2,-2,-2,2,-2,0,-5737.086,27777.676,20036.727,8735.953,2521.7817,3677.586,-2168.444,2304.7388,6402.309,-1491.7671,1891.402,6177.345,1
87108.3,2,2,1,24.65492,-2,-2,-2,2,-2,0,-23609.188,2181.0056,18520.69,6302.1523,17479.143,5935.758,-472.2064,2798.5042,5845.4395,-3730.4692,1551.4388,3115.4778,1
136566.25,1,1,1,42.570904,2,-2,-2,0,-1,0,-6642.2773,13533.9,15523.89,12805.021,8352.745,3737.8828,-1300.1971,1325.0314,7218.401,-46.84966,3085.4363,4802.101,1
110687.22,1,2,1,45.289963,0,0,0,0,0,0,5474.9688,115860.06,56002.29,3610.3162,8153.9575,7792.0117,-2858.757,2242.7068,6082.417,-2462.0752,839.5116,3524.4258,1
116273.016,1,2,2,45.497288,0,0,0,0,0,0,73062.17,132264.78,115302.766,85083.18,98311.055,74802.23,-2641.9597,125.57848,7847.443,2940.0386,868.79675,4383.5654,1
93853.64,2,1,1,39.376225,2,-2,-1,0,-1,0,-14151.773,8569.928,16976.244,10301.385,10986.155,5474.5117,-1226.6879,2127.4854,6581.6787,-2411.4224,2659.1125,4503.75,1
97317.0,2,3,1,27.966492,0,0,-1,0,0,0,-17661.914,58948.855,28383.916,5858.8438,25242.93,13730.32,1322.2528,2728.5244,6615.077,-2445.2954,2146.9587,3961.9653,1
120902.695,2,3,2,43.708908,0,0,0,2,0,0,-26532.898,46018.695,39299.0,-2557.3948,17535.662,16687.625,-5787.378,3098.485,4961.893,-2603.897,-926.3622,4376.87,1
138543.55,1,3,1,45.63891,2,-2,-1,0,-1,0,-5595.8203,18497.992,16510.094,10083.645,5935.946,3372.8125,-1418.3754,1209.2792,7174.718,87.46797,3286.7966,5572.927,1
108632.695,2,3,1,42.72225,0,0,0,2,0,0,-17689.086,79738.19,49405.79,890.4529,31062.352,21986.658,-4308.454,3328.49,5120.47,-2728.103,213.67836,3893.0042,1
110166.05,2,2,1,44.88042,2,-2,-2,0,-1,0,-26353.148,25251.459,28508.812,691.3357,4148.43,10969.406,-1235.1381,3077.9895,5194.409,-2131.4834,3702.577,-22451.918,1
114536.48,2,2,1,45.197613,-2,-2,-2,2,-2,0,-20021.14,7382.217,28944.758,3836.277,6186.3013,5684.8633,-3245.0017,3521.4736,5360.2607,-3397.2266,-50.52281,5573.4824,1
106266.39,2,1,1,45.452847,0,0,0,0,2,2,45053.33,121057.06,83136.57,69134.84,88042.17,57812.293,2086.4902,-490.8927,20002.232,-2932.1035,6655.7925,4609.536,1
115142.07,2,1,2,27.875027,1,2,0,0,0,0,71860.57,129395.73,101972.32,73121.87,90534.58,66848.37,-3294.0857,1702.6027,8057.73,146.4084,2812.242,1273.1964,1
113320.63,1,3,2,45.033306,1,-2,-2,2,-1,0,-21890.57,41301.91,29515.094,-2028.469,926.89905,7625.674,-3253.3103,3576.0056,5614.413,177.46162,640.49963,-23.230846,1
116002.59,1,2,2,31.748295,0,0,0,0,0,0,-24481.79,18638.424,31823.799,4549.074,13087.784,10116.008,-3210.9802,1949.6307,6421.3936,-3070.4038,-253.4193,5289.262,1
133305.5,2,2,2,25.408693,1,2,0,0,0,0,-24635.914,39049.33,35469.297,396.5271,12536.724,9381.998,-4439.3125,3643.018,5384.093,-3969.9058,197.8517,1476.942,1
109586.32,1,2,1,36.795578,0,0,0,0,0,0,-17809.086,63810.965,37840.24,5263.133,28867.883,24852.578,-2210.362,2393.8447,6768.936,-759.76227,82.74672,3881.2664,1
107494.15,2,2,2,26.265455,2,0,0,0,0,0,3425.8635,119480.83,50161.97,5947.629,48570.01,27010.879,-1333.6786,1828.6049,6673.573,-2184.5361,235.1476,2576.396,1
117756.375,2,2,2,23.965343,0,0,-1,2,0,0,-26712.46,43087.668,25508.615,2358.7927,31876.332,15681.385,1981.7196,57.428093,5965.993,-3985.3506,644.07336,3044.9844,1
140693.97,1,1,1,45.551952,-2,-2,-2,2,-2,0,-9276.289,19083.014,24855.662,5632.574,2920.9849,4329.6094,-3174.943,2899.047,5877.85,-1405.02,1374.3683,5889.9556,1
128773.734,2,2,1,45.433838,2,-2,-1,0,-1,0,-11065.148,21218.496,21344.53,8275.555,4003.02,4583.758,276.26138,2458.337,6296.0337,279.2614,1117.6283,5863.7593,1
107945.945,2,3,2,45.42787,0,-2,-1,0,-1,0,-15846.242,11910.178,18064.22,4725.3906,7661.723,5099.246,0.47232756,1549.298,7574.756,-2453.9175,2967.3333,5702.846,1
111299.055,1,1,2,28.007221,2,-2,-2,2,-2,0,-22657.648,9074.592,17310.564,1406.6833,15129.671,7951.658,-3343.2683,3203.863,5042.9316,-5317.5405,1748.7557,3334.333,1
113605.41,1,1,2,43.99494,0,0,0,2,0,0,-12039.746,99549.484,64591.617,5163.09,22085.812,15561.57,-3418.6726,1730.5236,5502.6714,-3004.4219,157.51283,3140.623,1
114177.93,2,1,1,45.191807,2,-2,-1,0,-1,0,-16755.648,15673.654,22694.059,4849.6562,6158.5044,7003.9375,-1531.3192,2511.7214,6224.1953,-1949.3906,2580.5457,2613.6956,1
114129.734,1,2,2,45.429127,0,0,0,0,0,0,8463.367,125591.45,74068.91,5341.383,16715.627,13768.51,-2765.9968,1462.393,6624.186,-1467.4038,-294.35486,6406.67,1
102862.13,2,1,2,24.862251,0,0,0,0,0,0,-13087.469,69721.664,35302.05,5288.203,10611.29,6400.793,-1550.5492,2234.9219,5991.6343,-3759.873,1056.3751,5275.3994,1
97265.5,1,2,1,25.049347,0,0,0,0,0,0,19413.24,120057.58,54708.324,13463.977,56494.836,28238.666,1615.1366,675.9032,8216.77,-711.7447,2081.1511,2646.802,1
116028.05,1,1,2,28.13774,0,0,0,2,2,0,-28041.805,14800.029,32805.6,917.4607,20500.951,15283.715,-4745.0723,1993.6256,5637.6094,-4816.2554,-888.62537,4086.6013,1
100896.766,1,3,1,42.96605,0,0,0,0,0,0,25129.959,122371.484,67200.38,22194.531,33436.95,17001.88,-413.1024,1915.6989,7845.6577,-625.981,2478.909,4193.6826,1
116084.06,1,2,1,45.40398,0,0,0,0,0,0,-17463.547,69960.6,51150.3,3701.8787,26255.787,20096.195,-3536.1003,2708.3684,6433.64,-1321.0171,-1218.3978,6878.5283,1
110478.75,1,2,2,25.357552,0,0,0,0,0,0,-21241.414,47407.656,31032.64,4664.7734,29086.242,14419.055,-1153.3969,1581.6417,6399.9365,-1781.6177,357.96252,4337.856,1
113280.53,1,1,1,44.90794,0,0,-1,2,0,0,-26860.258,19471.377,33030.22,94.15992,5926.4146,10723.037,-3860.326,1365.2592,5350.1313,-4523.636,-479.40857,4057.3,1
107869.86,1,2,1,44.843838,0,0,0,0,0,0,29096.125,123444.08,87298.875,7275.7344,18780.219,10561.969,-799.2952,1698.0355,7245.7573,757.96893,971.6251,5431.0166,1
118901.21,2,3,1,45.46742,2,-2,-1,0,-1,0,-12562.297,8663.76,22247.688,6621.922,7395.3247,5142.7773,-1973.3495,2175.7944,6471.727,-1500.6299,1984.2897,5256.82,1
111482.74,1,2,1,45.339626,0,0,0,0,0,0,-14081.152,85453.75,45427.258,3538.57,6192.809,5974.1055,904.7248,2332.9717,6500.5903,-2877.918,-300.11072,6614.1953,1
127587.74,2,1,1,45.31453,-2,-2,-2,2,-2,0,-14169.902,12169.424,28486.215,4436.996,4235.4575,5661.117,-3868.4363,3581.556,5400.1934,-3203.4805,626.5558,5789.568,1
123628.586,2,1,1,41.97452,2,-2,-1,0,-1,0,-12953.02,11056.748,18341.357,8730.805,6996.7896,4828.7305,-1366.9935,2204.6572,6632.2827,-1968.6382,2095.3096,5296.741,1
100533.016,1,2,1,24.494358,0,0,0,0,0,0,-19861.492,39835.6,30605.953,7339.7734,26511.629,12922.1,-952.0262,1980.5306,6868.7607,-2415.8892,822.9857,4171.4126,1
142213.69,1,1,2,40.054955,2,-2,-2,2,-2,0,-9804.836,24546.908,20844.162,4324.5156,2757.7856,5618.508,-4029.0398,3382.4617,5499.1436,-3830.0503,1648.122,5787.5815,1
109104.55,1,2,2,34.8735,0,0,0,0,2,0,13811.379,124357.234,35974.79,10169.492,22584.316,13564.443,-1432.8939,1118.2181,7460.67,-2810.8247,298.9259,5243.872,1
111109.97,1,1,2,43.72658,0,0,0,0,0,0,48526.54,126399.8,100336.78,8286.215,14805.313,12113.551,-2388.4734,1157.2802,6644.236,-1673.1299,1074.1632,5906.293,1
96220.37,2,1,2,41.479927,2,-2,-1,0,-1,2,-13770.227,3956.5447,13266.64,10614.648,15559.001,6586.795,257.36734,900.869,9319.618,-3186.0562,3177.8264,2255.9463,1
134829.66,2,2,1,43.618187,2,-2,-2,2,-2,0,-16389.492,17633.75,25128.207,5049.4453,5198.266,5357.082,-3296.825,4196.431,5330.4336,-3791.1675,852.3966,5433.9414,1
135659.72,2,1,1,45.639942,2,-2,-1,0,-1,2,-1871.0546,8486.834,16577.82,13572.152,8674.952,4730.547,-505.20932,282.64783,7726.0493,1680.9172,3135.028,5296.4946,1
126099.83,2,1,1,45.188587,-2,-2,-2,2,-2,0,-14600.508,13940.182,25919.867,4995.6016,5514.555,5289.6562,-3447.91,3787.8523,5483.1294,-3294.37,1122.7777,4924.797,1
111996.79,2,2,1,45.01688,0,0,0,0,0,0,-20523.312,16583.604,38757.074,5429.6562,4462.4185,8469.469,-4041.326,3534.3406,5919.9844,-2848.8755,-1723.1991,6740.4565,1
104408.7,2,1,2,27.805393,1,-2,-2,0,-2,0,-21199.336,14844.189,19471.795,3578.488,13575.2705,7998.758,-1698.6571,2853.6555,5744.2476,-4957.511,2382.6702,2775.947,1
106181.875,1,2,2,41.83012,0,0,0,0,0,2,102846.09,134050.08,115174.55,111888.39,109073.83,77775.65,3064.0828,-1807.6827,10580.286,5590.9604,2731.3137,1874.6798,1
107912.23,2,2,1,45.400436,0,0,-1,0,0,0,52207.305,127230.53,109975.5,63928.12,81589.99,57227.277,-76.31869,1390.8065,8792.814,1172.2493,937.8834,2748.761,1
110776.74,2,2,1,45.361385,0,0,-1,0,0,0,-6847.2773,116607.8,58409.72,5159.25,29847.846,19311.957,-651.638,2096.592,7090.3833,-1242.0298,-134.70348,6038.608,1
123165.67,2,1,1,45.52195,2,-2,-1,0,-1,0,-13888.754,7289.5254,22910.066,6678.832,6198.5356,5664.203,-2689.0305,2190.5496,9550.4795,-2572.2783,1832.65,5035.144,1
131819.86,2,2,2,31.959515,1,2,0,0,-1,2,96852.43,125484.64,101194.4,107283.06,107819.78,71602.21,2178.87,-1367.7516,18282.521,-2508.5483,5136.924,3866.5276,1
111198.26,1,1,2,25.427553,0,0,0,0,0,0,-22652.766,11277.67,29192.959,5118.383,17103.617,10592.926,-3302.528,1748.9833,6531.565,-3391.9639,749.3082,4135.8223,1
109018.38,2,2,1,43.607567,0,0,0,0,2,0,42649.586,124092.53,98857.42,59109.438,72019.1,31352.186,-1276.0326,2129.9558,11518.646,-2395.664,81.59389,5227.787,1
116500.51,1,2,2,44.1149,0,0,0,0,0,0,-23110.36,45114.074,39509.395,2274.2927,17353.453,14962.92,-3899.7097,2499.9824,5753.242,-3004.3247,-1111.9794,6374.4897,1
91652.414,1,2,2,25.521849,-2,-2,-2,2,-2,0,-27530.273,-4421.4434,12706.683,3707.9998,18039.006,5588.0156,-1112.9945,1896.2477,5538.2983,-4343.2505,1123.4015,2977.2185,1
193035.88,2,2,1,27.514004,0,0,-2,2,0,0,192469.39,30796.287,23988.672,-5004.5664,51915.125,121037.555,1571.8182,3822.4507,3507.7163,-2675.5688,70407.95,-21363.88,1
102663.21,2,2,1,34.595726,0,0,0,0,0,0,11849.195,118909.016,67930.945,17905.352,14527.618,8252.596,337.09097,1729.7272,7594.511,-1640.4243,1348.0629,5181.7734,1
110547.03,1,2,1,29.479824,0,0,0,0,0,0,-22937.383,17185.662,30637.363,6470.8867,13734.095,9313.246,-1115.2909,2090.4546,6778.5635,-2162.479,841.296,5255.0825,1
107645.555,2,2,1,31.83169,0,0,0,0,2,0,-12473.262,70934.31,39757.29,9740.57,26885.668,18781.4,-1734.9154,2802.3787,8314.966,-3324.979,-337.6317,4480.2437,1
131170.92,2,1,2,43.607815,2,-2,-1,0,-1,2,-10280.285,32048.31,15239.587,9091.816,17364.11,7330.158,3794.645,1437.2662,6515.645,3653.5022,3116.2236,4818.071,1
112301.27,2,1,2,31.539392,2,-2,2,0,0,0,-31701.477,6143.33,17928.076,-2079.3206,16798.822,10879.914,-2071.9465,2022.1195,6455.0034,-5656.0913,1449.588,3206.632,1
130693.414,1,1,1,45.48046,2,-2,-1,0,-1,0,-13294.266,10670.506,19354.35,6802.9688,7594.817,4888.871,-1600.3075,1748.9498,7575.2886,146.30269,2371.8892,5442.685,1
117545.11,2,3,1,29.021189,2,-2,2,0,0,0,-29719.906,10914.67,18480.549,-1030.8674,17937.842,10754.24,-5.4290395,2787.5312,5397.7314,-5344.1167,3687.9197,195.58116,1
105850.13,2,2,1,26.13651,0,0,0,0,-1,0,-15803.648,26184.943,27868.934,9570.281,7563.311,4569.8555,-1001.5716,2353.8604,6937.683,-971.3228,10.175918,5881.7974,1
110411.62,2,1,1,45.23814,2,-2,-2,0,-1,0,-20173.555,-978.1779,20888.217,6980.4883,16719.902,6837.3945,-2210.9578,1747.8505,22965.928,-3645.7334,2268.6455,2994.5317,1
96771.484,2,2,1,33.07659,0,0,0,0,0,2,-9660.641,64619.777,31429.504,8907.238,39048.348,32887.65,1025.2711,1023.4774,8153.2983,338.26044,1348.5797,3413.9104,1
137993.19,2,1,2,32.658764,2,-2,-2,2,-1,0,-18867.156,14883.303,22488.705,2764.2615,5925.352,6548.9746,-3527.613,1893.4484,5666.675,-522.40875,1389.1661,5014.3267,1
113125.6,1,2,2,24.262356,0,0,0,0,0,0,-24247.875,15281.361,29207.203,5435.492,18257.967,8443.875,-1691.4359,1566.9166,6084.574,-1785.0352,401.62146,2960.1973,1
150088.23,2,3,1,45.945568,1,-2,-1,0,-1,0,-907.36707,29606.072,24457.773,9742.332,-2484.851,3981.1484,-2519.883,684.5365,7742.4253,729.58295,1479.215,6876.2734,1
137407.14,2,1,1,45.62226,2,-2,-1,0,-1,0,-10131.039,12579.834,21704.957,8096.797,4281.981,4613.172,-2467.4368,2084.1926,6748.5596,-649.4981,1935.2821,5448.2886,1
148262.5,1,2,1,45.354515,0,0,0,0,0,0,188877.9,194225.16,138265.88,214700.75,113468.54,112895.28,-3133.8787,-1593.1412,14208.377,2968.844,3931.3064,-23193.96,1
101108.14,2,3,1,45.20369,0,0,0,0,0,2,-8730.969,59736.5,36617.49,7777.1055,26026.682,14611.045,-1174.4647,2335.1318,6751.8057,1209.4663,1728.6874,4698.5635,1
113094.29,2,3,1,45.60717,0,0,0,0,2,0,-10902.078,73356.625,51788.477,7836.801,21174.3,20198.203,-3650.6775,3536.0654,7373.564,-3086.984,10.076308,4981.1963,1
101990.805,2,1,1,45.64206,0,0,0,0,0,2,26402.938,118254.22,72591.67,10268.662,33025.105,17044.582,-131.2225,976.2179,8110.449,1192.3689,1963.9083,4854.5693,1
113856.22,1,2,2,24.622812,0,0,0,0,0,0,-24567.54,11265.611,28683.398,5647.41,18314.764,9863.945,-2307.8162,1453.3783,6498.536,-3167.4062,330.35168,4520.5586,1
104372.33,2,1,1,41.332645,-2,-2,-2,2,-2,0,-17576.914,11084.537,23314.9,4836.1523,7531.231,5790.621,-3283.536,3777.9465,5474.3403,-3931.0508,968.6481,4834.67,1
112927.1,2,2,1,44.888515,0,0,0,0,0,0,-19501.75,52231.395,43331.188,4232.586,11662.601,10879.176,-3544.527,3505.3586,6134.331,-2438.7495,-1482.8329,6506.554,1
107615.336,2,2,1,28.906029,0,0,0,0,0,0,-21409.344,16636.975,33234.473,7267.918,12145.79,9228.943,-2350.9822,2766.6697,6424.4375,-2983.837,-121.68199,5461.3843,1
118596.625,1,2,2,37.663292,0,0,0,2,0,0,87970.42,137412.5,116034.086,73827.95,99811.91,70154.516,-2375.822,-341.11877,6089.076,337.95673,1260.3048,2700.24,1
111402.336,2,2,1,42.17291,2,-2,-1,0,-1,0,-18866.227,5574.92,19299.145,7107.1836,9211.907,5150.5117,-495.9681,2173.8943,6824.676,-1072.7339,1228.2255,4785.5522,1
102142.88,2,3,1,41.39006,0,0,-2,2,-1,0,-13433.594,18126.404,26811.225,7756.0586,3997.4575,4711.047,-3337.5408,2749.352,5752.358,399.62128,1174.0604,4682.577,1
111195.664,1,2,1,44.69073,0,0,0,0,-2,0,-19410.453,42148.96,34198.766,2569.7966,3884.5474,6355.676,-3872.2449,5241.8774,4697.5786,-4768.9575,-1626.579,6048.764,1
113317.85,2,2,2,24.29995,0,0,0,0,0,0,-23414.047,14158.424,31884.277,5986.383,16284.149,10339.748,-2269.4539,1985.8854,5928.508,-3251.3784,150.71059,4891.927,1
126828.38,2,1,1,45.115204,-2,-2,-2,2,-1,0,-16310.367,11849.518,27695.463,5392.0156,2942.852,4621.1914,-3154.4397,2713.986,5754.6157,697.351,276.29285,6479.6885,1
125883.16,2,1,2,29.736546,2,2,-1,0,-1,0,-20555.93,12742.408,17943.406,3072.195,12744.153,6374.7383,-2387.319,2646.4497,8166.8716,-4154.984,2174.566,4106.8843,1
104471.36,2,3,1,45.321293,2,-2,-1,0,-1,0,-15442.4375,5565.385,23005.361,5703.8164,7973.928,6092.4297,-2447.5203,2116.2134,6245.975,-1586.731,1290.2457,5257.386,1
101285.46,1,1,2,39.03072,2,-2,-2,0,-1,0,-22658.86,2879.3103,15040.517,4508.0977,11535.835,8478.086,-2049.7844,1144.1483,7198.908,-3806.2192,3447.8257,4520.0093,1
140769.86,1,1,1,44.298893,-2,-2,-2,2,-2,0,-8758.367,19617.771,21610.322,7391.6484,3951.52,3893.4414,-2954.0046,2775.8005,5948.7617,-2080.8813,1851.7225,5831.887,1
110451.484,2,2,1,28.79578,0,0,0,0,0,0,-21403.805,22246.37,34017.984,6822.0234,12115.284,9033.654,-2409.8757,2988.804,6266.6787,-3066.4316,-317.70203,3740.0918,1
111418.49,2,2,1,43.63435,0,0,0,2,-2,0,-19024.75,53824.02,37157.24,2870.0544,-692.0111,6036.883,-4954.0664,4721.4805,4863.5693,-3987.232,-2254.3987,6676.541,1
108824.266,2,1,2,42.64019,0,0,-1,0,-1,0,-15626.805,54006.273,30740.37,2239.66,2779.9067,5436.6484,-1865.1581,2567.5588,6259.8726,3609.9248,-204.33092,7745.417,1
137784.22,1,1,2,45.30468,2,-2,-1,0,-1,0,-8502.281,18672.363,18270.898,7601.3984,17803.941,5502.801,-2677.2556,2082.221,6411.9077,10447.926,2477.4385,4642.9917,1
107835.73,1,3,1,44.79497,0,0,0,0,0,0,-15439.922,57289.31,35090.637,5170.25,16283.112,12539.307,-3221.157,3065.9407,6401.0645,-2156.901,815.09143,5075.6406,1
138360.64,2,1,2,28.767742,1,-2,-1,0,-1,0,-12106.613,8647.178,20415.543,8749.023,5661.7153,6323.592,-2156.0037,646.808,6923.733,-544.3238,4216.5137,5730.0054,1
108846.98,2,3,2,45.456913,0,0,-1,0,0,0,6025.34,123484.14,69388.7,15073.645,32755.045,19422.65,-267.0189,1720.2672,8048.6016,-1586.6699,1541.556,4890.9116,1
95834.29,1,2,2,25.629482,0,-2,-1,0,0,0,-25956.727,3844.2126,13789.116,4104.0547,19786.092,6308.9062,2514.9343,1040.6818,6173.0576,-3982.5747,1756.5809,1648.3341,1
136428.6,1,1,2,42.56455,2,-2,-2,2,-1,0,-20790.398,22401.143,23225.523,304.85132,4408.137,8506.6875,-2242.4436,1609.9113,5317.2837,-3556.7344,2732.448,5122.934,1
123502.37,2,2,1,45.028713,0,-2,-2,2,-1,0,-20878.828,23456.057,31475.924,1725.3943,-74.86658,6716.2305,-3307.367,3823.422,5077.9897,-931.4952,57.4767,1506.7233,1
139942.36,1,2,1,44.812527,0,0,0,0,0,0,184169.23,188384.75,132416.72,178974.02,110751.08,101934.78,-1601.9628,-1886.3741,12432.488,3710.455,2659.2266,3542.3008,1
110974.36,1,1,2,41.644173,2,-2,-2,0,-1,0,-20251.86,4023.318,17636.043,5004.2812,10068.876,6095.119,-2213.5872,1411.7965,6604.977,-2611.334,1949.558,4912.4033,1
125284.09,2,1,2,44.454636,2,-2,-1,0,-1,0,-26712.383,13979.334,28952.979,-3023.6565,2939.4028,7977.4766,-4621.718,3347.3325,6002.425,-2601.0986,-104.15172,-22294.408,1
140773.06,1,1,1,44.673054,-2,-2,-2,2,-2,0,-8776.883,19521.016,21940.857,7213.715,3883.3481,3894.7344,-2999.2346,2785.635,5923.256,-2079.7842,1802.4701,5853.2524,1
107044.984,1,2,1,43.56526,0,0,0,0,0,0,10973.141,122470.22,66284.35,14793.549,29034.414,17202.867,-590.33527,1698.0856,7886.56,-1049.6484,1099.1774,4216.4624,1
137179.61,1,1,1,44.899624,2,-2,-1,0,-2,0,-7804.086,17103.037,16662.12,8876.598,7833.7954,4183.129,-2355.738,2819.4602,6284.4697,-2907.1738,2886.3281,4052.218,1
147597.11,1,3,1,45.88424,2,-2,-1,0,-1,0,-1027.1757,22202.33,16939.592,10583.215,2297.813,2963.914,-1980.0184,285.2948,7135.344,1470.0466,2559.5837,6795.5244,1
130677.54,1,1,2,30.646048,0,0,2,2,2,0,39910.414,126061.766,80843.74,15646.83,67517.91,38451.18,1033.7487,-181.11147,9685.701,-3924.934,1483.7496,3105.6113,1
102012.37,1,2,1,44.497986,2,-2,-2,0,0,0,-26216.172,1330.9823,21848.799,3914.91,18960.791,7089.283,-2030.7118,2253.3457,10291.287,-4121.595,1033.5695,3622.9373,1
102312.83,2,2,1,44.569252,-2,-2,-2,2,-2,0,-22393.938,7126.8457,26543.582,3727.4255,7673.973,5619.121,-3027.5447,3616.6836,5292.965,-3832.4565,-5.1238866,5111.3145,1
120773.37,2,1,2,33.696476,1,-2,-1,2,2,2,162562.22,177299.5,124013.195,186069.61,122407.14,112040.125,1856.8221,-5270.0254,12406.645,2370.5457,9910.144,-7581.205,1
118459.42,2,3,1,45.587635,1,2,0,0,0,0,111770.414,133784.08,89017.086,26843.756,61041.793,40932.008,-4624.3916,3161.93,6969.7896,712.3024,1461.5878,3758.0752,1
138137.64,2,1,2,26.552675,1,-2,-2,0,-1,0,-6248.7734,10115.158,16512.719,13095.291,9283.876,4104.582,-804.1351,289.8285,10659.047,-972.5992,3350.8525,5382.918,1
132558.98,1,1,1,43.536854,-2,-2,-2,2,-2,0,-14057.633,13208.74,21414.125,5775.4688,7131.7974,4757.699,-2892.1619,3227.8198,5749.115,-2995.5586,1800.2023,5104.688,1
112567.875,2,2,1,44.67079,0,0,0,0,0,0,-21505.883,32070.414,40519.465,3968.617,7446.8325,12835.83,-3952.41,3403.7869,5464.163,-2555.141,412.70935,6028.804,1
109687.586,1,3,2,44.174057,0,0,0,0,-1,0,-15575.055,40673.867,28953.623,5884.4844,7578.0767,7565.158,-2928.5134,2307.134,5946.926,4426.566,587.2626,6972.872,1
134518.19,1,1,1,44.310043,0,0,-1,2,0,2,145684.97,163951.33,129120.02,170540.75,117157.266,106389.16,27689.426,-4750.3047,12212.409,3359.5566,7074.7925,-465.1952,1
97538.805,1,2,2,25.034279,0,0,0,0,0,2,-15039.602,30740.307,25835.291,8071.797,31816.953,12394.699,1111.3219,231.84947,7541.7656,-715.1934,1696.3949,3765.9026,1
143258.05,2,1,1,42.44981,2,-2,-2,2,-1,0,-10781.914,23336.71,25113.611,7039.867,1229.8873,4311.8984,-3476.823,3113.3865,5921.9707,1447.1179,768.3854,6705.446,1
117500.164,1,2,2,43.57194,2,-2,2,0,0,0,17598.371,123656.164,58846.812,7017.9688,62704.203,33042.297,2616.437,1168.0558,7439.1714,-1617.8438,1600.1361,1651.2789,1
132213.73,2,3,2,44.99827,1,-2,-2,0,-1,0,-9366.719,-6797.3965,24158.078,10603.82,1932.6217,5139.957,-5209.7285,-22223.645,13803.701,243.97383,12786.638,-9167.035,1
127903.68,1,2,1,44.91122,2,0,0,0,0,0,-18211.21,77180.5,51073.734,1510.2224,28574.273,20999.36,-3852.5896,3512.0654,5794.339,-2150.1626,-552.6039,4557.328,1
147838.1,2,2,1,45.69089,2,-2,-1,0,-1,0,-5928.2773,19571.4,20228.057,9530.648,-215.4408,3056.6055,-2085.2727,1359.2045,7197.7124,820.1999,764.36804,7310.8,1
109756.44,2,2,2,31.579927,2,0,0,0,0,0,-29242.875,8317.334,31934.982,1615.8123,12297.94,10357.795,-4553.8896,3094.301,5703.9287,-4305.8813,-1241.245,4343.2983,1
142978.47,1,2,1,45.788563,1,-2,-2,0,-1,0,-12856.285,19704.307,24576.758,7481.9883,11117.069,4757.4414,-1397.5438,1755.2523,12570.027,7509.946,1710.1617,6386.882,1
121270.81,1,1,1,45.370453,2,-2,-1,0,-1,0,-16065.391,7115.416,22259.422,5138.7305,8781.024,7723.621,-2772.2786,1745.6598,6354.255,2675.178,3950.9297,5701.1147,1
111315.44,1,2,2,45.099052,0,0,0,0,0,0,7535.7617,122710.766,68172.08,11004.758,20038.188,12886.523,-1820.7284,1353.8693,7107.8623,-1815.0903,642.16223,5386.024,1
147330.25,1,1,2,45.375378,-2,-2,-2,2,-2,0,208967.23,205787.12,133675.61,209751.88,109903.28,78175.62,-4573.911,-2907.4026,13795.055,2714.6338,2864.277,8641.133,1
96357.97,2,1,2,29.32698,2,-2,-2,2,-2,0,-23126.867,10360.373,19589.166,1658.906,12333.589,8117.1055,-3931.7966,3603.726,4909.3853,-5496.0884,1193.0731,3752.273,1
132862.53,1,1,1,45.297764,2,-2,-1,0,-1,0,-12770.277,9433.24,18369.092,7336.8047,7764.8267,4963.547,-1974.6732,1722.9899,7298.019,594.15546,2967.204,5664.965,1
87593.59,1,1,2,29.639044,2,-2,-1,0,-1,0,-18808.281,4740.002,11134.608,6172.871,17193.305,5903.09,109.291664,1332.0487,6532.495,-3850.2383,2529.1685,3515.7952,1
106243.27,1,2,1,30.023317,2,-2,-2,2,-1,0,-28191.969,15726.705,16226.196,1543.656,18421.836,8292.146,3885.9402,1551.2819,5636.484,-1006.336,1650.872,2010.6696,1
115296.516,2,2,1,45.288406,0,0,0,0,0,0,-20456.258,43309.715,44796.35,3510.9724,10737.649,12956.242,-3982.9685,3599.6304,6058.4766,-2406.3945,-1945.8524,6148.606,1
105399.3,2,2,1,38.498566,2,2,-1,0,-1,0,-25222.156,3596.904,17357.156,4626.2188,15421.8955,6295.3633,-1738.7723,2884.7751,13572.685,-2176.8003,1356.9117,3639.5774,1
104979.82,2,1,2,27.799335,0,0,-1,2,-2,0,76250.055,125281.35,42044.25,1648.5466,10831.94,8211.066,-1789.2997,1990.7145,5634.5,-4841.987,921.8529,4773.055,1
112278.61,1,2,1,45.51945,0,0,0,0,2,0,7723.535,123142.836,67206.38,19323.762,50789.22,30801.82,-1104.5804,1833.4965,10197.66,-2332.8716,252.92421,5240.5454,1
118746.51,2,2,1,38.20317,1,2,-2,0,0,0,-22908.922,11762.264,28729.6,4182.6797,10070.21,6766.34,-3742.8318,3278.4956,10597.615,-4015.1646,888.89075,4337.887,1
104263.64,2,2,2,33.597603,0,0,0,0,2,2,66501.805,122178.02,94040.5,59673.215,85895.68,52937.816,2959.1135,-1058.7399,11739.116,-421.9107,3276.1636,4968.011,1
147356.53,2,1,2,44.018963,1,2,0,0,0,0,-15993.961,30797.623,36568.043,352.0193,2671.9575,6717.8926,-5805.7705,4148.3926,5969.003,-3537.141,-479.75818,6252.9414,1
94782.46,2,1,2,27.31296,2,-2,-2,0,-1,0,-22158.133,1406.5878,14761.522,5773.324,16067.403,6560.705,-1455.8221,1357.8732,6211.635,-3941.6157,1951.3717,3500.835,1
109757.23,2,2,1,27.733643,1,2,0,0,0,0,27751.584,120313.69,74596.7,21526.941,68856.57,43179.227,-1304.2108,2115.0076,8204.769,244.59834,2756.3428,3514.4211,1
112337.25,2,3,2,45.53492,2,0,-2,0,0,0,139917.08,152587.11,120380.71,114677.0,97992.555,53490.24,-3651.196,-6397.665,8700.947,1704.3774,2587.1135,4171.614,1
101406.25,2,1,1,44.603527,-2,-2,-2,2,-2,0,-18713.562,11906.447,25345.695,3470.3162,6709.645,6003.4023,-3894.618,3963.309,5269.7686,-2114.2085,612.77405,4145.9385,1
100603.81,2,2,1,42.81729,2,-2,-1,0,-1,0,-20565.742,4108.9277,20206.021,6438.3984,9587.784,5526.9766,-691.02325,2191.6685,6819.1934,-1822.4233,1046.7863,4601.436,1
125996.65,2,2,2,41.346054,1,-2,-2,0,-1,0,-15233.141,16394.834,21422.043,6865.246,3749.5122,4983.8438,-1111.0272,2295.7363,7142.964,-1874.8242,1595.2914,4720.583,1
119184.29,1,2,2,44.105278,0,0,0,0,0,0,-24629.508,21991.979,35601.562,2978.3357,8708.657,10648.951,-4254.256,2442.965,6046.7935,-3096.1362,-1107.7094,6213.8896,1
113880.74,1,2,1,45.339836,0,0,0,0,0,0,-21897.0,11478.705,36914.707,4454.1367,5352.9497,8874.633,-4337.6387,3023.7837,6082.77,-949.05035,-1225.7596,6756.622,1
106294.19,2,2,1,45.06751,0,0,-2,2,-2,0,-10791.012,17370.986,36803.984,5662.285,-1580.9877,4923.1875,-4570.577,4445.6963,5402.967,-2993.5654,-2081.6228,7336.8315,1
120667.24,2,1,1,32.92069,2,-2,-2,2,-2,0,-15731.969,16705.268,21399.857,5324.4727,9107.64,6530.5117,-3241.7693,4168.228,5364.151,-4713.4585,1584.8129,4423.3945,1
111014.64,1,2,2,25.417343,0,0,0,0,-1,0,-22486.25,4063.6658,24159.592,7509.0586,10341.263,5365.203,-745.6385,1159.8146,6248.2505,-1893.0771,264.68518,5843.531,1
77513.125,1,2,1,45.044724,1,-2,-1,2,0,0,42255.88,117383.05,65280.297,23343.904,77048.89,41553.14,4440.5728,409.23083,9045.18,-637.0655,3756.777,2708.166,1
117006.125,1,3,1,44.227314,2,-2,-1,0,-1,0,-9332.191,18554.174,16211.698,9885.5625,8956.583,4025.5547,-499.0399,2199.5425,7282.186,521.52826,3122.4844,4637.893,1
95503.086,1,3,2,25.706297,-2,-2,-2,0,2,2,-3760.0154,22923.838,2714.9988,10529.283,45935.453,14229.5625,3377.1216,-505.47473,18999.281,-4057.935,4207.2734,-4271.878,1
110086.86,2,1,2,24.203142,2,-2,-2,0,0,0,-26610.945,1921.0643,14781.108,2174.0544,28629.848,12420.25,-2214.7092,1318.733,12648.709,-5396.315,4950.958,1757.8505,1
106533.484,2,2,1,45.0951,-2,-2,-2,2,-2,0,-21581.36,7155.1855,28157.082,3605.6013,6967.723,5696.926,-3220.826,3595.1594,5307.373,-3652.6196,-82.965195,5327.724,1
109024.39,1,2,1,45.160484,2,-2,-2,0,-1,0,-24416.172,4922.8027,21406.295,4111.5977,12434.874,7892.467,393.50748,1425.6573,9552.782,1321.9058,970.0968,4745.9644,1
115654.74,2,2,2,25.880325,2,-2,2,0,0,0,-33171.938,4311.5645,16843.004,-1441.262,20550.014,9573.777,604.3195,1599.2008,6756.477,-5383.23,383.08582,2748.7627,1
105139.87,1,1,2,28.39177,2,-2,-2,0,0,0,-27541.531,1202.451,14430.579,1689.9685,20301.945,9046.76,-2582.828,1438.4518,7189.2144,-5073.313,1555.6544,2386.106,1
101227.25,1,1,1,45.247604,2,-2,-2,0,-1,0,-20927.547,9701.416,22247.883,3380.2185,8984.735,7334.328,-2014.1268,2291.315,7170.234,632.6916,2089.7302,1827.7794,1
110410.15,1,2,1,45.409702,0,0,0,0,0,0,29869.264,124867.86,71843.88,15976.166,20998.35,12549.479,-1113.2269,1815.236,8679.851,-274.3106,791.3341,4916.116,1
111273.15,1,2,1,45.47724,0,0,0,0,0,0,9017.59,124370.48,49976.645,5953.1836,16779.756,11135.307,-1960.5624,1784.9244,7537.933,-1624.1738,303.45764,5849.7373,1
119899.98,1,2,3,45.263237,0,0,0,0,0,0,-23132.29,46167.95,48211.344,933.05444,11594.739,15333.785,-5556.55,3280.5273,5821.2324,-2416.8179,-1797.4393,6420.911,1
130658.05,2,1,2,40.713356,2,2,-2,0,2,0,-25761.203,4575.2754,29485.93,1779.4138,4149.469,22733.104,-5100.1475,2611.3035,5764.135,-4802.4116,14876.498,3053.9116,1
108813.21,2,1,2,24.564846,0,0,-1,0,0,0,-22303.312,40259.93,35744.188,3180.1052,21353.266,12379.027,-1423.6483,2375.8926,9223.306,-2362.6636,1191.9811,3431.0886,1
95088.49,2,2,1,30.32038,2,-2,-1,0,-1,0,-21814.68,750.99005,15927.306,7321.5,16406.795,5510.242,191.47964,1795.8771,6553.0933,-3.5049314,1625.9586,4235.6772,1
99426.46,2,3,2,41.24523,-2,-2,-2,2,-2,0,-21802.062,9825.783,21365.041,3173.3787,9713.806,6238.4746,-3255.2966,3321.4321,5204.4883,-4248.394,1426.5929,4206.553,1
105306.33,2,1,2,42.665184,1,-2,-2,0,-1,0,-20299.82,4339.1074,24718.783,5156.0938,7041.8833,7982.6816,-3259.0007,1668.4718,10544.571,1159.9238,3171.4548,5444.1216,1
147061.55,1,2,1,45.407597,0,0,0,0,0,0,198194.16,204429.92,143901.92,241449.58,123120.54,111859.4,-731.1121,-3787.802,17938.674,3023.553,3264.0554,3892.449,1
112499.36,1,3,2,45.20516,2,0,-2,0,-1,0,-21374.555,20737.754,24150.254,2717.2263,12035.642,7773.453,-4232.701,1772.0509,18833.77,-47.765675,1097.0609,4609.632,1
112160.85,1,2,2,41.01953,2,-2,-2,0,-1,0,-22895.312,645.68146,17183.09,4545.9375,10263.862,5792.1094,-1124.3075,1320.5143,6531.5225,-2723.017,1121.7938,3857.4734,1
91825.055,2,2,2,24.744205,2,-2,-2,2,-2,0,-25654.352,4983.006,18201.252,2498.656,16054.048,7680.6562,-2775.5803,3146.2175,5069.6177,-5288.9233,856.421,3336.9658,1
90162.305,2,1,1,25.325338,2,-2,-1,0,-1,0,-17315.57,4700.576,14886.849,8090.922,18967.574,6138.9863,1682.1349,1627.4877,8041.4814,-483.8438,2579.9773,3555.8994,1
136986.39,1,1,1,45.373596,-2,-2,-2,2,-2,0,-13132.227,11783.029,25368.447,4468.426,4778.442,4975.3164,-3615.5134,3042.4778,5565.012,-2763.3066,1193.409,5708.7734,1
133237.94,1,1,2,24.565502,2,0,0,0,0,0,157640.92,210567.23,126762.5,153961.25,113288.125,92013.31,-720.04425,-3081.0837,9672.09,475.5495,3456.9607,3097.9746,1
106843.84,2,2,1,43.914738,0,0,-2,2,-2,0,3557.7502,18459.115,36273.367,5831.0664,-2350.476,4856.258,-4668.119,4494.5576,5411.3486,-3040.5034,-2200.3503,7397.5195,1
118615.96,2,2,2,37.531982,0,0,0,0,0,0,-24402.023,19485.55,37099.52,2602.1912,5415.5825,7620.287,-3956.112,2817.2395,5489.696,-3433.6914,-1828.8378,6436.747,1
126182.07,2,1,2,39.66356,2,-2,-1,0,0,0,-13318.297,15271.463,22289.178,5609.1523,5874.2114,6127.592,-2608.8333,3036.5706,5787.479,-3808.6396,1592.3368,4218.1304,1
93315.98,2,1,2,27.029474,2,-2,-1,0,-1,0,-18424.61,6013.5566,15789.769,6915.3867,13777.976,5885.617,-543.17755,1615.8158,6108.6226,-2711.2847,1867.858,4216.785,1
114648.25,2,2,2,26.35879,1,-2,-2,2,-2,0,-24329.578,15596.24,25866.127,1232.3982,9342.671,8005.0293,-3313.195,3486.9392,5210.282,-5051.5073,1111.6942,4611.596,1
114751.836,2,3,2,30.423574,1,-2,-2,2,-2,0,-17873.742,13951.342,24323.744,4128.879,10698.679,7312.0664,-3065.26,3659.6377,6828.4233,-4348.405,2526.7473,4014.7698,1
101877.305,2,2,2,31.33684,0,0,2,0,0,2,83425.95,128961.38,109438.41,90468.234,107460.45,70839.02,7599.872,-1706.9191,9965.155,3911.2249,2994.2937,1846.1373,1
148444.19,2,2,1,45.817036,1,-2,-1,0,-1,0,-7341.6562,25588.514,26943.814,7943.9844,-2255.5034,3720.3906,-2184.426,1573.3893,7362.9663,3690.7473,225.1974,7051.001,1
128188.92,2,1,1,39.05222,2,0,0,0,0,0,-21233.25,15602.908,35614.383,3312.2615,5460.1606,8103.1797,-4462.372,4344.474,4834.9487,-4155.5737,-381.24402,4274.3325,1
133849.7,2,2,1,40.883633,0,0,-1,0,0,0,156579.67,167568.9,130923.41,163406.89,103966.48,89015.29,9405.561,-1003.4186,12973.884,1986.6287,3151.4473,4431.971,1
147115.7,1,1,2,43.49914,2,-2,-2,2,-2,0,-7585.75,27675.96,22107.33,4205.16,1318.3365,5096.4414,-4170.203,3152.994,5608.9985,-3349.56,1383.6927,6194.7896,1
109626.19,1,2,2,42.372208,0,0,0,0,-2,0,-17132.938,49693.15,31054.898,5126.332,3336.3599,5295.617,-3249.818,3102.9055,5574.1187,-3410.6768,-543.1395,5781.508,1
113249.555,1,2,3,44.876026,0,0,0,0,0,0,12329.75,124090.234,62890.53,67993.555,43149.94,26328.414,-3161.9104,1896.8998,6886.209,-1228.0312,586.9906,4736.8223,1
120497.305,1,1,2,27.865803,1,-2,-2,0,-1,0,-20656.523,6333.6426,19181.87,5151.621,11653.8955,6499.875,-1464.2899,998.8961,7059.5654,-2553.8477,2763.1475,4540.358,1
104468.664,2,1,2,25.309,1,-2,-2,2,-1,0,-23880.71,55339.082,16814.436,2988.027,22271.086,15374.65,8405.608,1774.4852,5563.3696,5376.433,1675.309,2874.8833,1
121904.61,1,2,1,45.181114,2,-2,-1,0,-1,0,-20135.922,12340.643,21372.424,4824.5195,7768.6353,5815.0703,527.29706,1786.8495,6397.5947,-1513.0352,1731.6293,3205.1792,1
96834.61,2,3,1,45.34408,2,-2,-1,0,-2,0,-15928.891,15099.26,20594.295,4907.996,12008.048,6272.84,-484.6434,3307.9897,5735.7812,-4306.8315,2214.468,4036.462,1
129017.33,2,2,1,43.034332,2,-2,-1,0,-1,0,-10699.742,19166.234,18424.502,10322.352,4835.969,3892.711,393.6476,2441.799,6536.321,-876.6851,1214.6554,5879.7114,1
124291.73,2,2,2,45.19554,2,-2,-2,0,-1,0,-19428.648,2932.5603,24804.31,4463.551,4916.262,6056.836,-2631.5017,1651.4537,6328.9414,-2074.1743,445.43274,6038.773,1
133372.69,1,1,1,45.456707,1,-2,-1,0,-1,0,-13518.402,16044.885,23182.363,6823.375,5566.809,4738.25,-1882.7982,1828.7355,9096.779,1915.5137,2235.1123,6090.811,1
90996.766,1,3,2,25.95626,-2,-2,-2,2,-2,0,-23162.266,4609.037,12607.757,3677.8513,20677.396,6458.0176,-1203.1185,2431.642,5868.414,-3949.2002,2372.848,1965.2814,1
103479.69,1,2,1,24.67718,0,0,0,0,0,0,-21678.29,25771.545,30336.27,7053.035,22723.572,12070.49,-941.87384,1832.1373,6955.715,-2670.4155,1073.3541,4698.773,1
103470.53,2,1,1,44.473267,2,-2,-1,0,-1,0,-16164.797,16161.256,18862.049,7204.5664,19408.398,5879.6914,-461.61996,2410.9995,6253.255,7944.616,1608.2755,5325.132,1
102146.42,2,2,2,45.188354,2,-2,-1,0,-1,0,-21638.797,2380.7556,22419.938,5201.582,9079.894,6257.865,-2358.5593,1764.1854,6217.0684,-2159.266,678.4374,4968.497,1
106376.375,1,3,3,24.637014,0,0,0,0,0,0,-18255.71,23398.31,29830.998,6054.211,18134.227,10407.0,-2685.5354,2325.3918,6128.793,-3641.421,2336.6719,3684.5232,1
103309.98,1,2,1,35.274555,0,0,-1,2,2,2,38649.34,117573.12,71892.37,19886.396,84282.06,46280.727,7460.0464,-2380.3777,8897.233,-1115.0698,3475.674,-547.65027,1
107667.23,2,1,2,24.355246,0,0,-1,2,-2,0,-25830.219,23815.188,24748.97,-331.05493,13016.214,8859.914,-2892.7097,2741.2673,5182.5376,-5556.3774,1032.215,4266.138,1
104047.75,1,2,1,45.037575,-2,-2,-2,2,-2,0,-24836.258,4446.467,26025.023,1917.5115,8853.763,7690.449,-3720.405,3104.9094,7013.7295,-2080.0352,1010.62415,3641.4634,1
111833.07,2,2,1,44.327175,0,0,0,0,0,0,-21180.977,17708.203,37155.344,5775.1094,5100.77,8132.8047,-3641.3767,3349.6833,5912.615,-3043.1992,-1086.8353,6662.1816,1
112252.75,2,2,1,43.309734,1,2,0,0,0,0,53201.51,125494.586,73793.08,17243.203,62959.523,36728.617,-3840.7107,2916.5962,9348.345,974.9108,1338.6827,3423.4702,1
112632.32,2,1,1,44.397877,2,-2,-1,0,-1,0,-15611.461,8891.115,20148.229,6909.4414,7994.893,5358.629,-1740.018,2324.6448,6211.574,-1824.1279,1745.0228,4900.255,1
97673.64,2,2,2,25.759256,1,-2,-1,0,-1,0,-19988.445,-605.7834,16851.928,8682.102,15833.839,5365.09,484.0319,1482.9103,8557.282,-2626.9067,2327.2534,4214.055,1
115434.82,2,2,2,24.014807,2,-2,-1,0,0,0,-32300.828,10408.498,22910.176,-2678.8713,16587.236,8680.609,-1391.8358,2955.9238,5645.955,-5328.393,-573.26794,-19564.33,1
151453.8,2,2,1,45.9188,1,-2,-1,0,-2,0,-3195.1755,29913.232,24791.305,10089.133,-87.96814,3890.9844,-2211.2654,2104.9824,8003.602,-365.71246,1333.9755,6977.9683,1
88099.17,2,2,1,25.270582,0,0,2,0,0,2,3836.0002,93285.836,25748.6,9823.656,50004.008,19712.465,5956.776,39.108757,8176.8394,2469.9365,2970.4019,2718.0977,1
125147.23,1,2,1,44.109688,2,-2,-2,2,-2,0,-23723.148,8724.455,26701.53,986.67163,6446.723,9011.557,-4324.95,3282.2583,4784.005,-4446.2026,2744.881,5115.4243,1
104860.16,2,2,2,34.923634,0,0,0,0,2,2,-11248.465,59280.04,30150.625,8887.387,29228.848,18262.938,-523.63995,1408.8636,8540.477,-3260.274,525.9955,4394.644,1
99860.664,2,3,1,44.71944,2,-2,-1,0,-1,0,-23769.906,75527.65,25255.682,1493.4451,11677.142,11170.018,14317.81,2243.7385,5504.98,-3418.1426,9178.917,2535.7837,1
139611.34,1,2,1,44.64772,1,2,0,0,0,0,35147.875,125822.586,58645.605,1932.4958,34123.273,23805.916,-3659.5662,2645.979,6990.5527,-995.5518,2048.4973,3051.0771,1
104396.336,1,2,1,44.553677,-2,-2,-2,2,-2,0,-23643.164,4807.158,23798.303,3302.6638,9690.733,5412.715,-2765.9631,3162.2742,5385.9453,-3742.7544,350.28625,4783.2188,1
123266.52,2,2,2,29.006157,0,0,0,2,0,0,133672.11,159353.38,125577.79,131255.83,107882.88,88284.95,-843.52423,-1226.6217,6134.2505,1219.5901,1720.1425,2677.5212,1
111944.18,2,2,1,44.340763,0,0,0,0,0,0,-20044.469,45632.78,41894.95,4394.1367,12258.88,12547.24,-3499.5916,3432.0303,5729.794,-2516.0693,-1283.8153,6580.177,1
102180.43,2,2,1,44.805847,-2,-2,-2,2,-2,0,-22794.328,7642.623,27157.242,3396.4177,7234.8833,5664.824,-3044.027,3632.0225,5235.6343,-3886.7456,-168.63805,4771.7344,1
142292.31,1,1,1,45.607544,1,-2,-2,0,-2,0,-10763.77,16097.271,28130.1,4596.3594,1192.9694,5768.9297,-3732.6511,2427.9492,5786.793,-2400.8901,1685.4518,6679.899,1
106201.8,1,2,1,44.44914,0,0,0,0,-2,0,-14288.691,41007.15,32941.82,7409.2266,4266.5083,4402.758,-2380.6492,3499.2085,5814.2505,-2685.8652,-180.62096,6576.758,1
123200.68,1,1,1,43.39056,-2,-2,-2,2,-2,0,-16246.242,11175.432,21681.582,4968.7188,8182.8677,5114.1953,-2976.9695,3335.3713,5675.23,-3373.4243,1584.1708,4857.2104,1
115957.42,1,3,1,45.331802,0,0,0,0,0,0,-17221.047,70624.445,44112.13,449.99585,1032.0514,6425.9023,-4771.9053,4063.458,4970.755,-3384.3164,-1325.7743,-3450.936,1
115429.22,2,1,1,45.12548,2,-2,-2,2,-2,0,-16136.43,22300.455,25678.613,2796.652,5774.0083,7004.383,-3698.9216,4448.3545,5030.024,-4954.7515,912.8949,5161.144,1
113398.51,2,3,1,43.883522,0,0,0,2,0,0,-22967.523,62902.254,42103.77,-685.18384,19236.678,17415.418,-4698.494,3466.3206,5304.7344,-3255.4927,107.980606,3495.4702,1
132295.6,2,2,1,45.439327,2,-2,-1,0,-1,2,-1831.4257,20807.568,13785.144,16719.316,10174.642,4123.824,2723.2979,1097.2401,7466.464,5060.9077,2862.0815,4413.9136,1
116409.29,2,1,2,30.908491,2,0,-2,0,2,0,-23399.312,6594.8027,28216.104,5282.7656,9600.956,8917.914,-3924.6492,2774.2634,5709.532,-4760.361,106.79018,4652.818,1
90891.2,2,2,2,24.529852,2,-2,-2,2,-2,0,-26124.79,4917.381,17735.836,2626.7224,16314.907,7459.1816,-2641.5662,3105.194,5067.273,-5296.0054,970.6063,3252.9358,1
104868.73,2,2,2,24.237566,1,2,0,0,0,0,4855.9688,117997.414,50905.742,4099.2656,22184.334,12595.783,-2852.6047,2492.3738,6228.1377,806.97723,1378.8507,285.21936,1
115713.06,2,2,2,24.389456,1,-2,0,0,0,0,-27245.258,10778.975,29391.727,-83.199455,11256.673,8300.424,-2387.4226,3265.6895,6018.4414,-4830.097,272.51575,-256.55945,1
149341.78,1,1,1,43.043278,-2,-2,-2,2,-2,0,-3616.9255,25867.19,20438.668,9163.137,1638.8873,3397.711,-2966.115,1999.7919,6675.8945,-1024.2075,1663.7933,6400.987,1
128879.125,2,1,1,35.286953,2,-2,-2,2,-1,0,-16997.477,8652.697,16673.48,5414.082,62253.36,34942.707,-2698.8435,983.80286,6018.4043,27721.744,4033.9648,4886.153,1
149154.5,1,1,1,45.60072,-2,-2,-2,2,-2,0,-3918.3357,23152.748,24258.666,6609.547,-46.718143,3571.0625,-3601.4597,2120.8105,6248.4653,-1072.2793,668.87317,6961.5024,1
136259.75,1,1,1,45.45651,-2,-2,-2,2,-2,0,-13260.914,12702.15,24236.13,4792.9297,5715.1646,4749.3555,-3345.8806,3160.9922,5624.9277,-2780.0615,1483.1725,5484.193,1
103922.42,2,1,2,24.965597,1,2,0,0,0,0,109630.46,136640.75,108878.99,165586.64,105945.9,77283.51,-2226.321,685.71277,10535.201,1911.0232,4511.3525,-112.27724,1
105379.484,1,2,1,39.90948,0,0,0,0,0,0,90301.53,120744.05,69554.2,19173.746,20130.678,9862.902,-600.38995,1604.8995,7556.054,5164.322,1437.15,5479.7056,1
104316.95,1,3,1,44.722233,0,0,-2,2,-2,0,13079.203,21443.9,30217.14,5549.832,231.90686,4512.9297,-4552.1885,4275.4946,5457.0337,-3074.0698,92.41371,6468.6235,1
106406.31,2,2,1,42.938175,2,-2,-1,0,-1,0,-19370.625,4240.2754,19745.664,6912.133,9704.458,5236.543,-1041.7831,2163.7925,6231.3613,77.41255,1186.7789,5332.8296,1
130901.68,2,1,1,45.541206,2,-2,-1,0,-1,0,-10264.02,10531.979,21801.502,7788.0547,4911.266,4621.9414,-2559.6116,2170.016,6269.898,-918.58356,1785.6925,6106.223,1
147815.42,1,1,2,40.24621,0,0,0,0,-1,0,208362.72,201188.03,143794.14,5012.4453,-6130.9683,4595.3633,1346.0885,-1270.4762,8078.967,255.37105,-2670.3694,11815.86,1
128497.38,1,1,2,41.721935,2,-2,2,0,0,0,-29045.406,5666.6113,21606.312,-2242.1292,11994.796,9831.418,-4041.2185,2075.0847,6837.515,-5055.0747,1275.5416,2900.0588,1
97619.57,1,1,2,41.82632,0,0,2,0,0,2,8289.809,102706.24,37912.89,7059.383,52189.45,22974.904,2542.5293,-128.39272,8407.35,939.63885,2703.9595,3413.9683,1
117995.01,1,2,2,27.77706,0,0,0,0,0,2,173013.52,155699.14,123924.99,168098.7,113546.24,104487.05,3864.0173,-3450.0618,12632.2705,5627.0913,3622.4348,840.80237,1
98486.46,2,3,1,26.312176,0,0,0,2,0,0,-3417.4412,100852.84,48529.137,7080.2266,43938.793,18190.625,-1529.9476,2226.0745,5678.7427,-2384.7563,1550.5927,2962.7986,1
116146.836,2,2,2,23.975216,2,0,0,0,0,0,-32379.656,4794.9746,25827.324,2283.9255,28642.217,10422.594,-2220.4148,1864.1447,16551.75,-4941.1997,607.61194,2848.506,1
144749.23,1,1,1,31.07572,2,-2,-1,0,0,0,-11155.547,10720.498,18581.107,6937.4727,7330.3716,4490.8633,-2775.4163,1467.7611,6375.3184,-2687.768,2570.5432,5467.871,1
121322.29,1,1,1,44.48837,2,-2,-2,0,0,0,-19807.703,11141.545,31395.273,720.3357,3909.4536,6134.115,-4686.459,4031.389,5058.721,-4089.439,-159.39586,-21868.018,1
106181.78,2,3,1,45.28994,2,-2,-2,2,-2,0,-15567.281,18479.006,24754.533,2980.195,8000.1196,6423.787,-3808.944,4483.089,4956.963,-4662.902,1295.9489,4548.484,1
118815.35,1,1,2,31.666319,2,-2,-1,0,-1,0,-14003.57,8991.635,15132.517,6914.668,9449.726,5373.824,-1329.7792,1510.7196,6362.0547,-1980.0151,2456.4797,4372.009,1
115530.56,1,2,3,26.789341,0,0,0,0,0,0,-24450.922,13360.463,34679.36,4330.758,12577.704,10402.809,-3814.4617,2367.8647,5752.727,-3262.2397,14.415664,4956.031,1
121797.9,1,1,2,44.862522,2,-2,-1,0,-1,0,-18013.867,5549.615,19692.025,4514.2305,7795.567,5577.328,-2728.0818,1483.7579,6423.7676,-2537.5996,1738.4703,5224.5894,1
108897.61,2,2,1,45.604317,0,0,0,0,0,0,12106.664,122622.9,79115.34,21858.42,16130.751,11967.49,-1362.9569,2274.3367,7290.9595,-1378.543,398.7765,5770.193,1
121836.98,1,1,1,45.495197,2,-2,-1,0,-1,0,-14748.469,7269.201,20588.453,6022.328,8290.8955,4982.125,-2208.2092,1896.5184,7305.335,1533.7808,1678.2238,5289.384,1
114185.49,2,2,2,37.545845,2,-2,0,0,0,0,-29367.578,13405.455,23561.95,1799.3865,19502.123,11283.156,768.18524,2084.1582,5846.6455,-4510.304,-19.107773,3367.665,1
122708.41,1,1,1,45.234108,2,-2,-2,0,-2,0,-17699.492,8003.1074,21360.64,4002.1716,9454.136,6312.91,-3075.8074,2637.6396,5680.036,-3984.8315,2783.896,4222.4497,1
143302.31,2,2,1,27.479372,0,0,-1,0,0,0,186297.73,189106.48,134571.06,208263.73,112958.5,111835.5,3092.881,-2137.11,16792.06,5205.7046,5138.026,239.0963,1
105741.766,2,2,1,43.97428,0,0,0,0,-2,0,-14898.543,21113.41,32327.768,7789.5234,2378.9146,4689.6016,-2947.7375,3942.5637,5676.1914,-2930.4,-911.5956,6869.5728,1
122274.61,1,2,2,41.492172,1,-2,-2,2,-2,0,130625.86,134909.38,109437.47,78467.28,89204.77,59552.637,-251.01938,896.3397,9164.516,1655.0374,3477.412,4747.2817,1
112503.2,2,2,2,24.42487,0,0,0,2,0,0,-4166.672,108800.9,46936.383,2673.4138,49373.89,26738.771,-1530.8177,427.3275,6069.103,-2118.8892,831.1915,3383.3274,1
96434.39,1,3,1,25.501122,2,-2,0,0,0,0,-22965.07,42219.84,19224.537,5011.625,41359.902,14748.51,10101.757,1565.986,5831.249,-3860.2505,2586.725,980.4208,1
101718.17,2,2,2,25.5373,0,0,0,0,2,2,63417.18,121767.94,57909.312,12902.014,40520.18,18366.488,3121.2158,-612.4083,10958.109,-1141.0654,2306.3684,3671.6504,1
125724.49,1,1,1,45.269085,-2,-2,-2,2,-2,0,-15742.492,8942.213,26141.818,3528.3513,5529.762,5845.4062,-3925.5847,3053.8928,5457.975,-3260.4126,744.6432,5598.4453,1
128257.414,1,1,2,29.448076,1,2,0,0,0,0,-24111.39,24449.229,30479.834,-250.76196,17940.068,17016.947,-5197.3594,3467.8315,6183.009,-130.66118,2047.5514,2900.221,1
102510.73,2,2,2,24.515858,0,0,0,0,0,0,-12940.6875,77178.27,34373.215,5213.8633,14246.821,6047.801,237.38785,1710.3861,6656.927,-3483.1812,1111.4584,4901.745,1
103402.53,2,2,2,41.86997,2,-2,-2,0,-1,0,-23260.477,1074.4471,19151.898,4755.465,9215.0205,6077.668,-1732.5448,1700.985,6270.313,-3092.1597,709.6239,4986.1494,1
116874.445,1,2,2,45.165195,0,0,0,0,2,0,-22968.602,16980.023,36196.7,4262.0547,6278.641,11778.85,-4523.996,2708.8174,6473.9097,-3528.3755,-1964.6698,6397.9727,1
118910.52,1,2,2,37.725456,0,0,0,0,0,0,-27469.89,19698.17,34822.91,1037.8162,8619.761,10421.215,-4073.2341,2058.7207,5446.097,-3569.0107,2037.1178,5052.423,1
103839.65,2,2,1,32.19736,0,0,0,0,-1,0,-14023.535,46697.105,26660.164,9424.09,6767.692,4526.8125,-972.49786,2364.204,7108.695,-2208.5615,548.13074,6154.705,1
113845.84,1,2,1,45.26569,0,0,0,0,0,0,75886.18,137426.98,126538.81,95698.99,10994.501,28065.852,-3049.1516,2174.0745,6803.7446,-2370.9688,23447.346,-22690.59,1
122443.516,1,2,1,45.043304,0,0,-2,2,-2,0,-15213.031,13530.201,32804.797,6177.1367,1576.7897,4375.664,-3911.5144,3677.0283,5547.101,-2666.5317,-510.04626,6780.196,1
142123.7,1,2,1,40.801876,2,0,0,0,0,0,183274.64,193068.08,132073.02,196739.97,114508.3,115024.77,-1708.6825,-1408.2731,12944.14,1812.2686,4966.5225,-1895.7074,1
110875.055,2,2,1,35.89131,0,0,0,0,0,0,-21268.273,16747.879,34082.215,7008.965,8642.454,9021.145,-3021.8684,2978.9966,6161.193,-2904.9478,-420.60046,6052.018,1
100471.62,2,2,2,24.707739,0,0,0,0,0,2,-18091.586,15590.631,26536.078,9265.883,21188.389,7949.5703,711.13495,567.5023,6570.1074,-2536.5405,1610.0724,4468.215,1
102369.34,1,3,1,44.723503,0,0,-1,0,-1,0,-8707.355,53394.477,22736.834,9655.457,5286.9497,3432.7969,-1388.5302,1578.5438,7100.149,-1404.2354,1936.9318,6298.3794,1
116850.28,2,2,1,45.37731,0,0,0,0,0,0,117082.44,150060.16,49684.145,6226.367,39480.42,26631.938,-2716.366,1235.1969,6651.4243,13963.796,-391.55798,6124.6934,1
121025.164,2,2,1,40.380226,2,-2,-2,2,-1,0,-19265.64,12057.732,25847.492,4982.828,4100.1685,5260.242,-2685.0764,3121.9976,5554.521,-2086.0635,-1.6683203,6012.868,1
121896.95,1,1,2,45.02218,2,-2,-1,0,-1,0,-18028.617,5473.955,19943.482,4413.699,7688.723,5598.629,-2781.6077,1475.1263,6414.575,-2523.772,1694.9933,5257.1484,1
136958.36,2,1,2,43.29311,2,-2,-2,2,-1,0,-20563.945,17089.574,25385.91,922.86694,3677.9653,7030.1816,-3674.613,2215.8108,5308.133,-2454.0752,902.9147,4457.127,1
119635.86,1,1,1,44.784256,-2,-2,-2,2,-2,0,-17271.797,10070.572,22872.668,4063.1287,8430.571,5307.3164,-3235.825,3350.193,5552.793,-3508.1138,1354.2621,4840.2915,1
96168.18,2,2,1,24.7727,0,0,0,0,0,0,18757.545,118559.65,57583.31,12798.436,29379.129,12863.459,1985.2592,1047.1166,7732.8413,-1289.9922,2180.1758,3808.3337,1
107098.44,2,2,1,29.801414,0,0,0,0,-1,0,-21602.328,5727.092,28286.576,8346.047,7971.9595,4934.5547,-1942.2963,2028.2567,6920.7036,-1108.1582,30.659317,5981.5024,1
91489.6,2,3,1,45.390533,2,-2,-1,0,-2,0,-15461.594,10069.322,20793.656,5444.168,11581.589,5993.699,-2504.9807,3354.903,5650.433,-4074.2153,2219.8289,4129.0845,1
111942.64,2,2,2,23.802233,0,0,0,2,0,0,-26940.328,34557.37,34969.266,206.78491,19198.229,12028.527,-3874.661,1728.5844,5440.588,-4217.853,-875.3544,3646.478,1
127184.19,1,1,1,44.89732,2,-2,-1,0,-1,0,-13563.129,8930.588,18139.123,7377.754,7999.68,4555.0977,-1588.0223,1795.8585,6423.961,-1462.1167,2344.5742,5495.3765,1
147633.64,2,2,1,26.06025,0,0,0,0,0,0,182175.89,183145.75,142903.0,215413.77,119866.945,109702.66,11431.729,-1802.1798,16017.303,5021.779,4727.8125,903.8739,1
108097.9,1,1,2,28.262299,0,0,0,0,2,0,-19997.227,25190.615,30254.74,6621.926,15335.2705,12458.51,-3744.5515,2123.528,6537.551,-3904.1353,99.89516,4525.824,1
103868.02,2,2,2,24.18019,0,0,-1,0,0,0,-22409.43,55919.402,29755.621,3291.738,29185.295,15180.947,321.88248,1908.6342,6434.966,-2752.4355,513.4376,4144.882,1
111827.87,1,2,1,44.864532,0,0,0,0,0,0,-20859.984,38637.168,39570.113,3721.9607,11539.222,11481.793,-3641.3943,3051.7537,5715.9624,-2400.099,-760.25867,6223.4385,1
112000.96,2,3,1,45.531235,0,0,0,0,0,0,-16921.477,19970.03,36189.426,5249.2695,4977.934,5725.1875,-4137.8604,3631.127,5297.8516,-2663.9023,-383.55945,6250.795,1
108669.06,1,1,1,42.87955,0,0,0,0,0,0,-16144.672,55199.55,37404.613,4646.2383,15719.075,5766.0547,-3554.7273,3098.9822,6340.942,-2769.5894,29.038712,6092.4614,1
106758.945,2,2,1,45.261658,0,0,0,0,-2,0,-12937.684,37305.137,37034.758,7278.832,1342.2194,4798.207,-2920.8157,4094.6138,5688.2817,-2801.2402,-1367.6224,7169.523,1
110327.81,1,2,1,40.272865,0,0,0,0,0,0,-21491.305,37441.965,34980.34,5406.6562,15200.341,12362.137,-2803.4802,2750.5671,6279.509,-1884.3726,-280.51257,5366.125,1
100786.84,2,1,2,45.010593,0,0,2,2,-1,2,8997.098,114214.695,49226.64,8354.57,71050.91,37990.926,2258.8394,-792.96594,13398.242,-3967.686,2764.1526,1647.0289,1
130031.68,2,1,1,45.650345,2,-2,-1,0,-1,0,-6550.203,16552.834,18185.965,10691.893,6350.5005,4287.918,-1462.0785,2117.3674,7246.482,-1693.8496,2501.4878,5757.841,1
105207.49,2,3,1,45.48403,0,0,-2,2,-1,0,-10990.844,50581.03,31577.02,4781.1797,8602.267,5984.5234,-3662.6726,2611.1345,5599.2637,4981.1777,934.9225,7248.382,1
138009.47,2,1,1,45.1992,2,-2,-1,0,-1,0,-5718.8203,21055.65,19262.02,10995.105,3251.809,3991.2578,-1588.5565,2191.2065,6802.0176,-603.5972,1663.8339,6389.4097,1
136411.08,1,1,2,28.29668,0,0,0,2,2,2,-19350.18,11375.979,27929.732,5939.7305,15041.954,11101.328,-3093.2468,560.45154,6426.0996,-2632.5083,1147.7697,4460.8184,1
138737.47,1,1,1,30.642881,1,2,0,0,0,0,158166.62,165533.19,91503.3,55192.34,91131.375,64252.0,-2800.4187,936.0194,13783.855,3490.9243,3343.785,4287.7686,1
84528.97,2,3,1,25.726614,2,-2,-2,0,0,0,-23203.594,2744.3572,15507.511,4635.5117,21823.73,7483.492,-535.8167,2213.9414,6026.3965,-4694.0894,2481.4211,2396.8843,1
113604.24,1,2,1,45.000713,0,0,0,0,0,0,-20739.133,48467.332,41503.758,3556.3826,16325.468,13769.131,-3635.4617,3039.735,5887.5024,-409.5865,-981.40857,6330.459,1
113202.59,2,2,2,25.177061,0,0,0,0,0,2,152506.16,156158.8,121055.63,166059.22,114061.15,102961.664,5670.472,-3510.973,12271.827,5193.007,4580.8594,781.78723,1
118406.55,1,2,2,43.39176,0,0,0,0,0,0,-24625.906,17183.004,35010.887,3266.6677,8523.347,10271.586,-4275.052,2412.1501,5631.838,-3058.087,-1010.35583,6206.4736,1
104168.984,1,2,2,34.664345,2,-2,-2,0,-1,0,-24350.54,-1247.2677,13933.964,5015.9414,14632.052,5926.2305,-408.09995,966.51184,6573.9297,-3011.9902,1372.2404,4038.2651,1
112143.195,1,1,1,44.94949,2,-2,-1,0,-2,0,-15730.641,11601.459,17761.996,5320.6016,11956.532,5808.074,-2095.2063,3120.0425,5871.6426,-4166.5337,2332.5525,3731.17,1
116740.555,1,2,2,45.301567,0,0,0,0,2,0,17466.074,138524.47,120992.75,111187.48,105310.31,82506.93,40104.88,-1030.9913,12401.028,-3171.6704,939.92444,-2091.9688,1
92069.63,2,2,2,27.161274,2,-2,-1,0,-1,0,-24650.977,-947.95526,13963.019,5463.5703,18059.072,6247.09,93.131996,1140.7489,6191.4653,-2898.5732,1209.2596,3725.2622,1
105948.17,2,2,1,36.004837,2,-2,-2,0,-1,0,-27784.875,3707.5095,27841.07,2312.91,6625.3247,15720.566,-2897.0793,3141.6384,5400.5317,-3985.2393,10449.62,-24556.6,1
114178.414,2,2,2,23.765507,0,0,0,2,0,0,-28055.031,29313.475,31870.42,648.0779,18356.666,10751.855,-4094.9207,1686.4691,5389.089,-4311.983,-893.5741,3333.0386,1
138015.5,2,3,1,40.836155,0,0,2,2,0,2,73403.89,125961.82,104523.05,86463.664,92914.914,61026.516,4036.1309,-580.42004,9471.696,1159.9907,3516.6956,2453.787,1
94824.734,2,1,2,27.89667,2,-2,-2,0,0,0,-21276.148,9276.35,18614.092,4361.676,14976.265,7320.9414,-346.7191,2411.1392,5577.6914,-4882.27,1659.4857,3804.5305,1
96232.22,2,2,2,24.797,2,-2,-1,0,-1,0,-24625.414,-24.591976,14355.603,5239.1562,17964.848,6623.1855,432.61002,1247.7819,6561.9346,-3977.0513,1388.3561,1355.1144,1
127704.77,1,2,2,45.029575,2,-2,-1,0,-1,0,-20513.102,2332.8884,20386.555,4533.0234,7293.7114,5121.5664,-2042.0048,1195.0397,6463.2007,-2083.8647,1147.9591,5557.0728,1
111242.48,2,2,2,26.154129,1,2,0,0,0,0,24846.89,122756.445,68719.24,6539.3438,53369.46,30575.008,-2422.673,2008.5941,7311.1597,-1108.0068,1302.2323,2703.3464,1
146949.23,1,2,1,45.345764,2,-2,-1,0,-1,0,-16384.07,27768.756,21513.258,3123.5076,3079.7427,5295.3516,-106.55697,1492.7826,7955.589,1164.7439,2930.558,6814.6016,1
112761.16,1,2,1,45.348515,0,0,-1,0,0,0,-17947.297,66359.91,40727.473,2090.5076,11727.366,11462.045,-2560.6296,2758.6711,5946.502,2622.7234,-44.26793,5813.138,1
109245.13,2,1,1,44.082497,2,-2,-2,2,-2,0,-16245.164,21544.37,24046.338,3142.8044,6292.071,6968.832,-3951.611,4495.6655,5049.1313,-5181.1216,923.4071,4987.2603,1
138472.44,1,1,1,44.87159,2,-2,-1,0,-1,0,-7531.668,15261.217,16941.236,9440.859,4366.391,3564.3086,-2205.9421,1326.9916,6963.1636,-513.62213,2527.678,5995.278,1
137366.39,1,1,1,45.581074,2,-2,-1,0,-1,0,-10038.453,10496.24,20251.998,7232.117,4346.5825,4312.3086,-2358.675,1476.3798,6885.4907,-840.3785,1933.3412,6417.6724,1
106630.32,2,3,1,42.907528,0,0,-1,0,0,0,-15829.328,58977.87,33503.465,4357.117,17110.324,6483.047,-1051.3973,3287.2456,6527.7627,-2090.92,1079.8053,5810.995,1
97754.06,2,2,2,36.326508,2,-2,-2,0,-1,0,-23455.203,-561.467,16404.654,5329.883,11973.403,5931.926,-1320.4354,1461.409,6210.2886,-2164.1475,835.78796,4723.419,1
117001.836,1,2,2,44.97737,0,0,0,2,-2,0,-23730.07,58708.895,36012.01,-199.06665,-238.87439,7205.164,-5784.29,3791.1958,4778.404,-4307.8403,-2319.4177,6759.9985,1
95751.32,2,2,2,36.429707,2,-2,-2,0,-1,0,-24337.797,534.7244,16247.81,5127.6875,12621.737,6687.1094,33.82975,1276.7069,6150.9375,-2763.6567,1083.9694,4576.596,1
116499.414,2,2,2,45.178303,2,-2,-2,0,-1,0,-20347.71,1307.619,25463.512,3948.3083,5527.9536,6934.9355,-3059.2815,1639.8771,5988.54,-2294.224,240.61342,5757.2676,1
116545.07,2,2,2,37.262146,0,0,0,2,2,2,-24603.96,26466.707,31888.234,3796.7185,22575.26,16501.928,-1689.306,1267.1007,5763.464,-56.09966,-437.4442,5339.164,1
96160.8,2,3,1,42.78472,-2,2,2,0,0,0,12537.91,132808.39,54238.14,3104.7068,30606.693,13668.344,-60.65902,2457.8481,7249.969,-3000.9634,3626.5454,2440.8928,1
113265.21,2,2,1,45.019966,0,0,-1,0,0,0,-18441.617,85584.32,47826.3,3078.5505,24001.857,17771.951,-1727.6078,3284.0732,7432.1514,-2126.2969,-810.64734,958.6371,1
97314.41,2,2,2,24.630447,2,-2,-1,0,-1,0,-22903.625,4567.459,17557.008,4944.258,12090.7705,5702.5195,-1469.7128,2381.09,5722.1196,-3148.0557,406.06995,-19094.97,1
111774.33,1,2,2,24.784042,1,2,0,0,0,0,100748.25,131534.78,92982.836,26545.51,66142.58,15829.07,-1777.893,1539.8397,7441.9,-1615.8452,2345.953,3482.2126,1
115268.28,2,1,2,41.72365,0,0,2,2,0,0,103663.445,145801.95,123427.63,124586.84,108665.125,93751.5,1024.1617,-1539.8107,5963.0425,645.0268,6777.7993,5510.7725,1
106370.21,2,2,1,43.47791,2,-2,-1,0,-1,0,-20229.195,3076.3962,20096.678,6595.3125,9581.735,5627.922,-1088.9291,2099.899,7378.6367,-2524.667,1214.3251,4967.302,1
114591.31,2,2,1,43.509953,0,0,0,2,0,0,-10086.9375,108412.12,57904.43,1798.5076,42594.44,24502.984,-3428.0964,2041.2198,5539.199,-1530.519,-188.44127,5028.0244,1
118243.17,1,2,2,25.065105,0,0,0,2,2,0,-26750.266,33424.82,33260.543,1801.2341,26381.967,17486.43,-4337.706,1647.1268,5988.447,-4523.0767,-1274.6371,2966.6772,1
104254.39,1,1,2,45.27011,2,-2,-1,0,-1,2,-14005.352,5379.1113,13256.827,9139.637,15910.9795,5702.7734,1196.8114,377.33435,6772.5273,273.029,3296.7825,3838.9138,1
107730.53,2,1,2,36.558178,2,2,-2,0,-1,0,-21688.11,2746.9626,20456.582,4522.285,9277.171,6096.002,-3652.4373,2417.6494,6114.6943,-3166.0342,1121.3861,4519.937,1
91230.26,1,3,2,24.933483,2,0,0,0,-1,0,-12352.469,63325.805,16672.568,4925.965,17912.752,6174.24,-622.533,2010.2167,5752.366,-3837.398,1790.8146,3174.999,1
92309.2,2,1,2,24.920513,0,0,2,0,0,0,21700.47,117390.13,58131.48,17299.336,32738.004,14165.549,3164.6353,622.13806,8235.044,7899.2603,3411.1965,3283.4136,1
111685.055,1,2,1,44.506664,2,-2,-2,0,0,0,-28093.117,1846.6464,13815.878,39383.25,30435.3,32718.84,831.3332,1383.5302,28783.1,-5155.569,25631.246,65.65733,1
122847.52,2,2,3,45.255306,2,-2,-2,0,-2,0,-21936.367,5955.033,31802.771,2212.7693,6127.989,8092.9727,-4736.5254,3123.806,5266.897,-4050.3657,876.5126,4596.589,1
99697.32,2,3,2,25.037125,1,-2,-2,2,-2,0,-24893.477,26007.127,15548.856,129.87866,15421.823,9655.432,3515.4458,2925.0222,4905.6924,-5798.9663,2246.655,3190.1562,1
110270.695,1,3,1,45.57085,0,0,0,0,0,0,-15091.273,57021.242,36847.086,4519.0625,9730.042,9162.77,-3471.9167,3007.8994,6234.429,-2532.7715,559.09705,5643.622,1
126162.18,2,2,1,40.86814,2,0,-2,0,-1,0,-18293.36,8682.771,30135.73,7374.832,4126.7036,4718.1875,-2402.9172,2714.926,5973.2905,-232.7481,-26.324081,6412.171,1
110936.766,2,2,1,41.151566,2,-2,-1,0,-1,0,-18146.828,3084.529,18576.059,7604.8906,9179.167,4940.4336,-994.64777,2057.8418,6602.9116,-2241.65,1250.6959,5254.506,1
131326.8,1,1,1,33.354717,2,-2,-2,0,0,0,-22929.297,18404.727,17157.521,4664.699,21881.025,7818.662,3439.3271,2811.057,5229.974,-4616.7593,55122.332,-696.2279,1
108961.99,1,3,2,28.392653,2,0,0,0,0,0,-23625.46,37507.766,29532.525,1182.6443,24665.533,14551.299,-3363.243,2953.9316,5986.476,-2473.5645,713.15027,1847.2228,1
147369.25,1,1,1,45.643875,-2,-2,-2,2,-2,0,-4895.0977,23150.293,23399.309,7059.0273,1084.1412,3559.7852,-3376.8796,2308.8079,6267.032,-1217.1743,1113.2572,6597.0005,1
112460.46,1,1,1,45.138927,0,0,0,0,0,0,-18081.54,48205.688,39212.812,3479.3982,13666.741,13396.322,-4183.9434,3087.097,6183.973,-2064.6104,-269.37732,5733.8457,1
88535.07,2,3,2,26.086105,1,2,-2,0,-2,0,-24230.062,11983.611,18042.275,2064.1794,16529.402,9324.35,-3725.2556,3068.5513,5917.437,-4903.5864,3099.6516,2849.5115,1
108550.016,1,2,1,44.954628,0,0,0,0,0,0,12554.34,123425.84,71057.98,14634.959,32283.43,18139.945,-1033.4208,1727.8204,7492.0356,-891.232,848.0465,5034.331,1
117769.875,2,2,1,44.968075,2,-2,-2,2,-2,0,-20092.672,13701.201,27603.504,2966.82,6454.02,6185.4883,-3797.6228,4265.4644,5040.822,-4306.485,238.14125,5237.896,1
109708.38,2,1,2,40.06986,1,2,0,0,0,0,66153.86,129405.81,98168.33,55553.543,81630.664,59753.695,-4111.5117,1746.3317,7542.873,-257.08844,3472.2585,4313.165,1
94507.49,2,2,1,24.875769,0,0,0,0,0,2,-10237.07,61093.45,27621.06,11147.998,26482.65,9256.297,1922.1866,1227.3925,7563.6685,-1639.8696,1947.6954,2159.1562,1
103788.0,1,1,2,28.688437,2,-2,-1,0,-1,0,-18386.586,4625.826,14394.788,6478.3867,14370.112,5565.086,-826.7874,1334.5724,6265.8535,-2585.789,2153.2173,3710.9695,1
130324.2,2,1,1,45.213146,2,-2,-2,2,-1,0,-13974.914,24134.002,24596.438,4573.1562,18053.453,7149.5312,-3314.619,3490.7563,5537.6807,8687.368,1455.7233,1052.8917,1
133952.2,2,1,1,27.545492,1,2,0,0,0,0,160468.95,166773.86,125897.64,141681.33,106541.96,97033.82,-1500.2845,592.04333,10587.915,2004.4243,3975.4072,790.36414,1
127282.14,1,1,2,43.29309,2,-2,2,0,0,0,-6455.043,1616.1112,18805.148,151424.86,121919.766,94585.69,-317.9305,2454.9548,46444.523,528.3691,6286.2314,-5683.2725,1
124860.31,1,2,1,45.36751,2,2,-1,0,-1,0,-17242.719,2435.9236,25424.504,6382.199,7250.485,5616.965,-3388.5388,2075.9856,6209.919,-1189.0518,555.5448,5609.93,1
99090.31,2,2,1,24.71524,2,0,0,0,0,0,1635.961,116018.33,43224.12,7647.375,33521.117,13237.592,1284.1459,2076.2031,6285.2217,-1549.4795,1206.5074,3286.3633,1
137621.7,2,2,1,42.02473,2,-2,-1,0,-1,0,-17630.945,14362.803,19372.582,5283.7656,5113.2583,4638.199,-1030.4916,2163.8782,6412.069,-1357.9595,1575.3534,6107.501,1
108895.93,2,2,2,25.30055,1,2,0,0,0,0,5569.379,120499.54,55141.492,8189.2266,57478.56,32126.484,-2269.2546,2026.37,8023.062,-1331.793,1208.9591,1756.1757,1
107507.625,1,2,2,42.91479,0,-2,-1,0,0,0,-24746.14,6541.0605,19283.678,3197.1404,11108.603,6220.59,172.12564,1468.7865,6032.5264,-3665.3857,890.7374,4527.196,1
141626.66,1,1,1,45.46941,2,-2,-2,0,-1,0,-1300.664,20902.63,15608.95,12294.393,4479.0747,3427.957,-1605.077,1175.5463,9762.388,-333.32184,2740.7498,4208.981,1
124940.11,2,3,1,43.84314,2,-2,-1,0,-1,0,-18359.21,13798.01,19877.56,4388.2266,10210.038,5337.1953,-1098.3964,2597.2915,6225.48,-2504.942,2683.9797,4571.806,1
104940.5,1,3,1,45.77127,0,0,0,0,-2,0,-9030.105,38277.836,32461.121,6764.0156,3536.5708,4563.047,-3054.1394,3784.9478,5675.059,-2622.0347,566.7821,6317.5723,1
112892.01,1,2,2,25.997173,1,-2,-2,0,0,0,-23896.883,-2226.053,13872.558,7707.2734,63289.08,30187.92,-852.76886,-254.69545,7810.639,28198.83,2935.8496,1339.4327,1
108465.484,1,2,1,33.948616,0,0,0,0,0,0,-22655.398,10218.35,31197.309,6710.5703,11206.651,8171.295,-2510.5828,2363.1914,6460.2544,-2905.9282,49.37172,5462.0254,1
119851.31,2,1,2,23.561264,0,0,0,2,0,0,-33349.562,9565.256,36017.7,-4679.047,8009.02,9743.023,-6890.7773,3239.1462,4758.329,-2983.188,-2432.6838,-22365.244,1
106033.73,2,1,2,24.4859,1,2,0,0,0,0,56638.79,124104.94,87014.11,44647.42,83127.28,56101.49,-2406.8352,1576.0345,8145.802,-405.54205,3254.9285,784.2943,1
118059.26,1,3,2,44.925655,0,0,0,2,0,0,-22313.625,68677.17,45553.746,-2812.8557,29645.547,22598.287,-5641.918,2501.4038,5075.143,-3118.4663,-898.82605,4031.453,1
111071.16,1,2,2,29.392784,0,0,0,0,0,0,-24136.812,8100.5527,30258.984,4077.8982,8927.595,6253.6777,-2554.3284,2185.3442,5899.196,-3582.3276,-71.40123,5678.2866,1
106249.586,1,2,2,29.578138,0,0,-2,2,-2,0,-19902.984,4527.6113,27192.754,4089.4607,5565.555,5880.4336,-4227.4873,2830.2585,5433.886,-3942.3418,-188.82164,5909.917,1
105156.805,1,2,1,43.674126,0,-2,-1,0,0,0,-19575.21,61969.207,20744.21,2675.7966,13615.304,5382.4883,15639.826,1674.7238,6740.0796,-3410.2437,1778.0055,5000.226,1
134041.1,2,3,2,45.68132,1,-2,-1,0,-1,0,-12278.016,11243.225,24602.713,6893.1133,4472.985,5251.301,-2686.472,1600.4816,6481.8145,2308.6853,3558.246,6029.965,1
114599.164,1,2,1,44.84455,2,-2,-1,0,-1,0,-20831.305,4853.592,19493.787,5656.824,10447.056,5342.832,-253.31186,1683.2992,6508.013,-94.05669,1489.7338,5032.564,1
141677.34,2,1,1,43.456688,2,-2,-1,0,0,0,-20116.71,37434.332,28691.342,175.42944,3863.6997,8470.08,-1118.0009,3305.1877,5132.9126,-4572.643,2175.4285,2285.7412,1
107906.89,2,2,1,24.432833,0,0,0,0,0,0,-21167.875,17170.951,31763.484,7986.504,16872.42,9594.926,-1562.2225,2383.0012,6555.242,-2545.8003,593.0209,4356.278,1
97867.67,1,2,1,39.521618,2,-2,0,0,0,0,-27109.54,10167.783,21423.342,3471.3044,17877.447,9047.877,1235.9779,2384.97,5848.0273,-4145.6265,601.9254,3492.6526,1
80358.305,1,2,2,43.2967,2,2,2,0,-1,2,-17507.602,5771.881,4286.4985,15635.279,79394.52,34119.15,3105.5044,451.76648,26696.26,130.79195,3606.742,593.5685,1
107292.63,1,3,1,42.163338,0,0,0,0,0,0,-17665.648,25948.902,31262.66,6296.9023,11016.782,8627.617,-3124.846,2952.9573,6274.064,-2713.8618,940.4823,5242.2847,1
95125.88,1,2,2,24.639399,0,0,0,0,0,2,-12156.168,53297.94,25798.719,8885.578,32772.203,12486.445,1948.8529,-6.9615574,7521.4375,-1209.4121,2170.7822,3482.5896,1
119409.28,2,1,2,41.68285,1,-2,-2,0,-1,0,-18407.219,3774.0173,25184.305,5973.117,5520.6646,5860.3125,-2925.2512,1922.9208,10764.432,-1818.2866,1447.485,2283.861,1
128622.305,2,2,1,45.357197,2,-2,-1,0,-1,0,-15427.828,6425.416,22203.688,7224.2188,5882.6567,4630.0625,-1554.2157,2082.864,6545.7407,-1349.252,1182.2941,5673.1387,1
113102.234,2,3,1,45.19238,1,-2,-2,2,-2,0,-19877.727,24733.17,33046.777,-721.38696,1461.0553,8505.381,-4553.2383,4233.3623,4671.2983,-4732.687,292.06042,4190.866,1
110181.75,1,3,1,45.676907,0,0,0,0,0,0,10312.539,125574.664,74758.836,6494.0273,11559.179,5682.5586,-2174.945,1961.8495,6999.061,-995.94635,1387.7369,6288.0264,1
108935.38,1,2,1,36.627136,0,0,0,0,0,0,-19967.227,49193.91,34802.26,5755.7344,20042.18,13562.83,-2226.466,2534.1633,6079.104,-2655.4297,-68.84459,5824.952,1
114884.734,2,1,1,44.491737,2,-2,-2,0,0,0,-22761.555,3992.908,26360.844,2978.3044,9666.169,7541.0605,-3570.1208,2652.0042,5886.724,-4499.8696,1093.2294,4426.689,1
138062.56,1,2,1,43.905277,2,-2,-1,0,0,0,-16860.617,11595.221,23629.828,5469.711,5916.61,4730.328,-1106.8856,2239.39,5831.806,-2819.505,1064.1451,5692.561,1
111955.06,1,1,2,44.885944,2,-2,-2,0,-1,0,-20532.86,3927.6462,20151.09,3864.2537,9370.739,6114.006,-2763.3953,1457.8214,6105.1064,-2354.7197,1567.0455,5141.636,1
142718.31,2,2,1,44.709347,0,0,0,0,0,2,185937.75,183689.3,131197.64,216132.94,120671.0,119442.34,2241.415,-3671.4045,17584.014,4362.501,12567.651,5312.067,1
111762.3,1,2,1,45.27429,0,0,0,2,-2,0,-21782.516,26371.34,37859.54,1230.2263,-478.5033,6611.752,-5589.093,4307.4927,4737.6396,-3956.7666,-2442.0828,6953.426,1
112685.32,1,2,2,24.270037,0,0,0,0,0,0,-24427.672,9045.752,28459.361,5863.1094,19156.682,9882.0625,-1949.539,1316.8285,6028.6416,-3009.8975,589.9603,3881.9026,1
86506.1,1,3,1,40.9226,2,-2,-1,0,-1,0,-18061.898,5514.416,14232.991,7750.957,13826.562,4869.328,-184.1517,1830.911,7861.2856,-2454.6538,2950.327,3720.5552,1
129545.93,1,3,2,25.147577,2,0,0,0,0,0,53739.13,126699.086,46771.832,3425.6326,24160.123,14010.908,-2648.5295,3433.4968,16665.031,1743.5542,7588.9595,-14817.511,1
106467.53,2,2,2,24.663864,0,0,0,0,-1,0,-19892.938,17594.145,24563.531,7858.547,12451.099,5323.1445,-49.39437,1277.951,7218.627,-2936.9482,1316.069,5077.8315,1
111611.875,1,2,2,38.414925,0,0,0,2,2,2,-1231.9686,99311.46,44809.37,4795.422,54739.457,31646.994,13.826819,-483.64905,6311.672,652.83026,2153.2654,2681.346,1
103988.875,2,3,2,26.473494,1,2,0,0,0,0,84603.13,132530.62,101548.305,8136.4062,46300.836,24131.0,-2409.598,2260.168,6831.484,-1869.2017,2641.089,2433.629,1
114517.87,2,2,1,44.87529,0,0,0,0,0,0,-21091.055,9806.369,37029.8,5532.578,3451.274,7436.8457,-4099.465,3408.1365,5861.5776,-3046.1108,-1684.5609,6763.82,1
123681.42,2,1,1,42.823215,2,2,-1,0,-1,0,-15281.727,10492.326,23076.865,6551.9766,6180.8247,4711.9766,-3492.3425,3236.1133,6013.446,89.24751,1237.3624,3607.7175,1
113569.89,1,2,1,44.841618,0,0,0,0,0,0,-22047.227,36800.11,38685.082,3805.0427,14248.157,12563.445,-3506.737,2952.806,6416.1157,-2426.245,-851.99744,6017.893,1
103831.05,1,3,1,44.846207,0,0,-1,0,0,0,-19923.32,40700.797,28950.336,3216.867,9604.091,6831.5273,1262.786,2567.632,6335.4155,-3586.4697,1394.1764,5310.444,1
108292.805,1,3,2,24.873629,1,2,0,0,0,0,92780.93,108698.95,36585.527,3805.777,23424.736,7334.9297,-2314.8914,2485.5264,5746.0337,-3892.7783,2504.925,2868.4207,1
107618.77,2,2,1,43.555916,0,0,-1,0,0,0,-18962.43,69709.65,39749.465,3289.199,22612.793,16125.996,-1194.8905,2979.374,6417.8906,-2056.0762,-156.74303,5693.91,1
96324.73,1,1,2,24.404926,2,-2,-2,2,-1,0,-28322.336,6065.76,17027.352,1203.8474,14521.933,14382.008,-2482.9905,1395.7477,5321.332,-4234.8296,10252.934,3390.4993,1
127956.32,1,2,1,44.62578,2,0,0,0,0,0,-25119.586,18140.248,37630.55,1550.2302,6866.094,7931.16,-4579.8203,3793.6323,5324.477,-2681.0054,-1048.8344,4891.601,1
125553.33,2,1,2,34.918114,2,2,-1,2,-2,0,-25277.852,24294.389,24275.072,-3000.7932,7194.0317,9036.102,-5528.9355,4751.8403,4547.678,-6388.226,525.48157,4459.534,1
91966.875,2,1,1,25.351261,0,0,0,0,0,0,21643.857,116406.93,63316.03,23684.473,15316.12,5052.551,1269.9957,1550.0568,8828.444,-2645.9424,2784.3923,4484.6226,1
100927.62,2,3,1,45.361835,2,-2,-1,0,-1,0,-17576.242,10926.018,23316.045,3985.953,6440.1333,5282.25,-2960.6184,3016.6406,6034.563,-2028.5786,966.8441,-119.232315,1
136514.3,1,2,2,30.495691,0,0,0,2,2,0,162657.48,181159.83,130221.016,203613.5,117612.195,110932.79,-2623.1711,-2374.7058,13310.368,-3748.2373,3567.133,-2831.7778,1
109085.86,2,1,1,37.97536,1,2,0,0,0,0,58.58999,111114.266,59750.867,10170.453,44420.508,25834.902,-3800.5417,3599.6343,6669.608,-1159.3696,1658.9076,1884.5182,1
115543.76,1,2,2,30.300533,0,0,0,2,0,0,21352.06,124207.945,75220.69,8800.379,73067.0,44252.7,-1636.6693,9.964712,6211.154,-894.87994,1512.0865,1753.8895,1
113585.266,2,2,1,45.23485,2,-2,-1,0,-1,0,-18896.453,6470.127,23389.758,5778.133,7417.563,5517.285,-738.97833,2093.6135,6363.076,-2104.107,628.8358,5248.3843,1
106785.016,2,2,2,24.064487,2,0,0,0,0,0,-24596.453,45868.887,34753.277,2914.5232,23738.586,13477.092,-3080.5354,2703.9197,5510.5127,-3880.1416,-525.7782,3842.6501,1
117088.63,2,2,2,39.82419,0,0,-1,2,2,0,-21806.023,84108.39,41978.79,367.9099,31749.271,22889.195,-2817.994,2122.7126,6700.752,-4493.942,-1322.2518,3805.45,1
115110.02,1,2,2,45.260765,0,0,0,0,-1,0,-18791.977,50165.016,37506.625,2482.4177,1260.3873,5815.0938,-3025.7156,2260.49,6625.581,-1623.6909,-1518.389,7670.907,1
112530.36,1,2,2,24.278063,0,0,0,0,0,0,-23835.906,11072.475,28728.164,5921.547,19537.416,10049.385,-1838.2006,1249.9769,6069.239,-3147.1758,634.1996,4467.305,1
104285.9,2,3,1,45.911846,0,0,0,0,0,0,61454.875,123671.5,89118.42,40396.195,6774.4575,4641.453,-444.33774,2360.094,7540.787,-1825.8721,2000.0416,6013.84,1
99930.49,2,2,1,45.88693,0,0,0,0,-1,2,22013.457,119204.37,69855.51,17960.623,6861.9653,3281.7266,1883.7965,681.8602,7518.7427,2640.3127,1589.5111,7121.5913,1
120588.87,2,2,1,44.780437,2,-2,-1,0,-1,0,-17117.656,5362.213,20758.016,7103.5117,7386.364,4806.543,-1285.6879,2119.6182,6518.462,-1770.0503,1191.1036,5417.727,1
104649.805,2,1,1,42.678547,2,-2,-1,0,-1,0,-14986.648,7020.869,19148.31,7306.1094,8193.907,5233.9727,-1945.1537,2260.157,6226.0884,-2590.642,1557.0148,5250.373,1
97214.05,1,2,1,31.325037,2,-2,-2,2,-2,0,-24803.188,15152.076,18507.52,1654.6677,11498.563,6923.1367,-1797.8983,3840.7551,5094.485,-5185.348,804.82385,1637.4469,1
116380.91,1,2,1,45.041595,2,0,0,0,0,0,-22203.242,69393.89,49040.625,563.37866,25461.236,19499.035,-3973.2126,3453.0847,6095.83,-2808.7808,-1471.3876,4851.1353,1
115876.87,2,2,2,24.966877,0,0,0,0,0,2,163699.83,163606.39,113540.45,143995.83,118429.29,97690.47,6353.385,-4219.7314,17098.785,4661.2593,6145.5024,4037.3503,1
112816.1,2,2,1,24.942032,0,0,0,2,0,0,76568.26,127388.32,101751.24,58231.605,81818.22,51867.473,211.08658,619.1229,6131.9097,-571.8521,1237.7343,2144.5112,1
121350.89,1,2,2,45.181286,1,2,-2,0,0,0,-24667.016,9056.521,35191.945,31.9607,6568.0396,8900.773,-4452.99,3109.9846,5297.637,-3624.4854,-286.06384,4061.0115,1
138519.81,1,1,2,40.61794,0,0,-1,2,0,0,137514.88,161420.69,131414.5,134490.31,101877.52,14015.33,120.29752,498.11365,5635.5405,1571.1704,961.30945,5987.3125,1
89640.836,1,3,2,41.714573,2,-2,-1,0,-1,0,-20780.227,4300.463,13982.202,5504.3555,13237.085,5628.699,-1317.8221,1401.2777,6341.3706,-2716.503,2537.8013,3872.2358,1
110884.15,2,2,1,37.26464,1,2,0,0,0,0,51694.1,125177.875,95202.87,50130.027,80115.7,56271.207,-2568.0725,2285.191,7880.914,397.22406,1622.6989,2469.0657,1
82191.06,2,1,2,26.565332,2,-2,-1,0,-1,0,-19323.133,3769.74,12566.136,7087.0703,17515.602,6156.045,-468.94174,1593.7848,6757.9067,-4099.555,2526.1345,3453.0132,1
92130.516,2,2,2,24.745314,2,-2,-2,2,-2,0,-25888.766,4635.1113,17477.926,2532.2341,16457.744,7685.8867,-2774.1814,3077.5598,5054.7383,-5304.2534,844.1427,3285.7034,1
104410.37,1,1,2,34.35268,0,0,0,2,0,0,-27687.328,119507.21,64268.46,4940.6797,73578.8,38628.35,35142.598,-892.2174,6384.781,-1250.0234,3253.9326,2149.9773,1
115366.96,1,1,1,45.264294,-2,-2,-2,2,-2,0,-18066.36,8840.104,24357.416,3313.9724,8068.489,5602.789,-3565.696,3289.5894,5448.1104,-3590.6138,1043.7484,4952.3896,1
104550.45,2,2,2,24.281914,1,-2,-2,2,-2,0,-28991.96,8455.506,24234.496,-18.867426,11093.388,8900.879,-3838.9412,2930.178,5123.1343,-5225.942,378.46838,3927.054,1
84524.664,1,1,2,26.590303,2,-2,-2,0,-1,0,-23277.82,625.10333,10791.769,5320.586,19616.244,6603.2715,-558.8309,816.8744,6362.704,-3590.1118,2184.355,2975.078,1
88633.914,1,1,2,24.937235,2,-2,-2,2,-2,0,-23531.906,14631.572,12688.038,609.3396,17622.654,8794.811,-1277.8065,2916.533,4941.116,-5831.4644,1799.9491,2974.1184,1
85804.33,1,2,2,25.867615,2,-2,-1,0,-1,0,-23371.594,-701.8029,8426.78,7206.535,23199.139,5939.836,1661.0428,666.5853,6469.6123,-2910.3828,2185.7898,2453.233,1
92908.58,2,1,1,45.01005,2,-2,-1,0,-1,0,-15849.234,9165.139,19398.504,8145.785,10321.796,5527.328,-1892.1991,2386.9429,6592.251,-885.3355,1831.7399,3858.703,1
118775.56,1,1,1,42.08254,2,-2,-2,2,-2,0,-21975.328,10447.045,23538.88,1797.6365,8295.86,7589.6895,-4358.5195,3564.3315,4876.11,-4858.023,1766.2943,4577.554,1
142685.14,2,1,2,45.09184,1,-2,-2,0,-1,0,-9544.016,13171.365,23624.46,8917.168,12670.735,4964.4688,-3224.1033,1485.2484,8219.259,7713.264,1872.9972,6769.899,1
104905.13,2,2,1,43.796894,0,0,0,0,2,2,53274.453,121970.03,44210.48,12711.789,33826.02,18437.053,846.23114,948.2435,11326.075,-736.3516,1136.038,5021.2925,1
110839.43,2,2,1,43.59643,0,0,0,2,-2,0,-21754.86,23352.26,36859.434,2527.4568,-170.76501,6141.633,-5289.9873,4700.3345,4761.7173,-4156.7583,-2169.453,6668.303,1
107154.74,2,1,2,24.68823,0,0,0,0,2,0,-19024.672,10783.865,29230.111,8161.215,13379.38,9977.697,-2896.0144,1982.6515,6226.283,-3980.6099,510.47766,5032.5874,1
97757.29,2,2,1,32.078335,-2,-2,-2,2,2,0,-26023.867,-1455.2443,20636.963,3506.1013,31322.072,14915.508,-833.6204,1615.5836,5870.122,-4210.179,-172.33043,3551.8433,1
105413.89,1,2,1,24.460424,0,0,0,0,0,0,-21807.719,22795.266,30223.3,7235.1953,21277.305,10625.615,-930.88654,1919.8173,6362.863,-2458.3594,758.8795,3998.3184,1
112719.586,1,2,1,44.740643,0,0,0,0,0,0,-19148.64,53879.367,41230.566,3847.7693,16577.043,11012.512,-3336.1316,2977.881,5881.1514,-2276.5356,-726.95447,6329.4336,1
86854.48,1,2,2,26.192295,2,2,-1,0,-1,0,-20828.219,1029.5448,12623.046,8442.766,18752.74,4593.3438,-146.4808,1569.5065,6138.0825,-2140.3262,1870.1261,3350.5352,1
118983.19,1,3,2,44.65129,2,0,0,0,0,0,-29331.156,10736.092,25106.047,-862.9768,19278.906,12593.547,-5315.5,2740.1768,11344.7295,-4708.2563,-151.30992,2928.2053,1
145698.67,1,1,1,45.820633,2,2,-1,0,-1,0,-5594.3867,21479.676,22542.186,7550.1523,1445.9811,3049.1836,-3814.077,1907.5531,6870.578,4044.2527,1045.337,6973.83,1
114743.7,2,2,1,26.88297,0,0,0,2,0,0,-29510.14,31616.1,35787.117,908.93726,22885.518,15294.164,-3131.4978,2474.3345,5311.89,-2622.4941,-1049.2479,3387.1316,1
97638.55,1,3,2,25.042494,0,0,0,0,0,2,-14776.273,19178.756,22000.574,9899.93,30453.67,11545.764,1415.1962,369.6327,6846.5493,-320.93805,3398.906,3328.2217,1
114907.0,1,3,2,44.35341,0,0,0,0,0,0,-20265.219,50421.42,54760.715,1991.9802,7673.864,6680.164,-3994.6843,2761.495,6270.741,-2787.7402,145.92982,6258.7607,1
104755.74,1,2,1,43.088207,0,0,0,0,0,0,12818.621,121297.28,67660.3,16437.61,14848.476,8367.342,-20.751305,1466.2001,7438.564,-1518.5625,1407.8695,5227.0425,1
93770.41,2,2,2,31.059618,2,-2,-2,0,-1,0,-22388.055,-958.174,12279.007,6760.211,18578.066,5658.953,723.945,1480.414,8634.769,-3766.6948,1555.9388,3434.3904,1
117642.14,2,2,2,23.742886,0,0,0,2,0,0,-30595.992,16749.0,31453.111,423.98022,23415.846,15120.016,-4150.534,1458.8326,5846.6196,-3520.851,-268.5072,3472.9194,1
108109.6,2,2,1,44.26785,1,2,0,0,-1,0,-8831.543,98835.14,50555.13,4370.078,7452.942,6852.6523,-3613.2625,2958.7617,7556.1963,2567.17,1119.0399,4608.07,1
141862.55,2,2,2,27.737476,1,-2,-2,2,-2,0,-14503.859,15919.115,25080.234,5998.9844,4737.196,5105.242,-3124.6086,2935.5938,5803.1265,-2909.2163,1428.2352,5750.2524,1
109415.39,1,2,1,38.825855,0,0,0,0,0,0,-22469.148,13919.143,32515.87,6178.41,9431.21,8344.602,-2796.4294,2620.1707,5899.0815,-2520.0127,-249.27818,5261.436,1
131679.31,2,1,1,41.975925,2,2,-1,0,-1,0,-13724.387,9390.67,21527.207,7766.4336,5774.4146,4340.785,-3118.9294,2858.948,6369.869,-2067.5,1588.5314,5046.7246,1
113292.87,1,1,1,42.768944,2,-2,-1,0,-1,0,-16983.602,5970.5527,17468.773,7018.176,10056.384,5183.215,-1579.8568,1876.7426,6748.8403,-1874.1465,2368.5166,4628.7847,1
107731.04,2,2,2,24.349365,2,2,0,0,0,0,-31240.008,10089.631,22714.541,2057.8904,24483.824,31183.684,-2358.3362,1818.2062,5433.363,-4480.9604,19550.773,1518.4496,1
105539.336,1,1,2,44.811943,2,-2,-2,0,-1,0,-21612.016,2679.818,19851.873,3646.492,9793.231,6467.385,-3130.695,1482.1771,6817.923,-3104.0757,1480.2013,4543.2607,1
117424.06,2,2,2,23.764215,0,0,0,2,0,0,-22192.727,68649.484,40258.58,657.0154,37910.383,21152.443,-3794.9656,1823.6823,5569.132,-3149.416,-981.6459,657.08777,1
115154.96,1,1,2,43.18965,2,2,-2,0,0,0,-22990.375,2829.6658,24211.658,-722.75024,9427.575,9948.215,-5460.4736,2532.0137,5462.8867,-4841.054,1778.2037,4284.885,1
120451.195,2,3,1,45.02337,0,0,0,2,0,0,-26275.64,31155.537,39728.63,-1472.9026,11233.706,14586.613,-5653.4326,3364.0784,4773.511,-2405.1597,-619.5394,5436.9976,1
100908.27,1,2,2,26.12392,2,2,-2,0,-1,0,-27463.39,-69.71697,14145.437,5111.258,17253.135,22890.246,502.82388,1049.412,5930.775,-3380.6929,19487.42,2515.5933,1
105682.36,2,1,3,24.526459,0,0,0,0,0,0,-16253.094,47358.375,36006.78,4870.1875,8500.528,7279.7637,-2795.6633,2846.344,5503.1504,-4341.392,1896.8351,5244.9995,1
116417.42,1,3,1,44.933537,0,0,-1,2,0,0,-24294.984,56705.734,32589.97,-234.70728,23059.244,16261.369,-1671.5839,1417.0133,5440.779,-3525.2627,875.56775,4200.639,1
131173.92,2,3,1,45.586388,1,2,0,0,0,0,115499.59,143632.22,116372.17,115041.195,105006.35,90570.7,-3682.8123,2042.1517,9330.481,1999.3872,4013.6965,1375.9579,1
110112.516,1,1,1,41.7305,0,0,0,0,0,0,-19879.664,21921.723,34008.35,4647.914,4445.149,7295.367,-3782.7566,3266.6326,5595.7773,-2993.835,-246.77672,2495.6975,1
111582.39,1,2,2,24.425323,0,0,0,0,0,0,-23285.79,14768.139,28668.648,5986.6797,19687.855,6368.6953,-1615.7489,1278.0265,5991.753,-3319.2524,655.8954,4604.4077,1
124099.625,1,2,1,45.496655,1,-2,-2,0,-1,0,-19166.695,6500.4707,26006.955,5371.633,6053.9927,4839.715,-1762.1215,1831.2736,8764.086,1537.532,1222.7697,6183.731,1
108498.02,2,3,1,25.093117,0,0,0,2,0,0,-24427.227,41593.4,34044.85,1214.7966,26815.697,14866.904,-3021.5535,2832.3142,5234.459,-3815.7568,566.68933,2050.3838,1
96829.21,1,3,2,29.629034,0,0,0,0,2,2,-7781.5,55274.47,23945.844,11301.162,39802.12,18418.172,296.53726,807.31775,10305.878,-556.3121,2291.5596,3225.4922,1
146503.64,2,2,1,39.83363,1,2,0,0,0,0,-22388.96,24913.549,37944.89,1141.8982,644.6256,6594.3613,-5043.5107,4164.592,6287.4746,-3442.9424,198.76967,4826.63,1
110036.18,1,2,1,44.89858,2,-2,0,0,0,0,-28213.695,12162.131,27665.92,1381.117,18291.127,11289.119,-695.2801,2624.5254,5249.382,-883.1197,-240.21178,4141.48,1
99370.14,1,1,2,43.942356,2,-2,-1,0,-1,0,-17885.758,8073.049,18512.523,4904.617,7802.86,5388.551,-2216.4216,1889.4803,5990.8564,-2572.9946,1208.0992,5096.9604,1
112126.68,2,2,2,23.917692,0,0,0,2,0,0,5557.9727,121758.59,57376.227,4151.9805,30299.324,15488.131,-1637.8026,641.6537,5964.229,-1492.626,553.578,2322.4724,1
111508.63,2,2,1,45.565197,0,0,0,0,-2,0,-13509.598,49256.5,42060.246,6877.715,699.2584,5444.0586,-3086.8254,4022.497,5583.8623,-2878.8433,-1920.2318,7529.068,1
114848.41,1,3,2,44.841553,0,-2,2,0,0,0,119811.19,149766.77,117894.016,117997.38,105553.19,52831.516,-4048.073,2408.9978,8557.436,564.2746,1324.5697,-38158.777,1
104607.35,1,3,2,29.920109,0,0,-1,0,0,0,-24597.0,16350.369,25611.76,1652.9138,11246.36,7293.992,-1648.5336,1863.9562,6903.8135,-4008.8901,1354.3837,5085.427,1
106108.734,2,2,1,45.30552,1,-2,-2,0,-1,0,-23788.14,-3299.178,27389.078,5505.9688,13071.251,7313.049,-2158.0574,1481.245,20131.79,2376.9424,1886.3947,5101.8,1
113328.95,2,1,1,43.268906,0,0,0,2,0,0,-27078.414,30197.258,39593.164,-1393.137,10941.958,15957.844,-6004.213,3319.5989,4785.1865,-3608.7158,135.46791,5034.0996,1
105392.31,2,1,2,38.89417,1,2,0,0,0,2,37461.023,121613.336,74389.234,7365.051,58871.87,16753.227,-1661.7885,1586.4379,6938.8823,-167.55766,2018.3182,3566.3945,1
135761.9,2,1,2,31.17094,2,-2,-2,0,-1,0,-10034.633,25152.072,19996.404,7722.465,31843.896,19607.24,-2663.6018,2620.9167,7533.1416,18540.738,5766.69,-1342.3446,1
130685.625,1,1,1,42.625587,2,-2,-2,2,-2,0,-13428.164,18548.848,21324.26,4775.8125,7197.9927,5822.422,-3493.9558,3946.1458,5419.4814,-4249.2095,1745.1178,4879.15,1
106325.984,2,1,1,44.919884,2,-2,-2,2,-2,0,-24037.25,14700.111,28504.457,-632.6057,4615.071,10841.242,-5040.3086,3955.4028,4533.4326,-5419.1167,2165.6707,5288.742,1
86089.08,2,2,2,27.613266,2,-2,-1,0,-1,0,-22479.82,993.99396,12152.659,6497.9883,18346.945,5811.867,929.42523,1497.1342,6840.5996,-3960.7793,1813.578,3528.9043,1
107426.84,2,2,1,25.376633,0,0,0,0,2,0,-15622.781,46437.426,31169.262,9789.496,21190.432,14103.955,-1652.8392,2622.804,7144.3975,-3476.3325,4.495254,5014.44,1
101802.57,2,1,2,34.17678,2,2,-2,0,-1,0,-22406.86,1489.4667,18593.898,4666.133,10597.985,6008.1406,-3486.9412,2309.4692,5900.5776,-3732.9336,1058.7565,4522.841,1
116835.18,2,2,2,29.745895,0,0,0,2,2,0,19469.658,124994.76,82179.22,20694.986,66686.06,43560.016,-3368.0984,1534.1832,8853.788,-4079.1138,-989.39343,-4339.409,1
88305.82,1,1,2,25.521036,2,-2,-1,0,-1,0,-22985.062,345.09943,10607.425,5766.203,21170.738,6414.5195,-850.63654,806.95105,6152.855,-372.46735,2298.1062,3240.296,1
105532.734,2,1,2,42.428978,2,2,-2,0,0,0,-24766.094,8159.4043,29917.303,919.30444,8019.9907,8224.834,-5388.873,3361.671,5619.222,-2418.7998,349.7235,3714.9717,1
98788.05,1,3,1,44.524254,1,-2,2,0,0,0,17638.344,118570.266,56832.145,1595.3708,41251.727,17628.13,2653.9067,1345.506,6156.9355,-2174.5234,17026.45,2305.2212,1
98045.586,2,1,1,24.546003,0,0,-1,0,0,0,-18384.562,50164.24,28156.557,5982.922,24397.824,13239.332,-112.97933,2388.0808,6819.294,-3048.1553,1612.8663,4260.117,1
132201.48,2,2,2,26.364723,1,-2,-2,2,-2,0,-19919.266,8402.037,26016.26,4862.1406,9233.032,6246.5312,-2820.9548,2938.4722,5762.105,-3808.018,1447.745,4839.2993,1
107269.14,1,1,2,24.295153,0,0,-1,0,0,0,-20323.117,43786.99,27057.242,3409.777,29607.92,13334.916,178.88297,1474.1176,8385.301,-3609.9263,1657.5919,4036.2366,1
115938.7,2,1,1,43.498795,2,-2,-2,2,2,0,-34993.766,30118.713,28206.12,-5908.2656,18366.47,13776.268,-2622.5925,3561.5825,8966.456,-6528.891,-211.68883,-4687.1045,1
115436.53,1,2,2,38.907124,0,0,-1,2,0,0,-19394.297,92137.875,37460.887,-1459.6799,26705.922,15077.719,-1282.9081,1040.7731,5559.411,-1981.7593,-692.64294,4226.104,1
114205.18,1,2,1,45.357304,0,0,0,0,0,0,-151.2225,126038.76,77846.78,12535.086,11532.96,6085.365,-3075.8372,2956.457,7308.0586,-1683.1265,-1574.0878,-12404.526,1
108237.875,1,2,2,44.181076,0,0,0,0,2,2,-10943.66,73727.4,36064.945,7551.5703,36654.26,22212.639,-90.31722,885.64294,8593.396,-3044.69,687.16003,3668.1692,1
114279.586,1,2,1,43.32374,0,0,0,0,0,0,-22036.273,50558.277,41326.695,2684.0466,15002.218,6034.414,-3459.3933,2994.6357,5916.7397,-840.97614,-1462.1078,6765.372,1
103472.805,2,3,2,25.720385,1,-2,2,0,0,0,-32659.086,8012.1113,17993.896,-2376.7737,19914.588,9975.404,-1513.3124,2056.2388,6167.3877,-5371.3745,1522.5968,2066.3584,1
151381.42,1,1,3,44.722317,-2,-2,-2,2,-2,0,-4109.59,28483.318,27414.785,5594.1094,-147.83923,4338.508,-4263.0713,2702.8384,6027.9067,-2044.44,835.8783,6636.346,1
99682.836,2,1,1,39.785892,2,-2,-2,2,-2,0,-18057.406,16792.95,22616.068,3667.7888,7706.489,6742.385,-3983.5144,4338.7715,5027.521,-5139.895,925.2804,4356.8916,1
134646.06,1,2,2,30.01047,2,2,-1,2,-1,2,-24985.96,13230.611,22298.799,104.28492,10337.151,8339.531,-3892.7664,3105.387,5256.1167,1504.8914,493.86462,-22603.238,1
104685.35,2,2,2,24.460625,1,2,0,0,0,0,-29721.969,9808.732,27646.78,1257.1052,20296.3,10351.889,-4211.839,2789.9153,7091.467,-4469.595,-118.610214,3401.5762,1
138553.03,1,1,1,44.243603,2,-2,-1,0,-1,0,-6549.551,19729.72,16518.188,10824.811,4632.5825,3744.4414,-1197.3475,1788.3971,6821.555,-408.15338,2303.7544,6100.3745,1
110679.734,1,1,2,45.247494,0,0,-1,0,-1,0,-18775.516,47440.473,26574.086,4102.074,18563.959,10627.135,-1054.3505,1442.8783,7240.8823,11290.667,1108.5365,6178.8794,1
124625.26,2,2,1,45.369614,2,-2,-1,0,-1,0,-16197.469,5187.6543,23257.518,6771.75,5898.313,4971.707,-1773.7767,2091.0461,6471.1777,-1529.7495,814.8053,5581.4805,1
96356.97,1,2,1,42.760323,1,-2,2,0,0,0,38019.973,120106.69,68160.375,5880.633,40143.34,16007.818,3176.216,1018.41956,7765.676,-1771.7251,2545.861,2264.0964,1
94618.48,1,3,1,38.527195,0,0,0,0,0,0,19825.857,118436.945,62054.42,24044.648,11885.06,4135.676,1154.4012,1839.3065,8259.681,-1997.5029,2942.5696,4766.612,1
145519.81,2,2,2,27.202942,1,2,-1,0,0,0,160269.73,170711.95,132709.47,162141.02,106654.984,96155.234,1078.0865,-1299.2604,12940.552,4201.627,4399.071,3832.0195,1
97338.32,2,1,2,30.77051,1,-2,-1,0,-1,0,-15794.57,8198.791,20605.05,8147.1016,11248.157,6750.297,-1881.5634,1811.5077,6533.476,4567.9453,3060.4292,5876.7637,1
103693.875,2,2,1,24.869305,0,0,0,0,2,0,-12630.531,61314.426,32239.787,10128.781,29804.91,17410.688,-676.35724,2248.2874,8118.0005,-3416.3428,517.7809,4666.891,1
126221.37,2,1,2,27.680676,1,2,0,0,0,0,156832.23,167588.78,124998.13,151970.47,108130.086,98321.23,-4098.24,206.35338,11462.093,1298.2712,3874.419,987.2567,1
130573.02,1,1,1,45.475266,2,-2,-1,0,0,0,-12096.473,11956.127,23558.432,6543.125,8835.358,5426.0117,-2492.4558,2593.8723,5761.192,-3029.974,1948.2028,5280.9385,1
109911.8,1,2,1,43.38525,0,0,0,0,0,0,-20722.828,21599.486,34841.902,4075.5466,2042.1569,5531.6406,-3418.6501,3630.9778,6033.078,-3327.6353,-1321.8763,1897.6366,1
100167.56,1,3,1,45.397587,0,-2,-1,2,-1,0,-16238.07,9639.17,20311.568,5224.4062,8300.415,4958.176,-1674.4086,1254.8304,6114.99,-603.1744,2432.9111,5612.631,1
101512.62,2,3,2,44.46512,1,-2,-1,0,-1,0,-17446.656,22255.611,21586.17,5157.3125,7991.6685,5795.0156,249.02945,2422.628,6901.342,-2978.6328,2540.5593,5042.312,1
89198.99,1,2,1,34.89612,1,-2,2,0,0,0,17448.328,118091.836,39158.414,8515.309,63103.79,30034.406,4171.832,957.954,8333.298,-1131.0835,2592.4336,-872.8436,1
98868.51,2,2,1,25.038002,2,-2,-1,0,-1,0,-21584.21,936.61115,14321.007,8081.3125,19294.82,5435.3477,2114.0112,1408.8754,6806.0586,-3551.205,1998.108,3509.4126,1
119845.39,1,2,2,44.876884,2,0,0,0,0,0,-29576.555,24194.541,39380.977,-1141.9651,13037.6455,14708.096,-5889.5938,3331.8174,5464.039,-2594.3774,-2243.1555,4576.5225,1
127436.46,2,3,1,45.063065,1,-2,-2,0,0,0,-19259.672,15282.127,31608.104,1904.1951,4433.364,6562.953,-3764.239,3394.9133,5603.0254,-3639.8374,1408.8256,698.433,1
104317.2,1,1,2,25.443336,2,0,0,0,0,0,-24268.094,33195.973,32370.15,1467.8005,26316.186,15663.385,-4065.1316,2599.7834,5833.1987,-3463.664,-8.981309,2873.936,1
112844.32,1,3,2,42.707985,0,0,0,0,2,0,-19256.68,22942.168,31594.83,5784.926,8419.386,9908.617,-4106.2227,2681.618,5877.8213,-3565.3936,-27.48082,5346.1895,1
111224.68,1,2,1,44.032608,0,0,0,0,2,0,-16753.64,56225.426,38856.777,6752.4844,20847.41,16537.75,-2893.5144,2830.9368,8121.189,-3248.311,-963.8627,6456.0044,1
135559.75,2,1,1,43.379257,1,-2,-2,2,-1,0,-13364.0625,29866.36,29394.775,4932.5664,-211.30408,5540.965,-3661.4753,3396.074,5907.0366,1746.4072,590.901,7060.1577,1
106298.22,2,1,2,24.993843,1,2,0,0,0,0,86243.71,130211.07,100596.08,28098.447,51478.777,26669.291,-2456.1125,1950.2677,7462.449,-2282.419,2519.1511,2597.5664,1
144816.88,2,1,2,30.616243,2,0,0,0,0,0,84312.82,134695.42,116025.266,90248.8,89179.555,74698.34,-2996.4548,2335.2046,9205.612,969.03436,3667.774,2185.6646,1
89568.195,2,2,2,24.770557,2,2,-2,2,-1,0,-25279.008,4151.205,18548.477,6130.824,16843.049,6546.1836,-1953.475,3400.8823,5491.5127,-4435.8413,590.5812,3360.1255,1
104637.555,2,1,2,25.522434,1,-2,-2,0,-1,0,-21589.969,-2262.6116,18951.176,8131.2773,16249.124,5855.465,-817.86993,796.287,9482.666,-3022.8047,2327.9048,3904.2932,1
109220.85,2,1,2,25.724096,0,0,-1,2,0,0,-31725.984,14853.76,27444.645,-2113.2776,17388.97,13256.672,-3807.5828,1968.3336,5219.902,-4263.024,108.196915,3415.022,1
109789.66,2,3,1,45.545128,2,2,-1,0,-1,0,-16617.336,8186.0293,24768.549,5103.75,8532.433,4814.09,-3444.8562,3112.4304,5836.1504,-267.05475,1265.9784,4524.2974,1
98369.7,2,2,1,42.763214,2,-2,-1,0,-1,0,-21225.836,1910.4042,19347.273,6558.4023,10153.101,5652.7656,-1290.5619,2088.369,6752.777,-1741.2466,1083.1923,5096.3076,1
103820.695,1,2,2,24.599262,0,0,-1,0,0,0,-25799.773,12378.436,25748.871,3417.4646,19746.426,9902.557,-571.10724,1352.0043,6228.6567,-3228.6182,607.69275,4419.852,1
107926.95,2,3,1,26.013884,0,0,0,2,0,0,-26457.0,7527.494,26869.297,2496.0857,16248.437,8749.922,-3529.944,2613.3936,5296.826,-4538.987,570.1852,3494.8274,1
148732.4,2,1,1,45.6812,1,-2,-2,2,-2,0,-4550.957,42204.637,30093.428,5561.672,-1665.3861,5714.879,-3045.1667,3445.487,6455.32,-2535.5806,511.39465,6942.7773,1
116023.07,2,2,1,45.300987,0,0,0,0,0,0,-20922.867,14829.443,39393.05,5119.6914,3465.0396,8389.023,-4294.5566,3486.9993,5428.799,-2795.7344,-2061.7258,6884.691,1
113971.016,1,2,2,24.647663,0,0,0,0,2,0,-21641.336,7358.4863,27218.674,8082.383,17290.201,10326.566,-2231.1272,1494.4691,7132.7754,-3564.9214,207.28383,4827.6377,1
113919.78,1,1,2,33.420544,1,-2,-2,0,0,0,-26813.195,4483.451,22377.85,1038.0779,11072.3955,8748.777,-3545.6287,1618.2941,6117.639,-4477.153,1455.7499,4139.2065,1
113684.164,1,2,1,33.938534,2,-2,-2,0,0,0,-26655.617,-464.2209,17700.049,3957.2966,15914.091,6918.8535,-1261.2758,1766.1276,6269.0444,-4202.5356,1246.5768,3505.9253,1
91746.11,1,1,1,44.446735,1,-2,0,0,0,0,-27270.695,114811.7,80310.5,4670.3164,33976.004,29597.951,41490.367,-523.7628,6884.965,-1709.1895,34349.88,-543.8314,1
114264.82,2,2,1,45.005577,2,-2,-1,0,-1,0,-18305.5,4085.5642,21399.89,6490.9414,8001.2036,5089.3984,-1418.5121,2126.1162,6385.1284,-2120.4155,1000.38025,5357.207,1
102028.86,1,1,2,42.86816,2,2,0,0,-1,0,-19620.922,8402.428,17395.24,4519.7227,43392.74,24522.803,-4527.588,2343.588,5507.508,23458.498,1453.2762,3416.0483,1
118021.05,1,1,1,35.45738,2,-2,0,0,-1,0,-17681.172,11081.271,18176.135,6339.8906,9782.179,5351.129,-1258.4452,2290.5317,5966.6694,-1817.519,1771.4918,4778.87,1
76156.91,1,3,1,44.43441,2,-2,2,0,-1,2,-14738.41,49067.055,12205.937,8713.5,20811.992,5251.992,15501.472,871.0951,6561.6685,214.26753,4039.0774,2530.5151,1
108336.516,2,3,1,45.159004,2,2,-2,0,0,0,-24145.96,4338.951,28322.344,1232.1716,11191.987,8046.174,-4819.3105,3614.7373,7525.179,-4489.7983,1307.9818,2917.896,1
97744.69,2,1,1,33.487637,1,-2,-2,0,-2,0,-22091.46,9649.229,22011.115,4298.0,10401.56,8198.137,-2663.0964,2886.2927,5627.386,-4551.429,2624.2798,4359.513,1
146678.23,2,2,2,28.029945,2,0,0,0,0,0,60857.805,127032.336,110543.29,78868.84,79932.555,59972.37,-2433.3108,2247.32,8448.259,2024.9666,1364.0873,4145.814,1
113922.12,1,1,2,38.758354,2,-2,-1,0,-1,0,-25873.078,4702.9395,15484.913,1366.1365,12480.909,7236.5234,-1885.7533,1505.892,6192.299,-3764.7656,1762.4183,4116.4175,1
112229.01,2,2,1,45.209713,0,0,-1,0,0,0,-20217.773,45243.836,41920.184,1524.449,12245.036,13821.518,-3102.5295,3358.2356,6060.766,-745.9356,-1400.7948,5962.3486,1
147870.55,1,2,1,43.931328,2,0,0,0,-1,0,33983.9,70996.81,42287.008,3494.66,-1106.7806,6048.785,-2762.3323,4569.8916,19781.533,1874.242,645.4042,3385.0916,1
135116.2,1,1,1,45.52623,1,-2,-2,0,0,0,-17131.0,2565.7478,27714.31,6729.84,19540.95,6210.385,-3072.0496,1931.2645,17927.328,-3034.8652,2602.259,4291.072,1
140164.69,1,1,2,40.98084,2,2,0,0,0,0,-16457.102,15127.834,26059.943,1795.9763,3882.0981,5730.379,-4792.249,3463.7947,5122.0806,-3983.1343,724.1205,5260.172,1
128393.555,2,1,1,44.309734,1,-2,-1,0,-1,0,-13107.125,16175.889,23805.83,7625.9414,3664.2036,4865.8984,-2081.9119,2214.9736,6428.059,-1646.8696,1930.7448,6165.47,1
99110.72,2,1,2,24.879951,2,-2,-1,0,-1,0,-22894.64,2003.9432,12316.093,5997.199,19115.967,6936.3594,196.3732,1139.1232,8135.863,-3615.7134,2250.0762,2353.6033,1
120136.12,1,1,1,45.180805,2,-2,-1,0,-1,0,-15590.359,7342.9043,18858.646,6422.16,8685.44,4921.7734,-1852.8949,1878.5197,6725.0703,-1658.7739,2057.4736,4887.7915,1
130019.875,2,2,1,42.411922,2,2,-1,0,-1,0,-17552.148,4959.9043,22903.482,7349.0586,6360.567,4153.6445,-2380.8762,2584.549,6341.0557,-1966.1494,996.8273,5435.812,1
96648.234,1,3,2,25.074066,1,2,0,0,0,0,50318.355,124640.375,66375.586,4366.6484,26976.06,13565.59,-2267.4885,2275.6013,6572.128,-390.7691,3281.5254,-325.22156,1
102162.164,1,2,1,45.52706,0,0,-2,0,-2,0,-15395.383,2892.0642,27998.814,7980.3203,5826.9966,4331.0312,-2991.4963,2610.3906,6177.5977,-2674.6924,719.45374,6206.146,1
99027.28,1,3,2,28.135618,1,2,2,0,0,0,-11361.043,104560.1,41526.453,3718.6755,85426.3,28213.059,-1919.8846,2978.9495,9382.721,-2868.0088,1710.2201,-1587.5135,1
149521.69,2,1,1,45.47689,1,-2,-2,2,-2,0,-10825.781,23801.93,38247.3,2042.1013,-5216.6284,8543.023,-5593.6367,3761.963,5115.053,-2758.748,3085.5378,4383.93,1
137880.98,2,1,2,31.453903,1,-2,-2,2,-2,0,-15527.25,21559.611,26471.59,2060.367,2081.3716,6815.295,-4621.1055,4299.035,5117.231,-4789.0503,1145.4169,5611.691,1
109783.56,2,2,1,42.50185,2,-2,-2,0,0,0,-26334.29,893.0799,24601.4,3327.3044,11444.603,7482.453,-2629.66,2436.1067,6188.046,-4350.4595,516.76526,4173.2554,1
96706.87,2,2,2,25.161533,0,0,0,0,-1,2,-15456.352,2576.404,19343.158,12140.289,20297.594,5977.953,1363.2933,138.75279,7709.823,-3073.1694,2287.777,2976.1025,1
111112.19,1,1,1,43.43242,2,-2,-1,0,-1,0,-17399.297,5462.8105,17698.834,6778.8125,10183.298,5110.1406,-1642.0165,1868.576,6546.9116,-2458.1523,2109.462,4733.469,1
106508.695,2,3,2,24.447744,0,0,-1,0,0,0,-21142.328,27415.477,26749.469,4597.3633,19083.295,9738.662,-135.19272,2066.832,5931.854,-3866.7837,2132.5835,3485.7622,1
98864.03,2,3,2,24.39873,1,2,0,0,0,0,-17201.04,77850.27,33772.508,1590.1833,17736.389,11043.17,-3766.7068,3733.1628,5076.4575,-2845.5967,1334.0177,-912.1444,1
116586.49,2,2,1,45.33834,0,0,0,0,2,0,-17544.133,46647.49,43947.145,6213.1875,10173.157,13877.781,-4029.7449,3663.3987,6849.5337,-3359.8896,-2605.6462,6336.1323,1
103981.66,2,3,2,45.016727,2,-2,-2,2,-2,0,-21459.172,13030.459,25132.861,239.47241,7884.065,7725.371,-4719.666,3897.3882,4709.138,-5145.946,657.31287,4565.288,1
113985.34,2,2,1,44.529823,0,0,0,2,0,0,53276.043,127682.92,102634.27,46630.48,62248.95,31012.238,-2990.0017,1873.1493,5714.795,-1032.9902,-325.71423,4451.6885,1
168913.44,2,2,2,44.204338,0,0,0,0,0,0,183529.52,193133.94,55072.395,109672.195,109012.77,116721.5,10033.884,7.299185,6311.536,-148.2852,66752.03,-14741.884,1
106662.56,2,2,1,33.880463,2,-2,-1,0,-1,0,-26772.281,3663.5837,16454.375,2964.031,15185.563,6718.8496,933.5705,2095.2073,6536.6113,-2843.2056,1174.4159,3633.236,1
121333.62,2,1,1,42.507374,1,-2,-2,2,-2,0,-15335.445,33260.098,26633.744,3958.9255,3628.227,7195.992,-2821.5398,4454.655,5313.3247,-4579.1147,1428.3573,5459.106,1
105242.555,2,3,1,45.680176,0,0,0,0,0,2,-11344.281,43953.137,36281.723,7767.5234,18637.229,12346.773,-1849.9623,2340.2026,6933.4365,-344.24567,1335.4513,5129.7607,1
110276.06,2,1,2,24.527824,2,0,0,0,0,0,-23701.922,40256.31,34498.277,2480.07,16925.6,12001.088,-4207.5244,2960.3237,5450.5474,-2737.2344,455.67078,3923.5315,1
121174.62,1,1,2,32.67214,1,-2,-2,2,-2,0,-19491.953,23453.586,23793.125,917.24194,6368.3755,8147.4844,-3714.0056,3462.3967,5257.296,-5154.2603,1712.4657,4915.222,1
103291.69,1,1,2,35.223015,1,2,2,0,0,0,30799.186,90510.07,38415.305,-320.58618,45511.39,29562.531,-2573.5637,2550.4429,7613.3335,-771.9952,2250.9575,4003.259,1
90190.72,2,2,2,24.64727,2,-2,-1,0,-1,0,-24475.531,99.8924,11987.327,6168.3633,20946.082,6392.0176,2049.9644,770.2616,6723.413,-2571.2393,1726.9581,3263.0105,1
109030.85,2,2,2,24.365484,0,0,2,2,0,0,4187.297,120617.766,53188.637,1232.4607,59760.727,30480.096,1446.6273,98.191765,7072.483,-2005.1089,698.463,1429.2604,1
103836.12,1,3,1,45.056435,2,-2,-2,0,0,0,-22545.5,2880.4626,18049.742,3928.988,20189.074,8019.783,-2747.6697,2002.451,13001.881,-4280.136,2047.589,2894.0713,1
97146.24,1,3,1,45.38455,2,-2,-1,0,-1,0,-13444.004,8244.154,17346.566,6913.6133,11449.954,4866.6953,-1088.7211,2037.6971,6907.5156,-2441.5674,2510.551,4702.0693,1
103869.26,1,1,2,24.711048,0,0,-1,0,-1,0,-18228.773,-2677.8928,19016.58,9123.586,12715.72,4955.5664,-1594.7665,219.72838,7273.073,-2128.0684,2024.3488,4584.6743,1
124689.32,2,2,2,26.389404,1,-2,-2,2,-2,0,-21627.477,7259.045,26146.102,4359.258,10056.968,6585.713,-2849.071,2998.9482,5687.6226,-4057.5708,1338.5392,4648.833,1
101792.5,1,1,1,37.83667,0,0,-1,0,0,0,-11044.953,85866.26,36421.375,4982.543,32979.055,5968.0625,-117.046715,2174.135,6563.53,-2486.2725,1248.4584,5440.437,1
145739.45,2,3,2,45.127426,1,-2,-2,2,-2,0,-6273.672,28611.637,27134.918,6184.664,952.39905,5019.574,-3831.3777,3184.6008,5874.5835,-2494.312,1726.9935,6060.855,1
87969.234,1,2,1,42.44023,1,-2,2,2,2,2,65618.29,119141.82,79256.86,36474.91,101360.484,61945.16,4786.784,-2380.075,7026.331,-994.5826,5518.689,-1140.016,1
101162.86,1,2,2,27.061157,1,2,-2,0,-1,0,-28438.516,-17.810726,19226.318,2465.5427,13493.429,7342.039,-2845.5466,1890.8734,7203.5396,-2280.7173,1201.5726,923.817,1
117046.33,2,2,1,45.282944,0,0,0,2,-2,0,-21626.312,38354.105,39542.105,1616.0583,-1687.3275,6859.5215,-5613.949,4693.8843,4592.8125,-4149.3677,-3163.9465,7252.6396,1
104127.234,2,2,2,24.320976,1,2,0,0,0,0,24894.406,122262.47,66850.53,11467.426,65813.45,31750.32,-2090.3855,1853.9105,7154.908,-1342.3789,1394.8832,799.7069,1
98676.78,2,1,2,24.385532,1,-2,2,0,0,0,-29756.812,20718.469,17279.596,572.05444,24032.346,11897.324,2387.5542,1846.5719,8392.566,-5203.354,1517.9452,2649.5571,1
108679.76,1,3,2,31.238768,1,2,0,0,0,0,-26326.89,13087.826,17806.396,552.11304,30726.93,16596.408,-4092.9373,2727.8552,14478.104,-2186.1401,1673.5477,1196.9327,1
141077.28,2,2,2,45.56865,0,0,0,0,0,0,190665.97,187335.0,131919.83,222423.6,30576.76,20225.389,-1136.9227,-738.0665,16063.373,-471.58356,678.23425,9064.311,1
104690.92,2,2,2,26.064009,1,-2,-2,2,-2,0,-24963.812,12026.357,26200.004,87.19898,9128.997,8169.758,-4192.198,3868.421,4944.954,-5357.4146,289.35437,4613.85,1
109778.67,1,2,2,42.374332,0,0,-2,2,-2,0,-19667.79,8417.713,31606.564,3303.406,805.21936,5625.2383,-5055.17,3320.8918,5146.8306,-3820.9526,-1066.099,6682.224,1
81707.32,2,2,2,26.382994,1,-2,-1,0,-1,2,-20838.922,853.5174,11662.858,10005.773,21449.49,5738.176,3765.1711,-76.88929,7040.3184,-1620.3481,3170.7275,2807.9988,1
107858.62,1,2,2,28.49851,2,0,0,0,-1,0,-17401.234,57658.645,32213.5,2818.406,13559.597,6525.2676,-467.1649,2006.0682,7078.596,-2604.9312,-318.61414,4759.2485,1
85419.73,1,3,2,26.593592,1,2,2,0,0,0,-4506.504,104200.64,33458.15,8518.496,53399.855,28162.867,1597.1364,2421.898,6501.0522,-2604.5303,3198.2117,617.74036,1
124412.516,2,2,2,29.736317,1,-2,-2,2,-2,0,-21534.469,8680.33,26951.191,3863.1638,7653.68,6552.586,-3271.7039,3204.7932,5627.482,-4028.8335,986.59924,4831.992,1
148147.58,2,1,1,41.313747,-2,-2,-1,2,2,0,-9496.832,19263.885,21608.3,6788.918,1061.7428,4673.8438,-3239.0603,1810.4525,5743.183,-2282.8892,848.3185,6635.888,1
102713.87,2,2,1,44.26781,2,-2,-1,0,-1,0,-20500.867,2933.1501,20607.424,6309.168,9410.649,5289.2188,-1291.9325,2156.2864,6122.238,-2096.6953,904.266,5257.806,1
99359.54,2,3,2,40.33496,0,0,2,0,0,2,-12222.191,71124.98,27039.229,5832.84,33474.234,16487.4,1762.4567,1360.8026,7371.8496,-1514.3691,2510.5715,4399.8794,1
93213.195,2,3,1,40.640152,2,2,-1,0,-1,0,-18941.547,6545.787,19452.062,6725.332,10670.472,4746.4766,-2523.4045,2962.3442,6240.838,-2672.4058,1982.9064,3314.5454,1
129555.375,2,1,1,40.65889,2,0,0,0,0,0,-25984.21,15318.115,39229.906,736.2927,4251.567,8450.363,-5469.624,3732.0618,5086.986,-4703.7505,-725.11804,5071.6187,1
121666.88,2,2,2,34.250698,1,-2,-2,2,-2,0,-21675.469,9427.713,27504.637,3536.5427,5903.2856,6502.787,-3613.117,3356.7969,5532.649,-4024.3818,685.4591,5244.286,1
106322.99,2,1,2,31.709026,2,2,-2,0,0,0,-27373.078,1356.8925,20184.457,1409.5505,13617.616,8240.807,-4857.8955,2670.5254,5627.0938,-5063.1304,500.1322,3073.0486,1
117881.22,1,3,1,45.205513,2,-2,-2,2,-1,0,-17943.406,11118.697,25932.717,2754.777,5154.0474,5947.2617,-3546.0964,2898.2722,5330.567,-1340.6074,883.86584,4719.4424,1
146775.14,2,2,2,43.235996,2,0,0,0,0,0,120474.08,149477.58,126548.7,142022.34,101104.586,94168.88,-2119.5432,1703.964,10617.89,1906.8206,1394.0975,3252.162,1
99417.86,1,1,2,41.18988,2,-2,-1,0,-1,0,-24428.031,9292.303,14140.212,1699.5037,13133.868,6960.961,-826.7469,1978.8492,6363.32,-4356.153,1912.5829,4126.053,1
118000.78,1,2,1,44.438934,2,-2,-1,0,-1,0,-19601.602,2700.326,18491.281,6444.215,9634.206,4660.617,-966.82306,1665.9464,6570.586,-1982.1084,1489.2699,5065.396,1
141932.23,2,1,2,26.637209,1,-2,-2,2,-2,0,-10396.352,19930.553,23410.299,6926.211,5968.7544,5792.285,-3388.6687,2726.6199,5848.8247,-3111.9175,2196.5437,5360.7373,1
133103.06,2,2,1,42.88865,1,2,0,0,0,0,140527.22,156092.5,123543.3,143172.77,104463.8,98360.68,-3775.0212,1263.7806,11702.864,2391.073,3027.3628,1274.1381,1
91155.414,1,2,1,24.642378,1,2,-2,2,-1,2,-4362.7188,56628.94,18243.295,9246.406,45302.895,15247.83,5453.33,-39.410286,7028.7446,-3159.2197,2422.9453,1954.3737,1
112062.46,1,2,1,45.054337,0,0,0,0,0,0,-19474.312,50162.746,40456.395,3887.0388,5251.266,5749.1836,-3159.9119,2850.1633,6205.0454,-3040.6821,-653.1703,6392.6084,1
101671.35,2,2,1,43.57809,-2,-2,-2,2,-2,0,-23736.648,5371.752,24238.96,4053.7576,8733.313,5659.1133,-2826.258,3412.1355,5261.56,-4018.398,75.02113,4864.969,1
136998.95,1,2,2,33.64145,1,2,0,0,0,0,167849.86,170749.88,125776.19,145420.53,85143.84,14852.105,-3705.7244,1161.5138,11267.48,1945.8337,1727.505,6236.9087,1
108938.336,1,2,2,31.107153,1,-2,-2,0,0,0,-31309.266,-56.80682,19327.525,1252.5701,14479.663,8332.975,-2394.2961,1265.0114,6221.499,-4330.8335,523.93665,3666.6873,1
101614.5,2,1,2,24.40078,2,-2,2,0,0,0,-23767.781,37638.33,23071.635,1258.9958,41141.07,20399.416,202.50064,2257.5244,11113.248,-4592.985,1755.4955,39.759388,1
105628.72,2,1,1,26.398151,1,2,0,0,0,0,61940.434,124549.17,92441.39,57011.47,81913.76,49236.906,-2250.4114,2251.1528,7888.8896,-102.76274,2870.4907,1852.4147,1
142345.94,2,1,2,29.808466,1,-2,-2,2,-2,0,-12613.457,18625.709,24725.064,6061.9297,4890.86,6175.996,-3649.2957,3250.778,5773.993,-3447.291,1841.496,5410.784,1
98046.4,1,2,2,42.325558,1,-2,-2,0,-1,0,-26619.484,-4777.131,16155.958,4868.8164,17601.025,5959.9023,-689.7498,267.48962,20105.855,-2765.463,1572.8971,3609.6968,1
104864.234,1,2,2,25.07574,0,0,0,0,0,2,-18236.203,23616.922,25459.031,8309.781,33428.137,13365.852,1124.0392,62.5028,7499.535,-1459.9688,1780.3646,3498.8508,1
106868.664,2,1,1,42.839115,1,2,0,0,0,0,-14957.297,85245.01,49022.27,3708.324,35538.64,25085.586,-4990.3496,4028.3442,6928.133,-671.4683,943.0565,3678.4937,1
107455.734,2,2,1,38.485165,2,0,-2,2,0,0,-21570.79,74150.05,45862.824,164.03882,20238.7,19194.418,-4741.8633,3790.8252,4730.537,-3498.6382,-742.1083,5570.4185,1
109341.71,2,2,1,43.077606,0,0,0,0,0,0,-16693.516,53904.47,40104.066,4214.5703,3569.5044,5423.289,-2360.297,3448.7327,6332.602,-3058.081,-841.17566,6816.9155,1
146242.72,1,1,2,42.70184,1,-2,-2,2,-2,0,-9415.273,35841.42,25323.38,3486.945,-396.85486,6261.008,-4079.9119,3186.811,5767.13,-3453.0698,1566.5309,6462.998,1
152240.23,2,2,1,44.85803,0,0,0,0,0,0,196402.25,215051.28,153275.03,284010.8,135793.81,138312.33,5503.9814,-5059.995,17999.125,2889.48,24686.256,-17373.576,1
107267.54,2,1,2,24.300903,0,0,-1,0,0,0,-22573.977,19121.775,28625.92,4057.6365,17360.352,10671.086,-1881.2743,1932.7877,5921.1787,-3825.5967,1172.8485,4596.0005,1
125240.21,1,3,1,43.34306,0,0,0,2,2,2,-10293.801,67434.266,37377.223,5144.6562,31177.934,18368.393,-1739.2655,1801.205,5865.617,-52.052296,1506.8224,3836.0728,1
104013.516,1,2,1,44.519833,0,0,0,0,2,2,-6091.203,74298.65,36660.414,9920.695,28025.627,14742.486,-470.39145,1468.7982,7655.4062,-324.82867,813.70593,4868.863,1
126739.33,2,3,2,45.838306,1,-2,-1,0,-1,0,-8513.48,16872.137,23634.465,7760.3086,3051.063,4666.6055,-2517.1487,2045.7672,7248.278,-1181.064,2230.9177,2049.989,1
90808.6,2,2,1,33.111317,2,-2,-2,2,-2,0,-23803.242,8709.088,20738.111,3784.5115,11306.46,6526.006,-2840.9407,3778.1167,5040.657,-4916.6343,598.52136,4186.1104,1
116954.78,2,2,2,26.775751,2,-2,2,0,0,0,-30514.188,4869.549,19407.262,-478.63696,15961.476,8535.48,-53.094078,2070.9556,5424.4243,-4913.4146,543.2113,3837.5796,1
105348.12,1,1,2,41.549007,1,-2,-1,0,-1,0,-29848.383,16711.76,22609.033,-2359.0667,7927.8794,7288.158,-1788.4432,2408.3926,10202.094,-4538.851,606.755,-196.23671,1
139807.88,1,2,1,45.048756,1,-2,-1,0,-2,0,-12836.156,16980.328,21568.21,7515.246,6244.688,4410.6367,-1750.43,2772.205,6234.044,-2232.9253,2409.7236,5581.457,1
122688.77,1,1,1,45.415062,2,-2,-1,0,-1,0,-14888.027,7059.873,19295.24,6431.117,8030.1567,4788.2812,-2050.7126,1819.9908,6592.697,-1784.5366,1969.7445,5243.9604,1
118982.94,2,2,2,24.151312,2,2,0,0,0,0,91015.484,131491.64,86971.16,7076.25,42835.04,8899.832,-3721.4763,2669.6426,6093.0015,4945.6006,1179.8029,-22623.254,1
111407.09,2,2,2,44.10875,-2,-2,-2,0,-1,0,-24530.875,-4672.8496,17816.268,6213.047,11786.552,5222.2227,-1267.7831,987.35486,6417.347,-1990.0903,226.33339,3506.703,1
108636.695,2,2,2,31.479443,1,2,0,0,0,0,-29328.734,15720.709,31051.186,-68.12133,13100.374,10571.129,-5052.037,3240.8645,5203.129,-4254.3687,-797.2777,4182.5493,1
115233.01,2,2,2,23.85202,0,0,0,2,0,0,-19656.21,70882.625,37882.977,1700.3865,33241.465,17754.56,-2515.2874,1195.5555,5665.885,-3233.563,-359.26257,3659.523,1
101278.87,2,3,1,29.887545,1,2,0,0,0,0,67344.34,124825.5,91631.19,58883.95,82442.75,56168.242,-2016.6844,2429.1677,7533.121,-43.34673,4370.4106,1445.1066,1
102417.56,1,1,2,26.113153,0,0,0,0,0,2,-16952.562,14195.092,24109.34,8501.965,26199.014,11209.314,-332.9681,365.1156,6685.125,-2011.373,2241.6519,3714.8262,1
99770.336,2,2,1,44.56416,2,-2,-2,0,-2,0,-24304.648,2602.6228,22306.195,4038.1912,11007.577,7028.5703,-2924.3513,2800.5977,5496.3936,-3960.401,1130.8224,4549.6206,1
103744.84,2,2,1,45.05269,2,-2,-1,0,-1,0,-20116.531,2404.869,22046.846,5994.7734,8980.845,5308.207,-1810.0687,2162.1565,6307.5244,-1074.6592,699.161,5469.542,1
110500.84,2,2,1,41.521606,2,-2,-2,2,-2,0,-29853.305,11540.404,28272.838,-1437.551,3665.2505,9527.363,-6075.6133,4546.432,4275.5723,-5297.8413,-86.22496,-21259.508,1
144975.27,1,1,1,45.80141,2,2,-1,0,-1,0,-906.7577,22612.807,17998.09,11031.992,2646.8716,2716.621,-2707.0203,1547.9266,8778.719,-357.21588,2472.4333,6340.3804,1
104038.65,1,2,1,31.802534,2,-2,-1,0,0,0,-20651.79,5861.6934,17533.84,6225.75,15381.228,5524.375,1086.3937,2355.1194,5956.8613,-3974.4321,1592.2953,4047.7007,1
106379.6,1,3,1,40.76861,0,0,0,2,0,0,-22989.164,45051.637,34135.76,719.49194,8835.05,7583.207,-4327.8066,2954.8455,5010.325,-4267.8354,260.26624,4465.574,1
132166.9,2,1,2,25.751963,1,-2,-2,2,-2,0,-15961.0625,12503.521,24241.734,5321.461,9919.778,6770.1836,-3199.2898,3039.228,5749.6875,-4012.5718,2239.8777,4510.1216,1
105367.84,2,2,2,24.644396,1,2,0,0,0,0,7486.9453,122780.19,59648.87,8771.77,60747.023,34756.7,-2301.4363,2008.4508,7084.604,-1544.1606,1161.8925,255.1173,1
104132.55,2,1,1,42.755814,1,-2,-1,0,-1,0,-11440.238,10267.021,20526.422,12117.125,13699.6455,8406.453,-2154.1526,2109.3582,9756.69,6478.1655,2533.6775,4350.661,1
93881.45,2,2,1,37.546677,2,-2,-2,2,-2,0,-22914.914,14202.924,21796.896,3303.7107,8255.03,6599.1035,-3045.9075,4023.5527,5030.231,-5014.889,562.61755,4693.8623,1
119140.61,1,2,2,41.637897,0,0,0,2,2,0,10686.016,126409.16,73060.61,11557.742,63411.914,38886.223,-2767.5554,804.2958,7823.7505,-3531.541,-448.57166,3238.5718,1
109236.77,1,2,2,26.920607,0,0,0,0,0,2,-18031.047,6190.865,24829.89,8193.871,22347.918,9200.385,1060.9618,226.54088,6597.753,-2214.4468,1409.9581,3479.4624,1
99601.95,2,1,2,41.385326,2,2,-2,0,-1,0,-23033.156,2611.1267,20912.219,3855.2615,8239.175,6199.117,-4156.7686,2487.9456,5916.518,-3565.6553,712.3578,4646.805,1
97439.05,2,2,1,32.194313,2,-2,-2,0,0,0,-25937.266,1242.412,16805.436,5597.8867,18391.135,6973.164,-178.30112,2192.6492,6134.4116,-4017.0898,1235.91,2112.4407,1
106301.516,1,3,2,45.089077,-2,-2,-2,2,-2,0,-16047.3125,58050.05,28448.9,1398.3279,9199.495,6560.383,-3696.574,3036.8013,5331.9673,-3911.9194,996.04114,4589.98,1
91419.586,1,1,2,28.93523,2,-2,-2,2,-1,0,-25637.555,5616.3887,11064.132,2173.3474,19844.4,7827.8984,-1168.9852,1216.222,5368.713,-3587.747,1499.2184,2339.3765,1
95485.69,1,2,2,24.790195,0,0,-2,2,-1,2,29082.652,-433.59198,21062.232,11765.605,19430.213,9938.412,-693.56573,164.56871,6830.62,6752.044,1925.6659,5220.8843,1
140161.75,1,2,2,28.218714,1,-2,-2,2,-2,0,-16097.656,13139.705,23098.332,5176.9805,6497.3325,5026.0703,-2970.6868,2551.7751,5920.374,-2989.5552,1727.2096,5462.4116,1
107245.56,2,1,2,26.520012,1,2,0,0,0,0,18840.611,121803.25,58300.504,9258.027,52584.34,30542.605,-3389.3142,2408.4675,6782.794,-1617.7935,1778.673,1928.673,1
105072.72,2,2,1,29.76173,2,2,-1,0,-1,0,-22371.0,985.783,18219.45,6783.539,14854.116,5063.3086,-1294.1888,2386.9802,6430.646,-2629.5376,1134.0238,3739.896,1
127996.05,2,1,1,45.7643,2,-2,-1,0,-1,0,-9242.168,12021.506,17972.578,12635.559,10724.024,5421.7812,144.40591,1691.4066,8290.333,3968.5317,2722.6892,5444.1914,1
147427.97,2,3,2,45.617126,1,-2,-2,2,-2,0,-5120.426,29744.584,28410.303,5845.832,-161.6322,4862.1055,-3992.5613,3083.4392,6047.0195,-2199.5474,1306.7269,6025.4414,1
130644.61,1,2,1,45.12451,1,-2,-2,2,-2,0,-24147.07,20888.754,33612.047,-894.2307,929.2272,9537.961,-4105.9326,3312.0222,4707.1963,-4199.5513,1963.6837,6274.2095,1
110569.4,2,1,2,26.662745,1,2,-1,2,-1,2,116649.24,145689.83,112684.586,136404.83,117702.625,89352.74,9192.791,-3283.8606,13346.097,-4731.5845,4396.643,-2302.9697,1
111932.44,1,2,2,45.207943,0,0,0,0,0,2,-20315.578,21830.697,33367.12,5325.164,18128.258,12690.559,-2679.7263,1233.5453,6284.422,1358.6589,197.58803,6227.935,1
131561.06,2,1,1,45.1431,1,-2,-2,2,-2,0,-17901.234,23025.037,33287.977,1300.2732,925.6842,7185.8887,-4886.127,4184.8555,4925.3867,-4373.5854,382.33386,5944.171,1
145022.47,2,2,2,41.139343,1,-2,-2,2,-2,0,-12955.039,21072.39,28522.324,5500.25,-488.79626,4700.879,-3928.447,3440.1062,5711.9663,-2525.6294,471.65857,6625.695,1
118004.69,1,2,2,23.951403,0,0,0,2,0,0,-28995.61,23374.08,30720.24,238.42944,29094.104,15429.178,-3694.9822,1199.1727,5586.661,-3682.2393,-813.66736,2346.0093,1
113695.47,2,1,2,32.141388,1,-2,-2,2,-1,0,-17540.242,12551.725,26192.121,5836.711,5933.93,6827.799,-3492.0037,2449.045,5896.7246,-295.3272,1302.9093,5480.2544,1
99536.5,1,1,1,45.210373,2,-2,-1,0,-1,0,-21383.406,4810.998,20044.643,4697.4453,10633.718,6565.2676,-1301.9911,1628.1981,7895.0356,-2110.456,1707.4384,4984.8237,1
116371.38,1,2,2,25.29477,1,2,0,0,0,0,129663.43,151391.1,117813.34,133080.89,103191.06,70628.49,-2844.3572,458.94373,12942.319,616.9455,2858.6248,-1241.3842,1
109574.15,2,2,1,34.612858,0,0,0,2,0,0,2153.5745,119672.23,64039.387,6587.793,54081.64,26363.914,-1969.8885,1621.5648,5933.953,-1644.3765,-68.57994,3498.1748,1
109747.016,1,1,2,25.158224,2,-2,-2,0,0,0,-28433.96,854.7127,11109.667,1950.613,28216.416,10040.607,-2234.8157,1154.1866,10674.578,-5138.0845,2335.5684,1152.4967,1
149127.19,1,2,1,36.522472,1,-2,-1,2,-2,0,-8625.965,38367.4,23644.518,7287.383,-213.08142,4805.7617,-2267.1946,3007.0474,6583.284,-1918.4751,1475.7611,6623.908,1
98301.086,2,2,2,27.825401,1,-2,-2,0,-2,0,-22858.008,1847.2635,19638.824,6321.328,15692.894,6455.301,-1398.1952,2274.7458,6277.3394,-4128.2515,2074.2673,3744.3264,1
107136.375,1,1,2,31.064762,2,0,-2,0,0,0,-29157.75,847.04865,23158.037,1416.9216,12227.95,8711.195,-4752.742,2024.818,6415.383,-4896.1235,50.50502,4119.354,1
128995.375,2,2,1,40.436657,1,-2,-2,0,-1,0,-10509.43,6395.045,18727.854,12994.803,7355.977,3594.7148,157.58804,1794.2255,9347.193,-834.5391,2218.2942,5738.6514,1
118377.12,1,2,2,24.297197,0,0,0,2,0,0,-31973.992,8647.678,26129.838,425.10522,21917.121,12186.332,-4184.501,1099.7428,5520.3726,-3331.312,-751.3607,2785.2065,1
110751.02,2,1,2,24.28989,0,0,-1,0,0,0,-23194.062,23250.512,28716.215,3517.1091,17061.025,10518.584,-1466.9696,2118.0105,6277.1855,-4632.4175,961.81287,2215.575,1
94261.52,2,2,1,25.278915,0,0,0,0,2,2,528.9728,82999.53,27522.416,14766.648,43816.727,18910.436,2758.5198,406.14685,9870.58,-212.66655,2295.8706,3386.2395,1
101899.28,2,3,2,45.29409,2,-2,-1,0,-1,0,-20437.203,3743.9783,21539.049,4105.828,9293.397,6024.1016,-2927.4026,1859.6422,6159.695,-2805.774,1413.4965,4431.8667,1
96853.14,2,3,1,45.451836,2,-2,-1,0,-1,0,-17376.469,6325.8184,20917.549,6147.246,9774.71,5199.3047,-1907.0385,2243.6401,6234.116,-2447.7383,1827.0812,4714.408,1
100818.33,2,1,2,27.561897,2,-2,-2,2,-2,0,-23235.844,9681.193,18741.99,1145.6794,13057.101,8345.182,-4065.7273,3611.3203,4844.0283,-5683.151,1013.64124,1588.3258,1
107279.81,2,3,1,45.139103,1,-2,-2,2,-2,0,-21242.188,23810.814,31748.293,-877.9846,2064.2153,8314.268,-4716.962,4355.3203,4651.501,-4950.484,264.92395,3926.3374,1
90276.64,2,2,2,25.732471,2,-2,0,2,0,0,-5486.6875,101581.4,27594.332,4983.1953,43782.64,22379.988,-1058.4784,2854.451,6498.151,-4763.3765,771.599,1543.7184,1
117447.32,2,2,1,45.349644,1,2,0,0,0,0,100889.22,142795.14,119473.72,108710.375,101656.01,87340.984,-4579.1914,1822.7426,9437.987,1458.499,3647.5693,1865.2372,1
107481.03,2,3,1,32.26522,1,2,0,0,0,0,114052.3,140827.45,111600.55,111593.34,83211.2,57527.055,-2098.5613,2181.8296,9568.205,317.26337,3791.4204,1686.3854,1
118685.25,1,2,1,45.246994,0,0,0,0,0,0,6377.3555,125506.086,58371.35,3838.7693,19545.684,9633.52,28918.727,1177.6649,24630.705,-3217.1294,2469.8066,-4464.6484,1
127506.836,2,1,2,45.7141,1,-2,-2,0,-1,0,-12497.609,5927.795,26125.346,8100.6055,4935.9536,5290.5117,-2882.7942,1477.5377,6873.9106,-308.919,1746.8627,5997.5806,1
96053.29,2,1,2,25.504295,2,2,-2,0,0,0,-21544.344,8348.787,18007.453,5501.164,19851.508,7529.664,-3193.2244,2622.3098,7572.978,-4824.438,1542.4393,2346.7166,1
96480.78,2,2,2,27.658867,2,-2,-1,0,-1,0,-22650.07,489.97833,12061.413,6519.578,18740.941,5802.3086,1044.7738,1423.2799,7185.2124,-3976.9692,1818.9498,3442.8787,1
151428.67,2,1,1,44.044186,1,2,0,0,0,0,180437.75,182656.17,133832.28,195801.81,116791.25,115600.21,-5579.749,143.4652,13075.517,3346.722,5286.9473,-196.19862,1
108040.99,1,3,3,45.431797,1,-2,-2,0,0,0,-17865.898,244.68536,29689.719,3628.695,22014.482,10662.543,-4186.8857,1113.3121,5752.731,-3198.1968,2013.4149,4806.6504,1
124696.914,1,2,1,43.812874,1,-2,-1,0,-1,0,-19213.008,7514.0176,22455.623,6464.8633,6064.196,4591.125,-1086.3768,1760.8173,6710.683,-1266.1172,1560.8151,5699.9604,1
106754.414,1,1,1,45.425716,2,-2,-1,0,-1,2,-10581.344,3807.283,13314.323,12295.123,16402.512,4961.4414,700.6149,792.9369,8105.037,-204.8311,3743.5732,3479.9185,1
97060.68,1,3,1,45.384758,2,-2,-1,0,-1,0,-18199.906,5103.4824,18181.645,6198.7734,12227.698,4911.9844,-1589.4564,1963.2091,6466.9966,-2184.4004,2447.2886,4211.5474,1
98529.22,2,2,2,40.60949,1,-2,2,0,-1,2,-26453.188,2511.072,13522.347,4524.426,17476.734,8083.324,1173.3011,607.88513,7861.0835,-4310.5747,2374.5876,2898.3406,1
113409.12,1,2,2,25.51459,2,0,0,0,-1,0,-30966.54,-1847.1583,21353.365,2731.57,15050.323,7425.9453,-3095.4934,1544.7755,5922.098,-3944.6138,-428.10144,3288.627,1
98509.125,2,2,1,43.79412,2,-2,-1,0,-1,0,-21518.148,2160.3416,19706.93,6141.324,9770.462,5829.3906,-1226.2611,2075.0234,6412.4526,-2739.8472,950.9984,4911.891,1
142398.19,1,3,2,32.515648,1,-2,-2,2,-2,0,-8130.9414,23832.07,20720.594,6855.6484,5195.5083,5223.535,-3049.739,2435.4219,5951.4844,-2683.4087,2752.8672,5258.2705,1
109458.484,1,1,2,29.24426,2,2,-1,2,-2,0,-29057.883,14067.76,16394.797,-4204.1562,13891.562,9123.717,-5173.834,4112.057,4638.354,-6490.095,654.7728,3213.9297,1
119334.49,1,1,3,45.185387,0,0,0,0,0,0,-20728.008,23614.646,41091.58,1506.449,4398.391,11325.627,-5972.1143,3343.838,5057.988,-3839.043,-1290.7831,6416.852,1
140746.56,1,2,1,45.680355,1,-2,-1,0,-1,0,-11031.102,6745.1426,26121.229,7680.1094,357.64514,4587.25,-2690.9963,1080.6327,6553.187,3028.3442,1740.8593,8006.5864,1
116002.625,1,3,1,45.319824,2,2,-1,0,0,0,-16172.711,8531.955,25137.432,4374.121,10812.616,5914.5977,-3658.1707,3262.2852,5282.5923,-3534.4727,1419.4835,4188.304,1
95467.97,1,1,2,25.861872,2,-2,-2,0,-2,0,-18536.633,4335.5176,9330.944,4288.6836,22095.275,7504.0977,-1536.6171,2143.9883,5572.004,-5086.4097,2617.6838,2453.7166,1
109594.59,2,1,2,24.244904,1,2,0,0,0,0,-23065.96,41928.69,32323.41,777.92163,24136.166,15426.604,-4747.634,3318.7249,5675.5703,-1231.352,748.3551,1399.1884,1
96736.45,1,1,2,43.90308,2,-2,-2,0,-1,0,-23255.04,2181.9236,16062.2295,4060.195,11235.761,6532.3965,-2394.6682,1264.7794,6981.6187,-3788.3906,1521.5326,4395.398,1
136153.88,2,1,2,44.5536,2,-2,-1,2,-1,2,-10896.582,13422.936,18012.371,7543.2695,9035.753,5906.4727,-1781.9657,803.01697,6016.4043,-592.9351,2907.535,5279.196,1
111026.52,2,3,1,44.99416,0,0,2,2,0,0,73937.71,136497.02,116932.75,92452.14,100017.14,79841.09,-1637.1254,693.9525,5456.168,123.724075,3562.8015,1200.1381,1
123462.94,2,1,2,24.952967,1,-2,-2,2,-2,0,-22185.805,6756.748,26345.707,3283.488,10813.938,7890.9297,-3867.7703,2720.0718,5417.8013,-4596.237,1765.0223,4089.0986,1
116724.96,1,2,1,45.047745,2,-2,-2,0,0,0,-26293.453,-3262.8538,26887.244,2256.9998,10430.263,7879.1797,-3739.0574,1892.0458,6050.1807,-3850.691,102.80141,4768.83,1
111645.25,2,2,1,29.238129,1,2,0,0,0,0,105580.625,140957.34,114772.99,113518.805,104030.46,85694.125,-2540.6653,1379.8363,9348.023,1230.825,2382.611,625.4989,1
110963.38,2,2,1,45.391644,0,0,0,0,0,2,-16071.922,36107.78,39424.9,5973.957,18010.057,13674.193,-2184.653,2297.7058,7046.2026,-231.80766,-418.84265,5590.8994,1
117322.086,1,2,2,37.95385,1,2,0,0,0,0,108267.82,143012.89,115757.79,116778.08,108147.016,86426.68,-3099.3103,-28.498667,8467.168,805.21576,3418.6401,4531.654,1
95372.38,2,3,1,45.462658,2,-2,-1,0,-1,0,-17605.5,5626.5566,20662.443,6335.0625,10117.821,5052.2617,-2001.7782,2269.2905,6750.4395,-2794.4697,1846.2145,4449.795,1
143685.12,2,3,1,46.12337,2,-2,0,0,0,0,22258.373,126069.85,125002.89,217194.8,134303.77,-464.94916,45617.457,-17393.008,13258.914,5471.0576,4263.6626,6810.867,1
119358.62,2,1,2,26.733982,1,-2,-2,2,-2,0,-19131.57,10365.432,24922.861,4010.5505,10595.868,7295.0664,-3453.656,3218.3882,5550.737,-4487.5474,1875.1215,4271.9004,1
144375.83,1,1,1,44.082195,1,-2,-1,0,-1,0,-6531.3047,23323.146,20036.04,9997.855,653.14905,3900.293,-2272.0652,909.0658,7072.5244,358.19672,2368.1497,6920.9644,1
110093.85,2,2,2,24.870338,1,-2,-2,2,-2,0,-24093.375,5068.2676,24766.168,3964.4177,12981.481,7117.455,-2603.0935,2923.742,5586.7046,-4518.5464,1276.1576,4047.6501,1
107584.69,2,1,2,29.50406,1,2,0,0,0,0,-25852.992,24769.918,31815.602,-262.18774,14907.263,12576.297,-5363.124,3545.3423,5234.153,-4347.0063,31.219864,3763.8062,1
109285.41,2,1,2,24.365757,0,0,0,2,2,0,-13594.875,81850.414,42105.46,3976.1404,30863.672,13226.342,-2888.9636,1742.4918,6286.098,-4671.0337,-11.805528,3676.1033,1
108095.75,1,2,2,30.829035,1,2,2,0,0,0,19842.91,121955.79,57809.26,3999.8357,59501.22,31033.03,815.9543,1464.3053,7534.681,-1616.0869,1320.1014,1581.1681,1
128567.32,2,2,2,44.770294,0,0,0,2,0,0,-31089.195,34056.33,42527.535,-3157.219,12720.36,15852.6,-6410.6475,2854.0195,5038.8975,-3819.7656,-2976.4578,5589.9805,1
126277.836,2,1,2,28.31835,1,-2,-2,2,-2,0,-17472.031,12751.088,25205.17,4344.1953,8595.796,7042.127,-3597.95,3310.89,5646.98,-4204.138,1794.3073,4663.244,1
121141.73,2,2,2,24.09528,2,-2,2,2,0,0,-34521.72,8190.783,15265.341,-3811.055,20803.543,9739.629,-1312.9257,2062.9443,5102.739,-6065.68,371.391,2464.407,1
140880.31,2,2,1,26.466488,1,-2,-2,2,-2,0,-12519.395,15549.518,23725.287,8885.516,7566.149,4555.328,-2085.2424,3078.9966,6013.5117,-2557.774,1985.8717,5304.4136,1
130497.28,1,3,2,32.88573,1,-2,-2,2,-2,0,-14414.973,16416.332,21868.773,4765.2344,8866.962,6097.6562,-2926.3572,3010.293,5783.6514,-3635.2056,2784.879,4456.197,1
106685.95,2,1,2,37.475647,1,2,-1,0,0,0,-17913.258,91059.33,41337.31,-1205.1135,36413.016,23700.547,-3582.243,3364.4702,5937.4116,-3383.7236,709.01404,1233.4606,1
114703.99,1,2,2,26.324675,0,0,-1,0,0,0,-26373.414,18165.441,25930.51,2915.203,19894.984,10538.572,214.29019,1463.6097,6216.5615,-3413.978,277.964,4308.4087,1
103674.25,2,2,2,24.2698,1,2,0,0,0,0,6637.8477,122757.45,57639.043,4801.453,36123.723,18659.92,-587.6341,1893.9835,6451.0293,-2567.3677,1255.2572,1201.9093,1
91943.54,2,3,1,25.631289,1,2,0,0,0,0,12170.34,112799.78,39916.406,7059.8203,36014.234,17230.219,-1820.4286,2933.5237,6442.713,-1735.1636,2836.4414,1756.172,1
110244.03,2,1,2,40.117992,0,0,0,2,2,2,-5575.871,86402.555,44193.55,4738.2617,42922.43,26983.717,-2801.0608,896.2811,7662.4663,-4147.863,1029.3021,3198.6252,1
105810.37,1,3,1,45.459133,2,-2,-1,0,-1,0,-11397.59,11731.729,18804.014,6873.457,8024.2993,4541.0625,-1538.8231,2103.5154,6099.5557,-1270.436,2018.3131,5506.5938,1
106166.58,2,2,2,26.524256,1,-2,-2,2,-2,0,-24679.742,5242.9473,24943.918,3422.5427,11823.542,7192.3203,-3021.9885,3068.479,5506.0234,-4538.4146,912.58606,4244.1475,1
114662.8,1,3,2,28.755058,2,0,0,0,-1,0,85686.0,138366.84,78282.5,4464.1055,41860.117,22775.844,-3574.034,2014.0262,17537.775,17430.592,500.21667,-27523.785,1
103854.914,1,2,1,41.425888,2,2,0,0,0,0,-24485.906,34384.273,30966.576,2125.41,22795.12,14328.043,-4340.785,3425.6772,6134.695,-1998.3745,-15.857774,2675.626,1
106987.67,1,2,1,43.952854,0,0,0,0,-2,0,-14331.504,55383.465,34551.316,7742.664,4923.4106,4478.7734,-2111.7703,3340.0112,5846.4844,-2849.1157,-86.75133,6471.203,1
112140.086,2,2,1,45.101223,1,-2,-2,0,-1,0,-20784.031,-1034.7482,27833.297,6499.797,8752.067,5234.8477,-1652.6815,2017.0035,17123.572,-2251.7827,1042.5724,3172.1028,1
114677.08,2,2,2,40.172295,1,2,0,0,0,0,-20950.008,79300.25,40764.375,352.55444,29363.736,21026.188,-4995.9775,3024.7158,6011.6094,-3021.393,-381.19763,4580.0654,1
113136.73,1,2,1,40.998623,0,0,0,0,0,0,-21527.43,49401.867,38633.277,2727.0896,8313.169,6631.463,-3098.076,2559.3462,5799.572,-2920.1216,495.09705,6514.251,1
89481.664,1,3,1,45.262344,1,-2,2,0,0,0,21764.76,121173.92,47495.344,10457.266,62338.84,28889.234,2539.309,1420.0646,8029.8003,-1876.8706,3309.9678,1295.5643,1
139323.78,2,2,1,44.21075,1,-2,-2,0,0,0,-19516.46,963.11505,31934.799,6293.461,5095.7153,5093.801,-2795.0256,2122.3735,6953.198,-1744.1953,828.34485,5560.503,1
103921.83,2,2,2,28.12808,1,-2,-2,2,-2,0,-24763.914,5661.5645,25157.49,3140.5583,10664.079,7210.408,-3260.7468,3153.1355,5461.16,-4542.6226,735.46326,4424.722,1
97116.84,1,1,1,28.296421,0,0,-2,2,-2,0,-16157.836,8959.928,25371.828,6420.3906,7617.989,5355.043,-3891.7478,3335.345,5568.07,-3797.8076,1005.4452,5323.0986,1
110643.62,2,1,1,45.41539,1,-2,0,0,2,0,-19134.023,114159.34,14441.491,127609.79,124147.21,88832.03,31859.66,860.8231,41707.555,-5187.814,4972.5913,-20036.176,1
106110.04,1,3,1,45.518997,0,0,0,0,0,2,-13102.27,33593.207,31895.73,7438.867,19726.682,12116.25,-1726.1874,1694.0665,7090.6416,-440.7647,1442.5248,5080.3027,1
87061.87,1,2,1,31.154324,2,-2,-1,0,-1,0,-23438.516,-1558.8536,11824.718,6802.3945,18717.988,5304.008,1082.495,1199.1315,6734.153,-2766.8784,1746.6298,3385.1401,1
97773.47,1,1,2,43.806507,2,-2,-2,0,-1,0,-23929.04,2326.8337,16196.642,3515.7224,11011.474,8061.4316,-2731.8728,1196.797,6125.3975,-3305.5107,2585.3555,4443.8794,1
138685.11,2,2,2,44.152493,1,-2,-2,2,-2,0,-18240.055,14178.111,31142.742,3699.617,1969.1373,5684.7266,-4146.1387,3538.901,5390.108,-3425.7964,404.99353,6031.792,1
121641.875,1,3,1,43.976074,2,-2,2,0,0,0,-29826.188,14311.26,18627.443,-1013.0393,16387.344,48014.938,1271.0333,2001.8031,5074.3936,-4917.107,39987.652,-299.3534,1
102728.83,2,2,1,43.941273,0,0,-1,2,2,2,5839.25,105440.7,35206.023,7297.465,52783.89,26606.582,5542.0093,-1651.3448,7429.8706,-3351.9,2844.9375,3912.1245,1
104080.305,1,3,2,40.57804,2,-2,-1,0,-1,0,-21653.438,5821.6973,13317.12,4870.6133,13139.894,5816.0977,-536.2347,1564.3595,6317.9556,-2889.0312,2282.82,1753.9293,1
119207.76,1,2,2,43.039486,1,2,2,0,0,0,74032.87,136045.77,111439.91,69999.88,94089.69,69202.11,-488.59604,849.66345,9371.212,42.59956,1912.9191,1709.4344,1
109917.266,2,2,2,44.886353,2,-2,-2,0,0,0,-23993.406,6999.135,25924.707,2611.9373,9636.784,7497.498,-1633.1698,2582.0054,9577.683,-4478.313,145.21547,5174.977,1
104338.95,1,2,2,24.557608,2,0,-2,0,-1,0,-23342.555,1500.8729,17217.111,7697.246,21757.822,8909.195,-716.44415,1298.205,6283.2017,2517.5894,1363.7367,3271.3174,1
106487.77,2,2,2,24.242,2,0,0,0,-1,0,-24693.727,2366.2087,23350.234,4641.9766,17003.47,7355.1523,-1887.1205,2165.3716,13763.686,-4359.6997,375.03113,3503.1538,1
115384.66,2,2,2,31.939232,1,2,0,0,0,0,-25398.742,49664.082,34674.39,699.68726,21473.797,16225.479,-5094.4404,3111.5193,5741.8877,3593.6702,1342.246,3762.577,1
119640.97,1,2,1,45.24903,2,-2,-1,0,-1,0,-19032.766,1429.6854,21186.059,5736.4336,8065.0474,5110.758,-1808.474,1562.1261,6847.883,-2382.376,1100.1573,5169.8276,1
101168.78,2,1,2,43.51188,2,-2,-2,0,-1,0,-22236.43,2895.0173,19292.807,4578.336,9037.032,6353.1133,-2900.5613,1740.8253,5929.6167,-3100.912,1056.8668,5055.4253,1
127294.82,2,1,2,29.986952,1,-2,-2,2,-2,0,-17007.578,14150.049,25375.281,4326.91,7085.0044,6963.1055,-3770.575,3425.8418,5634.376,-4127.697,1641.7013,4907.876,1
145624.84,2,1,2,39.888172,1,-2,-2,2,-2,0,-8406.848,25741.1,27129.793,6451.8906,-43.03455,5421.9062,-4155.825,3290.8977,5896.378,-2763.2637,1174.152,6369.4854,1
115752.03,1,2,1,45.202614,2,-2,-1,0,-1,0,-20124.172,1150.3885,21337.621,5408.125,8759.53,5405.1133,-1689.1415,1540.8605,6428.841,-2046.7754,953.4396,5303.641,1
122477.88,2,1,2,34.890835,1,-2,-2,2,-2,0,-17721.312,14749.717,26134.262,3693.0662,5578.817,7032.885,-4125.419,3634.003,5497.1743,-4226.822,1298.3104,5107.7744,1
118591.97,1,2,2,24.490084,2,-2,0,0,0,0,-31171.14,1439.9862,12830.6045,689.17163,27206.352,8642.072,340.9147,759.162,6400.378,-3957.4229,99.49916,1495.3595,1
108552.64,1,2,1,42.19728,0,0,-1,0,0,0,-21216.375,58398.375,34609.766,2671.1052,24304.424,15932.088,-1597.7948,2544.3203,7002.1943,-1510.8857,164.06215,4955.454,1
125375.55,2,1,2,30.023907,1,-2,-2,2,-2,0,-17513.71,13631.631,25514.465,4125.6406,7354.364,7064.3496,-3786.03,3440.2012,5611.3633,-4206.813,1606.8324,4845.1245,1
92878.664,2,2,2,24.693905,2,-2,2,0,0,0,-29519.219,7138.5957,15685.817,1700.113,23829.387,7906.869,1426.3011,1980.8319,5491.9395,-5124.596,798.3485,2588.041,1
128059.64,2,1,2,32.084534,1,-2,-2,2,-2,0,-16591.617,15321.182,25518.914,4327.453,5838.5786,6852.8203,-3918.1492,3529.7473,5587.8833,-4051.3247,1505.8351,5112.247,1
96848.08,2,3,1,45.10092,1,2,-1,0,2,0,-4293.3125,81356.16,30853.398,6815.293,39700.63,20412.441,-1328.4882,2258.0103,5875.9033,-4298.641,2066.858,2867.2603,1
105331.1,1,3,1,45.70085,0,0,0,0,0,0,-4697.207,88902.805,49502.8,8599.723,50909.56,31038.756,-2358.6755,2143.8542,7902.2847,5433.1704,2573.5198,6331.1367,1
109401.625,2,1,2,32.17364,2,-2,-2,0,0,0,-27097.21,-940.81854,15575.827,2796.0935,17818.496,8800.814,-3231.819,1642.4493,7518.7725,-4941.512,1082.5262,2026.9083,1
106656.195,2,2,2,26.147736,1,-2,-2,2,-1,0,-25754.57,2333.4744,26283.984,3658.9216,8763.636,6484.783,-2661.1018,2068.602,5879.715,-1933.228,100.47475,3810.1501,1
127008.8,2,1,2,34.790302,1,-2,-2,2,-2,0,-16755.93,15773.615,25912.37,4089.113,5060.762,6834.9844,-4080.8748,3632.1135,5527.534,-4066.7612,1347.661,5224.0034,1
124995.27,1,1,1,45.374416,1,2,0,0,0,0,71760.68,130921.27,92511.99,15614.848,35136.02,22387.762,-2909.7888,2716.4685,7658.2896,-468.4234,3119.3135,3414.2107,1
105338.414,2,2,2,33.252495,1,2,0,0,0,2,71063.43,127188.38,65468.098,10727.99,70207.59,37270.816,-177.77621,697.4027,7776.589,1151.5122,1648.7089,1845.0155,1
98569.92,2,1,2,31.547192,1,-2,-1,0,-1,0,-28954.664,5175.369,17538.514,670.4763,12637.923,8376.604,-2322.2947,1648.8038,9342.773,-4351.104,1475.9811,4179.842,1
101842.5,1,2,2,31.158651,0,0,0,0,2,2,-16330.844,24846.586,23862.592,9818.219,25523.555,13914.166,284.3571,333.89832,7647.4375,-3158.1187,1374.7963,4963.851,1
109978.47,2,2,1,42.899853,0,0,-1,0,0,0,-20170.617,61670.867,36785.562,3344.2107,18363.066,14016.27,-1069.3256,2950.338,6262.399,-2509.9023,-159.58238,6185.331,1
118134.41,1,1,2,44.733215,2,2,-1,2,-2,0,-22342.79,66911.61,26652.3,-4926.578,6415.9263,9101.838,-6050.882,4415.837,4522.3267,-5989.1255,-151.3441,4821.6523,1
143749.42,1,3,2,42.1113,1,-2,-2,2,-2,0,-7500.6055,26347.914,22926.408,6401.617,2838.5474,4995.8516,-3460.8582,2714.0828,5827.48,-2577.7622,2433.006,5658.933,1
109384.055,1,3,1,44.7291,2,-2,-2,2,0,0,-26486.984,8764.396,21760.65,-820.6604,15620.347,8898.461,-3534.7097,2561.671,5031.518,-4997.8716,1419.5624,3144.1682,1
105590.37,1,2,2,24.458414,0,0,-2,2,-2,0,-20993.516,1908.9042,24085.92,5406.301,11213.989,6014.0703,-3063.9568,2256.1846,5593.649,-4085.8481,832.34973,4950.62,1
119580.38,2,2,2,27.465317,1,2,2,0,0,0,131459.64,162917.73,124297.61,139378.97,107149.664,93071.266,5320.1074,-635.44495,10433.813,1335.4429,2970.9023,32.353138,1
107588.25,2,2,1,42.56223,1,2,0,0,0,0,-10397.504,108553.16,53308.54,4513.043,38760.305,24248.873,-3609.6716,3214.178,6616.043,-1867.4536,429.9525,2406.828,1
140884.78,2,1,1,45.84828,1,-2,-2,0,-1,0,-7776.5156,10334.775,25817.04,9942.996,1357.774,3748.793,-2568.1184,1327.1283,9734.839,-394.69928,1537.8673,6980.305,1
97385.68,2,3,1,44.91811,2,-2,-1,0,0,0,-16748.125,11101.221,22913.746,6255.7695,11752.046,6128.129,-2401.6707,3024.5168,5546.312,-2537.442,2108.8357,3607.6357,1
97349.83,1,3,1,45.606632,1,-2,-2,2,-1,0,-14361.539,22624.582,19093.035,4343.4336,65729.766,41483.043,-3624.779,1503.5216,5714.0615,28296.877,4126.0684,2883.1196,1
123415.74,2,2,1,44.92107,0,0,0,2,0,0,-29592.055,25880.512,42676.883,-1553.4885,9568.356,14972.725,-6081.8857,3123.5322,4993.4243,-3443.5552,-2133.4382,5988.1943,1
126277.23,2,1,1,44.909195,1,-2,-2,2,-2,0,-13787.219,27477.951,28937.834,3807.91,2771.9146,6899.168,-4057.9148,4481.775,5334.4243,-4270.4556,1298.911,5523.309,1
117294.6,1,1,2,38.05602,0,0,2,2,2,0,14697.605,124101.72,72231.97,13796.332,64219.742,13258.002,-1333.036,1028.5848,7196.241,-3849.795,614.3148,4413.22,1
105635.21,2,3,2,24.228714,1,2,0,0,0,0,-6427.66,105552.31,47379.355,2988.9685,38688.03,22188.08,-4143.1895,3516.9548,5774.643,-3289.918,890.2799,-23853.178,1
140573.95,1,2,2,43.487125,1,-2,-1,2,-1,0,-28466.219,15270.123,22376.61,707.0427,3584.3013,7696.039,-1665.0428,333.22498,5799.444,-2815.7578,1241.6932,5858.909,1
112639.984,1,1,1,45.342823,0,0,0,0,0,0,-16492.898,44099.125,37375.0,3889.7341,1451.3756,5932.8594,-4087.0066,3181.2024,6075.052,-3351.9243,-888.911,7023.597,1
105410.4,2,1,2,28.963114,2,-2,2,0,0,0,-29800.031,6620.3027,18340.768,-1052.6956,15500.97,9380.891,-1483.4022,2289.268,5240.5435,-5473.61,951.95593,3634.4275,1
118090.11,2,1,1,32.250507,0,0,2,2,0,0,132506.53,158089.36,127346.41,149494.1,106923.195,98659.63,5584.283,-1048.8536,6123.175,2110.2212,3374.606,597.9359,1
104702.15,2,2,2,43.34013,1,2,-2,0,-2,0,-24827.578,16388.506,27136.354,931.62476,6128.9927,7397.3535,-4907.2334,3974.0542,5423.756,-4712.526,663.8927,2190.7302,1
108559.76,1,2,1,44.97256,2,-2,-2,0,0,0,-23847.133,3119.7244,27118.66,2640.402,9295.614,7148.9805,-2891.2078,2619.3286,6167.9854,-3907.4834,140.74086,2672.6536,1
101474.086,2,2,1,24.965885,2,2,0,0,0,0,-21067.578,47895.105,29378.93,5212.5117,25491.727,10140.52,-2394.4988,3178.7715,5314.582,-57.813526,848.2013,3138.9902,1
87991.65,2,1,2,25.848652,2,2,-2,0,-1,0,-23780.945,-151.14276,14088.925,5341.5664,16950.379,6634.5312,-2639.8464,1847.4113,6006.943,-4133.8286,1840.0714,3465.1482,1
113376.37,2,2,2,44.502388,1,2,0,0,0,0,1749.9845,126689.85,56979.82,1010.7849,23870.848,18089.963,-4593.6504,2715.528,6931.121,-1889.418,-246.22935,3821.4683,1
107537.69,2,2,1,38.785336,1,2,0,0,0,2,23693.43,118523.125,62153.09,15593.223,65242.25,34509.6,1063.0709,1222.3304,7956.276,1555.1716,2939.3015,3571.694,1
146921.88,2,2,2,44.792152,1,-2,-2,2,-2,0,-11639.879,23149.6,30541.973,4826.246,-1641.4603,4342.8047,-4193.5977,3410.59,5765.3003,-2222.1582,-48.348495,6992.846,1
149666.3,2,2,2,43.45299,1,-2,-2,2,-2,0,-9984.316,25371.186,29147.875,5686.1562,-2137.5972,4150.3047,-4083.7039,3166.1226,6049.869,-1902.9297,13.4083395,7113.8604,1
142982.12,2,1,2,43.58993,1,-2,-2,2,-2,0,-12744.367,20221.246,28995.97,4661.426,1879.1608,6064.586,-4322.202,3716.998,5497.026,-3483.043,1242.8773,5895.187,1
102045.75,2,2,2,26.35745,2,2,0,0,0,2,-24846.61,666.81036,17358.09,6398.461,24817.357,7971.082,-668.30597,1663.6569,6194.42,-3300.1152,1420.1945,988.6046,1
148717.98,2,1,1,45.376053,1,-2,-2,2,-1,0,-7125.711,34586.19,30976.232,5904.164,-4729.226,4864.824,-4026.1345,2621.9084,6861.247,-671.99274,-70.91881,7869.36,1
114019.92,2,1,2,28.816223,2,2,-2,2,0,0,-31841.664,3470.7947,25300.664,-2586.4338,15740.952,9389.498,-5441.421,2643.2239,5061.5386,-5717.3657,-377.37585,3105.5293,1
143221.97,2,1,1,45.414337,2,-2,-1,0,-1,0,-8180.3555,29180.361,20579.12,6544.1016,881.9772,4520.508,-1671.5511,2452.037,6727.175,-686.8389,1295.0934,6888.1846,1
112549.4,2,2,3,23.85104,2,2,-1,2,-1,0,-32427.594,14265.225,27672.684,-2450.2112,15947.868,22142.344,-4904.957,3287.667,4906.007,2345.4963,13225.572,4447.0854,1
109286.97,1,1,2,44.13436,1,2,0,0,0,0,27779.441,125717.6,74907.76,17658.092,32892.215,27002.92,-4357.088,2343.6658,7301.6436,-2628.481,6353.931,1795.4298,1
107960.54,2,2,2,24.592876,0,0,-1,2,2,0,-12339.387,98893.4,38184.12,3582.828,51957.332,28320.785,-1335.555,915.3739,8927.817,1497.0105,-218.99205,4730.344,1
104871.99,2,1,2,24.336418,1,2,0,0,0,0,-11565.379,75883.62,36686.734,3827.9138,37717.36,21627.484,-3432.6658,2550.0107,13483.114,-4348.487,3241.1265,2072.2976,1
105745.14,1,2,2,38.763607,0,0,-1,2,2,2,-19894.21,41178.566,20940.15,5985.2344,32474.232,16069.451,3565.5562,-1312.3497,6369.387,-2223.9907,1259.1044,4218.992,1
111046.3,1,1,2,24.357018,0,0,-1,0,0,0,-24839.273,11372.154,23845.559,3442.7185,22649.152,9989.205,-1094.0287,1380.4557,5850.3696,-4016.813,2076.211,4474.4146,1
109393.53,1,2,1,43.265095,2,2,-1,0,-1,0,-18606.133,13008.764,22271.773,5632.0664,6477.8325,4476.9883,-2412.297,3076.8643,5889.339,-964.97174,420.8683,1605.7513,1
132877.75,2,2,1,31.939484,1,-2,-2,2,-1,0,-22437.914,7391.8105,26034.654,4869.5977,7482.9595,7158.8867,-1694.9257,1606.4371,6108.2095,1257.3726,3057.9832,5776.9966,1
107553.93,1,1,1,44.90663,2,2,-2,0,0,0,-23761.805,3500.279,23146.695,2927.367,13452.911,7285.914,-4430.323,3120.7524,5801.4805,-4447.3667,1130.7091,3691.6494,1
122080.43,2,2,2,42.682926,1,2,0,0,2,0,73548.05,131060.56,100401.445,50795.082,69314.5,40586.766,-3851.1853,2289.4539,10127.307,-3416.8374,440.97375,4098.693,1
106194.01,2,2,1,45.340202,1,-2,-2,0,-1,0,-21448.531,5276.3887,30128.363,4071.6208,3331.063,6873.916,-2736.0032,2278.8027,5940.792,-496.06744,-115.29674,5473.104,1
109981.6,1,2,2,45.158646,2,-2,-2,0,-1,0,-23923.25,13406.646,17944.266,6212.879,18900.299,9699.99,4544.1484,715.7294,6141.513,7031.4785,1417.859,4465.516,1
99767.06,1,3,1,26.992981,0,0,-1,0,0,0,-16567.078,60573.62,25997.406,5856.867,29718.283,13532.893,1437.0677,2203.6038,6575.862,-2726.8257,2538.84,3730.975,1
115440.734,1,2,1,44.270412,2,0,0,0,0,0,100184.97,141017.78,101823.14,8713.121,16960.668,6312.756,-1567.555,3038.9797,9033.759,2190.654,383.64978,5657.0684,1
106602.266,1,2,1,45.21081,0,0,0,0,2,2,61569.15,123990.31,97402.73,72732.71,91390.76,61382.38,3310.7983,-1020.7208,13025.633,-2206.9458,4427.4893,5167.4673,1
144615.89,2,2,1,36.35499,1,-2,-2,2,-2,0,-9652.07,21666.648,26186.855,9026.535,1210.7037,4094.2188,-2976.571,3405.1382,6229.921,-1953.9131,1082.1571,6319.7427,1
108654.04,2,3,2,43.37173,1,-2,-2,2,-2,0,-17797.297,17625.19,26400.021,2780.238,6389.684,6799.0977,-4037.402,3930.9958,5262.885,-4350.3394,1499.6986,4762.0396,1
106165.414,2,2,2,35.772224,1,-2,-2,0,-1,0,-22642.117,-3017.549,21532.41,7078.84,9848.511,5267.125,-1104.0497,1047.0995,6921.332,-2355.8374,969.8478,5124.201,1
96246.39,2,2,2,24.737402,2,-2,-1,0,-2,0,-23539.992,2359.658,11788.358,5331.258,21608.707,7136.826,-175.3602,2214.3533,5664.4653,-5018.055,2070.4817,2610.5205,1
101626.234,2,2,1,44.455433,1,2,-1,2,-1,2,34883.684,114328.1,63271.59,12017.457,78766.87,42483.56,4795.087,-799.21204,9980.698,-4198.565,3389.355,568.6942,1
104037.5,1,1,2,38.905396,2,-2,-2,0,2,0,-24934.828,1000.8807,16980.953,3741.2654,12496.251,8815.396,-3602.5095,1634.7484,6515.5464,-4757.804,782.50964,3719.7644,1
100851.26,2,3,1,45.3067,2,-2,-1,0,-1,0,-18254.547,5824.7754,21912.273,5611.1484,9236.403,5787.0,-1533.8168,2006.2489,6034.021,-2939.5469,1493.5436,5005.656,1
132864.83,2,1,1,45.485077,1,-2,-1,0,-1,0,-5768.9453,14318.553,20217.53,12904.617,5358.973,4097.8555,-1513.9838,1575.4869,9950.578,-815.2432,2714.3875,6006.248,1
145115.95,2,1,2,45.38778,1,-2,-2,2,-2,0,-12206.641,17233.344,34167.66,2880.3982,-672.933,6688.6035,-5098.991,3565.341,5201.7837,-3345.5854,-250.42467,6740.576,1
142153.8,2,2,1,45.441578,2,-2,0,0,0,0,-16795.79,100979.28,51829.406,62955.695,39868.613,17178.021,25104.84,2557.2383,6274.075,-772.0318,9330.832,4774.8203,1
102435.234,2,2,2,24.821892,1,-2,-2,2,-2,0,-25012.594,4931.881,24289.748,3576.6638,12950.417,7272.459,-2808.033,3000.826,5489.956,-4616.1694,1041.2164,3303.323,1
119503.86,2,1,1,45.452454,2,2,-2,0,-1,0,-16778.828,6273.4277,25241.174,5383.2617,6265.309,5028.8867,-3748.2683,2903.245,6068.332,-2524.4438,906.22595,5268.4595,1
108899.734,1,1,1,45.00695,2,-2,-2,0,0,0,-25231.156,1386.1932,25441.285,1943.8474,11071.835,8442.082,-4134.2734,2009.591,6495.9097,-4321.2866,750.9093,4584.0156,1
95476.34,1,2,2,25.391497,1,2,-1,0,-1,0,-22560.648,7202.92,15991.899,7335.535,15668.847,4963.3047,-744.14874,1644.1788,6990.3984,-1944.2979,1784.4274,3856.3506,1
113026.35,2,2,1,28.612543,2,0,0,2,-2,0,-31532.484,26574.994,29373.158,-1735.5901,6911.317,11041.834,-6129.757,4136.1978,4422.162,-5478.5327,59.94594,4593.096,1
108354.07,1,2,2,43.16541,2,2,0,0,0,2,-21673.164,30918.77,27552.643,2870.9607,29386.186,14355.254,-1970.8353,2009.1583,6003.8325,-1838.5864,640.0763,2398.786,1
82566.18,2,3,1,24.82314,1,-2,2,0,0,0,-360.4764,78703.79,21431.732,10096.176,48640.06,14064.609,5066.076,1482.2054,6271.425,-3742.2715,3966.7546,1347.7125,1
111202.875,2,2,2,37.295845,1,2,0,0,0,0,93206.53,134114.39,102534.98,67522.484,51799.035,31747.877,-3313.28,1988.0079,7273.3423,-1602.0405,1004.5282,3210.3494,1
75583.79,2,3,1,28.661713,2,0,0,0,-1,2,2590.5315,68680.34,24704.254,14744.891,46988.375,20136.443,2817.6013,1517.7999,9645.814,-3713.9673,3267.9167,2672.491,1
143468.02,2,2,2,45.31643,1,-2,-2,2,-2,0,-16833.031,15115.436,32671.291,3409.3474,682.7272,5536.5117,-4384.258,3551.7256,5339.497,-3159.1006,1.6519922,6425.5674,1
112622.36,1,2,2,24.162966,0,0,-1,0,0,0,-26883.977,6352.201,19739.41,4581.574,19000.86,10122.857,1401.2028,871.0331,6548.009,-3748.7603,1070.7279,4313.321,1
105311.44,2,1,2,24.7941,0,0,2,2,2,0,-6364.4336,107674.07,40836.95,3718.902,49408.535,27613.129,-477.09116,749.3773,8303.072,-4582.2593,729.8522,2043.7123,1
104591.23,2,3,2,24.928402,2,-2,0,0,0,0,-22761.969,19689.834,25109.795,2937.742,24631.453,12869.482,929.3757,3284.583,8791.794,-2784.8115,2661.0398,1334.87,1
141624.72,2,1,2,32.888874,2,0,0,0,0,0,114102.29,146097.48,118661.66,83261.266,80023.73,43639.266,-2903.6912,2743.5059,7727.916,885.9003,1021.29333,4662.6523,1
100604.32,2,2,1,44.98262,2,-2,-1,0,-1,0,-21382.898,2301.9626,21921.535,5683.547,8992.96,5590.7227,-1604.6132,2146.4119,6281.4116,-2523.8726,646.7213,5102.948,1
95839.336,2,2,1,41.302013,2,2,-2,0,-2,0,-21967.008,5864.377,20294.334,5532.6133,11567.821,5452.09,-3120.5261,3842.6372,5471.102,-4435.1606,1004.9208,4131.3306,1
107902.414,1,3,2,42.15692,1,2,0,0,-1,0,-19450.484,59542.223,33077.34,273.80444,7727.987,7429.2754,-4563.414,3135.8694,6416.1133,-1887.0332,1293.9818,3532.787,1
95075.32,2,2,2,25.59618,2,2,-1,2,-2,0,-32460.164,10204.018,17852.422,-3101.7073,15447.626,8855.479,-4888.125,4005.7747,4698.0107,-6184.234,-181.99937,3235.8242,1
121281.66,2,1,1,44.867676,0,0,0,2,0,0,-26939.531,39654.027,43018.33,-1537.7229,13405.62,16393.162,-6051.34,3293.0078,4853.7725,-3410.2534,-1394.6952,5827.826,1
105396.19,2,1,1,45.14307,1,-2,-2,2,-2,0,-18893.805,33838.785,29164.39,1197.9451,3175.0044,7904.6543,-3073.194,4359.892,4864.2656,-5086.362,637.9938,5608.5903,1
123733.625,1,1,2,41.656147,0,0,0,2,2,2,135805.8,154165.92,125845.67,141993.44,107515.85,83517.99,-1241.3094,-1156.191,6321.935,2651.2307,1371.3927,-6124.6914,1
112370.65,2,2,2,24.216106,1,-2,-2,2,-2,0,-26001.96,9204.381,34414.73,-179.40259,6081.6255,5472.078,-5577.323,4754.5415,4607.1055,-5584.0933,-964.2103,-29945.258,1
101454.19,2,2,1,45.39167,2,2,-1,0,-1,0,-20593.36,3085.5212,24962.94,6328.4023,9094.052,5158.7656,-3145.4172,2852.6326,6024.0854,-1989.3887,402.74988,4770.3076,1
145856.22,2,2,1,45.59915,1,-2,-2,2,-1,0,-11206.332,18495.393,36229.125,5413.6484,-4512.695,4072.8047,-3835.4568,3112.337,5987.807,1828.5232,-1944.1171,8423.985,1
120304.56,1,2,1,44.794113,0,0,-1,2,0,0,-30196.812,25446.45,29603.805,597.0154,9241.19,8670.664,-927.79376,867.68835,5508.4365,-4162.0513,-446.6537,4559.7075,1
142987.78,1,2,2,39.599136,1,-2,-2,2,-2,0,-14739.0,17856.883,25587.982,5002.617,1349.9069,4620.918,-3695.3533,2966.9253,5714.86,-2618.6055,1130.6671,6257.3125,1
111214.96,2,2,2,43.538555,1,-2,2,0,0,0,-26694.32,21689.287,25858.854,592.6677,20444.95,11445.459,-1299.3334,2467.7017,5845.1704,-3826.4932,259.30823,3048.9563,1
108827.32,2,2,2,30.736044,2,-2,-2,2,0,0,-34921.492,2887.9353,18936.28,-2305.3518,16964.688,10275.832,-3235.8054,1567.7797,5256.642,-5492.9595,-40.152206,1030.1727,1
117114.555,2,2,1,43.161194,1,2,2,0,0,0,87026.77,138666.48,116953.52,2183.8318,32994.945,20584.771,142.1608,2375.0916,6806.3633,-1650.1353,949.18274,4522.165,1
107791.57,2,2,2,24.118467,1,2,0,0,0,0,-14594.465,87219.46,39452.285,2885.367,43932.605,21834.46,-2802.2185,2312.8145,6395.8335,-2999.3818,1172.8849,1260.7701,1
101922.94,2,3,2,24.626974,1,2,0,0,0,0,-22235.055,47649.12,30369.236,1312.6755,29811.246,16056.947,-2907.9182,3132.2085,5502.579,-4075.2085,1619.7687,2483.3992,1
102254.89,2,2,2,24.521488,0,0,2,2,2,2,-12727.734,74757.81,26974.736,4528.9727,49270.816,23362.691,2844.4272,-455.42932,7287.0,226.23946,1128.0597,3090.2378,1
103755.28,2,2,1,43.03075,2,-2,-1,2,-1,2,-20565.625,4995.006,18064.795,8160.8594,18816.973,7821.0664,857.0446,1526.3304,6111.9937,2792.591,2140.786,3688.606,1
108599.016,2,2,2,39.193916,1,-2,-2,2,-2,0,-26907.398,4692.037,28903.082,1541.3162,4955.3013,7470.91,-4857.087,3096.557,5250.234,-4385.9478,-385.38904,5251.806,1
116581.72,1,3,1,44.367634,0,0,0,2,0,0,-25850.117,34907.297,35678.645,-1362.7737,14096.741,12368.07,-4870.743,2977.5903,4862.819,-3804.787,-231.33336,3863.0981,1
97695.55,2,1,2,28.974659,1,2,0,0,0,2,26401.604,118995.41,51684.95,10429.104,39869.72,15213.111,-1607.9315,2063.5818,13531.414,2212.1794,2573.2727,-1256.4178,1
113992.766,1,2,1,45.262424,0,0,0,0,0,0,-19497.453,29090.691,38223.035,3234.8357,2361.5747,5864.926,-3097.6765,3209.004,6064.3477,-3117.8486,-1408.6644,7095.241,1
88201.164,2,3,2,25.923151,1,-2,-2,2,-2,0,-21373.422,10703.674,21049.04,3951.6716,14509.237,7319.746,-2696.7834,3207.6013,5265.263,-4687.389,2429.874,3360.9912,1
120279.71,2,1,2,42.96962,1,-2,-2,2,-2,0,-22512.594,10340.611,31206.342,869.43726,3416.145,7656.252,-5347.966,3439.489,5038.8843,-4611.473,304.1847,5462.9277,1
103922.11,1,1,1,45.309723,2,-2,-1,0,-1,0,-19157.0,3908.2595,20525.828,5104.074,9640.554,5655.711,-2466.3772,1812.4664,6182.4497,-1755.9741,1420.9005,4645.7583,1
111260.65,2,1,2,27.255005,2,0,-2,0,0,0,-22736.5,54459.95,35339.34,2253.8787,19233.389,16117.389,-5198.4873,4202.0264,19306.912,-4121.7964,-507.59753,-20919.88,1
140469.47,1,1,2,30.216522,1,-2,-2,2,-2,0,-13690.699,16127.053,22578.576,5100.9727,6577.7153,6059.1445,-3534.4255,2817.3823,5848.6157,-3505.336,2189.5173,5131.6772,1
123085.56,2,2,1,45.047363,1,2,2,0,0,0,86590.28,141315.92,118728.51,112205.11,103536.25,87273.336,-248.87778,1148.4584,10487.314,1278.8997,2303.1067,1586.4198,1
140046.05,2,1,2,43.269794,1,-2,-2,0,2,0,-17537.672,3127.443,29746.72,5933.3047,2729.766,7962.375,-4150.453,1737.421,6860.277,-3093.3716,2218.029,6282.968,1
116749.08,1,2,2,44.542904,0,0,-1,0,0,0,-25060.914,39835.742,35456.74,-139.4143,16775.344,14206.137,-3415.2136,2426.796,6379.392,-3051.8462,-914.09607,4813.0234,1
119593.49,1,2,2,41.504272,0,0,-1,0,0,0,-26983.914,21157.744,32192.598,375.8474,6082.0864,7696.033,-3445.0564,2442.541,6161.749,-1391.7383,-1213.5092,4115.7905,1
104508.99,1,2,2,41.095013,2,-2,-1,2,-1,0,-33139.305,6700.416,10277.101,-606.2151,15000.81,8392.852,1116.5492,400.5238,5574.129,-4472.3706,18.659805,1415.3778,1
104698.016,2,2,2,28.52391,1,-2,-2,2,-1,0,-32294.398,5145.6504,18427.518,438.35132,12726.062,7942.1055,-1230.8983,1232.7347,5562.235,-3213.7925,-48.91246,4365.8975,1
99116.85,1,3,1,43.893394,2,-2,-1,0,-1,0,-19439.234,4705.377,14920.866,7183.789,14574.657,4920.051,-451.2645,1839.6566,8731.59,-1469.4824,2703.3484,3933.3723,1
142070.31,1,1,1,44.72826,1,-2,-2,2,-1,0,-6068.629,18873.854,8472.886,5862.4883,100623.0,79990.98,-4772.8125,-3117.369,6640.525,38240.816,6284.79,4962.4976,1
97091.125,2,2,2,45.29234,1,2,0,0,-1,2,14142.961,111220.28,51284.125,12553.785,66288.016,34147.4,-345.04916,565.20984,12386.82,-3179.142,2547.5684,3694.1553,1
140992.89,1,1,2,30.19286,1,-2,-2,2,-2,0,-13262.32,16722.385,22447.918,5254.586,6288.891,5981.2695,-3540.3386,2798.3625,5848.955,-3429.9883,2181.3535,5194.0635,1
103307.54,1,3,3,45.109653,-2,-2,-2,2,-2,0,-20235.094,10707.006,27625.186,778.73413,7423.18,7335.4062,-4727.1045,3534.7056,4895.1167,-4333.6753,893.12317,4634.62,1
101400.25,2,1,2,24.573233,1,2,0,0,-1,0,-22029.64,14093.307,23366.814,5011.9883,14023.437,7199.049,-3147.5007,2515.3909,5509.7666,-1323.3325,1794.4835,3979.479,1
139538.94,2,2,2,45.271744,1,-2,-2,2,-2,0,-17963.258,13976.408,32920.957,3094.3552,1205.61,5745.629,-4419.2285,3549.677,5309.6157,-3337.5732,-5.715195,6292.88,1
110318.64,2,2,2,24.663578,0,0,2,2,2,0,-7550.371,112436.64,42669.137,3135.7732,51015.49,27961.168,739.6901,427.13904,6985.8154,-4143.266,-47.71666,855.2272,1
101932.53,2,1,1,41.82434,2,-2,-2,2,-1,0,-21110.96,12470.482,25110.111,3662.242,5011.4966,6195.2793,-3807.1423,3247.8914,5276.214,-3160.4966,328.56677,5258.9463,1
108349.59,1,2,1,36.743984,0,0,-1,0,0,0,-20413.297,60380.45,30377.766,3997.8435,23645.645,13664.107,50.388344,2239.7585,6678.2925,-2252.8647,396.94226,5450.133,1
111964.89,2,2,1,43.105373,0,0,0,2,0,0,1635.0197,121893.266,70553.73,5043.9023,31426.105,18980.428,-2821.637,2087.081,5706.5454,-2140.766,-311.18396,4353.3066,1
94983.63,1,1,1,31.048668,2,-2,2,0,-1,0,-23917.125,23207.627,15227.454,3107.9568,21965.133,9022.59,1661.8197,1791.5033,8123.0586,921.63153,2025.3331,3183.0767,1
120127.89,2,3,1,45.052483,0,0,0,2,2,0,124275.195,148764.88,116204.516,101048.58,98555.32,75365.62,-2831.1277,817.03503,6384.0483,-3484.9927,1208.2894,3728.4707,1
123410.38,1,2,1,43.03965,0,0,2,0,0,2,159077.0,163420.23,127096.375,169966.81,108147.75,71614.59,12079.223,-2376.6208,13035.637,6390.04,3924.1804,2879.485,1
124453.5,1,1,1,45.439358,1,-2,-1,0,-1,0,-15389.273,12051.873,23394.889,5796.457,5275.9106,5047.8594,-2274.719,1923.569,6747.8354,-1064.126,2048.3242,5573.9,1
118011.37,1,2,1,40.970943,0,0,0,2,0,0,-30518.61,17763.238,34601.91,-68.20336,14737.489,12606.293,-4884.159,2355.7493,5125.8447,-2910.0093,-1328.5067,5029.9185,1
104897.08,2,3,3,44.56072,2,-2,-2,2,-1,0,-21316.945,18842.79,25513.795,2032.9216,11143.489,9708.828,-4083.735,3026.916,4911.939,-1296.2798,1609.4049,3324.436,1
134384.23,2,1,1,44.6685,1,-2,-1,0,-1,0,-7200.3945,22865.943,24693.703,9779.07,-81.93689,4366.336,-2389.7659,2690.3179,7144.451,675.0976,1107.5199,1479.8898,1
109763.125,1,2,2,24.870806,1,2,0,0,0,0,-24016.695,62798.227,35402.62,-1605.7034,28179.3,8970.584,-4563.294,2684.8848,6219.054,-3899.164,-407.7821,1864.0062,1
104557.15,2,2,1,24.296204,0,0,-1,0,0,0,-21504.484,43145.227,28976.686,6024.2734,24592.031,12171.947,1329.7094,2162.422,7174.8164,-3092.102,974.5836,4266.9727,1
113467.26,1,2,2,42.779484,1,2,0,0,0,0,-21613.094,75181.74,40987.33,-1105.1448,33425.582,23174.625,-5185.3945,2769.0461,5860.327,-2579.3066,167.37465,4393.0806,1
117812.24,2,3,2,45.008003,1,2,0,0,0,0,-24535.414,47835.77,38119.918,-2515.8127,17451.422,17066.535,-5905.535,3970.182,5336.084,-2856.4634,199.2936,3897.9153,1
153287.39,2,1,2,43.74165,1,-2,-2,2,-2,0,-3811.6208,31946.041,27890.926,6534.426,-2156.9526,4651.2617,-4259.869,2696.797,6556.2686,-1833.7993,418.05945,7068.278,1
102012.4,1,2,1,33.618786,2,-2,0,0,-1,0,-24693.836,5975.295,15289.251,5491.2734,15214.501,5587.9766,1765.5575,1970.9664,5777.6587,-1798.4033,737.68665,3945.1746,1
107109.76,2,2,2,24.798855,1,2,0,0,2,0,-15198.0,82610.35,38051.793,4604.785,37671.043,21801.688,-3267.994,2528.7559,7028.702,-4334.3687,487.1095,3042.885,1
101283.69,1,3,2,36.082653,1,-2,-2,2,-2,0,-19560.25,9847.193,20166.844,3063.0857,9078.722,6003.5664,-3329.0066,3223.1213,5388.069,-4348.857,2287.6782,4102.4985,1
128151.57,2,1,2,41.5444,1,-2,-2,2,-2,0,-16484.234,13599.689,27102.525,3576.9724,2891.0552,6017.0625,-4370.257,3767.038,5403.3076,-4016.6274,1163.7074,5184.036,1
133738.67,1,1,1,43.947777,1,-2,-2,2,-1,0,-16098.922,28327.123,24689.4,4269.6484,6044.7114,6841.4863,-2153.6594,2422.911,5587.5835,289.57733,2033.1849,4038.976,1
117480.57,1,2,1,39.313614,0,0,2,2,0,0,57550.79,127866.31,105625.79,59037.156,91384.14,64434.758,222.6691,89.48913,6083.3965,975.7834,1887.753,1673.8246,1
93871.72,1,3,1,45.363857,2,-2,-1,0,-1,0,-19763.523,6114.7324,17974.729,5680.0625,12375.149,5210.461,-501.5272,1777.7238,6349.8003,-2391.996,2201.2087,4214.713,1
104307.414,2,1,2,25.681133,1,-2,-2,0,2,2,-23470.203,35429.68,9170.1045,7478.699,25795.45,9194.691,14169.845,-499.42786,6565.3213,-4700.0522,3048.7197,1949.9388,1
144473.14,1,1,2,28.685436,2,0,0,0,0,0,6269.9297,97491.36,46391.883,2968.7068,13992.526,12298.266,-3477.111,3516.8047,5992.1597,-444.836,799.9188,4670.907,1
140656.84,1,1,1,45.702198,2,-2,-2,2,-1,2,-1336.1014,19089.396,18270.805,11775.33,6055.938,4431.8516,-1942.4535,750.11755,6646.248,3458.9773,2711.4475,6321.3096,1
108644.84,2,1,1,44.496136,2,-2,-1,2,0,0,-30038.594,10094.818,20772.844,-963.69946,13912.132,10454.166,-3376.319,1851.6947,5146.1216,-5382.7515,565.17737,3391.553,1
109971.78,2,3,1,45.11156,2,-2,-1,0,-1,0,-16840.969,20623.307,20343.059,3864.2146,8845.517,5511.59,-739.0599,2909.7852,5778.3174,-2588.5918,2297.9856,5228.0513,1
104954.64,1,1,2,29.883854,2,-2,2,0,0,0,-27465.75,25209.65,17422.297,-553.5862,29362.396,16441.996,314.69498,1825.5814,5835.583,-3106.3784,3281.4658,2721.2625,1
146277.27,2,2,2,27.226894,1,2,0,0,0,0,192176.9,195873.81,134535.48,220267.75,115194.2,69694.625,-5505.5166,-36.918587,16934.96,4304.896,2011.8229,-2440.2788,1
102018.66,2,1,2,26.878935,1,-2,-2,2,-2,0,-21761.297,9372.045,24087.453,3261.6326,11452.142,7772.463,-3698.5837,3251.4146,5326.0776,-4865.4556,1601.3654,4076.0378,1
151001.81,2,1,2,26.344395,2,0,0,2,0,0,87414.945,140025.11,121511.21,66967.19,75033.125,56797.05,-4844.787,3011.2458,4748.105,-380.5025,1760.1339,-1622.3993,1
101433.14,2,2,1,45.17213,2,-2,-1,0,-1,0,-21240.633,1943.6112,22679.19,5566.1523,8548.204,5748.4727,-1843.1752,2124.865,6216.0947,-2587.313,497.0526,5281.2075,1
101509.82,2,2,1,26.179,1,2,0,0,0,0,46764.527,122025.2,83290.09,11693.963,50729.79,27584.959,-1255.3988,2269.9744,7409.6997,-1467.8809,1662.6886,2525.9658,1
96035.33,2,2,2,26.323097,2,-2,-1,0,-1,2,-17007.531,-971.7365,6766.4243,10688.447,27169.053,6037.5625,4462.484,-103.05189,7816.29,-1337.4121,3146.6504,1709.608,1
124202.96,2,1,2,42.57931,1,-2,-2,2,-2,0,-17298.148,16358.385,28298.94,3181.5037,3959.2974,6865.8125,-4465.8867,3792.265,5328.688,-4171.4067,1041.3031,5402.174,1
131728.06,1,3,1,43.75954,1,-2,-2,0,-1,0,-6088.965,13000.83,16795.39,13986.719,9469.944,3405.461,116.73795,1001.1256,8545.999,-363.7354,3851.3005,5066.447,1
132824.75,1,1,2,30.369322,1,-2,-2,2,-2,0,-16289.367,13158.807,23197.55,4134.332,8055.137,6532.039,-3543.5652,2912.2004,5783.243,-3904.2168,2092.604,4801.126,1
105737.28,1,2,1,43.028427,2,-2,-2,2,0,0,-29617.75,5119.01,21225.984,-832.9846,14904.007,9221.74,-3330.5974,2323.9705,5278.683,-5099.7114,577.9518,1823.6676,1
111672.09,1,3,1,45.33108,0,0,-1,0,0,0,-17517.96,58639.387,35584.062,1843.7888,19446.82,14255.785,-2429.9612,2665.4353,6344.5903,-1973.605,874.3617,5507.791,1
102468.46,2,2,1,43.942707,2,-2,-1,0,-1,0,-23473.11,4580.51,21920.982,4207.1562,6990.7036,5704.582,-2421.3992,2833.6667,5887.8555,-3156.6572,35.698868,-1453.1688,1
142722.34,2,1,1,26.73424,1,-2,-2,2,-2,0,-6899.9688,22905.643,23092.72,9794.602,6368.973,5072.1445,-2736.5007,2934.7957,6179.5386,-2465.3389,2382.5854,3406.645,1
122265.91,2,2,1,36.964844,1,-2,-2,2,-2,0,-18454.125,12743.303,26985.857,5910.125,5692.7466,5554.1016,-2957.3596,3809.8784,5648.0273,-3475.5098,957.19006,4779.0967,1
105177.88,1,2,1,45.16247,2,2,-1,0,-1,0,-18336.297,11305.502,23620.314,5913.4414,7840.9126,4448.832,-2352.5417,2744.6252,5887.0376,-396.61774,434.7572,4951.947,1
146692.73,2,1,2,45.561546,1,-2,-2,2,-2,0,-8258.605,24180.787,32591.17,3961.7693,-1669.6439,5487.824,-4716.083,3398.7134,5673.475,-2571.708,10.332168,6944.8037,1
120468.41,1,1,1,44.044846,2,2,-1,0,-1,0,-17663.992,4899.17,20966.717,5871.8086,8669.821,4569.914,-3175.5134,2472.9053,6215.558,-2744.35,1598.4908,4911.131,1
140662.73,1,2,1,45.911602,1,-2,-1,0,-2,0,-8363.582,10956.061,23956.549,9424.43,4356.071,3535.414,-2337.2507,2195.607,6676.359,-1078.3447,2122.407,6260.246,1
105326.32,2,3,1,45.479504,1,2,0,0,0,2,-4183.758,65453.34,46471.605,3593.9763,20514.395,12805.311,-2687.3103,3448.9229,6080.3213,-1133.3213,1944.0358,3912.373,1
133959.89,1,1,2,32.557224,1,-2,-2,2,-2,0,-15888.742,14322.877,23471.547,4151.4375,6755.344,6410.668,-3697.534,3011.763,5757.954,-3817.7622,1955.5079,5010.8184,1
146497.56,2,2,1,45.63445,1,-2,-2,2,-2,0,-8801.781,20967.22,34708.066,5949.699,-2091.148,4574.2734,-4101.328,3586.9485,5801.841,-1786.0591,-844.2611,7443.1787,1
142099.06,1,1,2,38.25798,1,-2,-2,2,-2,0,-13323.262,18353.951,23867.217,4875.1875,3715.2349,5874.2773,-3933.4675,3096.247,5719.56,-3386.8145,1814.37,5566.18,1
101116.51,2,2,1,45.122604,2,-2,-1,0,-1,0,-21557.703,2016.1815,22250.107,5584.793,8865.81,5706.582,-1719.2216,2128.8096,6264.983,-2530.6084,562.1935,5148.29,1
116910.336,2,2,2,44.49278,2,2,0,0,0,0,-28919.594,13072.869,30884.873,33.745857,13755.925,10899.195,-5713.241,3348.9163,5297.694,-4254.609,-1300.9154,4293.0557,1
145456.77,2,1,2,45.512405,1,-2,-2,2,-2,0,-10653.949,21231.213,31867.115,3861.8474,-200.28064,5846.4805,-4667.8447,3655.8083,5485.5176,-3025.183,503.7472,6515.4155,1
134812.12,1,1,1,45.885456,1,-2,-2,0,-1,2,-4580.328,2437.279,17363.568,15431.68,12047.04,3846.8633,390.3693,-456.86096,9636.267,4068.9702,3796.5918,5420.042,1
110881.44,1,1,2,45.19221,2,2,-2,0,-1,0,-23032.281,1937.6034,23943.945,2353.7302,8186.18,6396.117,-4647.2217,2056.355,5715.7817,-2514.5396,524.7882,5201.683,1
104903.84,1,2,1,45.07517,2,-2,-1,0,-1,0,-22331.984,757.576,19753.986,5133.9062,10711.903,5243.8867,-1311.181,1690.7574,6449.5103,-2334.5996,946.13806,4606.8154,1
117009.695,1,2,2,40.219055,1,2,0,0,0,0,-25613.648,53938.76,35451.227,-360.54712,20332.092,13875.814,-5284.2812,3105.7588,5592.366,224.71822,-658.4618,4462.039,1
103692.89,2,1,2,28.212719,1,-2,-2,2,-2,0,-25140.281,5469.424,25360.148,1872.0818,9760.847,8328.771,-4631.7686,2933.7117,5260.9634,-4841.8813,833.255,4357.578,1
109988.53,2,1,2,28.875917,1,2,0,0,0,2,93696.164,130434.48,104527.67,96096.23,106259.82,74183.56,-283.5936,118.20397,9245.401,2458.5037,3353.5933,497.74915,1
139053.48,1,1,2,42.45752,1,2,0,0,2,0,132095.6,152248.08,120191.44,138793.33,108685.516,96983.875,-4258.448,144.14342,17631.17,-3763.6904,3633.597,495.53918,1
97881.695,2,2,1,44.133644,2,-2,-1,0,-1,0,-22168.39,1697.4745,19653.229,6076.867,10036.106,5487.75,-1237.3304,2056.9602,6316.461,-2682.9043,812.3446,4841.7344,1
120431.6,1,2,1,44.9484,2,-2,-1,0,-1,0,-25170.219,873.62286,22797.477,1270.7302,9377.364,7571.8965,-2213.0955,1503.6566,6195.8003,-2618.6846,101.2057,5766.533,1
119439.76,2,2,2,29.052368,1,2,0,0,2,2,42907.418,119745.68,75378.37,32872.086,78340.21,48407.645,1286.507,49.338737,10710.5625,-3258.1377,4205.1675,3318.2915,1
129817.25,1,2,2,44.773556,0,0,0,2,0,0,-33064.195,13206.682,36339.27,-3039.0315,11199.62,13016.59,-6178.0615,2088.902,5102.313,-3560.2583,-2552.5642,5603.4463,1
119645.81,1,1,1,29.00247,1,2,0,0,0,0,129908.7,150024.88,119024.18,92919.28,101537.1,67575.14,52.081215,1022.9132,9219.548,426.7055,51008.125,233.85167,1
105886.43,2,3,1,45.401947,0,0,-1,0,0,2,-13576.191,45666.03,29933.865,5873.3477,20134.941,12960.738,-213.35971,2032.3773,7042.1885,1135.5085,1853.8185,5891.3525,1
100507.04,1,1,2,27.903885,2,-2,-2,0,-1,0,-23932.883,67.07209,9840.37,5228.953,20061.867,6857.7305,-429.58188,732.7103,6339.43,-3600.2588,2181.8936,3152.647,1
128345.914,2,1,2,32.954483,1,-2,-2,2,-1,0,-14592.766,13261.131,23635.299,5482.871,47763.723,6178.158,-4057.448,1861.1595,6243.1816,20767.725,1408.2277,6102.9014,1
133402.3,1,2,2,43.624573,1,-2,-2,2,-2,0,-20204.156,10912.721,27820.695,2859.3591,4313.309,5711.4414,-3959.0525,3087.467,5512.7466,-3561.5923,741.62195,5604.2812,1
106533.445,2,2,2,32.017384,1,2,0,0,0,0,5606.293,123107.13,61220.188,2057.492,16655.71,12790.854,-2760.0852,2048.8618,6820.205,-3344.5786,3753.4976,3194.7598,1
104072.94,2,2,1,45.093884,0,-2,-2,2,-1,2,-12194.164,46783.42,18527.857,5252.4414,29754.354,13596.756,-156.47836,917.02527,6834.6216,-2962.4756,1103.4022,4359.264,1
144908.95,2,1,1,44.548607,1,-2,-2,2,-2,0,-12521.57,19102.99,31582.217,5164.5703,555.6881,5123.4414,-4500.381,3732.6394,5455.5244,-2901.1455,592.121,5925.0913,1
99118.64,2,2,2,41.35614,1,-2,-2,0,-1,0,-20986.836,2302.9392,22565.883,7381.7812,7102.0474,5528.828,-2051.5295,1736.4889,6437.77,-1708.271,1121.8654,2522.8975,1
124482.02,1,2,2,44.865967,0,0,0,2,2,0,-29595.21,36161.957,40232.34,-912.19556,15336.452,13375.006,-6154.665,2507.6992,5386.012,-3687.4634,-3086.199,5842.9434,1
98394.695,2,2,2,24.524279,1,-2,-2,2,-2,0,-25406.195,4184.2324,23033.62,3909.7654,13806.204,7243.34,-2645.9417,2827.7617,5475.053,-4624.848,1168.4034,3851.29,1
142509.33,2,1,2,45.478016,1,-2,-2,2,-2,0,-12974.086,18040.004,32296.967,3170.3357,731.82874,6322.8066,-4789.248,3717.5435,5304.5737,-3412.4648,520.6144,6276.7773,1
112155.35,2,2,1,44.180954,1,-2,-1,2,2,2,-9587.535,67668.64,21086.654,3175.363,45878.06,24318.393,2118.0464,-670.65784,6540.8086,-5285.1665,6358.349,-47.731823,1
89859.0,2,2,1,40.419273,1,-2,2,0,0,2,-1562.9452,78643.97,18682.133,9301.262,41974.836,12806.559,5171.2,805.0292,8314.204,-1030.687,2952.3013,1721.9962,1
140613.64,2,1,1,45.441277,1,-2,-2,2,-2,0,-10131.309,16504.633,34367.168,4670.508,365.31702,6758.086,-4682.3076,3743.1086,5270.8833,-3115.8066,-301.76648,6671.6484,1
102424.555,2,2,1,40.51495,2,2,-1,0,-1,0,-28474.102,200.59943,18363.408,2000.2263,13444.372,6297.3105,-2429.802,2793.7297,11639.329,-3921.6802,388.70007,3982.867,1
100925.15,2,1,2,25.111689,1,-2,-2,2,-2,0,-21638.477,8732.65,23466.094,3706.3826,12850.315,7755.26,-3375.658,3109.4963,5350.506,-4881.7866,1845.2963,3828.5776,1
146789.31,2,2,1,41.699764,2,0,0,0,0,0,78349.914,107741.945,70228.33,10638.301,23496.24,21333.355,-3356.451,4576.723,6604.861,315.03217,-1101.8402,6135.6167,1
99020.23,2,1,2,24.551018,0,0,0,2,-1,2,-19758.547,8845.787,21612.766,7927.91,25215.875,10258.459,-638.27423,-42.03968,6550.0454,-4247.8774,2289.8608,2929.1128,1
108440.9,1,1,2,31.553452,2,-2,2,0,0,0,-29436.898,6388.8105,15809.563,-1391.5237,16348.093,9018.426,-1107.3085,1968.7684,5310.488,-5275.0894,857.02136,3116.057,1
103735.01,2,3,1,34.823303,1,2,0,0,0,0,-21204.36,44192.277,32736.422,2420.6013,22368.754,12844.57,-3967.3982,3940.7432,6881.3022,-3407.526,1352.9581,3659.5308,1
107125.2,2,2,1,45.19737,0,0,0,2,-1,2,-14049.371,77990.61,47727.902,2718.3787,5100.8364,5627.0625,-1991.0409,2298.5586,5821.484,-1363.3398,-241.64293,-7674.34,1
138514.62,2,2,1,43.35011,1,-2,-2,2,-2,0,-15024.18,14777.01,28876.986,6643.4453,2883.2505,4570.09,-3221.2673,3864.8755,5652.7954,-2827.1812,970.3883,5843.6636,1
102302.13,2,3,2,44.970924,2,-2,-1,0,-1,0,-24180.508,11237.631,18988.764,895.0232,12137.456,7038.0,-876.8592,2347.2349,6451.477,-4153.5083,1714.5917,4308.404,1
120433.805,1,3,2,44.75189,1,2,2,0,0,0,-26391.797,34643.082,13222.073,-3360.6956,30051.988,9805.307,-5177.463,2458.7192,18244.361,-4812.065,342.9093,2215.0173,1
134804.52,2,2,1,33.538418,1,2,-1,2,0,0,-32384.5,24450.959,32156.555,-3572.3987,11056.831,11034.18,-4963.6436,3449.7012,5328.273,-3827.5835,355.49866,4179.357,1
130663.62,2,2,2,45.18615,1,-2,-2,2,-2,0,-23731.18,7201.494,36121.273,921.12085,983.1686,7110.037,-5442.126,3293.1719,5016.6753,-3868.98,-748.68787,6279.939,1
106608.875,2,2,2,36.090137,0,0,0,2,2,2,1514.4572,109553.04,46829.64,6207.5547,37594.0,18863.367,1484.4388,-294.0636,6410.201,-1664.169,715.5243,3250.121,1
115077.83,2,1,1,41.470516,1,-2,-2,0,0,0,-22879.312,517.79083,27489.719,5469.25,9513.634,7197.961,-3068.612,2119.2056,7223.093,-3670.246,1762.5856,4706.0703,1
117794.516,2,1,2,24.579834,2,0,0,0,0,0,-18190.922,78558.89,51456.72,4835.547,39504.227,30930.174,-3575.7917,4088.5552,6733.6143,-562.30963,1674.6251,1238.9857,1
122270.53,1,2,1,43.76863,0,0,0,2,0,0,-30446.82,26516.803,37309.152,-819.7112,16554.438,14132.891,-5381.4736,2571.8535,5481.573,-2992.795,-1697.414,4478.1987,1
123208.82,1,2,2,23.974848,0,0,0,2,0,0,-29963.031,14711.928,27602.275,902.50757,19568.51,9820.621,-3566.0955,956.37634,5571.564,-3615.4492,-641.93884,3395.313,1
104104.13,2,3,1,43.530045,1,2,2,0,0,0,81672.086,136073.44,109428.055,90866.91,97326.71,67011.01,-435.21664,2060.0894,8669.498,308.45624,3461.395,2051.9487,1
144323.55,2,1,1,31.813614,1,-2,-2,2,-2,0,-5499.418,25066.092,24460.7,10062.949,3201.4692,4896.8984,-3024.7688,3008.1724,6365.868,-2227.6963,2026.6486,5863.641,1
104424.71,1,2,2,24.114985,1,2,0,0,0,0,-25187.969,36829.17,29818.492,686.3982,30426.521,15290.039,-3431.198,2329.6116,5847.818,-3666.108,274.8766,2416.82,1
121456.91,2,2,1,44.91673,0,0,0,2,0,0,-30010.031,6239.8535,36888.926,-367.5393,3637.4497,8840.623,-5670.6914,3025.4167,4915.997,-4269.066,-2468.556,6015.0737,1
109553.17,2,3,1,45.17672,1,2,0,0,0,0,-22798.727,33922.082,36114.633,-213.20337,11654.935,12742.9375,-5410.543,4474.569,5137.3022,-3155.7808,338.67053,4345.551,1
99755.86,2,3,1,45.09592,2,-2,-1,0,-1,0,-24235.602,8812.689,21710.193,1585.5896,11232.001,6500.135,-1810.059,2685.2505,5954.6353,-3299.099,1515.4142,2901.0364,1
110254.12,1,2,1,44.61027,0,0,-1,0,0,0,-21451.82,59828.75,36336.117,1907.9685,22870.225,15294.809,-1340.5839,2637.7126,6440.6587,-2110.3281,-195.85484,5647.208,1
114030.16,1,3,1,45.307625,1,2,0,0,0,0,-15791.4375,73361.28,38620.91,285.10913,15475.63,12346.041,-4283.041,3989.0483,5533.025,-2939.1284,1343.4418,2963.5767,1
101489.695,1,2,1,25.384228,0,0,-2,2,-2,0,-21053.719,3246.3416,25135.93,6900.5156,10803.878,5157.172,-2660.2556,2822.9756,5651.4624,-3766.1855,763.9252,5098.1807,1
123601.46,1,1,2,44.0704,0,0,0,2,2,0,-27065.578,38740.477,38011.156,-711.44556,16111.978,17149.516,-6267.4863,2419.927,5424.094,-4854.6978,-1879.3319,5304.1543,1
142807.39,1,1,2,40.29248,1,-2,-2,2,-2,0,-11476.758,21038.846,24615.229,5243.461,2286.6997,5586.6875,-4037.1003,3049.6196,5732.1377,-3110.9155,1760.7474,5879.0884,1
126778.34,2,2,2,40.36842,0,0,2,2,0,0,139198.84,166602.12,131452.2,169862.0,106185.02,100082.23,7971.3857,-1912.421,6034.637,1933.9897,2550.344,310.43274,1
142350.36,1,3,1,35.323296,1,-2,-2,2,-2,0,-7214.6055,22769.291,20441.762,9456.547,6726.067,4658.3438,-2325.965,2782.9114,6130.803,-2370.205,2954.9563,4982.4565,1
102202.28,2,1,2,28.077211,1,-2,-2,2,-1,0,-23748.398,5347.6113,25760.695,3494.4255,8024.862,6591.717,-3749.9128,2227.5063,5760.7383,-467.3399,587.44446,5336.8516,1
121118.74,1,1,2,32.09285,1,-2,-2,2,-1,0,-21506.96,7183.299,25839.496,3281.1873,4780.0396,6485.088,-3744.3992,2061.1917,5912.527,-82.66655,1212.4232,4447.1436,1
116044.375,2,2,1,45.247498,1,2,0,0,0,0,-18113.29,94496.38,52372.51,467.32397,22574.34,16899.332,-5048.373,3718.9102,6230.3154,-1884.7954,-579.51404,3326.9976,1
95539.484,2,2,1,36.346134,2,2,-1,0,0,0,45043.92,121717.17,67249.914,10241.551,35520.152,17156.04,-754.0125,-717.30237,7566.259,-1027.188,1789.8942,4083.7327,1
138794.16,2,2,1,44.400517,1,-2,-2,2,-2,0,-15001.305,16603.326,29766.225,6317.2188,3060.317,4866.242,-3326.2205,3889.0774,5607.037,-2819.8218,842.2755,5899.633,1
137191.84,2,1,2,45.37765,1,-2,-2,2,-2,0,-14232.445,17689.902,31322.762,3069.1208,1714.1842,6415.3574,-4705.2246,3769.1064,5294.379,-3646.8774,778.6842,5989.717,1
128902.14,2,1,2,44.84992,1,-2,-2,2,-2,0,-16250.008,16822.943,30471.47,2811.0662,2975.2036,6684.3164,-4651.006,3795.4612,5270.061,-3983.2656,888.18933,5647.695,1
100073.15,2,2,1,35.59565,2,0,0,0,2,2,-21251.328,35150.78,28159.516,9206.137,29654.555,12074.744,3500.6614,1973.8446,8506.848,-4183.973,235.39198,4079.1018,1
136137.19,1,1,2,45.165497,2,-2,-1,0,-1,2,-12833.582,8238.463,17292.686,7118.5312,13691.716,4585.332,-1418.163,1474.9225,18814.307,1919.7312,2911.687,-11930.923,1
113262.62,1,2,1,43.153408,0,0,0,2,2,2,-15790.555,69801.08,40290.934,3883.8162,37006.04,21633.799,-1644.683,1504.1163,5931.8154,-565.42584,-97.306015,2873.3823,1
99572.305,2,3,1,45.084873,2,-2,-1,0,-1,0,-24249.086,7656.912,21265.605,1879.5505,11679.989,6510.5195,-1646.2577,2538.5693,6239.445,-3818.6245,1611.4806,4043.2268,1
104275.79,1,2,1,40.908882,0,0,0,0,0,2,-18021.578,18429.143,28341.621,8961.5,18726.229,10128.789,-433.15854,1280.2423,7376.6147,-1191.1035,1082.371,4721.0156,1
95932.83,2,1,2,26.237106,0,0,2,2,2,2,3754.0159,104310.734,36619.92,5632.3867,57564.582,28509.078,1898.2203,-500.16467,6982.8276,-1268.0381,1929.4957,1464.4781,1
112795.82,2,2,1,34.05479,1,2,2,2,0,0,-31584.766,60091.953,36897.246,-5340.953,34785.332,22621.793,-5011.0986,3418.8008,5057.157,-1314.2671,-115.54674,3631.696,1
126404.836,1,1,2,32.695663,1,-2,-2,2,-2,0,-17545.602,12773.209,23833.402,3550.32,7572.0063,6737.412,-3743.326,3076.7175,5682.9453,-4080.3286,1856.1918,4822.085,1
116277.664,1,2,2,44.644894,1,2,0,0,0,0,-29111.031,37125.418,37376.89,-2498.473,18375.889,15972.166,-6056.9854,3270.1152,5452.986,-1952.7974,-1457.5394,4506.026,1
105152.76,2,3,1,41.897205,1,2,0,0,2,0,-21943.812,34085.754,33562.664,3385.8982,17369.62,15226.316,-4697.209,4277.4185,8351.595,-4419.1177,867.5709,3715.2039,1
120685.266,2,3,3,44.669113,0,0,-1,2,0,0,-25621.555,64400.43,41423.12,-4346.914,16391.584,10268.58,-4887.45,3416.7898,5174.6704,-4916.7954,-536.23816,5333.8916,1
98085.59,1,3,2,25.262669,0,0,0,0,2,2,-12782.922,25297.61,20693.068,11252.826,30450.457,13531.098,1432.9818,162.87975,7795.353,-3330.2275,3499.4072,3557.8418,1
143177.55,1,1,2,41.798412,1,-2,-2,2,-2,0,-12247.848,20086.938,25183.584,4825.9414,2597.3208,5692.1367,-4089.193,3143.7607,5678.2104,-3234.7593,1721.1298,5809.932,1
119520.914,2,1,2,25.891764,1,2,2,2,0,0,-34081.07,17682.596,22880.172,-5591.258,16940.354,11708.377,-5505.296,3042.9458,4941.541,-4583.484,-315.96326,2697.0244,1
121225.41,2,1,1,45.779106,1,-2,-1,0,-2,0,-11271.324,9849.381,25456.014,8192.223,7216.9497,5405.949,-2955.077,3148.4578,6268.429,-2758.4966,2223.8232,5245.878,1
109326.63,1,2,2,35.136017,0,0,0,0,2,2,-16650.016,26629.621,25564.117,9324.5625,22219.598,12787.639,-1160.2108,1013.42883,7875.4824,-2367.4282,556.44617,3423.7974,1
119161.57,1,2,2,44.211044,0,-2,2,0,0,0,-18204.797,93265.055,35871.13,-1157.1057,27660.934,16371.35,-3170.7122,2831.8884,5407.0337,-4360.8394,-872.0746,-25659.14,1
145377.69,2,2,1,44.94583,1,-2,-2,2,-2,0,-9525.914,23171.94,29678.023,7723.922,135.64514,4031.4766,-3411.2644,3579.1309,6145.103,-1839.4668,491.65857,6610.223,1
103178.91,2,2,1,37.48075,1,2,0,0,0,0,27625.357,121851.77,77476.766,24008.64,34837.656,18970.977,-2039.1298,2768.7126,8047.732,-2103.5044,1324.6637,3313.9697,1
136488.98,2,1,1,45.40243,2,2,-1,0,-1,0,-14556.148,17497.865,22634.844,4478.504,6308.727,5073.1562,-3043.3533,3291.009,6462.862,-2792.0674,1865.1603,4731.7197,1
109868.8,1,2,1,40.04535,0,0,-1,0,0,0,-22485.742,43628.594,31081.035,3611.7654,17140.27,12265.375,-799.01154,2466.5532,6360.535,-2532.1787,196.131,5208.732,1
109477.16,2,2,1,43.398125,1,-2,-1,0,0,0,-17460.203,14707.803,27916.572,5742.8438,5611.774,5654.4336,-1775.0687,3162.9668,5759.878,-3164.724,974.1742,5892.474,1
133003.78,1,3,1,45.446075,2,0,0,0,0,0,133359.03,146190.47,94625.83,47402.89,75081.914,52003.652,-1795.5355,2830.4736,8988.205,1094.3291,2938.5554,3313.3796,1
120580.1,2,1,2,37.278496,1,-2,-2,2,-1,0,-20042.125,10927.924,28862.492,3525.7068,1767.3756,6295.42,-4040.0955,2559.6326,5720.383,-2279.474,503.18762,5899.8066,1
144797.92,1,2,1,45.5309,1,-2,-2,2,-2,0,-10930.719,16916.684,32095.605,5053.4023,-1325.8783,4920.285,-4217.829,3130.892,5498.8438,-1984.9629,-510.21326,7371.172,1
140526.8,2,1,1,44.886757,2,-2,-1,2,-2,0,-18457.781,29285.031,25423.691,-697.4182,5819.3794,7716.955,-3004.0774,3565.3928,4766.475,-5334.52,1334.7799,5297.039,1
104446.52,2,2,1,45.124546,2,-2,-1,0,-1,0,-21662.203,1204.2479,23102.66,5446.418,8375.149,6128.5137,-2067.5867,2031.3212,6236.4,-2323.5781,303.33386,5343.543,1
107124.44,2,1,1,42.66529,2,2,-1,2,-1,0,-23915.188,19652.252,25333.871,29.753668,6127.5513,7232.465,-5072.991,4326.4575,4745.265,-2729.6348,277.8319,4998.152,1
127739.43,1,1,1,42.3268,0,0,-1,2,2,0,-24803.672,18426.613,32209.582,631.25757,6784.3755,10645.332,-4003.5017,2591.3174,6035.8506,-4647.984,-132.20396,5078.5957,1
113121.875,1,2,2,44.43629,1,2,0,0,-1,0,99760.69,134951.25,43796.984,2148.5037,5352.567,5891.199,-3826.9333,1774.5314,6626.7837,-1843.2734,-311.09314,6018.808,1
