X1,X2,X3,X4,X5,X6,X7,X8,X9,X10,X11,X12,X13,X14,X15,X16,X17,X18,X19,X20,X21,X22,X23,Y
96309.664,2,1,1,42.08245,2,2,2,2,2,2,12978.113,121116.9,59699.363,10358.553,64375.477,38725.285,604.5524,1829.1923,7418.262,-5013.139,2401.6565,943.41003,1
24795.465,2,1,2,48.083504,-1,0,0,2,0,0,201604.2,228292.73,112761.12,252705.39,231194.9,61754.367,20205.898,2019.9613,94263.52,-18.757862,5500.946,-22602.254,1
-64034.19,1,2,2,47.45782,0,0,0,0,0,0,209347.23,211150.55,139431.05,256231.6,236290.8,132223.94,25946.297,-13440.159,14908.1455,92956.54,25419.18,-21135.809,1
147443.84,1,2,2,42.474537,0,-2,-1,0,-1,0,41541.703,50244.27,8050.7915,17943.748,-806.03064,-11951.1875,-5350.96,2100.0508,5512.4556,-8183.3354,-2059.9407,-94638.6,1
152648.58,2,2,2,39.955482,0,0,0,0,0,0,178724.69,203631.2,175149.2,254647.92,118422.734,107303.2,-2117.615,-2061.7693,10232.217,-3477.88,911.5377,-42233.3,1
148800.3,1,2,2,44.799263,0,0,0,0,0,0,190121.56,215454.78,163727.81,310244.22,146179.7,143729.83,17040.975,-7359.1396,17122.953,-754.23395,14267.13,-20099.39,0
91611.625,1,2,2,40.97393,2,2,2,0,2,0,1238.0431,1141.2948,6318.6665,173142.38,131543.9,92598.266,2462.9148,1160.2811,53549.77,-1035.0942,3637.66,-18163.03,1
103379.94,2,2,1,45.632423,0,0,0,0,-2,0,63992.406,127598.43,112320.83,13518.49,1656.5006,3245.6328,-70.94613,2690.2056,6601.805,-1242.7603,85.19594,7483.672,0
179956.6,2,2,1,44.245274,2,0,-2,0,-1,0,-23971.656,4982.5996,-8787.438,5361.1094,61445.65,118662.08,8368.325,-442.35657,15527.94,-73.45073,70859.15,-8537.207,0
148139.38,1,2,2,29.788774,0,0,-2,2,0,0,160362.47,197354.53,37565.914,-362.75806,-7307.781,23056.248,-6411.1846,2637.464,5441.0225,-5620.0737,-6341.576,-54425.52,0
146684.31,2,1,1,45.062027,0,-2,-1,0,0,0,4480.8477,31149.021,48013.934,12865.078,10948.345,23705.59,-5252.002,4916.79,5162.8086,-4748.479,-2005.7025,-53000.01,0
147815.42,1,1,2,40.24621,0,0,0,0,-1,0,208362.72,201188.03,143794.14,5012.4453,-6130.9683,4595.3633,1346.0885,-1270.4762,8078.967,255.37105,-2670.3694,11815.86,1
147639.73,1,1,1,42.975838,1,-2,-2,2,-1,0,3144.7307,25395.426,14486.255,11815.541,76748.34,50283.31,-3919.946,-1596.3419,6908.9136,29968.623,3995.1208,3470.792,0
81128.65,1,2,2,27.078394,-1,0,0,0,0,0,1507.2931,148337.7,95499.1,10212.164,44988.86,55164.387,38786.3,-1012.94543,33613.203,-4004.5835,41527.582,-7961.5635,1
168913.44,2,2,2,44.204338,0,0,0,0,0,0,183529.52,193133.94,55072.395,109672.195,109012.77,116721.5,10033.884,7.299185,6311.536,-148.2852,66752.03,-14741.884,1
100636.96,2,1,2,47.35918,0,0,0,0,0,0,221053.31,228708.73,157140.52,225300.25,135789.3,119504.57,23277.07,-8978.522,64315.117,20254.6,10553.008,-41090.76,0
151908.31,2,1,1,45.5403,1,-2,-2,2,-2,0,-3989.9177,35055.008,41654.246,2000.8396,10279.075,7153.9844,-4945.616,5491.561,5862.048,4732.875,-1606.7328,-26730.309,0
110386.984,1,2,3,24.485325,0,0,-2,2,-1,0,-14523.473,5603.799,33429.277,5588.0117,4098.52,5439.1914,-3561.7166,2144.5742,5736.322,-1951.062,55.870255,6592.5015,0
119287.84,2,2,1,25.615183,2,0,0,0,0,0,128916.78,139399.81,43732.188,87533.79,89135.016,63436.43,-2102.3958,3246.1125,32176.334,-668.69244,2684.8894,1214.3417,0
131326.8,1,1,1,33.354717,2,-2,-2,0,0,0,-22929.297,18404.727,17157.521,4664.699,21881.025,7818.662,3439.3271,2811.057,5229.974,-4616.7593,55122.332,-696.2279,1
111378.24,2,2,1,44.88293,0,0,0,0,0,2,52506.66,126682.41,113459.05,85221.99,80077.88,6923.1836,-2028.5526,3656.7979,6998.9307,951.0898,-1686.5121,-29113.133,0
130477.92,2,2,1,30.070076,0,0,2,2,2,0,143332.61,169511.75,128086.08,179252.19,109778.63,108055.29,7343.6016,-2602.4792,17315.174,-4089.1743,4371.8247,-1475.3671,1
108504.55,1,2,3,25.301842,2,-2,-2,0,0,0,-23956.828,15586.959,23619.87,4814.4883,22464.299,7572.3633,2959.0305,2085.5735,5613.63,-4566.5835,1761.9335,3224.2087,1
108060.5,2,1,1,44.16543,1,0,0,0,0,0,180789.5,154269.6,75791.35,89154.97,122370.15,100315.86,3510.5645,-3870.1858,8887.492,41951.95,74408.34,-13559.853,0
140879.1,2,2,2,25.491398,1,-2,2,0,0,0,191531.3,218945.39,148952.64,287626.16,143001.48,137533.95,4252.3228,-6498.5176,15454.562,7552.0986,14413.765,-21960.78,1
127990.83,2,2,1,37.757305,-2,-2,-2,2,0,0,141594.94,158656.34,107763.88,143040.66,102552.375,99199.46,6555.2114,385.22156,12161.579,2501.9324,59261.805,-6862.6504,1
111026.52,2,3,1,44.99416,0,0,2,2,0,0,73937.71,136497.02,116932.75,92452.14,100017.14,79841.09,-1637.1254,693.9525,5456.168,123.724075,3562.8015,1200.1381,1
114556.02,1,1,2,31.074299,0,0,-2,2,-1,0,-18206.18,10633.674,30404.383,4331.797,1847.5006,8624.408,-4398.0254,2175.717,5683.514,2342.0283,1635.2594,7248.077,0
144262.78,2,3,1,45.993137,0,-2,-1,0,0,0,159118.52,152400.78,128116.625,147340.23,105760.03,89606.81,348.65982,83.21764,13144.995,5676.021,5775.863,2913.76,1
113525.8,2,2,1,46.05611,0,0,0,0,-1,0,204837.92,177780.89,144347.9,16030.387,143338.89,113308.805,1676.2611,-6333.039,10461.898,76438.04,11841.049,-5561.787,0
113877.1,1,3,3,45.418293,0,0,0,0,0,0,-15269.906,53556.355,42489.48,1284.4607,2331.4497,6671.047,-4130.213,3583.3933,5533.7456,-3708.683,-45.07213,6352.501,0
145778.89,1,2,1,43.43533,-2,-2,-2,2,0,0,148425.73,166105.06,135404.16,175671.45,106491.93,72031.35,-2955.6946,2353.4185,8098.9355,-1442.9482,736.881,-48864.46,0
141783.48,2,1,2,30.606754,1,2,0,0,-1,0,-26224.14,62615.816,31484.21,-3291.6409,10263.47,79645.75,-6183.963,2991.1213,7253.47,-3146.4038,50203.016,-31650.754,0
144303.69,2,2,2,45.926346,2,0,-1,0,-1,2,5302.867,52947.027,45888.504,13735.746,73518.11,27362.178,1333.5848,412.99744,7834.9536,27522.564,2814.287,6325.379,0
108730.37,2,2,2,44.688377,2,-2,-2,2,-1,0,-27086.742,122859.73,18269.193,2871.527,16418.992,6079.674,38272.19,347.14392,5818.011,1638.0027,818.7118,4315.9424,0
152240.23,2,2,1,44.85803,0,0,0,0,0,0,196402.25,215051.28,153275.03,284010.8,135793.81,138312.33,5503.9814,-5059.995,17999.125,2889.48,24686.256,-17373.576,1
142858.1,2,1,1,42.359108,0,-2,-2,2,0,0,-16994.781,38791.99,25770.184,2050.445,17785.61,8654.516,-875.78546,4521.3833,4414.027,-4252.858,57953.957,-1644.5609,0
114662.8,1,3,2,28.755058,2,0,0,0,-1,0,85686.0,138366.84,78282.5,4464.1055,41860.117,22775.844,-3574.034,2014.0262,17537.775,17430.592,500.21667,-27523.785,1
87956.016,2,2,1,44.36544,-2,-2,-1,0,0,2,-6738.918,-5747.416,20195.023,10250.836,43368.21,16180.574,1352.0675,-3967.6165,7863.775,1917.8796,2640.1255,4144.5615,0
151052.62,1,1,1,44.970192,0,0,0,2,-2,0,-7130.8125,132266.19,35629.617,-2836.3518,-2291.476,5685.8086,27009.625,4045.3452,4331.8013,-4278.605,-1438.6581,-2758.7344,0
142070.31,1,1,1,44.72826,1,-2,-2,2,-1,0,-6068.629,18873.854,8472.886,5862.4883,100623.0,79990.98,-4772.8125,-3117.369,6640.525,38240.816,6284.79,4962.4976,1
154385.48,2,2,2,27.312946,0,0,0,0,0,0,198432.22,37572.82,133138.33,199050.67,27918.828,20834.408,-1301.6532,1524.5721,22421.219,-131.43706,-2.205918,7769.0215,0
142871.86,1,1,1,43.077553,0,0,0,2,-1,2,-5492.211,59913.312,24580.336,9694.699,2371.1763,4397.9727,-961.2347,973.05725,6297.377,2189.1582,1850.295,3374.2014,0
145947.19,1,1,2,40.950382,2,0,0,0,0,0,193215.61,203084.4,133105.89,201598.84,123062.586,113223.555,21332.877,-4034.3118,12484.544,29782.938,39599.0,-5100.8467,0
109688.37,2,2,1,38.524555,1,-2,0,0,0,0,-25411.71,146086.94,116710.586,135546.22,108980.49,6798.5527,41063.723,1978.6674,7783.1357,733.018,2229.9487,-27817.709,0
129012.5,1,1,1,44.327114,2,-2,-2,0,2,0,-12807.824,988.86896,18856.674,125916.95,114408.72,73348.18,-1398.432,2017.1691,39537.73,-4966.179,11966.132,-595.1293,1
91746.11,1,1,1,44.446735,1,-2,0,0,0,0,-27270.695,114811.7,80310.5,4670.3164,33976.004,29597.951,41490.367,-523.7628,6884.965,-1709.1895,34349.88,-543.8314,1
148371.75,1,1,2,44.273014,0,0,0,0,-1,0,196787.44,215427.39,27982.91,1337.492,-2518.019,11773.738,11875.075,-3421.5256,9289.976,-2803.6313,1589.7189,10105.257,1
113376.36,2,1,3,32.324265,1,-2,-1,0,-1,0,-23392.07,12946.201,28947.379,674.99585,7240.9575,9024.494,-3678.2234,2660.9453,7941.32,-4362.018,2051.3909,5115.062,0
156603.88,1,1,1,45.59417,0,0,0,0,0,0,167424.05,172520.12,136660.27,115859.59,66664.52,29090.66,-4443.83,3889.5059,6959.9927,-727.6773,-3473.0212,-40389.703,1
116093.52,2,1,2,27.281342,-2,-2,-2,2,-2,0,131956.03,150066.08,110797.21,25606.146,26903.797,6948.2656,1025.3827,1213.973,6486.692,-3662.9297,1990.4738,1525.1676,0
138069.67,2,1,2,28.048725,0,0,0,0,0,2,187463.67,193498.19,132642.17,229625.19,127661.055,123307.08,4843.535,-4733.0557,17115.17,6610.28,6223.8066,1213.2225,1
115172.47,2,1,1,40.486248,2,-2,2,0,-1,2,-18183.86,47556.965,22037.773,4533.5938,27308.748,10019.984,1816.1637,2607.4001,19530.62,-1533.481,2260.8196,-24108.264,0
125524.82,1,1,2,40.83206,2,0,0,0,0,0,166981.1,188674.66,22219.52,142690.55,126781.57,97460.61,-3875.6199,934.9154,46654.047,360.55853,4007.376,-4407.09,1
99711.83,2,3,1,43.647392,0,0,2,0,0,2,99969.19,135699.19,115413.43,119352.09,111624.92,93057.51,12181.101,-1689.3512,10652.298,4956.4697,16119.886,1328.6302,1
144741.88,1,1,1,45.204193,-2,-2,-2,2,0,0,11739.293,17269.441,135013.53,7244.2695,-831.40173,47367.793,-6358.2227,-10292.981,14036.583,-2531.6875,42584.723,-55191.176,1
115007.24,1,2,2,23.96658,0,0,-2,0,0,0,-28281.688,1642.6737,32506.953,1546.2185,10339.054,10395.92,-5019.282,2772.4358,6506.3447,-4867.272,-1739.2435,-29057.523,0
104572.34,2,1,1,24.925312,1,2,-1,0,-1,0,119738.47,121821.55,29198.29,7965.4023,28254.39,9805.68,-1487.0565,1365.7472,21093.99,6279.476,6599.454,603.9728,0
114848.41,1,3,2,44.841553,0,-2,2,0,0,0,119811.19,149766.77,117894.016,117997.38,105553.19,52831.516,-4048.073,2408.9978,8557.436,564.2746,1324.5697,-38158.777,1
148494.55,1,2,1,44.17939,0,0,2,0,0,0,-12403.723,60967.555,65513.387,15158.852,19471.582,32139.363,-6229.907,5414.315,5042.9116,-5180.9644,-4084.7117,-56081.09,0
152991.11,1,1,1,44.613514,2,0,0,0,0,0,165720.69,172035.4,123890.44,-3204.6174,4715.4106,83900.81,-3991.6648,3697.9492,4738.8335,-620.73834,57410.027,-27047.441,1
122274.61,1,2,2,41.492172,1,-2,-2,2,-2,0,130625.86,134909.38,109437.47,78467.28,89204.77,59552.637,-251.01938,896.3397,9164.516,1655.0374,3477.412,4747.2817,1
87332.016,1,2,1,45.627087,2,-2,-2,0,-1,0,-13636.754,94867.84,9532.257,8042.699,82821.2,6784.8945,27403.98,-898.1012,8811.342,33345.7,3412.386,3936.4026,0
112337.25,2,3,2,45.53492,2,0,-2,0,0,0,139917.08,152587.11,120380.71,114677.0,97992.555,53490.24,-3651.196,-6397.665,8700.947,1704.3774,2587.1135,4171.614,1
135701.3,1,2,1,43.03793,2,0,0,0,-1,0,58222.82,122342.266,28240.477,9493.906,76594.99,3492.7266,-3086.119,703.4667,7290.884,28567.604,1172.881,6253.2095,0
130410.375,1,3,1,45.454044,0,0,0,2,0,0,47524.707,130370.66,101604.336,49094.652,77525.93,50221.207,-3435.7166,1242.2753,5653.1167,536.7768,1732.7477,3684.7908,0
104800.73,2,2,2,25.04951,-2,-2,-2,2,-1,2,-20870.852,6461.865,15727.749,9448.18,24353.834,7468.9453,5125.7153,658.9955,11023.782,4115.985,2278.8604,-479.1371,0
176768.86,1,2,1,43.17228,0,0,0,0,-1,0,100510.01,117789.664,80940.82,6000.7734,67250.98,114944.74,11376.812,15.131704,7025.956,3538.124,70399.11,-12622.677,0
101125.48,2,3,1,24.785002,0,0,0,0,0,0,-16641.086,24242.506,28854.021,8598.82,16105.696,7560.824,-1125.0165,2539.537,5907.782,-2955.5771,1886.5443,4340.919,0
136490.05,2,2,1,45.345623,-2,-2,-2,2,-2,0,-16103.273,11324.279,29627.393,4893.5312,3687.3403,5421.379,-3226.991,3439.219,7017.8174,-2040.7808,403.1051,5560.357,0
105850.13,2,2,1,26.13651,0,0,0,0,-1,0,-15803.648,26184.943,27868.934,9570.281,7563.311,4569.8555,-1001.5716,2353.8604,6937.683,-971.3228,10.175918,5881.7974,1
99250.48,1,2,1,36.899906,0,0,0,0,2,2,9635.719,34270.242,20603.271,26846.87,71824.64,38053.566,1021.414,225.9232,28017.867,-1700.5205,2890.1953,2439.5789,0
137074.6,1,2,1,44.59033,0,2,-2,2,-2,0,-34888.67,17494.902,31143.422,-8269.4375,11171.796,39562.68,-7623.046,4569.127,4050.0535,213.50557,28812.014,-21994.621,0
131517.75,2,1,2,45.249645,1,-2,-1,0,0,0,6549.043,7812.8887,126806.38,168897.14,111620.17,1838.586,-3170.2341,-11874.833,7267.183,-9.219775,2960.0798,8036.9907,0
100167.56,1,3,1,45.397587,0,-2,-1,2,-1,0,-16238.07,9639.17,20311.568,5224.4062,8300.415,4958.176,-1674.4086,1254.8304,6114.99,-603.1744,2432.9111,5612.631,1
152894.9,1,2,1,45.69326,0,0,0,0,0,0,209502.97,199949.25,143497.58,253174.08,101410.695,87617.19,-2198.572,-1141.8619,15309.425,3637.681,1331.6078,597.25574,0
130370.88,1,2,2,41.526264,1,-2,-2,2,0,0,156978.73,153445.5,11782.034,418.82007,10325.179,5192.1562,40149.906,-323.03625,6306.684,-3524.8599,2493.1785,3493.5566,0
135440.55,2,2,2,34.65957,1,2,0,0,0,0,23633.576,118638.95,77957.59,18378.518,68351.89,89131.96,60.67643,766.3993,7250.6597,-3423.5552,41874.062,-1474.35,1
138149.52,1,3,2,45.42913,2,-2,-1,0,-1,0,-11083.59,10746.643,21376.568,4970.668,4135.77,5700.9883,-2626.7522,1205.5841,7270.825,637.84686,2072.7292,5481.259,0
113584.48,1,2,1,45.68048,0,0,0,0,0,0,79609.12,132015.9,112430.66,21377.615,47741.83,27831.07,-1728.0082,1581.8903,7661.6587,256.8427,70.55092,5487.5884,0
111260.65,2,1,2,27.255005,2,0,-2,0,0,0,-22736.5,54459.95,35339.34,2253.8787,19233.389,16117.389,-5198.4873,4202.0264,19306.912,-4121.7964,-507.59753,-20919.88,1
112126.68,2,2,2,23.917692,0,0,0,2,0,0,5557.9727,121758.59,57376.227,4151.9805,30299.324,15488.131,-1637.8026,641.6537,5964.229,-1492.626,553.578,2322.4724,1
139478.95,1,2,1,45.463165,0,0,0,0,0,0,154988.47,166617.89,135324.34,174793.53,108642.71,107360.57,-2559.422,-1094.67,12076.643,2438.635,2108.9226,973.24207,0
152553.22,2,1,3,44.36725,1,-2,-2,2,-2,0,-2294.738,34396.836,33123.05,5901.039,-1628.5892,5356.4688,-4603.1875,3452.679,6273.6587,-2603.5132,177.9723,6863.747,0
92848.09,1,1,1,45.599174,0,-2,0,0,0,2,-11774.02,106337.21,36288.98,9080.055,48247.24,17971.436,29692.445,-910.0206,8539.225,973.5893,3851.6746,1754.7406,0
145550.2,2,3,2,24.778875,1,2,0,0,0,0,62533.168,126346.92,82961.97,28556.533,54937.23,34311.63,-3950.3699,2968.5334,6832.9604,179.25288,2979.8176,-22570.12,1
138349.98,2,1,2,39.65209,0,0,0,0,0,0,188780.8,194590.92,97269.33,186807.72,118079.55,98521.39,-2938.908,-71.20814,9305.053,193.7541,58699.09,-29488.414,0
92483.56,2,2,1,41.255436,0,0,-2,2,-1,0,41262.92,117849.234,89314.516,36398.465,84415.336,46360.49,14959.234,-1220.0988,8423.083,1545.3872,2279.336,4768.729,0
130509.48,1,3,1,41.819767,0,0,0,2,0,0,82176.055,128837.875,124190.93,148589.3,115220.484,94684.12,-1195.8324,-9861.015,6459.845,1965.4434,5920.9653,577.31384,0
101326.46,2,1,2,28.597933,2,0,0,0,-1,0,-5021.707,71331.21,38613.473,4867.3516,86193.18,46476.258,-3570.6804,1564.3473,8746.675,34072.13,2093.0933,-4998.493,1
150324.81,2,3,1,45.445988,1,-2,0,0,0,0,-10922.852,40016.406,35002.645,2872.6326,-849.3861,5609.9453,-2519.3264,3454.3955,6532.0186,-2267.859,1299.482,5460.144,0
136514.3,1,2,2,30.495691,0,0,0,2,2,0,162657.48,181159.83,130221.016,203613.5,117612.195,110932.79,-2623.1711,-2374.7058,13310.368,-3748.2373,3567.133,-2831.7778,1
154542.62,1,3,1,45.092274,2,0,0,0,0,0,140235.28,151561.1,123920.3,76560.54,52473.21,22801.205,-4214.621,5259.47,12105.902,-94.28618,-710.4501,-27808.646,1
134139.39,2,2,1,44.828503,2,2,0,0,0,0,-26427.453,5613.4473,56827.836,161.6521,11436.304,9178.848,-5339.8184,2437.14,12828.571,-4280.2417,1138.9513,-2003.6508,1
125368.21,1,1,2,45.245598,0,2,0,0,0,2,159471.64,163303.84,126364.86,165397.03,114659.45,106300.15,2219.8958,-2287.4045,12509.888,6887.8784,5159.4673,1829.2567,1
109030.85,2,2,2,24.365484,0,0,2,2,0,0,4187.297,120617.766,53188.637,1232.4607,59760.727,30480.096,1446.6273,98.191765,7072.483,-2005.1089,698.463,1429.2604,1
136137.19,1,1,2,45.165497,2,-2,-1,0,-1,2,-12833.582,8238.463,17292.686,7118.5312,13691.716,4585.332,-1418.163,1474.9225,18814.307,1919.7312,2911.687,-11930.923,1
145960.48,2,2,1,42.50072,0,0,2,0,0,0,185236.0,210772.16,182283.86,309834.47,149879.48,95660.94,4074.738,-1741.9537,32397.893,-5645.857,286.4054,-56323.062,1
139310.08,1,1,2,45.425465,1,2,-2,0,-1,0,86696.88,138477.11,36025.85,645.3552,1155.5553,7478.535,-5863.6445,2403.7402,12647.994,2691.8083,1695.0509,-22723.057,1
109994.836,2,2,2,45.172256,0,0,-2,2,-2,0,53517.527,3074.4666,40455.64,2756.7576,-5162.894,5550.6406,-5736.8926,4609.932,5006.455,-3210.1636,-3542.5334,8020.348,0
151001.81,2,1,2,26.344395,2,0,0,2,0,0,87414.945,140025.11,121511.21,66967.19,75033.125,56797.05,-4844.787,3011.2458,4748.105,-380.5025,1760.1339,-1622.3993,1
101789.51,2,2,1,40.57331,2,0,0,0,0,0,-20370.5,161782.28,109692.37,161890.17,112504.03,5039.09,39335.914,-9.462046,8655.626,1086.8816,3291.632,554.96545,0
101565.63,1,2,1,45.021023,-2,-2,-2,2,-2,0,-24536.477,1959.6737,18321.87,4406.004,14259.972,5820.6094,16206.514,1439.288,5402.7847,-3588.6353,1409.4388,3890.4626,1
121706.81,1,2,2,45.174877,0,0,0,2,-2,0,-23801.078,90643.18,45427.117,-3059.7346,-6460.6206,8021.1133,-7530.331,5217.744,3850.7686,-4404.8657,-5782.509,-19966.225,0
104895.69,1,2,1,34.937584,0,0,0,2,-1,0,32059.404,43443.504,22177.6,7086.34,68156.45,29917.06,-4658.578,952.0897,6558.1426,36242.65,1590.2142,5220.283,0
92634.05,2,2,1,28.458435,0,-2,-1,0,-1,0,-9234.637,6429.6895,14023.312,11569.635,13621.772,4738.672,2929.0046,1012.371,10437.58,2624.1853,2642.5981,5398.1636,0
132522.12,1,2,1,45.853817,0,0,-1,0,0,2,-6678.508,5271.1387,28214.59,12014.084,10053.985,5290.535,-314.91586,1195.5939,7801.618,-135.15825,1670.2098,6618.41,0
105948.17,2,2,1,36.004837,2,-2,-2,0,-1,0,-27784.875,3707.5095,27841.07,2312.91,6625.3247,15720.566,-2897.0793,3141.6384,5400.5317,-3985.2393,10449.62,-24556.6,1
99708.54,2,3,2,39.951653,0,0,-1,0,-1,2,-4555.086,14552.061,17959.666,15255.5625,9070.96,3880.4805,30.770668,546.6166,8462.266,2798.982,3169.7446,4702.2524,0
99171.66,1,3,1,46.26746,0,0,0,0,-1,0,94635.16,127170.58,103885.04,14603.236,42537.93,19753.086,912.34247,174.66441,8316.437,19294.664,3721.952,5378.538,1
148648.48,1,1,1,45.123436,1,-2,0,0,0,0,-3068.9294,30682.041,133908.81,144477.66,104203.984,89208.15,-5969.1514,-10114.209,7615.311,847.6772,1943.5411,-33111.87,0
144406.31,1,1,2,29.095179,0,-2,-2,2,-1,0,-4703.1484,26020.578,27604.234,498.43726,8150.563,7021.42,-5422.3477,3907.842,5257.1064,4805.73,-11.586289,-22455.32,0
76577.48,2,2,2,44.1646,0,0,2,0,0,0,147462.2,197265.02,194258.38,234060.47,142981.88,85421.95,46023.383,-8421.575,6282.9336,36921.297,9553.883,-63066.645,1
97225.82,2,3,1,46.024403,1,-2,0,0,0,0,-4584.5273,96931.625,25834.213,8558.512,115481.38,90519.44,37488.25,-1890.5055,8220.712,45310.19,9846.3955,2538.2307,0
147838.1,2,2,1,45.69089,2,-2,-1,0,-1,0,-5928.2773,19571.4,20228.057,9530.648,-215.4408,3056.6055,-2085.2727,1359.2045,7197.7124,820.1999,764.36804,7310.8,1
112441.81,1,2,2,42.960796,1,-2,2,0,0,0,-31213.977,1412.3143,11298.679,237.51538,40327.51,15782.086,-1502.5375,1273.1654,18818.133,-361.48688,1242.6283,-521.2103,1
115464.44,1,3,1,45.461952,0,0,0,2,-2,0,10406.566,129117.58,35693.492,2573.5818,751.08655,10573.137,-5115.752,2649.6882,4983.3477,-3506.9038,4288.1465,6395.8613,0
114581.55,2,1,2,24.59962,2,0,0,2,-2,0,-29350.352,47583.76,26032.084,-2868.344,11248.384,10383.576,759.2863,3982.261,4503.209,-6380.736,-380.49548,3887.1416,1
103820.266,2,2,2,26.96809,0,0,0,0,0,2,90401.16,127852.55,107574.695,98639.07,106963.086,68330.35,3606.7302,-1419.3746,10183.508,3664.274,2837.6963,2024.1053,1
144427.05,1,2,1,46.929443,0,0,0,0,0,0,205455.14,185973.39,132014.53,206067.25,136702.58,106913.21,-2383.638,757.31824,52787.523,5242.932,7430.156,-63.9911,1
119899.98,1,2,3,45.263237,0,0,0,0,0,0,-23132.29,46167.95,48211.344,933.05444,11594.739,15333.785,-5556.55,3280.5273,5821.2324,-2416.8179,-1797.4393,6420.911,1
128250.72,2,2,1,46.64626,0,0,0,0,0,2,177961.42,148897.89,126221.766,235865.3,128163.37,106360.03,6701.335,-7183.165,15235.027,37338.637,13181.135,6712.571,0
118982.94,2,2,2,24.151312,2,2,0,0,0,0,91015.484,131491.64,86971.16,7076.25,42835.04,8899.832,-3721.4763,2669.6426,6093.0015,4945.6006,1179.8029,-22623.254,1
134518.19,1,1,1,44.310043,0,0,-1,2,0,2,145684.97,163951.33,129120.02,170540.75,117157.266,106389.16,27689.426,-4750.3047,12212.409,3359.5566,7074.7925,-465.1952,1
112370.65,2,2,2,24.216106,1,-2,-2,2,-2,0,-26001.96,9204.381,34414.73,-179.40259,6081.6255,5472.078,-5577.323,4754.5415,4607.1055,-5584.0933,-964.2103,-29945.258,1
99826.05,1,3,2,45.15292,0,0,-2,0,2,0,3908.0237,78175.99,23980.582,11708.434,25905.871,14285.586,-3070.222,1386.0929,25934.9,-3431.4248,2528.051,3368.9778,0
108961.88,2,2,1,43.929943,2,-2,0,0,0,0,-25500.688,118364.59,52521.633,2428.5115,27802.896,35651.527,33643.637,-616.026,6362.35,-3504.456,34162.062,1482.6686,0
140859.52,1,3,2,45.139435,2,0,0,0,0,0,85705.94,140229.5,56160.9,230.9607,24152.525,21102.314,-3583.9587,2217.485,5996.5347,-2176.4717,2228.5383,3223.5288,0
75895.09,1,1,1,46.852345,-2,-2,-2,-2,-1,0,122617.0,9633.525,-52682.027,5880.1836,144988.05,109467.89,-6342.451,-4400.6885,17899.363,79338.984,10575.6045,-8089.754,1
131552.12,2,3,1,45.372025,2,0,0,0,0,0,136139.92,151495.48,116757.96,112277.875,103196.71,85197.12,-2872.2795,2110.7263,18948.922,1529.1011,2800.4478,-3811.1963,0
79625.16,2,2,2,25.925648,-2,-2,-2,0,-1,0,109360.14,126272.695,83078.22,17437.906,95707.49,49816.426,7431.0776,-3145.4602,9248.233,34204.676,5242.283,1320.1156,1
111225.766,1,1,2,28.09589,-2,-2,2,2,-2,0,-31422.023,39376.254,17637.62,-5855.4336,29766.436,14386.197,51.996254,2552.8074,5110.5933,-6182.4487,314.33704,2335.6702,1
110249.63,1,2,1,41.701584,0,0,0,0,-1,0,-4099.2773,57226.223,44086.934,5046.6445,-3757.8394,4329.3086,-3379.489,3951.4204,6881.6924,-1019.8106,-2936.4407,-18304.373,0
144069.25,1,1,1,45.23183,-2,-2,-2,2,-2,0,-10468.168,21944.512,35268.152,2214.2224,5895.321,14143.582,-5984.878,6161.9497,10271.43,-2909.937,-1946.6249,-45722.402,0
113829.58,2,2,1,23.849327,2,0,0,0,0,0,18583.232,33507.773,27958.713,2090.0818,15210.345,69107.66,-1270.9662,3303.2815,4933.6753,-5133.275,47247.195,-407.18054,1
159338.0,1,3,3,45.300816,0,0,0,0,0,0,199922.45,203764.2,140075.77,128890.74,100791.734,86768.836,-4020.7341,-696.0758,8976.048,1746.1191,4968.563,493.1742,0
91884.8,2,2,2,29.845512,0,0,0,0,-1,2,20288.451,106196.67,35409.703,16067.559,18915.477,4859.215,4377.4873,-395.74573,8726.854,4843.6025,3169.401,5069.1665,0
133515.0,1,1,2,42.197365,2,-2,-1,0,0,0,-28187.758,79874.3,39752.574,-5925.699,26338.527,11076.775,461.89908,3483.4111,5629.8276,-5670.6206,-932.1288,-26970.916,0
105677.33,2,2,2,24.72419,0,0,0,0,0,0,67822.39,126091.96,121515.63,65690.37,85829.64,57578.496,1610.8285,169.84361,8814.982,1022.80145,2237.3403,3519.1304,1
141876.11,2,2,1,43.25505,1,-2,-2,0,-1,0,-13475.348,15174.857,28008.723,7585.8594,-1344.9174,3080.6055,-2847.8962,2900.6514,6668.669,1278.5322,-425.55847,-14932.835,0
91083.56,1,2,2,33.12199,2,-2,-1,0,0,0,-3686.8162,-2930.51,76903.91,29257.596,79815.92,45029.184,-224.74106,-2047.0807,7773.3057,-1003.4898,2132.1252,3616.7021,0
118477.414,1,2,2,45.409546,2,-2,-1,0,-1,2,-8647.922,117030.39,10571.46,14729.387,35791.145,8571.359,40029.69,-2325.529,7968.4224,8969.551,4478.64,3379.4395,0
148583.67,1,1,2,45.45097,1,-2,-2,2,-1,0,-11809.207,38278.594,29961.537,1449.8474,-5610.097,5284.008,-3788.0857,2235.2053,5991.7007,-1276.8022,-298.07605,8226.879,0
146448.72,2,2,2,25.197233,2,0,-2,0,-1,0,-8735.871,34135.336,30214.973,5929.34,-378.10486,6750.291,-2706.161,3134.4763,7509.1675,4197.0596,4261.1963,4061.0977,0
139932.42,2,2,1,45.623604,2,-2,-1,0,-1,0,140888.73,150396.84,20465.738,11843.484,5582.594,3414.3594,2181.3816,-788.81995,7740.2373,48.163036,2619.5232,6625.988,0
130874.32,2,1,1,45.317345,0,0,0,2,-1,0,99975.164,132945.27,113918.695,116633.78,108088.84,83575.375,411.28043,-1009.6427,17040.99,312.06122,3068.9072,5299.75,0
116812.59,1,3,1,42.515972,0,0,0,2,-2,0,122290.25,151123.22,32300.113,4917.879,4229.4185,5735.6836,-2908.1594,2632.4756,5496.332,-3443.4116,890.77405,5735.998,0
128898.96,2,3,1,42.622437,0,0,0,0,0,2,152373.44,158910.4,94140.53,20968.992,28234.295,12472.357,-364.8558,1675.0912,7968.853,2710.438,1623.423,-24626.953,1
155145.9,1,1,2,43.52403,0,0,0,0,-1,0,-5368.629,53929.652,35959.29,1115.742,-5537.8706,5316.3555,-3370.866,3238.8633,6247.848,1982.2676,1104.066,6834.4883,0
125182.12,2,2,1,45.40891,0,0,-2,2,-2,0,95657.555,22773.635,42122.008,5379.3906,-4411.226,4415.996,-4689.457,4777.4077,5830.4146,-2116.9229,-3099.3528,8056.2656,1
105026.695,2,3,1,46.021347,0,0,0,0,-1,0,16727.012,123412.14,63306.316,12816.029,4756.6216,3540.8906,-1307.0809,2323.2905,6697.2437,5244.9307,306.33582,7731.6035,0
97718.445,2,2,2,24.656445,1,-2,-2,2,0,0,-32072.703,117780.695,1181.6082,-1017.24634,31410.068,7421.3223,39964.09,-1786.2526,6130.858,-4477.6313,1376.9686,-442.5282,0
151691.44,2,2,1,36.622776,0,0,2,0,0,0,125248.63,120980.51,90932.164,14355.162,-9106.972,28291.818,-6781.9316,6428.387,5058.9404,-6080.69,9761.791,-59927.715,1
99973.484,2,1,2,27.381844,2,-2,-2,2,0,0,-34105.25,20454.3,7204.0063,-2120.0002,22691.598,35511.465,-625.1995,3399.973,4579.095,-6473.39,56765.49,-10514.523,0
110012.16,2,2,2,44.774036,-2,2,-2,2,0,0,-10338.777,4311.885,-30794.287,96649.8,68087.03,96108.055,7393.24,2328.347,54396.77,-4937.2524,52913.742,-18559.605,0
100515.914,2,3,1,45.216564,-2,-2,-2,2,-2,0,-18202.586,37726.426,23494.912,446.39038,14397.669,8570.1875,-1139.1722,3835.771,8231.257,27109.006,2830.691,-21998.367,0
86955.71,2,3,2,40.062717,1,-2,-2,0,0,0,-24894.336,95519.58,19355.105,3967.3474,21301.34,8445.426,27571.27,1324.9559,12744.381,-4327.642,2792.3904,-393.5028,0
99554.76,2,3,2,25.619915,1,-2,2,0,0,0,108915.0,138702.33,110830.85,106693.1,58497.035,29497.99,4145.2354,856.3993,10423.01,-536.39264,4617.001,665.0748,0
113554.39,2,2,1,43.03222,1,-2,-1,0,-2,0,-5532.836,40.40021,110183.26,14428.139,8929.8955,2512.0469,-741.7918,-3206.013,7617.2773,-791.00885,3517.9636,5748.3916,0
112598.07,2,2,1,45.24501,0,0,0,0,0,2,-19769.18,45743.324,41635.42,5648.801,19162.4,14754.205,-2321.136,2867.8804,6725.6133,398.4748,-1050.4652,6743.4463,1
113845.84,1,2,1,45.26569,0,0,0,0,0,0,75886.18,137426.98,126538.81,95698.99,10994.501,28065.852,-3049.1516,2174.0745,6803.7446,-2370.9688,23447.346,-22690.59,1
128666.484,1,1,3,44.68719,0,2,2,2,0,0,133306.1,164347.34,130194.734,147389.81,108441.89,104440.71,-4129.42,-604.5978,7682.164,-321.48932,9527.031,150.55382,1
110850.195,1,1,2,42.51061,0,2,0,0,-1,0,-16498.25,81079.41,43090.55,463.8318,8355.366,8556.965,-4854.343,3895.9968,5501.5137,5129.7993,1832.9235,-21912.994,1
95503.086,1,3,2,25.706297,-2,-2,-2,0,2,2,-3760.0154,22923.838,2714.9988,10529.283,45935.453,14229.5625,3377.1216,-505.47473,18999.281,-4057.935,4207.2734,-4271.878,1
99767.06,1,3,1,26.992981,0,0,-1,0,0,0,-16567.078,60573.62,25997.406,5856.867,29718.283,13532.893,1437.0677,2203.6038,6575.862,-2726.8257,2538.84,3730.975,1
143988.1,2,2,2,45.082333,0,0,0,0,0,0,194953.19,211271.8,149043.7,282566.03,150002.33,143165.8,25362.955,-6346.3047,20581.693,24058.719,16199.332,-22112.48,0
123499.875,2,2,2,44.54645,1,2,0,0,0,0,-6584.9062,71155.836,48125.715,106770.74,100847.68,74818.34,-4730.135,3368.2493,34296.85,-650.02155,2701.1272,-2610.8003,0
110129.914,2,2,1,44.372604,2,-2,0,0,-1,0,-14923.852,9551.498,18359.42,6798.914,9523.608,5580.578,-983.69464,1919.3522,6881.0815,25090.748,1892.5221,5378.3413,0
79963.11,2,2,2,26.490099,2,-2,-1,0,-2,0,-19622.781,12793.061,12769.206,6676.4766,19577.594,6947.742,3630.902,1978.3073,5955.1104,-4704.279,2828.3833,2941.8662,1
119375.37,2,2,1,45.46793,0,2,0,0,-2,0,-20252.375,22417.994,32823.81,3548.078,1667.6295,6802.967,-4087.6453,4117.5825,5276.7134,-3321.1196,269.24426,6433.258,0
106313.81,1,2,2,33.620537,2,0,0,0,0,0,-24652.68,2578.8962,14801.95,21481.52,84785.6,51494.625,-3109.0847,1451.2281,28500.262,-1781.7373,1222.2164,-697.349,0
99860.664,2,3,1,44.71944,2,-2,-1,0,-1,0,-23769.906,75527.65,25255.682,1493.4451,11677.142,11170.018,14317.81,2243.7385,5504.98,-3418.1426,9178.917,2535.7837,1
193035.88,2,2,1,27.514004,0,0,-2,2,0,0,192469.39,30796.287,23988.672,-5004.5664,51915.125,121037.555,1571.8182,3822.4507,3507.7163,-2675.5688,70407.95,-21363.88,1
117654.5,2,2,3,44.970257,0,0,2,2,0,0,15015.887,125046.945,91663.4,17892.504,13820.38,9714.184,-3494.5437,1980.2809,5455.9624,-3662.0933,-235.89195,4996.2607,1
147150.22,1,1,1,42.339043,0,0,0,0,0,0,191097.58,212935.66,151692.17,277618.7,142810.38,144469.22,7558.982,-3488.0989,14277.624,3116.3171,-2285.5872,-3047.5854,0
149865.86,1,1,1,45.742897,0,0,0,0,2,0,-7082.297,25150.426,39053.734,6066.578,-4906.933,5773.5938,-4336.8086,2817.9182,5874.6553,-1875.5308,-2188.1624,7500.5405,0
102286.664,2,2,2,24.457932,2,-2,0,0,-1,0,-27605.633,25689.324,17052.727,4235.547,20957.113,7094.963,13366.993,880.6229,5754.908,-2101.8174,1102.712,3256.82,0
114034.73,1,2,2,41.634556,0,0,0,2,-1,0,-21431.773,53470.656,30257.447,3736.738,8203.394,12922.227,-5075.5215,2723.336,5385.323,3829.983,-965.08044,6368.67,0
91640.33,1,3,2,28.093822,0,0,0,0,-1,2,-4418.953,52047.426,35030.79,14590.443,15328.22,3834.5156,2612.6797,553.93494,7861.4995,416.3415,3749.9043,4134.5713,0
99519.55,2,2,2,44.560528,2,-2,-2,0,0,0,-26370.055,-1291.0138,15626.3,11187.1,39472.645,18122.047,-2317.0452,1855.0367,24710.2,-3818.4854,1159.0765,920.7706,0
146775.14,2,2,2,43.235996,2,0,0,0,0,0,120474.08,149477.58,126548.7,142022.34,101104.586,94168.88,-2119.5432,1703.964,10617.89,1906.8206,1394.0975,3252.162,1
111107.46,1,2,1,46.153885,0,0,0,0,-1,0,133954.06,143057.19,34162.04,15633.191,17464.596,6367.879,-598.38214,2086.839,38459.81,-2621.899,2782.8145,2894.6108,1
119339.9,2,2,2,34.486977,0,2,-2,0,2,0,56704.113,119674.05,82304.5,40787.668,76280.586,35681.34,1184.306,551.0697,8775.551,-2993.584,2754.92,3895.8186,1
136703.42,1,1,1,45.99629,0,-2,-2,2,0,0,185777.19,181537.03,132450.22,210190.5,121565.555,116069.68,14565.16,-2511.5085,20213.092,7366.1636,4650.5015,7751.8027,0
138358.19,2,3,2,24.159708,2,0,0,0,0,0,-26507.164,12079.783,32142.451,24.85523,21071.8,14224.904,-4333.244,2666.7048,14917.803,-4530.1704,7545.8755,3215.736,1
112062.4,1,3,2,34.82752,0,0,0,2,0,0,-29799.656,16477.314,32922.06,-2730.9026,19846.068,14426.436,-4901.6875,2506.7217,5047.3774,-3992.2642,600.1815,1017.6244,0
110729.66,2,2,2,24.249792,-2,-2,-2,2,-2,0,-28119.93,7906.131,29653.637,603.11304,15204.769,9432.844,-2040.4061,3597.9949,10518.279,-4592.303,-616.3607,-27827.754,0
146396.75,1,2,1,37.769493,0,0,0,0,0,0,-19711.984,57503.586,30388.846,2401.867,21661.445,90849.484,1394.2013,1706.445,7001.463,35.773388,55896.746,-1057.1444,0
143182.86,1,2,1,24.67358,0,0,0,0,0,0,201339.06,204006.05,134090.58,182743.27,109151.01,99901.73,6606.536,-3225.4514,13028.855,3939.175,2987.5122,3472.0818,0
112609.49,2,1,1,31.51838,1,2,-1,0,-1,2,8908.586,52391.2,32265.9,9436.008,5237.391,5131.758,-2340.612,3739.4822,6223.2163,-1010.0782,1546.4423,-26227.617,0
132482.75,1,2,2,27.173153,-2,-2,-2,2,-1,0,-22242.125,1276.162,19348.418,5393.6016,9006.778,4493.133,-1354.5873,874.84607,6306.516,-1449.7222,941.8927,5415.485,0
138979.48,2,1,1,43.976215,2,2,-1,0,-1,0,8660.352,25830.64,130975.57,13316.627,5505.653,448.91803,-3692.1423,-13638.976,11195.191,6412.115,3059.4778,3112.7295,0
145320.75,2,1,1,27.9101,0,0,-2,2,-1,0,173518.73,127682.664,104080.01,23547.496,-578.265,2424.371,-48.573082,274.62878,8720.318,1695.8181,816.786,5798.537,1
113041.27,1,1,2,44.212784,2,-2,-1,2,0,0,41112.594,126450.16,72021.79,3543.7732,63634.715,37969.457,-4323.8486,1371.1871,5738.6377,-5515.184,104.36195,-25662.004,0
125548.086,2,2,2,27.02073,0,-2,-1,0,-1,0,-22592.078,37231.027,25428.004,2130.32,13840.591,15181.855,579.5549,3228.331,5961.9077,-5869.514,-791.83484,-41185.9,0
92977.86,2,1,2,24.839155,2,-2,-2,0,-1,0,-25366.688,3394.8103,14515.884,3212.1365,15597.239,9470.047,-1788.5145,1931.5509,12063.48,-4557.433,3026.8691,-6056.1436,1
147789.42,2,1,1,44.92228,2,-2,-2,0,-1,0,-2034.4335,59139.273,23413.277,7104.367,57210.348,32530.74,4048.006,2690.5774,7004.668,24924.574,1459.7682,-26647.459,1
94945.27,2,2,1,27.164753,0,0,-1,0,-2,0,-15051.508,5327.74,22553.902,10353.547,11494.88,4679.9375,-994.97003,2451.0059,6425.114,-3218.2783,1502.7926,5171.7773,0
84396.805,2,3,2,24.661873,-2,-2,-2,2,-2,0,-22205.992,6429.1387,16452.973,4274.9453,18592.54,8240.541,-1212.2592,2619.2463,5280.7456,-4527.727,3736.1921,2712.4883,0
146925.25,1,2,1,41.30521,0,0,0,0,0,0,134500.12,157459.62,134067.7,160968.22,104397.875,89327.97,-3959.777,2218.4885,6847.9004,-5276.0933,-1090.4725,-51805.09,0
105875.336,2,1,1,43.473167,2,0,-2,0,-1,0,-15278.883,36111.02,37990.92,2843.992,8579.702,15309.895,-1026.6459,2362.6677,19534.686,-568.45123,10714.404,5245.9517,1
132522.47,2,3,2,43.51166,1,-2,0,0,0,0,-18874.234,22289.826,32314.52,1201.8865,6012.52,9724.709,-4325.242,3851.166,5763.9224,-3355.4263,1188.309,1466.6261,0
122614.97,1,2,2,45.20693,0,0,-2,0,0,2,-8322.441,22655.164,22478.764,11132.9375,47122.676,22271.46,-1009.3016,258.71472,7196.552,21756.531,1958.4281,5552.724,0
117845.305,2,2,1,44.954147,2,-2,-2,0,-2,0,-24817.328,29712.926,31623.674,479.7224,7864.3794,15721.355,2462.3486,2405.6523,5288.317,-4421.2993,8941.546,1027.3881,0
100786.84,2,1,2,45.010593,0,0,2,2,-1,2,8997.098,114214.695,49226.64,8354.57,71050.91,37990.926,2258.8394,-792.96594,13398.242,-3967.686,2764.1526,1647.0289,1
106488.89,2,3,1,45.652973,2,2,2,0,0,0,102149.71,133814.39,96943.57,38524.92,73143.586,47374.203,-2791.8284,3424.5093,33095.15,-1417.8569,4342.3525,342.30383,1
137504.47,2,2,1,43.880955,0,0,0,0,0,0,150209.03,166582.98,121818.91,85064.375,37622.16,95499.484,2080.7446,1602.963,10492.617,-997.89606,58728.625,-3563.5972,1
107373.21,1,2,3,45.410645,0,-2,-2,0,0,0,-14850.32,6998.627,26451.613,6136.379,5130.2817,5376.918,-2393.5725,2014.5013,6049.8696,-2954.1475,955.9249,6521.457,0
94995.04,2,1,2,25.752306,2,0,0,0,-2,0,-22961.43,89854.516,35520.348,4031.9646,17144.164,7836.783,17054.203,2582.509,5200.0146,-5050.395,1424.1962,3101.5442,1
131494.88,2,3,1,44.4814,1,2,0,0,0,0,146216.83,118472.87,51664.492,-1552.1252,2373.4146,6876.994,-5647.9316,5532.773,4940.58,-2116.275,-1410.5936,-24698.3,1
137929.56,2,2,1,44.03637,2,0,0,0,0,0,22182.0,118690.82,36000.848,2266.9294,18730.537,88938.586,455.7858,1652.3842,6330.4736,-2437.5493,55167.996,-1843.89,0
115485.07,1,1,2,25.571629,0,0,2,2,2,0,-11357.336,19631.14,22512.201,-1016.43384,23352.703,15064.297,-1301.0282,1137.6722,15779.335,-5369.183,275.60388,290.47083,0
127185.49,1,2,1,31.92176,0,0,0,2,0,0,71471.46,127174.9,109558.5,81730.11,101609.62,93138.17,2003.5975,-1257.881,6460.701,1557.2485,31276.113,4178.6343,1
100294.09,2,2,2,26.957926,0,2,0,0,-1,0,95708.36,132560.88,115213.59,9500.082,7567.389,4656.207,13.762855,1177.0304,7477.103,213.43306,1852.1285,5060.7754,1
113280.53,1,1,1,44.90794,0,0,-1,2,0,0,-26860.258,19471.377,33030.22,94.15992,5926.4146,10723.037,-3860.326,1365.2592,5350.1313,-4523.636,-479.40857,4057.3,1
117291.29,1,1,1,33.18726,2,0,0,0,0,0,-20460.125,113529.055,46635.39,6405.8984,48120.01,22226.504,22631.783,2324.354,6324.1577,-1822.3999,1241.38,-837.4569,0
113202.59,2,2,2,25.177061,0,0,0,0,0,2,152506.16,156158.8,121055.63,166059.22,114061.15,102961.664,5670.472,-3510.973,12271.827,5193.007,4580.8594,781.78723,1
95485.69,1,2,2,24.790195,0,0,-2,2,-1,2,29082.652,-433.59198,21062.232,11765.605,19430.213,9938.412,-693.56573,164.56871,6830.62,6752.044,1925.6659,5220.8843,1
144887.62,1,1,1,45.28574,2,0,0,0,-1,0,-10908.516,51272.0,31937.637,5769.9023,2049.602,5530.9062,-1884.9164,2864.9365,6120.6675,1714.0752,612.9396,5179.1567,0
109147.4,1,2,3,42.19912,0,0,0,0,0,0,-22381.953,119589.96,66326.945,5861.7266,13244.001,8699.592,31277.717,841.9418,6232.169,-2604.0928,1034.8202,4908.696,1
126977.18,2,1,2,37.73449,1,-2,-2,0,0,0,-33579.062,5280.0723,50766.855,-780.0393,42974.45,71889.42,-5118.383,496.43738,16023.3545,468.16718,47560.203,-32103.215,1
105337.53,2,3,1,45.857742,0,0,0,0,0,2,4366.297,104979.72,56651.195,15550.684,46894.754,25397.404,-507.26303,1797.7291,8621.261,1413.9995,2163.9512,1810.6954,1
100687.84,2,2,1,45.089878,2,-2,0,0,0,0,139129.61,155386.05,119018.805,147929.66,67049.8,12067.48,43129.266,1534.9359,12906.514,-2209.9458,3359.6057,1227.4454,1
104500.0,1,2,1,45.230145,0,0,-1,0,0,0,-14969.945,-4393.424,106345.05,62521.28,81958.445,55266.613,-1735.8822,-2375.5466,8957.743,2539.0752,1638.6588,2161.4822,0
114964.71,1,1,2,36.449223,-2,-2,0,0,0,2,-10631.719,11072.166,106091.016,65350.938,40682.14,6482.1953,11648.396,-4874.3525,7422.3887,3470.9543,4437.2915,3099.7644,0
121322.29,1,1,1,44.48837,2,-2,-2,0,0,0,-19807.703,11141.545,31395.273,720.3357,3909.4536,6134.115,-4686.459,4031.389,5058.721,-4089.439,-159.39586,-21868.018,1
108040.99,1,3,3,45.431797,1,-2,-2,0,0,0,-17865.898,244.68536,29689.719,3628.695,22014.482,10662.543,-4186.8857,1113.3121,5752.731,-3198.1968,2013.4149,4806.6504,1
141064.31,2,1,2,24.67183,2,2,0,0,2,0,69905.4,133329.28,106000.46,83845.17,80511.11,66868.76,-4529.664,3790.0073,8599.524,-5061.103,1432.0245,-34538.664,1
141750.33,2,1,2,24.21541,2,0,0,0,0,0,3153.2502,120959.1,85583.516,1545.8708,41415.336,62924.176,-2987.8914,2386.0369,5540.569,-1353.5093,34578.926,-27814.557,0
144008.03,2,3,1,45.418507,-2,-2,-2,2,-2,0,-3778.8162,20008.791,28285.643,6012.422,47.54748,5294.7305,-3774.8142,2796.7905,5522.365,-1967.3628,199.95668,7038.9883,1
109457.14,2,2,2,45.41505,0,0,0,0,-1,2,-19200.844,6630.533,32172.686,7872.492,15018.491,10120.986,-2200.3684,828.0326,17936.865,-1460.001,617.0956,5650.253,0
155470.95,1,1,2,44.601067,2,0,0,0,0,0,182883.44,206439.44,143279.66,242475.53,132302.6,141369.81,-4343.8457,-2105.3,14786.894,-2467.7603,37601.113,-22274.764,1
159375.86,1,2,1,41.80395,0,0,0,0,0,0,196677.52,192439.25,148742.78,106793.89,80378.51,56104.785,-3514.2742,2721.4407,5948.0625,-933.8536,-6607.3096,-36620.664,1
111476.14,2,3,1,45.469822,0,-2,-1,2,2,2,-10841.082,10242.611,20686.713,8570.992,11395.3955,6791.4883,-114.42953,1478.4032,6199.0815,-1617.3784,2505.7327,1747.7753,0
97849.64,1,2,2,25.703339,0,0,-1,0,-1,0,28096.172,115165.305,18764.934,12719.656,15253.851,3906.4922,976.14764,-959.4972,8109.066,-971.4161,2190.2078,4897.9775,0
116325.81,1,3,2,43.327618,2,0,0,0,-1,0,121247.01,115949.66,-39665.957,9398.883,128590.77,102636.875,-5843.325,-5074.45,9004.577,64163.457,8693.548,-2772.2812,0
141598.83,2,2,1,44.65591,0,0,0,2,-1,0,7595.8516,137365.95,34509.215,5091.082,-1793.7338,1965.0587,39758.79,1098.8121,5998.4165,-260.19244,-704.0077,7476.9287,0
134774.75,2,2,1,45.66129,2,0,0,0,-1,0,-10059.066,11294.084,20813.521,8888.891,99167.555,79687.4,-4349.712,454.6859,6948.663,38351.863,3164.0227,3190.5989,0
141678.92,1,1,1,35.847614,1,2,2,0,0,0,170389.39,174432.52,124916.31,145196.42,111973.54,109804.29,7297.108,-1675.5231,10779.472,2324.4338,52993.25,2100.836,0
101553.07,2,1,2,43.40194,2,-2,0,0,-1,0,-24388.664,59488.21,23342.434,1900.656,11513.175,7504.701,12670.023,2076.117,6091.275,-4415.7485,1190.8138,4291.981,0
151381.42,1,1,3,44.722317,-2,-2,-2,2,-2,0,-4109.59,28483.318,27414.785,5594.1094,-147.83923,4338.508,-4263.0713,2702.8384,6027.9067,-2044.44,835.8783,6636.346,1
111957.1,1,2,2,35.19465,-2,-2,-2,2,-2,0,115559.71,132715.72,24094.592,5123.035,8545.743,5774.535,-1492.9564,2258.5044,5931.9795,-3501.6768,787.089,5118.3667,0
109177.05,1,3,3,45.285606,2,0,-2,0,-1,0,-16099.539,60566.785,33104.348,1920.6482,4122.5903,9035.857,-4922.4453,2960.8223,9247.149,-2355.7368,2438.2014,3718.0586,0
130914.78,2,2,2,24.718897,0,0,-2,2,-2,0,29332.719,13148.154,31518.936,6755.16,2825.3833,5121.4297,-3590.7888,3193.5906,5637.756,-2943.109,218.59657,6502.575,1
118195.35,1,1,1,45.8308,0,0,0,0,0,0,133525.73,149096.95,125804.78,66557.24,95464.125,61780.85,-3543.1072,180.4105,7997.06,30981.352,2996.2446,-26513.137,1
111718.91,1,1,1,45.29904,0,-2,-2,0,0,0,-16581.14,347.2791,24863.38,4387.4297,7021.4614,10119.432,-3249.4568,887.8329,6605.64,-3292.105,5696.1787,5904.245,0
112892.01,1,2,2,25.997173,1,-2,-2,0,0,0,-23896.883,-2226.053,13872.558,7707.2734,63289.08,30187.92,-852.76886,-254.69545,7810.639,28198.83,2935.8496,1339.4327,1
121863.97,2,2,2,44.731384,1,-2,0,0,0,0,-31282.07,74566.97,42001.184,-4731.246,27623.729,20243.729,14955.351,3087.3455,5250.4277,-600.8316,-1377.4872,-1694.3177,0
153229.9,1,1,2,40.073708,0,0,0,0,-2,0,158123.19,175156.55,139684.48,5128.1055,-5357.5464,17459.383,-3690.2468,3756.4622,4926.09,-5737.7075,-4548.7695,-53378.69,0
140050.3,1,1,1,45.775383,0,0,0,0,0,2,166020.77,161108.05,129911.48,174515.69,116528.54,107372.27,261.28336,-3443.7385,12462.378,7078.4526,6671.262,8189.303,1
113013.336,1,2,2,25.020592,0,0,0,2,2,2,110860.125,139356.94,110399.125,131755.06,117671.23,92492.92,3653.1265,-3627.9075,11599.191,1152.2126,4505.8506,2905.5674,1
141964.48,2,3,2,25.243937,2,2,2,0,0,0,57131.902,122187.57,90419.64,33602.027,62390.22,32393.547,969.4836,2192.2234,7969.073,258.01093,4383.569,2892.9282,0
112383.74,2,2,2,24.482595,-2,-2,-2,2,0,0,-33157.36,3386.615,18243.791,1242.6443,17521.502,35343.65,90.228676,1498.4081,5792.3945,-2991.046,33627.676,-1516.8392,1
108027.73,1,2,1,45.2598,0,0,-1,0,0,0,-12853.723,111361.79,38680.64,3895.57,36473.77,19472.88,1997.0109,1417.1207,10676.769,920.15643,720.05383,4956.467,0
115201.27,2,3,1,45.42754,0,0,0,0,0,0,-17257.57,65748.66,57678.95,168.4021,3231.6333,6683.7734,-5143.8154,5445.069,5733.1084,-2198.0103,-2798.0408,-24783.814,1
133024.28,2,2,1,42.503387,0,0,0,0,0,0,182630.1,186582.47,131131.45,83686.555,89126.37,6549.9297,-2402.5579,1382.622,19012.402,3396.435,-1968.1805,8702.957,0
148689.25,1,1,2,36.539185,0,0,0,2,-2,0,136579.58,170993.86,34641.414,-5204.0312,-3542.0034,72757.914,-7011.122,1881.8607,4783.159,-5444.187,48489.42,-31577.75,0
112376.51,2,1,1,36.997505,2,-2,-1,0,-2,0,-12273.809,10946.771,18131.027,8374.551,11478.872,5913.5273,-2094.8157,3476.9468,6197.0376,-3971.713,2523.5344,4194.488,0
126178.516,1,1,1,45.030514,2,0,0,0,0,0,-3785.2185,156336.36,114444.15,4634.535,34683.47,10267.73,40675.01,-433.8761,17315.133,883.78314,6224.0933,647.3529,0
153950.9,2,3,1,45.422672,0,0,0,2,0,0,160259.9,161837.58,138615.36,164229.31,107458.57,107778.22,-4126.4707,-123.5221,5508.7456,1863.5701,36406.938,1684.2626,0
134716.02,1,2,2,30.846775,2,-2,-2,2,-2,0,-25120.79,27835.936,20694.271,742.1404,8564.86,7502.6406,-485.05405,2527.018,5236.9556,-4848.3394,895.01746,4903.2817,0
99405.305,1,2,1,29.951042,0,0,0,2,-1,0,159003.89,142282.44,37808.227,10082.797,120382.055,98155.88,-1867.514,-5307.0225,8378.453,50351.43,11102.064,4512.1035,1
89624.43,2,3,2,27.480934,0,0,0,0,0,2,47993.57,117945.09,67476.945,26554.145,73055.38,35611.312,3326.7485,-67.640755,8724.867,2230.8403,3767.64,2099.9502,0
153042.4,1,1,1,45.246677,0,0,0,0,0,0,195529.06,204846.73,143958.05,255415.53,138676.45,135808.8,1311.819,-4152.8887,17771.602,3656.7695,14313.0,5752.2373,1
102641.086,2,2,2,25.268066,-2,-2,-2,2,2,0,-28073.352,-3224.4124,26612.39,5046.9062,51513.406,24879.373,-469.65463,-147.47475,6854.127,-4272.5366,309.71838,953.9618,0
102369.34,1,3,1,44.723503,0,0,-1,0,-1,0,-8707.355,53394.477,22736.834,9655.457,5286.9497,3432.7969,-1388.5302,1578.5438,7100.149,-1404.2354,1936.9318,6298.3794,1
135105.7,1,1,1,45.713936,2,-2,-1,0,-1,0,-3839.2185,25695.455,9957.972,9914.266,79502.984,48304.586,-922.0164,-544.55774,6796.8877,31577.816,5037.288,3908.8254,0
105263.07,2,2,1,35.67507,2,-2,-1,0,-1,2,7997.3594,32289.035,11094.417,12693.135,18407.45,5308.0586,11648.939,452.34314,11141.014,-611.68024,3259.986,3035.314,0
143230.53,2,1,1,45.52215,2,2,-2,0,-1,0,-8092.121,24937.0,27161.998,8124.8164,7672.9614,8017.758,-4490.6143,4322.3154,10661.92,4607.293,837.4088,-13722.843,0
102602.04,2,3,1,45.456223,2,-2,-1,0,0,0,-7646.3203,8128.709,71490.86,39856.47,15170.226,4989.215,-61.770836,-215.24721,7409.6865,-2512.628,3752.9436,4079.0408,1
107039.56,1,3,2,45.763695,0,0,0,0,-2,0,15773.184,103951.96,33786.48,7369.824,3463.6997,4769.8594,-3034.8538,2610.2634,5871.235,-2422.7788,770.66565,6464.7876,1
155694.58,1,1,2,40.7271,0,0,0,0,0,0,216668.05,175807.23,136306.44,203905.39,-2989.7183,2178.957,175.25015,-1341.4347,18167.166,880.1921,1274.2418,10081.668,0
108679.76,1,3,2,31.238768,1,2,0,0,0,0,-26326.89,13087.826,17806.396,552.11304,30726.93,16596.408,-4092.9373,2727.8552,14478.104,-2186.1401,1673.5477,1196.9327,1
126563.33,1,1,2,45.109413,2,-2,2,0,2,2,-11011.047,105282.5,9862.382,18218.55,68619.61,15355.057,33702.906,-1344.6886,24370.105,-3609.4458,8268.369,1357.1735,1
103706.87,1,2,2,26.292253,0,0,0,0,0,0,7194.086,120545.62,45194.652,7548.578,10790.134,5721.75,1105.3126,1897.8175,10025.915,-3168.9663,1180.139,5435.832,0
131811.4,2,2,1,45.74997,0,0,0,0,0,2,120620.1,142461.47,123809.4,137731.14,104716.516,94042.1,144.27652,-346.74182,11120.324,4998.512,1134.8104,-1284.1947,1
134079.08,1,2,2,45.52407,1,-2,-1,0,-1,0,-5777.0664,21673.402,89762.914,12502.469,10897.706,3817.1992,6180.6597,-1952.5485,22118.973,462.6662,4725.295,5615.262,0
96745.48,1,2,2,25.118761,2,-2,0,0,-1,0,-26272.023,23646.41,18569.361,4424.3867,25632.268,6632.867,8240.42,625.13416,13892.531,-2177.6992,1199.974,2474.9187,1
116564.375,1,1,1,33.60752,2,-2,-2,2,-2,0,-24230.898,13601.158,27538.77,-2434.5002,5234.067,11941.986,-5867.203,4476.477,4318.2183,-5590.5376,3948.1812,-22857.797,0
120529.055,2,2,1,41.193966,0,0,0,0,0,0,203093.95,207270.89,56695.36,190377.97,112736.664,97686.74,22313.094,-13070.558,13812.9,704.57733,59925.32,-22678.547,1
126739.33,2,3,2,45.838306,1,-2,-1,0,-1,0,-8513.48,16872.137,23634.465,7760.3086,3051.063,4666.6055,-2517.1487,2045.7672,7248.278,-1181.064,2230.9177,2049.989,1
141261.44,2,1,2,26.643133,0,0,0,0,0,2,-2108.4685,57087.168,33390.69,9034.582,24286.494,13325.686,-946.06085,999.79114,7673.4937,759.2131,2565.96,6093.6226,1
126703.47,1,1,2,34.379547,2,-2,-2,0,0,0,-25674.453,9406.475,-2264.4622,4815.332,40186.28,75946.055,2514.712,-491.78967,15157.392,-3135.0518,50874.938,-2133.7842,0
146501.05,2,1,2,45.46752,0,0,0,2,-2,0,152060.94,70972.47,47996.434,-232.01978,-7433.8706,7009.9473,-5318.453,4989.6494,4992.1733,-3204.3062,-4157.0303,8795.41,0
145583.9,2,1,1,45.326344,0,-2,-2,2,-1,0,-15364.547,50141.285,33890.676,1357.2888,-2116.5815,7989.5664,-995.27765,3593.3967,10403.601,1187.4143,3661.0078,3185.4539,1
130650.29,2,1,2,25.84718,0,0,0,2,2,2,154285.06,166452.53,124652.96,175659.77,114975.125,106653.086,-84.776695,-3058.0554,14918.476,-117.290085,3916.5085,-13116.28,0
103295.2,2,2,2,44.708035,2,-2,-2,0,-1,0,-26489.133,121495.0,10403.745,4712.1094,22167.121,6117.8086,39169.27,-662.1217,6689.08,-147.5606,2104.831,1229.4635,0
117614.28,1,1,1,45.724724,-2,-2,-2,0,0,2,146774.38,148121.27,115941.22,17320.566,18311.812,8176.3145,840.8923,-1663.9806,13958.968,-984.6226,3883.5344,4865.9277,1
109201.36,2,1,2,32.11231,0,0,-1,0,2,0,93064.95,137719.55,118639.34,117705.23,108003.6,82256.48,7817.182,-2097.506,6936.3306,-3825.5571,3268.907,951.14685,0
105601.7,2,3,2,24.505013,0,-2,-2,2,2,0,-26541.617,44701.113,20416.705,899.1443,19866.557,14475.248,16149.262,366.4027,5563.1943,-1609.8687,11729.781,768.36194,1
141407.55,2,2,1,32.94219,0,0,0,2,-2,0,-6070.7344,29391.602,25116.57,6853.496,78860.27,59174.99,-4949.1865,2147.556,6838.847,31480.94,1746.2782,4834.777,0
109393.336,2,1,2,27.427725,0,0,0,2,-2,0,-22523.43,44033.836,29831.059,834.85913,4707.6685,8145.951,-4127.466,3845.5444,4818.931,-5018.3384,-427.14783,5137.3867,0
123204.375,1,2,1,41.69987,0,0,0,2,-2,0,127245.87,157047.72,34876.883,4432.8906,2527.5044,6588.5547,-2885.2024,2191.3079,5594.2485,-3582.1104,-584.8041,6538.318,0
82964.125,2,3,1,45.335438,1,-2,0,0,-1,0,-16902.46,108751.89,26342.396,8917.168,35948.87,14716.82,36581.76,905.95056,8721.631,13644.842,3980.256,1761.4625,1
135897.02,1,2,1,45.26172,2,2,2,0,0,0,13945.238,125144.91,81316.05,41071.06,82674.805,52551.56,5016.7544,1455.246,20147.682,1377.3,6179.813,4101.2554,1
103069.67,1,2,3,41.520466,-2,-2,-1,0,0,0,40596.336,-1895.5411,95421.62,6189.5195,44805.81,23478.938,-2606.6052,-1619.8107,7406.3916,-176.02153,1791.1744,4466.9165,0
107058.84,2,2,1,37.051743,0,0,0,0,2,2,27912.541,119919.53,92148.03,108256.875,110755.586,75774.305,23215.934,-1927.5182,22158.283,1527.0127,4566.098,856.4103,1
117520.234,2,2,2,29.20383,1,2,-2,0,-1,0,-19823.047,7793.8613,22349.479,6877.7656,25553.557,13866.652,-2610.2498,2094.8228,6380.098,11498.831,2075.7502,4106.271,1
143832.19,2,1,2,27.63751,2,0,-2,0,0,0,-10615.137,18655.877,34910.96,4912.039,14446.983,9602.375,-3599.158,3346.8762,5892.378,-2952.5376,1176.0787,5614.4644,0
107280.414,2,2,1,24.4543,0,0,0,0,0,0,2858.0393,116658.06,56372.72,6545.742,26313.98,5747.1797,-1534.4183,3124.1711,6480.2144,-277.7198,239.2953,-23678.438,0
123075.91,2,2,1,45.378326,2,-2,-2,0,-1,0,60343.01,10274.158,32571.523,5667.043,7813.2017,19326.277,-2129.1223,2455.4746,6652.184,5284.0933,15837.491,7090.9546,0
110676.805,2,2,1,45.004894,0,0,-1,0,0,0,-25355.008,5368.1035,32658.338,2651.7458,6414.844,7133.74,-3740.6404,2704.516,8306.196,-3789.0806,-498.06775,5729.278,0
95484.52,1,2,1,35.28236,0,-2,-1,2,-2,0,-10602.734,13081.189,18383.652,7566.2773,6092.348,4641.508,-2137.5872,2863.7556,6113.4653,-3150.9854,1521.0106,5732.109,1
139373.53,1,2,1,44.993046,-2,-2,-2,2,-1,0,-18345.11,10951.709,26348.986,5271.289,1667.0319,4468.6484,-2559.7292,2210.0068,5819.0215,1558.9788,1287.9122,5248.944,1
154636.47,1,1,1,45.692608,1,2,0,0,0,0,155842.55,159033.5,132284.38,122764.875,93763.07,9242.975,-5837.6855,4220.642,8563.176,1820.2732,-2077.2766,-21041.025,0
141222.05,2,2,1,45.828754,1,-2,-1,0,-2,0,-9865.734,11848.104,25778.855,9501.316,4247.4106,4089.9297,-2466.7273,2943.8904,6442.559,-1685.8599,1721.6598,4283.944,0
129244.27,1,1,1,35.03848,0,0,0,0,-1,0,-19712.203,19388.014,38116.1,2963.5076,-179.64001,6010.8984,-4973.6377,3980.9348,6131.343,865.29535,-1890.8446,-26097.24,1
142065.5,1,2,2,41.4553,1,-2,-1,0,0,0,-15027.203,7364.6387,26477.605,7580.0547,9982.429,4916.957,-2577.136,1907.4525,10259.689,827.62103,1530.3143,6022.2104,1
139312.81,2,1,1,44.351948,0,-2,-2,2,-2,0,15458.098,25303.848,43570.176,-3496.7112,-3840.3042,16709.744,-6919.7227,6174.803,3733.8826,-6207.978,6421.501,-28519.098,0
128805.1,2,2,1,42.670876,2,0,0,0,0,0,111622.39,164246.58,124335.36,160922.05,108309.18,104165.4,35331.938,59.703484,16521.486,818.0009,3573.9932,-4668.3965,1
102974.484,2,2,2,24.45854,0,0,2,0,0,2,-20534.031,30115.498,22283.2,7162.0156,32889.87,12379.141,5227.6387,261.16785,7301.71,-1947.562,2143.0833,3364.7004,0
103130.87,2,1,2,33.688232,0,0,0,0,-1,2,102140.69,130739.34,110738.98,120927.38,110502.28,78307.94,3401.1614,-1338.066,10998.927,-3044.8784,3776.8071,1223.5641,0
119161.57,1,2,2,44.211044,0,-2,2,0,0,0,-18204.797,93265.055,35871.13,-1157.1057,27660.934,16371.35,-3170.7122,2831.8884,5407.0337,-4360.8394,-872.0746,-25659.14,1
138519.81,1,1,2,40.61794,0,0,-1,2,0,0,137514.88,161420.69,131414.5,134490.31,101877.52,14015.33,120.29752,498.11365,5635.5405,1571.1704,961.30945,5987.3125,1
119851.31,2,1,2,23.561264,0,0,0,2,0,0,-33349.562,9565.256,36017.7,-4679.047,8009.02,9743.023,-6890.7773,3239.1462,4758.329,-2983.188,-2432.6838,-22365.244,1
112549.4,2,2,3,23.85104,2,2,-1,2,-1,0,-32427.594,14265.225,27672.684,-2450.2112,15947.868,22142.344,-4904.957,3287.667,4906.007,2345.4963,13225.572,4447.0854,1
105352.46,2,2,1,45.410168,0,0,0,0,-1,0,24695.117,121857.78,97470.945,7506.4375,-190.17517,16369.336,-341.82846,1779.0968,7648.524,3515.9126,15841.281,7211.79,0
104178.09,1,3,1,43.69712,0,0,0,0,0,0,68125.75,126178.18,101177.86,51037.574,70230.6,34388.504,-566.2669,1475.5751,8199.855,1019.3649,2894.1482,3938.5793,1
102777.875,2,3,1,45.541348,1,-2,-2,0,-1,0,-20513.422,77442.8,30728.475,3187.8318,9286.798,5719.3164,16362.811,2755.3215,13150.879,2119.2932,1977.2101,-7427.5654,1
75910.11,2,2,1,27.236048,2,-2,0,0,0,0,-22167.742,19542.672,7037.5845,9088.766,64298.977,11706.844,39018.113,901.954,20371.057,-1059.3955,3647.9614,-2378.891,0
152392.67,2,2,1,45.18849,-2,-2,-2,0,0,0,-5790.0625,15853.627,22261.16,10233.453,-962.0619,4474.84,-2851.9841,1237.3864,7027.347,69.03316,3514.6108,4076.7676,1
114098.25,2,2,1,44.51018,0,0,0,0,0,0,14775.551,128038.17,76523.445,3713.2341,-2236.2925,6506.875,-4310.5225,4040.3452,5168.6196,-3190.9355,-4004.9949,-24244.615,0
151794.81,2,1,2,45.535107,-2,-2,-2,2,-2,0,187584.1,168227.12,132721.39,144503.36,95780.016,44114.113,-1080.3705,749.70984,10774.085,3936.1108,3297.491,4421.413,0
92953.336,2,3,1,29.076754,0,0,-1,0,-1,0,-11869.18,11892.803,21766.793,11625.395,9212.331,3727.9727,-568.11456,1679.5465,7586.444,-1398.5474,2117.2292,5593.314,0
147524.69,2,2,2,41.525948,2,0,0,0,0,0,176431.86,197674.47,51481.91,-1348.3167,9849.251,15602.518,-2881.055,1283.7557,12070.708,655.17377,-2673.2898,7330.7363,0
91497.305,2,2,2,26.013012,-2,-2,-2,0,0,0,29598.402,117861.1,7027.475,11592.037,50472.117,16717.045,3635.2532,-1340.0275,19705.066,-1841.2285,2650.6707,195.32335,0
112078.82,1,2,1,27.716053,2,-2,-2,0,0,0,-30910.586,394.13068,13428.015,2602.6287,24547.59,34326.78,1293.6176,772.36755,6517.7373,-4754.2583,29702.488,163.42638,0
144749.23,1,1,1,31.07572,2,-2,-1,0,0,0,-11155.547,10720.498,18581.107,6937.4727,7330.3716,4490.8633,-2775.4163,1467.7611,6375.3184,-2687.768,2570.5432,5467.871,1
130268.07,2,2,1,45.362873,0,0,0,0,0,2,12884.715,111390.04,63661.824,18489.826,53161.414,27327.367,672.82733,883.3622,8450.4375,2734.4258,2294.4485,4602.444,0
103107.805,2,3,1,25.34119,0,0,0,2,0,0,52401.285,123198.19,91531.64,44226.85,83063.11,53967.28,742.4714,1143.2089,5963.8115,-196.85112,2911.0176,1214.5548,0
147995.08,2,2,2,29.348106,2,0,0,0,0,0,-12400.473,76152.66,53930.18,3716.1833,16922.697,18134.988,-4075.1375,4301.4272,5862.108,1058.2175,-1045.1107,6318.6504,0
133237.94,1,1,2,24.565502,2,0,0,0,0,0,157640.92,210567.23,126762.5,153961.25,113288.125,92013.31,-720.04425,-3081.0837,9672.09,475.5495,3456.9607,3097.9746,1
106467.53,2,2,2,24.663864,0,0,0,0,-1,0,-19892.938,17594.145,24563.531,7858.547,12451.099,5323.1445,-49.39437,1277.951,7218.627,-2936.9482,1316.069,5077.8315,1
129176.42,2,3,2,29.145325,0,0,0,0,0,0,131936.98,145977.36,124334.586,12515.824,3824.766,3841.211,487.00797,1303.8632,7774.894,-1319.8291,2256.2356,6810.3594,0
146494.84,1,2,2,30.101068,0,0,0,0,0,0,198379.58,207119.28,140169.38,10545.984,15966.011,10106.512,-1651.5643,-1206.6598,7945.4795,297.68207,-995.9442,7260.1953,0
119322.45,1,2,1,28.1085,0,0,0,0,-1,0,153397.94,152987.1,126808.1,12363.82,6764.02,5433.961,5522.4395,-485.91614,18501.062,-756.9361,3966.1287,2530.4614,0
137475.27,2,2,1,43.784473,-2,-2,0,0,0,0,68321.516,121324.984,80173.61,11770.791,73941.28,36682.754,856.8503,810.1649,8061.3896,19821.791,3541.82,4516.5825,0
117294.6,1,1,2,38.05602,0,0,2,2,2,0,14697.605,124101.72,72231.97,13796.332,64219.742,13258.002,-1333.036,1028.5848,7196.241,-3849.795,614.3148,4413.22,1
107437.54,2,1,2,45.69237,0,2,0,0,-2,0,33662.418,125958.44,81193.31,7641.8945,961.22327,6349.377,-3388.781,3025.4402,6032.2812,-2709.3237,735.7379,6737.3394,1
88667.92,2,3,1,45.288082,2,-2,-1,2,-1,0,-14670.504,5894.256,7787.4985,5078.3203,68189.08,34723.426,-3331.3123,-94.57337,6199.2773,39281.01,3585.845,2284.4927,0
88052.56,2,3,1,42.726906,2,-2,0,0,0,0,-21255.508,107827.09,40630.91,10455.086,51330.25,25901.803,24907.73,2529.281,7169.149,-2315.6826,3039.9275,1586.7062,1
139605.77,2,2,1,26.53646,0,0,0,2,-1,0,-12716.223,57059.566,35344.75,5956.1445,-609.6244,6324.9277,-3037.9514,3019.9688,6266.731,-520.7413,1241.8966,6883.3335,1
153035.08,1,2,1,44.647503,0,0,0,0,0,0,211483.6,209697.88,138696.56,166827.16,50236.66,22417.854,-1206.9535,-1711.9161,10222.288,2039.0378,-191.9901,8166.281,0
103516.18,1,3,1,46.073627,0,0,0,0,-1,0,-1926.8046,16399.682,15493.413,12432.635,93289.48,64806.05,-2892.0544,-348.4933,9248.904,35961.91,4346.5503,3314.9846,0
103307.54,1,3,3,45.109653,-2,-2,-2,2,-2,0,-20235.094,10707.006,27625.186,778.73413,7423.18,7335.4062,-4727.1045,3534.7056,4895.1167,-4333.6753,893.12317,4634.62,1
148123.25,2,2,1,45.80862,0,0,-2,2,-1,0,-5601.703,21286.766,39178.98,8751.746,-5634.101,4014.293,-3715.5544,3450.0552,6683.695,-12.331592,-2280.1843,8151.0728,0
114730.47,2,2,3,45.68134,0,0,0,0,0,0,60671.266,129942.164,114441.16,77965.77,48578.645,33870.574,-3792.4558,2405.0217,8311.359,-698.2735,-1012.50964,6155.68,1
132802.25,1,1,2,42.193214,1,2,-2,0,0,0,6537.504,91258.32,30114.412,4365.2383,11730.845,8045.9473,-4459.2295,2641.2056,12778.867,-783.7413,2510.5627,3910.4944,0
100043.76,2,2,2,36.736176,2,-2,2,0,-1,0,-31440.086,1455.2714,10241.167,-563.7112,48557.527,15133.506,-1643.3143,1369.6927,20113.277,22276.762,10403.315,-12629.769,0
101221.72,2,2,1,45.562836,0,-2,-1,2,-2,0,-13794.484,26587.615,25578.396,6052.078,2832.067,5289.125,-1224.9183,3428.3176,5735.326,-3159.9263,434.1698,6557.8125,0
111961.93,2,1,2,26.20254,2,-2,0,0,0,0,-16458.234,28936.117,34470.816,-625.4065,41492.38,22974.422,3745.4465,1666.5585,7297.137,-1994.8804,14363.548,3621.8708,1
143773.66,2,2,1,43.154465,0,0,-1,0,0,2,35601.37,116941.05,60634.965,21709.543,56939.9,15174.141,3617.2395,1806.7582,21666.535,3766.7712,1180.2472,-24825.232,0
141313.72,2,2,2,25.109339,0,0,-1,0,0,0,192027.23,193390.4,131814.02,232742.27,110967.766,73022.58,16131.441,-3610.932,17958.115,3493.726,3970.7676,4259.032,1
129168.07,2,2,1,44.849648,1,-2,0,0,0,0,-32805.023,8143.865,32237.166,389.3396,38096.066,14578.887,-3322.9138,2445.5488,23632.871,-3987.0566,6485.471,2873.755,0
122579.3,1,1,2,33.099434,2,-2,-1,2,-1,2,-12968.129,20022.578,19670.383,4438.5234,6448.387,6247.2734,-1759.0927,2630.0247,5785.8154,-2399.808,1710.504,-21343.574,0
-44501.99,1,2,1,43.393124,1,2,0,0,0,0,-14157.41,189864.75,15154.112,9316.457,70991.82,7625.3457,38684.383,-3095.193,8589.5625,3238.8103,18894.549,-24915.701,0
113094.29,2,3,1,45.60717,0,0,0,0,2,0,-10902.078,73356.625,51788.477,7836.801,21174.3,20198.203,-3650.6775,3536.0654,7373.564,-3086.984,10.076308,4981.1963,1
155754.61,1,1,1,45.27113,0,0,0,0,0,0,134736.19,162593.38,138201.92,162410.27,100315.7,75486.71,-6025.461,4975.3237,5764.5923,-3653.023,-3374.744,-53113.574,1
147551.11,2,2,1,38.70863,0,-2,-2,0,0,0,4951.8164,83952.27,40306.277,14639.074,12536.179,-252.12103,-188.99838,5887.2725,6036.0977,-6017.1763,680.80286,-69000.07,0
102244.7,1,1,2,37.271347,-2,-2,-2,0,-1,0,-22588.734,-3679.4045,12825.526,7212.4414,17058.148,5352.9883,-393.39584,328.76355,7277.9375,2703.0283,1870.349,3739.9275,0
142934.81,2,0,2,44.76852,1,-2,-1,0,-1,0,-10162.676,16157.271,23380.541,9021.461,1557.0436,4444.914,-1332.1151,1462.8531,8243.172,2437.931,2088.126,7146.8633,0
138137.64,2,1,2,26.552675,1,-2,-2,0,-1,0,-6248.7734,10115.158,16512.719,13095.291,9283.876,4104.582,-804.1351,289.8285,10659.047,-972.5992,3350.8525,5382.918,1
120948.74,1,3,3,44.75323,2,0,0,0,0,0,75316.53,134925.66,106876.09,74213.945,83182.59,63809.414,-4006.1697,3201.1855,8164.2764,-174.9395,2394.228,2086.9736,0
158612.61,2,1,3,27.604902,0,0,2,0,0,0,152729.38,159949.17,129198.71,124427.56,91289.5,27189.332,-5872.0576,4939.9907,5999.4116,-5226.7466,-3967.8015,-61265.98,1
154127.53,2,1,1,43.052372,1,-2,-2,2,-2,0,3596.3792,35173.195,41735.992,2114.7615,-4124.902,13139.576,-6209.166,6731.781,5206.314,-5987.029,-3873.0925,-44318.83,0
146743.6,2,1,2,44.494568,2,0,0,2,0,0,154388.25,178600.42,133232.89,184647.34,110807.82,112983.55,-5939.674,1114.774,5016.69,-904.8316,2588.3472,-1869.5751,1
142218.73,2,2,1,45.34704,0,2,-1,2,-2,0,-16749.281,34676.676,31889.793,1426.6091,-1757.808,6828.3965,-4495.2,4588.444,5439.975,-3449.459,-96.453964,6969.836,1
130121.46,2,2,2,32.239677,2,2,-2,0,0,0,-20089.61,8706.123,27683.293,4528.7695,11708.696,7139.254,-3560.1511,3784.212,18322.662,1923.3889,911.9994,1251.4735,0
145248.33,2,2,2,25.759024,2,0,0,0,0,0,-22017.766,81433.11,41229.227,-1237.1487,21529.307,40779.598,-2464.0647,2377.5896,9163.704,-35.257862,35798.09,3229.7107,0
131819.86,2,2,2,31.959515,1,2,0,0,-1,2,96852.43,125484.64,101194.4,107283.06,107819.78,71602.21,2178.87,-1367.7516,18282.521,-2508.5483,5136.924,3866.5276,1
105975.68,1,2,2,26.532898,1,-2,-2,0,0,0,-29299.328,55.564274,13480.288,19089.174,73373.766,29246.006,-2231.2673,2048.8662,27726.588,-2257.4526,1762.4142,-19758.75,0
133766.33,1,3,2,44.477585,2,0,0,0,0,0,-24258.828,25065.738,36742.03,-2514.137,9323.792,15316.129,-5221.2803,4516.2114,7612.1045,-1992.4526,1308.0126,-2281.189,0
95919.79,1,2,1,41.80098,0,0,-2,0,-1,0,2049.3713,41452.855,18522.613,13147.32,61845.117,26300.697,-1563.0648,409.33044,7469.941,26554.207,2455.4119,5440.1577,0
100284.95,2,1,2,27.064837,2,0,0,0,-1,0,-18945.773,43600.668,28818.875,4748.9883,23329.203,8340.533,-3325.6267,2645.7388,11366.692,5970.654,912.3197,4906.851,0
155118.66,1,3,2,45.698704,0,0,-2,2,-1,0,3492.6096,40540.74,41069.92,994.06226,-11161.839,9686.277,-5283.2314,3135.8484,6724.9854,2506.5833,10876.161,1692.3348,0
114105.84,2,1,1,45.144974,-2,-2,-2,2,-2,0,-19974.266,3626.5798,25033.686,10281.74,15281.3955,7826.865,-3466.7878,3381.5334,24117.994,-3978.1128,1610.2167,3111.937,1
120685.266,2,3,3,44.669113,0,0,-1,2,0,0,-25621.555,64400.43,41423.12,-4346.914,16391.584,10268.58,-4887.45,3416.7898,5174.6704,-4916.7954,-536.23816,5333.8916,1
103165.33,1,1,1,44.874557,1,-2,0,0,0,0,-26031.477,132820.58,107887.836,99576.836,108778.805,78502.93,42404.51,-665.4464,8648.114,86.326126,5248.9116,-7455.96,1
131269.62,2,1,2,38.121696,2,0,-2,0,-1,0,-20769.383,74993.414,27311.068,3417.6208,5523.5396,8128.615,17659.041,1680.3793,6737.057,1485.2886,2971.0347,4556.9355,0
96298.055,1,2,2,26.069548,0,0,2,2,0,0,-6433.2812,107281.695,29493.018,7029.008,66265.61,28523.834,8782.341,-1585.027,10693.252,-3668.2485,1680.5839,1144.034,1
95653.48,1,2,2,24.844408,0,0,0,0,-2,0,18906.53,120949.23,61368.387,12324.57,14329.962,4419.7734,1662.6427,872.47253,6972.137,-2460.977,2473.1626,4903.499,0
131280.8,1,2,2,29.033398,0,0,-2,2,-2,0,-7134.8633,3740.326,29238.6,87135.62,87450.53,7269.5,-3899.5056,3761.6516,32768.863,-988.8819,2243.1523,4316.273,0
137948.28,2,2,1,35.54901,0,-2,-1,0,-2,0,-8241.426,21672.74,32789.348,6729.426,3789.9106,8871.658,-4402.1934,5958.2466,5288.3823,-5341.477,-808.7313,-34416.26,0
122847.52,2,2,3,45.255306,2,-2,-2,0,-2,0,-21936.367,5955.033,31802.771,2212.7693,6127.989,8092.9727,-4736.5254,3123.806,5266.897,-4050.3657,876.5126,4596.589,1
105875.62,1,2,1,45.043888,0,2,-2,0,-1,0,121893.4,142594.36,24009.297,10527.014,9796.349,6378.1953,-1079.4178,1181.6332,9758.35,4022.772,2641.845,4151.9395,0
80358.305,1,2,2,43.2967,2,2,2,0,-1,2,-17507.602,5771.881,4286.4985,15635.279,79394.52,34119.15,3105.5044,451.76648,26696.26,130.79195,3606.742,593.5685,1
142359.67,2,1,2,28.02031,0,-2,-2,2,-1,0,-18110.602,14342.576,34448.145,558.0115,1610.1139,15624.727,-6109.828,4326.7026,4435.743,-2463.8003,1603.86,-40124.145,0
136141.55,2,2,1,28.20621,-2,2,0,0,-1,0,-21349.922,18211.17,25008.295,4676.2227,8401.767,4442.1523,293.03775,2234.3293,8409.674,-1362.7139,643.7833,5293.5186,1
127668.84,1,2,1,41.82662,2,0,0,0,0,0,55756.94,133671.72,111358.055,90228.25,91871.22,81357.91,-4384.593,3602.1257,13293.338,392.54193,310.60046,-25907.92,1
109014.734,1,3,2,45.315006,0,0,0,0,0,0,-19806.203,31835.125,34624.348,7846.961,27734.469,15036.102,-4182.709,2480.0488,21077.447,-3037.1655,896.51843,3943.9587,0
108950.875,2,2,2,45.39675,0,0,2,0,0,2,29729.248,123617.54,90558.8,38345.617,85399.0,53143.29,2434.8767,-811.72815,11318.428,3076.8447,2265.6848,3690.155,1
124279.23,2,2,2,45.56462,0,0,-2,0,0,0,-6718.7305,23908.691,37413.188,5775.867,-2357.2456,4558.574,-3074.1711,3875.486,6491.6685,-1867.8135,-2002.1039,8359.326,1
115713.06,2,2,2,24.389456,1,-2,0,0,0,0,-27245.258,10778.975,29391.727,-83.199455,11256.673,8300.424,-2387.4226,3265.6895,6018.4414,-4830.097,272.51575,-256.55945,1
106768.555,2,2,2,24.241896,0,0,-1,0,0,0,-23693.094,34954.113,27489.375,5577.793,35738.93,19732.832,2046.1388,1297.1688,6373.189,7422.8374,1614.1246,4785.055,0
99590.36,2,3,1,45.357063,0,2,2,2,-1,0,87334.34,132912.55,112169.93,93136.64,8925.833,5785.574,-453.79477,2090.1938,6408.2627,422.09613,3145.2898,5084.867,1
135583.11,2,3,2,31.249931,-2,-2,-2,2,-2,0,-14856.043,79365.8,20437.191,5607.1562,12632.907,5472.1016,19977.346,2006.1749,6095.2188,-2856.9521,3471.6965,3964.6306,1
112091.27,2,2,1,39.361996,0,0,0,2,0,0,-18074.273,65142.91,96652.71,14763.578,49473.207,28410.064,-4063.5496,492.2616,5759.588,-1092.7661,-477.26453,1532.5607,1
91489.6,2,3,1,45.390533,2,-2,-1,0,-2,0,-15461.594,10069.322,20793.656,5444.168,11581.589,5993.699,-2504.9807,3354.903,5650.433,-4074.2153,2219.8289,4129.0845,1
116740.555,1,2,2,45.301567,0,0,0,0,2,0,17466.074,138524.47,120992.75,111187.48,105310.31,82506.93,40104.88,-1030.9913,12401.028,-3171.6704,939.92444,-2091.9688,1
96323.03,1,3,2,27.086714,0,-2,2,0,0,0,-16214.461,62960.562,19519.418,5727.6406,28263.332,11513.48,2682.975,1752.1312,8228.525,-2243.1597,3372.5044,2364.208,1
109693.195,2,2,2,36.95901,0,-2,0,0,0,0,-20503.29,4831.6543,23191.957,5335.8906,8159.819,6081.8027,-1254.6976,2096.034,6747.91,-3546.7847,564.5802,5630.337,1
116829.01,2,2,2,41.36404,0,0,0,2,-2,0,-21684.977,19140.93,37220.387,1356.2576,-854.41345,6732.492,-5558.4375,4401.5156,4744.532,-4262.28,-2029.1288,6750.9956,0
135209.92,2,1,2,29.871965,2,-2,-2,2,-1,0,-17935.531,24327.752,24166.9,2350.703,2866.227,7662.457,-2988.763,2943.456,6359.5674,-2135.0264,1919.7443,2643.335,0
127839.37,1,1,2,40.388702,0,0,0,0,2,0,156894.8,164541.58,128943.24,168499.83,109216.914,104439.15,-1309.0868,-1560.0939,14722.522,-3171.1655,3023.0996,2148.5085,1
146749.45,1,3,1,45.915302,0,0,0,0,0,2,183211.23,175750.31,133867.0,160372.19,96777.016,65582.016,2335.983,-1025.2594,14984.425,5536.6855,1924.7167,-330.14978,0
96456.18,2,2,2,25.992338,-2,-2,-2,2,0,0,-11647.406,58095.113,23467.898,5553.367,33745.27,9588.158,467.8068,2209.1409,21549.26,-3668.1792,1274.9161,2063.8916,0
136967.94,2,3,1,43.37714,1,-2,-2,0,2,0,-18042.906,21546.201,30254.162,4836.6797,9194.829,13578.922,-1992.827,3473.4336,14365.166,-3977.204,7343.66,-1541.4637,0
107945.945,2,3,2,45.42787,0,-2,-1,0,-1,0,-15846.242,11910.178,18064.22,4725.3906,7661.723,5099.246,0.47232756,1549.298,7574.756,-2453.9175,2967.3333,5702.846,1
148592.81,1,2,1,45.584946,-2,-2,-2,-2,-2,0,6887.1523,21014.27,109718.445,12339.693,1323.3873,1276.7228,-1895.8134,-729.1998,7704.4717,5400.0117,1375.9769,6913.6045,0
115434.82,2,2,2,24.014807,2,-2,-1,0,0,0,-32300.828,10408.498,22910.176,-2678.8713,16587.236,8680.609,-1391.8358,2955.9238,5645.955,-5328.393,-573.26794,-19564.33,1
139172.0,2,1,1,44.959126,2,-2,0,0,-1,2,10160.262,89696.25,59429.27,20909.154,16633.709,5584.1953,25023.24,-168.82436,9059.416,8231.721,5037.497,5095.519,1
119674.33,1,2,2,44.793835,0,0,2,2,2,0,86970.945,143483.72,122590.87,116910.83,104175.09,86560.125,-3283.6335,-544.09094,11876.839,-4083.2144,241.381,-4384.8984,0
126321.55,1,2,2,34.868797,2,0,-1,0,0,0,-11415.277,6706.787,126614.53,163235.8,109390.93,100564.695,-2454.07,-12152.544,14317.286,2211.8276,4531.5415,146.14757,0
111788.51,2,1,2,45.391506,0,0,0,2,-1,2,-17359.047,29104.307,35843.156,4141.0312,14031.331,14057.281,-4411.7383,2117.7532,5917.617,-3487.7988,-274.22498,4806.933,1
110569.4,2,1,2,26.662745,1,2,-1,2,-1,2,116649.24,145689.83,112684.586,136404.83,117702.625,89352.74,9192.791,-3283.8606,13346.097,-4731.5845,4396.643,-2302.9697,1
187428.4,1,2,1,44.648838,0,0,0,0,0,0,190068.1,187641.92,62243.945,87915.664,78533.086,124145.07,12916.48,-218.23793,11521.599,1497.6997,71315.51,-16082.649,1
116762.125,1,2,3,24.189068,0,0,0,0,0,0,-26583.54,3055.0212,31822.402,3573.699,10946.669,8347.504,-3984.2058,1915.2347,6034.515,-3908.65,74.384415,4999.3696,0
144254.8,1,2,2,45.155373,0,0,0,0,-1,0,-1967.3749,80806.59,54439.992,8564.59,-3796.3003,2708.375,-1958.89,2038.3014,7142.1753,1183.0862,-1224.056,8859.462,0
108411.07,2,1,2,43.461758,2,-2,-2,2,-2,0,-24737.016,98942.6,20321.186,-15.992426,11893.286,8437.393,25603.35,2186.9575,4960.079,-5279.4917,1381.5082,3861.6333,0
83717.625,1,2,2,31.313902,2,-2,-1,2,-1,0,52010.113,108632.25,50357.363,11712.229,72371.53,28651.664,3772.659,-1643.6603,7077.6377,28930.08,11482.843,492.09534,1
110198.4,1,2,3,27.646822,2,-2,0,0,-2,0,-16541.023,12619.623,21609.318,6095.9023,16010.601,7323.672,-722.3216,2914.3816,5675.9956,-4409.3257,2754.002,3454.3396,0
113835.12,2,2,1,45.058056,2,-2,0,0,-1,0,-25028.016,7083.74,28461.709,2311.0154,9228.122,9072.471,-1927.9608,2504.4685,9915.473,-27.201221,1106.36,5279.38,1
151807.58,1,2,1,30.40289,0,0,0,0,0,0,302.19937,50137.15,46448.46,4467.9688,-4260.027,11749.766,-5687.04,6023.88,6116.009,-5027.488,-4630.7188,-45874.105,0
106426.14,1,1,2,24.981487,2,-2,-1,0,-1,0,-30733.008,8715.318,15832.739,-1974.0471,16976.152,11010.221,-3059.6497,2756.0708,11342.988,545.36835,3409.0984,-18061.31,1
149995.67,1,2,1,45.77633,0,0,0,0,0,0,186460.34,115863.55,72991.37,4374.8477,229.6803,4483.0625,-3538.1238,3037.8123,6625.973,2443.729,-2548.5593,7227.643,1
126799.3,2,2,1,24.117573,2,0,0,2,-1,0,-24356.625,22158.334,36736.32,-2875.3088,5197.141,10521.834,-4055.9753,3951.8435,4499.735,-1534.6372,-350.07068,-10190.712,0
106471.055,1,2,1,45.51807,0,0,0,0,-2,0,-15300.406,23717.174,31663.082,7116.961,6317.2153,8205.0,-3285.0935,3690.0552,6013.522,3448.1262,-550.58044,6849.6074,0
118316.805,2,2,1,44.887787,2,-2,-1,0,-1,0,-23065.54,15317.924,34047.85,3205.242,12637.913,8697.217,-2144.4636,3978.2083,13770.388,2821.8728,-561.1776,-27094.785,1
100865.81,2,3,1,38.089176,2,-2,2,0,0,0,-24312.312,52078.535,17829.943,-1741.512,22537.885,17620.408,-2002.6342,2872.0066,21118.951,-5500.4575,10854.106,-22846.736,0
111702.12,1,3,2,45.60348,0,0,0,0,-1,0,4526.9688,63067.707,31590.553,4833.332,3422.809,5971.746,-3501.0955,2405.3057,8474.641,1248.8115,559.9042,6457.675,0
144565.72,1,2,1,45.443462,1,-2,-1,0,0,0,-15445.3125,23731.264,30927.285,4214.461,889.4811,4168.965,-2365.139,2875.6582,5763.6255,-1318.8228,309.86853,6642.79,1
145980.25,2,1,2,26.519934,1,-2,-2,0,-1,0,-15488.1875,37122.46,30089.623,2097.238,598.6061,9411.342,-2243.8938,3257.4302,5601.556,2170.929,4892.3867,-25576.646,1
110554.805,1,2,2,33.921436,0,0,0,0,0,0,12274.191,119744.31,114843.72,5860.1055,10819.429,25671.7,615.70526,85.39294,8533.045,-2387.7593,23631.865,4150.084,1
130581.56,2,2,1,44.737278,-2,-2,-2,2,-2,0,-26323.836,14290.15,35625.465,-420.10962,3673.9224,44494.133,-4017.784,4043.9277,5472.255,-1609.9448,37497.426,-22802.764,0
142930.6,1,2,1,26.447868,0,2,-1,0,0,0,176997.25,178053.11,129805.92,40492.22,72551.13,8269.932,2593.352,511.92566,9928.917,2422.7212,2634.4004,5694.561,1
89704.94,2,1,2,24.633528,1,-2,-2,2,-2,0,-22805.422,7318.049,21267.334,4013.8318,14200.21,7783.092,-3181.0671,2880.9902,5292.4727,-4926.363,1960.275,3583.9795,0
154588.86,2,2,2,44.85122,0,0,0,0,0,0,194410.67,193642.39,139780.52,208203.55,117099.914,20090.258,-2362.596,370.72156,18681.805,1926.5322,-916.14685,6452.9487,1
103831.05,1,3,1,44.846207,0,0,-1,0,0,0,-19923.32,40700.797,28950.336,3216.867,9604.091,6831.5273,1262.786,2567.632,6335.4155,-3586.4697,1394.1764,5310.444,1
146711.03,2,1,1,45.594707,0,-2,-1,0,0,0,189172.89,179494.5,136129.14,205094.95,116194.24,4418.539,-2142.2927,812.4691,6944.476,-1457.4502,1672.5531,4971.693,1
103002.445,2,1,2,28.159727,2,0,0,0,0,0,-2417.2458,117296.35,109209.195,101957.2,43438.766,5415.3164,22920.85,-4743.3438,6002.469,-3415.396,3156.2866,1416.7552,0
126696.03,1,2,2,45.049488,0,0,0,2,0,0,28448.082,132407.16,45976.258,-408.36743,7537.315,9131.514,-5837.324,2392.438,5603.4644,-1180.8306,-2416.848,6295.4346,1
135924.53,1,1,2,27.332123,0,0,2,2,2,2,47401.754,119507.945,78203.14,24437.611,74851.18,27986.904,2090.0598,-1634.672,7392.204,-2715.3276,3427.4897,4658.806,0
112582.59,2,2,1,45.54836,0,0,0,0,0,0,-8189.875,78956.21,54038.03,8973.918,7404.9263,9066.715,-2129.1257,2299.5334,6647.7705,-2088.9834,-93.757675,6636.8364,0
140181.55,1,2,1,44.435284,2,-2,-1,0,0,0,110052.08,18771.941,128379.52,132314.45,93264.914,76836.53,-1798.2289,-6067.284,9305.07,-840.8316,52752.098,-27482.451,0
106888.53,1,3,1,45.877586,0,0,-1,0,0,0,105860.23,125010.84,67985.03,20592.354,52593.516,27749.004,-2154.5222,-237.73012,8057.113,1321.8323,2110.816,5521.1123,0
106498.99,2,3,2,45.167816,2,-2,-2,0,0,0,-17094.062,7285.924,51142.832,20795.08,32495.346,19111.15,-1871.8451,754.5277,13359.205,-2936.353,2940.8635,1961.1766,0
107356.75,1,2,2,26.326817,2,0,0,0,0,0,31822.03,122833.89,70630.12,104475.47,78472.01,56339.64,-1250.2709,1356.7526,6941.715,3041.1575,3723.596,1636.7311,1
109138.83,2,1,1,45.21548,1,-2,-2,0,-1,0,-12965.555,18818.486,22409.9,8021.379,31324.455,13468.832,-2542.5017,2202.9055,9192.056,17509.896,4072.8875,3414.172,0
122385.97,1,2,2,43.12871,0,0,0,0,0,0,87502.836,141115.23,122609.09,73425.27,84067.52,64266.234,-4571.6855,2439.778,6779.504,279.63104,-1770.39,-29785.219,1
95866.984,2,3,2,24.8907,0,2,0,0,0,0,-9317.867,79921.23,30431.541,7263.539,36920.566,20372.363,-1613.5863,2846.0845,6655.2676,-1640.7773,2629.1455,1851.5975,0
135463.55,2,1,2,43.978745,0,0,2,0,0,2,151638.69,164261.23,129484.43,173524.94,113173.35,106599.48,20525.734,-2964.6956,12968.458,8265.645,3451.7168,618.2694,0
110555.414,2,2,2,25.809381,0,0,0,0,0,0,133950.73,153693.05,126705.164,9180.949,18606.344,13570.719,-254.98813,583.8529,7233.761,-1818.5688,583.67175,6413.8066,0
113071.77,1,1,2,35.215733,0,2,2,0,0,0,100454.19,143237.19,88971.914,10749.24,15316.677,8433.703,856.99677,1640.912,7409.713,1903.3452,5263.183,1743.1029,1
103590.58,2,2,2,24.442648,0,0,-2,2,-2,0,-2876.2224,7430.0996,30368.691,5271.0,5310.395,6021.676,-3865.9753,3097.819,5384.3853,-3951.708,48.74086,5960.4287,1
101447.23,1,2,2,27.155006,0,0,0,0,0,0,54528.047,122414.34,70905.1,29690.154,86469.24,48658.28,770.4191,267.02087,28517.02,179.24825,3336.569,-116.49452,1
105303.43,1,3,1,45.954773,0,0,0,0,2,0,8779.617,116564.766,85471.33,62517.562,77439.34,44319.47,1552.1302,1077.2101,19495.883,-1576.9292,2280.7942,6100.303,1
127922.28,1,2,1,41.028095,1,-2,0,0,0,0,85793.945,37248.79,46352.484,-5762.09,8610.112,21490.816,-4597.508,4654.695,9764.361,-1206.7227,10062.091,-24556.975,0
146437.39,2,2,1,45.84068,1,-2,-2,2,-2,0,-7636.207,97630.77,32639.121,6211.2227,5913.0317,6694.1387,24181.67,3962.0583,17379.78,3313.5151,4040.7878,4859.7153,0
108548.98,2,1,1,42.002285,2,-2,-2,2,-2,0,47271.746,14539.502,29159.752,-78.01977,4115.6294,39677.277,-4769.6562,3410.8164,4632.016,-5446.975,33394.85,4845.597,0
115602.22,2,2,2,23.87681,2,2,2,0,0,0,85698.75,141812.69,111396.805,85571.086,87428.61,52056.43,-2338.3708,3170.1985,6294.8447,-2174.4478,-265.5287,-31114.707,1
153348.34,1,2,2,30.609688,0,0,0,0,0,0,194299.86,216262.23,149538.94,265858.7,139335.4,139433.56,9786.313,-6399.3037,16740.096,4436.722,11557.909,-20049.51,0
123410.38,1,2,1,43.03965,0,0,2,0,0,2,159077.0,163420.23,127096.375,169966.81,108147.75,71614.59,12079.223,-2376.6208,13035.637,6390.04,3924.1804,2879.485,1
104637.76,2,2,1,42.42066,1,-2,-2,2,-2,0,-25237.453,51918.86,34851.1,885.6404,9222.095,11555.264,1011.8559,4460.035,13599.562,1129.9382,3703.5098,-1384.5585,0
107795.13,1,2,2,44.25743,0,0,0,0,-1,0,12316.09,122728.09,31914.04,6371.7617,5146.1646,4277.3516,-1378.139,890.84656,6890.4224,-862.752,60.401993,6684.5723,1
135680.0,1,1,2,25.314333,2,-2,-2,0,0,0,-18779.758,40638.977,19403.344,3066.7068,12687.1455,7080.2324,5808.1885,1514.6708,5819.697,-4132.48,2441.956,2249.0256,0
116616.07,2,1,1,40.813644,2,2,-1,2,-2,0,-22370.562,23685.193,23729.568,-2449.9104,63383.04,9639.51,-6029.8135,4364.455,4578.65,28526.215,1718.1844,4395.62,1
130792.74,2,2,1,37.13687,2,-2,0,0,0,0,-20761.945,11530.436,26659.844,5403.1016,10629.13,6106.461,-1588.3993,3137.7073,6041.485,-2333.231,789.1688,4822.3145,0
113971.016,1,2,2,24.647663,0,0,0,0,2,0,-21641.336,7358.4863,27218.674,8082.383,17290.201,10326.566,-2231.1272,1494.4691,7132.7754,-3564.9214,207.28383,4827.6377,1
116568.52,1,1,2,44.39574,-2,-2,0,0,0,0,-23596.633,39903.38,28588.248,-1924.4885,27497.008,14580.174,22183.408,1246.5507,5713.0737,-2868.1426,418.30725,3225.0657,1
104410.37,1,1,2,34.35268,0,0,0,2,0,0,-27687.328,119507.21,64268.46,4940.6797,73578.8,38628.35,35142.598,-892.2174,6384.781,-1250.0234,3253.9326,2149.9773,1
144905.17,2,2,1,43.31067,0,0,0,0,0,0,202316.19,206526.88,137171.6,266824.8,120575.23,108707.63,5168.231,-4119.8223,16291.597,4842.2397,3647.3503,10090.561,1
137493.61,2,1,2,36.05422,2,2,-2,0,-1,0,-13103.078,10711.377,20951.82,6652.5938,4169.395,4828.4688,-3723.5886,2258.7566,10599.038,-2658.0728,1824.9266,5676.006,0
104940.5,1,3,1,45.77127,0,0,0,0,-2,0,-9030.105,38277.836,32461.121,6764.0156,3536.5708,4563.047,-3054.1394,3784.9478,5675.059,-2622.0347,566.7821,6317.5723,1
118715.37,1,3,1,45.963943,0,0,0,0,-1,0,185984.8,144915.52,79393.31,11002.545,3960.0122,3819.1758,-187.26303,924.36707,10182.372,-354.7359,2011.0004,6975.4097,0
99681.61,1,3,2,27.718779,1,-2,2,0,-1,0,-25362.938,85300.38,7063.983,3160.3552,29574.84,6251.168,22346.557,355.88318,6211.5015,3560.6895,3245.7114,2796.3699,0
156504.72,1,1,1,45.436054,0,0,0,0,0,0,211749.33,133085.36,127655.22,102941.57,83855.38,57099.492,-2448.8503,181.04576,8905.297,4711.0327,972.99915,7025.686,0
82500.1,2,3,2,25.02184,2,-2,-2,0,0,0,-22188.258,6702.1973,13473.733,5126.66,33625.41,10803.287,252.76578,2086.9514,13858.487,-2030.6934,2791.0803,895.444,0
137193.72,2,1,2,27.30497,1,-2,-2,2,-1,0,-20374.281,28369.025,37826.62,-1953.633,-949.47986,10594.902,-5660.544,4888.8857,4343.6387,-300.05182,-2285.7502,-30513.863,0
116430.28,2,3,3,43.49688,2,-2,0,0,-1,0,-19320.742,84783.5,31450.535,2072.6248,12841.101,7991.0547,19746.307,2744.2268,10171.547,350.56097,2340.633,1180.8505,0
116273.016,1,2,2,45.497288,0,0,0,0,0,0,73062.17,132264.78,115302.766,85083.18,98311.055,74802.23,-2641.9597,125.57848,7847.443,2940.0386,868.79675,4383.5654,1
125493.73,2,1,2,44.514553,2,0,0,2,-2,0,41140.504,128897.29,98341.914,49291.164,73002.484,52712.008,-4496.615,3671.3323,4982.6567,-1763.6934,548.26355,5353.8325,0
143685.12,2,3,1,46.12337,2,-2,0,0,0,0,22258.373,126069.85,125002.89,217194.8,134303.77,-464.94916,45617.457,-17393.008,13258.914,5471.0576,4263.6626,6810.867,1
136411.08,1,1,2,28.29668,0,0,0,2,2,2,-19350.18,11375.979,27929.732,5939.7305,15041.954,11101.328,-3093.2468,560.45154,6426.0996,-2632.5083,1147.7697,4460.8184,1
121055.05,2,2,2,44.664497,2,-2,-2,0,2,0,-24967.164,2420.068,29977.61,2007.8279,7663.2407,10154.793,-4121.285,2547.1614,8039.443,-4429.3755,104.60072,1756.6749,0
101958.375,1,3,2,38.447124,0,-2,-1,2,-2,0,1293.1837,22654.746,18644.654,6692.6016,4419.7544,5378.3984,-2976.494,3006.4314,6109.652,-3278.541,2397.9116,5625.61,1
113106.04,2,2,2,34.901455,2,-2,-1,0,-1,0,-10458.652,15768.389,30381.143,6449.949,6132.989,5280.0156,-1208.4891,2498.769,6832.6836,2.1879396,1906.5875,6224.5923,0
100242.67,2,1,2,45.8278,0,-2,-1,0,0,0,55394.117,121296.125,106090.89,13196.838,19323.586,9828.703,476.00064,1242.2482,8127.565,770.4958,3108.1853,6355.5747,0
127805.414,1,3,1,45.61451,0,0,0,2,-1,0,-15425.25,30598.691,36620.875,2928.199,-3279.484,5292.4375,-4872.1006,3718.0286,5257.0728,1870.1946,-1014.7196,6993.916,1
123676.95,2,3,2,45.615,1,-2,-1,0,-1,2,-11531.227,27365.176,21762.71,6742.2773,13167.786,10108.666,1632.035,1634.9603,6373.071,12586.144,3144.582,-22877.672,0
110013.37,2,3,2,44.949375,0,0,-1,2,2,2,-16572.023,73578.87,28978.31,4120.535,36171.324,20242.61,1739.5214,-59.05921,7216.416,-3171.143,1512.0077,2170.1758,0
131121.14,2,1,1,45.782436,2,-2,-1,0,-1,0,-8042.84,17704.016,18600.455,11259.406,13201.015,5540.172,1355.9384,2052.2131,26850.203,-2727.1816,3614.7678,4326.4927,1
134784.9,2,3,2,45.533665,1,2,0,0,-1,0,-15928.055,35374.54,38795.254,-1544.0159,694.34827,5426.742,-4652.331,4349.861,5357.751,1103.1726,80.58559,3784.8372,1
91756.24,2,3,1,24.844439,0,0,0,0,-1,0,-6229.1133,87618.38,28773.639,14219.367,12982.353,10833.414,5582.5312,1138.2054,6660.921,-1542.0625,13478.11,4304.6997,0
106567.59,1,2,1,45.517807,0,-2,-1,0,-1,0,-16089.82,3623.3376,18577.998,8478.117,8439.417,5035.9453,461.736,767.9457,7757.2593,1825.071,1575.9701,5414.1636,0
147330.25,1,1,2,45.375378,-2,-2,-2,2,-2,0,208967.23,205787.12,133675.61,209751.88,109903.28,78175.62,-4573.911,-2907.4026,13795.055,2714.6338,2864.277,8641.133,1
155481.55,2,1,2,40.95292,0,0,0,0,0,0,6067.6953,111995.08,78421.195,24832.121,23344.393,21733.627,-4193.467,3707.744,8167.7817,1083.6506,799.3871,181.6251,1
107873.19,2,2,1,26.112581,0,0,-1,0,-2,0,105139.49,139110.28,23945.639,12323.924,14221.245,4746.926,4548.3623,788.05505,7320.32,-2703.3794,2181.4353,4995.288,0
103019.91,2,1,2,24.945911,0,0,0,2,-2,0,13083.984,101812.11,29198.186,4771.371,7721.895,7130.6953,-3238.822,2885.3533,5272.799,-4350.771,584.09607,5166.1006,0
89477.06,2,1,2,42.881134,2,2,0,0,-1,0,61108.715,118424.234,66876.016,25716.055,22836.045,11667.393,-1932.2767,1631.6078,7895.4663,29689.783,3810.6646,4186.808,1
145242.48,2,3,1,45.55219,0,0,0,0,0,0,152703.73,153504.75,125702.28,139652.34,105144.48,76534.23,-3493.2312,1906.0106,9507.526,1239.273,1356.4891,2851.2483,1
100263.24,2,1,1,31.394953,1,-2,0,0,0,0,142408.02,151740.05,113882.97,114055.66,110430.01,69957.5,6306.91,-490.08167,6439.589,-652.61676,51873.04,126.793564,1
98869.87,2,2,2,25.13554,2,2,-2,0,0,0,-27749.219,-1120.5294,8960.749,5936.1562,45059.13,18173.244,-1570.2372,1590.5463,19815.111,-4253.531,1313.3109,128.91612,1
121826.44,2,1,1,29.889019,0,0,-2,2,-2,0,-14029.359,23110.33,35765.082,4683.4453,60.13342,5602.8203,-5140.6953,5404.9043,5358.9326,-3700.3125,-1185.8558,-21875.85,1
151842.03,1,1,1,39.67441,0,0,0,0,0,0,95487.56,56548.594,39522.758,565.074,549.7975,8252.822,-1648.1805,4088.9348,5130.7017,-748.60406,1194.0385,7327.789,1
127898.33,2,2,2,39.244556,0,0,-2,0,-1,0,197544.53,185361.52,5430.229,15161.818,113207.38,94274.64,-2024.3934,-5011.711,9737.648,47000.848,4226.5376,4041.231,0
115372.42,1,2,3,44.614513,0,0,0,0,0,0,15866.664,125699.37,77681.4,522.4685,3135.6372,2566.914,-4964.71,3843.1936,5889.501,-3261.8838,-2595.3132,-22942.076,0
147914.88,2,3,2,31.320166,0,0,0,0,0,0,144396.36,140051.19,123160.08,60914.93,-298.33923,8596.457,-2875.1995,4336.0137,7225.692,-3363.2773,-1273.0785,-36400.414,0
101540.97,2,3,1,39.339626,0,0,-2,2,-2,0,-8149.7695,21368.59,29315.145,7667.422,1300.6686,4742.6406,-4189.288,4444.6895,5624.6294,-3226.6602,562.4674,6206.6626,0
91335.43,2,1,2,25.330435,0,0,0,0,0,2,8682.047,91131.34,36693.035,10459.465,48926.99,22288.998,1497.7843,85.56286,8153.892,-405.08502,3060.9175,2817.6667,0
130777.336,2,2,1,26.829062,0,0,2,2,2,2,97323.58,139546.34,117689.98,132968.44,111606.04,91875.91,17851.914,-3012.3762,10979.147,2387.346,4508.335,185.69151,0
128345.914,2,1,2,32.954483,1,-2,-2,2,-1,0,-14592.766,13261.131,23635.299,5482.871,47763.723,6178.158,-4057.448,1861.1595,6243.1816,20767.725,1408.2277,6102.9014,1
141289.14,2,2,1,45.375797,2,0,0,0,0,0,53759.625,126400.92,120081.79,104256.48,93238.805,65370.23,-1576.8026,-461.14954,9636.522,1984.1313,1429.3038,2785.2932,0
96054.36,1,2,2,25.039175,0,-2,2,0,0,2,-20116.29,18006.184,13130.327,9119.156,34000.914,10139.162,5500.373,-7.769663,8756.686,-763.6827,3015.8066,1793.608,1
131928.44,2,2,1,44.492428,-2,-2,-2,2,-2,0,-16798.617,11503.639,25949.855,5720.8633,5498.2427,4592.1016,-2645.4163,3528.049,5622.632,-2883.3413,681.84827,5600.818,1
150661.42,2,3,1,45.623104,2,-2,-1,2,-1,0,-1710.3085,37047.73,22861.041,7766.5625,-101.108765,4543.043,-3063.362,1817.5011,6619.7256,145.69698,1553.1019,2792.8865,1
149259.9,1,2,1,45.266926,1,-2,-2,2,0,0,-16518.773,13155.436,30293.33,2528.613,22798.51,16285.102,-4778.287,1830.2997,5580.1104,12572.917,634.2472,4804.646,1
140915.55,1,2,1,45.329563,0,-2,-2,0,-2,0,-12462.6875,35188.535,32632.557,962.55444,-583.3666,6769.9473,-2222.715,3605.397,7399.8955,-1620.397,323.24622,-21824.555,1
126446.45,2,2,2,40.03739,0,0,0,0,-1,0,142888.81,161186.33,13579.6045,6585.203,27627.049,100363.92,4331.448,-1298.5157,7341.2534,-666.35944,60315.12,-6800.128,0
92886.3,2,1,2,25.190607,0,0,-1,0,-1,2,-8257.215,28297.613,20974.725,11803.566,15136.632,4910.246,-258.05893,872.6659,19216.758,-1247.2749,2911.721,-17443.984,0
100817.22,2,1,2,25.070118,0,0,0,0,2,0,5062.676,107732.36,48482.008,12741.867,46248.438,25529.828,-945.38947,1202.6542,8526.857,-3318.7896,1513.3522,3795.4763,1
44896.74,1,3,1,47.981335,0,0,0,0,-1,0,232314.38,164992.48,147824.12,-7899.25,156859.58,85992.805,-3726.1921,-13224.802,13396.526,110933.69,16259.552,1373.5367,0
144645.06,1,1,2,35.450233,1,2,-1,2,-2,0,123876.305,156933.94,27965.975,-2222.5862,5340.4614,8026.3086,-3903.0408,1616.9176,5285.121,-4770.5884,1371.8778,5351.945,1
102765.805,1,2,2,42.465374,1,-2,2,0,0,0,14277.23,118715.2,51658.152,3054.3982,64880.45,18797.586,3036.5781,748.9188,8078.9937,-154.95512,15872.057,2932.41,0
132594.45,2,2,1,38.21914,0,0,0,2,-2,0,-19730.117,92187.14,30783.367,3402.156,5435.567,63427.39,-2422.4875,2612.1433,5126.575,-3925.8188,46208.27,1127.9396,0
144246.72,2,3,1,44.772114,-2,-2,-2,2,-1,0,-6676.922,24929.457,22919.486,9115.129,-86.39392,2998.4102,-2549.2307,1840.0431,6695.3643,1075.5889,1065.2721,6978.4634,1
144225.73,2,3,1,42.063026,1,-2,-2,2,-2,0,-6191.6914,25902.973,24836.035,9657.98,4231.391,4780.7617,-2774.8464,3419.9346,6084.665,-2417.4385,2400.2844,5365.8906,0
129210.92,2,1,1,44.732136,0,-2,-2,0,0,0,-22614.328,42983.96,37761.543,1280.3591,29855.592,23863.209,1268.8739,3015.111,16489.355,2839.0107,7515.6367,-46465.504,0
119082.516,2,2,1,44.058014,0,0,0,0,0,0,133732.45,148299.52,120817.98,121685.59,5535.094,4292.422,1276.4498,1200.0277,8850.282,-1607.5952,1730.431,6860.91,0
121437.266,1,1,3,31.39258,2,-2,-2,0,-1,0,-16197.141,18532.66,21925.3,5273.6367,11050.091,6746.289,-320.9149,1924.6224,7520.102,-79.460495,2438.161,4576.7847,0
88895.43,1,3,2,24.981213,0,0,-1,0,0,0,30117.81,111352.984,21784.936,13421.344,16956.648,4967.418,1496.1952,105.001335,6837.7974,-897.7608,3762.8037,3590.3105,1
102753.945,2,3,1,45.152676,2,-2,-1,0,-1,0,-20884.508,14440.264,27612.4,2242.195,5956.606,6140.4355,-3280.4265,3829.2783,6291.8945,-1289.3574,756.80896,-23858.094,0
147044.2,2,2,2,44.02496,0,0,0,0,0,0,-20965.969,50832.1,47810.33,52.35914,24804.182,7206.504,-3664.1238,4381.301,8849.721,452.25922,-1754.2719,6653.7944,0
148047.36,1,1,1,35.66008,2,2,0,0,-2,0,170507.78,165136.06,132474.83,12193.76,-1408.5033,2750.9844,-556.0721,2686.8438,7784.539,-409.33942,1006.5956,4818.244,1
140606.45,2,1,1,45.486534,1,-2,-2,0,-2,0,-14822.031,16579.166,32812.137,2781.5818,22.5592,8279.637,-4714.046,3367.683,5329.7295,-3357.8984,2661.8394,1694.847,1
123346.04,2,1,2,31.628275,1,-2,0,0,-1,0,-20091.93,21546.197,26965.023,2862.4568,5505.0396,7167.51,-1754.5282,2714.4846,11554.3955,144.8813,1246.1754,4065.9102,0
147870.55,1,2,1,43.931328,2,0,0,0,-1,0,33983.9,70996.81,42287.008,3494.66,-1106.7806,6048.785,-2762.3323,4569.8916,19781.533,1874.242,645.4042,3385.0916,1
140571.86,2,1,2,29.899214,2,-2,-2,2,-2,0,-15505.828,18389.72,24132.824,2430.738,3622.4302,6664.6855,-4684.912,3510.1948,5139.886,-4397.969,1057.5778,4012.366,1
111186.42,2,3,1,25.47515,0,0,2,2,2,0,102309.54,143230.11,114499.78,124769.25,110121.99,88337.625,3689.4368,-775.29065,12095.794,-4249.483,4059.488,-499.95496,0
121983.016,2,1,2,29.12675,0,0,0,0,0,2,49212.34,120634.75,23837.021,15293.398,15529.88,8227.426,1285.4203,-153.2975,9451.289,-2368.272,2524.7136,5415.3984,0
107999.7,2,1,1,44.75199,1,-2,-2,0,-1,0,-24035.477,134754.25,8140.803,5159.168,20431.36,9709.574,42214.086,-1512.0338,7603.5996,-2806.6719,11601.594,2367.8013,0
133126.12,1,1,2,33.392395,2,2,-2,0,-1,0,-8449.293,11123.354,14511.735,8738.859,50949.812,17736.033,-3546.4636,1422.7123,6919.513,25248.932,3348.0083,3255.629,1
150086.61,1,1,1,44.57602,2,2,-2,0,0,0,184688.95,220714.81,154093.8,285327.53,144004.6,149848.73,37807.44,-4853.7207,16925.01,2533.1714,14102.291,-18228.959,1
139779.89,1,1,1,45.62856,0,0,-1,0,-1,2,6142.703,86328.945,17956.516,14411.217,25092.428,10958.795,2798.7292,1.807974,12148.206,13524.378,3541.5044,1666.3546,1
128787.49,2,1,1,42.948315,2,-2,2,0,0,0,151816.11,7228.58,16794.756,191417.38,128953.33,105422.06,1829.6464,3930.2783,61836.69,227.90034,4806.322,-12304.147,0
149041.94,2,1,2,44.54248,2,2,-1,2,0,0,164754.38,186106.08,141051.67,194331.9,114737.43,86304.54,7809.488,232.72789,4792.1074,-2145.5928,-268.68738,-33155.496,1
140276.36,1,2,2,24.997478,1,-2,-1,0,-1,0,-19356.117,20160.44,18156.936,3822.078,8388.806,5093.172,396.20132,1190.0023,6328.2036,397.62445,2294.24,6040.5283,0
138660.28,2,2,3,40.98233,-2,-2,-2,2,0,0,-29239.39,12856.557,23526.438,703.3865,11273.339,80680.305,-1990.1215,2187.2876,4982.2437,-4285.484,51629.453,-2484.1167,0
122186.34,1,2,1,45.069645,0,0,0,0,0,0,108343.984,144892.88,127532.555,99594.3,99108.62,66178.66,-835.7972,579.0624,8595.841,1883.8538,48681.816,3935.2285,1
156898.4,2,2,1,44.57921,0,0,0,0,0,0,143196.8,151186.1,133144.73,168605.9,104362.59,12410.584,-5577.4346,4895.048,19652.293,-2052.208,929.9354,-49609.805,0
96398.28,2,2,1,42.7109,1,-2,-1,0,-1,0,-13474.02,9034.768,22051.053,11424.545,9789.673,6163.496,-605.96173,2330.3103,15252.9375,3279.2087,2857.9932,4992.472,0
145720.47,1,1,1,33.09753,0,0,0,2,0,0,-16726.414,64077.34,43063.023,-691.62915,18000.27,14229.957,-4454.6074,3338.1228,5077.4,567.71185,1938.244,2832.8718,1
112840.766,2,2,1,25.602749,0,0,-1,2,0,0,-30776.43,27737.523,29726.22,-316.23462,22799.146,12712.137,-1162.3539,1960.2872,5355.7812,-4204.106,-588.4164,3731.6042,1
99451.305,2,2,1,35.59268,0,0,-2,0,-1,0,-12746.676,12777.713,28542.834,9635.625,3650.5981,9918.355,-1771.8993,2752.85,7355.9023,3884.7217,9215.033,1245.453,0
134242.6,2,2,1,43.580185,2,0,-2,0,0,0,-19318.11,15459.838,36789.133,5160.9453,2659.5083,6081.004,-4158.01,4045.114,6247.042,-3495.356,-359.26648,6014.759,1
131414.66,2,2,1,44.907402,-2,-2,-2,2,-2,0,-20965.75,16467.13,36081.68,1256.6912,1549.2467,5782.8047,-4808.5664,5264.942,4738.278,-1227.9805,-1885.5018,-24072.14,0
121728.2,2,3,2,45.154835,2,-2,-1,0,-1,0,-19857.594,2903.0173,25121.043,2267.449,6515.6763,5977.4453,-2584.3484,1899.6256,6241.0586,-2054.6753,889.58606,5535.295,1
118596.625,1,2,2,37.663292,0,0,0,2,0,0,87970.42,137412.5,116034.086,73827.95,99811.91,70154.516,-2375.822,-341.11877,6089.076,337.95673,1260.3048,2700.24,1
107763.586,1,3,1,33.334087,0,0,0,0,2,0,-21555.594,14813.975,28860.793,6956.2344,17196.477,9976.6,-3004.4568,2591.4531,5592.5146,-3579.455,671.2743,4081.3328,1
147244.23,2,1,1,45.6034,0,2,-1,0,-1,2,-9642.691,25243.473,19307.643,10113.289,3460.4106,5470.5625,-2058.2517,1726.443,6984.7915,-1563.8315,2520.98,6401.4385,1
150723.05,2,3,1,44.120605,0,0,0,0,0,0,195808.55,203229.11,138039.66,215069.81,121862.66,119587.83,-277.81577,-1770.2477,14910.628,3514.015,6751.354,-9289.131,0
106602.266,1,2,1,45.21081,0,0,0,0,2,2,61569.15,123990.31,97402.73,72732.71,91390.76,61382.38,3310.7983,-1020.7208,13025.633,-2206.9458,4427.4893,5167.4673,1
99068.64,1,3,2,40.766914,-2,-2,-2,2,-2,0,-20727.594,57664.477,29258.365,-1095.1956,17850.604,8351.684,-3732.5134,4423.695,5262.1367,-3860.3828,327.86414,-20314.533,0
134812.12,1,1,1,45.885456,1,-2,-2,0,-1,2,-4580.328,2437.279,17363.568,15431.68,12047.04,3846.8633,390.3693,-456.86096,9636.267,4068.9702,3796.5918,5420.042,1
103061.59,1,2,1,45.302937,0,0,0,0,-2,0,14050.254,122876.12,74954.08,12220.805,5482.688,3503.6797,-411.91293,2228.7266,6551.359,-1614.1152,1041.0465,6530.6973,0
127500.71,1,3,1,44.933224,2,-2,0,0,-1,0,-13251.25,18959.348,18155.553,6835.832,11159.169,4734.8164,306.4982,2477.7197,6729.678,-2402.315,2981.1504,4377.0,0
110509.49,2,3,1,45.308178,0,0,-1,2,-1,0,8782.574,124464.44,78817.414,28513.105,67174.414,44427.29,-1205.7616,1603.9962,9803.517,1520.4873,2693.9763,5528.702,0
141135.16,2,2,1,41.807117,2,-2,-1,0,-1,0,-22285.14,37606.938,22714.63,2338.074,6104.766,43116.81,5832.8047,2336.675,5294.6265,288.851,38596.77,-2101.2612,1
123903.13,2,3,2,34.350292,-2,-2,-2,0,2,0,115310.414,138573.97,45525.195,10851.652,16135.347,9516.451,2344.7146,314.07507,12933.325,-2865.666,4016.6726,928.11365,1
133817.77,2,1,1,44.249958,2,0,-2,0,0,0,-16107.086,34626.445,38554.824,3408.2732,2619.7817,7548.9785,-3706.822,4960.067,6044.7134,-3977.4316,-1068.8383,-1292.0511,0
140543.61,2,2,2,25.905033,0,0,0,0,-1,0,-207.66,53746.62,120970.59,114732.88,7058.0864,10194.023,1655.7765,-2144.9426,11246.849,4390.356,15477.994,6773.078,0
136395.73,2,2,2,41.9298,0,-2,-1,0,0,0,-18677.648,27057.162,25899.281,1091.2732,3145.8286,6225.801,-1486.1761,3809.9172,5441.271,-3487.2852,551.25037,6331.9634,0
108951.53,1,1,2,34.32765,2,-2,0,0,-1,0,-26832.453,18020.652,22662.936,-646.8518,8508.966,8392.691,-2821.8064,3129.5503,7240.5664,-35.683155,266.0177,-22323.62,1
139642.7,2,2,2,45.5461,1,-2,-1,0,0,0,-15463.969,6210.123,91902.94,16832.371,52081.71,20991.027,-2557.1882,-483.18127,7941.9673,1134.3455,1855.2987,6374.3057,0
105074.74,1,3,1,37.324757,0,0,0,0,0,0,11822.297,117752.414,35281.598,7584.1875,10931.222,6054.7266,-1106.1576,1894.5424,6840.779,-2378.6055,2506.9727,2954.5662,1
115836.195,2,2,2,27.833498,-2,-2,-1,0,-1,0,-17947.195,3698.2947,24789.973,6633.957,18067.416,13907.982,-2444.7585,2687.7664,6189.76,6435.03,339.21838,-41028.64,0
126567.05,2,3,2,45.06389,2,-2,-1,0,0,0,-12680.629,31946.604,26388.934,2568.449,4807.938,8260.529,3.8453743,2434.4937,5425.028,-3829.5708,877.319,6278.962,0
105124.68,1,2,2,25.859407,0,-2,-2,2,0,0,29264.297,1818.8612,20251.94,3083.7615,16344.819,8535.191,-2271.924,717.8627,5813.998,-3394.664,1065.1005,4049.7754,0
97937.39,1,2,1,33.984924,-2,-2,-2,2,-2,0,-26241.125,60072.71,14158.048,1504.4763,19389.371,7543.176,11665.75,2637.3313,16621.69,-547.00885,1357.431,3318.8433,0
109552.45,2,2,1,32.42447,0,0,0,0,0,0,4801.367,122809.73,74007.48,8914.316,4506.223,5240.25,-2031.264,3076.9004,6778.1797,3718.1255,-1012.7294,198.51866,1
146510.28,2,2,2,41.42942,2,2,-1,0,0,0,185777.84,198864.1,137345.48,215340.84,112325.78,105221.54,-854.7918,-563.2926,15906.601,3196.8408,2367.9639,-21218.615,1
138504.69,2,2,1,44.10006,-2,-2,-1,2,-2,0,-31199.188,32258.572,25626.988,-4330.297,6555.8716,8061.5977,4484.1235,2553.6357,4820.3296,-4797.64,-319.39978,5235.8516,1
103227.96,2,2,2,24.718513,2,-2,-2,0,-1,0,-27501.57,-546.6193,14274.493,5562.789,25587.764,24263.025,1802.9264,623.7484,6575.733,2723.8604,19122.164,2001.1378,0
118827.914,1,2,1,44.18124,2,0,-2,0,-1,0,-17011.852,59649.26,28430.291,6437.5273,8044.1313,5453.3906,5615.2466,2605.3755,8936.953,1273.2302,614.7506,3684.283,1
122400.805,2,2,1,41.641113,2,-2,0,0,0,0,-23307.453,19161.264,29300.922,3859.8435,13186.907,8331.844,-173.68002,3415.1316,7063.1147,-1583.1206,445.68176,4648.1367,0
152132.52,2,3,1,45.390804,2,-2,0,0,0,0,-11289.734,40835.492,34590.746,2555.5193,-846.41736,13781.752,-2240.594,2989.1492,5520.911,-1064.7441,13555.432,6102.9155,0
116137.43,2,2,1,37.08889,0,0,0,0,0,2,-4057.363,63350.34,29187.195,11869.523,10429.632,5897.203,-257.15463,1754.8383,6804.784,-1347.5664,1360.122,5303.337,1
106350.164,2,2,2,24.208263,-2,-2,-2,2,-2,0,-28169.695,8817.744,20016.064,1527.5623,14505.358,6980.965,-1590.0057,3421.4048,5703.862,-451.40143,-111.405136,-12060.196,0
103581.25,2,2,1,44.9259,0,-2,-2,0,-1,0,-22265.742,4979.4863,14721.546,7193.992,21785.729,76926.68,5575.303,212.77525,8403.088,-646.0606,51603.883,-1718.5048,1
122428.19,2,2,2,24.917877,0,2,-1,0,-1,0,-21539.617,12395.639,17833.215,5632.6406,12339.612,5775.66,278.32193,1892.6652,7642.836,-2831.4424,2628.7036,4630.5737,1
115284.77,2,2,1,39.18961,-2,-2,0,0,0,0,-4551.1367,120987.07,72634.21,6795.6797,41849.914,1350.0236,32832.746,3272.7551,5872.117,-1565.3569,14233.183,-26917.941,0
102501.68,2,1,2,24.39547,0,2,2,2,0,0,76904.125,131015.3,106400.53,82670.44,102718.44,74388.22,-1423.2802,368.90027,6038.4355,-981.8775,5321.81,2413.4985,1
119955.695,1,1,1,42.981068,1,-2,-2,0,0,0,-20924.055,-1008.8537,17537.229,12424.648,53223.594,22635.043,-1838.4471,1714.2059,24135.723,-2335.519,3107.5552,1994.2635,0
144832.47,2,2,2,27.88035,0,2,-1,2,-2,0,-17538.398,37260.426,24846.512,2697.863,1904.0631,6746.8438,-3688.8074,3807.047,5688.1494,-3832.727,1577.8698,6045.1084,1
122674.63,2,2,2,43.48875,0,0,-1,2,2,0,-20521.906,109641.84,51224.6,883.2029,46240.383,35013.465,-2862.0178,1847.514,10861.283,-3182.477,384.18884,-1064.0614,1
109035.26,2,1,2,43.686188,0,0,0,0,2,2,83220.375,124576.49,100081.59,66193.664,85550.49,57814.086,901.24384,-697.79114,16538.195,-2708.5088,4677.0938,5340.079,0
129811.71,1,1,2,33.319576,2,-2,-1,0,-1,0,-13242.605,25730.695,21446.838,4624.1836,231.51233,5112.004,-3307.66,3574.0044,6199.4487,-903.50934,726.2494,-18373.14,0
148196.11,1,1,2,28.70879,0,0,0,0,0,0,164991.4,178494.1,151301.53,190503.98,111821.19,98625.336,-4514.657,415.42175,7212.324,-2434.0293,2809.94,-54176.79,1
108111.914,1,2,1,44.762962,0,0,0,0,0,0,140845.33,149333.7,124344.07,7295.379,4405.0513,9164.326,-324.5316,113.012566,7112.4966,2152.9111,7746.642,5960.6016,1
106376.375,1,3,3,24.637014,0,0,0,0,0,0,-18255.71,23398.31,29830.998,6054.211,18134.227,10407.0,-2685.5354,2325.3918,6128.793,-3641.421,2336.6719,3684.5232,1
116319.2,1,1,2,36.359047,2,-2,-1,2,0,0,152038.16,157325.23,121081.56,163681.42,109663.04,101088.45,3636.8718,-969.04553,12880.796,3860.9949,4779.036,5113.086,0
119923.15,1,2,1,45.328327,0,0,0,2,-2,0,-22409.148,51725.746,36043.805,1537.2849,3159.106,8631.154,-6053.4453,3724.5952,19771.62,-4400.692,-1936.0048,6296.596,1
116095.79,2,1,1,45.395977,-2,-2,-2,2,-1,0,29028.865,82916.086,33524.88,6047.2383,58820.516,6056.1055,-3506.7761,2973.4333,10337.327,24345.729,2859.2202,-19383.977,0
131170.92,2,1,2,43.607815,2,-2,-1,0,-1,2,-10280.285,32048.31,15239.587,9091.816,17364.11,7330.158,3794.645,1437.2662,6515.645,3653.5022,3116.2236,4818.071,1
116850.28,2,2,1,45.37731,0,0,0,0,0,0,117082.44,150060.16,49684.145,6226.367,39480.42,26631.938,-2716.366,1235.1969,6651.4243,13963.796,-391.55798,6124.6934,1
108903.836,2,3,1,45.449604,0,0,0,0,-1,0,17749.055,123164.17,85776.16,6054.1406,-392.95642,35172.43,-879.262,2065.599,10432.116,-118.01128,41579.844,-15357.409,0
125567.17,2,1,2,30.550835,0,-2,-1,2,2,0,-26158.352,18657.85,25280.936,1875.9685,10781.673,10646.953,-2494.5725,2195.035,6678.997,-4511.737,769.6632,4373.67,1
115880.8,2,2,1,43.266552,0,0,0,2,0,0,-5779.2695,115125.35,68121.27,6865.117,46321.492,6642.996,-3080.6711,2753.1091,5683.7993,-1928.8599,-448.745,5446.025,1
103131.086,1,1,2,26.800701,0,0,0,0,-1,0,20771.213,98474.44,33354.387,9650.406,8787.653,4674.1953,-1073.7816,934.4564,7134.835,1955.0728,1470.7921,6135.837,0
98486.46,2,3,1,26.312176,0,0,0,2,0,0,-3417.4412,100852.84,48529.137,7080.2266,43938.793,18190.625,-1529.9476,2226.0745,5678.7427,-2384.7563,1550.5927,2962.7986,1
122365.61,2,1,1,44.293694,-2,-2,-2,2,0,0,-29125.227,16393.525,5346.2524,2695.4177,31270.63,88152.95,3420.3071,1946.3004,19771.453,-4631.239,56652.08,-7977.747,0
148907.5,1,3,1,39.643234,0,0,-1,0,0,0,-5196.754,37551.305,25503.742,9082.18,4080.4146,5739.1914,-1323.453,2305.7415,16637.484,3124.8584,4306.041,5343.4917,1
113121.875,1,2,2,44.43629,1,2,0,0,-1,0,99760.69,134951.25,43796.984,2148.5037,5352.567,5891.199,-3826.9333,1774.5314,6626.7837,-1843.2734,-311.09314,6018.808,1
129816.13,2,2,2,32.006725,1,2,0,0,0,0,-33773.195,16899.426,18860.338,619.5154,24035.223,79441.65,-807.2679,1758.8329,5913.524,-3628.0337,49659.21,-2966.456,1
120036.195,2,1,2,25.723537,0,0,0,0,0,0,131794.22,148970.16,120702.06,117062.06,73626.516,74606.48,3597.5283,-394.37708,10116.323,1970.7751,51945.75,-1809.9862,0
148262.5,1,2,1,45.354515,0,0,0,0,0,0,188877.9,194225.16,138265.88,214700.75,113468.54,112895.28,-3133.8787,-1593.1412,14208.377,2968.844,3931.3064,-23193.96,1
162630.47,2,2,2,44.323326,0,0,0,0,0,0,177509.17,201376.75,150247.34,246055.66,132365.36,84083.2,-5922.1494,536.28796,7284.768,-6300.735,53734.13,-42503.344,0
98822.984,2,1,1,44.03961,2,-2,0,0,0,0,-20114.61,117708.33,65328.004,13531.262,58309.24,7662.123,32912.562,1772.2716,6004.741,-112.892624,3158.9468,2743.2925,1
103371.41,1,1,2,25.004436,2,-2,0,0,-2,0,-23713.875,9665.346,19584.367,2042.2068,15802.964,9153.992,-2049.3958,2928.2273,5732.6064,-5104.268,2223.7913,3369.2466,1
119917.41,1,2,1,41.323822,1,-2,-2,0,0,0,-23980.203,3633.2244,28602.588,4415.926,14174.948,10625.707,-3796.697,3082.0422,11762.134,2275.004,954.11975,-10300.722,0
112816.1,2,2,1,24.942032,0,0,0,2,0,0,76568.26,127388.32,101751.24,58231.605,81818.22,51867.473,211.08658,619.1229,6131.9097,-571.8521,1237.7343,2144.5112,1
153862.69,2,1,2,44.618877,0,0,0,0,-2,0,-5610.2188,42100.207,36582.324,3889.953,-2586.0933,4840.3867,-3368.159,4378.53,5956.2983,-2852.4683,-1087.2479,7369.476,0
141817.12,1,2,1,44.316826,2,-2,-2,0,0,0,-20494.258,3236.193,26247.588,1891.8044,13178.919,15380.184,-2321.9797,1013.9552,23336.875,-3310.3662,14096.2,3981.1006,0
140605.16,2,1,2,43.875355,0,0,0,0,0,0,125537.516,151910.58,135088.17,199060.73,131534.16,132102.7,22533.414,-1890.2003,17907.531,22598.785,52755.305,-59258.844,0
113785.85,2,3,1,45.458622,2,0,0,0,0,0,19178.008,129517.72,94628.33,39341.066,17838.262,13624.953,-4257.79,5556.3765,5798.1245,-2454.4106,-1153.2699,-21560.21,1
113329.1,1,2,1,45.316475,0,0,0,0,-1,0,-758.61707,34235.523,36248.65,4228.5547,-285.72986,7358.41,-4011.3308,2497.6094,9030.194,-2253.0283,153.4098,5149.626,0
108955.97,1,1,2,44.774357,2,2,2,0,0,0,116958.695,151573.14,120947.234,126314.125,108441.14,91692.414,-227.29623,274.2904,10421.751,23175.582,4155.8604,-202.21913,1
109103.56,1,2,1,43.985588,2,-2,-1,0,-1,0,-27126.617,2299.4197,22511.85,2382.3826,8198.003,5928.0,-3001.3972,2866.4646,5688.515,-3127.8398,-421.33142,-22757.568,1
96706.87,2,2,2,25.161533,0,0,0,0,-1,2,-15456.352,2576.404,19343.158,12140.289,20297.594,5977.953,1363.2933,138.75279,7709.823,-3073.1694,2287.777,2976.1025,1
148631.45,2,1,2,30.523697,0,0,0,0,0,2,172397.6,162021.58,129577.41,154354.7,108176.85,91784.19,1229.6425,-2452.6003,15812.364,4453.1943,2537.5498,4292.7456,0
100941.164,1,3,2,32.06532,0,0,0,0,0,2,63846.035,118730.36,87627.63,77701.29,104778.51,72949.31,3513.6843,-1071.6827,16620.611,4997.3486,9471.0,1044.3412,1
86511.79,2,3,2,25.513689,2,-2,-2,0,0,0,-22921.61,11021.521,12665.87,4804.1914,40374.59,16996.078,1895.2662,1841.3048,14930.105,2046.19,3413.5452,-659.8773,1
130961.82,2,2,2,25.550692,1,-2,2,2,2,0,169011.36,193676.36,129330.56,216044.28,120499.61,122496.055,-24.793785,-3752.55,18713.072,-4168.849,8561.295,-12735.907,1
148812.75,1,1,1,39.75543,2,-2,-1,0,0,0,-6639.426,29875.342,19701.746,8120.074,2356.4653,4413.2773,-1274.4823,1955.9415,6193.3447,-1794.5405,2803.621,6488.5938,0
110835.91,2,2,2,45.245476,0,0,0,0,0,0,-14631.867,71027.87,48541.395,4224.25,27546.43,6131.9883,-2300.2068,2313.515,6776.2373,-1700.4912,-14.892442,6195.563,0
150647.66,2,3,1,45.746395,-2,-2,-2,2,-2,0,791.89856,28747.285,25365.146,8814.719,-190.90564,3555.0,-3168.2893,1972.2015,6855.142,-571.6895,926.5702,6809.4746,1
145968.36,2,1,2,37.248215,2,0,0,0,0,0,158259.39,165457.27,129613.27,162923.9,107150.086,105006.69,-4212.241,727.9237,11195.535,1028.8564,2693.788,-18610.473,0
106153.05,2,2,2,24.289099,2,-2,-2,2,-1,0,-28138.664,7502.658,25519.47,497.85522,10820.636,8519.322,-3197.3367,3069.849,7345.977,-778.4571,113.176895,-5608.0996,0
142718.31,2,2,1,44.709347,0,0,0,0,0,2,185937.75,183689.3,131197.64,216132.94,120671.0,119442.34,2241.415,-3671.4045,17584.014,4362.501,12567.651,5312.067,1
138760.55,1,1,1,45.386944,0,-2,-1,0,0,0,-11141.219,10592.861,114013.484,3128.8943,5012.813,7346.033,-4351.629,-1556.6945,5930.386,2640.398,1697.348,-26247.818,1
118602.49,1,1,2,35.585285,2,-2,-1,2,0,0,-31131.578,59036.184,12417.507,-2388.176,41460.332,17727.537,16198.512,-603.5421,5810.0464,-4931.28,1248.8917,583.9818,1
120717.54,1,3,1,45.04215,2,0,0,0,0,0,60603.832,132556.77,104930.586,26525.605,71563.46,59299.426,19950.63,1517.2489,8202.926,-211.55717,13231.404,1427.3029,0
128778.71,2,1,2,25.240107,2,0,0,0,0,0,157198.0,138443.25,115154.43,107081.66,100678.74,84831.15,-2436.2332,1665.0948,8972.343,856.9152,2877.784,1679.1986,1
109527.76,2,2,1,45.44377,2,0,-2,0,0,0,76842.336,131272.33,105681.55,59786.67,77311.85,52409.7,-2001.8856,-2292.16,8745.123,2080.2197,1184.8534,2832.601,1
111962.34,1,2,1,45.66418,0,0,0,0,0,2,105705.35,139299.69,121989.5,108922.16,99135.09,60379.715,-502.25717,369.83044,9794.635,3856.7385,611.10315,-19909.686,1
126877.336,1,2,2,27.246435,2,0,0,0,-1,0,-18866.883,84728.734,36460.555,1065.1638,18296.766,11297.217,8027.0293,2183.6301,18231.854,2685.8674,4813.9297,-20227.895,0
121641.875,1,3,1,43.976074,2,-2,2,0,0,0,-29826.188,14311.26,18627.443,-1013.0393,16387.344,48014.938,1271.0333,2001.8031,5074.3936,-4917.107,39987.652,-299.3534,1
108416.45,2,2,2,36.55087,0,0,0,0,0,2,-17783.797,41998.645,33531.12,5458.828,17699.994,12883.482,-1564.8607,2207.8352,7623.891,-1246.0,183.60268,1188.7762,1
138542.5,2,2,1,26.86165,-2,-2,-2,2,-2,0,-13354.125,12987.049,20785.531,8848.203,10818.44,4230.867,-1571.4247,3033.6138,6128.8677,2980.358,1800.8549,5206.6953,0
99776.4,2,3,1,46.123745,0,0,-2,0,-1,0,8059.125,91379.13,23684.11,12226.281,47378.41,3536.9336,-914.29474,1026.8173,7464.1396,21167.113,1832.3834,6802.7417,1
142292.31,1,1,1,45.607544,1,-2,-2,0,-2,0,-10763.77,16097.271,28130.1,4596.3594,1192.9694,5768.9297,-3732.6511,2427.9492,5786.793,-2400.8901,1685.4518,6679.899,1
130285.43,2,2,2,44.98731,0,0,0,0,0,0,172348.16,175402.5,133807.44,5840.215,858.4186,6073.0234,-2564.0623,1122.0905,10702.024,3635.8179,-1970.222,9101.942,0
146949.58,2,2,1,43.308567,0,0,0,2,-2,0,150813.69,168400.73,39545.516,4943.254,-2643.3823,6062.0195,-3108.4387,2506.0398,5510.9995,-3185.559,-1860.4886,7793.2544,0
144816.88,2,1,2,30.616243,2,0,0,0,0,0,84312.82,134695.42,116025.266,90248.8,89179.555,74698.34,-2996.4548,2335.2046,9205.612,969.03436,3667.774,2185.6646,1
109943.945,1,3,3,44.988865,2,-2,0,0,0,0,-20393.023,31381.914,30273.492,-1157.7073,10392.345,10385.037,-770.56915,3597.468,9039.533,-5130.819,851.2079,4201.215,1
103843.26,2,1,2,24.825516,1,-2,-2,0,-2,0,-25886.43,5922.1895,16152.944,3072.078,17220.299,9024.424,-1930.7728,1994.0892,5553.818,-5047.1235,2299.5754,3214.96,0
111041.18,2,2,2,42.27375,-2,-2,-2,0,-1,0,-17139.984,-418.7834,16490.193,8591.867,10436.538,4348.59,28.788734,1259.4908,8884.548,-1798.7715,1521.5983,5076.0503,0
106487.77,2,2,2,24.242,2,0,0,0,-1,0,-24693.727,2366.2087,23350.234,4641.9766,17003.47,7355.1523,-1887.1205,2165.3716,13763.686,-4359.6997,375.03113,3503.1538,1
147514.12,1,1,1,44.644176,2,0,0,2,2,2,-5678.129,45401.246,122604.625,109990.84,97208.48,79617.555,-4688.5684,-3636.1174,5206.3804,915.98944,363.0077,-2142.4111,1
110656.99,1,3,1,45.787918,0,0,0,0,0,0,54827.945,127261.555,74153.69,25392.258,7519.151,5294.629,-855.8934,1798.5236,8385.252,-1801.5068,1938.8534,6093.741,0
111109.97,1,1,2,43.72658,0,0,0,0,0,0,48526.54,126399.8,100336.78,8286.215,14805.313,12113.551,-2388.4734,1157.2802,6644.236,-1673.1299,1074.1632,5906.293,1
113812.92,2,2,1,45.387608,0,0,-2,0,0,0,-21360.031,21695.492,32756.611,6316.449,21306.746,14869.963,-3370.825,2193.7146,19708.148,-2753.9463,29.402481,5260.0654,0
102197.46,2,1,2,26.283197,0,0,-2,2,-2,0,-16583.156,10529.186,28570.674,4832.1367,5765.18,6462.9062,-4583.8467,3479.5366,5342.959,-4253.437,534.60095,5623.538,0
110643.62,2,1,1,45.41539,1,-2,0,0,2,0,-19134.023,114159.34,14441.491,127609.79,124147.21,88832.03,31859.66,860.8231,41707.555,-5187.814,4972.5913,-20036.176,1
147169.61,2,2,2,42.072865,2,0,0,0,0,0,34682.88,124084.11,123429.5,6181.422,10807.792,8903.057,-2738.8796,3220.0452,10878.193,2806.1,194.67738,5395.1973,0
139800.8,1,1,1,45.86681,1,-2,-1,0,-1,0,-10402.465,7993.955,32712.12,8699.488,4409.653,5255.5977,-2550.3772,2556.1082,14009.099,657.8525,3946.3425,3980.1216,1
152090.86,2,1,2,45.585976,0,-2,-2,0,-1,0,-6043.4883,25652.53,24365.156,6080.0312,9009.37,11298.916,-3668.2917,746.0941,6565.3984,6316.2324,12360.423,8026.928,0
131864.33,2,2,1,44.363743,0,0,-1,0,0,0,128164.2,150825.44,127632.89,132635.06,102532.07,93048.48,819.35175,-82.24329,10651.277,3175.9214,2626.8057,3006.6877,1
100599.22,1,3,1,45.405773,0,0,2,0,0,0,-18338.055,117482.02,49657.785,5440.3164,18644.555,8058.918,31315.64,979.92175,7212.0796,-2490.879,3455.5732,2756.7336,0
107655.94,2,2,1,28.486473,0,0,0,0,0,2,105184.26,126035.266,100723.19,64991.32,87583.48,44094.56,4163.847,-271.5631,13615.796,3667.1558,3000.8757,3090.4993,1
100345.59,2,2,1,35.246067,0,0,2,2,-1,2,100261.336,130410.375,116172.58,124443.914,107592.02,83730.13,6673.4,-1613.4752,8642.653,-2371.9287,5316.1353,5052.854,1
95883.664,2,2,2,29.170803,-2,-2,-1,0,0,0,-20630.29,6875.3223,19482.977,6260.824,18464.865,9104.881,1015.6442,1317.2909,7542.086,-1082.2925,1267.8971,2679.1377,0
94282.62,1,2,2,24.658464,0,0,2,0,0,0,25747.77,118364.57,108426.2,13736.387,34156.984,12672.771,4733.7617,-300.82532,8634.017,-1448.6167,3203.461,3546.769,0
118726.836,2,2,1,45.301334,0,0,0,0,0,0,-15620.609,103194.2,64321.496,2270.613,25750.586,18304.9,-3044.6316,2803.9395,6313.448,-1476.4668,16510.54,6919.655,1
94039.88,2,3,1,44.841213,2,2,-2,0,-1,0,-21988.32,4755.115,18858.65,4705.949,14322.892,5875.297,-3566.281,3405.3044,21886.389,-3442.6758,1767.4974,-2417.4263,1
128838.18,2,2,1,39.648434,0,0,0,2,2,2,132844.67,152970.22,123229.695,152958.95,107297.195,101276.91,-1160.8534,-1207.5934,10703.043,2322.2075,2687.3318,-21927.543,0
110451.484,2,2,1,28.79578,0,0,0,0,0,0,-21403.805,22246.37,34017.984,6822.0234,12115.284,9033.654,-2409.8757,2988.804,6266.6787,-3066.4316,-317.70203,3740.0918,1
104497.445,2,1,1,31.994345,0,0,-2,2,-1,0,-20747.727,16075.771,27284.92,5064.8125,4366.77,6148.6914,-2948.4807,1944.6056,5709.528,-2533.0405,332.75867,4923.884,0
91962.625,2,2,1,27.042223,0,0,0,0,0,0,-13299.645,139460.48,112779.69,14930.203,23740.486,2588.9258,42482.45,57.961296,7528.6245,-2028.3843,3976.2537,2137.8953,0
112951.33,2,1,2,29.330564,0,0,-1,2,2,0,15861.949,119081.5,62674.227,10685.414,63845.203,36546.82,3239.275,-666.8004,7633.252,-4283.027,1991.371,2152.3699,1
113909.41,2,2,2,45.094326,0,0,0,0,0,0,46960.926,120693.086,52793.758,1599.5115,-1378.7728,31427.47,-4019.1228,1548.6124,6086.936,-2822.1943,26965.037,6363.228,1
103592.63,1,3,1,44.893467,0,-2,-1,2,0,0,-11695.398,85997.19,28617.281,14219.123,38503.99,19640.922,2407.1035,1249.0631,6036.0537,-3081.8223,2147.5063,2806.5989,1
129545.93,1,3,2,25.147577,2,0,0,0,0,0,53739.13,126699.086,46771.832,3425.6326,24160.123,14010.908,-2648.5295,3433.4968,16665.031,1743.5542,7588.9595,-14817.511,1
86346.84,1,3,2,26.052263,0,0,0,0,0,2,32536.701,117771.04,40988.79,16177.371,44875.473,17708.297,3986.447,-772.99915,9077.566,-361.60895,3876.5547,2785.2825,0
109978.9,2,1,3,45.787033,0,0,-2,0,-2,0,71125.336,129910.5,37065.992,7606.074,4363.598,8254.25,-4431.657,2418.7024,16551.453,-1794.5938,2829.2915,5296.638,0
125950.875,2,1,2,30.096136,0,2,-2,0,0,0,-21094.828,23652.25,33130.57,1647.9724,1365.4811,18306.057,-4832.5225,4029.8809,5357.734,-1480.0312,11005.163,-23442.732,0
98133.43,2,2,1,24.984507,0,0,0,2,-2,0,14668.348,115402.87,28087.447,10962.074,9711.718,4973.3555,-1465.8763,2350.7642,6106.5757,-2867.6978,1848.805,5169.125,0
109351.17,1,2,2,35.28041,0,0,0,0,2,0,12452.203,121938.984,61204.844,16008.875,54939.625,30659.553,-846.19366,981.23303,9476.427,-2756.6206,641.7772,4255.134,1
112552.23,1,2,2,44.14401,0,0,0,0,0,0,53417.957,127485.03,33633.848,7629.4414,34590.844,20389.342,-3971.6833,939.13513,8472.203,14255.377,426.34998,4537.174,0
110540.29,1,2,1,44.42161,-2,-2,0,0,2,0,-27948.61,11208.572,25660.713,2290.3865,16746.861,12219.131,-794.74396,2596.6982,9268.439,-4006.7217,-291.78162,2553.5757,1
112816.016,2,2,1,26.114372,2,0,0,0,0,0,-28396.883,40081.242,37442.395,563.37085,10540.849,10228.873,-3815.0886,4695.368,5848.863,-2302.5557,-1874.4066,-21154.379,1
125212.7,1,2,2,25.779829,1,-2,-1,0,-1,0,-15296.352,1116.9042,13652.526,11955.791,30924.959,11962.553,412.73648,-423.68616,10063.11,25341.037,4612.323,2806.0527,0
114746.21,2,3,1,45.344574,0,0,0,2,0,0,42706.76,128330.28,85657.24,15540.793,50575.176,32742.68,-4076.7996,2433.9438,5471.1196,-810.26227,437.63416,4023.1096,0
142639.7,1,1,1,45.23757,0,-2,-2,2,-2,0,-13549.672,27770.803,29371.803,1419.9255,511.48108,7565.666,-4165.298,3709.3386,6011.7603,-1756.4546,2213.0688,4160.9033,0
105072.93,2,1,2,27.586761,1,-2,-2,0,0,0,-18808.969,2693.361,28644.264,6069.8945,35925.96,6294.158,-1784.0516,1869.629,6295.4053,-3544.0488,2117.7837,4079.854,1
153025.89,2,2,1,31.689243,0,0,0,0,0,0,202671.2,169378.64,141538.67,138912.11,89692.266,66033.62,-2377.5056,3115.4492,7078.1284,-2370.481,-5124.4795,-38813.047,0
117245.24,2,1,2,41.130974,-2,-2,2,2,0,0,4497.1367,13763.334,24972.586,-4136.051,10123.55,10488.957,-3463.1296,2187.6802,7642.7744,-5337.48,-538.6493,4149.9546,0
109562.23,2,2,1,29.947851,0,0,0,0,2,0,94142.25,133651.4,114934.12,109584.125,99549.77,72904.56,1383.4222,548.59314,12465.697,-2782.7896,1867.5167,3281.0288,0
142759.78,2,1,2,44.306393,1,-2,-1,0,0,0,-23168.062,20507.398,34247.008,-1200.8518,-191.30798,11105.064,-3817.7615,2844.9182,5148.6606,-3526.0474,7095.921,6825.388,0
106241.47,2,2,2,28.528889,0,-2,-1,2,-1,0,-31347.531,2136.744,14975.7705,-138.11743,15068.692,13344.52,-531.58234,420.77185,5861.662,-3614.9731,9727.359,4359.2764,1
151096.97,1,1,1,45.44331,2,-2,-2,2,-2,0,-6624.6875,39412.797,24040.535,2698.902,18469.209,7824.578,-2975.756,3071.4373,18827.117,9494.244,2657.7666,4344.3584,0
139056.56,1,3,1,45.784565,2,-2,-1,0,-1,0,-5044.926,17829.154,17445.98,9745.598,5285.0903,3480.0508,-1827.2963,1141.7968,6797.676,901.9545,3243.4111,5389.2485,1
140098.77,2,1,2,35.708256,2,-2,-1,0,0,0,-3834.2888,12820.537,106509.27,81340.22,78775.21,4728.7812,-2682.3948,-1626.6027,6478.283,-1761.9111,2526.8074,1497.2167,0
145043.39,2,3,1,28.336235,2,0,0,0,0,0,-11899.984,65160.58,38294.02,4252.203,8946.958,7764.5117,-3116.5422,3963.986,5149.9976,887.3088,2921.0613,5783.227,0
109505.35,2,1,2,45.691757,0,0,0,0,0,2,88251.54,128562.39,111207.63,87691.46,98227.914,69649.53,-687.637,-477.8131,9123.479,3485.1733,3226.8384,2928.6306,0
112019.04,1,2,1,45.54755,0,0,-2,0,-1,0,-17133.602,-1583.2482,30367.473,8254.277,2498.895,5237.379,-3212.9753,1428.8636,6524.536,-873.5279,-518.05457,7604.9575,0
115605.836,2,2,2,44.244873,0,0,0,2,-2,0,-21925.07,25635.729,38493.58,641.281,-1354.0892,6851.4004,-5831.4297,4494.3687,4619.986,-4295.397,-2549.1501,6927.5596,0
108899.375,2,3,1,45.39047,0,0,-1,0,0,2,-14547.098,25898.348,29805.574,5806.0234,11064.534,9293.121,-960.20734,2354.7632,8447.01,-584.93463,1271.8937,2047.1447,0
109496.85,2,2,2,24.177702,0,0,0,0,0,0,10797.695,118970.83,69072.28,9505.66,16312.892,30512.998,1238.8334,95.777214,7138.7974,-1903.646,23866.492,3177.1262,1
95722.33,2,3,1,45.247654,-2,-2,-2,2,-2,0,-20457.203,68141.96,22912.648,3187.027,11999.663,5614.4805,14649.924,3001.205,5361.9243,-3692.8735,1798.3256,4138.097,0
143531.02,2,2,1,45.94581,0,0,-1,0,-2,0,-4253.09,14202.881,29704.695,11755.553,875.89905,3241.5898,-2733.4968,2842.4712,7026.5083,-740.63824,374.41125,7277.087,1
87747.125,2,2,1,31.17542,2,0,0,0,0,0,-17534.828,142633.36,103423.54,139868.56,117190.75,79441.234,41513.77,-2011.461,10200.272,-686.7403,7161.596,-8498.485,0
118237.805,2,1,1,30.840918,-2,-2,0,0,-2,0,-16583.21,13665.416,19965.814,6006.125,12112.983,6032.4727,-1412.371,3557.9058,6765.957,-3824.81,1938.4559,4137.8945,0
118103.39,1,1,1,44.026512,-2,-2,-2,2,-2,0,-27268.844,20814.932,26384.88,-105.17602,13920.169,22621.043,-1282.9213,4112.7466,6515.2534,-2499.1865,49212.55,-4061.7578,0
144276.05,2,2,1,45.603863,1,2,0,0,0,0,7521.5273,120163.555,77163.67,19589.23,46257.27,26697.057,-3699.8152,3194.4543,7227.465,598.7072,978.95935,4869.5854,0
151132.77,1,1,2,44.12645,0,-2,-2,2,-2,0,-11896.184,33516.42,29153.441,451.5193,-3080.8862,4289.16,-4424.8135,4081.6863,5580.254,-2592.9048,-903.38416,-22247.3,1
146229.33,2,1,2,45.012287,0,0,0,0,-1,0,187846.58,189697.22,138630.84,5479.164,-6131.9956,5066.8867,14424.077,-443.86,7979.2983,380.45355,-1591.5521,9281.94,0
103042.71,1,3,2,45.77108,0,0,0,0,-1,0,31701.422,125637.38,88867.414,10644.615,3300.1177,3352.9492,-1045.6156,1346.8007,7687.2524,4480.0327,1291.4108,7289.372,1
120464.68,1,1,2,34.50772,0,2,-1,0,-1,0,-19731.523,15280.807,17356.023,5063.492,8795.108,6561.16,-1903.8969,1728.6666,7097.429,-2073.8613,2802.3079,4811.795,1
127821.1,2,2,1,41.82362,0,0,0,0,-1,0,175941.75,160381.67,132327.12,180882.81,93613.06,53392.098,2791.9214,-2084.4978,16589.232,30569.508,5140.9263,4908.525,0
77513.125,1,2,1,45.044724,1,-2,-1,2,0,0,42255.88,117383.05,65280.297,23343.904,77048.89,41553.14,4440.5728,409.23083,9045.18,-637.0655,3756.777,2708.166,1
109075.82,1,2,2,40.00722,0,0,-1,2,0,0,-6142.949,103452.45,40952.34,1745.824,47469.863,7690.76,1674.6405,-129.91566,6163.434,-2809.1904,747.0409,4525.126,0
112366.695,1,2,2,42.30579,0,0,0,0,0,0,-21605.102,53544.625,35198.96,2086.2537,5165.1606,6390.381,-1303.1053,2616.283,6411.8896,2221.5593,-336.83337,6443.1934,1
143956.64,1,2,1,41.523964,0,0,-1,0,-1,0,96936.836,100605.96,40906.54,6220.574,-424.1947,16384.09,-3590.3445,3792.5718,5141.063,-175.85991,1129.1576,-47212.0,0
148831.61,1,2,2,33.24215,0,-2,0,0,0,0,-23250.93,17129.018,37270.86,-3323.0432,-2830.683,14570.75,-6570.9414,4253.1797,3935.5938,-4805.363,6188.01,-31560.484,1
154422.28,1,3,2,44.122246,0,0,0,0,0,0,191170.97,187474.23,137728.31,206090.78,120502.07,114030.586,-1780.6283,-1581.3619,13888.876,96.928665,22027.23,-23706.197,0
98289.9,2,3,3,45.248707,2,-2,-1,0,0,2,-13170.891,7695.2207,25367.232,6836.66,12345.685,7619.1465,-2127.9768,1896.7731,5848.0986,-3526.3267,2541.839,4105.4478,0
109388.88,2,2,2,44.75871,0,2,-1,0,-1,0,-24476.414,21978.086,25139.484,2307.8591,8333.286,10990.889,-2191.9983,2832.4478,5801.843,5053.2197,34.028458,6744.6157,1
103416.1,2,2,2,24.179907,1,-2,-2,0,-1,0,23636.498,3745.615,27286.47,44.070076,14829.167,10860.041,1392.3505,2197.6436,19891.496,1824.5098,3167.0283,-337.45203,0
102252.88,1,2,2,38.553925,0,0,0,0,0,2,23672.314,121178.41,61871.496,9356.711,58386.535,25519.465,2281.6702,376.4496,9299.555,3797.2434,1443.7809,-3004.954,1
106688.805,2,2,2,36.85451,1,-2,-2,0,-1,0,-25609.406,11665.002,27999.803,2018.488,5228.637,7052.326,-2770.4797,3171.2632,11569.965,-2753.3877,-71.51402,-23760.178,0
109745.04,2,1,2,39.833233,1,-2,-1,2,2,0,73231.95,105821.01,63107.5,41189.844,104948.555,98079.77,8523.535,-3324.431,7550.5645,-4587.6675,49218.99,-3828.4004,1
116104.06,2,3,2,24.22598,0,0,0,0,0,0,-21995.32,81509.22,53361.055,-706.5979,27051.654,12146.52,-4211.743,3690.9775,5499.5444,-3147.479,3192.2192,-25955.992,1
139777.9,2,2,2,24.52819,2,0,0,0,0,0,48049.914,123335.984,95613.32,51484.566,42135.375,12318.715,-700.3211,2432.8872,6893.479,-216.92534,4293.0024,4972.7607,1
143375.16,2,1,1,45.369713,-2,-2,-2,2,-2,0,40424.758,48466.203,121559.22,120829.93,99397.21,85831.664,-2088.4846,-2751.4563,10280.47,7759.8584,18119.744,2432.1672,0
117500.164,1,2,2,43.57194,2,-2,2,0,0,0,17598.371,123656.164,58846.812,7017.9688,62704.203,33042.297,2616.437,1168.0558,7439.1714,-1617.8438,1600.1361,1651.2789,1
157903.98,1,3,1,44.482567,0,0,0,0,0,0,196841.67,212976.0,143625.89,141469.23,96678.13,77509.36,31116.11,1263.3102,5959.5547,-2328.6309,-6423.243,-30890.648,1
106561.94,1,2,1,45.05223,1,-2,0,0,0,0,-28739.21,120595.6,61371.137,10814.768,34828.547,13875.432,36662.516,843.81335,8248.524,-1165.7349,2186.8235,900.73083,0
95599.47,1,3,1,45.431988,2,-2,-1,0,0,0,54598.195,88675.85,106808.37,9758.535,48859.875,20029.129,35764.867,-4521.038,7718.6553,460.8039,4323.811,2162.3708,0
126134.234,2,2,1,44.483322,0,-2,-1,2,-1,0,-32399.766,22364.414,28926.855,-5062.4375,8586.315,11500.184,-1780.3622,2905.6978,4711.038,1959.9802,3585.1868,-677.7025,1
117107.56,1,2,2,44.562744,0,0,0,0,0,0,122671.55,147447.08,128366.3,4294.2227,12109.386,59530.363,1272.5267,-595.4562,10266.543,1970.019,45225.543,3193.2446,1
140164.69,1,1,2,40.98084,2,2,0,0,0,0,-16457.102,15127.834,26059.943,1795.9763,3882.0981,5730.379,-4792.249,3463.7947,5122.0806,-3983.1343,724.1205,5260.172,1
116183.34,2,2,2,23.899395,0,0,0,2,0,0,-6590.617,112456.766,53801.43,2862.1638,14536.149,10583.885,-2702.243,1719.3312,5605.6064,-3580.5776,633.797,-1844.4203,0
111685.055,1,2,1,44.506664,2,-2,-2,0,0,0,-28093.117,1846.6464,13815.878,39383.25,30435.3,32718.84,831.3332,1383.5302,28783.1,-5155.569,25631.246,65.65733,1
111759.83,1,2,1,45.651028,0,0,0,0,0,0,30066.594,125111.13,75651.19,99969.86,55936.812,31816.09,-1424.6371,1198.4701,25522.236,-593.795,2399.8547,3255.7063,1
118799.05,1,1,1,45.61503,2,-2,-1,0,-1,0,-13091.508,6631.701,43948.926,60156.957,19418.959,7705.207,756.1799,405.4901,30681.8,-3069.3516,3997.1382,-5987.1406,0
107045.72,2,2,2,30.198448,2,-2,-1,0,-1,2,-20292.25,732.0721,16609.857,7510.7695,16449.516,6195.9688,199.20084,1540.0782,7063.9204,-374.10602,1901.3693,-22887.357,0
117072.625,2,2,2,45.254745,0,-2,-2,0,-1,0,-17214.625,19484.707,24157.793,4298.676,3716.809,6127.301,113.90934,1850.726,5874.697,2306.5325,-624.25525,7477.7573,1
105676.68,2,2,2,44.87379,2,-2,-2,2,-2,0,-23594.844,10808.803,27676.383,163.19897,5793.5864,7311.0977,-4532.216,4072.5688,4716.624,-4954.8013,-295.5443,-3487.0093,0
138240.52,2,1,1,44.135956,2,-2,-1,0,-1,0,-3416.1677,23322.959,16402.646,12884.666,5666.5786,4225.7617,-356.85678,1840.2765,9488.003,-1252.0718,2807.9702,5857.786,1
136249.25,1,2,2,31.698698,0,0,0,0,2,0,-23610.57,8178.662,32515.055,4608.168,4769.602,8587.578,-3705.0056,1688.0052,10033.151,-3231.9614,371.1422,6403.975,0
114757.305,2,1,2,24.045885,2,0,0,0,0,0,60255.78,128440.51,105215.14,3164.781,13278.452,52764.465,521.86786,888.5404,6080.475,-4257.432,43806.375,3236.1797,0
107724.38,2,2,1,30.447908,2,-2,-1,0,-1,0,-15416.484,3794.3845,15988.892,10731.33,14315.608,4844.6875,1005.85223,1449.8851,6937.371,-2247.1812,2746.4397,4273.365,0
138737.47,1,1,1,30.642881,1,2,0,0,0,0,158166.62,165533.19,91503.3,55192.34,91131.375,64252.0,-2800.4187,936.0194,13783.855,3490.9243,3343.785,4287.7686,1
148881.27,2,1,1,43.996716,2,0,0,0,0,0,-14398.344,22940.225,35254.754,12209.625,34156.02,25965.107,-4454.837,3954.7542,24008.562,-821.01373,1765.9005,3590.2048,0
126680.02,2,2,1,45.38446,2,-2,-1,0,-2,0,7685.1484,116259.09,20245.422,8887.492,14346.272,4089.1172,34100.242,1523.5509,6498.189,-2828.8462,3171.7327,4012.1594,0
113275.52,1,3,3,45.72478,0,0,0,0,0,0,7297.6055,113406.34,71194.02,6009.125,9596.687,11957.441,-4029.1296,2725.0425,5919.8115,1908.0793,350.25525,6226.44,1
117545.11,2,3,1,29.021189,2,-2,2,0,0,0,-29719.906,10914.67,18480.549,-1030.8674,17937.842,10754.24,-5.4290395,2787.5312,5397.7314,-5344.1167,3687.9197,195.58116,1
104726.305,1,1,1,45.43969,0,-2,0,0,0,0,-15719.047,6500.299,30871.3,4241.91,21642.525,5944.039,-2736.7527,2579.8174,5910.8354,-2848.8633,980.03723,5803.871,0
103367.35,2,3,3,45.401634,2,-2,-2,0,-1,0,-18376.57,11244.221,26754.271,3228.238,6668.223,7176.211,-3842.241,2737.493,5807.128,-1934.1323,2071.9685,2759.6797,0
127163.99,2,2,1,39.403187,1,-2,0,0,0,0,-25961.352,38727.457,37300.125,1219.5154,14220.519,11998.756,11738.85,2681.1477,7791.8276,-2588.0264,2810.54,4162.005,0
115654.74,2,2,2,25.880325,2,-2,2,0,0,0,-33171.938,4311.5645,16843.004,-1441.262,20550.014,9573.777,604.3195,1599.2008,6756.477,-5383.23,383.08582,2748.7627,1
127533.76,1,2,2,27.040152,0,0,0,0,0,0,184577.52,199754.84,129662.44,117606.445,96549.914,64736.78,-1933.4569,-1566.9415,10001.113,-482.13483,81.0226,-3615.358,0
147753.05,1,1,1,45.122395,0,0,-2,2,-2,0,-413.50766,28645.406,31709.408,8652.527,-2727.1167,3496.996,-4008.9724,3292.7778,7170.8545,-932.1807,-275.42224,7613.715,0
99890.45,1,3,1,43.65518,0,0,0,0,-1,0,-12267.059,17241.469,24919.463,8607.164,6033.7114,3836.9336,-1849.2733,2463.5027,8496.238,-1867.4458,1786.744,5732.519,0
125523.05,2,1,2,27.073927,0,0,0,2,0,0,89100.76,135714.48,116105.484,97049.81,96768.336,33444.004,-2406.056,1009.6918,5868.06,927.9589,1731.3993,5346.2476,1
146949.23,1,2,1,45.345764,2,-2,-1,0,-1,0,-16384.07,27768.756,21513.258,3123.5076,3079.7427,5295.3516,-106.55697,1492.7826,7955.589,1164.7439,2930.558,6814.6016,1
105888.45,1,3,2,28.712881,2,-2,2,0,0,0,34760.844,118295.13,54430.605,11836.611,63235.773,23364.545,5596.4907,1074.6486,7561.219,-1844.6348,3754.1943,1309.2924,1
130892.12,1,3,2,33.878662,0,0,0,2,-1,0,-14009.625,33201.79,29095.322,5024.5117,1331.7233,5242.3906,-3990.443,2758.6196,6465.666,-2156.1006,980.5846,6381.1084,0
132029.78,1,2,1,43.55358,1,-2,-1,0,0,0,-28929.219,52534.633,25882.268,-1691.137,7753.7505,9194.729,10053.121,2078.033,6104.0513,-4082.5854,2228.9124,5517.8423,0
104557.15,2,2,1,24.296204,0,0,-1,0,0,0,-21504.484,43145.227,28976.686,6024.2734,24592.031,12171.947,1329.7094,2162.422,7174.8164,-3092.102,974.5836,4266.9727,1
106235.555,1,2,3,44.197243,0,0,0,0,-1,0,18299.066,120367.516,66968.734,12080.393,12131.067,7298.785,-1516.2782,1658.4628,6726.7754,5651.6772,902.9806,6813.787,0
97835.86,1,1,2,26.636093,2,-2,2,0,-1,2,-22808.727,32270.314,5699.3696,3493.7107,34313.3,8850.602,11492.925,270.74646,10687.944,-5376.694,2441.5005,-18062.383,0
106146.914,2,3,1,45.157642,2,-2,-1,0,-1,0,-18999.133,13872.068,25444.627,3552.777,7277.844,5616.7383,-3270.5603,3778.259,11751.826,357.216,1163.6112,-22567.502,0
144877.64,1,2,1,45.565666,0,-2,-2,2,-1,0,-14867.195,27051.441,33403.477,2811.277,-5694.7495,14669.299,-3269.0789,3217.0852,6501.411,4103.6562,14672.722,-12092.024,1
94517.734,1,2,1,44.47377,2,-2,0,0,0,0,-27819.875,118975.14,77511.78,37619.797,96525.88,59734.945,40418.27,-799.71204,8718.097,-845.89557,5183.639,591.9723,0
106229.44,2,2,1,45.16485,2,-2,-2,0,-1,0,-22234.797,14480.607,26973.887,2712.1287,7461.1606,9162.625,-1916.5643,3065.2014,11840.944,2205.28,2414.8062,-2820.4028,0
119194.05,2,3,2,45.79747,0,0,-2,0,-1,0,-10701.625,17643.512,31560.549,6583.039,-549.3666,4818.4805,-3323.5134,2217.971,6111.351,2029.5356,586.70935,5610.425,0
102572.89,1,3,2,30.743067,0,0,0,0,0,0,17979.604,119356.72,58776.008,16353.678,58037.84,31033.158,-380.45688,1107.5826,7762.3164,2.4691896,2707.2627,3057.291,0
121163.76,1,2,2,39.913357,2,0,0,0,-1,0,143034.77,174196.75,26382.234,3237.3318,7383.5864,8281.236,7954.105,-248.60854,6466.01,-1302.5532,-1231.0902,5063.607,0
123119.16,1,1,1,44.993153,0,0,0,2,0,0,-22962.234,54423.582,47063.766,-2140.6174,20903.26,18818.234,-5630.3223,3083.5894,5009.591,-3027.0947,-927.55066,5330.403,0
103923.414,2,2,1,43.07269,2,-2,-1,0,-1,0,-19700.36,62422.11,24797.701,3613.695,14236.032,11941.176,3534.9377,3062.2498,14453.666,3050.7422,5259.2173,768.9169,0
100701.83,2,2,1,43.79962,1,-2,-2,2,-1,2,-12443.723,5587.494,18450.062,12377.225,58453.086,5395.801,-1130.8314,1073.5775,6821.5444,25218.518,2437.0093,3728.8435,1
111377.516,2,2,1,25.407179,0,0,0,2,2,2,56570.637,127595.97,64088.586,6852.8477,40095.277,17241.88,12038.117,-756.88635,6590.1724,-31.004932,1261.4369,26.45226,0
141931.0,1,1,2,38.361675,0,-2,-1,0,-1,0,-6591.164,19537.152,24678.281,7441.5234,23082.49,17074.934,-5058.841,4167.6113,5281.8086,-1992.334,4058.2195,-48410.22,0
103665.6,1,1,2,35.014416,0,0,2,0,0,2,120286.86,142170.53,117483.38,129442.24,115095.88,89665.17,8754.524,-3311.2395,11271.911,5018.6772,5761.9243,4183.2866,0
140238.34,2,3,1,45.9726,-2,-2,-1,0,-2,0,-990.6327,18422.812,18788.322,12167.662,6122.77,3424.7422,-1682.8373,1831.7382,7565.359,-761.4141,3056.9463,4593.1963,1
131884.17,1,1,1,45.965664,0,0,0,0,0,0,139796.05,153499.94,128536.29,78609.35,81889.49,5033.754,-2213.6292,1934.3346,7918.1475,2313.1248,-684.11414,8011.528,0
82369.4,1,3,1,45.152958,2,-2,-2,0,0,0,-20452.766,2457.8103,13265.831,24025.742,48584.895,21571.436,-975.67706,2426.0798,26585.434,-3662.1108,3021.4893,329.94885,0
128794.08,2,2,2,38.3817,2,0,0,0,0,0,-8930.777,124424.03,54707.824,10863.043,53014.156,47784.445,-5778.1377,3484.3933,22625.582,-687.65436,9145.267,-27093.23,0
97139.29,2,2,1,24.320755,0,2,2,2,0,0,-16699.062,87819.78,33807.254,224.4607,44539.184,20672.178,-589.0618,2300.283,5607.488,-3568.192,767.5582,1541.9689,1
134384.23,2,1,1,44.6685,1,-2,-1,0,-1,0,-7200.3945,22865.943,24693.703,9779.07,-81.93689,4366.336,-2389.7659,2690.3179,7144.451,675.0976,1107.5199,1479.8898,1
101561.055,2,2,2,24.615114,0,0,-2,0,2,0,-17538.11,5580.6816,24391.111,10318.289,44127.203,14479.131,-2263.0784,1180.4547,19577.877,-3783.8032,815.70154,4014.8274,1
111129.555,2,2,1,44.701523,0,0,0,0,0,0,7461.5586,121063.06,92855.73,30420.686,98212.375,51930.8,-2272.0515,2324.3318,8446.132,352.80878,14923.724,4526.2583,0
96798.77,1,3,1,33.82969,0,0,0,0,-1,0,-2400.9763,55103.555,20741.955,14097.047,20515.201,10050.705,-493.15756,1455.2921,7033.1587,23473.459,3037.4265,4902.188,0
124280.23,2,1,2,43.329285,-2,-2,-2,0,2,0,-17498.078,243.36505,23339.506,7991.203,8725.659,6667.328,-2888.0808,1507.3265,6407.834,-3149.7505,1227.9064,4801.124,1
151145.23,2,2,3,44.636715,0,0,0,0,0,0,181506.1,180879.45,133577.14,184643.94,108132.0,104552.57,-3887.2136,-558.0895,11150.121,2784.9653,1448.2867,1744.7372,0
102536.47,1,1,2,36.802765,-2,-2,-2,2,-2,0,-17478.078,29593.717,21757.656,-1216.9182,52212.04,19427.094,694.7077,2600.356,20008.072,27017.2,12112.97,-26216.355,0
109104.945,2,2,1,32.970276,0,0,0,2,-1,0,73988.15,132313.05,36107.984,7124.9375,1141.9733,5720.5117,-3090.4368,2273.8948,5894.0312,1343.1299,-1032.9706,7342.409,0
121356.74,1,1,3,45.12456,0,0,0,0,2,0,-23121.469,41559.23,46568.543,2100.5427,14062.167,17083.938,-6142.001,3251.1208,5139.201,-3873.9102,-1610.5853,5506.221,0
114377.16,2,2,2,25.524626,2,-2,-1,0,-1,0,-19494.016,19691.227,13629.132,7307.7227,16614.098,5645.926,5878.8154,1313.0924,6816.2725,-3411.1265,2371.2312,3926.5706,1
143802.05,2,2,1,25.595,1,2,0,0,0,0,185085.34,190184.55,128089.55,88212.5,95701.74,73089.914,-3824.11,285.6239,8677.544,551.5588,1218.1561,4562.973,0
99930.49,2,2,1,45.88693,0,0,0,0,-1,2,22013.457,119204.37,69855.51,17960.623,6861.9653,3281.7266,1883.7965,681.8602,7518.7427,2640.3127,1589.5111,7121.5913,1
113657.16,1,3,2,43.318707,2,-2,-2,0,0,0,-18071.297,3394.2556,6429.5024,18389.135,88309.125,55082.926,-971.1346,1068.5446,24946.668,14128.124,4627.0596,707.5502,0
154734.72,2,2,1,45.742702,2,2,0,0,0,0,150622.02,155229.33,131714.23,146913.7,101158.164,97902.195,-4197.419,1679.6945,11195.063,4446.371,2616.229,3426.1914,1
151725.78,1,2,2,44.663944,0,0,0,0,0,0,154756.5,164580.7,95296.26,110805.84,102843.125,111392.3,3602.3274,607.25867,11173.569,1963.259,63696.566,-9495.381,0
117795.58,1,3,2,44.783104,2,0,0,2,-2,0,-24222.43,28767.178,34503.867,-3480.1057,4399.43,10716.57,-5850.125,5807.916,3957.474,-5909.224,-464.10095,4288.7295,0
136110.42,1,1,2,39.428616,2,2,-2,0,-2,0,-12453.824,14221.529,18424.559,5686.254,7855.102,5172.2734,-3893.1052,3249.668,5860.9185,-3905.1016,2215.5913,4770.7754,1
121908.16,2,3,1,45.465004,2,-2,-1,0,-1,0,-7731.2656,32524.54,19735.645,7955.414,23748.23,6237.336,-995.5457,3114.8428,6466.165,15559.743,3766.0173,-33.38075,1
144125.4,2,2,2,45.24231,0,0,-2,0,-1,0,-11112.07,46173.715,44779.363,3446.7341,-1512.3705,6181.588,-2958.0286,3485.7808,11843.796,3442.5698,1459.9435,4898.56,0
115686.93,2,2,2,25.456293,0,0,0,0,0,0,88443.6,136468.45,120391.16,113419.4,98498.266,84247.43,-2351.5994,2164.829,9250.392,2665.023,1401.131,-21994.14,0
126873.805,2,2,1,45.12982,2,-2,-2,0,0,0,-19877.523,33705.125,29863.998,3950.5193,11703.239,14622.92,471.75797,3071.2444,5479.133,900.4389,5903.699,2930.6892,0
132004.08,2,2,1,45.24458,2,-2,0,0,-2,0,2163.676,85228.266,117824.2,13206.232,7122.856,2532.0117,20722.217,-2415.6086,7023.922,-813.68317,3039.6802,5951.584,0
105895.47,2,1,2,24.856468,2,0,0,0,0,2,74890.23,105574.63,45136.867,10338.361,51088.227,27358.686,-1043.9652,2001.9642,9430.302,449.27777,1827.1285,2435.1902,1
147904.69,2,1,2,42.158203,0,0,0,0,0,0,152299.81,170854.27,136415.1,180442.4,105854.48,103220.0,-5069.092,1372.0392,8936.085,-557.1978,3829.9592,-41854.992,1
90923.69,2,1,2,25.571196,-2,-2,-2,0,-1,0,-24818.203,-2825.8303,14183.315,6697.508,21580.396,10402.098,536.9128,155.7772,11338.102,731.1911,7880.3394,2798.9153,0
114386.6,1,1,2,38.12605,0,0,2,2,2,2,109986.63,140697.95,111057.22,138911.55,121185.445,95672.49,6222.548,-4569.8984,19179.39,-3781.9985,11573.998,2566.4946,1
135303.16,2,2,1,44.16066,0,0,-2,2,-2,0,-8972.168,91072.43,32253.0,7854.129,4735.395,4765.7656,19827.062,3086.312,5775.654,4101.421,1680.777,6643.9395,1
115841.89,2,3,2,45.660305,0,0,0,0,0,0,68243.805,133674.31,116554.875,86144.86,87261.96,67005.42,-3697.612,1607.1481,7731.7607,1437.3962,977.7416,981.0802,1
133986.55,2,2,1,46.386356,0,0,0,0,0,0,205644.3,205192.3,137215.06,211239.4,138793.97,113285.41,480.59537,-3118.0188,43901.613,34873.184,12179.678,-25652.758,0
111280.84,2,3,1,45.335617,0,0,0,0,0,0,57520.848,71199.836,38619.215,6436.9688,21930.764,18728.879,-3950.115,3404.1897,6132.5913,11397.226,673.4247,5541.8096,1
112917.28,2,3,1,45.617382,0,0,0,0,0,0,-9957.789,94687.89,56336.312,6116.547,26254.47,19348.787,-2180.8518,2969.334,6405.0747,-1108.0142,306.4198,5369.586,0
148930.69,2,2,2,25.42191,0,0,0,0,0,0,169471.55,159666.72,134026.81,174413.05,104461.43,63467.523,-1147.6327,-558.07776,10933.795,3512.1162,51848.836,2513.2312,0
154813.55,2,1,1,43.977222,1,2,0,0,0,0,-7590.3867,53120.15,41057.0,772.54663,13218.573,16061.811,-5181.6084,4717.445,9199.3545,1061.3857,3682.4329,6808.456,0
144655.36,2,2,2,24.908281,2,2,0,0,0,0,167282.94,173873.31,130485.92,181066.48,111492.266,110871.77,-4037.0437,-45.32435,14168.463,4050.5076,5697.765,-1500.9178,1
106256.24,2,2,2,44.83163,-2,-2,-2,2,-2,0,-25030.04,6764.955,25715.715,1560.7654,29426.379,7359.088,-3716.1833,3219.0063,5346.2485,17216.111,-311.13806,4316.6616,0
142612.62,2,2,2,25.709484,0,0,0,0,0,0,24485.857,120702.22,82294.47,131498.62,106032.7,20454.365,-3631.0613,5088.774,24665.418,-2456.3423,1811.8019,-48503.777,0
107331.57,2,2,2,24.30727,0,-2,0,0,0,0,-26203.102,1068.4393,31426.734,1463.2107,39483.707,18630.846,330.9108,1315.7206,7030.8,-1815.3008,14659.826,3773.6787,1
120210.59,1,2,1,44.011948,2,-2,0,0,-1,2,-10985.254,35615.977,18042.691,10971.055,11182.292,4913.7305,4208.1426,2360.353,6652.6753,3182.7737,2220.198,3696.4092,1
141862.55,2,2,2,27.737476,1,-2,-2,2,-2,0,-14503.859,15919.115,25080.234,5998.9844,4737.196,5105.242,-3124.6086,2935.5938,5803.1265,-2909.2163,1428.2352,5750.2524,1
107338.87,2,3,1,40.5589,0,0,0,0,-1,0,-13525.305,37293.76,30003.543,8183.1445,2142.5903,5949.3867,-2235.298,2883.2163,6543.463,1643.0093,2952.6577,6921.1675,1
147453.44,1,2,1,45.246956,1,-2,-2,2,-2,0,-14067.453,24163.371,41607.734,663.4568,-3328.191,6638.246,-5702.1045,5646.074,4824.523,-3693.2861,-2934.4456,-28931.86,0
137839.12,1,2,2,31.56081,0,2,-1,2,-1,2,-25638.656,16646.783,15426.8,2617.8357,22310.588,13415.01,-1767.1078,1309.6571,6090.9854,10327.918,1839.1434,-20885.582,0
131600.5,1,3,1,45.068153,0,0,0,2,0,0,-23641.812,17241.547,37246.617,-1438.2776,4666.8286,10265.219,-4783.335,2909.4766,4699.4194,-3983.6392,2023.8605,5140.0293,1
125959.234,2,2,2,32.554497,2,0,0,0,-1,0,-25692.71,57528.25,37076.715,2305.7927,16572.092,10266.406,730.00507,2342.61,16408.543,3622.818,1513.774,4840.999,1
117176.12,2,2,1,45.31411,2,-2,-2,0,-1,0,-16408.586,10181.795,20824.56,5389.883,70625.6,8098.166,-2904.3909,2052.8123,7696.3667,28764.139,5600.4824,-65.891495,1
150421.8,2,2,1,45.659798,0,0,0,0,0,0,5719.2617,120475.984,81145.81,5144.4453,-1496.14,4354.0938,-4093.2185,5192.951,6209.6753,33.68745,-3250.2205,-27203.137,0
116280.62,2,2,1,45.18937,0,0,0,0,0,0,4260.797,32011.258,50333.816,913.2068,-1474.1283,8152.3984,-4629.17,3608.8274,7381.312,-3665.8042,-2953.4875,3856.4133,0
108880.016,2,3,2,31.308952,0,0,0,2,-1,0,-22967.023,23938.117,32325.24,1228.2927,5505.473,8738.486,-4348.2373,2481.8782,5328.327,589.6557,-165.41246,5977.457,1
127628.055,2,2,3,45.402225,0,0,0,0,0,0,-16396.148,22888.633,47758.574,2366.3396,-1957.2689,6589.1484,-4514.247,4061.6147,6319.386,-3324.226,-2674.1116,7706.0186,0
113296.77,2,2,1,43.886757,-2,-2,-2,2,-2,0,-21812.5,26041.701,27566.09,1876.9294,30295.64,9599.805,-877.3494,3564.789,7480.03,18258.447,4740.951,977.7272,0
100282.375,1,2,2,41.86247,1,-2,-2,2,-1,0,-21651.883,1440.076,15111.202,5816.711,81558.195,51470.402,-4047.7175,-108.83753,6374.5615,32408.266,2674.9646,2489.6602,0
105085.92,2,1,2,27.334719,2,-2,2,0,-1,0,-28187.922,761.74005,17011.453,2899.9412,16969.973,12670.662,-61.987633,1297.2365,6419.418,-2831.8418,10018.547,2853.9312,1
109410.18,1,2,2,26.987995,0,0,-2,0,0,0,-3522.16,-2717.428,8457.913,9395.902,110266.38,81957.24,-3954.3904,-2403.571,9627.753,41269.402,4569.6035,236.83849,0
145495.55,2,1,1,26.649557,0,0,-2,0,-1,0,201128.5,20746.002,33794.902,12925.17,-3665.9019,3264.9922,-2850.8416,1253.9149,8099.3535,2095.7026,-146.94908,6917.9233,0
145542.56,2,1,1,45.812298,0,0,-1,0,0,0,23456.031,115322.36,82949.18,39981.1,3394.856,3340.2422,1160.0463,1307.3947,10133.899,15.646436,2284.9246,7181.8647,0
121674.66,2,1,2,28.806753,2,-2,0,0,-1,0,-14037.203,12439.475,16816.705,8856.152,46197.6,20778.734,-187.9559,1529.341,6231.3394,23812.52,2681.2188,4125.91,0
141594.55,1,1,2,30.080082,2,-2,-2,2,-2,0,24937.629,24424.059,21435.215,4379.992,3139.6997,5906.5312,-3898.4148,3335.7358,5534.3467,-3841.276,1732.3214,5730.6553,0
136575.1,2,1,2,31.382837,2,-2,-2,2,0,0,-23520.875,36859.895,25185.508,-245.68384,31460.59,18589.1,-305.26694,2344.2654,5149.545,15997.59,3371.6394,1762.2115,0
131208.7,1,2,1,45.538746,0,0,0,0,0,0,74891.76,126553.44,71475.555,3732.7498,101361.805,52636.246,-1801.5385,804.2201,7419.7524,16616.223,25532.266,4740.852,1
100063.445,2,1,2,25.032188,2,-2,-2,0,-1,0,-26108.227,5426.127,27089.34,1526.4373,14331.394,8998.443,-1856.3851,2534.7488,7546.4946,-713.0777,878.4132,-25186.496,0
124827.31,2,3,1,45.034428,2,-2,0,0,0,0,-24821.883,4816.9824,29709.074,889.25366,13423.614,8501.58,-3192.2888,3276.416,9004.708,-4345.5767,1332.0956,3791.8467,1
145199.92,2,1,1,31.448788,1,2,-1,0,-1,0,-896.3124,54451.695,22697.701,11734.371,51.96545,3835.4922,-2458.9133,2228.099,8785.985,346.77948,1344.7894,7076.697,0
115264.44,2,2,1,43.976383,2,-2,-1,0,0,0,-16759.758,20971.336,29599.92,4011.988,9998.897,5520.258,2406.1538,2728.806,6035.681,-3403.3096,1311.3058,3538.9207,0
101680.484,2,1,2,25.758665,1,-2,-1,0,-1,2,-15695.25,3919.4236,12462.89,11306.406,19913.531,6249.6445,2329.3757,-145.7682,7321.115,-2211.6392,3904.6,3251.49,0
143908.9,2,1,1,44.525597,0,0,-2,0,0,0,160958.53,178799.83,46986.656,2178.8513,-2181.7104,20717.896,-3604.8826,1035.393,8661.898,-3390.5967,13451.004,-6431.796,0
118548.0,2,2,2,31.757444,2,0,0,0,0,2,-24760.516,15315.533,41967.637,1061.2771,8409.825,12407.191,-5826.256,5178.673,5221.2217,-3399.441,-2935.0442,-30942.984,1
132698.02,2,2,2,37.671,-2,-2,-2,2,0,0,-27676.79,15068.033,4852.4907,2915.5662,23625.754,99233.91,5119.0464,2131.3994,5095.3223,-3465.267,61289.16,-8028.675,1
120836.52,1,3,1,45.5241,0,0,0,0,0,2,130685.64,140808.77,117097.77,127085.3,111649.836,79093.56,2832.3977,-923.20325,10999.204,5160.694,4209.4014,2523.9163,1
112985.836,1,2,1,45.7234,0,0,0,0,0,0,64406.895,128476.53,109399.1,8926.387,26466.896,18552.672,-1730.7079,2009.4213,11442.84,2959.025,692.22327,4538.708,1
105541.734,2,2,1,43.77662,2,-2,-2,0,0,0,-27403.438,-2444.346,18026.43,9289.945,58281.66,7999.6953,-2998.2366,2513.1548,25023.174,-3594.0576,465.91077,-543.7689,0
150854.53,2,3,2,45.28488,2,0,0,0,-1,0,-6555.715,36462.066,31979.24,5855.4766,4913.3247,7212.7656,-3747.0457,3310.567,9100.601,1825.2576,499.19153,5189.9805,0
125520.18,2,1,1,45.332798,2,-2,-1,0,0,0,8488.098,11826.799,45073.117,4887.965,2338.0474,6386.5996,-3016.9602,2859.1436,5660.1025,-2970.8667,861.96277,6709.308,0
107706.53,2,3,1,45.66991,0,2,0,0,0,0,62322.027,127662.59,88877.8,40443.477,65280.055,36883.47,-2910.1077,2964.8418,7517.6396,809.36957,2309.193,3871.2014,1
110733.32,1,2,1,45.424835,0,-2,0,0,0,0,23029.535,123863.89,58322.22,7431.508,58762.637,29734.19,33256.85,-345.6383,7850.926,-76.372116,1946.7819,3518.1038,0
133517.56,2,1,2,45.596813,2,-2,-1,0,-1,2,-5440.6406,55674.086,17324.986,10193.363,25970.412,10798.414,14974.315,540.7245,14266.913,11315.848,3623.16,2623.7217,0
122304.56,2,2,2,45.538383,-2,-2,-2,0,-1,0,-18483.922,-2065.428,21584.531,6679.133,49875.766,5226.133,-1292.9774,535.07214,18343.562,23989.738,1309.768,5449.2676,0
105820.36,2,2,1,44.900898,0,0,0,0,0,0,-15600.0625,21948.215,26705.955,11214.5,34315.34,21252.512,-3671.618,2681.0364,32412.838,-2677.5444,2295.4114,3354.4375,0
124702.12,2,2,1,45.078354,0,0,0,0,2,0,-12838.57,38107.582,39427.926,8378.633,2055.4849,7412.9746,-3548.3914,3795.735,6404.8237,-210.81596,-2414.431,7471.073,0
108102.914,1,2,2,44.048542,0,0,0,0,-2,0,92416.69,125280.086,33380.477,8133.0234,3592.1802,4613.3203,-2351.8328,2017.9596,6066.5137,-2398.3682,-15.607774,6827.468,0
130664.52,2,1,1,44.52042,2,2,0,0,0,0,143357.64,158085.27,122827.82,145507.97,102055.805,94598.65,-4648.8154,2697.2114,17100.543,2195.6077,11782.733,-2286.6104,1
109037.05,2,2,1,25.835846,2,-2,-2,0,0,0,-24127.5,11836.561,20301.688,4635.1914,31946.805,11815.199,3646.3677,2376.116,19103.564,-558.462,1482.5817,-962.26306,1
155983.3,2,1,2,27.21322,0,0,-2,0,0,0,188533.36,199256.5,152673.17,237970.89,148017.61,124492.13,21771.459,-3261.5403,19929.334,2812.6777,26716.941,-329.8319,0
118584.65,2,2,2,35.12478,2,-2,-2,0,0,0,-30675.75,17406.486,26564.07,-2447.6877,26517.799,26272.52,1380.0402,1880.3512,19845.285,-264.95026,17408.574,-21915.455,0
82830.42,2,2,1,27.078157,0,0,2,2,-1,2,2673.84,84208.13,28604.547,8611.887,50295.89,22579.008,4139.8545,311.41687,7393.5034,-2868.9756,2833.6545,4249.2163,1
126778.34,2,2,2,40.36842,0,0,2,2,0,0,139198.84,166602.12,131452.2,169862.0,106185.02,100082.23,7971.3857,-1912.421,6034.637,1933.9897,2550.344,310.43274,1
115947.69,1,2,1,45.609783,-2,-2,-1,0,0,0,-5303.3203,-133.70917,125028.07,9670.23,7535.026,2394.0664,-638.26984,-6612.2295,8187.925,3776.867,3309.5054,5127.2773,0
88379.555,2,3,1,32.51634,2,-2,-1,0,0,0,-17463.75,45247.61,17880.338,8169.1445,26208.9,9264.121,9126.708,2335.9346,5643.1,1877.467,2878.1748,3250.1377,0
107960.54,2,2,2,24.592876,0,0,-1,2,2,0,-12339.387,98893.4,38184.12,3582.828,51957.332,28320.785,-1335.555,915.3739,8927.817,1497.0105,-218.99205,4730.344,1
109758.78,2,1,2,25.23179,2,0,-2,0,-1,0,-13485.484,15357.951,24177.488,6544.3984,10419.095,6326.492,-1583.1317,2330.8245,7043.548,-3745.394,1475.3463,4845.308,0
150106.11,2,2,1,45.43826,0,0,0,0,0,0,192053.6,188883.45,133907.5,206295.16,108072.59,102877.88,-2085.931,-1282.9689,15285.218,3119.0264,24522.91,2981.0083,0
129931.84,2,1,2,36.44819,1,-2,-2,0,-2,0,-16866.648,6017.748,23612.201,5850.9766,6887.5786,6541.7656,-3523.615,2246.732,6185.591,-3530.6816,2352.5115,5133.188,0
114898.39,1,3,2,45.211185,0,0,0,2,-2,0,-17753.977,53496.805,34985.23,-930.7229,-201.08533,7593.162,-5264.826,4107.1245,4587.9736,-4504.0737,-1273.5282,6408.937,0
98582.88,2,2,1,27.097004,0,0,-1,0,-1,0,-14891.516,16306.072,23425.078,11160.611,9725.718,4216.1562,-481.05307,1330.0543,8862.667,-1256.6909,1067.1364,5951.6055,1
124804.8,2,3,2,27.125608,2,2,-2,0,0,0,-23797.805,13144.139,23626.066,1365.7224,15203.444,9204.861,-3652.3376,3128.681,8475.879,-4835.3013,2663.2844,489.88538,1
108520.85,2,3,2,42.93227,1,-2,2,0,0,0,4569.7773,124253.31,70906.086,-775.1018,29404.727,19546.836,-2987.2087,3392.562,6579.293,-2127.7827,778.75745,-23829.734,1
111624.664,2,2,2,45.439644,0,0,-2,0,0,0,-10353.727,88699.98,40246.03,4218.0547,1285.3326,7275.5293,-2821.2913,1688.5895,6025.776,-2451.5054,-222.74205,7957.244,0
108994.234,2,3,1,45.08,2,0,0,0,-1,0,-24154.922,11958.803,32584.18,2057.1755,5108.2896,6758.959,-3904.241,3619.0127,5202.747,-2738.941,-289.5868,4657.359,0
131296.66,2,1,2,31.259872,2,0,0,0,-1,0,-16322.125,21968.457,30553.121,5508.324,3295.2231,6115.5645,-3671.612,3390.8604,5365.852,-2450.1953,227.32875,4281.816,1
97211.37,1,2,2,24.90616,1,-2,-2,0,-1,0,-28301.805,-44.09979,12365.421,4383.6406,18640.4,6882.5234,2532.2354,491.3744,8985.343,-3570.06,1838.7379,2802.1719,0
116988.375,1,1,1,45.27083,0,-2,0,0,2,2,116369.86,30051.658,22087.39,8894.211,18078.396,13200.4,6024.1714,1221.8553,8965.981,-2370.2412,2758.5542,6082.9966,0
143499.8,2,2,1,36.506435,0,0,0,0,0,0,160555.78,162764.61,110699.914,27430.047,27950.535,17264.172,12.330237,844.4335,7989.8877,-671.4278,879.4696,6467.261,0
97314.41,2,2,2,24.630447,2,-2,-1,0,-1,0,-22903.625,4567.459,17557.008,4944.258,12090.7705,5702.5195,-1469.7128,2381.09,5722.1196,-3148.0557,406.06995,-19094.97,1
153917.56,1,3,2,34.18841,1,-2,0,0,0,0,-11223.492,58869.586,27020.562,3887.3435,5955.9497,9822.77,2198.2393,1990.4742,7224.579,-1017.2579,3517.6162,3785.2175,1
123792.69,2,2,1,43.718334,2,0,0,0,0,0,26892.332,124463.89,93407.97,42908.332,76652.266,60306.21,-1722.2699,2458.6675,9747.161,1069.5364,3934.9404,1391.3168,0
99768.63,2,2,2,24.732473,0,-2,-1,0,0,0,-19264.047,-799.4357,18211.549,8008.6094,15574.19,6061.0703,352.507,684.058,7386.9326,-3353.2607,1766.0592,3866.4856,0
139549.62,2,2,2,45.10508,2,-2,-2,2,-1,0,-19029.438,13617.912,27826.594,2462.7615,1995.7897,6574.924,-3772.6511,1763.0519,5350.126,-1265.3843,-62.812363,6653.4204,0
132093.9,1,1,1,46.00885,0,0,0,0,-2,0,150363.16,157898.4,132379.81,12199.484,-105.202515,3356.9023,1953.68,2032.9176,6640.3203,-1065.8896,789.3124,8227.762,1
111817.56,2,2,1,45.182602,2,-2,-2,0,-1,0,-24614.219,71084.54,26239.416,2240.2458,7211.4966,6930.828,15956.224,2232.4565,6918.3594,-1321.7012,1076.5941,-16101.872,0
135179.62,2,1,1,46.743855,0,-2,-2,0,-1,0,16263.512,34302.484,6033.0728,8957.383,104370.0,4058.9805,-3366.8552,-940.16565,8097.879,48333.195,4159.819,-392.69617,0
122152.18,2,1,2,31.044893,2,0,0,0,0,0,-28088.75,58352.08,47367.54,-1865.6956,30081.262,27041.734,-4341.2,4289.24,7807.746,-2951.0933,-124.68248,-20724.8,0
104588.11,2,2,3,31.571474,1,-2,2,0,0,0,10469.977,119503.35,65672.76,4107.7305,26427.002,23800.959,-396.56235,1899.7296,7716.851,-2138.169,1383.6041,3132.8853,1
125874.16,1,1,1,44.427696,2,-2,0,0,-1,0,-21459.305,6730.377,23439.88,3695.992,9804.101,7445.9004,-2662.0974,2233.2798,11887.559,-3446.688,2578.9456,3418.6707,1
135820.64,1,2,1,41.619457,-2,-2,-1,2,2,0,-19813.71,6957.9355,21713.02,4672.0664,5582.1333,5511.0312,-2363.4485,1642.2194,5737.294,-2884.4722,617.131,4875.6577,0
117237.98,1,2,2,24.824034,0,0,2,2,2,0,87341.766,138920.11,110247.63,4471.957,61545.55,31582.38,4110.5522,-1210.6061,11303.482,-3642.252,949.527,2229.2927,0
125403.66,1,3,1,45.482124,0,0,0,2,2,2,128512.03,148081.77,120022.64,140397.8,113708.14,93158.29,-1426.6024,-1527.3473,13372.735,1657.3503,2215.6648,1212.0116,0
99965.44,1,2,2,24.77458,2,-2,0,0,0,0,-28681.906,37832.477,17694.28,2044.5583,30935.98,10281.689,9104.695,901.08484,5882.0396,-4310.8306,814.6647,1010.14294,0
107130.7,2,3,1,43.482117,2,-2,0,0,0,0,-26637.742,32347.676,26691.145,717.406,17825.695,8739.434,2731.9922,2875.1257,9547.308,-4089.1196,1426.5267,3542.125,0
138989.27,2,2,2,45.37654,1,-2,-2,0,-1,0,-15738.117,3529.7947,27226.326,7107.996,1688.5006,4180.633,-2402.1033,1363.452,6987.7734,-915.18317,815.46936,6944.1265,0
103323.555,1,2,1,45.58542,0,0,-2,0,-1,0,-16133.445,5975.244,28593.795,8783.242,11326.683,9110.916,-2476.012,2272.266,25438.27,2981.1602,4787.9663,-9070.328,0
110112.516,1,1,1,41.7305,0,0,0,0,0,0,-19879.664,21921.723,34008.35,4647.914,4445.149,7295.367,-3782.7566,3266.6326,5595.7773,-2993.835,-246.77672,2495.6975,1
97771.06,2,3,1,45.96711,0,0,0,0,-1,2,951.7345,67654.31,34300.7,11309.197,7563.555,3701.2031,380.6403,1451.6879,8587.994,1022.279,2357.0688,5936.7686,0
155962.34,2,1,2,45.117615,2,-2,-2,2,-1,0,96.33608,94612.34,18417.54,8343.418,14359.282,6089.5703,27527.64,-383.02844,6634.9536,7071.063,1996.5026,7144.7617,0
117758.92,1,1,1,45.49421,2,-2,2,0,0,0,62785.895,128098.3,98102.625,68348.95,86446.27,62576.664,-1269.3124,1640.8126,12901.627,2475.0283,3095.2468,2274.9802,1
104468.664,2,1,2,25.309,1,-2,-2,2,-1,0,-23880.71,55339.082,16814.436,2988.027,22271.086,15374.65,8405.608,1774.4852,5563.3696,5376.433,1675.309,2874.8833,1
121964.375,1,2,2,30.874517,0,2,-1,0,-1,0,-20919.594,25998.062,20720.316,2805.152,5192.645,7374.1973,-2736.8718,3331.569,6061.488,-3512.5742,1367.1407,6027.3965,1
115515.15,2,3,1,29.629694,0,0,0,0,0,0,141574.06,147032.5,120385.08,137345.58,107516.984,91368.695,733.0495,-37.143196,9365.852,2092.7117,3972.1824,3471.7808,0
114205.18,1,2,1,45.357304,0,0,0,0,0,0,-151.2225,126038.76,77846.78,12535.086,11532.96,6085.365,-3075.8372,2956.457,7308.0586,-1683.1265,-1574.0878,-12404.526,1
114704.375,2,2,2,43.1411,2,-2,-1,0,-1,0,-17224.0,10386.779,18205.12,6442.4414,8308.769,5328.453,11.4728155,2134.096,7706.6543,-2878.585,1509.9696,5364.748,1
116790.15,1,2,1,35.101032,0,2,0,0,0,0,-15746.367,76956.79,33648.242,4787.84,33299.043,21050.713,-979.23175,3086.9011,7049.4004,474.21234,1752.6859,3746.6833,1
153180.83,1,1,1,45.854202,0,-2,-1,0,-1,0,17725.328,32173.871,23260.879,4743.7773,-1475.097,3723.9453,-2977.703,1729.9052,22429.264,-47.50005,1077.1381,-19774.066,1
96317.98,2,1,2,25.017527,0,0,-2,0,-2,0,-12150.449,3619.8064,22271.4,8600.527,10849.884,5661.4883,-2953.4695,2196.2078,6168.792,-3759.416,1993.6674,4904.851,0
101266.055,2,1,2,44.168255,-2,-2,-2,0,-1,0,-24335.125,4798.0996,21975.426,2699.8123,8363.9795,7389.83,-1883.9222,1599.005,10535.279,-3460.017,1429.3646,4501.8667,0
132877.75,2,2,1,31.939484,1,-2,-2,2,-1,0,-22437.914,7391.8105,26034.654,4869.5977,7482.9595,7158.8867,-1694.9257,1606.4371,6108.2095,1257.3726,3057.9832,5776.9966,1
119090.516,1,2,1,45.317127,0,0,0,0,0,0,-18140.86,52989.824,45378.996,2679.1912,4016.2388,7482.6055,-4574.5703,3014.887,5942.5376,-2821.8286,-2588.1746,7679.858,0
145176.48,2,1,2,45.95567,0,0,0,0,0,2,113061.44,131059.95,118817.83,89613.35,86727.59,48085.207,-863.305,81.42272,10054.54,6026.7793,1768.4354,3691.5923,0
144988.9,2,1,2,41.88976,-2,-2,-2,2,-2,0,-13883.602,21282.742,34460.438,658.00757,3060.856,15299.699,-6134.9336,5603.6245,16594.617,-5471.523,-928.68884,-43795.215,0
106588.0,2,1,2,25.014502,2,-2,-2,0,0,0,-24396.258,3985.4119,43484.266,8519.305,23998.04,32178.453,2899.5073,-308.96057,6527.0273,-4695.765,28465.674,2214.3452,0
120212.05,2,2,2,27.283285,2,-2,-2,0,0,0,-27347.555,670.7166,21029.004,2577.867,15489.708,8147.545,-1986.9354,1774.6815,6642.189,-4598.7046,958.4281,2391.276,1
118753.29,1,1,2,41.368076,-2,-2,-2,2,-2,0,-20015.36,8780.432,22547.428,2715.5623,8253.507,6230.6953,-3615.7224,2963.7678,5510.731,-4035.8462,1282.1141,4744.2275,0
141968.14,1,2,1,43.873222,-2,-2,-2,2,-2,0,11677.168,99544.8,37363.934,6914.883,12541.011,5215.2773,708.45917,2041.2069,9608.64,3388.6855,2229.3242,5998.963,0
104182.01,1,3,1,44.135883,2,-2,-2,0,0,0,-22669.281,38090.984,34887.848,129.35913,22444.418,21547.385,1782.3925,2781.3774,5109.869,-4244.5728,13277.347,-20008.404,0
68942.01,2,1,1,46.967754,2,-2,-2,0,0,0,83646.07,21509.377,-52218.91,7905.004,160554.9,93065.85,1540.289,-2907.694,19803.932,84424.695,7387.608,908.8651,0
94353.03,2,3,1,44.933704,-2,-2,-1,0,-1,0,-11003.348,18298.045,17052.748,8195.863,9385.581,4124.797,617.4118,2394.3638,7224.925,-1892.1826,2599.3757,4912.1426,0
118591.97,1,2,2,24.490084,2,-2,0,0,0,0,-31171.14,1439.9862,12830.6045,689.17163,27206.352,8642.072,340.9147,759.162,6400.378,-3957.4229,99.49916,1495.3595,1
146994.16,2,2,2,42.83547,2,-2,-2,2,-1,0,-15240.266,51293.11,27807.514,1922.9099,-792.9291,5438.578,1154.7643,2461.5037,17631.508,-178.42046,423.4989,7191.129,0
101876.14,2,2,2,26.297318,0,0,0,0,-1,2,107458.23,128893.64,104906.02,131341.11,116940.02,86886.97,7322.9663,-3519.591,19080.055,-2902.855,5640.1045,3184.3628,1
117995.01,1,2,2,27.77706,0,0,0,0,0,2,173013.52,155699.14,123924.99,168098.7,113546.24,104487.05,3864.0173,-3450.0618,12632.2705,5627.0913,3622.4348,840.80237,1
114648.586,1,2,1,45.17746,2,-2,-2,0,0,0,-22913.828,1122.6425,26372.863,3988.078,13457.899,8365.623,-1970.9779,1910.9711,11358.568,-3795.7305,2395.4822,1882.2719,0
109981.6,1,2,2,45.158646,2,-2,-2,0,-1,0,-23923.25,13406.646,17944.266,6212.879,18900.299,9699.99,4544.1484,715.7294,6141.513,7031.4785,1417.859,4465.516,1
155222.03,1,3,1,46.334446,0,0,0,0,0,0,197392.66,169657.48,135703.39,165556.16,109946.52,3146.5312,-2326.9968,1974.9276,21734.895,4941.7427,1122.649,8576.305,0
139971.17,1,2,1,45.676937,0,0,0,0,0,0,172806.28,171014.77,129523.78,192977.06,114979.4,104933.76,-1340.3124,-1066.4933,27704.064,3936.451,5242.532,-3189.0454,0
120214.44,1,2,3,45.268906,0,0,0,0,0,0,-3006.6912,125337.03,70987.01,-663.094,17123.195,21208.295,-4693.241,2156.4607,6069.45,-1056.1606,14711.03,6768.9517,0
100492.516,2,3,1,45.129856,0,0,2,0,0,0,36528.156,123525.95,23066.793,9131.426,38741.34,21068.494,-900.2684,2390.7373,29099.309,-2778.357,2402.1313,-4621.365,0
143202.88,2,1,1,37.689625,1,-2,-1,0,0,0,-4905.824,18103.494,22781.793,12459.67,3970.9146,4414.5312,-1733.2328,2400.415,6799.5957,-1519.833,2349.3599,6141.9395,1
124933.83,2,2,1,43.27362,1,-2,-1,0,-1,0,-26490.14,11375.568,28006.092,1475.0623,24063.064,13402.506,-1552.5272,2249.5747,12545.892,12571.9375,9867.898,3496.8787,1
106363.6,1,3,2,45.5072,0,0,0,0,-1,0,97490.336,123330.695,49598.38,7914.6055,1474.653,11380.545,-1071.3793,1315.7699,6275.6396,182.34688,13269.138,6383.276,0
128879.125,2,1,1,35.286953,2,-2,-2,2,-1,0,-16997.477,8652.697,16673.48,5414.082,62253.36,34942.707,-2698.8435,983.80286,6018.4043,27721.744,4033.9648,4886.153,1
130793.38,2,1,2,28.578348,2,2,2,0,0,0,-16915.086,117408.19,29201.129,1985.0583,28954.129,11174.43,18948.002,2430.5664,8796.401,-920.6827,2755.8945,2380.8223,1
144822.88,2,1,2,25.047924,0,0,-2,2,-1,0,-3864.1677,21129.648,26935.895,11001.354,1725.024,4569.254,-3306.1257,1727.4303,6620.431,2519.6135,930.8651,6130.2905,0
107676.13,2,1,2,24.738129,0,0,0,0,2,0,-13253.941,63763.664,33697.926,8120.789,24131.031,15729.559,-2496.9055,2176.7544,7321.964,-3939.37,597.921,3512.3499,0
104897.08,2,3,3,44.56072,2,-2,-2,2,-1,0,-21316.945,18842.79,25513.795,2032.9216,11143.489,9708.828,-4083.735,3026.916,4911.939,-1296.2798,1609.4049,3324.436,1
95833.53,2,2,2,24.985378,0,2,2,0,0,0,7750.9336,118655.04,51360.297,4938.3125,29903.768,14042.309,2719.2825,1571.9271,6904.462,-2947.1646,1959.6825,2843.7012,1
122372.4,2,1,2,30.520119,2,-2,0,0,0,0,-22042.547,17334.918,24601.63,1933.8904,11362.587,8091.1367,-582.60333,2933.033,5431.989,-4946.0464,1195.1188,4257.6587,0
131004.16,2,3,1,45.31447,2,0,0,0,0,0,-17549.648,47995.938,40112.44,1920.0974,7696.0337,9547.639,-4839.5225,5020.171,12430.11,-801.22906,111.52016,1706.9061,0
126934.42,2,2,2,25.90865,1,-2,2,0,-1,0,-23604.469,9503.842,21872.453,3569.3162,12228.45,7453.0176,166.39713,1014.4896,7139.5444,-1467.7993,3412.8677,3751.1516,0
116854.21,1,2,2,26.509537,0,0,0,0,0,0,124319.27,108329.54,68984.9,27650.943,9343.171,5698.6914,1888.817,2270.0098,9220.226,4825.7314,2105.1885,5851.0107,0
94443.98,2,3,1,31.559608,1,-2,-2,0,-1,0,-17902.969,3649.029,19859.584,10235.418,17763.635,5144.59,-446.51743,1911.2635,11331.65,4247.853,3882.6367,3194.2073,0
116254.125,2,1,1,43.695435,2,-2,-2,0,2,0,-24554.312,7749.0566,27388.768,2988.1443,22858.35,13474.205,-1990.6595,2491.024,19019.012,-5020.856,5543.831,2751.4617,0
102015.46,1,2,2,30.859932,0,0,0,0,-1,0,36262.78,122042.89,85019.234,37758.492,12686.765,6401.5664,3728.237,-128.16908,12060.208,-1422.0063,3397.8064,4364.972,0
117386.336,1,2,2,41.66768,0,0,0,0,2,0,-27427.312,16613.656,27184.373,4117.086,25429.992,15051.611,-260.85043,1161.6088,10294.225,-3577.9111,-693.1947,4569.3115,1
101290.305,1,1,2,28.21381,0,0,0,0,0,0,-23487.25,5421.627,27677.617,6894.7305,18994.783,10324.209,-2109.5486,1254.0865,7608.6206,-1545.457,999.76746,4809.504,0
152287.34,2,1,2,31.308178,0,0,0,0,0,0,200921.97,214089.61,144481.84,261763.52,129989.08,125439.36,2769.471,-5944.708,20791.307,3457.0903,7952.546,4738.238,1
130097.35,1,1,1,45.71741,0,0,0,0,-1,0,-9541.496,41248.316,40087.152,3808.281,-1966.9486,5169.8438,-3200.3884,2797.1646,5998.276,1090.3347,-1227.1957,7684.5557,0
114866.72,1,2,1,44.72396,1,-2,0,0,0,0,120547.88,177117.31,98415.22,176293.83,120233.86,110600.66,39608.71,-3817.5745,12344.894,4254.776,11941.201,-6825.1533,1
141534.97,2,3,1,44.913937,2,-2,-1,2,-2,0,-15024.484,23008.72,25798.484,-955.24634,4327.5356,8575.379,-3852.6658,3242.057,4796.6616,-4726.446,1184.6825,5763.828,0
145247.12,2,2,2,25.147371,0,0,0,0,-1,0,142340.38,152530.58,130927.42,49637.17,189.22717,-4429.742,-399.8221,1936.7965,7724.868,115.66475,1169.5231,-26516.742,0
104443.1,1,2,3,26.408752,0,0,-2,0,0,0,-19326.492,12857.83,32029.47,7185.621,25635.516,11156.988,-749.40704,1722.326,19482.912,-2876.0166,1188.6293,4361.2954,0
140183.47,2,2,2,42.91882,2,0,0,0,0,0,56268.56,139308.69,129338.89,176476.64,111812.625,105034.875,37985.68,-6042.4883,13708.352,2280.58,4697.766,-730.91833,1
131039.48,1,1,2,31.57858,2,-2,-2,0,0,0,-17260.344,7649.6035,66989.21,115365.3,105852.64,82752.805,-3557.2312,-3290.345,20115.088,-464.87555,55158.2,-48586.72,1
106099.266,1,1,2,29.576586,2,-2,-1,0,-1,0,-18312.227,5619.0566,11715.901,6720.965,17783.51,6189.91,402.84146,1408.9398,12223.747,-3844.3438,2825.7944,3371.9004,0
139517.66,2,1,2,39.612907,1,2,-2,0,-1,0,-9031.047,33245.97,25654.775,8041.039,4259.864,10208.6875,-3849.3728,3430.8757,9891.246,4098.001,3454.802,3196.6375,1
147211.42,2,1,2,25.548065,2,0,0,0,0,0,184664.61,205500.83,135187.86,208367.66,117818.3,120732.5,-1305.973,-1353.8458,13087.25,1170.1929,5160.58,-7043.244,0
108391.92,2,3,1,45.73566,0,0,0,0,0,0,33296.395,123454.36,97674.945,4911.453,11575.897,19009.361,-1730.514,2440.9011,6472.3076,-806.12506,12990.419,3873.8357,1
130689.63,2,1,1,43.84686,2,-2,-2,0,0,0,-20681.117,60749.24,46577.594,2083.574,23096.727,26883.99,13299.597,1018.7965,6117.519,-1768.6113,45875.156,2571.041,0
146779.84,2,1,2,30.446953,2,2,-1,0,0,0,144617.75,163235.22,127085.56,146176.62,99600.57,7114.8184,5087.342,2156.013,8640.005,2272.6536,1721.3534,6337.4375,1
137880.7,1,2,2,31.418375,0,0,0,0,-1,0,183407.5,150030.25,31932.443,8782.969,165.88733,4395.8047,-1717.8348,-362.93958,7060.646,-684.8101,-512.4491,6861.934,0
136409.56,2,1,1,42.976715,0,0,0,2,0,0,149521.64,163349.69,129893.36,161714.77,103626.29,90909.86,-3283.158,817.24255,5532.2275,1123.6472,2783.4944,61.24425,0
119580.38,2,2,2,27.465317,1,2,2,0,0,0,131459.64,162917.73,124297.61,139378.97,107149.664,93071.266,5320.1074,-635.44495,10433.813,1335.4429,2970.9023,32.353138,1
105635.21,2,3,2,24.228714,1,2,0,0,0,0,-6427.66,105552.31,47379.355,2988.9685,38688.03,22188.08,-4143.1895,3516.9548,5774.643,-3289.918,890.2799,-23853.178,1
92150.195,1,3,1,45.605938,1,-2,-1,0,0,0,-15748.3125,552.49786,52808.254,18132.379,27035.812,12436.896,-1254.455,258.01355,7951.097,-1705.3438,3299.8083,3535.0632,0
150878.94,1,2,1,40.70262,0,0,0,0,0,0,189325.55,173323.08,135242.58,126485.45,85326.766,11916.096,-1104.5619,882.6752,12245.056,3039.6682,-739.97644,8592.503,0
150055.88,2,2,1,23.998129,0,0,0,0,0,0,-18691.242,45215.36,56154.484,697.7029,1562.5983,22547.041,-4567.369,4567.0674,5684.8677,-3117.3657,14429.833,-29372.555,0
93751.52,1,2,2,24.966995,0,0,0,0,0,2,50247.906,119651.61,71264.39,13981.572,35420.047,11562.854,4501.989,-1214.1769,7864.5645,1163.3662,3406.2617,3537.3684,0
95792.12,2,1,2,25.005161,0,0,-1,0,-1,0,-12854.59,7041.4434,21267.908,11857.953,14035.179,6952.0234,-694.2586,1006.56384,7298.298,4043.282,2519.5051,5302.7485,0
141944.45,2,2,1,42.475197,1,-2,-1,0,-1,0,-16652.867,18830.766,23551.23,6664.336,5440.094,5355.617,-1340.5702,2332.6594,7857.153,606.2917,2656.505,5702.097,0
123382.49,2,1,1,45.552563,2,-2,-1,0,-2,0,-11776.281,13394.662,20829.4,7175.0117,8642.353,5616.8867,-2775.574,3480.2258,5910.646,-3625.019,2175.7788,4598.346,0
113067.164,1,1,2,24.174301,0,0,0,2,0,0,-29269.102,6842.9043,24697.451,864.4802,17502.344,8982.4375,-4632.2246,1463.6459,5351.7314,-3000.4556,5.5050197,2882.368,0
90449.695,2,2,2,25.301939,-2,-2,-1,0,-1,0,-23074.29,-3713.7092,12369.483,7558.0703,20602.395,5810.9023,2169.9749,45.751335,8296.207,-2923.9692,1733.3873,3433.4343,0
108057.22,1,2,2,45.260303,0,-2,-1,0,0,0,-14346.48,1018.61505,25010.277,4928.539,22364.123,13209.549,-2101.427,1573.1952,7446.799,-1652.6157,1030.9596,5492.3696,0
142659.94,1,3,1,45.61525,2,0,0,0,0,0,143204.45,149554.69,117208.516,34857.11,8488.417,4274.4062,-1505.9296,2111.4556,11233.765,-927.55426,2000.4154,6284.7744,0
107613.54,2,2,1,39.756237,0,-2,-2,0,0,0,-14811.84,13035.889,36446.33,2610.8591,16815.137,8381.592,-2503.595,3203.658,6481.0527,105.84395,3976.5347,-17871.863,0
69392.69,2,3,1,26.319143,-2,-2,-1,0,-2,0,-17690.492,12129.119,14202.081,8179.535,22103.436,7249.377,3151.3489,2678.8618,9039.849,98.19502,4351.886,929.85925,0
89486.38,2,2,1,38.73564,2,-2,-2,0,-1,0,15087.523,16429.266,-18286.346,2284.4568,25592.08,6960.4727,38616.19,1478.5846,26669.088,-3792.8042,1716.3226,-26410.76,1
98301.086,2,2,2,27.825401,1,-2,-2,0,-2,0,-22858.008,1847.2635,19638.824,6321.328,15692.894,6455.301,-1398.1952,2274.7458,6277.3394,-4128.2515,2074.2673,3744.3264,1
122946.71,1,2,2,43.212936,1,-2,-1,0,0,0,-14748.855,-6065.4785,105120.484,8549.473,12417.179,4235.5156,-2392.703,-14332.499,13371.153,-978.41656,4737.66,6296.8213,0
109778.67,1,2,2,42.374332,0,0,-2,2,-2,0,-19667.79,8417.713,31606.564,3303.406,805.21936,5625.2383,-5055.17,3320.8918,5146.8306,-3820.9526,-1066.099,6682.224,1
146372.23,2,2,3,45.188103,0,0,0,0,0,0,168396.77,167208.02,133819.23,172495.89,91255.98,6723.129,-3222.5564,2700.9373,13114.83,2254.53,526.8319,7604.087,0
127623.97,1,1,2,31.74932,2,-2,-2,0,-1,0,-8150.824,107624.04,7038.6353,7510.9883,20165.166,27119.506,37430.703,-2019.8356,8325.541,240.23482,33141.86,425.27673,0
96703.555,2,2,1,24.85727,0,0,2,0,0,0,-4153.6445,104498.42,39933.61,8210.645,49378.32,23461.154,3406.3079,1123.1971,8194.778,-1054.9214,2011.4576,3268.5886,1
139649.28,1,3,2,36.542706,1,-2,2,0,0,0,-19768.633,16683.164,21479.248,2252.324,11458.019,9045.537,-2789.8884,1642.4196,8978.486,-3721.0332,3105.5515,4360.06,0
103594.625,1,1,2,27.561684,2,-2,-1,0,0,0,-28972.04,13774.85,16234.345,-2668.0823,15321.772,8017.865,-83.98763,3167.6123,5101.751,-5774.932,620.4945,-3483.523,0
107341.34,2,2,2,24.325287,-2,-2,2,0,-1,0,-31199.93,288.18146,8769.862,933.12085,24434.941,7256.0215,3327.332,767.84265,10235.269,-4126.0327,608.32043,1686.5502,0
107273.695,1,3,1,45.22632,1,-2,-2,0,0,0,-21406.328,9931.303,28106.934,1943.2224,6513.399,7173.5176,-3258.1199,2506.0598,5368.87,-3547.4565,1346.3136,5186.041,1
110957.17,1,2,1,33.033432,0,0,0,0,0,0,-21618.89,72664.71,39328.316,3789.3162,16874.574,8255.691,-3586.3933,3472.4275,6072.5415,-2615.1357,-1159.6459,-20056.295,0
145279.69,2,2,1,44.71003,0,-2,-1,0,0,0,196214.02,204284.88,143977.92,244939.31,129630.6,130001.36,-3275.8962,-2667.0217,19457.23,7021.3853,9729.7705,-14138.29,1
153847.8,2,2,1,45.352905,0,0,0,0,0,0,199052.23,200869.47,145467.4,243254.44,127677.27,126337.805,-2463.3962,-2927.7156,16273.581,3085.898,5798.9067,372.9635,0
127508.414,2,2,1,45.368183,0,0,0,2,0,0,37821.37,127654.85,108820.86,56902.86,79962.234,39985.184,-3385.1726,2049.4587,5639.165,1955.5325,79.8976,4232.682,1
92399.55,1,3,1,41.612507,2,-2,0,0,-1,0,-16111.766,42815.33,17562.146,6844.508,15122.899,7655.7715,4377.717,2669.8716,10173.821,535.7028,3306.9512,1679.6786,0
111821.695,1,2,2,45.557697,0,0,0,0,-1,0,2011.5704,119113.055,62861.508,9226.098,5633.0825,5379.801,-612.6263,904.0287,7141.0913,-786.065,569.38806,4079.423,0
126111.21,2,3,1,28.636345,2,-2,-1,0,-1,0,-11452.375,8298.846,15719.849,10922.162,14952.124,4525.367,109.9235,1814.1503,9022.207,-516.31354,3644.926,3997.001,1
106151.53,1,2,2,25.17858,0,0,0,0,0,0,109967.016,138521.25,115845.18,26983.451,14214.476,4822.129,3206.0615,92.88366,9558.949,-2435.3613,2423.1323,5130.6396,1
138415.03,2,1,1,45.406815,2,-2,-2,0,0,0,-10736.785,18503.555,29777.943,6253.664,7922.2075,6642.8535,-2110.8245,2803.6094,12703.811,-3258.2144,1683.4637,5599.068,1
109234.34,2,2,2,44.66273,0,-2,-2,2,-1,2,154982.53,160528.06,125077.64,165115.36,108964.555,93405.125,1015.91547,-3014.452,8116.225,-2429.1455,3532.3608,3404.94,1
118585.75,1,1,1,45.247307,2,-2,-1,0,-2,0,-422.54672,6494.119,107349.94,12825.117,11025.792,2791.086,-1362.348,-3398.2288,7159.4795,-1327.4492,4310.0186,5156.519,0
129062.336,2,1,2,29.76429,-2,-2,-2,2,-1,0,-13193.48,7627.0645,19706.047,8397.895,40834.227,22296.205,-2519.3958,1025.7711,6433.0874,22115.479,2310.1611,3995.4048,0
136356.75,2,2,1,29.705463,2,-2,-2,0,0,0,-24567.055,7297.842,28377.402,2450.6873,7940.604,6783.7734,-2648.5608,3174.779,10412.771,-4169.478,598.0563,-21628.766,0
108419.18,1,2,2,36.47444,0,0,0,0,0,0,21893.445,123107.15,59717.22,7826.742,27326.271,8866.395,-2244.3665,2553.046,7617.0073,-800.20123,206.631,5796.45,0
137476.27,2,2,2,26.954887,-2,-2,-1,0,0,0,-13138.988,12431.596,20216.854,8887.273,10082.294,4568.875,493.95328,1296.1864,8347.088,1420.6768,1838.4645,4798.1147,1
144373.8,2,1,2,29.010435,1,2,0,0,0,0,74195.055,124840.07,99787.375,57717.727,75657.28,51224.81,-3618.2341,1788.9117,8050.725,1406.9458,4319.6465,3435.8264,0
121310.74,1,3,2,25.44337,2,0,0,0,0,0,59488.645,124203.47,76624.01,29226.883,65183.438,37632.266,-548.6346,2512.3042,7636.277,-1058.3862,2923.1575,1654.2933,1
102733.805,2,2,2,23.986076,2,-2,-2,2,-2,0,-30816.336,3411.5642,21770.178,350.07788,14755.358,19475.533,-3297.197,2378.5408,5055.282,-5415.222,11956.339,1845.2382,0
105853.805,1,3,1,45.994392,0,-2,-1,0,-1,0,124918.93,23271.453,20848.158,9589.273,5580.7075,4880.8516,-365.40366,1229.5358,7669.939,5397.062,3894.785,6465.287,1
90119.74,1,1,2,26.20279,2,-2,-1,0,-1,0,-21069.11,54540.332,11886.327,5368.426,16717.79,5823.4883,10627.126,1613.8319,5837.802,-729.9288,1805.703,-18871.688,1
146689.6,2,2,2,41.696503,0,0,0,0,-1,0,-19000.93,22311.809,36130.133,3020.8748,-3609.98,4772.3164,-4646.173,3055.622,5849.294,-902.2515,-1578.1547,7100.359,0
123380.91,1,2,1,45.200542,0,2,-1,2,-1,0,-24041.219,25938.244,31072.684,-733.87524,-251.02673,6691.9043,-4237.8184,3482.6768,5291.736,1826.4868,-276.3866,6250.865,0
141196.23,1,1,2,27.890484,2,0,0,2,0,0,-20809.688,93082.5,60722.43,-124.07055,34874.69,31314.42,-6039.742,4602.2236,4525.1226,-1880.3804,-565.46716,-2855.1914,1
87383.02,1,1,2,28.785873,0,0,2,2,-1,0,29230.47,117367.0,71842.54,16405.986,75003.72,37590.668,3570.0808,-159.52357,7685.1094,180.72481,2416.818,4378.016,1
82361.8,2,1,2,27.54619,0,-2,-1,0,-2,0,-12964.863,6621.549,13384.366,9284.898,14586.642,5357.7344,-594.90704,1840.4076,6658.706,-3691.2373,3160.3733,4162.05,1
115882.18,2,2,2,23.966997,2,0,0,0,0,0,-30481.312,10206.666,26927.404,2918.8748,30715.078,26817.904,-3176.1492,1894.1512,11404.683,-4357.5386,3546.3318,2401.832,0
149541.05,2,1,1,44.964024,0,0,0,0,0,0,202160.28,199677.23,138303.45,232877.34,114677.5,104208.125,-516.48126,-2171.7693,14338.458,3934.0073,2521.04,5877.9756,1
125414.016,1,2,2,45.140244,2,-2,-2,0,0,0,-25830.734,-680.1232,20708.525,16513.64,73410.91,42610.688,-3482.5076,1437.8553,26905.898,-2211.045,2498.3828,1406.7118,0
141942.31,2,2,1,45.856342,2,2,-1,0,-1,0,-5425.0,21115.9,25501.666,10226.836,1729.6412,3963.918,-3257.7986,3503.2092,6818.492,-363.48102,455.24744,6389.947,0
113085.84,2,1,2,40.5831,0,0,2,2,0,0,46837.76,127384.71,100124.62,29933.059,73665.81,42401.156,-2703.6316,1042.0543,5599.894,392.08295,2326.7583,2797.9387,1
144378.16,2,3,1,45.05332,0,0,0,2,2,0,126359.055,148698.67,121187.65,84909.41,85821.445,64351.477,-2909.678,1159.018,8817.59,-2887.6147,2589.2954,3478.5464,1
107045.84,2,2,1,40.96663,2,0,0,0,-1,0,9120.781,61335.793,31878.36,7093.242,37638.39,27717.705,-3557.0515,3726.226,6309.744,18846.059,-21.628769,5533.9536,1
149351.58,2,1,1,45.78999,0,-2,-2,2,-2,0,37117.867,44111.707,33064.234,4963.0703,-6593.437,5908.7695,-2787.908,2911.8535,6795.0244,-1117.0537,2601.8408,8572.353,0
143408.02,2,1,2,45.26742,2,-2,-2,2,-2,0,-10839.254,52718.65,26509.629,2026.8005,634.8639,7080.3066,-733.92804,3701.0244,5258.3237,-4430.654,798.9955,6458.259,0
96160.8,2,3,1,42.78472,-2,2,2,0,0,0,12537.91,132808.39,54238.14,3104.7068,30606.693,13668.344,-60.65902,2457.8481,7249.969,-3000.9634,3626.5454,2440.8928,1
108480.83,1,1,1,39.980446,0,0,0,2,-2,0,10976.699,121704.86,30246.516,6102.879,3510.7114,5375.4297,-2870.7454,3144.9907,5529.9893,-3466.8237,562.70544,5212.2017,1
103643.88,1,3,1,43.98683,1,-2,-1,0,2,0,131995.6,148056.3,106199.1,137728.23,115932.95,89558.81,6748.3066,-1962.9606,6987.3228,-4207.9624,5571.89,-932.7914,1
119780.1,2,2,2,43.4488,0,0,0,2,0,0,-27922.148,56044.438,46801.7,-2783.3127,21635.035,20065.043,-5566.9824,2959.1523,5568.2266,-3210.4404,-2050.4666,4751.0254,1
131455.8,2,2,1,45.066196,0,0,0,0,0,0,-23774.242,45718.2,51303.984,169.30835,9146.653,13017.648,-4562.5605,4919.7217,8665.468,-3.469287,-273.33777,1801.0431,0
108767.21,1,2,1,43.373516,0,0,-2,0,-2,0,-20043.64,29339.105,32514.605,6046.418,6059.067,12181.5625,-2182.7117,2128.4683,6085.4575,-3104.0854,9318.252,6057.834,1
109345.06,1,1,2,28.193186,0,0,0,2,0,0,8681.363,100912.586,50245.48,2081.9607,50615.832,29003.562,-3755.3572,1334.1339,5730.2695,-2113.69,444.338,1647.268,0
139111.33,2,1,1,44.913803,2,2,-2,0,2,0,-16716.016,21512.27,38895.906,4009.5037,2875.1646,11305.664,-5167.4277,3430.8145,7997.592,-3687.4604,6571.19,2977.5942,1
132060.77,1,2,1,42.57624,-2,-2,-1,0,-2,0,-16952.11,17350.076,17169.629,6508.051,9833.298,4457.8086,1734.6266,2614.7644,6346.642,-2701.4893,2244.9397,4942.3633,0
146595.73,2,1,1,46.327774,0,0,0,0,0,0,123829.836,130453.44,115116.06,88103.65,85427.984,29934.45,-2570.1482,2430.7375,28139.582,2427.4143,2913.9998,5335.775,0
94863.234,2,3,2,24.889372,0,2,-1,2,-1,0,-20948.047,26094.059,17478.713,3381.6794,11251.599,8192.373,-2167.3357,3414.7993,5701.249,-4762.816,2710.4404,4469.1484,1
101502.66,1,2,1,38.01065,0,0,0,0,-1,0,-3860.1873,78253.625,24004.602,12624.027,23915.791,13815.973,-157.07895,1533.4918,8630.276,13806.678,1345.4022,5547.2964,0
123027.99,2,2,2,30.788908,2,0,0,0,0,0,121664.16,149878.02,120495.13,135473.66,100901.82,24621.117,-2090.3293,1895.8912,9925.774,1072.8252,521.1293,5246.554,0
100586.984,2,1,1,44.231804,2,-2,0,0,-1,0,-12413.48,25112.193,24109.938,7635.7344,4874.2114,5441.5156,-2702.0325,4011.0571,5773.1123,-1347.1802,828.42786,5454.1313,1
100672.484,2,1,2,24.700382,0,0,0,0,0,0,-18857.852,15162.885,28592.592,6904.621,51626.207,30089.855,-3488.569,1599.4125,6677.094,20950.205,1805.7006,3454.4824,1
112164.555,2,3,1,45.2168,0,0,-1,2,-1,0,-21589.023,25484.92,32279.205,489.9685,11293.804,12651.23,-3763.5447,2507.6558,6926.8237,-1427.7095,688.5609,5174.4683,1
148911.67,2,3,2,33.79344,1,2,0,0,0,0,77952.414,124866.984,90223.82,47172.97,48889.977,29981.428,-4441.1416,3869.8196,13769.925,3854.6963,4186.694,-20564.879,0
94831.25,1,2,2,27.626888,-2,-2,-2,2,-2,0,9307.957,13441.494,18580.361,4732.125,13087.058,6313.8477,1483.9432,2091.792,5795.5913,-3879.1792,1611.3163,4066.3313,0
142780.5,2,2,1,25.446804,1,2,0,0,0,0,183306.48,175385.55,125014.84,181008.12,18650.498,7412.6816,-484.16537,673.32947,15165.844,-525.4151,4699.2817,5532.799,1
112308.62,2,2,2,44.120117,0,0,-1,0,0,0,-22376.29,37244.293,36691.426,1237.3201,7768.0845,11461.119,-2635.8318,2857.4976,5727.0596,-2984.3164,-227.19127,6620.279,1
140497.92,2,1,1,44.953987,1,-2,-2,0,0,0,-15360.3125,4470.9004,31936.76,6284.4805,10309.583,6088.207,-3715.6726,2188.2393,16451.588,-2211.1704,2399.035,5397.713,0
91876.63,2,2,2,25.283648,0,0,0,0,-1,0,37393.867,117162.59,58763.934,15741.223,47560.566,16439.719,2333.837,-350.19836,9230.684,23003.455,3288.023,4368.663,0
142094.56,2,3,2,30.32944,2,-2,-1,2,-2,0,-2032.3866,68635.76,19825.656,4504.3125,4226.6567,6307.4043,8256.131,2704.8574,5434.838,-4321.3335,2600.7554,5258.8525,0
108923.77,2,1,2,43.69706,0,0,0,0,-1,0,-17097.492,9951.326,30026.215,5512.418,1419.6881,5484.5586,-3763.203,2439.3486,7441.5376,-2922.1616,-20.930038,6722.1387,1
150695.81,2,2,2,41.98881,0,0,0,0,0,0,177033.8,192349.6,136190.17,212594.75,118586.91,120990.336,-4126.295,-1311.6144,12383.042,1326.7795,3145.237,-26668.611,0
148917.5,2,2,1,45.87722,0,0,0,0,-2,0,175180.64,173013.34,135994.72,10863.893,-4331.8667,3166.125,384.07193,1971.0519,6877.982,-842.8204,-2070.366,9321.261,0
161394.8,2,2,2,44.410812,0,0,0,0,0,0,156937.36,173523.36,150596.69,172605.25,87489.2,19376.41,-5617.7227,4288.4346,6613.0273,-3188.584,-5879.3896,-54424.566,1
112029.27,1,1,2,39.426273,2,-2,-2,0,0,0,-22259.352,4924.377,18192.129,3459.5427,14420.722,8090.539,-2892.1433,1992.984,7049.0127,-4675.3784,1925.4169,3092.101,0
134646.06,1,2,2,30.01047,2,2,-1,2,-1,2,-24985.96,13230.611,22298.799,104.28492,10337.151,8339.531,-3892.7664,3105.387,5256.1167,1504.8914,493.86462,-22603.238,1
143992.5,2,1,2,33.08045,0,0,0,0,2,0,9949.902,112607.516,60463.64,10593.707,21445.117,5182.4375,-2651.7947,2321.061,6800.8657,-1651.5845,-517.0062,7443.294,0
113934.234,1,2,1,43.064873,0,0,0,0,-1,0,-22759.008,22286.408,30980.049,5295.9375,3600.3286,6711.16,-3079.4246,2726.2185,6174.4775,2958.2207,-887.61707,2114.5771,0
104680.39,1,1,2,34.974697,1,-2,0,0,0,0,-28083.062,10613.604,32017.393,-1747.1448,13496.794,12298.432,-4110.335,2547.4421,8800.758,-3102.4858,3989.7788,473.41443,1
106748.7,1,1,1,45.37204,2,-2,-2,0,-1,0,100477.445,99964.41,12665.343,18257.383,126794.73,44530.098,41365.19,-2033.3185,21278.709,52291.5,51299.445,-15871.405,0
117577.59,1,2,1,41.890533,0,2,-1,0,0,0,166718.08,175784.11,115823.75,169919.4,105334.06,104503.89,5887.037,-848.2145,6955.266,-3496.9888,57211.918,-4811.4766,1
123787.586,2,2,2,44.21026,2,-2,-2,2,-2,0,-20107.383,61236.74,26431.355,-374.1643,4620.395,7729.9688,7399.0806,3510.2683,4828.5327,-5200.182,206.75795,5457.266,0
97769.41,2,1,2,24.752512,2,-2,-2,0,0,0,-21655.156,6806.338,22027.555,4185.758,15857.362,7543.164,-2530.1257,2824.0828,5392.007,-4907.265,1591.778,-1969.1815,0
146375.25,1,1,1,45.253063,2,0,-2,0,-1,0,-12974.199,60490.535,28078.8,4285.168,-1181.4291,7429.7305,7561.856,1518.3441,7766.741,-1974.7632,5979.4707,6724.8535,0
119641.09,1,1,2,34.406227,0,0,2,0,0,2,93626.5,127457.13,97135.1,34145.37,85814.85,43271.71,5645.315,-1539.8229,8829.447,5668.0205,4413.528,4635.8965,0
117850.88,1,3,2,45.53217,0,0,0,0,0,0,76675.89,139009.64,121675.67,56711.766,47539.836,6852.3906,-4425.0625,3972.4526,6338.052,-512.8316,-1306.2401,-28172.232,0
148373.55,2,3,1,45.715176,-2,-2,-2,2,-2,0,-4623.4297,31285.85,30037.11,8013.5586,3870.7036,12138.602,-2982.9182,2903.2273,7858.684,3867.7695,13590.817,6398.969,0
140746.56,1,2,1,45.680355,1,-2,-1,0,-1,0,-11031.102,6745.1426,26121.229,7680.1094,357.64514,4587.25,-2690.9963,1080.6327,6553.187,3028.3442,1740.8593,8006.5864,1
110518.734,1,2,2,24.897293,0,0,0,0,-1,0,-28161.008,2183.7283,23967.365,4484.8867,10120.13,13375.439,-1666.3744,720.9535,7559.8594,-2942.1978,10494.131,2170.134,0
127340.39,2,2,1,34.80829,0,0,0,0,-1,0,52113.035,92093.555,31684.057,9846.789,856.3834,30106.592,-63.70199,1724.3141,6157.8623,2386.9324,32343.69,6071.133,0
131941.73,2,1,1,45.632088,1,-2,-2,2,-1,0,-9270.383,12081.24,30827.412,4992.8164,65179.773,5949.043,-4879.2666,1740.9115,5840.5767,24013.367,-133.10826,7449.028,0
110088.7,1,2,2,45.084095,1,2,0,0,0,0,35809.17,124404.305,39784.043,1900.8826,79752.516,48169.61,-3658.278,528.3612,7457.3623,30486.895,2300.6802,2487.7795,1
125147.23,1,2,1,44.109688,2,-2,-2,2,-2,0,-23723.148,8724.455,26701.53,986.67163,6446.723,9011.557,-4324.95,3282.2583,4784.005,-4446.2026,2744.881,5115.4243,1
106188.34,1,2,1,44.491074,0,0,-1,0,-1,0,-15017.6875,91740.086,39666.535,5733.965,8321.993,11393.684,1864.5568,911.21423,7818.085,-1259.5977,10093.127,6053.0347,1
121121.76,1,1,2,34.15827,2,-2,-2,0,-1,0,-8953.3125,11558.639,18608.73,4012.2458,23510.979,7109.8105,-3084.3264,2454.3384,15013.924,11871.087,1851.1241,-13112.624,0
122680.04,1,2,1,42.67313,-2,-2,-2,0,0,0,-24778.164,-4030.2092,23037.318,5697.0312,12676.687,5488.7227,-1095.0096,1094.4445,6627.7314,-2591.3452,1079.8966,4542.185,0
105864.15,2,2,1,24.97682,1,-2,-2,0,-1,0,-23915.969,44291.93,20297.736,6694.4805,17612.846,5804.883,12170.393,1304.0648,7231.4727,1739.7075,2189.4707,3963.683,0
119831.766,2,2,1,45.51749,2,-2,-1,0,-1,0,-14759.977,13525.041,23852.578,7149.4805,6294.028,5059.043,-1793.3436,3002.4197,6707.447,306.95404,1065.8727,1079.016,0
109140.96,2,2,2,25.897219,2,-2,0,0,-1,0,-27331.562,14539.51,25568.95,2439.7537,10268.325,18957.162,155.1647,2498.2505,5390.488,-2087.4116,12981.06,4154.0093,1
110776.74,2,2,1,45.361385,0,0,-1,0,0,0,-6847.2773,116607.8,58409.72,5159.25,29847.846,19311.957,-651.638,2096.592,7090.3833,-1242.0298,-134.70348,6038.608,1
143302.31,2,2,1,27.479372,0,0,-1,0,0,0,186297.73,189106.48,134571.06,208263.73,112958.5,111835.5,3092.881,-2137.11,16792.06,5205.7046,5138.026,239.0963,1
142974.03,2,2,1,30.954153,2,0,0,0,0,0,166168.34,173896.83,128710.25,129631.47,105034.01,83007.74,-2187.1511,1181.2252,25277.68,1689.8325,2130.9724,2041.5634,1
100494.69,2,2,2,25.323704,0,0,0,0,0,2,22622.754,114052.09,49330.93,13949.66,71416.695,34244.492,5765.9595,-1228.713,9359.287,2135.4404,3788.967,3405.631,0
135130.39,1,2,2,31.210794,2,2,-1,0,-1,0,-10735.098,59629.773,20019.38,7003.793,9160.28,6828.0215,-2530.4553,2110.978,6611.8643,3675.9448,3347.1865,1953.7413,0
92508.9,2,3,1,45.557274,2,-2,-1,0,-1,0,-16257.867,11945.615,18458.04,6713.4336,33498.45,5801.621,-173.05698,2231.3848,7712.162,18083.662,2284.0696,4708.54,0
126774.08,2,2,2,39.490635,0,0,0,0,0,0,185045.47,190235.84,118378.78,182671.47,134712.75,102485.15,690.8576,176.02184,53966.957,2776.6848,6365.8677,-5843.4014,1
150201.6,1,1,1,45.91308,0,-2,-1,0,-1,0,106734.32,30719.371,36077.387,5186.5273,-6902.304,8763.596,-4599.203,3788.4683,7210.9497,-349.44537,-1808.3241,-42876.52,1
150497.55,2,2,1,34.630238,0,0,0,2,-1,0,7261.074,74110.305,34174.33,9454.375,3231.6567,12657.875,-3274.8816,3196.2876,7008.4775,1374.4133,1306.2863,5084.9165,1
106338.125,2,2,2,44.639294,2,-2,-2,0,-1,0,-6055.9727,4612.955,22360.21,4440.8477,25422.604,7121.916,-586.6243,1764.1449,20114.271,7552.2363,962.7931,4832.284,0
129513.16,1,1,1,45.531765,-2,-2,-2,2,-2,0,-5637.6953,14653.807,112981.56,7778.047,7170.2466,7653.0,-1620.7948,-2651.6702,9922.713,3088.6519,10123.516,3585.596,0
106740.97,2,3,2,44.89915,0,0,-1,0,0,0,-17533.023,57558.31,34336.387,2073.8787,13172.401,14479.887,-2363.8425,3526.6638,6161.6763,-3446.233,1720.223,4358.793,1
138286.88,2,1,2,29.142344,2,2,0,0,0,2,193033.4,206227.23,135036.56,238185.31,135710.05,130994.805,-4066.411,-3143.1077,17275.889,15276.443,3167.538,-10556.054,1
112335.35,2,1,1,45.194817,-2,-2,-2,2,-2,0,-18579.11,17494.295,33094.273,1090.4138,4168.9966,10182.551,-5418.8965,4571.2983,6437.4673,802.2663,2261.3984,-420.5619,0
109411.23,2,3,1,43.33567,0,0,0,0,-1,0,58913.383,122252.6,94615.95,13923.627,4008.4263,3071.6836,-287.04477,1615.6469,7637.305,2420.0847,2107.7368,5625.965,0
153104.08,2,1,1,44.896763,0,0,0,0,0,0,187201.16,215386.38,154635.6,275640.75,138767.97,144890.98,2874.694,-4073.5344,16196.5205,-492.4312,15322.65,-21630.604,0
137274.94,2,2,2,45.17672,2,-2,-1,0,-1,0,-17502.125,31110.861,27044.566,756.9802,-956.97205,6359.449,-1291.2142,3376.591,5709.901,-1375.6958,-86.14879,5178.8633,1
94494.15,2,3,2,44.172485,0,0,-1,0,-1,0,54796.684,117677.414,54809.586,20715.201,38024.324,8789.176,172.80826,-799.9757,9146.558,9784.468,3406.8738,6013.802,0
128807.445,1,1,1,45.28618,1,-2,-2,2,-2,0,-14469.031,10279.131,32099.88,2805.1794,2086.5396,8319.047,-5076.7666,3100.8538,5190.997,-3762.5264,-235.47643,6525.3438,1
112097.59,2,2,2,45.28444,0,0,-1,0,0,2,-12157.699,86406.484,39066.344,4421.328,35818.43,20126.828,-125.29525,1005.65393,8775.405,2921.9539,434.3778,5706.118,0
113307.15,1,2,2,43.298546,0,0,0,0,0,0,-20855.383,72079.58,67106.58,5158.0664,3722.3364,7728.5547,-4245.2344,3139.4932,7897.9805,-2878.065,-815.5121,-15038.1045,0
126217.68,1,3,1,45.704086,0,0,0,0,0,0,148375.58,157890.69,127979.18,6178.7656,34214.254,49702.277,-794.3953,459.64148,8685.572,1386.311,3225.185,4766.2812,0
104775.81,1,2,1,37.673676,0,0,0,0,0,0,3970.8362,121580.945,63466.27,7060.5195,46191.324,22627.92,16884.58,564.7069,7631.0654,2050.8926,1114.0167,4499.343,1
98710.2,1,1,2,32.057602,2,-2,0,0,0,0,-28323.938,91964.914,29214.314,1071.0623,32668.393,18189.617,22297.023,1323.9725,6594.6567,-107.43999,7567.6606,-8022.032,0
132035.27,1,3,1,45.93595,0,0,0,0,0,0,167249.77,154638.31,121963.305,135585.53,9692.226,3862.3164,1008.4152,951.2562,12370.966,-791.73785,3879.4814,6223.3647,1
141804.5,2,2,2,26.932102,1,2,-1,0,0,0,-21514.617,74217.125,33596.21,-631.25806,22807.95,17648.879,-2259.7878,3005.2952,7067.1846,-2772.184,2361.9756,3598.2485,1
140369.17,2,1,1,43.239925,-2,-2,-2,2,0,0,-9550.707,24006.105,25649.207,5779.2344,27959.262,94769.125,3474.4995,3207.333,20990.637,-1134.1411,59420.277,-12603.058,0
131343.42,2,2,1,31.407383,2,-2,-1,0,0,0,-13546.637,3776.2322,56793.684,10443.635,36782.66,18930.447,-563.3504,548.4852,7874.158,2292.5513,2859.363,3746.2102,1
100164.94,2,3,1,33.080208,-2,-2,-2,2,-2,0,-20219.75,55200.137,28356.096,1941.2927,27712.389,17486.117,-1204.2767,3126.9304,6021.8643,-3076.2046,5910.1597,2966.3574,0
117784.49,2,2,1,45.343407,0,0,0,0,-1,0,92568.07,136175.78,36947.406,8913.086,1325.9459,4130.047,-831.6507,1803.139,6409.8564,1241.4746,-1364.9716,8087.133,0
118379.59,1,2,2,45.024834,-2,-2,-2,2,-2,0,-27207.812,286.91583,28985.998,532.80444,6042.7427,7754.117,-4912.049,2280.6677,5299.23,-3668.3848,-853.7665,5603.705,1
138447.42,1,2,2,24.363897,2,0,0,0,0,0,141813.03,162312.47,123938.31,130206.07,100584.07,83982.266,-2939.2922,996.5631,9824.555,1564.7573,1679.3297,-19154.842,1
145014.23,1,2,1,41.279526,0,0,0,2,-2,0,59309.1,75732.81,44979.3,3417.4412,-5927.1753,4956.2734,-4986.5615,5923.0264,5793.1953,-2727.0288,-3949.1492,7948.7583,0
108290.75,2,2,2,24.158747,0,0,-2,2,-1,0,-24127.008,18949.273,23992.752,4575.9883,10426.419,7172.26,-1953.5648,901.7733,5894.825,-201.67778,565.54944,3477.5496,0
123462.94,2,1,2,24.952967,1,-2,-2,2,-2,0,-22185.805,6756.748,26345.707,3283.488,10813.938,7890.9297,-3867.7703,2720.0718,5417.8013,-4596.237,1765.0223,4089.0986,1
140434.28,1,3,1,45.94099,0,0,0,0,0,2,159140.25,151374.83,121650.836,135682.22,114046.65,87364.5,3255.8662,-1942.109,15576.995,8189.2715,6963.766,5900.428,0
92753.836,2,3,2,38.53219,2,-2,2,0,0,0,-27023.547,11261.857,14030.843,581.60913,20359.31,9705.164,-1605.3759,2825.3452,5506.9463,-5692.9126,1761.0951,1963.6671,0
119341.96,2,2,2,44.793564,0,0,0,0,-1,0,-25791.75,30564.3,37277.023,700.9685,-2380.8198,5887.66,-5014.1436,3613.2593,5169.552,2440.4023,-1376.6249,-11362.485,0
102962.46,2,1,2,29.78075,0,0,0,0,-2,0,-3675.445,82444.56,34502.42,8430.914,6181.2974,5499.836,-2137.5256,2944.9954,6015.4185,-3354.6016,1017.28406,5925.5757,0
137836.11,2,3,1,45.15641,2,-2,2,0,0,0,-17163.328,114342.414,44578.68,-35.207268,22702.648,7416.4766,39478.617,1128.588,6708.7563,-3275.1914,6276.2163,782.6405,1
109832.09,1,1,2,35.97483,0,0,0,2,0,0,46729.285,125605.375,89502.93,26874.783,57036.375,32273.926,-2588.8025,681.7064,5972.995,-1585.252,1153.2562,3078.7124,0
137703.05,2,2,1,45.12934,1,-2,-2,0,0,0,-21494.617,-1308.9083,32831.9,5618.203,5799.4966,6016.824,-3019.9827,2050.2175,7851.0967,-2541.3682,808.1278,5810.4272,0
127396.05,1,3,2,44.520874,2,-2,-2,2,-1,0,-18482.883,19115.32,20898.898,2946.781,10682.685,6555.951,-2157.157,1817.4349,5392.0513,-1939.0815,2432.779,3957.1206,0
102447.9,1,3,2,34.872555,0,0,0,0,0,0,-9940.078,78031.555,34886.91,5018.5117,9333.038,5549.418,-1541.3173,2330.7231,7792.1724,346.10663,1681.1163,5184.7686,1
140356.67,2,2,1,45.34695,2,-2,-1,0,2,2,-10482.086,5169.412,19969.129,9837.707,7555.9224,7627.2676,-1454.2211,1061.8812,7395.1772,-2482.2646,5067.966,5793.0483,1
104286.0,2,1,1,25.145926,0,0,0,0,0,0,95946.836,128866.055,113203.336,102109.26,50520.066,27343.496,2326.3044,911.07166,8656.281,-1042.2925,29492.354,3419.4583,0
113106.266,1,1,2,37.500504,0,0,0,0,0,0,-22881.086,18637.914,29131.418,2150.238,4246.559,19602.475,-4896.6016,1670.8226,5881.6797,-4077.3892,12914.522,4583.9956,0
107704.36,1,1,2,29.328295,0,0,-1,2,2,0,-24876.14,44362.01,25524.742,2337.652,28009.516,17499.697,-411.9813,315.80457,6954.437,-4981.974,765.7792,2616.1936,1
94618.48,1,3,1,38.527195,0,0,0,0,0,0,19825.857,118436.945,62054.42,24044.648,11885.06,4135.676,1154.4012,1839.3065,8259.681,-1997.5029,2942.5696,4766.612,1
149309.27,1,1,1,45.34605,2,0,0,0,0,0,175232.34,185268.81,134149.6,201636.4,112856.24,110114.87,-2873.0037,241.76988,12503.599,1270.3328,2603.5955,378.60706,1
144862.39,2,1,1,45.239296,2,-2,-2,0,0,0,-12786.09,20041.809,33033.31,4266.3086,-959.1869,16868.352,-3707.535,3014.931,5851.6743,-2777.9814,14856.708,6495.93,1
99127.89,1,3,1,42.809338,2,-2,2,2,-2,0,-34221.82,14833.529,13605.675,-6045.629,18700.1,16010.557,-1162.6556,2461.0562,4682.116,-6155.9526,8993.761,2351.4297,0
109260.54,1,2,1,45.359245,0,0,0,0,-1,0,36918.8,125408.86,88285.125,11602.723,5151.442,3721.4844,-131.22934,862.6234,7520.3013,-172.79155,815.8268,6605.907,0
137763.48,1,1,2,31.979443,0,-2,-1,0,-1,0,-15314.016,10034.088,26612.41,2415.8396,2745.356,8120.996,-4989.663,3150.2505,5467.9033,-3652.9902,-309.11707,-31713.246,1
146091.8,2,2,2,34.99699,2,-2,-1,0,-1,0,-9975.148,20147.66,17601.14,8379.387,1774.4967,3969.7422,-1559.703,1139.9181,8274.389,1644.2747,1733.859,5877.3027,1
120127.89,2,3,1,45.052483,0,0,0,2,2,0,124275.195,148764.88,116204.516,101048.58,98555.32,75365.62,-2831.1277,817.03503,6384.0483,-3484.9927,1208.2894,3728.4707,1
146484.4,2,2,1,40.400524,1,-2,-2,0,-1,0,-6998.6562,27456.232,41681.082,11606.742,16521.855,22803.146,-1874.2333,2641.0571,7887.0815,10433.693,12396.938,1087.0231,0
155866.58,2,1,1,44.18026,0,0,0,2,-1,0,18396.309,126614.78,90192.67,-1144.383,743.64514,7444.914,2069.5864,2555.7002,6198.324,-514.3072,5672.3677,-15455.247,0
106391.35,2,3,1,39.81011,0,0,2,2,2,0,-3273.195,112119.484,46264.258,4223.957,36853.098,20318.424,-341.04672,1969.2792,6231.903,-4085.6938,1058.5927,3675.545,1
114106.734,2,3,1,44.704163,-2,-2,-2,2,-2,0,-14379.676,20283.855,23436.021,4841.6836,8319.337,5227.3906,-1545.1361,3875.3716,5484.24,-3430.5454,1691.1632,4618.9185,0
111508.63,2,2,1,45.565197,0,0,0,0,-2,0,-13509.598,49256.5,42060.246,6877.715,699.2584,5444.0586,-3086.8254,4022.497,5583.8623,-2878.8433,-1920.2318,7529.068,1
116274.96,2,1,2,35.83002,2,-2,0,2,2,2,135719.14,166025.27,72478.65,59808.016,82425.16,31382.418,6751.481,-1983.8619,19955.467,-5235.527,3708.6938,610.79504,1
150714.08,1,1,3,45.44098,0,0,-1,0,0,0,-11555.902,41358.438,43535.094,-545.44556,1772.4694,11216.973,-4565.376,3098.5457,5744.7295,-1427.5674,64.69057,6645.717,1
110278.76,1,3,2,44.39366,0,0,-1,0,0,0,-20197.14,27972.934,29049.553,1544.656,5804.2427,6149.418,-2143.0652,2616.795,5682.105,-3947.4575,872.03357,5967.4023,1
127139.71,2,2,2,41.072044,1,-2,-1,0,0,0,-33730.758,22794.506,27647.373,-4585.453,10834.565,11234.58,495.736,2978.014,13771.536,-5220.2056,-588.38416,-18472.393,0
89977.945,2,3,1,29.874516,0,-2,-1,2,0,0,99412.89,133089.1,106684.836,10499.973,40125.973,9646.482,2998.4465,82.21325,6462.676,-2174.4229,4929.799,3422.5198,1
118292.44,2,2,2,44.727215,-2,-2,-2,0,0,0,-29483.14,-3545.8147,19527.035,4146.7773,32764.152,14869.598,-2275.258,845.0936,18036.625,-2585.9795,338.4618,2278.39,1
140520.88,2,2,2,24.992105,2,2,-2,2,-2,0,-15364.297,20894.998,25566.598,4225.543,6035.9497,5690.0977,-4090.3425,4562.7153,5241.818,-4021.039,1306.121,5234.4033,0
113653.01,2,3,2,45.38893,2,0,0,0,0,0,70767.18,135305.34,113528.77,4885.0938,10747.708,13248.477,-3200.5437,3032.7595,6320.0054,-636.21344,738.89,4553.619,0
138235.42,2,1,2,31.524809,0,0,0,0,-1,0,3235.3284,80623.49,13642.272,10190.059,29404.639,105548.88,6745.715,760.8148,5991.3843,2812.1567,62540.76,-7227.746,0
97248.55,2,1,1,38.48701,0,0,0,0,0,2,-5719.6367,70484.13,38532.27,9715.68,35006.426,18718.13,-668.158,1706.7738,7839.965,569.4504,1586.9291,4311.1562,0
107125.2,2,2,1,45.19737,0,0,0,2,-1,2,-14049.371,77990.61,47727.902,2718.3787,5100.8364,5627.0625,-1991.0409,2298.5586,5821.484,-1363.3398,-241.64293,-7674.34,1
130818.43,1,1,1,43.70654,2,-2,-1,0,-1,0,-1085.2928,25357.691,32115.965,12053.906,8962.966,4704.074,1530.7765,1664.2699,7064.0293,1713.9885,3360.6707,5412.166,0
153321.7,2,1,1,46.3585,0,-2,-1,0,0,2,14317.867,34856.297,22969.361,18661.176,21169.639,11342.771,911.967,-18.968882,13488.679,8652.467,2701.2668,4478.8022,0
115080.5,1,1,1,44.34027,0,0,0,0,0,0,96830.016,119776.3,75616.2,18175.56,31232.713,78611.86,1576.3729,820.6366,7744.002,-2488.1216,52675.51,-1329.5443,1
108289.13,2,2,2,24.413836,0,0,0,0,-2,0,28705.002,124131.555,63295.574,7538.5625,6108.805,6390.791,-2527.5037,2692.8843,5847.436,-3209.5083,-42.356308,-22313.334,0
144274.77,2,1,1,45.455593,0,-2,-2,2,-1,0,-9091.859,29364.656,30138.17,5228.332,-1882.5385,4621.539,-2524.172,2515.367,5895.1475,3391.8916,-1292.0858,8349.378,0
149136.97,1,1,1,45.43402,0,0,0,0,0,0,139006.44,156396.73,131950.67,137262.88,103244.06,94672.94,-3263.1228,1278.6412,12738.723,1024.7664,5278.273,-3019.8447,1
127773.19,2,2,1,42.52271,0,0,0,0,0,0,197688.94,169946.56,124903.055,25303.295,120376.164,97740.5,1742.652,-4551.949,10005.709,49052.277,5509.6567,2611.191,0
112266.37,2,1,2,24.287016,0,0,0,2,-2,0,-24088.453,14428.463,29512.568,1263.9255,6009.512,8588.434,-5562.8438,3111.6816,4908.3184,-4956.1987,53.59926,5112.0415,0
131803.4,1,2,2,28.178797,0,0,0,2,2,0,123004.61,150755.56,122304.33,145870.44,108688.086,98063.984,-1868.0853,-1562.0153,10289.782,-3413.9639,2416.9836,-113.99013,0
106281.805,2,2,2,24.49905,0,0,0,0,0,0,-21019.742,9482.693,28959.164,5905.25,10509.374,6397.965,-1945.8138,2104.192,5768.875,-3768.564,322.2025,5414.439,0
119510.56,2,2,1,44.84311,-2,-2,2,0,0,0,-22599.32,90086.59,28770.672,435.67163,16991.145,8500.998,3743.4534,1614.5802,10873.483,-3800.7437,1382.3463,3947.675,1
142833.6,1,1,2,34.853493,1,-2,-1,0,-1,0,-7797.5273,18282.701,18873.28,10600.213,4548.774,4611.5977,-2087.6287,1132.5883,7154.77,5398.083,2425.6401,5614.2964,0
110696.46,1,1,2,37.026546,2,-2,-2,0,0,0,-23474.766,4737.8926,19065.674,2353.078,15148.603,10499.18,-3767.2996,2349.6191,8525.236,-4924.7466,1941.0089,280.82336,0
116030.13,1,2,1,44.64003,0,0,-1,2,2,2,133556.2,155208.12,124472.125,155834.7,116406.72,103024.49,20465.861,-5070.7324,7454.657,5538.8647,7028.41,4114.735,1
140192.33,2,2,1,44.951183,2,2,2,2,0,0,79158.73,140402.2,117668.35,98158.055,98210.73,82236.64,-3107.7063,2033.016,5097.868,490.77557,1160.2994,2045.8951,1
126144.39,1,2,1,40.708435,0,0,0,0,0,0,86293.22,131410.6,117062.734,103452.1,90002.04,3484.3867,-1612.0961,3217.3977,7884.8223,1723.248,-219.02086,7246.2476,0
129610.31,1,2,2,45.168884,-2,-2,-2,2,-2,0,-19255.781,25221.729,27840.895,1669.3748,3334.7075,6130.3066,-2112.1506,3501.2136,5845.8335,1428.3967,1112.9728,-13014.603,0
117480.57,1,2,1,39.313614,0,0,2,2,0,0,57550.79,127866.31,105625.79,59037.156,91384.14,64434.758,222.6691,89.48913,6083.3965,975.7834,1887.753,1673.8246,1
147807.72,1,1,1,45.682766,0,0,0,0,0,0,148430.69,159784.6,133950.39,150230.25,103708.375,94447.766,-3262.4421,75.089714,10159.332,2527.8032,887.7853,1194.4786,0
114323.18,2,1,2,42.664394,2,-2,-1,0,-1,0,-25395.125,6900.6387,20824.4,881.24585,9866.438,7179.0176,-2173.742,2112.176,7668.0957,-4397.891,1134.3575,4807.2153,0
99020.23,2,1,2,24.551018,0,0,0,2,-1,2,-19758.547,8845.787,21612.766,7927.91,25215.875,10258.459,-638.27423,-42.03968,6550.0454,-4247.8774,2289.8608,2929.1128,1
101418.31,2,2,1,24.568264,0,0,0,2,-2,0,-16138.898,71615.97,30588.844,5788.242,8396.095,6003.3555,-3232.5457,3541.9587,5363.9746,-4040.7144,239.89394,5355.2344,0
114143.266,1,2,1,45.205013,0,0,0,0,0,0,22954.361,124118.336,91916.19,22783.309,19422.29,26543.703,-966.86993,1322.9686,7502.5923,-1183.1685,22736.975,5038.9478,0
105156.805,1,2,1,43.674126,0,-2,-1,0,0,0,-19575.21,61969.207,20744.21,2675.7966,13615.304,5382.4883,15639.826,1674.7238,6740.0796,-3410.2437,1778.0055,5000.226,1
101518.44,2,2,2,24.437431,2,-2,0,0,0,0,60867.426,123595.01,90319.945,56147.66,92922.79,68072.9,3384.8323,351.4027,9080.828,796.3161,7024.598,2925.4912,1
121177.4,1,2,2,29.09786,0,0,0,0,0,0,163391.12,166033.62,129704.49,55959.918,69677.805,5463.0977,417.43863,84.67321,9119.306,195.22945,1682.4655,7036.865,1
115943.13,1,2,3,45.20487,0,2,0,0,0,2,-20259.445,61714.945,40355.617,962.10913,27561.863,21438.098,-4436.3086,2823.6875,8008.1772,-1095.9126,-153.31871,403.92493,0
140670.22,2,1,1,34.26942,2,-2,-2,2,-1,0,-12983.809,28339.064,32103.98,3132.449,2073.4185,7522.7363,-2096.5017,3145.8801,5561.004,-1698.355,3331.423,1020.59485,0
111327.72,2,2,1,45.049637,2,-2,-1,0,-1,0,-22595.633,2865.201,23707.629,4400.4336,9474.823,5089.9727,-1296.1913,2494.2258,6814.0386,-1312.3477,323.78235,4856.397,1
102582.14,2,1,2,33.15462,0,2,0,0,0,0,71996.734,126573.65,99266.88,56438.855,52616.312,32475.139,-2149.9753,2071.4175,8519.768,-863.73834,2760.9866,3281.5361,1
143446.36,2,2,2,45.32665,1,-2,-2,0,-1,0,-17108.336,3294.908,29251.04,3515.7927,2784.4067,8430.09,-2635.7727,536.99304,20977.922,-1079.8076,8672.122,6672.09,0
100543.414,1,2,2,29.035694,0,-2,0,0,-1,0,-22125.672,389.28693,12331.647,7350.922,18244.8,5387.09,2717.363,548.59705,10074.935,-2067.8008,2180.9058,3927.273,0
116835.18,2,2,2,29.745895,0,0,0,2,2,0,19469.658,124994.76,82179.22,20694.986,66686.06,43560.016,-3368.0984,1534.1832,8853.788,-4079.1138,-989.39343,-4339.409,1
124727.56,2,2,2,44.673244,-2,-2,-2,2,-2,0,-27811.297,6796.0645,28623.865,327.82788,7777.4614,38830.047,-2666.8752,2348.1643,9346.849,-3797.3892,34206.766,2924.9172,0
121468.85,2,2,1,45.636784,0,0,0,0,0,2,124029.42,142537.14,120152.57,138755.78,106405.34,92479.05,1767.8588,-903.7389,16605.906,3512.2632,2158.7275,3612.6323,0
95415.08,1,3,1,29.11443,2,-2,-2,0,-2,0,-21633.07,8002.373,11909.093,3804.203,20614.797,7545.6445,363.1691,2705.325,5521.232,-4757.406,3190.7896,520.17395,1
98788.05,1,3,1,44.524254,1,-2,2,0,0,0,17638.344,118570.266,56832.145,1595.3708,41251.727,17628.13,2653.9067,1345.506,6156.9355,-2174.5234,17026.45,2305.2212,1
107811.23,1,2,2,39.82928,1,2,0,0,0,0,-23803.805,28400.898,69825.08,8611.059,59269.49,35472.41,-2476.0579,664.22595,6836.3438,-1308.0205,305.57117,3296.9102,0
129262.22,1,2,2,44.578922,0,0,0,2,0,0,-29976.68,72161.68,41321.668,-3009.9573,22981.098,15253.088,-226.34506,1498.7885,5345.6694,-3929.2148,-2318.7214,4492.075,0
121578.87,1,2,1,44.94387,0,0,0,2,2,0,-28212.39,45046.73,49144.29,-1214.9182,26368.8,24997.975,-4803.62,3368.46,5064.111,255.92744,-3345.7898,-914.81824,1
153956.86,2,1,2,41.3953,0,0,0,0,0,0,-15115.609,26863.936,41680.305,-99.73461,-4322.984,5841.4805,-5753.918,4218.647,4816.371,-3354.335,-2150.9646,6451.2705,0
100337.01,1,2,2,24.918024,0,0,0,0,0,0,-20820.203,6817.7754,21529.615,10220.09,24091.244,9511.223,1183.151,873.7079,8779.852,-3322.3125,1366.0453,4192.622,1
110411.62,2,1,1,45.23814,2,-2,-2,0,-1,0,-20173.555,-978.1779,20888.217,6980.4883,16719.902,6837.3945,-2210.9578,1747.8505,22965.928,-3645.7334,2268.6455,2994.5317,1
133440.4,1,1,2,43.69595,2,0,-2,0,-1,0,102370.58,124259.75,38649.684,3850.074,45062.35,36723.535,-2925.8254,491.05603,23349.045,20615.34,34385.652,-24279.05,0
137849.97,1,2,1,44.568005,2,-2,-2,0,0,0,-20492.172,9793.924,28177.002,2627.8787,5529.766,5894.742,-3281.4294,2625.2803,8383.513,-260.47516,1198.9808,844.4203,1
148437.36,1,3,1,45.869926,0,0,0,0,0,0,-4368.41,40310.188,39598.223,5929.0938,-289.85486,5537.9023,-3570.5535,3078.6343,6423.612,171.35542,-48.15953,6267.1953,0
104607.35,1,3,2,29.920109,0,0,-1,0,0,0,-24597.0,16350.369,25611.76,1652.9138,11246.36,7293.992,-1648.5336,1863.9562,6903.8135,-4008.8901,1354.3837,5085.427,1
117292.39,2,2,2,28.555872,0,0,0,0,0,2,12043.957,102089.04,43375.52,9839.0,46997.234,20311.459,1979.0997,187.28502,8088.2026,944.2624,2076.8008,3483.7817,0
148733.4,1,1,1,45.39814,2,-2,-1,0,-1,0,-5131.3047,33064.387,22302.062,9145.547,-1178.476,10072.676,-1497.8475,1143.6913,9097.234,-123.877975,13286.464,7240.7104,1
108718.88,1,3,2,45.183933,0,2,0,0,0,0,-21633.367,43715.637,30592.15,264.67163,14275.544,13407.018,-4518.8115,3355.6267,5425.425,-3464.7617,905.2411,4169.0405,1
118470.24,2,1,1,44.91525,0,0,0,2,2,2,94593.29,138042.23,54322.855,5056.8438,43263.71,25719.738,-2215.988,959.246,6075.5137,1329.6396,438.3241,3556.701,0
103805.41,1,2,2,26.685072,0,0,0,0,-2,0,-21451.867,6659.0957,24674.562,6172.293,11421.31,5552.6953,-2058.0847,2293.574,5804.892,-3726.0986,622.1703,5208.253,0
117404.195,1,3,2,44.913754,1,-2,-1,2,-2,0,169175.62,154682.61,123920.59,6073.207,1.0201383,5067.582,-1390.9154,2087.2156,5919.616,-2508.67,4811.8647,6411.0674,0
141326.3,2,2,1,26.992567,2,0,0,0,2,0,-10159.605,90043.46,52844.348,12085.5,26344.13,22000.582,-2611.9392,4428.6895,7569.825,-3466.9883,-211.46129,1003.4176,1
146900.72,2,2,2,25.488869,2,0,0,0,0,0,-13727.473,77324.89,48557.617,1499.2732,9819.417,11981.406,-1713.6283,3053.443,7597.4907,987.01996,1922.5465,2554.9893,0
121494.03,1,2,2,29.629192,1,-2,-2,2,-2,0,73736.234,124693.98,30259.574,3647.9412,8761.919,7103.1387,-103.56429,2244.863,5976.9165,-2489.271,859.8412,4922.532,0
134671.98,2,1,1,41.592823,2,-2,0,0,0,0,-26725.422,29284.307,32154.828,-1515.8909,8524.274,13875.732,-2482.636,3255.1116,9158.85,-1437.2793,5991.186,-458.59216,0
98909.91,2,2,1,29.157463,0,0,0,0,0,0,75635.59,121382.25,99344.734,27381.137,59405.19,29214.752,1978.9442,412.65466,9793.858,25072.969,3226.7224,3512.6462,1
125284.09,2,1,2,44.454636,2,-2,-1,0,-1,0,-26712.383,13979.334,28952.979,-3023.6565,2939.4028,7977.4766,-4621.718,3347.3325,6002.425,-2601.0986,-104.15172,-22294.408,1
97653.0,2,2,1,31.933601,-2,-2,-2,2,-2,0,-19159.82,15718.354,23724.094,4948.6797,7464.028,6043.035,-2967.6243,4594.687,5425.168,-2161.746,686.2113,3213.3154,0
150311.0,2,2,1,43.0717,1,2,0,0,0,0,193244.62,208063.45,144253.05,266943.72,144184.67,144668.1,-6760.3633,-3471.548,25170.057,3966.085,15435.077,-20552.957,1
98052.76,1,2,1,34.995876,2,-2,-1,0,-2,0,-22528.016,2120.8728,11262.741,6228.289,17928.248,5775.8867,-548.3953,2465.9834,5781.791,-4467.8794,2069.061,3255.929,1
133679.53,2,3,2,28.184366,2,2,2,0,0,0,170118.42,179904.44,127449.7,36344.016,17722.139,11387.125,2249.2295,1215.8546,8556.331,-3434.4077,3259.0999,4617.787,1
142665.84,2,1,2,40.21578,2,0,0,0,0,0,-13959.375,21580.72,97544.0,54826.37,57760.22,34108.887,-4243.625,-186.3478,10379.189,254.53389,2683.2388,3943.3237,1
99102.93,2,3,1,24.97604,0,0,0,0,0,0,-12822.078,52027.914,27810.766,8462.203,12205.843,5162.7305,-1182.1918,2875.3108,5930.17,-1254.7363,1816.4525,4940.6045,0
92678.59,1,1,2,26.646181,2,-2,-2,0,-1,0,-22059.078,59996.984,15386.263,3787.8748,24488.611,7909.1484,16788.553,1220.747,11751.989,1559.8835,2403.162,-647.5917,1
120462.484,1,3,1,44.03543,2,2,-1,0,0,2,-12320.648,7544.5215,22226.703,9686.652,35933.23,12326.66,-1046.1185,2561.9988,10218.901,-1020.25104,3294.8643,474.24915,1
122861.305,1,3,2,40.19263,-2,-2,-2,2,-1,0,-20180.562,24540.527,22230.467,4197.961,9047.337,5338.336,457.1022,1898.181,9969.772,2080.6267,1630.0724,5269.794,0
104341.64,1,3,2,24.567255,0,0,0,0,-1,0,-23260.39,2310.9275,19901.398,6933.6406,15396.122,6469.508,-167.08578,621.77673,7994.021,-2977.606,3545.1394,4097.694,1
140941.64,2,1,2,24.957525,2,0,0,0,0,0,82218.56,127520.22,90428.195,31699.871,58777.484,31648.197,-1775.08,1538.8309,7311.283,-117.39946,2951.9539,4371.314,0
117756.375,2,2,2,23.965343,0,0,-1,2,0,0,-26712.46,43087.668,25508.615,2358.7927,31876.332,15681.385,1981.7196,57.428093,5965.993,-3985.3506,644.07336,3044.9844,1
118507.625,1,1,2,40.519047,2,2,2,2,0,0,-11730.543,102157.01,50578.98,-2868.633,60738.855,41007.508,-5683.2764,2829.337,5137.715,-1011.9312,2771.2515,-5355.407,0
156829.17,2,1,1,45.66673,0,0,0,0,0,0,181047.47,160025.56,151833.19,176821.25,105978.586,12208.822,-5718.5146,-3488.3,5968.5264,-1142.6196,-4498.796,-51948.715,0
127347.22,2,2,2,25.282572,0,0,0,0,0,2,96504.82,126489.74,105789.05,85079.59,100111.83,60685.836,4365.5815,-1694.5616,10311.959,2792.3955,4305.111,2758.2458,0
96434.39,1,3,1,25.501122,2,-2,0,0,0,0,-22965.07,42219.84,19224.537,5011.625,41359.902,14748.51,10101.757,1565.986,5831.249,-3860.2505,2586.725,980.4208,1
106581.79,2,3,1,45.253723,0,0,-1,0,0,0,-16047.773,44306.41,32277.658,4043.7576,5364.973,6534.4414,-1943.3485,3216.9907,6091.5947,-3541.8481,926.7289,6247.97,0
111404.45,1,3,1,45.656445,0,0,0,0,0,0,68767.93,131095.22,105555.414,14011.682,56250.2,30836.527,14781.924,1216.8817,12147.177,1274.8572,8661.751,3622.647,0
101027.2,2,2,1,24.000906,2,2,2,0,0,0,8004.211,121003.93,55537.555,2473.3318,36455.45,7285.666,521.1447,3912.1658,6207.919,-2748.1118,692.09753,-23088.377,1
105331.1,1,3,1,45.70085,0,0,0,0,0,0,-4697.207,88902.805,49502.8,8599.723,50909.56,31038.756,-2358.6755,2143.8542,7902.2847,5433.1704,2573.5198,6331.1367,1
130870.805,2,3,2,44.92564,-2,-2,-2,0,0,0,-17686.0,10645.186,17455.006,11843.389,29161.3,9724.572,2272.1973,1228.8243,24274.27,677.1745,3475.2727,2666.0215,0
114223.06,1,2,2,40.968987,2,-2,-2,0,0,0,-25100.766,10242.064,13524.671,1155.0037,28455.918,13788.746,1179.8817,1347.6,17256.34,-2846.768,1883.0597,-832.0585,0
112616.41,1,3,2,44.409023,1,-2,-2,0,0,0,-21772.96,3669.119,24191.814,5056.0273,13976.151,6614.244,-2688.6482,1723.6381,6382.772,-3485.5078,2575.4602,3624.2922,0
117942.984,1,1,2,27.200777,2,-2,-2,0,-1,0,-19328.414,5887.2754,15438.368,5231.0586,13931.304,5422.832,-1735.3036,2259.0378,9588.912,-3485.6162,2086.3232,-15746.2,0
112622.36,1,2,2,24.162966,0,0,-1,0,0,0,-26883.977,6352.201,19739.41,4581.574,19000.86,10122.857,1401.2028,871.0331,6548.009,-3748.7603,1070.7279,4313.321,1
125626.1,2,2,2,44.752262,0,0,0,0,-2,0,-17177.984,18019.312,36127.848,5414.5586,607.6139,5953.121,-4100.0107,3981.14,5211.934,-3276.9927,-1946.1884,6979.549,1
110657.23,2,2,2,45.07148,0,0,0,0,-1,0,72372.44,133781.11,121563.23,6561.9883,3014.3325,5815.074,-2830.2966,2290.0464,14921.635,4215.4844,-188.49254,-12201.583,0
111014.64,1,2,2,25.417343,0,0,0,0,-1,0,-22486.25,4063.6658,24159.592,7509.0586,10341.263,5365.203,-745.6385,1159.8146,6248.2505,-1893.0771,264.68518,5843.531,1
91966.875,2,1,1,25.351261,0,0,0,0,0,0,21643.857,116406.93,63316.03,23684.473,15316.12,5052.551,1269.9957,1550.0568,8828.444,-2645.9424,2784.3923,4484.6226,1
115553.78,2,2,2,23.750528,0,0,2,2,0,0,92230.336,144399.02,119442.266,76854.33,105209.12,76462.31,9945.672,-1745.6686,6290.966,-646.7569,4911.6987,-54.389538,0
108549.34,1,3,2,45.44291,2,-2,-2,0,-1,0,-14977.602,20995.586,17928.97,4625.422,42043.71,21075.893,64.64469,1693.2716,6560.6567,22166.111,4275.3613,1261.5577,0
115078.36,2,1,2,31.593565,2,-2,0,0,-1,0,-23235.11,28013.584,21157.207,1876.2263,10642.954,7642.826,1377.4376,2925.762,7413.868,-4513.396,1182.754,-0.58240896,0
129988.2,2,2,2,37.972485,1,-2,-2,0,-1,0,-18821.945,503.54474,23780.193,7857.25,7985.858,5385.785,-1701.056,1384.1461,12117.838,3563.564,1616.4974,5044.694,1
120013.01,1,1,2,26.403866,-2,-2,-2,2,-2,0,-21561.04,8431.834,21145.254,3293.2146,16909.475,8094.2773,-2227.172,2977.5247,10429.965,526.76263,2751.5752,2211.7104,0
133948.67,2,2,1,44.152317,0,-2,-2,0,-1,0,183379.95,14395.115,15767.192,14872.955,91577.69,2515.7031,-2454.346,-1167.7921,10654.475,33539.895,1268.2096,7305.4126,0
95721.4,1,1,2,29.101538,1,-2,-2,0,0,0,-23909.281,3338.2751,24308.521,3672.3826,24975.262,15594.068,-2732.321,2034.9254,7002.9307,-3710.1738,2974.1304,749.53284,0
111116.15,2,2,3,45.310444,0,-2,0,0,0,0,-17905.312,13837.779,35341.145,3263.8826,1613.817,6912.871,-3131.2551,3115.6716,5362.0605,-3568.8994,-808.8729,7036.8364,0
124537.5,2,2,2,26.719273,-2,-2,-2,2,0,0,-28382.016,731.42365,21330.102,2286.3435,16708.39,8163.301,-2090.1404,980.7184,5609.578,-2910.9702,730.2438,2764.1646,1
131964.97,2,1,1,36.90646,2,0,-2,0,-1,0,-15264.57,27196.496,30844.123,5810.4766,2545.399,6153.66,-2399.2253,3714.3188,7866.595,2206.3606,878.4894,1240.4738,0
95375.3,2,3,1,25.110687,1,2,0,0,0,0,36676.34,119698.36,75921.836,48728.28,84983.734,59548.08,-46.416344,1959.0616,11057.418,1357.301,5665.1333,2251.4763,1
102029.93,2,3,1,45.824154,0,0,-1,0,0,0,18310.07,106086.11,29834.506,12427.334,5172.028,4660.2305,-1950.0048,2184.112,6995.9883,-129.65385,1487.2823,6492.0635,1
108483.63,2,2,1,45.09794,0,-2,-1,0,0,0,-22802.102,33099.965,29917.773,3315.8787,20591.182,13969.768,-961.6746,3051.4646,14668.656,-1822.4702,521.3993,5213.517,1
119655.63,2,2,1,35.23839,2,2,-2,0,-1,0,-23165.148,5574.326,24640.146,5461.047,9949.233,11265.816,-1865.2831,2380.054,9062.292,-3227.3545,9339.053,3188.6538,0
84100.95,1,3,1,37.717873,0,-2,-1,0,-1,0,-10582.922,4438.8184,11504.468,12629.969,11944.108,3351.4922,1019.7026,783.35,8034.694,-1207.98,3920.4182,4928.836,1
117156.37,1,3,2,45.335613,0,0,0,0,0,0,-18724.18,50299.195,40410.164,1580.617,15070.124,13765.949,-4605.992,2737.4685,6117.0503,-2988.8271,-376.70398,5850.7144,1
97673.64,2,2,2,25.759256,1,-2,-1,0,-1,0,-19988.445,-605.7834,16851.928,8682.102,15833.839,5365.09,484.0319,1482.9103,8557.282,-2626.9067,2327.2534,4214.055,1
115908.0,2,2,3,45.093376,1,-2,-2,0,0,0,-23905.5,3261.3025,36270.582,2064.7576,2506.0122,7641.1074,-4858.747,2789.1116,5296.609,-3908.8633,-811.9999,6140.9814,0
139106.78,1,2,1,44.857594,0,0,0,0,0,0,94280.125,125927.04,96840.055,44738.98,74007.94,113364.484,7024.905,381.18982,9676.09,2633.671,63810.31,-6184.374,0
116197.555,1,3,3,45.409184,2,0,0,0,0,0,3160.2737,126757.23,79413.336,1633.9373,11418.897,15616.945,-4765.996,4115.218,5301.779,-2848.6504,-231.32506,5264.4067,0
96643.78,1,3,2,30.943035,2,-2,2,0,-1,0,-25147.875,1218.1893,10879.265,4176.793,19755.377,4788.953,1006.1491,1518.1139,6655.1577,-3015.2202,2214.1912,1184.3427,1
103134.28,1,2,1,45.47176,0,0,0,0,-1,0,23056.896,122856.18,72342.88,15796.252,14949.677,9738.441,285.8234,1259.2374,7574.388,7339.2046,1541.286,6339.93,0
113879.93,2,1,1,45.068737,0,0,0,2,-2,0,-10765.809,46451.633,38776.594,1887.9099,-1721.3392,6643.744,-4107.325,4971.1216,4837.5415,-4175.1665,-2015.6073,6949.3496,1
76230.8,2,2,1,25.705347,0,2,-1,2,-1,2,22858.775,88188.125,13578.831,15925.729,46671.406,15757.184,4580.875,334.37537,7851.081,-2751.184,3894.6455,2405.9216,1
119602.51,2,2,1,26.081253,0,0,0,2,-2,0,57043.867,114740.414,33461.94,8631.805,6208.7075,5015.8477,-2767.0115,2992.8608,5792.605,-2915.396,599.8207,5869.2207,1
142153.8,2,2,1,45.441578,2,-2,0,0,0,0,-16795.79,100979.28,51829.406,62955.695,39868.613,17178.021,25104.84,2557.2383,6274.075,-772.0318,9330.832,4774.8203,1
105717.695,2,2,1,29.102777,0,0,0,0,0,0,68615.87,126442.016,108193.1,26722.564,61369.062,12264.689,435.18326,1821.7374,8437.812,595.2946,1208.681,5426.8735,0
153086.1,2,2,2,44.474777,0,0,0,0,0,0,194696.7,216011.36,159504.17,290723.6,137896.55,137448.64,5171.354,-4244.5225,16977.135,1430.2654,8731.447,-14720.046,0
115206.42,2,3,1,45.53934,0,0,0,2,-2,0,108408.43,147180.0,38197.254,3885.1248,1002.3209,6200.584,-3835.659,3297.3025,5158.579,-3496.6035,-595.03064,6559.8384,0
108112.52,2,2,2,43.429848,2,-2,0,0,0,0,-30447.844,95431.71,35045.805,898.7224,48557.91,29485.018,20981.584,1107.2545,6619.4883,-440.13483,5060.0864,1422.0365,0
119403.71,2,3,2,44.900352,0,0,-1,2,0,0,-22371.695,85791.89,49069.64,-3651.512,30500.385,23738.441,-4536.198,2250.1345,5171.3286,-3296.5771,-842.5565,5066.3013,0
121446.14,1,2,1,44.190475,2,-2,-2,0,0,0,-25061.5,1859.8143,22725.951,3553.9216,19888.113,10853.34,-2606.1516,2328.6826,17596.826,-4129.687,1993.2867,1742.8561,1
108367.54,2,2,2,43.025536,0,0,0,0,0,0,67807.016,128140.766,110707.32,93227.36,14414.661,11200.328,-683.0535,1283.6598,10636.456,-1176.5952,1330.3224,5913.3525,0
105563.59,2,2,2,36.851013,-2,-2,-2,2,-1,2,-12494.801,14134.846,17030.588,11688.959,11537.776,4851.4453,4524.2227,339.34656,6966.3047,247.1418,2613.6074,4118.974,0
149126.6,1,1,1,44.93288,1,-2,-2,0,0,0,-10369.887,14925.611,28239.074,6537.699,15614.563,13371.412,-3902.703,2044.452,18590.217,2266.0935,4108.677,737.5751,0
107277.37,1,2,2,44.632267,0,0,0,0,-1,0,63697.23,127828.68,91816.836,9014.984,3451.5942,4746.2227,-1469.9574,869.204,7738.882,30.477001,64.42592,4521.3936,0
124762.695,2,1,1,39.468357,2,2,-2,0,0,0,-21762.227,5574.24,23841.66,4957.332,34452.098,7902.879,-4621.4824,3639.5461,14758.433,7866.7646,1383.2357,4124.359,1
108687.68,1,2,1,44.712833,0,0,0,0,0,0,-9239.504,78832.055,89832.25,6089.75,16768.87,12512.67,-1882.9447,2483.0256,7159.3145,-839.0289,477.75183,5775.5186,1
104591.23,2,3,2,24.928402,2,-2,0,0,0,0,-22761.969,19689.834,25109.795,2937.742,24631.453,12869.482,929.3757,3284.583,8791.794,-2784.8115,2661.0398,1334.87,1
111117.38,1,1,1,45.348434,0,0,0,0,0,0,87141.11,137146.84,43900.945,5041.496,17411.84,9375.238,-2568.5144,1839.1036,6267.928,-2029.7383,320.58484,5709.3125,0
92318.75,1,3,2,44.457493,2,-2,-2,0,0,0,-20488.906,2871.8376,47819.395,11934.973,57459.215,30978.076,-2150.8098,79.28161,6900.0176,-1752.0981,2719.99,2301.9983,1
123045.82,1,2,3,44.825672,1,-2,-2,2,0,0,-31242.922,3340.4822,31001.365,-1862.9495,9291.392,9612.934,-6005.1396,1946.6046,5183.5845,-4624.6704,-1024.4569,4706.159,1
114479.14,1,3,2,44.45096,0,0,0,0,0,0,-1594.8514,126951.24,64494.82,329.0935,14173.081,7051.3555,-4342.625,3202.9636,7672.419,2167.6387,550.49915,-21309.14,1
106379.6,1,3,1,40.76861,0,0,0,2,0,0,-22989.164,45051.637,34135.76,719.49194,8835.05,7583.207,-4327.8066,2954.8455,5010.325,-4267.8354,260.26624,4465.574,1
117088.63,2,2,2,39.82419,0,0,-1,2,2,0,-21806.023,84108.39,41978.79,367.9099,31749.271,22889.195,-2817.994,2122.7126,6700.752,-4493.942,-1322.2518,3805.45,1
114954.29,1,2,2,38.804123,2,0,0,0,0,0,-16861.703,79043.77,40775.008,-387.36353,36081.08,26750.074,889.35077,2849.579,8664.774,-745.0987,-228.41246,153.15977,0
106350.45,2,2,2,24.459766,1,-2,-2,2,2,0,-32812.586,84556.18,35415.39,2661.3865,59375.066,29857.967,20289.496,245.79381,7136.0205,-4965.563,968.629,-348.03308,0
132458.72,2,2,1,45.27969,-2,-2,-2,2,-2,0,-19556.312,11297.072,31058.033,16454.33,11158.622,9917.049,-3633.6804,4348.017,26091.514,956.2607,2581.3594,-10278.989,1
102028.86,1,1,2,42.86816,2,2,0,0,-1,0,-19620.922,8402.428,17395.24,4519.7227,43392.74,24522.803,-4527.588,2343.588,5507.508,23458.498,1453.2762,3416.0483,1
133582.19,1,2,2,29.92626,2,2,2,0,2,0,-32401.344,1226.5214,23107.992,-1635.3674,26516.201,17888.81,-4825.082,2314.9263,19961.764,-5029.8237,10542.387,3771.192,0
137577.48,2,1,1,45.49143,0,-2,-1,0,-2,0,-2703.117,102979.78,111449.46,5728.1875,3063.4497,12505.127,25251.695,-2242.8572,5064.0005,-4534.5386,3395.1255,-45100.223,0
106068.695,2,1,2,29.22776,0,0,0,0,-1,0,-18201.523,12840.002,30330.19,7404.629,13398.517,7094.8223,-3155.404,1599.1569,24396.793,-2251.6968,1494.8954,4571.4697,0
105207.49,2,3,1,45.48403,0,0,-2,2,-1,0,-10990.844,50581.03,31577.02,4781.1797,8602.267,5984.5234,-3662.6726,2611.1345,5599.2637,4981.1777,934.9225,7248.382,1
112367.42,2,1,1,45.45336,0,0,0,0,0,0,-16043.008,19191.21,40949.027,4619.246,1183.1686,7340.1777,-4501.8193,3783.5586,6371.455,-552.89557,-1698.618,6482.9663,0
139103.38,2,1,1,45.80375,-2,-2,-2,0,-1,0,-1940.0936,13024.459,17651.668,12825.611,3345.8716,3183.996,-1174.9447,536.79236,8193.686,428.58612,1766.4288,6788.724,1
126182.07,2,1,2,39.66356,2,-2,-1,0,0,0,-13318.297,15271.463,22289.178,5609.1523,5874.2114,6127.592,-2608.8333,3036.5706,5787.479,-3808.6396,1592.3368,4218.1304,1
94373.195,2,2,2,31.656162,2,-2,-2,0,0,0,-24087.68,2885.0447,22487.377,4544.703,19242.455,6787.162,-978.5159,2180.8901,5634.016,-4353.7407,873.5941,3320.5344,0
105654.234,2,1,2,29.531187,0,2,0,0,2,0,18692.488,119840.875,58235.387,21988.53,54355.062,34245.285,-2064.1003,2168.0022,9612.719,-3790.544,1913.0509,2948.7166,0
115646.664,2,1,2,35.073418,0,0,2,0,0,0,151340.11,158941.8,116990.89,8392.207,103627.93,70488.96,3451.4023,-2297.1624,8721.505,30183.12,4254.303,4474.1973,1
123939.195,1,1,2,45.373375,-2,-2,-2,2,0,0,162539.77,139126.73,116669.09,8775.195,13038.632,2045.7814,43784.176,-5973.7354,7011.638,-710.81696,3947.4758,4733.9683,0
119759.36,2,1,1,45.05459,0,0,0,0,-1,0,118473.586,131710.9,112588.83,89679.98,4466.6216,3357.1992,879.78436,1160.039,12553.276,625.57513,1959.0289,7081.5693,0
119933.09,2,1,2,29.145687,0,0,0,0,0,2,160218.53,159602.58,123474.88,170064.89,115683.055,106029.93,3361.6194,-3621.927,13987.551,5292.1616,9335.472,5478.614,0
106011.79,2,2,2,45.582016,0,-2,-1,0,-1,0,-12386.469,7935.8184,18478.186,8466.375,5840.231,4779.133,470.5363,1223.1466,10234.895,-1699.9731,1300.5111,5840.6494,0
109239.664,1,1,3,44.97589,2,-2,-2,0,0,0,-22833.047,10573.717,31695.883,-587.594,4676.68,9469.395,-4874.008,2985.0251,4942.9287,-4970.188,876.34827,1643.0436,1
104264.53,2,2,1,45.152386,-2,-2,-2,0,-1,0,-21554.398,451.24005,24281.455,4862.789,7080.2583,6066.078,-1974.266,1718.1093,6328.2188,-2103.962,-88.94127,5994.742,0
108914.5,2,1,1,45.49768,1,2,2,0,-1,2,-5446.414,64002.24,20772.846,7407.375,31849.812,14798.361,-1729.4857,1824.3029,15457.14,12907.763,3044.823,4144.0845,1
146771.67,2,1,1,43.823475,1,-2,-2,2,-1,0,-5849.535,29463.598,28163.256,10112.914,-823.10486,5096.0156,-3484.451,2504.0938,6844.401,1801.0791,1047.026,3779.5186,0
85631.055,2,3,1,27.47079,0,0,0,0,0,2,56381.996,115752.69,79500.15,42574.016,79667.5,34830.953,4512.4077,278.69617,8863.144,2765.5103,4170.0273,2274.5146,0
141077.28,2,2,2,45.56865,0,0,0,0,0,0,190665.97,187335.0,131919.83,222423.6,30576.76,20225.389,-1136.9227,-738.0665,16063.373,-471.58356,678.23425,9064.311,1
125988.305,1,2,2,45.30474,-2,-2,-2,2,-2,0,-21160.578,9877.369,29436.7,2524.9998,3919.3481,8340.078,-5543.743,2567.9846,9540.049,31706.688,11837.908,-22992.557,1
110500.84,2,2,1,41.521606,2,-2,-2,2,-2,0,-29853.305,11540.404,28272.838,-1437.551,3665.2505,9527.363,-6075.6133,4546.432,4275.5723,-5297.8413,-86.22496,-21259.508,1
127673.91,1,3,2,45.528168,-2,-2,-1,0,0,0,162125.92,158448.78,118743.44,120803.29,114516.695,84185.66,1472.2855,-7773.3164,10829.502,3186.31,6151.7026,1193.9589,0
141942.06,2,1,2,45.23962,2,-2,-1,0,0,0,-7836.4023,20040.43,26177.5,6154.6484,2358.9067,5206.5156,-2777.2678,3149.5022,5889.669,-2736.2134,1431.9613,6449.476,0
105744.5,2,1,1,44.59873,0,0,-1,0,0,0,22559.652,120300.88,89136.26,25743.418,58339.03,20991.312,-103.44808,1756.9379,6978.649,1116.5637,4367.9155,6010.159,0
140513.23,2,2,1,43.675873,2,-2,0,0,-1,0,-18661.531,53330.92,27936.85,4553.051,9233.565,8724.879,6863.431,2247.2178,15613.117,3513.697,5536.065,6003.6665,0
153608.8,2,1,1,43.492115,2,0,0,0,0,0,164266.75,160311.12,133455.1,156291.17,102425.836,98674.41,-3197.4802,1950.0343,11002.126,2926.452,3068.4487,2980.7905,1
107045.63,1,2,2,30.820377,0,0,0,2,-2,0,22241.465,47509.133,32033.69,2887.3123,718.21936,6663.369,-3168.3396,3403.4294,5254.749,-3843.9487,-222.61803,6508.7124,0
107468.78,1,3,2,43.046875,2,0,0,0,0,0,83358.07,131800.77,103840.43,32311.451,81370.37,18547.55,-2626.6824,2591.7305,6994.1514,18839.215,2563.8865,4056.2034,1
100243.164,2,3,1,44.916866,2,2,2,2,-1,0,-12364.984,79630.89,30659.205,3567.5427,26883.99,12618.646,-3059.8376,3307.628,21605.398,10540.706,1816.7799,2521.2034,1
120729.54,1,2,2,45.22122,2,2,0,0,0,0,97861.16,145904.78,120055.71,109033.43,102669.445,89777.664,-4158.76,1062.7374,7829.2,789.0124,6367.9507,2043.4027,1
108620.41,2,1,2,29.751387,0,0,-1,2,-1,2,-8437.047,3515.869,18592.982,11700.582,7448.9146,5274.9883,-2240.9172,1199.1144,7002.2627,-2558.5977,2144.695,5647.482,0
110475.11,2,2,2,26.420649,0,0,0,0,0,0,-9765.605,146527.62,116864.14,124794.555,77650.92,60508.285,42822.637,-2418.632,9982.625,-1437.3809,49116.36,-23937.604,1
134946.94,2,3,1,45.24668,1,-2,-2,0,0,0,-15260.266,27246.254,35711.242,571.74976,10622.427,10574.424,-3334.4119,4427.9927,11077.873,1786.4143,4109.0444,-2.8358269,1
110871.86,1,2,2,30.540876,1,-2,-1,0,2,0,66441.69,121206.82,85367.61,48459.766,89792.26,40189.984,6857.769,-1156.1989,7272.5435,-3036.191,2672.509,347.17004,1
114066.984,2,1,2,24.38528,0,0,0,2,2,2,-23404.156,7391.9824,24545.713,6792.742,23449.906,11807.9375,-1948.9823,181.70738,5838.534,-3426.2266,999.43787,3009.1719,1
142385.7,2,2,2,37.644497,0,-2,-1,0,2,0,114360.586,199497.97,286669.22,329848.88,130254.69,117987.58,-2127.1042,-6029.706,8090.083,-9539.502,2372.2744,-63957.13,1
114297.04,1,2,1,44.327446,0,0,0,0,0,0,-23867.57,19222.545,33901.418,4923.7305,18936.285,18214.873,-3181.1453,2595.2986,17838.934,875.3283,-135.82945,4295.3286,0
151298.08,1,1,2,45.0492,2,-2,-2,0,0,0,-9719.715,23472.588,25169.57,3028.574,15667.571,7728.494,-4101.5225,2361.307,10943.292,4105.7026,4928.504,6920.5146,1
114519.74,1,2,2,24.051792,2,0,0,0,0,0,-28237.11,13247.842,31239.03,1971.1873,19183.36,11386.285,-3791.7332,2804.2341,5273.121,-4284.182,-511.87927,3846.7344,0
137096.92,2,1,2,27.393263,2,0,0,0,0,2,176614.55,181694.02,126181.5,202843.36,123440.47,118894.97,1877.6307,-3455.3362,13665.555,8296.986,9385.829,6152.432,1
116012.94,2,3,1,42.4774,2,0,0,0,0,0,81426.5,138462.55,114190.445,91379.266,88559.97,71650.89,-4059.9421,4307.422,9745.442,181.45772,1088.3168,-23886.688,0
141067.67,1,1,1,45.623337,2,-2,-1,0,-1,0,-6171.379,97251.03,15613.446,9559.074,7100.1763,3074.5547,30515.19,-503.93762,7500.5693,-770.5035,4113.973,3658.1448,1
101100.58,2,1,2,25.717665,0,0,0,0,0,2,-16748.273,4208.9746,26259.76,9431.973,17327.436,8619.305,-1019.1849,1011.5194,6986.548,-1299.8218,1971.9381,4249.823,0
119899.02,2,2,2,28.57141,2,2,0,0,0,0,124931.05,154384.5,117264.55,121746.39,103222.805,89069.18,273.19058,1189.3915,6836.3,-1435.5879,55379.79,-2762.2788,0
103580.88,1,1,1,45.441383,0,2,2,0,0,2,112638.98,136554.28,112966.98,114173.15,112538.65,94007.68,5791.199,-1463.5885,10879.94,26399.303,4618.885,242.39122,1
142754.38,2,3,2,31.591282,2,0,0,0,0,0,-22134.438,57808.92,40818.82,-757.6604,9124.1045,15713.752,-3132.6829,3756.8816,11661.074,-4912.94,4508.919,-1404.9628,0
128970.86,2,3,2,45.165398,2,-2,-2,2,-2,0,-12734.289,27014.012,25380.963,1829.5349,4119.895,7099.9434,-3839.0984,4449.7207,5063.597,-4866.094,1436.39,3377.223,0
135430.36,2,1,1,45.809982,1,-2,-1,0,-1,0,-5892.2656,22784.457,22124.5,10403.949,3017.3325,4791.043,-1562.785,1845.6029,7558.271,-918.0806,2375.5737,6398.1895,0
99850.055,2,2,2,24.998188,0,0,-1,0,0,0,79022.45,124949.375,99608.99,62505.38,87022.17,48388.492,3780.837,-4149.714,9553.221,1266.6477,3488.8435,3023.6733,0
147929.81,1,2,1,45.8972,0,0,0,0,0,0,57.695457,91655.52,54876.72,5826.0703,14706.321,12428.52,-2685.8396,2534.2961,6800.0728,1262.2478,-639.6439,7690.9517,0
134122.5,2,2,2,45.783455,0,0,0,0,0,0,148634.53,152958.02,126485.36,145146.12,105888.65,35032.758,-1252.1615,383.99988,10787.821,3218.3257,1337.5387,6458.578,1
87897.91,2,1,2,37.579502,2,-2,-1,0,-1,2,-11282.246,13545.104,15675.005,8395.266,13163.591,5978.047,1185.6991,2148.681,10287.659,2452.0837,2469.144,-11106.765,0
111375.125,2,2,2,24.407717,0,0,0,2,-2,0,-22493.766,28926.742,31789.227,2694.8591,7099.614,7142.123,-4121.99,3508.381,5139.839,-4550.7417,-129.60387,5428.9224,0
119092.97,2,2,2,44.85489,0,0,2,2,-1,2,-27398.18,2564.908,22363.143,2313.2458,13910.126,9384.633,-1961.493,271.5448,6465.481,-4016.288,195.43471,4546.9136,1
127898.14,2,1,2,29.107994,2,0,0,0,2,0,-23160.055,33498.895,36504.26,2735.4568,11804.694,16098.885,-5108.627,3880.589,5794.793,-4951.7944,335.391,1720.5433,0
108509.83,1,1,2,32.80734,0,0,0,0,2,0,54175.516,125994.445,93112.4,43866.887,75383.32,35419.75,-1585.8339,892.9061,9403.823,552.86957,1538.6437,4021.2405,1
113557.85,1,1,1,45.42541,0,0,0,0,2,0,-5375.785,103734.125,59271.1,7509.168,37496.76,24371.555,-3930.5671,2485.979,5940.655,-3292.7676,-282.66248,3211.8313,1
110904.29,1,1,2,40.824577,2,-2,-1,0,0,0,-10065.863,85626.984,30771.775,1987.2107,42789.594,55166.242,-1895.7675,2272.3135,8054.501,1383.6448,2512.96,2325.6816,1
108067.93,2,2,1,45.236355,0,0,0,2,-2,0,-6308.9688,114421.98,37254.156,5581.203,945.8717,5477.2383,-3937.195,3786.3464,5261.3677,-3244.8696,-1478.4037,6787.5474,0
123095.49,1,1,1,45.24188,2,-2,-2,0,-1,0,-9179.691,19239.652,25434.834,4421.8867,8563.089,26263.414,946.44916,1255.7848,13737.903,765.3571,24321.723,5399.9653,0
146276.94,2,1,1,39.789207,-2,-2,-2,2,-2,0,-9537.176,20405.03,25079.645,6937.8516,420.97717,3757.8281,-3740.2263,2848.7483,5796.7964,-2073.9595,740.79114,6279.258,0
142381.78,2,2,1,45.27193,1,2,0,0,-1,0,-15254.805,51527.8,47031.633,1914.9333,523.1764,4643.4023,-3431.9724,4215.6357,5783.0957,2114.253,316.16785,7134.3003,0
113311.234,1,2,2,44.989315,0,2,-1,0,0,0,-19837.055,88860.46,35408.434,-733.51196,34482.105,20094.799,-1840.3998,2472.4778,6428.716,-2770.524,33.31801,4288.1553,1
136153.88,2,1,2,44.5536,2,-2,-1,2,-1,2,-10896.582,13422.936,18012.371,7543.2695,9035.753,5906.4727,-1781.9657,803.01697,6016.4043,-592.9351,2907.535,5279.196,1
87639.336,2,2,2,27.0466,-2,-2,-2,0,0,0,-22134.36,-2885.7483,11299.206,18277.531,74385.016,40535.82,2046.2926,721.7274,26881.74,-1426.4531,3403.0134,-837.5477,0
138301.12,2,2,1,41.821262,0,0,0,0,-1,0,149922.69,149752.4,132657.56,18350.133,27995.84,15404.244,1693.3153,539.2943,8797.532,11624.85,2397.1067,6670.9067,0
87649.29,1,1,2,32.219673,2,-2,-2,2,-2,0,-25078.906,57805.31,13066.878,-953.4026,13892.421,9144.16,9146.593,2787.0298,4921.4536,-6017.4204,1342.8114,2937.263,1
101145.46,1,2,1,40.51292,0,0,-1,0,-1,0,-11281.77,9020.314,23469.52,11240.154,3011.0435,3427.9297,-1422.036,1812.2008,6700.39,867.49384,397.68567,6625.6655,0
91416.586,2,3,2,32.09848,0,-2,-2,2,0,0,-18623.406,66825.31,24898.395,1401.1248,36470.676,17590.814,16444.305,970.5126,5681.458,-3555.2227,2182.9946,2504.1611,0
128094.234,2,2,2,24.87332,2,-2,-1,2,-1,0,-18697.93,18572.938,21844.08,5785.0703,10930.72,6371.2363,-971.3382,2479.086,5812.8,658.8835,1571.5299,3533.2986,1
141260.7,2,2,1,27.875296,0,0,0,0,-1,0,-2916.7732,32260.82,25626.357,12722.076,3616.9146,3392.1719,-378.52036,1886.9945,9732.148,-305.83112,1049.1715,6976.76,0
128586.29,2,1,2,26.836164,-2,-2,-1,0,-1,0,-17036.61,21678.182,24084.2,2461.1248,4845.864,3071.3242,-674.9876,3159.9207,7065.7974,-3584.69,1023.3302,-27492.947,0
107664.03,2,1,2,24.52823,0,2,-1,0,0,0,-25917.977,26024.078,21697.35,2386.5076,19939.703,11957.139,-1120.7084,2685.554,6292.5713,-4601.6,1727.0787,3159.4348,1
131240.22,2,2,1,45.00446,0,-2,-1,0,-1,0,-24857.078,11683.646,25790.023,633.86694,5578.5356,7385.8145,-757.0804,2222.6826,9308.774,-2544.6963,1608.3466,2825.646,0
107667.23,2,1,2,24.355246,0,0,-1,2,-2,0,-25830.219,23815.188,24748.97,-331.05493,13016.214,8859.914,-2892.7097,2741.2673,5182.5376,-5556.3774,1032.215,4266.138,1
91865.64,2,3,2,24.597214,0,0,2,2,2,2,59795.68,123195.14,76823.91,13147.844,76289.03,33503.04,5468.9277,-1044.2555,6663.152,1881.4402,3331.0698,1374.7555,0
150533.64,1,3,1,42.665146,0,0,0,0,0,0,199854.23,189530.48,126413.37,66140.13,67855.09,35375.523,-3572.702,914.6869,10032.13,3207.45,4899.7476,-23800.113,1
109620.89,2,2,2,24.089973,0,0,2,2,2,0,-5629.6523,109046.74,32616.996,4076.8474,43911.336,21184.746,2070.1592,175.44908,6694.1787,-4124.4185,315.0631,1752.5944,0
119266.055,2,2,1,42.34082,0,0,0,0,2,0,5070.504,113431.484,62023.6,19518.03,22010.152,8315.689,-805.99005,2385.222,8010.6123,-1877.1504,761.921,6559.611,0
91376.57,1,1,2,44.3758,2,2,0,0,0,0,-13450.172,116102.5,4807.0024,44719.895,111775.375,50828.934,37729.54,-1043.9249,30996.896,-2854.0723,7604.5396,-2267.6826,0
134924.22,2,2,1,45.36516,0,0,0,0,-1,0,128166.76,145326.9,119597.54,6272.453,13136.647,72153.8,3340.6,-1225.1022,23910.26,-222.54008,51441.484,-567.8744,0
140583.48,2,1,2,36.754005,0,0,0,0,2,0,-16071.0,19476.713,41286.95,3242.4607,-5002.726,6742.996,-5389.1875,4327.7114,6119.5884,-3360.8726,-3551.346,34.333607,1
106161.62,1,1,1,45.937027,0,0,0,0,-2,0,22609.566,122539.92,80194.01,10495.605,1407.067,4478.3477,-1639.204,2847.7354,6238.9106,-1660.4248,167.8683,4303.159,0
125132.914,1,1,1,43.215977,2,-2,0,0,0,0,-23117.688,32520.828,27591.26,1435.7458,12786.124,11466.744,100.95573,2905.4875,5520.8296,-2105.3892,5152.4463,2944.1265,1
104167.79,1,1,1,31.116554,0,0,0,0,-1,0,-15409.0625,37103.953,25598.605,8165.25,20856.617,5816.074,-2045.3832,1689.6295,6949.873,8233.995,1347.3939,5828.869,0
109005.41,1,3,2,25.926687,0,0,0,0,0,0,-22285.367,39364.594,32450.475,2044.1404,17806.547,6563.369,-3920.8904,3263.0083,6130.9727,-1966.8071,1268.2072,-11350.645,1
102302.13,2,3,2,44.970924,2,-2,-1,0,-1,0,-24180.508,11237.631,18988.764,895.0232,12137.456,7038.0,-876.8592,2347.2349,6451.477,-4153.5083,1714.5917,4308.404,1
119874.34,1,2,1,27.814941,0,0,0,0,0,0,152018.16,156249.64,123866.164,157732.88,109422.06,101008.164,1904.734,-1941.2443,11932.822,3510.004,9577.665,5937.85,1
145343.55,1,1,2,37.317883,0,0,-1,2,-1,0,-22890.773,45055.816,28620.656,908.5779,3256.7075,35639.844,-1571.453,783.12195,6494.8164,2585.7698,34849.69,4514.5703,1
116234.086,1,2,2,27.460342,2,-2,-2,0,-1,0,-26817.297,2872.5564,18598.852,1914.3708,12450.185,6742.0176,-1201.1542,2046.7701,7941.3403,-2828.984,546.91785,-22200.457,1
147061.55,1,2,1,45.407597,0,0,0,0,0,0,198194.16,204429.92,143901.92,241449.58,123120.54,111859.4,-731.1121,-3787.802,17938.674,3023.553,3264.0554,3892.449,1
81716.12,2,1,2,36.051304,2,-2,-2,0,-2,0,-20824.086,85416.74,11282.753,4908.664,19413.613,6959.8574,22491.451,1630.1725,5684.8306,-4788.515,2837.4187,2665.694,0
102116.65,2,1,2,24.640846,1,-2,2,0,0,0,-23841.773,34075.26,26668.486,2661.0544,19106.021,8897.691,-914.55695,2355.791,7298.3433,-4272.7837,1459.8502,3529.3525,1
148290.3,1,2,1,45.087635,0,0,0,0,0,0,145756.8,154335.48,129601.53,141701.05,100867.82,78240.42,-3124.802,1293.3275,8940.62,1860.0864,1117.7694,-23638.264,1
141570.5,1,1,1,45.288574,0,0,0,0,2,0,173595.38,180186.98,132191.72,206725.45,120221.664,115826.59,-1653.3671,-2032.214,22151.123,-3265.3853,5333.663,-1179.0057,1
90579.24,2,1,2,31.218842,1,-2,-2,0,0,0,-26394.14,2104.568,12498.194,12160.648,61319.633,31886.588,-2601.8674,1741.2211,24162.354,-1893.936,2791.1829,311.3014,1
120043.3,2,2,1,30.745247,0,0,-2,0,0,0,-10665.566,9109.721,24685.605,12175.566,54071.844,29850.322,-1122.3402,1357.1283,7257.609,24422.05,2313.6633,5229.569,0
148136.34,1,1,1,45.633236,0,-2,-1,0,0,0,1636.3947,26412.158,70700.45,23933.982,37739.184,9882.211,-3579.2878,1744.3568,7264.69,358.46185,602.9459,-13368.669,1
125005.68,2,2,2,42.331512,1,-2,-2,2,-2,0,-26806.11,7590.252,32634.805,464.031,2779.3013,11148.201,-5034.8105,2995.8074,4976.977,-4317.236,4491.219,5696.7656,0
124977.82,2,1,2,40.82931,2,-2,-2,0,0,0,-8962.906,6152.6855,25020.674,4570.117,18376.76,8415.223,-3712.2117,2568.545,17965.074,-4650.525,2037.9064,4056.2378,0
126478.65,1,1,2,45.03137,1,-2,0,0,-1,0,-27046.89,18423.416,28338.83,-1425.4807,4326.6646,9066.859,2650.7332,1368.9144,5830.771,-1805.1548,1150.8126,5919.586,1
127886.3,1,3,1,45.6877,-2,-2,-1,0,0,0,-11449.391,8878.482,22845.596,7798.746,11882.476,6474.9297,-1662.222,2050.649,7832.855,1016.80194,3192.2693,4021.9385,1
89586.36,1,2,1,43.482525,1,-2,-2,0,-1,2,-18296.312,-8877.607,4169.432,13000.639,50535.445,17751.23,3443.4526,-623.0802,22900.441,-3404.0566,3790.4197,958.9613,0
112577.88,2,2,1,45.55023,0,0,0,0,-1,0,-11766.9375,60808.996,46068.625,5716.324,16256.39,5731.875,-2488.2493,3266.1223,11223.949,7971.164,-1722.9432,4408.605,1
108824.266,2,1,2,42.64019,0,0,-1,0,-1,0,-15626.805,54006.273,30740.37,2239.66,2779.9067,5436.6484,-1865.1581,2567.5588,6259.8726,3609.9248,-204.33092,7745.417,1
122481.52,1,2,1,43.392246,2,-2,-1,0,-2,0,-13575.145,20884.668,19643.668,7010.953,7799.649,4987.6562,-585.53107,3753.9172,6142.25,-3194.5405,1814.4025,3991.24,1
114255.99,2,2,3,27.828722,0,0,0,0,0,0,131199.12,146630.92,122588.81,107409.375,57348.367,30989.383,141.1984,306.69275,8732.492,17598.121,2740.1494,5211.614,1
113000.86,1,2,2,24.718672,-2,-2,-2,0,0,0,-29138.305,-565.967,8979.073,3546.2302,28782.305,8569.207,1115.62,519.7899,8787.097,-4353.8345,1211.1168,1494.0565,1
140410.77,1,1,1,45.67127,1,-2,-2,0,-1,0,-12235.203,23066.863,30074.588,5970.8906,7310.946,7171.8613,-1493.9335,2680.9814,6447.1914,5232.774,4991.904,6968.7446,1
95256.63,1,1,2,24.42478,0,0,2,0,0,0,35868.367,120054.14,72356.305,6663.1914,42893.76,18713.676,3246.885,-175.41518,7514.6514,-1574.1665,3128.1138,3629.3718,0
110935.734,2,1,3,24.395123,2,0,0,0,0,0,-22075.008,45491.02,40338.766,2048.0935,17691.646,9042.674,-4818.745,4477.223,5836.1123,-5415.3647,-50.616074,3130.2095,1
130735.79,1,2,1,37.140816,2,-2,-1,0,0,0,3377.098,12161.338,124091.51,185194.34,109917.37,89440.96,3089.5398,-16232.0205,15390.021,3261.5522,6861.959,3438.0889,0
103125.414,2,2,1,40.000767,0,0,2,0,0,0,-15491.508,117830.89,71261.11,5920.1523,55305.51,28397.898,36332.414,391.19226,8017.679,-829.295,3382.5662,2127.4285,0
136069.97,1,2,2,32.99855,0,0,2,0,0,0,152114.72,141930.06,132786.28,137101.23,90911.47,69211.95,-3106.361,-113.910286,6873.4644,-3662.2935,1672.1984,-71916.48,0
105087.01,2,2,2,27.646494,2,-2,-1,0,-1,0,-31249.04,10010.432,16086.505,-620.93774,19080.924,8942.154,1831.9069,2354.6282,9567.862,1420.4714,575.9276,-1559.0331,0
130808.31,1,1,1,45.037376,2,-2,-2,0,0,0,-24667.398,26637.482,42228.996,-1816.508,7630.2896,16028.639,-2914.9353,3422.4297,16354.177,-4621.898,10039.757,-14121.2295,0
127300.484,1,3,1,45.154938,-2,-2,-2,2,-1,0,-21403.281,54194.855,32483.816,-1444.3713,14643.118,12445.723,4830.2134,3161.2485,19612.111,4458.6187,9559.328,-19110.316,0
147699.92,2,2,1,45.64529,1,-2,-2,2,-2,0,-7923.6094,26584.209,32834.4,6708.754,-1991.2533,4139.4297,-3843.8015,3761.0125,6456.4053,-1429.3306,-293.75427,4473.414,1
104979.82,2,1,2,27.799335,0,0,-1,2,-2,0,76250.055,125281.35,42044.25,1648.5466,10831.94,8211.066,-1789.2997,1990.7145,5634.5,-4841.987,921.8529,4773.055,1
107855.15,2,2,2,24.604767,2,-2,-1,0,-1,0,-24857.984,5196.408,28160.326,1800.0154,9633.1455,7841.2676,-3272.2625,3536.3328,6127.6616,-2999.705,-165.31969,-26096.041,1
78057.71,2,3,1,26.076399,2,-2,-1,0,-1,0,-13850.922,8913.631,10576.784,10840.82,19634.305,4766.797,2044.6083,1878.1996,6907.1406,-3270.1675,3704.1384,3048.0808,0
96795.63,2,2,2,27.098307,2,-2,-1,0,-1,0,-21915.258,2781.158,16218.583,6755.4297,17134.227,6627.1445,-554.89777,1862.6893,6852.8013,370.43866,1612.454,973.2748,1
107912.23,2,2,1,45.400436,0,0,-1,0,0,0,52207.305,127230.53,109975.5,63928.12,81589.99,57227.277,-76.31869,1390.8065,8792.814,1172.2493,937.8834,2748.761,1
109226.55,2,1,2,35.458767,0,0,2,0,0,2,24290.607,104806.58,23665.588,11355.068,38193.95,13966.924,6401.9155,-112.86976,22491.055,8072.9604,3516.2087,248.7169,1
132864.53,1,1,2,45.27632,0,-2,-2,0,-1,0,-12455.832,8427.939,78213.61,1866.3982,12972.103,13936.762,-4756.034,845.62537,5863.672,6593.765,11864.01,-23491.082,1
149632.14,1,1,1,44.363377,1,-2,-2,0,0,0,-12687.086,36386.01,26460.168,2455.9333,22055.82,14493.309,-2455.0989,2717.5547,22399.764,3136.96,6413.92,-6564.4336,0
155329.56,1,1,1,43.190804,0,-2,-1,0,-1,0,10904.039,33052.977,11756.382,18360.166,607.14905,3274.3945,-1091.1205,-1001.38293,10525.025,5742.8506,1764.0402,6584.6196,0
115957.42,1,3,1,45.331802,0,0,0,0,0,0,-17221.047,70624.445,44112.13,449.99585,1032.0514,6425.9023,-4771.9053,4063.458,4970.755,-3384.3164,-1325.7743,-3450.936,1
138979.23,2,2,1,45.47789,1,-2,-1,0,-1,0,-17544.148,13186.561,27172.822,4703.039,7211.317,5352.3125,-186.11606,1718.524,21945.076,-1108.5278,2007.6862,5669.1,1
141569.72,2,2,1,38.81346,0,0,-2,0,-1,0,-4846.289,12121.654,25652.352,13273.727,-1136.2103,2540.6758,-1794.1854,1690.8424,8862.529,749.8422,213.18495,7552.72,0
95582.2,2,1,2,31.571125,2,-2,-1,0,-1,0,-18266.406,13944.986,17173.85,5662.824,10231.647,6566.332,-403.10043,2076.7004,6016.3955,273.58856,1866.222,3357.4282,1
145779.55,2,3,2,45.737762,0,0,0,0,0,0,169996.77,171148.03,132315.44,167295.56,110420.086,105307.34,-2539.1165,-786.50354,11419.862,3052.498,3835.0393,3412.7278,0
113022.586,1,1,1,45.567528,0,0,0,0,0,0,15507.57,125583.17,50846.188,5223.0938,28610.998,19539.16,-3143.2854,1939.1158,6634.0596,82.9897,258.4054,5903.787,1
144483.67,2,3,1,44.95962,2,2,0,0,0,0,200601.53,219252.86,95824.75,14712.334,40992.266,17980.176,-5749.004,626.34705,6577.023,-2954.9067,-493.01746,6577.6777,1
119141.63,2,2,1,44.811264,0,0,-1,2,0,0,-30462.227,15426.311,36883.52,-2376.262,7598.0415,11654.66,-4865.8496,2710.6575,5029.0625,-4108.4194,-2144.1902,5944.85,1
148223.4,2,1,1,45.367874,2,-2,0,0,0,0,-9021.824,39108.066,85229.26,35314.97,5291.2153,8412.225,685.0319,782.95105,5820.7754,-2080.6392,7404.8223,6329.542,0
108973.375,2,1,2,29.521042,0,0,0,0,0,2,122104.85,138928.62,114970.56,137594.95,112816.945,92752.51,3004.4937,-2344.1658,16489.07,2619.9927,5135.5825,4955.4106,0
105590.18,1,2,2,25.395325,0,0,0,0,2,2,-13896.18,18823.305,22215.701,10738.879,28323.234,13262.092,870.30927,-114.32044,7821.0566,-3233.5894,1811.1625,4331.1343,0
144327.52,2,1,1,44.219547,2,0,0,0,-2,0,118994.06,144417.02,105774.12,11516.232,136.06702,3647.8828,-1589.9393,4182.3633,6407.5977,-1696.435,9.60414,6987.353,1
140685.19,1,2,2,44.946976,-2,-2,-2,2,-2,0,-17481.672,22506.379,25216.791,3121.8708,5059.813,5400.4844,-2286.549,2983.4592,9422.102,2572.543,1220.5844,4919.516,0
122278.39,2,3,2,45.515354,1,2,0,0,0,0,36190.176,130142.3,89360.3,34788.53,67561.55,45501.914,-4760.8477,2618.5642,6529.4863,-639.81744,1270.0533,2881.584,0
118685.25,1,2,1,45.246994,0,0,0,0,0,0,6377.3555,125506.086,58371.35,3838.7693,19545.684,9633.52,28918.727,1177.6649,24630.705,-3217.1294,2469.8066,-4464.6484,1
100782.49,2,1,2,24.745214,-2,-2,-2,2,-2,0,-22414.562,5058.162,19170.818,4235.3906,15933.071,7409.9707,-2262.7532,2659.8599,5473.417,-4640.609,2088.0452,3325.4438,0
115268.28,2,1,2,41.72365,0,0,2,2,0,0,103663.445,145801.95,123427.63,124586.84,108665.125,93751.5,1024.1617,-1539.8107,5963.0425,645.0268,6777.7993,5510.7725,1
121747.18,2,1,2,35.484417,2,2,-2,2,-1,0,-25135.25,9306.154,23678.623,455.3435,7787.5396,7383.199,-4732.083,2658.122,5215.2446,-4096.4517,340.91516,4522.0713,0
103038.26,1,3,2,25.63559,0,0,0,0,0,0,76950.56,118354.03,24434.717,17539.547,61995.926,30151.658,-312.50034,643.98865,23790.879,-483.9151,3531.3186,1299.5314,0
143161.88,2,2,1,45.65212,0,0,0,0,0,0,-4882.16,44918.645,46219.715,4834.3203,-4517.097,3136.7617,-2674.2932,3827.977,6366.8867,-1527.6313,-2471.1145,8404.45,0
105193.016,2,1,1,37.177383,0,0,0,0,0,0,-11043.977,78847.88,45667.64,6944.7695,27444.352,19090.285,-2578.3718,2876.9045,6832.6714,-1682.7715,596.79895,5165.2886,1
123481.17,2,3,1,45.573154,2,2,-1,0,0,0,-11916.648,29815.83,29023.152,5657.551,10222.8545,6498.631,-3670.701,4362.7544,9457.007,-585.77496,1428.1918,2580.1199,1
143088.11,2,3,2,42.25392,2,2,-1,2,-2,0,-15844.43,36479.18,24278.12,-602.7229,3289.7349,7223.588,-5054.5186,4792.7896,4764.865,-5586.849,1397.6378,5183.353,0
144113.81,1,2,2,43.70556,1,-2,0,0,0,0,-21939.094,18684.383,32083.916,1340.7927,5108.641,6608.336,-2739.8816,2554.6853,7666.543,-3449.8296,356.4447,5943.043,0
108198.74,1,2,2,24.282267,0,0,0,0,0,0,-15711.68,67145.92,35468.285,5231.4375,35564.47,19169.96,-1034.9984,1426.7196,6900.8877,-950.0694,787.3092,2887.9922,0
133722.78,2,2,2,34.624405,2,-2,-1,0,-1,2,-8248.93,11448.607,12381.905,11964.691,9150.6045,4276.785,1596.8912,839.0541,7374.9253,46.833447,2917.2197,1307.8331,0
120415.23,1,1,2,38.853504,2,2,-1,0,-1,0,-25445.688,6338.7285,16617.576,871.55054,11859.884,6984.3438,-3610.2537,2176.451,11023.369,-4224.5044,1503.7235,4185.6675,0
110855.266,1,2,2,34.608723,2,-2,-1,0,-1,0,-18996.266,4441.7324,16071.743,7551.754,13233.085,5732.828,475.51382,889.07947,7964.182,1196.1941,2807.227,4140.4463,0
109854.84,1,2,1,45.128414,0,0,0,0,0,0,-1473.6249,98453.18,63698.266,6805.5,29714.873,19786.467,-3094.5828,3275.3472,6862.982,1846.2051,-414.47595,323.06604,0
136017.28,2,3,1,46.08031,0,0,0,0,-2,0,115585.32,135984.36,122421.734,17589.445,1019.66077,1811.0118,313.61246,2535.094,7760.7085,530.08856,1655.5443,7411.5664,0
148154.22,1,2,1,40.534348,0,0,0,0,0,0,199616.53,201068.4,136485.47,178419.66,109224.47,62818.93,20454.23,-1988.5421,13506.3955,4137.1787,1377.2579,7776.333,0
141431.61,2,1,1,45.526184,2,2,-2,-2,-1,2,-8083.203,23548.215,25643.629,10044.211,4108.145,5015.703,-3233.1003,4191.2905,6155.842,-2407.4766,1095.9674,5724.636,0
101222.86,1,3,1,43.87345,0,-2,0,0,0,0,-14362.461,57022.05,24549.896,5606.3047,23309.914,12429.252,13591.359,1763.3309,7424.849,-2500.21,2816.4507,3825.8574,0
136719.45,2,3,1,45.866913,2,-2,0,0,-1,0,-210.83969,113734.03,90918.164,11672.57,82610.02,8834.129,41316.594,-1371.1583,7124.944,30486.166,14727.728,-9753.752,0
115105.75,1,2,2,40.08807,0,0,0,0,0,0,-18626.023,78471.42,47815.562,3331.3357,14227.1045,7130.631,-3602.1218,2291.0437,12569.926,-825.36237,-731.76306,4454.7295,0
111886.88,1,1,2,28.007011,0,0,-1,2,0,0,-31031.633,38541.82,29033.08,-3215.5315,25326.867,15636.164,-1730.3309,1620.1266,5406.5366,-4536.0864,-212.91783,3592.382,0
151076.39,1,1,2,44.80015,-2,-2,-2,2,-1,0,-5885.1914,27972.125,21161.014,8042.5938,3057.7544,7089.4785,-3753.4158,902.25964,6771.8433,4128.562,1751.9135,7197.438,0
128896.836,2,1,2,24.894453,2,0,-2,0,0,0,-19041.094,64860.61,48585.836,-618.2776,10654.876,17310.33,9173.837,2983.81,4884.538,-3558.1436,9475.279,-25835.123,0
124947.41,2,2,2,24.41119,0,0,0,0,0,0,9625.023,49598.06,37526.973,5082.7812,6790.8286,6341.8926,-2803.131,2397.3633,5870.825,-2941.4912,-477.83777,6642.9087,0
148879.58,1,1,1,45.618126,0,0,0,0,0,0,203237.77,199472.17,138798.95,247269.88,107591.03,92370.82,216.71011,-2124.9734,19583.643,4106.969,3310.0154,32.42052,0
87273.99,2,2,2,25.70439,1,-2,2,0,0,0,-9508.488,78496.84,23658.629,4709.285,47057.805,18545.113,3188.1523,1253.7164,7852.659,-2777.1807,1877.5192,1233.2706,1
149634.25,2,1,1,45.161022,0,-2,-2,2,-2,0,-12990.945,29897.45,39126.56,-700.67993,-4772.8823,6432.3574,-6019.01,5768.2495,4799.7417,-4128.692,-1423.4012,-24005.041,0
110372.34,1,1,2,27.320164,0,0,0,0,-1,0,106405.11,46329.53,33708.996,3735.867,2098.7544,5489.3945,-2904.8987,2030.7335,7643.5356,-573.46,277.28625,7285.555,1
126855.87,1,1,1,45.53224,0,-2,0,0,-1,0,-6360.0,58984.28,24526.748,8428.523,3324.6138,4218.1367,11319.529,1437.0704,6818.384,-145.15483,1812.8695,6673.4126,0
116200.23,1,1,2,39.02849,1,-2,-1,0,0,0,-28771.39,12238.604,25050.455,-2472.5784,8040.9067,9321.654,-2961.9763,2329.0327,5292.5405,-4877.3022,915.7926,5060.3184,1
109865.79,1,1,1,40.94065,0,0,2,2,2,0,49696.43,127764.31,95442.03,52165.65,85483.64,59752.57,-91.066246,145.45885,10903.337,-4124.238,1864.7089,2176.8157,1
137181.34,1,3,1,27.853983,-2,-2,-2,2,-2,0,-8891.41,16443.814,16558.379,9645.094,12290.321,3887.6758,-1081.9305,2085.5422,6153.7085,-2163.9648,3409.4954,4252.8965,0
113472.664,2,2,2,23.927425,1,-2,2,2,-1,0,-25338.453,51941.22,20030.0,1763.988,22003.61,7277.7812,343.88248,1280.9298,10458.729,4643.993,388.07776,3380.1926,1
117160.57,2,2,2,45.23736,0,0,0,0,0,0,-22818.906,13805.791,42684.41,2042.1833,3194.8325,10985.719,-5235.457,3202.933,5225.441,-3029.2764,-2167.0344,7136.155,1
97854.72,2,2,1,36.69715,0,0,0,0,2,2,24427.146,118735.93,67743.11,20154.967,65564.086,36928.758,3284.6067,14.453482,7097.4756,-2720.9438,2809.12,2709.6565,0
112065.45,2,1,1,45.660248,1,-2,-1,0,-2,0,-13096.074,9493.986,23859.205,7660.3477,8164.026,5590.383,-2973.8914,3181.4937,6202.6587,-3126.5059,2160.751,5010.1587,0
127739.43,1,1,1,42.3268,0,0,-1,2,2,0,-24803.672,18426.613,32209.582,631.25757,6784.3755,10645.332,-4003.5017,2591.3174,6035.8506,-4647.984,-132.20396,5078.5957,1
146608.56,1,2,1,45.84974,0,0,0,0,-2,0,176376.17,159658.84,128844.06,11073.941,-3285.3745,4031.0781,-1314.0663,1140.9564,6293.7573,-885.58795,-676.3197,9076.281,0
102162.164,1,2,1,45.52706,0,0,-2,0,-2,0,-15395.383,2892.0642,27998.814,7980.3203,5826.9966,4331.0312,-2991.4963,2610.3906,6177.5977,-2674.6924,719.45374,6206.146,1
106596.04,2,2,1,44.855778,-2,-2,0,0,0,0,-28669.117,122839.38,88813.24,44373.1,91429.77,53366.074,41127.688,-359.0509,8158.316,-99.07866,2748.408,-465.161,0
124547.6,1,2,2,45.064777,2,2,0,0,0,0,100300.805,148530.05,120283.83,107588.805,86608.09,68969.81,-6538.009,3760.3042,6844.198,-312.53717,-1795.4506,-30348.652,1
119593.49,1,2,2,41.504272,0,0,-1,0,0,0,-26983.914,21157.744,32192.598,375.8474,6082.0864,7696.033,-3445.0564,2442.541,6161.749,-1391.7383,-1213.5092,4115.7905,1
93054.69,1,3,1,24.841845,0,0,0,0,0,0,9984.176,115937.6,57589.26,15562.854,25636.293,4417.324,353.9108,2362.784,7176.942,-1016.99615,2509.4124,-18756.715,1
100157.72,2,3,1,45.24937,-2,-2,-2,2,-2,0,-17567.062,11436.15,26024.092,3399.367,7780.063,5744.6367,-3561.8914,3836.76,5237.201,-2980.9873,936.1068,4862.019,0
128648.04,2,2,2,29.506197,0,0,-1,0,0,0,6420.2617,9400.576,129205.89,146745.31,7996.8833,2233.4336,-210.91098,-6527.5244,17740.773,2725.2231,3920.722,6297.766,0
106832.46,1,3,1,45.693718,0,0,0,0,0,0,39784.887,126046.95,79841.586,28685.533,34129.62,18557.152,-1192.5189,1602.3749,22750.953,-1331.5527,2707.644,3713.925,1
109017.945,1,1,3,24.7858,1,-2,2,0,0,0,-33179.727,10454.811,17595.766,-2957.8713,20819.35,12308.871,-831.5052,1368.3031,6414.323,-5758.476,2174.3481,2432.7222,1
116673.65,2,1,2,26.632061,1,-2,0,0,0,0,-25909.82,30018.715,28292.322,1425.0662,19513.803,11120.713,1042.6339,2640.785,11107.382,-1250.5874,1376.8048,2754.2336,1
119780.695,1,1,2,45.198536,2,2,-2,0,-2,0,-22274.734,8837.479,31158.63,-780.26587,4213.77,8300.531,-6064.575,4121.041,4864.57,-4885.1187,389.25842,2062.2969,1
111450.37,2,2,2,24.423727,0,-2,-1,2,0,0,-19840.375,57560.12,19259.414,2203.32,37049.383,17066.29,1760.3163,145.50523,6086.096,-4939.892,1476.392,2070.5715,1
94988.266,2,3,1,26.836037,2,0,0,0,2,0,-19423.883,105468.945,44625.977,12461.107,46211.375,22914.14,15169.457,2741.2307,7037.351,-4230.7456,1625.0018,2459.8657,1
124473.85,2,3,1,25.583162,0,0,0,2,-2,0,-5756.5625,64747.67,28180.047,6467.676,7436.434,6105.244,-481.4017,3861.7588,5492.73,-3628.5938,1855.7301,5109.923,0
143271.19,2,1,2,43.978527,1,-2,-2,0,-1,0,-10909.324,22767.076,24461.463,6968.3633,1044.8209,5242.5,-2393.5798,1544.3241,18008.969,-1325.3882,2174.2185,6632.318,0
118243.17,1,2,2,25.065105,0,0,0,2,2,0,-26750.266,33424.82,33260.543,1801.2341,26381.967,17486.43,-4337.706,1647.1268,5988.447,-4523.0767,-1274.6371,2966.6772,1
107250.54,2,1,2,39.286304,0,0,2,0,0,0,73194.98,131642.69,116180.984,92878.7,94453.94,44187.043,-84.71322,766.21814,8464.895,-573.8809,3825.0579,4086.658,0
111407.09,2,2,2,44.10875,-2,-2,-2,0,-1,0,-24530.875,-4672.8496,17816.268,6213.047,11786.552,5222.2227,-1267.7831,987.35486,6417.347,-1990.0903,226.33339,3506.703,1
137554.72,2,2,1,45.42878,0,0,0,0,2,0,66847.25,128627.414,113002.375,87960.164,82814.56,60497.07,-1355.3617,1871.36,12448.769,-1882.71,497.984,2056.6865,0
118862.01,2,3,1,45.111176,1,-2,-2,2,-2,0,-20792.062,54829.07,28761.344,-389.44165,4306.43,8248.51,601.28094,3892.6768,4776.653,-5041.93,1189.0365,4712.9277,0
143648.84,1,2,2,33.74705,2,2,0,0,2,0,175626.36,134704.9,112603.76,90617.35,86274.46,64737.844,-3777.8396,1506.3727,11308.025,-1992.895,1509.7787,4685.453,1
87717.83,1,2,2,29.031181,2,-2,-2,0,0,0,-24195.852,253.66974,12334.878,9340.0625,49828.707,23298.75,-525.1346,1797.0648,22953.135,-3135.0913,1903.9366,1079.7025,0
144204.12,2,1,2,43.48314,2,0,0,0,0,0,-24918.86,29302.701,53455.383,-1877.3284,9115.235,15147.271,-6011.0244,3089.0535,15070.894,-3520.33,7320.224,5629.152,1
117599.68,2,3,1,42.043816,2,0,0,2,0,0,73328.22,139838.03,113897.52,91380.61,95632.6,83865.21,-5326.4316,3324.4587,4466.4014,-1456.1147,2881.6577,-21931.098,1
115064.99,2,2,2,45.193493,0,0,0,0,0,0,-12203.34,125665.63,48562.426,4596.504,28027.498,19740.184,-3221.1238,1804.9332,6669.8833,-1464.603,-644.53894,5878.098,0
138034.67,2,1,2,44.209106,0,0,-2,2,-2,0,151243.17,26627.107,41474.434,3448.3982,-5611.234,5188.2188,-5475.1064,4665.2007,5842.1943,-2554.2793,-2927.9436,8166.781,0
103115.57,2,2,1,45.490677,1,2,0,0,-1,2,65425.625,123165.76,91256.02,68453.836,89572.336,56536.883,483.96402,503.10437,14018.689,-3014.4097,2672.905,1953.9777,1
108101.29,2,2,2,24.486502,0,0,-2,2,-2,0,-25150.719,4084.068,32271.037,2638.9294,5124.016,13334.084,-4649.451,2752.0752,5157.2437,-4214.988,7604.263,4376.143,0
127282.14,1,1,2,43.29309,2,-2,2,0,0,0,-6455.043,1616.1112,18805.148,151424.86,121919.766,94585.69,-317.9305,2454.9548,46444.523,528.3691,6286.2314,-5683.2725,1
142703.28,2,2,1,45.658794,2,-2,-2,0,0,0,-16833.406,29566.357,36119.598,124835.73,110315.65,25397.79,6500.984,2333.1736,37316.414,-4086.5493,19356.066,1130.3468,0
137007.6,1,1,1,45.326515,2,-2,-2,0,0,0,-18498.82,5529.4473,27248.352,3643.4763,15086.997,7159.6855,-3781.615,2282.6865,14263.295,363.5302,1704.2819,4836.3716,0
140513.34,1,1,2,25.616846,1,-2,-2,2,-1,0,-14465.605,13662.764,22759.303,5823.172,5278.348,5463.918,-3077.1638,1129.5175,6166.9976,823.45575,2744.1704,6145.1777,0
130324.2,2,1,1,45.213146,2,-2,-2,2,-1,0,-13974.914,24134.002,24596.438,4573.1562,18053.453,7149.5312,-3314.619,3490.7563,5537.6807,8687.368,1455.7233,1052.8917,1
132059.69,1,2,2,44.48553,0,0,0,2,0,0,96086.4,132868.9,116434.54,82055.66,97380.36,74625.4,-3846.1003,402.70935,5673.8745,1386.8855,778.97473,1737.3856,1
96319.8,2,1,1,44.973637,0,0,0,0,-1,0,42738.71,110702.7,68260.695,18670.838,45774.33,18575.076,-980.4544,-37.688606,8031.936,31848.697,3338.1409,5713.7983,0
129097.71,1,2,1,40.038994,1,-2,-1,0,-1,0,-18483.195,9126.279,20262.564,7426.8555,6238.7583,4515.6562,-250.09702,1574.3942,6797.783,-1625.4136,1974.1095,5839.793,0
149521.69,2,1,1,45.47689,1,-2,-2,2,-2,0,-10825.781,23801.93,38247.3,2042.1013,-5216.6284,8543.023,-5593.6367,3761.963,5115.053,-2758.748,3085.5378,4383.93,1
120374.164,1,1,1,44.984188,2,-2,-2,0,0,0,-22229.648,1579.9706,17886.0,12013.617,23478.143,10169.428,-2724.0798,2163.0598,24916.107,-4812.8267,3898.126,2442.6643,0
132781.66,2,2,2,34.148327,1,2,0,0,0,2,-19315.578,35386.367,32440.438,3348.699,16850.877,11797.406,-2626.156,2872.3506,9891.6,79.77095,890.4369,2100.0027,0
106259.51,2,2,1,42.229626,0,2,0,0,0,0,57676.316,123776.39,81989.6,22377.982,53564.004,29956.861,-1842.8031,2739.047,8654.558,1083.5408,1402.6539,3824.4475,1
102697.39,2,1,2,35.445232,2,-2,-1,0,-1,0,-13511.234,17289.938,17910.053,7729.617,7625.024,7598.7617,-2117.3,2382.1357,6185.5063,-892.35065,3968.7632,2527.506,0
110763.33,1,3,3,45.20113,0,0,0,0,0,0,24290.395,125025.06,83897.195,28347.562,59366.54,38100.48,-3360.7898,2384.8066,7597.517,26.387646,2106.0024,1911.1383,1
106578.15,2,1,2,37.22035,0,0,-1,0,-1,0,-20328.36,68809.65,32572.941,204.43726,-104.69861,6797.0273,-924.71954,3278.5234,5455.8545,3137.2317,1135.3695,-17236.479,1
146277.27,2,2,2,27.226894,1,2,0,0,0,0,192176.9,195873.81,134535.48,220267.75,115194.2,69694.625,-5505.5166,-36.918587,16934.96,4304.896,2011.8229,-2440.2788,1
141552.3,2,2,2,29.139797,0,0,0,0,2,0,50647.92,129863.49,112162.1,90621.7,50096.227,13709.166,-3123.7087,3956.6392,11281.48,-4162.0913,-2379.7654,-32703.824,0
130291.89,1,1,2,38.775196,0,2,2,2,2,2,-24826.438,12352.764,17827.14,2158.4294,11843.712,10142.379,-2708.6477,1215.1991,5612.9233,-4763.5776,1835.4957,4210.903,1
91896.164,1,3,2,24.83266,0,0,-2,2,-2,0,-16817.594,8258.439,22920.846,5766.2812,12055.333,5715.836,-3163.0964,2727.1401,5519.3555,-3974.96,2178.6382,4354.902,0
117122.09,1,1,2,45.36095,0,0,0,0,2,2,17680.652,113139.586,55428.984,18415.664,57057.414,31882.133,-467.24692,-9.917124,11479.136,-2418.8394,3177.5796,4041.7031,0
103285.67,2,3,2,24.93832,0,0,2,2,2,0,-984.1952,118016.4,48589.887,6481.3984,55586.008,30898.568,496.93082,967.51526,6929.825,-4350.8804,1495.9769,257.3009,1
104765.805,1,2,2,38.794018,2,-2,0,0,0,0,-30256.102,131667.98,45252.24,47.67164,57240.89,9622.98,40585.84,441.66345,6501.3574,-2837.9155,1463.0653,-25005.242,0
102689.77,2,1,2,24.916191,2,-2,2,0,0,0,-35764.977,17949.373,14556.487,-3774.6057,23510.361,15624.609,1266.4125,1457.5433,8756.033,-6102.4565,6800.7456,-2186.7812,0
104746.26,2,1,2,24.471437,2,-2,-2,0,-1,0,-26722.055,5395.295,21883.143,1424.3708,13325.044,27755.947,-2174.6233,2058.9998,8030.568,-445.08453,21854.795,-23151.643,0
94050.44,2,1,2,24.740454,0,0,0,0,-1,0,-7833.617,84994.89,28725.248,9614.816,13397.39,5526.2344,3558.8555,961.8978,8511.391,-2874.8594,2189.844,4775.7993,1
120025.64,2,1,2,31.03537,-2,-2,-2,2,-1,0,-24615.0,9702.025,33239.35,172.28491,7411.938,12646.219,-5112.6133,3825.826,5534.799,1935.4045,-1106.9618,-26655.02,1
128296.96,1,2,1,39.111984,0,0,0,0,0,0,96011.586,133153.69,119853.83,10385.463,3450.184,2909.3984,1283.9591,1313.1447,7874.2656,-778.9932,1365.4169,7166.162,1
115148.16,2,2,2,24.212587,2,-2,2,2,-1,0,-24462.836,28064.477,10258.874,-991.2229,28807.572,8707.355,7014.3315,401.30017,5661.3203,7052.3145,464.61316,1907.3065,0
142716.6,1,2,2,32.90199,2,-2,-1,0,0,0,-12600.695,85517.37,29059.432,720.7888,53770.64,29479.348,718.592,1488.1984,7574.2314,8541.239,9065.249,1745.7811,1
150346.1,2,2,2,27.75227,0,0,0,2,-2,0,105392.375,116239.69,47955.133,100.601326,-6831.7573,7165.633,-6266.1494,5139.208,4462.669,-3573.401,-3931.9158,-24919.111,1
93276.37,2,3,2,25.164108,0,0,0,0,-1,0,58771.363,115889.984,89226.38,62258.984,16160.593,26709.535,5745.0586,-171.71498,9135.782,-409.7447,30853.943,2487.934,0
126162.09,2,3,2,39.71395,2,0,0,0,0,0,141886.12,158433.64,123263.89,144818.53,105806.32,99804.29,-2798.0037,1493.7704,10318.631,765.12177,3382.6665,1039.2128,0
140102.94,2,2,2,31.192928,-2,-2,-2,2,-2,0,-23511.484,12139.818,28782.75,1317.9373,2605.145,6859.59,-3949.3015,3307.933,5795.5845,-2377.775,787.10974,27.751575,1
120959.42,2,2,1,44.74397,0,0,0,0,0,2,130268.5,141962.05,120378.875,139937.52,106616.29,78248.58,2191.5435,-755.379,12502.705,4934.3027,2623.6482,3168.9875,0
135795.25,2,3,1,45.673786,1,-2,-1,0,-1,0,-8560.527,12406.709,22652.07,10746.945,5770.5786,4111.2344,-1683.2645,1515.8815,8229.641,1048.906,3272.7854,5883.347,0
114436.48,2,2,2,44.6934,2,-2,0,0,0,0,-30533.844,21987.273,33035.74,-2216.3323,11172.862,11995.711,-2999.6238,3366.074,5260.1265,-4907.2017,-1727.9052,-2018.6215,0
113484.26,1,1,1,45.05717,-2,-2,-2,2,-1,0,-20095.086,7138.0605,25744.527,4032.953,6982.969,5271.7344,-3230.325,2344.8464,6934.238,2075.9727,731.6742,5940.933,0
105242.38,1,2,2,28.574537,0,0,0,0,0,0,36730.03,123399.54,73689.87,9527.918,55087.418,16702.76,778.71454,445.80896,21936.352,-1378.1006,1811.7682,1971.6881,1
97638.55,1,3,2,25.042494,0,0,0,0,0,2,-14776.273,19178.756,22000.574,9899.93,30453.67,11545.764,1415.1962,369.6327,6846.5493,-320.93805,3398.906,3328.2217,1
100569.79,2,3,2,28.926624,2,0,0,0,-1,0,-22697.82,10616.912,23050.99,4574.8516,26711.81,17457.127,-3892.0642,3253.2983,7398.6655,11186.725,1376.4191,2567.72,0
101129.81,1,1,2,40.89235,2,3,2,0,0,0,-7083.668,63126.09,28348.123,5283.84,44233.68,7241.9297,-1202.0052,1785.2965,21587.445,-3758.5938,1579.6945,1635.9857,1
132999.31,2,2,1,35.926453,2,-2,-1,0,-1,0,-13928.793,11096.521,16761.912,9400.469,8023.3716,4440.9375,307.23795,1874.1105,6634.6353,1140.8008,1941.298,5602.9697,0
132560.73,2,2,2,24.809624,2,0,0,0,0,0,-5211.668,137684.7,113229.94,111902.99,109970.08,76252.164,43556.51,-1727.8092,8893.696,884.3288,4479.765,-515.9208,0
99467.25,1,2,2,26.1963,2,-2,-2,0,-1,0,-9832.32,2387.3923,9974.276,8384.09,60542.324,14989.385,941.7763,546.26794,11725.016,28705.033,3657.6882,1870.4691,1
120076.055,1,3,2,42.587288,2,-2,-2,0,0,0,-24115.008,22765.0,26387.771,-713.8518,27665.145,9721.131,-2648.428,3616.2593,12770.338,2571.7134,2268.2632,-21716.598,1
132377.02,2,1,2,29.511623,0,0,0,2,-1,0,34150.344,24295.521,31184.086,4815.383,58929.477,40483.72,-5440.1416,1999.8475,5612.1025,24279.633,1018.19104,5375.0356,1
101655.83,1,1,1,45.13351,1,-2,-1,0,-1,0,-13104.973,9449.068,21194.223,8418.168,5796.5435,4160.039,-1693.9506,1810.8695,6454.2085,-1272.4644,1709.6779,6084.5864,1
115523.36,2,2,2,44.566032,0,0,-1,0,2,0,-24905.023,46916.816,37186.6,1531.8083,19133.156,16994.477,-3333.1072,2722.919,5642.239,-4206.9155,-1868.1556,5954.4824,1
135975.25,1,2,1,44.580063,0,-2,-1,2,0,0,158840.9,169253.77,132811.12,172399.84,108021.04,107586.945,-1750.5829,-1541.6622,6858.976,4083.5386,5075.8506,-256.72693,1
144606.67,2,1,2,43.167946,-2,-2,0,0,0,0,-19226.656,21412.508,34233.734,-1092.3206,5535.391,9900.455,-4983.4355,4368.1616,4879.976,-3636.1626,-525.7191,-2877.329,0
112583.92,2,1,2,32.13669,2,-2,-2,0,0,0,-23200.43,7610.365,27823.16,1022.35913,11286.228,12808.404,-3636.487,2669.636,5317.009,-3960.2646,6677.6665,1589.173,0
150721.0,2,1,2,43.497944,1,-2,-2,0,-1,0,-6018.043,32418.932,28351.188,4751.9453,-5239.308,6900.207,-3823.1287,2207.0024,8057.0664,814.9714,5933.995,-22285.475,0
131449.53,1,1,2,27.89611,0,0,0,0,-1,2,-5231.0664,14045.436,17599.385,15393.037,10883.675,3750.8945,955.8984,-163.18666,8488.126,499.25262,3177.0144,5649.468,0
139359.48,2,1,2,43.619923,0,0,-1,0,0,0,-12583.047,46881.242,34854.297,1899.1287,175.80139,5609.422,-2042.0751,3032.138,5830.367,-2910.4932,330.77673,7359.965,1
125080.58,2,1,2,42.034843,2,-2,-2,0,-1,0,-15867.648,38885.83,27575.607,3780.3865,68509.76,21208.695,-271.20834,3049.105,5782.5615,9153.573,17168.66,2962.5742,0
111643.73,1,2,2,34.050716,2,0,0,0,0,0,151037.89,170559.94,15290.696,152775.89,126003.67,83366.914,-332.3973,1106.5243,50916.14,26.11372,3352.3489,-3966.2568,1
119063.23,1,1,2,39.50952,2,2,0,0,0,0,55144.77,124674.67,82559.914,34742.74,83886.91,58424.598,-2752.4583,1393.8561,7661.0767,2124.384,4134.726,3574.1055,0
105665.914,1,2,2,35.925358,0,0,-1,0,-1,0,17808.36,120824.055,29331.146,7605.1406,20841.256,5370.7227,4087.0208,74.75329,15910.582,6807.037,2368.495,5662.489,1
156158.42,1,1,1,45.390274,0,0,0,0,0,0,191087.08,194406.05,140819.17,226734.78,120637.93,123470.79,-1000.0999,-1941.5411,16256.675,2624.3423,37948.605,-21249.684,0
142422.81,2,2,2,24.771593,0,0,0,0,0,0,186970.28,198874.56,136388.6,228947.58,124356.086,124756.6,523.38153,-3339.555,16003.625,4077.4102,7800.161,-6789.0264,1
101853.51,2,2,2,24.759817,0,0,-2,0,-1,0,-13023.6875,15795.881,24758.11,8663.496,5255.2974,7063.703,-1009.76105,1672.0172,6458.7734,-877.1607,3605.6792,1579.65,1
103241.48,1,1,2,24.994802,-2,-2,-2,2,-2,0,-27731.64,7559.838,19818.635,61.624763,15088.671,8681.299,-3661.7878,3375.8567,6051.763,-1010.0059,1420.9926,-20906.7,0
116338.836,2,1,2,39.165977,1,-2,-2,0,-1,0,-13690.258,5249.658,19999.936,9524.246,8448.54,5210.051,-1460.4642,1740.7018,12403.412,-2203.3105,2490.0103,5153.944,0
145402.27,2,2,1,45.107067,0,-2,-2,2,-1,0,-19569.68,78630.09,35987.277,-1175.9807,-1643.0853,16330.488,11509.127,3613.951,4955.4346,3041.622,13146.726,-19782.91,0
116345.695,1,1,2,33.06282,2,-2,-2,2,-2,0,-11371.387,8905.779,22513.652,406.48804,7250.0435,7302.287,-4726.2754,3167.7446,5154.5103,-4411.855,1016.1825,4585.439,0
105081.57,2,1,1,45.773834,0,0,0,0,0,2,60461.13,123376.17,101869.68,63993.86,85132.4,53529.473,739.1716,487.2079,9172.165,3524.823,2182.6917,2161.0027,1
146678.23,2,2,2,28.029945,2,0,0,0,0,0,60857.805,127032.336,110543.29,78868.84,79932.555,59972.37,-2433.3108,2247.32,8448.259,2024.9666,1364.0873,4145.814,1
116960.016,1,2,2,45.280773,0,0,0,0,0,0,-19961.344,105213.42,36306.734,5698.836,17799.486,12425.553,-3342.2166,1560.4667,6845.515,-2236.6953,-260.11218,5867.058,0
100861.3,2,2,2,25.195602,0,0,0,0,-1,0,-14209.676,4902.158,21172.633,11399.854,69829.96,28999.57,-1552.6791,314.52527,6969.7266,28760.021,2493.0852,4128.989,1
105232.055,1,2,1,31.58798,0,0,0,0,0,0,-20580.805,38486.867,31433.367,6661.4688,10681.938,7613.6895,-2241.9602,2335.0847,5899.5347,-2933.6992,334.09778,5615.918,0
129451.375,2,2,1,41.256214,1,-2,-2,2,0,0,17326.77,22190.393,32682.266,-148.6643,2862.1333,8417.752,-2329.2214,2951.8027,4860.1323,-4556.895,-117.69762,5652.987,0
107269.14,1,1,2,24.295153,0,0,-1,0,0,0,-20323.117,43786.99,27057.242,3409.777,29607.92,13334.916,178.88297,1474.1176,8385.301,-3609.9263,1657.5919,4036.2366,1
135904.39,2,2,1,45.873028,2,-2,-1,0,-1,0,5387.7695,66762.484,109092.734,11875.604,33003.992,2900.793,20846.488,-2100.9875,13215.323,17328.125,3347.6946,2856.6904,0
93868.234,2,3,1,45.5534,2,2,2,2,-1,0,124284.086,139300.9,106574.92,94545.94,79460.23,42536.57,-741.4212,519.55896,8582.546,36424.152,5333.77,1722.7977,1
133003.78,1,3,1,45.446075,2,0,0,0,0,0,133359.03,146190.47,94625.83,47402.89,75081.914,52003.652,-1795.5355,2830.4736,8988.205,1094.3291,2938.5554,3313.3796,1
150030.34,2,1,1,41.38873,0,0,0,0,0,0,186367.5,178803.25,133432.89,169391.75,86632.13,80100.02,-264.58774,-896.7853,12280.568,136.42427,35494.47,6335.682,0
110679.734,1,1,2,45.247494,0,0,-1,0,-1,0,-18775.516,47440.473,26574.086,4102.074,18563.959,10627.135,-1054.3505,1442.8783,7240.8823,11290.667,1108.5365,6178.8794,1
111834.26,2,1,1,45.79619,0,0,0,0,0,0,5927.9336,121082.836,79891.21,22033.623,66713.7,12135.389,-3454.7185,3021.8447,7190.7446,762.7741,18.910782,6575.3584,0
121295.95,2,2,2,25.388382,2,-2,-1,0,-1,0,-19366.336,1370.287,16372.423,9053.922,19317.797,5969.926,735.88885,1155.5126,17822.152,-1650.731,2940.5808,3333.696,1
121545.125,2,2,1,43.747135,2,-2,0,0,0,0,-29443.812,26162.39,32176.018,-60.26586,14570.7705,10001.168,-211.23813,3211.861,10602.16,-4669.572,794.3756,-307.5448,0
95959.836,2,2,1,27.124853,0,-2,-1,2,-2,0,23372.918,27692.396,21651.818,7760.6445,7672.063,5621.6016,645.2121,3172.1199,9796.641,-3577.4834,1547.3068,5480.3037,1
146663.55,2,2,1,43.78634,2,0,0,0,0,0,140862.98,163212.31,129578.336,119612.414,94932.305,82507.19,-4213.375,3203.394,7966.609,1452.1873,-585.69763,-13694.819,1
145455.52,2,2,2,38.656513,0,0,0,0,0,0,192582.1,184985.69,132814.28,152124.3,104340.36,99831.43,-2161.3967,-1650.7032,10103.777,2895.0083,1011.4381,6694.282,0
142830.45,2,2,1,43.46983,2,2,2,0,0,0,170300.98,179036.81,128818.484,187664.25,104992.49,91668.51,2032.9799,-162.98793,15545.35,1710.3069,14113.582,6335.1406,1
117310.16,1,2,2,42.729828,0,0,0,0,0,2,110754.766,137215.81,118164.47,111813.65,109101.39,80009.89,2240.565,-1667.6183,10410.632,4283.892,2571.1125,2474.638,0
111495.266,1,2,3,45.914852,0,0,0,0,0,0,40526.484,123052.914,95161.48,38324.082,-3614.7104,-2745.1914,-1463.5419,1781.1403,10803.699,5988.157,1786.2667,6312.4463,0
110128.43,2,1,2,24.955513,2,-2,2,0,0,0,-24198.227,63782.465,22340.734,-153.36743,21286.787,8565.316,24934.666,1984.8505,5507.674,-5487.738,2052.828,2562.6553,0
140046.05,2,1,2,43.269794,1,-2,-2,0,2,0,-17537.672,3127.443,29746.72,5933.3047,2729.766,7962.375,-4150.453,1737.421,6860.277,-3093.3716,2218.029,6282.968,1
138015.5,2,3,1,40.836155,0,0,2,2,0,2,73403.89,125961.82,104523.05,86463.664,92914.914,61026.516,4036.1309,-580.42004,9471.696,1159.9907,3516.6956,2453.787,1
151332.7,2,1,1,46.49758,0,0,0,0,-1,0,189720.94,154291.47,128337.4,94444.63,25790.963,2220.6562,358.45523,-2527.7136,11153.207,16762.3,4928.128,9312.626,0
107430.11,2,2,1,45.430855,1,2,-2,0,-1,0,-21929.469,27344.668,35830.254,2379.574,3850.0396,7783.4434,-4535.1367,3701.9556,11561.589,2641.7212,1273.3417,2099.521,0
109396.0,2,3,2,44.876316,2,-2,-2,0,0,0,-20201.79,20739.725,26543.238,1192.574,7918.819,6988.1855,-3122.4973,4118.163,8357.538,-200.52446,573.6332,-6051.492,0
117128.38,2,3,1,45.402775,0,0,0,0,0,0,-19575.352,56995.39,54418.242,1018.61694,3849.9185,9659.939,-4301.747,4396.942,13051.109,-4035.9565,-1311.6805,-3498.4707,0
97165.91,2,2,2,25.126167,0,0,-1,0,2,2,-9040.855,-3974.8616,19182.227,12768.58,37666.566,17173.127,538.8713,-204.4098,8493.54,-3219.523,2643.0894,4135.5615,0
110258.71,2,2,1,44.70774,0,-2,-1,0,-1,0,-21502.36,33714.82,29838.688,2831.2146,2920.7817,6632.9375,-219.0726,3818.7412,5084.9365,-2242.2383,-1533.4486,-24044.25,0
111559.78,2,1,2,42.749153,2,-2,-1,0,-1,2,-10319.285,11166.908,13245.616,11271.203,12565.265,4675.9375,1356.0753,1396.0814,6893.884,2099.2117,2935.7234,4742.048,0
111103.836,1,1,1,45.091,1,-2,-2,0,0,0,-26693.21,-1970.7247,25917.506,2901.0818,12053.315,10718.039,-4267.8633,1511.6373,13008.991,-3803.0112,3996.712,4389.466,1
141643.95,1,1,2,41.035763,1,2,0,0,2,0,191527.6,192291.12,131775.69,6366.203,2915.938,9895.066,-5820.2793,-3666.5354,12098.573,-2635.0903,3195.4941,7633.44,1
110557.83,1,3,2,45.656395,0,0,0,0,0,0,67512.94,130157.17,105375.125,70723.98,20042.85,13740.012,-1515.7968,1055.3597,7782.9565,-1352.8057,2054.6711,5329.7153,0
113802.71,2,2,1,31.672827,0,0,0,0,0,0,63857.566,130455.43,120667.27,89777.92,33275.414,27591.041,-1889.3363,2611.6992,19080.35,2972.6345,24294.854,-25430.404,0
144033.11,2,1,2,42.483402,1,2,0,0,0,0,5294.25,94553.24,51228.516,1963.906,10665.69,8038.6387,-4819.9424,3733.945,5755.049,1108.0059,908.9581,5761.086,0
95564.49,1,2,2,31.912643,-2,-2,-2,2,-2,0,-23034.04,48229.754,24124.275,1813.8005,36831.94,18819.418,565.342,2680.0193,10526.698,408.34344,365.5121,2390.3706,0
152797.23,2,1,1,40.168144,0,0,0,0,0,0,-12838.238,54611.97,44263.145,974.3904,10864.427,21978.508,-4820.254,4700.875,11273.679,-74.51909,7226.6357,2488.535,0
107620.02,1,3,2,45.070805,2,-2,-2,0,-1,0,-23620.586,-1506.4708,13673.085,4245.3047,20323.377,7166.199,-2301.1428,693.43445,19368.285,-3092.4546,2042.7465,3001.6433,0
97613.55,2,3,1,41.348335,-2,-2,-1,0,-1,0,-19914.836,25555.518,20854.502,3514.7732,16171.96,9650.684,4770.815,2188.516,20158.414,1996.8274,6481.8354,115.98302,1
133429.1,1,3,2,45.37273,0,0,0,0,0,0,96104.25,131964.6,47207.55,-56.441643,6418.684,16603.346,-4964.9297,2801.5654,5661.9766,0.13325205,4033.685,-20815.37,0
95357.8,2,2,2,24.909412,0,0,-2,0,-1,0,-14260.023,-1642.2911,20156.535,11327.039,12565.489,4310.1484,-332.4691,925.8568,7634.4824,-2195.4429,1621.1146,5326.1665,0
145930.61,2,3,1,45.46989,1,2,0,0,0,0,-15088.531,37380.227,40117.19,2723.2341,21935.152,7607.6523,-4981.832,4819.615,14311.955,-1400.4165,669.8502,4399.1094,1
111803.79,1,1,1,34.2827,0,0,0,2,-1,0,-25778.96,15609.588,30358.799,2568.2185,6924.3286,6786.9043,-4066.4617,2121.9795,5483.192,813.455,-163.5692,5936.212,1
105850.28,2,2,3,44.961174,2,-2,-2,0,-1,0,-23832.336,2956.6619,27546.268,3401.6482,6775.5356,6879.8223,-3489.2722,2215.964,5923.345,-3223.4746,274.47888,5284.9517,0
118767.4,2,1,1,43.50483,2,-2,-2,2,-2,0,-23701.164,18349.293,30018.299,-974.926,2989.0396,7823.744,-5829.579,5119.21,4358.848,-5415.0317,-12.329942,-7362.453,1
121590.305,1,2,2,35.888412,0,0,0,0,0,0,-21556.758,64122.258,43910.934,1529.1716,29776.857,31831.576,-2733.069,2125.9138,8244.328,-707.5289,10383.553,4570.5244,0
91085.03,2,2,2,24.4542,-2,-2,-2,2,-2,0,-27162.195,10890.58,18593.748,3634.5896,35549.777,13293.66,2369.7063,2211.753,16825.467,9029.264,8203.716,824.00476,0
113003.02,1,3,2,43.397583,0,0,0,0,0,0,-20961.117,18613.346,32125.877,3550.8982,9118.737,9412.172,-4189.285,2630.5652,6022.1914,-3238.9692,396.0868,4807.083,1
118021.05,1,1,1,35.45738,2,-2,0,0,-1,0,-17681.172,11081.271,18176.135,6339.8906,9782.179,5351.129,-1258.4452,2290.5317,5966.6694,-1817.519,1771.4918,4778.87,1
86957.85,2,1,2,29.723978,0,-2,-2,0,-1,0,-9522.297,2559.2166,10954.171,10613.871,51464.01,25356.582,-318.8021,-247.55434,7855.29,26020.398,3636.8413,5009.2793,0
100298.68,2,3,1,44.19173,0,0,-1,0,-1,0,-4533.6562,21821.914,21972.426,13909.752,4689.641,3266.4648,-1012.75275,2105.9128,10346.611,-966.52594,2236.0637,6328.143,0
110845.36,1,2,2,24.22144,0,0,2,2,0,0,-27558.977,22223.078,18119.979,2738.5896,38738.54,14625.041,3257.1072,264.12048,7977.847,-4484.5825,505.6222,1768.1578,1
153072.73,1,1,2,45.020527,0,0,0,0,0,0,196325.73,206138.27,141993.6,222012.92,123997.664,124230.46,-2652.928,-3288.1409,13432.895,2433.5493,5772.7285,-3996.3838,0
101215.875,1,3,1,45.814617,0,0,0,0,0,2,14599.277,110218.55,66041.52,23560.287,37834.562,17569.611,710.27655,906.9877,8038.164,2990.253,2948.9377,4357.881,1
115440.734,1,2,1,44.270412,2,0,0,0,0,0,100184.97,141017.78,101823.14,8713.121,16960.668,6312.756,-1567.555,3038.9797,9033.759,2190.654,383.64978,5657.0684,1
148268.33,2,1,1,45.623943,0,-2,-1,0,-1,0,-919.8944,20966.754,23852.469,8502.648,-608.2728,4817.875,-3572.6257,1256.8932,6738.686,4126.1187,1105.8646,7933.6606,1
141045.4,2,2,2,37.84742,0,-2,-1,0,0,0,-21281.531,22062.15,52818.367,-686.4026,4913.02,8662.076,-2659.4045,2729.892,8817.071,-3782.5386,955.73254,-25270.926,0
105328.875,2,2,1,45.73902,0,0,0,0,-2,0,-3903.6482,101307.05,48760.92,10715.852,3504.356,4237.207,-1814.3822,3198.162,6129.445,-2067.4673,-286.891,7033.206,0
145126.53,1,2,2,45.263737,2,0,0,0,0,0,87941.15,138048.05,120702.06,102632.016,97910.94,86313.484,-3597.7195,1242.7667,8034.307,1484.6182,6784.736,7051.873,1
131476.56,2,2,1,29.328917,0,0,0,0,-1,0,350.63297,117578.81,54863.23,9697.25,6764.8013,5403.0195,-1846.7079,3906.7986,6738.768,4019.229,-1848.4594,-28818.031,0
143221.97,2,1,1,45.414337,2,-2,-1,0,-1,0,-8180.3555,29180.361,20579.12,6544.1016,881.9772,4520.508,-1671.5511,2452.037,6727.175,-686.8389,1295.0934,6888.1846,1
108588.22,2,1,2,24.254366,0,0,2,0,0,0,-23465.04,27787.8,28914.121,3545.9763,30912.553,8647.281,-968.0872,1660.9547,17794.697,-4406.3257,1545.3632,3124.9678,1
123703.29,2,3,2,46.060863,-2,-2,-2,0,-1,0,-1182.7655,1157.3612,1336.2019,10216.375,110056.52,88299.54,-3591.3835,-3524.3254,8774.648,43600.17,6636.4185,-1527.723,0
129767.28,2,1,2,26.115993,1,-2,-1,0,-1,0,-16676.25,8222.557,20962.676,6611.133,9434.8955,5911.172,-1730.7968,1238.7933,6603.5366,-2442.4805,2597.305,5167.2124,0
142604.53,1,1,1,45.49568,2,-2,-2,0,0,0,100811.836,7965.9316,35756.766,1990.4568,77098.11,46030.34,-6293.8457,2363.395,26873.354,30085.812,40898.633,-29537.766,0
139942.36,1,2,1,44.812527,0,0,0,0,0,0,184169.23,188384.75,132416.72,178974.02,110751.08,101934.78,-1601.9628,-1886.3741,12432.488,3710.455,2659.2266,3542.3008,1
103739.25,2,3,2,45.663033,0,-2,-1,0,0,0,38020.52,17991.783,27274.756,6970.824,2884.8638,7151.084,-2560.848,2318.914,6139.593,-1428.3062,1297.3534,6667.694,0
103528.65,2,2,1,43.06562,1,-2,-1,0,0,0,-20326.719,3221.826,31020.21,5242.754,25732.23,15558.008,-2114.6296,2937.6528,9591.093,-1564.4297,1164.1942,4193.827,0
115408.164,2,2,2,45.112244,0,0,0,0,0,0,56548.855,131158.58,114005.44,61921.695,25565.81,23977.73,-4063.1833,3298.9084,7582.3154,-1909.4453,-2409.5447,-23915.832,1
113280.76,1,1,2,40.729008,2,-2,-1,0,-1,2,-12788.547,46168.164,9531.694,10410.025,17327.22,5767.7656,15049.483,-486.37122,7663.644,-576.44,3864.7952,3670.5933,1
104104.13,2,3,1,43.530045,1,2,2,0,0,0,81672.086,136073.44,109428.055,90866.91,97326.71,67011.01,-435.21664,2060.0894,8669.498,308.45624,3461.395,2051.9487,1
108544.25,2,2,2,28.099686,0,0,0,0,-1,0,138920.33,128049.61,117271.46,19049.744,116902.12,94576.445,1734.0443,-4643.533,9352.803,47001.75,6612.724,2152.6318,0
107423.74,1,2,2,24.264565,0,0,-1,0,0,0,-22327.977,56886.06,25373.559,3281.8787,16419.8,6308.1895,2248.5635,1628.3087,6420.079,-3860.5513,990.7892,4678.7754,1
146531.38,1,2,1,40.061707,2,-2,0,0,0,0,-16980.219,12808.686,24509.365,5108.8867,7028.227,6332.1484,-3184.1423,2220.5195,7126.086,391.57538,2051.602,4148.0825,0
129882.32,2,1,1,45.05649,1,-2,2,2,2,2,115901.51,142089.1,114793.89,126519.78,111706.016,89772.664,2906.7124,-1751.7902,10170.699,1636.3425,4963.256,242.66612,1
112514.766,1,1,1,44.771584,0,0,-1,2,-1,2,-18033.977,22698.357,24528.53,4807.6367,9701.214,6896.748,-269.7889,1258.0355,6102.9526,1943.5432,1839.2865,3491.9993,1
108201.53,1,2,1,45.718376,0,0,0,0,0,0,59025.477,127551.1,98099.516,11248.984,54311.16,21854.535,-778.6932,1054.3715,10664.488,17187.434,1396.8773,4783.5454,0
142123.7,1,2,1,40.801876,2,0,0,0,0,0,183274.64,193068.08,132073.02,196739.97,114508.3,115024.77,-1708.6825,-1408.2731,12944.14,1812.2686,4966.5225,-1895.7074,1
120497.305,1,1,2,27.865803,1,-2,-2,0,-1,0,-20656.523,6333.6426,19181.87,5151.621,11653.8955,6499.875,-1464.2899,998.8961,7059.5654,-2553.8477,2763.1475,4540.358,1
113208.67,1,1,2,32.818,2,-2,-1,0,-1,0,-11129.953,15534.662,14213.462,6279.75,12211.798,5988.449,1519.545,1678.9923,10867.608,-3439.4814,2672.4858,3495.1677,0
115658.71,2,2,1,43.67853,2,-2,-2,2,-1,0,-26313.438,16803.732,25422.842,1390.2458,8208.194,7209.084,-266.24887,2383.8767,5275.7026,-2794.1602,137.71889,3988.1138,0
107719.914,1,1,1,45.15877,0,-2,0,0,0,0,172564.0,158825.36,117935.27,158837.34,119351.64,84649.79,41390.703,-3165.4075,10287.235,2993.181,8514.22,-331.92078,1
119999.36,2,3,2,29.191887,1,-2,-2,0,-1,0,-17079.969,4367.0293,20993.887,8732.699,19643.023,7238.385,-910.23126,1200.4457,7180.992,7207.441,5198.889,4347.795,0
149819.02,2,1,2,41.06533,1,-2,-2,2,-2,0,-14086.395,57610.508,29313.81,1127.1404,-2810.566,7319.326,-1059.076,3207.7097,5287.7827,-4071.5269,835.1293,7086.368,1
135112.42,2,2,1,44.693523,2,-2,0,0,0,0,-15178.453,124514.25,79271.04,2742.1755,24666.695,8838.588,41050.77,1477.4559,8371.971,-1414.7725,3381.645,-3843.042,0
100155.99,1,2,2,25.962526,0,0,0,0,0,0,-23894.938,-3179.006,16433.443,11235.109,61730.445,30412.654,-2415.4998,746.12585,24561.902,-1461.8975,1503.3217,509.99988,1
121109.19,2,1,2,31.705128,1,-2,-2,0,-2,0,-20288.625,2616.443,34372.215,5915.961,14213.452,9846.105,-2918.179,1590.0277,18864.113,-4174.562,4220.2373,3849.6814,1
121149.75,2,2,2,37.379807,2,-2,2,0,0,0,-33180.04,2217.5017,22509.793,-3314.9495,16020.067,9856.166,-4088.1091,2568.3647,16507.043,-5453.9224,-131.31773,-621.90906,0
113183.76,1,1,1,44.525936,-2,-2,-2,2,-2,0,-23434.18,25623.342,25437.434,1400.9333,8944.196,7130.8965,-619.2161,2772.3574,5249.026,-4205.6665,656.34656,4751.3823,0
138974.92,2,1,2,25.401619,1,-2,-1,0,0,0,-9704.512,8220.51,21637.605,10658.602,10639.833,5556.25,-1563.5731,1801.1,6550.9565,-2294.7466,3075.3787,4885.601,0
131076.12,2,1,2,35.501457,1,-2,-2,0,0,0,-22764.469,7533.666,28849.01,2001.0466,6843.2856,8668.996,-3949.5095,2214.7263,8748.788,-4286.2554,1925.4625,4845.592,1
98046.4,1,2,2,42.325558,1,-2,-2,0,-1,0,-26619.484,-4777.131,16155.958,4868.8164,17601.025,5959.9023,-689.7498,267.48962,20105.855,-2765.463,1572.8971,3609.6968,1
112854.78,1,2,2,35.810516,0,0,0,0,0,0,94248.23,136913.81,124273.086,120373.195,58476.785,33691.87,-333.50375,496.5902,10466.268,2196.8147,36960.824,1686.3593,0
142087.66,2,1,2,28.750492,2,0,0,0,-1,0,-16070.961,55578.504,36917.652,3441.7576,1505.149,6657.4746,-2954.3025,3396.198,7393.823,-2757.3013,-7.618027,6105.7827,1
113581.67,2,1,2,43.31444,0,0,0,0,0,2,111556.414,177620.36,120347.74,127229.35,111797.69,93689.98,85.13151,-2365.6018,11366.175,3198.7024,7655.572,1241.1713,1
127436.46,2,3,1,45.063065,1,-2,-2,0,0,0,-19259.672,15282.127,31608.104,1904.1951,4433.364,6562.953,-3764.239,3394.9133,5603.0254,-3639.8374,1408.8256,698.433,1
128995.375,2,2,1,40.436657,1,-2,-2,0,-1,0,-10509.43,6395.045,18727.854,12994.803,7355.977,3594.7148,157.58804,1794.2255,9347.193,-834.5391,2218.2942,5738.6514,1
141673.33,2,1,1,45.464996,1,-2,-2,0,0,0,-15182.109,5360.1895,34136.773,4699.039,2026.6764,7660.217,-4253.199,1988.6498,8026.436,-2416.0483,3375.3657,6753.254,0
111398.53,2,2,1,43.20694,-2,-2,-2,2,-2,0,-14880.617,24549.393,23148.922,6975.828,7482.637,5135.2773,670.44354,3298.0063,5850.9707,-3023.6016,1449.6954,5130.0107,0
126296.85,1,1,1,45.043827,0,0,0,0,2,0,141847.14,141481.03,118977.33,106168.61,94827.49,69364.305,-1330.0126,580.2269,13840.941,-2435.1953,1821.6263,2992.4072,0
104420.19,1,2,1,27.419418,0,0,-1,0,0,0,32610.352,116719.14,23568.564,13507.484,21745.998,7633.2188,2216.6272,927.37634,7867.0728,-193.93315,2317.4639,4638.0757,1
115082.375,2,2,2,29.44796,0,0,-2,0,-1,0,-6521.051,57646.08,27735.336,6014.8086,2545.4888,5307.4727,13244.916,1582.3309,6822.053,2125.5264,230.10585,1660.2352,1
109535.0,2,2,1,44.160168,0,0,0,0,0,0,57996.305,122714.6,101406.49,36570.71,64523.0,37329.44,-256.19662,1548.3502,8534.957,1474.4473,1780.6259,4268.1597,0
119522.875,2,1,1,44.818344,2,-2,0,0,0,0,-28852.055,56830.47,34868.93,5966.3164,36406.16,13706.973,13147.581,2369.1653,23389.574,-1336.854,386.8429,-25460.697,0
141994.0,1,1,1,45.086517,-2,-2,-1,0,0,0,-20010.367,12268.576,27670.396,-82.85961,14217.315,9944.641,-3254.8015,1996.1669,17221.41,-3482.0977,1515.1742,3569.9604,0
122765.805,2,1,2,26.355688,0,0,0,0,0,2,71506.19,122465.43,97017.97,81103.836,90239.73,55082.29,2659.5657,-525.2604,13411.613,1471.9221,3271.9236,1145.7594,1
114160.84,2,3,2,44.44184,2,-2,-2,2,2,0,-31076.14,9056.951,27400.633,-4647.551,5501.6997,12964.57,-6238.582,3145.0754,4614.934,-5696.72,1206.691,-3414.3506,0
90721.37,1,3,1,24.996748,0,0,0,0,0,0,24206.984,120514.266,26610.639,11395.506,29866.326,11999.053,1148.5507,1095.2633,7171.5864,-1233.6499,3290.335,2769.8884,1
116080.82,2,1,1,43.26662,2,0,0,0,0,2,112704.04,144852.66,116146.05,119776.98,107287.35,80119.9,10194.597,-88.97083,8591.334,1070.9504,3057.265,-319.42224,1
109072.125,1,2,2,27.289143,0,0,0,0,2,0,6910.668,115957.914,51000.227,15361.963,55218.81,30650.357,-45.68392,761.5829,10743.649,-2903.9639,1053.3383,3446.0527,0
153122.5,2,2,2,28.241316,0,0,0,0,0,0,176765.19,168590.94,135177.86,144533.9,85662.26,2746.621,-1872.39,414.71326,13742.5205,5932.704,-1830.18,8945.724,0
104774.05,2,2,2,31.272978,0,0,2,0,0,2,77251.66,125956.984,105531.68,88577.414,106129.97,69187.09,7365.7173,-1715.1183,10070.366,4094.2896,3981.059,2162.8987,0
97067.1,2,2,1,45.342724,2,-2,-1,0,-1,0,-21322.0,110868.21,20489.225,8324.1875,22996.752,4845.4375,26574.494,721.641,7449.6406,4755.2573,2148.0432,3442.0789,0
103571.21,2,2,2,43.98474,2,-2,-2,2,-2,0,-22596.688,21569.188,25660.988,-476.52368,5338.2935,7911.619,-3002.4246,3878.2744,4750.769,-5331.8364,-433.99402,5287.459,0
133537.84,2,3,1,44.42208,2,0,0,2,-2,0,142539.23,132376.03,40667.19,2363.5896,-62.542362,6326.582,-4504.4834,5522.535,4651.146,-4105.3765,-1463.0521,6127.392,1
110202.35,2,3,2,45.359596,0,0,-1,0,0,0,5510.035,124280.46,42027.23,2414.32,26869.65,18220.26,-1492.4955,1761.233,6650.941,-1582.9824,855.3568,5282.0303,1
127996.05,2,1,1,45.7643,2,-2,-1,0,-1,0,-9242.168,12021.506,17972.578,12635.559,10724.024,5421.7812,144.40591,1691.4066,8290.333,3968.5317,2722.6892,5444.1914,1
116724.96,1,2,1,45.047745,2,-2,-2,0,0,0,-26293.453,-3262.8538,26887.244,2256.9998,10430.263,7879.1797,-3739.0574,1892.0458,6050.1807,-3850.691,102.80141,4768.83,1
115390.66,2,2,2,29.692406,-2,-2,-2,2,-2,0,59963.547,7319.6777,12320.687,207964.53,29513.93,9938.477,1684.8759,3917.2224,43144.29,804.6528,6053.0586,562.16614,0
143671.97,1,2,1,44.375107,2,-2,-1,0,-1,0,-8989.27,30125.828,20282.064,8416.211,668.5084,9489.213,944.94525,1387.8055,7531.046,385.51044,12892.202,6617.8086,0
117108.88,1,1,2,32.643032,0,0,0,2,2,2,127301.28,146334.38,118017.04,142495.44,114419.78,97107.62,1136.6471,-2840.4695,10351.212,4889.914,3200.4043,1195.5541,0
124088.586,2,2,1,41.226864,1,-2,-2,0,0,0,-23329.078,25688.967,27036.65,4743.7188,9981.386,7141.1562,1171.8944,2395.5718,9607.361,-3892.9463,1481.5511,4733.797,1
128010.32,2,1,2,44.98293,2,0,-2,0,-1,0,-25694.031,52704.98,32683.406,342.26147,4961.973,34965.023,9708.276,1441.9432,12070.02,17.185986,31924.42,5889.825,0
98408.57,1,2,2,24.976238,0,0,0,0,-1,2,-11109.852,29446.87,13150.972,12521.436,22419.352,5306.4062,3654.3618,-1021.525,8566.94,-2104.3838,2886.6245,3711.9016,0
116763.83,2,1,2,31.983702,2,-2,-2,0,-1,0,-12452.914,6071.3145,11290.233,9052.164,75475.93,47905.88,-2513.491,222.05553,10643.219,31612.06,6838.551,1440.2194,0
109994.375,2,1,2,45.37891,0,0,-2,2,-2,0,-12954.406,17919.35,37536.453,2819.2068,-2412.2026,6222.994,-5767.176,4254.934,5006.771,-3745.1558,-2013.9012,7348.408,0
154803.16,1,2,1,45.79362,0,0,0,0,0,0,174660.05,171855.12,138784.98,191637.83,113246.945,110818.62,-2361.4612,-1492.1359,14238.2,5268.471,4290.179,1344.5392,1
115110.02,1,2,2,45.260765,0,0,0,0,-1,0,-18791.977,50165.016,37506.625,2482.4177,1260.3873,5815.0938,-3025.7156,2260.49,6625.581,-1623.6909,-1518.389,7670.907,1
115551.734,2,1,2,46.342384,2,-2,-1,0,-1,0,60426.5,-173.1037,119223.88,133304.58,56473.887,4710.6055,-882.8724,-11238.665,37896.92,26354.822,7478.4287,4732.364,0
99067.96,2,2,1,38.664684,2,2,-2,0,-2,0,-23287.742,5612.166,35011.055,4506.25,11417.2295,6015.203,-3530.951,2343.355,5660.7144,-4290.2065,652.9098,2297.7454,0
129555.375,2,1,1,40.65889,2,0,0,0,0,0,-25984.21,15318.115,39229.906,736.2927,4251.567,8450.363,-5469.624,3732.0618,5086.986,-4703.7505,-725.11804,5071.6187,1
120933.445,2,3,1,45.208366,0,0,0,0,0,0,-14484.824,7568.51,25793.307,108028.59,90043.19,63080.52,-3011.469,3245.318,36070.145,-811.64996,4297.7065,-220.5243,0
90835.0,1,2,2,25.121843,2,-2,-2,0,0,0,-23848.867,-2887.4514,31985.629,10161.715,60784.684,28832.166,866.4157,-264.0558,7348.6,-2412.3076,2001.5172,1235.3087,0
115866.78,2,2,1,45.082615,2,-2,-2,0,-1,0,-22701.625,16268.811,29138.818,2711.156,15706.796,15406.453,5011.6455,1302.7838,22232.906,-1448.7998,12489.47,4214.9297,0
106025.79,1,1,2,26.60832,0,0,0,0,0,0,125451.73,124444.13,118579.21,17127.857,55086.26,29882.14,-65.49349,465.32605,7751.2056,-130.79887,2037.2465,4313.479,0
146336.05,2,3,2,39.171635,2,-2,-2,2,-2,0,66851.45,32336.748,26623.156,4540.4414,-943.7103,5636.633,-4187.9023,4412.2734,5778.3213,-3614.6777,782.6185,3083.3333,1
150003.72,1,3,2,45.69772,0,0,0,0,0,0,146625.75,136815.69,128376.91,7753.2188,1327.1998,41825.863,-1846.6395,620.9408,6707.94,-13.408252,41769.227,5075.0166,0
92309.2,2,1,2,24.920513,0,0,2,0,0,0,21700.47,117390.13,58131.48,17299.336,32738.004,14165.549,3164.6353,622.13806,8235.044,7899.2603,3411.1965,3283.4136,1
93703.85,2,1,2,27.886656,2,-2,2,0,0,0,-27621.82,4958.045,14184.501,1643.6599,29288.367,13358.486,-2148.008,2204.881,14481.912,-5602.271,1433.0138,2379.717,0
143827.11,2,2,2,37.167614,1,-2,0,0,-1,0,184088.27,211178.62,52068.02,118478.72,105944.17,111708.62,5370.5576,-3451.969,8509.446,7.5146,71893.66,-13420.644,1
144275.31,1,1,2,38.21527,0,0,0,0,0,0,196564.27,208143.45,143269.47,260682.1,142120.67,133568.84,13652.614,-10350.043,23014.873,3149.9756,10323.554,-4259.451,0
114080.766,1,2,2,42.250652,0,0,2,2,0,0,51584.984,127846.41,100270.62,40467.39,57393.906,30827.758,-288.9608,21.96227,6157.0435,-1705.4565,529.63,3165.6357,0
70477.234,2,1,1,37.197716,0,-2,-1,2,0,0,101547.64,124787.09,99068.98,113002.94,101329.55,68125.58,8840.651,-779.1808,12664.353,-3280.3267,4328.2783,3512.166,1
150256.64,2,2,2,45.213593,0,0,0,0,0,0,3334.6526,114499.36,69789.625,3169.867,11336.368,8405.107,-3339.0593,3076.7876,6014.4893,-963.5899,-1313.2621,6402.7524,0
107136.375,1,1,2,31.064762,2,0,-2,0,0,0,-29157.75,847.04865,23158.037,1416.9216,12227.95,8711.195,-4752.742,2024.818,6415.383,-4896.1235,50.50502,4119.354,1
108883.07,1,2,1,25.272959,0,0,0,0,0,0,87557.82,132942.28,31664.42,9281.762,16154.476,6485.416,1340.1927,743.4535,8842.376,-1398.8325,1377.9171,3811.8206,0
111712.97,2,2,1,45.81083,0,0,0,0,0,0,83010.18,134483.55,121120.336,107388.766,63290.22,43448.797,-1964.6293,2775.4866,8440.44,986.2448,-357.5746,5978.5547,0
102579.82,2,2,1,40.464554,0,0,0,0,0,2,61375.184,120511.11,96447.35,58241.863,87114.63,52247.21,2826.3394,-29.062143,9382.747,4645.9165,2406.1548,3250.5564,0
98493.96,1,3,2,25.753134,0,0,0,2,-2,0,18878.535,104481.266,25586.889,5319.1133,10637.759,6136.1445,-3414.2117,2596.8435,5452.8433,-3824.9478,1725.3925,4486.395,1
140668.86,2,3,2,40.74121,2,-2,2,0,0,0,-26232.547,29192.648,27406.146,-764.32446,36830.293,23456.773,706.6774,2139.058,20141.281,-643.4727,18902.238,4218.629,0
100184.12,2,2,1,31.747438,0,0,0,0,-2,0,-3705.703,90377.07,26897.184,11344.252,7331.399,4267.375,-768.49347,2835.6702,6270.6904,-2568.6274,790.72473,6082.858,1
106601.055,2,2,2,42.992256,0,0,0,0,0,2,83775.93,119185.34,59513.918,9312.457,21440.275,12990.857,-373.5638,663.3905,7414.5474,159.32735,1126.9684,5397.7515,1
113770.08,1,2,3,44.824287,0,0,0,0,0,0,-6760.0234,108120.19,61543.168,4866.2266,37145.4,21491.348,-3675.4666,2400.0605,7025.9565,-1620.0,-145.44176,5874.861,0
91937.39,1,2,2,26.291304,2,-2,0,0,-1,0,-27456.453,558.3143,11995.503,4458.9414,24371.355,8860.391,628.67694,1296.8341,6204.657,-108.1895,1468.7799,1088.0365,0
106656.195,2,2,2,26.147736,1,-2,-2,2,-1,0,-25754.57,2333.4744,26283.984,3658.9216,8763.636,6484.783,-2661.1018,2068.602,5879.715,-1933.228,100.47475,3810.1501,1
141824.67,2,2,2,44.621548,0,0,0,0,-1,0,63574.098,124118.82,111961.805,13617.926,-713.933,2282.0977,309.66226,1052.466,15302.699,682.5832,849.1327,6658.7744,0
117617.45,1,3,2,24.208227,0,0,0,0,0,0,-25504.172,9953.857,29837.383,2238.0232,22598.02,10927.828,-3051.0886,1959.0499,8751.298,-1421.7661,12816.486,4682.329,0
107143.53,2,1,2,24.941927,1,2,-2,0,-1,0,-23514.5,10986.9,26331.207,2330.617,11097.058,7484.5996,-4026.3562,2945.3584,8271.732,621.13055,1657.159,278.34583,1
142516.0,1,1,1,41.16337,0,0,0,0,0,0,146781.47,198438.36,128986.65,131550.92,106046.13,93717.19,-2431.5046,-1436.4279,10625.183,2373.3003,2659.3848,858.4613,0
142479.27,2,2,2,45.710247,0,0,0,0,0,2,5782.7188,99225.7,59945.656,14101.504,19193.883,4130.004,-599.91437,1249.514,9216.435,3441.8435,1404.4012,6017.099,0
146771.47,2,2,1,43.56616,0,-2,-1,0,-1,0,-7590.3555,25309.818,31543.445,4852.172,-2458.9722,-3789.3398,-3505.4119,4182.136,6755.7363,1089.7717,-1793.3119,-27913.523,1
137152.25,1,1,1,45.641678,2,-2,-1,0,-2,0,-3394.363,16858.691,21689.996,7440.1523,6681.903,5035.926,-1942.6327,3198.1365,6199.395,-2662.401,2493.9321,5458.9043,1
103551.734,2,1,2,24.347958,0,0,-1,2,-2,0,-17683.508,78590.7,20021.328,1448.1013,14944.542,8109.492,-2484.841,2226.7344,5352.8833,-5120.191,1184.9762,4059.4302,0
149134.28,1,1,1,44.55659,2,2,-2,0,0,0,181509.48,208243.78,148854.86,254378.62,127650.79,126697.01,2065.2175,-1615.4156,14980.611,-1260.3374,8999.189,-33612.605,1
120127.76,2,2,2,35.0348,2,-2,-2,0,-2,0,-25823.984,4956.26,24255.934,1139.3865,7512.78,9166.951,-3997.743,3219.844,5400.986,-4748.8325,1852.8683,-4043.1475,0
119779.09,2,1,2,31.13143,-2,-2,-2,2,0,0,-30042.375,4385.4824,17917.11,1725.5935,14651.88,46166.477,-1634.1053,1375.0641,5362.859,-4763.055,39318.008,1175.7689,1
130201.38,2,1,1,45.353107,-2,-2,-2,2,-2,0,-13349.555,17422.691,37369.367,4464.004,3369.7974,5590.883,-3751.2449,4112.275,6039.899,-2887.7769,1223.8737,1068.0958,0
152712.28,1,1,1,45.832497,1,-2,-1,0,-1,0,-3776.4685,33075.6,23787.273,6753.3555,-3897.2612,3958.375,-2940.9343,1055.6615,8152.29,954.59,799.7411,2239.7598,0
109971.78,2,3,1,45.11156,2,-2,-1,0,-1,0,-16840.969,20623.307,20343.059,3864.2146,8845.517,5511.59,-739.0599,2909.7852,5778.3174,-2588.5918,2297.9856,5228.0513,1
85567.91,1,3,2,45.490646,1,-2,-2,2,-1,2,80574.336,125608.72,88647.27,43444.16,85582.19,14443.508,1826.4547,-504.6178,7497.9473,-2381.8228,3784.1646,2810.2114,1
115354.91,2,1,2,26.125753,2,0,0,0,0,0,-22878.477,123404.7,35920.008,1164.2146,29955.799,19185.121,19247.78,2221.972,10357.874,-1141.8579,2109.9834,-2757.4478,0
134185.86,2,2,1,44.79342,2,-2,2,0,2,0,-31162.758,109399.71,34278.73,-2934.7385,37013.918,19914.52,24142.697,1856.5543,22976.523,-4613.0103,12553.58,-23952.701,0
122443.516,1,2,1,45.043304,0,0,-2,2,-2,0,-15213.031,13530.201,32804.797,6177.1367,1576.7897,4375.664,-3911.5144,3677.0283,5547.101,-2666.5317,-510.04626,6780.196,1
118883.17,2,2,2,30.662687,2,-2,-2,2,-2,0,-22694.016,9145.6,22981.963,2342.5193,10158.435,7154.875,-3316.5583,3567.2095,5158.2266,-4956.902,753.06506,4396.6646,0
144338.3,1,2,2,45.51086,0,0,0,0,-1,0,192859.36,167378.67,106838.96,120035.01,4347.5747,2293.293,-765.846,1290.0858,37193.457,-960.06647,3923.5159,-23760.064,0
106229.37,1,2,1,45.671185,0,0,0,0,0,0,42691.824,124011.016,92493.2,7903.7305,27993.943,11252.373,4.4845347,874.4447,7566.1094,1209.6174,1573.0006,5925.1177,1
90276.64,2,2,2,25.732471,2,-2,0,2,0,0,-5486.6875,101581.4,27594.332,4983.1953,43782.64,22379.988,-1058.4784,2854.451,6498.151,-4763.3765,771.599,1543.7184,1
103839.65,2,2,1,32.19736,0,0,0,0,-1,0,-14023.535,46697.105,26660.164,9424.09,6767.692,4526.8125,-972.49786,2364.204,7108.695,-2208.5615,548.13074,6154.705,1
137706.3,2,3,1,45.28557,2,-2,-1,0,-1,0,-1869.4725,54046.24,63475.883,11729.777,5653.516,4838.926,6720.605,814.01404,7614.388,3399.5745,4626.502,2898.3303,0
96715.41,1,1,1,41.33316,2,-2,-2,0,-1,0,-21396.11,20097.43,20525.426,4305.6953,13247.786,9540.928,1241.1117,2301.273,12361.503,1951.7905,4891.643,1049.7892,0
149932.92,1,1,1,45.467358,0,0,0,0,0,0,-9016.762,59915.83,51117.02,1091.906,-957.4252,4824.3594,-4645.042,4633.4,5946.3364,-1440.419,-2442.597,-18130.174,0
132864.2,2,1,2,31.0096,0,-2,-1,0,-1,0,-15929.523,49562.75,32678.318,3705.578,16169.653,22392.652,1032.8871,3115.6506,11451.756,-2718.0708,10388.714,-48301.508,0
132238.69,1,2,2,31.955229,0,0,0,2,-2,0,107539.64,46041.723,37747.562,1537.0857,-2748.3003,6174.953,-5406.122,4105.0015,4929.1304,-3548.5205,-2151.8093,7275.0757,0
126730.414,2,1,2,41.19586,1,2,-1,0,-1,0,-20033.453,21707.83,25708.57,1699.613,4664.4146,6585.5215,-3564.5984,3051.6997,6117.3027,-3391.5625,1737.2792,5542.153,1
107474.37,2,3,3,44.69713,2,-2,-2,0,-1,0,-11347.43,38587.98,29922.441,810.9724,24901.248,11800.852,-1245.4901,3248.59,12709.664,13853.64,4748.6963,-13539.774,0
113164.13,1,2,1,25.410433,0,0,0,0,-2,0,-22146.93,62749.324,37469.633,2432.7693,-4657.6675,6878.6914,-3913.0828,3675.7388,4711.4375,-4014.0464,20239.45,-25446.707,1
136058.1,1,1,1,45.633823,2,-2,-2,0,-1,0,-8449.117,20728.168,17037.586,9285.258,8409.366,4893.582,617.01874,1671.826,11803.024,-525.7818,3755.9553,5527.232,0
151164.95,1,2,1,46.07107,0,0,0,0,0,0,113711.58,137375.61,128636.74,98237.766,87707.63,54218.72,-2176.4285,1110.4154,10097.225,4760.3354,219.6869,5749.764,0
138308.33,1,2,2,26.301344,0,0,0,0,0,0,145679.83,152657.3,127228.67,157370.33,108316.37,101741.43,-162.24057,-2045.0607,11624.609,3836.0825,3795.1997,3766.4429,0
106951.61,1,2,1,44.13912,-2,2,-2,0,-1,0,8360.672,4565.994,24904.371,-1537.2698,27419.717,13905.664,35224.758,2006.2145,19714.0,8860.108,11808.813,-19568.63,0
105594.37,1,2,2,31.13191,1,-2,-2,0,0,0,-31383.133,4910.8613,19827.127,802.92554,23444.13,9059.137,-599.8914,1570.9044,11755.181,987.88007,682.1327,3417.7983,0
129300.305,1,2,2,29.102953,2,0,0,2,0,0,-35743.586,36891.184,36844.688,-6288.176,28533.164,22597.973,-4755.87,2886.8955,4866.799,-2034.7686,-789.5697,-34.899303,1
121047.336,1,1,1,45.940792,2,-2,-2,0,-1,0,-5930.2656,25686.525,13200.823,7865.5234,86405.88,4762.3477,-625.8807,899.89734,9640.921,33255.145,3073.174,3314.263,0
97676.88,1,2,1,24.989014,0,0,0,0,0,0,7762.035,114990.32,40926.383,10735.564,29455.387,12467.441,1265.0902,826.3446,7617.0215,-1263.0728,1871.9086,3706.1597,1
123915.36,1,2,2,45.562016,0,0,0,0,0,0,119311.22,146977.8,126165.016,116594.35,103325.16,85961.28,-3276.1863,-243.5851,9689.571,2436.7678,1878.7902,3043.2297,0
145439.92,1,1,2,32.642868,-2,-2,-2,2,-2,0,205012.72,166324.16,128440.3,134733.75,95539.695,51144.98,179.19107,-407.41907,10793.323,2658.3613,3213.7566,6089.1553,0
116935.695,1,2,2,27.74232,0,0,-2,2,-2,0,-19198.562,7106.5645,28487.014,4771.4062,6562.903,5680.375,-3381.277,2835.723,6303.0522,-3639.9854,449.0238,5750.39,0
76156.91,1,3,1,44.43441,2,-2,2,0,-1,2,-14738.41,49067.055,12205.937,8713.5,20811.992,5251.992,15501.472,871.0951,6561.6685,214.26753,4039.0774,2530.5151,1
145723.92,1,3,2,26.344496,0,0,0,0,0,0,202780.86,209792.77,139767.92,258009.6,132565.48,109982.83,8974.14,-4329.664,17986.393,4902.0625,9175.001,-1843.2567,0
115067.93,2,1,1,44.968586,2,-2,-1,0,0,0,-22860.555,10732.439,30579.652,1021.05054,7273.6685,8984.473,-3326.9646,3044.345,6410.226,-1437.1587,1793.9418,5795.766,1
127506.836,2,1,2,45.7141,1,-2,-2,0,-1,0,-12497.609,5927.795,26125.346,8100.6055,4935.9536,5290.5117,-2882.7942,1477.5377,6873.9106,-308.919,1746.8627,5997.5806,1
111390.37,1,1,1,37.726013,2,2,0,0,0,0,-27787.516,45172.043,38452.586,-3315.5823,8830.962,10263.418,-6591.828,5521.345,8785.887,-1005.6988,-206.99205,-21944.686,0
141946.72,2,1,1,41.46125,2,-2,-1,0,-1,0,-2459.8513,25904.9,17106.41,13184.713,2080.3286,4000.6016,-1313.2362,1808.0035,7470.0815,824.4018,2057.01,6306.1733,1
79606.695,2,1,1,28.645576,2,-2,-1,0,-2,0,-18313.703,9887.553,16846.008,6318.2656,16320.907,6634.824,-1880.1395,3367.1396,5760.5054,-3401.4287,2387.5312,1261.1915,0
145960.67,1,1,2,43.33093,0,0,0,0,0,0,198776.19,204770.31,140173.56,231760.8,124146.33,114418.31,539.33563,-4201.5127,16075.713,18786.693,15760.47,-2012.4696,0
85705.445,2,2,1,25.062819,0,0,0,0,0,2,22555.969,113807.81,47332.17,16729.94,73636.26,33999.402,7890.614,-737.7921,9367.8,4626.992,3790.1528,1999.6593,0
90708.41,2,3,1,24.642712,1,-2,-1,2,0,0,-19900.883,54343.535,21069.352,1880.8396,39081.8,16918.812,1947.1063,1056.5355,5633.4077,-4880.9565,2504.8735,940.7672,0
114264.234,1,3,2,29.324776,2,2,2,2,2,0,119756.78,156134.0,111539.16,132225.25,108317.45,64905.83,926.7304,333.6161,14561.97,-5350.3296,3878.2598,1440.7113,1
106629.96,2,2,1,32.457684,0,0,0,0,0,0,1607.5822,121581.67,82867.91,9318.742,2621.2075,4591.7734,-974.0667,3298.634,7957.8335,-2421.9985,-744.8861,-16913.2,1
147349.88,1,1,1,44.826206,2,2,0,0,0,0,194122.25,209339.94,120009.555,212125.55,123190.77,126687.19,-5886.6943,-709.2311,15265.34,1138.1624,56303.617,-6655.212,0
117549.24,1,2,1,45.172443,-2,-2,-2,2,-2,0,-21116.922,4030.6814,28098.064,3010.5076,6687.1294,6395.2188,-3586.994,2891.9097,5369.788,-3347.6924,-173.73521,5719.858,0
147374.95,1,1,1,45.758915,0,0,0,0,0,0,190493.23,130869.98,107934.6,24408.076,4226.5356,4290.5703,34691.47,967.00256,5869.4824,-262.91315,-858.38806,8819.181,0
113605.41,1,1,2,43.99494,0,0,0,2,0,0,-12039.746,99549.484,64591.617,5163.09,22085.812,15561.57,-3418.6726,1730.5236,5502.6714,-3004.4219,157.51283,3140.623,1
135853.02,2,1,1,45.50036,2,-2,-1,0,-1,0,-11608.0,27593.385,24665.225,6316.4375,5013.93,6639.16,-634.33527,2150.5325,12502.668,2308.574,1944.3156,4415.91,0
110926.484,2,2,1,40.666973,0,0,0,0,0,0,-19953.633,35794.477,35935.703,5518.664,28691.412,18820.826,-3373.5984,2956.9539,21173.229,-2363.4814,-51.768906,4443.5537,0
96289.32,2,2,1,40.803825,2,-2,2,0,-1,0,-24943.25,1007.06036,13202.53,6292.742,18812.084,6494.537,2405.2546,1693.0477,6842.2397,-1539.8628,1458.8168,3622.3953,1
115000.0,1,2,1,40.577652,2,-2,-2,0,-1,0,-22773.852,21852.094,22252.793,3299.0662,8264.007,7717.291,899.96014,2659.6453,8543.716,1728.5486,2973.9836,-6954.2686,0
93955.12,2,1,2,24.458712,1,2,2,0,0,0,60883.973,126218.93,90620.18,50767.605,43785.863,21285.557,2607.1401,1562.7391,7645.673,-3319.3745,3075.0435,1790.8468,1
109344.19,1,2,2,45.235733,0,0,0,0,-1,0,-17665.71,15656.662,33252.105,5253.41,2641.5864,5393.664,-3805.074,2023.4767,7358.9175,218.02095,-509.60925,6817.1753,1
123601.46,1,1,2,44.0704,0,0,0,2,2,0,-27065.578,38740.477,38011.156,-711.44556,16111.978,17149.516,-6267.4863,2419.927,5424.094,-4854.6978,-1879.3319,5304.1543,1
122478.09,2,1,2,25.790579,-2,-2,2,0,0,0,-31931.281,4943.0645,18795.957,-1970.387,17288.777,9514.945,-1292.7899,1674.6488,8145.565,-5058.857,1053.0902,2283.3594,0
149953.88,2,2,1,25.976254,-2,-2,-2,2,-2,0,-12977.551,47149.53,28958.059,5017.8906,7701.4146,7662.3867,-485.41977,4245.2466,15714.519,4130.281,4944.347,-21601.832,0
117269.81,2,2,1,31.051811,1,2,0,0,0,0,-14012.637,97001.0,51019.824,1819.0544,23604.428,17490.902,-3335.2585,3624.627,9340.998,-2816.1558,4088.202,-80.300674,1
143134.86,2,2,2,44.662663,0,-2,-2,2,-1,0,-16869.828,33612.05,27476.379,3710.828,-2104.734,3775.961,-973.58575,2163.7124,5744.7637,1269.565,-969.182,7579.7607,0
132952.5,1,2,2,44.590374,0,0,0,0,0,0,179031.86,192200.12,129819.89,202537.28,123182.43,114366.97,435.65103,-23512.896,13632.191,3052.2031,6930.156,-15181.093,1
141199.33,2,2,1,41.310635,0,0,0,0,0,0,49191.836,121654.14,101814.07,55122.18,72810.34,45686.223,-669.9549,1620.6571,9465.665,2784.702,1745.6854,4306.0884,0
143883.45,2,2,1,35.19824,0,0,0,0,-2,0,150793.95,133347.44,121978.63,17535.268,-96.85486,2176.2227,751.9201,2334.5593,7773.1523,338.31586,351.99744,7134.3774,0
79448.234,2,2,2,24.918636,2,-2,-1,0,-2,0,-22363.258,1826.951,20282.926,5395.7695,20944.215,6939.6816,-340.76108,1618.0289,5952.1606,-4758.5366,2225.9766,2820.9048,1
126801.29,1,3,1,45.818775,2,-2,-1,0,-1,0,-7106.824,9102.01,13388.487,17999.246,47966.574,6064.875,689.12177,1476.6334,25414.355,23742.527,4306.4985,1832.4408,1
121293.65,2,1,1,31.326656,2,0,0,0,0,0,130407.97,147523.34,115599.8,108255.56,99121.3,76606.36,-2146.4841,1988.4415,7341.6577,213.88521,1531.8497,4826.1333,1
111282.56,2,2,2,25.573738,0,0,-2,0,-2,0,-19205.445,5624.5645,27706.83,7114.039,9917.081,6538.213,-1632.4686,1800.0612,6352.0405,-3425.974,1354.8368,5426.215,0
137895.3,2,1,1,26.172115,2,-2,0,0,-1,0,-11131.129,20330.027,18569.75,9459.6875,9938.073,4711.1055,115.834145,2191.5312,6250.25,-578.8487,2343.8738,5192.786,1
125688.21,2,2,1,29.983332,2,-2,-1,0,-2,0,-16302.5,12463.611,16778.564,8123.8594,13777.378,5407.922,907.51044,2989.729,6222.5117,-3853.5312,2363.0398,3328.5784,0
144573.12,1,1,2,33.3474,2,0,0,0,0,0,7329.5938,115659.85,55677.992,4782.617,20749.547,6974.547,-3278.3025,3528.7473,6603.903,-3099.872,333.98328,4403.0796,1
103049.65,2,2,2,33.429768,-2,-2,-2,2,-2,0,-26255.367,38640.785,22400.807,2440.6873,12133.788,6953.26,7205.6924,2586.1245,5805.8765,-4043.3687,266.2389,4222.3647,0
98797.875,1,3,2,42.56755,0,0,0,0,0,2,73880.13,124092.94,96689.945,48199.812,60075.273,27386.484,4020.3367,-369.1515,9570.798,2179.585,3888.7107,3090.4072,1
124291.89,2,2,2,24.738667,0,0,2,0,0,0,144977.27,163628.1,129720.22,135359.48,109756.09,47807.6,20371.451,-1908.5934,11789.221,22542.08,10101.7705,1348.5201,0
103893.586,2,2,1,26.969542,0,0,0,0,0,0,-14980.227,37507.656,34168.52,6224.0547,6631.5474,5797.453,-1248.9535,3993.8533,9313.625,-3481.4219,65.70082,6164.1475,0
110966.07,2,3,2,25.904198,0,0,0,2,0,0,-17721.547,84706.51,37689.797,315.00366,32328.012,18575.117,-3250.2634,2706.1965,5325.1904,16.945751,1702.6915,405.19348,1
118618.086,2,2,1,29.520039,2,-2,-1,0,-1,0,-12508.844,9919.619,14815.052,10671.49,11075.331,4287.2812,720.3327,2056.3533,6598.194,-1657.435,1794.7477,5108.8555,0
107606.75,2,0,1,45.01885,0,0,0,0,0,0,4898.258,119289.6,72987.77,19921.121,38905.062,24751.336,-1102.3632,2499.768,8006.589,1286.1184,841.90466,756.1749,0
129322.42,1,1,2,39.98058,2,-2,-1,0,-1,0,-21732.914,2982.7087,18157.854,4437.1562,10628.272,6729.8477,-1548.0292,1457.861,11474.658,1402.3611,2619.5044,5054.7485,1
115357.38,2,2,2,43.532578,0,0,0,0,0,0,-4973.2188,131775.97,73914.58,4649.039,10598.339,9675.084,-2199.324,1455.2008,14005.255,2761.9954,1977.8563,5842.1494,0
146367.61,2,3,1,45.384327,1,-2,-1,0,-2,0,-5449.676,35205.82,24286.32,8239.859,2971.6685,5030.047,-1968.7836,2463.1458,6459.0933,1630.8794,3344.033,5459.153,0
117249.21,2,3,2,24.936342,0,0,0,0,0,0,142306.39,150514.72,120059.42,95376.86,100145.26,69375.94,2130.8481,-683.45715,10440.539,2264.9429,4062.7107,4157.084,0
114248.8,2,1,2,45.542526,0,0,0,0,0,0,2784.762,118595.13,71589.484,13260.773,47878.598,31118.67,-3407.8093,2104.0408,7729.7373,-1507.8867,-25.358261,5660.833,0
124486.29,1,1,3,45.254936,0,0,0,0,0,0,122308.414,146107.06,124341.24,130146.05,103998.89,46133.867,-3606.2546,1368.1124,8456.946,382.3166,1712.1534,5074.4155,1
108615.09,2,1,2,24.767235,0,0,0,0,2,0,-17042.227,42518.547,31449.318,8110.617,18561.996,13272.26,-2956.405,2324.3367,8577.762,-4067.061,558.7269,3979.023,1
127355.266,1,1,2,24.807522,1,2,0,0,0,0,162831.08,173624.56,125092.54,147908.77,110306.71,99181.19,-3805.0808,-683.99426,10514.015,1466.2395,6382.187,-349.9154,0
106720.61,1,3,1,35.079304,2,0,0,2,0,0,-19311.21,124396.13,70556.24,12591.57,67966.016,44258.33,15897.705,2341.1692,5229.795,-2078.3018,2297.6943,-1064.7528,1
132088.6,2,3,1,45.42519,2,-2,0,0,-2,0,-14995.336,50392.312,41003.684,3648.3943,8153.9478,6373.9297,3687.8838,3482.8853,5389.291,-3598.3823,1836.7098,4507.0435,0
127049.875,1,1,2,43.428215,2,-2,-2,2,-2,0,-25075.64,12426.295,27595.566,-1821.9221,5233.598,13080.367,-5329.9326,3165.0796,4649.5366,-5272.1196,6716.343,2995.037,0
122840.164,2,3,1,44.19042,2,-2,-1,0,0,0,-12428.273,17140.387,25274.596,7651.414,22495.574,14017.631,-1293.9032,3410.7085,7229.6978,141.74287,3473.9421,3749.2402,1
112549.055,2,3,3,45.48764,0,0,0,0,0,0,-7506.8867,80953.68,43426.605,3000.4373,24899.379,23801.457,-4979.5205,3237.636,6161.5044,9634.002,5973.6123,6516.6133,0
151443.81,1,1,1,44.7319,2,2,-1,0,-1,0,189406.06,217466.36,153916.38,278176.62,148753.3,153012.52,26200.041,-7195.661,20318.326,11522.275,29317.166,10328.3,0
128257.414,1,1,2,29.448076,1,2,0,0,0,0,-24111.39,24449.229,30479.834,-250.76196,17940.068,17016.947,-5197.3594,3467.8315,6183.009,-130.66118,2047.5514,2900.221,1
153287.39,2,1,2,43.74165,1,-2,-2,2,-2,0,-3811.6208,31946.041,27890.926,6534.426,-2156.9526,4651.2617,-4259.869,2696.797,6556.2686,-1833.7993,418.05945,7068.278,1
103472.07,1,3,1,45.5019,0,0,0,0,2,2,3375.3167,95947.586,46559.86,9493.391,46364.27,24857.82,-714.743,769.69763,6382.5767,-2761.4824,2446.8198,4561.558,1
151282.2,1,1,1,44.339867,1,-2,-1,2,-2,0,-2300.5193,39034.02,24447.393,7234.965,-747.6166,5052.672,-3562.53,2504.8877,6798.0576,-1973.9453,1415.6776,6701.4106,0
135534.22,1,1,1,45.306213,2,0,0,0,-2,0,892.76965,68922.77,36823.66,5277.1562,640.8053,5236.414,-3675.2615,5265.3364,5667.2417,-3136.1978,-791.34314,6594.5845,1
98357.58,2,2,1,44.474174,0,-2,2,0,0,0,16877.09,117357.086,62775.574,16446.326,23636.352,11759.479,1904.2079,2186.6772,12064.28,1933.9666,2163.027,3539.5654,1
142759.02,2,1,2,25.250687,0,0,0,0,0,0,191158.62,156350.4,107945.164,10712.125,2000.2194,4423.59,-508.25522,390.32068,9575.94,-1097.728,1443.5021,7813.2305,1
121558.0,2,2,1,43.016083,0,0,0,0,0,0,144516.08,159520.5,108715.01,4320.551,1325.653,7503.0625,-3861.5847,3410.575,9274.668,-802.8555,21916.309,-26024.541,1
113953.77,2,2,1,45.052795,2,-2,-2,0,-1,0,-21657.242,117787.87,23259.406,7065.1133,16393.441,16309.068,36873.695,-768.34143,10600.046,-994.13873,16083.632,4004.7507,1
148309.11,2,3,1,45.36016,0,-2,-2,2,-2,0,155980.06,49447.676,39340.9,-605.32837,22167.693,13770.186,-3355.778,4598.441,5149.7847,11887.986,10536.432,-23498.629,0
138784.5,1,1,1,45.60374,-2,-2,-2,2,-2,0,-10030.977,9488.838,22739.389,6666.203,49810.48,6457.3926,-4078.782,3037.3865,23593.086,12284.939,2996.986,3659.8835,0
139622.67,1,1,1,45.645214,1,-2,-1,0,-1,0,-9795.289,32715.225,32391.652,3348.6091,3852.77,7794.824,-597.2889,3195.5522,8216.67,4785.4585,6880.9375,2166.6826,0
145062.33,2,1,1,42.287693,2,-2,-2,2,-1,0,-11548.898,23407.008,22246.945,5494.4062,1339.4303,4340.879,-3180.1658,2067.383,5805.6787,-1612.4814,1269.4513,6273.572,0
128325.23,1,2,2,42.26473,2,-2,0,0,0,0,-30931.39,124767.98,42811.98,-3232.797,26782.305,16676.672,24632.766,2842.5588,10055.2,-1362.1641,4915.652,-34013.203,0
115093.3,1,1,1,42.84423,1,2,-2,2,0,0,-34126.938,70329.32,42278.918,-10007.219,19958.252,20364.883,-6871.825,4824.7646,4129.458,-5529.364,-2359.1023,-22089.854,0
148147.58,2,1,1,41.313747,-2,-2,-1,2,2,0,-9496.832,19263.885,21608.3,6788.918,1061.7428,4673.8438,-3239.0603,1810.4525,5743.183,-2282.8892,848.3185,6635.888,1
93656.64,1,1,2,31.227808,2,-2,-2,0,0,0,-15350.258,-2287.5295,2385.862,101660.516,115518.73,76291.22,395.89127,1312.1947,37618.992,-2121.706,4195.621,-4502.0283,0
98047.14,2,1,1,40.41156,2,0,-2,0,-1,0,-14187.793,37818.582,25075.14,7685.3984,6029.391,5550.2812,-1359.8285,3045.0215,6048.481,-2173.751,738.53015,5238.154,0
133448.8,2,2,2,45.242466,-2,-2,-2,0,0,0,-22587.305,1336.2714,30627.771,3811.32,8511.423,9782.213,-2737.4202,1267.246,9285.764,-1479.4766,1457.4132,4963.6553,0
112335.375,1,2,1,45.612896,0,0,0,0,0,0,44851.74,47636.395,122784.875,71989.98,81742.89,53065.85,-3404.6921,-2217.0007,7975.265,2465.4988,571.82556,5475.4106,1
145310.58,2,1,2,26.256603,0,0,0,0,0,0,130239.734,151350.61,129501.94,139744.58,101909.03,94459.266,-4131.2354,1711.3522,8410.886,1472.9614,1044.1703,-33728.098,0
118799.0,2,2,1,41.9063,2,-2,-1,0,0,0,-15808.602,19090.312,23641.074,8169.4805,15658.079,6656.824,1979.9283,2471.2676,11236.727,-818.7286,2531.4783,4261.6245,0
108435.49,1,2,2,39.393185,0,0,0,0,0,0,11883.445,123527.086,68851.53,8171.1875,17531.035,9154.648,-1251.0756,1186.2819,6807.0386,-1769.001,710.4901,5264.028,0
142577.0,2,1,1,41.34872,0,-2,-1,0,-1,0,-9486.711,66203.14,28118.197,5287.9336,13738.423,16602.053,4569.2783,3993.8455,4984.6494,3825.1143,939.7069,-45582.1,1
121150.375,2,2,2,26.022327,2,2,-1,0,0,0,-26804.266,21613.361,28797.973,-28.933832,16536.816,11692.277,-3012.6204,3755.706,5745.6675,-2358.105,842.9147,2871.6033,1
111454.5,2,1,1,33.51201,0,0,0,0,0,2,118655.016,136017.06,115639.945,126884.055,110070.85,89689.26,3206.414,-1287.8419,10483.314,5604.544,5285.4106,2610.8574,0
104107.52,1,3,2,33.125515,2,-2,2,0,-1,0,-26389.664,8667.854,11185.769,1130.6443,19213.22,7322.0566,2640.4695,1484.878,6942.4995,-3184.6357,2411.413,2358.5903,0
113686.664,1,2,3,40.53925,2,2,2,0,0,0,98539.08,147351.77,118949.766,118979.98,103968.54,88785.14,-47.00814,1129.3258,9575.146,518.384,2541.8093,1134.0529,1
141667.19,2,1,2,42.766666,2,-2,-2,0,0,0,-21766.258,14198.424,29766.09,1208.5857,3445.016,33383.227,-3495.6863,1880.6881,7766.3354,-4472.765,31749.732,1510.8429,0
101400.25,2,1,2,24.573233,1,2,0,0,-1,0,-22029.64,14093.307,23366.814,5011.9883,14023.437,7199.049,-3147.5007,2515.3909,5509.7666,-1323.3325,1794.4835,3979.479,1
114585.914,2,2,2,43.48353,0,0,0,0,2,0,-17301.031,62854.586,45489.508,6190.0,20721.56,19463.852,-3764.703,2992.7646,8389.218,-3644.0747,-1778.5326,6264.2554,0
97609.43,2,1,2,26.090622,2,-2,-2,0,-1,0,-15127.5625,12149.084,19508.514,4472.2383,28621.607,21464.002,3728.3618,1167.2987,22142.244,2465.3362,15415.392,-17359.092,0
117978.12,1,2,1,43.60373,0,0,0,0,0,0,129813.76,148394.06,123353.44,140926.3,105284.336,95547.61,-213.65854,-497.98547,9978.403,2627.688,2760.5347,3977.975,1
136374.38,2,3,2,41.02884,-2,-2,-2,2,-1,0,102342.805,25815.57,27549.658,5410.211,-1565.222,5741.8633,-3288.1384,2675.756,5635.805,-749.8907,2997.4263,4715.328,0
103309.98,1,2,1,35.274555,0,0,-1,2,2,2,38649.34,117573.12,71892.37,19886.396,84282.06,46280.727,7460.0464,-2380.3777,8897.233,-1115.0698,3475.674,-547.65027,1
127110.77,2,2,2,45.57954,0,0,0,0,0,0,109855.6,145319.83,129437.81,4278.5703,15177.198,16457.133,-2752.0852,2197.881,8223.319,3382.699,-340.68494,3385.337,1
98051.26,1,3,1,26.944908,0,0,0,0,0,0,-14304.398,20254.797,27493.756,6857.5977,18573.002,7655.873,-2278.4143,2437.3708,10499.025,-1612.0752,2017.2367,3676.0,1
138015.67,1,3,1,46.57745,0,0,0,0,0,0,189797.94,180088.25,125193.47,191625.84,124393.22,93050.99,16.855629,-244.16518,37662.113,3268.9973,7588.7886,1614.326,0
142102.03,2,1,2,36.5233,2,2,-1,0,0,0,-18738.914,53777.95,31586.768,514.8318,13005.228,13930.713,-2691.5442,4287.976,6487.128,-1890.4961,1109.661,4713.9805,1
110839.43,2,2,1,43.59643,0,0,0,2,-2,0,-21754.86,23352.26,36859.434,2527.4568,-170.76501,6141.633,-5289.9873,4700.3345,4761.7173,-4156.7583,-2169.453,6668.303,1
111388.3,2,2,2,24.79312,0,0,0,2,-2,0,-16485.29,44736.984,22840.023,9573.219,50283.777,27885.45,-3705.993,2985.1536,25045.697,-3157.0098,2201.316,3683.3086,0
140089.42,2,1,2,29.980934,1,-2,0,0,-1,0,-21038.953,50982.188,30179.41,-37.6018,14202.831,8592.229,5130.1064,2978.6904,19443.79,5084.8647,1147.7291,-17865.555,1
147003.3,2,1,1,42.298355,1,-2,-1,0,0,0,-11742.559,35389.73,27185.521,5149.539,2995.4731,6175.416,-1801.7806,3062.3115,5793.7373,-2922.5088,1950.4501,6296.471,0
143015.64,2,2,1,45.37968,-2,-2,-2,2,-2,0,-11699.465,48333.1,33962.457,6455.1523,3173.6333,10183.912,2059.199,3657.4714,5876.956,-1813.814,10286.739,4487.625,1
108784.56,1,2,2,43.6783,0,0,0,0,-2,0,12738.199,125961.63,38308.164,5656.199,843.07874,4680.1484,-3482.285,3272.9185,5585.5474,-2942.1846,-1466.351,-17234.27,1
102234.46,2,3,1,37.6349,0,0,0,0,0,0,47829.293,121469.01,95423.79,10485.412,23967.459,14905.51,-373.04184,2194.116,7908.0317,47.227978,2042.2545,4730.7515,1
98868.51,2,2,1,25.038002,2,-2,-1,0,-1,0,-21584.21,936.61115,14321.007,8081.3125,19294.82,5435.3477,2114.0112,1408.8754,6806.0586,-3551.205,1998.108,3509.4126,1
122386.65,1,2,2,29.715754,2,0,0,0,0,0,108069.37,148403.52,121005.63,122627.99,48769.523,34758.938,-3734.4128,3267.405,8244.207,-1615.2104,-713.1864,-25225.334,1
146659.88,2,2,1,37.322277,1,-2,-2,0,0,0,-15450.391,17755.0,25883.938,16143.508,46417.387,7730.916,-1260.5829,2314.7568,25875.734,-2920.8696,2548.117,2537.2227,0
134218.67,2,2,1,44.64021,2,0,0,0,-1,0,-23223.89,14236.854,36923.363,3350.82,3000.5435,5893.2812,-3417.7078,3537.5552,7843.237,928.21234,-1241.951,6448.4634,0
110563.52,2,1,2,42.27962,0,0,0,0,0,0,-9906.352,77298.46,46312.95,1061.9412,4279.102,9526.766,-4499.5625,2934.0435,5935.4766,-3394.4785,1530.3676,7008.2456,1
133993.62,1,1,2,36.570023,2,-2,-2,0,-1,0,-21220.32,4709.6855,19789.785,6050.0664,10347.618,24716.201,-1034.6703,663.76306,11552.797,394.3886,23769.826,3018.8442,1
105768.41,1,1,2,26.52768,0,0,0,0,-2,0,37956.38,124926.36,39892.785,7031.0625,8895.581,7603.879,-2054.5925,1553.1046,6092.437,-3464.6147,2276.7048,1356.4943,0
97938.24,2,2,1,24.84632,0,0,0,0,-1,0,-12053.953,50773.176,24457.902,12257.988,26258.043,12247.529,-14.201013,1352.8964,7577.2,8962.393,1907.6913,4199.8335,1
103667.414,2,2,2,24.482948,0,0,0,0,0,0,-15740.734,46427.312,28416.412,9824.895,15973.563,5978.715,2773.9053,868.26013,6556.988,-3419.9922,2244.56,4252.4053,1
93546.64,1,2,2,29.760862,0,2,-1,0,2,0,15579.168,108454.414,25319.848,12425.566,53280.54,23908.695,2687.694,-174.97572,7044.482,-3327.373,2335.0286,2840.4146,1
154637.67,2,2,1,45.24118,0,0,0,0,0,0,194045.53,199093.3,142505.53,244011.72,124552.305,124049.85,-2181.1985,-2670.7708,18047.773,4346.1465,6749.3267,-2993.4497,1
132968.34,2,3,2,45.70256,2,0,0,0,0,2,7811.0664,115109.03,68810.03,18263.682,48674.727,29589.361,-2240.3196,2664.5813,6997.459,1428.1096,1405.0206,4181.675,1
117639.99,2,2,2,25.75764,2,-2,0,0,-1,0,-23124.21,92407.55,22772.193,5934.379,20519.71,5445.6406,24270.176,950.85,7299.132,4733.621,2334.6292,1406.7155,0
115276.25,2,1,2,41.257584,-2,-2,-1,0,0,0,-15386.32,9419.971,22525.297,5916.0625,7544.1353,6054.9336,-1564.6117,2460.8628,6818.762,15.120557,1689.4874,4660.3447,0
142863.25,2,3,2,45.466335,2,2,-2,0,2,0,-16687.07,14940.006,33374.26,2222.9841,314.15686,7519.994,-5654.533,4231.924,5665.672,-3833.3481,641.66345,2706.8516,1
147119.48,2,1,1,43.02571,1,2,-2,0,0,0,-14143.75,27818.611,35699.727,2655.8005,826.21936,6219.926,-4899.245,4429.3696,10141.072,-3155.1895,1109.9257,1807.5612,0
106080.4,1,1,2,24.589817,2,0,0,0,0,0,-7008.1836,87289.88,40259.34,6205.4062,45780.125,23917.56,-2343.639,2104.696,6508.803,-2964.0806,999.2201,2288.999,0
116647.98,2,1,2,45.12342,0,0,0,2,-1,0,-22421.703,22354.33,41142.76,-834.68774,-5599.5815,7417.873,-6468.967,3835.094,4549.551,-3158.5776,-3818.5168,8239.626,0
158428.48,2,3,1,45.809464,0,0,0,0,0,0,153642.8,160712.98,138718.0,170067.58,103382.91,14897.996,1443.2535,3252.7903,10748.524,-3380.2964,18385.422,1491.6991,0
140656.17,2,2,2,34.70103,2,0,0,0,2,2,124600.38,146696.5,120826.14,146948.2,104855.195,96457.836,9.606116,-35.115852,17993.887,2732.5378,1449.5299,1899.1449,1
131002.18,1,2,2,36.045532,2,0,0,0,-2,0,133438.16,155856.8,108426.1,7096.7188,2486.2622,5464.074,-1083.0741,2520.0273,5943.35,-3015.3945,87.76625,6612.781,1
123674.19,2,3,2,40.703495,2,-2,-1,0,-1,0,-9439.75,16403.264,18603.72,9675.176,9653.505,4858.4844,-1348.8456,2413.974,16628.094,2340.3552,2825.4563,5329.3643,0
96141.97,2,2,2,24.664074,0,0,0,0,0,2,-8480.629,67061.76,30644.262,8246.703,45731.426,20593.162,1934.0743,381.59607,8107.523,1491.0183,1893.5602,2733.2363,0
116545.07,2,2,2,37.262146,0,0,0,2,2,2,-24603.96,26466.707,31888.234,3796.7185,22575.26,16501.928,-1689.306,1267.1007,5763.464,-56.09966,-437.4442,5339.164,1
120162.164,1,2,1,42.83903,2,-2,-1,0,-1,0,-14034.289,15052.83,17268.418,9407.113,11851.817,4742.7266,1516.4703,2024.5533,10509.015,2165.7441,2227.8987,4302.493,0
140986.42,2,1,2,38.73145,0,0,0,0,2,0,173701.97,181217.27,132693.48,212564.17,120258.516,117263.08,-2317.574,-2278.9514,22057.168,-3532.1562,5357.321,-799.3451,0
100908.27,1,2,2,26.12392,2,2,-2,0,-1,0,-27463.39,-69.71697,14145.437,5111.258,17253.135,22890.246,502.82388,1049.412,5930.775,-3380.6929,19487.42,2515.5933,1
99689.57,2,2,1,27.965319,0,0,0,0,0,0,30724.557,118223.27,78525.93,29860.287,22442.139,5226.3047,1416.4664,1788.8063,8011.7505,-1358.8994,1878.6425,5228.1533,0
140699.81,2,1,1,40.79905,1,-2,-2,0,-1,0,-7557.828,11228.818,21495.922,12562.082,3846.6216,3559.914,-1837.7543,1300.9564,8364.798,1898.6423,2159.0225,6412.0996,0
118282.26,2,1,2,41.724556,-2,-2,-2,0,0,0,-11580.742,503.3963,5792.6,157829.22,129427.16,113270.83,1203.7677,1181.608,48825.434,-438.97614,31687.172,-21797.232,0
151785.62,2,1,2,35.93728,1,-2,0,0,-2,0,-9953.965,30761.383,28550.793,4533.2344,-1707.8041,5597.9453,-3961.1091,3322.5715,5803.173,-2631.1992,840.08167,6978.4346,0
89892.91,2,1,2,29.80711,2,-2,0,0,0,2,80173.414,123768.78,92449.914,71252.68,97479.695,59850.668,3251.3545,103.728874,9911.179,3549.7668,3677.523,1012.08386,1
112125.94,2,2,2,25.102728,2,0,0,0,0,0,14291.441,122626.43,57668.76,6280.8984,51271.71,28004.506,-854.75226,1832.6393,7575.0513,-1718.0024,1311.6371,1897.691,0
144766.52,1,2,1,44.387264,1,2,0,0,0,0,200142.4,204486.39,132591.48,187522.61,110836.914,78188.8,-6448.1143,-332.34045,21516.805,1283.9302,-1126.7421,-22982.316,0
112153.93,1,2,2,39.174305,0,0,0,0,0,0,23195.531,124827.73,80108.414,15987.113,63138.445,39407.285,-2309.5173,1629.3226,7643.9746,977.6037,404.66272,-2159.9863,0
139702.6,1,3,1,45.51244,2,-2,-1,0,-1,0,-9218.02,23246.025,19139.184,6431.742,9533.792,6500.617,-1383.3334,1685.0802,6478.0234,3454.2834,4155.7886,4138.884,0
121019.23,2,1,2,28.493835,2,-2,2,0,-1,0,-21889.719,8429.963,16032.655,4276.871,15995.942,7076.0723,-648.8172,1681.4049,6347.9233,-3083.8784,2540.2673,3335.6829,0
111942.64,2,2,2,23.802233,0,0,0,2,0,0,-26940.328,34557.37,34969.266,206.78491,19198.229,12028.527,-3874.661,1728.5844,5440.588,-4217.853,-875.3544,3646.478,1
132295.6,2,2,1,45.439327,2,-2,-1,0,-1,2,-1831.4257,20807.568,13785.144,16719.316,10174.642,4123.824,2723.2979,1097.2401,7466.464,5060.9077,2862.0815,4413.9136,1
112415.09,2,1,2,41.649338,1,-2,-2,2,-1,2,-16119.219,12522.646,24712.234,5945.465,3748.6958,5754.422,-3155.339,2481.921,5940.8,-2020.416,1186.1088,-8606.478,1
144216.83,1,1,1,40.285385,1,2,0,0,0,0,176289.3,156489.42,109550.21,54881.125,46939.31,21778.11,-3585.5886,1821.4474,8252.2295,773.9743,3073.8206,4514.1543,0
119334.49,1,1,3,45.185387,0,0,0,0,0,0,-20728.008,23614.646,41091.58,1506.449,4398.391,11325.627,-5972.1143,3343.838,5057.988,-3839.043,-1290.7831,6416.852,1
121141.73,2,2,2,24.09528,2,-2,2,2,0,0,-34521.72,8190.783,15265.341,-3811.055,20803.543,9739.629,-1312.9257,2062.9443,5102.739,-6065.68,371.391,2464.407,1
112761.16,1,2,1,45.348515,0,0,-1,0,0,0,-17947.297,66359.91,40727.473,2090.5076,11727.366,11462.045,-2560.6296,2758.6711,5946.502,2622.7234,-44.26793,5813.138,1
103954.25,1,3,2,44.23654,0,0,0,0,-2,0,-14541.551,24971.904,27667.975,5049.5,4856.438,5145.621,-3350.1921,3341.3564,5526.1562,-3373.8784,922.91565,5801.2085,0
105638.266,2,3,1,45.492577,0,0,0,0,0,0,108694.99,133104.89,112620.516,156631.1,73535.08,3324.5977,-552.5257,2460.5046,8017.5205,790.0102,2202.1357,6213.242,0
99914.03,2,1,2,35.617874,-2,-2,-2,2,-2,0,-22416.375,7617.162,22077.53,2849.199,9313.671,7355.5117,-3760.4001,3225.2566,5889.3394,-4552.0083,1226.4042,4230.6333,0
147910.4,1,2,1,42.691086,0,0,0,0,-1,0,195820.97,214771.2,29960.557,1389.0271,-2697.5503,10914.721,12169.439,-2284.3762,11889.514,-2267.8945,834.5475,-306.29773,1
146501.27,1,3,1,45.86742,2,0,-1,0,-1,0,-3387.41,31687.316,31550.445,8133.41,-1734.2806,3793.2617,-2710.0144,3332.8843,7129.7734,1218.4329,1.129043,7166.929,1
94360.98,1,2,1,32.60416,0,0,-1,0,-1,0,83066.48,101905.87,18197.24,16223.016,40750.184,19009.047,798.5739,-210.43617,8276.539,21436.727,3098.5193,4399.7793,0
110687.96,2,1,2,24.161991,0,0,0,0,0,0,1107.4689,117625.266,59273.676,6738.75,12107.788,31529.984,3502.9814,-379.11682,8397.512,-1860.602,32505.877,2473.8706,1
105532.5,2,2,1,44.680893,2,-2,-2,0,-2,0,-24115.773,10983.83,26501.844,1844.1287,8966.341,8871.314,-1365.2977,3130.7058,5308.842,-4710.5796,1192.5763,1004.1688,0
131795.94,2,2,1,43.139286,1,2,0,0,0,0,-23236.258,29859.238,37875.492,1531.1482,9227.683,11689.98,-4907.4043,4313.115,5633.4756,-586.4244,-107.425156,5498.6494,0
115679.03,2,3,1,45.2313,2,-2,0,0,0,0,-21562.328,116592.87,67914.69,25504.5,74520.68,40831.418,36087.203,1404.1737,7173.6797,221.21236,4191.3745,69.78819,1
104941.24,2,2,1,44.37335,-2,-2,-2,2,-2,0,-25135.883,23570.32,34428.402,247.74585,9264.839,9182.24,-1809.3412,4198.963,17734.115,232.26973,1263.9073,-3575.5356,0
137983.55,1,1,2,32.41215,2,2,-2,2,0,0,-21769.0,15940.244,26843.781,-962.3596,6341.903,8015.758,-5489.7285,3381.3416,4707.911,-5167.565,758.2865,4136.545,1
102012.4,1,2,1,33.618786,2,-2,0,0,-1,0,-24693.836,5975.295,15289.251,5491.2734,15214.501,5587.9766,1765.5575,1970.9664,5777.6587,-1798.4033,737.68665,3945.1746,1
116094.19,2,2,1,44.82478,2,-2,-1,0,-1,0,-17271.266,14141.037,21360.375,6846.1367,9573.72,7535.4355,643.53973,2594.7305,16047.487,-2871.1636,4315.356,2992.3835,0
96297.016,1,3,1,27.143467,2,-2,0,0,0,0,88.937645,18901.672,22742.59,4059.785,14067.581,7195.543,-1712.6571,3596.1807,5148.1704,-4398.78,1845.9481,1891.5453,1
140957.08,2,3,1,45.976807,2,-2,-1,0,-1,0,442.58218,24771.113,17572.898,11131.615,39928.477,4017.3477,-1699.7509,754.5233,7179.825,19387.05,2795.978,5195.063,1
105078.26,2,2,2,24.68993,0,0,0,0,0,0,-1901.4022,112434.13,58106.492,13644.26,46190.348,26581.28,-1171.6166,2497.982,7299.803,-743.5401,1095.691,1895.212,1
124547.016,2,1,2,43.960583,0,0,0,2,0,0,-26406.68,50148.38,45151.24,-3336.8557,16286.7295,19196.69,-6002.5195,3286.636,5571.903,-3764.8154,-1054.2865,4408.22,0
118142.97,1,1,2,40.065952,1,-2,-2,0,-1,0,-13005.543,340.68146,48064.46,9816.77,51990.605,6111.9844,-2083.1877,-468.92786,23009.766,24153.094,5486.0728,2323.143,0
142889.78,1,3,1,46.121693,0,0,0,0,0,0,-3442.531,20178.13,99643.06,53072.54,53645.59,27520.607,-2626.5178,-327.1261,8181.631,2518.329,2547.9067,5784.346,0
117335.586,2,2,2,45.560017,0,0,0,0,0,0,76421.95,132521.2,119829.82,100936.42,91720.07,5056.1953,-2948.117,2535.9187,7281.4697,756.1225,-1621.1571,7665.535,0
134871.84,2,2,1,25.088171,0,0,0,0,0,0,135901.36,147340.52,115544.055,72781.37,34941.473,14390.838,169.74771,2752.1948,8182.015,-561.71,1298.1522,-965.952,1
120992.695,1,2,2,30.932192,0,0,0,0,0,2,-21332.219,84313.266,37192.445,11140.457,46119.8,19158.4,20935.078,726.10046,18549.096,2089.4685,2191.251,-16635.604,0
109367.02,2,2,2,32.568607,0,2,0,0,0,0,-22585.133,55393.164,31203.34,2810.5818,17375.795,12458.529,-3166.1238,3022.5925,6427.2188,-3802.7588,-15.993028,4744.52,1
135809.83,2,2,2,45.475174,2,-2,-2,0,-1,0,-7090.457,11286.756,21723.25,6653.3047,28995.291,21131.414,-3055.7502,1799.1957,6308.1006,17364.646,2956.353,2919.6733,0
115839.27,2,2,2,24.65683,0,0,0,0,-1,0,-14002.672,61972.867,34029.0,6541.4336,6024.4263,452.711,-1880.8842,2896.4812,6441.2935,-2110.7886,200.43324,-19428.432,0
141425.4,2,2,3,45.806232,0,0,0,0,0,0,61119.797,130089.91,117734.125,88153.28,85168.04,67922.61,-4089.3787,2245.607,10868.961,1662.498,458.18347,2030.6412,0
112139.55,1,2,1,44.831608,0,0,-2,0,0,0,-25287.492,9216.6,37316.664,1352.074,4641.692,7829.088,-5637.839,4321.394,4634.802,-4117.9097,-2277.4968,-14124.206,0
140989.94,1,2,1,38.47708,1,2,-1,0,0,2,132502.08,159270.39,125232.27,10075.156,49733.402,35680.04,-2264.6477,2565.6787,6415.364,1078.28,-435.72498,-40604.77,0
119569.99,2,2,2,45.213684,0,0,0,0,0,0,-23328.242,25694.223,42824.61,1938.488,5507.606,11995.613,-5027.991,3158.9739,5328.1787,-3012.4424,-2552.7844,7407.908,0
146395.58,2,1,2,42.30666,2,0,0,0,-1,0,-8748.297,100114.5,59762.246,3417.1716,11829.026,9601.596,6510.4937,2674.5483,18704.969,2570.689,11661.901,6722.165,0
119331.56,2,2,2,44.638443,0,0,0,2,2,0,6741.625,126763.88,82561.34,14343.764,60287.723,41797.383,-3737.6912,1552.0079,6841.6406,-3819.0415,-526.0399,1440.6141,0
146044.55,2,1,2,28.391375,0,0,-2,2,-2,0,-10526.594,20009.936,32874.043,5458.742,-2215.9097,5397.0625,-4973.6807,3246.163,5602.722,-2597.643,785.11633,7362.1143,1
104718.5,2,1,2,27.465923,1,2,0,0,0,2,-25590.234,10948.705,27712.223,1101.699,15651.839,11018.475,-4911.539,3303.7307,6118.582,-1391.8271,369.3053,-21452.121,0
126195.6,1,1,1,45.351448,2,0,-2,0,-2,0,-11698.918,41892.066,29024.371,4975.383,5854.637,5501.0586,-3760.0242,3757.9407,5531.19,-3667.4478,1079.943,5430.7544,0
98205.4,2,2,2,29.645481,2,-2,2,0,0,0,-29972.516,-1457.9044,13475.519,3445.9685,23356.303,7168.3906,-336.00082,1569.9496,9793.974,-4414.1763,720.4762,2297.356,1
131672.31,1,1,2,41.372375,2,-2,0,0,0,0,-25191.938,3427.658,15036.544,8179.8125,45969.574,23093.896,-3231.112,1783.3741,23043.605,-3947.7983,5415.8228,1246.5563,0
103869.26,1,1,2,24.711048,0,0,-1,0,-1,0,-18228.773,-2677.8928,19016.58,9123.586,12715.72,4955.5664,-1594.7665,219.72838,7273.073,-2128.0684,2024.3488,4584.6743,1
122694.82,2,1,2,30.865643,-2,-2,0,0,0,0,-23770.398,95864.2,25236.059,-6090.7773,30177.076,12135.008,37164.52,1964.4037,6254.15,-4095.3726,172.20326,-45812.758,0
112123.91,2,2,1,37.706398,2,0,0,0,0,0,70829.41,132314.11,114511.875,19788.455,28123.91,40907.57,-356.42416,2904.0422,5989.5923,-2928.734,28023.53,2138.2375,0
126067.586,2,1,1,41.443348,2,-2,-2,0,0,0,-21174.82,10943.693,33617.566,3093.8123,13588.882,10810.799,-3725.782,3661.8857,15564.993,-3882.1274,2104.3145,-22450.523,0
133549.47,1,2,2,38.83576,2,-2,-2,0,-1,0,-20087.281,53946.902,20663.361,3497.031,8135.932,8350.648,7709.1626,2087.574,5992.7153,4611.7847,5453.014,-2279.3906,1
105353.51,2,2,3,38.951385,2,-2,-2,2,-1,0,-28560.688,8119.67,24597.287,302.9568,7613.4087,8269.246,-3880.4656,2393.763,5129.4937,-4165.3687,-419.30457,3277.658,1
125902.98,1,2,1,45.254482,2,-2,-1,0,-1,0,-21223.594,3078.1892,25841.477,4118.1523,8230.37,10006.26,-1396.6112,1345.4677,12434.386,-390.0611,6107.989,5528.132,1
130769.25,2,1,1,46.205296,-2,-2,-1,0,-1,2,3945.3596,44917.305,7400.401,29219.438,98813.28,18140.309,14776.259,-458.109,26458.057,36990.625,4993.8223,-24323.334,1
149132.73,1,2,1,44.81622,0,0,0,0,-1,0,-3908.699,119219.52,114445.305,6670.035,-8188.695,9249.535,4472.534,2956.0562,6943.181,2780.4763,12317.511,-24308.432,0
113221.49,2,2,2,42.733437,2,0,0,2,-2,0,-959.2538,126854.57,39453.496,68.644295,198.56311,7810.7188,-5891.5947,4877.9536,4420.078,-4882.065,-2635.0652,6134.9995,1
110469.46,2,2,2,41.18265,0,0,-2,0,0,0,39388.81,-103.88494,30745.502,20210.771,63396.29,26439.475,-4542.115,2399.9448,27796.553,1410.4028,1251.6552,4028.695,1
95539.484,2,2,1,36.346134,2,2,-1,0,0,0,45043.92,121717.17,67249.914,10241.551,35520.152,17156.04,-754.0125,-717.30237,7566.259,-1027.188,1789.8942,4083.7327,1
134569.42,1,2,2,42.277893,2,-2,-1,0,-1,0,-18585.531,20787.557,16514.387,6924.043,18409.625,18457.504,3631.7441,174.57896,22733.47,3774.5432,13600.178,4516.545,0
112140.086,2,2,1,45.101223,1,-2,-2,0,-1,0,-20784.031,-1034.7482,27833.297,6499.797,8752.067,5234.8477,-1652.6815,2017.0035,17123.572,-2251.7827,1042.5724,3172.1028,1
101061.98,2,3,1,44.77059,2,-2,-1,0,0,0,-24541.648,21567.033,24318.777,1226.5896,15294.661,8868.637,457.55777,3161.5916,4982.8457,-4801.0444,1385.601,3843.571,0
114896.69,2,2,1,25.385979,0,0,-2,0,-1,0,-5950.332,4874.1387,20020.29,15841.963,11845.052,3204.4375,577.03485,1546.5948,8536.473,2305.3982,2240.77,5615.7793,0
109822.93,1,2,2,44.09113,0,0,2,0,0,0,22932.727,124126.52,78663.586,18021.834,45906.617,24529.78,1154.5924,850.89734,8364.863,-1390.0078,797.8258,3268.9443,0
97104.36,2,2,1,34.958275,0,-2,0,0,-1,0,-10023.664,23685.088,18740.045,12454.314,8717.403,5771.168,1826.3114,2215.187,9943.311,3688.1372,1878.3175,4438.0005,0
102642.46,2,1,1,44.573326,0,0,-2,0,-1,0,-9335.156,56510.926,27845.572,9362.422,2109.2544,4234.6016,-1116.3368,2053.193,7279.1245,-247.26274,483.0995,6496.29,1
106326.02,2,2,3,31.652014,2,2,0,0,0,0,-9699.68,107398.086,50793.848,4400.7188,33222.73,21837.01,-4492.5967,3952.435,5850.632,-2841.003,226.66347,2298.0117,0
98676.78,2,1,2,24.385532,1,-2,2,0,0,0,-29756.812,20718.469,17279.596,572.05444,24032.346,11897.324,2387.5542,1846.5719,8392.566,-5203.354,1517.9452,2649.5571,1
124589.086,2,1,2,38.969887,1,-2,-2,0,-2,0,-14900.449,20602.732,23926.488,5534.7305,7038.8325,6847.086,-2136.9944,3497.4658,6173.187,-3815.4946,2408.0273,5030.9443,0
109285.41,2,1,2,24.365757,0,0,0,2,2,0,-13594.875,81850.414,42105.46,3976.1404,30863.672,13226.342,-2888.9636,1742.4918,6286.098,-4671.0337,-11.805528,3676.1033,1
132672.69,1,1,2,30.703629,0,0,0,0,0,0,128145.16,143104.56,102214.625,25562.123,48665.91,103521.06,5673.0454,-606.359,8077.5327,787.3654,61496.152,-7673.8936,0
108743.24,2,3,3,45.28387,1,-2,-2,2,-2,0,-15840.891,20171.053,34019.562,1328.488,3338.938,8100.2617,-5255.3057,4408.097,4834.044,-4739.944,812.9967,5295.11,1
136947.92,1,3,1,45.509064,2,-2,-1,0,-1,0,-12305.09,32297.297,24148.104,4685.6953,10539.427,5779.1836,-508.02084,3002.936,11284.217,5647.6284,2343.7654,-16912.588,0
144610.58,1,2,1,45.594498,0,-2,-1,0,0,0,-5785.953,23409.207,24541.65,7803.4375,2389.6763,3704.1836,-193.50034,1481.6185,7875.8115,489.2519,2209.8374,6179.33,1
107862.086,2,2,1,27.303102,-2,-2,-2,2,-2,0,-20868.281,3668.9314,21373.223,5967.7188,14199.011,5639.582,-1103.0634,3107.374,5722.9614,-3973.2646,1168.4972,3948.2268,1
139107.61,1,1,2,38.79322,2,2,-2,0,0,0,-18801.46,7372.615,24342.633,2106.2185,4920.1763,6205.4004,-5040.4736,2222.526,5769.8193,-3907.229,1699.452,5380.806,0
110776.51,1,2,1,45.89042,0,0,0,0,0,0,86332.81,130455.54,98724.36,31868.48,54695.824,13738.826,-930.868,1621.9755,7731.9893,3661.2603,947.37634,6170.3535,1
115160.1,2,2,1,25.156836,0,0,0,0,2,0,113336.97,122206.33,89510.46,49077.87,68085.945,33064.945,1450.3153,1134.0746,13098.357,-2322.9429,2962.4866,4106.097,0
108925.08,1,2,1,43.587246,0,0,0,0,0,0,23508.4,123058.34,84003.97,25525.613,66479.21,38135.727,417.8488,1254.497,8300.47,943.60443,1447.9601,3925.2725,1
150501.9,2,2,1,44.392162,0,0,0,2,-2,0,-7115.047,42855.58,39311.203,5202.2773,-5023.4644,3898.039,-4433.718,4790.703,6498.903,-1627.9409,-2604.9822,8053.0005,0
121227.25,2,1,1,44.473656,2,-2,-1,0,-1,0,-7176.383,21621.176,20780.604,11010.174,5280.0005,5458.5273,-2266.6487,2862.7773,6966.9966,-244.97758,2568.3005,3916.7412,1
134244.45,2,1,2,29.058464,0,0,-1,0,-1,0,-4294.8086,18541.133,20665.865,13177.197,4545.4263,3956.039,-1395.805,1182.247,9986.028,-949.7598,2071.2046,6612.7905,0
87630.555,1,2,2,44.799488,0,-2,-2,2,-1,2,-18049.766,11823.318,13207.753,9953.672,18735.389,7871.1914,2959.9739,-76.509895,7628.1416,-1900.8643,1769.7877,4909.761,0
108292.805,1,3,2,24.873629,1,2,0,0,0,0,92780.93,108698.95,36585.527,3805.777,23424.736,7334.9297,-2314.8914,2485.5264,5746.0337,-3892.7783,2504.925,2868.4207,1
101906.945,1,2,2,27.762491,2,2,-2,2,0,0,101715.21,134511.83,94404.76,10433.102,87459.836,79934.34,-2510.6467,-4708.8467,6466.388,774.1982,2063.2031,143.04698,0
128583.32,2,2,2,32.91583,0,0,0,0,0,2,138467.25,146827.31,121361.81,139643.17,109112.95,93238.055,2789.0735,-1905.965,11646.383,5426.014,2810.3296,1780.474,0
136864.33,2,1,2,42.68399,0,0,0,0,0,0,192304.48,189400.8,134092.2,142966.6,115045.18,99794.266,-758.97394,-3508.6008,11005.176,32862.07,9186.848,2262.7805,1
112289.97,1,2,3,44.661163,0,0,0,0,0,0,50162.652,127315.47,103379.945,49957.535,49894.516,33430.29,-960.6297,1286.3124,8468.767,-396.47906,2146.0308,4564.0503,0
90040.95,1,3,1,24.889183,0,0,2,0,0,0,-8060.9453,76787.85,23791.09,7873.5312,24123.643,7912.7637,1329.5475,1816.3732,7183.542,-2742.4414,3038.625,3607.1836,0
110740.83,2,1,1,45.49823,0,0,0,0,0,2,-8209.914,73222.77,51859.246,7661.8867,29415.229,7375.6074,-1931.0863,3260.0623,7441.2183,2570.9465,435.1454,-242.42714,1
127799.266,2,2,1,45.39344,2,-2,-1,0,-2,0,-13405.879,13288.689,23125.598,5976.047,6965.7036,5570.383,-1197.1737,3062.9802,5869.8716,-3348.5518,1249.2174,5522.028,0
119804.15,1,2,2,31.288021,2,2,-2,2,-1,0,-19349.828,12583.232,19142.762,5236.4375,10587.847,6407.9746,-2346.9094,3231.3406,5858.0977,-3869.6816,1288.3619,4866.979,1
82566.18,2,3,1,24.82314,1,-2,2,0,0,0,-360.4764,78703.79,21431.732,10096.176,48640.06,14064.609,5066.076,1482.2054,6271.425,-3742.2715,3966.7546,1347.7125,1
70890.15,2,2,1,27.732845,2,-2,2,2,-1,2,78775.91,117557.77,81035.31,71276.89,108638.73,66634.555,4903.008,-2352.6062,11139.968,-3520.1494,4854.8594,-1815.6932,1
139084.64,2,2,1,42.563473,1,-2,-2,0,0,0,-22086.414,8489.541,29100.719,4453.6133,16349.058,18635.238,-2076.5002,2427.126,20489.822,-3208.63,2542.5378,2203.447,0
145115.95,2,1,2,45.38778,1,-2,-2,2,-2,0,-12206.641,17233.344,34167.66,2880.3982,-672.933,6688.6035,-5098.991,3565.341,5201.7837,-3345.5854,-250.42467,6740.576,1
133877.55,2,1,2,25.188755,2,2,-2,0,0,0,-17329.922,9640.697,25346.496,4956.7773,15114.448,10531.758,-3588.0447,3406.4316,5477.3633,-4300.5347,2634.1284,333.27502,1
144630.16,2,2,1,45.52063,0,0,-1,0,0,0,-7591.8164,106966.5,58924.156,6661.1875,6496.8755,8119.992,4199.5024,1533.3617,9551.665,-1752.73,147.95863,7671.269,0
118820.625,1,2,2,44.772377,2,-2,0,0,0,0,-30897.633,36910.21,27895.56,-1685.4612,14453.8,8687.904,4978.637,1887.225,8926.882,-4814.353,-664.41003,4140.1265,0
96375.9,1,1,2,29.56844,2,-2,-2,0,0,0,-27571.234,4048.7205,9548.952,1869.863,25375.562,8878.885,120.57584,533.19666,13808.351,-5057.5747,1491.1991,1303.8558,0
137102.92,2,2,1,44.872276,-2,-2,-2,2,-2,0,91126.625,118913.805,26962.973,5890.367,7927.846,4692.91,39205.47,1638.9803,10789.792,1845.5735,3035.6501,3218.6487,0
111051.0,2,2,2,24.258478,2,0,0,0,0,0,-29721.617,4068.7751,26296.762,2471.492,40858.832,24800.27,-4877.1074,2681.813,5741.4736,19988.432,-78.24107,2461.356,1
92889.44,2,2,1,30.57249,2,-2,2,0,0,0,10819.781,118237.75,51691.496,8877.836,27280.477,11426.316,2337.289,2344.097,6993.031,-1898.3389,1748.8856,3559.9387,1
117973.46,1,2,1,43.385193,0,0,0,0,0,0,155469.42,161173.52,128308.19,165369.58,109760.375,105306.016,3481.353,-1581.7345,11377.502,4116.1123,4740.3857,2961.026,0
121381.32,1,1,2,30.329123,1,-2,-2,2,0,0,-29778.016,4237.037,25211.096,-1051.6448,12114.294,9428.3125,-4670.492,1557.0704,5446.748,-4797.435,636.3097,2228.995,1
142267.7,2,2,2,43.601135,0,0,0,0,0,0,186173.5,177892.92,130420.875,202361.89,50535.266,61390.402,-1173.2094,-613.5631,28766.592,-1873.3506,45008.344,-11203.039,0
113218.82,1,3,2,45.51254,0,0,0,0,-1,0,-17518.617,42918.348,33970.477,2637.5115,1522.4967,5360.3125,-2093.9417,2310.2559,8048.109,1865.7725,-237.07164,7167.719,0
139839.67,2,2,1,29.598188,2,2,0,0,0,0,41192.543,120776.5,86267.67,41922.95,63836.957,39686.875,-1860.4774,2943.2983,8045.842,1057.2615,2333.0913,3467.5244,1
142263.34,2,2,1,45.38932,0,-2,-1,0,-1,0,85037.3,20326.71,26705.39,7087.5703,-1311.1556,4098.59,-2248.4182,2765.0322,6672.4546,55.5771,190.1974,4132.479,0
142094.89,1,1,2,39.399017,0,0,0,0,-2,0,15486.867,76228.41,40974.035,9822.504,442.08264,3977.6562,-2486.1086,3043.5752,6624.002,-1556.1494,759.42395,7092.753,0
148372.48,1,2,1,45.886234,0,0,0,0,0,0,176291.08,168952.06,135277.5,125124.34,31809.223,17056.107,-967.4378,941.90076,11144.876,1429.3091,-837.4452,7369.5527,0
150381.77,2,2,1,44.75842,0,0,0,0,0,0,191514.3,202339.92,139429.8,232927.44,127044.305,125373.32,28922.324,-2530.5598,16921.9,3950.8086,5850.1113,-17956.91,1
109025.82,2,3,1,45.722965,0,0,0,0,2,0,25803.17,125793.414,91234.9,10899.867,572.32874,5249.172,-2317.5115,2765.3735,6837.4893,-1960.7002,-391.99597,5305.9893,0
110794.74,2,2,2,25.10002,0,0,0,0,0,0,-23162.18,26630.334,37578.688,2478.3435,6407.8013,9644.584,-4351.4336,3618.0688,6658.372,-3564.608,-1526.3099,-18706.678,0
103581.43,2,3,1,34.40658,0,0,-1,0,0,0,-12553.906,75689.74,32909.41,5657.336,22937.078,13859.213,589.5197,2883.6711,7039.892,-511.77008,2320.3545,4807.6978,0
118983.19,1,3,2,44.65129,2,0,0,0,0,0,-29331.156,10736.092,25106.047,-862.9768,19278.906,12593.547,-5315.5,2740.1768,11344.7295,-4708.2563,-151.30992,2928.2053,1
112341.93,2,2,1,24.290758,0,0,0,2,2,0,-17751.578,72199.38,37453.586,5130.164,34286.348,20298.404,-2406.926,1890.9847,6443.907,-4325.4536,-442.08875,2721.4976,1
135730.16,2,3,1,36.569054,2,0,0,0,0,0,-18571.305,40135.816,34388.594,3011.7927,8078.604,9455.988,-1964.2704,4539.494,9163.182,-1197.8398,2556.0293,1627.8456,0
139797.52,1,1,1,44.75507,-2,-2,-1,0,0,0,-3686.9138,26528.451,55130.164,9265.156,4366.891,5744.5195,-1244.9325,1722.6742,6929.3315,1049.9749,6598.593,178.91124,1
136193.34,1,2,1,45.47671,0,0,-2,0,-2,0,5639.1133,33879.113,29134.959,7410.871,1200.6998,4331.3047,-791.1829,3218.1426,12514.408,1080.8391,1147.9464,2737.488,0
154002.06,2,2,2,34.10418,0,0,0,0,0,0,168879.33,124235.21,96866.23,39574.094,32797.543,8379.383,-5224.8955,5791.2603,6065.987,834.10614,-5028.965,-31977.434,1
99553.29,2,2,1,25.36239,0,0,0,0,0,0,-5574.1016,92600.81,42471.137,9234.84,12178.112,4893.379,358.9738,2122.0112,7233.434,-2669.6436,1343.3177,5333.1396,1
138387.45,1,1,2,42.50198,2,-2,-2,0,0,0,-15065.969,90493.2,25032.31,1934.488,11819.329,6336.127,23696.781,2672.0562,8787.874,-3310.7773,2295.5542,-22882.12,0
107116.41,1,2,2,25.837317,2,-2,2,2,0,0,-28243.445,15330.893,6364.5103,493.82788,29026.316,7373.9297,-223.15219,1880.8778,13586.494,-5251.141,554.29407,998.7157,1
120533.06,2,2,1,34.571346,0,0,0,0,0,0,-19282.266,43203.258,41475.59,4360.5664,5454.6685,8481.789,-2862.5603,3125.5168,6166.4204,-2918.6309,1852.7323,6311.714,0
122101.7,2,2,2,45.294273,1,-2,-2,0,-1,0,-23336.555,10702.869,30748.488,2051.8865,3334.3755,8574.873,-2068.6897,1750.2057,11267.838,-368.51178,2653.4988,6130.172,0
108605.02,1,2,2,24.81006,0,0,0,0,-1,0,-13401.441,46075.402,27790.844,6546.5156,11786.899,6013.8516,-1449.0101,2022.4515,7837.6733,4095.915,79.16176,2022.0187,1
106633.125,2,2,2,24.359205,0,0,0,2,-2,0,-23525.406,10780.748,31339.566,2255.4685,6714.4653,7377.3887,-4489.3057,3531.909,5055.4854,-4645.609,-460.8949,5443.2773,0
132371.72,2,2,2,43.35822,1,-2,-2,2,-1,0,-17737.219,14866.811,29441.342,6462.715,7352.227,8873.725,-3632.5076,2666.7222,8684.347,4966.7856,646.1068,6458.1904,0
146789.31,2,2,1,41.699764,2,0,0,0,0,0,78349.914,107741.945,70228.33,10638.301,23496.24,21333.355,-3356.451,4576.723,6604.861,315.03217,-1101.8402,6135.6167,1
112892.16,2,2,2,45.87823,0,0,0,0,0,0,70483.23,127281.5,92745.53,38689.555,35274.06,9711.896,-2826.0261,2411.4592,32069.895,-2267.9146,1957.184,1673.9701,1
97619.57,1,1,2,41.82632,0,0,2,0,0,2,8289.809,102706.24,37912.89,7059.383,52189.45,22974.904,2542.5293,-128.39272,8407.35,939.63885,2703.9595,3413.9683,1
142146.9,1,2,2,34.38123,0,0,0,0,0,0,176277.61,172224.27,130827.99,185833.06,44686.28,15892.154,145.07632,-521.68274,11714.373,-536.24567,1875.9532,7811.309,1
132355.47,2,2,1,44.480663,2,-2,-1,0,0,0,-18410.953,59066.887,46557.836,5733.8516,20018.283,6147.658,15704.678,524.7733,19284.072,-3453.1167,2785.3147,4013.1072,0
102510.73,2,2,2,24.515858,0,0,0,0,0,0,-12940.6875,77178.27,34373.215,5213.8633,14246.821,6047.801,237.38785,1710.3861,6656.927,-3483.1812,1111.4584,4901.745,1
111778.37,1,3,2,45.26,2,-2,-2,0,-1,0,-19475.695,12649.486,22436.033,2308.1482,9707.194,7785.3184,-1582.8895,1923.0443,7934.6963,1069.2722,3006.6514,2082.5076,0
112159.38,1,2,2,44.610382,0,0,0,0,0,0,94080.95,137411.45,121107.266,6444.9766,45480.83,27465.484,-1490.0228,974.7599,7689.844,-118.70561,344.0326,5650.816,0
107479.3,2,2,2,24.659536,0,0,0,0,2,0,-19713.344,35658.59,30521.559,7771.258,15946.474,11934.465,-1211.9901,2234.4666,7150.0923,-3827.7485,115.91518,3432.6953,0
129292.914,1,1,1,44.848427,1,-2,-1,0,-1,0,-8739.738,14852.658,20603.643,10835.232,3994.391,3843.7422,-1526.8304,1605.5555,6892.083,662.3044,2161.0942,5904.205,1
96246.39,2,2,2,24.737402,2,-2,-1,0,-2,0,-23539.992,2359.658,11788.358,5331.258,21608.707,7136.826,-175.3602,2214.3533,5664.4653,-5018.055,2070.4817,2610.5205,1
103238.79,1,3,2,32.71423,2,-2,-2,0,-1,0,-24417.258,17058.625,13410.358,2769.6091,18638.473,11094.902,3591.5305,1574.7467,12010.565,38.856884,7309.243,-972.579,0
121206.555,2,1,2,27.198277,2,-2,-2,2,-1,0,-21438.54,7728.67,23098.871,3631.2732,9429.491,6661.1973,-3122.8958,2352.7266,5584.0757,-3850.9844,1093.0829,4887.6533,0
97338.32,2,1,2,30.77051,1,-2,-1,0,-1,0,-15794.57,8198.791,20605.05,8147.1016,11248.157,6750.297,-1881.5634,1811.5077,6533.476,4567.9453,3060.4292,5876.7637,1
105849.836,2,3,1,36.372955,0,0,0,0,2,0,-13436.273,40567.812,32440.07,9098.27,8765.347,10686.84,-2335.223,3642.9458,7642.68,-3266.4155,701.82874,4136.9043,1
118639.62,2,1,2,42.37337,1,-2,-2,0,2,2,-15008.82,-424.43964,20908.121,11107.166,12310.335,7671.008,-1111.6757,475.3153,6943.787,-3168.3843,3376.6514,4389.9067,1
112543.25,2,2,2,24.427673,1,2,0,0,0,0,90410.195,138094.12,112751.41,96934.74,81403.93,56971.816,-1111.164,1653.9764,8978.4,-377.6729,2278.7239,-4576.0625,0
144817.19,2,2,1,45.879333,0,-2,-1,0,-1,0,-3766.9646,28254.393,28557.34,6426.5586,-3434.5542,4308.16,-1651.997,2307.9673,14405.963,5275.6646,1738.1903,-20167.082,0
96576.05,1,1,1,24.869917,0,0,2,2,0,0,13017.141,119629.984,57641.965,6981.082,64502.93,32066.283,2230.761,468.8954,6132.6006,-1919.4854,2081.2717,1423.0358,1
113080.805,1,1,1,45.71691,0,0,0,0,0,0,94170.35,137105.27,120784.086,101055.84,95356.586,72975.97,-2589.5085,704.4169,8840.776,1953.4927,1504.161,3694.9644,1
110377.57,2,3,2,45.44951,0,0,0,0,-1,0,-20123.031,25562.719,37217.934,2910.6052,1007.1725,7876.3086,-3626.8816,2448.4055,10960.347,-2802.4307,983.53357,6805.1265,0
91131.555,1,3,1,35.440365,1,2,0,0,-2,0,-1290.8788,96025.98,38552.785,7207.1953,11895.116,5401.5547,-2039.2582,3719.7842,5881.8125,-3499.274,2744.2637,3758.921,0
133209.28,2,1,1,43.53481,2,0,0,0,0,0,83639.555,136192.53,69996.03,8270.594,40473.53,22084.492,-3136.7244,3265.6487,6503.1445,-60.850636,1321.9796,4060.9624,0
110825.29,2,1,1,44.734066,0,0,0,0,0,0,-15381.914,22642.977,36873.41,4570.0156,274.91467,5784.8125,-3751.0027,3770.8425,5844.705,-1998.3706,-201.87877,7048.255,0
137608.42,1,1,1,45.662216,-2,-2,-2,0,-1,0,-7704.715,1713.6542,21482.188,8921.055,17191.016,4982.66,-2174.801,784.8622,18301.803,8034.6074,2636.1777,6190.4185,0
126035.78,2,1,2,44.346004,-2,-2,-2,2,-1,0,-19320.64,9661.514,28028.236,3254.1833,2400.3599,5379.3203,-3808.6423,2447.9358,5643.1626,774.06757,-11.507676,6525.5137,1
105399.3,2,2,1,38.498566,2,2,-1,0,-1,0,-25222.156,3596.904,17357.156,4626.2188,15421.8955,6295.3633,-1738.7723,2884.7751,13572.685,-2176.8003,1356.9117,3639.5774,1
108000.836,2,2,1,25.205063,0,0,0,0,0,0,-4200.668,100824.875,45463.145,5312.7383,10262.347,17754.01,-105.05013,1539.0343,6916.6025,-1515.1953,14845.894,4605.04,0
106101.24,2,1,2,28.911772,-2,-2,-2,2,-1,0,-22798.867,20902.12,21381.295,3056.2732,9994.292,6585.299,927.6381,1710.943,5856.8413,-1865.1133,293.86023,4171.427,1
126462.69,2,3,1,45.550922,2,-2,-1,0,-1,0,-12332.09,17897.295,22655.895,6028.625,4619.262,4454.2617,-2511.2375,3148.3171,6310.986,-1420.3477,1763.5895,-783.3959,0
104171.64,1,2,2,43.687366,2,2,-2,2,-1,2,103512.24,2134.9666,8070.108,7100.2734,106089.69,83030.43,-4931.784,-810.64465,6680.843,43441.14,2008.1693,1258.8839,1
110671.664,2,2,1,41.183765,2,-2,-2,0,0,0,-22891.906,1520.8104,22108.871,13975.756,27002.941,9250.586,178.94107,2357.0906,25709.229,-3056.1494,2229.5786,2322.9578,0
119508.67,2,2,1,43.626255,0,0,-1,0,0,0,4375.047,118965.54,69543.33,14506.715,50401.49,27631.168,550.68134,1976.8309,8026.837,271.75262,1144.2799,3618.4573,0
109220.85,2,1,2,25.724096,0,0,-1,2,0,0,-31725.984,14853.76,27444.645,-2113.2776,17388.97,13256.672,-3807.5828,1968.3336,5219.902,-4263.024,108.196915,3415.022,1
136902.12,1,1,2,32.11198,2,-2,-2,0,0,0,-12097.828,17969.963,20107.697,8193.641,45021.586,14061.232,-639.11017,2053.2576,10224.668,8545.312,3010.0994,4653.2905,0
114736.945,2,2,3,39.90398,0,0,0,0,0,0,-178.36313,53419.586,50062.156,1825.6833,7545.9165,14642.088,-5185.298,3906.1238,5878.4966,-2352.6484,-1507.4613,6494.1934,0
111578.164,2,3,2,45.44367,0,0,0,0,0,2,-14165.578,36004.824,35730.105,5244.801,18233.215,14166.107,-2932.8772,1949.3561,7354.531,-469.20367,700.6405,5302.4756,0
105756.68,1,2,1,25.79468,0,0,-2,0,-1,0,143294.75,-1017.6037,16717.61,14317.826,85065.13,52081.8,-1980.3207,-1244.4689,7850.436,32286.525,3860.6633,3743.6511,0
78438.41,1,1,2,34.138535,2,-2,-1,0,-1,2,-12896.863,488.75568,3833.3113,17535.76,58427.36,23779.447,3634.6116,284.94714,24398.707,-650.34186,3846.1042,696.04065,1
119949.43,2,2,2,26.985603,-2,-2,0,0,0,0,-29553.11,61072.63,27800.002,-61.74633,30060.86,8479.125,14468.433,1462.264,6476.5537,-4104.5884,716.213,3058.307,1
138914.95,2,1,1,40.150284,2,-2,-2,0,0,0,-16937.79,12091.912,26270.32,4661.0195,5861.5083,6594.5586,-3082.7722,2971.257,9656.752,-3826.977,2381.0354,1740.2115,0
94673.27,1,2,1,43.472683,2,-2,-1,0,-1,0,-23275.953,56498.777,15403.651,5906.1094,20508.543,6039.3867,15528.825,1161.5477,11263.598,3419.1467,1879.7218,4211.3936,0
136892.2,1,1,2,40.84155,2,-2,-1,0,-1,0,-11522.582,9976.854,16848.24,7112.6445,5524.227,4540.215,-2569.6707,1378.734,7276.2695,103.734085,2286.4216,5819.058,0
108160.336,1,1,2,44.36433,-2,-2,-2,0,-2,0,-19919.047,18313.875,18910.982,1627.8318,10973.554,6917.744,-264.01645,2468.0935,5691.726,-4390.863,1802.5643,4436.286,0
111178.27,2,2,1,45.224445,1,-2,-2,2,-1,0,-22007.266,6567.994,34705.363,3795.41,485.14514,6459.67,-3887.5164,2933.138,5552.4814,-1299.6064,-713.72546,7021.4517,1
116734.234,1,2,1,44.89781,0,0,2,2,0,0,55731.86,131006.93,110806.016,65540.47,97596.48,74117.73,-1209.5692,-770.18713,5980.2573,591.72675,6350.781,5306.086,0
141568.61,1,1,2,28.02068,2,0,0,0,0,0,-20471.078,64301.99,43520.85,8105.4414,48886.152,29959.098,1973.1906,2528.6396,12590.362,-2091.394,1382.2225,3598.8455,0
103436.22,2,2,2,26.574566,0,0,0,0,-1,0,24425.744,122033.414,66694.44,11282.055,10547.044,5221.117,636.738,429.65222,9370.778,-528.17487,1316.4073,4949.605,0
108224.45,1,3,1,45.649574,0,0,0,2,-2,0,13954.648,126525.41,32989.824,5127.367,2937.8442,5252.4805,-3834.7605,3316.5332,5341.5527,-3105.81,324.6432,6017.812,1
142058.77,2,1,1,44.441254,-2,-2,-1,2,-2,0,-11027.398,34612.387,25008.955,5257.7734,3390.1763,5838.59,-2371.8909,4020.245,5737.9517,269.0368,1561.681,5512.0547,0
139437.75,1,1,1,44.260925,2,-2,-1,0,-2,0,-11374.23,20088.625,21756.443,6376.09,4790.4185,5828.3203,-2808.557,3539.4294,5973.3994,-3139.2803,2938.022,3876.4954,0
94640.414,2,2,1,42.474075,-2,-2,-2,0,-1,0,-19624.29,-936.3732,18466.336,10092.43,19580.973,7190.592,139.91177,1595.1156,16413.545,5500.6533,3061.3943,2489.7046,0
121629.76,1,2,1,26.783512,2,-2,0,0,0,0,-22358.938,115868.23,58922.19,16443.584,80011.86,35776.18,40813.375,-725.36584,7986.313,-1759.6006,3969.669,-890.327,0
124213.484,2,2,1,45.04041,-2,-2,-2,2,-2,0,-24364.89,18789.14,31732.99,222.06616,2999.5122,6847.92,-3096.2644,3626.526,4858.1284,-4020.229,-644.70105,5935.035,0
143852.0,1,1,1,45.34161,-2,-2,-2,2,-2,0,-12138.566,27612.812,25724.953,4974.4062,26233.062,31081.39,-1660.723,2422.8303,13339.864,15674.476,32408.654,5155.6313,0
141757.8,2,1,2,32.62903,0,0,0,0,0,0,158500.8,217574.22,132252.33,201090.39,115986.03,117547.43,-1993.3236,-3334.6292,13277.441,3066.57,5556.8574,-4174.3633,0
90856.94,2,2,2,26.212133,0,-2,0,0,0,0,-23379.438,113899.64,52419.57,12753.9,34438.945,6752.24,37691.48,-973.8522,11413.86,-2095.2227,3530.9888,1168.4618,1
127795.12,2,2,1,31.286646,1,-2,-2,0,0,0,-20161.664,9271.338,28716.992,5132.324,7997.858,6904.83,-1683.9598,2555.091,5914.052,-2685.4673,2025.5492,5056.225,0
113910.945,1,2,2,40.178352,2,-2,-1,0,-1,0,-23763.398,24099.951,19326.904,1777.1755,10970.524,5965.8555,343.57632,2138.2095,5973.9014,2149.4836,736.7814,5506.618,0
137170.88,2,2,2,31.383162,1,-2,2,0,0,0,190662.98,203960.45,135259.52,219795.45,121615.61,117366.945,-2293.3167,-3007.319,15252.353,5476.5884,7172.1646,-2255.2134,1
138833.89,2,1,2,40.817036,2,0,0,0,-1,0,-11958.387,70113.32,31569.943,5812.0664,820.0553,7647.2285,-2687.8953,3187.0706,5335.304,-17.104542,1980.1505,5956.9985,0
125031.48,2,2,2,36.421913,2,-2,-2,0,0,0,-28177.906,8774.416,17794.73,3332.453,20337.723,41131.836,2201.3125,796.30066,13628.066,-4126.7397,32792.727,559.2799,0
98896.45,2,2,1,45.283344,2,-2,-1,0,-1,0,-17678.031,19276.098,19815.46,6199.1055,9882.866,5422.4805,2490.6213,2340.5955,12031.945,-3180.7021,1155.7623,5120.6484,1
136100.08,2,2,2,32.397682,2,-2,-1,0,0,0,-22234.688,3381.279,26736.463,2518.5896,13448.476,10240.547,-2220.3953,2089.742,16033.854,-1871.6958,5482.259,4887.0483,0
131173.92,2,3,1,45.586388,1,2,0,0,0,0,115499.59,143632.22,116372.17,115041.195,105006.35,90570.7,-3682.8123,2042.1517,9330.481,1999.3872,4013.6965,1375.9579,1
108772.24,1,1,1,45.457794,0,0,-2,2,-2,0,-14922.266,8835.346,29296.379,4666.125,1660.735,4907.8164,-5589.5664,1106.0931,5313.8765,-1196.5513,-450.50623,6781.7915,1
139122.77,2,1,1,44.760715,-2,-2,-2,2,-2,0,-25715.39,12195.885,29060.574,34.456795,5670.5005,62953.207,-3629.161,2918.569,4747.6265,-4400.895,46358.297,-3915.8213,1
133103.06,2,2,1,42.88865,1,2,0,0,0,0,140527.22,156092.5,123543.3,143172.77,104463.8,98360.68,-3775.0212,1263.7806,11702.864,2391.073,3027.3628,1274.1381,1
130573.02,1,1,1,45.475266,2,-2,-1,0,0,0,-12096.473,11956.127,23558.432,6543.125,8835.358,5426.0117,-2492.4558,2593.8723,5761.192,-3029.974,1948.2028,5280.9385,1
147633.64,2,2,1,26.06025,0,0,0,0,0,0,182175.89,183145.75,142903.0,215413.77,119866.945,109702.66,11431.729,-1802.1798,16017.303,5021.779,4727.8125,903.8739,1
104860.16,2,2,2,34.923634,0,0,0,0,2,2,-11248.465,59280.04,30150.625,8887.387,29228.848,18262.938,-523.63995,1408.8636,8540.477,-3260.274,525.9955,4394.644,1
140278.67,2,2,1,44.36056,2,2,-1,0,-1,0,-19968.875,16078.299,26726.23,2513.4958,3707.8013,5473.492,-3653.0847,3257.3628,11814.888,2072.0457,1505.9818,2288.769,0
140807.02,2,3,1,44.76092,0,0,2,0,0,0,107624.31,138228.66,120863.84,117763.84,103483.5,83586.67,1421.3256,434.28064,10459.344,3223.7996,4313.0967,3001.235,1
129186.17,2,2,1,44.640278,2,-2,-1,2,-2,0,-28195.43,18177.377,27901.77,-3225.8713,9252.349,8840.346,-2339.945,3465.8472,4755.3916,-5400.0493,-78.87877,4814.1987,0
145776.62,2,2,2,45.547073,0,0,0,0,-1,0,-15917.531,23410.266,41049.086,4394.1133,-1390.683,4755.383,-3932.4158,2623.7278,14128.006,3550.5195,-1554.9716,7902.153,0
109728.36,1,3,1,45.086063,0,0,2,2,0,0,31864.55,126233.83,88809.516,26565.207,76641.11,46719.0,-348.24887,817.70496,5744.5938,-1387.7017,1706.4044,2813.9001,1
102698.99,2,1,2,31.877443,2,-2,-2,0,-1,0,-24187.71,3466.5837,17903.309,4376.9883,12569.683,12030.408,-1723.1239,1258.881,6547.0566,-3509.8022,8197.938,3995.0464,0
117687.266,2,1,2,34.34663,0,0,0,2,0,0,-20862.96,73663.62,45624.4,-1182.5237,28555.166,21372.145,-5451.5225,2608.4395,5209.109,-2979.7515,-1018.7645,2606.4453,0
112278.61,1,2,1,45.51945,0,0,0,0,2,0,7723.535,123142.836,67206.38,19323.762,50789.22,30801.82,-1104.5804,1833.4965,10197.66,-2332.8716,252.92421,5240.5454,1
133128.11,1,3,2,46.068993,0,0,0,0,-1,0,93828.836,129061.81,103749.12,35003.4,9212.089,8297.604,-396.95883,681.54333,9294.258,6797.586,11006.571,7195.05,0
84969.75,2,1,1,28.04077,0,2,0,0,0,0,60486.387,117901.49,83332.94,50252.227,86304.1,56211.16,1864.7335,1052.0638,9722.724,5223.5654,3075.5774,3411.7788,1
143458.14,2,1,2,44.038017,1,-2,-1,0,-1,0,-6233.047,28129.785,20601.812,9680.953,773.7545,5028.59,-1765.641,1498.2081,8271.387,-980.84235,2366.2498,6620.108,0
104594.6,2,2,1,43.769993,0,0,-1,0,0,2,-18667.96,11096.186,27341.4,7409.2734,10401.198,6279.838,1059.9572,1859.1874,7768.4775,-826.8829,881.1791,4352.798,1
134642.95,2,1,2,30.147913,2,-2,-2,0,-1,0,-7087.449,10542.154,16614.076,10660.215,11762.001,5050.1875,-470.74887,1577.9017,18979.035,-2519.3018,3213.0288,4591.9004,0
90212.61,2,2,2,24.907381,0,-2,-1,0,0,0,-18158.203,171.05646,18577.783,9299.375,32036.775,13258.885,1212.6107,1055.8112,11269.195,-2370.7026,2597.3032,3839.9155,0
126162.18,2,2,1,40.86814,2,0,-2,0,-1,0,-18293.36,8682.771,30135.73,7374.832,4126.7036,4718.1875,-2402.9172,2714.926,5973.2905,-232.7481,-26.324081,6412.171,1
105580.195,2,2,1,45.023327,0,0,0,0,0,2,-15464.992,49702.117,38480.176,6135.926,30171.502,17796.676,-1117.2343,2225.3257,11494.363,-45.3438,403.7179,5087.5215,1
108466.61,2,1,2,24.081518,0,0,0,2,0,0,-28944.156,9442.467,30999.6,646.281,17136.014,12058.309,-4902.835,2094.027,5257.0044,-4778.1616,-326.34412,3848.9172,1
117223.33,1,1,2,34.445236,0,0,0,2,-2,0,84807.11,128976.125,32849.234,4196.9727,2727.7036,6361.2266,-4663.534,2598.268,5475.156,-3783.893,326.8988,6106.28,0
128312.93,2,2,1,45.365204,1,-2,-1,0,-2,0,-14328.047,10530.193,29140.285,7114.332,4064.5278,4919.9023,-3293.5632,3701.5237,5968.375,-2746.271,1004.4591,5910.546,0
99383.43,2,1,2,25.505754,2,-2,-1,0,-1,0,-21960.04,2090.3728,17203.68,6370.8867,20733.488,7302.043,1054.0912,1405.2416,13464.786,-2953.9922,2307.4998,3059.3064,1
104759.77,2,1,2,24.538954,0,0,0,0,0,0,16597.395,118048.86,62259.566,7805.465,24116.676,6335.4707,-950.5218,1029.2548,6714.263,-2597.483,1457.0841,5246.9473,1
111785.26,2,1,2,39.59464,0,0,0,0,0,2,99775.65,131629.12,114172.41,109755.945,107748.12,81557.11,709.5734,-672.5226,11139.459,7689.6797,2787.6433,-1520.0233,1
95166.13,1,3,1,45.677574,0,-2,-1,0,0,0,-14375.289,4614.076,21610.922,7998.7227,12259.103,5320.2773,-1186.6805,1524.0035,8931.404,-2703.6147,2917.1714,4059.5469,0
105208.59,2,1,1,42.746067,2,-2,-2,0,0,0,-24942.21,13032.74,23964.768,2102.6404,11055.474,8988.793,-1083.3109,2601.2644,6039.3105,-4852.9517,1410.5206,3171.49,1
91538.3,1,3,1,28.432735,-2,-2,-2,2,-2,0,-22869.398,6980.619,12737.933,4694.168,19439.768,6182.8906,1476.0907,2895.086,6038.544,-3040.7344,2675.7966,1602.5668,0
142371.9,1,1,1,36.112457,1,2,-1,2,0,0,175480.75,182047.34,131069.92,131863.47,107009.52,83484.164,-5971.586,-4747.1514,5761.4053,1089.7732,2488.2566,-348.20154,1
96035.33,2,2,2,26.323097,2,-2,-1,0,-1,2,-17007.531,-971.7365,6766.4243,10688.447,27169.053,6037.5625,4462.484,-103.05189,7816.29,-1337.4121,3146.6504,1709.608,1
108888.4,2,2,2,24.712862,0,0,0,0,2,0,-15309.539,61789.207,33741.56,7998.414,32720.506,20137.193,-1327.0463,1975.4584,8913.231,-3683.6758,183.11781,4256.0376,0
100280.36,2,3,1,41.923954,0,2,2,2,0,0,37749.293,123749.66,34745.094,-1385.3323,32776.754,20393.904,-3457.3953,3003.9165,5282.904,-3768.9917,1234.1508,2050.3933,1
115140.62,2,2,1,45.6982,0,0,0,0,-2,0,116686.875,140464.52,96777.734,11827.031,1890.5514,3998.4023,-224.64584,2427.9788,6420.997,-1528.4941,-127.82359,7503.113,0
109817.29,2,3,2,45.210407,0,0,0,0,0,0,-12387.207,65142.49,40992.793,2216.0896,2108.0981,5832.293,-3595.1023,3385.7947,6151.203,-3290.1567,-119.66832,6620.8623,0
129631.21,2,2,2,23.44663,2,0,0,2,2,0,-33270.945,57929.69,32658.975,-3246.9456,20326.457,58749.758,-3336.3904,1736.2904,5253.0815,-2163.8833,41532.25,2270.1265,1
133516.66,1,1,1,44.808247,0,0,-1,2,-2,0,-19527.422,40771.473,31777.082,-337.12524,5175.512,8370.607,-2601.3113,3529.1992,5058.05,-471.69244,624.8988,3263.131,0
120009.61,1,2,1,31.35561,-2,-2,-2,2,-2,0,-24133.734,8702.494,21908.55,3402.453,16182.321,6498.658,307.53482,3275.9631,19905.574,-870.99664,1732.9298,554.0145,0
142682.3,1,1,1,42.261635,0,0,0,0,0,0,89597.2,112825.83,50495.01,4960.7656,20923.918,66109.914,660.988,801.0399,7101.2334,-984.4244,46749.03,2561.8489,0
102921.81,2,2,1,24.75482,0,0,0,0,-1,0,-21375.938,9935.15,27400.635,8108.9062,9449.077,5949.883,-1237.5135,1670.5524,7776.4307,-2641.8452,1739.9318,4311.938,1
116325.2,1,2,2,27.143152,1,-2,0,0,0,0,-32789.133,44913.79,25099.379,-138.46509,35115.008,14466.061,8797.245,1118.8116,6300.562,-3920.8877,415.03308,2137.182,0
94745.375,2,1,2,28.722961,1,-2,-2,0,0,0,-26739.055,101950.62,8762.554,5015.4766,29003.014,10013.736,29777.902,-237.48988,9323.261,-3873.337,2725.8274,1524.4945,1
152936.88,2,1,1,44.814922,2,0,0,0,0,0,187497.2,206036.27,143773.81,246771.27,131169.36,128418.51,-2942.4583,-629.2023,16464.295,-715.9952,6917.6274,-11287.113,1
117763.42,2,1,2,40.00608,2,-2,-2,0,0,0,-14137.91,6575.506,22125.316,54825.46,101499.24,71506.28,1118.4127,83.63317,24486.951,21569.512,3406.3386,755.933,0
151890.83,2,2,1,45.193626,0,-2,-2,2,-2,0,-16819.852,40245.445,37363.42,-523.9729,-2957.8237,35357.707,-3374.4119,4138.399,11507.135,1446.0862,35552.65,-23618.037,0
117936.77,2,1,1,37.656437,0,0,0,0,0,0,114967.57,144153.12,59105.863,8264.996,40927.016,25478.574,-1276.4882,1634.9581,7755.3047,-850.0567,980.2147,4837.9424,0
121430.85,2,3,3,44.7294,1,2,-1,2,-1,0,-29790.977,33186.855,32790.426,-7336.1133,3009.184,11472.49,-6730.1406,3476.585,4532.834,-2528.1387,547.50354,5426.7573,1
145933.83,2,1,1,40.579437,2,0,0,0,0,0,-16603.078,45419.637,37812.402,3547.6326,4211.016,10553.266,-2885.6482,4109.0776,4766.8164,-3858.5312,1882.1129,5991.1787,1
111969.9,1,2,2,42.216908,2,-2,-2,0,-1,0,-22025.04,25264.969,24265.824,2225.1365,12795.456,7250.4727,3183.2488,2374.524,18909.793,-89.89848,830.328,-20600.393,0
143593.77,1,3,2,45.58055,0,0,0,0,0,0,173781.03,179765.31,105828.945,35776.055,60098.582,33932.92,-1887.039,-429.83215,7634.1025,-113.69975,1522.5194,6058.303,0
114340.01,1,1,2,43.01061,2,-2,-2,0,-1,0,-20497.102,1403.619,19893.492,5079.2617,16465.396,6861.24,-2019.0658,1427.684,21503.084,-3423.334,2589.9194,3455.4797,0
126286.29,2,3,1,45.68815,1,-2,-1,0,-1,0,-13949.723,13134.51,26769.965,6086.2383,7067.024,6345.2812,-1981.3153,2208.968,18627.451,-1176.7617,3467.517,4725.7305,0
93317.22,2,3,1,33.774426,0,2,-1,0,0,0,-10773.613,87384.836,29090.91,6580.133,34722.89,19703.586,1097.0345,3068.2944,9776.258,-2869.4478,3154.3823,2922.2214,0
110527.18,2,2,2,24.345343,0,0,0,0,0,0,101649.67,136322.84,109064.28,7387.3633,34444.67,23255.217,-125.557945,1055.8834,7904.053,6239.5435,5031.343,-2153.183,0
114024.63,2,2,2,24.115936,2,-2,2,0,0,0,-34408.203,2401.693,14122.335,-632.94946,22002.033,14846.457,-181.26108,1225.4723,5375.4995,-5243.145,8896.113,2594.5906,0
147718.3,1,1,2,43.391315,2,0,0,0,0,0,117619.695,148467.39,124926.94,130082.57,101850.87,98434.48,-4104.746,1490.2067,9036.384,1473.6301,12763.565,1857.6227,1
156500.39,2,2,1,42.40773,2,-2,-1,0,-1,0,-2508.7888,48774.57,24657.89,7284.9336,-275.45642,10286.461,-324.48764,970.4479,22404.344,5465.334,13802.004,3382.8071,1
154267.17,1,2,1,45.16803,0,0,0,0,0,0,-12534.383,39358.91,51159.188,-69.19555,1380.4967,7360.371,-5249.38,5094.1255,18781.127,-1224.5688,-3644.3782,-25831.629,0
100821.11,1,2,2,24.650827,0,0,-1,0,-1,0,-18403.727,56008.164,21544.318,3801.1443,14509.763,4978.414,2228.4592,919.91785,7103.185,-2132.9233,1160.765,5136.1904,0
144041.94,1,1,1,45.48525,0,-2,-1,2,-1,0,-5278.91,38049.426,25072.842,5938.832,-245.20642,5848.4414,-2074.509,2305.0767,5821.496,1679.8027,725.348,7140.651,0
112689.22,2,1,2,24.04823,2,0,0,0,0,0,-25510.469,56529.37,37805.633,-216.93774,14857.308,12620.588,-4835.91,3983.3762,5515.144,-2945.6904,-890.119,-21103.594,0
100585.39,2,3,1,45.413418,1,-2,-2,0,-1,0,-19953.086,9646.24,25409.22,4295.3438,13538.753,7401.2656,-1216.5092,2096.441,21399.885,1303.1284,3125.7947,4575.71,1
104035.39,2,1,2,24.863295,0,0,-1,0,0,0,-20384.734,65982.42,30288.531,2254.5115,15945.269,14329.459,-38.15853,1796.7709,5633.977,-4253.9585,7578.7983,5072.257,0
106426.36,1,2,2,25.333158,0,0,0,0,0,0,66089.73,126023.94,99482.81,7326.6797,37885.375,18227.703,1159.0914,282.43054,7656.8516,-723.9312,1535.3475,4025.9197,0
151126.16,2,1,1,45.356716,1,2,-1,2,-2,0,-11861.129,51444.082,33671.28,-1704.7854,-2488.941,7133.199,-5544.0576,5232.238,7164.065,-4360.86,36.526505,4686.4243,0
141624.72,2,1,2,32.888874,2,0,0,0,0,0,114102.29,146097.48,118661.66,83261.266,80023.73,43639.266,-2903.6912,2743.5059,7727.916,885.9003,1021.29333,4662.6523,1
114179.22,1,2,1,41.413822,1,-2,-2,2,0,0,-34502.305,72286.26,32826.2,-2641.305,41138.227,20517.422,15849.407,1336.1544,5425.0723,-3447.1592,456.58337,1807.2706,1
120279.71,2,1,2,42.96962,1,-2,-2,2,-2,0,-22512.594,10340.611,31206.342,869.43726,3416.145,7656.252,-5347.966,3439.489,5038.8843,-4611.473,304.1847,5462.9277,1
84528.97,2,3,1,25.726614,2,-2,-2,0,0,0,-23203.594,2744.3572,15507.511,4635.5117,21823.73,7483.492,-535.8167,2213.9414,6026.3965,-4694.0894,2481.4211,2396.8843,1
102862.13,2,1,2,24.862251,0,0,0,0,0,0,-13087.469,69721.664,35302.05,5288.203,10611.29,6400.793,-1550.5492,2234.9219,5991.6343,-3759.873,1056.3751,5275.3994,1
117147.04,2,2,1,43.26361,0,0,0,0,0,0,62771.848,132683.19,113836.1,57619.98,58112.78,28483.756,-4240.618,4481.597,6037.785,-728.16705,-2512.1765,-31657.621,1
122339.93,2,2,1,40.80146,0,-2,-2,2,-1,0,-16596.219,18729.379,21192.15,6767.0234,4999.5513,5595.3984,1935.5743,1329.5824,8150.5815,-857.52985,2053.0032,5482.493,0
112844.32,1,3,2,42.707985,0,0,0,0,2,0,-19256.68,22942.168,31594.83,5784.926,8419.386,9908.617,-4106.2227,2681.618,5877.8213,-3565.3936,-27.48082,5346.1895,1
121828.41,1,3,1,25.772507,0,0,0,0,0,0,-15571.703,37281.03,30895.236,6961.949,11267.95,13637.672,-861.9017,2367.342,6065.094,-2955.65,12596.3955,3981.8,1
142791.03,2,1,1,44.879337,2,0,-2,0,-1,0,-10734.555,26153.979,30511.004,7545.2305,287.9928,4386.8125,-3500.119,2927.098,7308.103,-882.858,379.7174,6183.2036,1
111475.016,2,2,2,43.713203,2,-2,0,0,0,0,-23023.805,121545.375,109311.54,104402.766,109166.77,76514.984,35281.164,-2208.4036,9089.149,253.0439,3873.1484,-1093.7621,0
124447.07,2,1,2,25.22881,1,2,2,0,0,0,101604.336,141908.39,115634.06,114450.95,106668.99,87599.73,255.89566,477.66736,9447.362,656.142,3855.2798,428.4552,0
104462.48,1,2,2,27.974546,0,0,0,0,-1,0,132868.14,140518.06,123563.8,10536.033,77715.52,32592.756,1300.0773,-976.7623,10780.303,28344.873,3326.802,-1195.0756,1
122717.43,2,1,2,45.291653,2,-2,-2,0,-1,0,-3351.2654,10160.424,22475.812,5687.8867,23257.234,6223.836,-3488.5857,2730.3599,6391.5806,13254.406,1658.6097,6164.845,1
113436.27,2,2,2,31.94857,2,-2,-2,2,-1,2,-14756.367,3223.244,17812.977,8275.27,13263.671,5712.3633,120.15348,1234.7665,6200.0684,-1768.6626,1942.0414,4357.2017,0
120268.37,2,2,1,39.346573,2,-2,-1,0,0,0,-17231.102,10433.979,23884.43,7265.672,9812.259,6889.3086,-1915.226,3031.611,6998.7783,-126.60356,1886.535,2947.5015,0
122823.055,1,2,2,32.13876,0,0,0,2,0,0,-5086.0938,95496.805,48555.62,189.18335,40324.23,23931.867,-3687.9275,1396.6844,5754.1997,-1848.7578,-323.44128,3761.7935,1
109920.72,1,2,2,44.477043,1,2,0,0,0,0,57768.824,128244.63,88122.85,31035.762,28831.074,7686.459,-3220.659,1964.7286,19238.443,-3307.4062,1322.9315,3449.208,0
140573.95,1,2,2,43.487125,1,-2,-1,2,-1,0,-28466.219,15270.123,22376.61,707.0427,3584.3013,7696.039,-1665.0428,333.22498,5799.444,-2815.7578,1241.6932,5858.909,1
113550.51,1,2,2,38.321888,0,0,0,0,0,0,37373.95,123570.766,94787.57,5747.418,49325.727,28974.115,-651.0535,952.9481,7601.667,893.4792,24662.1,3824.774,0
105682.36,2,1,3,24.526459,0,0,0,0,0,0,-16253.094,47358.375,36006.78,4870.1875,8500.528,7279.7637,-2795.6633,2846.344,5503.1504,-4341.392,1896.8351,5244.9995,1
109496.484,1,2,1,42.847332,0,0,0,2,-2,0,-16548.648,67783.14,37228.7,4348.5977,4999.5786,9626.291,-4552.177,4476.429,9461.291,1919.9268,-281.43005,6472.347,0
111434.445,2,2,2,38.85187,0,0,0,0,0,0,-15075.914,83694.836,46889.406,4788.5547,25730.557,18434.463,-2480.5613,2554.623,8117.991,428.37225,-242.87877,4847.8564,0
152418.55,2,1,1,45.64559,0,-2,-1,2,-2,0,703.39075,37976.152,26441.02,6949.3906,-1236.7181,4724.246,-3302.784,2983.814,6683.1133,-2141.859,219.22572,7150.85,0
107363.91,1,2,1,32.752693,0,0,2,0,0,0,81256.35,133219.9,64666.508,11525.707,65260.047,35156.47,3710.6194,500.26843,8425.094,114.3813,1506.7677,3280.432,1
123266.52,2,2,2,29.006157,0,0,0,2,0,0,133672.11,159353.38,125577.79,131255.83,107882.88,88284.95,-843.52423,-1226.6217,6134.2505,1219.5901,1720.1425,2677.5212,1
111330.01,2,2,3,42.817112,0,0,0,0,0,0,74671.805,130821.21,107025.27,4983.2344,20880.04,18573.836,-2887.6458,2485.7915,6693.1675,-1321.4448,-286.26257,6213.709,0
117673.73,1,2,1,41.925556,0,0,0,0,0,2,26503.523,118921.1,62241.516,30664.736,64905.52,33606.65,1852.5411,173.27086,13636.6045,1209.2202,2385.7908,3475.0405,0
148939.0,2,1,1,34.92213,0,0,0,0,-1,0,16605.41,82964.83,42450.305,14905.225,-3272.73,3228.1133,-1847.35,1354.8009,9167.29,3456.992,-304.32654,3584.9233,1
108599.016,2,2,2,39.193916,1,-2,-2,2,-2,0,-26907.398,4692.037,28903.082,1541.3162,4955.3013,7470.91,-4857.087,3096.557,5250.234,-4385.9478,-385.38904,5251.806,1
104307.78,2,1,1,44.96668,2,-2,-2,0,-1,0,-24356.117,61118.777,27403.457,1168.0662,16927.75,23569.55,14156.04,1916.3436,21792.13,1444.2197,19153.098,-19588.195,0
148050.42,2,1,1,39.52179,0,0,0,0,0,0,200564.0,194209.27,134777.73,194162.33,102632.055,89802.92,-537.9798,-1177.0577,11843.304,1400.2708,1042.7289,4172.3506,0
113072.61,2,2,2,43.046383,0,0,0,0,0,0,140164.89,137732.47,44139.242,5791.449,6370.4146,10181.578,-3348.1208,1859.7177,6500.8916,-1400.7427,-1328.8134,6961.5493,1
112986.984,2,1,2,25.05478,0,0,0,0,0,0,-22992.39,47273.99,36585.09,2464.0037,11633.935,13229.225,-2305.9856,2651.262,6459.9194,829.92596,2123.4866,720.9874,0
106786.195,2,3,1,45.484196,2,-2,-1,0,-1,0,-11317.293,15381.541,21373.69,7777.426,9726.798,5641.5703,-1047.3153,2306.6177,6370.5283,1080.73,2145.5576,4103.031,0
109842.305,1,2,2,26.742634,0,0,-2,0,0,0,-24018.172,6604.494,23120.17,6093.2617,16350.315,7858.461,-1864.1893,1262.1195,10000.512,-1133.315,747.0089,2350.675,1
119616.69,1,2,1,43.399685,-2,-2,-2,0,0,0,-26013.008,1602.3221,23481.65,3379.074,17610.166,8171.1562,-1277.8397,2007.3512,16500.506,-3709.962,1441.2262,2992.5474,1
105776.16,1,3,2,44.576977,0,0,0,0,0,0,-7996.25,90411.93,38826.777,5600.5977,19306.572,13575.799,-2542.0334,2758.5728,6297.277,-2083.187,1259.0094,4494.4326,0
96103.13,1,3,2,24.965654,0,2,0,0,0,0,88485.79,129310.055,70002.36,8925.102,21838.973,8102.213,260.24576,1529.9186,7161.873,-2546.5835,3542.3608,3110.6692,1
148391.42,2,1,1,40.35544,2,0,0,2,0,0,51614.59,128834.47,100876.74,25737.0,36372.043,13239.25,-4711.453,4723.803,4731.801,-167.17241,1661.0751,2424.4941,1
130032.336,1,2,1,41.53918,1,-2,-2,2,-2,0,-21785.89,17119.785,32892.78,1714.2029,1744.4733,5492.9414,-4828.453,4827.4087,4982.629,-3751.4814,-484.1703,-22466.6,0
111534.57,2,1,2,24.486662,0,0,0,0,0,0,-20202.773,28438.17,32557.873,4392.875,10320.868,8037.3203,-3086.3977,1872.943,6557.17,-3877.9756,781.119,5311.573,0
107205.03,2,3,1,24.426058,2,0,0,0,0,0,1733.754,124921.836,63104.777,3932.9412,11640.675,6725.713,-3314.4333,4437.9253,6186.577,-2550.3276,438.51355,-20576.613,1
115340.9,1,2,3,44.795204,0,0,-1,2,2,2,-22477.71,69127.63,41559.434,-558.7737,34020.85,22159.791,-3369.694,1277.3668,5589.9214,-1816.5259,-849.6542,4331.464,1
111441.76,2,2,2,30.11191,2,-2,0,2,0,0,147935.05,164716.14,123599.63,163241.38,103510.484,101292.65,-912.8582,-421.2848,6760.8467,-4041.2769,2998.905,4822.323,1
93369.64,1,3,1,33.859062,0,0,-1,0,-1,0,-5096.379,37903.266,17129.275,13355.51,8502.003,2887.5312,107.04362,1566.931,8932.466,-1262.6206,2842.1907,5653.7207,1
143719.31,1,2,2,25.333876,1,2,-1,0,0,0,185610.23,206954.6,136706.47,222233.27,123268.17,124637.32,3373.156,-3653.673,16108.196,4293.8047,9163.364,-10671.726,1
104735.77,1,1,2,43.24941,0,0,0,0,2,2,-5561.8047,59049.996,67458.66,8864.555,28467.816,18776.203,-1423.5428,861.3749,9752.064,-3034.7163,1670.194,5799.6113,0
110687.22,1,2,1,45.289963,0,0,0,0,0,0,5474.9688,115860.06,56002.29,3610.3162,8153.9575,7792.0117,-2858.757,2242.7068,6082.417,-2462.0752,839.5116,3524.4258,1
128592.51,2,1,1,42.56501,2,-2,-2,2,-2,0,-13270.105,20315.55,23612.29,5504.914,5933.723,6050.715,-3663.9587,4422.8975,5347.1294,-4350.0444,1382.4281,5080.593,0
123085.52,2,3,1,45.41621,2,0,0,0,2,0,128247.51,151754.03,119506.34,137697.95,105726.41,93918.445,-2715.554,1379.5497,12662.323,-3798.814,2336.3186,1343.6276,0
146287.88,2,2,1,27.453377,0,0,0,0,0,0,194504.84,185336.94,130435.37,200790.02,97095.5,66956.95,491.93716,-963.83997,17213.158,3336.9185,3039.7664,3927.2688,0
131393.58,1,2,1,44.578236,0,-2,-2,2,-1,2,190802.22,203899.38,141005.64,249267.75,130705.71,127016.4,-3502.82,-4522.701,8028.3496,-2847.9453,2483.183,-23831.75,1
149638.03,1,2,1,45.657055,0,0,0,0,0,0,168831.11,169594.19,133091.78,102829.516,27212.031,15354.355,-1590.3124,1567.2379,10923.324,545.3378,-203.7689,508.08044,0
97207.23,2,2,1,24.781452,2,-2,-2,0,0,0,-24313.016,4250.8965,12475.304,6685.1914,35648.062,7987.5586,4306.2935,1467.7562,16869.902,-4541.394,1588.0123,86.915146,1
102739.93,1,3,2,28.277626,0,0,0,0,-1,0,-17337.344,28740.617,24925.846,6309.297,8817.507,5074.949,-1656.1796,1715.6862,7021.5493,-223.03716,1555.7135,5196.044,0
119403.36,2,3,1,45.531013,0,0,0,0,0,0,-8621.52,60497.938,37004.19,6966.41,2746.8052,4683.426,-2395.5325,3721.822,7099.077,-2269.334,524.76843,6607.931,0
110556.94,1,2,1,44.082325,0,0,0,0,0,0,-14836.77,86965.76,47596.14,3995.035,25584.64,18652.078,-2448.0364,2383.4348,8082.161,790.49066,3113.743,4673.25,1
115876.87,2,2,2,24.966877,0,0,0,0,0,2,163699.83,163606.39,113540.45,143995.83,118429.29,97690.47,6353.385,-4219.7314,17098.785,4661.2593,6145.5024,4037.3503,1
148753.64,2,2,2,45.346443,0,0,0,0,0,0,177529.06,167321.0,139520.95,178887.48,115610.12,113584.15,-4013.6228,-1178.2106,14459.906,15378.439,18290.201,-26959.385,0
113471.34,2,2,1,44.4236,2,2,0,0,0,0,4788.207,126358.05,44294.375,227.9021,12306.796,20204.072,-5147.0586,4347.131,5913.1807,-2870.5034,8676.709,-1866.2758,1
105946.21,1,3,1,45.933098,0,0,0,0,0,0,54343.598,125446.54,89459.57,7088.836,24673.727,11094.488,-1625.4296,2116.886,7029.1445,3085.2532,2018.2921,6110.257,0
94782.87,1,1,2,29.897896,0,0,-2,0,-1,0,-7776.6484,36881.082,20614.521,9087.5625,10193.534,5071.324,891.33417,1611.797,17455.615,-2537.602,2152.0442,5525.2505,0
100990.39,2,2,2,24.190416,1,2,2,0,0,0,-2449.902,119981.14,39645.957,7023.5117,66867.766,37357.42,792.62616,1587.1393,16153.172,145.57149,1843.2286,-263.3319,0
110016.49,1,1,1,42.65609,2,-2,-1,0,-1,0,-13532.5625,21094.967,21303.479,5670.711,13556.03,9068.074,1110.4967,2441.3232,10841.966,3120.527,5709.882,4816.1904,0
109978.05,2,2,1,45.696476,0,0,0,0,0,0,-3422.1208,115096.64,70368.42,14979.686,32816.516,5298.7266,-1988.41,3982.3188,5914.4937,-2414.9546,-1441.7494,7128.3315,0
117826.74,1,3,2,45.60395,0,0,0,0,0,0,-6725.7344,98424.086,58725.938,3893.578,29558.49,22106.787,-3502.8796,2292.6797,7094.5234,123.36006,959.9972,4196.5264,0
124664.79,1,3,1,33.785774,2,-2,-1,0,-1,0,-9832.555,15761.846,15589.968,10102.109,9600.017,4251.383,-597.1014,2120.0522,7462.816,-1675.2778,3358.5676,4608.4404,1
127813.36,1,3,1,42.642025,2,0,0,0,0,0,32504.602,124880.98,83529.8,35745.816,60125.344,38375.047,-2025.7753,3559.9836,7758.18,480.6906,2461.4404,2951.0635,1
126819.266,2,1,2,46.423622,0,0,0,0,-1,0,165117.47,126613.43,97086.52,14921.9375,123420.05,101912.17,-4184.4707,-4724.878,11857.983,58078.65,9086.644,-23309.148,0
110939.125,2,2,2,30.52863,0,0,0,0,0,0,71908.875,124788.12,96481.29,50180.773,83335.61,93955.3,652.27313,-306.4474,10119.948,562.60614,1697.651,2885.0151,0
111763.72,1,2,1,45.089977,1,2,2,0,0,0,634.6642,127178.766,64243.035,225.41382,26205.88,15291.184,-573.1517,2140.907,6578.6294,-2793.1812,279.2201,4182.249,0
109819.266,1,2,2,41.189137,0,0,0,0,-1,0,-19881.719,29372.65,31215.703,5027.285,1866.8444,5934.8984,-2440.889,2085.927,7501.605,-466.8404,-191.97887,7336.055,0
103278.914,1,1,2,24.934998,2,2,-2,0,-1,0,-24250.414,-1307.6193,9851.972,5533.7734,21543.494,6115.2227,-1816.5985,1291.2308,5982.224,-3125.2568,1947.9203,2876.2844,1
108630.46,2,3,1,44.202965,0,0,0,2,-2,0,-5662.789,49567.19,35636.273,3289.3865,-736.1869,5862.5586,-4965.8633,5249.0054,5097.2676,-3933.2441,-983.10095,6446.488,1
81070.28,2,3,2,25.735426,-2,-2,-2,0,0,0,-24264.93,42964.387,24466.06,5853.7773,32318.943,8326.344,11253.668,1899.1788,16030.123,-4499.527,2168.049,-16933.355,0
105348.12,1,1,2,41.549007,1,-2,-1,0,-1,0,-29848.383,16711.76,22609.033,-2359.0667,7927.8794,7288.158,-1788.4432,2408.3926,10202.094,-4538.851,606.755,-196.23671,1
119579.89,1,3,2,30.241009,-2,-2,-2,2,-2,0,-25783.54,14962.975,23281.975,-1190.6877,12252.827,10425.645,-3174.112,3597.1968,11877.05,-384.01617,4005.7903,-16444.988,0
155631.12,2,1,2,34.136395,0,-2,-2,2,-2,0,-3167.5935,29183.105,20850.951,8049.8164,-579.6283,3955.8477,-3309.655,1819.5968,6685.917,-1283.5342,953.2467,6843.4795,0
125993.484,2,3,2,45.374535,-2,-2,-2,2,-2,0,-14437.23,24368.674,24842.645,3913.2224,7960.557,6354.953,-2127.7092,4005.6836,5446.4175,-1771.2241,1508.4132,4644.922,0
143160.44,2,1,2,31.899876,0,0,-2,0,0,0,-7764.785,111664.15,43126.844,4234.629,9959.622,7851.842,-2701.9314,3377.6594,6613.3237,3151.0693,-517.24646,-27897.73,0
130830.67,2,2,3,44.712055,0,0,0,0,0,0,100502.52,138291.58,91184.18,2319.2888,5870.817,8559.107,-4000.0632,1721.2894,22646.812,-3679.9116,2382.0845,1525.2719,1
117666.51,2,2,2,23.749666,1,-2,2,0,0,0,-36241.984,12626.146,18060.445,-1980.5354,19353.322,9404.756,1054.641,2096.0088,5742.824,-5445.8813,25.980606,-9107.682,0
112137.05,1,1,2,43.140285,0,0,0,0,-2,0,113577.34,145991.88,31114.531,6791.1836,4621.1763,5721.3867,-1876.1586,1459.11,6080.602,-3178.8408,775.9159,6412.548,1
134435.9,1,1,2,44.70766,0,0,0,0,0,0,135526.73,149996.86,126275.266,141556.33,103150.64,5079.7227,-2247.8928,1591.8336,11902.297,3746.613,226.90688,7594.458,1
126716.3,2,1,2,34.312614,2,2,2,2,0,0,96794.38,147007.58,117817.19,107547.125,99393.02,77406.81,-3148.7566,2082.3535,4921.8154,-1516.9604,1253.2303,-10617.701,1
126692.4,1,2,1,43.134365,0,0,0,0,-1,0,-12726.449,26229.47,28646.207,8752.691,15202.653,4098.621,-1412.9823,2426.7837,8164.4365,8328.02,-89.80113,7515.7915,1
103764.94,1,2,2,29.27468,-2,-2,-2,2,-1,0,-27935.828,-2090.764,17499.338,3154.9724,12949.679,5825.035,-1462.7406,1286.6237,6012.6523,-2934.8804,-109.78746,1994.5226,0
125830.914,1,3,1,45.874,2,-2,-2,2,2,0,120004.37,140695.56,120367.57,135265.31,104756.195,95334.77,4142.321,219.4276,17467.027,6083.298,8929.565,-1912.2694,1
106957.33,1,2,2,24.410261,0,0,0,0,0,0,-10168.719,63669.99,29224.203,7633.0586,43523.098,20049.139,-722.2176,927.1937,18228.686,-2360.4019,1186.5084,2847.342,0
115262.59,1,2,2,45.360523,0,0,0,0,0,0,102931.94,141603.3,117615.37,83925.945,35951.098,21627.465,-554.0545,289.9867,19450.514,-3157.2783,2828.2344,3853.7217,0
111705.805,1,2,2,41.246265,0,2,0,0,0,0,-21984.766,43317.207,29831.756,1680.8787,2776.6646,6876.631,-3994.615,4238.5244,5352.896,-2726.2974,-87.97838,5997.165,0
101991.51,1,2,2,27.277617,0,0,0,0,-1,0,15095.477,101412.016,32028.998,7303.543,12809.36,4199.0547,1103.3507,296.2528,7138.2656,-1591.0562,1382.5509,5516.731,0
134583.83,2,2,2,32.703606,2,-2,-2,0,2,0,-21856.547,2599.197,22960.062,4407.1836,6187.2583,9864.416,-3327.1501,1828.9767,6562.9165,-4031.856,2547.263,3056.599,0
112499.36,1,3,2,45.20516,2,0,-2,0,-1,0,-21374.555,20737.754,24150.254,2717.2263,12035.642,7773.453,-4232.701,1772.0509,18833.77,-47.765675,1097.0609,4609.632,1
143473.77,2,1,2,31.083937,0,0,-1,2,0,0,-15561.57,84765.484,47784.426,-1015.3987,29532.72,21382.83,-2968.339,2141.8354,5521.146,-2408.5557,869.0199,5273.4907,0
125449.74,1,2,2,31.154158,0,-2,-2,2,0,0,-21125.648,112944.35,82505.94,40556.902,89427.805,46474.77,41289.44,-2153.4817,7188.083,501.94037,4758.389,269.42395,0
140256.19,2,1,2,44.767212,0,2,-1,2,2,2,171789.86,194934.5,136079.58,222011.88,126111.71,126570.36,1930.9342,-3780.0803,15606.823,3791.7092,9994.896,-10687.457,1
113918.05,2,1,2,30.454388,1,-2,-2,0,-1,0,-25075.93,46651.082,23787.613,1593.4021,8497.509,12081.961,9495.206,1628.1068,14967.11,2900.3882,6709.971,191.61632,0
143617.5,2,2,2,26.386974,0,0,0,0,0,0,27635.996,122788.555,48324.047,2685.7146,8786.335,4377.3867,-2187.112,2609.1055,5962.496,1322.1987,-1656.517,-2420.0889,0
104132.55,2,1,1,42.755814,1,-2,-1,0,-1,0,-11440.238,10267.021,20526.422,12117.125,13699.6455,8406.453,-2154.1526,2109.3582,9756.69,6478.1655,2533.6775,4350.661,1
144139.05,2,1,2,25.26652,0,0,0,0,0,0,181986.0,187063.23,131339.3,195643.84,116055.74,113504.0,9662.329,-2696.9807,14157.29,3523.7341,6450.651,131.57872,0
107942.54,1,2,1,42.97633,0,0,0,0,0,0,8776.863,120914.055,66396.95,14065.389,55045.75,31044.45,-882.0584,1551.1674,7757.008,395.13568,886.3766,4246.997,0
126091.945,2,1,1,34.750973,0,0,2,2,0,0,57310.26,126723.984,103715.51,53922.938,79519.984,50845.492,-175.34848,952.3353,6030.1484,-318.52545,2298.604,2993.0146,0
138429.11,2,2,2,45.404587,2,-2,-1,0,-1,0,-13525.352,10927.486,23433.906,5752.4297,689.9186,5275.836,-2700.4617,1573.8334,6407.5513,-1324.0625,2081.4292,7037.614,0
87567.445,1,1,2,26.424234,2,-2,2,0,-1,0,-28636.406,2515.6814,8544.702,1112.3513,23132.363,7925.576,666.6579,1023.49915,6377.9985,-3709.253,1762.7975,2497.0034,0
113896.01,1,3,2,28.222767,-2,-2,-2,2,-2,0,-19511.57,13556.092,17170.682,4793.621,18378.578,6748.0527,25.020668,3078.0562,5511.6216,-3962.0405,2696.3103,2551.3562,1
141858.73,1,1,1,45.2614,-2,-2,-2,2,-2,0,-10404.766,59366.145,26667.486,2717.328,1939.649,6117.8164,6318.7646,2689.1372,6927.0127,-381.50397,938.1986,5266.199,0
108331.02,2,3,1,36.703995,0,0,0,2,0,0,-25357.055,34723.215,36631.953,-432.4182,11423.29,13477.441,-4629.408,3665.974,4845.77,-2296.018,716.9418,1921.3612,0
125518.78,2,2,1,42.41611,1,-2,-1,0,-1,0,-16649.367,7832.83,26252.682,7996.84,4542.9106,6665.783,-1833.5018,2139.624,6564.108,2949.1282,4278.168,3013.3171,0
95977.49,2,2,1,44.864277,-2,-2,-2,0,-1,0,-16953.516,617.9471,16909.31,9270.422,11597.575,4059.5977,873.78046,1693.0521,7511.847,-1807.3687,1283.2882,4982.4966,0
99315.55,1,2,2,45.11495,1,-2,-2,0,-2,0,-23927.312,1264.6581,22361.26,3734.2458,10511.335,6373.2285,-3110.9192,2103.6167,5987.032,-3862.0396,1211.8925,4699.6006,0
117433.79,1,1,2,38.552246,0,0,0,0,2,0,16550.715,123415.12,80543.29,52494.727,61649.434,39804.14,-792.4764,1302.3861,18257.621,-3150.8823,2680.4722,371.07532,1
106441.39,2,3,2,45.24576,0,0,2,0,0,0,47763.83,125602.67,98632.914,49872.28,53333.074,29311.03,280.8019,1362.5526,8725.892,-1674.1064,2167.9553,4042.8916,1
127903.68,1,2,1,44.91122,2,0,0,0,0,0,-18211.21,77180.5,51073.734,1510.2224,28574.273,20999.36,-3852.5896,3512.0654,5794.339,-2150.1626,-552.6039,4557.328,1
120455.016,1,1,1,44.600407,0,0,0,0,0,0,116341.52,141634.55,118031.57,14537.764,72473.43,51739.234,659.507,766.20984,8495.027,13762.859,51731.76,-875.03406,1
143583.44,1,1,2,31.127047,0,-2,-1,0,-1,0,-5039.828,44114.098,26548.84,3158.828,-1104.2299,7044.8477,-727.46466,3324.9285,6444.241,2106.0864,5095.0234,-21140.26,0
129031.96,2,2,1,43.78491,0,0,0,0,0,0,-14146.879,44685.277,38493.94,7156.746,32836.992,21557.584,-3178.0486,3042.5945,5967.983,13242.343,189.10316,6019.9976,1
126187.086,1,3,1,45.443695,-2,-2,-2,2,-2,0,-14026.508,17083.389,23158.205,4496.2617,9357.438,5661.1484,-2447.9094,3501.7383,7304.867,251.61592,3082.564,3739.7305,0
113647.58,2,2,1,38.197628,2,2,-2,0,0,0,-21218.273,3242.572,32718.135,5831.297,34103.71,17725.52,-2664.7102,2594.1497,7027.8545,-1674.2139,1119.413,3191.3806,0
107979.99,2,3,1,45.73771,0,0,0,0,0,0,40083.92,97491.984,59346.336,9151.207,2354.8794,4639.8594,-2511.1477,3262.339,5798.831,-1878.2451,338.05505,6594.1636,0
115196.36,2,2,1,42.100582,2,0,0,0,0,0,75204.125,136262.34,116905.79,93166.695,82764.13,66678.29,-3654.4675,3774.88,7795.45,308.0849,-699.2279,-14422.435,1
142033.31,1,1,2,34.943348,1,-2,-2,2,-2,0,-8037.9414,7845.287,8279.265,7767.328,-9727.792,-10508.699,-3650.3093,2440.4038,5738.6963,-2414.31,2249.4998,5668.32,1
146428.66,2,3,1,46.114265,2,-2,-1,0,-1,0,8194.641,47260.78,17080.389,13805.17,698.6803,4283.8477,1234.528,613.3573,8979.174,1094.8574,2256.3591,7014.8813,1
119209.79,2,2,2,30.495447,-2,-2,-2,2,0,0,-30162.57,11369.994,5880.393,2577.5662,30782.785,84288.695,3713.224,1496.1041,6955.489,-3003.5024,54065.516,-5607.3477,0
109894.414,1,1,2,28.444576,0,-2,-1,0,-1,0,-9896.809,20607.674,22719.84,5844.285,6603.2935,-2654.5586,-794.1639,2950.592,7350.1147,-923.51276,297.15784,-31323.715,0
114225.984,2,2,1,36.407265,0,0,0,2,0,0,-27235.078,61241.953,48764.613,-774.969,38481.69,30743.729,-3044.5715,2563.8474,5328.8696,31.74995,2877.8955,5164.0093,0
145515.89,1,1,2,37.221066,0,0,-2,0,-1,0,-13496.465,47498.094,26843.994,4155.0625,-312.65173,5712.6914,-1563.3529,2358.8306,6253.335,2494.872,2651.3113,4349.9014,0
117224.02,2,1,1,45.047764,-2,-2,-2,2,-1,0,2815.6448,64823.45,22260.887,8737.801,39943.992,16168.623,3020.7188,-850.2057,7989.9995,39703.164,10665.37,114.17149,1
140048.23,1,1,2,26.53104,0,0,0,0,0,0,132194.22,162703.28,125874.32,160004.5,109627.305,12488.092,31169.824,2304.3232,27821.76,-4656.7944,1889.3654,-45998.066,0
106104.305,1,2,1,29.402594,0,0,0,0,0,0,10028.289,121839.06,61357.332,6253.336,31189.672,18035.393,-1078.8661,2214.951,7773.233,-1168.3154,501.30408,-5731.843,1
133235.36,2,2,2,44.323475,0,0,0,0,2,0,43043.332,126303.45,83819.31,28028.668,53539.992,37650.375,-2063.5964,2441.5288,9643.293,-2652.5625,-652.1937,479.50964,1
101792.5,1,1,1,37.83667,0,0,-1,0,0,0,-11044.953,85866.26,36421.375,4982.543,32979.055,5968.0625,-117.046715,2174.135,6563.53,-2486.2725,1248.4584,5440.437,1
115679.78,2,1,1,44.331543,0,0,0,2,-2,0,38594.805,126293.44,36376.902,5924.1055,1314.9615,5569.4805,-3679.4392,3572.6414,5283.1396,-3452.2212,-462.30115,6498.926,1
148532.9,2,2,1,29.795166,2,0,0,0,0,0,192082.45,181741.25,134612.45,174500.33,102859.16,90096.336,-2018.0072,589.1981,12100.289,2944.9363,931.68884,4557.9526,1
115125.24,1,2,1,31.963844,0,0,0,0,0,0,119677.0,140790.72,116364.55,43523.93,79180.5,48868.46,1146.3793,378.14197,8891.172,1183.4741,1866.4196,3985.4878,1
101905.69,1,3,1,45.223343,2,-2,-1,0,0,0,-17848.188,8728.475,28183.47,4891.0625,31433.271,15529.529,-1042.5785,2299.695,6890.6826,-2515.082,2145.5332,3476.6255,0
113928.63,1,1,2,25.050688,2,0,0,0,2,0,93690.3,135048.48,103824.46,60500.49,81058.87,58110.168,-2166.0994,1851.1906,9591.218,-4096.2524,1362.0826,355.23206,1
140973.73,1,1,2,41.089268,0,0,0,0,0,0,186225.42,189687.31,79226.78,138946.8,91797.984,113971.35,8078.633,-613.0895,15971.471,1613.7563,62194.094,-21766.451,0
106251.31,2,2,1,43.756264,1,-2,-1,0,-1,0,-18473.008,24388.02,24366.098,7569.4453,7712.563,5993.367,-279.9315,3020.172,6987.672,3582.0217,905.1127,6000.1836,1
113147.22,2,2,2,42.97738,0,0,0,0,0,0,-20233.562,29040.16,40440.984,2824.57,3910.1372,6879.203,-4362.448,4107.066,11403.151,-4018.809,-1823.7875,6771.0127,0
100442.875,1,3,2,25.645164,2,-2,-2,0,0,0,-20451.453,12423.795,12725.187,4709.992,23565.428,7327.121,3418.3733,1896.9476,5479.0923,-4705.2524,2519.0479,-469.83484,0
149491.95,1,1,2,45.331757,-2,-2,-2,2,-2,0,-7385.871,23548.47,23167.332,4630.172,51.844357,3801.2969,-3992.863,2188.6985,5887.091,-1792.6084,937.8556,6748.03,1
147610.28,1,1,1,45.62599,0,0,0,0,0,0,183169.25,141665.19,128237.43,11705.426,25404.355,19865.084,-1565.3964,1998.4806,10926.934,2367.328,372.06628,4543.144,0
106346.32,1,1,1,42.287987,2,2,2,0,0,0,-22831.484,32808.984,26393.53,507.49976,29884.27,8846.809,-3823.8738,3531.1274,21408.432,-5005.098,797.1666,2290.6501,1
104905.13,2,2,1,43.796894,0,0,0,0,2,2,53274.453,121970.03,44210.48,12711.789,33826.02,18437.053,846.23114,948.2435,11326.075,-736.3516,1136.038,5021.2925,1
146267.28,1,1,2,37.485504,0,0,0,0,0,2,3041.7502,51471.16,34334.195,7179.9062,24966.035,31323.777,-1500.5883,721.495,18309.049,-2287.479,14266.781,7049.7095,1
144377.36,2,3,1,44.096226,1,2,-1,0,-1,0,-15293.6875,35868.934,26371.16,3280.0974,3628.649,5806.508,-2575.2546,3300.2998,7061.1235,1162.9766,3272.917,4478.475,0
126198.06,1,2,2,25.738056,2,0,0,0,0,0,143937.48,165285.47,124635.914,154958.05,106278.33,102935.47,1309.6569,-296.09827,11267.469,1133.6602,5248.419,-415.99646,1
140583.14,1,1,1,45.442978,2,-2,-1,0,-1,0,-9513.68,33515.793,26210.596,5798.1406,20715.768,10500.08,-1705.8539,3304.588,16733.197,12759.959,1498.5062,-28643.547,0
99597.86,2,1,1,36.81853,1,-2,-2,0,0,0,-20230.523,3897.869,24433.46,7311.3438,11322.403,6723.373,-2649.5842,2274.0388,6182.894,-3782.816,2109.061,4212.137,0
146489.53,2,2,2,45.297195,0,-2,-2,2,-2,0,-15866.523,31290.836,33555.23,1063.1521,-100.49548,5408.1562,-4161.9873,4673.964,5523.2,2438.7175,-2099.4382,-8906.886,0
111347.34,1,3,2,42.996433,0,0,-1,2,-2,0,-23051.828,66868.695,30515.91,-1441.0276,9253.966,8115.09,-2413.5378,2986.1318,5088.075,-5018.3335,1032.0446,4773.029,0
107405.6,2,3,1,45.399696,2,2,0,0,0,0,91791.65,136325.12,111133.35,97102.6,52548.086,47486.047,-2923.4778,3327.4194,7082.318,-82.0728,16558.107,2916.3735,1
104307.414,2,1,2,25.681133,1,-2,-2,0,2,2,-23470.203,35429.68,9170.1045,7478.699,25795.45,9194.691,14169.845,-499.42786,6565.3213,-4700.0522,3048.7197,1949.9388,1
111523.26,1,1,3,44.79959,1,2,2,2,-1,2,76418.305,132446.66,99983.516,78910.22,106710.586,73722.33,-1264.9276,-1121.6051,12597.394,-4498.224,4267.0376,2708.6572,1
101134.805,2,1,2,32.082745,2,-2,2,0,-1,2,-20448.469,7386.9473,9161.062,6779.1797,28152.262,10704.086,3272.0195,658.4315,7391.941,3865.0132,3096.6533,1645.1713,0
107249.766,2,3,1,45.636017,2,0,0,0,-1,0,23535.873,125768.53,61858.96,7056.246,2240.188,6551.869,-2788.3816,3991.4102,5775.435,2560.0251,2810.5637,6213.6685,1
129388.21,2,2,1,45.10857,0,0,0,0,-2,0,-6671.7344,64680.35,32609.81,10102.59,1660.4811,3828.4648,-1962.2665,3690.724,6342.0205,-1688.7612,-535.68835,7250.275,0
130924.21,2,1,2,32.766167,2,-2,0,0,0,0,-24603.414,48984.76,33990.098,-278.50806,14160.351,8477.699,8506.497,2464.4597,5453.2847,-4731.0854,1016.4618,4330.182,0
108322.28,1,1,2,41.22217,0,0,0,0,0,0,15504.16,119942.234,33128.727,7458.797,10220.329,8697.648,-2681.6462,1337.5643,6323.9795,-2402.0703,714.5277,5524.4673,0
115512.055,2,1,2,27.043438,0,0,2,2,2,2,129209.35,157428.36,120686.66,157744.31,113828.516,101699.43,7303.442,-3520.5002,15773.257,-4092.731,5475.777,-17558.701,1
125346.31,2,2,3,44.86077,1,2,0,0,0,0,-28365.438,31165.996,41657.703,-2960.473,5970.36,12127.082,-6998.9873,4314.7324,5088.6616,-3799.3271,-1825.6342,4041.7302,0
110384.63,1,1,1,45.424274,0,0,0,0,0,0,-13358.535,62453.805,42725.387,38816.863,18042.592,13849.629,-3092.3557,2837.0046,6094.227,-937.4664,365.12048,5829.5244,0
117611.125,2,1,1,39.471657,0,0,0,0,0,0,-8591.293,57818.676,47269.29,6608.328,15704.661,13923.5,-3076.0706,3715.937,6465.864,-1573.1753,528.6771,5866.269,0
146357.42,1,1,2,35.918056,0,0,-2,2,-2,0,-5021.574,24931.57,29679.82,6912.215,-2801.2534,4231.129,-4502.256,3303.6252,6395.1475,-1967.9326,-120.485214,7438.164,1
137522.8,1,1,2,42.874115,2,-2,-2,0,-2,0,-14244.844,18461.99,20000.557,3593.4255,5327.9263,7079.074,-2790.6624,2212.608,5755.342,-3805.7856,3468.9238,4580.246,0
98576.96,1,2,2,25.762413,0,-2,-1,0,-1,0,-19389.18,-4014.3733,10430.487,9418.461,19399.041,4862.754,1847.7831,-377.04065,8176.581,-2430.7246,2601.461,4129.3633,0
104408.7,2,1,2,27.805393,1,-2,-2,0,-2,0,-21199.336,14844.189,19471.795,3578.488,13575.2705,7998.758,-1698.6571,2853.6555,5744.2476,-4957.511,2382.6702,2775.947,1
113326.74,2,2,2,44.95362,0,0,0,0,0,0,13958.871,122553.375,38805.195,7059.6875,8346.581,7688.7734,-3359.1394,1881.118,17108.578,-2585.7827,171.33412,5656.8354,1
121089.37,1,3,2,43.33203,0,0,0,0,0,0,33955.684,114770.75,65416.926,24521.62,106461.87,80445.75,-1099.0795,-14.414194,10470.637,27800.672,5257.859,1003.4437,0
144076.83,1,1,2,35.742035,1,-2,-1,0,0,0,-7695.418,15436.494,31443.35,6484.9844,8742.528,9039.277,-2709.8674,2268.126,8556.275,1985.5281,5998.3003,5431.359,0
117579.914,1,1,2,45.644283,0,0,0,0,0,0,95568.305,137558.44,121905.586,4685.9336,26461.729,18719.545,-2492.7185,1236.3136,7538.845,-598.4288,595.49207,6352.6016,0
117728.16,1,1,2,25.942305,0,0,0,0,-1,0,134131.27,145569.97,124431.625,73621.86,11449.774,6503.4043,1798.4686,60.974968,11074.371,4977.399,4872.7383,2037.7496,1
131210.2,1,1,2,28.35509,0,0,2,0,0,0,60674.48,122389.234,92397.7,26263.586,29833.004,11700.961,1947.6552,607.51306,8473.5,1634.7478,3938.2168,4474.4146,0
96324.73,1,1,2,24.404926,2,-2,-2,2,-1,0,-28322.336,6065.76,17027.352,1203.8474,14521.933,14382.008,-2482.9905,1395.7477,5321.332,-4234.8296,10252.934,3390.4993,1
147140.06,1,2,1,43.64569,0,0,-2,0,-1,0,7557.8047,54429.727,53827.18,10407.15,5271.7817,12881.783,-370.79916,2175.0728,9445.282,8073.571,18131.775,9022.31,1
146706.34,2,1,1,44.535816,2,2,-1,0,0,0,154961.53,162768.16,130775.12,152867.94,101677.89,81760.54,-1382.4398,1506.265,10874.888,3392.5718,3307.2368,3217.9165,1
135121.06,2,2,2,32.320904,0,-2,-2,2,-2,0,-11804.422,40139.25,20476.998,7198.3438,3720.1646,5339.3516,1035.1027,2747.353,6166.647,-2872.525,1597.725,6169.342,0
147515.44,1,2,1,45.49776,0,-2,-1,0,-1,0,-6731.707,22272.334,29411.285,6503.0312,-141.81189,7609.0137,-925.8675,1605.7767,7045.9067,4565.6216,11776.774,7669.739,0
105539.336,1,1,2,44.811943,2,-2,-2,0,-1,0,-21612.016,2679.818,19851.873,3646.492,9793.231,6467.385,-3130.695,1482.1771,6817.923,-3104.0757,1480.2013,4543.2607,1
141190.8,1,2,1,41.99225,0,0,0,2,0,0,124658.35,149227.03,125108.484,139687.53,107088.414,96458.72,-2463.487,-387.89075,10529.82,2046.3838,2827.98,1389.7438,1
81433.734,2,3,1,26.504347,0,-2,-1,0,-1,0,-9112.156,7656.217,12631.202,13900.117,17404.46,3700.0312,2354.5156,1010.6395,9966.977,3611.9788,3931.8923,4456.3374,1
109855.68,2,1,2,25.221312,0,0,2,2,2,2,109692.6,145000.36,115289.52,136527.23,115456.91,94727.44,5640.247,-3237.4563,13537.121,1052.7849,4656.397,-1111.6859,1
147128.44,1,1,1,44.263077,2,0,0,0,0,0,147670.72,155114.19,124115.016,144359.11,77201.63,52342.754,-2365.4006,2227.5164,12727.63,2199.3315,2486.241,4479.45,1
130677.54,1,1,2,30.646048,0,0,2,2,2,0,39910.414,126061.766,80843.74,15646.83,67517.91,38451.18,1033.7487,-181.11147,9685.701,-3924.934,1483.7496,3105.6113,1
139019.92,2,2,1,45.203068,-2,-2,-2,2,-2,0,-20872.492,17062.197,32967.82,2933.2576,2036.9264,5953.4297,-2542.6003,3385.0232,5366.3076,-2046.0029,-600.703,4450.503,1
102976.87,2,3,1,45.374393,2,2,2,0,0,0,43614.71,127588.945,90955.266,4727.1797,9945.872,6127.6133,-966.4051,3069.356,5667.7554,-3191.581,1792.6075,2125.759,0
87778.336,1,3,2,40.85357,1,-2,-2,0,-2,0,-20012.18,19617.645,16033.601,3244.7263,12091.739,7202.5977,-579.48517,2699.4521,5661.107,-4562.138,2889.6753,3852.3823,0
142749.75,1,2,2,36.03892,0,0,0,2,0,0,-13150.773,76487.62,39077.96,63.093513,4548.446,9602.189,-5019.498,2137.2622,5256.152,-2606.999,1373.6915,6747.1455,0
100366.625,2,2,2,25.388798,0,0,0,0,0,2,55249.355,118368.44,73679.95,26436.03,86884.55,48578.44,4464.683,-1071.1407,9609.643,6046.5513,3126.0217,1849.0441,1
111981.05,2,2,1,42.851032,0,0,0,0,0,0,-18553.516,66798.086,49157.523,3307.4998,16766.979,7511.342,-3629.8738,3455.375,6214.8125,2561.5872,-112.16832,7249.658,0
88535.07,2,3,2,26.086105,1,2,-2,0,-2,0,-24230.062,11983.611,18042.275,2064.1794,16529.402,9324.35,-3725.2556,3068.5513,5917.437,-4903.5864,3099.6516,2849.5115,1
148281.27,1,3,1,45.91751,0,0,0,0,0,0,190301.23,181948.02,133120.8,206401.33,107976.37,86680.49,-1385.4042,-1306.7462,16107.465,4748.8525,4152.8237,4296.2524,0
112902.83,2,2,2,40.612564,0,0,0,2,0,0,-2606.3474,113901.836,107982.68,3578.6794,47741.04,30608.064,-3126.4714,1307.1957,5811.211,-1310.5093,663.0248,5398.303,0
138797.53,1,1,1,45.54811,-2,-2,-2,2,-2,0,-9585.246,14352.201,22149.52,5052.133,18443.379,5613.621,-3981.9841,2238.5906,9085.496,20727.994,2679.995,4399.8853,0
137658.47,2,1,1,41.85444,-2,2,0,0,-1,0,-25613.36,73983.68,3680.2917,3689.0818,34262.688,104768.266,27064.627,188.02672,14475.323,2069.5437,64665.51,-20959.504,0
121180.81,1,1,2,29.390053,0,0,0,0,0,2,23781.48,107126.4,59201.027,26944.287,73866.414,35964.13,2198.6826,-87.15296,12839.917,3209.9307,3590.2825,2458.5532,0
129878.2,2,1,2,44.839466,2,-2,-2,2,-1,0,-17342.227,32472.654,25412.537,1761.2263,15819.63,7445.7324,-2584.388,2984.898,5356.8726,8596.131,546.672,6557.462,1
136972.16,1,1,2,38.95558,2,-2,-1,0,-1,0,-10922.039,11001.557,18611.977,7236.172,9171.616,7365.99,-1594.2606,1847.1893,19785.068,-515.38043,6284.0977,4985.0806,0
157387.11,2,1,1,45.132793,0,0,0,0,0,0,194099.95,205074.64,146413.17,256156.05,134882.69,134726.66,1919.2448,-2831.6267,16816.07,2597.7144,25924.512,-4974.3965,0
104254.39,1,1,2,45.27011,2,-2,-1,0,-1,2,-14005.352,5379.1113,13256.827,9139.637,15910.9795,5702.7734,1196.8114,377.33435,6772.5273,273.029,3296.7825,3838.9138,1
140693.97,1,1,1,45.551952,-2,-2,-2,2,-2,0,-9276.289,19083.014,24855.662,5632.574,2920.9849,4329.6094,-3174.943,2899.047,5877.85,-1405.02,1374.3683,5889.9556,1
95116.09,2,2,2,24.908218,2,2,-1,0,-1,0,-20843.96,7133.7246,25284.082,7102.574,29366.072,6731.6016,-3062.9797,3321.0435,19585.83,5425.59,1489.8336,4122.811,0
117542.66,2,3,1,45.241737,0,0,0,2,0,0,-9209.898,102037.78,60145.617,648.449,21378.324,19702.541,-4616.5225,2798.69,5182.4316,-2667.646,-159.88072,5232.863,0
119578.63,2,2,2,43.61141,0,0,0,0,0,0,-19709.125,106329.266,53812.875,4873.328,30140.049,17659.01,22177.355,1696.5096,6453.1865,-1675.3774,1052.4191,4721.641,0
102790.96,2,2,1,43.839813,-2,-2,-2,2,-2,0,-25034.695,10322.502,27649.87,2339.7341,8042.145,10348.348,-2669.507,3464.94,5662.927,-2894.5835,5015.32,4121.8022,1
150540.11,1,1,1,46.084934,0,0,0,0,0,0,162056.2,155607.75,132782.28,110410.41,63881.785,27097.451,-2709.6238,1400.1293,10756.74,3621.7656,-62.86119,6779.815,0
115915.87,1,1,1,45.17103,0,0,-1,0,2,0,-18696.914,68727.734,42351.85,3143.074,27589.305,20726.734,-3025.2683,2376.23,5761.7544,-3960.457,-691.2606,5440.808,1
135347.61,2,2,1,42.196312,2,2,-1,0,0,0,145973.28,167233.98,129071.88,157110.83,102036.66,102453.5,-1885.1239,1548.8812,11052.209,2719.6067,2456.24,-22676.531,1
121073.266,2,2,1,45.374565,0,0,0,0,0,2,175785.4,181394.38,129426.48,214493.6,123006.04,119707.38,3245.9363,-3061.1072,16568.604,7451.401,2749.9514,2229.682,0
122884.05,2,3,2,26.908684,1,-2,-2,2,-2,0,-16331.031,13816.838,23516.334,5096.789,12097.054,6747.0625,-2590.5056,3229.4902,5663.7227,-4081.0513,2779.2827,3868.5618,0
109272.72,2,1,1,40.379906,0,0,0,0,-1,0,2168.5237,68997.484,35118.68,11574.154,3277.766,4912.9414,-2426.8733,2733.923,7828.115,2440.5552,1033.3812,6675.9893,1
116377.48,2,1,2,29.04677,2,-2,2,0,0,0,-25723.773,10115.607,20320.559,1106.199,16460.34,9415.229,-1653.7318,2571.457,5821.982,-4194.0786,1586.099,2803.3127,0
126624.68,2,3,1,44.950817,2,-2,2,0,0,0,-24289.758,26087.076,25992.611,589.3904,17533.299,13272.152,134.78775,2955.377,8652.799,-717.20856,3747.7947,3709.5266,0
105436.945,2,1,2,31.360748,1,2,0,0,0,0,-29105.469,8328.357,22090.484,-1313.5745,36432.227,22852.654,-5934.1523,3101.5042,6715.696,16378.379,537.4774,-245.24501,0
95907.695,2,2,2,25.954138,0,0,-1,0,-2,0,-11377.691,59273.95,23150.008,8648.176,11226.397,5225.965,-774.9246,2099.716,6537.1426,-3334.084,1336.309,5272.158,0
150863.52,2,1,2,36.818684,-2,-2,-2,2,-2,0,-15954.82,54106.1,31127.932,159.81226,6591.028,23672.42,-801.44073,3694.1748,21721.86,3055.2195,21890.025,-21930.092,0
102838.65,1,1,2,41.696384,1,2,-2,0,-2,0,-22053.227,12027.725,21487.459,1656.9685,9224.962,7136.5566,-4602.3076,3508.3767,5337.469,-4842.982,1644.1393,4302.4067,0
139447.69,2,1,1,31.822283,2,-2,-1,0,-1,0,-14008.273,18314.262,23638.16,5929.2188,3533.942,5347.3945,-2735.0115,3318.8005,6943.6895,-329.90143,1409.3658,-23668.45,1
131038.15,2,1,2,45.008392,0,-2,-2,0,0,0,-18610.25,21201.14,46279.395,-2467.4885,14251.622,7317.4414,-3504.7449,3322.6545,5100.477,-3398.1006,-387.6698,-9829.869,1
103972.63,1,3,2,37.632854,0,0,0,0,-1,0,28385.598,115625.11,50357.43,7871.1055,7880.905,37061.91,2088.7893,106.859245,7858.152,-671.77545,37600.035,3501.2556,0
146599.44,2,2,1,45.601192,1,-2,-2,2,-1,0,-10678.809,21554.168,35323.79,5332.9414,-5228.14,3971.2031,-3770.4753,3047.185,6274.0933,820.7695,-1007.41003,7295.1655,0
132340.14,1,2,1,30.948212,0,0,0,0,0,0,133617.16,136871.17,119853.01,120409.055,102466.04,37605.855,281.4279,776.1483,11293.748,3990.0925,2390.7126,5484.2485,1
117794.516,2,1,2,24.579834,2,0,0,0,0,0,-18190.922,78558.89,51456.72,4835.547,39504.227,30930.174,-3575.7917,4088.5552,6733.6143,-562.30963,1674.6251,1238.9857,1
109911.8,1,2,1,43.38525,0,0,0,0,0,0,-20722.828,21599.486,34841.902,4075.5466,2042.1569,5531.6406,-3418.6501,3630.9778,6033.078,-3327.6353,-1321.8763,1897.6366,1
108685.875,1,1,2,25.80958,0,0,0,0,0,0,55266.625,121468.68,90770.87,8241.977,10510.4795,3704.6914,1412.0746,650.0316,8595.72,-2290.354,2725.2625,5114.4585,0
97995.31,2,2,1,25.783863,0,0,0,0,-2,0,68061.78,124762.62,104555.05,16224.854,9453.78,3468.0234,2296.335,1773.0548,7110.648,-1598.9565,2173.9443,5969.7466,1
124895.87,2,3,1,43.85634,1,2,0,0,0,0,-10023.613,85695.56,46994.57,5296.3047,31205.79,17247.035,-4044.0232,4395.5986,8938.184,-1016.68854,2269.0515,3053.8586,0
151284.7,1,3,2,45.657238,1,-2,-2,0,-1,0,-11468.32,41978.63,29253.07,896.55054,3651.1997,8164.76,-3007.2244,2765.3196,15928.505,3439.8804,6289.5146,-21895.854,0
140567.62,1,1,1,45.189552,-2,-2,-2,2,-2,0,-16866.617,108484.984,28973.38,758.94507,12104.683,8602.02,29628.127,2877.66,4974.357,4762.1177,4412.6523,-24598.922,0
103627.4,2,3,2,45.18935,2,-2,-2,0,0,0,-22016.719,6439.49,22726.787,3037.1794,17947.857,8272.727,-3846.0544,2590.751,9352.028,-14.980029,1731.7491,3847.894,0
130930.91,2,2,2,40.060223,1,-2,-2,0,-1,0,-20920.086,4823.709,27095.31,5010.172,7181.6255,6830.1523,-1730.6805,2165.9976,19042.701,196.08711,2556.1973,5725.1934,0
106060.21,1,2,2,24.80168,2,-2,-2,0,-1,0,-26069.531,-525.717,18642.295,2429.4802,19518.451,9325.186,-1572.3221,1920.1019,16160.498,1030.6289,3523.2373,-8178.882,1
112679.32,2,2,2,25.441278,0,0,0,0,0,2,-18074.234,23969.648,29287.78,6932.25,33782.133,16850.924,687.4792,1364.2684,9516.742,1080.9727,1255.0546,2439.5942,1
125187.41,2,1,1,37.141018,-2,-2,-2,2,-2,0,-2864.0896,24819.31,26012.809,9738.73,18515.557,21377.074,2327.9316,3005.5493,24244.4,2038.3774,16262.168,3482.7686,1
137621.7,2,2,1,42.02473,2,-2,-1,0,-1,0,-17630.945,14362.803,19372.582,5283.7656,5113.2583,4638.199,-1030.4916,2163.8782,6412.069,-1357.9595,1575.3534,6107.501,1
137297.97,1,2,1,42.8593,0,0,-1,0,-1,0,1191.9767,77798.85,26468.545,12408.975,627.34045,3177.1094,-2041.9794,2079.3354,9630.557,4969.7217,676.94226,-9452.102,0
103858.72,1,1,2,26.201998,0,0,0,2,-2,0,-23348.875,41457.76,27352.336,-337.17212,6368.1177,8378.566,-3172.2356,3556.1064,4875.943,-5150.3716,-138.3568,2447.7085,0
114591.31,2,2,1,43.509953,0,0,0,2,0,0,-10086.9375,108412.12,57904.43,1798.5076,42594.44,24502.984,-3428.0964,2041.2198,5539.199,-1530.519,-188.44127,5028.0244,1
142121.22,1,1,1,45.211792,2,0,0,0,0,0,-11753.52,76146.055,50202.27,4463.582,6058.8325,6023.953,-1465.643,3305.1626,5241.897,-3231.024,742.9474,5774.317,1
88757.63,1,2,2,25.130104,1,2,2,0,-1,0,33954.33,117646.234,55333.496,11394.533,28341.186,9012.693,4752.682,883.9447,7680.1245,4284.6714,3080.1267,2591.81,1
109374.17,2,3,2,24.54717,1,2,2,2,0,0,-4796.004,115199.36,44078.0,1511.7732,59093.094,32229.084,-128.43832,2114.2783,5597.0645,-3284.871,1604.2128,-228.59267,1
114278.16,2,1,1,26.773342,2,-2,-2,0,-1,0,-18824.219,16824.89,19980.346,7397.461,26039.219,12605.859,2507.81,1920.4562,11018.849,7685.613,9728.123,2189.9863,0
150412.47,2,2,1,44.91817,1,2,0,0,0,0,120564.8,149321.06,126320.914,126016.305,95803.33,12493.059,-5340.999,4670.7666,9004.121,2707.8516,1401.3395,-10467.92,1
106288.46,2,2,2,44.872196,2,-2,-1,0,-1,0,-19114.625,106983.96,18881.61,7378.4414,14301.782,5893.7344,27721.104,118.72057,6480.974,3043.1055,3451.6208,4458.999,0
135885.86,2,2,1,45.04908,2,-2,0,0,0,0,-22009.148,23230.32,34119.18,2014.5857,8292.319,11501.365,-2246.738,3907.8303,6120.0454,-129.26176,956.61414,1230.6678,0
112954.01,1,3,2,45.51282,0,0,0,0,0,0,15088.484,137174.33,71624.13,5734.258,18535.771,13318.307,-2802.782,1186.2604,6477.117,-1785.44,1090.4767,5208.4033,0
119576.93,2,1,2,31.610626,1,-2,-2,0,-1,0,-19435.61,839.92755,23466.807,7217.1055,12404.724,7114.0586,-1844.9852,1148.8097,19747.611,-3011.2437,3159.3691,4475.635,0
104611.54,2,3,1,45.658672,0,0,0,0,0,0,-16569.555,120011.586,89345.98,37106.63,75542.99,42683.746,39840.055,751.7611,8102.7305,553.8066,3409.8655,2644.638,1
108066.62,2,2,1,40.686718,0,0,0,0,0,0,16995.71,122252.445,37774.492,8945.074,13643.97,11037.408,-1535.2968,2253.751,6498.498,2332.5989,93.99086,6058.528,1
100811.125,1,1,2,24.897266,0,0,0,0,2,0,26786.363,120260.99,28531.828,12231.6875,27027.52,13394.635,-583.5511,528.29675,7781.6597,-3169.1313,1626.413,4286.735,0
128666.734,1,1,1,44.783604,2,-2,-2,0,0,0,-12931.25,4699.662,16967.045,55304.68,39696.08,14536.807,-2128.2888,3071.1987,29963.723,1070.178,3604.48,-145.86903,1
111873.36,1,1,2,28.260962,2,2,2,0,0,2,102147.305,139839.12,109438.445,117274.74,111511.3,88755.48,8321.6,-898.8712,10742.127,3469.2183,5524.3413,-724.82556,1
135615.02,1,1,2,42.677956,2,-2,-1,0,0,0,8699.422,-6632.76,124778.23,190564.7,120379.23,106123.02,-3675.568,-18300.154,20474.482,7416.8154,9869.225,-3158.9648,0
115543.76,1,2,2,30.300533,0,0,0,2,0,0,21352.06,124207.945,75220.69,8800.379,73067.0,44252.7,-1636.6693,9.964712,6211.154,-894.87994,1512.0865,1753.8895,1
-29337.238,2,2,2,43.749683,1,2,0,0,0,0,179476.77,200929.61,6426.151,173830.83,126334.07,115273.336,44390.36,-4009.2473,11516.743,2066.666,13339.697,-21819.357,0
135545.02,2,2,1,44.92728,2,-2,-1,0,-1,0,-11827.977,27115.703,54994.645,8457.715,10319.935,5226.664,1485.799,1199.2284,13725.829,5931.263,2587.3848,2253.9712,0
111972.51,1,3,3,44.973377,1,2,0,0,0,2,-21586.242,16597.93,28064.61,1804.363,16972.55,11821.5625,-4209.6416,2752.8367,5488.162,-3442.3994,1812.848,2844.4763,1
128669.414,1,1,2,38.5227,2,-2,0,0,-1,0,-24556.352,95776.945,36945.29,230.63647,18440.826,27801.777,18982.943,2107.036,18723.398,-2134.9487,15852.747,-40516.098,0
97687.73,2,3,1,45.988365,0,0,0,0,-1,0,27699.238,118431.08,70648.266,37116.434,15143.306,8833.768,594.9445,1596.1046,10178.1045,7533.932,3222.0542,5355.9106,0
109590.99,1,2,1,44.881626,0,0,0,0,0,0,73255.266,129550.94,112041.24,83175.484,89359.81,26973.506,-1357.2372,1762.9579,9039.27,2492.0918,739.1134,5793.63,0
132637.98,2,2,1,43.481895,2,2,2,0,0,0,44483.4,125686.72,94209.414,48107.438,74008.79,49468.73,451.22183,2702.2937,9357.881,219.82393,2099.7651,3372.2593,1
111292.12,1,2,2,34.203438,2,0,0,0,0,0,-30695.562,5807.1113,28262.799,879.69116,13670.763,9453.613,-3888.8894,2676.4524,6324.347,-1692.8955,-844.48914,3389.6707,0
147643.8,1,3,1,45.68991,0,0,0,0,0,0,197235.84,189079.97,134903.4,204535.05,118591.516,110179.3,-1088.8275,-1788.921,14053.687,4253.4277,5393.274,1881.8453,1
101146.84,1,1,1,45.915432,1,2,0,0,0,0,110827.34,132770.84,105177.79,16476.959,84211.89,5365.547,-3553.5535,1703.7428,6858.734,31235.006,2973.5208,4630.5703,0
122608.7,2,2,2,23.514591,0,2,-1,2,2,0,-39635.125,4814.3184,22071.664,-5719.7305,11744.427,10927.58,-6461.1045,3323.2742,4825.742,-6028.4575,-3166.0505,-23441.223,1
97974.67,2,2,2,25.32363,0,0,-1,0,-1,0,-9580.906,13065.35,22228.3,12744.303,8316.444,4239.547,-318.2147,1463.5609,7561.4604,1766.3691,1261.109,5380.1313,0
123083.53,1,1,2,45.120094,2,-2,-2,0,-1,0,-18947.086,24732.227,26663.898,1889.3357,20229.89,12896.916,1512.8517,1477.3763,16620.998,5153.4365,7077.346,5741.9487,0
112158.9,2,1,2,39.81811,2,-2,-2,0,0,0,-21018.945,22585.047,27568.43,1626.7927,13681.075,8902.512,-390.95493,2811.605,13453.554,-2191.2148,1070.9574,2403.1328,0
115730.016,1,2,2,24.432842,0,0,0,0,0,0,-25537.93,16084.701,31064.607,3689.6091,13256.435,7417.9395,-2646.1418,1413.1122,6214.73,-3373.1602,-172.32018,5132.8687,0
107868.36,1,2,1,45.027653,0,-2,0,0,0,0,-26204.18,73429.25,30342.674,1933.6013,29300.94,29740.178,20349.19,880.95935,6868.381,-1928.0806,15381.787,3567.2698,0
100786.23,1,2,1,35.14171,0,2,-2,0,0,0,-23172.883,7587.158,23340.994,5499.6133,8187.2075,5890.289,-1698.3036,2553.052,6018.3823,-3288.2803,979.8822,5409.7173,1
105524.32,1,2,2,28.016256,0,0,-1,0,0,0,-19674.805,69986.164,32244.041,2467.945,38407.12,20254.754,-633.4305,1602.859,7733.99,-627.40485,523.2374,4152.5483,0
110181.75,1,3,1,45.676907,0,0,0,0,0,0,10312.539,125574.664,74758.836,6494.0273,11559.179,5682.5586,-2174.945,1961.8495,6999.061,-995.94635,1387.7369,6288.0264,1
123070.72,2,1,1,26.540014,2,2,2,0,0,0,147640.6,168342.36,125640.984,135534.77,104357.11,94726.41,6795.7715,571.0936,10120.434,1508.5029,3616.0903,789.02844,1
154692.47,2,2,2,44.125782,0,0,0,0,0,0,195272.38,201007.44,140661.53,222477.02,118471.06,118478.695,-25.1473,-3097.2922,15076.212,3946.3064,5671.1865,1196.8827,0
157351.9,2,1,2,30.158813,0,0,0,0,0,0,136177.05,125587.72,106481.04,24161.602,13119.4795,3609.0664,-2216.2542,788.9154,8651.283,5569.1147,3478.4314,5861.386,0
114185.49,2,2,2,37.545845,2,-2,0,0,0,0,-29367.578,13405.455,23561.95,1799.3865,19502.123,11283.156,768.18524,2084.1582,5846.6455,-4510.304,-19.107773,3367.665,1
106714.914,2,2,1,43.8042,2,-2,-1,0,0,0,-22023.344,15394.354,24041.994,6229.3438,29148.604,11864.803,3318.2188,2317.0293,21302.756,-4363.6636,1236.4083,3471.618,0
148403.14,1,3,2,34.22857,-2,-2,-2,2,-2,0,-11660.488,58712.855,52035.137,10888.383,19385.285,8252.588,3168.079,2556.7512,5632.927,-759.34625,2057.0735,-30780.137,0
105921.0,1,3,1,45.430363,0,0,0,0,0,0,65506.16,128952.45,86651.625,36760.824,21907.602,5871.504,-848.7093,1828.2106,10698.198,3962.7625,2641.403,5613.328,1
109917.266,2,2,2,44.886353,2,-2,-2,0,0,0,-23993.406,6999.135,25924.707,2611.9373,9636.784,7497.498,-1633.1698,2582.0054,9577.683,-4478.313,145.21547,5174.977,1
105379.484,1,2,1,39.90948,0,0,0,0,0,0,90301.53,120744.05,69554.2,19173.746,20130.678,9862.902,-600.38995,1604.8995,7556.054,5164.322,1437.15,5479.7056,1
114426.75,1,2,1,44.12854,-2,-2,-2,2,-2,0,-11633.316,14051.244,111322.336,8663.84,9583.315,3012.9453,1199.945,-3055.347,8318.651,2232.0894,2203.5027,5231.213,0
104529.39,1,1,2,40.46479,0,0,0,0,0,0,48750.152,123431.95,90005.055,37798.844,18129.53,5822.8086,-498.45932,1046.2601,8791.755,-2569.1646,1958.2145,5348.6475,0
115674.75,2,3,1,41.075882,2,-2,-1,0,-1,0,-13185.465,10001.521,17419.02,9368.297,10704.21,4613.551,-689.4554,2314.2976,10418.393,-1795.6265,2935.9465,4583.901,0
152013.67,2,2,1,45.015705,2,0,0,0,0,0,206357.73,197912.42,144234.38,246822.67,131936.28,97497.336,-3584.822,97.884636,13620.641,1621.573,-1273.9877,6828.36,1
134994.31,1,2,2,27.09825,0,0,-2,0,0,0,-20057.484,-1509.4044,25820.062,6805.5156,43834.07,6584.664,-2099.319,675.5521,19628.848,22643.014,2070.9375,5186.1475,0
97349.83,1,3,1,45.606632,1,-2,-2,2,-1,0,-14361.539,22624.582,19093.035,4343.4336,65729.766,41483.043,-3624.779,1503.5216,5714.0615,28296.877,4126.0684,2883.1196,1
126802.1,2,2,1,41.13104,2,-2,-1,0,-1,0,18628.486,48847.5,20779.016,6909.2656,5931.5083,5694.785,8192.715,1825.6263,9675.733,1018.87396,1996.6671,6030.7163,1
139160.95,2,1,1,30.701979,2,-2,-1,0,0,0,-6756.6016,16942.658,20114.744,11491.672,9043.909,4921.3164,-1658.7445,2419.2288,6779.7,-2348.065,2579.483,5120.053,0
112300.38,2,2,1,34.27074,0,0,0,0,0,0,-3669.1208,113544.32,42553.81,6078.879,6101.18,9532.229,-3864.744,3828.95,5398.636,-2842.2314,-1820.9994,-24449.16,1
141677.34,2,1,1,43.456688,2,-2,-1,0,0,0,-20116.71,37434.332,28691.342,175.42944,3863.6997,8470.08,-1118.0009,3305.1877,5132.9126,-4572.643,2175.4285,2285.7412,1
120818.03,2,2,1,45.407314,2,-2,-2,0,-1,0,-14323.414,3063.111,21969.707,7900.59,10193.337,5034.3203,-1013.014,2310.1558,18318.818,-2403.9312,1672.6017,5183.1772,1
142974.42,1,1,2,42.23174,0,0,0,0,-1,0,184772.86,167683.1,133169.3,181467.78,3946.9302,2864.7305,1957.223,-308.8429,24843.627,6057.2993,3989.7363,8170.638,0
103163.45,1,3,2,32.363735,0,0,0,0,0,0,-12109.27,72352.82,36350.12,5325.09,22190.203,13646.504,-2251.5256,2183.3887,6326.9077,-2227.3843,1582.2784,4977.4,1
145805.2,2,3,2,29.51187,0,0,0,0,-2,0,151959.94,151014.23,127365.47,16756.303,-471.6361,1463.3048,1035.5072,1347.6512,7677.5264,47.930614,2236.8696,7506.248,0
117279.32,1,1,1,34.54247,1,2,0,0,-2,0,-18755.852,21795.045,24110.834,3196.1326,8300.524,6372.1523,-4025.3103,4381.655,5303.141,-4499.2134,1257.5416,2725.1292,0
142221.58,2,1,2,25.362003,2,0,0,0,0,0,152191.72,161476.11,125804.11,152517.72,105282.08,94726.1,-2556.425,471.2577,9493.969,1395.7258,2718.6375,3649.1567,1
119537.62,2,1,2,31.724026,2,0,0,2,0,0,89012.484,141129.44,113560.375,103130.58,103821.445,85885.49,-4572.548,1248.1659,5309.2803,-1223.3828,3479.5742,4386.3228,1
99977.68,1,3,2,41.94867,0,0,0,0,-2,0,22286.584,122741.93,71018.06,11758.225,6442.438,3654.4648,-579.0335,2123.9067,6621.8667,-1809.98,2583.114,5709.6235,1
101065.79,2,2,2,26.202785,0,0,0,0,2,2,24100.383,120112.92,58750.336,22396.13,64565.27,34130.29,2041.3488,-63.837532,10659.445,-197.98784,1993.6508,448.57288,0
147155.73,2,2,2,27.249887,0,0,0,0,-1,0,187057.44,115431.78,45006.99,12467.492,-4182.7104,2819.4688,-1779.3265,2146.0105,8087.7617,2696.3965,-1989.8339,9643.6875,0
147215.75,1,2,2,28.303806,0,0,0,0,0,0,153426.66,162489.8,128229.89,108924.76,87653.85,20587.398,-4381.5967,3246.0647,7453.2563,844.61127,-3497.053,-34833.516,0
148513.9,1,1,1,45.970898,2,-2,-1,0,-1,0,123.187645,31841.072,17335.797,12683.979,6331.067,3992.7266,-456.79233,331.328,19581.28,2893.9163,3328.722,5903.4346,1
126711.32,1,2,2,25.799074,0,0,0,0,0,0,62263.523,119962.65,54390.246,2830.3083,40919.074,90480.5,7050.7305,-1284.3151,11129.135,691.8923,57325.758,-6750.33,0
96848.08,2,3,1,45.10092,1,2,-1,0,2,0,-4293.3125,81356.16,30853.398,6815.293,39700.63,20412.441,-1328.4882,2258.0103,5875.9033,-4298.641,2066.858,2867.2603,1
91230.26,1,3,2,24.933483,2,0,0,0,-1,0,-12352.469,63325.805,16672.568,4925.965,17912.752,6174.24,-622.533,2010.2167,5752.366,-3837.398,1790.8146,3174.999,1
152275.55,2,3,1,45.517338,0,0,0,0,0,0,9227.465,102256.02,56680.797,6095.8867,-2958.437,6499.912,-2648.1443,1786.3043,7173.7754,232.93843,9396.916,7943.687,0
118090.11,2,1,1,32.250507,0,0,2,2,0,0,132506.53,158089.36,127346.41,149494.1,106923.195,98659.63,5584.283,-1048.8536,6123.175,2110.2212,3374.606,597.9359,1
136059.78,1,2,1,46.185463,0,0,0,0,0,0,161796.28,145898.12,118183.39,50888.18,102545.15,47864.145,-904.3724,-1208.9615,10092.968,33152.496,4690.0176,4123.1733,0
104838.52,1,2,2,24.784412,0,0,0,0,0,0,77598.06,128986.625,107892.37,93448.95,37186.71,6806.6934,1309.7267,695.8822,10950.026,2184.1582,3094.6655,1469.4894,1
118909.625,1,2,2,26.759003,0,0,0,0,0,0,61905.258,124293.05,55090.25,3843.9958,18543.447,10215.322,-1512.3319,857.18005,7508.608,-28.005909,5542.9336,4584.2705,0
127704.77,1,2,2,45.029575,2,-2,-1,0,-1,0,-20513.102,2332.8884,20386.555,4533.0234,7293.7114,5121.5664,-2042.0048,1195.0397,6463.2007,-2083.8647,1147.9591,5557.0728,1
104637.555,2,1,2,25.522434,1,-2,-2,0,-1,0,-21589.969,-2262.6116,18951.176,8131.2773,16249.124,5855.465,-817.86993,796.287,9482.666,-3022.8047,2327.9048,3904.2932,1
121484.13,1,1,2,26.855707,0,-2,0,0,-2,0,-3064.4373,16749.432,16549.904,8997.285,11304.433,4990.5664,10.290198,2211.0598,7184.537,-2780.604,2994.0261,4846.792,0
110416.78,1,1,2,24.293085,2,0,0,0,0,0,-26831.703,21653.736,22682.63,2236.488,25774.61,12774.656,416.64908,1865.628,10444.322,-1738.2163,2430.0732,2042.1503,0
114894.375,1,2,1,42.694427,-2,-2,-2,2,-2,0,-21522.219,18835.033,25337.633,3114.5623,9779.108,6469.6504,10.777503,3616.1895,8673.839,-345.3824,1419.1517,3331.356,0
116596.164,1,1,2,44.068554,0,0,0,0,0,0,16462.125,127397.586,86716.24,17344.86,58718.438,38664.07,-5116.3896,2898.419,6447.229,1379.3696,-539.8734,-24573.004,0
113054.945,1,2,2,44.404644,0,0,0,0,0,0,107778.86,136885.77,120047.49,69902.92,68859.02,42220.195,-1579.9681,733.02527,14715.153,1203.8118,1843.516,4102.5796,1
144019.39,2,2,1,28.276484,2,0,0,0,0,0,103352.8,138569.11,118147.02,118730.445,99984.086,87166.73,-1332.0951,2018.963,9864.004,2086.3044,2186.8228,2935.6619,1
117290.43,1,1,1,45.430862,0,0,0,0,0,0,-17317.516,50393.76,39994.816,3737.2654,6665.1216,7404.6484,-4882.532,3066.9507,5829.23,-1994.4453,-1551.2372,7175.8706,0
149950.48,2,3,1,45.93515,2,-2,-1,0,-1,0,1318.2892,28216.615,19215.174,11201.953,658.1217,3776.3125,-2190.5852,644.2543,7802.2417,3859.4478,2852.8667,6618.278,0
128397.7,2,1,2,33.836,2,-2,-2,0,0,0,-27731.367,15038.396,-1212.5793,3051.1365,29931.893,89480.586,3752.6333,1319.9008,5601.094,-5064.6313,58066.508,-7036.3994,0
135817.62,2,2,1,42.90109,2,0,0,2,0,0,-1305.3671,123782.766,70275.21,5714.5117,43735.484,33168.305,-4512.9316,3647.2544,5082.85,-1830.1904,-23.9066,5179.1377,0
99266.59,1,1,2,25.129126,0,0,0,0,0,0,7118.336,123659.39,29010.842,9086.949,22788.773,9171.623,-1595.015,610.2655,10765.736,2473.0728,2828.9219,3628.9692,1
108687.06,1,1,1,42.682426,0,0,0,0,0,0,94769.195,134629.77,113499.51,84913.52,73286.24,43494.59,-1073.2177,1099.776,9687.899,1686.9985,2919.9834,3009.6294,1
151856.88,2,1,1,36.327724,0,0,0,2,-1,0,-1779.2968,107217.46,42102.05,4989.7188,-6460.941,10615.148,-3603.866,3624.7449,6564.671,3492.2717,10168.838,1299.3405,0
98899.75,1,2,1,32.411583,2,-2,2,0,0,0,-31244.383,3936.822,11670.995,818.50366,24808.408,8333.875,2036.6024,1920.7091,8584.114,-5164.224,808.9435,1245.6906,0
137932.53,2,3,2,26.751324,-2,-2,-2,2,-2,0,-15641.148,13190.26,22340.377,4687.3047,9074.8,5872.6484,-2605.406,2393.5195,5934.466,-3269.541,2930.6438,3943.8428,0
148202.5,2,2,1,29.976635,0,0,-2,2,-2,0,-2167.7341,28196.268,29557.664,10552.369,-3639.4526,3564.5898,-3482.8054,3694.227,8151.9893,2887.271,349.5487,5868.123,0
130952.516,2,2,2,26.759468,0,0,0,2,0,0,73696.23,132003.05,113234.125,88364.98,97915.71,73739.836,-2568.758,408.33484,7857.259,368.4865,1057.7057,-859.43787,0
122652.69,1,1,1,44.051167,2,-2,-2,2,0,0,-28570.133,9485.584,28264.762,-2861.137,10262.993,9448.762,-4159.884,2762.1448,4901.1865,-5190.817,432.62878,1639.9081,0
111482.74,1,2,1,45.339626,0,0,0,0,0,0,-14081.152,85453.75,45427.258,3538.57,6192.809,5974.1055,904.7248,2332.9717,6500.5903,-2877.918,-300.11072,6614.1953,1
136489.67,1,1,1,45.470016,2,-2,-1,0,-1,0,-15674.789,13089.529,24405.54,4232.8984,2626.356,4937.965,-3853.6814,2807.6067,7831.837,-1540.4336,1200.0868,-18735.723,1
146409.5,2,2,1,43.444366,0,0,0,0,0,0,172921.61,178415.4,125765.69,116250.625,103462.85,84474.95,-1509.1996,-226.93227,14180.217,3177.782,1870.0797,3376.1904,1
135659.72,2,1,1,45.639942,2,-2,-1,0,-1,2,-1871.0546,8486.834,16577.82,13572.152,8674.952,4730.547,-505.20932,282.64783,7726.0493,1680.9172,3135.028,5296.4946,1
107731.04,2,2,2,24.349365,2,2,0,0,0,0,-31240.008,10089.631,22714.541,2057.8904,24483.824,31183.684,-2358.3362,1818.2062,5433.363,-4480.9604,19550.773,1518.4496,1
117389.914,2,2,1,44.50904,2,-2,-1,0,-1,0,-22398.484,19040.22,25322.723,3068.5388,10956.5205,6322.467,-443.88266,3309.122,13092.075,3349.2585,753.9015,5533.1597,1
106685.95,2,1,2,37.475647,1,2,-1,0,0,0,-17913.258,91059.33,41337.31,-1205.1135,36413.016,23700.547,-3582.243,3364.4702,5937.4116,-3383.7236,709.01404,1233.4606,1
135046.73,2,3,2,44.648193,1,-2,-1,0,-1,0,-11664.18,10101.791,22943.904,8202.828,5147.93,4540.9375,-2283.4016,1445.9879,9336.3955,-503.33112,2720.377,5717.9927,0
149327.7,2,3,2,43.363873,2,-2,-1,0,-1,0,-2592.2888,29113.014,17303.287,10188.77,977.47327,3742.3125,-2034.8842,652.60925,7749.364,1833.8162,2584.5623,6197.786,1
139111.55,1,1,2,34.791706,1,-2,-1,2,-1,0,-28604.18,25789.629,23663.104,-3029.2112,5334.61,9776.631,-2126.8113,1411.9354,5358.7363,-3177.1318,2531.2048,5562.6665,0
91144.79,2,2,1,24.797047,1,-2,-1,0,-2,0,-21234.578,1396.0604,15611.546,9588.242,20309.2,5697.1055,911.97723,2038.8021,6339.821,-4042.642,3000.1807,3061.5388,1
115222.234,2,1,2,38.998764,2,0,0,0,-1,0,-23115.969,34590.27,33273.996,1987.9646,10023.14,8650.822,-2255.7366,3395.555,6384.1523,2786.0764,-107.63365,4762.305,0
102916.266,2,2,3,27.54489,-2,-2,-2,2,0,0,-23199.71,55560.125,14089.122,14992.613,33468.902,9176.441,15626.257,2433.8638,24932.107,1690.6636,2456.8257,424.56897,0
122922.84,2,3,1,44.95396,0,0,-1,2,2,0,-26344.227,29496.607,35776.195,-635.1721,9040.995,12963.412,-4562.794,2951.7705,5303.926,-4661.559,-1134.3685,5595.1597,0
104037.5,1,1,2,38.905396,2,-2,-2,0,2,0,-24934.828,1000.8807,16980.953,3741.2654,12496.251,8815.396,-3602.5095,1634.7484,6515.5464,-4757.804,782.50964,3719.7644,1
144087.77,1,2,1,43.596016,0,0,0,0,0,0,117456.98,141251.28,46808.6,5492.6055,10203.319,10395.074,-2161.988,1750.7169,10975.306,1030.3772,1363.8156,3603.0232,0
145282.05,1,1,1,42.063545,1,-2,-2,2,-1,0,-7267.4727,23952.947,23434.773,9002.211,15533.458,4503.254,-3282.7449,1623.4847,6675.2314,8035.805,1636.015,7089.649,1
147051.25,1,2,2,44.34116,0,0,0,0,0,0,-24945.664,16303.939,41327.77,-1659.8245,6923.0825,8909.791,-5846.17,3919.6768,8641.732,9.181104,-669.60095,4428.889,1
103274.305,1,2,1,34.428978,0,0,0,0,0,0,40671.094,120196.22,90805.61,123106.2,72400.24,12269.225,1368.1315,1324.838,8498.781,4067.3267,1901.8483,4881.8604,1
130324.734,1,1,2,45.004818,2,-2,-2,0,-1,0,-17859.055,9438.799,24574.396,66262.125,18953.54,33214.594,640.50116,1579.9657,30467.959,-4097.2905,30079.682,-19323.734,0
152296.92,1,1,2,29.525965,0,-2,-1,0,-1,0,-9038.293,16567.115,24737.225,2981.0896,769.07874,7404.3223,-5049.372,3081.4358,10193.969,2311.766,2400.5054,-29803.688,0
130242.99,1,1,2,43.93617,2,-2,-1,2,2,0,-27824.055,5584.994,24331.67,-1997.1799,8733.509,8157.5723,-4230.3926,2474.4438,5061.025,-4734.021,-182.89293,4820.6826,1
140844.8,2,1,2,38.60617,-2,-2,-2,2,-2,0,-2359.574,32847.47,91853.78,7554.082,2847.856,4634.1055,-892.805,190.5189,14407.926,801.84784,2263.905,1949.5985,1
114233.42,1,2,2,43.028854,2,-2,-2,0,-1,0,-25297.578,2677.99,23398.754,3637.328,33553.09,14405.279,-377.21616,1395.1742,17423.107,13574.191,11458.084,4235.4463,0
140170.6,2,2,1,44.01752,-2,-2,-1,0,0,0,-11080.457,10541.869,23813.807,9951.879,7510.2974,6215.289,-1445.5062,2222.7104,7024.439,251.16182,1774.649,4907.9604,0
90588.48,1,2,2,25.249325,-2,-2,-2,2,-2,0,-27506.727,1900.9667,15530.962,3606.2146,27669.021,7156.115,-1674.3143,2098.9333,5543.577,5158.751,5618.8335,3245.1694,0
113916.32,1,3,2,45.571182,0,0,0,0,0,0,77160.54,132785.47,68737.86,10582.061,60069.887,33986.57,-3171.9148,1453.1232,25141.36,-995.70465,2344.4011,-440.38757,0
93680.516,1,2,2,24.628986,0,0,0,0,-1,0,29223.23,116846.95,52248.484,13098.195,20330.453,10798.725,4513.528,-841.45715,15823.376,6616.0312,8099.732,3399.2178,1
149889.22,2,2,1,45.571342,0,0,0,0,0,0,180618.56,181502.4,134569.48,88519.055,85186.83,63249.37,-2093.4324,405.96375,8511.292,1560.6992,-1602.6947,6884.2876,1
111211.3,2,2,2,24.01162,0,0,0,0,0,0,-26729.719,16334.9,33223.02,3530.078,16467.557,32656.904,-1000.83234,1437.8292,6847.0674,-2753.9746,21260.623,3214.8555,0
114671.84,1,2,1,45.367348,0,0,0,0,0,0,-21962.227,34373.246,43689.92,1190.6482,7065.2935,14548.85,-4443.962,3686.3699,7108.586,1636.596,-386.93982,1093.4218,0
145472.44,1,1,2,45.44632,0,0,0,0,0,0,178445.17,176738.05,134555.72,185259.89,112080.37,109881.78,-3615.9119,-1386.6852,11863.392,3144.7783,3546.25,1305.6229,1
110668.51,1,1,2,29.15516,2,0,0,0,0,0,-24976.977,107604.55,49469.504,9730.559,68118.67,39910.58,19131.59,1307.8556,10700.61,-874.54156,2547.4688,-526.9867,1
125277.03,2,3,1,45.618397,2,2,-1,0,-1,0,-13386.387,13032.482,25529.695,5836.5195,6867.8677,5248.453,-3674.532,3158.6826,7781.676,1993.6775,1890.9904,4192.5127,0
144975.27,1,1,1,45.80141,2,2,-1,0,-1,0,-906.7577,22612.807,17998.09,11031.992,2646.8716,2716.621,-2707.0203,1547.9266,8778.719,-357.21588,2472.4333,6340.3804,1
148630.12,2,2,1,31.585228,-2,-2,-2,2,-2,0,-9825.684,36979.016,21256.287,8311.113,3035.4458,4818.8633,-282.37534,2607.4668,7888.178,-422.14948,3077.7166,4312.5835,0
154474.73,2,2,2,44.852264,0,0,0,0,0,0,198217.11,179208.45,138054.78,203066.42,110141.12,98727.7,-2268.4158,-1606.1783,17795.36,4978.6064,1985.2518,4708.374,0
111672.09,1,3,1,45.33108,0,0,-1,0,0,0,-17517.96,58639.387,35584.062,1843.7888,19446.82,14255.785,-2429.9612,2665.4353,6344.5903,-1973.605,874.3617,5507.791,1
143237.28,1,2,1,44.286247,2,0,0,0,0,0,114128.43,146458.83,120932.984,129470.9,103622.6,114915.04,-2260.7683,672.4359,10800.433,2185.9653,2631.59,4111.4785,1
86190.45,2,1,2,26.14175,2,-2,-2,0,-2,0,-23102.344,2349.693,18916.629,3913.07,18963.334,8058.367,-2721.5232,2244.448,5579.004,-5059.4546,1992.692,2943.5918,0
104895.31,2,2,2,24.658909,0,0,0,0,0,0,-12085.516,75756.92,40338.87,6651.1367,9067.2,5999.66,-1169.6073,2940.9814,6648.622,-3564.0234,741.8253,5801.085,1
111964.15,1,2,1,43.513176,0,0,0,0,2,0,-20038.094,22729.822,33306.223,7535.633,8205.517,9647.035,-3440.1814,2943.7097,6093.4165,-3216.5234,-1271.2108,6170.2183,0
98005.72,2,1,2,28.193102,2,-2,-2,0,-1,0,-14814.672,11950.229,16300.978,6288.6406,45373.844,18678.791,415.96646,1840.0096,11341.797,23090.828,2363.412,-7320.459,0
99205.99,2,2,1,26.817818,2,-2,-1,0,-1,0,-20395.516,26337.43,17418.943,6093.7695,18261.215,8073.133,7312.241,1638.1488,6309.8,1753.512,3309.3901,2713.0947,0
116796.805,2,2,2,30.773947,-2,-2,-2,2,-2,0,-18436.414,7721.4746,22128.984,6138.004,10663.716,6531.0176,-1372.6566,2553.4033,5936.015,-3466.6738,2491.3257,4540.3354,1
136335.92,1,2,1,29.50778,0,0,0,0,0,0,100864.66,139849.5,121366.3,116114.086,61016.32,19513.213,-1639.8934,2919.4333,10844.454,1503.5483,131.04115,-26912.164,0
113293.04,1,2,2,45.24822,0,2,0,0,0,0,-12046.6875,100104.984,49176.65,1978.7693,40255.875,27056.201,-4058.3162,2460.2612,6599.7817,-804.95856,96.64516,4052.755,1
97419.484,2,3,2,44.429474,2,-2,-2,2,-2,0,-20657.516,14563.037,22383.238,941.25757,8825.603,7220.9023,-4331.041,4037.3801,4788.4795,-5174.853,1119.0062,4317.4053,0
142827.39,2,3,2,45.224625,1,-2,-1,0,0,0,-22279.406,9562.604,32566.693,-622.86743,2816.1567,6671.293,-3700.9548,2597.7107,6148.7637,-3113.3936,1499.3561,5934.537,1
129507.58,2,1,2,27.501045,2,-2,-2,0,0,0,-22408.508,3762.9705,22025.623,3670.4802,13302.546,7848.2715,-2799.6238,1791.8424,6277.289,-4581.9604,2010.6969,3794.3276,0
152915.27,1,1,1,43.683067,2,0,0,0,0,0,-7413.8164,46760.71,41258.902,1718.9138,-127.42517,7765.699,-4556.839,4901.8916,6346.159,-918.34576,-1375.1249,5284.442,0
111865.39,2,3,1,41.171585,2,2,-1,0,-2,0,-13722.441,15538.006,18591.584,7452.8867,12008.659,5344.4805,-2748.535,4207.3555,5736.055,-4259.6157,2658.2698,3685.4695,1
103512.805,1,1,2,31.018076,0,-2,-2,2,0,0,14742.758,8948.443,21988.32,1694.4998,15645.411,13733.221,-2354.3123,1164.3014,5542.66,-762.54694,3120.3064,4741.9604,1
148748.73,2,3,1,45.63294,0,0,0,0,0,0,188484.45,191645.56,129438.39,194278.38,111105.75,102876.44,21593.277,-1001.5123,20636.746,4283.26,10091.858,-5847.7373,0
126373.305,2,3,2,44.91135,0,0,0,2,0,0,-28032.305,29312.0,40543.055,-3118.3674,10754.575,15241.35,-6438.8906,2911.1719,4840.4863,-4018.3394,-1713.9525,5636.634,0
103383.24,2,2,2,24.659702,2,2,2,0,0,0,43394.797,127478.31,93441.125,51094.5,84373.31,58474.273,2772.953,1931.1185,7708.7803,-1058.9531,1632.4718,-1793.0912,0
102101.016,2,2,2,25.209885,0,-2,-1,0,-1,0,-16185.445,20588.094,15505.683,9688.645,15261.134,10095.029,7031.6304,445.1776,8414.742,2489.2034,10313.206,5381.666,0
100642.21,1,2,2,24.445211,0,0,0,2,-2,0,8694.855,114448.734,25838.49,6419.957,11821.858,6170.002,-2926.9187,1769.1254,5721.0327,-3770.8496,797.42737,4413.464,0
114304.16,2,1,2,40.42681,-2,-2,-1,0,-1,0,-17719.547,5177.0566,18768.242,6554.4375,7496.692,5659.1133,-525.46906,1185.223,8054.3804,-2490.2397,1753.1737,4524.1006,0
133305.5,2,2,2,25.408693,1,2,0,0,0,0,-24635.914,39049.33,35469.297,396.5271,12536.724,9381.998,-4439.3125,3643.018,5384.093,-3969.9058,197.8517,1476.942,1
107902.414,1,3,2,42.15692,1,2,0,0,-1,0,-19450.484,59542.223,33077.34,273.80444,7727.987,7429.2754,-4563.414,3135.8694,6416.1133,-1887.0332,1293.9818,3532.787,1
103980.79,2,1,2,40.871105,1,-2,2,0,0,0,48404.734,123769.59,93153.35,2675.695,40235.344,22174.76,345.7238,1528.7623,7260.8975,-1027.4761,2029.0758,4877.9995,1
115199.4,1,2,2,26.879555,2,0,0,0,2,0,28453.553,125558.45,88109.68,30949.865,77397.65,54271.46,-1257.5385,1589.5831,5983.7554,-4228.2065,304.90735,-74.098526,1
139606.12,2,1,2,42.991394,2,-2,0,0,0,0,-19687.734,45247.44,54643.207,5928.6953,78844.484,26221.018,2349.8967,2014.4469,19652.648,23931.07,11352.286,-3381.4849,0
117680.54,1,2,2,24.447166,2,2,0,0,0,0,102912.66,145814.56,115533.625,82445.234,92313.875,38487.695,-5019.0146,3158.5144,6970.892,473.43475,3315.7314,-26035.012,1
134373.52,2,1,2,33.47589,0,0,2,0,0,2,77214.734,123553.49,104310.734,80276.055,95508.1,60602.637,4974.521,-1091.5592,10066.221,4516.6167,3851.7031,2851.9214,0
108593.55,1,3,2,40.54304,2,-2,2,2,-2,0,-30697.305,13712.314,10200.12,-5189.711,19631.451,9856.004,-2799.5671,2924.5842,4746.328,-6394.1313,1003.16345,2287.5837,1
145775.47,2,1,2,24.57377,2,0,0,0,0,0,116910.62,156796.22,126633.914,145843.27,108927.77,84114.78,43450.586,-552.00305,9887.119,2065.4766,11689.771,-4572.5527,0
130097.73,2,1,1,44.789265,2,0,0,0,-1,0,-14044.809,37443.15,34890.266,6019.8438,2597.977,7540.998,-3067.7698,4274.553,6178.4644,880.0561,776.4701,4639.14,0
151447.73,2,1,1,45.597286,0,-2,-1,0,-1,0,67242.09,34209.38,31788.287,5613.1445,-4146.4097,3743.4453,-4093.1228,2841.7754,10056.004,4007.2231,-943.8646,-3737.08,0
103362.55,2,2,2,24.688963,-2,-2,-2,2,-2,0,-25528.438,2704.076,22632.482,3318.617,14750.821,7137.4844,-1991.2587,2941.7896,5547.373,-4493.262,1056.4904,1167.086,1
139342.4,1,2,1,37.224503,0,0,-2,2,-2,0,162920.28,23473.47,36998.945,7041.211,-4023.2378,3804.6562,-4282.672,4112.442,6177.7134,-1491.4038,-2074.5876,7988.7124,0
129023.08,1,2,1,44.10929,2,-2,-2,2,-2,0,-19709.344,26891.676,26971.512,1700.0583,7025.9966,7987.541,-2360.2498,4505.3486,7993.309,305.16425,2277.4377,1439.5824,0
149278.3,2,2,1,45.110878,0,0,-1,0,0,0,-11542.3125,37978.58,38467.336,4516.7773,379.04358,6508.3066,-2428.2908,3477.4954,6670.0967,3714.1565,337.4757,5397.1143,0
100014.99,2,2,1,25.461435,2,-2,-1,0,-1,0,-23975.414,13706.709,19309.545,5370.496,17928.96,5811.8125,3139.2517,2531.6025,8540.556,2528.7656,708.912,-18226.865,1
119272.45,1,1,2,42.40619,2,-2,0,0,0,0,-10994.215,149068.88,109313.23,133933.53,118922.734,91852.6,41899.5,-2806.8538,10176.941,1059.752,8836.147,-3293.6436,1
104508.99,1,2,2,41.095013,2,-2,-1,2,-1,0,-33139.305,6700.416,10277.101,-606.2151,15000.81,8392.852,1116.5492,400.5238,5574.129,-4472.3706,18.659805,1415.3778,1
123098.95,1,1,1,41.525154,2,-2,-1,2,-1,0,-18632.281,14583.021,19963.996,5192.926,10397.983,6078.6387,-2222.9924,2077.9468,5613.9404,-2645.4492,2121.6077,4363.099,0
153386.45,1,3,1,45.01334,2,2,0,0,0,0,206884.67,202287.31,135835.3,188059.25,116009.93,112692.234,-5559.504,-258.40247,12743.36,2825.4307,5393.979,-615.1957,1
146494.78,1,1,2,37.50289,2,0,0,0,0,0,167786.34,181282.11,132076.03,191394.42,113718.92,113674.52,-4013.9011,-31.665659,13362.05,1548.1006,4826.4087,-1780.1063,1
112817.25,2,1,2,35.27417,-2,-2,-2,0,-2,0,-23760.023,14808.682,28671.107,360.73022,8988.44,8757.842,-3032.2532,4007.5317,12087.041,-3962.6523,1129.7479,-24751.379,0
107974.55,2,1,2,24.599524,2,-2,2,0,0,0,-30149.57,60017.316,24646.146,-1448.4573,23201.256,13773.25,8859.834,2730.042,5577.514,-6017.263,2246.2124,-525.15125,1
119699.9,2,2,1,44.055733,-2,-2,-2,2,-2,0,-25320.555,17354.596,35216.133,271.60522,1569.1608,17265.818,-3855.2048,4486.258,5127.847,-3974.019,11721.963,-20110.436,1
148381.22,1,1,2,44.69338,0,0,-1,0,0,0,184731.1,198313.06,138419.75,228988.72,125783.78,125142.95,25516.812,-3411.5276,16629.625,4563.2754,8732.381,-6171.8984,0
87741.18,1,3,2,41.094994,1,-2,-2,0,-1,0,-17820.21,3627.494,16573.18,8598.844,12731.636,4566.199,-267.16245,1332.8732,7758.2715,-2270.5376,3134.8206,4161.747,0
109849.4,2,3,1,45.778122,0,0,0,0,0,0,63849.64,129684.57,103324.336,46494.676,49027.613,31683.498,-1903.9208,2562.6152,7381.797,342.66937,1189.5614,1807.1837,0
103168.484,2,3,2,34.587593,0,0,0,0,-1,0,86455.97,119673.18,70550.74,28848.469,7129.5903,3974.7969,226.95523,1348.6373,10044.866,197.86665,2310.698,6125.456,0
106181.875,1,2,2,41.83012,0,0,0,0,0,2,102846.09,134050.08,115174.55,111888.39,109073.83,77775.65,3064.0828,-1807.6827,10580.286,5590.9604,2731.3137,1874.6798,1
100958.6,2,3,2,44.729683,2,2,-1,0,-1,0,-17781.727,10801.131,22112.684,4640.6562,7345.9185,4671.1367,-3299.1775,2875.1301,5586.596,-2506.1074,926.0226,4746.5938,0
108115.4,1,2,2,45.485,0,0,0,0,-1,0,13340.324,122811.02,76197.19,10202.539,716.7389,17466.953,-980.9681,903.8153,6357.833,1706.2183,16752.037,6838.263,0
115192.03,1,2,2,40.96585,0,0,0,0,0,0,18127.004,124286.25,73794.195,5549.367,4580.516,22923.438,-1735.767,736.00183,6254.718,-1886.6602,18791.262,5647.9473,1
111628.55,1,1,2,26.44215,0,0,0,2,0,0,68994.49,129358.51,105171.5,64662.55,94362.14,61235.543,-2144.0906,8.151236,6106.153,-189.77007,1854.7206,1097.2172,0
104331.086,2,1,2,24.7553,0,0,0,0,0,0,54270.54,122227.26,92386.67,38886.82,76064.78,44418.227,-167.99887,619.599,8322.021,354.19232,2851.9617,2196.3606,0
120881.43,2,1,2,24.44768,2,0,0,2,0,0,-34997.35,6787.1113,24047.05,-2628.3362,20624.54,11767.283,-5441.88,2415.077,4893.5254,-5337.3257,-1231.2235,2363.6025,1
101694.22,2,2,2,45.289093,2,-2,-1,0,-1,0,-16581.703,10211.357,21928.799,6576.832,6361.813,5542.879,-1885.4764,2222.216,5889.373,-1569.8296,439.38416,5340.3193,0
140656.84,1,1,1,45.702198,2,-2,-2,2,-1,2,-1336.1014,19089.396,18270.805,11775.33,6055.938,4431.8516,-1942.4535,750.11755,6646.248,3458.9773,2711.4475,6321.3096,1
102037.055,1,3,2,34.227566,0,0,0,0,2,2,11327.258,105695.63,45666.89,17771.56,53327.67,26668.02,1432.1544,634.0541,9670.961,193.7353,2585.0984,802.1444,1
93092.77,2,2,2,28.75414,0,2,2,2,0,0,20349.293,115512.66,50096.082,11202.027,75688.58,40556.867,3354.9036,364.14587,13533.099,-4629.7075,1154.4386,1148.152,1
145150.3,1,2,1,42.66852,0,0,0,0,0,0,183465.08,182675.86,133960.11,211685.67,121103.586,105494.72,-338.17123,-1952.357,17703.574,5606.7246,5137.628,3843.0737,1
119892.016,2,3,2,33.374382,2,-2,-2,0,0,0,-17924.078,8219.01,16031.327,5473.5625,40547.57,20504.848,-1941.4633,2074.9934,8405.289,19476.22,3135.4763,1995.5948,0
145637.72,2,2,1,43.246616,0,0,0,0,0,0,-17002.453,21013.451,38851.176,4431.422,-363.47595,5535.953,-4534.4688,4291.127,4976.93,-2448.8242,-1488.993,6489.0317,1
145550.47,1,2,3,41.875748,0,0,0,0,0,0,-14587.57,50707.242,46522.94,2640.0427,2686.563,8340.021,-4264.9404,3404.1104,6434.9224,-1955.0566,-937.44226,5793.069,0
103853.72,2,1,2,25.104729,2,-2,-1,0,-1,0,-19636.21,19137.836,15580.671,5891.6875,17563.043,8403.584,3466.18,2006.0309,9470.035,-2102.5835,3875.9858,1880.7382,0
98085.59,1,3,2,25.262669,0,0,0,0,2,2,-12782.922,25297.61,20693.068,11252.826,30450.457,13531.098,1432.9818,162.87975,7795.353,-3330.2275,3499.4072,3557.8418,1
118777.22,2,1,1,45.128902,-2,-2,-2,2,-2,0,-20028.445,27641.697,35055.676,624.1013,5386.485,9255.631,-3712.7117,5096.04,9849.377,827.93964,2623.2815,-17632.041,0
109809.8,2,2,2,27.520266,0,0,-2,2,2,2,-17328.336,-2907.2131,25414.064,7082.8984,37781.92,19448.611,-1306.1068,22.620474,6805.9395,-3796.726,925.891,3214.5278,0
116063.625,1,1,2,32.806877,2,-2,-2,0,-1,0,-26957.875,8346.963,30565.166,532.55444,15521.116,17101.676,-2640.4397,2792.737,12887.597,3707.5618,13469.608,-25511.018,0
111696.32,2,2,2,24.345179,2,0,0,0,0,0,33947.84,123714.984,54391.59,5600.3477,12548.132,9467.039,-2519.4749,3175.037,5639.756,32.85786,272.8617,2254.5625,1
107791.69,2,2,2,31.636995,0,0,2,2,2,2,15716.863,119815.86,51859.406,4862.1836,72418.74,48523.234,4212.2754,-1873.3029,10356.165,-3788.316,10205.777,336.18225,0
94671.93,2,3,2,25.206192,0,0,0,0,-1,0,-5220.7227,51127.203,22333.06,11664.273,31901.273,17140.168,-983.8641,1505.2865,6994.7236,17341.648,2754.8992,4422.4585,0
112551.61,2,2,2,44.201366,2,-2,-1,0,-1,0,-30323.43,1694.5214,18334.445,-220.79321,12188.946,7627.328,-1551.5873,1770.0443,5875.0684,-3616.666,-282.91638,4601.158,0
138000.53,1,1,1,44.050476,-2,-2,-2,2,-1,0,-14382.891,13540.35,22643.322,6865.7734,8191.1978,4277.672,-2851.1868,2259.47,6104.8965,5112.9727,1294.1744,6417.653,0
116045.625,2,3,2,44.495953,2,2,-1,0,0,0,-18148.29,81891.47,35346.316,-671.4221,34318.496,21280.264,-2235.807,3654.6494,5760.498,-3426.142,1557.9845,2489.8599,0
112735.62,1,3,1,45.387714,0,0,0,2,2,0,14909.492,127888.086,71884.41,15053.877,21761.152,15464.52,-3137.9236,2201.731,5747.5933,2020.6106,700.85144,5215.137,1
141550.05,1,2,1,45.646034,0,-2,-1,0,-1,0,-6152.5703,15718.26,21567.463,7569.668,4389.2114,4038.8125,-1898.0458,1802.4257,6745.192,4687.8613,412.6283,7961.6,0
104505.71,2,3,1,45.062508,0,0,0,0,-1,0,-7334.699,29872.352,27628.686,11295.229,8813.751,8789.432,-1976.7826,3152.8938,8066.881,4802.953,1182.0338,6721.827,1
152396.12,1,1,1,46.045094,0,0,0,0,0,0,166522.78,159507.34,138595.2,169937.27,108094.37,100605.23,-1786.0878,-581.6964,15361.471,5496.9507,6417.627,3270.1912,0
124933.18,2,1,1,39.903847,-2,-2,-1,0,0,0,-14814.246,7538.8496,23658.33,7764.461,15093.341,6780.871,-2044.4916,2484.7366,6239.728,7343.74,2950.1003,4284.8237,0
120270.95,1,1,2,45.630016,0,0,-2,0,-1,0,8083.207,10838.74,10019.042,12890.953,104641.23,74011.65,-2778.074,-2099.7478,14820.876,39230.715,3388.6733,5969.535,0
152681.9,2,1,1,45.782703,0,-2,-2,2,-2,0,1921.7775,37037.594,54683.49,8526.051,-549.0658,3638.6016,-1813.85,2711.6462,9052.026,2001.792,758.3251,6389.7046,0
138062.56,1,2,1,43.905277,2,-2,-1,0,0,0,-16860.617,11595.221,23629.828,5469.711,5916.61,4730.328,-1106.8856,2239.39,5831.806,-2819.505,1064.1451,5692.561,1
103679.52,1,2,1,37.105537,2,-2,-1,0,-1,2,-10689.254,8452.893,10063.55,13539.582,14153.661,3721.0078,2864.0955,1341.3854,7910.006,-845.53033,2894.066,567.45105,0
142978.47,1,2,1,45.788563,1,-2,-2,0,-1,0,-12856.285,19704.307,24576.758,7481.9883,11117.069,4757.4414,-1397.5438,1755.2523,12570.027,7509.946,1710.1617,6386.882,1
142918.31,2,2,2,43.927517,0,2,-1,2,-2,0,-22088.938,25609.648,29711.377,-1981.301,912.1647,6616.627,-5716.3535,4760.307,4536.185,-5217.348,-403.19275,5990.2515,0
109685.98,2,2,1,43.79678,2,-2,-2,0,-1,0,-25319.938,4080.7947,24891.904,3672.5623,16980.24,32365.81,2694.57,1340.3275,20381.193,618.8532,13321.033,3975.4277,0
122034.81,1,3,1,45.832912,0,-2,-1,0,0,0,-8978.043,9366.326,20815.307,9853.41,11956.124,4910.5195,-784.3846,1650.4186,10685.421,-1919.1924,3579.2898,3907.707,0
142745.02,2,1,2,26.124743,0,0,0,0,0,0,186325.97,191519.47,132563.86,197239.88,116004.9,113503.98,594.2756,-3026.9421,11493.117,3709.381,9117.677,4146.414,0
114817.63,2,2,2,40.89649,0,0,0,0,2,0,85450.28,132564.7,116964.836,106604.59,97426.32,72312.41,-1004.46124,556.3324,12175.589,-2787.352,1231.9667,4346.283,1
97757.29,2,2,1,32.078335,-2,-2,-2,2,2,0,-26023.867,-1455.2443,20636.963,3506.1013,31322.072,14915.508,-833.6204,1615.5836,5870.122,-4210.179,-172.33043,3551.8433,1
95202.34,2,2,2,24.61675,0,2,0,0,0,0,17330.348,119627.63,53469.44,10342.08,55294.332,30090.541,465.70914,1460.2972,7251.017,-893.8487,1994.4496,2445.9211,1
119465.0,2,2,1,43.291534,0,0,0,0,-1,0,55245.34,116485.95,68441.2,9797.3125,3154.5396,4246.043,395.55386,1715.4071,9520.7705,2644.4294,2268.9695,7527.91,0
152170.02,2,2,1,45.64588,0,0,0,0,0,0,-7169.926,48530.516,46052.727,4135.172,-734.54236,6089.9805,-2366.8845,3591.674,12548.972,2984.2583,-729.12244,7264.549,0
114535.84,2,2,2,25.580969,0,0,0,0,2,0,118043.766,146307.8,120762.64,134882.67,104235.805,87563.16,403.6027,-207.77309,14364.921,-3230.229,1989.5897,-1627.7743,0
117291.08,1,2,1,45.23535,0,0,0,0,0,0,127923.77,145842.56,123062.35,132728.9,54157.062,27204.184,-43.37777,810.1522,10138.801,302.5251,1706.4398,5297.1274,0
88956.32,2,3,2,40.83374,2,-2,-2,0,0,0,-22112.29,14214.959,15241.214,3015.57,19945.22,9638.508,-68.8431,2450.4473,15867.798,-5193.488,1983.2875,512.9364,0
112921.875,2,2,2,25.20253,0,0,0,0,0,0,151760.92,159424.34,126406.19,152798.31,105069.69,38878.29,-379.86215,8.786978,10378.816,2276.8025,1392.3597,5163.424,0
111464.88,1,1,2,31.816113,2,-2,0,0,0,0,-24377.055,27209.639,23131.12,2123.8708,20482.977,8758.379,3007.1023,2301.3196,5376.4966,-300.30328,1268.4103,3511.5022,0
116236.766,1,2,1,26.374197,0,0,0,0,0,0,107922.09,127609.88,94128.375,9279.828,11407.882,4115.3438,2497.7004,1003.328,9164.414,3558.6035,2389.6553,5701.4946,1
100265.19,1,1,2,31.571657,0,0,0,0,0,2,28101.955,115054.65,57615.73,18548.352,68637.42,33405.27,1033.7054,-146.43178,8985.874,3233.991,2829.6707,1481.9542,0
151510.11,1,2,1,45.332775,2,0,0,0,0,0,151965.9,149035.47,129060.4,136035.17,102560.7,91662.984,-2883.447,498.25818,9987.505,3100.7864,1829.5988,4602.5356,0
114240.85,1,2,2,34.507866,0,0,0,0,0,0,36717.555,127791.25,124305.53,39059.555,49881.62,27777.111,-3621.1335,3053.3467,6932.3374,309.19012,-1291.7196,-28176.342,1
117881.22,1,3,1,45.205513,2,-2,-2,2,-1,0,-17943.406,11118.697,25932.717,2754.777,5154.0474,5947.2617,-3546.0964,2898.2722,5330.567,-1340.6074,883.86584,4719.4424,1
115975.805,1,2,1,45.74305,0,0,0,0,0,0,62253.35,127305.28,93032.88,32632.791,18132.852,9327.613,-1253.5267,2710.8499,7199.287,5678.9604,973.7523,6654.5923,1
128301.86,2,2,1,45.24738,2,-2,-1,0,0,0,-19738.758,3717.7517,27969.74,5568.6523,8731.603,6060.176,-2802.383,2502.539,5873.9023,-3510.349,1097.2128,5024.9795,0
144762.73,2,1,2,40.098686,2,0,0,0,0,0,-17537.031,24427.842,40277.58,1682.5779,350.78967,7318.9863,-5335.25,4997.206,5109.603,-2938.3691,-1741.1063,6452.4873,1
112405.53,1,2,2,25.01452,0,0,0,0,0,0,91761.56,118781.81,70187.5,9059.469,26191.547,40343.258,3310.803,-409.964,7946.903,-1917.0073,34005.098,1990.1215,0
125830.02,2,2,2,25.985756,2,2,0,0,0,0,145041.52,157055.81,120625.83,131379.6,102430.3,93327.39,-3694.2458,1384.3646,9740.708,1849.971,2292.5137,-1640.8324,0
140488.06,2,2,1,45.9589,0,-2,-1,0,-1,0,-1751.3866,15769.553,19093.709,12290.076,1282.3365,3241.746,-761.1004,1056.5087,10264.862,3785.6436,1104.858,5553.835,0
136535.3,1,2,1,45.226105,2,2,-2,2,-2,0,-21681.977,14090.213,34639.12,530.69116,1351.6842,5987.715,-5925.7266,4952.6265,4573.9834,-4049.104,-1592.8881,6111.1675,0
115910.266,2,2,1,45.487312,0,0,0,0,0,0,162084.5,138116.47,111287.12,14394.113,47418.2,31285.443,-1751.66,2062.6296,7257.972,311.52875,-907.04285,6229.6016,0
100319.19,1,3,2,44.96601,1,-2,2,0,0,2,-18984.984,17589.6,17438.135,5035.5156,31050.996,10384.918,2618.9097,713.5477,6368.149,-2149.767,3341.55,2484.382,1
114790.16,1,1,1,45.3555,2,-2,-2,0,-1,0,-18552.219,78339.88,21014.06,3680.1873,17417.236,6546.119,19471.0,1919.485,8257.211,6000.8765,2583.3975,-1008.1918,0
90845.93,2,1,2,24.500595,0,2,2,0,0,0,51810.86,121016.27,82434.734,6044.039,38524.434,19135.666,1640.4178,1453.4039,7233.7593,-2689.3462,3158.3901,2766.1042,0
100024.62,1,1,1,30.117565,0,0,0,0,0,0,19412.834,120027.13,51683.324,10575.67,20958.98,9519.961,-480.7596,1287.3224,6679.8667,-2157.8545,2896.3389,5014.0635,1
102427.12,1,3,1,32.978424,0,0,0,2,0,0,50297.16,123568.4,83022.61,20158.143,69472.75,35452.87,-772.04474,1409.174,5959.0396,-939.398,2187.116,2317.1143,0
151453.8,2,2,1,45.9188,1,-2,-1,0,-2,0,-3195.1755,29913.232,24791.305,10089.133,-87.96814,3890.9844,-2211.2654,2104.9824,8003.602,-365.71246,1333.9755,6977.9683,1
125108.07,1,1,2,42.79574,2,2,2,0,0,0,68309.19,133604.39,105912.33,73656.45,90475.44,72231.94,-1615.9413,1807.9667,7839.0596,629.70013,3939.7097,1669.683,1
97980.82,2,1,2,25.105562,0,0,2,0,0,2,-15102.75,49842.13,23416.99,7005.172,34133.254,13746.023,2130.163,761.3158,6956.9434,-1997.4468,2404.2854,3868.1897,0
119025.72,2,3,2,34.33342,1,-2,-2,2,-1,0,-18473.828,14730.811,26824.854,4002.367,3695.7856,5748.2266,-3350.5134,2726.296,5820.6807,-2541.6064,1217.3119,3980.7769,0
107237.17,2,2,2,24.698587,0,0,0,0,0,0,-18252.828,14944.205,82064.88,18692.484,58455.504,32294.908,-210.36606,-529.51184,9323.128,269.789,1271.6215,3269.6536,0
114962.945,1,2,1,44.43998,0,0,0,2,2,2,64318.246,126556.77,103784.055,67739.62,98436.68,65654.12,909.3337,-612.1373,6602.6333,2633.302,1580.5197,2579.812,1
110347.44,2,1,2,33.00382,0,0,0,0,2,0,-8543.957,88228.57,55665.37,20862.428,52284.266,34109.676,-1355.7928,2152.76,13818.434,-3550.912,1002.4159,4209.2144,1
125219.39,2,1,2,45.30602,2,-2,-2,0,-1,0,-16558.04,4905.873,24875.861,4712.715,5647.0747,5811.1406,-3376.78,1932.3502,6538.3276,88.007034,886.1627,5102.292,0
107255.266,2,2,1,30.827389,0,0,2,2,2,0,-2934.238,119532.63,49069.74,6346.6445,55308.406,30900.74,2836.292,621.7201,8850.445,-3900.3496,274.04968,2451.2603,1
108097.9,1,1,2,28.262299,0,0,0,0,2,0,-19997.227,25190.615,30254.74,6621.926,15335.2705,12458.51,-3744.5515,2123.528,6537.551,-3904.1353,99.89516,4525.824,1
129120.53,2,1,1,43.89312,1,-2,-1,0,-1,0,-13056.156,18627.043,23619.707,8197.984,5775.8833,5285.297,-1826.5419,2353.4106,12206.709,2391.5898,2221.4597,6026.1914,0
138181.23,2,2,1,45.58406,2,-2,-1,0,-1,0,-8512.496,9343.049,25064.059,5709.9844,4699.9263,4619.207,-1722.0575,1783.8544,21706.896,-665.0328,1635.7277,5332.2056,0
106354.7,2,2,2,45.06111,0,0,0,0,-2,0,1792.6447,119869.81,55663.164,9546.555,3390.2388,4695.4336,-1614.9266,2561.5664,6129.8643,-2453.5396,-149.61607,6888.891,1
113405.56,1,2,2,45.499275,0,0,-2,0,0,0,5259.176,75134.234,33733.168,5695.117,12587.581,13331.186,-1999.5448,1919.451,14171.37,2609.8953,-123.17711,6042.0986,0
121802.98,2,1,2,43.426548,2,-2,-2,0,0,0,-26930.844,16621.504,29878.64,-746.99634,13528.06,10568.197,-1215.3573,2298.8804,20261.465,-5297.64,1737.1935,-1193.659,1
103183.68,1,2,2,34.991913,1,-2,0,2,2,0,57264.074,123873.13,95621.71,79013.96,108182.766,73711.8,17400.773,-2518.9866,15832.3545,4379.2944,2017.9508,2798.6226,1
130423.07,2,2,1,40.87308,2,-2,2,0,0,0,-25419.953,10855.295,17815.219,10357.355,56646.58,30798.86,-695.48956,2545.9824,25106.139,-2611.3018,2407.4292,450.73035,1
131728.06,1,3,1,43.75954,1,-2,-2,0,-1,0,-6088.965,13000.83,16795.39,13986.719,9469.944,3405.461,116.73795,1001.1256,8545.999,-363.7354,3851.3005,5066.447,1
119458.33,1,2,1,45.460384,2,-2,-1,0,-1,0,-13836.914,7790.2793,22089.059,7554.1094,11112.804,7965.4277,-1866.9403,2300.4158,6415.3,3990.867,1395.6659,2976.092,1
118910.52,1,2,2,37.725456,0,0,0,0,0,0,-27469.89,19698.17,34822.91,1037.8162,8619.761,10421.215,-4073.2341,2058.7207,5446.097,-3569.0107,2037.1178,5052.423,1
117672.805,2,1,2,25.404552,2,-2,-2,2,-2,0,-19690.719,10487.049,20731.395,2848.3318,13411.987,7631.283,-3202.488,3460.7285,5110.863,-5373.141,1880.7828,3588.8018,0
130644.61,1,2,1,45.12451,1,-2,-2,2,-2,0,-24147.07,20888.754,33612.047,-894.2307,929.2272,9537.961,-4105.9326,3312.0222,4707.1963,-4199.5513,1963.6837,6274.2095,1
121234.85,1,1,1,45.568256,0,0,0,0,0,0,138617.38,142928.05,123601.164,126347.0,104575.13,91626.9,-2036.3246,508.72253,10253.449,3535.1367,3692.8616,1965.1097,1
125972.96,1,2,2,40.46449,0,0,0,0,0,2,76783.5,124931.11,105372.81,78951.83,95693.39,40783.684,1706.7194,-678.44543,9901.066,4238.797,2644.7107,3655.4954,1
87342.23,2,2,1,39.36834,0,-2,-2,2,2,0,3933.9456,87923.86,25470.697,15331.816,41279.13,22796.398,4565.5454,745.44617,10770.153,2024.3806,2657.29,5936.3784,1
94261.18,2,2,1,25.72632,0,0,0,0,0,2,-4250.3633,74953.516,31420.781,10596.234,41491.5,17295.719,2486.841,567.71765,7579.292,1980.1155,2667.5557,4299.6235,0
133650.89,2,2,2,31.23733,0,-2,-2,0,0,0,-21085.281,7051.1113,20036.914,5355.3555,22671.234,63289.066,3157.0623,17.108755,12671.609,-2099.3608,48015.48,28.600208,1
114442.02,2,1,2,24.53794,2,0,0,0,0,0,109584.445,144732.16,115734.46,90770.48,95668.36,72052.25,-1702.4442,1462.0204,7616.6655,-42.077198,2330.7178,1914.2125,1
144506.86,2,2,1,45.66734,0,0,0,0,0,2,22258.91,119744.47,80751.68,11224.8125,29295.705,17186.87,439.79312,1700.0638,7636.972,7340.2812,903.254,501.7013,0
109902.625,2,2,2,32.63607,0,2,-1,2,-1,0,-33636.055,17736.469,19240.49,-2189.9924,8753.44,8119.547,-1826.7089,2224.5168,5577.022,-4321.307,-529.2108,4854.0327,1
113985.34,2,2,1,44.529823,0,0,0,2,0,0,53276.043,127682.92,102634.27,46630.48,62248.95,31012.238,-2990.0017,1873.1493,5714.795,-1032.9902,-325.71423,4451.6885,1
90851.41,1,3,1,42.979744,0,0,2,0,0,2,5418.8594,98420.1,34718.93,11787.834,19587.512,6757.5566,4296.7036,850.14197,7405.7104,-845.9893,3783.8298,4183.8228,0
121350.89,1,2,2,45.181286,1,2,-2,0,0,0,-24667.016,9056.521,35191.945,31.9607,6568.0396,8900.773,-4452.99,3109.9846,5297.637,-3624.4854,-286.06384,4061.0115,1
111742.234,1,2,1,45.416683,0,0,0,0,0,0,5422.492,123856.11,73581.94,4583.9297,10465.829,11368.705,-1933.2831,1917.2225,8403.412,-1765.0063,6107.251,2547.3154,0
106846.51,1,1,1,45.785675,0,0,0,0,0,2,118482.72,138865.64,118329.83,118699.99,109233.14,84314.22,1219.4794,-1100.0148,10929.514,4584.958,2964.0334,2324.4946,0
150604.53,2,2,1,39.809307,0,0,0,0,0,0,190994.97,202034.05,121535.32,77523.73,95199.164,81141.27,1991.973,-813.5089,17586.441,2855.205,3392.668,-22490.027,0
103962.84,2,2,1,45.316772,1,-2,-2,0,-1,0,-22164.11,519.62286,29219.643,5892.117,6448.559,7646.7383,-2485.9324,2071.8372,8118.783,1042.468,2365.317,3658.8884,1
144278.88,1,1,2,24.728031,2,0,0,2,-2,0,-15897.227,27127.584,32017.14,359.07397,3798.7114,7458.58,-5039.4873,4773.73,4588.816,-5153.5503,330.48303,5425.3857,1
146351.03,2,1,1,31.156605,0,0,0,0,0,0,174869.5,169207.61,130010.28,150536.83,76003.37,46508.72,-307.91635,105.74401,12788.552,1999.7671,3293.0613,7591.7905,0
116152.39,1,2,2,45.484238,0,0,0,0,0,0,8598.262,124834.89,71421.12,9402.887,53246.945,31977.094,-3063.9338,1305.8873,7349.17,32.17329,-86.60045,5599.1973,0
106165.414,2,2,2,35.772224,1,-2,-2,0,-1,0,-22642.117,-3017.549,21532.41,7078.84,9848.511,5267.125,-1104.0497,1047.0995,6921.332,-2355.8374,969.8478,5124.201,1
115601.875,1,2,2,34.907215,1,-2,2,0,0,0,-31930.828,4709.99,17552.068,-392.01978,18741.645,11178.877,-2281.5164,1876.9755,10134.118,-2556.0962,1260.7179,3811.233,0
113418.11,2,2,2,45.555393,0,0,0,0,0,0,6798.91,124958.49,78004.9,15873.258,45251.16,28330.383,-3275.6501,2206.746,7396.075,51.40913,-965.0414,5590.7363,0
104327.75,2,1,2,24.465117,0,0,0,0,0,0,-20161.578,19288.033,32047.627,5774.5977,15959.302,11301.801,-2978.0574,2239.0698,6596.0957,-3295.6396,822.21936,4521.7637,1
106817.28,2,2,2,25.277582,0,0,0,0,0,0,-16566.734,62319.367,30021.994,5414.0156,17532.625,9193.158,-889.96075,1562.3644,14864.415,-3343.8447,362.91833,4160.1787,0
127614.67,2,2,1,45.473335,2,0,0,0,2,0,33183.184,127919.19,99854.41,66578.484,72061.07,56668.664,-2827.1086,3239.2468,12756.977,-3390.4292,350.00574,4219.4863,1
114361.914,2,1,1,32.50656,2,-2,-1,0,-1,0,-12550.156,28177.371,19160.709,8298.496,8033.854,6492.869,46.80973,3125.424,8570.286,2957.2922,2882.721,908.6256,1
132511.39,2,1,2,24.731998,1,2,0,0,2,0,-16371.852,54369.832,32233.654,4248.668,14198.702,8936.949,-4108.001,3402.3232,7156.0596,-4476.7124,961.64954,3367.814,0
109737.6,1,3,2,24.832273,1,-2,2,0,2,0,-27956.32,6725.881,14158.022,2956.41,27192.406,9269.617,288.07242,1805.2369,5686.901,-4266.434,1356.1525,1533.3492,1
108245.625,2,2,2,39.3211,0,0,0,0,-1,0,-2518.988,108359.445,39006.887,5980.4844,19511.23,69718.69,6568.279,-571.9337,9081.55,-2322.4424,49290.78,-107.82216,0
103484.37,2,2,1,26.286922,0,0,0,0,0,0,25812.768,119296.914,73245.72,22227.63,63403.797,35454.71,743.5407,1229.5236,8207.028,104.06026,1633.2709,3381.7964,1
146926.55,2,3,1,41.041622,0,-2,-2,2,-2,0,-6867.4023,41127.387,36183.332,6026.168,-279.7025,5381.8125,-2283.6726,4496.722,6577.1123,-1300.5889,3805.1572,-20285.87,0
137073.72,1,1,1,46.001625,0,0,0,0,0,2,69807.1,122067.93,99153.29,61099.156,83669.305,47324.637,420.46158,-131.15688,9862.1,4330.873,3296.5215,3861.275,0
109152.04,1,2,2,26.60694,1,-2,2,2,0,0,-2221.2224,108571.82,37460.215,-1246.7307,62742.492,40208.996,1090.6454,-523.6476,6318.7026,1036.6995,12538.954,1231.539,0
137762.02,1,1,1,45.36524,2,-2,-2,0,0,0,-15339.227,10137.666,27069.268,3675.2693,7113.989,6612.5195,-3366.0496,2378.8672,10501.456,-3344.8086,2495.2551,4030.1758,0
105706.01,1,1,2,24.56811,0,0,0,0,-1,0,-19962.578,31231.512,34991.715,4196.457,5893.813,6488.6914,-1901.2377,2548.0547,5910.8545,-2510.2812,792.37854,-2510.6128,0
89198.99,1,2,1,34.89612,1,-2,2,0,0,0,17448.328,118091.836,39158.414,8515.309,63103.79,30034.406,4171.832,957.954,8333.298,-1131.0835,2592.4336,-872.8436,1
150393.89,1,1,1,32.674046,2,-2,-1,2,-2,0,-1329.7968,37903.582,16991.623,8770.453,2881.4302,4581.301,-2199.3157,2430.9683,6623.148,-2477.5464,2138.8264,6077.894,0
112346.4,1,1,2,32.792793,2,-2,-2,0,0,0,-28679.062,24098.115,9782.022,1076.9998,23079.104,8931.223,5900.325,880.87634,7145.0996,-1006.59283,1152.7086,2823.9138,0
153748.62,2,1,1,45.750195,0,-2,-2,2,-2,0,5824.7695,38238.35,31311.04,6070.8438,16489.422,5603.6836,-3296.5837,3109.0962,11328.6,9414.837,2505.2651,2182.306,0
106447.25,1,2,2,29.241276,0,0,0,2,-2,0,-26405.562,10656.623,28561.863,925.4646,5620.4966,7306.5215,-4231.747,3290.4915,5107.104,-4556.138,-796.50525,5573.9937,1
116130.484,2,3,2,45.616226,1,-2,-1,0,-1,0,-12456.34,25739.623,22896.186,6164.16,6775.067,5749.617,-402.4432,2197.513,11492.814,-2279.8193,2754.0417,5373.319,1
143741.69,1,2,1,44.571636,0,0,0,0,-1,0,189918.11,158922.17,138348.75,45861.54,79084.35,3094.789,-2667.3777,-14581.487,25068.523,25876.33,-327.07263,-35332.367,0
143152.7,2,1,2,45.245373,2,-2,-2,0,0,0,-8656.82,31469.402,79485.02,624.7029,12192.757,24177.912,-98.81771,35.718132,19225.52,-3105.5415,24539.98,6916.849,0
118016.95,1,1,2,38.332207,0,0,0,2,0,0,15890.785,125082.766,96951.95,12138.793,68795.88,45653.37,-2778.8162,1154.5646,5772.7197,502.7575,2765.709,-190.03017,0
100730.24,2,2,2,25.09969,0,0,0,0,-2,0,-315.50766,91139.74,26846.684,9561.492,10759.087,5169.8086,-774.6497,2185.2175,6202.549,-3130.9106,1102.0487,5463.0103,0
107341.65,1,2,2,43.772934,0,2,2,0,0,0,52391.26,127894.37,98836.086,4223.6406,47680.34,27393.346,1409.0231,1583.2699,7933.4756,-1424.4463,1548.5795,3351.1306,1
97919.39,1,1,2,27.795511,1,-2,-2,0,-1,0,-20384.312,8524.615,18449.688,5308.914,11500.466,5966.535,-1033.7968,1379.2294,6231.785,-2518.734,2063.053,4679.908,0
108441.38,2,2,1,45.742935,0,0,0,0,0,2,51294.848,123869.484,92783.516,38449.855,78157.85,48112.316,-304.23862,324.1449,8439.329,3660.3018,1640.8209,4668.3794,0
108228.61,2,2,1,44.936626,-2,-2,-2,2,-2,0,-26121.922,5657.865,31775.365,1182.574,4852.8794,7226.715,-4782.302,3793.9968,6206.4917,-2630.0806,-1037.2255,1214.1974,1
116372.305,1,1,2,39.22868,-2,-2,-2,2,-1,0,24598.424,131529.0,67638.54,4094.863,9925.308,6494.633,37224.8,-446.01575,7373.0024,-1504.6465,4624.28,-6389.714,0
122677.375,1,1,2,41.992554,0,0,0,0,0,0,127449.41,150958.28,125514.69,63883.93,83387.875,57576.07,7208.1357,-44.066536,7404.104,2390.96,9442.173,2554.5981,0
116229.69,1,1,2,37.450783,-2,-2,-2,0,0,0,-22555.867,723.7713,18373.373,5781.008,14106.405,6480.0547,-1842.0751,1024.2689,6596.301,-3628.981,2243.143,3830.3645,1
110733.32,2,2,2,25.06888,0,0,0,0,-1,0,50410.9,121651.6,47438.08,9002.508,11118.286,4390.7734,1906.3973,272.18054,9229.682,-859.9229,1809.1156,5907.9033,0
109108.625,1,1,1,41.745525,0,0,0,0,0,0,-9253.242,23103.967,36909.332,5001.5,3906.3442,8934.838,-4221.09,3073.7793,5424.239,-3065.7417,1340.1849,6357.783,0
106281.57,1,3,1,45.541645,0,0,0,0,0,0,2684.5159,102305.17,53862.785,8516.176,40231.258,23955.918,-2224.1042,2355.2307,6953.9033,-368.70905,1662.1029,4514.486,1
126794.11,2,2,1,44.16108,2,2,-1,0,2,0,-28116.86,2209.154,27864.176,558.9646,8371.007,8093.373,-4542.9463,3276.5583,5758.444,-4651.939,-709.3231,4892.6797,1
142722.34,2,1,1,26.73424,1,-2,-2,2,-2,0,-6899.9688,22905.643,23092.72,9794.602,6368.973,5072.1445,-2736.5007,2934.7957,6179.5386,-2465.3389,2382.5854,3406.645,1
101877.305,2,2,2,31.33684,0,0,2,0,0,2,83425.95,128961.38,109438.41,90468.234,107460.45,70839.02,7599.872,-1706.9191,9965.155,3911.2249,2994.2937,1846.1373,1
127527.81,2,2,2,32.511505,2,-2,-1,0,0,0,-21009.094,3516.7166,24396.854,4269.461,10021.966,6631.623,-2095.8474,2220.8086,6155.128,-2366.9585,924.7655,5394.1265,0
119467.81,1,1,1,42.397125,2,-2,-1,0,-1,0,-9407.336,11438.139,14730.567,10486.369,10229.688,4456.293,-977.4261,2020.0568,11544.965,-2205.1929,3087.0566,4850.4683,0
143045.12,1,1,1,45.33756,0,-2,-1,0,0,0,-10716.082,23783.223,97249.86,39420.23,59731.01,5235.2617,-2993.5251,438.70496,6097.3755,-329.34235,1072.9703,-25624.12,0
148866.55,2,1,2,45.140575,0,0,-1,0,0,0,165621.53,179079.64,136713.44,199516.08,114620.12,114844.64,11220.804,-1705.0836,14076.358,4048.821,5445.8574,-214.10439,1
122389.23,2,2,1,30.420603,1,2,0,0,0,2,34715.246,118030.61,68456.59,21712.475,51535.246,23685.979,1119.7836,1652.6554,7980.131,986.1845,2631.5518,835.8197,0
99225.805,1,3,1,44.889706,0,-2,-1,2,-1,2,-12562.137,32763.809,12668.8545,7519.8438,28012.684,13376.865,2130.2686,-397.88977,7203.806,-4344.4185,3533.2302,2141.9878,1
114603.99,1,3,2,44.91006,0,0,2,2,2,2,10203.551,119135.46,50068.53,6931.0703,62055.758,31915.906,1019.00653,-206.03432,9402.536,-1506.56,2053.0583,2222.8772,0
109878.81,2,1,2,24.17274,2,0,0,0,0,0,19071.086,121115.38,78786.91,20948.553,24767.818,21797.291,-960.50714,2214.4883,6538.0386,-4053.726,14633.822,3306.7043,0
104122.77,1,2,1,44.74025,0,0,0,0,0,0,-4812.1953,178330.6,103340.05,173235.77,115511.58,105930.26,39041.48,-4031.1243,12445.282,3846.9417,12081.391,-9159.486,0
109574.76,1,3,2,44.868713,0,0,0,0,0,0,22454.291,134739.4,64012.17,6748.5625,20971.49,14148.428,-2051.6545,1366.7733,10867.576,-1629.3032,1539.8766,3843.278,0
124860.31,1,2,1,45.36751,2,2,-1,0,-1,0,-17242.719,2435.9236,25424.504,6382.199,7250.485,5616.965,-3388.5388,2075.9856,6209.919,-1189.0518,555.5448,5609.93,1
149658.03,2,2,1,45.864,0,-2,-1,0,-1,0,-2600.0193,27932.941,32937.832,9140.453,898.5123,3501.1172,-1404.0546,2586.7998,8027.2446,5540.123,267.69006,5403.499,0
100562.086,1,3,2,45.39564,0,0,0,0,2,2,41486.438,123960.516,74266.484,30522.125,64927.703,30705.484,570.9904,-59.98255,9628.336,604.082,2715.1316,3750.5146,0
149851.9,1,1,1,45.409794,0,-2,-1,0,-1,0,-10284.879,53841.484,23058.482,2958.8943,2039.3912,7422.5664,-1447.9677,1627.278,8185.991,3079.6943,6505.617,4560.4355,0
102648.34,1,3,2,24.627544,0,0,0,2,-2,0,-16817.57,49141.117,23969.512,2974.3943,11267.019,7073.125,-3623.944,3143.6406,5089.8535,-4503.275,1647.2906,4300.6606,1
115599.76,1,3,1,45.126858,2,-2,-2,0,0,0,-22650.54,2772.369,25964.4,2267.2654,11415.345,7893.336,-3506.0017,2055.4417,5918.304,-3979.4658,1269.5563,4215.809,0
146798.9,2,2,1,44.538265,-2,-2,-2,2,-2,0,-8190.7383,23783.752,24185.88,8263.066,639.90295,3319.0352,-2734.7605,2917.4912,6558.171,-559.7032,570.4059,6466.8887,1
104205.14,1,1,2,43.388416,0,0,0,0,-1,0,26306.543,70519.13,80090.68,10729.479,46254.85,27364.87,-2371.5725,1366.5809,9037.227,18802.492,1941.8322,5676.5625,0
135839.03,1,1,1,41.486057,0,0,0,0,0,0,150777.9,167499.23,126340.69,118118.35,107634.66,105014.5,-3317.9324,182.2982,8015.2095,7823.1553,32730.629,-28632.977,1
116305.73,2,1,2,45.161102,0,0,0,0,2,0,-17626.586,57802.242,47751.797,3995.9646,14599.044,18664.393,-4885.7715,3373.6238,6794.3394,-4023.6904,-1567.8339,5540.0234,0
137880.98,2,1,2,31.453903,1,-2,-2,2,-2,0,-15527.25,21559.611,26471.59,2060.367,2081.3716,6815.295,-4621.1055,4299.035,5117.231,-4789.0503,1145.4169,5611.691,1
99707.63,1,2,2,24.561722,0,0,2,0,0,0,28095.402,120351.83,65795.36,12198.59,72018.336,38344.895,4291.8975,-472.99426,8074.6973,-1347.7852,2388.5728,2142.9607,0
104666.0,2,3,2,24.853573,2,0,0,0,0,0,50794.703,124768.43,88025.96,45054.086,74882.445,48235.465,-1566.2157,2570.7273,6986.537,-270.2022,2626.1375,1748.5834,1
154425.84,2,1,1,37.197693,0,0,0,0,0,0,199223.44,209668.72,146560.98,272997.28,134744.64,128176.17,8971.076,-3871.2473,19331.025,5616.582,11122.046,-14850.532,0
140795.38,1,2,2,29.438229,0,0,0,0,0,0,177907.4,179703.42,133383.78,198708.27,114230.24,112663.336,-1080.2548,-2586.0842,12761.01,4021.7483,3513.9526,1726.5577,0
117179.34,2,1,1,43.38225,2,-2,-1,0,-1,0,-9810.773,19531.516,19187.914,9593.66,5607.403,4715.4375,-1047.5253,2617.0627,6332.4634,-519.419,1975.2721,5420.815,0
135969.64,2,2,2,45.88182,2,-2,-1,0,-1,0,-3788.2146,2332.1462,114247.39,9866.645,10864.81,3382.3633,-401.95688,-3983.426,24586.244,4310.978,4129.0527,6412.463,0
97118.18,2,3,2,33.60464,2,2,0,0,0,0,55438.742,123840.82,80866.03,8185.957,34230.16,18609.85,-2296.6692,2421.2605,6649.1206,-2430.024,2366.545,2494.731,0
97131.97,1,3,2,25.436588,0,0,0,0,-2,0,-13981.902,22964.2,22501.49,7114.5977,12919.757,5379.5938,-1595.9545,2665.7615,5953.5825,-3469.005,2239.4534,4287.792,1
103946.086,2,1,2,24.469067,0,2,2,2,0,0,-33483.71,28703.342,20110.152,-3581.676,24091.73,14803.037,-3030.9246,2543.8872,5242.3022,-5018.7466,329.39,1995.878,1
99937.445,2,3,1,43.70141,1,-2,-2,2,-2,0,-21452.664,12478.986,27425.576,2916.953,6391.235,6471.707,-4365.6387,3903.4663,5017.2354,-4242.39,1002.8854,4404.5225,0
120476.11,2,2,1,33.499123,0,0,0,0,-1,0,6864.539,112570.01,62405.855,12990.189,4476.2466,6563.8047,-925.9017,2362.3281,7422.092,4667.579,2482.6313,-7382.8105,1
110846.305,2,1,1,32.03374,0,0,-1,2,0,0,-27067.82,50099.72,34184.39,-1233.2268,22516.703,16026.182,-3101.531,2674.4832,5214.134,-4268.596,-120.948105,4179.1753,1
145812.23,2,2,1,45.591347,2,-2,-1,0,-1,0,-9980.711,64066.61,20733.803,7992.961,2721.5903,3589.4805,14317.728,828.6117,12929.233,179.18282,1959.3497,5794.777,1
110166.05,2,2,1,44.88042,2,-2,-2,0,-1,0,-26353.148,25251.459,28508.812,691.3357,4148.43,10969.406,-1235.1381,3077.9895,5194.409,-2131.4834,3702.577,-22451.918,1
139038.4,2,1,1,43.437885,-2,-2,-2,0,-1,0,-611.8202,36391.516,14274.806,14973.859,46580.09,23855.955,1073.7108,-543.36096,9106.918,22028.7,4205.572,4081.9578,0
111637.45,2,2,2,45.043095,2,2,-1,0,0,0,50680.65,134998.53,114023.58,-1212.301,42439.957,28664.547,-1898.1674,2929.8872,5958.38,1495.3,9033.807,1992.6688,1
127252.82,2,3,1,41.84134,-2,-2,-2,2,-2,0,-10667.297,30117.623,24260.639,6829.1016,8719.142,5911.543,-325.43588,4290.8745,11892.137,-164.01811,2790.6636,3255.8442,0
154158.72,1,1,1,45.15012,0,0,0,0,0,0,148701.97,165573.45,136189.89,94764.72,81146.17,39717.64,-4228.664,3706.9946,5303.1396,-2062.6118,-3377.0515,-34521.465,0
143980.44,1,1,1,45.74727,2,-2,-1,0,-1,0,12575.492,41168.77,17958.094,7414.4727,39815.656,5058.176,4381.3613,1570.4347,23791.594,20737.97,3279.4124,6010.91,0
103508.22,2,2,2,24.223791,1,2,0,0,0,0,12126.27,123901.75,37977.477,5394.3164,28934.035,14824.727,-2419.261,1895.401,6736.0693,957.9323,1173.444,3415.2195,0
129898.44,2,2,1,45.645203,2,-2,-2,0,-1,0,-11546.051,5102.4316,16788.246,11222.861,54771.19,27642.916,-1321.3793,987.34485,6787.1626,25613.459,2937.3909,4160.697,0
131098.05,2,3,1,28.871233,2,-2,-2,0,0,0,-16736.016,12519.623,14659.312,17458.979,27085.78,20094.016,2840.0422,1768.5189,24455.602,-4834.028,15256.967,-2127.8223,0
108460.88,1,2,1,44.172596,0,0,0,0,0,0,45776.69,126721.414,103071.73,6874.6016,12504.7,4926.965,-1059.4257,1557.7506,7059.8525,668.0522,709.0851,6952.997,0
112105.055,1,2,1,44.600204,0,0,0,0,0,0,85368.37,135100.66,123317.89,57373.543,57477.773,41448.918,-677.7088,1115.0192,7072.1504,-1374.6572,37413.367,2064.7231,1
146193.1,2,1,2,44.726395,-2,-2,-2,0,0,0,-14502.445,9897.693,27051.646,4470.4766,3525.5396,4526.715,-2770.9333,1203.3868,8615.866,-2175.0684,859.7157,6375.8315,1
148517.25,1,2,1,43.48611,0,0,0,0,0,0,192766.34,205739.58,142677.36,245598.7,132313.72,134647.98,1319.9694,-3588.4368,17262.309,4276.4307,12985.129,-8052.076,1
96296.35,2,2,2,25.567204,1,3,0,2,-1,2,-16681.047,14116.158,3475.5144,5398.2617,44545.96,12508.674,3310.0657,-840.4601,7410.435,-4457.15,2745.6997,11.184681,1
118262.82,1,3,2,38.401073,0,0,0,0,0,0,141309.08,143759.92,117005.15,21086.957,37690.215,18011.36,-155.79623,759.21716,7760.7573,-1033.8203,2362.429,5805.155,0
135443.81,2,1,1,41.98728,2,-2,-1,0,-1,0,-13278.727,17804.572,18602.709,7753.5156,8756.177,5515.711,-1356.8422,2387.1597,6397.167,-1001.0455,2702.67,4773.775,0
95882.99,2,3,2,24.632175,0,0,0,0,0,0,2614.5237,120026.59,64876.48,7744.883,40464.062,18866.24,11604.949,769.2396,7277.587,1700.0642,3445.8596,834.25037,0
122775.07,2,2,2,25.24611,2,0,0,0,2,0,91259.36,138019.72,113700.59,114593.75,99935.89,84313.77,-1569.2694,1588.8397,10879.16,-1335.6685,1156.621,1455.5096,1
111320.44,1,3,1,45.493214,0,0,0,0,0,0,-15600.328,36558.727,38610.65,3984.5818,10285.261,11484.957,-3999.6003,3203.419,5677.659,-1425.7607,69.84096,6046.8325,0
137987.02,1,3,1,45.418064,2,-2,-1,0,0,0,-12812.184,8697.951,25706.643,4069.281,5630.594,5581.578,-3306.3806,1966.8951,6308.0806,-2748.6172,1894.9122,5088.235,0
141062.67,1,1,2,37.682934,0,0,-2,0,0,0,-1390.0624,115028.55,26380.219,8603.406,808.7545,5142.59,11593.799,188.8065,6480.939,-1745.6943,2719.5127,5519.534,0
101489.695,1,2,1,25.384228,0,0,-2,2,-2,0,-21053.719,3246.3416,25135.93,6900.5156,10803.878,5157.172,-2660.2556,2822.9756,5651.4624,-3766.1855,763.9252,5098.1807,1
149023.7,2,1,1,43.034016,2,-2,-1,0,-1,0,-7586.6523,46818.57,20794.314,9148.047,1030.1725,20841.428,2683.6648,546.8646,9357.393,225.467,25311.566,6727.7803,1
103110.06,1,2,2,35.114582,0,0,0,0,0,0,12740.816,120167.21,61508.812,9113.406,11396.743,5267.746,1040.6198,1069.6559,8185.5205,-2638.1226,1362.7142,5299.441,0
115219.67,2,3,2,45.434402,2,0,0,0,0,0,69644.65,135492.4,110973.51,77646.53,22122.11,16493.965,-3582.034,3542.6008,6226.4434,-1846.2642,252.02455,6153.1396,0
128655.44,2,2,2,36.3622,-2,-2,-2,2,-2,0,-16189.109,16905.57,24987.236,4797.867,3676.7622,5494.082,-3346.7449,4225.14,5598.987,-3495.5195,500.78674,5743.722,0
127801.836,1,1,2,39.81712,-2,-2,-2,2,-1,0,-19225.188,15749.162,23654.516,4598.504,5245.3403,8199.922,-2022.2474,1618.3978,6551.3237,-1518.8721,5267.8325,4545.625,0
121722.2,1,2,1,40.726254,-2,-2,-1,0,-1,0,-15134.953,-4354.1855,117012.54,10066.191,14581.538,8779.334,-810.3997,-3698.177,19608.238,7381.41,13194.591,-19435.324,1
99569.72,2,2,1,33.46733,0,0,-2,0,-1,0,-9127.227,10121.428,23875.729,11750.596,2899.645,4523.2656,-1257.5839,2150.6904,6832.7725,1034.7405,1493.5875,6355.212,1
123140.914,1,2,2,40.68879,0,0,-1,2,2,0,-27085.578,65376.336,34092.145,-706.3401,30184.053,20483.168,-2428.612,1535.6744,6513.3623,-4670.719,-1831.9388,3575.7134,1
93862.59,1,3,2,37.120426,0,2,0,0,0,2,-2282.152,72576.41,22835.695,7572.7617,30876.291,15162.383,-171.73325,1773.787,6793.7246,-905.44196,2967.7097,3051.4006,1
112667.14,2,2,1,45.527702,0,0,-1,0,0,0,8239.836,121488.73,74870.09,14046.801,44170.73,6196.2676,-28.523766,2231.4705,7426.0396,-2197.4673,609.45984,6793.5957,0
100443.98,2,2,2,26.761387,0,0,-2,0,-1,0,135875.08,143323.95,11223.362,13763.898,102989.22,63019.44,1925.0629,-3345.511,8646.417,35560.703,3734.53,2103.1025,1
140393.06,1,3,1,44.113167,2,-2,-2,2,-2,0,-11321.832,21379.402,22023.36,4376.5156,5032.723,4973.121,-3666.0027,3495.111,5319.1284,-3427.54,2210.9968,5248.6543,0
147491.83,1,3,1,45.88556,0,0,0,0,0,0,2642.0862,108560.46,64271.227,14742.695,30367.521,17245.0,-2512.536,3311.264,10337.644,2191.9385,898.4054,-278.93787,0
109885.016,1,2,2,27.014158,0,0,0,0,0,0,-26602.812,5898.6113,29250.387,4112.297,12821.071,12745.453,-3266.5007,1631.9447,6820.1025,-1184.2275,4053.544,4511.653,0
124248.984,2,1,1,45.326157,2,-2,-2,0,-2,0,-14474.816,12465.061,25953.604,3606.0115,6172.9106,7927.252,-2988.8333,3029.9067,5730.6846,-2236.7505,4933.2256,5139.7856,1
117252.19,2,2,2,26.82743,2,-2,-1,0,-1,0,-20359.586,788.79083,17556.395,6344.711,15193.28,6199.004,-392.3597,1597.9071,7776.211,443.63055,1942.4811,4535.5903,0
133392.27,2,1,2,38.236732,2,0,0,0,0,0,-20727.172,84701.11,63610.188,3709.66,39032.76,34603.324,-4468.9385,4444.738,7513.8184,-1687.042,2012.9152,-22675.68,0
139379.69,2,1,1,43.226166,1,2,2,2,0,0,18823.777,123575.46,81296.555,17455.12,65360.805,44306.387,-3368.3289,2843.9644,5195.6914,-1675.5483,2437.958,1154.8905,0
140318.72,2,2,2,45.790516,0,0,0,0,0,0,159933.2,164446.16,128601.16,173880.75,2000.524,1558.8322,40750.05,-4855.6445,7477.135,98.09932,1927.9572,8903.564,0
104690.92,2,2,2,26.064009,1,-2,-2,2,-2,0,-24963.812,12026.357,26200.004,87.19898,9128.997,8169.758,-4192.198,3868.421,4944.954,-5357.4146,289.35437,4613.85,1
111445.375,2,1,1,35.23412,-2,-2,-2,0,-1,0,-19170.234,3784.9705,16008.599,7873.918,19813.803,6855.418,2478.3276,1748.7191,24425.402,2515.3186,3308.9382,-10944.371,0
105410.4,2,1,2,28.963114,2,-2,2,0,0,0,-29800.031,6620.3027,18340.768,-1052.6956,15500.97,9380.891,-1483.4022,2289.268,5240.5435,-5473.61,951.95593,3634.4275,1
107618.77,2,2,1,43.555916,0,0,-1,0,0,0,-18962.43,69709.65,39749.465,3289.199,22612.793,16125.996,-1194.8905,2979.374,6417.8906,-2056.0762,-156.74303,5693.91,1
142665.31,2,1,1,37.76251,2,-2,-1,0,0,0,-12776.934,21502.535,26541.37,5839.5273,13851.472,6337.0176,-1988.4164,3868.676,17884.984,3421.5613,1683.3544,1288.1605,1
129506.63,2,2,2,43.27285,2,-2,-1,0,-2,0,-16808.438,14469.572,20205.363,5113.6836,7965.567,5773.0547,-1131.9745,2870.0354,5940.7334,-3868.9185,1567.9794,5069.204,1
115142.07,2,1,2,27.875027,1,2,0,0,0,0,71860.57,129395.73,101972.32,73121.87,90534.58,66848.37,-3294.0857,1702.6027,8057.73,146.4084,2812.242,1273.1964,1
91652.414,1,2,2,25.521849,-2,-2,-2,2,-2,0,-27530.273,-4421.4434,12706.683,3707.9998,18039.006,5588.0156,-1112.9945,1896.2477,5538.2983,-4343.2505,1123.4015,2977.2185,1
112150.945,2,2,2,24.294817,0,0,0,0,0,0,-22067.086,44890.168,34031.613,5133.457,11814.917,7477.004,-2618.6248,2070.4114,6384.4224,-2133.02,-261.17078,5098.6646,0
145047.89,2,2,2,34.96639,0,0,0,0,0,0,-6197.2383,75127.75,43042.85,6911.617,-666.9877,3972.5078,-2396.4329,2956.8838,6932.9077,-922.6021,-517.1127,7855.7983,0
112368.02,2,3,3,45.744026,0,0,0,0,0,0,13627.684,123765.805,81935.08,23459.1,14500.202,13653.543,-3429.8386,2818.175,6695.155,-1281.1626,943.6759,5842.5244,1
141021.75,2,1,1,43.252182,0,0,0,0,0,0,158704.31,167616.98,131375.44,151705.03,103653.83,101300.44,-3886.3328,1414.4747,12505.297,2221.9722,1448.8453,-26128.387,0
131529.12,1,1,2,43.667477,2,2,0,0,0,0,149340.27,164081.23,126080.38,153960.69,107267.22,103627.1,-4916.96,999.8998,10536.774,1887.1006,3539.7688,103.463974,0
113853.54,2,2,1,41.750065,0,0,0,0,0,0,98938.62,137614.11,121958.29,115740.61,99353.055,84879.266,-1590.1776,1647.7577,10729.827,2323.9915,992.7352,-9529.288,0
86506.1,1,3,1,40.9226,2,-2,-1,0,-1,0,-18061.898,5514.416,14232.991,7750.957,13826.562,4869.328,-184.1517,1830.911,7861.2856,-2454.6538,2950.327,3720.5552,1
88936.55,1,1,2,28.237467,1,-2,-2,0,0,0,-25037.352,-662.7873,15594.397,6194.543,27220.826,7796.291,-1726.3846,956.6605,12447.539,-4120.3745,2206.0732,2370.7002,0
128805.39,2,2,3,45.633644,0,0,0,0,0,0,118903.82,145540.19,127147.09,137452.28,103161.15,96732.766,-3810.367,904.61414,9485.907,1712.0454,446.95862,3435.9548,0
139763.86,2,1,2,32.791897,1,-2,-2,0,0,0,-16190.031,12126.564,26447.654,5153.6406,6481.309,7197.0312,-3398.0544,2075.9128,6161.2505,-3657.2612,2295.03,5120.025,1
119207.76,1,2,2,43.039486,1,2,2,0,0,0,74032.87,136045.77,111439.91,69999.88,94089.69,69202.11,-488.59604,849.66345,9371.212,42.59956,1912.9191,1709.4344,1
148141.72,1,1,1,45.37183,2,-2,-2,0,0,0,-12558.797,24237.264,28060.098,2254.988,4357.0786,7181.883,-3041.9836,2510.3853,15975.101,-3165.581,3341.52,1022.109,0
108775.51,2,3,1,44.422638,2,2,0,0,0,0,-19235.578,48614.527,36328.83,1090.5232,14644.308,15099.695,-5002.2275,5449.9424,5726.755,-2740.9673,1006.23303,1507.2267,1
111420.78,2,3,1,45.310993,2,2,2,0,0,2,14600.215,116834.78,52353.0,16443.98,57971.477,30782.559,1861.6085,2472.7678,7752.1074,1354.0469,3966.2507,3313.5872,1
89741.43,2,3,2,27.713423,1,-2,-1,2,0,0,68644.83,122664.664,83649.52,8238.1875,65864.44,33116.137,1348.2206,-221.87563,6345.8096,-2840.501,3788.5405,684.9276,1
111214.96,2,2,2,43.538555,1,-2,2,0,0,0,-26694.32,21689.287,25858.854,592.6677,20444.95,11445.459,-1299.3334,2467.7017,5845.1704,-3826.4932,259.30823,3048.9563,1
141754.39,1,1,1,45.23226,0,0,-1,0,-1,0,68336.2,130415.4,32307.553,5950.422,1853.7155,5360.414,12435.347,441.85242,15236.393,2739.5867,3885.8914,4876.1426,0
112192.1,1,3,2,44.20312,-2,-2,-2,2,-2,0,-21416.898,21518.521,24091.406,-627.4026,5150.2036,4578.6406,-2754.3118,3990.2224,5067.1743,-4311.2896,848.11096,-1558.4022,0
156822.08,2,1,1,45.657394,1,-2,-2,2,-1,0,-857.54675,43696.82,33561.883,3570.6677,-7693.0776,5270.0,-4136.926,2489.9678,7176.6064,2755.7869,719.8439,4623.2646,0
120079.46,1,1,1,45.169518,0,0,0,2,2,2,-21368.07,3793.865,32866.406,4645.7305,8420.612,9439.082,-4192.957,1541.6493,5406.439,-666.1265,46.338028,5766.258,1
144076.25,2,1,1,45.30047,2,-2,-2,0,-1,0,39180.33,56479.73,45873.066,7153.9688,8772.95,31883.666,5548.1934,2095.04,14380.153,5930.5474,34253.07,1694.5372,0
139864.45,1,3,1,44.81191,2,-2,-1,0,0,0,-12289.195,21068.273,31588.941,3569.9177,20568.402,12911.803,-2404.5032,3409.266,6432.998,-1485.6685,2122.3093,-20039.887,0
135364.22,2,1,2,26.884907,2,-2,-2,0,0,0,-19053.695,10524.064,24790.66,5415.16,21070.715,29170.855,-1053.6019,1976.0599,6523.5425,-2459.9312,23155.254,3144.8171,0
149465.16,2,2,1,45.621418,0,0,0,0,0,0,178664.55,182742.22,135200.47,180524.67,107312.96,107225.6,-2488.4968,-652.0226,12301.487,3358.084,2076.0562,1799.9581,1
153932.16,2,2,1,43.81666,0,0,0,0,0,0,69806.38,133107.33,130304.016,14119.648,14433.933,42368.156,-4175.877,4420.484,11949.34,-1458.709,18589.756,-35679.727,0
141742.95,2,2,1,44.560646,1,-2,0,0,0,0,-21572.883,97750.695,50255.35,3349.3787,34947.957,20193.469,25190.217,2321.6692,6495.427,-1660.3037,1833.0707,1256.068,1
106164.6,2,2,2,25.234415,2,0,0,0,-1,0,5906.496,122899.21,37513.26,6672.996,10006.304,5638.5547,-1374.2767,2441.6938,6692.4976,1149.2554,25.94838,5626.118,1
90232.34,1,3,2,26.379303,2,2,-1,2,-1,0,-18993.297,10809.084,12348.101,5473.1797,18367.27,6916.08,-1616.0414,3104.2656,5409.9214,-4570.5776,2647.1328,3087.425,1
112000.96,2,3,1,45.531235,0,0,0,0,0,0,-16921.477,19970.03,36189.426,5249.2695,4977.934,5725.1875,-4137.8604,3631.127,5297.8516,-2663.9023,-383.55945,6250.795,1
123577.4,2,1,2,45.122803,-2,-2,-2,2,-2,0,-18837.234,9446.529,30696.273,1289.1912,3443.356,8503.041,-4858.5127,3133.5293,5720.056,-3742.859,1522.4777,5834.6636,1
124784.62,1,1,2,44.070786,0,0,0,0,0,2,138932.14,128119.68,107114.45,75617.516,91387.87,43815.254,162.52408,-465.2301,10281.942,4575.006,2871.0156,3752.7268,0
110097.64,1,2,2,41.99474,0,0,0,0,0,0,13623.598,119752.81,61159.27,8003.535,31341.396,17444.623,14194.202,509.11853,7707.9644,-1621.5957,754.51575,4437.935,1
106991.81,2,2,2,24.349554,0,0,0,0,-1,0,-8389.766,78515.14,38057.742,4373.1562,13333.401,10240.211,-858.36896,2425.516,15298.505,4711.011,5143.579,-18387.73,0
115436.53,1,2,2,38.907124,0,0,-1,2,0,0,-19394.297,92137.875,37460.887,-1459.6799,26705.922,15077.719,-1282.9081,1040.7731,5559.411,-1981.7593,-692.64294,4226.104,1
149924.48,2,1,2,43.687496,0,0,0,0,0,0,200704.56,204846.42,140543.92,228646.34,117866.555,107288.03,-1177.7562,-2618.4294,16799.506,3560.2314,2992.4197,3068.5354,0
105665.08,1,2,1,40.37885,2,-2,0,0,0,0,-27000.445,55113.176,27569.838,2171.7732,14571.202,7138.459,8996.036,2666.8137,5805.22,-4430.985,498.7848,3818.9094,1
135741.75,2,2,1,44.81333,2,-2,-1,0,0,0,-13622.758,18402.139,28093.447,7053.0273,8788.796,5162.8203,-2688.3542,3870.0125,6350.515,2022.0847,642.71423,1477.5326,0
75583.79,2,3,1,28.661713,2,0,0,0,-1,2,2590.5315,68680.34,24704.254,14744.891,46988.375,20136.443,2817.6013,1517.7999,9645.814,-3713.9673,3267.9167,2672.491,1
105348.74,2,3,1,37.937996,2,-2,-1,0,0,0,-18118.54,10737.334,22716.328,5577.543,13953.472,7376.453,-1810.0214,3046.002,6984.6377,-1191.8779,3084.2634,4250.5195,1
129956.03,2,1,2,29.851746,0,0,-1,0,0,0,53260.848,67132.734,41942.09,8038.465,2912.4966,4063.3125,-1886.4994,2316.6873,7207.094,-1324.8779,1298.6271,7166.893,1
93770.41,2,2,2,31.059618,2,-2,-2,0,-1,0,-22388.055,-958.174,12279.007,6760.211,18578.066,5658.953,723.945,1480.414,8634.769,-3766.6948,1555.9388,3434.3904,1
111958.44,1,2,1,45.52393,0,0,0,0,0,0,26927.494,126412.875,99289.74,5994.2266,16621.215,12964.172,10499.0625,1183.6332,7923.0483,1128.1609,1284.9296,4877.0244,1
113273.55,2,2,1,24.009577,0,0,0,2,0,0,-26976.203,31275.373,34398.06,2614.945,42494.84,12936.619,-3091.1902,2058.7834,5395.1636,-3949.9956,-597.411,3941.9834,0
116954.516,1,2,2,41.63018,0,0,0,0,-1,0,-23298.516,17212.852,33294.69,4265.8594,2562.934,5852.2617,-2196.053,2072.3164,6689.755,-738.1597,-403.4535,4262.6226,1
122925.1,2,2,2,32.461945,-2,-2,-2,2,-2,0,-24277.164,27288.914,23897.287,654.73413,7066.9614,7323.871,-527.7044,3445.9355,5521.775,-4099.7134,713.24036,4272.2017,0
103972.22,2,2,2,24.672577,0,0,0,2,2,2,19291.518,118437.96,52271.367,9272.445,67395.61,32243.486,2165.0796,-1190.6149,7861.4307,-1280.0303,1789.3448,1455.0057,1
99621.805,2,2,2,42.272934,2,-2,-1,0,-1,0,-21185.516,8047.955,19257.508,6547.2344,10847.728,6073.5566,15.945472,1888.7633,6624.983,-495.0645,1231.1447,4879.4834,0
116368.48,2,2,2,25.895702,1,-2,-2,2,-2,0,-28121.125,12602.576,27015.918,-590.5237,8539.685,9641.238,-3682.2527,3087.6182,5070.8877,-5149.0015,1040.0511,4020.2268,1
104850.984,2,1,1,45.168118,0,0,0,0,-2,0,-10243.859,49128.227,32513.129,7792.133,2080.5317,4973.617,-3319.7214,4116.093,5775.1587,-2967.0044,-303.64148,6785.275,0
124374.3,1,2,1,45.55389,0,0,0,0,0,0,116337.7,145942.39,127459.14,132462.38,104026.58,93239.93,-2703.2146,-53.788704,9693.321,2774.9553,877.04553,3144.219,0
114210.914,2,3,2,45.393997,0,0,0,0,0,0,-16642.516,63855.562,49772.945,1736.3279,18456.592,18256.498,-4625.5703,3236.9094,5826.815,-2140.3809,-450.25574,6143.988,0
113554.99,2,2,1,45.518562,0,0,0,0,0,0,-11532.559,86895.19,55893.676,5328.6562,10091.538,12503.068,-3429.2937,3199.7024,6740.9526,-1733.7402,-1572.8265,6594.0015,0
130346.8,1,1,1,45.940586,0,0,0,0,0,0,44338.26,125766.234,99989.76,50988.266,75540.664,48546.4,-2146.722,1551.485,9607.999,3337.1157,1942.5853,2685.2842,0
100616.58,2,1,2,24.955109,0,-2,0,0,-1,0,9988.508,22202.316,20192.553,6549.0195,7379.692,6447.0273,288.78336,1762.5382,7036.313,1259.187,2140.5906,2693.5005,1
141799.17,2,2,1,41.648018,2,2,-1,2,0,0,179362.52,201372.08,136471.78,230525.25,116458.21,117422.86,3781.8303,-1363.6686,5751.619,2395.8574,6319.0366,-2645.3633,1
102142.88,2,3,1,41.39006,0,0,-2,2,-1,0,-13433.594,18126.404,26811.225,7756.0586,3997.4575,4711.047,-3337.5408,2749.352,5752.358,399.62128,1174.0604,4682.577,1
151915.28,2,1,1,45.602844,2,0,0,0,0,0,182269.03,166562.1,135946.1,161772.38,103750.19,102280.69,-4043.153,1810.597,10398.634,2366.215,1329.0275,2879.7688,1
133297.36,2,1,1,45.295216,1,2,2,0,0,0,152525.38,169906.31,131107.64,144070.81,104557.74,95561.23,-2734.798,335.90906,10156.086,1345.0771,2812.3184,2310.6,1
114504.36,2,3,2,39.59242,2,2,2,2,2,0,-25189.914,9864.205,46435.63,2157.1716,13742.601,9698.139,-4567.698,1888.7416,4974.064,-5872.8257,289.65002,1183.662,0
110925.31,1,2,2,24.214426,0,0,0,0,0,0,22825.69,124585.68,59833.74,4798.383,15588.687,6511.6562,-1638.5131,1514.9052,6469.255,-2139.211,45.972794,-20059.332,0
151585.06,2,2,2,44.356155,0,0,0,0,0,0,166813.77,172017.22,133802.17,115793.86,96751.055,32021.143,-2493.8225,1128.2484,9570.937,3329.9736,-1700.1898,9031.321,1
109626.19,1,2,2,42.372208,0,0,0,0,-2,0,-17132.938,49693.15,31054.898,5126.332,3336.3599,5295.617,-3249.818,3102.9055,5574.1187,-3410.6768,-543.1395,5781.508,1
112301.27,2,1,2,31.539392,2,-2,2,0,0,0,-31701.477,6143.33,17928.076,-2079.3206,16798.822,10879.914,-2071.9465,2022.1195,6455.0034,-5656.0913,1449.588,3206.632,1
134335.28,2,1,1,38.645645,-2,-2,-2,2,-2,0,-14762.375,20652.342,23659.54,6421.8633,11005.222,7539.1777,-1038.7211,3539.0664,20552.695,-191.28471,3403.3252,4048.7593,0
111075.74,1,1,1,45.30075,2,-2,-1,0,-1,0,-18440.29,19262.707,21252.537,4616.422,11501.284,6566.551,984.2966,1711.0292,12913.73,801.7487,1851.5087,5071.0854,0
126355.805,2,2,1,28.576704,0,0,0,0,0,0,78676.836,126052.05,35725.55,96499.27,100419.305,8232.865,-469.14438,2504.8376,32237.486,2382.4746,2647.6045,3139.112,0
138526.94,2,1,1,27.168436,1,-2,-1,0,0,0,-10076.484,6901.283,23438.203,11264.775,12322.306,6272.1484,-1982.4965,1758.6466,9282.017,-2272.401,3293.2913,4634.4844,0
112989.27,2,3,2,45.266323,0,0,-1,0,0,0,-18947.828,58643.88,39095.074,229.3982,13981.526,14009.35,-3489.3552,2853.059,6532.3276,-2487.9531,220.06801,6130.3047,0
115979.46,1,2,1,45.002777,0,0,0,0,0,0,72217.0,130103.71,114459.15,112994.75,107701.96,85193.43,2809.8035,-449.65393,18685.139,3156.6504,10764.146,5329.6216,0
152085.34,2,2,1,44.843445,0,0,0,0,0,0,195863.52,214514.45,155257.1,299291.5,141499.25,143121.69,9434.218,-5185.6504,18344.91,3105.7559,15650.718,-21490.162,1
139964.56,2,2,1,44.475574,2,2,0,0,2,0,168678.45,175197.12,126737.29,187935.47,106587.734,103315.766,-3943.5886,498.76648,21656.436,-3709.1099,3042.197,850.1947,1
152473.47,2,1,2,41.84588,0,-2,-2,2,-2,0,-2862.0466,46421.816,26612.082,3953.82,37320.246,5987.828,-2948.6394,3613.8352,6692.555,18412.135,2592.4937,-916.07556,0
65815.75,2,2,2,26.208788,2,-2,-1,0,0,0,12104.008,93668.44,15644.972,15259.467,58635.44,23145.8,6619.967,80.04528,9259.44,-4469.5425,3003.7148,192.01866,0
154666.86,2,1,1,45.88271,0,0,0,0,0,0,67935.94,126671.62,117793.305,84086.37,72087.055,82362.48,-3956.701,2124.1968,18992.799,2469.0417,25721.484,-20481.764,0
132639.64,1,2,1,45.95878,0,0,0,0,-2,0,6597.3555,113136.82,38911.855,11722.219,976.26624,1470.836,-1322.0887,2458.7297,6406.421,-917.9683,304.4547,7344.1685,0
106266.39,2,1,1,45.452847,0,0,0,0,2,2,45053.33,121057.06,83136.57,69134.84,88042.17,57812.293,2086.4902,-490.8927,20002.232,-2932.1035,6655.7925,4609.536,1
111198.08,2,2,1,45.418625,0,0,0,0,0,0,-6968.2617,66100.336,55182.504,3943.2302,17022.5,17708.875,-3848.6687,3670.4678,6345.949,-676.2413,-1974.2118,6762.7607,1
116906.58,2,1,2,30.990067,2,-2,-1,0,-1,0,-3138.1794,46346.61,51378.203,12740.781,23145.516,6440.0645,16358.431,-1124.1149,23806.611,-3513.9082,4101.8936,2737.1204,1
131185.12,1,3,1,45.916344,0,0,0,0,0,0,142616.31,148626.05,122443.72,113219.984,96131.54,59648.92,-1586.622,574.6786,9302.1045,2666.906,2615.337,5114.84,1
98731.97,2,2,1,24.96967,0,0,0,0,0,2,81718.78,124149.29,83111.586,48815.43,101629.45,33682.297,6375.1772,-696.99036,20716.754,1161.5913,3749.5566,1992.1063,0
106496.375,2,1,1,41.287296,0,0,0,0,0,0,482.54703,111209.664,63581.51,14777.117,42152.004,27273.39,-2590.7122,2827.0896,7443.585,-598.1783,856.8771,1897.2225,0
148258.4,1,1,1,32.753056,2,0,0,0,0,0,-11779.469,59235.496,38965.664,2066.1248,2486.2544,5624.5977,-3321.2546,3559.099,5800.2905,744.12396,314.58582,6670.027,0
147893.39,2,2,1,38.367596,0,0,0,0,0,0,162591.56,167326.06,132998.36,173986.19,104672.7,104254.32,-1678.3505,928.5238,14066.3955,4126.0327,3444.7114,620.09094,0
138773.42,2,3,1,42.67067,2,2,0,0,0,2,127497.97,140199.28,112597.14,126452.74,106249.266,88767.86,-982.6053,1446.1569,14559.539,3416.9294,5666.3867,1282.0968,1
96352.5,2,2,2,24.77066,2,-2,-1,0,-1,0,-24527.273,4289.541,18940.752,5814.8594,15910.351,16852.346,2527.1443,897.28845,6187.0776,-3191.8237,14050.346,3437.8315,0
141087.73,2,2,2,45.474518,0,0,0,0,0,0,166565.72,171751.52,130177.4,166208.55,110137.21,104859.61,-1057.7509,-1684.7999,12567.091,3614.3247,4254.7427,1467.7301,0
92921.13,2,1,2,25.125254,2,-2,-2,0,0,0,-24589.102,3898.1697,19184.672,3510.6287,23139.678,19572.05,-2133.6096,1654.7067,10647.606,-4141.9097,12175.653,1596.1879,0
140563.66,1,3,2,45.152287,2,-2,-1,0,0,0,-7491.4688,20881.1,21712.22,6632.586,7720.4966,6433.8066,-2724.5134,2422.1526,6346.1123,-2369.6538,2855.6108,3828.9614,0
126143.86,2,2,1,45.520275,0,0,0,0,0,0,55101.062,128953.695,49771.723,5780.4688,14841.437,13574.316,-2035.2142,2380.482,6634.0615,-614.32574,-884.6981,6598.9385,0
100807.96,2,3,1,45.466106,1,-2,-1,0,-2,0,-16441.867,14820.404,23778.082,4722.551,8707.642,5838.6055,-2594.6003,3323.7595,5648.8135,-3841.602,2236.777,4593.2935,0
103520.5,1,2,2,44.631615,0,2,-1,2,0,0,-17549.438,79347.37,27027.068,1846.2068,42378.305,21178.156,2935.571,758.64197,8826.294,-4628.099,527.15,3207.427,1
114546.81,2,1,2,24.421656,0,0,0,0,0,0,113823.98,126105.305,106876.086,5895.1445,10720.628,11116.738,-1013.284,830.8871,6666.724,-1105.3711,8909.836,4131.44,0
125240.21,1,3,1,43.34306,0,0,0,2,2,2,-10293.801,67434.266,37377.223,5144.6562,31177.934,18368.393,-1739.2655,1801.205,5865.617,-52.052296,1506.8224,3836.0728,1
123714.43,2,2,2,44.845306,2,2,0,0,0,0,125647.05,135784.03,112701.94,88093.47,91860.516,74959.26,-4581.9834,2572.2793,7836.1763,1206.1033,829.6317,2770.8936,1
90143.516,2,3,2,32.458637,2,2,-1,0,-1,0,-10707.465,12708.311,16775.902,6696.5273,13153.421,5284.254,-1986.8885,2710.0833,8793.861,-3553.3784,2537.4414,3818.7886,0
131541.64,1,2,1,45.075985,0,0,0,0,0,0,-18000.531,15674.627,37105.996,5889.6016,4023.0747,7360.6445,-3610.701,3096.0654,6461.792,-263.16412,-427.78943,5847.7407,1
110107.42,1,2,2,24.362661,0,0,-2,0,0,0,-22057.914,19768.086,26524.838,6136.8047,14794.144,7897.994,31.518715,2025.1102,10477.13,1866.0613,652.9542,-1683.9935,1
138524.22,2,1,1,44.674377,2,-2,0,0,-1,0,-9907.1875,107307.83,21711.115,8708.422,10311.444,4444.375,34128.402,1195.7235,16894.121,-1807.5703,4596.6323,4835.7275,0
143008.55,2,2,1,44.79987,0,0,-2,2,-2,0,-6372.7695,21710.475,36461.742,8002.176,-2414.5269,3829.8633,-3965.0994,4356.0527,6288.489,-1703.8413,-1562.1053,7621.482,0
139631.64,1,1,1,45.83647,2,-2,-1,0,-1,0,-3377.9841,18480.518,18076.205,11206.445,4609.063,3904.2852,-2154.1882,832.81433,7286.6367,779.21136,2703.5935,5858.103,1
104338.95,1,2,2,24.557608,2,0,-2,0,-1,0,-23342.555,1500.8729,17217.111,7697.246,21757.822,8909.195,-716.44415,1298.205,6283.2017,2517.5894,1363.7367,3271.3174,1
116402.89,2,1,2,38.449238,2,0,0,0,0,0,-21705.953,60052.02,46802.598,-51.742424,13929.753,17668.916,-5421.7285,4846.151,5181.0815,-3595.1748,-1092.3568,4525.3184,1
131344.06,1,1,2,33.76049,1,-2,-2,0,-1,0,-16585.71,896.8299,19549.219,8311.055,8643.423,4811.7383,-1644.9681,611.73425,7807.3896,-1565.877,2507.8997,5357.98,0
139326.89,1,2,1,45.727604,0,0,0,0,0,0,83476.09,133887.66,87369.44,25725.693,62687.254,37539.39,-1541.035,1378.2289,8008.208,1257.2751,557.7457,5494.9204,1
111295.555,2,1,2,44.773922,2,-2,-2,0,-2,0,-16011.133,13531.615,21059.217,3510.32,9268.009,6960.4062,-2735.4846,3184.716,5614.9077,-4675.306,1661.6088,4604.945,1
137040.48,2,2,1,42.670315,2,-2,-2,0,0,0,-19645.695,17427.533,27301.215,5991.7734,20980.242,11963.859,35.845863,2826.9773,19781.742,1395.1553,3581.888,3977.2297,1
111229.66,1,2,1,45.264465,2,0,-2,0,0,0,-22034.14,9720.65,52436.574,4956.793,18953.076,14674.574,-3718.9363,1749.9017,12758.535,935.2182,-312.23376,5479.034,0
104725.0,1,2,2,37.94524,2,2,-2,0,-1,0,-28096.04,1423.5175,18844.852,1296.4451,11026.894,9666.217,-3676.0085,2237.954,12078.823,-3981.1982,3465.1106,-949.1908,0
115482.34,2,1,2,32.318813,2,-2,-2,0,-2,0,-17566.836,14637.271,17021.096,5044.3516,12942.188,7173.4785,-719.04474,2877.2368,5819.6685,-4829.1147,2407.947,3865.3667,0
118011.37,1,2,1,40.970943,0,0,0,2,0,0,-30518.61,17763.238,34601.91,-68.20336,14737.489,12606.293,-4884.159,2355.7493,5125.8447,-2910.0093,-1328.5067,5029.9185,1
109674.81,2,2,2,33.826492,2,-2,-1,0,-1,0,-17500.836,12964.463,18762.488,7099.742,12254.872,6689.5664,470.20767,1816.9274,10197.576,3321.334,2509.7026,1948.0406,0
125883.16,2,1,2,29.736546,2,2,-1,0,-1,0,-20555.93,12742.408,17943.406,3072.195,12744.153,6374.7383,-2387.319,2646.4497,8166.8716,-4154.984,2174.566,4106.8843,1
100500.31,2,3,1,45.73426,2,-2,-1,0,-1,0,-9177.246,20093.125,19114.787,9665.645,8863.776,6067.957,-1716.5785,3262.5637,6982.2046,2954.3228,2434.3333,5401.525,0
112513.97,1,2,2,24.739185,0,-2,-2,0,0,0,-25036.766,-1550.338,11154.151,6101.7695,28945.543,7440.408,2279.5686,-109.864876,14049.779,-3900.9634,2018.8622,2963.1812,0
125497.38,1,1,2,44.853893,2,0,0,0,0,0,121186.41,153402.22,104832.25,45346.996,43539.305,15970.143,-3655.8406,2701.1936,6459.938,703.92865,1714.681,5176.5317,1
105306.33,2,1,2,42.665184,1,-2,-2,0,-1,0,-20299.82,4339.1074,24718.783,5156.0938,7041.8833,7982.6816,-3259.0007,1668.4718,10544.571,1159.9238,3171.4548,5444.1216,1
113285.52,1,2,1,44.50411,0,0,0,0,0,0,-22592.008,24638.973,36121.87,4897.1953,7044.5786,8414.611,-3432.367,3006.986,7799.269,-3056.21,-866.8109,4833.2686,0
136544.8,1,1,1,44.99489,2,-2,-2,0,0,0,-22890.125,33076.586,33056.094,1292.2927,26377.498,19540.752,1154.0192,2500.7808,23853.701,-4498.438,12891.835,-21672.064,0
129088.82,1,2,1,31.743263,0,0,0,0,0,0,-4704.379,91504.6,48208.395,8639.266,36205.68,19833.445,-797.7557,1859.3885,7513.3315,-146.44682,1258.2858,4943.892,1
120431.6,1,2,1,44.9484,2,-2,-1,0,-1,0,-25170.219,873.62286,22797.477,1270.7302,9377.364,7571.8965,-2213.0955,1503.6566,6195.8003,-2618.6846,101.2057,5766.533,1
118447.336,1,3,2,37.419846,0,0,-1,2,2,0,-30422.078,14841.619,23691.557,-1445.258,17549.61,15180.535,-4121.124,1993.5587,9668.862,-5134.0425,662.4479,1170.5385,1
137316.98,1,1,2,30.605305,2,-2,-2,0,0,0,-23366.508,15030.322,31502.125,-862.55884,11720.913,9235.279,-3076.0642,2686.4504,18108.662,-4824.724,735.91345,-26082.441,0
112072.08,1,2,2,44.026756,0,0,0,0,0,0,159765.94,131023.49,114956.95,138892.42,125977.04,88363.13,-1548.0829,-10145.756,41412.324,2630.157,7417.2515,-838.2025,0
98508.62,2,2,2,24.698648,2,0,0,0,-1,2,-19428.055,9170.369,23534.096,8731.172,23481.45,10338.617,340.89664,1460.4852,7391.4424,-4160.886,1633.9681,3656.0728,1
98993.484,2,1,2,26.106833,2,-2,-2,0,-1,0,-19838.625,27274.422,14672.573,5206.8203,21231.936,8306.076,6895.2803,1248.9415,6944.3604,2823.14,2591.0298,3883.4705,0
124388.195,2,1,2,25.382954,1,-2,-1,0,-1,0,-16967.297,4779.5684,21188.459,7040.4375,9381.827,6152.285,-2029.3583,1448.5673,7457.125,-2286.3408,2584.4346,936.85266,0
145403.72,2,1,2,27.778522,0,0,0,0,-1,0,-5874.461,33776.086,28125.846,9156.152,4595.9263,5606.2656,-2740.304,2561.1995,14147.367,5319.497,2502.117,2891.4722,0
122736.445,2,1,2,25.496098,-2,-2,-2,2,-2,0,-22343.086,18089.105,27357.709,2301.8865,27881.201,22575.533,-2001.8334,3309.051,6148.0205,15024.573,16792.203,-602.099,0
112617.61,2,3,2,43.746643,0,0,0,0,0,0,-17717.227,83514.35,51697.613,1007.5388,21772.186,19820.275,-3854.9285,3913.757,6041.62,-1749.4595,274.74158,-5076.1943,1
90891.2,2,2,2,24.529852,2,-2,-2,2,-2,0,-26124.79,4917.381,17735.836,2626.7224,16314.907,7459.1816,-2641.5662,3105.194,5067.273,-5296.0054,970.6063,3252.9358,1
141202.89,2,2,1,45.181305,-2,-2,-2,2,-2,0,-16167.359,23293.125,28148.04,4569.6875,6443.36,5777.426,-567.88947,3472.4814,18646.512,-55.31255,1718.1893,4404.8164,0
100301.54,2,2,1,45.65736,0,-2,-1,0,-1,0,-9563.0625,5118.955,21844.377,9536.023,4384.696,4741.051,-1010.47736,1538.7958,9378.599,1670.4219,868.4735,6388.7793,1
102197.07,2,2,1,27.257141,0,2,2,2,0,0,49646.75,126416.82,94139.71,43073.746,93915.93,96027.64,2731.3357,473.76013,6245.5337,-189.48589,1426.8241,-3572.1025,1
143201.7,2,1,2,29.477465,1,-2,-1,0,0,0,-8351.602,11210.49,102999.53,63333.492,72718.83,4025.586,-3340.531,-132.76186,8417.244,2047.7566,1621.2894,-2792.8994,0
142611.06,2,2,1,24.358171,0,0,0,0,0,0,155098.88,162038.06,118480.6,5092.961,27394.06,37146.137,35875.14,-1204.9537,8789.194,-430.55035,35792.133,1253.1166,0
127009.66,1,2,1,45.597797,0,0,0,0,0,0,136454.7,152472.69,124873.945,29981.158,42842.938,4833.6133,-899.9139,1502.2408,7548.1523,-413.4229,-164.23326,7398.72,1
145005.52,2,2,1,44.38484,0,0,0,0,0,0,174609.11,179257.83,126142.45,126953.02,105214.266,92356.22,-1132.6927,-1080.5797,10185.033,3622.9082,2568.8992,7981.18,1
109845.61,2,2,1,45.465336,0,0,0,0,0,0,-11831.664,74264.266,38282.97,7994.2773,13550.323,10997.178,-2016.972,2321.005,6501.956,-1748.7212,363.9879,5703.6206,0
142418.55,2,2,1,25.20878,0,0,0,2,0,0,-19269.094,63125.477,40578.523,2428.5935,16883.232,17153.31,-2627.4197,2738.0332,5394.741,2223.3398,2373.966,4294.673,0
133599.69,2,2,1,30.229485,0,0,0,2,-2,0,-12405.891,55494.18,34973.98,5983.5703,1036.6686,5222.1914,-3826.1208,4319.0757,5484.273,-3030.3423,-654.536,6736.909,0
131230.31,2,3,1,44.548252,2,0,0,0,0,0,131344.47,151745.03,119619.96,121442.22,103872.164,85846.97,-1800.1312,1603.5033,8901.179,959.90936,3258.242,1534.9725,0
117785.484,2,1,1,30.958712,0,0,-2,0,0,0,33107.004,62399.953,34307.17,11717.33,25125.465,5549.2656,-2292.8767,2319.9753,7493.3994,13329.301,2076.3813,5944.274,0
99330.39,2,2,2,24.496925,2,-2,-2,0,0,0,-26402.562,1647.9901,18246.355,4707.5273,19343.215,7877.3594,-1316.663,2125.518,6031.9707,-4832.101,1390.2255,2953.9114,1
130932.6,2,3,1,45.501377,1,-2,-2,2,-2,0,-10347.691,18246.455,30445.5,5072.9805,3345.2466,5885.0664,-3839.2996,3865.0947,5417.668,-2903.8755,1420.3265,5652.269,1
96280.99,2,3,2,43.612923,-2,-2,-2,2,-2,0,-18780.383,16626.508,23033.646,3718.402,9868.474,6606.2227,-3137.4812,3969.349,5017.12,-4475.44,1352.497,4023.1428,0
108958.68,1,3,1,44.208675,0,0,0,0,0,0,-14573.875,37862.824,33292.16,5539.8945,8649.044,9535.844,-2795.6853,3215.5605,6076.8306,-824.83307,1993.4127,5420.36,0
110921.22,2,2,2,45.342766,0,0,0,0,-1,0,20947.203,119335.18,113712.664,9258.16,6629.0903,5118.8945,-45.10238,656.29285,21353.568,-173.85112,1720.0072,6321.883,0
151561.25,2,1,2,31.878433,0,-2,-2,2,-1,0,-6374.1953,36935.41,21120.863,4823.375,28847.49,5931.5234,-4089.1375,1463.1134,8153.5815,15815.926,1774.7333,3395.8567,1
84705.664,2,2,1,45.221134,1,-2,-1,2,0,0,35069.473,118013.26,63489.72,23804.629,70035.516,36140.44,5744.192,325.7528,7865.7754,-3898.856,2977.665,3131.2104,0
118551.25,1,2,2,32.49725,2,-2,-1,0,-1,0,-22413.883,-100.088066,15301.876,5679.59,13164.392,5489.3594,-386.3846,950.6395,6824.361,-2589.2588,1745.7904,4224.928,0
117035.66,1,2,1,45.671482,0,0,0,0,-1,0,-10742.66,61505.188,40494.254,5188.3516,201.23108,3238.5078,-2059.0457,3201.9958,8605.396,4293.9287,-1911.537,3633.25,0
109953.82,1,1,2,40.115253,0,0,0,0,0,0,46627.11,145002.73,71536.98,5775.008,29358.35,10133.643,-2343.1292,910.557,7022.5845,-1490.1079,882.0851,5588.387,1
104100.54,1,2,2,24.937582,1,2,-1,2,0,0,25155.451,116410.99,55968.75,2934.7458,58057.785,24609.672,2364.6135,-343.0797,6601.271,-3033.1084,1755.0321,-634.9032,1
137301.94,2,1,1,44.44326,2,-2,-2,0,0,0,-22572.5,10886.482,34233.51,966.75757,9692.175,7575.125,-4585.6465,4031.5483,14695.015,-4585.402,127.31508,-22447.537,0
98729.29,1,3,2,24.473396,2,0,0,0,0,0,11780.125,121021.42,50025.223,5814.2695,18472.695,8573.139,-1198.3475,2266.9058,6052.0264,-4263.187,2299.0742,1860.5162,1
128955.29,1,3,2,42.562084,-2,-2,-2,2,-2,0,-1346.0428,20600.924,31670.568,-1025.8284,655.7311,6077.3594,-5363.5605,4876.544,4629.0625,-4133.735,-368.42957,-24756.248,1
102024.305,1,2,1,43.975307,0,2,0,0,2,0,-1287.9882,110180.81,44188.992,10140.566,41961.336,24888.408,-1796.0536,2448.7659,8438.737,-3154.018,789.3771,3994.5864,1
145375.83,1,2,2,42.595173,0,0,-1,0,0,0,176532.36,187471.92,135695.53,207336.2,116149.46,113978.734,14027.449,-2876.2004,14335.207,4450.623,5553.1567,-1281.4193,0
116958.62,2,1,2,40.109856,2,-2,-2,2,-2,0,-17806.797,14041.893,30993.512,2415.3591,7298.2153,7240.6367,-4092.3992,3279.5435,5298.6895,-4835.565,1178.3859,4796.145,1
112953.74,1,1,2,32.01781,0,0,0,0,0,0,-21872.023,16101.33,31327.797,4379.336,11543.38,7956.5664,-4027.029,2200.68,6139.643,-2527.4346,159.3976,5538.319,0
130658.05,2,1,2,40.713356,2,2,-2,0,2,0,-25761.203,4575.2754,29485.93,1779.4138,4149.469,22733.104,-5100.1475,2611.3035,5764.135,-4802.4116,14876.498,3053.9116,1
145124.94,1,2,1,43.57925,0,0,0,0,0,0,194284.02,199430.61,135673.48,218955.11,115791.81,109693.54,-386.72006,-2652.903,15894.932,4013.2756,5755.262,1557.3815,1
141440.97,2,1,1,44.8642,2,-2,-2,2,-2,0,-12039.484,36981.758,24321.354,5143.918,5257.1606,6659.076,-1513.1698,4123.468,7840.8257,-4266.1245,2224.9788,5360.0713,1
108223.195,1,1,2,34.599354,2,-2,-2,0,-1,0,-17181.61,6461.2363,16333.532,5757.8906,15712.575,1892.2579,-1665.1068,1643.8258,7672.813,3546.6802,2417.6648,4774.0073,0
152025.84,2,2,2,41.86133,0,0,0,0,0,0,191937.3,208344.6,146827.89,249008.03,131412.77,133351.02,995.17474,-3862.3323,16693.707,3509.0405,8958.648,-15495.05,0
114907.0,1,3,2,44.35341,0,0,0,0,0,0,-20265.219,50421.42,54760.715,1991.9802,7673.864,6680.164,-3994.6843,2761.495,6270.741,-2787.7402,145.92982,6258.7607,1
